Model,Params,Threads,Recall,RR@10,IndexSec,LoadSec,ConvertSec,SearchSecMedian,SearchSecRuns,AmortizedUsPerQuery,QPS,LatencyUsSingleThread,PeakRSSGB,IndexBytes,NumQueries,K,ResultsOrdered,Host,JobID
GrassRMA,M=32 efC=800 ef=20,128,0.7926466820394569,0.8908531898539584,59190.17046835198,64.1045185480034,0.0,0.06527035706676543,0.065270;0.065039;0.065439,16.72312504913283,59797.43600923768,,212.74180221557617,0,3903,10,True,nid004570,58078625
GrassRMA,M=32 efC=200 ef=50,128,0.8041250320266462,0.8834230079426082,12816.414137449,63.43645385898708,0.0,0.08437042500008829,0.083618;0.084370;0.084398,21.616813989261665,46260.28611324307,,212.74952697753906,0,3903,10,True,nid004415,57882476
GrassRMA,M=32 efC=1600 ef=20,128,0.8080963361516782,0.9059697668460159,100163.20122159604,66.00901873997645,0.0,0.058457285980693996,0.054890;0.058457;0.063542,14.977526513116576,66766.69870183502,,212.76972579956055,0,3903,10,True,nid004604,58078626
GrassRMA,M=32 efC=200 ef=100,128,0.8638995644376121,0.9269792467332821,12816.414137449,63.43645385898708,0.0,0.13012139200873207,0.130121;0.131298;0.129848,33.33881424768949,29995.067988037517,,212.74952697753906,0,3903,10,True,nid004415,57882476
GrassRMA,M=32 efC=800 ef=50,128,0.900743018191135,0.9505508583141173,59190.17046835198,64.1045185480034,0.0,0.11120081495027989,0.111201;0.110767;0.111272,28.491113233481908,35098.663636099336,,212.74180221557617,0,3903,10,True,nid004570,58078625
GrassRMA,M=32 efC=200 ef=200,128,0.9083269280040994,0.9605431719190366,12816.414137449,63.43645385898708,0.0,0.21761956300179008,0.216571;0.217620;0.218076,55.75699795075329,17934.9684658998,,212.74952697753906,0,3903,10,True,nid004415,57882476
GrassRMA,M=32 efC=1600 ef=50,128,0.9101204201895977,0.9554189085318986,100163.20122159604,66.00901873997645,0.0,0.09595402597915381,0.095431;0.097483;0.095954,24.584685108673792,40675.72944618222,,212.76972579956055,0,3903,10,True,nid004604,58078626
GrassRMA,M=32 efC=200 ef=400,128,0.9356904944914168,0.9807840122982321,12816.414137449,63.43645385898708,0.0,0.3834719709993806,0.385082;0.383472;0.382700,98.25056904929043,10178.058098557363,,212.74952697753906,0,3903,10,True,nid004415,57882476
GrassRMA,M=32 efC=800 ef=100,128,0.9404560594414553,0.9723289777094543,59190.17046835198,64.1045185480034,0.0,0.18237172695808113,0.182372;0.181229;0.182509,46.72603816502207,21401.343646305002,,212.74180221557617,0,3903,10,True,nid004570,58078625
GrassRMA,M=32 efC=1600 ef=100,128,0.948424289008455,0.975915962080451,100163.20122159604,66.00901873997645,0.0,0.15479071903973818,0.154791;0.154412;0.157808,39.659420712205524,25214.690029303463,,212.76972579956055,0,3903,10,True,nid004604,58078626
GrassRMA,M=32 efC=200 ef=800,128,0.9529848834230079,0.9915449654112222,12816.414137449,63.43645385898708,0.0,0.7011338320007781,0.701134;0.701081;0.703423,179.6397212402711,5566.6975716494435,,212.74952697753906,0,3903,10,True,nid004415,57882476
GrassRMA,M=32 efC=800 ef=200,128,0.9612349474763002,0.9846272098385856,59190.17046835198,64.1045185480034,0.0,0.3168082209303975,0.320593;0.316808;0.313356,81.1704383628997,12319.756061057158,,212.74180221557617,0,3903,10,True,nid004570,58078625
GrassRMA,M=32 efC=200 ef=1600,128,0.9640789136561619,0.9969254419677172,12816.414137449,63.43645385898708,0.0,1.329730337994988,1.330954;1.323512;1.329730,340.6944242877243,2935.181584173731,,212.74952697753906,0,3903,10,True,nid004415,57882476
GrassRMA,M=32 efC=1600 ef=200,128,0.9704842428900845,0.9897514732257238,100163.20122159604,66.00901873997645,0.0,0.27384268096648157,0.274388;0.273843;0.272160,70.16210119561403,14252.70884080239,,212.76972579956055,0,3903,10,True,nid004604,58078626
GrassRMA,M=32 efC=200 ef=3200,128,0.9712016397642839,0.9984627209838586,12816.414137449,63.43645385898708,0.0,2.556419802000164,2.556420;2.554932;2.570696,654.9884196772134,1526.7445499155735,,212.74952697753906,0,3903,10,True,nid004415,57882476
GrassRMA,M=32 efC=800 ef=400,128,0.9753779144248015,0.9935946707660773,59190.17046835198,64.1045185480034,0.0,0.5747810950269923,0.577438;0.572126;0.574781,147.26648604329804,6790.411225714915,,212.74180221557617,0,3903,10,True,nid004570,58078625
GrassRMA,M=32 efC=1600 ef=400,128,0.9803484499103254,0.9941070971047912,100163.20122159604,66.00901873997645,0.0,0.4949702479643747,0.494970;0.495639;0.493838,126.81789596832556,7885.322433119085,,212.76972579956055,0,3903,10,True,nid004604,58078626
GrassRMA,M=32 efC=800 ef=800,128,0.9816807583909813,0.9969254419677172,59190.17046835198,64.1045185480034,0.0,1.077026684070006,1.077027;1.073511;1.077978,275.94842020753424,3623.865645789615,,212.74180221557617,0,3903,10,True,nid004570,58078625
GrassRMA,M=32 efC=1600 ef=800,128,0.9848065590571355,0.9966692287983603,100163.20122159604,66.00901873997645,0.0,0.9243040470173582,0.923428;0.925871;0.924304,236.81886933573102,4222.636493472696,,212.76972579956055,0,3903,10,True,nid004604,58078626
GrassRMA,M=32 efC=800 ef=1600,128,0.9866256725595696,0.9992313604919293,59190.17046835198,64.1045185480034,0.0,2.0738405419979244,2.071223;2.073841;2.074455,531.3452580061297,1882.0154785091988,,212.74180221557617,0,3903,10,True,nid004570,58078625
GrassRMA,M=32 efC=800 ef=3200,128,0.9883423007942608,0.9997437868306431,59190.17046835198,64.1045185480034,0.0,4.035810560919344,4.035811;4.037799;4.031995,1034.0278147372135,967.0919734921624,,212.74180221557617,0,3903,10,True,nid004570,58078625
GrassRMA,M=32 efC=800 ef=6400,128,0.9895208813733026,1.0,59190.17046835198,64.1045185480034,0.0,7.954804933979176,7.954805;7.961453;7.872505,2038.1257837507496,490.64685210924836,,212.74180221557617,0,3903,10,True,nid004570,58078625
GrassRMA,M=32 efC=1600 ef=1600,128,0.9897770945426595,0.9997437868306431,100163.20122159604,66.00901873997645,0.0,1.7667819369817153,1.766626;1.767041;1.766782,452.6727996366168,2209.1011450273804,,212.76972579956055,0,3903,10,True,nid004604,58078626
GrassRMA,M=32 efC=1600 ef=3200,128,0.9908019472200871,1.0,100163.20122159604,66.00901873997645,0.0,3.4105680290376768,3.410568;3.410030;3.412845,873.8324440270758,1144.3841514873016,,212.76972579956055,0,3903,10,True,nid004604,58078626
GrassRMA,M=32 efC=1600 ef=6400,128,0.9916474506789649,1.0,100163.20122159604,66.00901873997645,0.0,6.6432762880576774,6.643276;6.649872;6.639022,1702.0948726768327,587.511316820625,,212.76972579956055,0,3903,10,True,nid004604,58078626
SEISMIC,n_postings=6000 summary_energy=0.8 centroid_fraction=0.4 max_fraction=6.0 doc_cut=15 nknn=0 n_knn=0 sorted=True query_cut=1 heap_factor=1.0,128,0.5911862669741225,0.7732513451191392,851.830828395905,35.93612923100591,459.747775292024,0.045500685926526785,0.046484;0.040379;0.045501,11.657874949148548,85778.92663645673,,164.93475723266602,0,3903,10,False,nid006209,57872856
SEISMIC,n_postings=6000 summary_energy=0.8 centroid_fraction=0.4 max_fraction=6.0 doc_cut=15 nknn=0 n_knn=0 sorted=False query_cut=1 heap_factor=1.0,128,0.6011785805790417,0.7732513451191392,851.830828395905,35.93612923100591,459.747775292024,0.05699852015823126,0.057880;0.049426;0.056999,14.603771498393865,68475.461979803,,164.93475723266602,0,3903,10,False,nid006209,57872856
SEISMIC,n_postings=24000 summary_energy=0.6 centroid_fraction=0.4 max_fraction=6.0 doc_cut=15 nknn=0 n_knn=0 sorted=True query_cut=1 heap_factor=1.0,128,0.6665898027158595,0.9333845759672047,3354.467744941998,69.85028728697216,0.0,0.053875482990406454,0.053875;0.047941;0.054272,13.80360824760606,72444.82616879746,,164.89386749267578,0,3903,10,True,nid005367,58078630
SEISMIC,n_postings=6000 summary_energy=0.8 centroid_fraction=0.4 max_fraction=6.0 doc_cut=15 nknn=0 n_knn=0 sorted=True query_cut=2 heap_factor=1.0,128,0.6747630028183449,0.8529336407891366,851.830828395905,35.93612923100591,459.747775292024,0.047197549836710095,0.054409;0.046252;0.047198,12.092633829543965,82694.97068180983,,164.93475723266602,0,3903,10,False,nid006209,57872856
SEISMIC,n_postings=6000 summary_energy=0.8 centroid_fraction=0.4 max_fraction=6.0 doc_cut=15 nknn=0 n_knn=0 sorted=False query_cut=2 heap_factor=1.0,128,0.6826799897514733,0.8529336407891366,851.830828395905,35.93612923100591,459.747775292024,0.054744366789236665,0.054744;0.058603;0.053702,14.026227719507215,71295.00675432732,,164.93475723266602,0,3903,10,False,nid006209,57872856
SEISMIC,n_postings=6000 summary_energy=0.8 centroid_fraction=0.4 max_fraction=6.0 doc_cut=15 nknn=0 n_knn=0 sorted=True query_cut=3 heap_factor=1.0,128,0.6985908275685371,0.8770176787086856,851.830828395905,35.93612923100591,459.747775292024,0.04987495206296444,0.048279;0.054485;0.049875,12.778619539575823,78255.714312721,,164.93475723266602,0,3903,10,True,nid006209,57872856
SEISMIC,n_postings=6000 summary_energy=0.8 centroid_fraction=0.4 max_fraction=6.0 doc_cut=15 nknn=0 n_knn=0 sorted=False query_cut=3 heap_factor=1.0,128,0.7064309505508584,0.8770176787086856,851.830828395905,35.93612923100591,459.747775292024,0.05778667493723333,0.057787;0.055268;0.061399,14.805707132265777,67541.52240528386,,164.93475723266602,0,3903,10,True,nid006209,57872856
SEISMIC,n_postings=6000 summary_energy=0.8 centroid_fraction=0.4 max_fraction=6.0 doc_cut=15 nknn=0 n_knn=0 sorted=True query_cut=5 heap_factor=1.0,128,0.7079169869331283,0.8859851396361773,851.830828395905,35.93612923100591,459.747775292024,0.05364526901394129,0.051292;0.053645;0.060816,13.744624395065665,72755.71679928926,,164.93475723266602,0,3903,10,True,nid006209,57872856
SEISMIC,n_postings=12000 summary_energy=0.8 centroid_fraction=0.4 max_fraction=6.0 doc_cut=15 nknn=0 n_knn=0 sorted=True query_cut=1 heap_factor=1.0,128,0.7143479374839867,0.8731744811683321,1454.1825505589368,67.69066725997254,0.0,0.04988643096294254,0.051920;0.045684;0.049886,12.781560584919944,78237.707622325,,164.8934669494629,0,3903,10,False,nid005840,57897537
SEISMIC,n_postings=6000 summary_energy=0.8 centroid_fraction=0.4 max_fraction=6.0 doc_cut=15 nknn=0 n_knn=0 sorted=True query_cut=3 heap_factor=0.9,128,0.7143479374839867,0.8770176787086856,851.830828395905,35.93612923100591,459.747775292024,0.06700328388251364,0.067003;0.062491;0.069159,17.167123720859248,58250.876283074176,,164.93475723266602,0,3903,10,True,nid006209,57872856
SEISMIC,n_postings=6000 summary_energy=0.8 centroid_fraction=0.4 max_fraction=6.0 doc_cut=15 nknn=0 n_knn=0 sorted=False query_cut=3 heap_factor=0.9,128,0.7144504227517294,0.8770176787086856,851.830828395905,35.93612923100591,459.747775292024,0.08128833188675344,0.081288;0.075982;0.082398,20.827141144441057,48014.27104492009,,164.93475723266602,0,3903,10,True,nid006209,57872856
SEISMIC,n_postings=24000 summary_energy=0.6 centroid_fraction=0.4 max_fraction=6.0 doc_cut=15 nknn=0 n_knn=0 sorted=False query_cut=1 heap_factor=1.0,128,0.7154496541122214,0.9331283627978478,3354.467744941998,69.85028728697216,0.0,0.06061995099298656,0.062689;0.052810;0.060620,15.531629770173344,64384.74357149445,,164.89386749267578,0,3903,10,True,nid005367,58078630
SEISMIC,n_postings=6000 summary_energy=0.8 centroid_fraction=0.4 max_fraction=6.0 doc_cut=15 nknn=0 n_knn=0 sorted=False query_cut=5 heap_factor=1.0,128,0.7157058672815783,0.8859851396361773,851.830828395905,35.93612923100591,459.747775292024,0.06570849800482392,0.066193;0.059860;0.065708,16.835382527497803,59398.7097333052,,164.93475723266602,0,3903,10,True,nid006209,57872856
SEISMIC,n_postings=6000 summary_energy=0.8 centroid_fraction=0.4 max_fraction=6.0 doc_cut=15 nknn=0 n_knn=0 sorted=True query_cut=4 heap_factor=0.9,128,0.720778888034845,0.8821419420958238,851.830828395905,35.93612923100591,459.747775292024,0.0651777209714055,0.070079;0.064023;0.065178,16.699390461543814,59882.425188083944,,164.93475723266602,0,3903,10,True,nid006209,57872856
SEISMIC,n_postings=6000 summary_energy=0.8 centroid_fraction=0.4 max_fraction=6.0 doc_cut=15 nknn=0 n_knn=0 sorted=False query_cut=4 heap_factor=0.9,128,0.7208813733025877,0.8821419420958238,851.830828395905,35.93612923100591,459.747775292024,0.07816399517469108,0.076814;0.082865;0.078164,20.026644933305427,49933.476292723615,,164.93475723266602,0,3903,10,True,nid006209,57872856
SEISMIC,n_postings=6000 summary_energy=0.8 centroid_fraction=0.4 max_fraction=6.0 doc_cut=15 nknn=0 n_knn=0 sorted=True query_cut=5 heap_factor=0.9,128,0.7235972328977709,0.8859851396361773,851.830828395905,35.93612923100591,459.747775292024,0.06806945684365928,0.065577;0.071532;0.068069,17.44029127431701,57338.4919019457,,164.93475723266602,0,3903,10,True,nid006209,57872856
SEISMIC,n_postings=6000 summary_energy=0.8 centroid_fraction=0.4 max_fraction=6.0 doc_cut=15 nknn=0 n_knn=0 sorted=False query_cut=5 heap_factor=0.9,128,0.7236997181655137,0.8859851396361773,851.830828395905,35.93612923100591,459.747775292024,0.08090149308554828,0.080901;0.085493;0.078066,20.728027949154058,48243.85621502462,,164.93475723266602,0,3903,10,True,nid006209,57872856
SEISMIC,n_postings=6000 summary_energy=0.8 centroid_fraction=0.4 max_fraction=6.0 doc_cut=15 nknn=0 n_knn=0 sorted=True query_cut=6 heap_factor=0.9,128,0.7251345119139124,0.886753779144248,851.830828395905,35.93612923100591,459.747775292024,0.0671788640320301,0.072741;0.067179;0.066195,17.21210966744302,58098.63051776366,,164.93475723266602,0,3903,10,True,nid006209,57872856
SEISMIC,n_postings=6000 summary_energy=0.8 centroid_fraction=0.4 max_fraction=6.0 doc_cut=15 nknn=0 n_knn=0 sorted=False query_cut=6 heap_factor=0.9,128,0.7252369971816551,0.886753779144248,851.830828395905,35.93612923100591,459.747775292024,0.0833369370084256,0.083337;0.087242;0.082528,21.352020755425468,46833.97470686253,,164.93475723266602,0,3903,10,True,nid006209,57872856
SEISMIC,n_postings=6000 summary_energy=0.8 centroid_fraction=0.4 max_fraction=6.0 doc_cut=15 nknn=0 n_knn=0 sorted=True query_cut=7 heap_factor=0.9,128,0.7262618498590827,0.8885472713297463,851.830828395905,35.93612923100591,459.747775292024,0.07270369702018797,0.070672;0.079059;0.072704,18.627644637506528,53683.6524133874,,164.93475723266602,0,3903,10,True,nid006209,57872856
SEISMIC,n_postings=6000 summary_energy=0.8 centroid_fraction=0.4 max_fraction=6.0 doc_cut=15 nknn=0 n_knn=0 sorted=False query_cut=7 heap_factor=0.9,128,0.7263643351268255,0.8885472713297463,851.830828395905,35.93612923100591,459.747775292024,0.08516377303749323,0.084698;0.093479;0.085164,21.820080204328267,45829.34575105908,,164.93475723266602,0,3903,10,True,nid006209,57872856
SEISMIC,n_postings=6000 summary_energy=0.8 centroid_fraction=0.4 max_fraction=6.0 doc_cut=15 nknn=0 n_knn=0 sorted=True query_cut=8 heap_factor=0.9,128,0.7267486548808608,0.8888034844991033,851.830828395905,35.93612923100591,459.747775292024,0.07922809501178563,0.079228;0.072267;0.080269,20.299281325079587,49262.8277812234,,164.93475723266602,0,3903,10,True,nid006209,57872856
SEISMIC,n_postings=6000 summary_energy=0.8 centroid_fraction=0.4 max_fraction=6.0 doc_cut=15 nknn=0 n_knn=0 sorted=False query_cut=8 heap_factor=0.9,128,0.7268511401486036,0.8888034844991033,851.830828395905,35.93612923100591,459.747775292024,0.09039222216233611,0.090392;0.086600;0.091670,23.1596777254256,43178.493753484356,,164.93475723266602,0,3903,10,True,nid006209,57872856
SEISMIC,n_postings=6000 summary_energy=0.8 centroid_fraction=0.4 max_fraction=6.0 doc_cut=15 nknn=0 n_knn=0 sorted=True query_cut=10 heap_factor=0.9,128,0.727235459902639,0.8903407635152447,851.830828395905,35.93612923100591,459.747775292024,0.08220889396034181,0.082209;0.076954;0.084297,21.063001270904895,47476.61490109375,,164.93475723266602,0,3903,10,True,nid006209,57872856
SEISMIC,n_postings=6000 summary_energy=0.8 centroid_fraction=0.4 max_fraction=6.0 doc_cut=15 nknn=0 n_knn=0 sorted=False query_cut=10 heap_factor=0.9,128,0.7273379451703817,0.8903407635152447,851.830828395905,35.93612923100591,459.747775292024,0.08800110383890569,0.087756;0.095977;0.088001,22.547041721472123,44351.71639602168,,164.93475723266602,0,3903,10,True,nid006209,57872856
SEISMIC,n_postings=6000 summary_energy=0.8 centroid_fraction=0.4 max_fraction=6.0 doc_cut=15 nknn=0 n_knn=0 sorted=True query_cut=10 heap_factor=0.8,128,0.7274148091211888,0.8903407635152447,851.830828395905,35.93612923100591,459.747775292024,0.10376845696009696,0.103768;0.109185;0.103711,26.586845237022022,37612.58588918651,,164.93475723266602,0,3903,10,True,nid006209,57872856
SEISMIC,n_postings=6000 summary_energy=0.8 centroid_fraction=0.4 max_fraction=6.0 doc_cut=15 nknn=0 n_knn=0 sorted=False query_cut=10 heap_factor=0.8,128,0.7274148091211888,0.8903407635152447,851.830828395905,35.93612923100591,459.747775292024,0.12365711177699268,0.123657;0.131327;0.122333,31.68258052190435,31563.08556711885,,164.93475723266602,0,3903,10,True,nid006209,57872856
SEISMIC,n_postings=6000 summary_energy=0.8 centroid_fraction=0.4 max_fraction=6.0 doc_cut=15 nknn=0 n_knn=0 sorted=True query_cut=12 heap_factor=0.8,128,0.7280553420445811,0.8908531898539584,851.830828395905,35.93612923100591,459.747775292024,0.11278324411250651,0.112783;0.106881;0.117871,28.896552424418783,34606.20441194772,,164.93475723266602,0,3903,10,True,nid006209,57872856
SEISMIC,n_postings=6000 summary_energy=0.8 centroid_fraction=0.4 max_fraction=6.0 doc_cut=15 nknn=0 n_knn=0 sorted=False query_cut=12 heap_factor=0.8,128,0.7280553420445811,0.8908531898539584,851.830828395905,35.93612923100591,459.747775292024,0.13330840109847486,0.133308;0.127692;0.136205,34.15536794734175,29277.974740068,,164.93475723266602,0,3903,10,True,nid006209,57872856
SEISMIC,n_postings=6000 summary_energy=0.8 centroid_fraction=0.4 max_fraction=6.0 doc_cut=15 nknn=0 n_knn=0 sorted=True query_cut=14 heap_factor=0.8,128,0.7286702536510377,0.8913656161926723,851.830828395905,35.93612923100591,459.747775292024,0.11200522701255977,0.120883;0.111866;0.112005,28.697214197427563,34846.58800398962,,164.93475723266602,0,3903,10,True,nid006209,57872856
SEISMIC,n_postings=6000 summary_energy=0.8 centroid_fraction=0.4 max_fraction=6.0 doc_cut=15 nknn=0 n_knn=0 sorted=False query_cut=14 heap_factor=0.8,128,0.7286702536510377,0.8913656161926723,851.830828395905,35.93612923100591,459.747775292024,0.134462206158787,0.132308;0.140182;0.134462,34.45098799866437,29026.743733409596,,164.93475723266602,0,3903,10,True,nid006209,57872856
SEISMIC,n_postings=36000 summary_energy=0.6 centroid_fraction=0.2 max_fraction=6.0 doc_cut=15 nknn=0 n_knn=0 sorted=True query_cut=1 heap_factor=1.0,128,0.7290033307712016,0.9538816295157571,3220.770337468013,66.66718570800731,0.0,0.06566185399424285,0.066790;0.059369;0.065662,16.82343171771531,59440.90461323572,,164.89300918579102,0,3903,10,True,nid007028,58081634
SEISMIC,n_postings=12000 summary_energy=0.8 centroid_fraction=0.4 max_fraction=6.0 doc_cut=15 nknn=0 n_knn=0 sorted=False query_cut=1 heap_factor=1.0,128,0.7290289520881373,0.8731744811683321,1454.1825505589368,67.69066725997254,0.0,0.06114197499118745,0.061671;0.054206;0.061142,15.66537919323276,63835.03314314837,,164.8934669494629,0,3903,10,False,nid005840,57897537
SEISMIC,n_postings=6000 summary_energy=0.8 centroid_fraction=0.4 max_fraction=6.0 doc_cut=15 nknn=0 n_knn=0 sorted=True query_cut=20 heap_factor=0.8,128,0.7305662311042788,0.8954650269023828,851.830828395905,35.93612923100591,459.747775292024,0.1257369089871645,0.123301;0.130116;0.125737,32.21545195674212,31041.0048365228,,164.93475723266602,0,3903,10,True,nid006209,57872856
SEISMIC,n_postings=6000 summary_energy=0.8 centroid_fraction=0.4 max_fraction=6.0 doc_cut=15 nknn=0 n_knn=0 sorted=False query_cut=20 heap_factor=0.8,128,0.7305662311042788,0.8954650269023828,851.830828395905,35.93612923100591,459.747775292024,0.14656829996965826,0.146539;0.152746;0.146568,37.552728662479694,26629.22337782438,,164.93475723266602,0,3903,10,True,nid006209,57872856
SEISMIC,n_postings=6000 summary_energy=0.8 centroid_fraction=0.4 max_fraction=6.0 doc_cut=15 nknn=0 n_knn=0 sorted=True query_cut=20 heap_factor=0.7,128,0.7305662311042788,0.8954650269023828,851.830828395905,35.93612923100591,459.747775292024,0.18417310086078942,0.184173;0.184019;0.188867,47.187573881831774,21192.019799624013,,164.93475723266602,0,3903,10,True,nid006209,57872856
SEISMIC,n_postings=6000 summary_energy=0.8 centroid_fraction=0.4 max_fraction=6.0 doc_cut=15 nknn=0 n_knn=0 sorted=False query_cut=20 heap_factor=0.7,128,0.7305662311042788,0.8954650269023828,851.830828395905,35.93612923100591,459.747775292024,0.22033157106488943,0.222024;0.215127;0.220332,56.451850131921454,17714.211273202127,,164.93475723266602,0,3903,10,True,nid006209,57872856
SEISMIC,n_postings=6000 summary_energy=0.8 centroid_fraction=0.4 max_fraction=6.0 doc_cut=15 nknn=0 n_knn=0 sorted=True query_cut=30 heap_factor=0.7,128,0.7324365872405841,0.8995644376120933,851.830828395905,35.93612923100591,459.747775292024,0.21967769600450993,0.219678;0.213897;0.220418,56.284318730338185,17766.937977717465,,164.93475723266602,0,3903,10,True,nid006209,57872856
SEISMIC,n_postings=6000 summary_energy=0.8 centroid_fraction=0.4 max_fraction=6.0 doc_cut=15 nknn=0 n_knn=0 sorted=False query_cut=30 heap_factor=0.7,128,0.7324365872405841,0.8995644376120933,851.830828395905,35.93612923100591,459.747775292024,0.24205262400209904,0.249765;0.242053;0.241971,62.01706994673303,16124.592807414283,,164.93475723266602,0,3903,10,True,nid006209,57872856
SEISMIC,n_postings=6000 summary_energy=0.8 centroid_fraction=0.4 max_fraction=6.0 doc_cut=15 nknn=0 n_knn=0 sorted=True query_cut=30 heap_factor=0.8,128,0.7324365872405841,0.8995644376120933,851.830828395905,35.93612923100591,459.747775292024,0.1502336470875889,0.150234;0.154596;0.148329,38.49183886435791,25979.533051770228,,164.93475723266602,0,3903,10,True,nid006209,57872856
SEISMIC,n_postings=6000 summary_energy=0.8 centroid_fraction=0.4 max_fraction=6.0 doc_cut=15 nknn=0 n_knn=0 sorted=False query_cut=30 heap_factor=0.8,128,0.7324365872405841,0.8995644376120933,851.830828395905,35.93612923100591,459.747775292024,0.1713667910080403,0.171367;0.178138;0.168454,43.90642864669237,22775.708041454054,,164.93475723266602,0,3903,10,True,nid006209,57872856
SEISMIC,n_postings=6000 summary_energy=0.8 centroid_fraction=0.4 max_fraction=6.0 doc_cut=15 nknn=0 n_knn=0 sorted=True query_cut=50 heap_factor=0.7,128,0.7339482449397899,0.9018703561363054,851.830828395905,35.93612923100591,459.747775292024,0.2596216860692948,0.257216;0.259622;0.263414,66.51849502159745,15033.412882767669,,164.93475723266602,0,3903,10,True,nid006209,57872856
SEISMIC,n_postings=6000 summary_energy=0.8 centroid_fraction=0.4 max_fraction=6.0 doc_cut=15 nknn=0 n_knn=0 sorted=False query_cut=50 heap_factor=0.7,128,0.7339482449397899,0.9018703561363054,851.830828395905,35.93612923100591,459.747775292024,0.2898362970445305,0.289836;0.288369;0.295786,74.25987626044851,13466.222277192364,,164.93475723266602,0,3903,10,True,nid006209,57872856
SEISMIC,n_postings=48000 summary_energy=0.6 centroid_fraction=0.2 max_fraction=6.0 doc_cut=15 nknn=0 n_knn=0 sorted=True query_cut=1 heap_factor=1.0,128,0.7479887266205483,0.9638739431206764,4535.833200555993,66.14287651900668,0.0,0.07984847103944048,0.080620;0.074635;0.079848,20.458229833318082,48880.08435467908,,177.66421508789062,0,3903,10,True,nid007127,58081635
SEISMIC,n_postings=36000 summary_energy=0.6 centroid_fraction=0.2 max_fraction=6.0 doc_cut=15 nknn=0 n_knn=0 sorted=False query_cut=1 heap_factor=1.0,128,0.7750448373046375,0.9543940558544709,3220.770337468013,66.66718570800731,0.0,0.07509389001643285,0.075875;0.068227;0.075094,19.240043560449102,51974.934300858615,,164.89300918579102,0,3903,10,True,nid007028,58081634
SEISMIC,n_postings=48000 summary_energy=0.6 centroid_fraction=0.2 max_fraction=6.0 doc_cut=15 nknn=0 n_knn=0 sorted=False query_cut=1 heap_factor=1.0,128,0.7959262106072252,0.965155008967461,4535.833200555993,66.14287651900668,0.0,0.09018278599251062,0.091202;0.083746;0.090183,23.106017420576638,43278.769413091,,177.66421508789062,0,3903,10,True,nid007127,58081635
SEISMIC,n_postings=24000 summary_energy=0.6 centroid_fraction=0.4 max_fraction=6.0 doc_cut=15 nknn=0 n_knn=0 sorted=True query_cut=2 heap_factor=1.0,128,0.8082500640532924,0.9884704073789393,3354.467744941998,69.85028728697216,0.0,0.05954245798056945,0.059542;0.062854;0.059489,15.255561870502039,65549.86361620593,,164.89386749267578,0,3903,10,True,nid005367,58078630
SEISMIC,n_postings=24000 summary_energy=0.8 centroid_fraction=0.4 max_fraction=6.0 doc_cut=15 nknn=0 n_knn=0 sorted=True query_cut=1 heap_factor=1.0,128,0.8085831411734563,0.9356904944914168,3354.4215320349904,66.77066923098755,0.0,0.07361879199743271,0.075208;0.069221;0.073619,18.862104021888985,53016.354847769144,,164.8906707763672,0,3903,10,True,nid005931,57897539
SEISMIC,n_postings=24000 summary_energy=0.8 centroid_fraction=0.2 max_fraction=6.0 doc_cut=15 nknn=0 n_knn=0 sorted=True query_cut=1 heap_factor=1.0,128,0.8167563412759415,0.9356904944914168,2044.6105190329836,62.09201313799713,0.0,0.08760123496176675,0.089273;0.079446;0.087601,22.44459004913317,44554.166407624856,,164.89431381225586,0,3903,10,True,nid006962,58078627
SEISMIC,n_postings=24000 summary_energy=0.8 centroid_fraction=0.4 max_fraction=6.0 doc_cut=15 nknn=0 n_knn=0 sorted=False query_cut=1 heap_factor=1.0,128,0.8222649244171151,0.9356904944914168,3354.4215320349904,66.77066923098755,0.0,0.08708533301251009,0.087781;0.079794;0.087085,22.312409175636713,44818.1096056591,,164.8906707763672,0,3903,10,True,nid005931,57897539
SEISMIC,n_postings=24000 summary_energy=0.8 centroid_fraction=0.2 max_fraction=6.0 doc_cut=15 nknn=0 n_knn=0 sorted=False query_cut=1 heap_factor=1.0,128,0.8256725595695619,0.9356904944914168,2044.6105190329836,62.09201313799713,0.0,0.11409689497668296,0.114097;0.107550;0.115129,29.233127075757867,34207.76701064147,,164.89431381225586,0,3903,10,True,nid006962,58078627
SEISMIC,n_postings=12000 summary_energy=0.8 centroid_fraction=0.4 max_fraction=6.0 doc_cut=15 nknn=0 n_knn=0 sorted=True query_cut=2 heap_factor=1.0,128,0.8274148091211888,0.9533692031770433,1454.1825505589368,67.69066725997254,0.0,0.05556406395044178,0.055275;0.059045;0.055564,14.236244927092436,70243.24216963557,,164.8934669494629,0,3903,10,True,nid005840,57897537
SEISMIC,n_postings=12000 summary_energy=0.8 centroid_fraction=0.4 max_fraction=6.0 doc_cut=15 nknn=0 n_knn=0 sorted=False query_cut=2 heap_factor=1.0,128,0.8373558800922367,0.9533692031770433,1454.1825505589368,67.69066725997254,0.0,0.0652906580362469,0.065291;0.067564;0.062463,16.728326424864694,59778.84305949562,,164.8934669494629,0,3903,10,True,nid005840,57897537
SEISMIC,n_postings=24000 summary_energy=0.6 centroid_fraction=0.4 max_fraction=6.0 doc_cut=15 nknn=0 n_knn=0 sorted=False query_cut=2 heap_factor=1.0,128,0.8390212656930566,0.9877017678708686,3354.467744941998,69.85028728697216,0.0,0.06420393899315968,0.063775;0.070864;0.064204,16.449894694634814,60790.66271020891,,164.89386749267578,0,3903,10,True,nid005367,58078630
SEISMIC,n_postings=24000 summary_energy=0.6 centroid_fraction=0.4 max_fraction=6.0 doc_cut=15 nknn=0 n_knn=0 sorted=True query_cut=3 heap_factor=1.0,128,0.846861388675378,0.9969254419677172,3354.467744941998,69.85028728697216,0.0,0.06729642697609961,0.067296;0.072300;0.066040,17.242230841941996,57997.13558917703,,164.89386749267578,0,3903,10,True,nid005367,58078630
SEISMIC,n_postings=36000 summary_energy=0.8 centroid_fraction=0.2 max_fraction=6.0 doc_cut=15 nknn=0 n_knn=0 sorted=True query_cut=1 heap_factor=1.0,128,0.8569818088649757,0.9561875480399693,3174.678242673981,64.87436845595948,0.0,0.1045750139746815,0.114044;0.101051;0.104575,26.79349576599577,37322.49082887954,,183.87897491455078,0,3903,10,True,nid007114,58078628
SEISMIC,n_postings=12000 summary_energy=0.8 centroid_fraction=0.4 max_fraction=6.0 doc_cut=15 nknn=0 n_knn=0 sorted=True query_cut=3 heap_factor=1.0,128,0.8601844734819369,0.9710479118626697,1454.1825505589368,67.69066725997254,0.0,0.06054284702986479,0.060543;0.064655;0.059372,15.511874719411935,64466.74035786118,,164.8934669494629,0,3903,10,True,nid005840,57897537
SEISMIC,n_postings=24000 summary_energy=0.6 centroid_fraction=0.4 max_fraction=6.0 doc_cut=15 nknn=0 n_knn=0 sorted=True query_cut=5 heap_factor=1.0,128,0.8663592108634384,0.9982065078145017,3354.467744941998,69.85028728697216,0.0,0.0866534149972722,0.086653;0.082357;0.088675,22.201746092050264,45041.502404987325,,164.89386749267578,0,3903,10,True,nid005367,58078630
SEISMIC,n_postings=36000 summary_energy=0.6 centroid_fraction=0.2 max_fraction=6.0 doc_cut=15 nknn=0 n_knn=0 sorted=True query_cut=2 heap_factor=1.0,128,0.8667691519344094,0.994619523443505,3220.770337468013,66.66718570800731,0.0,0.08083605801220983,0.080836;0.083417;0.078335,20.71126262162691,48282.908592728185,,164.89300918579102,0,3903,10,True,nid007028,58081634
SEISMIC,n_postings=36000 summary_energy=0.8 centroid_fraction=0.2 max_fraction=6.0 doc_cut=15 nknn=0 n_knn=0 sorted=False query_cut=1 heap_factor=1.0,128,0.8678196259287727,0.9561875480399693,3174.678242673981,64.87436845595948,0.0,0.12689637497533113,0.130486;0.120717;0.126896,32.512522412331826,30757.379797167177,,183.87897491455078,0,3903,10,True,nid007114,58078628
SEISMIC,n_postings=12000 summary_energy=0.8 centroid_fraction=0.4 max_fraction=6.0 doc_cut=15 nknn=0 n_knn=0 sorted=False query_cut=3 heap_factor=1.0,128,0.869280040994107,0.9710479118626697,1454.1825505589368,67.69066725997254,0.0,0.07020075898617506,0.070201;0.068270;0.075759,17.986358951108137,55597.68948892183,,164.8934669494629,0,3903,10,True,nid005840,57897537
SEISMIC,n_postings=24000 summary_energy=0.6 centroid_fraction=0.4 max_fraction=6.0 doc_cut=15 nknn=0 n_knn=0 sorted=False query_cut=3 heap_factor=1.0,128,0.8723802203433256,0.9959005892902896,3354.467744941998,69.85028728697216,0.0,0.07398733095033094,0.073987;0.073401;0.080078,18.956528555042517,52752.27461063781,,164.89386749267578,0,3903,10,True,nid005367,58078630
SEISMIC,n_postings=12000 summary_energy=0.8 centroid_fraction=0.4 max_fraction=6.0 doc_cut=15 nknn=0 n_knn=0 sorted=True query_cut=5 heap_factor=1.0,128,0.8725595695618755,0.9789905201127338,1454.1825505589368,67.69066725997254,0.0,0.069795873016119,0.069796;0.064163;0.072068,17.882621833491932,55920.21177381966,,164.8934669494629,0,3903,10,True,nid005840,57897537
SEISMIC,n_postings=12000 summary_energy=0.8 centroid_fraction=0.4 max_fraction=6.0 doc_cut=15 nknn=0 n_knn=0 sorted=True query_cut=3 heap_factor=0.9,128,0.8768383294901358,0.9710479118626697,1454.1825505589368,67.69066725997254,0.0,0.08761820406652987,0.089100;0.081915;0.087618,22.448937757245677,44545.53755788456,,164.8934669494629,0,3903,10,True,nid005840,57897537
SEISMIC,n_postings=12000 summary_energy=0.8 centroid_fraction=0.4 max_fraction=6.0 doc_cut=15 nknn=0 n_knn=0 sorted=False query_cut=3 heap_factor=0.9,128,0.8769920573917499,0.9710479118626697,1454.1825505589368,67.69066725997254,0.0,0.10232875100336969,0.102329;0.097577;0.104565,26.217973610906917,38141.77307677169,,164.8934669494629,0,3903,10,True,nid005840,57897537
SEISMIC,n_postings=48000 summary_energy=0.8 centroid_fraction=0.2 max_fraction=6.0 doc_cut=15 nknn=0 n_knn=0 sorted=True query_cut=1 heap_factor=1.0,128,0.8786574429925699,0.9661798616448886,4570.262169694994,62.093722063000314,0.0,0.11832776904338971,0.121360;0.111344;0.118328,30.31713272953874,32984.64960130201,,224.1221923828125,0,3903,10,True,nid005309,58078629
SEISMIC,n_postings=12000 summary_energy=0.8 centroid_fraction=0.4 max_fraction=6.0 doc_cut=15 nknn=0 n_knn=0 sorted=False query_cut=5 heap_factor=1.0,128,0.8815782731232386,0.9789905201127338,1454.1825505589368,67.69066725997254,0.0,0.08005292294546962,0.080352;0.075695;0.080053,20.51061310414287,48755.24660927924,,164.8934669494629,0,3903,10,True,nid005840,57897537
SEISMIC,n_postings=48000 summary_energy=0.6 centroid_fraction=0.2 max_fraction=6.0 doc_cut=15 nknn=0 n_knn=0 sorted=True query_cut=2 heap_factor=1.0,128,0.8821931847296951,0.9964130156290033,4535.833200555993,66.14287651900668,0.0,0.10665453597903252,0.106655;0.108993;0.105499,27.32629668947797,36594.78674931651,,177.66421508789062,0,3903,10,True,nid007127,58081635
SEISMIC,n_postings=12000 summary_energy=0.8 centroid_fraction=0.4 max_fraction=6.0 doc_cut=15 nknn=0 n_knn=0 sorted=True query_cut=4 heap_factor=0.9,128,0.884934665641814,0.975915962080451,1454.1825505589368,67.69066725997254,0.0,0.08815147704444826,0.090928;0.088151;0.086435,22.58556931705054,44276.059016368,,164.8934669494629,0,3903,10,True,nid005840,57897537
SEISMIC,n_postings=12000 summary_energy=0.8 centroid_fraction=0.4 max_fraction=6.0 doc_cut=15 nknn=0 n_knn=0 sorted=False query_cut=4 heap_factor=0.9,128,0.8850883935434282,0.975915962080451,1454.1825505589368,67.69066725997254,0.0,0.10353304899763316,0.101359;0.107913;0.103533,26.526530616867323,37698.10739456949,,164.8934669494629,0,3903,10,True,nid005840,57897537
SEISMIC,n_postings=48000 summary_energy=0.8 centroid_fraction=0.2 max_fraction=6.0 doc_cut=15 nknn=0 n_knn=0 sorted=False query_cut=1 heap_factor=1.0,128,0.8883423007942608,0.9661798616448886,4570.262169694994,62.093722063000314,0.0,0.14322926994645968,0.143229;0.137956;0.144883,36.69722519765813,27250.01671417424,,224.1221923828125,0,3903,10,True,nid005309,58078629
SEISMIC,n_postings=24000 summary_energy=0.6 centroid_fraction=0.4 max_fraction=6.0 doc_cut=15 nknn=0 n_knn=0 sorted=False query_cut=5 heap_factor=1.0,128,0.8886241352805534,0.997181655137074,3354.467744941998,69.85028728697216,0.0,0.08844793302705511,0.092740;0.088448;0.086662,22.66152524392906,44127.656423651206,,164.89386749267578,0,3903,10,True,nid005367,58078630
SEISMIC,n_postings=12000 summary_energy=0.8 centroid_fraction=0.4 max_fraction=6.0 doc_cut=15 nknn=0 n_knn=0 sorted=True query_cut=5 heap_factor=0.9,128,0.888905969766846,0.9789905201127338,1454.1825505589368,67.69066725997254,0.0,0.09005694894585758,0.089915;0.096182;0.090057,23.073776312031153,43339.2430643691,,164.8934669494629,0,3903,10,True,nid005840,57897537
SEISMIC,n_postings=12000 summary_energy=0.8 centroid_fraction=0.4 max_fraction=6.0 doc_cut=15 nknn=0 n_knn=0 sorted=False query_cut=5 heap_factor=0.9,128,0.8890596976684602,0.9789905201127338,1454.1825505589368,67.69066725997254,0.0,0.10429377795662731,0.104294;0.103492;0.110367,26.721439394472792,37423.133733089446,,164.8934669494629,0,3903,10,True,nid005840,57897537
SEISMIC,n_postings=12000 summary_energy=0.8 centroid_fraction=0.4 max_fraction=6.0 doc_cut=15 nknn=0 n_knn=0 sorted=True query_cut=6 heap_factor=0.9,128,0.891058160389444,0.9802715859595184,1454.1825505589368,67.69066725997254,0.0,0.09483732201624662,0.096855;0.092783;0.094837,24.298570847103925,41154.68379981644,,164.8934669494629,0,3903,10,True,nid005840,57897537
SEISMIC,n_postings=12000 summary_energy=0.8 centroid_fraction=0.4 max_fraction=6.0 doc_cut=15 nknn=0 n_knn=0 sorted=False query_cut=6 heap_factor=0.9,128,0.8912118882910581,0.9802715859595184,1454.1825505589368,67.69066725997254,0.0,0.11250283196568489,0.112503;0.116189;0.110097,28.824707139555443,34692.46001905513,,164.8934669494629,0,3903,10,True,nid005840,57897537
SEISMIC,n_postings=12000 summary_energy=0.8 centroid_fraction=0.4 max_fraction=6.0 doc_cut=15 nknn=0 n_knn=0 sorted=True query_cut=7 heap_factor=0.9,128,0.8923136049192929,0.9810402254675891,1454.1825505589368,67.69066725997254,0.0,0.09770432696677744,0.097704;0.102505;0.096939,25.033135272041363,39947.05374028259,,164.8934669494629,0,3903,10,True,nid005840,57897537
SEISMIC,n_postings=12000 summary_energy=0.8 centroid_fraction=0.4 max_fraction=6.0 doc_cut=15 nknn=0 n_knn=0 sorted=False query_cut=7 heap_factor=0.9,128,0.892467332820907,0.9810402254675891,1454.1825505589368,67.69066725997254,0.0,0.1135329679818824,0.113533;0.120788;0.112183,29.0886415531341,34377.67962362123,,164.8934669494629,0,3903,10,True,nid005840,57897537
SEISMIC,n_postings=36000 summary_energy=0.6 centroid_fraction=0.2 max_fraction=6.0 doc_cut=15 nknn=0 n_knn=0 sorted=False query_cut=2 heap_factor=1.0,128,0.8925698180886498,0.994619523443505,3220.770337468013,66.66718570800731,0.0,0.08778871601680294,0.087789;0.093273;0.087466,22.492625164438365,44459.01679724941,,164.89300918579102,0,3903,10,True,nid007028,58081634
SEISMIC,n_postings=12000 summary_energy=0.8 centroid_fraction=0.4 max_fraction=6.0 doc_cut=15 nknn=0 n_knn=0 sorted=True query_cut=8 heap_factor=0.9,128,0.8929541378426851,0.9812964386369459,1454.1825505589368,67.69066725997254,0.0,0.10023438697680831,0.100234;0.099939;0.103269,25.681369965874534,38938.73268165999,,164.8934669494629,0,3903,10,True,nid005840,57897537
SEISMIC,n_postings=12000 summary_energy=0.8 centroid_fraction=0.4 max_fraction=6.0 doc_cut=15 nknn=0 n_knn=0 sorted=False query_cut=8 heap_factor=0.9,128,0.8930822444273636,0.9812964386369459,1454.1825505589368,67.69066725997254,0.0,0.12025157501921058,0.121293;0.118432;0.120252,30.81003715583156,32456.955340306213,,164.8934669494629,0,3903,10,True,nid005840,57897537
SEISMIC,n_postings=12000 summary_energy=0.8 centroid_fraction=0.4 max_fraction=6.0 doc_cut=15 nknn=0 n_knn=0 sorted=True query_cut=10 heap_factor=0.9,128,0.8940814757878555,0.9818088649756598,1454.1825505589368,67.69066725997254,0.0,0.10658623208291829,0.111585;0.106586;0.105851,27.30879633177512,36618.23786925575,,164.8934669494629,0,3903,10,True,nid005840,57897537
SEISMIC,n_postings=12000 summary_energy=0.8 centroid_fraction=0.4 max_fraction=6.0 doc_cut=15 nknn=0 n_knn=0 sorted=False query_cut=10 heap_factor=0.9,128,0.8942095823725339,0.9818088649756598,1454.1825505589368,67.69066725997254,0.0,0.12384074495639652,0.120288;0.127597;0.123841,31.729629760798495,31516.283282809865,,164.8934669494629,0,3903,10,True,nid005840,57897537
SEISMIC,n_postings=12000 summary_energy=0.8 centroid_fraction=0.4 max_fraction=6.0 doc_cut=15 nknn=0 n_knn=0 sorted=True query_cut=10 heap_factor=0.8,128,0.8942095823725339,0.9818088649756598,1454.1825505589368,67.69066725997254,0.0,0.15983119001612067,0.157148;0.163361;0.159831,40.95085575611598,24419.514111146524,,164.8934669494629,0,3903,10,True,nid005840,57897537
SEISMIC,n_postings=12000 summary_energy=0.8 centroid_fraction=0.4 max_fraction=6.0 doc_cut=15 nknn=0 n_knn=0 sorted=False query_cut=10 heap_factor=0.8,128,0.8942095823725339,0.9818088649756598,1454.1825505589368,67.69066725997254,0.0,0.18588781508151442,0.185888;0.191135;0.183531,47.62690624686508,20996.534916979253,,164.8934669494629,0,3903,10,True,nid005840,57897537
SEISMIC,n_postings=12000 summary_energy=0.8 centroid_fraction=0.4 max_fraction=6.0 doc_cut=15 nknn=0 n_knn=0 sorted=True query_cut=12 heap_factor=0.8,128,0.8954137842685114,0.9823212913143735,1454.1825505589368,67.69066725997254,0.0,0.17174678994342685,0.172625;0.170944;0.171747,44.003789378280004,22725.315572335545,,164.8934669494629,0,3903,10,True,nid005840,57897537
SEISMIC,n_postings=12000 summary_energy=0.8 centroid_fraction=0.4 max_fraction=6.0 doc_cut=15 nknn=0 n_knn=0 sorted=False query_cut=12 heap_factor=0.8,128,0.8954137842685114,0.9823212913143735,1454.1825505589368,67.69066725997254,0.0,0.1997809549793601,0.199781;0.193583;0.200698,51.18651165241099,19536.39675214902,,164.8934669494629,0,3903,10,True,nid005840,57897537
SEISMIC,n_postings=12000 summary_energy=0.8 centroid_fraction=0.4 max_fraction=6.0 doc_cut=15 nknn=0 n_knn=0 sorted=True query_cut=14 heap_factor=0.8,128,0.8961568024596465,0.9836023571611581,1454.1825505589368,67.69066725997254,0.0,0.179218732053414,0.179219;0.175481;0.179986,45.91819934753113,21777.857455417987,,164.8934669494629,0,3903,10,True,nid005840,57897537
SEISMIC,n_postings=12000 summary_energy=0.8 centroid_fraction=0.4 max_fraction=6.0 doc_cut=15 nknn=0 n_knn=0 sorted=False query_cut=14 heap_factor=0.8,128,0.8961568024596465,0.9836023571611581,1454.1825505589368,67.69066725997254,0.0,0.20097927190363407,0.200979;0.205921;0.200342,51.49353622947324,19419.913123535534,,164.8934669494629,0,3903,10,True,nid005840,57897537
SEISMIC,n_postings=12000 summary_energy=0.8 centroid_fraction=0.4 max_fraction=6.0 doc_cut=15 nknn=0 n_knn=0 sorted=True query_cut=20 heap_factor=0.8,128,0.8977197027927235,0.9853958493466565,1454.1825505589368,67.69066725997254,0.0,0.19742594100534916,0.197426;0.204055;0.197293,50.58312605824985,19769.438505015154,,164.8934669494629,0,3903,10,True,nid005840,57897537
SEISMIC,n_postings=12000 summary_energy=0.8 centroid_fraction=0.4 max_fraction=6.0 doc_cut=15 nknn=0 n_knn=0 sorted=False query_cut=20 heap_factor=0.8,128,0.8977197027927235,0.9853958493466565,1454.1825505589368,67.69066725997254,0.0,0.22771156101953238,0.225556;0.229927;0.227712,58.342700748022644,17140.104711965912,,164.8934669494629,0,3903,10,True,nid005840,57897537
SEISMIC,n_postings=12000 summary_energy=0.8 centroid_fraction=0.4 max_fraction=6.0 doc_cut=15 nknn=0 n_knn=0 sorted=True query_cut=20 heap_factor=0.7,128,0.8977197027927235,0.9853958493466565,1454.1825505589368,67.69066725997254,0.0,0.3130347370170057,0.313035;0.310944;0.319965,80.20362208993228,12468.264823235795,,164.8934669494629,0,3903,10,True,nid005840,57897537
SEISMIC,n_postings=12000 summary_energy=0.8 centroid_fraction=0.4 max_fraction=6.0 doc_cut=15 nknn=0 n_knn=0 sorted=False query_cut=20 heap_factor=0.7,128,0.8977197027927235,0.9853958493466565,1454.1825505589368,67.69066725997254,0.0,0.35423614899627864,0.354236;0.353178;0.357987,90.75996643512136,11018.073708905982,,164.8934669494629,0,3903,10,True,nid005840,57897537
SEISMIC,n_postings=12000 summary_energy=0.8 centroid_fraction=0.4 max_fraction=6.0 doc_cut=15 nknn=0 n_knn=0 sorted=True query_cut=30 heap_factor=0.7,128,0.9000512426338714,0.9869331283627979,1454.1825505589368,67.69066725997254,0.0,0.3619966679252684,0.369405;0.355745;0.361997,92.74831358577208,10781.867198859814,,164.8934669494629,0,3903,10,True,nid005840,57897537
SEISMIC,n_postings=12000 summary_energy=0.8 centroid_fraction=0.4 max_fraction=6.0 doc_cut=15 nknn=0 n_knn=0 sorted=False query_cut=30 heap_factor=0.7,128,0.9000512426338714,0.9869331283627979,1454.1825505589368,67.69066725997254,0.0,0.39429782098159194,0.394298;0.402074;0.391837,101.02429438421521,9898.609102844151,,164.8934669494629,0,3903,10,True,nid005840,57897537
SEISMIC,n_postings=12000 summary_energy=0.8 centroid_fraction=0.4 max_fraction=6.0 doc_cut=15 nknn=0 n_knn=0 sorted=True query_cut=30 heap_factor=0.8,128,0.9000512426338714,0.9869331283627979,1454.1825505589368,67.69066725997254,0.0,0.23862575192470104,0.238626;0.244787;0.233306,61.13906019080221,16356.155899014628,,164.8934669494629,0,3903,10,True,nid005840,57897537
SEISMIC,n_postings=12000 summary_energy=0.8 centroid_fraction=0.4 max_fraction=6.0 doc_cut=15 nknn=0 n_knn=0 sorted=False query_cut=30 heap_factor=0.8,128,0.9000512426338714,0.9869331283627979,1454.1825505589368,67.69066725997254,0.0,0.2623780140420422,0.262378;0.269473;0.259944,67.22470254728213,14875.48419119676,,164.8934669494629,0,3903,10,True,nid005840,57897537
SEISMIC,n_postings=12000 summary_energy=0.8 centroid_fraction=0.4 max_fraction=6.0 doc_cut=15 nknn=0 n_knn=0 sorted=True query_cut=50 heap_factor=0.7,128,0.9030233153984115,0.9887266205482962,1454.1825505589368,67.69066725997254,0.0,0.4221448349999264,0.422145;0.418629;0.424481,108.15906610297884,9245.641960775572,,164.8934669494629,0,3903,10,True,nid005840,57897537
SEISMIC,n_postings=12000 summary_energy=0.8 centroid_fraction=0.4 max_fraction=6.0 doc_cut=15 nknn=0 n_knn=0 sorted=False query_cut=50 heap_factor=0.7,128,0.9030233153984115,0.9887266205482962,1454.1825505589368,67.69066725997254,0.0,0.46169144893065095,0.461691;0.453714;0.462836,118.2914293955037,8453.697830098334,,164.8934669494629,0,3903,10,True,nid005840,57897537
SEISMIC,n_postings=36000 summary_energy=0.6 centroid_fraction=0.2 max_fraction=6.0 doc_cut=15 nknn=0 n_knn=0 sorted=True query_cut=3 heap_factor=1.0,128,0.9030745580322829,0.9984627209838586,3220.770337468013,66.66718570800731,0.0,0.09375665104016662,0.093757;0.099531;0.093737,24.021688711290448,41629.04665107867,,164.89300918579102,0,3903,10,True,nid007028,58081634
SEISMIC,n_postings=48000 summary_energy=0.6 centroid_fraction=0.2 max_fraction=6.0 doc_cut=15 nknn=0 n_knn=0 sorted=False query_cut=2 heap_factor=1.0,128,0.9074301819113503,0.997181655137074,4535.833200555993,66.14287651900668,0.0,0.11373333598021418,0.113642;0.117258;0.113733,29.139978473024385,34317.11526230966,,177.66421508789062,0,3903,10,True,nid007127,58081635
SEISMIC,n_postings=48000 summary_energy=0.6 centroid_fraction=0.2 max_fraction=6.0 doc_cut=15 nknn=0 n_knn=0 sorted=True query_cut=3 heap_factor=1.0,128,0.9166538560081988,0.9989751473225724,4535.833200555993,66.14287651900668,0.0,0.13188013597391546,0.131880;0.137420;0.127888,33.78942761309645,29595.05592845289,,177.66421508789062,0,3903,10,True,nid007127,58081635
SEISMIC,n_postings=36000 summary_energy=0.6 centroid_fraction=0.2 max_fraction=6.0 doc_cut=15 nknn=0 n_knn=0 sorted=True query_cut=5 heap_factor=1.0,128,0.9199846272098385,0.9992313604919293,3220.770337468013,66.66718570800731,0.0,0.12400901998626068,0.124627;0.116688;0.124009,31.772744039523616,31473.517010556367,,164.89300918579102,0,3903,10,True,nid007028,58081634
SEISMIC,n_postings=36000 summary_energy=0.6 centroid_fraction=0.2 max_fraction=6.0 doc_cut=15 nknn=0 n_knn=0 sorted=False query_cut=3 heap_factor=1.0,128,0.9218037407122726,0.9982065078145017,3220.770337468013,66.66718570800731,0.0,0.10320991603657603,0.102930;0.103210;0.109786,26.443739696791194,37816.13385497606,,164.89300918579102,0,3903,10,True,nid007028,58081634
SEISMIC,n_postings=24000 summary_energy=0.8 centroid_fraction=0.4 max_fraction=6.0 doc_cut=15 nknn=0 n_knn=0 sorted=True query_cut=2 heap_factor=1.0,128,0.9253651037663336,0.9897514732257238,3354.4215320349904,66.77066923098755,0.0,0.09429637101129629,0.094296;0.095967;0.090624,24.159972075658796,41390.776316645715,,164.8906707763672,0,3903,10,True,nid005931,57897539
SEISMIC,n_postings=24000 summary_energy=0.8 centroid_fraction=0.2 max_fraction=6.0 doc_cut=15 nknn=0 n_knn=0 sorted=True query_cut=2 heap_factor=1.0,128,0.9311555213937996,0.9897514732257238,2044.6105190329836,62.09201313799713,0.0,0.1083885719999671,0.108311;0.113741;0.108389,27.770579554180653,36009.3313158622,,164.89431381225586,0,3903,10,True,nid006962,58078627
SEISMIC,n_postings=24000 summary_energy=0.8 centroid_fraction=0.4 max_fraction=6.0 doc_cut=15 nknn=0 n_knn=0 sorted=False query_cut=2 heap_factor=1.0,128,0.9330002562131694,0.9897514732257238,3354.4215320349904,66.77066923098755,0.0,0.10442937599145807,0.103788;0.107581;0.104429,26.75618139673535,37374.541051736735,,164.8906707763672,0,3903,10,True,nid005931,57897539
SEISMIC,n_postings=48000 summary_energy=0.6 centroid_fraction=0.2 max_fraction=6.0 doc_cut=15 nknn=0 n_knn=0 sorted=False query_cut=3 heap_factor=1.0,128,0.9330771201639765,0.9992313604919293,4535.833200555993,66.14287651900668,0.0,0.1412863009609282,0.139557;0.141286;0.145238,36.19941095591294,27624.758900576984,,177.66421508789062,0,3903,10,True,nid007127,58081635
SEISMIC,n_postings=48000 summary_energy=0.6 centroid_fraction=0.2 max_fraction=6.0 doc_cut=15 nknn=0 n_knn=0 sorted=True query_cut=5 heap_factor=1.0,128,0.9337945170381757,0.9992313604919293,4535.833200555993,66.14287651900668,0.0,0.17424565204419196,0.176948;0.171563;0.174246,44.644030756902886,22399.411142896846,,177.66421508789062,0,3903,10,True,nid007127,58081635
SEISMIC,n_postings=24000 summary_energy=0.8 centroid_fraction=0.2 max_fraction=6.0 doc_cut=15 nknn=0 n_knn=0 sorted=False query_cut=2 heap_factor=1.0,128,0.9348962336664105,0.9897514732257238,2044.6105190329836,62.09201313799713,0.0,0.13041677902219817,0.130417;0.135055;0.130155,33.4144962905965,29927.13076693661,,164.89431381225586,0,3903,10,True,nid006962,58078627
SEISMIC,n_postings=36000 summary_energy=0.6 centroid_fraction=0.2 max_fraction=6.0 doc_cut=15 nknn=0 n_knn=0 sorted=False query_cut=5 heap_factor=1.0,128,0.9352293107865745,0.9989751473225724,3220.770337468013,66.66718570800731,0.0,0.1255863510305062,0.133429;0.125586;0.125285,32.1768770254948,31078.2180386141,,164.89300918579102,0,3903,10,True,nid007028,58081634
SEISMIC,n_postings=24000 summary_energy=0.6 centroid_fraction=0.4 max_fraction=6.0 doc_cut=15 nknn=0 n_knn=0 sorted=True query_cut=3 heap_factor=0.9,128,0.9400204970535485,0.9976940814757879,3354.467744941998,69.85028728697216,0.0,0.09458453499246389,0.094585;0.089621;0.096180,24.233803482568252,41264.673979852785,,164.89386749267578,0,3903,10,True,nid005367,58078630
SEISMIC,n_postings=48000 summary_energy=0.6 centroid_fraction=0.2 max_fraction=6.0 doc_cut=15 nknn=0 n_knn=0 sorted=False query_cut=5 heap_factor=1.0,128,0.9458877786318217,0.9994875736612862,4535.833200555993,66.14287651900668,0.0,0.17714735999470577,0.184083;0.176450;0.177147,45.38748654745216,22032.50446473854,,177.66421508789062,0,3903,10,True,nid007127,58081635
SEISMIC,n_postings=24000 summary_energy=0.6 centroid_fraction=0.4 max_fraction=6.0 doc_cut=15 nknn=0 n_knn=0 sorted=False query_cut=3 heap_factor=0.9,128,0.9474250576479631,0.9976940814757879,3354.467744941998,69.85028728697216,0.0,0.10871481004869565,0.108715;0.104403;0.108879,27.85416603861021,35901.27231286854,,164.89386749267578,0,3903,10,True,nid005367,58078630
SEISMIC,n_postings=24000 summary_energy=0.6 centroid_fraction=0.4 max_fraction=6.0 doc_cut=15 nknn=0 n_knn=0 sorted=True query_cut=4 heap_factor=0.9,128,0.9476556495003843,0.9984627209838586,3354.467744941998,69.85028728697216,0.0,0.10076518304413185,0.102009;0.095470;0.100765,25.817366908565678,38733.61693086603,,164.89386749267578,0,3903,10,True,nid005367,58078630
SEISMIC,n_postings=24000 summary_energy=0.6 centroid_fraction=0.4 max_fraction=6.0 doc_cut=15 nknn=0 n_knn=0 sorted=True query_cut=5 heap_factor=0.9,128,0.9512170125544454,0.9989751473225724,3354.467744941998,69.85028728697216,0.0,0.1047815759666264,0.104782;0.110129;0.102820,26.84641966862065,37248.91484017314,,164.89386749267578,0,3903,10,True,nid005367,58078630
SEISMIC,n_postings=24000 summary_energy=0.8 centroid_fraction=0.4 max_fraction=6.0 doc_cut=15 nknn=0 n_knn=0 sorted=True query_cut=3 heap_factor=1.0,128,0.9523699718165514,0.9979502946451447,3354.4215320349904,66.77066923098755,0.0,0.10945660798461176,0.109457;0.114605;0.105966,28.04422443879369,35657.9659452695,,164.8906707763672,0,3903,10,True,nid005931,57897539
SEISMIC,n_postings=24000 summary_energy=0.6 centroid_fraction=0.4 max_fraction=6.0 doc_cut=15 nknn=0 n_knn=0 sorted=True query_cut=6 heap_factor=0.9,128,0.9532410965923649,0.9989751473225724,3354.467744941998,69.85028728697216,0.0,0.10855313698993996,0.108553;0.114852;0.108376,27.812743271826786,35954.74168896387,,164.89386749267578,0,3903,10,True,nid005367,58078630
SEISMIC,n_postings=24000 summary_energy=0.6 centroid_fraction=0.4 max_fraction=6.0 doc_cut=15 nknn=0 n_knn=0 sorted=True query_cut=7 heap_factor=0.9,128,0.9545734050730208,0.9989751473225724,3354.467744941998,69.85028728697216,0.0,0.11538509500678629,0.114932;0.122856;0.115385,29.563180888236303,33825.85939518833,,164.89386749267578,0,3903,10,True,nid005367,58078630
SEISMIC,n_postings=24000 summary_energy=0.6 centroid_fraction=0.4 max_fraction=6.0 doc_cut=15 nknn=0 n_knn=0 sorted=False query_cut=4 heap_factor=0.9,128,0.9547783756085063,0.9984627209838586,3354.467744941998,69.85028728697216,0.0,0.11264797201147303,0.112648;0.118282;0.109374,28.86189393068743,34647.76089890447,,164.89386749267578,0,3903,10,True,nid005367,58078630
SEISMIC,n_postings=24000 summary_energy=0.6 centroid_fraction=0.4 max_fraction=6.0 doc_cut=15 nknn=0 n_knn=0 sorted=True query_cut=8 heap_factor=0.9,128,0.9552395593133487,0.9989751473225724,3354.467744941998,69.85028728697216,0.0,0.12546291499165818,0.125463;0.118149;0.129482,32.14525108676868,31108.79418240445,,164.89386749267578,0,3903,10,True,nid005367,58078630
SEISMIC,n_postings=24000 summary_energy=0.6 centroid_fraction=0.4 max_fraction=6.0 doc_cut=15 nknn=0 n_knn=0 sorted=True query_cut=10 heap_factor=0.9,128,0.9560594414552908,0.9989751473225724,3354.467744941998,69.85028728697216,0.0,0.13384010904701427,0.133840;0.137918;0.130934,34.291598526009295,29161.66183508552,,164.89386749267578,0,3903,10,True,nid005367,58078630
SEISMIC,n_postings=24000 summary_energy=0.8 centroid_fraction=0.2 max_fraction=6.0 doc_cut=15 nknn=0 n_knn=0 sorted=True query_cut=3 heap_factor=1.0,128,0.9579810402254676,0.9979502946451447,2044.6105190329836,62.09201313799713,0.0,0.12276837101671845,0.122768;0.131195;0.120538,31.45487343497782,31791.576019759148,,164.89431381225586,0,3903,10,True,nid006962,58078627
SEISMIC,n_postings=24000 summary_energy=0.6 centroid_fraction=0.4 max_fraction=6.0 doc_cut=15 nknn=0 n_knn=0 sorted=False query_cut=5 heap_factor=0.9,128,0.9582628747117602,0.9989751473225724,3354.467744941998,69.85028728697216,0.0,0.11709939799038693,0.114554;0.117099;0.120824,30.00240788890262,33330.65811594018,,164.89386749267578,0,3903,10,True,nid005367,58078630
SEISMIC,n_postings=24000 summary_energy=0.8 centroid_fraction=0.4 max_fraction=6.0 doc_cut=15 nknn=0 n_knn=0 sorted=False query_cut=3 heap_factor=1.0,128,0.9589546502690238,0.9979502946451447,3354.4215320349904,66.77066923098755,0.0,0.1202238230034709,0.120224;0.119342;0.123743,30.802926723922855,32464.44758196817,,164.8906707763672,0,3903,10,True,nid005931,57897539
SEISMIC,n_postings=36000 summary_energy=0.8 centroid_fraction=0.2 max_fraction=6.0 doc_cut=15 nknn=0 n_knn=0 sorted=True query_cut=2 heap_factor=1.0,128,0.9596208045093518,0.9959005892902896,3174.678242673981,64.87436845595948,0.0,0.13795311795547605,0.137491;0.143955;0.137953,35.34540557403947,28292.220269060403,,183.87897491455078,0,3903,10,True,nid007114,58078628
SEISMIC,n_postings=24000 summary_energy=0.6 centroid_fraction=0.4 max_fraction=6.0 doc_cut=15 nknn=0 n_knn=0 sorted=False query_cut=6 heap_factor=0.9,128,0.9602100947988726,0.9989751473225724,3354.467744941998,69.85028728697216,0.0,0.1237144049955532,0.122550;0.126816;0.123714,31.6972597990144,31548.46842726431,,164.89386749267578,0,3903,10,True,nid005367,58078630
SEISMIC,n_postings=24000 summary_energy=0.8 centroid_fraction=0.2 max_fraction=6.0 doc_cut=15 nknn=0 n_knn=0 sorted=False query_cut=3 heap_factor=1.0,128,0.9610043556238791,0.9979502946451447,2044.6105190329836,62.09201313799713,0.0,0.14825018198462203,0.148250;0.143793;0.152682,37.98364898401795,26327.11776640421,,164.89431381225586,0,3903,10,True,nid006962,58078627
SEISMIC,n_postings=24000 summary_energy=0.6 centroid_fraction=0.4 max_fraction=6.0 doc_cut=15 nknn=0 n_knn=0 sorted=False query_cut=7 heap_factor=0.9,128,0.961337432744043,0.9989751473225724,3354.467744941998,69.85028728697216,0.0,0.1342753599747084,0.134275;0.128134;0.135335,34.40311554565934,29067.134884130297,,164.89386749267578,0,3903,10,True,nid005367,58078630
SEISMIC,n_postings=24000 summary_energy=0.6 centroid_fraction=0.4 max_fraction=6.0 doc_cut=15 nknn=0 n_knn=0 sorted=False query_cut=8 heap_factor=0.9,128,0.962003586984371,0.9989751473225724,3354.467744941998,69.85028728697216,0.0,0.13716188998660073,0.139975;0.132525;0.137162,35.1426825484501,28455.425923201277,,164.89386749267578,0,3903,10,True,nid005367,58078630
SEISMIC,n_postings=24000 summary_energy=0.6 centroid_fraction=0.4 max_fraction=6.0 doc_cut=15 nknn=0 n_knn=0 sorted=False query_cut=10 heap_factor=0.9,128,0.9627722264924418,0.9989751473225724,3354.467744941998,69.85028728697216,0.0,0.1468065830413252,0.146807;0.149989;0.146715,37.61377992347559,26586.001248331813,,164.89386749267578,0,3903,10,True,nid005367,58078630
SEISMIC,n_postings=24000 summary_energy=0.8 centroid_fraction=0.4 max_fraction=6.0 doc_cut=15 nknn=0 n_knn=0 sorted=True query_cut=5 heap_factor=1.0,128,0.9631821675634128,0.9992313604919293,3354.4215320349904,66.77066923098755,0.0,0.13521819000015967,0.135218;0.127582;0.137180,34.64468101464506,28864.459729829185,,164.8906707763672,0,3903,10,True,nid005931,57897539
SEISMIC,n_postings=36000 summary_energy=0.8 centroid_fraction=0.2 max_fraction=6.0 doc_cut=15 nknn=0 n_knn=0 sorted=False query_cut=2 heap_factor=1.0,128,0.9645144760440687,0.9959005892902896,3174.678242673981,64.87436845595948,0.0,0.1652786000049673,0.165815;0.165279;0.159873,42.346553934144836,23614.672437222354,,183.87897491455078,0,3903,10,True,nid007114,58078628
SEISMIC,n_postings=24000 summary_energy=0.8 centroid_fraction=0.4 max_fraction=6.0 doc_cut=15 nknn=0 n_knn=0 sorted=True query_cut=3 heap_factor=0.9,128,0.9661286190110172,0.9979502946451447,3354.4215320349904,66.77066923098755,0.0,0.16346314700786024,0.164684;0.156163;0.163463,41.88141096793755,23876.941509099426,,164.8906707763672,0,3903,10,True,nid005931,57897539
SEISMIC,n_postings=24000 summary_energy=0.8 centroid_fraction=0.2 max_fraction=6.0 doc_cut=15 nknn=0 n_knn=0 sorted=True query_cut=3 heap_factor=0.9,128,0.9662054829618243,0.9979502946451447,2044.6105190329836,62.09201313799713,0.0,0.19680394796887413,0.199101;0.192836;0.196804,50.423763251056656,19831.919228659404,,164.89431381225586,0,3903,10,True,nid006962,58078627
SEISMIC,n_postings=24000 summary_energy=0.8 centroid_fraction=0.2 max_fraction=6.0 doc_cut=15 nknn=0 n_knn=0 sorted=False query_cut=3 heap_factor=0.9,128,0.9662567255956956,0.9979502946451447,2044.6105190329836,62.09201313799713,0.0,0.23572316800709814,0.242103;0.232212;0.235723,60.39537996594879,16557.557888762432,,164.89431381225586,0,3903,10,True,nid006962,58078627
SEISMIC,n_postings=24000 summary_energy=0.8 centroid_fraction=0.4 max_fraction=6.0 doc_cut=15 nknn=0 n_knn=0 sorted=False query_cut=3 heap_factor=0.9,128,0.9662823469126313,0.9979502946451447,3354.4215320349904,66.77066923098755,0.0,0.18489563002367504,0.189186;0.179621;0.184896,47.37269536860749,21109.2063100693,,164.8906707763672,0,3903,10,True,nid005931,57897539
SEISMIC,n_postings=36000 summary_energy=0.6 centroid_fraction=0.2 max_fraction=6.0 doc_cut=15 nknn=0 n_knn=0 sorted=True query_cut=3 heap_factor=0.9,128,0.968127081732001,0.9994875736612862,3220.770337468013,66.66718570800731,0.0,0.1431382920127362,0.143138;0.140747;0.145969,36.67391545291729,27267.336679221502,,164.89300918579102,0,3903,10,True,nid007028,58081634
SEISMIC,n_postings=24000 summary_energy=0.8 centroid_fraction=0.2 max_fraction=6.0 doc_cut=15 nknn=0 n_knn=0 sorted=True query_cut=5 heap_factor=1.0,128,0.9686907507045862,0.9992313604919293,2044.6105190329836,62.09201313799713,0.0,0.14655092300381511,0.146551;0.143522;0.147349,37.54827645498722,26632.380881684345,,164.89431381225586,0,3903,10,True,nid006962,58078627
SEISMIC,n_postings=24000 summary_energy=0.8 centroid_fraction=0.4 max_fraction=6.0 doc_cut=15 nknn=0 n_knn=0 sorted=False query_cut=5 heap_factor=1.0,128,0.9694337688957212,0.9992313604919293,3354.4215320349904,66.77066923098755,0.0,0.14264815297792666,0.145706;0.142648;0.139535,36.54833537738321,27361.027244453348,,164.8906707763672,0,3903,10,True,nid005931,57897539
SEISMIC,n_postings=24000 summary_energy=0.8 centroid_fraction=0.2 max_fraction=6.0 doc_cut=15 nknn=0 n_knn=0 sorted=False query_cut=5 heap_factor=1.0,128,0.9715603382013835,0.9992313604919293,2044.6105190329836,62.09201313799713,0.0,0.1651522780302912,0.168636;0.165152;0.164627,42.31418858065365,23632.734870808963,,164.89431381225586,0,3903,10,True,nid006962,58078627
SEISMIC,n_postings=48000 summary_energy=0.8 centroid_fraction=0.2 max_fraction=6.0 doc_cut=15 nknn=0 n_knn=0 sorted=True query_cut=2 heap_factor=1.0,128,0.9725083269280042,0.9976940814757879,4570.262169694994,62.093722063000314,0.0,0.16707058594329283,0.165873;0.172962;0.167071,42.805684330846226,23361.38332168631,,224.13099670410156,0,3903,10,True,nid005309,58078629
SEISMIC,n_postings=24000 summary_energy=0.8 centroid_fraction=0.4 max_fraction=6.0 doc_cut=15 nknn=0 n_knn=0 sorted=True query_cut=4 heap_factor=0.9,128,0.9727132974634897,0.9987189341532154,3354.4215320349904,66.77066923098755,0.0,0.17340485099703074,0.181063;0.173095;0.173405,44.4286064558111,22508.02084001002,,164.8906707763672,0,3903,10,True,nid005931,57897539
SEISMIC,n_postings=24000 summary_energy=0.8 centroid_fraction=0.2 max_fraction=6.0 doc_cut=15 nknn=0 n_knn=0 sorted=True query_cut=4 heap_factor=0.9,128,0.9727901614142968,0.9987189341532154,2044.6105190329836,62.09201313799713,0.0,0.21296007500495762,0.221452;0.212784;0.212960,54.56317576350438,18327.37896955164,,164.89431381225586,0,3903,10,True,nid006962,58078627
SEISMIC,n_postings=24000 summary_energy=0.8 centroid_fraction=0.2 max_fraction=6.0 doc_cut=15 nknn=0 n_knn=0 sorted=False query_cut=4 heap_factor=0.9,128,0.9728414040481681,0.9987189341532154,2044.6105190329836,62.09201313799713,0.0,0.2543486389913596,0.248977;0.255287;0.254349,65.1674709175915,15345.079161727252,,164.89431381225586,0,3903,10,True,nid006962,58078627
SEISMIC,n_postings=24000 summary_energy=0.8 centroid_fraction=0.4 max_fraction=6.0 doc_cut=15 nknn=0 n_knn=0 sorted=False query_cut=4 heap_factor=0.9,128,0.9728670253651037,0.9987189341532154,3354.4215320349904,66.77066923098755,0.0,0.1943505399976857,0.194305;0.201826;0.194351,49.795167819032976,20082.26990285942,,164.8906707763672,0,3903,10,True,nid005931,57897539
SEISMIC,n_postings=36000 summary_energy=0.6 centroid_fraction=0.2 max_fraction=6.0 doc_cut=15 nknn=0 n_knn=0 sorted=False query_cut=3 heap_factor=0.9,128,0.973763771457853,0.9994875736612862,3220.770337468013,66.66718570800731,0.0,0.1641744750086218,0.168785;0.157035;0.164174,42.06366256946498,23773.488538915866,,164.89300918579102,0,3903,10,True,nid007028,58081634
SEISMIC,n_postings=36000 summary_energy=0.6 centroid_fraction=0.2 max_fraction=6.0 doc_cut=15 nknn=0 n_knn=0 sorted=True query_cut=4 heap_factor=0.9,128,0.9741993338457596,1.0,3220.770337468013,66.66718570800731,0.0,0.15644763800082728,0.161562;0.155736;0.156448,40.083945170593715,24947.6441439107,,164.89300918579102,0,3903,10,True,nid007028,58081634
SEISMIC,n_postings=24000 summary_energy=0.8 centroid_fraction=0.4 max_fraction=6.0 doc_cut=15 nknn=0 n_knn=0 sorted=True query_cut=5 heap_factor=0.9,128,0.9758647194465796,0.9992313604919293,3354.4215320349904,66.77066923098755,0.0,0.1878629959828686,0.187863;0.192784;0.184271,48.132973605654264,20775.77853786553,,164.8906707763672,0,3903,10,True,nid005931,57897539
SEISMIC,n_postings=24000 summary_energy=0.8 centroid_fraction=0.2 max_fraction=6.0 doc_cut=15 nknn=0 n_knn=0 sorted=True query_cut=5 heap_factor=0.9,128,0.9759415833973867,0.9992313604919293,2044.6105190329836,62.09201313799713,0.0,0.22542141703888774,0.225421;0.231948;0.220197,57.755935700458046,17314.23771205683,,164.89431381225586,0,3903,10,True,nid006962,58078627
SEISMIC,n_postings=24000 summary_energy=0.8 centroid_fraction=0.2 max_fraction=6.0 doc_cut=15 nknn=0 n_knn=0 sorted=False query_cut=5 heap_factor=0.9,128,0.975992826031258,0.9992313604919293,2044.6105190329836,62.09201313799713,0.0,0.27176057401811704,0.272654;0.261284;0.271761,69.62863797543353,14361.906667667712,,164.89431381225586,0,3903,10,True,nid006962,58078627
SEISMIC,n_postings=24000 summary_energy=0.8 centroid_fraction=0.4 max_fraction=6.0 doc_cut=15 nknn=0 n_knn=0 sorted=False query_cut=5 heap_factor=0.9,128,0.9760184473481937,0.9992313604919293,3354.4215320349904,66.77066923098755,0.0,0.2074030399962794,0.204389;0.207403;0.210746,53.13939021170366,18818.43197703378,,164.8906707763672,0,3903,10,True,nid005931,57897539
SEISMIC,n_postings=48000 summary_energy=0.6 centroid_fraction=0.2 max_fraction=6.0 doc_cut=15 nknn=0 n_knn=0 sorted=True query_cut=3 heap_factor=0.9,128,0.9762490392006149,0.9997437868306431,4535.833200555993,66.14287651900668,0.0,0.2018948330078274,0.201895;0.198144;0.204286,51.728115041718524,19331.846892033547,,177.66421508789062,0,3903,10,True,nid007127,58081635
SEISMIC,n_postings=36000 summary_energy=0.6 centroid_fraction=0.2 max_fraction=6.0 doc_cut=15 nknn=0 n_knn=0 sorted=True query_cut=5 heap_factor=0.9,128,0.9762746605175506,1.0,3220.770337468013,66.66718570800731,0.0,0.16954029398038983,0.165192;0.175325;0.169540,43.43845605441707,23021.076042556862,,164.89300918579102,0,3903,10,True,nid007028,58081634
SEISMIC,n_postings=48000 summary_energy=0.8 centroid_fraction=0.2 max_fraction=6.0 doc_cut=15 nknn=0 n_knn=0 sorted=False query_cut=2 heap_factor=1.0,128,0.9763771457852933,0.9976940814757879,4570.262169694994,62.093722063000314,0.0,0.19036126596620306,0.189193;0.195357;0.190361,48.773063275993614,20503.12063323293,,224.1384391784668,0,3903,10,True,nid005309,58078629
SEISMIC,n_postings=24000 summary_energy=0.6 centroid_fraction=0.4 max_fraction=6.0 doc_cut=15 nknn=0 n_knn=0 sorted=True query_cut=10 heap_factor=0.8,128,0.9765821163207788,0.9992313604919293,3354.467744941998,69.85028728697216,0.0,0.19850111997220665,0.190860;0.199520;0.198501,50.85860106897429,19662.35757534508,,164.89386749267578,0,3903,10,True,nid005367,58078630
SEISMIC,n_postings=24000 summary_energy=0.6 centroid_fraction=0.4 max_fraction=6.0 doc_cut=15 nknn=0 n_knn=0 sorted=True query_cut=12 heap_factor=0.8,128,0.9773251345119139,0.9992313604919293,3354.467744941998,69.85028728697216,0.0,0.20840124803362414,0.209938;0.206016;0.208401,53.3951442566293,18728.294752679587,,164.89386749267578,0,3903,10,True,nid005367,58078630
SEISMIC,n_postings=24000 summary_energy=0.8 centroid_fraction=0.4 max_fraction=6.0 doc_cut=15 nknn=0 n_knn=0 sorted=True query_cut=6 heap_factor=0.9,128,0.977735075582885,0.9992313604919293,3354.4215320349904,66.77066923098755,0.0,0.19826597601058893,0.198266;0.203564;0.195736,50.79835408931308,19685.67718241051,,164.8906707763672,0,3903,10,True,nid005931,57897539
SEISMIC,n_postings=24000 summary_energy=0.6 centroid_fraction=0.4 max_fraction=6.0 doc_cut=15 nknn=0 n_knn=0 sorted=False query_cut=10 heap_factor=0.8,128,0.9777606968998207,0.9992313604919293,3354.467744941998,69.85028728697216,0.0,0.2263293329742737,0.229087;0.217592;0.226329,57.98855571977292,17244.781967539508,,164.89386749267578,0,3903,10,True,nid005367,58078630
SEISMIC,n_postings=36000 summary_energy=0.6 centroid_fraction=0.2 max_fraction=6.0 doc_cut=15 nknn=0 n_knn=0 sorted=True query_cut=6 heap_factor=0.9,128,0.9777606968998207,1.0,3220.770337468013,66.66718570800731,0.0,0.18088986800285056,0.180047;0.187369;0.180890,46.34636638556253,21576.664536780438,,164.89300918579102,0,3903,10,True,nid007028,58081634
SEISMIC,n_postings=24000 summary_energy=0.8 centroid_fraction=0.2 max_fraction=6.0 doc_cut=15 nknn=0 n_knn=0 sorted=True query_cut=6 heap_factor=0.9,128,0.977811939533692,0.9992313604919293,2044.6105190329836,62.09201313799713,0.0,0.24005929700797424,0.240059;0.243917;0.234640,61.50635332000364,16258.483002515628,,164.89431381225586,0,3903,10,True,nid006962,58078627
SEISMIC,n_postings=24000 summary_energy=0.8 centroid_fraction=0.2 max_fraction=6.0 doc_cut=15 nknn=0 n_knn=0 sorted=False query_cut=6 heap_factor=0.9,128,0.9778631821675634,0.9992313604919293,2044.6105190329836,62.09201313799713,0.0,0.27863797603640705,0.278638;0.281820;0.275066,71.39071894348119,14007.423020794664,,164.89431381225586,0,3903,10,True,nid006962,58078627
SEISMIC,n_postings=24000 summary_energy=0.8 centroid_fraction=0.4 max_fraction=6.0 doc_cut=15 nknn=0 n_knn=0 sorted=False query_cut=6 heap_factor=0.9,128,0.9778888034844991,0.9992313604919293,3354.4215320349904,66.77066923098755,0.0,0.22477595199598,0.222616;0.226154;0.224776,57.590559056105555,17363.95715530015,,164.8906707763672,0,3903,10,True,nid005931,57897539
SEISMIC,n_postings=24000 summary_energy=0.6 centroid_fraction=0.4 max_fraction=6.0 doc_cut=15 nknn=0 n_knn=0 sorted=True query_cut=14 heap_factor=0.8,128,0.9780937740199847,0.9992313604919293,3354.467744941998,69.85028728697216,0.0,0.2161808559903875,0.213368;0.225015;0.216181,55.38838226758583,18054.327623596546,,164.89386749267578,0,3903,10,True,nid005367,58078630
SEISMIC,n_postings=36000 summary_energy=0.6 centroid_fraction=0.2 max_fraction=6.0 doc_cut=15 nknn=0 n_knn=0 sorted=True query_cut=7 heap_factor=0.9,128,0.9784268511401486,1.0,3220.770337468013,66.66718570800731,0.0,0.18850855604978278,0.188509;0.193613;0.184835,48.29837459640861,20704.630504778073,,164.89300918579102,0,3903,10,True,nid007028,58081634
SEISMIC,n_postings=24000 summary_energy=0.6 centroid_fraction=0.4 max_fraction=6.0 doc_cut=15 nknn=0 n_knn=0 sorted=False query_cut=12 heap_factor=0.8,128,0.9785037150909557,0.9992313604919293,3354.467744941998,69.85028728697216,0.0,0.23245470400433987,0.241560;0.231110;0.232455,59.55795644487314,16790.36789862997,,164.89386749267578,0,3903,10,True,nid005367,58078630
SEISMIC,n_postings=24000 summary_energy=0.8 centroid_fraction=0.4 max_fraction=6.0 doc_cut=15 nknn=0 n_knn=0 sorted=True query_cut=7 heap_factor=0.9,128,0.9788624135280554,0.9992313604919293,3354.4215320349904,66.77066923098755,0.0,0.208326672000112,0.206885;0.210810;0.208327,53.37603689472509,18734.999040343242,,164.8906707763672,0,3903,10,True,nid005931,57897539
SEISMIC,n_postings=24000 summary_energy=0.8 centroid_fraction=0.2 max_fraction=6.0 doc_cut=15 nknn=0 n_knn=0 sorted=True query_cut=7 heap_factor=0.9,128,0.9789392774788624,0.9992313604919293,2044.6105190329836,62.09201313799713,0.0,0.2444172069663182,0.243931;0.252452;0.244417,62.62290724220296,15968.597499511772,,164.89431381225586,0,3903,10,True,nid006962,58078627
SEISMIC,n_postings=24000 summary_energy=0.8 centroid_fraction=0.2 max_fraction=6.0 doc_cut=15 nknn=0 n_knn=0 sorted=False query_cut=7 heap_factor=0.9,128,0.9789905201127338,0.9992313604919293,2044.6105190329836,62.09201313799713,0.0,0.290622241969686,0.293626;0.283238;0.290622,74.46124570066256,13429.804868159785,,164.89431381225586,0,3903,10,True,nid006962,58078627
SEISMIC,n_postings=24000 summary_energy=0.8 centroid_fraction=0.4 max_fraction=6.0 doc_cut=15 nknn=0 n_knn=0 sorted=False query_cut=7 heap_factor=0.9,128,0.9790161414296695,0.9992313604919293,3354.4215320349904,66.77066923098755,0.0,0.23505865098559298,0.238245;0.227816;0.235059,60.22512195377735,16604.366542711163,,164.8906707763672,0,3903,10,True,nid005931,57897539
SEISMIC,n_postings=36000 summary_energy=0.6 centroid_fraction=0.2 max_fraction=6.0 doc_cut=15 nknn=0 n_knn=0 sorted=True query_cut=8 heap_factor=0.9,128,0.9790417627466051,1.0,3220.770337468013,66.66718570800731,0.0,0.201521317998413,0.203098;0.194360;0.201521,51.63241557735409,19367.67801424729,,164.89300918579102,0,3903,10,True,nid007028,58081634
SEISMIC,n_postings=36000 summary_energy=0.6 centroid_fraction=0.2 max_fraction=6.0 doc_cut=15 nknn=0 n_knn=0 sorted=False query_cut=4 heap_factor=0.9,128,0.979144248014348,1.0,3220.770337468013,66.66718570800731,0.0,0.17554968898184597,0.173252;0.178994;0.175550,44.978142193657696,22233.021446159433,,164.89300918579102,0,3903,10,True,nid007028,58081634
SEISMIC,n_postings=24000 summary_energy=0.6 centroid_fraction=0.4 max_fraction=6.0 doc_cut=15 nknn=0 n_knn=0 sorted=False query_cut=14 heap_factor=0.8,128,0.9792723545990264,0.9992313604919293,3354.467744941998,69.85028728697216,0.0,0.24399378901580349,0.243994;0.251293;0.243450,62.51442198713899,15996.308823038125,,164.89386749267578,0,3903,10,True,nid005367,58078630
SEISMIC,n_postings=24000 summary_energy=0.8 centroid_fraction=0.4 max_fraction=6.0 doc_cut=15 nknn=0 n_knn=0 sorted=True query_cut=8 heap_factor=0.9,128,0.9796054317191903,0.9992313604919293,3354.4215320349904,66.77066923098755,0.0,0.22142374800750986,0.221424;0.214605;0.222867,56.73168024788877,17626.835581645133,,164.8906707763672,0,3903,10,True,nid005931,57897539
SEISMIC,n_postings=24000 summary_energy=0.6 centroid_fraction=0.4 max_fraction=6.0 doc_cut=15 nknn=0 n_knn=0 sorted=True query_cut=20 heap_factor=0.8,128,0.9796054317191903,0.9992313604919293,3354.467744941998,69.85028728697216,0.0,0.25524722202681005,0.253186;0.260144;0.255247,65.3976997250346,15291.05770087498,,164.89386749267578,0,3903,10,True,nid005367,58078630
SEISMIC,n_postings=24000 summary_energy=0.8 centroid_fraction=0.2 max_fraction=6.0 doc_cut=15 nknn=0 n_knn=0 sorted=True query_cut=8 heap_factor=0.9,128,0.9796822956699974,0.9992313604919293,2044.6105190329836,62.09201313799713,0.0,0.25756760803051293,0.260420;0.251920;0.257568,65.99221317717472,15153.30297099171,,164.89431381225586,0,3903,10,True,nid006962,58078627
SEISMIC,n_postings=24000 summary_energy=0.8 centroid_fraction=0.2 max_fraction=6.0 doc_cut=15 nknn=0 n_knn=0 sorted=False query_cut=8 heap_factor=0.9,128,0.9797335383038688,0.9992313604919293,2044.6105190329836,62.09201313799713,0.0,0.29307399300159886,0.295876;0.292882;0.293074,75.08941660302303,13317.455977674235,,164.89431381225586,0,3903,10,True,nid006962,58078627
SEISMIC,n_postings=24000 summary_energy=0.8 centroid_fraction=0.4 max_fraction=6.0 doc_cut=15 nknn=0 n_knn=0 sorted=False query_cut=8 heap_factor=0.9,128,0.9797591596208045,0.9992313604919293,3354.4215320349904,66.77066923098755,0.0,0.24495479901088402,0.244955;0.239289;0.247159,62.76064540376224,15933.551886960904,,164.8906707763672,0,3903,10,True,nid005931,57897539
SEISMIC,n_postings=36000 summary_energy=0.6 centroid_fraction=0.2 max_fraction=6.0 doc_cut=15 nknn=0 n_knn=0 sorted=True query_cut=10 heap_factor=0.9,128,0.9798104022546759,1.0,3220.770337468013,66.66718570800731,0.0,0.2173926680115983,0.217393;0.220088;0.214402,55.698864466205045,17953.68737915194,,164.89300918579102,0,3903,10,True,nid007028,58081634
SEISMIC,n_postings=36000 summary_energy=0.8 centroid_fraction=0.2 max_fraction=6.0 doc_cut=15 nknn=0 n_knn=0 sorted=True query_cut=3 heap_factor=1.0,128,0.9802203433256469,0.9994875736612862,3174.678242673981,64.87436845595948,0.0,0.17226318799657747,0.172263;0.180345;0.170534,44.13609736012746,22657.191274537105,,183.87897491455078,0,3903,10,True,nid007114,58078628
SEISMIC,n_postings=24000 summary_energy=0.8 centroid_fraction=0.4 max_fraction=6.0 doc_cut=15 nknn=0 n_knn=0 sorted=True query_cut=10 heap_factor=0.9,128,0.9802715859595184,0.9992313604919293,3354.4215320349904,66.77066923098755,0.0,0.23355043900664896,0.233550;0.236855;0.231259,59.83869818259005,16711.593506740894,,164.8906707763672,0,3903,10,True,nid005931,57897539
SEISMIC,n_postings=24000 summary_energy=0.8 centroid_fraction=0.2 max_fraction=6.0 doc_cut=15 nknn=0 n_knn=0 sorted=True query_cut=10 heap_factor=0.9,128,0.9803484499103254,0.9992313604919293,2044.6105190329836,62.09201313799713,0.0,0.26761185901705176,0.267612;0.270475;0.262618,68.56568255625206,14584.555461539945,,164.89431381225586,0,3903,10,True,nid006962,58078627
SEISMIC,n_postings=24000 summary_energy=0.8 centroid_fraction=0.2 max_fraction=6.0 doc_cut=15 nknn=0 n_knn=0 sorted=False query_cut=10 heap_factor=0.9,128,0.9803996925441968,0.9992313604919293,2044.6105190329836,62.09201313799713,0.0,0.3076286989962682,0.306790;0.316214;0.307629,78.8185239549752,12687.372838537885,,164.89431381225586,0,3903,10,True,nid006962,58078627
SEISMIC,n_postings=24000 summary_energy=0.8 centroid_fraction=0.4 max_fraction=6.0 doc_cut=15 nknn=0 n_knn=0 sorted=False query_cut=10 heap_factor=0.9,128,0.9804253138611324,0.9992313604919293,3354.4215320349904,66.77066923098755,0.0,0.2578782770142425,0.257027;0.266201;0.257878,66.07181066211696,15135.047609242554,,164.8906707763672,0,3903,10,True,nid005931,57897539
SEISMIC,n_postings=24000 summary_energy=0.8 centroid_fraction=0.4 max_fraction=6.0 doc_cut=15 nknn=0 n_knn=0 sorted=True query_cut=10 heap_factor=0.8,128,0.9804253138611324,0.9992313604919293,3354.4215320349904,66.77066923098755,0.0,0.3594077200104948,0.359408;0.368738;0.352690,92.08499103522799,10859.53301138337,,164.8906707763672,0,3903,10,True,nid005931,57897539
SEISMIC,n_postings=24000 summary_energy=0.8 centroid_fraction=0.4 max_fraction=6.0 doc_cut=15 nknn=0 n_knn=0 sorted=False query_cut=10 heap_factor=0.8,128,0.9804253138611324,0.9992313604919293,3354.4215320349904,66.77066923098755,0.0,0.4007959890004713,0.402339;0.398755;0.400796,102.68921060734597,9738.12140618855,,164.8906707763672,0,3903,10,True,nid005931,57897539
SEISMIC,n_postings=24000 summary_energy=0.8 centroid_fraction=0.2 max_fraction=6.0 doc_cut=15 nknn=0 n_knn=0 sorted=True query_cut=10 heap_factor=0.8,128,0.9804253138611324,0.9992313604919293,2044.6105190329836,62.09201313799713,0.0,0.4504620759980753,0.452556;0.448048;0.450462,115.41431616655785,8664.43638202448,,164.89431381225586,0,3903,10,True,nid006962,58078627
SEISMIC,n_postings=24000 summary_energy=0.8 centroid_fraction=0.2 max_fraction=6.0 doc_cut=15 nknn=0 n_knn=0 sorted=False query_cut=10 heap_factor=0.8,128,0.9804253138611324,0.9992313604919293,2044.6105190329836,62.09201313799713,0.0,0.5176832730066963,0.519167;0.517683;0.513480,132.6372721001015,7539.3589159862895,,164.89431381225586,0,3903,10,True,nid006962,58078627
SEISMIC,n_postings=48000 summary_energy=0.6 centroid_fraction=0.2 max_fraction=6.0 doc_cut=15 nknn=0 n_knn=0 sorted=True query_cut=4 heap_factor=0.9,128,0.980630284396618,1.0,4535.833200555993,66.14287651900668,0.0,0.22421445499639958,0.237080;0.221040;0.224214,57.446696130258665,17407.44146073309,,177.66421508789062,0,3903,10,True,nid007127,58081635
SEISMIC,n_postings=24000 summary_energy=0.6 centroid_fraction=0.4 max_fraction=6.0 doc_cut=15 nknn=0 n_knn=0 sorted=True query_cut=30 heap_factor=0.8,128,0.9806815270304894,0.9997437868306431,3354.467744941998,69.85028728697216,0.0,0.32059417403070256,0.320594;0.326735;0.314837,82.14044940576545,12174.269890588275,,164.89386749267578,0,3903,10,True,nid005367,58078630
SEISMIC,n_postings=24000 summary_energy=0.6 centroid_fraction=0.4 max_fraction=6.0 doc_cut=15 nknn=0 n_knn=0 sorted=False query_cut=20 heap_factor=0.8,128,0.9807583909812965,0.9992313604919293,3354.467744941998,69.85028728697216,0.0,0.2778369899606332,0.277117;0.277837;0.287969,71.18549576239641,14047.80551557594,,164.89386749267578,0,3903,10,True,nid005367,58078630
SEISMIC,n_postings=36000 summary_energy=0.6 centroid_fraction=0.2 max_fraction=6.0 doc_cut=15 nknn=0 n_knn=0 sorted=False query_cut=5 heap_factor=0.9,128,0.9810658467845247,1.0,3220.770337468013,66.66718570800731,0.0,0.18772275501396507,0.187723;0.185791;0.190090,48.09704202253781,20791.299380352946,,164.89300918579102,0,3903,10,True,nid007028,58081634
SEISMIC,n_postings=24000 summary_energy=0.8 centroid_fraction=0.4 max_fraction=6.0 doc_cut=15 nknn=0 n_knn=0 sorted=True query_cut=12 heap_factor=0.8,128,0.9811683320522675,0.9992313604919293,3354.4215320349904,66.77066923098755,0.0,0.3889205050072633,0.390417;0.383733;0.388921,99.64655521579894,10035.46984473629,,164.8906707763672,0,3903,10,True,nid005931,57897539
SEISMIC,n_postings=24000 summary_energy=0.8 centroid_fraction=0.4 max_fraction=6.0 doc_cut=15 nknn=0 n_knn=0 sorted=False query_cut=12 heap_factor=0.8,128,0.9811683320522675,0.9992313604919293,3354.4215320349904,66.77066923098755,0.0,0.43173610299709253,0.434692;0.427527;0.431736,110.61647527468422,9040.244660813747,,164.8906707763672,0,3903,10,True,nid005931,57897539
SEISMIC,n_postings=24000 summary_energy=0.8 centroid_fraction=0.2 max_fraction=6.0 doc_cut=15 nknn=0 n_knn=0 sorted=True query_cut=12 heap_factor=0.8,128,0.9811683320522675,0.9992313604919293,2044.6105190329836,62.09201313799713,0.0,0.48139177495613694,0.486109;0.472185;0.481392,123.33891236385779,8107.74135132581,,164.89431381225586,0,3903,10,True,nid006962,58078627
SEISMIC,n_postings=24000 summary_energy=0.8 centroid_fraction=0.2 max_fraction=6.0 doc_cut=15 nknn=0 n_knn=0 sorted=False query_cut=12 heap_factor=0.8,128,0.9811683320522675,0.9992313604919293,2044.6105190329836,62.09201313799713,0.0,0.5459286609548144,0.546989;0.536219;0.545929,139.87411246600422,7149.2857568125455,,164.89431381225586,0,3903,10,True,nid006962,58078627
SEISMIC,n_postings=48000 summary_energy=0.6 centroid_fraction=0.2 max_fraction=6.0 doc_cut=15 nknn=0 n_knn=0 sorted=False query_cut=3 heap_factor=0.9,128,0.9811683320522675,0.9997437868306431,4535.833200555993,66.14287651900668,0.0,0.21948040201095864,0.225566;0.212176;0.219480,56.233769410955325,17782.908925987493,,177.66421508789062,0,3903,10,True,nid007127,58081635
SEISMIC,n_postings=24000 summary_energy=0.6 centroid_fraction=0.4 max_fraction=6.0 doc_cut=15 nknn=0 n_knn=0 sorted=False query_cut=30 heap_factor=0.8,128,0.9818344862925954,0.9997437868306431,3354.467744941998,69.85028728697216,0.0,0.34549485304160044,0.344617;0.345495;0.350028,88.52033129428656,11296.839781083647,,164.89386749267578,0,3903,10,True,nid005367,58078630
SEISMIC,n_postings=24000 summary_energy=0.8 centroid_fraction=0.4 max_fraction=6.0 doc_cut=15 nknn=0 n_knn=0 sorted=True query_cut=14 heap_factor=0.8,128,0.9818857289264669,0.9992313604919293,3354.4215320349904,66.77066923098755,0.0,0.40297212000587024,0.402242;0.410358;0.402972,103.24676402917505,9685.53357970061,,164.8906707763672,0,3903,10,True,nid005931,57897539
SEISMIC,n_postings=24000 summary_energy=0.8 centroid_fraction=0.4 max_fraction=6.0 doc_cut=15 nknn=0 n_knn=0 sorted=False query_cut=14 heap_factor=0.8,128,0.9818857289264669,0.9992313604919293,3354.4215320349904,66.77066923098755,0.0,0.45138558599865064,0.448784;0.462189;0.451386,115.65093159073805,8646.70942330814,,164.8906707763672,0,3903,10,True,nid005931,57897539
SEISMIC,n_postings=24000 summary_energy=0.8 centroid_fraction=0.2 max_fraction=6.0 doc_cut=15 nknn=0 n_knn=0 sorted=True query_cut=14 heap_factor=0.8,128,0.9818857289264669,0.9992313604919293,2044.6105190329836,62.09201313799713,0.0,0.5021884409943596,0.497198;0.502188;0.505868,128.66729208156792,7771.982947819059,,164.89431381225586,0,3903,10,True,nid006962,58078627
SEISMIC,n_postings=24000 summary_energy=0.8 centroid_fraction=0.2 max_fraction=6.0 doc_cut=15 nknn=0 n_knn=0 sorted=False query_cut=14 heap_factor=0.8,128,0.9818857289264669,0.9992313604919293,2044.6105190329836,62.09201313799713,0.0,0.5662526190280914,0.571732;0.566253;0.559235,145.08137817783538,6892.683351644462,,164.89431381225586,0,3903,10,True,nid006962,58078627
SEISMIC,n_postings=48000 summary_energy=0.6 centroid_fraction=0.2 max_fraction=6.0 doc_cut=15 nknn=0 n_knn=0 sorted=True query_cut=5 heap_factor=0.9,128,0.9820906994619524,1.0,4535.833200555993,66.14287651900668,0.0,0.24786922801285982,0.245753;0.250733;0.247869,63.50736049522414,15746.206301160975,,177.66421508789062,0,3903,10,True,nid007127,58081635
SEISMIC,n_postings=36000 summary_energy=0.6 centroid_fraction=0.2 max_fraction=6.0 doc_cut=15 nknn=0 n_knn=0 sorted=False query_cut=6 heap_factor=0.9,128,0.9823212913143735,1.0,3220.770337468013,66.66718570800731,0.0,0.20200136600760743,0.196314;0.205164;0.202001,51.75541019923327,19321.651517213068,,164.89300918579102,0,3903,10,True,nid007028,58081634
SEISMIC,n_postings=24000 summary_energy=0.6 centroid_fraction=0.4 max_fraction=6.0 doc_cut=15 nknn=0 n_knn=0 sorted=True query_cut=20 heap_factor=0.7,128,0.9829105816038944,0.9992313604919293,3354.467744941998,69.85028728697216,0.0,0.4117391969775781,0.422300;0.403733;0.411739,105.49300460609227,9479.301530314453,,164.89386749267578,0,3903,10,True,nid005367,58078630
SEISMIC,n_postings=36000 summary_energy=0.6 centroid_fraction=0.2 max_fraction=6.0 doc_cut=15 nknn=0 n_knn=0 sorted=False query_cut=7 heap_factor=0.9,128,0.9829874455547015,1.0,3220.770337468013,66.66718570800731,0.0,0.21283585403580219,0.212836;0.211720;0.213768,54.53134871529648,18338.075685985958,,164.89300918579102,0,3903,10,True,nid007028,58081634
SEISMIC,n_postings=24000 summary_energy=0.6 centroid_fraction=0.4 max_fraction=6.0 doc_cut=15 nknn=0 n_knn=0 sorted=False query_cut=20 heap_factor=0.7,128,0.9830643095055086,0.9992313604919293,3354.467744941998,69.85028728697216,0.0,0.4720900690299459,0.474169;0.462003;0.472090,120.95569280808246,8267.490159282344,,164.89386749267578,0,3903,10,True,nid005367,58078630
SEISMIC,n_postings=24000 summary_energy=0.8 centroid_fraction=0.4 max_fraction=6.0 doc_cut=15 nknn=0 n_knn=0 sorted=True query_cut=20 heap_factor=0.8,128,0.9833461439918012,0.9992313604919293,3354.4215320349904,66.77066923098755,0.0,0.46986462001223117,0.469193;0.469865;0.469921,120.38550346201157,8306.647987027412,,164.8906707763672,0,3903,10,True,nid005931,57897539
SEISMIC,n_postings=24000 summary_energy=0.8 centroid_fraction=0.4 max_fraction=6.0 doc_cut=15 nknn=0 n_knn=0 sorted=False query_cut=20 heap_factor=0.8,128,0.9833461439918012,0.9992313604919293,3354.4215320349904,66.77066923098755,0.0,0.5126981209905352,0.508791;0.512698;0.516973,131.36001050231494,7612.666870047007,,164.8906707763672,0,3903,10,True,nid005931,57897539
SEISMIC,n_postings=24000 summary_energy=0.8 centroid_fraction=0.4 max_fraction=6.0 doc_cut=15 nknn=0 n_knn=0 sorted=True query_cut=20 heap_factor=0.7,128,0.9833461439918012,0.9992313604919293,3354.4215320349904,66.77066923098755,0.0,0.7632548770052381,0.769043;0.759565;0.763255,195.55595106462673,5113.626021381078,,164.8906707763672,0,3903,10,True,nid005931,57897539
SEISMIC,n_postings=24000 summary_energy=0.8 centroid_fraction=0.4 max_fraction=6.0 doc_cut=15 nknn=0 n_knn=0 sorted=False query_cut=20 heap_factor=0.7,128,0.9833461439918012,0.9992313604919293,3354.4215320349904,66.77066923098755,0.0,0.8374596089997794,0.830376;0.837460;0.842260,214.56818063022789,4660.523275458683,,164.8906707763672,0,3903,10,True,nid005931,57897539
SEISMIC,n_postings=24000 summary_energy=0.8 centroid_fraction=0.2 max_fraction=6.0 doc_cut=15 nknn=0 n_knn=0 sorted=True query_cut=20 heap_factor=0.8,128,0.9833461439918012,0.9992313604919293,2044.6105190329836,62.09201313799713,0.0,0.5617259800201282,0.553595;0.561726;0.564007,143.9215936510705,6948.227674746581,,164.89431381225586,0,3903,10,True,nid006962,58078627
SEISMIC,n_postings=24000 summary_energy=0.8 centroid_fraction=0.2 max_fraction=6.0 doc_cut=15 nknn=0 n_knn=0 sorted=False query_cut=20 heap_factor=0.8,128,0.9833461439918012,0.9992313604919293,2044.6105190329836,62.09201313799713,0.0,0.6283308009733446,0.621341;0.628331;0.640082,160.98662592194327,6211.696122414943,,164.89431381225586,0,3903,10,True,nid006962,58078627
SEISMIC,n_postings=24000 summary_energy=0.8 centroid_fraction=0.2 max_fraction=6.0 doc_cut=15 nknn=0 n_knn=0 sorted=True query_cut=20 heap_factor=0.7,128,0.9833461439918012,0.9992313604919293,2044.6105190329836,62.09201313799713,0.0,0.9838859679875895,0.983886;0.976727;0.988613,252.0845421438866,3966.9231262471176,,164.89431381225586,0,3903,10,True,nid006962,58078627
SEISMIC,n_postings=24000 summary_energy=0.8 centroid_fraction=0.2 max_fraction=6.0 doc_cut=15 nknn=0 n_knn=0 sorted=False query_cut=20 heap_factor=0.7,128,0.9833461439918012,0.9992313604919293,2044.6105190329836,62.09201313799713,0.0,1.0830512849497609,1.083051;1.088874;1.081040,277.4920022930466,3603.7074644909794,,164.89431381225586,0,3903,10,True,nid006962,58078627
SEISMIC,n_postings=36000 summary_energy=0.8 centroid_fraction=0.2 max_fraction=6.0 doc_cut=15 nknn=0 n_knn=0 sorted=False query_cut=3 heap_factor=1.0,128,0.9834486292595439,0.9994875736612862,3174.678242673981,64.87436845595948,0.0,0.19106905005173758,0.190352;0.191069;0.195281,48.95440687976879,20427.1701719517,,183.87897491455078,0,3903,10,True,nid007114,58078628
SEISMIC,n_postings=48000 summary_energy=0.6 centroid_fraction=0.2 max_fraction=6.0 doc_cut=15 nknn=0 n_knn=0 sorted=True query_cut=6 heap_factor=0.9,128,0.983525493210351,1.0,4535.833200555993,66.14287651900668,0.0,0.267252185032703,0.267252;0.275054;0.267145,68.47352934478683,14604.183683371568,,177.66421508789062,0,3903,10,True,nid007127,58081635
SEISMIC,n_postings=36000 summary_energy=0.6 centroid_fraction=0.2 max_fraction=6.0 doc_cut=15 nknn=0 n_knn=0 sorted=False query_cut=8 heap_factor=0.9,128,0.9835767358442223,1.0,3220.770337468013,66.66718570800731,0.0,0.2206459220033139,0.219700;0.220646;0.224778,56.53239098214551,17688.97410187069,,164.89300918579102,0,3903,10,True,nid007028,58081634
SEISMIC,n_postings=24000 summary_energy=0.6 centroid_fraction=0.4 max_fraction=6.0 doc_cut=15 nknn=0 n_knn=0 sorted=True query_cut=30 heap_factor=0.7,128,0.9839610555982577,0.9997437868306431,3354.467744941998,69.85028728697216,0.0,0.47476908698445186,0.478438;0.473447;0.474769,121.6420924889705,8220.838523397415,,164.89386749267578,0,3903,10,True,nid005367,58078630
SEISMIC,n_postings=24000 summary_energy=0.6 centroid_fraction=0.4 max_fraction=6.0 doc_cut=15 nknn=0 n_knn=0 sorted=False query_cut=30 heap_factor=0.7,128,0.9841147834998719,0.9997437868306431,3354.467744941998,69.85028728697216,0.0,0.521319406980183,0.521319;0.539587;0.514612,133.56889750965487,7486.7728838423345,,164.89386749267578,0,3903,10,True,nid005367,58078630
SEISMIC,n_postings=36000 summary_energy=0.6 centroid_fraction=0.2 max_fraction=6.0 doc_cut=15 nknn=0 n_knn=0 sorted=False query_cut=10 heap_factor=0.9,128,0.9842685114014861,1.0,3220.770337468013,66.66718570800731,0.0,0.23544990801019594,0.235251;0.240128;0.235450,60.32536715608402,16576.774367781803,,164.89300918579102,0,3903,10,True,nid007028,58081634
SEISMIC,n_postings=48000 summary_energy=0.6 centroid_fraction=0.2 max_fraction=6.0 doc_cut=15 nknn=0 n_knn=0 sorted=True query_cut=7 heap_factor=0.9,128,0.9842685114014861,1.0,4535.833200555993,66.14287651900668,0.0,0.2896824430208653,0.287194;0.289682;0.290538,74.22045683342694,13473.374358828069,,177.66421508789062,0,3903,10,True,nid007127,58081635
SEISMIC,n_postings=24000 summary_energy=0.8 centroid_fraction=0.4 max_fraction=6.0 doc_cut=15 nknn=0 n_knn=0 sorted=True query_cut=30 heap_factor=0.7,128,0.9843966179861645,0.9997437868306431,3354.4215320349904,66.77066923098755,0.0,0.8995889990183059,0.902709;0.899589;0.892268,230.48654855708583,4338.647987313346,,164.8906707763672,0,3903,10,True,nid005931,57897539
SEISMIC,n_postings=24000 summary_energy=0.8 centroid_fraction=0.4 max_fraction=6.0 doc_cut=15 nknn=0 n_knn=0 sorted=False query_cut=30 heap_factor=0.7,128,0.9843966179861645,0.9997437868306431,3354.4215320349904,66.77066923098755,0.0,0.9797249659895897,0.981969;0.970422;0.979725,251.01843863427868,3983.7710944292426,,164.8906707763672,0,3903,10,True,nid005931,57897539
SEISMIC,n_postings=24000 summary_energy=0.8 centroid_fraction=0.4 max_fraction=6.0 doc_cut=15 nknn=0 n_knn=0 sorted=True query_cut=30 heap_factor=0.8,128,0.9843966179861645,0.9997437868306431,3354.4215320349904,66.77066923098755,0.0,0.5742834670236334,0.567194;0.575505;0.574283,147.1389871953967,6796.295251591111,,164.8906707763672,0,3903,10,True,nid005931,57897539
SEISMIC,n_postings=24000 summary_energy=0.8 centroid_fraction=0.4 max_fraction=6.0 doc_cut=15 nknn=0 n_knn=0 sorted=False query_cut=30 heap_factor=0.8,128,0.9843966179861645,0.9997437868306431,3354.4215320349904,66.77066923098755,0.0,0.6186588499986101,0.619733;0.615815;0.618659,158.50854470884192,6308.808158177594,,164.8906707763672,0,3903,10,True,nid005931,57897539
SEISMIC,n_postings=24000 summary_energy=0.8 centroid_fraction=0.2 max_fraction=6.0 doc_cut=15 nknn=0 n_knn=0 sorted=True query_cut=30 heap_factor=0.7,128,0.9843966179861645,0.9997437868306431,2044.6105190329836,62.09201313799713,0.0,1.131515976972878,1.131516;1.121188;1.147601,289.9092946381958,3449.3547412751677,,164.89431381225586,0,3903,10,True,nid006962,58078627
SEISMIC,n_postings=24000 summary_energy=0.8 centroid_fraction=0.2 max_fraction=6.0 doc_cut=15 nknn=0 n_knn=0 sorted=False query_cut=30 heap_factor=0.7,128,0.9843966179861645,0.9997437868306431,2044.6105190329836,62.09201313799713,0.0,1.2363064939854667,1.222186;1.254704;1.236306,316.7580051205398,3156.9841451030034,,164.89431381225586,0,3903,10,True,nid006962,58078627
SEISMIC,n_postings=24000 summary_energy=0.8 centroid_fraction=0.2 max_fraction=6.0 doc_cut=15 nknn=0 n_knn=0 sorted=True query_cut=30 heap_factor=0.8,128,0.9843966179861645,0.9997437868306431,2044.6105190329836,62.09201313799713,0.0,0.6530918090138584,0.649754;0.653092;0.655900,167.33072226847514,5976.188869821179,,164.89431381225586,0,3903,10,True,nid006962,58078627
SEISMIC,n_postings=24000 summary_energy=0.8 centroid_fraction=0.2 max_fraction=6.0 doc_cut=15 nknn=0 n_knn=0 sorted=False query_cut=30 heap_factor=0.8,128,0.9843966179861645,0.9997437868306431,2044.6105190329836,62.09201313799713,0.0,0.7187633899739012,0.720448;0.710813;0.718763,184.15664616292628,5430.159708247968,,164.89431381225586,0,3903,10,True,nid006962,58078627
SEISMIC,n_postings=48000 summary_energy=0.6 centroid_fraction=0.2 max_fraction=6.0 doc_cut=15 nknn=0 n_knn=0 sorted=True query_cut=8 heap_factor=0.9,128,0.98460158852165,1.0,4535.833200555993,66.14287651900668,0.0,0.3039421719731763,0.303942;0.300546;0.308856,77.87398718246895,12841.258502108914,,177.66421508789062,0,3903,10,True,nid007127,58081635
SEISMIC,n_postings=48000 summary_energy=0.6 centroid_fraction=0.2 max_fraction=6.0 doc_cut=15 nknn=0 n_knn=0 sorted=False query_cut=4 heap_factor=0.9,128,0.9847040737893927,1.0,4535.833200555993,66.14287651900668,0.0,0.24257100105751306,0.242571;0.245365;0.242089,62.14988497502256,16090.134364719908,,177.66421508789062,0,3903,10,True,nid007127,58081635
SEISMIC,n_postings=48000 summary_energy=0.6 centroid_fraction=0.2 max_fraction=6.0 doc_cut=15 nknn=0 n_knn=0 sorted=True query_cut=10 heap_factor=0.9,128,0.984934665641814,1.0,4535.833200555993,66.14287651900668,0.0,0.3288550960132852,0.328855;0.338765;0.328689,84.25700640873309,11868.449196366795,,177.66421508789062,0,3903,10,True,nid007127,58081635
SEISMIC,n_postings=24000 summary_energy=0.6 centroid_fraction=0.4 max_fraction=6.0 doc_cut=15 nknn=0 n_knn=0 sorted=True query_cut=50 heap_factor=0.7,128,0.9852421214450423,0.9997437868306431,3354.467744941998,69.85028728697216,0.0,0.5506773020024411,0.560640;0.544166;0.550677,141.09077683895495,7087.6355095941435,,164.89386749267578,0,3903,10,True,nid005367,58078630
SEISMIC,n_postings=24000 summary_energy=0.6 centroid_fraction=0.4 max_fraction=6.0 doc_cut=15 nknn=0 n_knn=0 sorted=False query_cut=50 heap_factor=0.7,128,0.9853958493466565,0.9997437868306431,3354.467744941998,69.85028728697216,0.0,0.6057893459801562,0.605789;0.597762;0.607922,155.21120829622242,6442.833677909962,,164.89386749267578,0,3903,10,True,nid005367,58078630
SEISMIC,n_postings=24000 summary_energy=0.8 centroid_fraction=0.4 max_fraction=6.0 doc_cut=15 nknn=0 n_knn=0 sorted=True query_cut=50 heap_factor=0.7,128,0.985677683832949,0.9997437868306431,3354.4215320349904,66.77066923098755,0.0,1.0580818520102184,1.058082;1.053704;1.072305,271.09450474256175,3688.75053719597,,164.8906707763672,0,3903,10,True,nid005931,57897539
SEISMIC,n_postings=24000 summary_energy=0.8 centroid_fraction=0.4 max_fraction=6.0 doc_cut=15 nknn=0 n_knn=0 sorted=False query_cut=50 heap_factor=0.7,128,0.985677683832949,0.9997437868306431,3354.4215320349904,66.77066923098755,0.0,1.1349253520020284,1.134925;1.127983;1.134931,290.78282141994066,3438.992699489036,,164.8906707763672,0,3903,10,True,nid005931,57897539
SEISMIC,n_postings=24000 summary_energy=0.8 centroid_fraction=0.2 max_fraction=6.0 doc_cut=15 nknn=0 n_knn=0 sorted=True query_cut=50 heap_factor=0.7,128,0.985677683832949,0.9997437868306431,2044.6105190329836,62.09201313799713,0.0,1.2846985689830035,1.274720;1.284699;1.292389,329.1566920274157,3038.0667451740865,,164.89431381225586,0,3903,10,True,nid006962,58078627
SEISMIC,n_postings=24000 summary_energy=0.8 centroid_fraction=0.2 max_fraction=6.0 doc_cut=15 nknn=0 n_knn=0 sorted=False query_cut=50 heap_factor=0.7,128,0.985677683832949,0.9997437868306431,2044.6105190329836,62.09201313799713,0.0,1.3890238290186971,1.389024;1.385307;1.393476,355.886197545144,2809.8870001080904,,164.89431381225586,0,3903,10,True,nid006962,58078627
SEISMIC,n_postings=48000 summary_energy=0.6 centroid_fraction=0.2 max_fraction=6.0 doc_cut=15 nknn=0 n_knn=0 sorted=False query_cut=5 heap_factor=0.9,128,0.9860620035869844,1.0,4535.833200555993,66.14287651900668,0.0,0.26974874798906967,0.264285;0.269749;0.272811,69.11318165233658,14469.019890161459,,177.66421508789062,0,3903,10,True,nid007127,58081635
SEISMIC,n_postings=36000 summary_energy=0.8 centroid_fraction=0.2 max_fraction=6.0 doc_cut=15 nknn=0 n_knn=0 sorted=True query_cut=5 heap_factor=1.0,128,0.9870099923136049,1.0,3174.678242673981,64.87436845595948,0.0,0.2105490270187147,0.210549;0.207304;0.219544,53.945433517477504,18537.250232237267,,183.90592193603516,0,3903,10,True,nid007114,58078628
SEISMIC,n_postings=48000 summary_energy=0.6 centroid_fraction=0.2 max_fraction=6.0 doc_cut=15 nknn=0 n_knn=0 sorted=False query_cut=6 heap_factor=0.9,128,0.9873430694337689,1.0,4535.833200555993,66.14287651900668,0.0,0.2881874830345623,0.287643;0.297213;0.288187,73.8374283972745,13543.26690008224,,177.66421508789062,0,3903,10,True,nid007127,58081635
SEISMIC,n_postings=36000 summary_energy=0.8 centroid_fraction=0.2 max_fraction=6.0 doc_cut=15 nknn=0 n_knn=0 sorted=True query_cut=3 heap_factor=0.9,128,0.9875224186523187,0.9994875736612862,3174.678242673981,64.87436845595948,0.0,0.27175499696750194,0.272708;0.271755;0.270885,69.62720906161975,14362.20140771411,,183.8849334716797,0,3903,10,True,nid007114,58078628
SEISMIC,n_postings=36000 summary_energy=0.8 centroid_fraction=0.2 max_fraction=6.0 doc_cut=15 nknn=0 n_knn=0 sorted=False query_cut=3 heap_factor=0.9,128,0.9875736612861901,0.9994875736612862,3174.678242673981,64.87436845595948,0.0,0.3069872130290605,0.313791;0.306185;0.306987,78.65416680221894,12713.884599586003,,183.89153289794922,0,3903,10,True,nid007114,58078628
SEISMIC,n_postings=48000 summary_energy=0.6 centroid_fraction=0.2 max_fraction=6.0 doc_cut=15 nknn=0 n_knn=0 sorted=False query_cut=7 heap_factor=0.9,128,0.9879836023571612,1.0,4535.833200555993,66.14287651900668,0.0,0.3086367479991168,0.313925;0.307725;0.308637,79.0767993848621,12645.934177647468,,177.66421508789062,0,3903,10,True,nid007127,58081635
SEISMIC,n_postings=48000 summary_energy=0.6 centroid_fraction=0.2 max_fraction=6.0 doc_cut=15 nknn=0 n_knn=0 sorted=False query_cut=8 heap_factor=0.9,128,0.9882910581603894,1.0,4535.833200555993,66.14287651900668,0.0,0.3233279940322973,0.329782;0.319404;0.323328,82.84089009282533,12071.333358193935,,177.66421508789062,0,3903,10,True,nid007127,58081635
SEISMIC,n_postings=48000 summary_energy=0.6 centroid_fraction=0.2 max_fraction=6.0 doc_cut=15 nknn=0 n_knn=0 sorted=False query_cut=10 heap_factor=0.9,128,0.9884447860620036,1.0,4535.833200555993,66.14287651900668,0.0,0.3552228400367312,0.353712;0.359993;0.355223,91.01276967377177,10987.469160475202,,177.66421508789062,0,3903,10,True,nid007127,58081635
SEISMIC,n_postings=48000 summary_energy=0.8 centroid_fraction=0.2 max_fraction=6.0 doc_cut=15 nknn=0 n_knn=0 sorted=True query_cut=3 heap_factor=1.0,128,0.9886497565974891,0.9997437868306431,4570.262169694994,62.093722063000314,0.0,0.216054521035403,0.216055;0.222423;0.210518,55.3560135883687,18064.88464715093,,224.1384391784668,0,3903,10,True,nid005309,58078629
SEISMIC,n_postings=36000 summary_energy=0.8 centroid_fraction=0.2 max_fraction=6.0 doc_cut=15 nknn=0 n_knn=0 sorted=False query_cut=5 heap_factor=1.0,128,0.9897514732257238,1.0,3174.678242673981,64.87436845595948,0.0,0.23234645300544798,0.235980;0.226127;0.232346,59.530221113361,16798.190587865283,,183.90997695922852,0,3903,10,True,nid007114,58078628
SEISMIC,n_postings=48000 summary_energy=0.8 centroid_fraction=0.2 max_fraction=6.0 doc_cut=15 nknn=0 n_knn=0 sorted=False query_cut=3 heap_factor=1.0,128,0.9912887522418652,0.9997437868306431,4570.262169694994,62.093722063000314,0.0,0.23472080699866638,0.230598;0.236830;0.234721,60.138561875138706,16628.265938188324,,224.14262771606445,0,3903,10,True,nid005309,58078629
SEISMIC,n_postings=36000 summary_energy=0.8 centroid_fraction=0.2 max_fraction=6.0 doc_cut=15 nknn=0 n_knn=0 sorted=True query_cut=4 heap_factor=0.9,128,0.9916986933128363,1.0,3174.678242673981,64.87436845595948,0.0,0.30221043300116435,0.303582;0.302210;0.300353,77.4302928519509,12914.842023289655,,183.9042205810547,0,3903,10,True,nid007114,58078628
SEISMIC,n_postings=36000 summary_energy=0.8 centroid_fraction=0.2 max_fraction=6.0 doc_cut=15 nknn=0 n_knn=0 sorted=False query_cut=4 heap_factor=0.9,128,0.9917499359467077,1.0,3174.678242673981,64.87436845595948,0.0,0.3460147390142083,0.335373;0.350139;0.346015,88.65353292703261,11279.866317601378,,183.90592193603516,0,3903,10,True,nid007114,58078628
SEISMIC,n_postings=36000 summary_energy=0.6 centroid_fraction=0.2 max_fraction=6.0 doc_cut=15 nknn=0 n_knn=0 sorted=True query_cut=10 heap_factor=0.8,128,0.9932615936459134,1.0,3220.770337468013,66.66718570800731,0.0,0.3433976490050554,0.343398;0.343325;0.345960,87.98300000129527,11365.832035566851,,164.89300918579102,0,3903,10,True,nid007028,58081634
SEISMIC,n_postings=48000 summary_energy=0.8 centroid_fraction=0.2 max_fraction=6.0 doc_cut=15 nknn=0 n_knn=0 sorted=True query_cut=5 heap_factor=1.0,128,0.9933897002305918,1.0,4570.262169694994,62.093722063000314,0.0,0.2794431319925934,0.283183;0.276039;0.279443,71.59701050284228,13967.063610292804,,224.19560623168945,0,3903,10,True,nid005309,58078629
SEISMIC,n_postings=36000 summary_energy=0.8 centroid_fraction=0.2 max_fraction=6.0 doc_cut=15 nknn=0 n_knn=0 sorted=True query_cut=5 heap_factor=0.9,128,0.9934921854983346,1.0,3174.678242673981,64.87436845595948,0.0,0.3238569759996608,0.323857;0.326761;0.321386,82.97642223921619,12051.616266570982,,183.90592193603516,0,3903,10,True,nid007114,58078628
SEISMIC,n_postings=36000 summary_energy=0.8 centroid_fraction=0.2 max_fraction=6.0 doc_cut=15 nknn=0 n_knn=0 sorted=False query_cut=5 heap_factor=0.9,128,0.993543428132206,1.0,3174.678242673981,64.87436845595948,0.0,0.36228067200863734,0.357577;0.362281;0.371347,92.82107917208232,10773.414928155335,,183.90592193603516,0,3903,10,True,nid007114,58078628
SEISMIC,n_postings=36000 summary_energy=0.6 centroid_fraction=0.2 max_fraction=6.0 doc_cut=15 nknn=0 n_knn=0 sorted=True query_cut=12 heap_factor=0.8,128,0.9935946707660773,1.0,3220.770337468013,66.66718570800731,0.0,0.3757694480009377,0.375769;0.368426;0.378318,96.27708121981493,10386.687956574533,,164.89300918579102,0,3903,10,True,nid007028,58081634
SEISMIC,n_postings=36000 summary_energy=0.6 centroid_fraction=0.2 max_fraction=6.0 doc_cut=15 nknn=0 n_knn=0 sorted=True query_cut=14 heap_factor=0.8,128,0.9938508839354343,1.0,3220.770337468013,66.66718570800731,0.0,0.3916863980120979,0.391686;0.395664;0.387725,100.35521342866973,9964.604387103198,,164.89300918579102,0,3903,10,True,nid007028,58081634
SEISMIC,n_postings=36000 summary_energy=0.6 centroid_fraction=0.2 max_fraction=6.0 doc_cut=15 nknn=0 n_knn=0 sorted=False query_cut=10 heap_factor=0.8,128,0.9941583397386625,1.0,3220.770337468013,66.66718570800731,0.0,0.3823369919555262,0.388232;0.382337;0.381459,97.95977247131084,10208.271975038191,,164.89300918579102,0,3903,10,True,nid007028,58081634
SEISMIC,n_postings=48000 summary_energy=0.8 centroid_fraction=0.2 max_fraction=6.0 doc_cut=15 nknn=0 n_knn=0 sorted=True query_cut=3 heap_factor=0.9,128,0.9943376889572124,0.9997437868306431,4570.262169694994,62.093722063000314,0.0,0.33953828195808455,0.340753;0.333553;0.339538,86.99417933847926,11495.021938297428,,224.14912796020508,0,3903,10,True,nid005309,58078629
SEISMIC,n_postings=36000 summary_energy=0.8 centroid_fraction=0.2 max_fraction=6.0 doc_cut=15 nknn=0 n_knn=0 sorted=True query_cut=6 heap_factor=0.9,128,0.9944145529080195,1.0,3174.678242673981,64.87436845595948,0.0,0.3527660549734719,0.352766;0.357157;0.348197,90.3833089862854,11063.98970358275,,183.91104125976562,0,3903,10,True,nid007114,58078628
SEISMIC,n_postings=48000 summary_energy=0.8 centroid_fraction=0.2 max_fraction=6.0 doc_cut=15 nknn=0 n_knn=0 sorted=False query_cut=3 heap_factor=0.9,128,0.9944145529080195,0.9997437868306431,4570.262169694994,62.093722063000314,0.0,0.37893686001189053,0.379261;0.372457;0.378937,97.08861388980029,10299.868954098392,,224.15279388427734,0,3903,10,True,nid005309,58078629
SEISMIC,n_postings=36000 summary_energy=0.6 centroid_fraction=0.2 max_fraction=6.0 doc_cut=15 nknn=0 n_knn=0 sorted=True query_cut=20 heap_factor=0.8,128,0.9944401742249551,1.0,3220.770337468013,66.66718570800731,0.0,0.45332772500114515,0.457074;0.449866;0.453328,116.14853317989883,8609.66533646302,,164.89300918579102,0,3903,10,True,nid007028,58081634
SEISMIC,n_postings=36000 summary_energy=0.6 centroid_fraction=0.2 max_fraction=6.0 doc_cut=15 nknn=0 n_knn=0 sorted=False query_cut=12 heap_factor=0.8,128,0.9944657955418909,1.0,3220.770337468013,66.66718570800731,0.0,0.4096173329744488,0.414920;0.409617;0.409361,104.94935510490618,9528.405381818797,,164.89300918579102,0,3903,10,True,nid007028,58081634
SEISMIC,n_postings=36000 summary_energy=0.8 centroid_fraction=0.2 max_fraction=6.0 doc_cut=15 nknn=0 n_knn=0 sorted=False query_cut=6 heap_factor=0.9,128,0.9944657955418909,1.0,3174.678242673981,64.87436845595948,0.0,0.39194392098579556,0.390541;0.403347;0.391944,100.42119420594301,9958.057239881133,,183.91138458251953,0,3903,10,True,nid007114,58078628
SEISMIC,n_postings=36000 summary_energy=0.6 centroid_fraction=0.2 max_fraction=6.0 doc_cut=15 nknn=0 n_knn=0 sorted=False query_cut=14 heap_factor=0.8,128,0.9947220087112477,1.0,3220.770337468013,66.66718570800731,0.0,0.4309082980034873,0.430771;0.432109;0.430908,110.40438073366315,9057.611603405265,,164.89300918579102,0,3903,10,True,nid007028,58081634
SEISMIC,n_postings=36000 summary_energy=0.8 centroid_fraction=0.2 max_fraction=6.0 doc_cut=15 nknn=0 n_knn=0 sorted=True query_cut=7 heap_factor=0.9,128,0.9949013579297976,1.0,3174.678242673981,64.87436845595948,0.0,0.3762844339944422,0.366622;0.379502;0.376284,96.40902741338515,10372.472649393856,,183.91339874267578,0,3903,10,True,nid007114,58078628
SEISMIC,n_postings=36000 summary_energy=0.6 centroid_fraction=0.2 max_fraction=6.0 doc_cut=15 nknn=0 n_knn=0 sorted=True query_cut=30 heap_factor=0.8,128,0.9949269792467332,1.0,3220.770337468013,66.66718570800731,0.0,0.536488896002993,0.539436;0.536489;0.529903,137.45552036971378,7275.080675627303,,164.89300918579102,0,3903,10,True,nid007028,58081634
SEISMIC,n_postings=36000 summary_energy=0.8 centroid_fraction=0.2 max_fraction=6.0 doc_cut=15 nknn=0 n_knn=0 sorted=False query_cut=7 heap_factor=0.9,128,0.994952600563669,1.0,3174.678242673981,64.87436845595948,0.0,0.4240095640416257,0.424122;0.419149;0.424010,108.63683424074449,9204.981045231414,,183.91339874267578,0,3903,10,True,nid007114,58078628
SEISMIC,n_postings=36000 summary_energy=0.6 centroid_fraction=0.2 max_fraction=6.0 doc_cut=15 nknn=0 n_knn=0 sorted=False query_cut=20 heap_factor=0.8,128,0.9952600563668973,1.0,3220.770337468013,66.66718570800731,0.0,0.4875734790111892,0.487573;0.485186;0.495197,124.92274635182916,8004.947291053193,,164.89300918579102,0,3903,10,True,nid007028,58081634
SEISMIC,n_postings=48000 summary_energy=0.8 centroid_fraction=0.2 max_fraction=6.0 doc_cut=15 nknn=0 n_knn=0 sorted=False query_cut=5 heap_factor=1.0,128,0.9953369203177044,1.0,4570.262169694994,62.093722063000314,0.0,0.30093554698396474,0.301542;0.300936;0.299425,77.10365026491539,12969.554574448362,,224.19560623168945,0,3903,10,True,nid005309,58078629
SEISMIC,n_postings=36000 summary_energy=0.8 centroid_fraction=0.2 max_fraction=6.0 doc_cut=15 nknn=0 n_knn=0 sorted=True query_cut=8 heap_factor=0.9,128,0.99536254163464,1.0,3174.678242673981,64.87436845595948,0.0,0.39167796703986824,0.391678;0.384801;0.393386,100.35305330255399,9964.818877858197,,183.91339874267578,0,3903,10,True,nid007114,58078628
SEISMIC,n_postings=36000 summary_energy=0.8 centroid_fraction=0.2 max_fraction=6.0 doc_cut=15 nknn=0 n_knn=0 sorted=False query_cut=8 heap_factor=0.9,128,0.9954137842685113,1.0,3174.678242673981,64.87436845595948,0.0,0.4333021320053376,0.433302;0.427354;0.437257,111.01771253019156,9007.571649686508,,183.91339874267578,0,3903,10,True,nid007114,58078628
SEISMIC,n_postings=36000 summary_energy=0.6 centroid_fraction=0.2 max_fraction=6.0 doc_cut=15 nknn=0 n_knn=0 sorted=False query_cut=30 heap_factor=0.8,128,0.9957468613886754,1.0,3220.770337468013,66.66718570800731,0.0,0.5719804310356267,0.575440;0.571980;0.568968,146.5489190457665,6823.660020908819,,164.89300918579102,0,3903,10,True,nid007028,58081634
SEISMIC,n_postings=36000 summary_energy=0.8 centroid_fraction=0.2 max_fraction=6.0 doc_cut=15 nknn=0 n_knn=0 sorted=True query_cut=10 heap_factor=0.9,128,0.9960030745580323,1.0,3174.678242673981,64.87436845595948,0.0,0.4113355689914897,0.408549;0.421167;0.411336,105.38958980053542,9488.60320922247,,183.91339874267578,0,3903,10,True,nid007114,58078628
SEISMIC,n_postings=36000 summary_energy=0.8 centroid_fraction=0.2 max_fraction=6.0 doc_cut=15 nknn=0 n_knn=0 sorted=False query_cut=10 heap_factor=0.9,128,0.9960543171919036,1.0,3174.678242673981,64.87436845595948,0.0,0.45849790901411325,0.458498;0.458400;0.460353,117.47320241201979,8512.579715777634,,183.91339874267578,0,3903,10,True,nid007114,58078628
SEISMIC,n_postings=36000 summary_energy=0.8 centroid_fraction=0.2 max_fraction=6.0 doc_cut=15 nknn=0 n_knn=0 sorted=True query_cut=10 heap_factor=0.8,128,0.9961311811427107,1.0,3174.678242673981,64.87436845595948,0.0,0.6804808509768918,0.686091;0.680481;0.676926,174.34815551547317,5735.650010425555,,183.91339874267578,0,3903,10,True,nid007114,58078628
SEISMIC,n_postings=36000 summary_energy=0.8 centroid_fraction=0.2 max_fraction=6.0 doc_cut=15 nknn=0 n_knn=0 sorted=False query_cut=10 heap_factor=0.8,128,0.9961311811427107,1.0,3174.678242673981,64.87436845595948,0.0,0.757924419012852,0.763803;0.757924;0.751280,194.19021752827365,5149.589988251609,,183.91339874267578,0,3903,10,True,nid007114,58078628
SEISMIC,n_postings=36000 summary_energy=0.8 centroid_fraction=0.2 max_fraction=6.0 doc_cut=15 nknn=0 n_knn=0 sorted=True query_cut=12 heap_factor=0.8,128,0.9963873943120677,1.0,3174.678242673981,64.87436845595948,0.0,0.7389980420120992,0.737217;0.749203;0.738998,189.34103049246713,5281.475427692809,,183.91339874267578,0,3903,10,True,nid007114,58078628
SEISMIC,n_postings=36000 summary_energy=0.8 centroid_fraction=0.2 max_fraction=6.0 doc_cut=15 nknn=0 n_knn=0 sorted=False query_cut=12 heap_factor=0.8,128,0.9963873943120677,1.0,3174.678242673981,64.87436845595948,0.0,0.8077445130329579,0.807745;0.824574;0.805003,206.95478171482395,4831.973398797632,,183.91339874267578,0,3903,10,True,nid007114,58078628
SEISMIC,n_postings=36000 summary_energy=0.8 centroid_fraction=0.2 max_fraction=6.0 doc_cut=15 nknn=0 n_knn=0 sorted=True query_cut=14 heap_factor=0.8,128,0.9966436074814246,1.0,3174.678242673981,64.87436845595948,0.0,0.784731286985334,0.773114;0.784731;0.786050,201.05849013203536,4973.677059562611,,183.913818359375,0,3903,10,True,nid007114,58078628
SEISMIC,n_postings=36000 summary_energy=0.8 centroid_fraction=0.2 max_fraction=6.0 doc_cut=15 nknn=0 n_knn=0 sorted=False query_cut=14 heap_factor=0.8,128,0.9966436074814246,1.0,3174.678242673981,64.87436845595948,0.0,0.8492803999688476,0.843099;0.849280;0.861030,217.59682294871834,4595.655333789836,,183.913818359375,0,3903,10,True,nid007114,58078628
SEISMIC,n_postings=48000 summary_energy=0.8 centroid_fraction=0.2 max_fraction=6.0 doc_cut=15 nknn=0 n_knn=0 sorted=True query_cut=4 heap_factor=0.9,128,0.9967204714322316,1.0,4570.262169694994,62.093722063000314,0.0,0.3871078560478054,0.401914;0.387108;0.377381,99.18213068096475,10082.461358051085,,224.16218948364258,0,3903,10,True,nid005309,58078629
SEISMIC,n_postings=48000 summary_energy=0.8 centroid_fraction=0.2 max_fraction=6.0 doc_cut=15 nknn=0 n_knn=0 sorted=False query_cut=4 heap_factor=0.9,128,0.9967973353830387,1.0,4570.262169694994,62.093722063000314,0.0,0.4340015790075995,0.434002;0.422489;0.436524,111.19692006343824,8993.054838474809,,224.1676254272461,0,3903,10,True,nid005309,58078629
SEISMIC,n_postings=36000 summary_energy=0.6 centroid_fraction=0.2 max_fraction=6.0 doc_cut=15 nknn=0 n_knn=0 sorted=True query_cut=20 heap_factor=0.7,128,0.9968229566999743,1.0,3220.770337468013,66.66718570800731,0.0,0.7828243739786558,0.781791;0.782824;0.787204,200.5699139069064,4985.792637195553,,164.89300918579102,0,3903,10,True,nid007028,58081634
SEISMIC,n_postings=48000 summary_energy=0.6 centroid_fraction=0.2 max_fraction=6.0 doc_cut=15 nknn=0 n_knn=0 sorted=True query_cut=10 heap_factor=0.8,128,0.9968485780169101,1.0,4535.833200555993,66.14287651900668,0.0,0.524670184997376,0.527093;0.524670;0.512231,134.42741096525137,7438.959010067476,,177.66421508789062,0,3903,10,True,nid007127,58081635
SEISMIC,n_postings=36000 summary_energy=0.6 centroid_fraction=0.2 max_fraction=6.0 doc_cut=15 nknn=0 n_knn=0 sorted=False query_cut=20 heap_factor=0.7,128,0.9969254419677172,1.0,3220.770337468013,66.66718570800731,0.0,0.8581267480039969,0.858127;0.835401;0.861257,219.86337381603815,4548.2791546567905,,164.89300918579102,0,3903,10,True,nid007028,58081634
SEISMIC,n_postings=48000 summary_energy=0.6 centroid_fraction=0.2 max_fraction=6.0 doc_cut=15 nknn=0 n_knn=0 sorted=True query_cut=12 heap_factor=0.8,128,0.9970791698693313,1.0,4535.833200555993,66.14287651900668,0.0,0.5644393339753151,0.566196;0.564439;0.557964,144.61679066751606,6914.8263862324875,,177.66421508789062,0,3903,10,True,nid007127,58081635
SEISMIC,n_postings=48000 summary_energy=0.6 centroid_fraction=0.2 max_fraction=6.0 doc_cut=15 nknn=0 n_knn=0 sorted=True query_cut=14 heap_factor=0.8,128,0.9971560338201384,1.0,4535.833200555993,66.14287651900668,0.0,0.5961426490102895,0.596143;0.601075;0.595756,152.73959749174722,6547.0907113921885,,177.66421508789062,0,3903,10,True,nid007127,58081635
SEISMIC,n_postings=36000 summary_energy=0.8 centroid_fraction=0.2 max_fraction=6.0 doc_cut=15 nknn=0 n_knn=0 sorted=True query_cut=20 heap_factor=0.8,128,0.997181655137074,1.0,3174.678242673981,64.87436845595948,0.0,0.8854352740454488,0.885382;0.890950;0.885435,226.8601778235841,4408.001481765749,,183.913818359375,0,3903,10,True,nid007114,58078628
SEISMIC,n_postings=36000 summary_energy=0.8 centroid_fraction=0.2 max_fraction=6.0 doc_cut=15 nknn=0 n_knn=0 sorted=False query_cut=20 heap_factor=0.8,128,0.997181655137074,1.0,3174.678242673981,64.87436845595948,0.0,0.9657283509732224,0.965728;0.963012;0.967034,247.43232154066678,4041.509184302928,,183.913818359375,0,3903,10,True,nid007114,58078628
SEISMIC,n_postings=36000 summary_energy=0.8 centroid_fraction=0.2 max_fraction=6.0 doc_cut=15 nknn=0 n_knn=0 sorted=True query_cut=20 heap_factor=0.7,128,0.997181655137074,1.0,3174.678242673981,64.87436845595948,0.0,1.5397930180188268,1.539793;1.535527;1.546386,394.5152493002375,2534.756265502354,,183.9165802001953,0,3903,10,True,nid007114,58078628
SEISMIC,n_postings=36000 summary_energy=0.8 centroid_fraction=0.2 max_fraction=6.0 doc_cut=15 nknn=0 n_knn=0 sorted=False query_cut=20 heap_factor=0.7,128,0.997181655137074,1.0,3174.678242673981,64.87436845595948,0.0,1.6578558050096035,1.655783;1.657856;1.665622,424.7644901382535,2354.2457602200157,,183.91979598999023,0,3903,10,True,nid007114,58078628
SEISMIC,n_postings=36000 summary_energy=0.6 centroid_fraction=0.2 max_fraction=6.0 doc_cut=15 nknn=0 n_knn=0 sorted=True query_cut=30 heap_factor=0.7,128,0.9973353830386882,1.0,3220.770337468013,66.66718570800731,0.0,0.8821306260069832,0.887528;0.882131;0.881134,226.0134834760398,4424.514788322407,,164.89300918579102,0,3903,10,True,nid007028,58081634
SEISMIC,n_postings=48000 summary_energy=0.6 centroid_fraction=0.2 max_fraction=6.0 doc_cut=15 nknn=0 n_knn=0 sorted=True query_cut=20 heap_factor=0.8,128,0.9973610043556239,1.0,4535.833200555993,66.14287651900668,0.0,0.694210949994158,0.694211;0.697246;0.693810,177.8659877002711,5622.210367083442,,177.66421508789062,0,3903,10,True,nid007127,58081635
SEISMIC,n_postings=36000 summary_energy=0.6 centroid_fraction=0.2 max_fraction=6.0 doc_cut=15 nknn=0 n_knn=0 sorted=False query_cut=30 heap_factor=0.7,128,0.997437868306431,1.0,3220.770337468013,66.66718570800731,0.0,0.9469313870067708,0.936304;0.955144;0.946931,242.61629182853466,4121.7347461016125,,164.89300918579102,0,3903,10,True,nid007028,58081634
SEISMIC,n_postings=48000 summary_energy=0.6 centroid_fraction=0.2 max_fraction=6.0 doc_cut=15 nknn=0 n_knn=0 sorted=True query_cut=30 heap_factor=0.8,128,0.9975659748911094,1.0,4535.833200555993,66.14287651900668,0.0,0.8458105559693649,0.845811;0.853111;0.844742,216.7078032204368,4614.508500105981,,177.66421508789062,0,3903,10,True,nid007127,58081635
SEISMIC,n_postings=48000 summary_energy=0.6 centroid_fraction=0.2 max_fraction=6.0 doc_cut=15 nknn=0 n_knn=0 sorted=False query_cut=10 heap_factor=0.8,128,0.997591596208045,1.0,4535.833200555993,66.14287651900668,0.0,0.5681358039728366,0.568136;0.560361;0.579609,145.5638749610137,6869.836353750746,,177.66421508789062,0,3903,10,True,nid007127,58081635
SEISMIC,n_postings=36000 summary_energy=0.6 centroid_fraction=0.2 max_fraction=6.0 doc_cut=15 nknn=0 n_knn=0 sorted=True query_cut=50 heap_factor=0.7,128,0.9976172175249808,1.0,3220.770337468013,66.66718570800731,0.0,1.0033539809519425,1.001556;1.011587;1.003354,257.07250344656484,3889.953171159981,,164.89300918579102,0,3903,10,True,nid007028,58081634
SEISMIC,n_postings=36000 summary_energy=0.6 centroid_fraction=0.2 max_fraction=6.0 doc_cut=15 nknn=0 n_knn=0 sorted=False query_cut=50 heap_factor=0.7,128,0.9977197027927236,1.0,3220.770337468013,66.66718570800731,0.0,1.080280688998755,1.071946;1.080281;1.096333,276.782139123432,3612.9498932517695,,164.89300918579102,0,3903,10,True,nid007028,58081634
SEISMIC,n_postings=36000 summary_energy=0.8 centroid_fraction=0.2 max_fraction=6.0 doc_cut=15 nknn=0 n_knn=0 sorted=True query_cut=30 heap_factor=0.7,128,0.9977197027927236,1.0,3174.678242673981,64.87436845595948,0.0,1.845179678988643,1.845180;1.887425;1.825850,472.75933358663667,2115.241157511156,,183.91979598999023,0,3903,10,True,nid007114,58078628
SEISMIC,n_postings=36000 summary_energy=0.8 centroid_fraction=0.2 max_fraction=6.0 doc_cut=15 nknn=0 n_knn=0 sorted=False query_cut=30 heap_factor=0.7,128,0.9977197027927236,1.0,3174.678242673981,64.87436845595948,0.0,1.9685091550345533,1.968509;1.975940;1.960762,504.35796951948583,1982.718744293313,,183.91979598999023,0,3903,10,True,nid007114,58078628
SEISMIC,n_postings=36000 summary_energy=0.8 centroid_fraction=0.2 max_fraction=6.0 doc_cut=15 nknn=0 n_knn=0 sorted=True query_cut=30 heap_factor=0.8,128,0.9977197027927236,1.0,3174.678242673981,64.87436845595948,0.0,1.0754572519799694,1.081202;1.075457;1.065674,275.5463110376555,3629.1540112955545,,183.91979598999023,0,3903,10,True,nid007114,58078628
SEISMIC,n_postings=36000 summary_energy=0.8 centroid_fraction=0.2 max_fraction=6.0 doc_cut=15 nknn=0 n_knn=0 sorted=False query_cut=30 heap_factor=0.8,128,0.9977197027927236,1.0,3174.678242673981,64.87436845595948,0.0,1.1588084799586795,1.163463;1.158808;1.155728,296.9019933278708,3368.1148071501616,,183.91979598999023,0,3903,10,True,nid007114,58078628
SEISMIC,n_postings=48000 summary_energy=0.6 centroid_fraction=0.2 max_fraction=6.0 doc_cut=15 nknn=0 n_knn=0 sorted=False query_cut=12 heap_factor=0.8,128,0.9977453241096592,1.0,4535.833200555993,66.14287651900668,0.0,0.5988978639943525,0.607156;0.597434;0.598898,153.44551985507366,6516.970980609149,,177.66421508789062,0,3903,10,True,nid007127,58081635
SEISMIC,n_postings=48000 summary_energy=0.8 centroid_fraction=0.2 max_fraction=6.0 doc_cut=15 nknn=0 n_knn=0 sorted=True query_cut=5 heap_factor=0.9,128,0.9977453241096592,1.0,4570.262169694994,62.093722063000314,0.0,0.4317242060205899,0.431724;0.435091;0.419974,110.61342711262873,9040.493781842422,,224.17516708374023,0,3903,10,True,nid005309,58078629
SEISMIC,n_postings=48000 summary_energy=0.8 centroid_fraction=0.2 max_fraction=6.0 doc_cut=15 nknn=0 n_knn=0 sorted=False query_cut=5 heap_factor=0.9,128,0.9978221880604663,1.0,4570.262169694994,62.093722063000314,0.0,0.47059165401151404,0.477825;0.468639;0.470592,120.57177914719806,8293.814747306387,,224.18893432617188,0,3903,10,True,nid005309,58078629
SEISMIC,n_postings=48000 summary_energy=0.6 centroid_fraction=0.2 max_fraction=6.0 doc_cut=15 nknn=0 n_knn=0 sorted=False query_cut=14 heap_factor=0.8,128,0.997847809377402,1.0,4535.833200555993,66.14287651900668,0.0,0.641385986993555,0.635478;0.644137;0.641386,164.33153650872535,6085.259234139176,,177.66421508789062,0,3903,10,True,nid007127,58081635
SEISMIC,n_postings=36000 summary_energy=0.8 centroid_fraction=0.2 max_fraction=6.0 doc_cut=15 nknn=0 n_knn=0 sorted=True query_cut=50 heap_factor=0.7,128,0.9980015372790162,1.0,3174.678242673981,64.87436845595948,0.0,2.1457574300002307,2.160049;2.136000;2.145757,549.7713118114863,1818.93812666401,,183.92153549194336,0,3903,10,True,nid007114,58078628
SEISMIC,n_postings=36000 summary_energy=0.8 centroid_fraction=0.2 max_fraction=6.0 doc_cut=15 nknn=0 n_knn=0 sorted=False query_cut=50 heap_factor=0.7,128,0.9980015372790162,1.0,3174.678242673981,64.87436845595948,0.0,2.2637573330430314,2.269005;2.255838;2.263757,580.0044409538897,1724.124729726854,,183.92383193969727,0,3903,10,True,nid007114,58078628
SEISMIC,n_postings=48000 summary_energy=0.6 centroid_fraction=0.2 max_fraction=6.0 doc_cut=15 nknn=0 n_knn=0 sorted=False query_cut=20 heap_factor=0.8,128,0.9980527799128875,1.0,4535.833200555993,66.14287651900668,0.0,0.7448658150387928,0.744866;0.738414;0.750172,190.84443121670327,5239.869948652068,,177.66421508789062,0,3903,10,True,nid007127,58081635
SEISMIC,n_postings=48000 summary_energy=0.6 centroid_fraction=0.2 max_fraction=6.0 doc_cut=15 nknn=0 n_knn=0 sorted=False query_cut=30 heap_factor=0.8,128,0.9982577504483731,1.0,4535.833200555993,66.14287651900668,0.0,0.8809159139636904,0.878611;0.880916;0.901794,225.70225825357173,4430.615837598404,,177.66421508789062,0,3903,10,True,nid007127,58081635
SEISMIC,n_postings=48000 summary_energy=0.8 centroid_fraction=0.2 max_fraction=6.0 doc_cut=15 nknn=0 n_knn=0 sorted=True query_cut=6 heap_factor=0.9,128,0.9985139636177299,1.0,4570.262169694994,62.093722063000314,0.0,0.46935824397951365,0.471154;0.469358;0.467387,120.25576325378263,8315.609771563652,,224.1964111328125,0,3903,10,True,nid005309,58078629
SEISMIC,n_postings=48000 summary_energy=0.8 centroid_fraction=0.2 max_fraction=6.0 doc_cut=15 nknn=0 n_knn=0 sorted=False query_cut=6 heap_factor=0.9,128,0.998590827568537,1.0,4570.262169694994,62.093722063000314,0.0,0.5131595439743251,0.518760;0.507866;0.513160,131.47823314740583,7605.821709505765,,224.1964111328125,0,3903,10,True,nid005309,58078629
SEISMIC,n_postings=48000 summary_energy=0.8 centroid_fraction=0.2 max_fraction=6.0 doc_cut=15 nknn=0 n_knn=0 sorted=True query_cut=7 heap_factor=0.9,128,0.9987701767870869,1.0,4570.262169694994,62.093722063000314,0.0,0.49843114899704233,0.498431;0.498198;0.502424,127.70462439073592,7830.569995181341,,224.1964111328125,0,3903,10,True,nid005309,58078629
SEISMIC,n_postings=48000 summary_energy=0.8 centroid_fraction=0.2 max_fraction=6.0 doc_cut=15 nknn=0 n_knn=0 sorted=False query_cut=7 heap_factor=0.9,128,0.9988470407378939,1.0,4570.262169694994,62.093722063000314,0.0,0.533798192976974,0.539276;0.525865;0.533798,136.76612681961925,7311.751990453742,,224.1964111328125,0,3903,10,True,nid005309,58078629
SEISMIC,n_postings=48000 summary_energy=0.8 centroid_fraction=0.2 max_fraction=6.0 doc_cut=15 nknn=0 n_knn=0 sorted=True query_cut=8 heap_factor=0.9,128,0.9989495260056367,1.0,4570.262169694994,62.093722063000314,0.0,0.5199351880000904,0.526500;0.519935;0.514979,133.2142423776814,7506.704854912265,,224.1964111328125,0,3903,10,True,nid005309,58078629
SEISMIC,n_postings=48000 summary_energy=0.8 centroid_fraction=0.2 max_fraction=6.0 doc_cut=15 nknn=0 n_knn=0 sorted=False query_cut=8 heap_factor=0.9,128,0.9990263899564438,1.0,4570.262169694994,62.093722063000314,0.0,0.5678217940148897,0.576442;0.558538;0.567822,145.48342147447855,6873.635427768828,,224.1964111328125,0,3903,10,True,nid005309,58078629
SEISMIC,n_postings=48000 summary_energy=0.8 centroid_fraction=0.2 max_fraction=6.0 doc_cut=15 nknn=0 n_knn=0 sorted=True query_cut=10 heap_factor=0.9,128,0.9991032539072509,1.0,4570.262169694994,62.093722063000314,0.0,0.570022689003963,0.570023;0.574556;0.560404,146.04731975505072,6847.095870552032,,224.19972610473633,0,3903,10,True,nid005309,58078629
SEISMIC,n_postings=48000 summary_energy=0.8 centroid_fraction=0.2 max_fraction=6.0 doc_cut=15 nknn=0 n_knn=0 sorted=False query_cut=10 heap_factor=0.9,128,0.9991801178580579,1.0,4570.262169694994,62.093722063000314,0.0,0.6157338100019842,0.604225;0.625404;0.615734,157.75911094081073,6338.778115802058,,224.2071533203125,0,3903,10,True,nid005309,58078629
SEISMIC,n_postings=48000 summary_energy=0.6 centroid_fraction=0.2 max_fraction=6.0 doc_cut=15 nknn=0 n_knn=0 sorted=True query_cut=20 heap_factor=0.7,128,0.999256981808865,1.0,4535.833200555993,66.14287651900668,0.0,1.169026002055034,1.190382;1.166683;1.169026,299.51985704715196,3338.676807135945,,177.66421508789062,0,3903,10,True,nid007127,58081635
SEISMIC,n_postings=48000 summary_energy=0.8 centroid_fraction=0.2 max_fraction=6.0 doc_cut=15 nknn=0 n_knn=0 sorted=True query_cut=10 heap_factor=0.8,128,0.999256981808865,1.0,4570.262169694994,62.093722063000314,0.0,0.909731763007585,0.897019;0.940422;0.909732,233.08525826481807,4290.275616074601,,224.20855331420898,0,3903,10,True,nid005309,58078629
SEISMIC,n_postings=48000 summary_energy=0.8 centroid_fraction=0.2 max_fraction=6.0 doc_cut=15 nknn=0 n_knn=0 sorted=False query_cut=10 heap_factor=0.8,128,0.999256981808865,1.0,4570.262169694994,62.093722063000314,0.0,0.9965876190108247,0.983257;0.996742;0.996588,255.33887240861512,3916.3641264919293,,224.2136573791504,0,3903,10,True,nid005309,58078629
SEISMIC,n_postings=48000 summary_energy=0.6 centroid_fraction=0.2 max_fraction=6.0 doc_cut=15 nknn=0 n_knn=0 sorted=False query_cut=20 heap_factor=0.7,128,0.9993082244427364,1.0,4535.833200555993,66.14287651900668,0.0,1.255722354981117,1.244656;1.255722;1.263847,321.7326044020284,3108.171153056116,,177.66421508789062,0,3903,10,True,nid007127,58081635
SEISMIC,n_postings=48000 summary_energy=0.6 centroid_fraction=0.2 max_fraction=6.0 doc_cut=15 nknn=0 n_knn=0 sorted=True query_cut=30 heap_factor=0.7,128,0.9993594670766077,1.0,4535.833200555993,66.14287651900668,0.0,1.3624954519909807,1.376320;1.345446;1.362495,349.08927798897787,2864.5967179535487,,177.66421508789062,0,3903,10,True,nid007127,58081635
SEISMIC,n_postings=48000 summary_energy=0.6 centroid_fraction=0.2 max_fraction=6.0 doc_cut=15 nknn=0 n_knn=0 sorted=True query_cut=50 heap_factor=0.7,128,0.9993594670766077,1.0,4535.833200555993,66.14287651900668,0.0,1.5669868400436826,1.562843;1.581616;1.566987,401.4826646281534,2490.7675675765067,,177.66421508789062,0,3903,10,True,nid007127,58081635
SEISMIC,n_postings=48000 summary_energy=0.8 centroid_fraction=0.2 max_fraction=6.0 doc_cut=15 nknn=0 n_knn=0 sorted=True query_cut=12 heap_factor=0.8,128,0.9993850883935435,1.0,4570.262169694994,62.093722063000314,0.0,0.9956953199580312,0.995695;0.982976;1.014360,255.11025364028467,3919.873802524765,,224.2136573791504,0,3903,10,True,nid005309,58078629
SEISMIC,n_postings=48000 summary_energy=0.8 centroid_fraction=0.2 max_fraction=6.0 doc_cut=15 nknn=0 n_knn=0 sorted=False query_cut=12 heap_factor=0.8,128,0.9993850883935435,1.0,4570.262169694994,62.093722063000314,0.0,1.0659256500075571,1.065926;1.082837;1.059411,273.10418908725524,3661.606229264047,,224.2136573791504,0,3903,10,True,nid005309,58078629
SEISMIC,n_postings=48000 summary_energy=0.6 centroid_fraction=0.2 max_fraction=6.0 doc_cut=15 nknn=0 n_knn=0 sorted=False query_cut=30 heap_factor=0.7,128,0.9994107097104791,1.0,4535.833200555993,66.14287651900668,0.0,1.4450504129636101,1.445050;1.447210;1.434774,370.24094618591084,2700.943832122407,,177.66421508789062,0,3903,10,True,nid007127,58081635
SEISMIC,n_postings=48000 summary_energy=0.6 centroid_fraction=0.2 max_fraction=6.0 doc_cut=15 nknn=0 n_knn=0 sorted=False query_cut=50 heap_factor=0.7,128,0.9994107097104791,1.0,4535.833200555993,66.14287651900668,0.0,1.6627751140040345,1.635900;1.663982;1.662775,426.0248818867626,2347.280739968141,,177.66421508789062,0,3903,10,True,nid007127,58081635
SEISMIC,n_postings=48000 summary_energy=0.8 centroid_fraction=0.2 max_fraction=6.0 doc_cut=15 nknn=0 n_knn=0 sorted=True query_cut=14 heap_factor=0.8,128,0.9994619523443505,1.0,4570.262169694994,62.093722063000314,0.0,1.063315223029349,1.063315;1.069483;1.045024,272.4353633177937,3670.595431597871,,224.2136573791504,0,3903,10,True,nid005309,58078629
SEISMIC,n_postings=48000 summary_energy=0.8 centroid_fraction=0.2 max_fraction=6.0 doc_cut=15 nknn=0 n_knn=0 sorted=False query_cut=14 heap_factor=0.8,128,0.9994619523443505,1.0,4570.262169694994,62.093722063000314,0.0,1.1386094259796664,1.138609;1.143141;1.133904,291.72672968989656,3427.8655269710553,,224.2136573791504,0,3903,10,True,nid005309,58078629
SEISMIC,n_postings=48000 summary_energy=0.8 centroid_fraction=0.2 max_fraction=6.0 doc_cut=15 nknn=0 n_knn=0 sorted=True query_cut=20 heap_factor=0.8,128,0.9996413015629003,1.0,4570.262169694994,62.093722063000314,0.0,1.2236422190326266,1.223642;1.217485;1.255615,313.51325109726537,3189.6578422127263,,224.2136573791504,0,3903,10,True,nid005309,58078629
SEISMIC,n_postings=48000 summary_energy=0.8 centroid_fraction=0.2 max_fraction=6.0 doc_cut=15 nknn=0 n_knn=0 sorted=False query_cut=20 heap_factor=0.8,128,0.9996413015629003,1.0,4570.262169694994,62.093722063000314,0.0,1.312175593979191,1.312176;1.286669;1.316893,336.1966676861878,2974.4494699555394,,224.2136573791504,0,3903,10,True,nid005309,58078629
SEISMIC,n_postings=48000 summary_energy=0.8 centroid_fraction=0.2 max_fraction=6.0 doc_cut=15 nknn=0 n_knn=0 sorted=True query_cut=20 heap_factor=0.7,128,0.9996413015629003,1.0,4570.262169694994,62.093722063000314,0.0,2.1187751649995334,2.095395;2.118775;2.163699,542.8581001792297,1842.1020146329965,,224.2136573791504,0,3903,10,True,nid005309,58078629
SEISMIC,n_postings=48000 summary_energy=0.8 centroid_fraction=0.2 max_fraction=6.0 doc_cut=15 nknn=0 n_knn=0 sorted=False query_cut=20 heap_factor=0.7,128,0.9996413015629003,1.0,4570.262169694994,62.093722063000314,0.0,2.1965567069710232,2.196557;2.206461;2.192810,562.7867555652122,1776.871950363669,,224.2136573791504,0,3903,10,True,nid005309,58078629
SEISMIC,n_postings=48000 summary_energy=0.8 centroid_fraction=0.2 max_fraction=6.0 doc_cut=15 nknn=0 n_knn=0 sorted=True query_cut=30 heap_factor=0.7,128,0.9997437868306431,1.0,4570.262169694994,62.093722063000314,0.0,2.4890870379749686,2.443753;2.523257;2.489087,637.7368788047576,1568.044805365802,,224.2136573791504,0,3903,10,True,nid005309,58078629
SEISMIC,n_postings=48000 summary_energy=0.8 centroid_fraction=0.2 max_fraction=6.0 doc_cut=15 nknn=0 n_knn=0 sorted=False query_cut=30 heap_factor=0.7,128,0.9997437868306431,1.0,4570.262169694994,62.093722063000314,0.0,2.581467034004163,2.584920;2.581467;2.579039,661.4058503725757,1511.9309867560005,,224.2136573791504,0,3903,10,True,nid005309,58078629
SEISMIC,n_postings=48000 summary_energy=0.8 centroid_fraction=0.2 max_fraction=6.0 doc_cut=15 nknn=0 n_knn=0 sorted=True query_cut=30 heap_factor=0.8,128,0.9997437868306431,1.0,4570.262169694994,62.093722063000314,0.0,1.4705238590249792,1.464693;1.484005;1.470524,376.76757853573645,2654.156187977703,,224.2136573791504,0,3903,10,True,nid005309,58078629
SEISMIC,n_postings=48000 summary_energy=0.8 centroid_fraction=0.2 max_fraction=6.0 doc_cut=15 nknn=0 n_knn=0 sorted=False query_cut=30 heap_factor=0.8,128,0.9997437868306431,1.0,4570.262169694994,62.093722063000314,0.0,1.5491890260018408,1.544782;1.549189;1.557034,396.92263028486826,2519.3826798998784,,224.2136573791504,0,3903,10,True,nid005309,58078629
SEISMIC,n_postings=48000 summary_energy=0.8 centroid_fraction=0.2 max_fraction=6.0 doc_cut=15 nknn=0 n_knn=0 sorted=True query_cut=50 heap_factor=0.7,128,0.9997437868306431,1.0,4570.262169694994,62.093722063000314,0.0,2.8407936499570496,2.828556;2.842035;2.840794,727.8487445444657,1373.9118292027335,,224.2136573791504,0,3903,10,True,nid005309,58078629
SEISMIC,n_postings=48000 summary_energy=0.8 centroid_fraction=0.2 max_fraction=6.0 doc_cut=15 nknn=0 n_knn=0 sorted=False query_cut=50 heap_factor=0.7,128,0.9997437868306431,1.0,4570.262169694994,62.093722063000314,0.0,2.983590000018012,2.983590;2.977610;2.997013,764.435049966183,1308.1556111853297,,224.2136573791504,0,3903,10,True,nid005309,58078629
SINDI,doc_prune=0.3 query_prune=0.5 n_cand=10000,128,0.0000000000,0.0000,995.7122,138.5705,0.0000,0.385054,0.385054;0.382439;0.381919;0.392590;0.388637,98.655906,10136.24,,331.76,0,3903,10,True,nid005056,58308543
SINDI,doc_prune=0.3 query_prune=0.5 n_cand=20000,128,0.0000000000,0.0000,995.7122,138.5705,0.0000,0.387197,0.386552;0.385218;0.391186;0.388432;0.387197,99.204971,10080.14,,331.76,0,3903,10,True,nid005056,58308543
SINDI,doc_prune=0.3 query_prune=0.5 n_cand=50000,128,0.0000000000,0.0000,995.7122,138.5705,0.0000,0.388783,0.389782;0.382541;0.388783;0.394726;0.386950,99.611325,10039.02,,331.76,0,3903,10,True,nid005056,58308543
SINDI,doc_prune=0.3 query_prune=0.5 n_cand=100000,128,0.0000000000,0.0000,995.7122,138.5705,0.0000,0.392993,0.387688;0.392993;0.402195;0.391622;0.396919,100.689982,9931.47,,331.76,0,3903,10,True,nid005056,58308543
SINDI,doc_prune=0.3 query_prune=0.7 n_cand=10000,128,0.0000000000,0.0000,995.7122,138.5705,0.0000,0.391790,0.391790;0.396569;0.387865;0.387195;0.394558,100.381758,9961.97,,331.76,0,3903,10,True,nid005056,58308543
SINDI,doc_prune=0.3 query_prune=0.7 n_cand=20000,128,0.0000000000,0.0000,995.7122,138.5705,0.0000,0.390990,0.394411;0.389219;0.390990;0.393362;0.388047,100.176787,9982.35,,331.76,0,3903,10,True,nid005056,58308543
SINDI,doc_prune=0.3 query_prune=0.7 n_cand=50000,128,0.0000000000,0.0000,995.7122,138.5705,0.0000,0.393226,0.390318;0.393226;0.400105;0.392560;0.394330,100.749680,9925.59,,331.76,0,3903,10,True,nid005056,58308543
SINDI,doc_prune=0.3 query_prune=0.7 n_cand=100000,128,0.0000000000,0.0000,995.7122,138.5705,0.0000,0.387951,0.387951;0.381094;0.390879;0.389537;0.387360,99.398155,10060.55,,331.76,0,3903,10,True,nid005056,58308543
SINDI,doc_prune=0.3 query_prune=0.9 n_cand=10000,128,0.0000000000,0.0000,995.7122,138.5705,0.0000,0.389760,0.394930;0.389760;0.391848;0.388417;0.388003,99.861645,10013.85,,331.76,0,3903,10,True,nid005056,58308543
SINDI,doc_prune=0.3 query_prune=0.9 n_cand=20000,128,0.0000000000,0.0000,995.7122,138.5705,0.0000,0.395135,0.399286;0.393990;0.395135;0.399863;0.384506,101.238791,9877.64,,331.76,0,3903,10,True,nid005056,58308543
SINDI,doc_prune=0.3 query_prune=0.9 n_cand=50000,128,0.0000000000,0.0000,995.7122,138.5705,0.0000,0.394017,0.394017;0.389988;0.395593;0.397478;0.388795,100.952344,9905.66,,331.76,0,3903,10,True,nid005056,58308543
SINDI,doc_prune=0.3 query_prune=0.9 n_cand=100000,128,0.0000000000,0.0000,995.7122,138.5705,0.0000,0.392542,0.387951;0.395017;0.391493;0.393393;0.392542,100.574430,9942.89,,331.76,0,3903,10,True,nid005056,58308543
SINDI,doc_prune=0.4 query_prune=0.5 n_cand=10000,128,0.0000000000,0.0000,934.7678,138.5705,0.0000,0.386559,0.394092;0.386052;0.390138;0.386559;0.386322,99.041507,10096.78,,331.76,0,3903,10,True,nid005056,58308543
SINDI,doc_prune=0.4 query_prune=0.5 n_cand=20000,128,0.0000000000,0.0000,934.7678,138.5705,0.0000,0.389911,0.388036;0.392114;0.388362;0.394760;0.389911,99.900333,10009.98,,331.76,0,3903,10,True,nid005056,58308543
SINDI,doc_prune=0.4 query_prune=0.5 n_cand=50000,128,0.0000000000,0.0000,934.7678,138.5705,0.0000,0.394376,0.386092;0.394661;0.394376;0.398753;0.389419,101.044325,9896.65,,331.76,0,3903,10,True,nid005056,58308543
SINDI,doc_prune=0.4 query_prune=0.5 n_cand=100000,128,0.0000000000,0.0000,934.7678,138.5705,0.0000,0.389691,0.390002;0.387594;0.391643;0.385247;0.389691,99.843966,10015.63,,331.76,0,3903,10,True,nid005056,58308543
SINDI,doc_prune=0.4 query_prune=0.7 n_cand=10000,128,0.0000000000,0.0000,934.7678,138.5705,0.0000,0.390807,0.387582;0.389173;0.394761;0.395761;0.390807,100.129900,9987.03,,331.76,0,3903,10,True,nid005056,58308543
SINDI,doc_prune=0.4 query_prune=0.7 n_cand=20000,128,0.0000000000,0.0000,934.7678,138.5705,0.0000,0.392561,0.396657;0.391034;0.392561;0.395434;0.392305,100.579298,9942.40,,331.76,0,3903,10,True,nid005056,58308543
SINDI,doc_prune=0.4 query_prune=0.7 n_cand=50000,128,0.0000000000,0.0000,934.7678,138.5705,0.0000,0.388275,0.389878;0.394475;0.388275;0.387839;0.383801,99.481168,10052.15,,331.76,0,3903,10,True,nid005056,58308543
SINDI,doc_prune=0.4 query_prune=0.7 n_cand=100000,128,0.0000000000,0.0000,934.7678,138.5705,0.0000,0.392361,0.392821;0.388916;0.390747;0.393700;0.392361,100.528055,9947.47,,331.76,0,3903,10,True,nid005056,58308543
SINDI,doc_prune=0.4 query_prune=0.9 n_cand=10000,128,0.0000000000,0.0000,934.7678,138.5705,0.0000,0.389197,0.387919;0.389715;0.384638;0.389476;0.389197,99.717397,10028.34,,331.76,0,3903,10,True,nid005056,58308543
SINDI,doc_prune=0.4 query_prune=0.9 n_cand=20000,128,0.0000000000,0.0000,934.7678,138.5705,0.0000,0.388008,0.384258;0.385968;0.391814;0.388476;0.388008,99.412759,10059.07,,331.76,0,3903,10,True,nid005056,58308543
SINDI,doc_prune=0.4 query_prune=0.9 n_cand=50000,128,0.0000000000,0.0000,934.7678,138.5705,0.0000,0.390083,0.390083;0.391145;0.395983;0.387896;0.390013,99.944402,10005.56,,331.76,0,3903,10,True,nid005056,58308543
SINDI,doc_prune=0.4 query_prune=0.9 n_cand=100000,128,0.0000000000,0.0000,934.7678,138.5705,0.0000,0.390223,0.394582;0.388847;0.386606;0.390223;0.391364,99.980272,10001.97,,331.76,0,3903,10,True,nid005056,58308543
SINDI,doc_prune=0.5 query_prune=0.5 n_cand=10000,128,0.0000000000,0.0000,888.6183,138.5705,0.0000,0.393056,0.394401;0.389161;0.395791;0.392566;0.393056,100.706123,9929.88,,331.76,0,3903,10,True,nid005056,58308543
SINDI,doc_prune=0.5 query_prune=0.5 n_cand=20000,128,0.0000000000,0.0000,888.6183,138.5705,0.0000,0.389876,0.389169;0.389876;0.392198;0.397122;0.389627,99.891366,10010.88,,331.76,0,3903,10,True,nid005056,58308543
SINDI,doc_prune=0.5 query_prune=0.5 n_cand=50000,128,0.0000000000,0.0000,888.6183,138.5705,0.0000,0.393366,0.396329;0.391861;0.392613;0.393366;0.395019,100.785550,9922.06,,331.76,0,3903,10,True,nid005056,58308543
SINDI,doc_prune=0.5 query_prune=0.5 n_cand=100000,128,0.0000000000,0.0000,888.6183,138.5705,0.0000,0.392013,0.391431;0.392013;0.388674;0.392888;0.395037,100.438893,9956.30,,331.76,0,3903,10,True,nid005056,58308543
SINDI,doc_prune=0.5 query_prune=0.7 n_cand=10000,128,0.0000000000,0.0000,888.6183,138.5705,0.0000,0.389610,0.381954;0.388769;0.391793;0.391064;0.389610,99.823213,10017.71,,331.76,0,3903,10,True,nid005056,58308543
SINDI,doc_prune=0.5 query_prune=0.7 n_cand=20000,128,0.0000000000,0.0000,888.6183,138.5705,0.0000,0.390136,0.387837;0.393752;0.390136;0.391762;0.387200,99.957981,10004.20,,331.76,0,3903,10,True,nid005056,58308543
SINDI,doc_prune=0.5 query_prune=0.7 n_cand=50000,128,0.0000000000,0.0000,888.6183,138.5705,0.0000,0.394273,0.394273;0.394026;0.394311;0.401285;0.384973,101.017935,9899.23,,331.76,0,3903,10,True,nid005056,58308543
SINDI,doc_prune=0.5 query_prune=0.7 n_cand=100000,128,0.0000000000,0.0000,888.6183,138.5705,0.0000,0.388001,0.388001;0.385656;0.386738;0.388290;0.392860,99.410966,10059.25,,331.76,0,3903,10,True,nid005056,58308543
SINDI,doc_prune=0.5 query_prune=0.9 n_cand=10000,128,0.0000000000,0.0000,888.6183,138.5705,0.0000,0.388090,0.395377;0.392504;0.380857;0.388090;0.385951,99.433769,10056.95,,331.76,0,3903,10,True,nid005056,58308543
SINDI,doc_prune=0.5 query_prune=0.9 n_cand=20000,128,0.0000000000,0.0000,888.6183,138.5705,0.0000,0.388333,0.389746;0.390529;0.385938;0.385916;0.388333,99.496029,10050.65,,331.76,0,3903,10,True,nid005056,58308543
SINDI,doc_prune=0.5 query_prune=0.9 n_cand=50000,128,0.0000000000,0.0000,888.6183,138.5705,0.0000,0.390005,0.388111;0.390005;0.391692;0.387152;0.390355,99.924417,10007.56,,331.76,0,3903,10,True,nid005056,58308543
SINDI,doc_prune=0.5 query_prune=0.9 n_cand=100000,128,0.0000000000,0.0000,888.6183,138.5705,0.0000,0.390079,0.390079;0.389017;0.391622;0.384769;0.395372,99.943377,10005.67,,331.76,0,3903,10,True,nid005056,58308543
SINDI,doc_prune=0.6 query_prune=0.5 n_cand=10000,128,0.0000000000,0.0000,853.2406,138.5705,0.0000,0.390492,0.392623;0.392039;0.388112;0.390492;0.388864,100.049193,9995.08,,331.76,0,3903,10,True,nid005056,58308543
SINDI,doc_prune=0.6 query_prune=0.5 n_cand=20000,128,0.0000000000,0.0000,853.2406,138.5705,0.0000,0.386932,0.391440;0.384227;0.384170;0.388533;0.386932,99.137074,10087.04,,331.76,0,3903,10,True,nid005056,58308543
SINDI,doc_prune=0.6 query_prune=0.5 n_cand=50000,128,0.0000000000,0.0000,853.2406,138.5705,0.0000,0.390679,0.393160;0.390679;0.401040;0.385388;0.389642,100.097105,9990.30,,331.76,0,3903,10,True,nid005056,58308543
SINDI,doc_prune=0.6 query_prune=0.5 n_cand=100000,128,0.0000000000,0.0000,853.2406,138.5705,0.0000,0.393408,0.392841;0.392771;0.393558;0.393408;0.395254,100.796311,9921.00,,331.76,0,3903,10,True,nid005056,58308543
SINDI,doc_prune=0.6 query_prune=0.7 n_cand=10000,128,0.0000000000,0.0000,853.2406,138.5705,0.0000,0.389104,0.392475;0.389104;0.387265;0.389158;0.387831,99.693569,10030.74,,331.76,0,3903,10,True,nid005056,58308543
SINDI,doc_prune=0.6 query_prune=0.7 n_cand=20000,128,0.0000000000,0.0000,853.2406,138.5705,0.0000,0.392813,0.392813;0.393224;0.393167;0.386180;0.389555,100.643864,9936.03,,331.76,0,3903,10,True,nid005056,58308543
SINDI,doc_prune=0.6 query_prune=0.7 n_cand=50000,128,0.0000000000,0.0000,853.2406,138.5705,0.0000,0.391120,0.392853;0.390433;0.391593;0.391120;0.390417,100.210095,9979.03,,331.76,0,3903,10,True,nid005056,58308543
SINDI,doc_prune=0.6 query_prune=0.7 n_cand=100000,128,0.0000000000,0.0000,853.2406,138.5705,0.0000,0.392235,0.389297;0.392235;0.392595;0.393553;0.385635,100.495772,9950.67,,331.76,0,3903,10,True,nid005056,58308543
SINDI,doc_prune=0.6 query_prune=0.9 n_cand=10000,128,0.0000000000,0.0000,853.2406,138.5705,0.0000,0.389995,0.386291;0.391051;0.393506;0.389215;0.389995,99.921855,10007.82,,331.76,0,3903,10,True,nid005056,58308543
SINDI,doc_prune=0.6 query_prune=0.9 n_cand=20000,128,0.0000000000,0.0000,853.2406,138.5705,0.0000,0.389242,0.388240;0.388234;0.389507;0.389242;0.394945,99.728926,10027.18,,331.76,0,3903,10,True,nid005056,58308543
SINDI,doc_prune=0.6 query_prune=0.9 n_cand=50000,128,0.0000000000,0.0000,853.2406,138.5705,0.0000,0.386427,0.385895;0.385297;0.395444;0.386427;0.390554,99.007686,10100.23,,331.76,0,3903,10,True,nid005056,58308543
SINDI,doc_prune=0.6 query_prune=0.9 n_cand=100000,128,0.0000000000,0.0000,853.2406,138.5705,0.0000,0.389003,0.391826;0.389061;0.386121;0.388754;0.389003,99.667692,10033.34,,331.76,0,3903,10,True,nid005056,58308543
SINDI,doc_prune=0.7 query_prune=0.5 n_cand=10000,128,0.0000000000,0.0000,822.9434,138.5705,0.0000,0.390497,0.391099;0.386365;0.390682;0.390497;0.386227,100.050474,9994.96,,331.76,0,3903,10,True,nid005056,58308543
SINDI,doc_prune=0.7 query_prune=0.5 n_cand=20000,128,0.0000000000,0.0000,822.9434,138.5705,0.0000,0.391110,0.389663;0.391904;0.383254;0.391784;0.391110,100.207533,9979.29,,331.76,0,3903,10,True,nid005056,58308543
SINDI,doc_prune=0.7 query_prune=0.5 n_cand=50000,128,0.0000000000,0.0000,822.9434,138.5705,0.0000,0.387538,0.386112;0.388933;0.387538;0.391550;0.382856,99.292339,10071.27,,331.76,0,3903,10,True,nid005056,58308543
SINDI,doc_prune=0.7 query_prune=0.5 n_cand=100000,128,0.0000000000,0.0000,822.9434,138.5705,0.0000,0.390996,0.393181;0.390996;0.392393;0.390302;0.386377,100.178324,9982.20,,331.76,0,3903,10,True,nid005056,58308543
SINDI,doc_prune=0.7 query_prune=0.7 n_cand=10000,128,0.0000000000,0.0000,822.9434,138.5705,0.0000,0.390171,0.389409;0.390171;0.390290;0.394764;0.387830,99.966949,10003.31,,331.76,0,3903,10,True,nid005056,58308543
SINDI,doc_prune=0.7 query_prune=0.7 n_cand=20000,128,0.0000000000,0.0000,822.9434,138.5705,0.0000,0.392866,0.396959;0.387528;0.392978;0.392866;0.390897,100.657443,9934.69,,331.76,0,3903,10,True,nid005056,58308543
SINDI,doc_prune=0.7 query_prune=0.7 n_cand=50000,128,0.0000000000,0.0000,822.9434,138.5705,0.0000,0.390104,0.394358;0.391722;0.390104;0.384785;0.384875,99.949782,10005.02,,331.76,0,3903,10,True,nid005056,58308543
SINDI,doc_prune=0.7 query_prune=0.7 n_cand=100000,128,0.0000000000,0.0000,822.9434,138.5705,0.0000,0.391272,0.391272;0.403357;0.389334;0.384907;0.394677,100.249039,9975.16,,331.76,0,3903,10,True,nid005056,58308543
SINDI,doc_prune=0.7 query_prune=0.9 n_cand=10000,128,0.0000000000,0.0000,822.9434,138.5705,0.0000,0.388028,0.383434;0.388028;0.388974;0.388588;0.387417,99.417884,10058.55,,331.76,0,3903,10,True,nid005056,58308543
SINDI,doc_prune=0.7 query_prune=0.9 n_cand=20000,128,0.0000000000,0.0000,822.9434,138.5705,0.0000,0.390509,0.392765;0.387516;0.390509;0.386670;0.390877,100.053549,9994.65,,331.76,0,3903,10,True,nid005056,58308543
SINDI,doc_prune=0.7 query_prune=0.9 n_cand=50000,128,0.0000000000,0.0000,822.9434,138.5705,0.0000,0.389125,0.386777;0.389800;0.391915;0.389125;0.384457,99.698950,10030.20,,331.76,0,3903,10,True,nid005056,58308543
SINDI,doc_prune=0.7 query_prune=0.9 n_cand=100000,128,0.0000000000,0.0000,822.9434,138.5705,0.0000,0.388725,0.388725;0.385469;0.390102;0.387342;0.389702,99.596464,10040.52,,331.76,0,3903,10,True,nid005056,58308543
SINDI,doc_prune=0.3 query_prune=0.5 n_cand=10000,128,0.0000000000,0.0000,926.6913,139.4089,0.0000,0.386708,0.381775;0.390366;0.385495;0.387748;0.386708,99.079682,10092.89,,309.45,0,3903,10,True,nid004909,58308541
SINDI,doc_prune=0.3 query_prune=0.5 n_cand=20000,128,0.0000000000,0.0000,926.6913,139.4089,0.0000,0.387941,0.388572;0.387941;0.387815;0.392221;0.381229,99.395593,10060.81,,309.45,0,3903,10,True,nid004909,58308541
SINDI,doc_prune=0.3 query_prune=0.5 n_cand=50000,128,0.0000000000,0.0000,926.6913,139.4089,0.0000,0.385707,0.385707;0.387169;0.390932;0.384880;0.381250,98.823213,10119.08,,309.45,0,3903,10,True,nid004909,58308541
SINDI,doc_prune=0.3 query_prune=0.5 n_cand=100000,128,0.0000000000,0.0000,926.6913,139.4089,0.0000,0.392038,0.393826;0.386590;0.395236;0.390123;0.392038,100.445298,9955.67,,309.45,0,3903,10,True,nid004909,58308541
SINDI,doc_prune=0.3 query_prune=0.7 n_cand=10000,128,0.0000000000,0.0000,926.6913,139.4089,0.0000,0.385027,0.381768;0.383576;0.385027;0.392454;0.385145,98.648988,10136.95,,309.45,0,3903,10,True,nid004909,58308541
SINDI,doc_prune=0.3 query_prune=0.7 n_cand=20000,128,0.0000000000,0.0000,926.6913,139.4089,0.0000,0.389291,0.387272;0.391593;0.389291;0.389283;0.389399,99.741481,10025.92,,309.45,0,3903,10,True,nid004909,58308541
SINDI,doc_prune=0.3 query_prune=0.7 n_cand=50000,128,0.0000000000,0.0000,926.6913,139.4089,0.0000,0.394492,0.394571;0.383200;0.396047;0.394492;0.386835,101.074046,9893.74,,309.45,0,3903,10,True,nid004909,58308541
SINDI,doc_prune=0.3 query_prune=0.7 n_cand=100000,128,0.0000000000,0.0000,926.6913,139.4089,0.0000,0.388555,0.385728;0.388875;0.391202;0.386542;0.388555,99.552908,10044.91,,309.45,0,3903,10,True,nid004909,58308541
SINDI,doc_prune=0.3 query_prune=0.9 n_cand=10000,128,0.0000000000,0.0000,926.6913,139.4089,0.0000,0.386065,0.391015;0.386065;0.383595;0.385447;0.390085,98.914937,10109.70,,309.45,0,3903,10,True,nid004909,58308541
SINDI,doc_prune=0.3 query_prune=0.9 n_cand=20000,128,0.0000000000,0.0000,926.6913,139.4089,0.0000,0.387457,0.392210;0.387457;0.383530;0.384316;0.387500,99.271586,10073.38,,309.45,0,3903,10,True,nid004909,58308541
SINDI,doc_prune=0.3 query_prune=0.9 n_cand=50000,128,0.0000000000,0.0000,926.6913,139.4089,0.0000,0.386370,0.398494;0.382474;0.386370;0.383382;0.389229,98.993082,10101.72,,309.45,0,3903,10,True,nid004909,58308541
SINDI,doc_prune=0.3 query_prune=0.9 n_cand=100000,128,0.0000000000,0.0000,926.6913,139.4089,0.0000,0.383102,0.389049;0.383102;0.388614;0.380395;0.382240,98.155778,10187.89,,309.45,0,3903,10,True,nid004909,58308541
SINDI,doc_prune=0.4 query_prune=0.5 n_cand=10000,128,0.0000000000,0.0000,889.2569,139.4089,0.0000,0.390476,0.390476;0.394225;0.398812;0.388885;0.388337,100.045094,9995.49,,309.45,0,3903,10,True,nid004909,58308541
SINDI,doc_prune=0.4 query_prune=0.5 n_cand=20000,128,0.0000000000,0.0000,889.2569,139.4089,0.0000,0.388883,0.388883;0.388213;0.390521;0.389846;0.388862,99.636946,10036.44,,309.45,0,3903,10,True,nid004909,58308541
SINDI,doc_prune=0.4 query_prune=0.5 n_cand=50000,128,0.0000000000,0.0000,889.2569,139.4089,0.0000,0.389278,0.386958;0.395277;0.389382;0.389278;0.388682,99.738150,10026.25,,309.45,0,3903,10,True,nid004909,58308541
SINDI,doc_prune=0.4 query_prune=0.5 n_cand=100000,128,0.0000000000,0.0000,889.2569,139.4089,0.0000,0.388906,0.388926;0.388906;0.388776;0.388090;0.390943,99.642839,10035.84,,309.45,0,3903,10,True,nid004909,58308541
SINDI,doc_prune=0.4 query_prune=0.7 n_cand=10000,128,0.0000000000,0.0000,889.2569,139.4089,0.0000,0.392102,0.392102;0.394638;0.390254;0.392700;0.387526,100.461696,9954.04,,309.45,0,3903,10,True,nid004909,58308541
SINDI,doc_prune=0.4 query_prune=0.7 n_cand=20000,128,0.0000000000,0.0000,889.2569,139.4089,0.0000,0.390634,0.391083;0.388675;0.390211;0.390634;0.392321,100.085575,9991.45,,309.45,0,3903,10,True,nid004909,58308541
SINDI,doc_prune=0.4 query_prune=0.7 n_cand=50000,128,0.0000000000,0.0000,889.2569,139.4089,0.0000,0.391249,0.391249;0.390838;0.391743;0.391401;0.385410,100.243146,9975.74,,309.45,0,3903,10,True,nid004909,58308541
SINDI,doc_prune=0.4 query_prune=0.7 n_cand=100000,128,0.0000000000,0.0000,889.2569,139.4089,0.0000,0.389313,0.386630;0.389313;0.391193;0.390596;0.388951,99.747118,10025.35,,309.45,0,3903,10,True,nid004909,58308541
SINDI,doc_prune=0.4 query_prune=0.9 n_cand=10000,128,0.0000000000,0.0000,889.2569,139.4089,0.0000,0.386194,0.390981;0.386194;0.384862;0.381379;0.386936,98.947989,10106.32,,309.45,0,3903,10,True,nid004909,58308541
SINDI,doc_prune=0.4 query_prune=0.9 n_cand=20000,128,0.0000000000,0.0000,889.2569,139.4089,0.0000,0.386158,0.389792;0.384648;0.385347;0.386158;0.386920,98.938765,10107.26,,309.45,0,3903,10,True,nid004909,58308541
SINDI,doc_prune=0.4 query_prune=0.9 n_cand=50000,128,0.0000000000,0.0000,889.2569,139.4089,0.0000,0.384905,0.389295;0.383619;0.385085;0.380975;0.384905,98.617730,10140.16,,309.45,0,3903,10,True,nid004909,58308541
SINDI,doc_prune=0.4 query_prune=0.9 n_cand=100000,128,0.0000000000,0.0000,889.2569,139.4089,0.0000,0.385791,0.381348;0.389684;0.386211;0.385759;0.385791,98.844735,10116.88,,309.45,0,3903,10,True,nid004909,58308541
SINDI,doc_prune=0.5 query_prune=0.5 n_cand=10000,128,0.0000000000,0.0000,859.0688,139.4089,0.0000,0.385582,0.389400;0.378068;0.383096;0.385582;0.385608,98.791186,10122.36,,309.45,0,3903,10,True,nid004909,58308541
SINDI,doc_prune=0.5 query_prune=0.5 n_cand=20000,128,0.0000000000,0.0000,859.0688,139.4089,0.0000,0.385147,0.390659;0.382587;0.385147;0.388412;0.385058,98.679734,10133.79,,309.45,0,3903,10,True,nid004909,58308541
SINDI,doc_prune=0.5 query_prune=0.5 n_cand=50000,128,0.0000000000,0.0000,859.0688,139.4089,0.0000,0.385172,0.385172;0.385931;0.384980;0.392069;0.381555,98.686139,10133.14,,309.45,0,3903,10,True,nid004909,58308541
SINDI,doc_prune=0.5 query_prune=0.5 n_cand=100000,128,0.0000000000,0.0000,859.0688,139.4089,0.0000,0.389636,0.387972;0.390163;0.387887;0.391978;0.389636,99.829874,10017.04,,309.45,0,3903,10,True,nid004909,58308541
SINDI,doc_prune=0.5 query_prune=0.7 n_cand=10000,128,0.0000000000,0.0000,859.0688,139.4089,0.0000,0.386557,0.388741;0.386557;0.380939;0.387321;0.382185,99.040994,10096.83,,309.45,0,3903,10,True,nid004909,58308541
SINDI,doc_prune=0.5 query_prune=0.7 n_cand=20000,128,0.0000000000,0.0000,859.0688,139.4089,0.0000,0.385594,0.381028;0.387300;0.390860;0.384444;0.385594,98.794261,10122.05,,309.45,0,3903,10,True,nid004909,58308541
SINDI,doc_prune=0.5 query_prune=0.7 n_cand=50000,128,0.0000000000,0.0000,859.0688,139.4089,0.0000,0.384086,0.383273;0.383338;0.389990;0.384086;0.384326,98.407891,10161.79,,309.45,0,3903,10,True,nid004909,58308541
SINDI,doc_prune=0.5 query_prune=0.7 n_cand=100000,128,0.0000000000,0.0000,859.0688,139.4089,0.0000,0.384955,0.384955;0.386861;0.378885;0.384129;0.391346,98.630541,10138.85,,309.45,0,3903,10,True,nid004909,58308541
SINDI,doc_prune=0.5 query_prune=0.9 n_cand=10000,128,0.0000000000,0.0000,859.0688,139.4089,0.0000,0.386640,0.388712;0.387895;0.386640;0.384264;0.379431,99.062260,10094.66,,309.45,0,3903,10,True,nid004909,58308541
SINDI,doc_prune=0.5 query_prune=0.9 n_cand=20000,128,0.0000000000,0.0000,859.0688,139.4089,0.0000,0.384219,0.381204;0.384219;0.382258;0.395973;0.390149,98.441968,10158.27,,309.45,0,3903,10,True,nid004909,58308541
SINDI,doc_prune=0.5 query_prune=0.9 n_cand=50000,128,0.0000000000,0.0000,859.0688,139.4089,0.0000,0.384177,0.382832;0.384177;0.382696;0.386505;0.384256,98.431207,10159.38,,309.45,0,3903,10,True,nid004909,58308541
SINDI,doc_prune=0.5 query_prune=0.9 n_cand=100000,128,0.0000000000,0.0000,859.0688,139.4089,0.0000,0.384221,0.387047;0.381262;0.384221;0.384005;0.391955,98.442480,10158.22,,309.45,0,3903,10,True,nid004909,58308541
SINDI,doc_prune=0.6 query_prune=0.5 n_cand=10000,128,0.0000000000,0.0000,834.6160,139.4089,0.0000,0.437445,0.427971;0.440316;0.442849;0.437445;0.424471,112.079170,8922.26,,309.45,0,3903,10,True,nid004909,58308541
SINDI,doc_prune=0.6 query_prune=0.5 n_cand=20000,128,0.0000000000,0.0000,834.6160,139.4089,0.0000,0.383854,0.445031;0.384019;0.381485;0.383854;0.383070,98.348450,10167.93,,309.45,0,3903,10,True,nid004909,58308541
SINDI,doc_prune=0.6 query_prune=0.5 n_cand=50000,128,0.0000000000,0.0000,834.6160,139.4089,0.0000,0.389180,0.395522;0.387297;0.389377;0.386281;0.389180,99.713041,10028.78,,309.45,0,3903,10,True,nid004909,58308541
SINDI,doc_prune=0.6 query_prune=0.5 n_cand=100000,128,0.0000000000,0.0000,834.6160,139.4089,0.0000,0.389432,0.389432;0.387462;0.387482;0.392826;0.393025,99.777607,10022.29,,309.45,0,3903,10,True,nid004909,58308541
SINDI,doc_prune=0.6 query_prune=0.7 n_cand=10000,128,0.0000000000,0.0000,834.6160,139.4089,0.0000,0.384357,0.384357;0.384690;0.383160;0.381511;0.389473,98.477325,10154.62,,309.45,0,3903,10,True,nid004909,58308541
SINDI,doc_prune=0.6 query_prune=0.7 n_cand=20000,128,0.0000000000,0.0000,834.6160,139.4089,0.0000,0.387266,0.387266;0.386940;0.385056;0.388521;0.390574,99.222649,10078.34,,309.45,0,3903,10,True,nid004909,58308541
SINDI,doc_prune=0.6 query_prune=0.7 n_cand=50000,128,0.0000000000,0.0000,834.6160,139.4089,0.0000,0.387681,0.387681;0.384321;0.387728;0.383270;0.388646,99.328978,10067.56,,309.45,0,3903,10,True,nid004909,58308541
SINDI,doc_prune=0.6 query_prune=0.7 n_cand=100000,128,0.0000000000,0.0000,834.6160,139.4089,0.0000,0.386184,0.386441;0.386184;0.386010;0.382510;0.391372,98.945427,10106.58,,309.45,0,3903,10,True,nid004909,58308541
SINDI,doc_prune=0.6 query_prune=0.9 n_cand=10000,128,0.0000000000,0.0000,834.6160,139.4089,0.0000,0.387554,0.387554;0.385442;0.390595;0.386803;0.389782,99.296439,10070.85,,309.45,0,3903,10,True,nid004909,58308541
SINDI,doc_prune=0.6 query_prune=0.9 n_cand=20000,128,0.0000000000,0.0000,834.6160,139.4089,0.0000,0.388810,0.391632;0.388810;0.390762;0.383816;0.388217,99.618242,10038.32,,309.45,0,3903,10,True,nid004909,58308541
SINDI,doc_prune=0.6 query_prune=0.9 n_cand=50000,128,0.0000000000,0.0000,834.6160,139.4089,0.0000,0.384469,0.388930;0.383777;0.389152;0.383876;0.384469,98.506021,10151.66,,309.45,0,3903,10,True,nid004909,58308541
SINDI,doc_prune=0.6 query_prune=0.9 n_cand=100000,128,0.0000000000,0.0000,834.6160,139.4089,0.0000,0.390013,0.392678;0.397204;0.384113;0.387028;0.390013,99.926467,10007.36,,309.45,0,3903,10,True,nid004909,58308541
SINDI,doc_prune=0.7 query_prune=0.5 n_cand=10000,128,0.0000000000,0.0000,813.5002,139.4089,0.0000,0.382010,0.381282;0.383917;0.382010;0.385314;0.380929,97.875993,10217.01,,309.45,0,3903,10,True,nid004909,58308541
SINDI,doc_prune=0.7 query_prune=0.5 n_cand=20000,128,0.0000000000,0.0000,813.5002,139.4089,0.0000,0.385000,0.388168;0.385000;0.382111;0.387362;0.379736,98.642070,10137.66,,309.45,0,3903,10,True,nid004909,58308541
SINDI,doc_prune=0.7 query_prune=0.5 n_cand=50000,128,0.0000000000,0.0000,813.5002,139.4089,0.0000,0.384817,0.384817;0.386038;0.384171;0.386480;0.384343,98.595183,10142.48,,309.45,0,3903,10,True,nid004909,58308541
SINDI,doc_prune=0.7 query_prune=0.5 n_cand=100000,128,0.0000000000,0.0000,813.5002,139.4089,0.0000,0.385581,0.387977;0.383842;0.385581;0.387551;0.383895,98.790930,10122.39,,309.45,0,3903,10,True,nid004909,58308541
SINDI,doc_prune=0.7 query_prune=0.7 n_cand=10000,128,0.0000000000,0.0000,813.5002,139.4089,0.0000,0.386975,0.386374;0.386975;0.390331;0.384704;0.391375,99.148091,10085.92,,309.45,0,3903,10,True,nid004909,58308541
SINDI,doc_prune=0.7 query_prune=0.7 n_cand=20000,128,0.0000000000,0.0000,813.5002,139.4089,0.0000,0.391011,0.391011;0.391052;0.397106;0.386475;0.388016,100.182168,9981.82,,309.45,0,3903,10,True,nid004909,58308541
SINDI,doc_prune=0.7 query_prune=0.7 n_cand=50000,128,0.0000000000,0.0000,813.5002,139.4089,0.0000,0.385894,0.379792;0.389803;0.385894;0.388123;0.382009,98.871125,10114.18,,309.45,0,3903,10,True,nid004909,58308541
SINDI,doc_prune=0.7 query_prune=0.7 n_cand=100000,128,0.0000000000,0.0000,813.5002,139.4089,0.0000,0.387127,0.383835;0.394000;0.385175;0.389701;0.387127,99.187036,10081.96,,309.45,0,3903,10,True,nid004909,58308541
SINDI,doc_prune=0.7 query_prune=0.9 n_cand=10000,128,0.0000000000,0.0000,813.5002,139.4089,0.0000,0.384421,0.381535;0.384421;0.390470;0.390135;0.381933,98.493723,10152.93,,309.45,0,3903,10,True,nid004909,58308541
SINDI,doc_prune=0.7 query_prune=0.9 n_cand=20000,128,0.0000000000,0.0000,813.5002,139.4089,0.0000,0.385181,0.385181;0.383240;0.390716;0.386599;0.384493,98.688445,10132.90,,309.45,0,3903,10,True,nid004909,58308541
SINDI,doc_prune=0.7 query_prune=0.9 n_cand=50000,128,0.0000000000,0.0000,813.5002,139.4089,0.0000,0.384561,0.384561;0.384571;0.384164;0.388396;0.378958,98.529593,10149.24,,309.45,0,3903,10,True,nid004909,58308541
SINDI,doc_prune=0.7 query_prune=0.9 n_cand=100000,128,0.0000000000,0.0000,813.5002,139.4089,0.0000,0.386651,0.384609;0.386651;0.382778;0.387608;0.387425,99.065078,10094.37,,309.45,0,3903,10,True,nid004909,58308541
SINDI,doc_prune=0.3 query_prune=0.5 n_cand=10000,128,0.0000000000,0.0000,924.7803,138.9062,0.0000,0.391479,0.397521;0.390119;0.391479;0.390504;0.398232,100.302075,9969.88,,307.73,0,3903,10,True,nid004658,58308544
SINDI,doc_prune=0.3 query_prune=0.5 n_cand=20000,128,0.0000000000,0.0000,924.7803,138.9062,0.0000,0.394469,0.396259;0.389920;0.390562;0.394469;0.402653,101.068153,9894.31,,307.73,0,3903,10,True,nid004658,58308544
SINDI,doc_prune=0.3 query_prune=0.5 n_cand=50000,128,0.0000000000,0.0000,924.7803,138.9062,0.0000,0.394599,0.394599;0.391244;0.395077;0.395952;0.390742,101.101460,9891.05,,307.73,0,3903,10,True,nid004658,58308544
SINDI,doc_prune=0.3 query_prune=0.5 n_cand=100000,128,0.0000000000,0.0000,924.7803,138.9062,0.0000,0.393289,0.391955;0.395126;0.393289;0.397860;0.392745,100.765821,9924.00,,307.73,0,3903,10,True,nid004658,58308544
SINDI,doc_prune=0.3 query_prune=0.7 n_cand=10000,128,0.0000000000,0.0000,924.7803,138.9062,0.0000,0.390435,0.390435;0.391266;0.385371;0.387468;0.390867,100.034589,9996.54,,307.73,0,3903,10,True,nid004658,58308544
SINDI,doc_prune=0.3 query_prune=0.7 n_cand=20000,128,0.0000000000,0.0000,924.7803,138.9062,0.0000,0.391819,0.394164;0.395325;0.391819;0.391030;0.391529,100.389188,9961.23,,307.73,0,3903,10,True,nid004658,58308544
SINDI,doc_prune=0.3 query_prune=0.7 n_cand=50000,128,0.0000000000,0.0000,924.7803,138.9062,0.0000,0.390065,0.390500;0.398546;0.388294;0.387856;0.390065,99.939790,10006.02,,307.73,0,3903,10,True,nid004658,58308544
SINDI,doc_prune=0.3 query_prune=0.7 n_cand=100000,128,0.0000000000,0.0000,924.7803,138.9062,0.0000,0.389625,0.386871;0.389110;0.389625;0.392869;0.398971,99.827056,10017.32,,307.73,0,3903,10,True,nid004658,58308544
SINDI,doc_prune=0.3 query_prune=0.9 n_cand=10000,128,0.0000000000,0.0000,924.7803,138.9062,0.0000,0.392138,0.392773;0.391567;0.391721;0.396245;0.392138,100.470920,9953.13,,307.73,0,3903,10,True,nid004658,58308544
SINDI,doc_prune=0.3 query_prune=0.9 n_cand=20000,128,0.0000000000,0.0000,924.7803,138.9062,0.0000,0.389510,0.388448;0.387007;0.391348;0.389510;0.390440,99.797592,10020.28,,307.73,0,3903,10,True,nid004658,58308544
SINDI,doc_prune=0.3 query_prune=0.9 n_cand=50000,128,0.0000000000,0.0000,924.7803,138.9062,0.0000,0.392635,0.392635;0.395206;0.391893;0.389823;0.392731,100.598258,9940.53,,307.73,0,3903,10,True,nid004658,58308544
SINDI,doc_prune=0.3 query_prune=0.9 n_cand=100000,128,0.0000000000,0.0000,924.7803,138.9062,0.0000,0.389832,0.392263;0.389832;0.385289;0.386884;0.392723,99.880092,10012.01,,307.73,0,3903,10,True,nid004658,58308544
SINDI,doc_prune=0.4 query_prune=0.5 n_cand=10000,128,0.0000000000,0.0000,888.0350,138.9062,0.0000,0.390999,0.389860;0.392275;0.390999;0.394848;0.386246,100.179093,9982.12,,307.73,0,3903,10,True,nid004658,58308544
SINDI,doc_prune=0.4 query_prune=0.5 n_cand=20000,128,0.0000000000,0.0000,888.0350,138.9062,0.0000,0.390976,0.385998;0.393155;0.393533;0.390976;0.390444,100.173200,9982.71,,307.73,0,3903,10,True,nid004658,58308544
SINDI,doc_prune=0.4 query_prune=0.5 n_cand=50000,128,0.0000000000,0.0000,888.0350,138.9062,0.0000,0.393336,0.393027;0.393651;0.394132;0.389731;0.393336,100.777863,9922.81,,307.73,0,3903,10,True,nid004658,58308544
SINDI,doc_prune=0.4 query_prune=0.5 n_cand=100000,128,0.0000000000,0.0000,888.0350,138.9062,0.0000,0.390494,0.390494;0.390181;0.390429;0.390845;0.398100,100.049705,9995.03,,307.73,0,3903,10,True,nid004658,58308544
SINDI,doc_prune=0.4 query_prune=0.7 n_cand=10000,128,0.0000000000,0.0000,888.0350,138.9062,0.0000,0.393215,0.393780;0.387852;0.393215;0.396348;0.389494,100.746861,9925.87,,307.73,0,3903,10,True,nid004658,58308544
SINDI,doc_prune=0.4 query_prune=0.7 n_cand=20000,128,0.0000000000,0.0000,888.0350,138.9062,0.0000,0.393653,0.396435;0.391435;0.393653;0.396800;0.392742,100.859083,9914.82,,307.73,0,3903,10,True,nid004658,58308544
SINDI,doc_prune=0.4 query_prune=0.7 n_cand=50000,128,0.0000000000,0.0000,888.0350,138.9062,0.0000,0.394659,0.390757;0.394659;0.396049;0.393219;0.395708,101.116833,9889.55,,307.73,0,3903,10,True,nid004658,58308544
SINDI,doc_prune=0.4 query_prune=0.7 n_cand=100000,128,0.0000000000,0.0000,888.0350,138.9062,0.0000,0.392549,0.388154;0.396708;0.392549;0.395504;0.387256,100.576223,9942.71,,307.73,0,3903,10,True,nid004658,58308544
SINDI,doc_prune=0.4 query_prune=0.9 n_cand=10000,128,0.0000000000,0.0000,888.0350,138.9062,0.0000,0.387293,0.386927;0.390990;0.387293;0.394859;0.383300,99.229567,10077.64,,307.73,0,3903,10,True,nid004658,58308544
SINDI,doc_prune=0.4 query_prune=0.9 n_cand=20000,128,0.0000000000,0.0000,888.0350,138.9062,0.0000,0.387533,0.388590;0.387278;0.387250;0.396830;0.387533,99.291058,10071.40,,307.73,0,3903,10,True,nid004658,58308544
SINDI,doc_prune=0.4 query_prune=0.9 n_cand=50000,128,0.0000000000,0.0000,888.0350,138.9062,0.0000,0.391508,0.395056;0.388794;0.388193;0.392437;0.391508,100.309506,9969.14,,307.73,0,3903,10,True,nid004658,58308544
SINDI,doc_prune=0.4 query_prune=0.9 n_cand=100000,128,0.0000000000,0.0000,888.0350,138.9062,0.0000,0.390935,0.387086;0.395628;0.387183;0.393631;0.390935,100.162695,9983.76,,307.73,0,3903,10,True,nid004658,58308544
SINDI,doc_prune=0.5 query_prune=0.5 n_cand=10000,128,0.0000000000,0.0000,856.4825,138.9062,0.0000,0.391385,0.395825;0.391385;0.391383;0.388197;0.391945,100.277991,9972.28,,307.73,0,3903,10,True,nid004658,58308544
SINDI,doc_prune=0.5 query_prune=0.5 n_cand=20000,128,0.0000000000,0.0000,856.4825,138.9062,0.0000,0.388625,0.386632;0.388625;0.387867;0.389307;0.388732,99.570843,10043.10,,307.73,0,3903,10,True,nid004658,58308544
SINDI,doc_prune=0.5 query_prune=0.5 n_cand=50000,128,0.0000000000,0.0000,856.4825,138.9062,0.0000,0.392144,0.392046;0.394821;0.389450;0.405960;0.392144,100.472457,9952.98,,307.73,0,3903,10,True,nid004658,58308544
SINDI,doc_prune=0.5 query_prune=0.5 n_cand=100000,128,0.0000000000,0.0000,856.4825,138.9062,0.0000,0.394060,0.393635;0.394060;0.392598;0.396316;0.396343,100.963362,9904.58,,307.73,0,3903,10,True,nid004658,58308544
SINDI,doc_prune=0.5 query_prune=0.7 n_cand=10000,128,0.0000000000,0.0000,856.4825,138.9062,0.0000,0.391409,0.389217;0.393976;0.390610;0.391409;0.391855,100.284140,9971.67,,307.73,0,3903,10,True,nid004658,58308544
SINDI,doc_prune=0.5 query_prune=0.7 n_cand=20000,128,0.0000000000,0.0000,856.4825,138.9062,0.0000,0.389906,0.391416;0.388725;0.387364;0.391569;0.389906,99.899052,10010.10,,307.73,0,3903,10,True,nid004658,58308544
SINDI,doc_prune=0.5 query_prune=0.7 n_cand=50000,128,0.0000000000,0.0000,856.4825,138.9062,0.0000,0.396392,0.393493;0.396578;0.396392;0.394545;0.397282,101.560851,9846.31,,307.73,0,3903,10,True,nid004658,58308544
SINDI,doc_prune=0.5 query_prune=0.7 n_cand=100000,128,0.0000000000,0.0000,856.4825,138.9062,0.0000,0.391927,0.387850;0.391927;0.390572;0.393429;0.393455,100.416859,9958.49,,307.73,0,3903,10,True,nid004658,58308544
SINDI,doc_prune=0.5 query_prune=0.9 n_cand=10000,128,0.0000000000,0.0000,856.4825,138.9062,0.0000,0.392191,0.397450;0.389631;0.393304;0.389496;0.392191,100.484499,9951.78,,307.73,0,3903,10,True,nid004658,58308544
SINDI,doc_prune=0.5 query_prune=0.9 n_cand=20000,128,0.0000000000,0.0000,856.4825,138.9062,0.0000,0.391188,0.391188;0.390104;0.396572;0.388866;0.393351,100.227517,9977.30,,307.73,0,3903,10,True,nid004658,58308544
SINDI,doc_prune=0.5 query_prune=0.9 n_cand=50000,128,0.0000000000,0.0000,856.4825,138.9062,0.0000,0.391391,0.391391;0.396269;0.387561;0.391009;0.393296,100.279529,9972.13,,307.73,0,3903,10,True,nid004658,58308544
SINDI,doc_prune=0.5 query_prune=0.9 n_cand=100000,128,0.0000000000,0.0000,856.4825,138.9062,0.0000,0.393307,0.390121;0.394300;0.393307;0.389199;0.394429,100.770433,9923.55,,307.73,0,3903,10,True,nid004658,58308544
SINDI,doc_prune=0.6 query_prune=0.5 n_cand=10000,128,0.0000000000,0.0000,829.3976,138.9062,0.0000,0.438915,0.448960;0.437343;0.436857;0.438915;0.443669,112.455803,8892.38,,307.73,0,3903,10,True,nid004658,58308544
SINDI,doc_prune=0.6 query_prune=0.5 n_cand=20000,128,0.0000000000,0.0000,829.3976,138.9062,0.0000,0.441239,0.453587;0.451814;0.441239;0.430732;0.426305,113.051243,8845.55,,307.73,0,3903,10,True,nid004658,58308544
SINDI,doc_prune=0.6 query_prune=0.5 n_cand=50000,128,0.0000000000,0.0000,829.3976,138.9062,0.0000,0.451080,0.448969;0.451080;0.452883;0.450350;0.451927,115.572636,8652.57,,307.73,0,3903,10,True,nid004658,58308544
SINDI,doc_prune=0.6 query_prune=0.5 n_cand=100000,128,0.0000000000,0.0000,829.3976,138.9062,0.0000,0.445027,0.432581;0.445027;0.449648;0.438425;0.447222,114.021778,8770.25,,307.73,0,3903,10,True,nid004658,58308544
SINDI,doc_prune=0.6 query_prune=0.7 n_cand=10000,128,0.0000000000,0.0000,829.3976,138.9062,0.0000,0.441431,0.441431;0.430555;0.447389;0.447223;0.426532,113.100436,8841.70,,307.73,0,3903,10,True,nid004658,58308544
SINDI,doc_prune=0.6 query_prune=0.7 n_cand=20000,128,0.0000000000,0.0000,829.3976,138.9062,0.0000,0.433288,0.433288;0.446752;0.436146;0.427235;0.429383,111.014092,9007.87,,307.73,0,3903,10,True,nid004658,58308544
SINDI,doc_prune=0.6 query_prune=0.7 n_cand=50000,128,0.0000000000,0.0000,829.3976,138.9062,0.0000,0.437889,0.441877;0.449789;0.437889;0.434600;0.437640,112.192929,8913.22,,307.73,0,3903,10,True,nid004658,58308544
SINDI,doc_prune=0.6 query_prune=0.7 n_cand=100000,128,0.0000000000,0.0000,829.3976,138.9062,0.0000,0.439051,0.436942;0.439788;0.441019;0.439051;0.404679,112.490648,8889.63,,307.73,0,3903,10,True,nid004658,58308544
SINDI,doc_prune=0.6 query_prune=0.9 n_cand=10000,128,0.0000000000,0.0000,829.3976,138.9062,0.0000,0.390499,0.385118;0.390499;0.393872;0.392593;0.388754,100.050986,9994.90,,307.73,0,3903,10,True,nid004658,58308544
SINDI,doc_prune=0.6 query_prune=0.9 n_cand=20000,128,0.0000000000,0.0000,829.3976,138.9062,0.0000,0.390795,0.390641;0.390633;0.390795;0.392593;0.392363,100.126826,9987.33,,307.73,0,3903,10,True,nid004658,58308544
SINDI,doc_prune=0.6 query_prune=0.9 n_cand=50000,128,0.0000000000,0.0000,829.3976,138.9062,0.0000,0.390537,0.394317;0.388272;0.387757;0.394674;0.390537,100.060723,9993.93,,307.73,0,3903,10,True,nid004658,58308544
SINDI,doc_prune=0.6 query_prune=0.9 n_cand=100000,128,0.0000000000,0.0000,829.3976,138.9062,0.0000,0.393386,0.393386;0.394406;0.391844;0.390061;0.394112,100.790674,9921.55,,307.73,0,3903,10,True,nid004658,58308544
SINDI,doc_prune=0.7 query_prune=0.5 n_cand=10000,128,0.0000000000,0.0000,809.0583,138.9062,0.0000,0.386363,0.386363;0.392435;0.384057;0.385666;0.393222,98.991289,10101.90,,307.73,0,3903,10,True,nid004658,58308544
SINDI,doc_prune=0.7 query_prune=0.5 n_cand=20000,128,0.0000000000,0.0000,809.0583,138.9062,0.0000,0.390098,0.389229;0.390098;0.391860;0.394119;0.389800,99.948245,10005.18,,307.73,0,3903,10,True,nid004658,58308544
SINDI,doc_prune=0.7 query_prune=0.5 n_cand=50000,128,0.0000000000,0.0000,809.0583,138.9062,0.0000,0.393128,0.393767;0.393128;0.392211;0.390043;0.395017,100.724571,9928.06,,307.73,0,3903,10,True,nid004658,58308544
SINDI,doc_prune=0.7 query_prune=0.5 n_cand=100000,128,0.0000000000,0.0000,809.0583,138.9062,0.0000,0.393093,0.393093;0.387013;0.393355;0.396511;0.390287,100.715603,9928.95,,307.73,0,3903,10,True,nid004658,58308544
SINDI,doc_prune=0.7 query_prune=0.7 n_cand=10000,128,0.0000000000,0.0000,809.0583,138.9062,0.0000,0.390151,0.390342;0.384010;0.390151;0.389957;0.391075,99.961824,10003.82,,307.73,0,3903,10,True,nid004658,58308544
SINDI,doc_prune=0.7 query_prune=0.7 n_cand=20000,128,0.0000000000,0.0000,809.0583,138.9062,0.0000,0.390561,0.390561;0.389806;0.396183;0.390359;0.395291,100.066872,9993.32,,307.73,0,3903,10,True,nid004658,58308544
SINDI,doc_prune=0.7 query_prune=0.7 n_cand=50000,128,0.0000000000,0.0000,809.0583,138.9062,0.0000,0.389980,0.393304;0.389051;0.391608;0.386954;0.389980,99.918012,10008.21,,307.73,0,3903,10,True,nid004658,58308544
SINDI,doc_prune=0.7 query_prune=0.7 n_cand=100000,128,0.0000000000,0.0000,809.0583,138.9062,0.0000,0.393667,0.392764;0.393667;0.396453;0.393940;0.387466,100.862670,9914.47,,307.73,0,3903,10,True,nid004658,58308544
SINDI,doc_prune=0.7 query_prune=0.9 n_cand=10000,128,0.0000000000,0.0000,809.0583,138.9062,0.0000,0.385498,0.389646;0.382746;0.385498;0.384702;0.385640,98.769664,10124.57,,307.73,0,3903,10,True,nid004658,58308544
SINDI,doc_prune=0.7 query_prune=0.9 n_cand=20000,128,0.0000000000,0.0000,809.0583,138.9062,0.0000,0.391625,0.394567;0.390976;0.391625;0.391444;0.392653,100.339482,9966.17,,307.73,0,3903,10,True,nid004658,58308544
SINDI,doc_prune=0.7 query_prune=0.9 n_cand=50000,128,0.0000000000,0.0000,809.0583,138.9062,0.0000,0.392931,0.399081;0.392931;0.393070;0.391697;0.386791,100.674097,9933.04,,307.73,0,3903,10,True,nid004658,58308544
SINDI,doc_prune=0.7 query_prune=0.9 n_cand=100000,128,0.0000000000,0.0000,809.0583,138.9062,0.0000,0.391607,0.389931;0.389245;0.392470;0.391607;0.391623,100.334871,9966.62,,307.73,0,3903,10,True,nid004658,58308544
SINDI,doc_prune=0.9 query_prune=0.5 n_cand=10,128,0.1511145273,0.5529,770.2580,144.4894,0.0000,1.282162,1.277726;1.289893;1.282162;1.275332;1.282408,328.506790,3044.08,,356.16,0,3903,10,True,nid005807,58119950
SINDI,doc_prune=0.9 query_prune=0.1 n_cand=10,128,0.1512938765,0.5525,770.2580,144.4894,0.0000,2.333522,2.324938;2.333522;2.341993;2.335644;2.326366,597.879067,1672.58,,356.16,0,3903,10,True,nid005807,58119950
SINDI,doc_prune=0.9 query_prune=0.5 n_cand=10,128,0.1513194978,0.5544,755.4792,139.9263,0.0000,1.666399,1.666399;1.677448;1.656262;1.654999;1.682099,426.953369,2342.18,,421.69,0,3903,10,True,nid005539,58078825
SINDI,doc_prune=0.9 query_prune=0.5 n_cand=10,128,0.1513194978,0.5544,756.1937,140.3835,0.0000,1.364295,1.364295;1.365561;1.365438;1.363253;1.360251,349.550346,2860.82,,378.31,0,3903,10,True,nid005919,58119952
SINDI,doc_prune=0.9 query_prune=0 n_cand=10,128,0.1513451191,0.5528,770.2580,144.4894,0.0000,2.617902,2.623173;2.603196;2.600937;2.617902;2.626907,670.740968,1490.89,,356.16,0,3903,10,True,nid005807,58119950
SINDI,doc_prune=0.9 query_prune=0.2 n_cand=10,128,0.1513963618,0.5530,770.2580,144.4894,0.0000,2.070559,2.061736;2.074816;2.065580;2.073701;2.070559,530.504484,1885.00,,356.16,0,3903,10,True,nid005807,58119950
SINDI,doc_prune=0.9 query_prune=0.3 n_cand=10,128,0.1514988470,0.5528,770.2580,144.4894,0.0000,1.796211,1.796211;1.805321;1.791010;1.791411;1.800250,460.212913,2172.91,,356.16,0,3903,10,True,nid005807,58119950
SINDI,doc_prune=0.9 query_prune=0.1 n_cand=10,128,0.1515500897,0.5539,755.4792,139.9263,0.0000,3.058504,3.095782;3.030856;3.035029;3.058504;3.063725,783.629003,1276.11,,421.69,0,3903,10,True,nid005539,58078825
SINDI,doc_prune=0.9 query_prune=0.1 n_cand=10,128,0.1515500897,0.5539,756.1937,140.3835,0.0000,2.503027,2.530289;2.491453;2.515717;2.496708;2.503027,641.308481,1559.31,,378.31,0,3903,10,True,nid005919,58119952
SINDI,doc_prune=0.9 query_prune=0 n_cand=10,128,0.1515757110,0.5539,755.4792,139.9263,0.0000,3.398243,3.414596;3.398243;3.365313;3.467863;3.393495,870.674609,1148.53,,421.69,0,3903,10,True,nid005539,58078825
SINDI,doc_prune=0.9 query_prune=0.3 n_cand=10,128,0.1515757110,0.5535,755.4792,139.9263,0.0000,2.356265,2.338288;2.340866;2.363338;2.364928;2.356265,603.706123,1656.44,,421.69,0,3903,10,True,nid005539,58078825
SINDI,doc_prune=0.9 query_prune=0.7 n_cand=10,128,0.1515757110,0.5549,770.2580,144.4894,0.0000,0.744789,0.747186;0.743529;0.744789;0.744703;0.744976,190.824750,5240.41,,356.16,0,3903,10,True,nid005807,58119950
SINDI,doc_prune=0.9 query_prune=0 n_cand=10,128,0.1515757110,0.5539,756.1937,140.3835,0.0000,2.815658,2.815658;2.809873;2.801051;2.869171;2.840883,721.408660,1386.18,,378.31,0,3903,10,True,nid005919,58119952
SINDI,doc_prune=0.9 query_prune=0.3 n_cand=10,128,0.1515757110,0.5535,756.1937,140.3835,0.0000,1.906909,1.913091;1.906909;1.899841;1.906849;1.917713,488.575199,2046.77,,378.31,0,3903,10,True,nid005919,58119952
SINDI,doc_prune=0.9 query_prune=0.2 n_cand=10,128,0.1516013323,0.5541,755.4792,139.9263,0.0000,2.669819,2.669819;2.662516;2.676990;2.675122;2.661545,684.042788,1461.90,,421.69,0,3903,10,True,nid005539,58078825
SINDI,doc_prune=0.9 query_prune=0.2 n_cand=10,128,0.1516013323,0.5541,756.1937,140.3835,0.0000,2.197445,2.197445;2.215571;2.185344;2.192301;2.204946,563.014348,1776.15,,378.31,0,3903,10,True,nid005919,58119952
SINDI,doc_prune=0.9 query_prune=0.7 n_cand=10,128,0.1518063028,0.5562,755.4792,139.9263,0.0000,0.970663,0.964991;0.980036;0.970663;0.965249;0.977243,248.696644,4020.96,,421.69,0,3903,10,True,nid005539,58078825
SINDI,doc_prune=0.9 query_prune=0.7 n_cand=10,128,0.1518063028,0.5562,756.1937,140.3835,0.0000,0.795893,0.799026;0.797598;0.794683;0.795893;0.795321,203.918268,4903.93,,378.31,0,3903,10,True,nid005919,58119952
SINDI,doc_prune=0.9 query_prune=0.9 n_cand=10,128,0.1520625160,0.5264,770.2580,144.4894,0.0000,0.246520,0.246520;0.246396;0.246088;0.246541;0.247431,63.161671,15832.39,,356.16,0,3903,10,True,nid005807,58119950
SINDI,doc_prune=0.9 query_prune=0.9 n_cand=10,128,0.1525236997,0.5262,755.4792,139.9263,0.0000,0.319053,0.319053;0.319271;0.318502;0.320158;0.316046,81.745580,12233.08,,421.69,0,3903,10,True,nid005539,58078825
SINDI,doc_prune=0.9 query_prune=0.9 n_cand=10,128,0.1525236997,0.5262,756.1937,140.3835,0.0000,0.267326,0.267326;0.266587;0.267326;0.266630;0.267463,68.492442,14600.15,,378.31,0,3903,10,True,nid005919,58119952
SINDI,doc_prune=0.9 query_prune=0.9 n_cand=20,128,0.2079938509,0.5844,755.4792,139.9263,0.0000,0.317931,0.317528;0.317779;0.317931;0.319155;0.320456,81.458109,12276.25,,421.69,0,3903,10,True,nid005539,58078825
SINDI,doc_prune=0.9 query_prune=0.9 n_cand=20,128,0.2079938509,0.5844,756.1937,140.3835,0.0000,0.267305,0.267974;0.267305;0.267554;0.266140;0.265925,68.487061,14601.30,,378.31,0,3903,10,True,nid005919,58119952
SINDI,doc_prune=0.9 query_prune=0.9 n_cand=20,128,0.2081219575,0.5834,770.2580,144.4894,0.0000,0.247409,0.247451;0.248181;0.246598;0.247409;0.246973,63.389444,15775.50,,356.16,0,3903,10,True,nid005807,58119950
SINDI,doc_prune=0.9 query_prune=0.3 n_cand=20,128,0.2110940302,0.6340,755.4792,139.9263,0.0000,2.337540,2.347357;2.326622;2.322212;2.337540;2.343182,598.908532,1669.70,,421.69,0,3903,10,True,nid005539,58078825
SINDI,doc_prune=0.9 query_prune=0.3 n_cand=20,128,0.2110940302,0.6340,756.1937,140.3835,0.0000,1.908682,1.902560;1.908682;1.909223;1.912294;1.904366,489.029465,2044.87,,378.31,0,3903,10,True,nid005919,58119952
SINDI,doc_prune=0.9 query_prune=0.7 n_cand=20,128,0.2111708942,0.6349,755.4792,139.9263,0.0000,0.973809,0.978149;0.973809;0.965279;0.978234;0.972593,249.502690,4007.97,,421.69,0,3903,10,True,nid005539,58078825
SINDI,doc_prune=0.9 query_prune=0.7 n_cand=20,128,0.2111708942,0.6349,756.1937,140.3835,0.0000,0.794569,0.792315;0.792877;0.794569;0.797183;0.800094,203.579042,4912.10,,378.31,0,3903,10,True,nid005919,58119952
SINDI,doc_prune=0.9 query_prune=0 n_cand=20,128,0.2111965155,0.6336,755.4792,139.9263,0.0000,3.408492,3.438254;3.395641;3.429718;3.397926;3.408492,873.300538,1145.08,,421.69,0,3903,10,True,nid005539,58078825
SINDI,doc_prune=0.9 query_prune=0 n_cand=20,128,0.2111965155,0.6336,756.1937,140.3835,0.0000,2.781122,2.761924;2.795250;2.781122;2.772781;2.822813,712.560082,1403.39,,378.31,0,3903,10,True,nid005919,58119952
SINDI,doc_prune=0.9 query_prune=0.5 n_cand=20,128,0.2112477581,0.6344,755.4792,139.9263,0.0000,1.669032,1.667555;1.675204;1.665825;1.674185;1.669032,427.627978,2338.48,,421.69,0,3903,10,True,nid005539,58078825
SINDI,doc_prune=0.9 query_prune=0.5 n_cand=20,128,0.2112477581,0.6344,756.1937,140.3835,0.0000,1.365093,1.361995;1.365649;1.374056;1.362186;1.365093,349.754804,2859.15,,378.31,0,3903,10,True,nid005919,58119952
SINDI,doc_prune=0.9 query_prune=0.1 n_cand=20,128,0.2112733795,0.6336,755.4792,139.9263,0.0000,3.011806,2.991511;3.067190;3.068426;2.987048;3.011806,771.664361,1295.90,,421.69,0,3903,10,True,nid005539,58078825
SINDI,doc_prune=0.9 query_prune=0.2 n_cand=20,128,0.2112733795,0.6337,755.4792,139.9263,0.0000,2.691489,2.664578;2.699529;2.699810;2.691489;2.690446,689.594927,1450.13,,421.69,0,3903,10,True,nid005539,58078825
SINDI,doc_prune=0.9 query_prune=0.1 n_cand=20,128,0.2112733795,0.6336,756.1937,140.3835,0.0000,2.511125,2.476899;2.533446;2.604473;2.511125;2.473552,643.383295,1554.28,,378.31,0,3903,10,True,nid005919,58119952
SINDI,doc_prune=0.9 query_prune=0.2 n_cand=20,128,0.2112733795,0.6337,756.1937,140.3835,0.0000,2.219794,2.222343;2.219794;2.225817;2.217609;2.209666,568.740456,1758.27,,378.31,0,3903,10,True,nid005919,58119952
SINDI,doc_prune=0.9 query_prune=0.3 n_cand=20,128,0.2114271074,0.6332,770.2580,144.4894,0.0000,1.799046,1.795208;1.795796;1.799046;1.811789;1.806685,460.939277,2169.48,,356.16,0,3903,10,True,nid005807,58119950
SINDI,doc_prune=0.9 query_prune=0.1 n_cand=20,128,0.2115039713,0.6328,770.2580,144.4894,0.0000,2.324388,2.329864;2.324033;2.339349;2.324388;2.322939,595.538816,1679.15,,356.16,0,3903,10,True,nid005807,58119950
SINDI,doc_prune=0.9 query_prune=0.2 n_cand=20,128,0.2115039713,0.6328,770.2580,144.4894,0.0000,2.068229,2.052602;2.068640;2.063351;2.070453;2.068229,529.907507,1887.12,,356.16,0,3903,10,True,nid005807,58119950
SINDI,doc_prune=0.9 query_prune=0 n_cand=20,128,0.2115295926,0.6328,770.2580,144.4894,0.0000,2.627119,2.620150;2.631742;2.627119;2.619168;2.640983,673.102485,1485.66,,356.16,0,3903,10,True,nid005807,58119950
SINDI,doc_prune=0.9 query_prune=0.5 n_cand=20,128,0.2115808353,0.6343,770.2580,144.4894,0.0000,1.282062,1.281590;1.283245;1.282062;1.284204;1.281120,328.481168,3044.31,,356.16,0,3903,10,True,nid005807,58119950
SINDI,doc_prune=0.9 query_prune=0.7 n_cand=20,128,0.2117858058,0.6353,770.2580,144.4894,0.0000,0.746992,0.747834;0.743757;0.748356;0.746306;0.746992,191.389188,5224.96,,356.16,0,3903,10,True,nid005807,58119950
SINDI,doc_prune=0.8 query_prune=0.9 n_cand=10,128,0.2498334614,0.6897,799.7972,144.4894,0.0000,0.353677,0.351345;0.353677;0.354352;0.353478;0.354183,90.616705,11035.49,,356.16,0,3903,10,True,nid005807,58119950
SINDI,doc_prune=0.8 query_prune=0.9 n_cand=10,128,0.2498590828,0.6874,787.2373,139.9263,0.0000,0.479503,0.478901;0.482023;0.480506;0.479503;0.479385,122.854983,8139.68,,421.69,0,3903,10,True,nid005539,58078825
SINDI,doc_prune=0.8 query_prune=0.9 n_cand=10,128,0.2498590828,0.6874,785.7407,140.3835,0.0000,0.386205,0.386612;0.386205;0.387096;0.385794;0.384264,98.950807,10106.03,,378.31,0,3903,10,True,nid005919,58119952
SINDI,doc_prune=0.8 query_prune=0.9 n_cand=10,128,0.2499103254,0.6874,838.3424,138.4841,0.0000,1.172429,1.170323;1.167802;1.172429;1.182284;1.175922,300.391750,3328.99,,462.89,0,3903,10,True,nid005491,58119954
SINDI,doc_prune=0.8 query_prune=0.3 n_cand=10,128,0.2823981553,0.8053,787.2373,139.9263,0.0000,3.357136,3.382992;3.388249;3.348768;3.341318;3.357136,860.142455,1162.60,,421.69,0,3903,10,True,nid005539,58078825
SINDI,doc_prune=0.8 query_prune=0.3 n_cand=10,128,0.2823981553,0.8053,785.7407,140.3835,0.0000,2.725457,2.718940;2.736756;2.741876;2.725457;2.718016,698.297976,1432.05,,378.31,0,3903,10,True,nid005919,58119952
SINDI,doc_prune=0.8 query_prune=0.3 n_cand=10,128,0.2823981553,0.8054,838.3424,138.4841,0.0000,8.184066,8.227805;8.143462;8.184066;8.126461;8.213990,2096.865488,476.90,,462.89,0,3903,10,True,nid005491,58119954
SINDI,doc_prune=0.8 query_prune=0.2 n_cand=10,128,0.2826031258,0.8057,838.3424,138.4841,0.0000,9.221927,9.221927;9.182135;9.200001;9.275210;9.236991,2362.779144,423.23,,462.89,0,3903,10,True,nid005491,58119954
SINDI,doc_prune=0.8 query_prune=0.2 n_cand=10,128,0.2826287471,0.8058,787.2373,139.9263,0.0000,3.792655,3.792655;3.783300;3.866428;3.835904;3.789579,971.728158,1029.09,,421.69,0,3903,10,True,nid005539,58078825
SINDI,doc_prune=0.8 query_prune=0.2 n_cand=10,128,0.2826287471,0.8058,785.7407,140.3835,0.0000,3.099480,3.097840;3.094923;3.130931;3.099480;3.102015,794.127594,1259.24,,378.31,0,3903,10,True,nid005919,58119952
SINDI,doc_prune=0.8 query_prune=0.1 n_cand=10,128,0.2827312324,0.8063,787.2373,139.9263,0.0000,4.224863,4.212627;4.299096;4.224582;4.292495;4.224863,1082.465539,923.82,,421.69,0,3903,10,True,nid005539,58078825
SINDI,doc_prune=0.8 query_prune=0.1 n_cand=10,128,0.2827312324,0.8063,785.7407,140.3835,0.0000,3.466632,3.455637;3.466632;3.472190;3.456637;3.469690,888.196772,1125.88,,378.31,0,3903,10,True,nid005919,58119952
SINDI,doc_prune=0.8 query_prune=0.1 n_cand=10,128,0.2827568537,0.8064,838.3424,138.4841,0.0000,10.205095,10.147366;10.205095;10.214414;10.221199;10.183916,2614.679734,382.46,,462.89,0,3903,10,True,nid005491,58119954
SINDI,doc_prune=0.8 query_prune=0.5 n_cand=10,128,0.2827568537,0.8082,838.3424,138.4841,0.0000,6.076547,6.031211;6.088480;6.066457;6.095216;6.076547,1556.891366,642.31,,462.89,0,3903,10,True,nid005491,58119954
SINDI,doc_prune=0.8 query_prune=0.3 n_cand=10,128,0.2827824750,0.8058,799.7972,144.4894,0.0000,2.587530,2.587530;2.588777;2.574796;2.579021;2.597771,662.959262,1508.39,,356.16,0,3903,10,True,nid005807,58119950
SINDI,doc_prune=0.8 query_prune=0.5 n_cand=10,128,0.2828593390,0.8080,787.2373,139.9263,0.0000,2.471966,2.483956;2.467851;2.465820;2.488214;2.471966,633.350243,1578.91,,421.69,0,3903,10,True,nid005539,58078825
SINDI,doc_prune=0.8 query_prune=0.5 n_cand=10,128,0.2828593390,0.8080,785.7407,140.3835,0.0000,1.986982,1.975954;1.988768;1.986982;1.989475;1.985670,509.090956,1964.29,,378.31,0,3903,10,True,nid005919,58119952
SINDI,doc_prune=0.8 query_prune=0 n_cand=10,128,0.2828849603,0.8068,787.2373,139.9263,0.0000,4.732168,4.663118;4.763085;4.732168;4.754310;4.703771,1212.443761,824.78,,421.69,0,3903,10,True,nid005539,58078825
SINDI,doc_prune=0.8 query_prune=0 n_cand=10,128,0.2828849603,0.8068,785.7407,140.3835,0.0000,3.859116,3.885724;3.844130;3.873951;3.859116;3.852493,988.756341,1011.37,,378.31,0,3903,10,True,nid005919,58119952
SINDI,doc_prune=0.8 query_prune=0.2 n_cand=10,128,0.2829362029,0.8067,799.7972,144.4894,0.0000,2.944464,2.941784;2.945976;2.948285;2.944464;2.938856,754.410453,1325.54,,356.16,0,3903,10,True,nid005807,58119950
SINDI,doc_prune=0.8 query_prune=0 n_cand=10,128,0.2829362029,0.8069,838.3424,138.4841,0.0000,11.234894,11.234894;11.187113;11.144112;11.271052;11.246911,2878.527799,347.40,,462.89,0,3903,10,True,nid005491,58119954
SINDI,doc_prune=0.8 query_prune=0.7 n_cand=10,128,0.2829874456,0.8077,787.2373,139.9263,0.0000,1.489242,1.487229;1.487591;1.499068;1.489242;1.495321,381.563413,2620.80,,421.69,0,3903,10,True,nid005539,58078825
SINDI,doc_prune=0.8 query_prune=0.1 n_cand=10,128,0.2829874456,0.8067,799.7972,144.4894,0.0000,3.300558,3.295514;3.302456;3.292942;3.300575;3.300558,845.646426,1182.53,,356.16,0,3903,10,True,nid005807,58119950
SINDI,doc_prune=0.8 query_prune=0.7 n_cand=10,128,0.2829874456,0.8077,785.7407,140.3835,0.0000,1.188843,1.192612;1.188843;1.189136;1.186422;1.186129,304.597233,3283.02,,378.31,0,3903,10,True,nid005919,58119952
SINDI,doc_prune=0.8 query_prune=0.7 n_cand=10,128,0.2830130669,0.8078,838.3424,138.4841,0.0000,3.659724,3.681093;3.659724;3.711925;3.648706;3.642046,937.669485,1066.47,,462.89,0,3903,10,True,nid005491,58119954
SINDI,doc_prune=0.8 query_prune=0 n_cand=10,128,0.2831411735,0.8069,799.7972,144.4894,0.0000,3.681968,3.671416;3.670045;3.681968;3.686660;3.688543,943.368691,1060.03,,356.16,0,3903,10,True,nid005807,58119950
SINDI,doc_prune=0.8 query_prune=0.5 n_cand=10,128,0.2832692800,0.8087,799.7972,144.4894,0.0000,1.872245,1.872245;1.871213;1.874988;1.863687;1.874260,479.693825,2084.66,,356.16,0,3903,10,True,nid005807,58119950
SINDI,doc_prune=0.8 query_prune=0.7 n_cand=10,128,0.2834230079,0.8059,799.7972,144.4894,0.0000,1.102649,1.102649;1.097116;1.105947;1.101635;1.103561,282.513195,3539.66,,356.16,0,3903,10,True,nid005807,58119950
SINDI,doc_prune=0.9 query_prune=0.9 n_cand=50,128,0.2885472713,0.6646,755.4792,139.9263,0.0000,0.319497,0.319046;0.319596;0.322681;0.319331;0.319497,81.859339,12216.08,,421.69,0,3903,10,True,nid005539,58078825
SINDI,doc_prune=0.9 query_prune=0.9 n_cand=50,128,0.2885472713,0.6633,770.2580,144.4894,0.0000,0.248212,0.248986;0.248308;0.247809;0.248212;0.246549,63.595183,15724.46,,356.16,0,3903,10,True,nid005807,58119950
SINDI,doc_prune=0.9 query_prune=0.9 n_cand=50,128,0.2885472713,0.6646,756.1937,140.3835,0.0000,0.268232,0.266966;0.268232;0.268062;0.268823;0.268585,68.724571,14550.84,,378.31,0,3903,10,True,nid005919,58119952
SINDI,doc_prune=0.9 query_prune=0.5 n_cand=50,128,0.2977453241,0.7341,755.4792,139.9263,0.0000,1.668846,1.675766;1.658068;1.665081;1.677001;1.668846,427.580323,2338.74,,421.69,0,3903,10,True,nid005539,58078825
SINDI,doc_prune=0.9 query_prune=0.5 n_cand=50,128,0.2977453241,0.7341,756.1937,140.3835,0.0000,1.370043,1.370043;1.364381;1.366029;1.370223;1.374027,351.023059,2848.82,,378.31,0,3903,10,True,nid005919,58119952
SINDI,doc_prune=0.9 query_prune=0.5 n_cand=50,128,0.2979759160,0.7339,770.2580,144.4894,0.0000,1.285020,1.285020;1.282876;1.288917;1.285194;1.284087,329.239047,3037.31,,356.16,0,3903,10,True,nid005807,58119950
SINDI,doc_prune=0.9 query_prune=0.3 n_cand=50,128,0.2981296439,0.7344,770.2580,144.4894,0.0000,1.802971,1.802971;1.807132;1.798132;1.806250;1.801971,461.944914,2164.76,,356.16,0,3903,10,True,nid005807,58119950
SINDI,doc_prune=0.9 query_prune=0.3 n_cand=50,128,0.2983089931,0.7354,755.4792,139.9263,0.0000,2.348357,2.355860;2.348357;2.339416;2.345701;2.361899,601.679990,1662.01,,421.69,0,3903,10,True,nid005539,58078825
SINDI,doc_prune=0.9 query_prune=0 n_cand=50,128,0.2983089931,0.7346,770.2580,144.4894,0.0000,2.629023,2.629023;2.618034;2.630826;2.612319;2.631600,673.590315,1484.58,,356.16,0,3903,10,True,nid005807,58119950
SINDI,doc_prune=0.9 query_prune=0.2 n_cand=50,128,0.2983089931,0.7346,770.2580,144.4894,0.0000,2.069416,2.069416;2.064563;2.063069;2.078292;2.077505,530.211632,1886.04,,356.16,0,3903,10,True,nid005807,58119950
SINDI,doc_prune=0.9 query_prune=0.3 n_cand=50,128,0.2983089931,0.7354,756.1937,140.3835,0.0000,1.906943,1.906943;1.906776;1.914168;1.904443;1.911463,488.583910,2046.73,,378.31,0,3903,10,True,nid005919,58119952
SINDI,doc_prune=0.9 query_prune=0.2 n_cand=50,128,0.2983602357,0.7355,755.4792,139.9263,0.0000,2.676792,2.667293;2.691072;2.673695;2.707316;2.676792,685.829362,1458.09,,421.69,0,3903,10,True,nid005539,58078825
SINDI,doc_prune=0.9 query_prune=0.2 n_cand=50,128,0.2983602357,0.7355,756.1937,140.3835,0.0000,2.207019,2.191609;2.207019;2.197534;2.241639;2.217467,565.467333,1768.45,,378.31,0,3903,10,True,nid005919,58119952
SINDI,doc_prune=0.9 query_prune=0.1 n_cand=50,128,0.2983858570,0.7348,770.2580,144.4894,0.0000,2.330263,2.328747;2.334463;2.330263;2.334966;2.327982,597.044069,1674.92,,356.16,0,3903,10,True,nid005807,58119950
SINDI,doc_prune=0.9 query_prune=0 n_cand=50,128,0.2984883423,0.7351,755.4792,139.9263,0.0000,3.428084,3.428084;3.382564;3.428087;3.420640;3.461557,878.320266,1138.54,,421.69,0,3903,10,True,nid005539,58078825
SINDI,doc_prune=0.9 query_prune=0 n_cand=50,128,0.2984883423,0.7351,756.1937,140.3835,0.0000,2.778358,2.806030;2.773876;2.771091;2.778358;2.779614,711.851909,1404.79,,378.31,0,3903,10,True,nid005919,58119952
SINDI,doc_prune=0.9 query_prune=0.1 n_cand=50,128,0.2985139636,0.7353,755.4792,139.9263,0.0000,3.031283,3.037149;3.017631;3.031283;3.022762;3.064325,776.654625,1287.57,,421.69,0,3903,10,True,nid005539,58078825
SINDI,doc_prune=0.9 query_prune=0.1 n_cand=50,128,0.2985139636,0.7353,756.1937,140.3835,0.0000,2.508558,2.508558;2.510057;2.492160;2.514450;2.499511,642.725596,1555.87,,378.31,0,3903,10,True,nid005919,58119952
SINDI,doc_prune=0.9 query_prune=0.7 n_cand=50,128,0.2985908276,0.7348,755.4792,139.9263,0.0000,0.972235,0.967606;0.981457;0.974393;0.972235;0.956290,249.099411,4014.46,,421.69,0,3903,10,True,nid005539,58078825
SINDI,doc_prune=0.9 query_prune=0.7 n_cand=50,128,0.2985908276,0.7348,756.1937,140.3835,0.0000,0.795726,0.793328;0.796926;0.795726;0.796793;0.792875,203.875480,4904.95,,378.31,0,3903,10,True,nid005919,58119952
SINDI,doc_prune=0.9 query_prune=0.7 n_cand=50,128,0.2986933128,0.7347,770.2580,144.4894,0.0000,0.744093,0.744093;0.743069;0.746310;0.744093;0.743674,190.646426,5245.31,,356.16,0,3903,10,True,nid005807,58119950
SINDI,doc_prune=0.7 query_prune=0.9 n_cand=10,128,0.3118370484,0.7535,815.1836,139.9263,0.0000,0.667803,0.667803;0.660624;0.668772;0.670567;0.662993,171.099923,5844.54,,421.69,0,3903,10,True,nid005539,58078825
SINDI,doc_prune=0.7 query_prune=0.9 n_cand=10,128,0.3118370484,0.7535,810.5067,140.3835,0.0000,0.514299,0.511261;0.515871;0.507499;0.514299;0.518498,131.770177,7588.97,,378.31,0,3903,10,True,nid005919,58119952
SINDI,doc_prune=0.7 query_prune=0.9 n_cand=10,128,0.3118626697,0.7535,875.6614,138.4841,0.0000,1.410821,1.400299;1.418748;1.414469;1.402200;1.410821,361.470920,2766.47,,462.89,0,3903,10,True,nid005491,58119954
SINDI,doc_prune=0.7 query_prune=0.9 n_cand=10,128,0.3123750961,0.7556,821.4923,144.4894,0.0000,0.457080,0.459278;0.455257;0.457769;0.457080;0.456223,117.109915,8538.99,,356.16,0,3903,10,True,nid005807,58119950
SINDI,doc_prune=0.8 query_prune=0.9 n_cand=20,128,0.3458365360,0.7402,799.7972,144.4894,0.0000,0.354056,0.350064;0.355482;0.355358;0.352527;0.354056,90.713810,11023.68,,356.16,0,3903,10,True,nid005807,58119950
SINDI,doc_prune=0.8 query_prune=0.9 n_cand=20,128,0.3459902639,0.7420,838.3424,138.4841,0.0000,1.175609,1.175609;1.176420;1.169252;1.167559;1.184943,301.206508,3319.98,,462.89,0,3903,10,True,nid005491,58119954
SINDI,doc_prune=0.8 query_prune=0.9 n_cand=20,128,0.3460671279,0.7420,787.2373,139.9263,0.0000,0.480897,0.480897;0.482329;0.474278;0.481649;0.479454,123.212145,8116.08,,421.69,0,3903,10,True,nid005539,58078825
SINDI,doc_prune=0.8 query_prune=0.9 n_cand=20,128,0.3460671279,0.7420,785.7407,140.3835,0.0000,0.388519,0.388576;0.386468;0.388325;0.388519;0.390445,99.543684,10045.84,,378.31,0,3903,10,True,nid005919,58119952
SINDI,doc_prune=0.6 query_prune=0.9 n_cand=10,128,0.3528055342,0.7799,912.4930,138.4841,0.0000,1.669144,1.669144;1.663749;1.673798;1.663254;1.670070,427.656674,2338.32,,462.89,0,3903,10,True,nid005491,58119954
SINDI,doc_prune=0.6 query_prune=0.9 n_cand=10,128,0.3528567768,0.7800,839.5646,139.9263,0.0000,0.841294,0.840613;0.841294;0.835718;0.849081;0.846495,215.550602,4639.28,,421.69,0,3903,10,True,nid005539,58078825
SINDI,doc_prune=0.6 query_prune=0.9 n_cand=10,128,0.3528567768,0.7800,835.0668,140.3835,0.0000,0.660851,0.665306;0.664055;0.660851;0.660313;0.659872,169.318729,5906.02,,378.31,0,3903,10,True,nid005919,58119952
SINDI,doc_prune=0.6 query_prune=0.9 n_cand=10,128,0.3532667179,0.7787,827.9412,144.4894,0.0000,0.558054,0.560866;0.556487;0.560452;0.558054;0.555428,142.980784,6993.95,,356.16,0,3903,10,True,nid005807,58119950
SINDI,doc_prune=0.5 query_prune=0.9 n_cand=10,128,0.3758903408,0.7884,851.5012,144.4894,0.0000,0.687320,0.687320;0.689271;0.679584;0.684849;0.693905,176.100436,5678.58,,356.16,0,3903,10,True,nid005807,58119950
SINDI,doc_prune=0.5 query_prune=0.9 n_cand=10,128,0.3758903408,0.7889,948.7331,138.4841,0.0000,1.983595,1.984692;1.990997;1.979206;1.983595;1.971995,508.223162,1967.64,,462.89,0,3903,10,True,nid005491,58119954
SINDI,doc_prune=0.5 query_prune=0.9 n_cand=10,128,0.3759928260,0.7889,871.5101,139.9263,0.0000,1.047541,1.049050;1.047541;1.051976;1.044229;1.040922,268.393800,3725.87,,421.69,0,3903,10,True,nid005539,58078825
SINDI,doc_prune=0.5 query_prune=0.9 n_cand=10,128,0.3759928260,0.7889,867.1836,140.3835,0.0000,0.832440,0.832440;0.837227;0.827454;0.823543;0.836227,213.282091,4688.63,,378.31,0,3903,10,True,nid005919,58119952
SINDI,doc_prune=0.8 query_prune=0.3 n_cand=20,128,0.3863182168,0.8664,838.3424,138.4841,0.0000,8.191918,8.178290;8.222433;8.225934;8.188710;8.191918,2098.877274,476.45,,462.89,0,3903,10,True,nid005491,58119954
SINDI,doc_prune=0.8 query_prune=0.3 n_cand=20,128,0.3863950807,0.8663,787.2373,139.9263,0.0000,3.361411,3.380307;3.353412;3.321038;3.413273;3.361411,861.237766,1161.12,,421.69,0,3903,10,True,nid005539,58078825
SINDI,doc_prune=0.8 query_prune=0.3 n_cand=20,128,0.3863950807,0.8663,785.7407,140.3835,0.0000,2.728867,2.738690;2.724268;2.721971;2.741799;2.728867,699.171663,1430.26,,378.31,0,3903,10,True,nid005919,58119952
SINDI,doc_prune=0.8 query_prune=0 n_cand=20,128,0.3864463233,0.8647,838.3424,138.4841,0.0000,11.209091,11.204844;11.248569;11.192681;11.209091;11.275284,2871.916731,348.20,,462.89,0,3903,10,True,nid005491,58119954
SINDI,doc_prune=0.8 query_prune=0 n_cand=20,128,0.3864975660,0.8648,787.2373,139.9263,0.0000,4.724143,4.724143;4.818604;4.718345;4.653933;4.781508,1210.387651,826.18,,421.69,0,3903,10,True,nid005539,58078825
SINDI,doc_prune=0.8 query_prune=0.7 n_cand=20,128,0.3864975660,0.8632,799.7972,144.4894,0.0000,1.104329,1.109658;1.106539;1.100418;1.099673;1.104329,282.943633,3534.27,,356.16,0,3903,10,True,nid005807,58119950
SINDI,doc_prune=0.8 query_prune=0 n_cand=20,128,0.3864975660,0.8648,785.7407,140.3835,0.0000,3.874350,3.896743;3.861351;3.877811;3.874350;3.861039,992.659493,1007.39,,378.31,0,3903,10,True,nid005919,58119952
SINDI,doc_prune=0.8 query_prune=0.2 n_cand=20,128,0.3864975660,0.8655,838.3424,138.4841,0.0000,9.224998,9.248971;9.193921;9.224998;9.199144;9.289057,2363.565975,423.09,,462.89,0,3903,10,True,nid005491,58119954
SINDI,doc_prune=0.8 query_prune=0.1 n_cand=20,128,0.3865231873,0.8650,838.3424,138.4841,0.0000,10.156449,10.156107;10.156449;10.157626;10.146171;10.201564,2602.215988,384.29,,462.89,0,3903,10,True,nid005491,58119954
SINDI,doc_prune=0.8 query_prune=0.1 n_cand=20,128,0.3865488086,0.8650,787.2373,139.9263,0.0000,4.257398,4.209375;4.257398;4.280284;4.211637;4.279047,1090.801435,916.76,,421.69,0,3903,10,True,nid005539,58078825
SINDI,doc_prune=0.8 query_prune=0.1 n_cand=20,128,0.3865488086,0.8650,785.7407,140.3835,0.0000,3.483076,3.483076;3.484582;3.574200;3.470542;3.460936,892.409941,1120.56,,378.31,0,3903,10,True,nid005919,58119952
SINDI,doc_prune=0.8 query_prune=0.2 n_cand=20,128,0.3865744299,0.8656,787.2373,139.9263,0.0000,3.846092,3.846092;3.785073;3.861943;3.784232;3.923418,985.419421,1014.80,,421.69,0,3903,10,True,nid005539,58078825
SINDI,doc_prune=0.8 query_prune=0.7 n_cand=20,128,0.3865744299,0.8624,787.2373,139.9263,0.0000,1.496972,1.490333;1.513433;1.506712;1.493851;1.496972,383.543941,2607.26,,421.69,0,3903,10,True,nid005539,58078825
SINDI,doc_prune=0.8 query_prune=0.2 n_cand=20,128,0.3865744299,0.8656,785.7407,140.3835,0.0000,3.101096,3.101096;3.171869;3.092262;3.106790;3.087653,794.541635,1258.59,,378.31,0,3903,10,True,nid005919,58119952
SINDI,doc_prune=0.8 query_prune=0.7 n_cand=20,128,0.3865744299,0.8624,785.7407,140.3835,0.0000,1.184513,1.185640;1.184137;1.180322;1.185888;1.184513,303.487830,3295.03,,378.31,0,3903,10,True,nid005919,58119952
SINDI,doc_prune=0.8 query_prune=0.5 n_cand=20,128,0.3866256726,0.8672,787.2373,139.9263,0.0000,2.470562,2.460179;2.495234;2.470562;2.479425;2.460698,632.990520,1579.80,,421.69,0,3903,10,True,nid005539,58078825
SINDI,doc_prune=0.8 query_prune=0.5 n_cand=20,128,0.3866256726,0.8672,785.7407,140.3835,0.0000,1.984429,1.981298;1.980918;1.986937;1.984429;1.990046,508.436843,1966.81,,378.31,0,3903,10,True,nid005919,58119952
SINDI,doc_prune=0.8 query_prune=0.7 n_cand=20,128,0.3867025365,0.8623,838.3424,138.4841,0.0000,3.656429,3.656429;3.661397;3.644912;3.685999;3.645139,936.825263,1067.43,,462.89,0,3903,10,True,nid005491,58119954
SINDI,doc_prune=0.8 query_prune=0.5 n_cand=20,128,0.3867537791,0.8673,838.3424,138.4841,0.0000,6.049531,6.036201;6.051013;6.041286;6.049531;6.123142,1549.969511,645.17,,462.89,0,3903,10,True,nid005491,58119954
SINDI,doc_prune=0.8 query_prune=0.3 n_cand=20,128,0.3868562644,0.8668,799.7972,144.4894,0.0000,2.582582,2.592675;2.574503;2.574684;2.584172;2.582582,661.691519,1511.28,,356.16,0,3903,10,True,nid005807,58119950
SINDI,doc_prune=0.8 query_prune=0.5 n_cand=20,128,0.3869843710,0.8677,799.7972,144.4894,0.0000,1.869408,1.877676;1.872781;1.867888;1.861228;1.869408,478.966949,2087.83,,356.16,0,3903,10,True,nid005807,58119950
SINDI,doc_prune=0.8 query_prune=0.2 n_cand=20,128,0.3872149628,0.8659,799.7972,144.4894,0.0000,2.942505,2.938616;2.944002;2.948602;2.924472;2.942505,753.908532,1326.42,,356.16,0,3903,10,True,nid005807,58119950
SINDI,doc_prune=0.8 query_prune=0.1 n_cand=20,128,0.3872918268,0.8655,799.7972,144.4894,0.0000,3.290037,3.290037;3.273689;3.296265;3.300174;3.282187,842.950807,1186.31,,356.16,0,3903,10,True,nid005807,58119950
SINDI,doc_prune=0.8 query_prune=0 n_cand=20,128,0.3873943121,0.8655,799.7972,144.4894,0.0000,3.676033,3.681904;3.659397;3.689406;3.676033;3.659601,941.848066,1061.74,,356.16,0,3903,10,True,nid005807,58119950
SINDI,doc_prune=0.4 query_prune=0.9 n_cand=10,128,0.3906482193,0.7927,878.0739,144.4894,0.0000,0.847936,0.841644;0.851184;0.847016;0.851827;0.847936,217.252370,4602.94,,356.16,0,3903,10,True,nid005807,58119950
SINDI,doc_prune=0.4 query_prune=0.9 n_cand=10,128,0.3912375096,0.7932,995.6898,138.4841,0.0000,2.312559,2.304511;2.312559;2.308766;2.319657;2.334929,592.508071,1687.74,,462.89,0,3903,10,True,nid005491,58119954
SINDI,doc_prune=0.4 query_prune=0.9 n_cand=10,128,0.3912631309,0.7932,908.8737,139.9263,0.0000,1.258092,1.249327;1.269379;1.258092;1.266948;1.246946,322.339739,3102.32,,421.69,0,3903,10,True,nid005539,58078825
SINDI,doc_prune=0.4 query_prune=0.9 n_cand=10,128,0.3912631309,0.7932,896.6648,140.3835,0.0000,1.030889,1.037273;1.030889;1.021213;1.033037;1.028677,264.127338,3786.05,,378.31,0,3903,10,True,nid005919,58119952
SINDI,doc_prune=0.7 query_prune=0.7 n_cand=10,128,0.3987701768,0.9310,821.4923,144.4894,0.0000,1.465589,1.462937;1.468470;1.461421;1.470064;1.465589,375.503203,2663.09,,356.16,0,3903,10,True,nid005807,58119950
SINDI,doc_prune=0.7 query_prune=0.7 n_cand=10,128,0.3987957981,0.9312,815.1836,139.9263,0.0000,2.066080,2.066080;2.076500;2.070510;2.064930;2.056239,529.356905,1889.08,,421.69,0,3903,10,True,nid005539,58078825
SINDI,doc_prune=0.7 query_prune=0.7 n_cand=10,128,0.3987957981,0.9312,810.5067,140.3835,0.0000,1.605472,1.605472;1.606555;1.606999;1.597438;1.603139,411.343069,2431.06,,378.31,0,3903,10,True,nid005919,58119952
SINDI,doc_prune=0.7 query_prune=0.7 n_cand=10,128,0.3988470407,0.9312,875.6614,138.4841,0.0000,4.459782,4.419839;4.453367;4.465609;4.465594;4.459782,1142.654881,875.15,,462.89,0,3903,10,True,nid005491,58119954
SINDI,doc_prune=0.3 query_prune=0.9 n_cand=10,128,0.3988982834,0.7940,912.5443,144.4894,0.0000,1.028590,1.027311;1.037818;1.028462;1.028590;1.037088,263.538304,3794.51,,356.16,0,3903,10,True,nid005807,58119950
SINDI,doc_prune=0.3 query_prune=0.9 n_cand=10,128,0.3992057392,0.7943,951.3276,139.9263,0.0000,1.525437,1.522834;1.525437;1.538232;1.517920;1.532227,390.837048,2558.61,,421.69,0,3903,10,True,nid005539,58078825
SINDI,doc_prune=0.3 query_prune=0.9 n_cand=10,128,0.3992057392,0.7943,939.5704,140.3835,0.0000,1.261410,1.256355;1.255022;1.261410;1.271785;1.263924,323.189854,3094.16,,378.31,0,3903,10,True,nid005919,58119952
SINDI,doc_prune=0.3 query_prune=0.9 n_cand=10,128,0.3992826031,0.7943,1046.2253,138.4841,0.0000,2.660343,2.671340;2.668944;2.638761;2.660343;2.656680,681.614912,1467.10,,462.89,0,3903,10,True,nid005491,58119954
SINDI,doc_prune=0.7 query_prune=0.5 n_cand=10,128,0.4014347937,0.9331,815.1836,139.9263,0.0000,3.340673,3.340673;3.322851;3.304267;3.362554;3.341487,855.924417,1168.33,,421.69,0,3903,10,True,nid005539,58078825
SINDI,doc_prune=0.7 query_prune=0.5 n_cand=10,128,0.4014347937,0.9331,810.5067,140.3835,0.0000,2.620344,2.624776;2.620311;2.612677;2.621029;2.620344,671.366641,1489.50,,378.31,0,3903,10,True,nid005919,58119952
SINDI,doc_prune=0.7 query_prune=0.5 n_cand=10,128,0.4014347937,0.9331,875.6614,138.4841,0.0000,7.132111,7.153629;7.129116;7.132111;7.092402;7.153619,1827.340764,547.24,,462.89,0,3903,10,True,nid005491,58119954
SINDI,doc_prune=0.7 query_prune=0.2 n_cand=10,128,0.4016397643,0.9334,815.1836,139.9263,0.0000,4.957893,4.957893;4.984767;4.955412;4.938890;4.984427,1270.277479,787.23,,421.69,0,3903,10,True,nid005539,58078825
SINDI,doc_prune=0.7 query_prune=0.2 n_cand=10,128,0.4016397643,0.9334,810.5067,140.3835,0.0000,3.983241,4.045954;3.983241;3.988848;3.959895;3.980450,1020.558801,979.86,,378.31,0,3903,10,True,nid005919,58119952
SINDI,doc_prune=0.7 query_prune=0.3 n_cand=10,128,0.4016653856,0.9329,815.1836,139.9263,0.0000,4.429153,4.379468;4.429153;4.442399;4.442155;4.411820,1134.807328,881.21,,421.69,0,3903,10,True,nid005539,58078825
SINDI,doc_prune=0.7 query_prune=0.3 n_cand=10,128,0.4016653856,0.9329,810.5067,140.3835,0.0000,3.516648,3.511286;3.538863;3.527393;3.512749;3.516648,901.011530,1109.86,,378.31,0,3903,10,True,nid005919,58119952
SINDI,doc_prune=0.7 query_prune=0.2 n_cand=10,128,0.4016910069,0.9334,875.6614,138.4841,0.0000,10.421656,10.497117;10.421656;10.454290;10.403855;10.375533,2670.165514,374.51,,462.89,0,3903,10,True,nid005491,58119954
SINDI,doc_prune=0.7 query_prune=0.3 n_cand=10,128,0.4016910069,0.9329,875.6614,138.4841,0.0000,9.390592,9.410972;9.375970;9.390592;9.398076;9.390085,2405.993338,415.63,,462.89,0,3903,10,True,nid005491,58119954
SINDI,doc_prune=0.7 query_prune=0.5 n_cand=10,128,0.4017934922,0.9338,821.4923,144.4894,0.0000,2.438367,2.445331;2.431067;2.440749;2.433601;2.438367,624.741737,1600.66,,356.16,0,3903,10,True,nid005807,58119950
SINDI,doc_prune=0.7 query_prune=0.1 n_cand=10,128,0.4018959775,0.9336,815.1836,139.9263,0.0000,5.474335,5.472780;5.447859;5.474335;5.489653;5.487010,1402.596720,712.96,,421.69,0,3903,10,True,nid005539,58078825
SINDI,doc_prune=0.7 query_prune=0.1 n_cand=10,128,0.4018959775,0.9336,810.5067,140.3835,0.0000,4.489159,4.489159;4.457555;4.456360;4.613843;4.548292,1150.181655,869.43,,378.31,0,3903,10,True,nid005919,58119952
SINDI,doc_prune=0.7 query_prune=0.3 n_cand=10,128,0.4019728414,0.9324,821.4923,144.4894,0.0000,3.306640,3.304265;3.283748;3.315836;3.306640;3.309693,847.204714,1180.35,,356.16,0,3903,10,True,nid005807,58119950
SINDI,doc_prune=0.7 query_prune=0.1 n_cand=10,128,0.4019728414,0.9336,875.6614,138.4841,0.0000,11.385233,11.431419;11.368558;11.362346;11.477220;11.385233,2917.046631,342.81,,462.89,0,3903,10,True,nid005491,58119954
SINDI,doc_prune=0.7 query_prune=0 n_cand=10,128,0.4019984627,0.9336,815.1836,139.9263,0.0000,6.048742,6.037246;6.074512;6.072792;6.039935;6.048742,1549.767358,645.26,,421.69,0,3903,10,True,nid005539,58078825
SINDI,doc_prune=0.7 query_prune=0 n_cand=10,128,0.4019984627,0.9336,810.5067,140.3835,0.0000,4.964243,4.964243;4.950763;4.950301;5.077864;4.979890,1271.904432,786.22,,378.31,0,3903,10,True,nid005919,58119952
SINDI,doc_prune=0.7 query_prune=0 n_cand=10,128,0.4020753267,0.9335,875.6614,138.4841,0.0000,12.435115,12.481460;12.446686;12.435115;12.431145;12.432657,3186.040225,313.87,,462.89,0,3903,10,True,nid005491,58119954
SINDI,doc_prune=0.2 query_prune=0.9 n_cand=10,128,0.4021009480,0.7948,959.1791,144.4894,0.0000,1.246481,1.250393;1.251234;1.246481;1.241075;1.231987,319.364848,3131.21,,356.16,0,3903,10,True,nid005807,58119950
SINDI,doc_prune=0.7 query_prune=0.2 n_cand=10,128,0.4022034333,0.9320,821.4923,144.4894,0.0000,3.746667,3.746667;3.749714;3.731571;3.751498;3.718800,959.945427,1041.73,,356.16,0,3903,10,True,nid005807,58119950
SINDI,doc_prune=0.7 query_prune=0 n_cand=10,128,0.4024084038,0.9321,821.4923,144.4894,0.0000,4.598325,4.588097;4.598325;4.599256;4.599764;4.593621,1178.151422,848.79,,356.16,0,3903,10,True,nid005807,58119950
SINDI,doc_prune=0.7 query_prune=0.1 n_cand=10,128,0.4024084038,0.9326,821.4923,144.4894,0.0000,4.142701,4.139572;4.142701;4.122681;4.159547;4.156167,1061.414553,942.14,,356.16,0,3903,10,True,nid005807,58119950
SINDI,doc_prune=0.2 query_prune=0.9 n_cand=10,128,0.4026902383,0.7948,1106.6949,138.4841,0.0000,3.016907,3.016122;3.016907;3.040503;3.022643;3.013045,772.971304,1293.71,,462.89,0,3903,10,True,nid005491,58119954
SINDI,doc_prune=0.2 query_prune=0.9 n_cand=10,128,0.4027927235,0.7948,1017.0258,139.9263,0.0000,1.838935,1.845510;1.838935;1.834023;1.815504;1.846537,471.159365,2122.42,,421.69,0,3903,10,True,nid005539,58078825
SINDI,doc_prune=0.2 query_prune=0.9 n_cand=10,128,0.4027927235,0.7948,995.7150,140.3835,0.0000,1.515370,1.527947;1.519012;1.515370;1.505150;1.510772,388.257750,2575.61,,378.31,0,3903,10,True,nid005919,58119952
SINDI,doc_prune=0.1 query_prune=0.9 n_cand=10,128,0.4038944402,0.7945,1033.3694,144.4894,0.0000,1.509755,1.496112;1.519874;1.509755;1.505246;1.511995,386.819114,2585.19,,356.16,0,3903,10,True,nid005807,58119950
SINDI,doc_prune=0.1 query_prune=0.9 n_cand=10,128,0.4046887010,0.7950,1137.8844,139.9263,0.0000,2.206545,2.206545;2.208510;2.193493;2.187873;2.213422,565.345888,1768.83,,421.69,0,3903,10,True,nid005539,58078825
SINDI,doc_prune=0.1 query_prune=0.9 n_cand=10,128,0.4046887010,0.7950,1088.0379,140.3835,0.0000,1.844630,1.854412;1.844630;1.842887;1.852882;1.832865,472.618499,2115.87,,378.31,0,3903,10,True,nid005919,58119952
SINDI,doc_prune=0.1 query_prune=0.9 n_cand=10,128,0.4047143223,0.7950,1216.6425,138.4841,0.0000,3.389152,3.401665;3.389152;3.363933;3.393196;3.382525,868.345375,1151.62,,462.89,0,3903,10,True,nid005491,58119954
SINDI,doc_prune=0 query_prune=0.9 n_cand=10,128,0.4054573405,0.7945,1224.9409,144.4894,0.0000,2.004747,2.002356;2.004747;2.015780;1.992026;2.005947,513.642583,1946.88,,356.16,0,3903,10,True,nid005807,58119950
SINDI,doc_prune=0 query_prune=0.9 n_cand=10,128,0.4060722521,0.7950,1539.0023,138.4841,0.0000,4.207976,4.230950;4.219626;4.207976;4.199369;4.182022,1078.138868,927.52,,462.89,0,3903,10,True,nid005491,58119954
SINDI,doc_prune=0 query_prune=0.9 n_cand=10,128,0.4061234947,0.7950,1423.7508,139.9263,0.0000,2.709463,2.689981;2.725795;2.718139;2.709463;2.706194,694.200102,1440.51,,421.69,0,3903,10,True,nid005539,58078825
SINDI,doc_prune=0 query_prune=0.9 n_cand=10,128,0.4061234947,0.7950,1331.0676,140.3835,0.0000,2.394818,2.377008;2.401488;2.394818;2.392294;2.410176,613.583910,1629.77,,378.30,0,3903,10,True,nid005919,58119952
SINDI,doc_prune=0.9 query_prune=0.9 n_cand=200,128,0.4122469895,0.7699,755.4792,139.9263,0.0000,0.322232,0.321896;0.321423;0.324467;0.322232;0.324404,82.560082,12112.39,,421.69,0,3903,10,True,nid005539,58078825
SINDI,doc_prune=0.9 query_prune=0.9 n_cand=200,128,0.4122469895,0.7699,756.1937,140.3835,0.0000,0.273853,0.272923;0.277269;0.276230;0.273853;0.273603,70.164745,14252.17,,378.31,0,3903,10,True,nid005919,58119952
SINDI,doc_prune=0.9 query_prune=0.9 n_cand=200,128,0.4124775813,0.7718,770.2580,144.4894,0.0000,0.254627,0.254807;0.254474;0.254791;0.254627;0.253155,65.238791,15328.30,,356.16,0,3903,10,True,nid005807,58119950
SINDI,doc_prune=0.7 query_prune=0.9 n_cand=20,128,0.4274404304,0.8060,821.4923,144.4894,0.0000,0.457602,0.456090;0.457602;0.458795;0.454546;0.457724,117.243659,8529.25,,356.16,0,3903,10,True,nid005807,58119950
SINDI,doc_prune=0.7 query_prune=0.9 n_cand=20,128,0.4275685370,0.8068,875.6614,138.4841,0.0000,1.413430,1.413867;1.413500;1.408145;1.410976;1.413430,362.139380,2761.37,,462.89,0,3903,10,True,nid005491,58119954
SINDI,doc_prune=0.7 query_prune=0.9 n_cand=20,128,0.4277222649,0.8068,815.1836,139.9263,0.0000,0.671058,0.672671;0.671347;0.671058;0.663803;0.663735,171.933897,5816.19,,421.69,0,3903,10,True,nid005539,58078825
SINDI,doc_prune=0.7 query_prune=0.9 n_cand=20,128,0.4277222649,0.8068,810.5067,140.3835,0.0000,0.513566,0.517135;0.511502;0.518160;0.513566;0.512986,131.582373,7599.80,,378.31,0,3903,10,True,nid005919,58119952
SINDI,doc_prune=0.9 query_prune=0.5 n_cand=200,128,0.4389700231,0.8563,770.2580,144.4894,0.0000,1.287958,1.294963;1.285295;1.292741;1.287103;1.287958,329.991801,3030.38,,356.16,0,3903,10,True,nid005807,58119950
SINDI,doc_prune=0.9 query_prune=0.7 n_cand=200,128,0.4390725083,0.8550,755.4792,139.9263,0.0000,0.971914,0.971453;0.972820;0.969753;0.971914;0.981236,249.017166,4015.79,,421.69,0,3903,10,True,nid005539,58078825
SINDI,doc_prune=0.9 query_prune=0.7 n_cand=200,128,0.4390725083,0.8550,756.1937,140.3835,0.0000,0.803093,0.802078;0.800266;0.804911;0.804796;0.803093,205.763003,4859.96,,378.31,0,3903,10,True,nid005919,58119952
SINDI,doc_prune=0.9 query_prune=0.7 n_cand=200,128,0.4391749936,0.8561,770.2580,144.4894,0.0000,0.750140,0.750140;0.748946;0.752073;0.748783;0.752736,192.195747,5203.03,,356.16,0,3903,10,True,nid005807,58119950
SINDI,doc_prune=0.9 query_prune=0.5 n_cand=200,128,0.4392518575,0.8561,755.4792,139.9263,0.0000,1.672333,1.667055;1.685982;1.672333;1.684429;1.668014,428.473738,2333.87,,421.69,0,3903,10,True,nid005539,58078825
SINDI,doc_prune=0.9 query_prune=0.5 n_cand=200,128,0.4392518575,0.8561,756.1937,140.3835,0.0000,1.373956,1.369088;1.380855;1.369938;1.382189;1.373956,352.025621,2840.70,,378.31,0,3903,10,True,nid005919,58119952
SINDI,doc_prune=0.9 query_prune=0.1 n_cand=200,128,0.4394824494,0.8556,770.2580,144.4894,0.0000,2.339947,2.332836;2.351387;2.337962;2.340937;2.339947,599.525237,1667.99,,356.16,0,3903,10,True,nid005807,58119950
SINDI,doc_prune=0.9 query_prune=0.2 n_cand=200,128,0.4395593133,0.8555,755.4792,139.9263,0.0000,2.684920,2.672705;2.684920;2.707080;2.723812;2.672078,687.911863,1453.67,,421.69,0,3903,10,True,nid005539,58078825
SINDI,doc_prune=0.9 query_prune=0.2 n_cand=200,128,0.4395593133,0.8555,756.1937,140.3835,0.0000,2.214312,2.217944;2.223127;2.189592;2.211785;2.214312,567.335895,1762.62,,378.31,0,3903,10,True,nid005919,58119952
SINDI,doc_prune=0.9 query_prune=0.1 n_cand=200,128,0.4396105560,0.8556,755.4792,139.9263,0.0000,3.018399,3.018399;3.015880;3.029921;3.065784;2.999356,773.353574,1293.07,,421.69,0,3903,10,True,nid005539,58078825
SINDI,doc_prune=0.9 query_prune=0 n_cand=200,128,0.4396105560,0.8556,770.2580,144.4894,0.0000,2.632881,2.637206;2.619195;2.615900;2.635209;2.632881,674.578786,1482.41,,356.16,0,3903,10,True,nid005807,58119950
SINDI,doc_prune=0.9 query_prune=0.1 n_cand=200,128,0.4396105560,0.8556,756.1937,140.3835,0.0000,2.474345,2.472895;2.479947;2.483552;2.474345;2.469055,633.959775,1577.39,,378.31,0,3903,10,True,nid005919,58119952
SINDI,doc_prune=0.9 query_prune=0 n_cand=200,128,0.4396361773,0.8555,755.4792,139.9263,0.0000,3.374925,3.374232;3.449014;3.374925;3.354796;3.396125,864.700231,1156.47,,421.69,0,3903,10,True,nid005539,58078825
SINDI,doc_prune=0.9 query_prune=0 n_cand=200,128,0.4396361773,0.8555,756.1937,140.3835,0.0000,2.802793,2.802793;2.798741;2.790781;2.820151;2.836368,718.112478,1392.54,,378.31,0,3903,10,True,nid005919,58119952
SINDI,doc_prune=0.9 query_prune=0.2 n_cand=200,128,0.4396874199,0.8553,770.2580,144.4894,0.0000,2.072101,2.069753;2.079676;2.080323;2.068733;2.072101,530.899564,1883.60,,356.16,0,3903,10,True,nid005807,58119950
SINDI,doc_prune=0.9 query_prune=0.3 n_cand=200,128,0.4397642839,0.8564,755.4792,139.9263,0.0000,2.340724,2.347383;2.327682;2.340724;2.335981;2.342025,599.724315,1667.43,,421.69,0,3903,10,True,nid005539,58078825
SINDI,doc_prune=0.9 query_prune=0.3 n_cand=200,128,0.4397642839,0.8560,770.2580,144.4894,0.0000,1.811797,1.814075;1.811472;1.805500;1.811797;1.824989,464.206252,2154.21,,356.16,0,3903,10,True,nid005807,58119950
SINDI,doc_prune=0.9 query_prune=0.3 n_cand=200,128,0.4397642839,0.8564,756.1937,140.3835,0.0000,1.917043,1.923208;1.923468;1.914219;1.917043;1.916734,491.171663,2035.95,,378.31,0,3903,10,True,nid005919,58119952
SINDI,doc_prune=0.8 query_prune=0.9 n_cand=50,128,0.4586215731,0.8084,799.7972,144.4894,0.0000,0.353958,0.353933;0.353958;0.354888;0.352108;0.354348,90.688701,11026.73,,356.16,0,3903,10,True,nid005807,58119950
SINDI,doc_prune=0.8 query_prune=0.9 n_cand=50,128,0.4590827569,0.8091,838.3424,138.4841,0.0000,1.176665,1.176665;1.179383;1.173717;1.175132;1.180272,301.477069,3317.00,,462.89,0,3903,10,True,nid005491,58119954
SINDI,doc_prune=0.8 query_prune=0.9 n_cand=50,128,0.4591596208,0.8094,787.2373,139.9263,0.0000,0.481795,0.481795;0.481563;0.483805;0.482645;0.480787,123.442224,8100.96,,421.69,0,3903,10,True,nid005539,58078825
SINDI,doc_prune=0.8 query_prune=0.9 n_cand=50,128,0.4591596208,0.8094,785.7407,140.3835,0.0000,0.390935,0.390935;0.393025;0.387789;0.383061;0.392624,100.162695,9983.76,,378.31,0,3903,10,True,nid005919,58119952
SINDI,doc_prune=0.6 query_prune=0.9 n_cand=20,128,0.4816295158,0.8234,912.4930,138.4841,0.0000,1.670299,1.674825;1.665522;1.670299;1.673404;1.668688,427.952601,2336.71,,462.89,0,3903,10,True,nid005491,58119954
SINDI,doc_prune=0.6 query_prune=0.9 n_cand=20,128,0.4816551371,0.8235,839.5646,139.9263,0.0000,0.843847,0.846466;0.845842;0.842374;0.839923;0.843847,216.204714,4625.25,,421.69,0,3903,10,True,nid005539,58078825
SINDI,doc_prune=0.6 query_prune=0.9 n_cand=20,128,0.4816551371,0.8235,835.0668,140.3835,0.0000,0.658087,0.657268;0.666471;0.659551;0.658087;0.655560,168.610556,5930.83,,378.31,0,3903,10,True,nid005919,58119952
SINDI,doc_prune=0.6 query_prune=0.9 n_cand=20,128,0.4821419421,0.8240,827.9412,144.4894,0.0000,0.558025,0.558025;0.560571;0.557304;0.561234;0.556749,142.973354,6994.31,,356.16,0,3903,10,True,nid005807,58119950
SINDI,doc_prune=0.6 query_prune=0.7 n_cand=10,128,0.5004868050,0.9760,912.4930,138.4841,0.0000,5.221380,5.220051;5.186792;5.221380;5.224976;5.235229,1337.786318,747.50,,462.89,0,3903,10,True,nid005491,58119954
SINDI,doc_prune=0.6 query_prune=0.7 n_cand=10,128,0.5005124263,0.9760,839.5646,139.9263,0.0000,2.695185,2.702175;2.692124;2.678354;2.695185;2.700342,690.541891,1448.14,,421.69,0,3903,10,True,nid005539,58078825
SINDI,doc_prune=0.6 query_prune=0.7 n_cand=10,128,0.5005124263,0.9760,835.0668,140.3835,0.0000,2.114309,2.116623;2.114309;2.114811;2.110181;2.108949,541.713810,1845.99,,378.31,0,3903,10,True,nid005919,58119952
SINDI,doc_prune=0.6 query_prune=0.7 n_cand=10,128,0.5005636690,0.9753,827.9412,144.4894,0.0000,1.860431,1.857680;1.860431;1.864279;1.860369;1.861899,476.666923,2097.90,,356.16,0,3903,10,True,nid005807,58119950
SINDI,doc_prune=0.6 query_prune=0.5 n_cand=10,128,0.5040737894,0.9736,912.4930,138.4841,0.0000,8.098610,8.052356;8.107230;8.132052;8.077076;8.098610,2074.970535,481.93,,462.89,0,3903,10,True,nid005491,58119954
SINDI,doc_prune=0.6 query_prune=0.5 n_cand=10,128,0.5041762747,0.9734,839.5646,139.9263,0.0000,4.221819,4.260205;4.230859;4.221819;4.208594;4.219281,1081.685626,924.48,,421.69,0,3903,10,True,nid005539,58078825
SINDI,doc_prune=0.6 query_prune=0.5 n_cand=10,128,0.5041762747,0.9734,835.0668,140.3835,0.0000,3.395217,3.390457;3.365747;3.395217;3.401756;3.398296,869.899308,1149.56,,378.31,0,3903,10,True,nid005919,58119952
SINDI,doc_prune=0.6 query_prune=0.5 n_cand=10,128,0.5047655650,0.9738,827.9412,144.4894,0.0000,3.064042,3.049221;3.064360;3.055919;3.064042;3.069805,785.047912,1273.81,,356.16,0,3903,10,True,nid005807,58119950
SINDI,doc_prune=0.6 query_prune=0.3 n_cand=10,128,0.5053804766,0.9749,912.4930,138.4841,0.0000,10.498498,10.438495;10.498498;10.507069;10.506372;10.497800,2689.853446,371.77,,462.89,0,3903,10,True,nid005491,58119954
SINDI,doc_prune=0.6 query_prune=0.3 n_cand=10,128,0.5054829618,0.9747,839.5646,139.9263,0.0000,5.530734,5.554820;5.566292;5.515135;5.494742;5.530734,1417.046887,705.69,,421.69,0,3903,10,True,nid005539,58078825
SINDI,doc_prune=0.6 query_prune=0.3 n_cand=10,128,0.5054829618,0.9747,835.0668,140.3835,0.0000,4.459138,4.452217;4.459138;4.470489;4.499711;4.440648,1142.489880,875.28,,378.31,0,3903,10,True,nid005919,58119952
SINDI,doc_prune=0.6 query_prune=0.2 n_cand=10,128,0.5059953882,0.9751,912.4930,138.4841,0.0000,11.632250,11.647272;11.615695;11.590651;11.633738;11.632250,2980.335639,335.53,,462.89,0,3903,10,True,nid005491,58119954
SINDI,doc_prune=0.6 query_prune=0 n_cand=10,128,0.5060210095,0.9751,912.4930,138.4841,0.0000,13.905404,13.895871;13.905404;13.960597;13.983562;13.875137,3562.747630,280.68,,462.89,0,3903,10,True,nid005491,58119954
SINDI,doc_prune=0.6 query_prune=0 n_cand=10,128,0.5060466308,0.9750,839.5646,139.9263,0.0000,7.396738,7.337318;7.380134;7.401475;7.396738;7.420904,1895.141686,527.67,,421.69,0,3903,10,True,nid005539,58078825
SINDI,doc_prune=0.6 query_prune=0 n_cand=10,128,0.5060466308,0.9750,835.0668,140.3835,0.0000,6.029291,6.022341;6.029291;6.061068;6.015337;6.112090,1544.783756,647.34,,378.31,0,3903,10,True,nid005919,58119952
SINDI,doc_prune=0.6 query_prune=0.2 n_cand=10,128,0.5060722521,0.9750,839.5646,139.9263,0.0000,6.164804,6.157708;6.164804;6.121476;6.197146;6.165020,1579.503971,633.11,,421.69,0,3903,10,True,nid005539,58078825
SINDI,doc_prune=0.6 query_prune=0.3 n_cand=10,128,0.5060722521,0.9742,827.9412,144.4894,0.0000,4.067991,4.051795;4.079670;4.073417;4.067991;4.047609,1042.272867,959.44,,356.16,0,3903,10,True,nid005807,58119950
SINDI,doc_prune=0.6 query_prune=0.2 n_cand=10,128,0.5060722521,0.9750,835.0668,140.3835,0.0000,4.976914,4.976839;4.976914;4.975547;4.980090;5.020184,1275.150910,784.22,,378.31,0,3903,10,True,nid005919,58119952
SINDI,doc_prune=0.6 query_prune=0.1 n_cand=10,128,0.5061234947,0.9747,839.5646,139.9263,0.0000,6.722529,6.722529;6.755110;6.733352;6.693408;6.701472,1722.400461,580.59,,421.69,0,3903,10,True,nid005539,58078825
SINDI,doc_prune=0.6 query_prune=0.1 n_cand=10,128,0.5061234947,0.9747,835.0668,140.3835,0.0000,5.468881,5.459190;5.480749;5.477601;5.462386;5.468881,1401.199334,713.67,,378.31,0,3903,10,True,nid005919,58119952
SINDI,doc_prune=0.6 query_prune=0.1 n_cand=10,128,0.5061747374,0.9750,912.4930,138.4841,0.0000,12.747987,12.747987;12.675372;12.806807;12.732081;12.820704,3266.202152,306.17,,462.89,0,3903,10,True,nid005491,58119954
SINDI,doc_prune=0.6 query_prune=0.2 n_cand=10,128,0.5068408916,0.9746,827.9412,144.4894,0.0000,4.515782,4.501059;4.545590;4.505431;4.515957;4.515782,1157.002818,864.30,,356.16,0,3903,10,True,nid005807,58119950
SINDI,doc_prune=0.6 query_prune=0 n_cand=10,128,0.5070202408,0.9746,827.9412,144.4894,0.0000,5.483914,5.486008;5.453142;5.485361;5.483914;5.454140,1405.050986,711.72,,356.16,0,3903,10,True,nid005807,58119950
SINDI,doc_prune=0.6 query_prune=0.1 n_cand=10,128,0.5071483474,0.9745,827.9412,144.4894,0.0000,4.989485,4.989485;4.951068;4.966936;4.998283;4.999266,1278.371765,782.25,,356.16,0,3903,10,True,nid005807,58119950
SINDI,doc_prune=0.5 query_prune=0.9 n_cand=20,128,0.5143735588,0.8324,851.5012,144.4894,0.0000,0.691189,0.694534;0.691189;0.690121;0.693373;0.683052,177.091724,5646.79,,356.16,0,3903,10,True,nid005807,58119950
SINDI,doc_prune=0.5 query_prune=0.9 n_cand=20,128,0.5149372278,0.8329,871.5101,139.9263,0.0000,1.053195,1.053195;1.052905;1.053730;1.053974;1.048756,269.842429,3705.87,,421.69,0,3903,10,True,nid005539,58078825
SINDI,doc_prune=0.5 query_prune=0.9 n_cand=20,128,0.5149372278,0.8329,867.1836,140.3835,0.0000,0.834453,0.835877;0.826003;0.834453;0.834081;0.839044,213.797848,4677.32,,378.31,0,3903,10,True,nid005919,58119952
SINDI,doc_prune=0.5 query_prune=0.9 n_cand=20,128,0.5151934409,0.8327,948.7331,138.4841,0.0000,1.976229,1.978180;1.984687;1.976229;1.967125;1.975297,506.335895,1974.97,,462.89,0,3903,10,True,nid005491,58119954
SINDI,doc_prune=0.8 query_prune=0.7 n_cand=50,128,0.5175506021,0.9242,787.2373,139.9263,0.0000,1.494230,1.494230;1.490594;1.502017;1.493306;1.508314,382.841404,2612.05,,421.69,0,3903,10,True,nid005539,58078825
SINDI,doc_prune=0.8 query_prune=0.7 n_cand=50,128,0.5175506021,0.9242,785.7407,140.3835,0.0000,1.189148,1.187419;1.189148;1.192216;1.192569;1.183792,304.675378,3282.18,,378.31,0,3903,10,True,nid005919,58119952
SINDI,doc_prune=0.8 query_prune=0.7 n_cand=50,128,0.5175506021,0.9242,838.3424,138.4841,0.0000,3.663684,3.663684;3.659412;3.663744;3.665301;3.653262,938.684089,1065.32,,462.89,0,3903,10,True,nid005491,58119954
SINDI,doc_prune=0.8 query_prune=0.7 n_cand=50,128,0.5187548040,0.9251,799.7972,144.4894,0.0000,1.106501,1.107395;1.113370;1.100768;1.103887;1.106501,283.500128,3527.34,,356.16,0,3903,10,True,nid005807,58119950
SINDI,doc_prune=0.8 query_prune=0.5 n_cand=50,128,0.5189341532,0.9288,838.3424,138.4841,0.0000,6.064065,6.102045;6.045634;6.064065;6.072111;6.040103,1553.693313,643.63,,462.89,0,3903,10,True,nid005491,58119954
SINDI,doc_prune=0.8 query_prune=0.5 n_cand=50,128,0.5190366385,0.9285,787.2373,139.9263,0.0000,2.479650,2.479650;2.497228;2.484711;2.478373;2.468504,635.318985,1574.01,,421.69,0,3903,10,True,nid005539,58078825
SINDI,doc_prune=0.8 query_prune=0.5 n_cand=50,128,0.5190366385,0.9285,785.7407,140.3835,0.0000,1.988869,1.987182;1.994658;1.994072;1.985569;1.988869,509.574430,1962.42,,378.31,0,3903,10,True,nid005919,58119952
SINDI,doc_prune=0.8 query_prune=0.3 n_cand=50,128,0.5191135024,0.9290,838.3424,138.4841,0.0000,8.214690,8.232714;8.224040;8.214690;8.187467;8.209193,2104.711760,475.12,,462.89,0,3903,10,True,nid005491,58119954
SINDI,doc_prune=0.8 query_prune=0.3 n_cand=50,128,0.5192159877,0.9292,787.2373,139.9263,0.0000,3.387161,3.407716;3.432292;3.361865;3.387161;3.364793,867.835255,1152.29,,421.69,0,3903,10,True,nid005539,58078825
SINDI,doc_prune=0.8 query_prune=0.3 n_cand=50,128,0.5192159877,0.9292,785.7407,140.3835,0.0000,2.793104,2.793104;2.729646;2.730518;2.808174;2.839453,715.630028,1397.37,,378.31,0,3903,10,True,nid005919,58119952
SINDI,doc_prune=0.8 query_prune=0 n_cand=50,128,0.5192928517,0.9285,787.2373,139.9263,0.0000,4.725176,4.725176;4.693131;4.705075;4.734872;4.782083,1210.652319,826.00,,421.69,0,3903,10,True,nid005539,58078825
SINDI,doc_prune=0.8 query_prune=0 n_cand=50,128,0.5192928517,0.9285,785.7407,140.3835,0.0000,3.885432,3.988627;3.889504;3.878211;3.885432;3.859952,995.498847,1004.52,,378.31,0,3903,10,True,nid005919,58119952
SINDI,doc_prune=0.8 query_prune=0 n_cand=50,128,0.5193440943,0.9285,838.3424,138.4841,0.0000,11.196051,11.214365;11.176139;11.140633;11.199285;11.196051,2868.575711,348.61,,462.89,0,3903,10,True,nid005491,58119954
SINDI,doc_prune=0.8 query_prune=0.1 n_cand=50,128,0.5194209582,0.9286,787.2373,139.9263,0.0000,4.275322,4.325672;4.275322;4.259393;4.229672;4.319410,1095.393800,912.91,,421.69,0,3903,10,True,nid005539,58078825
SINDI,doc_prune=0.8 query_prune=0.1 n_cand=50,128,0.5194209582,0.9286,785.7407,140.3835,0.0000,3.473750,3.473750;3.477775;3.478183;3.451723;3.449292,890.020497,1123.57,,378.31,0,3903,10,True,nid005919,58119952
SINDI,doc_prune=0.8 query_prune=0.1 n_cand=50,128,0.5194209582,0.9288,838.3424,138.4841,0.0000,10.194341,10.194341;10.220895;10.187190;10.121424;10.199519,2611.924417,382.86,,462.89,0,3903,10,True,nid005491,58119954
SINDI,doc_prune=0.8 query_prune=0.3 n_cand=50,128,0.5194722009,0.9294,799.7972,144.4894,0.0000,2.591238,2.597317;2.591238;2.582831;2.581819;2.605665,663.909301,1506.23,,356.16,0,3903,10,True,nid005807,58119950
SINDI,doc_prune=0.8 query_prune=0.2 n_cand=50,128,0.5195234435,0.9297,838.3424,138.4841,0.0000,9.247581,9.247581;9.234923;9.258145;9.183663;9.262177,2369.352037,422.06,,462.89,0,3903,10,True,nid005491,58119954
SINDI,doc_prune=0.8 query_prune=0.1 n_cand=50,128,0.5195490648,0.9295,799.7972,144.4894,0.0000,3.284573,3.284573;3.270806;3.306884;3.289325;3.268674,841.550858,1188.28,,356.16,0,3903,10,True,nid005807,58119950
SINDI,doc_prune=0.8 query_prune=0.2 n_cand=50,128,0.5196259288,0.9298,787.2373,139.9263,0.0000,3.841833,3.787459;3.841833;3.900824;3.818133;3.915815,984.328209,1015.92,,421.69,0,3903,10,True,nid005539,58078825
SINDI,doc_prune=0.8 query_prune=0.5 n_cand=50,128,0.5196259288,0.9289,799.7972,144.4894,0.0000,1.875875,1.873523;1.878587;1.875875;1.866448;1.877460,480.623879,2080.63,,356.16,0,3903,10,True,nid005807,58119950
SINDI,doc_prune=0.8 query_prune=0.2 n_cand=50,128,0.5196259288,0.9298,785.7407,140.3835,0.0000,3.108609,3.108609;3.119504;3.093136;3.091826;3.109490,796.466564,1255.55,,378.31,0,3903,10,True,nid005919,58119952
SINDI,doc_prune=0.8 query_prune=0 n_cand=50,128,0.5196771714,0.9294,799.7972,144.4894,0.0000,3.675791,3.673558;3.677645;3.672306;3.675791;3.690088,941.786062,1061.81,,356.16,0,3903,10,True,nid005807,58119950
SINDI,doc_prune=0.8 query_prune=0.2 n_cand=50,128,0.5198565206,0.9299,799.7972,144.4894,0.0000,2.949172,2.942254;2.949650;2.949172;2.961853;2.937379,755.616705,1323.42,,356.16,0,3903,10,True,nid005807,58119950
SINDI,doc_prune=0.4 query_prune=0.9 n_cand=20,128,0.5363310274,0.8363,878.0739,144.4894,0.0000,0.849963,0.857397;0.849963;0.850471;0.846567;0.847831,217.771714,4591.96,,356.16,0,3903,10,True,nid005807,58119950
SINDI,doc_prune=0.7 query_prune=0.5 n_cand=20,128,0.5364335127,0.9643,815.1836,139.9263,0.0000,3.332180,3.351740;3.304113;3.329897;3.337792;3.332180,853.748399,1171.31,,421.69,0,3903,10,True,nid005539,58078825
SINDI,doc_prune=0.7 query_prune=0.5 n_cand=20,128,0.5364335127,0.9643,810.5067,140.3835,0.0000,2.636398,2.634825;2.617614;2.638650;2.638144;2.636398,675.479887,1480.43,,378.31,0,3903,10,True,nid005919,58119952
SINDI,doc_prune=0.7 query_prune=0.5 n_cand=20,128,0.5364847553,0.9644,875.6614,138.4841,0.0000,7.145607,7.158405;7.136663;7.095550;7.145607;7.179750,1830.798616,546.21,,462.89,0,3903,10,True,nid005491,58119954
SINDI,doc_prune=0.7 query_prune=0.7 n_cand=20,128,0.5365872406,0.9640,815.1836,139.9263,0.0000,2.061568,2.086644;2.060771;2.056887;2.072160;2.061568,528.200871,1893.22,,421.69,0,3903,10,True,nid005539,58078825
SINDI,doc_prune=0.7 query_prune=0.7 n_cand=20,128,0.5365872406,0.9640,810.5067,140.3835,0.0000,1.609569,1.609384;1.611691;1.607390;1.609569;1.610842,412.392775,2424.87,,378.31,0,3903,10,True,nid005919,58119952
SINDI,doc_prune=0.7 query_prune=0.7 n_cand=20,128,0.5366128619,0.9640,875.6614,138.4841,0.0000,4.440252,4.452965;4.453715;4.440252;4.403948;4.426930,1137.651038,879.00,,462.89,0,3903,10,True,nid005491,58119954
SINDI,doc_prune=0.4 query_prune=0.9 n_cand=20,128,0.5366384832,0.8368,995.6898,138.4841,0.0000,2.312755,2.323145;2.312755;2.318738;2.309909;2.311149,592.558288,1687.60,,462.89,0,3903,10,True,nid005491,58119954
SINDI,doc_prune=0.4 query_prune=0.9 n_cand=20,128,0.5367665898,0.8368,908.8737,139.9263,0.0000,1.266371,1.279396;1.266371;1.261796;1.272624;1.265390,324.460927,3082.04,,421.69,0,3903,10,True,nid005539,58078825
SINDI,doc_prune=0.4 query_prune=0.9 n_cand=20,128,0.5367665898,0.8368,896.6648,140.3835,0.0000,1.034748,1.034748;1.028647;1.041095;1.052162;1.023856,265.116065,3771.93,,378.31,0,3903,10,True,nid005919,58119952
SINDI,doc_prune=0.7 query_prune=0.7 n_cand=20,128,0.5370996669,0.9641,821.4923,144.4894,0.0000,1.468438,1.465499;1.464489;1.470015;1.468438;1.469558,376.233154,2657.93,,356.16,0,3903,10,True,nid005807,58119950
SINDI,doc_prune=0.7 query_prune=0.3 n_cand=20,128,0.5374327440,0.9657,815.1836,139.9263,0.0000,4.417296,4.417296;4.439922;4.394409;4.414372;4.426724,1131.769408,883.57,,421.69,0,3903,10,True,nid005539,58078825
SINDI,doc_prune=0.7 query_prune=0.3 n_cand=20,128,0.5374327440,0.9657,810.5067,140.3835,0.0000,3.528731,3.528731;3.524708;3.618099;3.569170;3.503779,904.107353,1106.06,,378.31,0,3903,10,True,nid005919,58119952
SINDI,doc_prune=0.7 query_prune=0.3 n_cand=20,128,0.5374327440,0.9655,875.6614,138.4841,0.0000,9.374198,9.337072;9.366045;9.374198;9.388092;9.382024,2401.792980,416.36,,462.89,0,3903,10,True,nid005491,58119954
SINDI,doc_prune=0.7 query_prune=0.2 n_cand=20,128,0.5376633359,0.9658,875.6614,138.4841,0.0000,10.433356,10.458794;10.461277;10.433356;10.414693;10.428569,2673.163208,374.09,,462.89,0,3903,10,True,nid005491,58119954
SINDI,doc_prune=0.7 query_prune=0.5 n_cand=20,128,0.5377145785,0.9646,821.4923,144.4894,0.0000,2.440940,2.431272;2.440944;2.425903;2.441683;2.440940,625.400974,1598.97,,356.16,0,3903,10,True,nid005807,58119950
SINDI,doc_prune=0.7 query_prune=0.2 n_cand=20,128,0.5378426851,0.9659,815.1836,139.9263,0.0000,4.965412,4.982854;4.936934;4.990721;4.965412;4.955239,1272.203946,786.04,,421.69,0,3903,10,True,nid005539,58078825
SINDI,doc_prune=0.7 query_prune=0.2 n_cand=20,128,0.5378426851,0.9659,810.5067,140.3835,0.0000,4.045964,4.032288;4.100429;4.045964;4.047876;3.958909,1036.629260,964.67,,378.31,0,3903,10,True,nid005919,58119952
SINDI,doc_prune=0.7 query_prune=0 n_cand=20,128,0.5378683064,0.9657,815.1836,139.9263,0.0000,6.040661,6.018958;6.016141;6.061486;6.052695;6.040661,1547.696900,646.12,,421.69,0,3903,10,True,nid005539,58078825
SINDI,doc_prune=0.7 query_prune=0 n_cand=20,128,0.5378683064,0.9657,810.5067,140.3835,0.0000,4.960069,4.951671;4.933160;5.080158;5.143604;4.960069,1270.834999,786.88,,378.31,0,3903,10,True,nid005919,58119952
SINDI,doc_prune=0.7 query_prune=0.1 n_cand=20,128,0.5378683064,0.9658,875.6614,138.4841,0.0000,11.456331,11.402558;11.463522;11.512565;11.424241;11.456331,2935.262875,340.68,,462.89,0,3903,10,True,nid005491,58119954
SINDI,doc_prune=0.7 query_prune=0.1 n_cand=20,128,0.5379451704,0.9659,815.1836,139.9263,0.0000,5.487115,5.495019;5.487115;5.545041;5.461560;5.457896,1405.871125,711.30,,421.69,0,3903,10,True,nid005539,58078825
SINDI,doc_prune=0.7 query_prune=0.1 n_cand=20,128,0.5379451704,0.9659,810.5067,140.3835,0.0000,4.497489,4.474709;4.498698;4.497489;4.462729;4.580595,1152.315911,867.82,,378.31,0,3903,10,True,nid005919,58119952
SINDI,doc_prune=0.7 query_prune=0 n_cand=20,128,0.5380220343,0.9655,875.6614,138.4841,0.0000,12.480903,12.468641;12.402438;12.545374;12.480903;12.487905,3197.771714,312.72,,462.89,0,3903,10,True,nid005491,58119954
SINDI,doc_prune=0.7 query_prune=0.3 n_cand=20,128,0.5385088394,0.9659,821.4923,144.4894,0.0000,3.309400,3.293523;3.310792;3.309400;3.321271;3.301528,847.911863,1179.37,,356.16,0,3903,10,True,nid005807,58119950
SINDI,doc_prune=0.7 query_prune=0.2 n_cand=20,128,0.5387906738,0.9662,821.4923,144.4894,0.0000,3.740457,3.740457;3.729110;3.734720;3.752981;3.752762,958.354343,1043.46,,356.16,0,3903,10,True,nid005807,58119950
SINDI,doc_prune=0.7 query_prune=0 n_cand=20,128,0.5389187804,0.9659,821.4923,144.4894,0.0000,4.606135,4.593363;4.608112;4.606135;4.633207;4.586708,1180.152447,847.35,,356.16,0,3903,10,True,nid005807,58119950
SINDI,doc_prune=0.7 query_prune=0.1 n_cand=20,128,0.5389444017,0.9662,821.4923,144.4894,0.0000,4.162887,4.153339;4.141133;4.162887;4.168189;4.170494,1066.586472,937.57,,356.16,0,3903,10,True,nid005807,58119950
SINDI,doc_prune=0.3 query_prune=0.9 n_cand=20,128,0.5453241097,0.8373,912.5443,144.4894,0.0000,1.033454,1.043457;1.029782;1.036469;1.033454;1.032740,264.784525,3776.66,,356.16,0,3903,10,True,nid005807,58119950
SINDI,doc_prune=0.3 query_prune=0.9 n_cand=20,128,0.5459902639,0.8381,1046.2253,138.4841,0.0000,2.659811,2.662337;2.650032;2.679939;2.649932;2.659811,681.478606,1467.40,,462.89,0,3903,10,True,nid005491,58119954
SINDI,doc_prune=0.3 query_prune=0.9 n_cand=20,128,0.5461439918,0.8381,951.3276,139.9263,0.0000,1.529588,1.538599;1.571089;1.528432;1.529588;1.526408,391.900589,2551.67,,421.69,0,3903,10,True,nid005539,58078825
SINDI,doc_prune=0.3 query_prune=0.9 n_cand=20,128,0.5461439918,0.8381,939.5704,140.3835,0.0000,1.265795,1.265616;1.267755;1.250819;1.265795;1.272269,324.313349,3083.44,,378.31,0,3903,10,True,nid005919,58119952
SINDI,doc_prune=0.9 query_prune=0.9 n_cand=1000,128,0.5483218037,0.8552,770.2580,144.4894,0.0000,0.283283,0.283600;0.283283;0.283688;0.282392;0.282752,72.580835,13777.74,,356.16,0,3903,10,True,nid005807,58119950
SINDI,doc_prune=0.9 query_prune=0.9 n_cand=1000,128,0.5486292595,0.8559,755.4792,139.9263,0.0000,0.360541,0.356515;0.361668;0.358457;0.360541;0.362478,92.375352,10825.40,,421.69,0,3903,10,True,nid005539,58078825
SINDI,doc_prune=0.9 query_prune=0.9 n_cand=1000,128,0.5486292595,0.8559,756.1937,140.3835,0.0000,0.312658,0.311773;0.310833;0.313639;0.313219;0.312658,80.107097,12483.29,,378.31,0,3903,10,True,nid005919,58119952
SINDI,doc_prune=0.2 query_prune=0.9 n_cand=20,128,0.5506277223,0.8370,959.1791,144.4894,0.0000,1.248146,1.249454;1.250495;1.240759;1.248146;1.246321,319.791442,3127.04,,356.16,0,3903,10,True,nid005807,58119950
SINDI,doc_prune=0.2 query_prune=0.9 n_cand=20,128,0.5510376633,0.8373,1017.0258,139.9263,0.0000,1.833738,1.833738;1.833929;1.846342;1.822582;1.825922,469.827825,2128.44,,421.69,0,3903,10,True,nid005539,58078825
SINDI,doc_prune=0.2 query_prune=0.9 n_cand=20,128,0.5510376633,0.8373,995.7150,140.3835,0.0000,1.521410,1.521410;1.525470;1.518771;1.528508;1.500329,389.805278,2565.38,,378.31,0,3903,10,True,nid005919,58119952
SINDI,doc_prune=0.2 query_prune=0.9 n_cand=20,128,0.5511145273,0.8373,1106.6949,138.4841,0.0000,3.011084,3.000149;3.011084;3.045301;3.015510;3.009008,771.479375,1296.21,,462.89,0,3903,10,True,nid005491,58119954
SINDI,doc_prune=0.1 query_prune=0.9 n_cand=20,128,0.5529592621,0.8376,1033.3694,144.4894,0.0000,1.507617,1.507979;1.502655;1.513106;1.507617;1.494985,386.271330,2588.85,,356.16,0,3903,10,True,nid005807,58119950
SINDI,doc_prune=0.1 query_prune=0.9 n_cand=20,128,0.5534973098,0.8378,1137.8844,139.9263,0.0000,2.195058,2.208199;2.180911;2.195058;2.189981;2.215349,562.402767,1778.09,,421.69,0,3903,10,True,nid005539,58078825
SINDI,doc_prune=0.1 query_prune=0.9 n_cand=20,128,0.5534973098,0.8378,1088.0379,140.3835,0.0000,1.856409,1.862986;1.859383;1.856409;1.845852;1.841335,475.636434,2102.45,,378.31,0,3903,10,True,nid005919,58119952
SINDI,doc_prune=0.1 query_prune=0.9 n_cand=20,128,0.5535229311,0.8378,1216.6425,138.4841,0.0000,3.374822,3.374822;3.401011;3.379888;3.369709;3.364296,864.673841,1156.51,,462.89,0,3903,10,True,nid005491,58119954
SINDI,doc_prune=0 query_prune=0.9 n_cand=20,128,0.5542915706,0.8381,1224.9409,144.4894,0.0000,2.003565,2.006539;2.001608;2.003565;2.005760;1.992437,513.339739,1948.03,,356.16,0,3903,10,True,nid005807,58119950
SINDI,doc_prune=0 query_prune=0.9 n_cand=20,128,0.5549064822,0.8386,1423.7508,139.9263,0.0000,2.708173,2.708500;2.703492;2.721463;2.703587;2.708173,693.869587,1441.19,,421.69,0,3903,10,True,nid005539,58078825
SINDI,doc_prune=0 query_prune=0.9 n_cand=20,128,0.5549064822,0.8386,1331.0676,140.3835,0.0000,2.412371,2.393367;2.409788;2.418921;2.419013;2.412371,618.081220,1617.91,,378.30,0,3903,10,True,nid005919,58119952
SINDI,doc_prune=0 query_prune=0.9 n_cand=20,128,0.5550345888,0.8386,1539.0023,138.4841,0.0000,4.177892,4.171794;4.229063;4.167112;4.180241;4.177892,1070.430951,934.20,,462.89,0,3903,10,True,nid005491,58119954
SINDI,doc_prune=0.7 query_prune=0.9 n_cand=50,128,0.5550602101,0.8574,821.4923,144.4894,0.0000,0.455632,0.455239;0.455608;0.462113;0.458930;0.455632,116.738919,8566.12,,356.16,0,3903,10,True,nid005807,58119950
SINDI,doc_prune=0.7 query_prune=0.9 n_cand=50,128,0.5554189085,0.8574,875.6614,138.4841,0.0000,1.411659,1.411659;1.397218;1.414977;1.406873;1.411859,361.685626,2764.83,,462.89,0,3903,10,True,nid005491,58119954
SINDI,doc_prune=0.7 query_prune=0.9 n_cand=50,128,0.5554445298,0.8573,815.1836,139.9263,0.0000,0.668909,0.667443;0.666402;0.678713;0.671574;0.668909,171.383295,5834.87,,421.69,0,3903,10,True,nid005539,58078825
SINDI,doc_prune=0.7 query_prune=0.9 n_cand=50,128,0.5554445298,0.8573,810.5067,140.3835,0.0000,0.516724,0.516724;0.521759;0.513565;0.515866;0.519106,132.391494,7553.36,,378.31,0,3903,10,True,nid005919,58119952
SINDI,doc_prune=0.5 query_prune=0.7 n_cand=10,128,0.5897258519,0.9915,871.5101,139.9263,0.0000,3.380425,3.380425;3.377570;3.393271;3.389222;3.371736,866.109403,1154.59,,421.69,0,3903,10,True,nid005539,58078825
SINDI,doc_prune=0.5 query_prune=0.7 n_cand=10,128,0.5897258519,0.9915,867.1836,140.3835,0.0000,2.719287,2.719824;2.710468;2.716780;2.734546;2.719287,696.717141,1435.30,,378.31,0,3903,10,True,nid005919,58119952
SINDI,doc_prune=0.5 query_prune=0.7 n_cand=10,128,0.5898027159,0.9915,948.7331,138.4841,0.0000,6.148289,6.144674;6.118021;6.153303;6.148289;6.159984,1575.272611,634.81,,462.89,0,3903,10,True,nid005491,58119954
SINDI,doc_prune=0.5 query_prune=0.7 n_cand=10,128,0.5901357930,0.9914,851.5012,144.4894,0.0000,2.346504,2.346504;2.345803;2.351844;2.336334;2.350938,601.205227,1663.33,,356.16,0,3903,10,True,nid005807,58119950
SINDI,doc_prune=0.5 query_prune=0.5 n_cand=10,128,0.5961568025,0.9944,948.7331,138.4841,0.0000,9.393010,9.393010;9.457270;9.432920;9.383868;9.390667,2406.612862,415.52,,462.89,0,3903,10,True,nid005491,58119954
SINDI,doc_prune=0.5 query_prune=0.5 n_cand=10,128,0.5961824238,0.9944,871.5101,139.9263,0.0000,5.137335,5.154420;5.146254;5.137335;5.080030;5.124954,1316.252882,759.73,,421.69,0,3903,10,True,nid005539,58078825
SINDI,doc_prune=0.5 query_prune=0.5 n_cand=10,128,0.5961824238,0.9944,867.1836,140.3835,0.0000,4.304828,4.304828;4.308339;4.317845;4.294731;4.297011,1102.953625,906.66,,378.31,0,3903,10,True,nid005919,58119952
SINDI,doc_prune=0.9 query_prune=0.7 n_cand=1000,128,0.5964898796,0.9326,755.4792,139.9263,0.0000,1.004889,0.993635;1.008941;0.995222;1.010296;1.004889,257.465796,3884.01,,421.69,0,3903,10,True,nid005539,58078825
SINDI,doc_prune=0.9 query_prune=0.7 n_cand=1000,128,0.5964898796,0.9326,756.1937,140.3835,0.0000,0.834594,0.832314;0.834594;0.837889;0.833604;0.835707,213.833974,4676.53,,378.31,0,3903,10,True,nid005919,58119952
SINDI,doc_prune=0.9 query_prune=0.7 n_cand=1000,128,0.5970023059,0.9324,770.2580,144.4894,0.0000,0.779206,0.778854;0.782810;0.778248;0.781019;0.779206,199.642839,5008.95,,356.16,0,3903,10,True,nid005807,58119950
SINDI,doc_prune=0.5 query_prune=0.5 n_cand=10,128,0.5973097617,0.9946,851.5012,144.4894,0.0000,3.730391,3.741535;3.713216;3.704904;3.730391;3.732656,955.775301,1046.27,,356.16,0,3903,10,True,nid005807,58119950
SINDI,doc_prune=0.9 query_prune=0.5 n_cand=1000,128,0.5975147323,0.9338,770.2580,144.4894,0.0000,1.319222,1.314811;1.319222;1.321201;1.318267;1.319306,338.002050,2958.56,,356.16,0,3903,10,True,nid005807,58119950
SINDI,doc_prune=0.9 query_prune=0.5 n_cand=1000,128,0.5975403536,0.9344,755.4792,139.9263,0.0000,1.693374,1.692813;1.694514;1.684369;1.693374;1.697895,433.864719,2304.87,,421.69,0,3903,10,True,nid005539,58078825
SINDI,doc_prune=0.9 query_prune=0.5 n_cand=1000,128,0.5975403536,0.9344,756.1937,140.3835,0.0000,1.405021,1.401529;1.405021;1.406840;1.400118;1.412666,359.984883,2777.89,,378.31,0,3903,10,True,nid005919,58119952
SINDI,doc_prune=0.9 query_prune=0.2 n_cand=1000,128,0.5981296439,0.9361,755.4792,139.9263,0.0000,2.680836,2.676353;2.691430;2.676004;2.690769;2.680836,686.865488,1455.89,,421.69,0,3903,10,True,nid005539,58078825
SINDI,doc_prune=0.9 query_prune=0.2 n_cand=1000,128,0.5981296439,0.9361,756.1937,140.3835,0.0000,2.224048,2.218166;2.223296;2.235970;2.225423;2.224048,569.830387,1754.91,,378.31,0,3903,10,True,nid005919,58119952
SINDI,doc_prune=0.9 query_prune=0 n_cand=1000,128,0.5981552652,0.9361,755.4792,139.9263,0.0000,3.404958,3.380674;3.416367;3.398627;3.404958;3.424552,872.395081,1146.27,,421.69,0,3903,10,True,nid005539,58078825
SINDI,doc_prune=0.9 query_prune=0 n_cand=1000,128,0.5981552652,0.9361,756.1937,140.3835,0.0000,2.804509,2.804509;2.814123;2.801766;2.803289;2.822652,718.552139,1391.69,,378.31,0,3903,10,True,nid005919,58119952
SINDI,doc_prune=0.9 query_prune=0.1 n_cand=1000,128,0.5982321291,0.9361,755.4792,139.9263,0.0000,3.021089,3.021089;3.012043;3.055361;3.039428;3.014012,774.042788,1291.92,,421.69,0,3903,10,True,nid005539,58078825
SINDI,doc_prune=0.9 query_prune=0.1 n_cand=1000,128,0.5982321291,0.9361,756.1937,140.3835,0.0000,2.504832,2.505772;2.500651;2.496029;2.504832;2.520585,641.770945,1558.19,,378.31,0,3903,10,True,nid005919,58119952
SINDI,doc_prune=0.9 query_prune=0.3 n_cand=1000,128,0.5983602357,0.9352,755.4792,139.9263,0.0000,2.343945,2.339743;2.354196;2.342197;2.354382;2.343945,600.549577,1665.14,,421.69,0,3903,10,True,nid005539,58078825
SINDI,doc_prune=0.9 query_prune=0.3 n_cand=1000,128,0.5983602357,0.9352,756.1937,140.3835,0.0000,1.944419,1.943904;1.950019;1.932078;1.957773;1.944419,498.185755,2007.28,,378.31,0,3903,10,True,nid005919,58119952
SINDI,doc_prune=0.9 query_prune=0.3 n_cand=1000,128,0.5983858570,0.9353,770.2580,144.4894,0.0000,1.832887,1.834058;1.832345;1.832887;1.835788;1.829357,469.609787,2129.43,,356.16,0,3903,10,True,nid005807,58119950
SINDI,doc_prune=0.9 query_prune=0.1 n_cand=1000,128,0.5984883423,0.9359,770.2580,144.4894,0.0000,2.361708,2.363610;2.368117;2.358517;2.351978;2.361708,605.100692,1652.62,,356.16,0,3903,10,True,nid005807,58119950
SINDI,doc_prune=0.9 query_prune=0.2 n_cand=1000,128,0.5985139636,0.9359,770.2580,144.4894,0.0000,2.107459,2.113596;2.092956;2.107459;2.101756;2.108847,539.958750,1851.99,,356.16,0,3903,10,True,nid005807,58119950
SINDI,doc_prune=0.9 query_prune=0 n_cand=1000,128,0.5986933128,0.9358,770.2580,144.4894,0.0000,2.652394,2.652394;2.641457;2.655985;2.638817;2.671119,679.578273,1471.50,,356.16,0,3903,10,True,nid005807,58119950
SINDI,doc_prune=0.5 query_prune=0.3 n_cand=10,128,0.5992569818,0.9944,871.5101,139.9263,0.0000,6.600151,6.624224;6.590100;6.620660;6.592231;6.600151,1691.045606,591.35,,421.69,0,3903,10,True,nid005539,58078825
SINDI,doc_prune=0.5 query_prune=0.3 n_cand=10,128,0.5992569818,0.9944,867.1836,140.3835,0.0000,5.619237,5.619237;5.648188;5.609315;5.610337;5.631563,1439.722521,694.58,,378.31,0,3903,10,True,nid005919,58119952
SINDI,doc_prune=0.5 query_prune=0.3 n_cand=10,128,0.5993338458,0.9942,948.7331,138.4841,0.0000,12.117480,12.122141;12.098613;12.117480;12.075464;12.121520,3104.657955,322.10,,462.89,0,3903,10,True,nid005491,58119954
SINDI,doc_prune=0.5 query_prune=0.2 n_cand=10,128,0.5995131950,0.9941,948.7331,138.4841,0.0000,13.417135,13.480382;13.417135;13.464188;13.332896;13.416906,3437.646682,290.90,,462.89,0,3903,10,True,nid005491,58119954
SINDI,doc_prune=0.5 query_prune=0.1 n_cand=10,128,0.5996156802,0.9941,948.7331,138.4841,0.0000,14.595413,14.565849;14.595413;14.731985;14.724661;14.529093,3739.537023,267.41,,462.89,0,3903,10,True,nid005491,58119954
SINDI,doc_prune=0.5 query_prune=0.2 n_cand=10,128,0.5996413016,0.9941,871.5101,139.9263,0.0000,7.336086,7.347539;7.336086;7.360241;7.297654;7.279413,1879.601845,532.03,,421.69,0,3903,10,True,nid005539,58078825
SINDI,doc_prune=0.5 query_prune=0.2 n_cand=10,128,0.5996413016,0.9941,867.1836,140.3835,0.0000,6.288945,6.270164;6.258155;6.300729;6.309499;6.288945,1611.310530,620.61,,378.31,0,3903,10,True,nid005919,58119952
SINDI,doc_prune=0.5 query_prune=0.1 n_cand=10,128,0.5997181655,0.9941,871.5101,139.9263,0.0000,7.960135,7.965085;7.957180;7.963689;7.939200;7.960135,2039.491417,490.32,,421.69,0,3903,10,True,nid005539,58078825
SINDI,doc_prune=0.5 query_prune=0.1 n_cand=10,128,0.5997181655,0.9941,867.1836,140.3835,0.0000,6.926492,6.926492;6.921539;6.952154;6.922408;6.940318,1774.658468,563.49,,378.31,0,3903,10,True,nid005919,58119952
SINDI,doc_prune=0.5 query_prune=0 n_cand=10,128,0.5999231360,0.9941,948.7331,138.4841,0.0000,16.050511,16.141086;16.075281;16.050511;16.047254;15.980579,4112.352293,243.17,,462.89,0,3903,10,True,nid005491,58119954
SINDI,doc_prune=0.5 query_prune=0 n_cand=10,128,0.6000512426,0.9941,871.5101,139.9263,0.0000,8.678808,8.678808;8.688675;8.668889;8.707974;8.678736,2223.624904,449.72,,421.69,0,3903,10,True,nid005539,58078825
SINDI,doc_prune=0.5 query_prune=0 n_cand=10,128,0.6000512426,0.9941,867.1836,140.3835,0.0000,7.664537,7.665520;7.657247;7.652990;7.664537;7.666396,1963.755316,509.23,,378.31,0,3903,10,True,nid005919,58119952
SINDI,doc_prune=0.5 query_prune=0.3 n_cand=10,128,0.6004099411,0.9946,851.5012,144.4894,0.0000,4.828540,4.796558;4.871845;4.827642;4.828540;4.837277,1237.135537,808.32,,356.16,0,3903,10,True,nid005807,58119950
SINDI,doc_prune=0.5 query_prune=0.2 n_cand=10,128,0.6004868050,0.9941,851.5012,144.4894,0.0000,5.353383,5.342891;5.353383;5.343345;5.368607;5.363164,1371.607225,729.07,,356.16,0,3903,10,True,nid005807,58119950
SINDI,doc_prune=0.5 query_prune=0.1 n_cand=10,128,0.6005124263,0.9941,851.5012,144.4894,0.0000,5.845005,5.844093;5.845005;5.849670;5.855878;5.836640,1497.567256,667.75,,356.16,0,3903,10,True,nid005807,58119950
SINDI,doc_prune=0.5 query_prune=0 n_cand=10,128,0.6008198821,0.9941,851.5012,144.4894,0.0000,6.403095,6.397149;6.403525;6.437398;6.397092;6.403095,1640.557264,609.55,,356.16,0,3903,10,True,nid005807,58119950
SINDI,doc_prune=0.8 query_prune=0.9 n_cand=200,128,0.6018703561,0.8798,787.2373,139.9263,0.0000,0.489223,0.489223;0.491596;0.485228;0.486216;0.489499,125.345375,7977.96,,421.69,0,3903,10,True,nid005539,58078825
SINDI,doc_prune=0.8 query_prune=0.9 n_cand=200,128,0.6018703561,0.8798,785.7407,140.3835,0.0000,0.392172,0.394167;0.389409;0.392172;0.392027;0.395692,100.479631,9952.27,,378.31,0,3903,10,True,nid005919,58119952
SINDI,doc_prune=0.8 query_prune=0.9 n_cand=200,128,0.6018959775,0.8798,838.3424,138.4841,0.0000,1.181547,1.177067;1.184561;1.186559;1.181166;1.181547,302.727902,3303.30,,462.89,0,3903,10,True,nid005491,58119954
SINDI,doc_prune=0.8 query_prune=0.9 n_cand=200,128,0.6019728414,0.8787,799.7972,144.4894,0.0000,0.360674,0.361262;0.359940;0.358424;0.360674;0.361921,92.409429,10821.41,,356.16,0,3903,10,True,nid005807,58119950
SINDI,doc_prune=0.6 query_prune=0.9 n_cand=50,128,0.6172687676,0.8718,827.9412,144.4894,0.0000,0.561282,0.564974;0.561282;0.555514;0.561945;0.556826,143.807840,6953.72,,356.16,0,3903,10,True,nid005807,58119950
SINDI,doc_prune=0.6 query_prune=0.9 n_cand=50,128,0.6174481168,0.8713,912.4930,138.4841,0.0000,1.670818,1.672345;1.664607;1.671835;1.668403;1.670818,428.085575,2335.98,,462.89,0,3903,10,True,nid005491,58119954
SINDI,doc_prune=0.6 query_prune=0.9 n_cand=50,128,0.6177555726,0.8713,839.5646,139.9263,0.0000,0.842001,0.847046;0.842245;0.840833;0.839915;0.842001,215.731745,4635.39,,421.69,0,3903,10,True,nid005539,58078825
SINDI,doc_prune=0.6 query_prune=0.9 n_cand=50,128,0.6177555726,0.8713,835.0668,140.3835,0.0000,0.660922,0.659364;0.668665;0.673342;0.660922;0.658711,169.336920,5905.39,,378.31,0,3903,10,True,nid005919,58119952
SINDI,doc_prune=0.5 query_prune=0.9 n_cand=50,128,0.6539841148,0.8775,851.5012,144.4894,0.0000,0.688093,0.687013;0.685047;0.693024;0.693860;0.688093,176.298488,5672.20,,356.16,0,3903,10,True,nid005807,58119950
SINDI,doc_prune=0.5 query_prune=0.9 n_cand=50,128,0.6540609787,0.8768,871.5101,139.9263,0.0000,1.051731,1.048300;1.051731;1.067819;1.051869;1.051214,269.467333,3711.02,,421.69,0,3903,10,True,nid005539,58078825
SINDI,doc_prune=0.5 query_prune=0.9 n_cand=50,128,0.6540609787,0.8768,867.1836,140.3835,0.0000,0.832096,0.832195;0.832096;0.830775;0.828757;0.832245,213.193953,4690.56,,378.31,0,3903,10,True,nid005919,58119952
SINDI,doc_prune=0.5 query_prune=0.9 n_cand=50,128,0.6544196772,0.8765,948.7331,138.4841,0.0000,1.989266,1.995419;1.970016;1.982508;1.989266;1.995525,509.676147,1962.03,,462.89,0,3903,10,True,nid005491,58119954
SINDI,doc_prune=0.6 query_prune=0.7 n_cand=20,128,0.6575454778,0.9892,912.4930,138.4841,0.0000,5.215789,5.184864;5.221518;5.219597;5.213402;5.215789,1336.353830,748.30,,462.89,0,3903,10,True,nid005491,58119954
SINDI,doc_prune=0.6 query_prune=0.7 n_cand=20,128,0.6576992057,0.9891,839.5646,139.9263,0.0000,2.677028,2.677028;2.680381;2.683823;2.667152;2.665697,685.889828,1457.96,,421.69,0,3903,10,True,nid005539,58078825
SINDI,doc_prune=0.6 query_prune=0.7 n_cand=20,128,0.6576992057,0.9891,835.0668,140.3835,0.0000,2.110564,2.111457;2.110564;2.111260;2.108514;2.105381,540.754292,1849.27,,378.31,0,3903,10,True,nid005919,58119952
SINDI,doc_prune=0.6 query_prune=0.7 n_cand=20,128,0.6589290290,0.9892,827.9412,144.4894,0.0000,1.867214,1.866976;1.869685;1.864209;1.867214;1.874546,478.404817,2090.28,,356.16,0,3903,10,True,nid005807,58119950
SINDI,doc_prune=0.6 query_prune=0.5 n_cand=20,128,0.6607993851,0.9889,912.4930,138.4841,0.0000,8.100072,8.103273;8.090969;8.100072;8.106156;8.072237,2075.345119,481.85,,462.89,0,3903,10,True,nid005491,58119954
SINDI,doc_prune=0.6 query_prune=0.5 n_cand=20,128,0.6608250064,0.9888,839.5646,139.9263,0.0000,4.240410,4.214237;4.240410;4.226092;4.243435;4.250576,1086.448885,920.43,,421.69,0,3903,10,True,nid005539,58078825
SINDI,doc_prune=0.6 query_prune=0.5 n_cand=20,128,0.6608250064,0.9888,835.0668,140.3835,0.0000,3.396549,3.384168;3.391173;3.396549;3.398224;3.410921,870.240584,1149.11,,378.31,0,3903,10,True,nid005919,58119952
SINDI,doc_prune=0.6 query_prune=0.1 n_cand=20,128,0.6612861901,0.9893,839.5646,139.9263,0.0000,6.748106,6.756104;6.766536;6.739320;6.730094;6.748106,1728.953625,578.38,,421.69,0,3903,10,True,nid005539,58078825
SINDI,doc_prune=0.6 query_prune=0.1 n_cand=20,128,0.6612861901,0.9893,835.0668,140.3835,0.0000,5.509614,5.509614;5.468093;5.526003;5.516506;5.482189,1411.635665,708.40,,378.31,0,3903,10,True,nid005919,58119952
SINDI,doc_prune=0.6 query_prune=0.1 n_cand=20,128,0.6613118114,0.9894,912.4930,138.4841,0.0000,12.693172,12.740831;12.681426;12.663282;12.693172;12.779808,3252.157827,307.49,,462.89,0,3903,10,True,nid005491,58119954
SINDI,doc_prune=0.6 query_prune=0 n_cand=20,128,0.6614142967,0.9896,839.5646,139.9263,0.0000,7.413185,7.432057;7.413185;7.389085;7.391469;7.422949,1899.355624,526.49,,421.69,0,3903,10,True,nid005539,58078825
SINDI,doc_prune=0.6 query_prune=0 n_cand=20,128,0.6614142967,0.9896,835.0668,140.3835,0.0000,6.038713,6.044817;6.040877;6.038713;6.038508;6.034503,1547.197797,646.33,,378.31,0,3903,10,True,nid005919,58119952
SINDI,doc_prune=0.6 query_prune=0.2 n_cand=20,128,0.6614399180,0.9890,839.5646,139.9263,0.0000,6.158098,6.149819;6.179236;6.158098;6.158882;6.146249,1577.785806,633.80,,421.69,0,3903,10,True,nid005539,58078825
SINDI,doc_prune=0.6 query_prune=0.2 n_cand=20,128,0.6614399180,0.9890,835.0668,140.3835,0.0000,4.991239,4.933585;4.968532;4.991239;5.000128;5.009023,1278.821163,781.97,,378.31,0,3903,10,True,nid005919,58119952
SINDI,doc_prune=0.6 query_prune=0.3 n_cand=20,128,0.6614655393,0.9891,839.5646,139.9263,0.0000,5.532710,5.563601;5.551869;5.526069;5.532710;5.494322,1417.553164,705.44,,421.69,0,3903,10,True,nid005539,58078825
SINDI,doc_prune=0.6 query_prune=0.3 n_cand=20,128,0.6614655393,0.9891,835.0668,140.3835,0.0000,4.473947,4.483283;4.467836;4.473947;4.471340;4.502154,1146.284140,872.38,,378.31,0,3903,10,True,nid005919,58119952
SINDI,doc_prune=0.6 query_prune=0.2 n_cand=20,128,0.6614911606,0.9891,912.4930,138.4841,0.0000,11.618911,11.689188;11.573709;11.618911;11.638966;11.609955,2976.918012,335.92,,462.89,0,3903,10,True,nid005491,58119954
SINDI,doc_prune=0.6 query_prune=0.3 n_cand=20,128,0.6615167820,0.9891,912.4930,138.4841,0.0000,10.460537,10.426739;10.508154;10.448352;10.469889;10.460537,2680.127338,373.12,,462.89,0,3903,10,True,nid005491,58119954
SINDI,doc_prune=0.6 query_prune=0 n_cand=20,128,0.6615936459,0.9896,912.4930,138.4841,0.0000,13.941129,13.983693;14.011313;13.904484;13.914389;13.941129,3571.900846,279.96,,462.89,0,3903,10,True,nid005491,58119954
SINDI,doc_prune=0.6 query_prune=0.5 n_cand=20,128,0.6617986164,0.9894,827.9412,144.4894,0.0000,3.046041,3.046041;3.041960;3.050714;3.036193;3.052378,780.435819,1281.34,,356.16,0,3903,10,True,nid005807,58119950
SINDI,doc_prune=0.6 query_prune=0.2 n_cand=20,128,0.6624391494,0.9891,827.9412,144.4894,0.0000,4.527864,4.519882;4.527864;4.535036;4.538506;4.518646,1160.098386,862.00,,356.16,0,3903,10,True,nid005807,58119950
SINDI,doc_prune=0.6 query_prune=0.3 n_cand=20,128,0.6625672560,0.9893,827.9412,144.4894,0.0000,4.076940,4.083660;4.076940;4.078444;4.055128;4.060303,1044.565719,957.34,,356.16,0,3903,10,True,nid005807,58119950
SINDI,doc_prune=0.6 query_prune=0.1 n_cand=20,128,0.6626697412,0.9893,827.9412,144.4894,0.0000,4.999272,4.976646;5.004192;5.041146;4.972010;4.999272,1280.879324,780.71,,356.16,0,3903,10,True,nid005807,58119950
SINDI,doc_prune=0.6 query_prune=0 n_cand=20,128,0.6630028183,0.9898,827.9412,144.4894,0.0000,5.457361,5.466403;5.483511;5.457361;5.456185;5.455236,1398.247758,715.18,,356.16,0,3903,10,True,nid005807,58119950
SINDI,doc_prune=0.4 query_prune=0.7 n_cand=10,128,0.6671790930,0.9962,995.6898,138.4841,0.0000,7.251558,7.204439;7.253408;7.199079;7.254208;7.251558,1857.944658,538.23,,462.89,0,3903,10,True,nid005491,58119954
SINDI,doc_prune=0.4 query_prune=0.7 n_cand=10,128,0.6672559570,0.9962,908.8737,139.9263,0.0000,4.070543,4.118239;4.041750;4.080038;4.041877;4.070543,1042.926723,958.84,,421.69,0,3903,10,True,nid005539,58078825
SINDI,doc_prune=0.4 query_prune=0.7 n_cand=10,128,0.6672559570,0.9962,896.6648,140.3835,0.0000,3.454831,3.454831;3.439166;3.453914;3.456346;3.477685,885.173200,1129.72,,378.31,0,3903,10,True,nid005919,58119952
SINDI,doc_prune=0.4 query_prune=0.7 n_cand=10,128,0.6672815783,0.9962,878.0739,144.4894,0.0000,2.945616,2.954964;2.926183;2.930155;2.970105;2.945616,754.705611,1325.02,,356.16,0,3903,10,True,nid005807,58119950
SINDI,doc_prune=0.4 query_prune=0.9 n_cand=50,128,0.6739174994,0.8807,878.0739,144.4894,0.0000,0.847187,0.852705;0.842103;0.844091;0.854535;0.847187,217.060466,4607.01,,356.16,0,3903,10,True,nid005807,58119950
SINDI,doc_prune=0.4 query_prune=0.9 n_cand=50,128,0.6740968486,0.8803,908.8737,139.9263,0.0000,1.265319,1.268450;1.271925;1.265319;1.254095;1.246427,324.191391,3084.60,,421.69,0,3903,10,True,nid005539,58078825
SINDI,doc_prune=0.4 query_prune=0.9 n_cand=50,128,0.6740968486,0.8803,896.6648,140.3835,0.0000,1.032119,1.034324;1.042846;1.032119;1.029477;1.024222,264.442480,3781.54,,378.31,0,3903,10,True,nid005919,58119952
SINDI,doc_prune=0.4 query_prune=0.9 n_cand=50,128,0.6741737125,0.8801,995.6898,138.4841,0.0000,2.315609,2.316060;2.315609;2.304044;2.319816;2.307845,593.289521,1685.52,,462.89,0,3903,10,True,nid005491,58119954
SINDI,doc_prune=0.7 query_prune=0.7 n_cand=50,128,0.6802715860,0.9816,875.6614,138.4841,0.0000,4.446916,4.446887;4.519359;4.446916;4.500520;4.420298,1139.358442,877.69,,462.89,0,3903,10,True,nid005491,58119954
SINDI,doc_prune=0.7 query_prune=0.7 n_cand=50,128,0.6803996925,0.9814,815.1836,139.9263,0.0000,2.064785,2.064785;2.066219;2.059482;2.057312;2.069662,529.025109,1890.27,,421.69,0,3903,10,True,nid005539,58078825
SINDI,doc_prune=0.7 query_prune=0.7 n_cand=50,128,0.6803996925,0.9814,810.5067,140.3835,0.0000,1.610858,1.605338;1.622067;1.605359;1.617798;1.610858,412.723034,2422.93,,378.31,0,3903,10,True,nid005919,58119952
SINDI,doc_prune=0.9 query_prune=0.9 n_cand=5000,128,0.6815782731,0.9183,755.4792,139.9263,0.0000,0.590707,0.589836;0.590231;0.590707;0.591022;0.592279,151.346913,6607.34,,421.69,0,3903,10,True,nid005539,58078825
SINDI,doc_prune=0.7 query_prune=0.7 n_cand=50,128,0.6815782731,0.9816,821.4923,144.4894,0.0000,1.468583,1.467275;1.468583;1.469807;1.471950;1.465762,376.270305,2657.66,,356.16,0,3903,10,True,nid005807,58119950
SINDI,doc_prune=0.9 query_prune=0.9 n_cand=5000,128,0.6815782731,0.9183,756.1937,140.3835,0.0000,0.566334,0.566334;0.564723;0.566560;0.566310;0.567639,145.102229,6891.69,,378.31,0,3903,10,True,nid005919,58119952
SINDI,doc_prune=0.9 query_prune=0.9 n_cand=5000,128,0.6818088650,0.9176,770.2580,144.4894,0.0000,0.522919,0.524493;0.522843;0.522145;0.522919;0.523515,133.978734,7463.87,,356.16,0,3903,10,True,nid005807,58119950
SINDI,doc_prune=0.3 query_prune=0.9 n_cand=50,128,0.6821675634,0.8814,912.5443,144.4894,0.0000,1.034927,1.035374;1.045216;1.030018;1.034927;1.031741,265.161927,3771.28,,356.16,0,3903,10,True,nid005807,58119950
SINDI,doc_prune=0.3 query_prune=0.9 n_cand=50,128,0.6826031258,0.8810,1046.2253,138.4841,0.0000,2.665435,2.672447;2.665435;2.671679;2.654539;2.643429,682.919549,1464.30,,462.89,0,3903,10,True,nid005491,58119954
SINDI,doc_prune=0.3 query_prune=0.9 n_cand=50,128,0.6826543684,0.8810,951.3276,139.9263,0.0000,1.536242,1.539832;1.536242;1.517142;1.530174;1.539135,393.605432,2540.62,,421.69,0,3903,10,True,nid005539,58078825
SINDI,doc_prune=0.3 query_prune=0.9 n_cand=50,128,0.6826543684,0.8810,939.5704,140.3835,0.0000,1.265129,1.265438;1.265129;1.269845;1.260742;1.261541,324.142711,3085.06,,378.31,0,3903,10,True,nid005919,58119952
SINDI,doc_prune=0.7 query_prune=0.3 n_cand=50,128,0.6826543684,0.9851,875.6614,138.4841,0.0000,9.381791,9.381791;9.394930;9.425871;9.358998;9.379045,2403.738406,416.02,,462.89,0,3903,10,True,nid005491,58119954
SINDI,doc_prune=0.7 query_prune=0.3 n_cand=50,128,0.6827568537,0.9851,815.1836,139.9263,0.0000,4.426141,4.439559;4.436309;4.426141;4.407211;4.390727,1134.035614,881.81,,421.69,0,3903,10,True,nid005539,58078825
SINDI,doc_prune=0.7 query_prune=0.3 n_cand=50,128,0.6827568537,0.9851,810.5067,140.3835,0.0000,3.524539,3.568095;3.501839;3.527837;3.524539;3.520581,903.033308,1107.38,,378.31,0,3903,10,True,nid005919,58119952
SINDI,doc_prune=0.7 query_prune=0.2 n_cand=50,128,0.6830386882,0.9853,875.6614,138.4841,0.0000,10.448256,10.401320;10.470986;10.448256;10.480022;10.384855,2676.980784,373.56,,462.89,0,3903,10,True,nid005491,58119954
SINDI,doc_prune=0.7 query_prune=0.2 n_cand=50,128,0.6831155521,0.9851,815.1836,139.9263,0.0000,4.968615,4.995250;5.013560;4.941442;4.942129;4.968615,1273.024596,785.53,,421.69,0,3903,10,True,nid005539,58078825
SINDI,doc_prune=0.7 query_prune=0.2 n_cand=50,128,0.6831155521,0.9851,810.5067,140.3835,0.0000,3.996905,3.971219;4.044616;4.050190;3.984651;3.996905,1024.059698,976.51,,378.31,0,3903,10,True,nid005919,58119952
SINDI,doc_prune=0.7 query_prune=0.1 n_cand=50,128,0.6831924161,0.9854,875.6614,138.4841,0.0000,11.403122,11.361693;11.409985;11.403122;11.387645;11.471595,2921.630028,342.27,,462.89,0,3903,10,True,nid005491,58119954
SINDI,doc_prune=0.7 query_prune=0 n_cand=50,128,0.6832436587,0.9854,815.1836,139.9263,0.0000,6.053368,6.026846;6.053368;6.024554;6.074536;6.060581,1550.952601,644.77,,421.69,0,3903,10,True,nid005539,58078825
SINDI,doc_prune=0.7 query_prune=0 n_cand=50,128,0.6832436587,0.9854,810.5067,140.3835,0.0000,5.095919,5.137043;5.095919;4.955051;5.155299;4.981018,1305.641558,765.91,,378.31,0,3903,10,True,nid005919,58119952
SINDI,doc_prune=0.7 query_prune=0.5 n_cand=50,128,0.6832692800,0.9849,875.6614,138.4841,0.0000,7.123765,7.108732;7.134460;7.123765;7.133005;7.121626,1825.202408,547.88,,462.89,0,3903,10,True,nid005491,58119954
SINDI,doc_prune=0.7 query_prune=0.1 n_cand=50,128,0.6833205227,0.9854,815.1836,139.9263,0.0000,5.478455,5.490966;5.467960;5.466788;5.485113;5.478455,1403.652319,712.43,,421.69,0,3903,10,True,nid005539,58078825
SINDI,doc_prune=0.7 query_prune=0.1 n_cand=50,128,0.6833205227,0.9854,810.5067,140.3835,0.0000,4.498077,4.581427;4.481836;4.498077;4.505446;4.494834,1152.466564,867.70,,378.31,0,3903,10,True,nid005919,58119952
SINDI,doc_prune=0.7 query_prune=0 n_cand=50,128,0.6833461440,0.9851,875.6614,138.4841,0.0000,12.493187,12.512229;12.499508;12.493187;12.445021;12.454642,3200.919037,312.41,,462.89,0,3903,10,True,nid005491,58119954
SINDI,doc_prune=0.7 query_prune=0 n_cand=50,128,0.6833973866,0.9850,821.4923,144.4894,0.0000,4.601097,4.594726;4.619497;4.622073;4.601097;4.588284,1178.861645,848.28,,356.16,0,3903,10,True,nid005807,58119950
SINDI,doc_prune=0.7 query_prune=0.3 n_cand=50,128,0.6835767358,0.9846,821.4923,144.4894,0.0000,3.314029,3.289855;3.317228;3.322140;3.314029;3.307351,849.097873,1177.72,,356.16,0,3903,10,True,nid005807,58119950
SINDI,doc_prune=0.7 query_prune=0.5 n_cand=50,128,0.6835767358,0.9846,821.4923,144.4894,0.0000,2.438762,2.447454;2.458674;2.438762;2.433256;2.429873,624.842941,1600.40,,356.16,0,3903,10,True,nid005807,58119950
SINDI,doc_prune=0.7 query_prune=0.2 n_cand=50,128,0.6836279785,0.9851,821.4923,144.4894,0.0000,3.734610,3.710836;3.734761;3.738528;3.732558;3.734610,956.856264,1045.09,,356.16,0,3903,10,True,nid005807,58119950
SINDI,doc_prune=0.7 query_prune=0.5 n_cand=50,128,0.6837304637,0.9847,815.1836,139.9263,0.0000,3.317433,3.312995;3.317433;3.326497;3.346423;3.310572,849.970023,1176.51,,421.69,0,3903,10,True,nid005539,58078825
SINDI,doc_prune=0.7 query_prune=0.5 n_cand=50,128,0.6837304637,0.9847,810.5067,140.3835,0.0000,2.633189,2.653298;2.633189;2.608414;2.635346;2.630637,674.657699,1482.23,,378.31,0,3903,10,True,nid005919,58119952
SINDI,doc_prune=0.7 query_prune=0.1 n_cand=50,128,0.6838329490,0.9850,821.4923,144.4894,0.0000,4.146295,4.176027;4.129928;4.165095;4.144101;4.146295,1062.335383,941.32,,356.16,0,3903,10,True,nid005807,58119950
SINDI,doc_prune=0.2 query_prune=0.9 n_cand=50,128,0.6861132462,0.8815,959.1791,144.4894,0.0000,1.253549,1.246556;1.253549;1.254785;1.251159;1.260435,321.175762,3113.56,,356.16,0,3903,10,True,nid005807,58119950
SINDI,doc_prune=0.2 query_prune=0.9 n_cand=50,128,0.6863182168,0.8807,1106.6949,138.4841,0.0000,3.014983,3.010452;3.014983;3.021879;3.003776;3.023048,772.478350,1294.53,,462.89,0,3903,10,True,nid005491,58119954
SINDI,doc_prune=0.8 query_prune=0.7 n_cand=200,128,0.6863438381,0.9714,838.3424,138.4841,0.0000,3.655468,3.642456;3.652429;3.722492;3.655468;3.728447,936.579042,1067.72,,462.89,0,3903,10,True,nid005491,58119954
SINDI,doc_prune=0.2 query_prune=0.9 n_cand=50,128,0.6863694594,0.8806,1017.0258,139.9263,0.0000,1.838324,1.838324;1.843598;1.830325;1.840119;1.829771,471.002818,2123.13,,421.69,0,3903,10,True,nid005539,58078825
SINDI,doc_prune=0.2 query_prune=0.9 n_cand=50,128,0.6863694594,0.8806,995.7150,140.3835,0.0000,1.526863,1.526863;1.529837;1.521778;1.529688;1.520781,391.202408,2556.22,,378.31,0,3903,10,True,nid005919,58119952
SINDI,doc_prune=0.8 query_prune=0.7 n_cand=200,128,0.6866256726,0.9714,787.2373,139.9263,0.0000,1.496814,1.496277;1.496814;1.506418;1.493583;1.498659,383.503459,2607.54,,421.69,0,3903,10,True,nid005539,58078825
SINDI,doc_prune=0.8 query_prune=0.7 n_cand=200,128,0.6866256726,0.9714,785.7407,140.3835,0.0000,1.194883,1.194883;1.197476;1.192192;1.197956;1.191608,306.144760,3266.43,,378.31,0,3903,10,True,nid005919,58119952
SINDI,doc_prune=0.8 query_prune=0.7 n_cand=200,128,0.6867537791,0.9723,799.7972,144.4894,0.0000,1.107132,1.106515;1.107132;1.113008;1.105895;1.115915,283.661799,3525.32,,356.16,0,3903,10,True,nid005807,58119950
SINDI,doc_prune=0.8 query_prune=0.5 n_cand=200,128,0.6878554958,0.9763,838.3424,138.4841,0.0000,6.062434,6.048891;6.083748;6.061211;6.062434;6.079864,1553.275429,643.80,,462.89,0,3903,10,True,nid005491,58119954
SINDI,doc_prune=0.8 query_prune=0.5 n_cand=200,128,0.6879067384,0.9764,787.2373,139.9263,0.0000,2.478618,2.475014;2.478618;2.489358;2.481043;2.473333,635.054573,1574.67,,421.69,0,3903,10,True,nid005539,58078825
SINDI,doc_prune=0.8 query_prune=0.5 n_cand=200,128,0.6879067384,0.9764,785.7407,140.3835,0.0000,1.993125,1.994965;1.985779;1.993125;1.987582;1.995088,510.664873,1958.23,,378.31,0,3903,10,True,nid005919,58119952
SINDI,doc_prune=0.4 query_prune=0.5 n_cand=10,128,0.6880860876,0.9986,908.8737,139.9263,0.0000,6.019326,6.026414;6.002681;6.019326;6.003723;6.035350,1542.230592,648.41,,421.69,0,3903,10,True,nid005539,58078825
SINDI,doc_prune=0.4 query_prune=0.5 n_cand=10,128,0.6880860876,0.9986,896.6648,140.3835,0.0000,5.455471,5.449924;5.464861;5.455471;5.449877;5.476100,1397.763515,715.43,,378.31,0,3903,10,True,nid005919,58119952
SINDI,doc_prune=0.4 query_prune=0.5 n_cand=10,128,0.6881885729,0.9987,995.6898,138.4841,0.0000,10.961375,10.954480;11.024963;10.978477;10.961375;10.955826,2808.448629,356.07,,462.89,0,3903,10,True,nid005491,58119954
SINDI,doc_prune=0.8 query_prune=0.5 n_cand=200,128,0.6884191647,0.9764,799.7972,144.4894,0.0000,1.871267,1.864830;1.871267;1.870844;1.877220;1.878452,479.443249,2085.75,,356.16,0,3903,10,True,nid005807,58119950
SINDI,doc_prune=0.1 query_prune=0.9 n_cand=50,128,0.6884447861,0.8811,1033.3694,144.4894,0.0000,1.512959,1.514609;1.512959;1.512528;1.509845;1.517314,387.640020,2579.71,,356.16,0,3903,10,True,nid005807,58119950
SINDI,doc_prune=0.1 query_prune=0.9 n_cand=50,128,0.6885728926,0.8803,1216.6425,138.4841,0.0000,3.379177,3.379177;3.375394;3.399376;3.384329;3.375886,865.789649,1155.01,,462.89,0,3903,10,True,nid005491,58119954
SINDI,doc_prune=0.1 query_prune=0.9 n_cand=50,128,0.6885985140,0.8805,1137.8844,139.9263,0.0000,2.203445,2.179787;2.215232;2.212078;2.203445;2.172990,564.551627,1771.32,,421.69,0,3903,10,True,nid005539,58078825
SINDI,doc_prune=0.1 query_prune=0.9 n_cand=50,128,0.6885985140,0.8805,1088.0379,140.3835,0.0000,1.851480,1.851480;1.855372;1.847052;1.842697;1.852349,474.373559,2108.04,,378.31,0,3903,10,True,nid005919,58119952
SINDI,doc_prune=0 query_prune=0.9 n_cand=50,128,0.6889572124,0.8814,1224.9409,144.4894,0.0000,1.996145,1.991844;1.996145;2.003407;2.001673;1.995957,511.438637,1955.27,,356.16,0,3903,10,True,nid005807,58119950
SINDI,doc_prune=0.8 query_prune=0.3 n_cand=200,128,0.6891109403,0.9772,787.2373,139.9263,0.0000,3.380753,3.368750;3.380753;3.362708;3.413819;3.389500,866.193441,1154.48,,421.69,0,3903,10,True,nid005539,58078825
SINDI,doc_prune=0.8 query_prune=0.3 n_cand=200,128,0.6891109403,0.9772,785.7407,140.3835,0.0000,2.731091,2.734957;2.728850;2.731091;2.733398;2.728511,699.741481,1429.10,,378.31,0,3903,10,True,nid005919,58119952
SINDI,doc_prune=0.8 query_prune=0 n_cand=200,128,0.6891365616,0.9772,787.2373,139.9263,0.0000,4.721970,4.716036;4.749273;4.745730;4.721970;4.709891,1209.830899,826.56,,421.69,0,3903,10,True,nid005539,58078825
SINDI,doc_prune=0.8 query_prune=0 n_cand=200,128,0.6891365616,0.9772,785.7407,140.3835,0.0000,3.881571,3.901257;3.881571;3.879879;3.846685;3.894105,994.509608,1005.52,,378.31,0,3903,10,True,nid005919,58119952
SINDI,doc_prune=0.8 query_prune=0.1 n_cand=200,128,0.6891878043,0.9771,787.2373,139.9263,0.0000,4.244564,4.327401;4.260859;4.230022;4.244564;4.215922,1087.513195,919.53,,421.69,0,3903,10,True,nid005539,58078825
SINDI,doc_prune=0.8 query_prune=0.1 n_cand=200,128,0.6891878043,0.9771,785.7407,140.3835,0.0000,3.476687,3.475499;3.476687;3.488260;3.540178;3.472892,890.772995,1122.62,,378.31,0,3903,10,True,nid005919,58119952
SINDI,doc_prune=0.8 query_prune=0.3 n_cand=200,128,0.6891878043,0.9771,838.3424,138.4841,0.0000,8.215150,8.233360;8.181347;8.227485;8.199843;8.215150,2104.829618,475.10,,462.89,0,3903,10,True,nid005491,58119954
SINDI,doc_prune=0.4 query_prune=0.3 n_cand=10,128,0.6892134256,0.9992,995.6898,138.4841,0.0000,14.102969,14.093697;13.981798;14.102969;14.184538;14.133527,3613.366385,276.75,,462.89,0,3903,10,True,nid005491,58119954
SINDI,doc_prune=0.8 query_prune=0 n_cand=200,128,0.6892134256,0.9772,838.3424,138.4841,0.0000,11.204036,11.204036;11.191251;11.184798;11.235561;11.214992,2870.621573,348.36,,462.89,0,3903,10,True,nid005491,58119954
SINDI,doc_prune=0.8 query_prune=0.2 n_cand=200,128,0.6892390469,0.9775,838.3424,138.4841,0.0000,9.240260,9.243815;9.258892;9.240260;9.207737;9.231492,2367.476300,422.39,,462.89,0,3903,10,True,nid005491,58119954
SINDI,doc_prune=0.4 query_prune=0.3 n_cand=10,128,0.6892646682,0.9992,908.8737,139.9263,0.0000,7.811801,7.811801;7.808967;7.847432;7.860106;7.773943,2001.486293,499.63,,421.69,0,3903,10,True,nid005539,58078825
SINDI,doc_prune=0.4 query_prune=0.3 n_cand=10,128,0.6892646682,0.9992,896.6648,140.3835,0.0000,7.155981,7.155898;7.135915;7.162178;7.155981;7.161825,1833.456572,545.42,,378.31,0,3903,10,True,nid005919,58119952
SINDI,doc_prune=0 query_prune=0.9 n_cand=50,128,0.6893159108,0.8806,1423.7508,139.9263,0.0000,2.708318,2.700468;2.711385;2.708318;2.720094;2.706017,693.906738,1441.12,,421.69,0,3903,10,True,nid005539,58078825
SINDI,doc_prune=0 query_prune=0.9 n_cand=50,128,0.6893159108,0.8806,1331.0676,140.3835,0.0000,2.402465,2.402465;2.384802;2.418977;2.409409;2.384615,615.543172,1624.58,,378.31,0,3903,10,True,nid005919,58119952
SINDI,doc_prune=0.4 query_prune=0.5 n_cand=10,128,0.6893671535,0.9987,878.0739,144.4894,0.0000,4.571654,4.588848;4.569455;4.571654;4.575588;4.564320,1171.317961,853.74,,356.16,0,3903,10,True,nid005807,58119950
SINDI,doc_prune=0.8 query_prune=0.1 n_cand=200,128,0.6894183961,0.9771,838.3424,138.4841,0.0000,10.215888,10.215888;10.222439;10.137883;10.226225;10.176564,2617.445042,382.05,,462.89,0,3903,10,True,nid005491,58119954
SINDI,doc_prune=0.8 query_prune=0.2 n_cand=200,128,0.6894696387,0.9775,787.2373,139.9263,0.0000,3.859786,3.859786;3.788864;3.785775;3.894559;3.864661,988.928004,1011.20,,421.69,0,3903,10,True,nid005539,58078825
SINDI,doc_prune=0.8 query_prune=0.2 n_cand=200,128,0.6894696387,0.9775,785.7407,140.3835,0.0000,3.115578,3.097950;3.165159;3.098526;3.115578;3.118862,798.252114,1252.74,,378.31,0,3903,10,True,nid005919,58119952
SINDI,doc_prune=0 query_prune=0.9 n_cand=50,128,0.6896233666,0.8806,1539.0023,138.4841,0.0000,4.206412,4.207613;4.195013;4.176168;4.218055;4.206412,1077.738150,927.87,,462.89,0,3903,10,True,nid005491,58119954
SINDI,doc_prune=0.8 query_prune=0.3 n_cand=200,128,0.6898027159,0.9775,799.7972,144.4894,0.0000,2.585585,2.589156;2.582448;2.585585;2.583789;2.592200,662.460927,1509.52,,356.16,0,3903,10,True,nid005807,58119950
SINDI,doc_prune=0.4 query_prune=0.1 n_cand=10,128,0.6898027159,0.9992,995.6898,138.4841,0.0000,17.031071,17.031071;17.066600;17.150941;17.009383;16.926790,4363.584678,229.17,,462.89,0,3903,10,True,nid005491,58119954
SINDI,doc_prune=0.4 query_prune=0.2 n_cand=10,128,0.6898539585,0.9992,995.6898,138.4841,0.0000,15.659915,15.559960;15.659915;15.661656;15.620327;15.702929,4012.276454,249.24,,462.89,0,3903,10,True,nid005491,58119954
SINDI,doc_prune=0.4 query_prune=0.1 n_cand=10,128,0.6899052011,0.9992,908.8737,139.9263,0.0000,9.466749,9.535612;9.456416;9.482288;9.454235;9.466749,2425.505765,412.29,,421.69,0,3903,10,True,nid005539,58078825
SINDI,doc_prune=0.4 query_prune=0.2 n_cand=10,128,0.6899052011,0.9992,908.8737,139.9263,0.0000,8.637020,8.608244;8.703538;8.637020;8.679781;8.620227,2212.918268,451.89,,421.69,0,3903,10,True,nid005539,58078825
SINDI,doc_prune=0.4 query_prune=0.1 n_cand=10,128,0.6899052011,0.9992,896.6648,140.3835,0.0000,8.748882,8.757013;8.748882;8.760631;8.735576;8.726712,2241.578786,446.11,,378.31,0,3903,10,True,nid005919,58119952
SINDI,doc_prune=0.4 query_prune=0.2 n_cand=10,128,0.6899052011,0.9992,896.6648,140.3835,0.0000,7.985227,8.010490;7.974610;7.979683;7.985227;8.001665,2045.920318,488.78,,378.31,0,3903,10,True,nid005919,58119952
SINDI,doc_prune=0.4 query_prune=0 n_cand=10,128,0.6899308224,0.9992,995.6898,138.4841,0.0000,18.691782,18.645942;18.704331;18.691782;18.729815;18.558174,4789.080707,208.81,,462.89,0,3903,10,True,nid005491,58119954
SINDI,doc_prune=0.4 query_prune=0 n_cand=10,128,0.6900076864,0.9992,908.8737,139.9263,0.0000,10.378198,10.398082;10.384009;10.350605;10.313887;10.378198,2659.031002,376.08,,421.69,0,3903,10,True,nid005539,58078825
SINDI,doc_prune=0.4 query_prune=0 n_cand=10,128,0.6900076864,0.9992,896.6648,140.3835,0.0000,9.590753,9.600308;9.607207;9.590753;9.584384;9.576011,2457.277223,406.95,,378.31,0,3903,10,True,nid005919,58119952
SINDI,doc_prune=0.8 query_prune=0 n_cand=200,128,0.6900333077,0.9777,799.7972,144.4894,0.0000,3.692117,3.677931;3.662353;3.698138;3.693159;3.692117,945.968998,1057.12,,356.16,0,3903,10,True,nid005807,58119950
SINDI,doc_prune=0.8 query_prune=0.1 n_cand=200,128,0.6901614143,0.9773,799.7972,144.4894,0.0000,3.300304,3.309036;3.300304;3.300182;3.308237;3.295101,845.581348,1182.62,,356.16,0,3903,10,True,nid005807,58119950
SINDI,doc_prune=0.8 query_prune=0.2 n_cand=200,128,0.6901870356,0.9776,799.7972,144.4894,0.0000,2.952059,2.952059;2.939222;2.958525;2.977041;2.948944,756.356393,1322.13,,356.16,0,3903,10,True,nid005807,58119950
SINDI,doc_prune=0.4 query_prune=0.3 n_cand=10,128,0.6905713554,0.9995,878.0739,144.4894,0.0000,6.026058,6.043683;6.021474;6.035408;6.023095;6.026058,1543.955419,647.69,,356.16,0,3903,10,True,nid005807,58119950
SINDI,doc_prune=0.4 query_prune=0.2 n_cand=10,128,0.6912118883,0.9995,878.0739,144.4894,0.0000,6.734923,6.741286;6.750850;6.734923;6.731752;6.731097,1725.575967,579.52,,356.16,0,3903,10,True,nid005807,58119950
SINDI,doc_prune=0.4 query_prune=0 n_cand=10,128,0.6913656162,0.9995,878.0739,144.4894,0.0000,8.189992,8.187569;8.188484;8.215300;8.190518;8.189992,2098.383807,476.56,,356.16,0,3903,10,True,nid005807,58119950
SINDI,doc_prune=0.4 query_prune=0.1 n_cand=10,128,0.6913912375,0.9995,878.0739,144.4894,0.0000,7.433305,7.455506;7.433305;7.432741;7.408325;7.442377,1904.510633,525.07,,356.16,0,3903,10,True,nid005807,58119950
SINDI,doc_prune=0.7 query_prune=0.9 n_cand=200,128,0.7077632590,0.9176,875.6614,138.4841,0.0000,1.415008,1.406576;1.409922;1.420934;1.418663;1.415008,362.543684,2758.29,,462.89,0,3903,10,True,nid005491,58119954
SINDI,doc_prune=0.7 query_prune=0.9 n_cand=200,128,0.7078657443,0.9178,815.1836,139.9263,0.0000,0.672726,0.672726;0.680988;0.670336;0.670153;0.678235,172.361261,5801.77,,421.69,0,3903,10,True,nid005539,58078825
SINDI,doc_prune=0.7 query_prune=0.9 n_cand=200,128,0.7078657443,0.9176,821.4923,144.4894,0.0000,0.463656,0.466480;0.462843;0.463656;0.463272;0.467273,118.794773,8417.88,,356.16,0,3903,10,True,nid005807,58119950
SINDI,doc_prune=0.7 query_prune=0.9 n_cand=200,128,0.7078657443,0.9178,810.5067,140.3835,0.0000,0.522759,0.521706;0.525406;0.522628;0.522759;0.525714,133.937740,7466.16,,378.31,0,3903,10,True,nid005919,58119952
SINDI,doc_prune=0.8 query_prune=0.9 n_cand=1000,128,0.7303356393,0.9298,799.7972,144.4894,0.0000,0.392615,0.389648;0.394236;0.391464;0.392615;0.396558,100.593133,9941.04,,356.16,0,3903,10,True,nid005807,58119950
SINDI,doc_prune=0.8 query_prune=0.9 n_cand=1000,128,0.7305918524,0.9295,787.2373,139.9263,0.0000,0.525937,0.527175;0.525688;0.523681;0.525937;0.527447,134.751986,7421.04,,421.69,0,3903,10,True,nid005539,58078825
SINDI,doc_prune=0.8 query_prune=0.9 n_cand=1000,128,0.7305918524,0.9295,785.7407,140.3835,0.0000,0.435714,0.437319;0.434339;0.438834;0.435714;0.433889,111.635665,8957.71,,378.31,0,3903,10,True,nid005919,58119952
SINDI,doc_prune=0.8 query_prune=0.9 n_cand=1000,128,0.7306174737,0.9295,838.3424,138.4841,0.0000,1.211787,1.208535;1.216938;1.211787;1.213725;1.209641,310.475788,3220.86,,462.89,0,3903,10,True,nid005491,58119954
SINDI,doc_prune=0.3 query_prune=0.7 n_cand=10,128,0.7316423264,0.9977,951.3276,139.9263,0.0000,4.712899,4.712899;4.698716;4.752716;4.708288;4.716766,1207.506790,828.15,,421.69,0,3903,10,True,nid005539,58078825
SINDI,doc_prune=0.3 query_prune=0.7 n_cand=10,128,0.7316423264,0.9977,939.5704,140.3835,0.0000,4.375571,4.360581;4.382889;4.393352;4.375571;4.364559,1121.078914,892.00,,378.31,0,3903,10,True,nid005919,58119952
SINDI,doc_prune=0.3 query_prune=0.7 n_cand=10,128,0.7316423264,0.9977,1046.2253,138.4841,0.0000,8.079215,8.059563;8.104934;8.061476;8.114865;8.079215,2070.001281,483.09,,462.89,0,3903,10,True,nid005491,58119954
SINDI,doc_prune=0.3 query_prune=0.7 n_cand=10,128,0.7317448117,0.9977,912.5443,144.4894,0.0000,3.663167,3.669618;3.657983;3.674868;3.654546;3.663167,938.551627,1065.47,,356.16,0,3903,10,True,nid005807,58119950
SINDI,doc_prune=0.9 query_prune=0.7 n_cand=5000,128,0.7361516782,0.9751,770.2580,144.4894,0.0000,0.949702,0.948103;0.949888;0.949702;0.949263;0.953023,243.326159,4109.71,,356.16,0,3903,10,True,nid005807,58119950
SINDI,doc_prune=0.9 query_prune=0.7 n_cand=5000,128,0.7365616193,0.9749,755.4792,139.9263,0.0000,1.182017,1.188834;1.176240;1.188724;1.182017;1.181762,302.848322,3301.98,,421.69,0,3903,10,True,nid005539,58078825
SINDI,doc_prune=0.9 query_prune=0.7 n_cand=5000,128,0.7365616193,0.9749,756.1937,140.3835,0.0000,1.059636,1.059897;1.061383;1.057017;1.059636;1.059105,271.492698,3683.34,,378.31,0,3903,10,True,nid005919,58119952
SINDI,doc_prune=0.9 query_prune=0.5 n_cand=5000,128,0.7392006149,0.9754,770.2580,144.4894,0.0000,1.476601,1.482438;1.473324;1.476794;1.476601;1.472492,378.324622,2643.23,,356.16,0,3903,10,True,nid005807,58119950
SINDI,doc_prune=0.9 query_prune=0.5 n_cand=5000,128,0.7393287215,0.9754,755.4792,139.9263,0.0000,1.830387,1.824761;1.821052;1.830387;1.832520;1.839738,468.969254,2132.34,,421.69,0,3903,10,True,nid005539,58078825
SINDI,doc_prune=0.9 query_prune=0.5 n_cand=5000,128,0.7393287215,0.9754,756.1937,140.3835,0.0000,1.597107,1.590966;1.592161;1.597650;1.598760;1.597107,409.199846,2443.79,,378.31,0,3903,10,True,nid005919,58119952
SINDI,doc_prune=0.9 query_prune=0.3 n_cand=5000,128,0.7396105560,0.9759,755.4792,139.9263,0.0000,2.469287,2.473363;2.465326;2.477936;2.469287;2.450448,632.663848,1580.62,,421.69,0,3903,10,True,nid005539,58078825
SINDI,doc_prune=0.9 query_prune=0.3 n_cand=5000,128,0.7396105560,0.9759,756.1937,140.3835,0.0000,2.113888,2.113888;2.117061;2.118365;2.113082;2.112878,541.605944,1846.36,,378.31,0,3903,10,True,nid005919,58119952
SINDI,doc_prune=0.9 query_prune=0.3 n_cand=5000,128,0.7397130413,0.9759,770.2580,144.4894,0.0000,1.979430,1.979620;1.977407;1.979430;1.974954;1.981360,507.156034,1971.78,,356.16,0,3903,10,True,nid005807,58119950
SINDI,doc_prune=0.9 query_prune=0 n_cand=5000,128,0.7397899052,0.9762,770.2580,144.4894,0.0000,2.778241,2.774939;2.783313;2.764373;2.778241;2.782615,711.821932,1404.85,,356.16,0,3903,10,True,nid005807,58119950
SINDI,doc_prune=0.9 query_prune=0.2 n_cand=5000,128,0.7398155265,0.9759,755.4792,139.9263,0.0000,2.807950,2.811697;2.807950;2.783347;2.811046;2.788845,719.433769,1389.98,,421.69,0,3903,10,True,nid005539,58078825
SINDI,doc_prune=0.9 query_prune=0.1 n_cand=5000,128,0.7398155265,0.9759,770.2580,144.4894,0.0000,2.493719,2.499446;2.493719;2.490533;2.491508;2.509058,638.923648,1565.13,,356.16,0,3903,10,True,nid005807,58119950
SINDI,doc_prune=0.9 query_prune=0.2 n_cand=5000,128,0.7398155265,0.9759,756.1937,140.3835,0.0000,2.387191,2.386307;2.397712;2.384762;2.387191;2.395056,611.629772,1634.98,,378.31,0,3903,10,True,nid005919,58119952
SINDI,doc_prune=0.9 query_prune=0 n_cand=5000,128,0.7400717397,0.9759,755.4792,139.9263,0.0000,3.475139,3.506729;3.465272;3.461792;3.475139;3.491724,890.376377,1123.12,,421.69,0,3903,10,True,nid005539,58078825
SINDI,doc_prune=0.9 query_prune=0 n_cand=5000,128,0.7400717397,0.9759,756.1937,140.3835,0.0000,2.965719,2.965082;2.966509;2.960077;2.965719;2.968026,759.856264,1316.04,,378.31,0,3903,10,True,nid005919,58119952
SINDI,doc_prune=0.9 query_prune=0.2 n_cand=5000,128,0.7401486036,0.9759,770.2580,144.4894,0.0000,2.240710,2.238470;2.240710;2.242583;2.243623;2.236405,574.099411,1741.86,,356.16,0,3903,10,True,nid005807,58119950
SINDI,doc_prune=0.9 query_prune=0.1 n_cand=5000,128,0.7402767102,0.9759,755.4792,139.9263,0.0000,3.110599,3.098478;3.123794;3.109462;3.126525;3.110599,796.976428,1254.74,,421.69,0,3903,10,True,nid005539,58078825
SINDI,doc_prune=0.9 query_prune=0.1 n_cand=5000,128,0.7402767102,0.9759,756.1937,140.3835,0.0000,2.663498,2.673062;2.671831;2.663130;2.654505;2.663498,682.423264,1465.37,,378.31,0,3903,10,True,nid005919,58119952
SINDI,doc_prune=0.5 query_prune=0.7 n_cand=20,128,0.7535485524,0.9959,871.5101,139.9263,0.0000,3.370656,3.370656;3.365116;3.395976;3.364286;3.370997,863.606457,1157.93,,421.69,0,3903,10,True,nid005539,58078825
SINDI,doc_prune=0.5 query_prune=0.7 n_cand=20,128,0.7535485524,0.9959,867.1836,140.3835,0.0000,2.721906,2.714825;2.718621;2.729711;2.721906;2.723008,697.388163,1433.92,,378.31,0,3903,10,True,nid005919,58119952
SINDI,doc_prune=0.5 query_prune=0.7 n_cand=20,128,0.7535997950,0.9959,948.7331,138.4841,0.0000,6.163977,6.142035;6.181697;6.108169;6.175404;6.163977,1579.292083,633.20,,462.89,0,3903,10,True,nid005491,58119954
SINDI,doc_prune=0.5 query_prune=0.7 n_cand=20,128,0.7543428132,0.9962,851.5012,144.4894,0.0000,2.339247,2.332723;2.356082;2.353371;2.321327;2.339247,599.345888,1668.49,,356.16,0,3903,10,True,nid005807,58119950
SINDI,doc_prune=0.6 query_prune=0.9 n_cand=200,128,0.7636945939,0.9254,912.4930,138.4841,0.0000,1.675896,1.674932;1.680771;1.675896;1.673605;1.686769,429.386626,2328.90,,462.89,0,3903,10,True,nid005491,58119954
SINDI,doc_prune=0.6 query_prune=0.9 n_cand=200,128,0.7637458365,0.9254,839.5646,139.9263,0.0000,0.852257,0.854525;0.855570;0.843680;0.847425;0.852257,218.359467,4579.60,,421.69,0,3903,10,True,nid005539,58078825
SINDI,doc_prune=0.6 query_prune=0.9 n_cand=200,128,0.7637458365,0.9254,835.0668,140.3835,0.0000,0.671019,0.670940;0.671019;0.669636;0.674028;0.671042,171.923905,5816.53,,378.31,0,3903,10,True,nid005919,58119952
SINDI,doc_prune=0.6 query_prune=0.9 n_cand=200,128,0.7638483218,0.9249,827.9412,144.4894,0.0000,0.564131,0.564131;0.573170;0.562751;0.564876;0.561126,144.537791,6918.61,,356.16,0,3903,10,True,nid005807,58119950
SINDI,doc_prune=0.5 query_prune=0.5 n_cand=20,128,0.7640789137,0.9982,871.5101,139.9263,0.0000,5.140543,5.175064;5.140543;5.169805;5.136930;5.115591,1317.074814,759.26,,421.69,0,3903,10,True,nid005539,58078825
SINDI,doc_prune=0.5 query_prune=0.5 n_cand=20,128,0.7640789137,0.9982,867.1836,140.3835,0.0000,4.284492,4.284454;4.335908;4.304072;4.284492;4.276287,1097.743274,910.96,,378.31,0,3903,10,True,nid005919,58119952
SINDI,doc_prune=0.5 query_prune=0.5 n_cand=20,128,0.7642838842,0.9982,948.7331,138.4841,0.0000,9.407020,9.407020;9.421406;9.384605;9.438946;9.393430,2410.202408,414.90,,462.89,0,3903,10,True,nid005491,58119954
SINDI,doc_prune=0.5 query_prune=0.5 n_cand=20,128,0.7648731745,0.9982,851.5012,144.4894,0.0000,3.740798,3.718308;3.733715;3.747947;3.740798;3.743980,958.441712,1043.36,,356.16,0,3903,10,True,nid005807,58119950
SINDI,doc_prune=0.5 query_prune=0.3 n_cand=20,128,0.7650269024,0.9980,948.7331,138.4841,0.0000,12.136170,12.105415;12.162548;12.142401;12.072096;12.136170,3109.446580,321.60,,462.89,0,3903,10,True,nid005491,58119954
SINDI,doc_prune=0.5 query_prune=0.3 n_cand=20,128,0.7651037663,0.9980,871.5101,139.9263,0.0000,6.593937,6.599293;6.583619;6.631086;6.593937;6.593317,1689.453497,591.91,,421.69,0,3903,10,True,nid005539,58078825
SINDI,doc_prune=0.5 query_prune=0.3 n_cand=20,128,0.7651037663,0.9980,867.1836,140.3835,0.0000,5.627394,5.603303;5.627606;5.623441;5.627394;5.633151,1441.812452,693.57,,378.31,0,3903,10,True,nid005919,58119952
SINDI,doc_prune=0.5 query_prune=0.2 n_cand=20,128,0.7657442993,0.9980,948.7331,138.4841,0.0000,13.423152,13.358796;13.363271;13.423152;13.539045;13.458121,3439.188317,290.77,,462.89,0,3903,10,True,nid005491,58119954
SINDI,doc_prune=0.5 query_prune=0.2 n_cand=20,128,0.7661798616,0.9980,871.5101,139.9263,0.0000,7.287647,7.287647;7.273516;7.311436;7.320610;7.282217,1867.191135,535.56,,421.69,0,3903,10,True,nid005539,58078825
SINDI,doc_prune=0.5 query_prune=0.2 n_cand=20,128,0.7661798616,0.9980,867.1836,140.3835,0.0000,6.287865,6.287865;6.302954;6.283901;6.256722;6.294135,1611.033820,620.72,,378.31,0,3903,10,True,nid005919,58119952
SINDI,doc_prune=0.5 query_prune=0.1 n_cand=20,128,0.7663848322,0.9982,948.7331,138.4841,0.0000,14.639472,14.639472;14.732295;14.665657;14.622785;14.574733,3750.825519,266.61,,462.89,0,3903,10,True,nid005491,58119954
SINDI,doc_prune=0.5 query_prune=0 n_cand=20,128,0.7664104535,0.9981,871.5101,139.9263,0.0000,8.675473,8.675473;8.673980;8.672704;8.697226;8.703144,2222.770433,449.89,,421.69,0,3903,10,True,nid005539,58078825
SINDI,doc_prune=0.5 query_prune=0 n_cand=20,128,0.7664104535,0.9981,867.1836,140.3835,0.0000,7.670761,7.638603;7.683167;7.698925;7.644675;7.670761,1965.349987,508.82,,378.31,0,3903,10,True,nid005919,58119952
SINDI,doc_prune=0.5 query_prune=0 n_cand=20,128,0.7665641814,0.9981,948.7331,138.4841,0.0000,16.016720,16.016720;15.990293;16.049914;15.965307;16.104019,4103.694594,243.68,,462.89,0,3903,10,True,nid005491,58119954
SINDI,doc_prune=0.5 query_prune=0.1 n_cand=20,128,0.7666922880,0.9982,871.5101,139.9263,0.0000,7.962145,8.008951;7.970449;7.937510;7.958659;7.962145,2040.006405,490.19,,421.69,0,3903,10,True,nid005539,58078825
SINDI,doc_prune=0.5 query_prune=0.1 n_cand=20,128,0.7666922880,0.9982,867.1836,140.3835,0.0000,6.925395,6.924571;6.960958;6.967666;6.919034;6.925395,1774.377402,563.58,,378.31,0,3903,10,True,nid005919,58119952
SINDI,doc_prune=0.5 query_prune=0.3 n_cand=20,128,0.7668203946,0.9978,851.5012,144.4894,0.0000,4.836830,4.844586;4.836830;4.835677;4.829561;4.846003,1239.259544,806.93,,356.16,0,3903,10,True,nid005807,58119950
SINDI,doc_prune=0.5 query_prune=0.2 n_cand=20,128,0.7672303356,0.9982,851.5012,144.4894,0.0000,5.361555,5.361659;5.333626;5.373611;5.334434;5.361555,1373.700999,727.96,,356.16,0,3903,10,True,nid005807,58119950
SINDI,doc_prune=0.5 query_prune=0.1 n_cand=20,128,0.7674609275,0.9982,851.5012,144.4894,0.0000,5.861873,5.878479;5.861873;5.849995;5.864903;5.837223,1501.889060,665.83,,356.16,0,3903,10,True,nid005807,58119950
SINDI,doc_prune=0.5 query_prune=0 n_cand=20,128,0.7677940046,0.9980,851.5012,144.4894,0.0000,6.428830,6.431952;6.433233;6.428830;6.410755;6.408448,1647.150910,607.11,,356.16,0,3903,10,True,nid005807,58119950
SINDI,doc_prune=0.2 query_prune=0.7 n_cand=10,128,0.7716115808,0.9987,1017.0258,139.9263,0.0000,5.805645,5.838897;5.790516;5.805645;5.784740;5.826420,1487.482706,672.28,,421.69,0,3903,10,True,nid005539,58078825
SINDI,doc_prune=0.2 query_prune=0.7 n_cand=10,128,0.7716115808,0.9987,995.7150,140.3835,0.0000,5.288163,5.283915;5.292455;5.288163;5.296991;5.283475,1354.897002,738.06,,378.31,0,3903,10,True,nid005919,58119952
SINDI,doc_prune=0.2 query_prune=0.7 n_cand=10,128,0.7717140661,0.9987,1106.6949,138.4841,0.0000,9.234445,9.258477;9.234445;9.246333;9.227489;9.229783,2365.986421,422.66,,462.89,0,3903,10,True,nid005491,58119954
SINDI,doc_prune=0.2 query_prune=0.7 n_cand=10,128,0.7717396874,0.9987,959.1791,144.4894,0.0000,4.543290,4.552556;4.540404;4.557702;4.543290;4.531944,1164.050730,859.07,,356.16,0,3903,10,True,nid005807,58119950
SINDI,doc_prune=0.3 query_prune=0.5 n_cand=10,128,0.7741737125,0.9997,1046.2253,138.4841,0.0000,12.473673,12.447276;12.547573;12.442302;12.473673;12.521139,3195.919293,312.90,,462.89,0,3903,10,True,nid005491,58119954
SINDI,doc_prune=0.3 query_prune=0.5 n_cand=10,128,0.7741993338,0.9997,951.3276,139.9263,0.0000,7.370125,7.370125;7.384445;7.374658;7.324527;7.369241,1888.323085,529.57,,421.69,0,3903,10,True,nid005539,58078825
SINDI,doc_prune=0.3 query_prune=0.5 n_cand=10,128,0.7741993338,0.9997,939.5704,140.3835,0.0000,6.821647,6.822553;6.815788;6.805711;6.821647;6.823007,1747.795798,572.15,,378.31,0,3903,10,True,nid005919,58119952
SINDI,doc_prune=0.3 query_prune=0.5 n_cand=10,128,0.7752241865,0.9997,912.5443,144.4894,0.0000,5.881516,5.888738;5.881516;5.882435;5.865128;5.880951,1506.921855,663.60,,356.16,0,3903,10,True,nid005807,58119950
SINDI,doc_prune=0.3 query_prune=0.3 n_cand=10,128,0.7790161414,0.9997,951.3276,139.9263,0.0000,9.723873,9.723873;9.694971;9.735268;9.721295;9.733207,2491.384320,401.38,,421.69,0,3903,10,True,nid005539,58078825
SINDI,doc_prune=0.3 query_prune=0.3 n_cand=10,128,0.7790161414,0.9997,939.5704,140.3835,0.0000,8.852413,8.821525;8.852413;8.866133;8.845264;8.883242,2268.104791,440.90,,378.31,0,3903,10,True,nid005919,58119952
SINDI,doc_prune=0.3 query_prune=0.3 n_cand=10,128,0.7790930054,0.9997,1046.2253,138.4841,0.0000,16.388889,16.388889;16.424302;16.283069;16.338785;16.448020,4199.049193,238.15,,462.89,0,3903,10,True,nid005491,58119954
SINDI,doc_prune=0.3 query_prune=0 n_cand=10,128,0.7798360236,0.9997,1046.2253,138.4841,0.0000,22.112343,22.129390;22.155395;22.089078;22.112343;22.101702,5665.473482,176.51,,462.89,0,3903,10,True,nid005491,58119954
SINDI,doc_prune=0.3 query_prune=0 n_cand=10,128,0.7798872662,0.9997,951.3276,139.9263,0.0000,13.126012,13.138525;13.139334;13.126012;13.065267;13.123075,3363.057136,297.35,,421.69,0,3903,10,True,nid005539,58078825
SINDI,doc_prune=0.3 query_prune=0 n_cand=10,128,0.7798872662,0.9997,939.5704,140.3835,0.0000,11.634550,11.627635;11.637004;11.680706;11.634550;11.606495,2980.924930,335.47,,378.31,0,3903,10,True,nid005919,58119952
SINDI,doc_prune=0.3 query_prune=0.2 n_cand=10,128,0.7798872662,0.9997,1046.2253,138.4841,0.0000,18.296508,18.226810;18.296508;18.316053;18.212498;18.349342,4687.806303,213.32,,462.89,0,3903,10,True,nid005491,58119954
SINDI,doc_prune=0.3 query_prune=0.1 n_cand=10,128,0.7799385088,0.9995,951.3276,139.9263,0.0000,11.913306,11.893857;11.924156;11.933443;11.913306;11.899862,3052.345888,327.62,,421.69,0,3903,10,True,nid005539,58078825
SINDI,doc_prune=0.3 query_prune=0.1 n_cand=10,128,0.7799385088,0.9995,939.5704,140.3835,0.0000,10.664213,10.686833;10.661118;10.664213;10.681711;10.643092,2732.311811,365.99,,378.31,0,3903,10,True,nid005919,58119952
SINDI,doc_prune=0.3 query_prune=0.1 n_cand=10,128,0.7799385088,0.9995,1046.2253,138.4841,0.0000,20.059765,20.011429;20.108506;20.182091;20.059765;20.015690,5139.575967,194.57,,462.89,0,3903,10,True,nid005491,58119954
SINDI,doc_prune=0.3 query_prune=0.2 n_cand=10,128,0.7799641302,0.9997,951.3276,139.9263,0.0000,10.810586,10.922928;10.768635;10.810586;10.861035;10.798178,2769.814502,361.04,,421.69,0,3903,10,True,nid005539,58078825
SINDI,doc_prune=0.3 query_prune=0.2 n_cand=10,128,0.7799641302,0.9997,939.5704,140.3835,0.0000,9.786307,9.774130;9.762715;9.786307;9.829134;9.788245,2507.380733,398.82,,378.31,0,3903,10,True,nid005919,58119952
SINDI,doc_prune=0.3 query_prune=0.3 n_cand=10,128,0.7807583910,0.9997,912.5443,144.4894,0.0000,7.757033,7.768523;7.757033;7.757291;7.754802;7.744115,1987.454010,503.16,,356.16,0,3903,10,True,nid005807,58119950
SINDI,doc_prune=0.3 query_prune=0.1 n_cand=10,128,0.7809121189,0.9997,912.5443,144.4894,0.0000,9.448360,9.447913;9.463304;9.444886;9.448360;9.476873,2420.794261,413.09,,356.16,0,3903,10,True,nid005807,58119950
SINDI,doc_prune=0.3 query_prune=0 n_cand=10,128,0.7809633615,0.9997,912.5443,144.4894,0.0000,10.338742,10.326423;10.338742;10.355870;10.322103;10.367962,2648.921855,377.51,,356.16,0,3903,10,True,nid005807,58119950
SINDI,doc_prune=0.3 query_prune=0.2 n_cand=10,128,0.7811939534,0.9997,912.5443,144.4894,0.0000,8.626437,8.577057;8.626437;8.638707;8.646959;8.620125,2210.206764,452.45,,356.16,0,3903,10,True,nid005807,58119950
SINDI,doc_prune=0.1 query_prune=0.7 n_cand=10,128,0.7885472713,0.9987,1033.3694,144.4894,0.0000,5.496623,5.496482;5.496623;5.481207;5.502694;5.511249,1408.307200,710.07,,356.16,0,3903,10,True,nid005807,58119950
SINDI,doc_prune=0.1 query_prune=0.7 n_cand=10,128,0.7901357930,0.9987,1137.8844,139.9263,0.0000,7.229370,7.229370;7.220063;7.273911;7.230358;7.188940,1852.259800,539.88,,421.69,0,3903,10,True,nid005539,58078825
SINDI,doc_prune=0.1 query_prune=0.7 n_cand=10,128,0.7901357930,0.9987,1088.0379,140.3835,0.0000,6.320390,6.325434;6.318280;6.311803;6.349066;6.320390,1619.367153,617.53,,378.31,0,3903,10,True,nid005919,58119952
SINDI,doc_prune=0.1 query_prune=0.7 n_cand=10,128,0.7901614143,0.9987,1216.6425,138.4841,0.0000,10.851572,10.862250;10.846580;10.851572;10.880733;10.849065,2780.315655,359.67,,462.89,0,3903,10,True,nid005491,58119954
SINDI,doc_prune=0.5 query_prune=0.9 n_cand=200,128,0.7920830131,0.9262,948.7331,138.4841,0.0000,1.988223,2.006590;1.990864;1.986406;1.986255;1.988223,509.408916,1963.06,,462.89,0,3903,10,True,nid005491,58119954
SINDI,doc_prune=0.5 query_prune=0.9 n_cand=200,128,0.7921598770,0.9262,871.5101,139.9263,0.0000,1.060976,1.053937;1.066993;1.066555;1.050506;1.060976,271.836024,3678.69,,421.69,0,3903,10,True,nid005539,58078825
SINDI,doc_prune=0.5 query_prune=0.9 n_cand=200,128,0.7921598770,0.9262,867.1836,140.3835,0.0000,0.841243,0.842084;0.841243;0.837590;0.837246;0.848602,215.537535,4639.56,,378.31,0,3903,10,True,nid005919,58119952
SINDI,doc_prune=0.5 query_prune=0.9 n_cand=200,128,0.7924417115,0.9254,851.5012,144.4894,0.0000,0.698396,0.706171;0.698448;0.697851;0.698396;0.695266,178.938253,5588.52,,356.16,0,3903,10,True,nid005807,58119950
SINDI,doc_prune=0 query_prune=0.7 n_cand=10,128,0.7924929541,0.9987,1224.9409,144.4894,0.0000,7.426603,7.435927;7.426603;7.433273;7.419081;7.415168,1902.793492,525.54,,356.16,0,3903,10,True,nid005807,58119950
SINDI,doc_prune=0 query_prune=0.7 n_cand=10,128,0.7941070971,0.9987,1423.7508,139.9263,0.0000,10.580221,10.578405;10.596545;10.580221;10.544158;10.617421,2710.791955,368.90,,421.68,0,3903,10,True,nid005539,58078825
SINDI,doc_prune=0 query_prune=0.7 n_cand=10,128,0.7941070971,0.9987,1331.0676,140.3835,0.0000,8.603014,8.623762;8.603014;8.602965;8.618601;8.555436,2204.205483,453.68,,378.30,0,3903,10,True,nid005919,58119952
SINDI,doc_prune=0 query_prune=0.7 n_cand=10,128,0.7941839611,0.9987,1539.0023,138.4841,0.0000,14.791363,14.826805;14.791363;14.711314;14.829096;14.759611,3789.741993,263.87,,462.89,0,3903,10,True,nid005491,58119954
SINDI,doc_prune=0.6 query_prune=0.7 n_cand=50,128,0.7992057392,0.9967,912.4930,138.4841,0.0000,5.222453,5.214325;5.221494;5.223934;5.222453;5.238018,1338.061235,747.35,,462.89,0,3903,10,True,nid005491,58119954
SINDI,doc_prune=0.6 query_prune=0.7 n_cand=50,128,0.7993338458,0.9965,839.5646,139.9263,0.0000,2.692247,2.686350;2.711892;2.692247;2.684464;2.698571,689.789137,1449.72,,421.69,0,3903,10,True,nid005539,58078825
SINDI,doc_prune=0.6 query_prune=0.7 n_cand=50,128,0.7993338458,0.9965,835.0668,140.3835,0.0000,2.116903,2.116903;2.125178;2.115257;2.119978;2.114352,542.378427,1843.73,,378.31,0,3903,10,True,nid005919,58119952
SINDI,doc_prune=0.6 query_prune=0.7 n_cand=50,128,0.8002818345,0.9967,827.9412,144.4894,0.0000,1.870018,1.877299;1.872276;1.863774;1.870018;1.864920,479.123239,2087.15,,356.16,0,3903,10,True,nid005807,58119950
SINDI,doc_prune=0.6 query_prune=0.5 n_cand=50,128,0.8045862157,0.9958,839.5646,139.9263,0.0000,4.245926,4.228481;4.252755;4.229690;4.248623;4.245926,1087.862157,919.23,,421.69,0,3903,10,True,nid005539,58078825
SINDI,doc_prune=0.6 query_prune=0.5 n_cand=50,128,0.8045862157,0.9958,835.0668,140.3835,0.0000,3.401685,3.384306;3.406669;3.401685;3.397616;3.412915,871.556495,1147.37,,378.31,0,3903,10,True,nid005919,58119952
SINDI,doc_prune=0.6 query_prune=0.5 n_cand=50,128,0.8047399436,0.9959,912.4930,138.4841,0.0000,8.106983,8.121596;8.053804;8.065794;8.106983;8.121405,2077.115808,481.44,,462.89,0,3903,10,True,nid005491,58119954
SINDI,doc_prune=0.6 query_prune=0.5 n_cand=50,128,0.8052011273,0.9960,827.9412,144.4894,0.0000,3.054401,3.054401;3.061924;3.045052;3.045371;3.077507,782.577761,1277.83,,356.16,0,3903,10,True,nid005807,58119950
SINDI,doc_prune=0.6 query_prune=0.2 n_cand=50,128,0.8053036126,0.9960,839.5646,139.9263,0.0000,6.151238,6.171770;6.120136;6.178771;6.151238;6.143469,1576.028183,634.51,,421.69,0,3903,10,True,nid005539,58078825
SINDI,doc_prune=0.6 query_prune=0.2 n_cand=50,128,0.8053036126,0.9960,835.0668,140.3835,0.0000,5.003649,5.013781;5.003649;4.985331;5.001697;5.018821,1282.000769,780.03,,378.31,0,3903,10,True,nid005919,58119952
SINDI,doc_prune=0.6 query_prune=0.1 n_cand=50,128,0.8054060979,0.9962,839.5646,139.9263,0.0000,6.757344,6.778304;6.759639;6.757344;6.703909;6.734354,1731.320523,577.59,,421.69,0,3903,10,True,nid005539,58078825
SINDI,doc_prune=0.6 query_prune=0.1 n_cand=50,128,0.8054060979,0.9962,835.0668,140.3835,0.0000,5.469535,5.469535;5.489210;5.451651;5.507024;5.457136,1401.366897,713.59,,378.31,0,3903,10,True,nid005919,58119952
SINDI,doc_prune=0.6 query_prune=0.2 n_cand=50,128,0.8055342045,0.9959,912.4930,138.4841,0.0000,11.655567,11.655567;11.637617;11.609562;11.656469;11.690060,2986.309762,334.86,,462.89,0,3903,10,True,nid005491,58119954
SINDI,doc_prune=0.6 query_prune=0 n_cand=50,128,0.8056110684,0.9962,839.5646,139.9263,0.0000,7.403621,7.379937;7.356561;7.458242;7.403621;7.435794,1896.905201,527.17,,421.69,0,3903,10,True,nid005539,58078825
SINDI,doc_prune=0.6 query_prune=0 n_cand=50,128,0.8056110684,0.9962,835.0668,140.3835,0.0000,6.021397,6.009774;6.039283;6.050680;5.993493;6.021397,1542.761209,648.19,,378.31,0,3903,10,True,nid005919,58119952
SINDI,doc_prune=0.6 query_prune=0.1 n_cand=50,128,0.8056366897,0.9962,912.4930,138.4841,0.0000,12.766677,12.724719;12.766677;12.784997;12.649834;12.771293,3270.990776,305.72,,462.89,0,3903,10,True,nid005491,58119954
SINDI,doc_prune=0.6 query_prune=0 n_cand=50,128,0.8056879324,0.9963,912.4930,138.4841,0.0000,13.953445,13.934220;13.991491;13.970487;13.953445;13.856636,3575.056367,279.72,,462.89,0,3903,10,True,nid005491,58119954
SINDI,doc_prune=0.6 query_prune=0.3 n_cand=50,128,0.8059697668,0.9962,839.5646,139.9263,0.0000,5.530306,5.488332;5.506561;5.542177;5.536196;5.530306,1416.937228,705.75,,421.69,0,3903,10,True,nid005539,58078825
SINDI,doc_prune=0.6 query_prune=0.3 n_cand=50,128,0.8059697668,0.9962,835.0668,140.3835,0.0000,4.461957,4.453493;4.450297;4.588528;4.461957;4.478913,1143.212145,874.73,,378.31,0,3903,10,True,nid005919,58119952
SINDI,doc_prune=0.6 query_prune=0.3 n_cand=50,128,0.8059953882,0.9962,912.4930,138.4841,0.0000,10.479607,10.446271;10.479607;10.459734;10.533919;10.536268,2685.013323,372.44,,462.89,0,3903,10,True,nid005491,58119954
SINDI,doc_prune=0.6 query_prune=0 n_cand=50,128,0.8060722521,0.9962,827.9412,144.4894,0.0000,5.473235,5.473235;5.486164;5.502317;5.457910;5.470820,1402.314886,713.11,,356.16,0,3903,10,True,nid005807,58119950
SINDI,doc_prune=0.6 query_prune=0.1 n_cand=50,128,0.8061234947,0.9962,827.9412,144.4894,0.0000,4.983966,4.975980;4.983966;4.973796;4.999471;4.996191,1276.957725,783.11,,356.16,0,3903,10,True,nid005807,58119950
SINDI,doc_prune=0.6 query_prune=0.2 n_cand=50,128,0.8065078145,0.9960,827.9412,144.4894,0.0000,4.526654,4.501057;4.523504;4.586492;4.526654;4.534067,1159.788368,862.23,,356.16,0,3903,10,True,nid005807,58119950
SINDI,doc_prune=0.6 query_prune=0.3 n_cand=50,128,0.8067384064,0.9963,827.9412,144.4894,0.0000,4.065345,4.083165;4.048530;4.061264;4.065345;4.074696,1041.594927,960.07,,356.16,0,3903,10,True,nid005807,58119950
SINDI,doc_prune=0.4 query_prune=0.9 n_cand=200,128,0.8070714835,0.9277,908.8737,139.9263,0.0000,1.280786,1.283874;1.281292;1.277559;1.272937;1.280786,328.154240,3047.35,,421.69,0,3903,10,True,nid005539,58078825
SINDI,doc_prune=0.4 query_prune=0.9 n_cand=200,128,0.8070714835,0.9277,896.6648,140.3835,0.0000,1.050125,1.053491;1.050125;1.050551;1.047071;1.043015,269.055854,3716.70,,378.31,0,3903,10,True,nid005919,58119952
SINDI,doc_prune=0.4 query_prune=0.9 n_cand=200,128,0.8071739687,0.9277,995.6898,138.4841,0.0000,2.319995,2.319995;2.314047;2.333052;2.330338;2.313246,594.413272,1682.33,,462.89,0,3903,10,True,nid005491,58119954
SINDI,doc_prune=0.4 query_prune=0.9 n_cand=200,128,0.8072252114,0.9272,878.0739,144.4894,0.0000,0.858324,0.858324;0.869168;0.862241;0.858233;0.850717,219.913912,4547.23,,356.16,0,3903,10,True,nid005807,58119950
SINDI,doc_prune=0.3 query_prune=0.9 n_cand=200,128,0.8142198309,0.9275,951.3276,139.9263,0.0000,1.543069,1.543069;1.530476;1.547928;1.533115;1.551588,395.354599,2529.37,,421.69,0,3903,10,True,nid005539,58078825
SINDI,doc_prune=0.3 query_prune=0.9 n_cand=200,128,0.8142198309,0.9275,939.5704,140.3835,0.0000,1.277339,1.270636;1.280771;1.277339;1.254963;1.278792,327.271074,3055.57,,378.31,0,3903,10,True,nid005919,58119952
SINDI,doc_prune=0.3 query_prune=0.9 n_cand=200,128,0.8143223162,0.9267,912.5443,144.4894,0.0000,1.046965,1.038094;1.048633;1.046903;1.046965;1.050432,268.246221,3727.92,,356.16,0,3903,10,True,nid005807,58119950
SINDI,doc_prune=0.3 query_prune=0.9 n_cand=200,128,0.8146297720,0.9275,1046.2253,138.4841,0.0000,2.663181,2.668486;2.653725;2.671440;2.663181;2.660417,682.342045,1465.54,,462.89,0,3903,10,True,nid005491,58119954
SINDI,doc_prune=0.2 query_prune=0.9 n_cand=200,128,0.8178068153,0.9272,1017.0258,139.9263,0.0000,1.835348,1.818673;1.835348;1.846168;1.856288;1.834016,470.240328,2126.57,,421.69,0,3903,10,True,nid005539,58078825
SINDI,doc_prune=0.2 query_prune=0.9 n_cand=200,128,0.8178068153,0.9270,959.1791,144.4894,0.0000,1.264363,1.264363;1.265337;1.262107;1.257955;1.264679,323.946451,3086.93,,356.16,0,3903,10,True,nid005807,58119950
SINDI,doc_prune=0.2 query_prune=0.9 n_cand=200,128,0.8178068153,0.9272,995.7150,140.3835,0.0000,1.534677,1.534677;1.519131;1.538408;1.542593;1.532091,393.204458,2543.21,,378.31,0,3903,10,True,nid005919,58119952
SINDI,doc_prune=0.2 query_prune=0.9 n_cand=200,128,0.8179605432,0.9272,1106.6949,138.4841,0.0000,3.014406,3.043259;3.014406;3.008119;2.999019;3.039330,772.330515,1294.78,,462.89,0,3903,10,True,nid005491,58119954
SINDI,doc_prune=0.1 query_prune=0.9 n_cand=200,128,0.8188829106,0.9270,1033.3694,144.4894,0.0000,1.518851,1.522783;1.520346;1.514547;1.518851;1.516418,389.149628,2569.71,,356.16,0,3903,10,True,nid005807,58119950
SINDI,doc_prune=0.1 query_prune=0.9 n_cand=200,128,0.8191135024,0.9275,1137.8844,139.9263,0.0000,2.198032,2.204907;2.212160;2.198032;2.197543;2.182239,563.164745,1775.68,,421.69,0,3903,10,True,nid005539,58078825
SINDI,doc_prune=0.1 query_prune=0.9 n_cand=200,128,0.8191135024,0.9275,1088.0379,140.3835,0.0000,1.860472,1.867067;1.860472;1.844252;1.854425;1.878312,476.677428,2097.85,,378.31,0,3903,10,True,nid005919,58119952
SINDI,doc_prune=0.1 query_prune=0.9 n_cand=200,128,0.8192672303,0.9275,1216.6425,138.4841,0.0000,3.407924,3.380735;3.430435;3.395288;3.434218;3.407924,873.155009,1145.27,,462.89,0,3903,10,True,nid005491,58119954
SINDI,doc_prune=0 query_prune=0.9 n_cand=200,128,0.8196259288,0.9265,1224.9409,144.4894,0.0000,2.018264,2.018264;2.005495;2.018149;2.031122;2.021097,517.105816,1933.84,,356.16,0,3903,10,True,nid005807,58119950
SINDI,doc_prune=0 query_prune=0.9 n_cand=200,128,0.8197540354,0.9275,1423.7508,139.9263,0.0000,2.739248,2.739248;2.744800;2.707661;2.743563;2.736275,701.831412,1424.84,,421.69,0,3903,10,True,nid005539,58078825
SINDI,doc_prune=0 query_prune=0.9 n_cand=200,128,0.8197540354,0.9275,1331.0676,140.3835,0.0000,2.418887,2.418043;2.430977;2.418887;2.404074;2.428912,619.750705,1613.55,,378.31,0,3903,10,True,nid005919,58119952
SINDI,doc_prune=0 query_prune=0.9 n_cand=200,128,0.8199590059,0.9275,1539.0023,138.4841,0.0000,4.189534,4.182439;4.175792;4.217689;4.203039;4.189534,1073.413784,931.61,,462.89,0,3903,10,True,nid005491,58119954
SINDI,doc_prune=0.7 query_prune=0.9 n_cand=1000,128,0.8209326159,0.9506,875.6614,138.4841,0.0000,1.450322,1.453390;1.441435;1.450322;1.453646;1.445806,371.591596,2691.13,,462.89,0,3903,10,True,nid005491,58119954
SINDI,doc_prune=0.7 query_prune=0.9 n_cand=1000,128,0.8213937996,0.9511,821.4923,144.4894,0.0000,0.495602,0.498307;0.495404;0.495602;0.494626;0.495981,126.979759,7875.27,,356.16,0,3903,10,True,nid005807,58119950
SINDI,doc_prune=0.7 query_prune=0.9 n_cand=1000,128,0.8217012554,0.9506,815.1836,139.9263,0.0000,0.711680,0.710462;0.707854;0.715091;0.711680;0.713051,182.341788,5484.21,,421.69,0,3903,10,True,nid005539,58078825
SINDI,doc_prune=0.7 query_prune=0.9 n_cand=1000,128,0.8217012554,0.9506,810.5067,140.3835,0.0000,0.572752,0.569325;0.571220;0.572752;0.574602;0.573658,146.746605,6814.47,,378.31,0,3903,10,True,nid005919,58119952
SINDI,doc_prune=0.8 query_prune=0.7 n_cand=1000,128,0.8255700743,0.9939,838.3424,138.4841,0.0000,3.697675,3.697675;3.679111;3.700602;3.706816;3.689434,947.393031,1055.53,,462.89,0,3903,10,True,nid005491,58119954
SINDI,doc_prune=0.8 query_prune=0.7 n_cand=1000,128,0.8258775301,0.9939,787.2373,139.9263,0.0000,1.519115,1.522946;1.519115;1.513623;1.521160;1.517427,389.217269,2569.26,,421.69,0,3903,10,True,nid005539,58078825
SINDI,doc_prune=0.8 query_prune=0.7 n_cand=1000,128,0.8258775301,0.9939,785.7407,140.3835,0.0000,1.226779,1.220819;1.226779;1.224925;1.230482;1.228344,314.316936,3181.50,,378.31,0,3903,10,True,nid005919,58119952
SINDI,doc_prune=0.8 query_prune=0.7 n_cand=1000,128,0.8260568793,0.9937,799.7972,144.4894,0.0000,1.144329,1.140663;1.144540;1.148513;1.140697;1.144329,293.192160,3410.73,,356.16,0,3903,10,True,nid005807,58119950
SINDI,doc_prune=0.8 query_prune=0.9 n_cand=5000,128,0.8267742762,0.9590,799.7972,144.4894,0.0000,0.623503,0.623577;0.622423;0.623659;0.623367;0.623503,159.749680,6259.79,,356.16,0,3903,10,True,nid005807,58119950
SINDI,doc_prune=0.8 query_prune=0.9 n_cand=5000,128,0.8268767615,0.9590,787.2373,139.9263,0.0000,0.750282,0.750282;0.747840;0.750955;0.751265;0.747877,192.232129,5202.04,,421.69,0,3903,10,True,nid005539,58078825
SINDI,doc_prune=0.8 query_prune=0.9 n_cand=5000,128,0.8268767615,0.9590,785.7407,140.3835,0.0000,0.698197,0.698372;0.697473;0.697126;0.698825;0.698197,178.887266,5590.11,,378.31,0,3903,10,True,nid005919,58119952
SINDI,doc_prune=0.8 query_prune=0.9 n_cand=5000,128,0.8270561107,0.9590,838.3424,138.4841,0.0000,1.410119,1.410119;1.413718;1.395322;1.405195;1.411789,361.291058,2767.85,,462.89,0,3903,10,True,nid005491,58119954
SINDI,doc_prune=0.8 query_prune=0.5 n_cand=1000,128,0.8273635665,0.9944,787.2373,139.9263,0.0000,2.492585,2.497635;2.499618;2.484643;2.482961;2.492585,638.633103,1565.84,,421.69,0,3903,10,True,nid005539,58078825
SINDI,doc_prune=0.8 query_prune=0.5 n_cand=1000,128,0.8273635665,0.9944,785.7407,140.3835,0.0000,2.019794,2.019794;2.019431;2.020720;2.019479;2.023293,517.497822,1932.38,,378.31,0,3903,10,True,nid005919,58119952
SINDI,doc_prune=0.8 query_prune=0.5 n_cand=1000,128,0.8273891878,0.9942,838.3424,138.4841,0.0000,6.101904,6.113246;6.105788;6.052751;6.088564;6.101904,1563.388163,639.64,,462.89,0,3903,10,True,nid005491,58119954
SINDI,doc_prune=0.8 query_prune=0.5 n_cand=1000,128,0.8276710223,0.9944,799.7972,144.4894,0.0000,1.910302,1.905380;1.906482;1.910302;1.913238;1.913821,489.444530,2043.13,,356.16,0,3903,10,True,nid005807,58119950
SINDI,doc_prune=0.8 query_prune=0.2 n_cand=1000,128,0.8277478862,0.9945,787.2373,139.9263,0.0000,3.833374,3.804487;3.842060;3.825711;3.835442;3.833374,982.160902,1018.16,,421.69,0,3903,10,True,nid005539,58078825
SINDI,doc_prune=0.8 query_prune=0.2 n_cand=1000,128,0.8277478862,0.9945,785.7407,140.3835,0.0000,3.131488,3.132381;3.131086;3.130004;3.150380;3.131488,802.328465,1246.37,,378.31,0,3903,10,True,nid005919,58119952
SINDI,doc_prune=0.8 query_prune=0.3 n_cand=1000,128,0.8279784781,0.9942,838.3424,138.4841,0.0000,8.231898,8.209623;8.231898;8.256584;8.170605;8.265396,2109.120676,474.13,,462.89,0,3903,10,True,nid005491,58119954
SINDI,doc_prune=0.8 query_prune=0.2 n_cand=1000,128,0.8280297207,0.9946,799.7972,144.4894,0.0000,2.974094,2.967891;2.977355;2.974094;2.967839;2.982350,762.002050,1312.33,,356.16,0,3903,10,True,nid005807,58119950
SINDI,doc_prune=0.8 query_prune=0.3 n_cand=1000,128,0.8280553420,0.9944,799.7972,144.4894,0.0000,2.613737,2.613737;2.612650;2.624379;2.620316;2.609799,669.673841,1493.26,,356.16,0,3903,10,True,nid005807,58119950
SINDI,doc_prune=0.8 query_prune=0.1 n_cand=1000,128,0.8280809634,0.9946,838.3424,138.4841,0.0000,10.234181,10.118107;10.263151;10.193279;10.240616;10.234181,2622.131950,381.37,,462.89,0,3903,10,True,nid005491,58119954
SINDI,doc_prune=0.8 query_prune=0.2 n_cand=1000,128,0.8280809634,0.9945,838.3424,138.4841,0.0000,9.290960,9.269347;9.218118;9.302177;9.319931;9.290960,2380.466308,420.09,,462.89,0,3903,10,True,nid005491,58119954
SINDI,doc_prune=0.8 query_prune=0.3 n_cand=1000,128,0.8281578273,0.9944,787.2373,139.9263,0.0000,3.389726,3.387399;3.393105;3.389726;3.408078;3.378066,868.492442,1151.42,,421.69,0,3903,10,True,nid005539,58078825
SINDI,doc_prune=0.8 query_prune=0.3 n_cand=1000,128,0.8281578273,0.9944,785.7407,140.3835,0.0000,2.757989,2.754374;2.765739;2.742130;2.757989;2.760515,706.633103,1415.16,,378.31,0,3903,10,True,nid005919,58119952
SINDI,doc_prune=0.8 query_prune=0 n_cand=1000,128,0.8283371765,0.9946,787.2373,139.9263,0.0000,4.713092,4.706513;4.703361;4.736663;4.735621;4.713092,1207.556239,828.12,,421.69,0,3903,10,True,nid005539,58078825
SINDI,doc_prune=0.8 query_prune=0 n_cand=1000,128,0.8283371765,0.9946,785.7407,140.3835,0.0000,3.934801,3.937147;3.934801;3.943834;3.900662;3.910789,1008.147835,991.92,,378.31,0,3903,10,True,nid005919,58119952
SINDI,doc_prune=0.8 query_prune=0.1 n_cand=1000,128,0.8284140405,0.9946,787.2373,139.9263,0.0000,4.239030,4.239030;4.219144;4.239999;4.270507;4.235318,1086.095311,920.73,,421.69,0,3903,10,True,nid005539,58078825
SINDI,doc_prune=0.8 query_prune=0.1 n_cand=1000,128,0.8284140405,0.9946,785.7407,140.3835,0.0000,3.497348,3.497348;3.503259;3.512701;3.477034;3.487989,896.066615,1115.99,,378.31,0,3903,10,True,nid005919,58119952
SINDI,doc_prune=0.8 query_prune=0 n_cand=1000,128,0.8285421471,0.9945,838.3424,138.4841,0.0000,11.246202,11.176375;11.251668;11.101941;11.275976;11.246202,2881.425058,347.05,,462.89,0,3903,10,True,nid005491,58119954
SINDI,doc_prune=0.8 query_prune=0.1 n_cand=1000,128,0.8286446323,0.9945,799.7972,144.4894,0.0000,3.315669,3.328292;3.318310;3.303030;3.310668;3.315669,849.518063,1177.14,,356.16,0,3903,10,True,nid005807,58119950
SINDI,doc_prune=0.8 query_prune=0 n_cand=1000,128,0.8287214963,0.9946,799.7972,144.4894,0.0000,3.702466,3.714019;3.691484;3.702349;3.702466;3.705699,948.620548,1054.16,,356.16,0,3903,10,True,nid005807,58119950
SINDI,doc_prune=0.7 query_prune=0.7 n_cand=200,128,0.8310017935,0.9954,875.6614,138.4841,0.0000,4.442438,4.480320;4.427103;4.442438;4.438007;4.448437,1138.211120,878.57,,462.89,0,3903,10,True,nid005491,58119954
SINDI,doc_prune=0.7 query_prune=0.7 n_cand=200,128,0.8313861132,0.9954,815.1836,139.9263,0.0000,2.073535,2.040731;2.073535;2.079796;2.063792;2.077776,531.266974,1882.29,,421.69,0,3903,10,True,nid005539,58078825
SINDI,doc_prune=0.7 query_prune=0.7 n_cand=200,128,0.8313861132,0.9954,810.5067,140.3835,0.0000,1.619800,1.618697;1.616613;1.619800;1.621047;1.629637,415.014092,2409.56,,378.31,0,3903,10,True,nid005919,58119952
SINDI,doc_prune=0.7 query_prune=0.7 n_cand=200,128,0.8318985396,0.9954,821.4923,144.4894,0.0000,1.469047,1.475370;1.473207;1.466942;1.469047;1.467424,376.389188,2656.82,,356.16,0,3903,10,True,nid005807,58119950
SINDI,doc_prune=0.7 query_prune=0.5 n_cand=200,128,0.8348962337,0.9969,875.6614,138.4841,0.0000,7.148559,7.114803;7.148559;7.125842;7.157994;7.162853,1831.554958,545.98,,462.89,0,3903,10,True,nid005491,58119954
SINDI,doc_prune=0.7 query_prune=0.5 n_cand=200,128,0.8354086600,0.9969,815.1836,139.9263,0.0000,3.329949,3.311106;3.352827;3.345382;3.306482;3.329949,853.176787,1172.09,,421.69,0,3903,10,True,nid005539,58078825
SINDI,doc_prune=0.7 query_prune=0.5 n_cand=200,128,0.8354086600,0.9969,810.5067,140.3835,0.0000,2.623756,2.647197;2.617368;2.623756;2.623415;2.639035,672.240840,1487.56,,378.31,0,3903,10,True,nid005919,58119952
SINDI,doc_prune=0.7 query_prune=0.5 n_cand=200,128,0.8354599026,0.9969,821.4923,144.4894,0.0000,2.439778,2.439778;2.429578;2.451167;2.445967;2.424283,625.103254,1599.74,,356.16,0,3903,10,True,nid005807,58119950
SINDI,doc_prune=0.7 query_prune=0.3 n_cand=200,128,0.8359723290,0.9972,875.6614,138.4841,0.0000,9.371645,9.355471;9.427501;9.339906;9.416963;9.371645,2401.138868,416.47,,462.89,0,3903,10,True,nid005491,58119954
SINDI,doc_prune=0.7 query_prune=0 n_cand=200,128,0.8359979503,0.9977,815.1836,139.9263,0.0000,6.058588,6.060648;6.021036;6.137732;6.058588;6.034906,1552.290033,644.21,,421.69,0,3903,10,True,nid005539,58078825
SINDI,doc_prune=0.7 query_prune=0 n_cand=200,128,0.8359979503,0.9977,810.5067,140.3835,0.0000,4.955881,4.961578;4.947558;5.121366;4.955881;4.941601,1269.761978,787.55,,378.31,0,3903,10,True,nid005919,58119952
SINDI,doc_prune=0.7 query_prune=0.3 n_cand=200,128,0.8360235716,0.9972,815.1836,139.9263,0.0000,4.409169,4.413848;4.409169;4.444615;4.397670;4.404130,1129.687164,885.20,,421.69,0,3903,10,True,nid005539,58078825
SINDI,doc_prune=0.7 query_prune=0.3 n_cand=200,128,0.8360235716,0.9972,810.5067,140.3835,0.0000,3.530880,3.530880;3.647651;3.520272;3.523935;3.541660,904.657955,1105.39,,378.31,0,3903,10,True,nid005919,58119952
SINDI,doc_prune=0.7 query_prune=0 n_cand=200,128,0.8361772995,0.9977,875.6614,138.4841,0.0000,12.480875,12.480875;12.476278;12.479186;12.518997;12.494480,3197.764540,312.72,,462.89,0,3903,10,True,nid005491,58119954
SINDI,doc_prune=0.7 query_prune=0.1 n_cand=200,128,0.8361772995,0.9977,875.6614,138.4841,0.0000,11.467478,11.467478;11.361635;11.444414;11.497708;11.474411,2938.118883,340.35,,462.89,0,3903,10,True,nid005491,58119954
SINDI,doc_prune=0.7 query_prune=0.2 n_cand=200,128,0.8361772995,0.9974,875.6614,138.4841,0.0000,10.469490,10.452043;10.486710;10.436267;10.475685;10.469490,2682.421214,372.80,,462.89,0,3903,10,True,nid005491,58119954
SINDI,doc_prune=0.7 query_prune=0.1 n_cand=200,128,0.8363054061,0.9977,815.1836,139.9263,0.0000,5.523756,5.533500;5.523756;5.516768;5.524866;5.496297,1415.259032,706.58,,421.69,0,3903,10,True,nid005539,58078825
SINDI,doc_prune=0.7 query_prune=0.1 n_cand=200,128,0.8363054061,0.9977,810.5067,140.3835,0.0000,4.496831,4.469887;4.546772;4.589208;4.496831;4.486015,1152.147323,867.94,,378.31,0,3903,10,True,nid005919,58119952
SINDI,doc_prune=0.7 query_prune=0.3 n_cand=200,128,0.8363310274,0.9972,821.4923,144.4894,0.0000,3.306983,3.322363;3.298226;3.320877;3.296476;3.306983,847.292595,1180.23,,356.16,0,3903,10,True,nid005807,58119950
SINDI,doc_prune=0.7 query_prune=0.2 n_cand=200,128,0.8363822700,0.9974,815.1836,139.9263,0.0000,4.970908,4.973443;5.009332;4.960867;4.970908;4.957085,1273.612093,785.17,,421.69,0,3903,10,True,nid005539,58078825
SINDI,doc_prune=0.7 query_prune=0.2 n_cand=200,128,0.8363822700,0.9974,810.5067,140.3835,0.0000,3.991479,4.181521;3.991479;3.972346;4.115212;3.960359,1022.669485,977.83,,378.31,0,3903,10,True,nid005919,58119952
SINDI,doc_prune=0.7 query_prune=0.2 n_cand=200,128,0.8364078914,0.9974,821.4923,144.4894,0.0000,3.743627,3.743627;3.757005;3.727330;3.743927;3.729971,959.166539,1042.57,,356.16,0,3903,10,True,nid005807,58119950
SINDI,doc_prune=0.7 query_prune=0 n_cand=200,128,0.8366641045,0.9974,821.4923,144.4894,0.0000,4.598216,4.598216;4.590009;4.609291;4.589184;4.608924,1178.123495,848.81,,356.16,0,3903,10,True,nid005807,58119950
SINDI,doc_prune=0.7 query_prune=0.1 n_cand=200,128,0.8368690751,0.9977,821.4923,144.4894,0.0000,4.156776,4.156776;4.137430;4.158375;4.147353;4.157577,1065.020753,938.95,,356.16,0,3903,10,True,nid005807,58119950
SINDI,doc_prune=0.4 query_prune=0.7 n_cand=20,128,0.8382270049,0.9985,995.6898,138.4841,0.0000,7.253517,7.254719;7.245781;7.245417;7.273141;7.253517,1858.446580,538.08,,462.89,0,3903,10,True,nid005491,58119954
SINDI,doc_prune=0.4 query_prune=0.7 n_cand=20,128,0.8383807328,0.9985,908.8737,139.9263,0.0000,4.070730,4.062165;4.073186;4.041549;4.070730;4.082821,1042.974635,958.80,,421.69,0,3903,10,True,nid005539,58078825
SINDI,doc_prune=0.4 query_prune=0.7 n_cand=20,128,0.8383807328,0.9985,896.6648,140.3835,0.0000,3.460920,3.496249;3.456045;3.463334;3.460920;3.443961,886.733282,1127.73,,378.31,0,3903,10,True,nid005919,58119952
SINDI,doc_prune=0.4 query_prune=0.7 n_cand=20,128,0.8393287215,0.9985,878.0739,144.4894,0.0000,2.925488,2.922237;2.932761;2.912745;2.925488;2.957451,749.548552,1334.14,,356.16,0,3903,10,True,nid005807,58119950
SINDI,doc_prune=0.2 query_prune=0.5 n_cand=10,128,0.8426594927,1.0000,1106.6949,138.4841,0.0000,14.688130,14.701362;14.665399;14.636651;14.688130;14.707440,3763.292339,265.72,,462.89,0,3903,10,True,nid005491,58119954
SINDI,doc_prune=0.2 query_prune=0.5 n_cand=10,128,0.8427107353,1.0000,1017.0258,139.9263,0.0000,9.354217,9.318648;9.317824;9.354217;9.363564;9.391263,2396.673584,417.24,,421.69,0,3903,10,True,nid005539,58078825
SINDI,doc_prune=0.2 query_prune=0.5 n_cand=10,128,0.8427107353,1.0000,995.7150,140.3835,0.0000,8.215449,8.196578;8.196289;8.217869;8.215449;8.220062,2104.906226,475.08,,378.31,0,3903,10,True,nid005919,58119952
SINDI,doc_prune=0.2 query_prune=0.5 n_cand=10,128,0.8430438125,1.0000,959.1791,144.4894,0.0000,7.263275,7.263275;7.276951;7.239959;7.264878;7.247399,1860.946708,537.36,,356.16,0,3903,10,True,nid005807,58119950
SINDI,doc_prune=0.4 query_prune=0.5 n_cand=20,128,0.8551883167,0.9997,908.8737,139.9263,0.0000,6.030066,6.049095;6.030066;6.010743;6.051611;6.021952,1544.982321,647.26,,421.69,0,3903,10,True,nid005539,58078825
SINDI,doc_prune=0.4 query_prune=0.5 n_cand=20,128,0.8551883167,0.9997,896.6648,140.3835,0.0000,5.455059,5.467975;5.456079;5.429981;5.455059;5.425347,1397.657955,715.48,,378.31,0,3903,10,True,nid005919,58119952
SINDI,doc_prune=0.4 query_prune=0.5 n_cand=20,128,0.8553164233,0.9997,995.6898,138.4841,0.0000,10.987049,10.985712;10.990006;11.002686;10.940637;10.987049,2815.026646,355.24,,462.89,0,3903,10,True,nid005491,58119954
SINDI,doc_prune=0.4 query_prune=0.5 n_cand=20,128,0.8556751217,0.9997,878.0739,144.4894,0.0000,4.579465,4.590787;4.568779;4.584299;4.579465;4.570886,1173.319242,852.28,,356.16,0,3903,10,True,nid005807,58119950
SINDI,doc_prune=0.4 query_prune=0 n_cand=20,128,0.8571355368,0.9997,908.8737,139.9263,0.0000,10.397942,10.369524;10.397942;10.390127;10.453670;10.400074,2664.089675,375.36,,421.69,0,3903,10,True,nid005539,58078825
SINDI,doc_prune=0.4 query_prune=0 n_cand=20,128,0.8571355368,0.9997,896.6648,140.3835,0.0000,9.582341,9.577279;9.572948;9.591277;9.615447;9.582341,2455.121957,407.31,,378.31,0,3903,10,True,nid005919,58119952
SINDI,doc_prune=0.4 query_prune=0 n_cand=20,128,0.8571355368,0.9997,995.6898,138.4841,0.0000,18.679663,18.780532;18.860693;18.679663;18.644833;18.665666,4785.975660,208.94,,462.89,0,3903,10,True,nid005491,58119954
SINDI,doc_prune=0.4 query_prune=0.1 n_cand=20,128,0.8571611581,0.9997,995.6898,138.4841,0.0000,17.051762,16.972279;17.019867;17.051762;17.091237;17.060402,4368.885985,228.89,,462.89,0,3903,10,True,nid005491,58119954
SINDI,doc_prune=0.4 query_prune=0.3 n_cand=20,128,0.8573405073,0.9997,995.6898,138.4841,0.0000,14.181553,14.156214;14.185092;14.181553;14.138317;14.188222,3633.500641,275.22,,462.89,0,3903,10,True,nid005491,58119954
SINDI,doc_prune=0.4 query_prune=0.1 n_cand=20,128,0.8573661286,0.9997,908.8737,139.9263,0.0000,9.501955,9.501955;9.460963;9.518411;9.526587;9.478678,2434.526006,410.76,,421.69,0,3903,10,True,nid005539,58078825
SINDI,doc_prune=0.4 query_prune=0.1 n_cand=20,128,0.8573661286,0.9997,896.6648,140.3835,0.0000,8.764364,8.772430;8.758020;8.766366;8.741870;8.764364,2245.545478,445.33,,378.31,0,3903,10,True,nid005919,58119952
SINDI,doc_prune=0.4 query_prune=0.3 n_cand=20,128,0.8575454778,0.9997,908.8737,139.9263,0.0000,7.801325,7.801325;7.780645;7.823281;7.797488;7.810280,1998.802203,500.30,,421.69,0,3903,10,True,nid005539,58078825
SINDI,doc_prune=0.4 query_prune=0.3 n_cand=20,128,0.8575454778,0.9997,896.6648,140.3835,0.0000,7.167202,7.167202;7.135350;7.178914;7.169440;7.136941,1836.331540,544.56,,378.31,0,3903,10,True,nid005919,58119952
SINDI,doc_prune=0.4 query_prune=0.2 n_cand=20,128,0.8579041763,0.9997,995.6898,138.4841,0.0000,15.646017,15.555193;15.686925;15.686885;15.538133;15.646017,4008.715603,249.46,,462.89,0,3903,10,True,nid005491,58119954
SINDI,doc_prune=0.4 query_prune=0.2 n_cand=20,128,0.8580322829,0.9997,908.8737,139.9263,0.0000,8.655526,8.625776;8.649160;8.665814;8.706090;8.655526,2217.659749,450.93,,421.69,0,3903,10,True,nid005539,58078825
SINDI,doc_prune=0.4 query_prune=0.2 n_cand=20,128,0.8580322829,0.9997,896.6648,140.3835,0.0000,7.985775,7.985535;7.950570;8.003324;7.995569;7.985775,2046.060723,488.74,,378.31,0,3903,10,True,nid005919,58119952
SINDI,doc_prune=0.4 query_prune=0.3 n_cand=20,128,0.8582116321,0.9997,878.0739,144.4894,0.0000,6.025232,6.012872;6.023905;6.032192;6.025232;6.027040,1543.743787,647.78,,356.16,0,3903,10,True,nid005807,58119950
SINDI,doc_prune=0.2 query_prune=0.3 n_cand=10,128,0.8582884960,1.0000,1017.0258,139.9263,0.0000,12.359286,12.280166;12.439306;12.359286;12.398035;12.332204,3166.611837,315.79,,421.69,0,3903,10,True,nid005539,58078825
SINDI,doc_prune=0.2 query_prune=0.3 n_cand=10,128,0.8582884960,1.0000,995.7150,140.3835,0.0000,10.693803,10.736407;10.693803;10.669694;10.709837;10.688042,2739.893159,364.98,,378.31,0,3903,10,True,nid005919,58119952
SINDI,doc_prune=0.4 query_prune=0.1 n_cand=20,128,0.8583141173,0.9997,878.0739,144.4894,0.0000,7.435688,7.427712;7.437012;7.440671;7.435688;7.422955,1905.121189,524.90,,356.16,0,3903,10,True,nid005807,58119950
SINDI,doc_prune=0.4 query_prune=0 n_cand=20,128,0.8585190879,0.9997,878.0739,144.4894,0.0000,8.202133,8.202133;8.204283;8.200990;8.185812;8.214721,2101.494491,475.85,,356.16,0,3903,10,True,nid005807,58119950
SINDI,doc_prune=0.2 query_prune=0.3 n_cand=10,128,0.8585959518,1.0000,1106.6949,138.4841,0.0000,19.600171,19.607465;19.539893;19.600171;19.592215;19.628790,5021.821932,199.13,,462.89,0,3903,10,True,nid005491,58119954
SINDI,doc_prune=0.4 query_prune=0.2 n_cand=20,128,0.8586984371,0.9997,878.0739,144.4894,0.0000,6.756636,6.752196;6.744954;6.768656;6.758574;6.756636,1731.139124,577.65,,356.16,0,3903,10,True,nid005807,58119950
SINDI,doc_prune=0.2 query_prune=0.3 n_cand=10,128,0.8591339995,1.0000,959.1791,144.4894,0.0000,9.416568,9.416568;9.407379;9.424776;9.422128;9.415840,2412.648732,414.48,,356.16,0,3903,10,True,nid005807,58119950
SINDI,doc_prune=0.2 query_prune=0.2 n_cand=10,128,0.8605687932,1.0000,1017.0258,139.9263,0.0000,13.815165,13.849580;13.926199;13.815165;13.813750;13.747654,3539.627210,282.52,,421.69,0,3903,10,True,nid005539,58078825
SINDI,doc_prune=0.2 query_prune=0.2 n_cand=10,128,0.8605687932,1.0000,995.7150,140.3835,0.0000,11.952506,11.958314;11.952506;11.979591;11.944441;11.948830,3062.389444,326.54,,378.31,0,3903,10,True,nid005919,58119952
SINDI,doc_prune=0.2 query_prune=0.2 n_cand=10,128,0.8607225211,1.0000,1106.6949,138.4841,0.0000,22.015015,22.015015;21.909443;22.019061;22.058996;21.943134,5640.536767,177.29,,462.89,0,3903,10,True,nid005491,58119954
SINDI,doc_prune=0.2 query_prune=0.2 n_cand=10,128,0.8611324622,1.0000,959.1791,144.4894,0.0000,10.441136,10.441136;10.416695;10.463490;10.425736;10.474919,2675.156546,373.81,,356.16,0,3903,10,True,nid005807,58119950
SINDI,doc_prune=0.2 query_prune=0.1 n_cand=10,128,0.8613118114,1.0000,1017.0258,139.9263,0.0000,15.198779,15.191970;15.243903;15.300115;15.160865;15.198779,3894.127338,256.80,,421.69,0,3903,10,True,nid005539,58078825
SINDI,doc_prune=0.2 query_prune=0.1 n_cand=10,128,0.8613118114,1.0000,995.7150,140.3835,0.0000,13.129690,13.111488;13.149159;13.129690;13.159763;13.110417,3363.999488,297.27,,378.31,0,3903,10,True,nid005919,58119952
SINDI,doc_prune=0.2 query_prune=0.1 n_cand=10,128,0.8613630541,1.0000,1106.6949,138.4841,0.0000,24.226679,24.226679;24.071641;24.242738;24.179866;24.254189,6207.194210,161.10,,462.89,0,3903,10,True,nid005491,58119954
SINDI,doc_prune=0.2 query_prune=0 n_cand=10,128,0.8614142967,1.0000,1017.0258,139.9263,0.0000,16.794565,16.661896;16.794565;16.798532;16.719607;16.860480,4302.988727,232.40,,421.69,0,3903,10,True,nid005539,58078825
SINDI,doc_prune=0.2 query_prune=0.1 n_cand=10,128,0.8614142967,1.0000,959.1791,144.4894,0.0000,11.430796,11.394103;11.438311;11.438321;11.404924;11.430796,2928.720471,341.45,,356.16,0,3903,10,True,nid005807,58119950
SINDI,doc_prune=0.2 query_prune=0 n_cand=10,128,0.8614142967,1.0000,995.7150,140.3835,0.0000,14.401066,14.401066;14.397529;14.405481;14.475604;14.362886,3689.742762,271.02,,378.31,0,3903,10,True,nid005919,58119952
SINDI,doc_prune=0.2 query_prune=0 n_cand=10,128,0.8615936459,1.0000,959.1791,144.4894,0.0000,12.527368,12.527368;12.486668;12.529849;12.528062;12.508127,3209.676659,311.56,,356.16,0,3903,10,True,nid005807,58119950
SINDI,doc_prune=0.2 query_prune=0 n_cand=10,128,0.8615936459,1.0000,1106.6949,138.4841,0.0000,26.751909,26.805202;26.751909;26.776871;26.697922;26.696546,6854.191391,145.90,,462.89,0,3903,10,True,nid005491,58119954
SINDI,doc_prune=0.6 query_prune=0.9 n_cand=1000,128,0.8652318729,0.9559,839.5646,139.9263,0.0000,0.888858,0.893646;0.888858;0.884108;0.894329;0.885770,227.737125,4391.03,,421.69,0,3903,10,True,nid005539,58078825
SINDI,doc_prune=0.6 query_prune=0.9 n_cand=1000,128,0.8652318729,0.9559,835.0668,140.3835,0.0000,0.722606,0.722506;0.720073;0.723427;0.722606;0.725448,185.141173,5401.28,,378.31,0,3903,10,True,nid005919,58119952
SINDI,doc_prune=0.6 query_prune=0.9 n_cand=1000,128,0.8653087369,0.9559,912.4930,138.4841,0.0000,1.714379,1.719455;1.709835;1.713502;1.714379;1.715030,439.246477,2276.63,,462.89,0,3903,10,True,nid005491,58119954
SINDI,doc_prune=0.6 query_prune=0.9 n_cand=1000,128,0.8655137074,0.9562,827.9412,144.4894,0.0000,0.601479,0.603425;0.601479;0.600544;0.600576;0.603924,154.106841,6489.00,,356.16,0,3903,10,True,nid005807,58119950
SINDI,doc_prune=0.5 query_prune=0.7 n_cand=50,128,0.8822444274,0.9987,871.5101,139.9263,0.0000,3.385481,3.374716;3.388328;3.359224;3.385481;3.394913,867.404817,1152.86,,421.69,0,3903,10,True,nid005539,58078825
SINDI,doc_prune=0.5 query_prune=0.7 n_cand=50,128,0.8822444274,0.9987,867.1836,140.3835,0.0000,2.729070,2.740313;2.721016;2.712520;2.737805;2.729070,699.223674,1430.16,,378.31,0,3903,10,True,nid005919,58119952
SINDI,doc_prune=0.5 query_prune=0.7 n_cand=50,128,0.8826543684,0.9987,948.7331,138.4841,0.0000,6.146220,6.166927;6.140994;6.121545;6.180805;6.146220,1574.742506,635.02,,462.89,0,3903,10,True,nid005491,58119954
SINDI,doc_prune=0.5 query_prune=0.7 n_cand=50,128,0.8835254932,0.9987,851.5012,144.4894,0.0000,2.345591,2.341762;2.354440;2.346952;2.345591;2.342684,600.971304,1663.97,,356.16,0,3903,10,True,nid005807,58119950
SINDI,doc_prune=0.5 query_prune=0.9 n_cand=1000,128,0.8844478606,0.9580,851.5012,144.4894,0.0000,0.738211,0.741081;0.740824;0.738211;0.735939;0.734810,189.139380,5287.11,,356.16,0,3903,10,True,nid005807,58119950
SINDI,doc_prune=0.5 query_prune=0.9 n_cand=1000,128,0.8850371509,0.9580,948.7331,138.4841,0.0000,2.035126,2.020483;2.035126;2.028883;2.037695;2.039818,521.426083,1917.82,,462.89,0,3903,10,True,nid005491,58119954
SINDI,doc_prune=0.5 query_prune=0.9 n_cand=1000,128,0.8850627722,0.9580,871.5101,139.9263,0.0000,1.096865,1.096865;1.088657;1.094345;1.104467;1.101461,281.031258,3558.32,,421.69,0,3903,10,True,nid005539,58078825
SINDI,doc_prune=0.5 query_prune=0.9 n_cand=1000,128,0.8850627722,0.9580,867.1836,140.3835,0.0000,0.888513,0.882114;0.888513;0.890595;0.882862;0.896062,227.648732,4392.73,,378.31,0,3903,10,True,nid005919,58119952
SINDI,doc_prune=0.1 query_prune=0.5 n_cand=10,128,0.8885728926,1.0000,1033.3694,144.4894,0.0000,8.811167,8.818280;8.785390;8.811167;8.834677;8.808142,2257.537023,442.96,,356.16,0,3903,10,True,nid005807,58119950
SINDI,doc_prune=0.1 query_prune=0.5 n_cand=10,128,0.8889828337,1.0000,1137.8844,139.9263,0.0000,11.866193,11.897857;11.804869;11.844553;11.923420;11.866193,3040.274917,328.92,,421.69,0,3903,10,True,nid005539,58078825
SINDI,doc_prune=0.1 query_prune=0.5 n_cand=10,128,0.8889828337,1.0000,1088.0379,140.3835,0.0000,10.164616,10.153752;10.163553;10.186557;10.164616;10.166231,2604.308481,383.98,,378.31,0,3903,10,True,nid005919,58119952
SINDI,doc_prune=0.1 query_prune=0.5 n_cand=10,128,0.8890853190,1.0000,1216.6425,138.4841,0.0000,17.705053,17.705053;17.804711;17.657152;17.680122;17.746674,4536.267743,220.45,,462.89,0,3903,10,True,nid005491,58119954
SINDI,doc_prune=0.5 query_prune=0.5 n_cand=50,128,0.8905457341,1.0000,871.5101,139.9263,0.0000,5.136376,5.136376;5.121783;5.161385;5.144634;5.084023,1316.007174,759.87,,421.69,0,3903,10,True,nid005539,58078825
SINDI,doc_prune=0.5 query_prune=0.5 n_cand=50,128,0.8905457341,1.0000,867.1836,140.3835,0.0000,4.289531,4.289531;4.280566;4.296746;4.279805;4.293540,1099.034333,909.89,,378.31,0,3903,10,True,nid005919,58119952
SINDI,doc_prune=0.5 query_prune=0.5 n_cand=50,128,0.8909300538,1.0000,948.7331,138.4841,0.0000,9.426387,9.447047;9.405286;9.426387;9.417219;9.433962,2415.164489,414.05,,462.89,0,3903,10,True,nid005491,58119954
SINDI,doc_prune=0.5 query_prune=0.5 n_cand=50,128,0.8912887522,1.0000,851.5012,144.4894,0.0000,3.731165,3.731165;3.721049;3.710464;3.737679;3.749485,955.973610,1046.05,,356.16,0,3903,10,True,nid005807,58119950
SINDI,doc_prune=0.5 query_prune=0 n_cand=50,128,0.8923648476,0.9998,948.7331,138.4841,0.0000,15.989504,15.945639;15.910061;15.989504;16.110081;16.120524,4096.721496,244.10,,462.89,0,3903,10,True,nid005491,58119954
SINDI,doc_prune=0.5 query_prune=0 n_cand=50,128,0.8924673328,0.9998,871.5101,139.9263,0.0000,8.684018,8.684018;8.727584;8.674815;8.681047;8.692702,2224.959775,449.45,,421.69,0,3903,10,True,nid005539,58078825
SINDI,doc_prune=0.5 query_prune=0 n_cand=50,128,0.8924673328,0.9998,867.1836,140.3835,0.0000,7.644517,7.644494;7.644517;7.634211;7.657697;7.664109,1958.625929,510.56,,378.31,0,3903,10,True,nid005919,58119952
SINDI,doc_prune=0.7 query_prune=0.9 n_cand=5000,128,0.8925441968,0.9703,813.5002,139.4089,0.0000,0.718035,0.717665;0.722327;0.715746;0.718035;0.721984,183.970023,5435.67,,309.45,0,3903,10,True,nid004909,58308541
SINDI,doc_prune=0.7 query_prune=0.9 n_cand=5000,128,0.8925441968,0.9703,821.4923,144.4894,0.0000,0.733260,0.736335;0.732588;0.733260;0.733803;0.732118,187.870869,5322.81,,356.16,0,3903,10,True,nid005807,58119950
SINDI,doc_prune=0.7 query_prune=0.9 n_cand=5000,128,0.8926979247,0.9703,815.1836,139.9263,0.0000,0.919200,0.922971;0.915341;0.919200;0.915858;0.927809,235.511145,4246.08,,421.69,0,3903,10,True,nid005539,58078825
SINDI,doc_prune=0.7 query_prune=0.9 n_cand=5000,128,0.8926979247,0.9703,822.9434,138.5705,0.0000,0.848470,0.846098;0.849126;0.849248;0.839793;0.848470,217.389188,4600.04,,331.76,0,3903,10,True,nid005056,58308543
SINDI,doc_prune=0.7 query_prune=0.9 n_cand=5000,128,0.8926979247,0.9703,810.5067,140.3835,0.0000,0.838110,0.841622;0.838110;0.841740;0.837125;0.835835,214.734819,4656.91,,378.31,0,3903,10,True,nid005919,58119952
SINDI,doc_prune=0.5 query_prune=0.2 n_cand=50,128,0.8927491673,0.9998,871.5101,139.9263,0.0000,7.298832,7.276489;7.298832;7.377253;7.337144;7.280272,1870.056879,534.74,,421.69,0,3903,10,True,nid005539,58078825
SINDI,doc_prune=0.5 query_prune=0.3 n_cand=50,128,0.8927491673,1.0000,871.5101,139.9263,0.0000,6.630158,6.652427;6.632043;6.596829;6.599869;6.630158,1698.733795,588.67,,421.69,0,3903,10,True,nid005539,58078825
SINDI,doc_prune=0.5 query_prune=0.2 n_cand=50,128,0.8927491673,0.9998,867.1836,140.3835,0.0000,6.288757,6.288757;6.308927;6.277319;6.261805;6.302133,1611.262362,620.63,,378.31,0,3903,10,True,nid005919,58119952
SINDI,doc_prune=0.5 query_prune=0.3 n_cand=50,128,0.8927491673,1.0000,867.1836,140.3835,0.0000,5.624819,5.624819;5.603308;5.639950;5.637804;5.617729,1441.152703,693.89,,378.31,0,3903,10,True,nid005919,58119952
SINDI,doc_prune=0.5 query_prune=0.1 n_cand=50,128,0.8927491673,0.9998,948.7331,138.4841,0.0000,14.676036,14.606907;14.560247;14.676036;14.709673;14.688633,3760.193697,265.94,,462.89,0,3903,10,True,nid005491,58119954
SINDI,doc_prune=0.7 query_prune=0.9 n_cand=5000,128,0.8927747886,0.9702,875.6614,138.4841,0.0000,1.655398,1.655398;1.647686;1.658005;1.666380;1.653042,424.134768,2357.74,,462.89,0,3903,10,True,nid005491,58119954
SINDI,doc_prune=0.7 query_prune=0.9 n_cand=5000,128,0.8928260313,0.9703,809.0583,138.9062,0.0000,0.685905,0.687195;0.685905;0.684777;0.689913;0.685694,175.737894,5690.29,,307.73,0,3903,10,True,nid004658,58308544
SINDI,doc_prune=0.5 query_prune=0.2 n_cand=50,128,0.8928260313,0.9999,948.7331,138.4841,0.0000,13.458780,13.456796;13.458780;13.508196;13.473113;13.443202,3448.316679,290.00,,462.89,0,3903,10,True,nid005491,58119954
SINDI,doc_prune=0.5 query_prune=0.1 n_cand=50,128,0.8928516526,1.0000,871.5101,139.9263,0.0000,7.960848,7.960848;7.999004;7.988687;7.938764;7.957969,2039.674097,490.27,,421.69,0,3903,10,True,nid005539,58078825
SINDI,doc_prune=0.5 query_prune=0.1 n_cand=50,128,0.8928516526,1.0000,867.1836,140.3835,0.0000,6.949227,6.957760;6.949227;6.964220;6.928819;6.912592,1780.483474,561.65,,378.31,0,3903,10,True,nid005919,58119952
SINDI,doc_prune=0.5 query_prune=0.3 n_cand=50,128,0.8929541378,0.9998,948.7331,138.4841,0.0000,12.138200,12.137023;12.173316;12.139214;12.079557;12.138200,3109.966692,321.55,,462.89,0,3903,10,True,nid005491,58119954
SINDI,doc_prune=0.5 query_prune=0 n_cand=50,128,0.8933640789,0.9998,851.5012,144.4894,0.0000,6.402621,6.405760;6.385559;6.402621;6.378433;6.428769,1640.435819,609.59,,356.16,0,3903,10,True,nid005807,58119950
SINDI,doc_prune=0.5 query_prune=0.3 n_cand=50,128,0.8934665642,1.0000,851.5012,144.4894,0.0000,4.842746,4.842746;4.845012;4.830851;4.850178;4.793378,1240.775301,805.95,,356.16,0,3903,10,True,nid005807,58119950
SINDI,doc_prune=0.5 query_prune=0.2 n_cand=50,128,0.8934921855,1.0000,851.5012,144.4894,0.0000,5.375320,5.375320;5.380462;5.361875;5.376695;5.308384,1377.227774,726.10,,356.16,0,3903,10,True,nid005807,58119950
SINDI,doc_prune=0.5 query_prune=0.1 n_cand=50,128,0.8936971560,0.9998,851.5012,144.4894,0.0000,5.848910,5.852818;5.842444;5.861506;5.848910;5.844518,1498.567768,667.30,,356.16,0,3903,10,True,nid005807,58119950
SINDI,doc_prune=0.4 query_prune=0.9 n_cand=1000,128,0.8950550858,0.9593,878.0739,144.4894,0.0000,0.912375,0.898323;0.913553;0.913163;0.912375;0.900660,233.762490,4277.85,,356.16,0,3903,10,True,nid005807,58119950
SINDI,doc_prune=0.3 query_prune=0.7 n_cand=20,128,0.8950807071,0.9992,951.3276,139.9263,0.0000,4.727070,4.732201;4.716822;4.741439;4.727070;4.722561,1211.137586,825.67,,421.69,0,3903,10,True,nid005539,58078825
SINDI,doc_prune=0.3 query_prune=0.7 n_cand=20,128,0.8950807071,0.9992,939.5704,140.3835,0.0000,4.358078,4.364283;4.358078;4.348888;4.352567;4.385724,1116.596977,895.58,,378.31,0,3903,10,True,nid005919,58119952
SINDI,doc_prune=0.3 query_prune=0.7 n_cand=20,128,0.8953369203,0.9992,1046.2253,138.4841,0.0000,8.105609,8.070997;8.112814;8.105609;8.100239;8.145566,2076.763771,481.52,,462.89,0,3903,10,True,nid005491,58119954
SINDI,doc_prune=0.4 query_prune=0.9 n_cand=1000,128,0.8955675122,0.9593,908.8737,139.9263,0.0000,1.320759,1.320777;1.320759;1.299084;1.316133;1.323944,338.395849,2955.12,,421.69,0,3903,10,True,nid005539,58078825
SINDI,doc_prune=0.4 query_prune=0.9 n_cand=1000,128,0.8955675122,0.9593,896.6648,140.3835,0.0000,1.096356,1.098684;1.098414;1.095276;1.096356;1.082409,280.900846,3559.98,,378.31,0,3903,10,True,nid005919,58119952
SINDI,doc_prune=0.4 query_prune=0.9 n_cand=1000,128,0.8957468614,0.9593,995.6898,138.4841,0.0000,2.355357,2.350395;2.362172;2.354215;2.355357;2.357477,603.473482,1657.07,,462.89,0,3903,10,True,nid005491,58119954
SINDI,doc_prune=0.3 query_prune=0.7 n_cand=20,128,0.8960286959,0.9992,912.5443,144.4894,0.0000,3.655667,3.653634;3.655667;3.650290;3.665578;3.661043,936.630028,1067.66,,356.16,0,3903,10,True,nid005807,58119950
SINDI,doc_prune=0.3 query_prune=0.9 n_cand=1000,128,0.9003586984,0.9595,912.5443,144.4894,0.0000,1.095679,1.102805;1.088223;1.097118;1.092196;1.095679,280.727389,3562.17,,356.16,0,3903,10,True,nid005807,58119950
SINDI,doc_prune=0.3 query_prune=0.9 n_cand=1000,128,0.9005892903,0.9595,1046.2253,138.4841,0.0000,2.689981,2.701919;2.698530;2.687286;2.689319;2.689981,689.208558,1450.94,,462.89,0,3903,10,True,nid005491,58119954
SINDI,doc_prune=0.3 query_prune=0.9 n_cand=1000,128,0.9007173969,0.9595,951.3276,139.9263,0.0000,1.579575,1.571507;1.582560;1.582312;1.579575;1.560504,404.707917,2470.92,,421.69,0,3903,10,True,nid005539,58078825
SINDI,doc_prune=0.3 query_prune=0.9 n_cand=1000,128,0.9007173969,0.9595,939.5704,140.3835,0.0000,1.318262,1.310361;1.329824;1.318262;1.311750;1.319971,337.756085,2960.72,,378.31,0,3903,10,True,nid005919,58119952
SINDI,doc_prune=0.2 query_prune=0.9 n_cand=1000,128,0.9023827825,0.9593,959.1791,144.4894,0.0000,1.306375,1.306375;1.299224;1.308528;1.304036;1.308989,334.710479,2987.66,,356.16,0,3903,10,True,nid005807,58119950
SINDI,doc_prune=0.2 query_prune=0.9 n_cand=1000,128,0.9027414809,0.9593,1106.6949,138.4841,0.0000,3.064082,3.064390;3.069119;3.061421;3.058378;3.064082,785.058160,1273.79,,462.89,0,3903,10,True,nid005491,58119954
SINDI,doc_prune=0.2 query_prune=0.9 n_cand=1000,128,0.9028439662,0.9593,1017.0258,139.9263,0.0000,1.869380,1.869380;1.876908;1.864833;1.886459;1.862561,478.959775,2087.86,,421.69,0,3903,10,True,nid005539,58078825
SINDI,doc_prune=0.2 query_prune=0.9 n_cand=1000,128,0.9028439662,0.9593,995.7150,140.3835,0.0000,1.574943,1.561251;1.574943;1.582781;1.578332;1.571049,403.521138,2478.18,,378.31,0,3903,10,True,nid005919,58119952
SINDI,doc_prune=0.1 query_prune=0.9 n_cand=1000,128,0.9034588778,0.9595,1137.8844,139.9263,0.0000,2.235250,2.241850;2.240442;2.209711;2.235250;2.230984,572.700487,1746.11,,421.69,0,3903,10,True,nid005539,58078825
SINDI,doc_prune=0.1 query_prune=0.9 n_cand=1000,128,0.9034588778,0.9595,1088.0379,140.3835,0.0000,1.889688,1.897674;1.877852;1.884226;1.910756;1.889688,484.162952,2065.42,,378.31,0,3903,10,True,nid005919,58119952
SINDI,doc_prune=0 query_prune=0.9 n_cand=1000,128,0.9034588778,0.9593,1539.0023,138.4841,0.0000,4.227175,4.225502;4.228082;4.229307;4.225300;4.227175,1083.057904,923.31,,462.89,0,3903,10,True,nid005491,58119954
SINDI,doc_prune=0 query_prune=0.9 n_cand=1000,128,0.9034844991,0.9593,1224.9409,144.4894,0.0000,2.049625,2.049613;2.069679;2.054135;2.049625;2.040543,525.140917,1904.25,,356.16,0,3903,10,True,nid005807,58119950
SINDI,doc_prune=0.1 query_prune=0.9 n_cand=1000,128,0.9034844991,0.9593,1033.3694,144.4894,0.0000,1.566735,1.570716;1.566735;1.569935;1.563351;1.560518,401.418140,2491.17,,356.16,0,3903,10,True,nid005807,58119950
SINDI,doc_prune=0 query_prune=0.5 n_cand=10,128,0.9037407123,1.0000,1224.9409,144.4894,0.0000,12.449284,12.438659;12.449284;12.430979;12.456567;12.500414,3189.670510,313.51,,356.16,0,3903,10,True,nid005807,58119950
SINDI,doc_prune=0 query_prune=0.9 n_cand=1000,128,0.9038944402,0.9593,1423.7508,139.9263,0.0000,2.764199,2.767711;2.764199;2.761605;2.775051;2.760410,708.224187,1411.98,,421.69,0,3903,10,True,nid005539,58078825
SINDI,doc_prune=0 query_prune=0.9 n_cand=1000,128,0.9038944402,0.9593,1331.0676,140.3835,0.0000,2.441088,2.429279;2.444823;2.445400;2.441088;2.429114,625.438893,1598.88,,378.31,0,3903,10,True,nid005919,58119952
SINDI,doc_prune=0.1 query_prune=0.9 n_cand=1000,128,0.9039456828,0.9595,1216.6425,138.4841,0.0000,3.439218,3.439218;3.442998;3.437457;3.447689;3.430039,881.172944,1134.85,,462.89,0,3903,10,True,nid005491,58119954
SINDI,doc_prune=0.8 query_prune=0.7 n_cand=5000,128,0.9063797079,0.9982,787.2373,139.9263,0.0000,1.680415,1.685760;1.680415;1.678123;1.687007;1.679930,430.544453,2322.64,,421.69,0,3903,10,True,nid005539,58078825
SINDI,doc_prune=0.8 query_prune=0.7 n_cand=5000,128,0.9063797079,0.9982,799.7972,144.4894,0.0000,1.302742,1.300430;1.303318;1.302742;1.300985;1.305421,333.779657,2995.99,,356.16,0,3903,10,True,nid005807,58119950
SINDI,doc_prune=0.8 query_prune=0.7 n_cand=5000,128,0.9063797079,0.9982,785.7407,140.3835,0.0000,1.453709,1.452197;1.453862;1.460573;1.453709;1.451825,372.459390,2684.86,,378.31,0,3903,10,True,nid005919,58119952
SINDI,doc_prune=0.8 query_prune=0.7 n_cand=5000,128,0.9064053292,0.9982,838.3424,138.4841,0.0000,3.862530,3.850371;3.869869;3.875404;3.849552;3.862530,989.631053,1010.48,,462.89,0,3903,10,True,nid005491,58119954
SINDI,doc_prune=0 query_prune=0.5 n_cand=10,128,0.9070714835,1.0000,1423.7508,139.9263,0.0000,18.040989,17.981089;18.040989;18.070000;18.047121;17.987114,4622.338970,216.34,,421.65,0,3903,10,True,nid005539,58078825
SINDI,doc_prune=0 query_prune=0.5 n_cand=10,128,0.9070714835,1.0000,1331.0676,140.3835,0.0000,14.589520,14.597541;14.589453;14.581293;14.589520;14.621998,3738.027159,267.52,,378.30,0,3903,10,True,nid005919,58119952
SINDI,doc_prune=0 query_prune=0.5 n_cand=10,128,0.9070714835,1.0000,1539.0023,138.4841,0.0000,25.038051,25.038051;24.981913;24.964510;25.077631;25.061870,6415.078401,155.88,,462.89,0,3903,10,True,nid005491,58119954
SINDI,doc_prune=0.8 query_prune=0.5 n_cand=5000,128,0.9092236741,0.9982,787.2373,139.9263,0.0000,2.617695,2.617695;2.602813;2.605365;2.621188;2.624239,670.687932,1491.01,,421.69,0,3903,10,True,nid005539,58078825
SINDI,doc_prune=0.8 query_prune=0.5 n_cand=5000,128,0.9092236741,0.9982,785.7407,140.3835,0.0000,2.202375,2.196406;2.203418;2.202375;2.201712;2.208806,564.277479,1772.18,,378.31,0,3903,10,True,nid005919,58119952
SINDI,doc_prune=0.8 query_prune=0.5 n_cand=5000,128,0.9095823725,0.9982,838.3424,138.4841,0.0000,6.248895,6.237756;6.209163;6.248895;6.272686;6.263045,1601.049193,624.59,,462.89,0,3903,10,True,nid005491,58119954
SINDI,doc_prune=0.8 query_prune=0.5 n_cand=5000,128,0.9096848578,0.9982,799.7972,144.4894,0.0000,2.049622,2.041634;2.050952;2.049301;2.049622;2.051149,525.140149,1904.25,,356.16,0,3903,10,True,nid005807,58119950
SINDI,doc_prune=0.8 query_prune=0.3 n_cand=5000,128,0.9102485268,0.9982,799.7972,144.4894,0.0000,2.740225,2.745125;2.746883;2.738844;2.740225;2.737559,702.081732,1424.34,,356.16,0,3903,10,True,nid005807,58119950
SINDI,doc_prune=0.8 query_prune=0.2 n_cand=5000,128,0.9104022547,0.9982,799.7972,144.4894,0.0000,3.096794,3.104598;3.084163;3.096794;3.092972;3.108442,793.439406,1260.34,,356.16,0,3903,10,True,nid005807,58119950
SINDI,doc_prune=0.8 query_prune=0.2 n_cand=5000,128,0.9105559826,0.9982,787.2373,139.9263,0.0000,3.915449,3.922839;3.909837;3.909820;3.922436;3.915449,1003.189598,996.82,,421.69,0,3903,10,True,nid005539,58078825
SINDI,doc_prune=0.8 query_prune=0.2 n_cand=5000,128,0.9105559826,0.9982,785.7407,140.3835,0.0000,3.276535,3.284950;3.266730;3.280673;3.265424;3.276535,839.491417,1191.20,,378.31,0,3903,10,True,nid005919,58119952
SINDI,doc_prune=0.8 query_prune=0.3 n_cand=5000,128,0.9106840892,0.9982,838.3424,138.4841,0.0000,8.315817,8.315817;8.313988;8.317216;8.306788;8.329086,2130.621829,469.35,,462.89,0,3903,10,True,nid005491,58119954
SINDI,doc_prune=0.8 query_prune=0.1 n_cand=5000,128,0.9107609531,0.9982,838.3424,138.4841,0.0000,10.300717,10.293129;10.303381;10.300717;10.294672;10.309445,2639.179349,378.91,,462.89,0,3903,10,True,nid005491,58119954
SINDI,doc_prune=0.8 query_prune=0 n_cand=5000,128,0.9107865744,0.9982,787.2373,139.9263,0.0000,4.811349,4.811349;4.817729;4.790577;4.824559;4.791682,1232.730976,811.21,,421.69,0,3903,10,True,nid005539,58078825
SINDI,doc_prune=0.8 query_prune=0 n_cand=5000,128,0.9107865744,0.9982,785.7407,140.3835,0.0000,4.043386,4.043386;4.038119;4.051312;4.025245;4.070885,1035.968742,965.28,,378.31,0,3903,10,True,nid005919,58119952
SINDI,doc_prune=0.8 query_prune=0.2 n_cand=5000,128,0.9108121957,0.9982,838.3424,138.4841,0.0000,9.352360,9.411726;9.343417;9.360982;9.324782;9.352360,2396.197797,417.33,,462.89,0,3903,10,True,nid005491,58119954
SINDI,doc_prune=0.8 query_prune=0 n_cand=5000,128,0.9108378171,0.9982,799.7972,144.4894,0.0000,3.823731,3.825420;3.812985;3.823731;3.828133;3.817421,979.690238,1020.73,,356.16,0,3903,10,True,nid005807,58119950
SINDI,doc_prune=0.8 query_prune=0.1 n_cand=5000,128,0.9108378171,0.9982,799.7972,144.4894,0.0000,3.444316,3.447659;3.429578;3.444316;3.434887;3.454249,882.479119,1133.17,,356.16,0,3903,10,True,nid005807,58119950
SINDI,doc_prune=0.8 query_prune=0.1 n_cand=5000,128,0.9108890597,0.9982,787.2373,139.9263,0.0000,4.326072,4.308110;4.326072;4.326310;4.352303;4.294140,1108.396618,902.20,,421.69,0,3903,10,True,nid005539,58078825
SINDI,doc_prune=0.8 query_prune=0.1 n_cand=5000,128,0.9108890597,0.9982,785.7407,140.3835,0.0000,3.634419,3.635709;3.618466;3.647015;3.615265;3.634419,931.186011,1073.90,,378.31,0,3903,10,True,nid005919,58119952
SINDI,doc_prune=0.8 query_prune=0 n_cand=5000,128,0.9108890597,0.9982,838.3424,138.4841,0.0000,11.315296,11.291235;11.248736;11.321134;11.318830;11.315296,2899.127850,344.93,,462.89,0,3903,10,True,nid005491,58119954
SINDI,doc_prune=0.8 query_prune=0.3 n_cand=5000,128,0.9109146810,0.9982,787.2373,139.9263,0.0000,3.463546,3.458886;3.454471;3.472246;3.482110;3.463546,887.406098,1126.88,,421.69,0,3903,10,True,nid005539,58078825
SINDI,doc_prune=0.8 query_prune=0.3 n_cand=5000,128,0.9109146810,0.9982,785.7407,140.3835,0.0000,2.915042,2.916317;2.915042;2.899922;2.922712;2.910995,746.872150,1338.92,,378.31,0,3903,10,True,nid005919,58119952
SINDI,doc_prune=0.6 query_prune=0.7 n_cand=200,128,0.9160389444,0.9997,912.4930,138.4841,0.0000,5.216768,5.209415;5.216768;5.229428;5.209143;5.223866,1336.604663,748.16,,462.89,0,3903,10,True,nid005491,58119954
SINDI,doc_prune=0.6 query_prune=0.7 n_cand=200,128,0.9162182936,0.9995,827.9412,144.4894,0.0000,1.866483,1.866483;1.866220;1.873688;1.865778;1.866720,478.217525,2091.10,,356.16,0,3903,10,True,nid005807,58119950
SINDI,doc_prune=0.6 query_prune=0.7 n_cand=200,128,0.9163207789,0.9997,839.5646,139.9263,0.0000,2.697712,2.694112;2.697712;2.708782;2.693832;2.703305,691.189342,1446.78,,421.69,0,3903,10,True,nid005539,58078825
SINDI,doc_prune=0.6 query_prune=0.7 n_cand=200,128,0.9163207789,0.9997,835.0668,140.3835,0.0000,2.130279,2.143552;2.126366;2.130279;2.116890;2.132050,545.805534,1832.15,,378.31,0,3903,10,True,nid005919,58119952
SINDI,doc_prune=0.1 query_prune=0.3 n_cand=10,128,0.9198052780,1.0000,1033.3694,144.4894,0.0000,11.639038,11.608466;11.622789;11.642726;11.643819;11.639038,2982.074814,335.34,,356.16,0,3903,10,True,nid005807,58119950
SINDI,doc_prune=0.1 query_prune=0.3 n_cand=10,128,0.9201639764,1.0000,1216.6425,138.4841,0.0000,23.849361,23.849361;23.943536;23.854285;23.806836;23.832266,6110.520369,163.65,,462.89,0,3903,10,True,nid005491,58119954
SINDI,doc_prune=0.1 query_prune=0.3 n_cand=10,128,0.9202152191,1.0000,1137.8844,139.9263,0.0000,15.936713,15.864688;15.963438;15.955894;15.901616;15.936713,4083.195747,244.91,,421.69,0,3903,10,True,nid005539,58078825
SINDI,doc_prune=0.1 query_prune=0.3 n_cand=10,128,0.9202152191,1.0000,1088.0379,140.3835,0.0000,13.501419,13.523632;13.501419;13.504421;13.478392;13.476199,3459.241353,289.08,,378.31,0,3903,10,True,nid005919,58119952
SINDI,doc_prune=0.6 query_prune=0.5 n_cand=200,128,0.9204970535,0.9997,839.5646,139.9263,0.0000,4.243738,4.241416;4.243738;4.235367;4.263621;4.259256,1087.301563,919.71,,421.69,0,3903,10,True,nid005539,58078825
SINDI,doc_prune=0.6 query_prune=0.5 n_cand=200,128,0.9204970535,0.9997,835.0668,140.3835,0.0000,3.396540,3.396540;3.373431;3.407526;3.389509;3.414907,870.238278,1149.11,,378.31,0,3903,10,True,nid005919,58119952
SINDI,doc_prune=0.6 query_prune=0.9 n_cand=5000,128,0.9204970535,0.9728,912.4930,138.4841,0.0000,1.916827,1.916827;1.915094;1.906480;1.924669;1.920296,491.116321,2036.18,,462.89,0,3903,10,True,nid005491,58119954
SINDI,doc_prune=0.6 query_prune=0.9 n_cand=5000,128,0.9205226749,0.9728,829.3976,138.9062,0.0000,0.801134,0.804195;0.797513;0.799181;0.801134;0.808111,205.261081,4871.84,,307.73,0,3903,10,True,nid004658,58308544
SINDI,doc_prune=0.6 query_prune=0.9 n_cand=5000,128,0.9205995388,0.9728,834.6160,139.4089,0.0000,0.836684,0.832905;0.835910;0.836684;0.836703;0.845907,214.369459,4664.84,,309.45,0,3903,10,True,nid004909,58308541
SINDI,doc_prune=0.6 query_prune=0.9 n_cand=5000,128,0.9205995388,0.9728,827.9412,144.4894,0.0000,0.848607,0.846858;0.848607;0.858329;0.852989;0.847239,217.424289,4599.30,,356.16,0,3903,10,True,nid005807,58119950
SINDI,doc_prune=0.6 query_prune=0.9 n_cand=5000,128,0.9208301307,0.9728,839.5646,139.9263,0.0000,1.092104,1.095018;1.092104;1.081026;1.100768;1.084986,279.811427,3573.84,,421.69,0,3903,10,True,nid005539,58078825
SINDI,doc_prune=0.6 query_prune=0.9 n_cand=5000,128,0.9208301307,0.9728,853.2406,138.5705,0.0000,1.021442,1.014480;1.022753;1.030343;1.021442;1.016351,261.706892,3821.07,,331.76,0,3903,10,True,nid005056,58308543
SINDI,doc_prune=0.6 query_prune=0.9 n_cand=5000,128,0.9208301307,0.9728,835.0668,140.3835,0.0000,0.977737,0.981355;0.977737;0.979178;0.975837;0.974663,250.509096,3991.87,,378.31,0,3903,10,True,nid005919,58119952
SINDI,doc_prune=0.6 query_prune=0.5 n_cand=200,128,0.9209582373,0.9997,912.4930,138.4841,0.0000,8.093072,8.128757;8.061507;8.093072;8.042421;8.116018,2073.551627,482.26,,462.89,0,3903,10,True,nid005491,58119954
SINDI,doc_prune=0.6 query_prune=0.2 n_cand=200,128,0.9211119652,0.9997,839.5646,139.9263,0.0000,6.171650,6.175235;6.171650;6.150840;6.181526;6.155706,1581.258007,632.41,,421.69,0,3903,10,True,nid005539,58078825
SINDI,doc_prune=0.6 query_prune=0.2 n_cand=200,128,0.9211119652,0.9997,835.0668,140.3835,0.0000,5.007823,4.993862;5.007823;5.017007;5.001200;5.035215,1283.070202,779.38,,378.31,0,3903,10,True,nid005919,58119952
SINDI,doc_prune=0.6 query_prune=0.2 n_cand=200,128,0.9211632078,0.9997,912.4930,138.4841,0.0000,11.626657,11.698459;11.626657;11.597506;11.601575;11.638782,2978.902639,335.69,,462.89,0,3903,10,True,nid005491,58119954
SINDI,doc_prune=0.6 query_prune=0.5 n_cand=200,128,0.9212144504,0.9997,827.9412,144.4894,0.0000,3.052922,3.077891;3.042814;3.058318;3.052922;3.049640,782.198821,1278.45,,356.16,0,3903,10,True,nid005807,58119950
SINDI,doc_prune=0.6 query_prune=0 n_cand=200,128,0.9213681783,0.9997,912.4930,138.4841,0.0000,13.934517,13.849369;13.970807;13.958212;13.934517;13.876774,3570.206764,280.10,,462.89,0,3903,10,True,nid005491,58119954
SINDI,doc_prune=0.6 query_prune=0.1 n_cand=200,128,0.9213937996,0.9997,912.4930,138.4841,0.0000,12.733654,12.733654;12.739272;12.715892;12.835424;12.672937,3262.529849,306.51,,462.89,0,3903,10,True,nid005491,58119954
SINDI,doc_prune=0.6 query_prune=0.1 n_cand=200,128,0.9214450423,0.9997,839.5646,139.9263,0.0000,6.751964,6.751914;6.751964;6.795465;6.740824;6.768077,1729.942096,578.05,,421.69,0,3903,10,True,nid005539,58078825
SINDI,doc_prune=0.6 query_prune=0.1 n_cand=200,128,0.9214450423,0.9997,835.0668,140.3835,0.0000,5.493700,5.496528;5.493700;5.506033;5.489779;5.482356,1407.558288,710.45,,378.31,0,3903,10,True,nid005919,58119952
SINDI,doc_prune=0.6 query_prune=0 n_cand=200,128,0.9215987702,0.9997,839.5646,139.9263,0.0000,7.424187,7.452920;7.424187;7.438575;7.419021;7.415371,1902.174481,525.71,,421.69,0,3903,10,True,nid005539,58078825
SINDI,doc_prune=0.6 query_prune=0 n_cand=200,128,0.9215987702,0.9997,835.0668,140.3835,0.0000,6.055490,6.021983;6.052428;6.055490;6.058588;6.067663,1551.496285,644.54,,378.31,0,3903,10,True,nid005919,58119952
SINDI,doc_prune=0.6 query_prune=0.3 n_cand=200,128,0.9217524981,0.9997,912.4930,138.4841,0.0000,10.495416,10.494206;10.465705;10.517228;10.495416;10.511514,2689.063797,371.88,,462.89,0,3903,10,True,nid005491,58119954
SINDI,doc_prune=0.6 query_prune=0.2 n_cand=200,128,0.9218806047,0.9997,827.9412,144.4894,0.0000,4.526323,4.513193;4.526323;4.516893;4.538072;4.547558,1159.703561,862.29,,356.16,0,3903,10,True,nid005807,58119950
SINDI,doc_prune=0.6 query_prune=0 n_cand=200,128,0.9219062260,0.9997,827.9412,144.4894,0.0000,5.497068,5.516772;5.465674;5.521769;5.489074;5.497068,1408.421214,710.01,,356.16,0,3903,10,True,nid005807,58119950
SINDI,doc_prune=0.6 query_prune=0.3 n_cand=200,128,0.9219318473,0.9997,839.5646,139.9263,0.0000,5.534625,5.534625;5.522778;5.529756;5.539152;5.543464,1418.043812,705.20,,421.69,0,3903,10,True,nid005539,58078825
SINDI,doc_prune=0.6 query_prune=0.3 n_cand=200,128,0.9219318473,0.9997,827.9412,144.4894,0.0000,4.095620,4.111479;4.094090;4.097584;4.095620;4.070930,1049.351781,952.97,,356.16,0,3903,10,True,nid005807,58119950
SINDI,doc_prune=0.6 query_prune=0.3 n_cand=200,128,0.9219318473,0.9997,835.0668,140.3835,0.0000,4.491259,4.476642;4.481487;4.493038;4.491259;4.491633,1150.719703,869.02,,378.31,0,3903,10,True,nid005919,58119952
SINDI,doc_prune=0.6 query_prune=0.1 n_cand=200,128,0.9220343326,0.9997,827.9412,144.4894,0.0000,4.991781,4.991781;4.985711;5.003769;4.979330;5.023447,1278.960031,781.89,,356.16,0,3903,10,True,nid005807,58119950
SINDI,doc_prune=0.3 query_prune=0.5 n_cand=20,128,0.9252882398,1.0000,1046.2253,138.4841,0.0000,12.483335,12.483335;12.537817;12.465639;12.457780;12.563823,3198.394824,312.66,,462.89,0,3903,10,True,nid005491,58119954
SINDI,doc_prune=0.3 query_prune=0.5 n_cand=20,128,0.9253907251,1.0000,951.3276,139.9263,0.0000,7.386720,7.374961;7.386720;7.423090;7.388953;7.350447,1892.574942,528.38,,421.69,0,3903,10,True,nid005539,58078825
SINDI,doc_prune=0.3 query_prune=0.5 n_cand=20,128,0.9253907251,1.0000,939.5704,140.3835,0.0000,6.832453,6.817860;6.850210;6.812091;6.837095;6.832453,1750.564438,571.24,,378.31,0,3903,10,True,nid005919,58119952
SINDI,doc_prune=0.1 query_prune=0.2 n_cand=10,128,0.9256469383,1.0000,1216.6425,138.4841,0.0000,26.964694,26.922443;26.931291;27.011175;26.964694;26.978862,6908.709710,144.74,,462.89,0,3903,10,True,nid005491,58119954
SINDI,doc_prune=0.1 query_prune=0.2 n_cand=10,128,0.9257494235,1.0000,1137.8844,139.9263,0.0000,17.865627,17.831605;17.848440;17.867797;17.865627;17.904746,4577.408916,218.46,,421.69,0,3903,10,True,nid005539,58078825
SINDI,doc_prune=0.1 query_prune=0.2 n_cand=10,128,0.9257494235,1.0000,1088.0379,140.3835,0.0000,15.120997,15.125100;15.120883;15.120997;15.123614;15.110167,3874.198565,258.12,,378.31,0,3903,10,True,nid005919,58119952
SINDI,doc_prune=0.7 query_prune=0.7 n_cand=1000,128,0.9261849859,0.9995,875.6614,138.4841,0.0000,4.479007,4.482607;4.486874;4.465805;4.464277;4.479007,1147.580579,871.40,,462.89,0,3903,10,True,nid005491,58119954
SINDI,doc_prune=0.1 query_prune=0.2 n_cand=10,128,0.9262106072,1.0000,1033.3694,144.4894,0.0000,12.988000,13.023580;13.007448;12.988000;12.984319;12.984000,3327.696644,300.51,,356.16,0,3903,10,True,nid005807,58119950
SINDI,doc_prune=0.7 query_prune=0.7 n_cand=1000,128,0.9263130925,0.9995,815.1836,139.9263,0.0000,2.092755,2.113984;2.091604;2.086592;2.095301;2.092755,536.191391,1865.01,,421.69,0,3903,10,True,nid005539,58078825
SINDI,doc_prune=0.7 query_prune=0.7 n_cand=1000,128,0.9263130925,0.9995,821.4923,144.4894,0.0000,1.501537,1.496829;1.501537;1.507183;1.501223;1.504202,384.713554,2599.34,,356.16,0,3903,10,True,nid005807,58119950
SINDI,doc_prune=0.7 query_prune=0.7 n_cand=1000,128,0.9263130925,0.9995,810.5067,140.3835,0.0000,1.648128,1.655661;1.648128;1.640385;1.645013;1.649211,422.272098,2368.14,,378.31,0,3903,10,True,nid005919,58119952
SINDI,doc_prune=0.3 query_prune=0.5 n_cand=20,128,0.9266717909,1.0000,912.5443,144.4894,0.0000,5.876200,5.876690;5.865044;5.876200;5.871967;5.879488,1505.559826,664.20,,356.16,0,3903,10,True,nid005807,58119950
SINDI,doc_prune=0.2 query_prune=0.7 n_cand=20,128,0.9281578273,0.9995,959.1791,144.4894,0.0000,4.556109,4.540832;4.557176;4.555740;4.560815;4.556109,1167.335127,856.65,,356.16,0,3903,10,True,nid005807,58119950
SINDI,doc_prune=0.1 query_prune=0.1 n_cand=10,128,0.9282090699,1.0000,1033.3694,144.4894,0.0000,13.867388,13.910327;13.894614;13.867388;13.865942;13.768393,3553.007430,281.45,,356.16,0,3903,10,True,nid005807,58119950
SINDI,doc_prune=0.1 query_prune=0.1 n_cand=10,128,0.9285421471,1.0000,1137.8844,139.9263,0.0000,19.206814,19.187873;19.249904;19.206814;19.342903;19.184795,4921.038688,203.21,,421.69,0,3903,10,True,nid005539,58078825
SINDI,doc_prune=0.1 query_prune=0.1 n_cand=10,128,0.9285421471,1.0000,1088.0379,140.3835,0.0000,16.359161,16.342020;16.359161;16.359678;16.339352;16.369971,4191.432488,238.58,,378.31,0,3903,10,True,nid005919,58119952
SINDI,doc_prune=0.1 query_prune=0.1 n_cand=10,128,0.9285933897,1.0000,1216.6425,138.4841,0.0000,29.293174,29.487148;29.226714;29.293174;29.226527;29.304134,7505.296951,133.24,,462.89,0,3903,10,True,nid005491,58119954
SINDI,doc_prune=0.3 query_prune=0.2 n_cand=20,128,0.9292339226,0.9997,1046.2253,138.4841,0.0000,18.346841,18.276855;18.346841;18.363829;18.283533;18.385867,4700.702280,212.73,,462.89,0,3903,10,True,nid005491,58119954
SINDI,doc_prune=0.3 query_prune=0.3 n_cand=20,128,0.9293364079,0.9997,1046.2253,138.4841,0.0000,16.399907,16.399907;16.465804;16.250786;16.498342;16.298109,4201.872150,237.99,,462.89,0,3903,10,True,nid005491,58119954
SINDI,doc_prune=0.2 query_prune=0.7 n_cand=20,128,0.9293620292,0.9995,1017.0258,139.9263,0.0000,5.816418,5.816418;5.808560;5.820770;5.826965;5.815248,1490.242890,671.03,,421.69,0,3903,10,True,nid005539,58078825
SINDI,doc_prune=0.2 query_prune=0.7 n_cand=20,128,0.9293620292,0.9995,995.7150,140.3835,0.0000,5.280200,5.286312;5.307071;5.278942;5.280200;5.277938,1352.856777,739.18,,378.31,0,3903,10,True,nid005919,58119952
SINDI,doc_prune=0.7 query_prune=0.5 n_cand=1000,128,0.9293620292,1.0000,875.6614,138.4841,0.0000,7.161396,7.119960;7.183430;7.161396;7.186572;7.153462,1834.843966,545.01,,462.89,0,3903,10,True,nid005491,58119954
SINDI,doc_prune=0.3 query_prune=0.3 n_cand=20,128,0.9293876505,0.9997,951.3276,139.9263,0.0000,9.686843,9.695999;9.660869;9.712123;9.685802;9.686843,2481.896746,402.92,,421.69,0,3903,10,True,nid005539,58078825
SINDI,doc_prune=0.3 query_prune=0.3 n_cand=20,128,0.9293876505,0.9997,939.5704,140.3835,0.0000,8.848903,8.873386;8.848903;8.871658;8.831505;8.820106,2267.205483,441.07,,378.31,0,3903,10,True,nid005919,58119952
SINDI,doc_prune=0.1 query_prune=0 n_cand=10,128,0.9294132718,1.0000,1033.3694,144.4894,0.0000,15.120719,15.120719;15.119171;15.098599;15.156300;15.191857,3874.127338,258.12,,356.16,0,3903,10,True,nid005807,58119950
SINDI,doc_prune=0.3 query_prune=0.2 n_cand=20,128,0.9294388932,0.9997,951.3276,139.9263,0.0000,10.807902,10.807902;10.884638;10.782134;10.825030;10.780071,2769.126826,361.12,,421.69,0,3903,10,True,nid005539,58078825
SINDI,doc_prune=0.3 query_prune=0.2 n_cand=20,128,0.9294388932,0.9997,939.5704,140.3835,0.0000,9.809540,9.800579;9.816817;9.823296;9.777492;9.809540,2513.333333,397.88,,378.31,0,3903,10,True,nid005919,58119952
SINDI,doc_prune=0.7 query_prune=0.5 n_cand=1000,128,0.9295157571,1.0000,815.1836,139.9263,0.0000,3.354086,3.354086;3.355823;3.365385;3.348656;3.338473,859.361004,1163.66,,421.69,0,3903,10,True,nid005539,58078825
SINDI,doc_prune=0.7 query_prune=0.5 n_cand=1000,128,0.9295157571,1.0000,810.5067,140.3835,0.0000,2.658242,2.656346;2.655153;2.658242;2.668614;2.676776,681.076608,1468.26,,378.31,0,3903,10,True,nid005919,58119952
SINDI,doc_prune=0.2 query_prune=0.7 n_cand=20,128,0.9295669997,0.9995,1106.6949,138.4841,0.0000,9.241747,9.259069;9.207693;9.276507;9.224110;9.241747,2367.857289,422.32,,462.89,0,3903,10,True,nid005491,58119954
SINDI,doc_prune=0.1 query_prune=0 n_cand=10,128,0.9296182424,1.0000,1137.8844,139.9263,0.0000,21.147066,21.258582;21.162916;21.133916;20.993494;21.147066,5418.156802,184.56,,421.69,0,3903,10,True,nid005539,58078825
SINDI,doc_prune=0.1 query_prune=0 n_cand=10,128,0.9296182424,1.0000,1088.0379,140.3835,0.0000,17.968094,17.968094;17.896956;17.972528;17.947404;17.970396,4603.662311,217.22,,378.31,0,3903,10,True,nid005919,58119952
SINDI,doc_prune=0.1 query_prune=0 n_cand=10,128,0.9296438637,1.0000,1216.6425,138.4841,0.0000,32.380770,32.412572;32.266226;32.432819;32.235719;32.380770,8296.379708,120.53,,462.89,0,3903,10,True,nid005491,58119954
SINDI,doc_prune=0.3 query_prune=0 n_cand=20,128,0.9296438637,0.9997,1046.2253,138.4841,0.0000,22.091874,22.103747;22.091874;22.076696;22.129728;22.014758,5660.229055,176.67,,462.89,0,3903,10,True,nid005491,58119954
SINDI,doc_prune=0.7 query_prune=0.5 n_cand=1000,128,0.9297719703,1.0000,821.4923,144.4894,0.0000,2.466919,2.464021;2.471700;2.466919;2.474031;2.463899,632.057136,1582.14,,356.16,0,3903,10,True,nid005807,58119950
SINDI,doc_prune=0.3 query_prune=0.1 n_cand=20,128,0.9297719703,0.9997,1046.2253,138.4841,0.0000,20.034124,20.107063;19.987925;20.071340;20.034124;19.971791,5133.006405,194.82,,462.89,0,3903,10,True,nid005491,58119954
SINDI,doc_prune=0.3 query_prune=0 n_cand=20,128,0.9299513195,0.9997,951.3276,139.9263,0.0000,13.089181,13.075801;13.098144;13.089181;13.182765;13.066172,3353.620548,298.19,,421.69,0,3903,10,True,nid005539,58078825
SINDI,doc_prune=0.3 query_prune=0 n_cand=20,128,0.9299513195,0.9997,939.5704,140.3835,0.0000,11.650796,11.650796;11.678479;11.661947;11.644168;11.610362,2985.087369,335.00,,378.31,0,3903,10,True,nid005919,58119952
SINDI,doc_prune=0.3 query_prune=0.1 n_cand=20,128,0.9300281834,0.9997,951.3276,139.9263,0.0000,11.903189,11.886428;11.924358;11.903189;11.935237;11.884769,3049.753779,327.90,,421.69,0,3903,10,True,nid005539,58078825
SINDI,doc_prune=0.7 query_prune=0.3 n_cand=1000,128,0.9300281834,1.0000,815.1836,139.9263,0.0000,4.435920,4.422058;4.435920;4.466641;4.449736;4.426863,1136.541122,879.86,,421.69,0,3903,10,True,nid005539,58078825
SINDI,doc_prune=0.3 query_prune=0.1 n_cand=20,128,0.9300281834,0.9997,939.5704,140.3835,0.0000,10.654447,10.698751;10.650621;10.646519;10.654447;10.670136,2729.809634,366.33,,378.31,0,3903,10,True,nid005919,58119952
SINDI,doc_prune=0.7 query_prune=0.3 n_cand=1000,128,0.9300281834,1.0000,810.5067,140.3835,0.0000,3.558528,3.534445;3.558528;3.564195;3.564309;3.548380,911.741737,1096.80,,378.31,0,3903,10,True,nid005919,58119952
SINDI,doc_prune=0.3 query_prune=0.3 n_cand=20,128,0.9301050474,0.9997,912.5443,144.4894,0.0000,7.767298,7.765468;7.749804;7.770830;7.767298;7.784716,1990.084038,502.49,,356.16,0,3903,10,True,nid005807,58119950
SINDI,doc_prune=0.7 query_prune=0.2 n_cand=1000,128,0.9301050474,1.0000,875.6614,138.4841,0.0000,10.463598,10.463598;10.475201;10.445780;10.496959;10.461008,2680.911606,373.01,,462.89,0,3903,10,True,nid005491,58119954
SINDI,doc_prune=0.7 query_prune=0.3 n_cand=1000,128,0.9301819114,1.0000,875.6614,138.4841,0.0000,9.387937,9.431213;9.368305;9.456780;9.359831;9.387937,2405.313092,415.75,,462.89,0,3903,10,True,nid005491,58119954
SINDI,doc_prune=0.7 query_prune=0.2 n_cand=1000,128,0.9302331540,1.0000,815.1836,139.9263,0.0000,4.979962,4.984155;4.976678;4.964709;4.986903;4.979962,1275.931847,783.74,,421.69,0,3903,10,True,nid005539,58078825
SINDI,doc_prune=0.7 query_prune=0.2 n_cand=1000,128,0.9302331540,1.0000,810.5067,140.3835,0.0000,4.008201,4.008201;4.018636;4.005260;3.974336;4.010945,1026.953882,973.75,,378.31,0,3903,10,True,nid005919,58119952
SINDI,doc_prune=0.7 query_prune=0.1 n_cand=1000,128,0.9302843966,1.0000,815.1836,139.9263,0.0000,5.522114,5.544826;5.522114;5.476109;5.529064;5.477574,1414.838329,706.79,,421.69,0,3903,10,True,nid005539,58078825
SINDI,doc_prune=0.3 query_prune=0.2 n_cand=20,128,0.9302843966,0.9997,912.5443,144.4894,0.0000,8.646730,8.646730;8.662355;8.618822;8.661238;8.626042,2215.406098,451.38,,356.16,0,3903,10,True,nid005807,58119950
SINDI,doc_prune=0.7 query_prune=0.1 n_cand=1000,128,0.9302843966,1.0000,821.4923,144.4894,0.0000,4.185741,4.185741;4.183055;4.189136;4.174645;4.191866,1072.441968,932.45,,356.16,0,3903,10,True,nid005807,58119950
SINDI,doc_prune=0.7 query_prune=0.2 n_cand=1000,128,0.9302843966,1.0000,821.4923,144.4894,0.0000,3.753828,3.780343;3.755633;3.747984;3.751560;3.753828,961.780169,1039.74,,356.16,0,3903,10,True,nid005807,58119950
SINDI,doc_prune=0.7 query_prune=0.1 n_cand=1000,128,0.9302843966,1.0000,810.5067,140.3835,0.0000,4.453252,4.437090;4.441061;4.468303;4.454325;4.453252,1140.981809,876.44,,378.31,0,3903,10,True,nid005919,58119952
SINDI,doc_prune=0.7 query_prune=0.1 n_cand=1000,128,0.9304381245,1.0000,875.6614,138.4841,0.0000,11.392699,11.392699;11.363318;11.493103;11.378538;11.475325,2918.959518,342.59,,462.89,0,3903,10,True,nid005491,58119954
SINDI,doc_prune=0.7 query_prune=0 n_cand=1000,128,0.9304893672,1.0000,875.6614,138.4841,0.0000,12.454235,12.448413;12.454235;12.460180;12.503656;12.438142,3190.939021,313.39,,462.89,0,3903,10,True,nid005491,58119954
SINDI,doc_prune=0.7 query_prune=0 n_cand=1000,128,0.9305406098,1.0000,815.1836,139.9263,0.0000,6.074395,6.056731;6.091496;6.077731;6.071450;6.074395,1556.339995,642.53,,421.69,0,3903,10,True,nid005539,58078825
SINDI,doc_prune=0.7 query_prune=0 n_cand=1000,128,0.9305406098,1.0000,810.5067,140.3835,0.0000,4.983831,4.989506;4.967553;4.973607;4.999744;4.983831,1276.923136,783.13,,378.31,0,3903,10,True,nid005919,58119952
SINDI,doc_prune=0.7 query_prune=0 n_cand=1000,128,0.9306430951,1.0000,821.4923,144.4894,0.0000,4.624957,4.632314;4.633056;4.618284;4.624957;4.621234,1184.974891,843.90,,356.16,0,3903,10,True,nid005807,58119950
SINDI,doc_prune=0.7 query_prune=0.3 n_cand=1000,128,0.9306687164,1.0000,821.4923,144.4894,0.0000,3.338532,3.338532;3.350383;3.330063;3.342323;3.328659,855.375865,1169.08,,356.16,0,3903,10,True,nid005807,58119950
SINDI,doc_prune=0.3 query_prune=0 n_cand=20,128,0.9308480656,0.9997,912.5443,144.4894,0.0000,10.344956,10.313314;10.344956;10.352840;10.361469;10.290984,2650.513964,377.29,,356.16,0,3903,10,True,nid005807,58119950
SINDI,doc_prune=0.3 query_prune=0.1 n_cand=20,128,0.9314373559,0.9997,912.5443,144.4894,0.0000,9.444211,9.444498;9.444211;9.431927;9.443608;9.501646,2419.731232,413.27,,356.16,0,3903,10,True,nid005807,58119950
SINDI,doc_prune=0.5 query_prune=0.9 n_cand=5000,128,0.9328465283,0.9744,859.0688,139.4089,0.0000,0.973625,0.976675;0.972080;0.970560;0.978589;0.973625,249.455547,4008.73,,309.45,0,3903,10,True,nid004909,58308541
SINDI,doc_prune=0.5 query_prune=0.9 n_cand=5000,128,0.9328465283,0.9744,851.5012,144.4894,0.0000,0.986855,0.986855;0.991383;0.983763;0.988644;0.978255,252.845247,3954.99,,356.16,0,3903,10,True,nid005807,58119950
SINDI,doc_prune=0.5 query_prune=0.9 n_cand=5000,128,0.9329233923,0.9746,856.4825,138.9062,0.0000,0.931251,0.931251;0.930892;0.926754;0.935635;0.931305,238.598770,4191.14,,307.73,0,3903,10,True,nid004658,58308544
SINDI,doc_prune=0.5 query_prune=0.9 n_cand=5000,128,0.9331539841,0.9746,948.7331,138.4841,0.0000,2.219289,2.218432;2.218642;2.219289;2.220630;2.228170,568.611068,1758.67,,462.89,0,3903,10,True,nid005491,58119954
SINDI,doc_prune=0.5 query_prune=0.9 n_cand=5000,128,0.9333845760,0.9746,871.5101,139.9263,0.0000,1.292380,1.295430;1.293659;1.287906;1.292380;1.280397,331.124776,3020.01,,421.69,0,3903,10,True,nid005539,58078825
SINDI,doc_prune=0.5 query_prune=0.9 n_cand=5000,128,0.9333845760,0.9746,888.6183,138.5705,0.0000,1.221789,1.211904;1.223461;1.223339;1.221060;1.221789,313.038432,3194.50,,331.76,0,3903,10,True,nid005056,58308543
SINDI,doc_prune=0.5 query_prune=0.9 n_cand=5000,128,0.9333845760,0.9746,867.1836,140.3835,0.0000,1.130266,1.130266;1.124243;1.124748;1.130651;1.132785,289.589034,3453.17,,378.31,0,3903,10,True,nid005919,58119952
SINDI,doc_prune=0.4 query_prune=0.9 n_cand=5000,128,0.9391493723,0.9746,908.8737,139.9263,0.0000,1.498048,1.497387;1.500543;1.507617;1.498048;1.487881,383.819626,2605.39,,421.69,0,3903,10,True,nid005539,58078825
SINDI,doc_prune=0.4 query_prune=0.9 n_cand=5000,128,0.9391493723,0.9746,934.7678,138.5705,0.0000,1.437549,1.432552;1.436232;1.446139;1.437549;1.446640,368.318985,2715.04,,331.76,0,3903,10,True,nid005056,58308543
SINDI,doc_prune=0.4 query_prune=0.9 n_cand=5000,128,0.9391493723,0.9746,896.6648,140.3835,0.0000,1.324454,1.326672;1.309121;1.324454;1.309556;1.325188,339.342557,2946.87,,378.31,0,3903,10,True,nid005919,58119952
SINDI,doc_prune=0.4 query_prune=0.9 n_cand=5000,128,0.9392518575,0.9746,889.2569,139.4089,0.0000,1.132757,1.130982;1.135458;1.134813;1.132757;1.127209,290.227261,3445.58,,309.45,0,3903,10,True,nid004909,58308541
SINDI,doc_prune=0.4 query_prune=0.9 n_cand=5000,128,0.9392518575,0.9746,878.0739,144.4894,0.0000,1.156525,1.146132;1.161047;1.150286;1.156525;1.159859,296.316936,3374.76,,356.16,0,3903,10,True,nid005807,58119950
SINDI,doc_prune=0.4 query_prune=0.9 n_cand=5000,128,0.9394568281,0.9746,888.0350,138.9062,0.0000,1.078562,1.080399;1.078562;1.077797;1.077807;1.084907,276.341788,3618.71,,307.73,0,3903,10,True,nid004658,58308544
SINDI,doc_prune=0.4 query_prune=0.9 n_cand=5000,128,0.9394568281,0.9746,995.6898,138.4841,0.0000,2.543699,2.530019;2.551118;2.526621;2.543699;2.547487,651.729183,1534.38,,462.89,0,3903,10,True,nid005491,58119954
SINDI,doc_prune=0.1 query_prune=0.7 n_cand=20,128,0.9399692544,0.9995,1137.8844,139.9263,0.0000,7.230029,7.213163;7.253953;7.251999;7.190328;7.230029,1852.428645,539.83,,421.69,0,3903,10,True,nid005539,58078825
SINDI,doc_prune=0.1 query_prune=0.7 n_cand=20,128,0.9399692544,0.9995,1088.0379,140.3835,0.0000,6.321246,6.300803;6.303785;6.324546;6.321246;6.323025,1619.586472,617.44,,378.31,0,3903,10,True,nid005919,58119952
SINDI,doc_prune=0.1 query_prune=0.7 n_cand=20,128,0.9400204971,0.9995,1033.3694,144.4894,0.0000,5.493063,5.499384;5.507253;5.473089;5.492954;5.493063,1407.395081,710.53,,356.16,0,3903,10,True,nid005807,58119950
SINDI,doc_prune=0.1 query_prune=0.7 n_cand=20,128,0.9401229823,0.9995,1216.6425,138.4841,0.0000,10.827420,10.823578;10.853499;10.861216;10.793492;10.827420,2774.127594,360.47,,462.89,0,3903,10,True,nid005491,58119954
SINDI,doc_prune=0.4 query_prune=0.7 n_cand=50,128,0.9404816808,0.9990,908.8737,139.9263,0.0000,4.076536,4.068455;4.067492;4.081467;4.076536;4.093583,1044.462209,957.43,,421.69,0,3903,10,True,nid005539,58078825
SINDI,doc_prune=0.4 query_prune=0.7 n_cand=50,128,0.9404816808,0.9990,896.6648,140.3835,0.0000,3.463220,3.463220;3.478312;3.459702;3.464479;3.458116,887.322572,1126.99,,378.31,0,3903,10,True,nid005919,58119952
SINDI,doc_prune=0.4 query_prune=0.7 n_cand=50,128,0.9407891366,0.9990,995.6898,138.4841,0.0000,7.238462,7.221474;7.262031;7.238462;7.232205;7.240368,1854.589290,539.20,,462.89,0,3903,10,True,nid005491,58119954
SINDI,doc_prune=0.4 query_prune=0.7 n_cand=50,128,0.9408660005,0.9990,878.0739,144.4894,0.0000,2.921889,2.919520;2.921889;2.914231;2.953909;2.946944,748.626441,1335.78,,356.16,0,3903,10,True,nid005807,58119950
SINDI,doc_prune=0.3 query_prune=0.9 n_cand=5000,128,0.9421470664,0.9749,1046.2253,138.4841,0.0000,2.866475,2.864924;2.870980;2.866475;2.845117;2.868261,734.428645,1361.60,,462.89,0,3903,10,True,nid005491,58119954
SINDI,doc_prune=0.3 query_prune=0.9 n_cand=5000,128,0.9421726877,0.9749,951.3276,139.9263,0.0000,1.754264,1.755426;1.746680;1.749779;1.754264;1.757549,449.465539,2224.86,,421.69,0,3903,10,True,nid005539,58078825
SINDI,doc_prune=0.3 query_prune=0.9 n_cand=5000,128,0.9421726877,0.9749,995.7122,138.5705,0.0000,1.721089,1.726588;1.729282;1.720749;1.714603;1.721089,440.965667,2267.75,,331.76,0,3903,10,True,nid005056,58308543
SINDI,doc_prune=0.3 query_prune=0.9 n_cand=5000,128,0.9421726877,0.9749,939.5704,140.3835,0.0000,1.525889,1.525889;1.521738;1.537402;1.536558;1.519975,390.952857,2557.85,,378.31,0,3903,10,True,nid005919,58119952
SINDI,doc_prune=0.3 query_prune=0.9 n_cand=5000,128,0.9422495516,0.9749,926.6913,139.4089,0.0000,1.301474,1.301474;1.302623;1.295431;1.297998;1.306520,333.454778,2998.91,,309.45,0,3903,10,True,nid004909,58308541
SINDI,doc_prune=0.3 query_prune=0.9 n_cand=5000,128,0.9422495516,0.9749,912.5443,144.4894,0.0000,1.324387,1.324387;1.323026;1.315704;1.337897;1.333275,339.325391,2947.02,,356.16,0,3903,10,True,nid005807,58119950
SINDI,doc_prune=0.3 query_prune=0.9 n_cand=5000,128,0.9423776582,0.9749,924.7803,138.9062,0.0000,1.255061,1.252233;1.256996;1.255061;1.253767;1.256960,321.563157,3109.81,,307.73,0,3903,10,True,nid004658,58308544
SINDI,doc_prune=0 query_prune=0.7 n_cand=20,128,0.9424545222,0.9995,1224.9409,144.4894,0.0000,7.429152,7.421728;7.422285;7.429152;7.430220;7.443056,1903.446580,525.36,,356.16,0,3903,10,True,nid005807,58119950
SINDI,doc_prune=0 query_prune=0.7 n_cand=20,128,0.9437868306,0.9995,1539.0023,138.4841,0.0000,14.817938,14.820869;14.788953;14.824585;14.814984;14.817938,3796.550858,263.40,,462.89,0,3903,10,True,nid005491,58119954
SINDI,doc_prune=0.2 query_prune=0.9 n_cand=5000,128,0.9438124520,0.9749,959.1791,144.4894,0.0000,1.521717,1.521733;1.521717;1.516955;1.533880;1.514387,389.883935,2564.87,,356.16,0,3903,10,True,nid005807,58119950
SINDI,doc_prune=0 query_prune=0.7 n_cand=20,128,0.9438636946,0.9995,1423.7508,139.9263,0.0000,10.600082,10.538674;10.612028;10.637562;10.600082;10.540594,2715.880605,368.20,,421.68,0,3903,10,True,nid005539,58078825
SINDI,doc_prune=0 query_prune=0.7 n_cand=20,128,0.9438636946,0.9995,1331.0676,140.3835,0.0000,8.601849,8.601029;8.628057;8.601849;8.602741;8.579076,2203.906995,453.74,,378.30,0,3903,10,True,nid005919,58119952
SINDI,doc_prune=0.2 query_prune=0.9 n_cand=5000,128,0.9438893159,0.9749,1106.6949,138.4841,0.0000,3.213762,3.213762;3.220922;3.216793;3.208321;3.194646,823.408148,1214.46,,462.89,0,3903,10,True,nid005491,58119954
SINDI,doc_prune=0.1 query_prune=0.9 n_cand=5000,128,0.9440942864,0.9749,1216.6425,138.4841,0.0000,3.584454,3.603375;3.584454;3.574693;3.594949;3.576814,918.384320,1088.87,,462.89,0,3903,10,True,nid005491,58119954
SINDI,doc_prune=0.1 query_prune=0.9 n_cand=5000,128,0.9441711504,0.9749,1033.3694,144.4894,0.0000,1.758390,1.758442;1.754783;1.762741;1.758390;1.757305,450.522675,2219.64,,356.16,0,3903,10,True,nid005807,58119950
SINDI,doc_prune=0.2 query_prune=0.9 n_cand=5000,128,0.9441967717,0.9749,1017.0258,139.9263,0.0000,2.019911,2.024343;2.019911;2.010813;2.023089;2.009732,517.527799,1932.26,,421.69,0,3903,10,True,nid005539,58078825
SINDI,doc_prune=0.2 query_prune=0.9 n_cand=5000,128,0.9441967717,0.9749,995.7150,140.3835,0.0000,1.784328,1.789017;1.771088;1.775871;1.798095;1.784328,457.168332,2187.38,,378.31,0,3903,10,True,nid005919,58119952
SINDI,doc_prune=0.1 query_prune=0.9 n_cand=5000,128,0.9443248783,0.9749,1137.8844,139.9263,0.0000,2.362805,2.348231;2.369413;2.394407;2.350354;2.362805,605.381758,1651.85,,421.69,0,3903,10,True,nid005539,58078825
SINDI,doc_prune=0.1 query_prune=0.9 n_cand=5000,128,0.9443248783,0.9749,1088.0379,140.3835,0.0000,2.062488,2.062488;2.052881;2.080303;2.067639;2.054463,528.436587,1892.37,,378.31,0,3903,10,True,nid005919,58119952
SINDI,doc_prune=0 query_prune=0.9 n_cand=5000,128,0.9444529849,0.9749,1423.7508,139.9263,0.0000,2.966972,2.936539;2.968698;2.968649;2.966972;2.955692,760.177300,1315.48,,421.69,0,3903,10,True,nid005539,58078825
SINDI,doc_prune=0 query_prune=0.9 n_cand=5000,128,0.9444529849,0.9749,1331.0676,140.3835,0.0000,2.572864,2.578295;2.587191;2.562407;2.572864;2.564743,659.201640,1516.99,,378.31,0,3903,10,True,nid005919,58119952
SINDI,doc_prune=0 query_prune=0.9 n_cand=5000,128,0.9446067128,0.9749,1539.0023,138.4841,0.0000,4.360495,4.360495;4.386117;4.349680;4.383981;4.338837,1117.216244,895.08,,462.89,0,3903,10,True,nid005491,58119954
SINDI,doc_prune=0 query_prune=0.9 n_cand=5000,128,0.9446579554,0.9749,1224.9409,144.4894,0.0000,2.199850,2.208893;2.198674;2.199850;2.211152;2.199792,563.630541,1774.21,,356.16,0,3903,10,True,nid005807,58119950
SINDI,doc_prune=0.4 query_prune=0.5 n_cand=50,128,0.9489879580,1.0000,995.6898,138.4841,0.0000,10.969352,10.979803;10.923757;10.929572;11.011385;10.969352,2810.492442,355.81,,462.89,0,3903,10,True,nid005491,58119954
SINDI,doc_prune=0.4 query_prune=0.5 n_cand=50,128,0.9493466564,1.0000,908.8737,139.9263,0.0000,6.042103,6.042103;6.036863;6.057086;6.054042;6.009556,1548.066359,645.97,,421.69,0,3903,10,True,nid005539,58078825
SINDI,doc_prune=0.4 query_prune=0.5 n_cand=50,128,0.9493466564,1.0000,896.6648,140.3835,0.0000,5.446438,5.450898;5.446438;5.474168;5.436645;5.442541,1395.449142,716.62,,378.31,0,3903,10,True,nid005919,58119952
SINDI,doc_prune=0.4 query_prune=0.5 n_cand=50,128,0.9499871893,1.0000,878.0739,144.4894,0.0000,4.584754,4.577097;4.588518;4.584754;4.598141;4.559301,1174.674353,851.30,,356.16,0,3903,10,True,nid005807,58119950
SINDI,doc_prune=0.4 query_prune=0.3 n_cand=50,128,0.9508070715,1.0000,995.6898,138.4841,0.0000,14.107231,14.094676;14.069337;14.107231;14.248818;14.203323,3614.458365,276.67,,462.89,0,3903,10,True,nid005491,58119954
SINDI,doc_prune=0.4 query_prune=0.2 n_cand=50,128,0.9510376633,1.0000,908.8737,139.9263,0.0000,8.684700,8.716090;8.673160;8.690081;8.628512;8.684700,2225.134512,449.41,,421.69,0,3903,10,True,nid005539,58078825
SINDI,doc_prune=0.4 query_prune=0.2 n_cand=50,128,0.9510376633,1.0000,896.6648,140.3835,0.0000,7.969022,7.958999;7.969022;7.981453;8.001268;7.935868,2041.768383,489.77,,378.31,0,3903,10,True,nid005919,58119952
SINDI,doc_prune=0.4 query_prune=0.3 n_cand=50,128,0.9510632847,1.0000,908.8737,139.9263,0.0000,7.806301,7.775833;7.817128;7.826300;7.779839;7.806301,2000.077120,499.98,,421.69,0,3903,10,True,nid005539,58078825
SINDI,doc_prune=0.4 query_prune=0.3 n_cand=50,128,0.9510632847,1.0000,896.6648,140.3835,0.0000,7.163398,7.149310;7.163398;7.174975;7.130602;7.188762,1835.356905,544.85,,378.31,0,3903,10,True,nid005919,58119952
SINDI,doc_prune=0.4 query_prune=0.1 n_cand=50,128,0.9512938765,1.0000,995.6898,138.4841,0.0000,17.055707,17.055707;17.050467;17.072379;17.051181;17.064195,4369.896746,228.84,,462.89,0,3903,10,True,nid005491,58119954
SINDI,doc_prune=0.4 query_prune=0.1 n_cand=50,128,0.9513194978,1.0000,908.8737,139.9263,0.0000,9.522305,9.503818;9.465552;9.522305;9.524500;9.522649,2439.739944,409.88,,421.69,0,3903,10,True,nid005539,58078825
SINDI,doc_prune=0.4 query_prune=0.1 n_cand=50,128,0.9513194978,1.0000,896.6648,140.3835,0.0000,8.767113,8.747651;8.771918;8.767113;8.768245;8.732627,2246.249808,445.19,,378.31,0,3903,10,True,nid005919,58119952
SINDI,doc_prune=0.4 query_prune=0.2 n_cand=50,128,0.9513451191,1.0000,995.6898,138.4841,0.0000,15.595017,15.554955;15.571332;15.595017;15.648711;15.675832,3995.648732,250.27,,462.89,0,3903,10,True,nid005491,58119954
SINDI,doc_prune=0.4 query_prune=0 n_cand=50,128,0.9513707405,1.0000,908.8737,139.9263,0.0000,10.405762,10.461649;10.401536;10.405762;10.438324;10.350813,2666.093262,375.08,,421.69,0,3903,10,True,nid005539,58078825
SINDI,doc_prune=0.4 query_prune=0 n_cand=50,128,0.9513707405,1.0000,896.6648,140.3835,0.0000,9.586204,9.588439;9.585646;9.608584;9.586204;9.584556,2456.111709,407.15,,378.31,0,3903,10,True,nid005919,58119952
SINDI,doc_prune=0.4 query_prune=0 n_cand=50,128,0.9513707405,1.0000,995.6898,138.4841,0.0000,18.763850,18.683500;18.794756;18.641839;18.763850;18.765089,4807.545478,208.01,,462.89,0,3903,10,True,nid005491,58119954
SINDI,doc_prune=0.4 query_prune=0.3 n_cand=50,128,0.9515500897,1.0000,878.0739,144.4894,0.0000,6.026320,6.038118;6.028301;6.011621;6.026320;6.019923,1544.022547,647.66,,356.16,0,3903,10,True,nid005807,58119950
SINDI,doc_prune=0.4 query_prune=0.2 n_cand=50,128,0.9516013323,1.0000,878.0739,144.4894,0.0000,6.758254,6.746722;6.774566;6.758254;6.780234;6.757924,1731.553677,577.52,,356.16,0,3903,10,True,nid005807,58119950
SINDI,doc_prune=0.4 query_prune=0.1 n_cand=50,128,0.9517038176,1.0000,878.0739,144.4894,0.0000,7.445500,7.445500;7.421859;7.454389;7.443070;7.451271,1907.635152,524.21,,356.16,0,3903,10,True,nid005807,58119950
SINDI,doc_prune=0.4 query_prune=0 n_cand=50,128,0.9523699718,1.0000,878.0739,144.4894,0.0000,8.205096,8.205096;8.212407;8.197563;8.201980;8.206192,2102.253651,475.68,,356.16,0,3903,10,True,nid005807,58119950
SINDI,doc_prune=0 query_prune=0.3 n_cand=10,128,0.9534460671,1.0000,1224.9409,144.4894,0.0000,16.939296,16.957461;16.934636;16.944804;16.939296;16.929825,4340.070715,230.41,,356.15,0,3903,10,True,nid005807,58119950
SINDI,doc_prune=0 query_prune=0.3 n_cand=10,128,0.9583397387,1.0000,1423.7508,139.9263,0.0000,24.612682,24.504363;24.567144;24.612682;24.688345;24.677415,6306.093262,158.58,,421.62,0,3903,10,True,nid005539,58078825
SINDI,doc_prune=0 query_prune=0.3 n_cand=10,128,0.9583397387,1.0000,1331.0676,140.3835,0.0000,19.990970,19.990970;19.981329;20.017212;20.024305;19.981790,5121.949782,195.24,,378.30,0,3903,10,True,nid005919,58119952
SINDI,doc_prune=0 query_prune=0.3 n_cand=10,128,0.9584422239,1.0000,1539.0023,138.4841,0.0000,34.196491,34.372190;34.182155;34.196491;34.295242;34.181905,8761.591340,114.13,,462.88,0,3903,10,True,nid005491,58119954
SINDI,doc_prune=0.5 query_prune=0.7 n_cand=200,128,0.9607481425,0.9997,948.7331,138.4841,0.0000,6.140284,6.178007;6.140284;6.116889;6.165644;6.140160,1573.221624,635.64,,462.89,0,3903,10,True,nid005491,58119954
SINDI,doc_prune=0.5 query_prune=0.7 n_cand=200,128,0.9609787343,0.9997,871.5101,139.9263,0.0000,3.390918,3.383144;3.390918;3.388664;3.393353;3.409364,868.797848,1151.02,,421.69,0,3903,10,True,nid005539,58078825
SINDI,doc_prune=0.5 query_prune=0.7 n_cand=200,128,0.9609787343,0.9997,851.5012,144.4894,0.0000,2.347783,2.347783;2.355144;2.366239;2.343101;2.338516,601.532923,1662.42,,356.16,0,3903,10,True,nid005807,58119950
SINDI,doc_prune=0.5 query_prune=0.7 n_cand=200,128,0.9609787343,0.9997,867.1836,140.3835,0.0000,2.730593,2.730593;2.703545;2.730792;2.750109;2.729581,699.613887,1429.36,,378.31,0,3903,10,True,nid005919,58119952
SINDI,doc_prune=0.5 query_prune=0.5 n_cand=200,128,0.9651037663,1.0000,948.7331,138.4841,0.0000,9.404112,9.404112;9.366236;9.462943;9.405252;9.356926,2409.457341,415.03,,462.89,0,3903,10,True,nid005491,58119954
SINDI,doc_prune=0.5 query_prune=0.5 n_cand=200,128,0.9652831156,1.0000,871.5101,139.9263,0.0000,5.133037,5.117446;5.140315;5.133037;5.130740;5.166936,1315.151678,760.37,,421.69,0,3903,10,True,nid005539,58078825
SINDI,doc_prune=0.5 query_prune=0.5 n_cand=200,128,0.9652831156,1.0000,867.1836,140.3835,0.0000,4.299742,4.309128;4.295469;4.299742;4.322503;4.294041,1101.650525,907.73,,378.31,0,3903,10,True,nid005919,58119952
SINDI,doc_prune=0.5 query_prune=0.5 n_cand=200,128,0.9660005124,1.0000,851.5012,144.4894,0.0000,3.728947,3.748078;3.728947;3.734070;3.721916;3.711981,955.405329,1046.68,,356.16,0,3903,10,True,nid005807,58119950
SINDI,doc_prune=0.5 query_prune=0.1 n_cand=200,128,0.9661286190,1.0000,871.5101,139.9263,0.0000,7.991020,7.960534;7.991779;7.991020;7.996623;7.988724,2047.404561,488.42,,421.69,0,3903,10,True,nid005539,58078825
SINDI,doc_prune=0.5 query_prune=0.1 n_cand=200,128,0.9661286190,1.0000,867.1836,140.3835,0.0000,6.957730,6.957730;6.981268;6.963011;6.956945;6.951829,1782.662055,560.96,,378.31,0,3903,10,True,nid005919,58119952
SINDI,doc_prune=0.5 query_prune=0.2 n_cand=200,128,0.9662823469,1.0000,948.7331,138.4841,0.0000,13.403567,13.474788;13.388461;13.403567;13.481618;13.350577,3434.170382,291.19,,462.89,0,3903,10,True,nid005491,58119954
SINDI,doc_prune=0.5 query_prune=0.3 n_cand=200,128,0.9664104535,1.0000,871.5101,139.9263,0.0000,6.601426,6.644005;6.579702;6.614355;6.590637;6.601426,1691.372278,591.24,,421.69,0,3903,10,True,nid005539,58078825
SINDI,doc_prune=0.5 query_prune=0.3 n_cand=200,128,0.9664104535,1.0000,867.1836,140.3835,0.0000,5.631176,5.638989;5.645306;5.631176;5.611439;5.629543,1442.781450,693.11,,378.31,0,3903,10,True,nid005919,58119952
SINDI,doc_prune=0.5 query_prune=0.3 n_cand=200,128,0.9665129388,1.0000,948.7331,138.4841,0.0000,12.161970,12.151577;12.069230;12.192272;12.207716;12.161970,3116.056879,320.92,,462.89,0,3903,10,True,nid005491,58119954
SINDI,doc_prune=0.5 query_prune=0 n_cand=200,128,0.9665641814,1.0000,948.7331,138.4841,0.0000,16.014033,16.014033;16.087439;15.971561;15.973112;16.063855,4103.006149,243.72,,462.89,0,3903,10,True,nid005491,58119954
SINDI,doc_prune=0 query_prune=0.2 n_cand=10,128,0.9666922880,1.0000,1224.9409,144.4894,0.0000,19.124476,19.121131;19.124476;19.180411;19.112568;19.130589,4899.942608,204.08,,356.15,0,3903,10,True,nid005807,58119950
SINDI,doc_prune=0.5 query_prune=0.2 n_cand=200,128,0.9667179093,1.0000,871.5101,139.9263,0.0000,7.328440,7.296383;7.338019;7.328440;7.336538;7.307431,1877.642839,532.58,,421.69,0,3903,10,True,nid005539,58078825
SINDI,doc_prune=0.5 query_prune=0.2 n_cand=200,128,0.9667179093,1.0000,867.1836,140.3835,0.0000,6.315996,6.319567;6.322788;6.315155;6.308211;6.315996,1618.241353,617.95,,378.31,0,3903,10,True,nid005919,58119952
SINDI,doc_prune=0.5 query_prune=0 n_cand=200,128,0.9667435306,1.0000,871.5101,139.9263,0.0000,8.687896,8.662407;8.731075;8.687896;8.713876;8.664935,2225.953369,449.25,,421.69,0,3903,10,True,nid005539,58078825
SINDI,doc_prune=0.5 query_prune=0 n_cand=200,128,0.9667435306,1.0000,867.1836,140.3835,0.0000,7.673691,7.686222;7.671775;7.673691;7.666050;7.678477,1966.100692,508.62,,378.31,0,3903,10,True,nid005919,58119952
SINDI,doc_prune=0.5 query_prune=0.2 n_cand=200,128,0.9668716372,1.0000,851.5012,144.4894,0.0000,5.365339,5.348061;5.343326;5.374562;5.365339;5.376351,1374.670510,727.45,,356.16,0,3903,10,True,nid005807,58119950
SINDI,doc_prune=0.5 query_prune=0.1 n_cand=200,128,0.9668972585,1.0000,948.7331,138.4841,0.0000,14.708713,14.708713;14.599495;14.538304;14.730451;14.725233,3768.565975,265.35,,462.89,0,3903,10,True,nid005491,58119954
SINDI,doc_prune=0.5 query_prune=0 n_cand=200,128,0.9670253651,1.0000,851.5012,144.4894,0.0000,6.416385,6.433298;6.416385;6.414837;6.404261;6.423476,1643.962337,608.29,,356.16,0,3903,10,True,nid005807,58119950
SINDI,doc_prune=0.5 query_prune=0.1 n_cand=200,128,0.9672559570,1.0000,851.5012,144.4894,0.0000,5.863993,5.868028;5.856965;5.845445;5.877406;5.863993,1502.432232,665.59,,356.16,0,3903,10,True,nid005807,58119950
SINDI,doc_prune=0.7 query_prune=0.7 n_cand=5000,128,0.9672815783,1.0000,809.0583,138.9062,0.0000,1.497352,1.505458;1.497352;1.492152;1.496003;1.500555,383.641302,2606.60,,307.73,0,3903,10,True,nid004658,58308544
SINDI,doc_prune=0.5 query_prune=0.3 n_cand=200,128,0.9672815783,1.0000,851.5012,144.4894,0.0000,4.827156,4.847576;4.827156;4.822952;4.839115;4.823792,1236.780938,808.55,,356.16,0,3903,10,True,nid005807,58119950
SINDI,doc_prune=0.7 query_prune=0.7 n_cand=5000,128,0.9673840635,1.0000,875.6614,138.4841,0.0000,4.593552,4.610976;4.593299;4.590303;4.596965;4.593552,1176.928517,849.67,,462.89,0,3903,10,True,nid005491,58119954
SINDI,doc_prune=0.7 query_prune=0.7 n_cand=5000,128,0.9675377914,1.0000,815.1836,139.9263,0.0000,2.250579,2.251922;2.247413;2.254620;2.250579;2.248725,576.627978,1734.22,,421.69,0,3903,10,True,nid005539,58078825
SINDI,doc_prune=0.7 query_prune=0.7 n_cand=5000,128,0.9675377914,1.0000,822.9434,138.5705,0.0000,2.032006,2.023813;2.028325;2.032006;2.040016;2.042338,520.626697,1920.76,,331.76,0,3903,10,True,nid005056,58308543
SINDI,doc_prune=0.7 query_prune=0.7 n_cand=5000,128,0.9675377914,1.0000,810.5067,140.3835,0.0000,1.869033,1.875240;1.866251;1.869033;1.868334;1.869324,478.870869,2088.25,,378.31,0,3903,10,True,nid005919,58119952
SINDI,doc_prune=0.7 query_prune=0.7 n_cand=5000,128,0.9679221112,1.0000,813.5002,139.4089,0.0000,1.581260,1.583621;1.576045;1.581260;1.579087;1.584820,405.139636,2468.28,,309.45,0,3903,10,True,nid004909,58308541
SINDI,doc_prune=0.7 query_prune=0.7 n_cand=5000,128,0.9679221112,1.0000,821.4923,144.4894,0.0000,1.647131,1.641388;1.644931;1.647580;1.651125;1.647131,422.016654,2369.57,,356.16,0,3903,10,True,nid005807,58119950
SINDI,doc_prune=0.2 query_prune=0.5 n_cand=20,128,0.9686907507,1.0000,1017.0258,139.9263,0.0000,9.336005,9.336005;9.333076;9.366925;9.366235;9.304474,2392.007430,418.06,,421.69,0,3903,10,True,nid005539,58078825
SINDI,doc_prune=0.2 query_prune=0.5 n_cand=20,128,0.9686907507,1.0000,995.7150,140.3835,0.0000,8.203144,8.202618;8.216575;8.222210;8.203144;8.198957,2101.753523,475.79,,378.31,0,3903,10,True,nid005919,58119952
SINDI,doc_prune=0.2 query_prune=0.5 n_cand=20,128,0.9687163720,1.0000,1106.6949,138.4841,0.0000,14.690441,14.735493;14.682495;14.699177;14.646171;14.690441,3763.884448,265.68,,462.89,0,3903,10,True,nid005491,58119954
SINDI,doc_prune=0.3 query_prune=0.7 n_cand=50,128,0.9687419933,0.9995,1046.2253,138.4841,0.0000,8.105629,8.101529;8.019494;8.152028;8.105629;8.117271,2076.768896,481.52,,462.89,0,3903,10,True,nid005491,58119954
SINDI,doc_prune=0.3 query_prune=0.7 n_cand=50,128,0.9687676147,0.9995,912.5443,144.4894,0.0000,3.647335,3.647335;3.664892;3.646948;3.658757;3.643080,934.495260,1070.10,,356.16,0,3903,10,True,nid005807,58119950
SINDI,doc_prune=0.3 query_prune=0.7 n_cand=50,128,0.9688188573,0.9995,951.3276,139.9263,0.0000,4.721682,4.745220;4.730442;4.721682;4.719766;4.705105,1209.757110,826.61,,421.69,0,3903,10,True,nid005539,58078825
SINDI,doc_prune=0.3 query_prune=0.7 n_cand=50,128,0.9688188573,0.9995,939.5704,140.3835,0.0000,4.363096,4.352666;4.365864;4.368034;4.351424;4.363096,1117.882654,894.55,,378.31,0,3903,10,True,nid005919,58119952
SINDI,doc_prune=0.7 query_prune=0.2 n_cand=5000,128,0.9688700999,1.0000,875.6614,138.4841,0.0000,10.473450,10.439759;10.489668;10.395104;10.473450;10.491518,2683.435819,372.66,,462.89,0,3903,10,True,nid005491,58119954
SINDI,doc_prune=0.7 query_prune=0.5 n_cand=5000,128,0.9689725852,1.0000,815.1836,139.9263,0.0000,3.482533,3.489599;3.506471;3.482533;3.476065;3.473198,892.270817,1120.74,,421.69,0,3903,10,True,nid005539,58078825
SINDI,doc_prune=0.7 query_prune=0.5 n_cand=5000,128,0.9689725852,1.0000,822.9434,138.5705,0.0000,3.168240,3.153678;3.172207;3.186461;3.153774;3.168240,811.744812,1231.91,,331.76,0,3903,10,True,nid005056,58308543
SINDI,doc_prune=0.7 query_prune=0.5 n_cand=5000,128,0.9689725852,1.0000,810.5067,140.3835,0.0000,2.825683,2.824650;2.825683;2.829292;2.825070;2.828410,723.977197,1381.26,,378.31,0,3903,10,True,nid005919,58119952
SINDI,doc_prune=0.7 query_prune=0.1 n_cand=5000,128,0.9689725852,1.0000,875.6614,138.4841,0.0000,11.486108,11.486108;11.487231;11.488444;11.435150;11.454553,2942.892134,339.80,,462.89,0,3903,10,True,nid005491,58119954
SINDI,doc_prune=0.7 query_prune=0.2 n_cand=5000,128,0.9690494491,1.0000,815.1836,139.9263,0.0000,5.103953,5.103953;5.105790;5.105727;5.087597;5.098915,1307.699974,764.70,,421.69,0,3903,10,True,nid005539,58078825
SINDI,doc_prune=0.7 query_prune=0.2 n_cand=5000,128,0.9690494491,1.0000,810.5067,140.3835,0.0000,4.132071,4.131293;4.132988;4.143419;4.130931;4.132071,1058.691007,944.56,,378.31,0,3903,10,True,nid005919,58119952
SINDI,doc_prune=0.7 query_prune=0.3 n_cand=5000,128,0.9690750705,1.0000,821.4923,144.4894,0.0000,3.442827,3.442827;3.440365;3.457299;3.437403;3.453372,882.097617,1133.66,,356.16,0,3903,10,True,nid005807,58119950
SINDI,doc_prune=0.7 query_prune=0.5 n_cand=5000,128,0.9691263131,1.0000,809.0583,138.9062,0.0000,2.331323,2.331923;2.327800;2.327251;2.331565;2.331323,597.315655,1674.16,,307.73,0,3903,10,True,nid004658,58308544
SINDI,doc_prune=0.7 query_prune=0.3 n_cand=5000,128,0.9691263131,1.0000,875.6614,138.4841,0.0000,9.445853,9.433428;9.453357;9.405100;9.445853;9.497411,2420.151934,413.20,,462.89,0,3903,10,True,nid005491,58119954
SINDI,doc_prune=0.7 query_prune=0 n_cand=5000,128,0.9691775557,1.0000,821.4923,144.4894,0.0000,4.718152,4.698761;4.724532;4.716508;4.737427;4.718152,1208.852677,827.23,,356.16,0,3903,10,True,nid005807,58119950
SINDI,doc_prune=0.7 query_prune=0.5 n_cand=5000,128,0.9692287984,1.0000,813.5002,139.4089,0.0000,2.474799,2.474799;2.483855;2.473532;2.476147;2.471493,634.076095,1577.10,,309.45,0,3903,10,True,nid004909,58308541
SINDI,doc_prune=0.7 query_prune=0.5 n_cand=5000,128,0.9692287984,1.0000,821.4923,144.4894,0.0000,2.584667,2.584492;2.584667;2.591167;2.587750;2.582924,662.225724,1510.06,,356.16,0,3903,10,True,nid005807,58119950
SINDI,doc_prune=0.7 query_prune=0.5 n_cand=5000,128,0.9692287984,1.0000,875.6614,138.4841,0.0000,7.220086,7.280517;7.204833;7.182276;7.251415;7.220086,1849.881117,540.58,,462.89,0,3903,10,True,nid005491,58119954
SINDI,doc_prune=0.7 query_prune=0 n_cand=5000,128,0.9692800410,1.0000,875.6614,138.4841,0.0000,12.487001,12.496105;12.494808;12.481400;12.458822;12.487001,3199.334102,312.57,,462.89,0,3903,10,True,nid005491,58119954
SINDI,doc_prune=0.7 query_prune=0.1 n_cand=5000,128,0.9693056623,1.0000,821.4923,144.4894,0.0000,4.267090,4.289251;4.257929;4.267090;4.277719;4.255224,1093.284653,914.67,,356.16,0,3903,10,True,nid005807,58119950
SINDI,doc_prune=0.7 query_prune=0 n_cand=5000,128,0.9693825263,1.0000,815.1836,139.9263,0.0000,6.200897,6.193764;6.217970;6.213420;6.200897;6.186904,1588.751473,629.43,,421.69,0,3903,10,True,nid005539,58078825
SINDI,doc_prune=0.7 query_prune=0 n_cand=5000,128,0.9693825263,1.0000,810.5067,140.3835,0.0000,5.080692,5.080692;5.067842;5.085876;5.072936;5.087301,1301.740200,768.20,,378.31,0,3903,10,True,nid005919,58119952
SINDI,doc_prune=0.7 query_prune=0.1 n_cand=5000,128,0.9694081476,1.0000,815.1836,139.9263,0.0000,5.623487,5.619173;5.623487;5.650334;5.620026;5.631200,1440.811427,694.05,,421.69,0,3903,10,True,nid005539,58078825
SINDI,doc_prune=0.7 query_prune=0.3 n_cand=5000,128,0.9694081476,1.0000,815.1836,139.9263,0.0000,4.547813,4.557564;4.546710;4.574309;4.547813;4.538649,1165.209582,858.21,,421.69,0,3903,10,True,nid005539,58078825
SINDI,doc_prune=0.7 query_prune=0.1 n_cand=5000,128,0.9694081476,1.0000,810.5067,140.3835,0.0000,4.570297,4.550943;4.542344;4.571709;4.571374;4.570297,1170.970279,853.99,,378.31,0,3903,10,True,nid005919,58119952
SINDI,doc_prune=0.7 query_prune=0.3 n_cand=5000,128,0.9694081476,1.0000,810.5067,140.3835,0.0000,3.696894,3.696894;3.691030;3.687987;3.700688;3.705621,947.192929,1055.75,,378.31,0,3903,10,True,nid005919,58119952
SINDI,doc_prune=0.7 query_prune=0.2 n_cand=5000,128,0.9694593902,1.0000,821.4923,144.4894,0.0000,3.859324,3.859324;3.881213;3.856703;3.862126;3.848667,988.809634,1011.32,,356.16,0,3903,10,True,nid005807,58119950
SINDI,doc_prune=0.2 query_prune=0.5 n_cand=20,128,0.9699461952,1.0000,959.1791,144.4894,0.0000,7.256539,7.256539;7.258981;7.265784;7.256145;7.222566,1859.220856,537.86,,356.16,0,3903,10,True,nid005807,58119950
SINDI,doc_prune=0.6 query_prune=0.7 n_cand=1000,128,0.9703561363,1.0000,839.5646,139.9263,0.0000,2.719917,2.729836;2.734754;2.716192;2.719917;2.705899,696.878555,1434.97,,421.69,0,3903,10,True,nid005539,58078825
SINDI,doc_prune=0.6 query_prune=0.7 n_cand=1000,128,0.9703561363,1.0000,835.0668,140.3835,0.0000,2.157506,2.172735;2.153875;2.157506;2.152589;2.178982,552.781450,1809.03,,378.31,0,3903,10,True,nid005919,58119952
SINDI,doc_prune=0.6 query_prune=0.7 n_cand=1000,128,0.9704073789,1.0000,827.9412,144.4894,0.0000,1.895692,1.895365;1.900175;1.904658;1.895692;1.892672,485.701255,2058.88,,356.16,0,3903,10,True,nid005807,58119950
SINDI,doc_prune=0.6 query_prune=0.7 n_cand=1000,128,0.9704073789,1.0000,912.4930,138.4841,0.0000,5.243396,5.258587;5.234174;5.282268;5.243396;5.236655,1343.427107,744.36,,462.89,0,3903,10,True,nid005491,58119954
SINDI,doc_prune=0.6 query_prune=0.5 n_cand=1000,128,0.9728926467,1.0000,912.4930,138.4841,0.0000,8.114595,8.162232;8.155659;8.111370;8.100994;8.114595,2079.066103,480.99,,462.89,0,3903,10,True,nid005491,58119954
SINDI,doc_prune=0.6 query_prune=0.5 n_cand=1000,128,0.9732513451,1.0000,827.9412,144.4894,0.0000,3.083388,3.084895;3.073153;3.064899;3.095787;3.083388,790.004612,1265.82,,356.16,0,3903,10,True,nid005807,58119950
SINDI,doc_prune=0.6 query_prune=0.3 n_cand=1000,128,0.9733025878,1.0000,827.9412,144.4894,0.0000,4.099301,4.099301;4.124137;4.067378;4.076770;4.120187,1050.294901,952.11,,356.16,0,3903,10,True,nid005807,58119950
SINDI,doc_prune=0.6 query_prune=0.5 n_cand=1000,128,0.9733538304,1.0000,839.5646,139.9263,0.0000,4.262069,4.233956;4.256909;4.262069;4.275652;4.295509,1091.998207,915.75,,421.69,0,3903,10,True,nid005539,58078825
SINDI,doc_prune=0.6 query_prune=0.5 n_cand=1000,128,0.9733538304,1.0000,835.0668,140.3835,0.0000,3.414084,3.430087;3.428220;3.412804;3.414084;3.391694,874.733282,1143.21,,378.31,0,3903,10,True,nid005919,58119952
SINDI,doc_prune=0.6 query_prune=0.2 n_cand=1000,128,0.9734050730,1.0000,839.5646,139.9263,0.0000,6.188581,6.182040;6.181593;6.204656;6.229327;6.188581,1585.595952,630.68,,421.69,0,3903,10,True,nid005539,58078825
SINDI,doc_prune=0.6 query_prune=0.2 n_cand=1000,128,0.9734050730,1.0000,835.0668,140.3835,0.0000,5.027909,5.031723;5.027909;5.045856;5.003271;5.007768,1288.216500,776.27,,378.31,0,3903,10,True,nid005919,58119952
SINDI,doc_prune=0 query_prune=0.1 n_cand=10,128,0.9735075583,1.0000,1224.9409,144.4894,0.0000,19.649258,19.680781;19.634611;19.649258;19.682028;19.637219,5034.398668,198.63,,356.15,0,3903,10,True,nid005807,58119950
SINDI,doc_prune=0.6 query_prune=0 n_cand=1000,128,0.9735331796,1.0000,827.9412,144.4894,0.0000,5.505195,5.520482;5.503163;5.505260;5.505195;5.498796,1410.503459,708.97,,356.16,0,3903,10,True,nid005807,58119950
SINDI,doc_prune=0.6 query_prune=0.2 n_cand=1000,128,0.9735331796,1.0000,912.4930,138.4841,0.0000,11.643355,11.643355;11.619904;11.649399;11.605474;11.705424,2983.180886,335.21,,462.89,0,3903,10,True,nid005491,58119954
SINDI,doc_prune=0.6 query_prune=0.3 n_cand=1000,128,0.9735588009,1.0000,912.4930,138.4841,0.0000,10.524155,10.524155;10.530188;10.458830;10.495698;10.527228,2696.427107,370.86,,462.89,0,3903,10,True,nid005491,58119954
SINDI,doc_prune=0.6 query_prune=0.1 n_cand=1000,128,0.9735844222,1.0000,839.5646,139.9263,0.0000,6.788592,6.781180;6.792856;6.779904;6.788592;6.837657,1739.326672,574.94,,421.69,0,3903,10,True,nid005539,58078825
SINDI,doc_prune=0.6 query_prune=0.1 n_cand=1000,128,0.9735844222,1.0000,835.0668,140.3835,0.0000,5.527320,5.533656;5.505512;5.520232;5.527320;5.545876,1416.172175,706.13,,378.31,0,3903,10,True,nid005919,58119952
SINDI,doc_prune=0.6 query_prune=0.1 n_cand=1000,128,0.9736356649,1.0000,827.9412,144.4894,0.0000,5.023190,5.026008;4.995173;5.023190;5.026028;5.000722,1287.007430,777.00,,356.16,0,3903,10,True,nid005807,58119950
SINDI,doc_prune=0.6 query_prune=0 n_cand=1000,128,0.9736356649,1.0000,912.4930,138.4841,0.0000,14.010935,14.046234;14.024705;13.943684;14.010935;13.991384,3589.786062,278.57,,462.89,0,3903,10,True,nid005491,58119954
SINDI,doc_prune=0.6 query_prune=0.1 n_cand=1000,128,0.9736612862,1.0000,912.4930,138.4841,0.0000,12.754074,12.844024;12.709371;12.806711;12.754074;12.745094,3267.761722,306.02,,462.89,0,3903,10,True,nid005491,58119954
SINDI,doc_prune=0.6 query_prune=0 n_cand=1000,128,0.9737381501,1.0000,839.5646,139.9263,0.0000,7.414450,7.414450;7.413871;7.389211;7.458815;7.435059,1899.679734,526.40,,421.69,0,3903,10,True,nid005539,58078825
SINDI,doc_prune=0.6 query_prune=0 n_cand=1000,128,0.9737381501,1.0000,835.0668,140.3835,0.0000,6.064472,6.064472;6.044507;6.072446;6.103343;6.058149,1553.797592,643.58,,378.31,0,3903,10,True,nid005919,58119952
SINDI,doc_prune=0.6 query_prune=0.3 n_cand=1000,128,0.9737893928,1.0000,839.5646,139.9263,0.0000,5.550138,5.550138;5.569609;5.597920;5.512287;5.543463,1422.018447,703.23,,421.69,0,3903,10,True,nid005539,58078825
SINDI,doc_prune=0.6 query_prune=0.3 n_cand=1000,128,0.9737893928,1.0000,835.0668,140.3835,0.0000,4.482467,4.482467;4.520487;4.482220;4.486784;4.481415,1148.467077,870.73,,378.31,0,3903,10,True,nid005919,58119952
SINDI,doc_prune=0.6 query_prune=0.2 n_cand=1000,128,0.9739174994,1.0000,827.9412,144.4894,0.0000,4.558814,4.556470;4.547340;4.558814;4.559250;4.564492,1168.028183,856.14,,356.16,0,3903,10,True,nid005807,58119950
SINDI,doc_prune=0.2 query_prune=0.3 n_cand=20,128,0.9744811683,1.0000,1017.0258,139.9263,0.0000,12.305291,12.351010;12.274336;12.331314;12.305291;12.290514,3152.777607,317.18,,421.69,0,3903,10,True,nid005539,58078825
SINDI,doc_prune=0.2 query_prune=0.3 n_cand=20,128,0.9744811683,1.0000,995.7150,140.3835,0.0000,10.711896,10.711896;10.702220;10.683584;10.717078;10.718811,2744.528824,364.36,,378.31,0,3903,10,True,nid005919,58119952
SINDI,doc_prune=0.2 query_prune=0.1 n_cand=20,128,0.9748654881,1.0000,1106.6949,138.4841,0.0000,24.206623,24.257149;24.206623;24.204361;24.174184;24.268290,6202.055598,161.24,,462.89,0,3903,10,True,nid005491,58119954
SINDI,doc_prune=0.2 query_prune=0 n_cand=20,128,0.9749423520,1.0000,1106.6949,138.4841,0.0000,26.828546,26.748982;26.844910;26.828546;26.831549;26.786726,6873.826800,145.48,,462.89,0,3903,10,True,nid005491,58119954
SINDI,doc_prune=0.2 query_prune=0.3 n_cand=20,128,0.9749423520,1.0000,1106.6949,138.4841,0.0000,19.604585,19.618767;19.616477;19.501017;19.486362;19.604585,5022.952857,199.09,,462.89,0,3903,10,True,nid005491,58119954
SINDI,doc_prune=0.2 query_prune=0 n_cand=20,128,0.9749935947,1.0000,959.1791,144.4894,0.0000,12.504416,12.467666;12.521768;12.495080;12.504416;12.541843,3203.796054,312.13,,356.16,0,3903,10,True,nid005807,58119950
SINDI,doc_prune=0 query_prune=0.2 n_cand=10,128,0.9751473226,1.0000,1423.7508,139.9263,0.0000,27.733204,27.733204;27.720627;27.793234;27.718690;27.920848,7105.612093,140.73,,421.58,0,3903,10,True,nid005539,58078825
SINDI,doc_prune=0 query_prune=0.2 n_cand=10,128,0.9751473226,1.0000,1331.0676,140.3835,0.0000,22.448584,22.448584;22.418697;22.437642;22.479975;22.501001,5751.622854,173.86,,378.30,0,3903,10,True,nid005919,58119952
SINDI,doc_prune=0.2 query_prune=0.3 n_cand=20,128,0.9751729439,1.0000,959.1791,144.4894,0.0000,9.412115,9.401985;9.382895;9.449324;9.412115;9.413954,2411.507815,414.68,,356.16,0,3903,10,True,nid005807,58119950
SINDI,doc_prune=0 query_prune=0.2 n_cand=10,128,0.9752241865,1.0000,1539.0023,138.4841,0.0000,38.840557,39.012861;38.723161;38.801763;38.939572;38.840557,9951.462209,100.49,,462.88,0,3903,10,True,nid005491,58119954
SINDI,doc_prune=0.2 query_prune=0.1 n_cand=20,128,0.9752754292,1.0000,1017.0258,139.9263,0.0000,15.243350,15.187460;15.156691;15.259531;15.256849;15.243350,3905.547015,256.05,,421.69,0,3903,10,True,nid005539,58078825
SINDI,doc_prune=0.2 query_prune=0.1 n_cand=20,128,0.9752754292,1.0000,995.7150,140.3835,0.0000,13.124552,13.131193;13.124552;13.115748;13.127908;13.120087,3362.683064,297.38,,378.31,0,3903,10,True,nid005919,58119952
SINDI,doc_prune=0.2 query_prune=0 n_cand=20,128,0.9753010505,1.0000,1017.0258,139.9263,0.0000,16.771815,16.771815;16.738274;16.746935;16.873160;16.817093,4297.159877,232.71,,421.69,0,3903,10,True,nid005539,58078825
SINDI,doc_prune=0.2 query_prune=0 n_cand=20,128,0.9753010505,1.0000,995.7150,140.3835,0.0000,14.381019,14.383748;14.381019;14.393100;14.371637;14.380031,3684.606457,271.40,,378.31,0,3903,10,True,nid005919,58119952
SINDI,doc_prune=0.2 query_prune=0.2 n_cand=20,128,0.9756085063,1.0000,1017.0258,139.9263,0.0000,13.764416,13.764416;13.795898;13.731742;13.809698;13.754045,3526.624648,283.56,,421.69,0,3903,10,True,nid005539,58078825
SINDI,doc_prune=0.2 query_prune=0.2 n_cand=20,128,0.9756085063,1.0000,995.7150,140.3835,0.0000,11.916674,11.922028;11.947484;11.897484;11.871606;11.916674,3053.208814,327.52,,378.31,0,3903,10,True,nid005919,58119952
SINDI,doc_prune=0.2 query_prune=0.1 n_cand=20,128,0.9756853702,1.0000,959.1791,144.4894,0.0000,11.410442,11.410442;11.419692;11.403598;11.405991;11.437745,2923.505509,342.06,,356.16,0,3903,10,True,nid005807,58119950
SINDI,doc_prune=0.2 query_prune=0.2 n_cand=20,128,0.9757366129,1.0000,1106.6949,138.4841,0.0000,21.973306,22.071416;21.973306;21.927357;22.070662;21.921749,5629.850372,177.62,,462.89,0,3903,10,True,nid005491,58119954
SINDI,doc_prune=0.2 query_prune=0.2 n_cand=20,128,0.9757622342,1.0000,959.1791,144.4894,0.0000,10.415206,10.462300;10.404825;10.455179;10.415206;10.409682,2668.512939,374.74,,356.16,0,3903,10,True,nid005807,58119950
SINDI,doc_prune=0 query_prune=0 n_cand=10,128,0.9759159621,1.0000,1224.9409,144.4894,0.0000,21.709977,21.810243;21.680440;21.674048;21.709977;21.721125,5562.382014,179.78,,356.15,0,3903,10,True,nid005807,58119950
SINDI,doc_prune=0.2 query_prune=0.7 n_cand=50,128,0.9797847809,0.9995,1017.0258,139.9263,0.0000,5.826080,5.820432;5.829867;5.806352;5.826080;5.852027,1492.718422,669.92,,421.69,0,3903,10,True,nid005539,58078825
SINDI,doc_prune=0.2 query_prune=0.7 n_cand=50,128,0.9797847809,0.9995,995.7150,140.3835,0.0000,5.290242,5.290242;5.317822;5.286468;5.309392;5.286510,1355.429669,737.77,,378.31,0,3903,10,True,nid005919,58119952
SINDI,doc_prune=0.3 query_prune=0.5 n_cand=50,128,0.9798104023,1.0000,912.5443,144.4894,0.0000,5.869761,5.893972;5.867684;5.867980;5.869761;5.873767,1503.910069,664.93,,356.16,0,3903,10,True,nid005807,58119950
SINDI,doc_prune=0.3 query_prune=0.5 n_cand=50,128,0.9801691007,1.0000,951.3276,139.9263,0.0000,7.405282,7.427464;7.411479;7.400065;7.364089;7.405282,1897.330771,527.06,,421.69,0,3903,10,True,nid005539,58078825
SINDI,doc_prune=0.3 query_prune=0.5 n_cand=50,128,0.9801691007,1.0000,939.5704,140.3835,0.0000,6.823398,6.823398;6.829145;6.817613;6.811878;6.854403,1748.244427,572.00,,378.31,0,3903,10,True,nid005919,58119952
SINDI,doc_prune=0.2 query_prune=0.7 n_cand=50,128,0.9802715860,0.9995,1106.6949,138.4841,0.0000,9.251466,9.257068;9.208920;9.266977;9.251466;9.234182,2370.347425,421.88,,462.89,0,3903,10,True,nid005491,58119954
SINDI,doc_prune=0.3 query_prune=0.5 n_cand=50,128,0.9803228286,1.0000,1046.2253,138.4841,0.0000,12.460378,12.454809;12.535983;12.542817;12.445977;12.460378,3192.512939,313.23,,462.89,0,3903,10,True,nid005491,58119954
SINDI,doc_prune=0.2 query_prune=0.7 n_cand=50,128,0.9806815270,0.9995,959.1791,144.4894,0.0000,4.560853,4.549990;4.576639;4.543180;4.561755;4.560853,1168.550602,855.76,,356.16,0,3903,10,True,nid005807,58119950
SINDI,doc_prune=0.3 query_prune=0 n_cand=50,128,0.9810914681,1.0000,1046.2253,138.4841,0.0000,22.122538,22.020777;22.106549;22.185063;22.122538;22.140618,5668.085575,176.43,,462.89,0,3903,10,True,nid005491,58119954
SINDI,doc_prune=0.3 query_prune=0.1 n_cand=50,128,0.9811427107,1.0000,951.3276,139.9263,0.0000,11.935433,11.859770;11.945263;11.950064;11.935433;11.875104,3058.015117,327.01,,421.69,0,3903,10,True,nid005539,58078825
SINDI,doc_prune=0.3 query_prune=0.1 n_cand=50,128,0.9811427107,1.0000,939.5704,140.3835,0.0000,10.675709,10.675709;10.659398;10.628023;10.680752;10.686296,2735.257238,365.60,,378.31,0,3903,10,True,nid005919,58119952
SINDI,doc_prune=0.3 query_prune=0.3 n_cand=50,128,0.9811427107,1.0000,1046.2253,138.4841,0.0000,16.417116,16.417116;16.341000;16.505553;16.444986;16.336750,4206.281322,237.74,,462.89,0,3903,10,True,nid005491,58119954
SINDI,doc_prune=0.3 query_prune=0 n_cand=50,128,0.9812195747,1.0000,951.3276,139.9263,0.0000,13.143512,13.097946;13.173409;13.150813;13.143512;13.084755,3367.540866,296.95,,421.69,0,3903,10,True,nid005539,58078825
SINDI,doc_prune=0.3 query_prune=0 n_cand=50,128,0.9812195747,1.0000,939.5704,140.3835,0.0000,11.627114,11.637046;11.610054;11.627114;11.586702;11.635564,2979.019728,335.68,,378.31,0,3903,10,True,nid005919,58119952
SINDI,doc_prune=0.3 query_prune=0.1 n_cand=50,128,0.9814245452,1.0000,912.5443,144.4894,0.0000,9.465004,9.459733;9.440165;9.479859;9.465004;9.480410,2425.058673,412.36,,356.16,0,3903,10,True,nid005807,58119950
SINDI,doc_prune=0.3 query_prune=0.3 n_cand=50,128,0.9815014092,1.0000,951.3276,139.9263,0.0000,9.749994,9.699408;9.749994;9.769223;9.785282;9.669722,2498.076864,400.31,,421.69,0,3903,10,True,nid005539,58078825
SINDI,doc_prune=0.3 query_prune=0.3 n_cand=50,128,0.9815014092,1.0000,939.5704,140.3835,0.0000,8.846847,8.872844;8.840764;8.875374;8.820665;8.846847,2266.678709,441.17,,378.31,0,3903,10,True,nid005919,58119952
SINDI,doc_prune=0.3 query_prune=0.2 n_cand=50,128,0.9817320010,1.0000,951.3276,139.9263,0.0000,10.817631,10.828352;10.758361;10.813526;10.886291;10.817631,2771.619523,360.80,,421.69,0,3903,10,True,nid005539,58078825
SINDI,doc_prune=0.3 query_prune=0.2 n_cand=50,128,0.9817320010,1.0000,912.5443,144.4894,0.0000,8.660360,8.634994;8.626414;8.663679;8.665843;8.660360,2218.898283,450.67,,356.16,0,3903,10,True,nid005807,58119950
SINDI,doc_prune=0.3 query_prune=0.3 n_cand=50,128,0.9817320010,1.0000,912.5443,144.4894,0.0000,7.767107,7.756112;7.791095;7.767107;7.765627;7.774664,1990.035101,502.50,,356.16,0,3903,10,True,nid005807,58119950
SINDI,doc_prune=0.3 query_prune=0.2 n_cand=50,128,0.9817320010,1.0000,939.5704,140.3835,0.0000,9.780511,9.804699;9.780511;9.804798;9.778973;9.776141,2505.895721,399.06,,378.31,0,3903,10,True,nid005919,58119952
SINDI,doc_prune=0.3 query_prune=0.1 n_cand=50,128,0.9818088650,1.0000,1046.2253,138.4841,0.0000,20.120285,20.058875;20.120285;20.095744;20.304474;20.278438,5155.081988,193.98,,462.89,0,3903,10,True,nid005491,58119954
SINDI,doc_prune=0.3 query_prune=0.2 n_cand=50,128,0.9818857289,1.0000,1046.2253,138.4841,0.0000,18.296719,18.337788;18.225269;18.318836;18.279383;18.296719,4687.860364,213.32,,462.89,0,3903,10,True,nid005491,58119954
SINDI,doc_prune=0.3 query_prune=0 n_cand=50,128,0.9820906995,1.0000,912.5443,144.4894,0.0000,10.318279,10.309803;10.335749;10.311112;10.318279;10.344626,2643.678965,378.26,,356.16,0,3903,10,True,nid005807,58119950
SINDI,doc_prune=0.4 query_prune=0.7 n_cand=200,128,0.9827056111,0.9997,995.6898,138.4841,0.0000,7.248285,7.217655;7.248285;7.304519;7.299239;7.233939,1857.106072,538.47,,462.89,0,3903,10,True,nid005491,58119954
SINDI,doc_prune=0.4 query_prune=0.7 n_cand=200,128,0.9827824750,0.9997,908.8737,139.9263,0.0000,4.087414,4.069876;4.044166;4.087414;4.113849;4.109666,1047.249295,954.88,,421.69,0,3903,10,True,nid005539,58078825
SINDI,doc_prune=0.4 query_prune=0.7 n_cand=200,128,0.9827824750,0.9997,896.6648,140.3835,0.0000,3.476123,3.458313;3.483874;3.456050;3.476123;3.480648,890.628491,1122.80,,378.31,0,3903,10,True,nid005919,58119952
SINDI,doc_prune=0.1 query_prune=0.7 n_cand=50,128,0.9831924161,0.9995,1137.8844,139.9263,0.0000,7.237778,7.237778;7.225308;7.245401;7.256112;7.193357,1854.414040,539.25,,421.69,0,3903,10,True,nid005539,58078825
SINDI,doc_prune=0.1 query_prune=0.7 n_cand=50,128,0.9831924161,0.9995,1088.0379,140.3835,0.0000,6.308442,6.316419;6.323988;6.295151;6.308442;6.305844,1616.305919,618.69,,378.31,0,3903,10,True,nid005919,58119952
SINDI,doc_prune=0.4 query_prune=0.7 n_cand=200,128,0.9833461440,0.9997,878.0739,144.4894,0.0000,2.933903,2.929650;2.911523;2.969976;2.933903;2.941621,751.704586,1330.31,,356.16,0,3903,10,True,nid005807,58119950
SINDI,doc_prune=0.1 query_prune=0.7 n_cand=50,128,0.9833717653,0.9995,1216.6425,138.4841,0.0000,10.837140,10.837140;10.871655;10.822637;10.842026;10.823876,2776.617986,360.15,,462.89,0,3903,10,True,nid005491,58119954
SINDI,doc_prune=0 query_prune=0.7 n_cand=50,128,0.9837048424,0.9995,1539.0023,138.4841,0.0000,14.777617,14.792641;14.777617;14.776982;14.764529;14.825765,3786.220087,264.12,,462.89,0,3903,10,True,nid005491,58119954
SINDI,doc_prune=0.1 query_prune=0.7 n_cand=50,128,0.9838073277,0.9995,1033.3694,144.4894,0.0000,5.490150,5.492177;5.471616;5.490150;5.495418;5.489008,1406.648732,710.91,,356.16,0,3903,10,True,nid005807,58119950
SINDI,doc_prune=0 query_prune=0.7 n_cand=50,128,0.9839098130,0.9995,1224.9409,144.4894,0.0000,7.428140,7.423155;7.431201;7.422636;7.428140;7.437483,1903.187292,525.43,,356.16,0,3903,10,True,nid005807,58119950
SINDI,doc_prune=0 query_prune=0.7 n_cand=50,128,0.9841916475,0.9995,1423.7508,139.9263,0.0000,10.601898,10.614315;10.621352;10.522824;10.601898;10.562753,2716.345888,368.14,,421.68,0,3903,10,True,nid005539,58078825
SINDI,doc_prune=0 query_prune=0.7 n_cand=50,128,0.9841916475,0.9995,1331.0676,140.3835,0.0000,8.611834,8.586452;8.613710;8.625784;8.611834;8.604575,2206.465283,453.21,,378.30,0,3903,10,True,nid005919,58119952
SINDI,doc_prune=0.1 query_prune=0.5 n_cand=20,128,0.9854983346,1.0000,1216.6425,138.4841,0.0000,17.721979,17.813820;17.668021;17.721979;17.645034;17.763554,4540.604407,220.23,,462.89,0,3903,10,True,nid005491,58119954
SINDI,doc_prune=0.1 query_prune=0.5 n_cand=20,128,0.9857033051,1.0000,1137.8844,139.9263,0.0000,11.881308,11.872976;11.918115;11.881308;11.888651;11.843689,3044.147579,328.50,,421.69,0,3903,10,True,nid005539,58078825
SINDI,doc_prune=0.1 query_prune=0.5 n_cand=20,128,0.9857033051,1.0000,1088.0379,140.3835,0.0000,10.159147,10.138325;10.184358;10.159147;10.157712;10.160180,2602.907251,384.19,,378.31,0,3903,10,True,nid005919,58119952
SINDI,doc_prune=0.1 query_prune=0.5 n_cand=20,128,0.9860107610,1.0000,1033.3694,144.4894,0.0000,8.805555,8.806396;8.801761;8.784673;8.822457;8.805555,2256.099154,443.24,,356.16,0,3903,10,True,nid005807,58119950
SINDI,doc_prune=0.6 query_prune=0.7 n_cand=5000,128,0.9861132462,1.0000,839.5646,139.9263,0.0000,2.859507,2.864845;2.864192;2.853019;2.849100;2.859507,732.643351,1364.92,,421.69,0,3903,10,True,nid005539,58078825
SINDI,doc_prune=0.6 query_prune=0.7 n_cand=5000,128,0.9861132462,1.0000,853.2406,138.5705,0.0000,2.667776,2.667776;2.668863;2.657705;2.646031;2.670191,683.519344,1463.02,,331.76,0,3903,10,True,nid005056,58308543
SINDI,doc_prune=0.6 query_prune=0.7 n_cand=5000,128,0.9861132462,1.0000,835.0668,140.3835,0.0000,2.369369,2.369369;2.369210;2.370619;2.364360;2.372158,607.063541,1647.27,,378.31,0,3903,10,True,nid005919,58119952
SINDI,doc_prune=0 query_prune=0.1 n_cand=10,128,0.9861388675,1.0000,1423.7508,139.9263,0.0000,29.677696,29.643471;29.792434;29.677696;29.733158;29.635541,7603.816551,131.51,,421.53,0,3903,10,True,nid005539,58078825
SINDI,doc_prune=0 query_prune=0.1 n_cand=10,128,0.9861388675,1.0000,1331.0676,140.3835,0.0000,23.253066,23.205948;23.315585;23.261532;23.251205;23.253066,5957.741737,167.85,,378.30,0,3903,10,True,nid005919,58119952
SINDI,doc_prune=0 query_prune=0.1 n_cand=10,128,0.9861644889,1.0000,1539.0023,138.4841,0.0000,42.267506,42.221207;42.275600;42.267506;42.238891;42.268169,10829.491673,92.34,,462.88,0,3903,10,True,nid005491,58119954
SINDI,doc_prune=0.6 query_prune=0.7 n_cand=5000,128,0.9862413528,1.0000,834.6160,139.4089,0.0000,1.973074,1.979135;1.965430;1.972940;1.978589;1.973074,505.527543,1978.13,,309.45,0,3903,10,True,nid004909,58308541
SINDI,doc_prune=0.6 query_prune=0.7 n_cand=5000,128,0.9862413528,1.0000,827.9412,144.4894,0.0000,2.028106,2.028106;2.034213;2.029645;2.026088;2.025983,519.627466,1924.46,,356.16,0,3903,10,True,nid005807,58119950
SINDI,doc_prune=0.6 query_prune=0.7 n_cand=5000,128,0.9863182168,1.0000,912.4930,138.4841,0.0000,5.346051,5.338740;5.351430;5.336999;5.372668;5.346051,1369.728670,730.07,,462.89,0,3903,10,True,nid005491,58119954
SINDI,doc_prune=0.4 query_prune=0.5 n_cand=200,128,0.9864207020,1.0000,908.8737,139.9263,0.0000,6.054135,6.048706;6.061598;6.073518;6.049740;6.054135,1551.149116,644.68,,421.69,0,3903,10,True,nid005539,58078825
SINDI,doc_prune=0.4 query_prune=0.5 n_cand=200,128,0.9864207020,1.0000,896.6648,140.3835,0.0000,5.469834,5.469834;5.461208;5.500955;5.471029;5.466716,1401.443505,713.55,,378.31,0,3903,10,True,nid005919,58119952
SINDI,doc_prune=0.5 query_prune=0.7 n_cand=1000,128,0.9864975660,1.0000,871.5101,139.9263,0.0000,3.403109,3.403109;3.416550;3.395101;3.401066;3.408255,871.921343,1146.89,,421.69,0,3903,10,True,nid005539,58078825
SINDI,doc_prune=0.5 query_prune=0.7 n_cand=1000,128,0.9864975660,1.0000,867.1836,140.3835,0.0000,2.763141,2.772274;2.749794;2.763527;2.759743;2.763141,707.953113,1412.52,,378.31,0,3903,10,True,nid005919,58119952
SINDI,doc_prune=0.5 query_prune=0.7 n_cand=1000,128,0.9865231873,1.0000,948.7331,138.4841,0.0000,6.179919,6.166207;6.193314;6.179919;6.140617;6.216442,1583.376633,631.56,,462.89,0,3903,10,True,nid005491,58119954
SINDI,doc_prune=0.5 query_prune=0.7 n_cand=1000,128,0.9865488086,1.0000,851.5012,144.4894,0.0000,2.371689,2.376303;2.367747;2.377696;2.371689;2.365938,607.657955,1645.66,,356.16,0,3903,10,True,nid005807,58119950
SINDI,doc_prune=0.4 query_prune=0.5 n_cand=200,128,0.9865488086,1.0000,995.6898,138.4841,0.0000,10.990637,10.971176;11.021279;11.069275;10.990637;10.989893,2815.945939,355.12,,462.89,0,3903,10,True,nid005491,58119954
SINDI,doc_prune=0.4 query_prune=0.5 n_cand=200,128,0.9866000512,1.0000,878.0739,144.4894,0.0000,4.590455,4.593300;4.564814;4.581360;4.592974;4.590455,1176.135024,850.24,,356.16,0,3903,10,True,nid005807,58119950
SINDI,doc_prune=0.6 query_prune=0.7 n_cand=5000,128,0.9866769152,1.0000,829.3976,138.9062,0.0000,1.888525,1.889138;1.885415;1.888503;1.888525;1.891781,483.864976,2066.69,,307.73,0,3903,10,True,nid004658,58308544
SINDI,doc_prune=0.4 query_prune=0.2 n_cand=200,128,0.9867025365,1.0000,908.8737,139.9263,0.0000,8.709886,8.719777;8.709886;8.624901;8.707671;8.750836,2231.587497,448.11,,421.69,0,3903,10,True,nid005539,58078825
SINDI,doc_prune=0.4 query_prune=0.2 n_cand=200,128,0.9867025365,1.0000,896.6648,140.3835,0.0000,8.002193,8.023180;7.962908;8.006383;8.002193;7.983734,2050.267230,487.74,,378.31,0,3903,10,True,nid005919,58119952
SINDI,doc_prune=0.4 query_prune=0.2 n_cand=200,128,0.9869075070,1.0000,995.6898,138.4841,0.0000,15.690693,15.690693;15.766099;15.571713;15.603840;15.712837,4020.162183,248.75,,462.89,0,3903,10,True,nid005491,58119954
SINDI,doc_prune=0.4 query_prune=0 n_cand=200,128,0.9870356136,1.0000,995.6898,138.4841,0.0000,18.735501,18.802168;18.649262;18.735501;18.630073;18.759881,4800.282091,208.32,,462.89,0,3903,10,True,nid005491,58119954
SINDI,doc_prune=0.4 query_prune=0.1 n_cand=200,128,0.9870612349,1.0000,908.8737,139.9263,0.0000,9.507491,9.538493;9.532795;9.483988;9.487918;9.507491,2435.944402,410.52,,421.69,0,3903,10,True,nid005539,58078825
SINDI,doc_prune=0.4 query_prune=0.1 n_cand=200,128,0.9870612349,1.0000,896.6648,140.3835,0.0000,8.789226,8.761849;8.789226;8.792394;8.795636;8.766708,2251.915450,444.07,,378.31,0,3903,10,True,nid005919,58119952
SINDI,doc_prune=0.6 query_prune=0.5 n_cand=5000,128,0.9871893415,1.0000,834.6160,139.4089,0.0000,3.052937,3.046850;3.056765;3.050526;3.052937;3.056007,782.202665,1278.44,,309.45,0,3903,10,True,nid004909,58308541
SINDI,doc_prune=0.6 query_prune=0.5 n_cand=5000,128,0.9871893415,1.0000,827.9412,144.4894,0.0000,3.159678,3.163782;3.146636;3.165499;3.154109;3.159678,809.551115,1235.25,,356.16,0,3903,10,True,nid005807,58119950
SINDI,doc_prune=0.4 query_prune=0.3 n_cand=200,128,0.9872149628,1.0000,995.6898,138.4841,0.0000,14.118144,14.099322;14.094940;14.155509;14.118144;14.147229,3617.254420,276.45,,462.89,0,3903,10,True,nid005491,58119954
SINDI,doc_prune=0.4 query_prune=0.3 n_cand=200,128,0.9872662055,1.0000,908.8737,139.9263,0.0000,7.814844,7.800611;7.819715;7.806939;7.848257;7.814844,2002.265949,499.43,,421.69,0,3903,10,True,nid005539,58078825
SINDI,doc_prune=0.4 query_prune=0.3 n_cand=200,128,0.9872662055,1.0000,896.6648,140.3835,0.0000,7.157579,7.153256;7.152828;7.177070;7.157579;7.180093,1833.866001,545.30,,378.31,0,3903,10,True,nid005919,58119952
SINDI,doc_prune=0.4 query_prune=0.1 n_cand=200,128,0.9872662055,1.0000,995.6898,138.4841,0.0000,17.056230,17.123804;17.073365;17.056230;17.037305;17.005073,4370.030746,228.83,,462.89,0,3903,10,True,nid005491,58119954
SINDI,doc_prune=0.4 query_prune=0 n_cand=200,128,0.9872918268,1.0000,908.8737,139.9263,0.0000,10.427908,10.373068;10.375009;10.437657;10.490618;10.427908,2671.767358,374.28,,421.69,0,3903,10,True,nid005539,58078825
SINDI,doc_prune=0.4 query_prune=0 n_cand=200,128,0.9872918268,1.0000,896.6648,140.3835,0.0000,9.625375,9.573105;9.630923;9.625375;9.630844;9.599658,2466.147835,405.49,,378.31,0,3903,10,True,nid005919,58119952
SINDI,doc_prune=0.6 query_prune=0.5 n_cand=5000,128,0.9872918268,1.0000,912.4930,138.4841,0.0000,8.227517,8.227517;8.243661;8.222339;8.192464;8.252872,2107.998207,474.38,,462.89,0,3903,10,True,nid005491,58119954
SINDI,doc_prune=0.4 query_prune=0.1 n_cand=200,128,0.9873430694,1.0000,878.0739,144.4894,0.0000,7.443462,7.442834;7.439798;7.443462;7.445781;7.454972,1907.112990,524.35,,356.16,0,3903,10,True,nid005807,58119950
SINDI,doc_prune=0.6 query_prune=0.1 n_cand=5000,128,0.9873943121,1.0000,839.5646,139.9263,0.0000,6.951246,6.977110;6.953412;6.894460;6.951246;6.946435,1781.000769,561.48,,421.69,0,3903,10,True,nid005539,58078825
SINDI,doc_prune=0.4 query_prune=0.3 n_cand=200,128,0.9873943121,1.0000,878.0739,144.4894,0.0000,6.031660,6.047563;6.038011;6.005147;6.031660;6.023819,1545.390725,647.09,,356.16,0,3903,10,True,nid005807,58119950
SINDI,doc_prune=0.6 query_prune=0.1 n_cand=5000,128,0.9873943121,1.0000,835.0668,140.3835,0.0000,5.723087,5.719913;5.755531;5.718625;5.723087;5.723400,1466.330259,681.97,,378.31,0,3903,10,True,nid005919,58119952
SINDI,doc_prune=0.6 query_prune=0 n_cand=5000,128,0.9875224187,1.0000,839.5646,139.9263,0.0000,7.577024,7.583485;7.614817;7.577024;7.568487;7.573127,1941.333333,515.11,,421.69,0,3903,10,True,nid005539,58078825
SINDI,doc_prune=0.6 query_prune=0.3 n_cand=5000,128,0.9875224187,1.0000,827.9412,144.4894,0.0000,4.167500,4.180949;4.162371;4.167500;4.170641;4.153678,1067.768383,936.53,,356.16,0,3903,10,True,nid005807,58119950
SINDI,doc_prune=0.6 query_prune=0 n_cand=5000,128,0.9875224187,1.0000,835.0668,140.3835,0.0000,6.323058,6.317757;6.319237;6.323058;6.331818;6.326946,1620.050730,617.26,,378.31,0,3903,10,True,nid005919,58119952
SINDI,doc_prune=0.4 query_prune=0 n_cand=200,128,0.9875736613,1.0000,878.0739,144.4894,0.0000,8.221203,8.221528;8.221203;8.214189;8.216141;8.249492,2106.380477,474.75,,356.16,0,3903,10,True,nid005807,58119950
SINDI,doc_prune=0.6 query_prune=0.2 n_cand=5000,128,0.9875736613,1.0000,912.4930,138.4841,0.0000,11.784940,11.787689;11.722502;11.702240;11.784940;11.798128,3019.456828,331.19,,462.89,0,3903,10,True,nid005491,58119954
SINDI,doc_prune=0.6 query_prune=0.1 n_cand=5000,128,0.9875992826,1.0000,912.4930,138.4841,0.0000,12.880931,12.884937;12.880931;12.864794;12.892814;12.873179,3300.264156,303.01,,462.89,0,3903,10,True,nid005491,58119954
SINDI,doc_prune=0.4 query_prune=0.2 n_cand=200,128,0.9876249039,1.0000,878.0739,144.4894,0.0000,6.762156,6.762156;6.765622;6.755402;6.740013;6.777161,1732.553420,577.18,,356.16,0,3903,10,True,nid005807,58119950
SINDI,doc_prune=0.6 query_prune=0.3 n_cand=5000,128,0.9876761466,1.0000,839.5646,139.9263,0.0000,5.687115,5.687115;5.698467;5.623462;5.665914;5.715762,1457.113759,686.29,,421.69,0,3903,10,True,nid005539,58078825
SINDI,doc_prune=0.6 query_prune=0.3 n_cand=5000,128,0.9876761466,1.0000,835.0668,140.3835,0.0000,4.683052,4.683052;4.676680;4.684778;4.683915;4.681379,1199.859595,833.43,,378.31,0,3903,10,True,nid005919,58119952
SINDI,doc_prune=0.6 query_prune=0.2 n_cand=5000,128,0.9877273892,1.0000,839.5646,139.9263,0.0000,6.312723,6.312723;6.353159;6.302085;6.267465;6.353654,1617.402767,618.28,,421.69,0,3903,10,True,nid005539,58078825
SINDI,doc_prune=0.6 query_prune=0.2 n_cand=5000,128,0.9877273892,1.0000,835.0668,140.3835,0.0000,5.221092,5.227036;5.216878;5.233747;5.221092;5.217632,1337.712529,747.54,,378.31,0,3903,10,True,nid005919,58119952
SINDI,doc_prune=0.6 query_prune=0.5 n_cand=5000,128,0.9877786318,1.0000,839.5646,139.9263,0.0000,4.378602,4.399037;4.358231;4.378602;4.374748;4.391990,1121.855496,891.38,,421.69,0,3903,10,True,nid005539,58078825
SINDI,doc_prune=0.6 query_prune=0.5 n_cand=5000,128,0.9877786318,1.0000,853.2406,138.5705,0.0000,4.091028,4.085761;4.094678;4.089193;4.091028;4.102990,1048.175250,954.04,,331.76,0,3903,10,True,nid005056,58308543
SINDI,doc_prune=0.6 query_prune=0.5 n_cand=5000,128,0.9877786318,1.0000,835.0668,140.3835,0.0000,3.595428,3.590127;3.595428;3.597495;3.600637;3.586336,921.196003,1085.55,,378.31,0,3903,10,True,nid005919,58119952
SINDI,doc_prune=0.6 query_prune=0 n_cand=5000,128,0.9878042531,1.0000,827.9412,144.4894,0.0000,5.546832,5.569078;5.546832;5.537597;5.553369;5.542187,1421.171407,703.64,,356.16,0,3903,10,True,nid005807,58119950
SINDI,doc_prune=0.6 query_prune=0.2 n_cand=5000,128,0.9878042531,1.0000,827.9412,144.4894,0.0000,4.656421,4.643330;4.656421;4.663462;4.669610;4.636096,1193.036382,838.20,,356.16,0,3903,10,True,nid005807,58119950
SINDI,doc_prune=0.6 query_prune=0 n_cand=5000,128,0.9878298745,1.0000,912.4930,138.4841,0.0000,14.048883,14.044455;14.048883;14.062178;14.028058;14.116282,3599.508839,277.82,,462.89,0,3903,10,True,nid005491,58119954
SINDI,doc_prune=0.6 query_prune=0.3 n_cand=5000,128,0.9878811171,1.0000,912.4930,138.4841,0.0000,10.612506,10.635411;10.671660;10.612465;10.612506;10.591743,2719.063797,367.77,,462.89,0,3903,10,True,nid005491,58119954
SINDI,doc_prune=0.6 query_prune=0.5 n_cand=5000,128,0.9879579810,1.0000,829.3976,138.9062,0.0000,2.911141,2.918217;2.899660;2.904465;2.911141;2.913181,745.872662,1340.71,,307.73,0,3903,10,True,nid004658,58308544
SINDI,doc_prune=0.6 query_prune=0.1 n_cand=5000,128,0.9879579810,1.0000,827.9412,144.4894,0.0000,5.062330,5.055699;5.062330;5.072214;5.057378;5.088751,1297.035614,770.99,,356.16,0,3903,10,True,nid005807,58119950
SINDI,doc_prune=0.5 query_prune=0.2 n_cand=1000,128,0.9882398155,1.0000,948.7331,138.4841,0.0000,13.502864,13.560981;13.499613;13.502864;13.532511;13.392816,3459.611581,289.05,,462.89,0,3903,10,True,nid005491,58119954
SINDI,doc_prune=0.5 query_prune=0.2 n_cand=1000,128,0.9883679221,1.0000,871.5101,139.9263,0.0000,7.358075,7.396336;7.377212;7.336834;7.327127;7.358075,1885.235716,530.44,,421.69,0,3903,10,True,nid005539,58078825
SINDI,doc_prune=0.5 query_prune=0.2 n_cand=1000,128,0.9883679221,1.0000,851.5012,144.4894,0.0000,5.376466,5.367772;5.362588;5.376466;5.396517;5.398674,1377.521394,725.94,,356.16,0,3903,10,True,nid005807,58119950
SINDI,doc_prune=0.5 query_prune=0.2 n_cand=1000,128,0.9883679221,1.0000,867.1836,140.3835,0.0000,6.357545,6.323782;6.372489;6.355468;6.357545;6.373003,1628.886754,613.92,,378.31,0,3903,10,True,nid005919,58119952
SINDI,doc_prune=0.5 query_prune=0 n_cand=1000,128,0.9884960287,1.0000,871.5101,139.9263,0.0000,8.718603,8.746246;8.718603;8.780929;8.699744;8.683356,2233.820907,447.66,,421.69,0,3903,10,True,nid005539,58078825
SINDI,doc_prune=0.5 query_prune=0.1 n_cand=1000,128,0.9884960287,1.0000,851.5012,144.4894,0.0000,5.900976,5.895812;5.900976;5.905940;5.876939;5.909927,1511.907763,661.42,,356.16,0,3903,10,True,nid005807,58119950
SINDI,doc_prune=0.5 query_prune=0 n_cand=1000,128,0.9884960287,1.0000,867.1836,140.3835,0.0000,7.720070,7.712940;7.736012;7.720070;7.726522;7.704104,1977.983602,505.57,,378.31,0,3903,10,True,nid005919,58119952
SINDI,doc_prune=0.5 query_prune=0.5 n_cand=1000,128,0.9885728926,1.0000,851.5012,144.4894,0.0000,3.756935,3.761457;3.756935;3.742179;3.758997;3.753369,962.576223,1038.88,,356.16,0,3903,10,True,nid005807,58119950
SINDI,doc_prune=0.5 query_prune=0 n_cand=1000,128,0.9885728926,1.0000,948.7331,138.4841,0.0000,16.070699,16.070699;16.154920;16.033972;16.066976;16.145057,4117.524725,242.86,,462.89,0,3903,10,True,nid005491,58119954
SINDI,doc_prune=0.5 query_prune=0.1 n_cand=1000,128,0.9885985140,1.0000,871.5101,139.9263,0.0000,8.042915,8.042915;8.038041;8.021902;8.076396;8.059517,2060.700743,485.27,,421.69,0,3903,10,True,nid005539,58078825
SINDI,doc_prune=0.5 query_prune=0.1 n_cand=1000,128,0.9885985140,1.0000,867.1836,140.3835,0.0000,6.990556,7.030680;6.990556;6.984431;6.988785;6.999676,1791.072508,558.32,,378.31,0,3903,10,True,nid005919,58119952
SINDI,doc_prune=0.5 query_prune=0.1 n_cand=1000,128,0.9886497566,1.0000,948.7331,138.4841,0.0000,14.700220,14.705414;14.727987;14.672537;14.700220;14.621427,3766.389956,265.51,,462.89,0,3903,10,True,nid005491,58119954
SINDI,doc_prune=0.5 query_prune=0 n_cand=1000,128,0.9886753779,1.0000,851.5012,144.4894,0.0000,6.448922,6.448719;6.436641;6.448922;6.469167;6.458557,1652.298745,605.22,,356.16,0,3903,10,True,nid005807,58119950
SINDI,doc_prune=0.5 query_prune=0.5 n_cand=1000,128,0.9887009992,1.0000,871.5101,139.9263,0.0000,5.196830,5.205271;5.197966;5.156871;5.196830;5.168199,1331.496285,751.03,,421.69,0,3903,10,True,nid005539,58078825
SINDI,doc_prune=0.5 query_prune=0.5 n_cand=1000,128,0.9887009992,1.0000,867.1836,140.3835,0.0000,4.332693,4.332693;4.330917;4.316863;4.334760;4.343609,1110.093005,900.83,,378.31,0,3903,10,True,nid005919,58119952
SINDI,doc_prune=0.5 query_prune=0.3 n_cand=1000,128,0.9887522419,1.0000,871.5101,139.9263,0.0000,6.640648,6.681891;6.659724;6.633553;6.640648;6.621368,1701.421471,587.74,,421.69,0,3903,10,True,nid005539,58078825
SINDI,doc_prune=0.5 query_prune=0.3 n_cand=1000,128,0.9887522419,1.0000,867.1836,140.3835,0.0000,5.664297,5.656406;5.664297;5.679591;5.656402;5.688169,1451.267487,689.05,,378.31,0,3903,10,True,nid005919,58119952
SINDI,doc_prune=0.5 query_prune=0.3 n_cand=1000,128,0.9887778632,1.0000,948.7331,138.4841,0.0000,12.100341,12.100341;12.102768;12.100065;12.099445;12.175558,3100.266718,322.55,,462.89,0,3903,10,True,nid005491,58119954
SINDI,doc_prune=0 query_prune=0.5 n_cand=20,128,0.9889315911,1.0000,1224.9409,144.4894,0.0000,12.485039,12.491414;12.498294;12.485039;12.470054;12.479305,3198.831412,312.61,,356.16,0,3903,10,True,nid005807,58119950
SINDI,doc_prune=0.5 query_prune=0.5 n_cand=1000,128,0.9890084550,1.0000,948.7331,138.4841,0.0000,9.433988,9.471062;9.417071;9.479133;9.433988;9.411444,2417.111965,413.72,,462.89,0,3903,10,True,nid005491,58119954
SINDI,doc_prune=0.5 query_prune=0.3 n_cand=1000,128,0.9890853190,1.0000,851.5012,144.4894,0.0000,4.858321,4.858321;4.857773;4.887942;4.853670;4.865215,1244.765821,803.36,,356.16,0,3903,10,True,nid005807,58119950
SINDI,doc_prune=0 query_prune=0.5 n_cand=20,128,0.9892902895,1.0000,1539.0023,138.4841,0.0000,25.012175,25.012175;24.936351;25.014603;25.101137;24.859733,6408.448629,156.04,,462.89,0,3903,10,True,nid005491,58119954
SINDI,doc_prune=0 query_prune=0.5 n_cand=20,128,0.9898283372,1.0000,1423.7508,139.9263,0.0000,18.074324,17.983980;18.085423;17.998943;18.074324;18.136385,4630.879836,215.94,,421.65,0,3903,10,True,nid005539,58078825
SINDI,doc_prune=0 query_prune=0.5 n_cand=20,128,0.9898283372,1.0000,1331.0676,140.3835,0.0000,14.597128,14.646639;14.585353;14.597128;14.641095;14.589738,3739.976428,267.38,,378.30,0,3903,10,True,nid005919,58119952
SINDI,doc_prune=0.3 query_prune=0.7 n_cand=200,128,0.9907763259,0.9997,951.3276,139.9263,0.0000,4.731179,4.717585;4.764629;4.747604;4.704336;4.731179,1212.190366,824.95,,421.69,0,3903,10,True,nid005539,58078825
SINDI,doc_prune=0.3 query_prune=0.7 n_cand=200,128,0.9907763259,0.9997,939.5704,140.3835,0.0000,4.389785,4.389785;4.378338;4.384853;4.392852;4.392925,1124.720728,889.11,,378.31,0,3903,10,True,nid005919,58119952
SINDI,doc_prune=0.3 query_prune=0.7 n_cand=200,128,0.9908531899,0.9997,1046.2253,138.4841,0.0000,8.092817,8.093714;8.076383;8.092758;8.092817;8.144970,2073.486293,482.28,,462.89,0,3903,10,True,nid005491,58119954
SINDI,doc_prune=0.3 query_prune=0.7 n_cand=200,128,0.9913399949,0.9997,912.5443,144.4894,0.0000,3.660924,3.661032;3.688457;3.650579;3.652654;3.660924,937.976941,1066.12,,356.16,0,3903,10,True,nid005807,58119950
SINDI,doc_prune=0.1 query_prune=0.3 n_cand=20,128,0.9918267999,1.0000,1033.3694,144.4894,0.0000,11.616510,11.576113;11.624242;11.616510;11.644194;11.595414,2976.302844,335.99,,356.16,0,3903,10,True,nid005807,58119950
SINDI,doc_prune=0.1 query_prune=0.2 n_cand=20,128,0.9918780425,1.0000,1216.6425,138.4841,0.0000,26.880931,26.880931;26.933681;26.881599;26.763817;26.795866,6887.248527,145.20,,462.89,0,3903,10,True,nid005491,58119954
SINDI,doc_prune=0.1 query_prune=0.3 n_cand=20,128,0.9920317704,1.0000,1216.6425,138.4841,0.0000,23.855287,23.789821;23.858843;23.855287;23.901859;23.751208,6112.038688,163.61,,462.89,0,3903,10,True,nid005491,58119954
SINDI,doc_prune=0.1 query_prune=0.3 n_cand=20,128,0.9920573917,1.0000,1137.8844,139.9263,0.0000,15.933157,15.945190;15.930941;15.933157;15.986498;15.920613,4082.284653,244.96,,421.69,0,3903,10,True,nid005539,58078825
SINDI,doc_prune=0.1 query_prune=0.3 n_cand=20,128,0.9920573917,1.0000,1088.0379,140.3835,0.0000,13.493218,13.477941;13.497098;13.493218;13.512650;13.488218,3457.140149,289.26,,378.31,0,3903,10,True,nid005919,58119952
SINDI,doc_prune=0.2 query_prune=0.5 n_cand=50,128,0.9920830131,1.0000,1017.0258,139.9263,0.0000,9.329559,9.317323;9.375189;9.318807;9.329559;9.344491,2390.355880,418.35,,421.69,0,3903,10,True,nid005539,58078825
SINDI,doc_prune=0.1 query_prune=0.1 n_cand=20,128,0.9920830131,1.0000,1033.3694,144.4894,0.0000,13.851102,13.815290;13.877337;13.851102;13.864277;13.819415,3548.834743,281.78,,356.16,0,3903,10,True,nid005807,58119950
SINDI,doc_prune=0.2 query_prune=0.5 n_cand=50,128,0.9920830131,1.0000,995.7150,140.3835,0.0000,8.202270,8.225883;8.191219;8.200757;8.205257;8.202270,2101.529593,475.84,,378.31,0,3903,10,True,nid005919,58119952
SINDI,doc_prune=0.2 query_prune=0.5 n_cand=50,128,0.9921086344,1.0000,959.1791,144.4894,0.0000,7.269658,7.269658;7.277039;7.268488;7.274365;7.259025,1862.582116,536.89,,356.16,0,3903,10,True,nid005807,58119950
SINDI,doc_prune=0.1 query_prune=0.1 n_cand=20,128,0.9921342557,1.0000,1216.6425,138.4841,0.0000,29.313193,29.452026;29.355766;29.310511;29.313193;29.239207,7510.426083,133.15,,462.89,0,3903,10,True,nid005491,58119954
SINDI,doc_prune=0.1 query_prune=0.1 n_cand=20,128,0.9921854983,1.0000,1137.8844,139.9263,0.0000,19.149636,19.145740;19.149636;19.132266;19.269994;19.238664,4906.388932,203.82,,421.69,0,3903,10,True,nid005539,58078825
SINDI,doc_prune=0.1 query_prune=0.1 n_cand=20,128,0.9921854983,1.0000,1088.0379,140.3835,0.0000,16.414069,16.415087;16.325654;16.414069;16.389163;16.424460,4205.500641,237.78,,378.31,0,3903,10,True,nid005919,58119952
SINDI,doc_prune=0.1 query_prune=0.2 n_cand=20,128,0.9922111197,1.0000,1033.3694,144.4894,0.0000,12.974970,12.954536;12.974970;12.970678;12.984974;13.007681,3324.358186,300.81,,356.16,0,3903,10,True,nid005807,58119950
SINDI,doc_prune=0.2 query_prune=0.3 n_cand=50,128,0.9922111197,1.0000,959.1791,144.4894,0.0000,9.417242,9.413317;9.442897;9.410256;9.451746;9.417242,2412.821419,414.45,,356.16,0,3903,10,True,nid005807,58119950
SINDI,doc_prune=0.4 query_prune=0.7 n_cand=1000,128,0.9922879836,1.0000,908.8737,139.9263,0.0000,4.092698,4.090373;4.099996;4.094149;4.092698;4.091033,1048.603126,953.65,,421.69,0,3903,10,True,nid005539,58078825
SINDI,doc_prune=0.4 query_prune=0.7 n_cand=1000,128,0.9922879836,1.0000,896.6648,140.3835,0.0000,3.511153,3.511153;3.531405;3.503651;3.494311;3.518938,899.603638,1111.60,,378.31,0,3903,10,True,nid005919,58119952
SINDI,doc_prune=0.1 query_prune=0 n_cand=20,128,0.9922879836,1.0000,1216.6425,138.4841,0.0000,32.228426,32.212671;32.211377;32.228426;32.246650;32.367584,8257.347169,121.10,,462.89,0,3903,10,True,nid005491,58119954
SINDI,doc_prune=0.2 query_prune=0.5 n_cand=50,128,0.9922879836,1.0000,1106.6949,138.4841,0.0000,14.670572,14.657599;14.670572;14.715096;14.726260;14.647372,3758.793748,266.04,,462.89,0,3903,10,True,nid005491,58119954
SINDI,doc_prune=0.1 query_prune=0 n_cand=20,128,0.9923392262,1.0000,1137.8844,139.9263,0.0000,21.136850,21.136850;21.081168;21.012912;21.203589;21.142835,5415.539329,184.65,,421.69,0,3903,10,True,nid005539,58078825
SINDI,doc_prune=0.1 query_prune=0 n_cand=20,128,0.9923392262,1.0000,1088.0379,140.3835,0.0000,17.941159,18.008766;17.909362;17.940273;18.000306;17.941159,4596.761209,217.54,,378.31,0,3903,10,True,nid005919,58119952
SINDI,doc_prune=0.1 query_prune=0.2 n_cand=20,128,0.9924673328,1.0000,1137.8844,139.9263,0.0000,17.871968,17.887619;17.801401;17.833050;17.897109;17.871968,4579.033564,218.39,,421.69,0,3903,10,True,nid005539,58078825
SINDI,doc_prune=0.1 query_prune=0 n_cand=20,128,0.9924673328,1.0000,1033.3694,144.4894,0.0000,15.134212,15.173985;15.118295;15.154185;15.134212;15.128729,3877.584422,257.89,,356.16,0,3903,10,True,nid005807,58119950
SINDI,doc_prune=0.2 query_prune=0.7 n_cand=200,128,0.9924673328,0.9997,959.1791,144.4894,0.0000,4.555967,4.559081;4.554043;4.555967;4.549561;4.568381,1167.298745,856.68,,356.16,0,3903,10,True,nid005807,58119950
SINDI,doc_prune=0.1 query_prune=0.2 n_cand=20,128,0.9924673328,1.0000,1088.0379,140.3835,0.0000,15.107939,15.107939;15.122580;15.088319;15.121751;15.103075,3870.852934,258.34,,378.31,0,3903,10,True,nid005919,58119952
SINDI,doc_prune=0.5 query_prune=0.7 n_cand=5000,128,0.9926723034,1.0000,856.4825,138.9062,0.0000,2.369102,2.365437;2.378721;2.369102;2.368341;2.373991,606.995132,1647.46,,307.73,0,3903,10,True,nid004658,58308544
SINDI,doc_prune=0.2 query_prune=0.2 n_cand=50,128,0.9926723034,1.0000,959.1791,144.4894,0.0000,10.423599,10.409560;10.419847;10.432889;10.433267;10.423599,2670.663336,374.44,,356.16,0,3903,10,True,nid005807,58119950
SINDI,doc_prune=0 query_prune=0.7 n_cand=200,128,0.9926723034,0.9997,1539.0023,138.4841,0.0000,14.807791,14.796901;14.832549;14.793040;14.807791;14.825820,3793.951063,263.58,,462.89,0,3903,10,True,nid005491,58119954
SINDI,doc_prune=0.5 query_prune=0.7 n_cand=5000,128,0.9926979247,1.0000,871.5101,139.9263,0.0000,3.536844,3.547339;3.544796;3.536844;3.534563;3.535748,906.186011,1103.53,,421.69,0,3903,10,True,nid005539,58078825
SINDI,doc_prune=0.5 query_prune=0.7 n_cand=5000,128,0.9926979247,1.0000,888.6183,138.5705,0.0000,3.375391,3.375391;3.367492;3.396914;3.370798;3.391965,864.819626,1156.31,,331.76,0,3903,10,True,nid005056,58308543
SINDI,doc_prune=0.5 query_prune=0.7 n_cand=5000,128,0.9926979247,1.0000,867.1836,140.3835,0.0000,2.974531,2.973908;2.978337;2.971089;2.974531;2.980307,762.114015,1312.14,,378.31,0,3903,10,True,nid005919,58119952
SINDI,doc_prune=0.1 query_prune=0.7 n_cand=200,128,0.9927235460,0.9997,1137.8844,139.9263,0.0000,7.272065,7.274921;7.228882;7.221100;7.280390;7.272065,1863.198821,536.71,,421.69,0,3903,10,True,nid005539,58078825
SINDI,doc_prune=0.1 query_prune=0.7 n_cand=200,128,0.9927235460,0.9997,1088.0379,140.3835,0.0000,6.321405,6.321405;6.320849;6.320228;6.349378;6.332006,1619.627210,617.43,,378.31,0,3903,10,True,nid005919,58119952
SINDI,doc_prune=0.4 query_prune=0.7 n_cand=1000,128,0.9927491673,1.0000,995.6898,138.4841,0.0000,7.277651,7.288959;7.277651;7.254441;7.305681;7.268248,1864.630028,536.30,,462.89,0,3903,10,True,nid005491,58119954
SINDI,doc_prune=0.2 query_prune=0.1 n_cand=50,128,0.9927747886,1.0000,1017.0258,139.9263,0.0000,15.248829,15.164586;15.237771;15.253071;15.248829;15.306944,3906.950807,255.95,,421.69,0,3903,10,True,nid005539,58078825
SINDI,doc_prune=0 query_prune=0.7 n_cand=200,128,0.9927747886,0.9997,1224.9409,144.4894,0.0000,7.440112,7.440112;7.450028;7.436327;7.425322;7.440450,1906.254676,524.59,,356.16,0,3903,10,True,nid005807,58119950
SINDI,doc_prune=0.2 query_prune=0.1 n_cand=50,128,0.9927747886,1.0000,995.7150,140.3835,0.0000,13.128437,13.123639;13.121930;13.128437;13.139153;13.138879,3363.678452,297.29,,378.31,0,3903,10,True,nid005919,58119952
SINDI,doc_prune=0.2 query_prune=0 n_cand=50,128,0.9928260313,1.0000,1017.0258,139.9263,0.0000,16.757363,16.757363;16.709920;16.834392;16.750217;16.782654,4293.457084,232.91,,421.69,0,3903,10,True,nid005539,58078825
SINDI,doc_prune=0.2 query_prune=0.3 n_cand=50,128,0.9928260313,1.0000,1017.0258,139.9263,0.0000,12.325644,12.325644;12.283765;12.415481;12.341034;12.295901,3157.992314,316.66,,421.69,0,3903,10,True,nid005539,58078825
SINDI,doc_prune=0.2 query_prune=0 n_cand=50,128,0.9928260313,1.0000,995.7150,140.3835,0.0000,14.404972,14.412843;14.404972;14.438414;14.374900;14.398037,3690.743531,270.95,,378.31,0,3903,10,True,nid005919,58119952
SINDI,doc_prune=0.2 query_prune=0.3 n_cand=50,128,0.9928260313,1.0000,995.7150,140.3835,0.0000,10.684516,10.725466;10.684516;10.670651;10.684840;10.675704,2737.513707,365.29,,378.31,0,3903,10,True,nid005919,58119952
SINDI,doc_prune=0.2 query_prune=0.7 n_cand=200,128,0.9928516526,0.9997,1017.0258,139.9263,0.0000,5.853380,5.801900;5.881492;5.853380;5.854907;5.817915,1499.713041,666.79,,421.69,0,3903,10,True,nid005539,58078825
SINDI,doc_prune=0.2 query_prune=0.7 n_cand=200,128,0.9928516526,0.9997,995.7150,140.3835,0.0000,5.291880,5.318195;5.302290;5.282212;5.291880;5.278770,1355.849347,737.55,,378.31,0,3903,10,True,nid005919,58119952
SINDI,doc_prune=0.5 query_prune=0.5 n_cand=5000,128,0.9928772739,1.0000,871.5101,139.9263,0.0000,5.334070,5.327174;5.334070;5.337383;5.315026;5.339158,1366.658980,731.71,,421.69,0,3903,10,True,nid005539,58078825
SINDI,doc_prune=0.5 query_prune=0.5 n_cand=5000,128,0.9928772739,1.0000,888.6183,138.5705,0.0000,5.087077,5.090596;5.054868;5.087077;5.102443;5.079884,1303.376121,767.24,,331.76,0,3903,10,True,nid005056,58308543
SINDI,doc_prune=0.5 query_prune=0.5 n_cand=5000,128,0.9928772739,1.0000,867.1836,140.3835,0.0000,4.544825,4.540737;4.540408;4.557331;4.544825;4.545514,1164.444017,858.78,,378.31,0,3903,10,True,nid005919,58119952
SINDI,doc_prune=0.2 query_prune=0.3 n_cand=50,128,0.9928772739,1.0000,1106.6949,138.4841,0.0000,19.591934,19.533311;19.477197;19.647808;19.591934;19.646801,5019.711504,199.21,,462.89,0,3903,10,True,nid005491,58119954
SINDI,doc_prune=0.5 query_prune=0.7 n_cand=5000,128,0.9928772739,1.0000,948.7331,138.4841,0.0000,6.325179,6.305175;6.330346;6.328264;6.325179;6.309235,1620.594158,617.06,,462.89,0,3903,10,True,nid005491,58119954
SINDI,doc_prune=0.5 query_prune=0.3 n_cand=5000,128,0.9929028952,1.0000,871.5101,139.9263,0.0000,6.837268,6.786032;6.837268;6.781090;6.853954;6.850224,1751.798104,570.84,,421.69,0,3903,10,True,nid005539,58078825
SINDI,doc_prune=0.4 query_prune=0.7 n_cand=1000,128,0.9929028952,1.0000,878.0739,144.4894,0.0000,2.963478,2.975743;2.963478;2.979889;2.956759;2.952488,759.282091,1317.03,,356.16,0,3903,10,True,nid005807,58119950
SINDI,doc_prune=0.5 query_prune=0.3 n_cand=5000,128,0.9929028952,1.0000,867.1836,140.3835,0.0000,5.929516,5.917014;5.946340;5.932416;5.920693;5.929516,1519.220087,658.23,,378.31,0,3903,10,True,nid005919,58119952
SINDI,doc_prune=0.2 query_prune=0.2 n_cand=50,128,0.9929541378,1.0000,1017.0258,139.9263,0.0000,13.816624,13.895795;13.859551;13.816624;13.789340;13.778987,3540.001025,282.49,,421.69,0,3903,10,True,nid005539,58078825
SINDI,doc_prune=0.1 query_prune=0.7 n_cand=200,128,0.9929541378,0.9997,1033.3694,144.4894,0.0000,5.499931,5.493456;5.496911;5.515523;5.499931;5.507811,1409.154753,709.65,,356.16,0,3903,10,True,nid005807,58119950
SINDI,doc_prune=0.2 query_prune=0.2 n_cand=50,128,0.9929541378,1.0000,995.7150,140.3835,0.0000,11.911349,11.897432;11.890595;11.918291;11.917388;11.911349,3051.844479,327.67,,378.31,0,3903,10,True,nid005919,58119952
SINDI,doc_prune=0.1 query_prune=0.7 n_cand=200,128,0.9929541378,0.9997,1216.6425,138.4841,0.0000,10.884770,10.884770;10.856695;10.886428;10.893987;10.801014,2788.821419,358.57,,462.89,0,3903,10,True,nid005491,58119954
SINDI,doc_prune=0.5 query_prune=0.2 n_cand=5000,128,0.9929541378,1.0000,948.7331,138.4841,0.0000,13.597742,13.597742;13.558788;13.599475;13.586763;13.649401,3483.920574,287.03,,462.89,0,3903,10,True,nid005491,58119954
SINDI,doc_prune=0.2 query_prune=0 n_cand=50,128,0.9929797592,1.0000,1106.6949,138.4841,0.0000,26.791744,26.793073;26.785399;26.791744;26.802425;26.782545,6864.397643,145.68,,462.89,0,3903,10,True,nid005491,58119954
SINDI,doc_prune=0.2 query_prune=0.1 n_cand=50,128,0.9929797592,1.0000,1106.6949,138.4841,0.0000,24.205664,24.180156;24.225623;24.205664;24.143220;24.336382,6201.809890,161.24,,462.89,0,3903,10,True,nid005491,58119954
SINDI,doc_prune=0.2 query_prune=0.7 n_cand=200,128,0.9929797592,0.9997,1106.6949,138.4841,0.0000,9.260549,9.255297;9.260549;9.248270;9.307113;9.271706,2372.674609,421.47,,462.89,0,3903,10,True,nid005491,58119954
SINDI,doc_prune=0.5 query_prune=0.3 n_cand=5000,128,0.9930053805,1.0000,851.5012,144.4894,0.0000,4.994129,4.994129;4.992098;4.994909;4.991690;5.005378,1279.561619,781.52,,356.16,0,3903,10,True,nid005807,58119950
SINDI,doc_prune=0.5 query_prune=0.7 n_cand=5000,128,0.9930566231,1.0000,859.0688,139.4089,0.0000,2.498416,2.491944;2.502884;2.500804;2.498416;2.492045,640.127082,1562.19,,309.45,0,3903,10,True,nid004909,58308541
SINDI,doc_prune=0.2 query_prune=0 n_cand=50,128,0.9930566231,1.0000,959.1791,144.4894,0.0000,12.504658,12.564160;12.480543;12.502076;12.504658;12.505530,3203.858058,312.12,,356.16,0,3903,10,True,nid005807,58119950
SINDI,doc_prune=0.5 query_prune=0.7 n_cand=5000,128,0.9930566231,1.0000,851.5012,144.4894,0.0000,2.512973,2.512973;2.508787;2.520921;2.501853;2.517216,643.856777,1553.14,,356.16,0,3903,10,True,nid005807,58119950
SINDI,doc_prune=0.5 query_prune=0.5 n_cand=5000,128,0.9930822444,1.0000,948.7331,138.4841,0.0000,9.592576,9.619039;9.567047;9.566391;9.592576;9.603614,2457.744299,406.88,,462.89,0,3903,10,True,nid005491,58119954
SINDI,doc_prune=0 query_prune=0.7 n_cand=200,128,0.9931078657,0.9997,1423.7508,139.9263,0.0000,10.552107,10.533853;10.537173;10.615401;10.552107;10.616978,2703.588778,369.88,,421.68,0,3903,10,True,nid005539,58078825
SINDI,doc_prune=0 query_prune=0.7 n_cand=200,128,0.9931078657,0.9997,1331.0676,140.3835,0.0000,8.619613,8.604292;8.619613;8.625926;8.603530;8.637641,2208.458365,452.80,,378.30,0,3903,10,True,nid005919,58119952
SINDI,doc_prune=0.5 query_prune=0.2 n_cand=5000,128,0.9931334871,1.0000,871.5101,139.9263,0.0000,7.563096,7.567873;7.563096;7.560629;7.612886;7.550274,1937.764796,516.06,,421.69,0,3903,10,True,nid005539,58078825
SINDI,doc_prune=0.5 query_prune=0.2 n_cand=5000,128,0.9931334871,1.0000,867.1836,140.3835,0.0000,6.611082,6.622699;6.611082;6.604970;6.614749;6.603534,1693.846272,590.37,,378.31,0,3903,10,True,nid005919,58119952
SINDI,doc_prune=0 query_prune=0 n_cand=10,128,0.9931334871,1.0000,1539.0023,138.4841,0.0000,46.729360,46.729360;46.892884;46.699623;46.696790;46.924303,11972.677428,83.52,,462.88,0,3903,10,True,nid005491,58119954
SINDI,doc_prune=0.2 query_prune=0.2 n_cand=50,128,0.9931334871,1.0000,1106.6949,138.4841,0.0000,21.995618,21.965395;22.091353;21.995618;21.971353;22.012187,5635.567000,177.44,,462.89,0,3903,10,True,nid005491,58119954
SINDI,doc_prune=0.5 query_prune=0.1 n_cand=5000,128,0.9931334871,1.0000,948.7331,138.4841,0.0000,14.814988,14.793079;14.814988;14.915231;14.843510;14.811299,3795.795029,263.45,,462.89,0,3903,10,True,nid005491,58119954
SINDI,doc_prune=0.5 query_prune=0.2 n_cand=5000,128,0.9931591084,1.0000,851.5012,144.4894,0.0000,5.551855,5.561182;5.543541;5.551855;5.530392;5.553186,1422.458365,703.01,,356.16,0,3903,10,True,nid005807,58119950
SINDI,doc_prune=0 query_prune=0 n_cand=10,128,0.9931847297,1.0000,1423.7508,139.9263,0.0000,32.661386,32.642404;32.628618;32.661386;32.690546;32.828978,8368.277223,119.50,,421.48,0,3903,10,True,nid005539,58078825
SINDI,doc_prune=0.4 query_prune=0.2 n_cand=1000,128,0.9931847297,1.0000,908.8737,139.9263,0.0000,8.778403,8.778403;8.841331;8.734015;8.821303;8.710298,2249.142455,444.61,,421.69,0,3903,10,True,nid005539,58078825
SINDI,doc_prune=0.4 query_prune=0 n_cand=1000,128,0.9931847297,1.0000,878.0739,144.4894,0.0000,8.270791,8.268534;8.271865;8.258916;8.279132;8.270791,2119.085575,471.90,,356.16,0,3903,10,True,nid005807,58119950
SINDI,doc_prune=0 query_prune=0 n_cand=10,128,0.9931847297,1.0000,1331.0676,140.3835,0.0000,25.832077,25.852486;25.744063;25.693127;25.846895;25.832077,6618.518319,151.09,,378.30,0,3903,10,True,nid005919,58119952
SINDI,doc_prune=0.4 query_prune=0.2 n_cand=1000,128,0.9931847297,1.0000,896.6648,140.3835,0.0000,8.021535,8.056003;8.021535;8.045143;8.003556;8.017525,2055.222905,486.57,,378.31,0,3903,10,True,nid005919,58119952
SINDI,doc_prune=0.4 query_prune=0.5 n_cand=1000,128,0.9932103510,1.0000,908.8737,139.9263,0.0000,6.101933,6.067158;6.080812;6.101933;6.115287;6.123321,1563.395593,639.63,,421.69,0,3903,10,True,nid005539,58078825
SINDI,doc_prune=0.2 query_prune=0.1 n_cand=50,128,0.9932103510,1.0000,959.1791,144.4894,0.0000,11.439756,11.425336;11.458822;11.439756;11.452036;11.400957,2931.016141,341.18,,356.16,0,3903,10,True,nid005807,58119950
SINDI,doc_prune=0.4 query_prune=0.5 n_cand=1000,128,0.9932103510,1.0000,896.6648,140.3835,0.0000,5.514919,5.515553;5.504029;5.516938;5.514919;5.512163,1412.994876,707.72,,378.31,0,3903,10,True,nid005919,58119952
SINDI,doc_prune=0.5 query_prune=0.3 n_cand=5000,128,0.9932359723,1.0000,948.7331,138.4841,0.0000,12.316156,12.290911;12.320179;12.316156;12.320210;12.292596,3155.561363,316.90,,462.89,0,3903,10,True,nid005491,58119954
SINDI,doc_prune=0.5 query_prune=0.5 n_cand=5000,128,0.9932872150,1.0000,856.4825,138.9062,0.0000,3.620540,3.615220;3.624090;3.608355;3.635301;3.620540,927.630028,1078.02,,307.73,0,3903,10,True,nid004658,58308544
SINDI,doc_prune=0.5 query_prune=0 n_cand=5000,128,0.9933128363,1.0000,851.5012,144.4894,0.0000,6.697425,6.682226;6.697425;6.702851;6.670796;6.701867,1715.968486,582.76,,356.16,0,3903,10,True,nid005807,58119950
SINDI,doc_prune=0.5 query_prune=0 n_cand=5000,128,0.9933128363,1.0000,948.7331,138.4841,0.0000,16.329905,16.374968;16.340892;16.329905;16.154816;16.272089,4183.936715,239.01,,462.89,0,3903,10,True,nid005491,58119954
SINDI,doc_prune=0.3 query_prune=0.5 n_cand=200,128,0.9933384576,1.0000,951.3276,139.9263,0.0000,7.393605,7.406556;7.372504;7.449314;7.393605;7.354530,1894.338970,527.89,,421.69,0,3903,10,True,nid005539,58078825
SINDI,doc_prune=0.5 query_prune=0.1 n_cand=5000,128,0.9933384576,1.0000,851.5012,144.4894,0.0000,6.084555,6.100401;6.084974;6.072831;6.084555;6.078388,1558.943121,641.46,,356.16,0,3903,10,True,nid005807,58119950
SINDI,doc_prune=0.3 query_prune=0.5 n_cand=200,128,0.9933384576,1.0000,939.5704,140.3835,0.0000,6.840725,6.833448;6.851623;6.836900;6.840725;6.852972,1752.683833,570.55,,378.31,0,3903,10,True,nid005919,58119952
SINDI,doc_prune=0.4 query_prune=0.3 n_cand=1000,128,0.9933640789,1.0000,908.8737,139.9263,0.0000,7.904432,7.904821;7.867190;7.859215;7.948527;7.904432,2025.219575,493.77,,421.69,0,3903,10,True,nid005539,58078825
SINDI,doc_prune=0.4 query_prune=0.3 n_cand=1000,128,0.9933640789,1.0000,896.6648,140.3835,0.0000,7.202988,7.202988;7.208791;7.198385;7.186515;7.211380,1845.500384,541.86,,378.31,0,3903,10,True,nid005919,58119952
SINDI,doc_prune=0.4 query_prune=0 n_cand=1000,128,0.9933897002,1.0000,908.8737,139.9263,0.0000,10.492943,10.492943;10.487012;10.548141;10.429599;10.564669,2688.430182,371.96,,421.69,0,3903,10,True,nid005539,58078825
SINDI,doc_prune=0.5 query_prune=0 n_cand=5000,128,0.9933897002,1.0000,871.5101,139.9263,0.0000,8.962428,8.957112;8.962428;8.907690;8.984229;9.011479,2296.292083,435.48,,421.69,0,3903,10,True,nid005539,58078825
SINDI,doc_prune=0.5 query_prune=0.5 n_cand=5000,128,0.9933897002,1.0000,859.0688,139.4089,0.0000,3.804018,3.796625;3.804018;3.810774;3.796705;3.810591,974.639508,1026.02,,309.45,0,3903,10,True,nid004909,58308541
SINDI,doc_prune=0.5 query_prune=0.5 n_cand=5000,128,0.9933897002,1.0000,851.5012,144.4894,0.0000,3.858780,3.861898;3.864847;3.858780;3.847744;3.857109,988.670254,1011.46,,356.16,0,3903,10,True,nid005807,58119950
SINDI,doc_prune=0.4 query_prune=0 n_cand=1000,128,0.9933897002,1.0000,896.6648,140.3835,0.0000,9.646912,9.657116;9.647724;9.615256;9.637717;9.646912,2471.665898,404.59,,378.31,0,3903,10,True,nid005919,58119952
SINDI,doc_prune=0.5 query_prune=0 n_cand=5000,128,0.9933897002,1.0000,867.1836,140.3835,0.0000,7.968209,7.967894;7.968209;7.970786;7.951376;7.990384,2041.560082,489.82,,378.31,0,3903,10,True,nid005919,58119952
SINDI,doc_prune=0.3 query_prune=0 n_cand=200,128,0.9933897002,1.0000,1046.2253,138.4841,0.0000,22.127541,22.017741;22.177745;22.127541;22.149122;22.055480,5669.367410,176.39,,462.89,0,3903,10,True,nid005491,58119954
SINDI,doc_prune=0.4 query_prune=0.1 n_cand=1000,128,0.9934153215,1.0000,908.8737,139.9263,0.0000,9.549525,9.528915;9.530335;9.549525;9.623576;9.555582,2446.714066,408.71,,421.69,0,3903,10,True,nid005539,58078825
SINDI,doc_prune=0.5 query_prune=0.1 n_cand=5000,128,0.9934153215,1.0000,871.5101,139.9263,0.0000,8.228781,8.231968;8.252872;8.228781;8.179970;8.205667,2108.322060,474.31,,421.69,0,3903,10,True,nid005539,58078825
SINDI,doc_prune=0.4 query_prune=0.1 n_cand=1000,128,0.9934153215,1.0000,896.6648,140.3835,0.0000,8.806799,8.818698;8.836456;8.801061;8.806799;8.803541,2256.417884,443.18,,378.31,0,3903,10,True,nid005919,58119952
SINDI,doc_prune=0.5 query_prune=0.1 n_cand=5000,128,0.9934153215,1.0000,867.1836,140.3835,0.0000,7.260845,7.260215;7.245088;7.260845;7.270611;7.265842,1860.324110,537.54,,378.31,0,3903,10,True,nid005919,58119952
SINDI,doc_prune=0.3 query_prune=0.3 n_cand=200,128,0.9934409429,1.0000,951.3276,139.9263,0.0000,9.704838,9.718996;9.698540;9.704838;9.683275;9.716281,2486.507302,402.17,,421.69,0,3903,10,True,nid005539,58078825
SINDI,doc_prune=0.3 query_prune=0.3 n_cand=200,128,0.9934409429,1.0000,939.5704,140.3835,0.0000,8.864166,8.885513;8.899604;8.853846;8.864166;8.858025,2271.116065,440.31,,378.31,0,3903,10,True,nid005919,58119952
SINDI,doc_prune=0.4 query_prune=0.3 n_cand=1000,128,0.9934665642,1.0000,995.6898,138.4841,0.0000,14.216207,14.258065;14.314812;14.198926;14.195480;14.216207,3642.379452,274.55,,462.89,0,3903,10,True,nid005491,58119954
SINDI,doc_prune=0.4 query_prune=0.5 n_cand=1000,128,0.9934665642,1.0000,995.6898,138.4841,0.0000,11.049930,10.977663;10.994054;11.049930;11.067971;11.069233,2831.137586,353.21,,462.89,0,3903,10,True,nid005491,58119954
SINDI,doc_prune=0.4 query_prune=0.3 n_cand=1000,128,0.9934921855,1.0000,878.0739,144.4894,0.0000,6.092397,6.094767;6.096446;6.092397;6.084593;6.088945,1560.952344,640.63,,356.16,0,3903,10,True,nid005807,58119950
SINDI,doc_prune=0.3 query_prune=0.2 n_cand=200,128,0.9934921855,1.0000,1046.2253,138.4841,0.0000,18.341548,18.360281;18.362409;18.332985;18.341548;18.269237,4699.346144,212.80,,462.89,0,3903,10,True,nid005491,58119954
SINDI,doc_prune=0.3 query_prune=0.3 n_cand=200,128,0.9934921855,1.0000,1046.2253,138.4841,0.0000,16.365731,16.492869;16.358292;16.347347;16.365731;16.395614,4193.115808,238.49,,462.89,0,3903,10,True,nid005491,58119954
SINDI,doc_prune=0.4 query_prune=0.5 n_cand=1000,128,0.9935178068,1.0000,878.0739,144.4894,0.0000,4.627020,4.607997;4.627020;4.635249;4.616058;4.634775,1185.503459,843.52,,356.16,0,3903,10,True,nid005807,58119950
SINDI,doc_prune=0.3 query_prune=0.1 n_cand=200,128,0.9935690494,1.0000,912.5443,144.4894,0.0000,9.458668,9.479872;9.458445;9.458668;9.504492;9.439741,2423.435306,412.64,,356.16,0,3903,10,True,nid005807,58119950
SINDI,doc_prune=0.3 query_prune=0.1 n_cand=200,128,0.9936715347,1.0000,951.3276,139.9263,0.0000,11.914251,11.914251;11.899111;11.949197;11.897293;11.948720,3052.588009,327.59,,421.69,0,3903,10,True,nid005539,58078825
SINDI,doc_prune=0.3 query_prune=0 n_cand=200,128,0.9936715347,1.0000,912.5443,144.4894,0.0000,10.346173,10.326073;10.346173;10.367996;10.331097;10.346713,2650.825775,377.24,,356.16,0,3903,10,True,nid005807,58119950
SINDI,doc_prune=0.3 query_prune=0.5 n_cand=200,128,0.9936715347,1.0000,912.5443,144.4894,0.0000,5.880988,5.888522;5.900288;5.880988;5.871691;5.872584,1506.786574,663.66,,356.16,0,3903,10,True,nid005807,58119950
SINDI,doc_prune=0.3 query_prune=0.1 n_cand=200,128,0.9936715347,1.0000,939.5704,140.3835,0.0000,10.690737,10.711820;10.711326;10.690737;10.682787;10.690373,2739.107610,365.08,,378.31,0,3903,10,True,nid005919,58119952
SINDI,doc_prune=0.3 query_prune=0 n_cand=200,128,0.9936971560,1.0000,951.3276,139.9263,0.0000,13.104447,13.125129;13.144984;13.075560;13.073271;13.104447,3357.531899,297.84,,421.69,0,3903,10,True,nid005539,58078825
SINDI,doc_prune=0.3 query_prune=0.2 n_cand=200,128,0.9936971560,1.0000,951.3276,139.9263,0.0000,10.833423,10.795587;10.903826;10.804032;10.834239;10.833423,2775.665642,360.27,,421.69,0,3903,10,True,nid005539,58078825
SINDI,doc_prune=0.3 query_prune=0.3 n_cand=200,128,0.9936971560,1.0000,912.5443,144.4894,0.0000,7.776975,7.757023;7.780521;7.788026;7.763755;7.776975,1992.563413,501.87,,356.16,0,3903,10,True,nid005807,58119950
SINDI,doc_prune=0.4 query_prune=0.1 n_cand=1000,128,0.9936971560,1.0000,878.0739,144.4894,0.0000,7.516585,7.525977;7.520984;7.514215;7.508720;7.516585,1925.848066,519.25,,356.16,0,3903,10,True,nid005807,58119950
SINDI,doc_prune=0.3 query_prune=0 n_cand=200,128,0.9936971560,1.0000,939.5704,140.3835,0.0000,11.643105,11.666778;11.641238;11.643105;11.675415;11.607381,2983.116833,335.22,,378.31,0,3903,10,True,nid005919,58119952
SINDI,doc_prune=0.3 query_prune=0.2 n_cand=200,128,0.9936971560,1.0000,939.5704,140.3835,0.0000,9.794212,9.791048;9.794212;9.772383;9.839289;9.845388,2509.406098,398.50,,378.31,0,3903,10,True,nid005919,58119952
SINDI,doc_prune=0.3 query_prune=0.1 n_cand=200,128,0.9936971560,1.0000,1046.2253,138.4841,0.0000,20.091894,20.059668;20.161685;20.091894;20.049741;20.111731,5147.807840,194.26,,462.89,0,3903,10,True,nid005491,58119954
SINDI,doc_prune=0.3 query_prune=0.2 n_cand=200,128,0.9937483987,1.0000,912.5443,144.4894,0.0000,8.663516,8.683167;8.668210;8.655754;8.661109;8.663516,2219.706892,450.51,,356.16,0,3903,10,True,nid005807,58119950
SINDI,doc_prune=0.4 query_prune=0.2 n_cand=1000,128,0.9937740200,1.0000,878.0739,144.4894,0.0000,6.821423,6.824457;6.818909;6.821423;6.799842;6.835010,1747.738406,572.17,,356.16,0,3903,10,True,nid005807,58119950
SINDI,doc_prune=0.4 query_prune=0 n_cand=1000,128,0.9938252626,1.0000,995.6898,138.4841,0.0000,18.743049,18.811348;18.674221;18.608222;18.743049;18.848155,4802.215988,208.24,,462.89,0,3903,10,True,nid005491,58119954
SINDI,doc_prune=0.4 query_prune=0.2 n_cand=1000,128,0.9938252626,1.0000,995.6898,138.4841,0.0000,15.756331,15.772969;15.727213;15.746656;15.756331;15.772928,4036.979503,247.71,,462.89,0,3903,10,True,nid005491,58119954
SINDI,doc_prune=0.4 query_prune=0.7 n_cand=5000,128,0.9938508839,1.0000,995.6898,138.4841,0.0000,7.416847,7.417494;7.410859;7.441705;7.403238;7.416847,1900.293877,526.23,,462.89,0,3903,10,True,nid005491,58119954
SINDI,doc_prune=0.4 query_prune=0.3 n_cand=5000,128,0.9938765053,1.0000,878.0739,144.4894,0.0000,6.371536,6.371536;6.381313;6.362217;6.382695;6.360076,1632.471432,612.57,,356.16,0,3903,10,True,nid005807,58119950
SINDI,doc_prune=0 query_prune=0.3 n_cand=20,128,0.9939021266,1.0000,1539.0023,138.4841,0.0000,34.339211,34.378244;34.292225;34.436052;34.339211;34.288246,8798.158084,113.66,,462.88,0,3903,10,True,nid005491,58119954
SINDI,doc_prune=0.3 query_prune=0.5 n_cand=200,128,0.9939021266,1.0000,1046.2253,138.4841,0.0000,12.496362,12.557001;12.634002;12.465284;12.496362;12.475359,3201.732513,312.33,,462.89,0,3903,10,True,nid005491,58119954
SINDI,doc_prune=0 query_prune=0.5 n_cand=50,128,0.9939277479,1.0000,1539.0023,138.4841,0.0000,25.047800,25.047800;25.052768;24.989356;24.976367;25.133362,6417.576223,155.82,,462.89,0,3903,10,True,nid005491,58119954
SINDI,doc_prune=0.1 query_prune=0.3 n_cand=50,128,0.9939533692,1.0000,1137.8844,139.9263,0.0000,15.941090,16.024846;15.960868;15.941090;15.924201;15.927593,4084.317192,244.84,,421.69,0,3903,10,True,nid005539,58078825
SINDI,doc_prune=0.1 query_prune=0.3 n_cand=50,128,0.9939533692,1.0000,1088.0379,140.3835,0.0000,13.491852,13.509412;13.475143;13.491400;13.508032;13.491852,3456.790161,289.29,,378.31,0,3903,10,True,nid005919,58119952
SINDI,doc_prune=0.1 query_prune=0.5 n_cand=50,128,0.9939533692,1.0000,1216.6425,138.4841,0.0000,17.741519,17.775717;17.741519;17.705649;17.732331;17.755640,4545.610812,219.99,,462.89,0,3903,10,True,nid005491,58119954
SINDI,doc_prune=0 query_prune=0.3 n_cand=20,128,0.9939789905,1.0000,1423.7508,139.9263,0.0000,24.594392,24.584937;24.594392;24.673742;24.542240;24.679698,6301.407123,158.69,,421.62,0,3903,10,True,nid005539,58078825
SINDI,doc_prune=0.4 query_prune=0.2 n_cand=5000,128,0.9939789905,1.0000,908.8737,139.9263,0.0000,9.080178,9.007255;9.088786;9.080178;9.096828;9.035358,2326.461184,429.84,,421.69,0,3903,10,True,nid005539,58078825
SINDI,doc_prune=0 query_prune=0.3 n_cand=20,128,0.9939789905,1.0000,1331.0676,140.3835,0.0000,19.966526,19.977743;20.004178;19.966526;19.948287;19.954342,5115.686908,195.48,,378.30,0,3903,10,True,nid005919,58119952
SINDI,doc_prune=0.4 query_prune=0.2 n_cand=5000,128,0.9939789905,1.0000,896.6648,140.3835,0.0000,8.274261,8.274261;8.284289;8.256758;8.291351;8.261426,2119.974635,471.70,,378.31,0,3903,10,True,nid005919,58119952
SINDI,doc_prune=0.4 query_prune=0.1 n_cand=1000,128,0.9940046118,1.0000,995.6898,138.4841,0.0000,17.127360,17.243982;17.173290;17.127360;17.048720;17.116430,4388.255188,227.88,,462.89,0,3903,10,True,nid005491,58119954
SINDI,doc_prune=0.4 query_prune=0.7 n_cand=5000,128,0.9940302332,1.0000,888.0350,138.9062,0.0000,3.034760,3.029578;3.040097;3.034760;3.043569;3.027064,777.545478,1286.10,,307.73,0,3903,10,True,nid004658,58308544
SINDI,doc_prune=0.3 query_prune=0.5 n_cand=1000,128,0.9940302332,1.0000,1046.2253,138.4841,0.0000,12.531949,12.525479;12.521837;12.567822;12.552488;12.531949,3210.850372,311.44,,462.89,0,3903,10,True,nid005491,58119954
SINDI,doc_prune=0.3 query_prune=0.7 n_cand=1000,128,0.9940814758,1.0000,951.3276,139.9263,0.0000,4.780287,4.768496;4.787330;4.782635;4.780287;4.770151,1224.772483,816.48,,421.69,0,3903,10,True,nid005539,58078825
SINDI,doc_prune=0 query_prune=0.3 n_cand=20,128,0.9940814758,1.0000,1224.9409,144.4894,0.0000,16.954253,16.947433;16.888532;17.039635;16.954253;16.954793,4343.902895,230.21,,356.15,0,3903,10,True,nid005807,58119950
SINDI,doc_prune=0.3 query_prune=0.7 n_cand=1000,128,0.9940814758,1.0000,939.5704,140.3835,0.0000,4.425249,4.435278;4.415530;4.471712;4.425249;4.416068,1133.807071,881.98,,378.31,0,3903,10,True,nid005919,58119952
SINDI,doc_prune=0.4 query_prune=0.7 n_cand=5000,128,0.9941070971,1.0000,908.8737,139.9263,0.0000,4.242314,4.235957;4.257885;4.242314;4.241329;4.251653,1086.936715,920.02,,421.69,0,3903,10,True,nid005539,58078825
SINDI,doc_prune=0.4 query_prune=0.7 n_cand=5000,128,0.9941070971,1.0000,934.7678,138.5705,0.0000,4.134415,4.105326;4.160409;4.134415;4.122795;4.147727,1059.291571,944.03,,331.76,0,3903,10,True,nid005056,58308543
SINDI,doc_prune=0 query_prune=0.2 n_cand=20,128,0.9941070971,1.0000,1224.9409,144.4894,0.0000,19.126839,19.122779;19.126839;19.129592;19.163618;19.126701,4900.548040,204.06,,356.15,0,3903,10,True,nid005807,58119950
SINDI,doc_prune=0.4 query_prune=0.7 n_cand=5000,128,0.9941070971,1.0000,896.6648,140.3835,0.0000,3.733845,3.722043;3.733845;3.735976;3.736981;3.726719,956.660261,1045.30,,378.31,0,3903,10,True,nid005919,58119952
SINDI,doc_prune=0 query_prune=0.7 n_cand=5000,128,0.9941070971,1.0000,1539.0023,138.4841,0.0000,15.051724,15.025954;15.086313;14.995771;15.113715;15.051724,3856.449910,259.31,,462.89,0,3903,10,True,nid005491,58119954
SINDI,doc_prune=0.3 query_prune=0.7 n_cand=5000,128,0.9941070971,1.0000,1046.2253,138.4841,0.0000,8.393336,8.403378;8.373693;8.393336;8.411611;8.345192,2150.483218,465.01,,462.89,0,3903,10,True,nid005491,58119954
SINDI,doc_prune=0.4 query_prune=0.1 n_cand=5000,128,0.9941070971,1.0000,995.6898,138.4841,0.0000,17.461558,17.461558;17.452142;17.347161;17.541959;17.536513,4473.881117,223.52,,462.89,0,3903,10,True,nid005491,58119954
SINDI,doc_prune=0.4 query_prune=0 n_cand=5000,128,0.9941327184,1.0000,908.8737,139.9263,0.0000,10.857024,10.857024;10.852431;10.807685;10.868584;10.879053,2781.712529,359.49,,421.69,0,3903,10,True,nid005539,58078825
SINDI,doc_prune=0.1 query_prune=0.5 n_cand=50,128,0.9941327184,1.0000,1033.3694,144.4894,0.0000,8.807505,8.799755;8.806172;8.835876;8.807505;8.808062,2256.598770,443.14,,356.16,0,3903,10,True,nid005807,58119950
SINDI,doc_prune=0.4 query_prune=0 n_cand=5000,128,0.9941327184,1.0000,896.6648,140.3835,0.0000,9.865117,9.856509;9.897606;9.838450;9.906991;9.865117,2527.572893,395.64,,378.31,0,3903,10,True,nid005919,58119952
SINDI,doc_prune=0.1 query_prune=0.5 n_cand=50,128,0.9941583397,1.0000,1137.8844,139.9263,0.0000,11.887207,11.877261;11.891692;11.903250;11.819568;11.887207,3045.658980,328.34,,421.69,0,3903,10,True,nid005539,58078825
SINDI,doc_prune=0.1 query_prune=0.7 n_cand=1000,128,0.9941583397,1.0000,1137.8844,139.9263,0.0000,7.292911,7.292911;7.273501;7.301732;7.318268;7.271354,1868.539841,535.18,,421.69,0,3903,10,True,nid005539,58078825
SINDI,doc_prune=0 query_prune=0.7 n_cand=1000,128,0.9941583397,1.0000,1224.9409,144.4894,0.0000,7.487758,7.482712;7.478899;7.497231;7.489665;7.487758,1918.462209,521.25,,356.16,0,3903,10,True,nid005807,58119950
SINDI,doc_prune=0.1 query_prune=0.5 n_cand=50,128,0.9941583397,1.0000,1088.0379,140.3835,0.0000,10.169248,10.184282;10.186506;10.169248;10.154658;10.152069,2605.495260,383.80,,378.31,0,3903,10,True,nid005919,58119952
SINDI,doc_prune=0.1 query_prune=0.7 n_cand=1000,128,0.9941583397,1.0000,1088.0379,140.3835,0.0000,6.372853,6.352920;6.372853;6.386618;6.374186;6.368745,1632.808865,612.44,,378.31,0,3903,10,True,nid005919,58119952
SINDI,doc_prune=0.3 query_prune=0.1 n_cand=1000,128,0.9941583397,1.0000,1046.2253,138.4841,0.0000,20.177525,20.156540;20.177525;20.133936;20.190047;20.266223,5169.747630,193.43,,462.89,0,3903,10,True,nid005491,58119954
SINDI,doc_prune=0.1 query_prune=0.3 n_cand=50,128,0.9941839611,1.0000,1216.6425,138.4841,0.0000,23.852183,23.852183;23.817884;23.852393;23.889324;23.817431,6111.243403,163.63,,462.89,0,3903,10,True,nid005491,58119954
SINDI,doc_prune=0 query_prune=0.3 n_cand=200,128,0.9942095824,1.0000,1423.7508,139.9263,0.0000,24.738173,24.714887;24.741281;24.738173;24.708933;24.769338,6338.245708,157.77,,421.63,0,3903,10,True,nid005539,58078825
SINDI,doc_prune=0.4 query_prune=0.5 n_cand=5000,128,0.9942095824,1.0000,888.0350,138.9062,0.0000,4.705200,4.703559;4.705200;4.691096;4.714237;4.707632,1205.534204,829.51,,307.73,0,3903,10,True,nid004658,58308544
SINDI,doc_prune=0.1 query_prune=0 n_cand=50,128,0.9942095824,1.0000,1033.3694,144.4894,0.0000,15.132959,15.172464;15.132959;15.126911;15.143597;15.115163,3877.263387,257.91,,356.16,0,3903,10,True,nid005807,58119950
SINDI,doc_prune=0 query_prune=0.3 n_cand=200,128,0.9942095824,1.0000,1331.0676,140.3835,0.0000,20.015044,19.963933;20.092552;20.029664;20.003713;20.015044,5128.117858,195.00,,378.30,0,3903,10,True,nid005919,58119952
SINDI,doc_prune=0.4 query_prune=0.3 n_cand=5000,128,0.9942095824,1.0000,995.6898,138.4841,0.0000,14.471220,14.471220;14.444204;14.514674;14.554773;14.412256,3707.717141,269.71,,462.89,0,3903,10,True,nid005491,58119954
SINDI,doc_prune=0.2 query_prune=0.1 n_cand=200,128,0.9942352037,1.0000,1017.0258,139.9263,0.0000,15.195249,15.195249;15.216722;15.274736;15.194609;15.164543,3893.222905,256.86,,421.69,0,3903,10,True,nid005539,58078825
SINDI,doc_prune=0.4 query_prune=0.5 n_cand=5000,128,0.9942352037,1.0000,908.8737,139.9263,0.0000,6.358150,6.375152;6.359808;6.358150;6.330954;6.321872,1629.041763,613.86,,421.69,0,3903,10,True,nid005539,58078825
SINDI,doc_prune=0.4 query_prune=0.5 n_cand=5000,128,0.9942352037,1.0000,934.7678,138.5705,0.0000,6.203259,6.208338;6.224388;6.203259;6.195713;6.198939,1589.356649,629.19,,331.76,0,3903,10,True,nid005056,58308543
SINDI,doc_prune=0 query_prune=0.5 n_cand=50,128,0.9942352037,1.0000,1224.9409,144.4894,0.0000,12.486749,12.472439;12.469375;12.510423;12.486749;12.519731,3199.269536,312.57,,356.16,0,3903,10,True,nid005807,58119950
SINDI,doc_prune=0.1 query_prune=0.2 n_cand=5000,128,0.9942352037,1.0000,1033.3694,144.4894,0.0000,13.311770,13.322571;13.311770;13.336296;13.287944;13.287324,3410.650781,293.20,,356.16,0,3903,10,True,nid005807,58119950
SINDI,doc_prune=0.4 query_prune=0.1 n_cand=5000,128,0.9942352037,1.0000,878.0739,144.4894,0.0000,7.783388,7.785697;7.779479;7.783388;7.797918;7.775161,1994.206508,501.45,,356.16,0,3903,10,True,nid005807,58119950
SINDI,doc_prune=0.2 query_prune=0.1 n_cand=200,128,0.9942352037,1.0000,995.7150,140.3835,0.0000,13.138084,13.110976;13.144066;13.154134;13.138084;13.092314,3366.150141,297.08,,378.31,0,3903,10,True,nid005919,58119952
SINDI,doc_prune=0.4 query_prune=0.5 n_cand=5000,128,0.9942352037,1.0000,896.6648,140.3835,0.0000,5.715857,5.720368;5.715857;5.736935;5.715427;5.712335,1464.477838,682.84,,378.31,0,3903,10,True,nid005919,58119952
SINDI,doc_prune=0.1 query_prune=0.1 n_cand=5000,128,0.9942352037,1.0000,1216.6425,138.4841,0.0000,29.729443,29.786881;29.666502;29.737650;29.624514;29.729443,7617.074814,131.28,,462.89,0,3903,10,True,nid005491,58119954
SINDI,doc_prune=0.1 query_prune=0.7 n_cand=1000,128,0.9942352037,1.0000,1216.6425,138.4841,0.0000,10.915111,10.938500;10.882573;10.888220;10.956331;10.915111,2796.595183,357.58,,462.89,0,3903,10,True,nid005491,58119954
SINDI,doc_prune=0.2 query_prune=0 n_cand=1000,128,0.9942352037,1.0000,1106.6949,138.4841,0.0000,26.832976,26.832976;26.817110;26.877775;26.816033;26.884077,6874.961824,145.46,,462.89,0,3903,10,True,nid005491,58119954
SINDI,doc_prune=0.2 query_prune=0.3 n_cand=1000,128,0.9942608250,1.0000,1017.0258,139.9263,0.0000,12.419775,12.419775;12.397159;12.376263;12.440780;12.475136,3182.109915,314.26,,421.69,0,3903,10,True,nid005539,58078825
SINDI,doc_prune=0.3 query_prune=0.7 n_cand=5000,128,0.9942608250,1.0000,926.6913,139.4089,0.0000,3.923516,3.923516;3.940660;3.919803;3.915966;3.931697,1005.256469,994.77,,309.45,0,3903,10,True,nid004909,58308541
SINDI,doc_prune=0.1 query_prune=0.3 n_cand=50,128,0.9942608250,1.0000,1033.3694,144.4894,0.0000,11.613836,11.613836;11.615303;11.587495;11.618475;11.613222,2975.617730,336.06,,356.16,0,3903,10,True,nid005807,58119950
SINDI,doc_prune=0.3 query_prune=0.7 n_cand=5000,128,0.9942608250,1.0000,912.5443,144.4894,0.0000,3.950931,3.947336;3.950931;3.954175;3.956012;3.949232,1012.280553,987.87,,356.16,0,3903,10,True,nid005807,58119950
SINDI,doc_prune=0.4 query_prune=0.2 n_cand=5000,128,0.9942608250,1.0000,878.0739,144.4894,0.0000,7.097493,7.090390;7.092230;7.097493;7.125441;7.107746,1818.471176,549.91,,356.16,0,3903,10,True,nid005807,58119950
SINDI,doc_prune=0.2 query_prune=0.3 n_cand=1000,128,0.9942608250,1.0000,995.7150,140.3835,0.0000,10.735239,10.725991;10.768447;10.735239;10.733504;10.752623,2750.509608,363.57,,378.31,0,3903,10,True,nid005919,58119952
SINDI,doc_prune=0 query_prune=0.1 n_cand=50,128,0.9942608250,1.0000,1539.0023,138.4841,0.0000,42.227209,42.139915;42.508075;42.225146;42.281738;42.227209,10819.167051,92.43,,462.88,0,3903,10,True,nid005491,58119954
SINDI,doc_prune=0 query_prune=0.1 n_cand=50,128,0.9942864463,1.0000,1423.7508,139.9263,0.0000,29.780766,29.797895;29.677754;29.795313;29.608396;29.780766,7630.224443,131.06,,421.55,0,3903,10,True,nid005539,58078825
SINDI,doc_prune=0.3 query_prune=0.7 n_cand=5000,128,0.9942864463,1.0000,951.3276,139.9263,0.0000,5.047352,5.042516;5.042117;5.050658;5.051903;5.047352,1293.198053,773.28,,421.69,0,3903,10,True,nid005539,58078825
SINDI,doc_prune=0.3 query_prune=0.7 n_cand=5000,128,0.9942864463,1.0000,995.7122,138.5705,0.0000,5.014337,5.002575;5.014337;5.023127;5.008185;5.025941,1284.739175,778.37,,331.76,0,3903,10,True,nid005056,58308543
SINDI,doc_prune=0.3 query_prune=0.7 n_cand=5000,128,0.9942864463,1.0000,924.7803,138.9062,0.0000,3.799543,3.781307;3.799543;3.800014;3.802500;3.791880,973.492954,1027.23,,307.73,0,3903,10,True,nid004658,58308544
SINDI,doc_prune=0 query_prune=0 n_cand=1000,128,0.9942864463,1.0000,1224.9409,144.4894,0.0000,21.767663,21.754880;21.820345;21.767663;21.792592;21.694749,5577.161927,179.30,,356.15,0,3903,10,True,nid005807,58119950
SINDI,doc_prune=0 query_prune=0.1 n_cand=50,128,0.9942864463,1.0000,1331.0676,140.3835,0.0000,23.344949,23.344949;23.368063;23.411143;23.165998;23.329770,5981.283372,167.19,,378.30,0,3903,10,True,nid005919,58119952
SINDI,doc_prune=0.3 query_prune=0.7 n_cand=5000,128,0.9942864463,1.0000,939.5704,140.3835,0.0000,4.604059,4.598905;4.594339;4.604059;4.622630;4.619712,1179.620548,847.73,,378.31,0,3903,10,True,nid005919,58119952
SINDI,doc_prune=0.1 query_prune=0.2 n_cand=50,128,0.9942864463,1.0000,1216.6425,138.4841,0.0000,26.849812,26.926607;26.849812;26.873096;26.826552;26.797458,6879.275429,145.36,,462.89,0,3903,10,True,nid005491,58119954
SINDI,doc_prune=0.1 query_prune=0.5 n_cand=5000,128,0.9942864463,1.0000,1216.6425,138.4841,0.0000,18.095509,18.128277;18.116321;18.037229;18.095509;18.087573,4636.307712,215.69,,462.89,0,3903,10,True,nid005491,58119954
SINDI,doc_prune=0.3 query_prune=0.7 n_cand=1000,128,0.9942864463,1.0000,1046.2253,138.4841,0.0000,8.181826,8.188984;8.153329;8.160300;8.194382;8.181826,2096.291571,477.03,,462.89,0,3903,10,True,nid005491,58119954
SINDI,doc_prune=0 query_prune=0.2 n_cand=50,128,0.9943120676,1.0000,1423.7508,139.9263,0.0000,27.870224,27.870648;27.757805;27.847787;27.908671;27.870224,7140.718422,140.04,,421.59,0,3903,10,True,nid005539,58078825
SINDI,doc_prune=0 query_prune=0.7 n_cand=5000,128,0.9943120676,1.0000,1423.7508,139.9263,0.0000,10.890861,10.898125;10.890641;10.845095;10.904614;10.890861,2790.382014,358.37,,421.69,0,3903,10,True,nid005539,58078825
SINDI,doc_prune=0.4 query_prune=0.7 n_cand=5000,128,0.9943120676,1.0000,889.2569,139.4089,0.0000,3.159931,3.148700;3.159931;3.151298;3.160804;3.170129,809.615936,1235.15,,309.45,0,3903,10,True,nid004909,58308541
SINDI,doc_prune=0.2 query_prune=0 n_cand=5000,128,0.9943120676,1.0000,959.1791,144.4894,0.0000,12.809095,12.818982;12.781847;12.809095;12.815682;12.781724,3281.858827,304.71,,356.16,0,3903,10,True,nid005807,58119950
SINDI,doc_prune=0.2 query_prune=0.5 n_cand=200,128,0.9943120676,1.0000,959.1791,144.4894,0.0000,7.273518,7.255559;7.282095;7.272196;7.280728;7.273518,1863.571099,536.60,,356.16,0,3903,10,True,nid005807,58119950
SINDI,doc_prune=0.4 query_prune=0.7 n_cand=5000,128,0.9943120676,1.0000,878.0739,144.4894,0.0000,3.167519,3.161043;3.167519;3.168615;3.179420;3.161557,811.560082,1232.19,,356.16,0,3903,10,True,nid005807,58119950
SINDI,doc_prune=0 query_prune=0.2 n_cand=50,128,0.9943120676,1.0000,1331.0676,140.3835,0.0000,22.496703,22.484730;22.489799;22.496703;22.549352;22.555266,5763.951576,173.49,,378.30,0,3903,10,True,nid005919,58119952
SINDI,doc_prune=0 query_prune=0.7 n_cand=5000,128,0.9943120676,1.0000,1331.0676,140.3835,0.0000,8.901179,8.905899;8.901179;8.911570;8.871354;8.876727,2280.599283,438.48,,378.30,0,3903,10,True,nid005919,58119952
SINDI,doc_prune=0.3 query_prune=0.2 n_cand=1000,128,0.9943120676,1.0000,1046.2253,138.4841,0.0000,18.381145,18.376645;18.324182;18.449986;18.381145;18.407796,4709.491417,212.34,,462.89,0,3903,10,True,nid005491,58119954
SINDI,doc_prune=0 query_prune=0.3 n_cand=200,128,0.9943376890,1.0000,1224.9409,144.4894,0.0000,16.996826,16.996826;17.040344;16.995833;17.041549;16.984953,4354.810658,229.63,,356.16,0,3903,10,True,nid005807,58119950
SINDI,doc_prune=0.1 query_prune=0 n_cand=200,128,0.9943376890,1.0000,1033.3694,144.4894,0.0000,15.171158,15.145617;15.171158;15.185549;15.146431;15.174491,3887.050474,257.26,,356.16,0,3903,10,True,nid005807,58119950
SINDI,doc_prune=0.1 query_prune=0.1 n_cand=5000,128,0.9943376890,1.0000,1033.3694,144.4894,0.0000,14.180479,14.180479;14.211588;14.184543;14.150504;14.149144,3633.225468,275.24,,356.16,0,3903,10,True,nid005807,58119950
SINDI,doc_prune=0.3 query_prune=0.3 n_cand=5000,128,0.9943376890,1.0000,912.5443,144.4894,0.0000,8.037445,8.018459;8.023122;8.037445;8.059999;8.043459,2059.299257,485.60,,356.16,0,3903,10,True,nid005807,58119950
SINDI,doc_prune=0 query_prune=0.7 n_cand=1000,128,0.9943376890,1.0000,1539.0023,138.4841,0.0000,14.834928,14.843632;14.813570;14.834928;14.832560;14.841685,3800.903920,263.10,,462.89,0,3903,10,True,nid005491,58119954
SINDI,doc_prune=0.1 query_prune=0.5 n_cand=1000,128,0.9943376890,1.0000,1216.6425,138.4841,0.0000,17.806823,17.805922;17.787527;17.885835;17.820263;17.806823,4562.342557,219.19,,462.89,0,3903,10,True,nid005491,58119954
SINDI,doc_prune=0.4 query_prune=0.2 n_cand=5000,128,0.9943376890,1.0000,995.6898,138.4841,0.0000,15.978340,16.050577;15.936562;15.978340;15.977961;16.076996,4093.861132,244.27,,462.89,0,3903,10,True,nid005491,58119954
SINDI,doc_prune=0 query_prune=0 n_cand=50,128,0.9943633103,1.0000,1423.7508,139.9263,0.0000,32.714761,32.679541;32.808443;32.714761;32.682351;32.859255,8381.952601,119.30,,421.50,0,3903,10,True,nid005539,58078825
SINDI,doc_prune=0 query_prune=0.2 n_cand=1000,128,0.9943633103,1.0000,1423.7508,139.9263,0.0000,28.018712,28.080391;27.844613;28.018712;28.004547;28.069011,7178.763003,139.30,,421.60,0,3903,10,True,nid005539,58078825
SINDI,doc_prune=0 query_prune=0.3 n_cand=50,128,0.9943633103,1.0000,1423.7508,139.9263,0.0000,24.718327,24.762430;24.826064;24.690078;24.718327;24.625713,6333.160902,157.90,,421.63,0,3903,10,True,nid005539,58078825
SINDI,doc_prune=0.1 query_prune=0.1 n_cand=1000,128,0.9943633103,1.0000,1137.8844,139.9263,0.0000,19.360608,19.360608;19.374341;19.307466;19.477996;19.343848,4960.442736,201.59,,421.69,0,3903,10,True,nid005539,58078825
SINDI,doc_prune=0.1 query_prune=0.5 n_cand=5000,128,0.9943633103,1.0000,1137.8844,139.9263,0.0000,12.230059,12.282071;12.226581;12.240122;12.208120;12.230059,3133.502178,319.13,,421.69,0,3903,10,True,nid005539,58078825
SINDI,doc_prune=0 query_prune=0.1 n_cand=5000,128,0.9943633103,1.0000,1224.9409,144.4894,0.0000,19.996730,19.993479;19.914501;19.996730;20.016864;20.055792,5123.425570,195.18,,356.15,0,3903,10,True,nid005807,58119950
SINDI,doc_prune=0 query_prune=0 n_cand=50,128,0.9943633103,1.0000,1331.0676,140.3835,0.0000,25.794182,25.810764;25.834629;25.794182;25.739401;25.761246,6608.809121,151.31,,378.30,0,3903,10,True,nid005919,58119952
SINDI,doc_prune=0 query_prune=0.2 n_cand=1000,128,0.9943633103,1.0000,1331.0676,140.3835,0.0000,22.613649,22.595973;22.648895;22.609230;22.613649;22.775223,5793.914681,172.59,,378.30,0,3903,10,True,nid005919,58119952
SINDI,doc_prune=0 query_prune=0.3 n_cand=50,128,0.9943633103,1.0000,1331.0676,140.3835,0.0000,19.983014,19.983451;19.974214;19.983014;19.964545;20.045506,5119.911350,195.32,,378.30,0,3903,10,True,nid005919,58119952
SINDI,doc_prune=0.1 query_prune=0.1 n_cand=1000,128,0.9943633103,1.0000,1088.0379,140.3835,0.0000,16.453068,16.444610;16.453068;16.500095;16.406497;16.465358,4215.492698,237.22,,378.31,0,3903,10,True,nid005919,58119952
SINDI,doc_prune=0.1 query_prune=0.5 n_cand=5000,128,0.9943633103,1.0000,1088.0379,140.3835,0.0000,10.466991,10.477318;10.466991;10.487802;10.441491;10.425017,2681.780938,372.89,,378.31,0,3903,10,True,nid005919,58119952
SINDI,doc_prune=0 query_prune=0 n_cand=50,128,0.9943633103,1.0000,1539.0023,138.4841,0.0000,46.788647,46.819537;46.877606;46.788647;46.668500;46.566181,11987.867538,83.42,,462.88,0,3903,10,True,nid005491,58119954
SINDI,doc_prune=0.3 query_prune=0 n_cand=5000,128,0.9943633103,1.0000,1046.2253,138.4841,0.0000,22.576034,22.622806;22.555853;22.576034;22.496750;22.620368,5784.277223,172.88,,462.89,0,3903,10,True,nid005491,58119954
SINDI,doc_prune=0.4 query_prune=0 n_cand=5000,128,0.9943633103,1.0000,995.6898,138.4841,0.0000,19.061250,19.128754;19.181222;19.061250;18.959181;18.999702,4883.743274,204.76,,462.89,0,3903,10,True,nid005491,58119954
SINDI,doc_prune=0 query_prune=0.3 n_cand=1000,128,0.9943889316,1.0000,1423.7508,139.9263,0.0000,24.844516,24.844516;24.857423;24.860469;24.784343;24.812615,6365.492185,157.10,,421.64,0,3903,10,True,nid005539,58078825
SINDI,doc_prune=0 query_prune=0.5 n_cand=50,128,0.9943889316,1.0000,1423.7508,139.9263,0.0000,18.039907,18.033707;18.039907;18.066023;18.035842;18.083573,4622.061747,216.35,,421.66,0,3903,10,True,nid005539,58078825
SINDI,doc_prune=0.4 query_prune=0.3 n_cand=5000,128,0.9943889316,1.0000,908.8737,139.9263,0.0000,8.167730,8.180137;8.160389;8.164677;8.167730;8.220292,2092.679990,477.86,,421.69,0,3903,10,True,nid005539,58078825
SINDI,doc_prune=0.1 query_prune=0.5 n_cand=1000,128,0.9943889316,1.0000,1033.3694,144.4894,0.0000,8.868278,8.851970;8.862817;8.872088;8.874741;8.868278,2272.169613,440.11,,356.16,0,3903,10,True,nid005807,58119950
SINDI,doc_prune=0 query_prune=0.3 n_cand=1000,128,0.9943889316,1.0000,1331.0676,140.3835,0.0000,20.053032,20.053032;20.017295;20.080632;20.069359;20.009075,5137.850884,194.63,,378.30,0,3903,10,True,nid005919,58119952
SINDI,doc_prune=0 query_prune=0.5 n_cand=50,128,0.9943889316,1.0000,1331.0676,140.3835,0.0000,14.602687,14.602687;14.607441;14.585526;14.619990;14.575354,3741.400717,267.28,,378.30,0,3903,10,True,nid005919,58119952
SINDI,doc_prune=0.4 query_prune=0.3 n_cand=5000,128,0.9943889316,1.0000,896.6648,140.3835,0.0000,7.425272,7.407579;7.444812;7.425272;7.441142;7.415590,1902.452472,525.64,,378.31,0,3903,10,True,nid005919,58119952
SINDI,doc_prune=0.1 query_prune=0.1 n_cand=1000,128,0.9943889316,1.0000,1216.6425,138.4841,0.0000,29.469872,29.275896;29.459198;29.469872;29.603657;29.507274,7550.569306,132.44,,462.89,0,3903,10,True,nid005491,58119954
SINDI,doc_prune=0.1 query_prune=0.3 n_cand=200,128,0.9943889316,1.0000,1216.6425,138.4841,0.0000,23.907104,23.907104;23.994603;23.900111;23.917926;23.855407,6125.314886,163.26,,462.89,0,3903,10,True,nid005491,58119954
SINDI,doc_prune=0.3 query_prune=0.3 n_cand=1000,128,0.9943889316,1.0000,1046.2253,138.4841,0.0000,16.479029,16.372538;16.484858;16.517734;16.479029;16.473680,4222.144248,236.85,,462.89,0,3903,10,True,nid005491,58119954
SINDI,doc_prune=0.3 query_prune=0.3 n_cand=5000,128,0.9943889316,1.0000,1046.2253,138.4841,0.0000,16.773525,16.824596;16.820219;16.773525;16.683044;16.742326,4297.598002,232.69,,462.89,0,3903,10,True,nid005491,58119954
SINDI,doc_prune=0.2 query_prune=0.7 n_cand=5000,128,0.9944145529,1.0000,1017.0258,139.9263,0.0000,6.160205,6.166767;6.172283;6.157688;6.160205;6.154145,1578.325647,633.58,,421.69,0,3903,10,True,nid005539,58078825
SINDI,doc_prune=0.1 query_prune=0.2 n_cand=50,128,0.9944145529,1.0000,1033.3694,144.4894,0.0000,12.973101,13.006665;12.941240;12.973101;12.945207;12.977420,3323.879324,300.85,,356.16,0,3903,10,True,nid005807,58119950
SINDI,doc_prune=0.1 query_prune=0.7 n_cand=5000,128,0.9944145529,1.0000,1033.3694,144.4894,0.0000,5.738630,5.738630;5.739725;5.728421;5.739207;5.724450,1470.312580,680.13,,356.16,0,3903,10,True,nid005807,58119950
SINDI,doc_prune=0.2 query_prune=0.3 n_cand=200,128,0.9944145529,1.0000,959.1791,144.4894,0.0000,9.421589,9.420078;9.421589;9.419371;9.443053;9.440492,2413.935178,414.26,,356.16,0,3903,10,True,nid005807,58119950
SINDI,doc_prune=0.2 query_prune=0.7 n_cand=1000,128,0.9944145529,1.0000,959.1791,144.4894,0.0000,4.603138,4.603939;4.594405;4.612993;4.603138;4.597937,1179.384576,847.90,,356.16,0,3903,10,True,nid005807,58119950
SINDI,doc_prune=0.2 query_prune=0.7 n_cand=5000,128,0.9944145529,1.0000,995.7150,140.3835,0.0000,5.494452,5.483321;5.492754;5.507697;5.494452;5.504533,1407.750961,710.35,,378.31,0,3903,10,True,nid005919,58119952
SINDI,doc_prune=0.1 query_prune=0.7 n_cand=5000,128,0.9944145529,1.0000,1216.6425,138.4841,0.0000,11.177790,11.177790;11.159147;11.213861;11.251873;11.159680,2863.897002,349.17,,462.89,0,3903,10,True,nid005491,58119954
SINDI,doc_prune=0 query_prune=0 n_cand=200,128,0.9944401742,1.0000,1423.7508,139.9263,0.0000,32.833469,32.833469;32.791071;32.964139;32.749612;32.923084,8412.367153,118.87,,421.50,0,3903,10,True,nid005539,58078825
SINDI,doc_prune=0 query_prune=0.1 n_cand=5000,128,0.9944401742,1.0000,1423.7508,139.9263,0.0000,30.336048,30.196066;30.289023;30.336048;30.392192;30.417711,7772.495004,128.66,,421.57,0,3903,10,True,nid005539,58078825
SINDI,doc_prune=0 query_prune=0.5 n_cand=1000,128,0.9944401742,1.0000,1423.7508,139.9263,0.0000,18.198678,18.124253;18.101369;18.198678;18.270630;18.251601,4662.740968,214.47,,421.67,0,3903,10,True,nid005539,58078825
SINDI,doc_prune=0 query_prune=0.2 n_cand=50,128,0.9944401742,1.0000,1224.9409,144.4894,0.0000,19.132183,19.132183;19.112148;19.146811;19.128615;19.143840,4901.917243,204.00,,356.15,0,3903,10,True,nid005807,58119950
SINDI,doc_prune=0.1 query_prune=0.3 n_cand=200,128,0.9944401742,1.0000,1033.3694,144.4894,0.0000,11.626864,11.632754;11.624146;11.619572;11.626864;11.638291,2978.955675,335.69,,356.16,0,3903,10,True,nid005807,58119950
SINDI,doc_prune=0.2 query_prune=0.2 n_cand=5000,128,0.9944401742,1.0000,959.1791,144.4894,0.0000,10.718398,10.710783;10.735766;10.702820;10.718398;10.752178,2746.194722,364.14,,356.16,0,3903,10,True,nid005807,58119950
SINDI,doc_prune=0.2 query_prune=0.5 n_cand=1000,128,0.9944401742,1.0000,959.1791,144.4894,0.0000,7.303831,7.316817;7.296558;7.294330;7.303831;7.317841,1871.337689,534.38,,356.16,0,3903,10,True,nid005807,58119950
SINDI,doc_prune=0.2 query_prune=0.7 n_cand=5000,128,0.9944401742,1.0000,959.1791,144.4894,0.0000,4.792229,4.800735;4.775962;4.792229;4.803236;4.784334,1227.832180,814.44,,356.16,0,3903,10,True,nid005807,58119950
SINDI,doc_prune=0 query_prune=0 n_cand=200,128,0.9944401742,1.0000,1331.0676,140.3835,0.0000,25.771702,25.757604;25.881760;25.771702;25.791548;25.702082,6603.049449,151.45,,378.30,0,3903,10,True,nid005919,58119952
SINDI,doc_prune=0 query_prune=0.1 n_cand=5000,128,0.9944401742,1.0000,1331.0676,140.3835,0.0000,23.680746,23.716235;23.570285;23.680746;23.676458;23.719699,6067.318985,164.82,,378.30,0,3903,10,True,nid005919,58119952
SINDI,doc_prune=0 query_prune=0.5 n_cand=1000,128,0.9944401742,1.0000,1331.0676,140.3835,0.0000,14.675983,14.692645;14.657047;14.627919;14.744667;14.675983,3760.180118,265.94,,378.30,0,3903,10,True,nid005919,58119952
SINDI,doc_prune=0 query_prune=0.2 n_cand=20,128,0.9944401742,1.0000,1539.0023,138.4841,0.0000,38.919048,38.867244;38.987783;39.155968;38.919048;38.819305,9971.572636,100.29,,462.88,0,3903,10,True,nid005491,58119954
SINDI,doc_prune=0.1 query_prune=0.2 n_cand=200,128,0.9944401742,1.0000,1216.6425,138.4841,0.0000,26.906674,26.942098;26.779158;26.949533;26.854005;26.906674,6893.844222,145.06,,462.89,0,3903,10,True,nid005491,58119954
SINDI,doc_prune=0.2 query_prune=0.1 n_cand=200,128,0.9944401742,1.0000,1106.6949,138.4841,0.0000,24.290384,24.290384;24.178752;24.270671;24.346738;24.314255,6223.516270,160.68,,462.89,0,3903,10,True,nid005491,58119954
SINDI,doc_prune=0.2 query_prune=0.1 n_cand=5000,128,0.9944401742,1.0000,1106.6949,138.4841,0.0000,24.738448,24.792888;24.781013;24.738448;24.710056;24.679323,6338.316167,157.77,,462.89,0,3903,10,True,nid005491,58119954
SINDI,doc_prune=0 query_prune=0.2 n_cand=1000,128,0.9944657955,1.0000,1224.9409,144.4894,0.0000,19.226650,19.220099;19.226650;19.234856;19.221033;19.256685,4926.120933,203.00,,356.15,0,3903,10,True,nid005807,58119950
SINDI,doc_prune=0 query_prune=0.5 n_cand=1000,128,0.9944657955,1.0000,1224.9409,144.4894,0.0000,12.588641,12.588641;12.564031;12.591869;12.570587;12.592234,3225.375609,310.04,,356.16,0,3903,10,True,nid005807,58119950
SINDI,doc_prune=0.1 query_prune=0 n_cand=1000,128,0.9944657955,1.0000,1033.3694,144.4894,0.0000,15.208339,15.204705;15.208339;15.214231;15.219749;15.175918,3896.576736,256.64,,356.16,0,3903,10,True,nid005807,58119950
SINDI,doc_prune=0.1 query_prune=0.7 n_cand=1000,128,0.9944657955,1.0000,1033.3694,144.4894,0.0000,5.529056,5.536424;5.517849;5.529056;5.534572;5.524736,1416.616961,705.91,,356.16,0,3903,10,True,nid005807,58119950
SINDI,doc_prune=0.3 query_prune=0.2 n_cand=1000,128,0.9944657955,1.0000,912.5443,144.4894,0.0000,8.709384,8.712809;8.698628;8.709384;8.682459;8.727926,2231.458878,448.14,,356.16,0,3903,10,True,nid005807,58119950
SINDI,doc_prune=0 query_prune=0.1 n_cand=5000,128,0.9944657955,1.0000,1539.0023,138.4841,0.0000,42.737344,42.589273;42.737344;42.751870;42.813214;42.720453,10949.870356,91.33,,462.88,0,3903,10,True,nid005491,58119954
SINDI,doc_prune=0.1 query_prune=0.1 n_cand=200,128,0.9944657955,1.0000,1216.6425,138.4841,0.0000,29.320117,29.337361;29.360188;29.296900;29.316966;29.320117,7512.200102,133.12,,462.89,0,3903,10,True,nid005491,58119954
SINDI,doc_prune=0.2 query_prune=0.5 n_cand=5000,128,0.9944657955,1.0000,1106.6949,138.4841,0.0000,15.118886,15.154501;15.139846;15.060935;15.088199;15.118886,3873.657699,258.15,,462.89,0,3903,10,True,nid005491,58119954
SINDI,doc_prune=0 query_prune=0.5 n_cand=5000,128,0.9944914169,1.0000,1423.7508,139.9263,0.0000,18.480923,18.461663;18.480923;18.536288;18.495448;18.426138,4735.055854,211.19,,421.68,0,3903,10,True,nid005539,58078825
SINDI,doc_prune=0.1 query_prune=0.7 n_cand=5000,128,0.9944914169,1.0000,1137.8844,139.9263,0.0000,7.548828,7.572368;7.548828;7.528254;7.587228;7.544657,1934.109147,517.03,,421.69,0,3903,10,True,nid005539,58078825
SINDI,doc_prune=0.2 query_prune=0 n_cand=5000,128,0.9944914169,1.0000,1017.0258,139.9263,0.0000,17.201951,17.156529;17.202102;17.201951;17.081959;17.244246,4407.366385,226.89,,421.69,0,3903,10,True,nid005539,58078825
SINDI,doc_prune=0.2 query_prune=0.5 n_cand=200,128,0.9944914169,1.0000,1017.0258,139.9263,0.0000,9.329152,9.359636;9.316775;9.321137;9.329152;9.371337,2390.251601,418.37,,421.69,0,3903,10,True,nid005539,58078825
SINDI,doc_prune=0.3 query_prune=0 n_cand=5000,128,0.9944914169,1.0000,951.3276,139.9263,0.0000,13.493604,13.493604;13.514985;13.538629;13.437107;13.467125,3457.239047,289.25,,421.69,0,3903,10,True,nid005539,58078825
SINDI,doc_prune=0 query_prune=0 n_cand=5000,128,0.9944914169,1.0000,1224.9409,144.4894,0.0000,22.050124,22.078927;21.934524;22.050124;22.022475;22.050461,5649.532155,177.01,,356.15,0,3903,10,True,nid005807,58119950
SINDI,doc_prune=0.1 query_prune=0.2 n_cand=200,128,0.9944914169,1.0000,1033.3694,144.4894,0.0000,12.990248,12.986268;12.990248;12.988772;12.992778;12.990258,3328.272611,300.46,,356.16,0,3903,10,True,nid005807,58119950
SINDI,doc_prune=0.4 query_prune=0 n_cand=5000,128,0.9944914169,1.0000,878.0739,144.4894,0.0000,8.543388,8.556619;8.543190;8.543388;8.545205;8.536061,2188.928517,456.84,,356.16,0,3903,10,True,nid005807,58119950
SINDI,doc_prune=0 query_prune=0.5 n_cand=5000,128,0.9944914169,1.0000,1331.0676,140.3835,0.0000,14.952764,14.950489;14.931104;14.970029;14.966056;14.952764,3831.095055,261.02,,378.30,0,3903,10,True,nid005919,58119952
SINDI,doc_prune=0.1 query_prune=0.7 n_cand=5000,128,0.9944914169,1.0000,1088.0379,140.3835,0.0000,6.552158,6.560562;6.545988;6.552158;6.556754;6.542750,1678.749167,595.68,,378.31,0,3903,10,True,nid005919,58119952
SINDI,doc_prune=0.2 query_prune=0 n_cand=5000,128,0.9944914169,1.0000,995.7150,140.3835,0.0000,14.722646,14.693989;14.740646;14.720290;14.724639;14.722646,3772.135793,265.10,,378.31,0,3903,10,True,nid005919,58119952
SINDI,doc_prune=0.2 query_prune=0.5 n_cand=200,128,0.9944914169,1.0000,995.7150,140.3835,0.0000,8.223978,8.223978;8.257746;8.195739;8.216028;8.224388,2107.091468,474.59,,378.31,0,3903,10,True,nid005919,58119952
SINDI,doc_prune=0.3 query_prune=0 n_cand=5000,128,0.9944914169,1.0000,939.5704,140.3835,0.0000,11.908035,11.927690;11.908035;11.933666;11.903725;11.903013,3050.995388,327.76,,378.31,0,3903,10,True,nid005919,58119952
SINDI,doc_prune=0 query_prune=0.2 n_cand=1000,128,0.9944914169,1.0000,1539.0023,138.4841,0.0000,39.017503,38.860123;39.017503;38.845187;39.139274;39.091378,9996.798104,100.03,,462.88,0,3903,10,True,nid005491,58119954
SINDI,doc_prune=0 query_prune=0.5 n_cand=200,128,0.9944914169,1.0000,1539.0023,138.4841,0.0000,25.007212,25.121307;24.944143;25.007212;25.056030;24.923489,6407.177043,156.07,,462.89,0,3903,10,True,nid005491,58119954
SINDI,doc_prune=0 query_prune=0.7 n_cand=1000,128,0.9945170382,1.0000,1423.7508,139.9263,0.0000,10.656285,10.595018;10.664657;10.735404;10.656285;10.655843,2730.280553,366.26,,421.69,0,3903,10,True,nid005539,58078825
SINDI,doc_prune=0.1 query_prune=0.3 n_cand=5000,128,0.9945170382,1.0000,1137.8844,139.9263,0.0000,16.295838,16.312707;16.260978;16.295838;16.300290;16.255801,4175.208301,239.51,,421.69,0,3903,10,True,nid005539,58078825
SINDI,doc_prune=0.3 query_prune=0.5 n_cand=5000,128,0.9945170382,1.0000,924.7803,138.9062,0.0000,5.900836,5.897307;5.908620;5.900836;5.885957;5.904758,1511.871893,661.43,,307.73,0,3903,10,True,nid004658,58308544
SINDI,doc_prune=0 query_prune=0.7 n_cand=5000,128,0.9945170382,1.0000,1224.9409,144.4894,0.0000,7.720093,7.728944;7.719984;7.710648;7.720093;7.736085,1977.989495,505.56,,356.16,0,3903,10,True,nid005807,58119950
SINDI,doc_prune=0.2 query_prune=0.5 n_cand=5000,128,0.9945170382,1.0000,959.1791,144.4894,0.0000,7.487543,7.487543;7.488930;7.484146;7.485042;7.512311,1918.407123,521.27,,356.16,0,3903,10,True,nid005807,58119950
SINDI,doc_prune=0 query_prune=0.7 n_cand=1000,128,0.9945170382,1.0000,1331.0676,140.3835,0.0000,8.654447,8.683562;8.650609;8.675537;8.644449;8.654447,2217.383295,450.98,,378.30,0,3903,10,True,nid005919,58119952
SINDI,doc_prune=0.1 query_prune=0.3 n_cand=5000,128,0.9945170382,1.0000,1088.0379,140.3835,0.0000,13.833288,13.785126;13.837602;13.833288;13.831330;13.848340,3544.270561,282.15,,378.31,0,3903,10,True,nid005919,58119952
SINDI,doc_prune=0.1 query_prune=0 n_cand=50,128,0.9945170382,1.0000,1216.6425,138.4841,0.0000,32.227911,32.227911;32.358529;32.227454;32.264346;32.158956,8257.215219,121.11,,462.89,0,3903,10,True,nid005491,58119954
SINDI,doc_prune=0.1 query_prune=0.2 n_cand=1000,128,0.9945170382,1.0000,1216.6425,138.4841,0.0000,26.950753,27.034867;26.909540;26.948916;26.950753;27.039611,6905.137843,144.82,,462.89,0,3903,10,True,nid005491,58119954
SINDI,doc_prune=0.2 query_prune=0.2 n_cand=1000,128,0.9945170382,1.0000,1106.6949,138.4841,0.0000,22.043581,22.046158;21.999784;22.019404;22.118235;22.043581,5647.855752,177.06,,462.89,0,3903,10,True,nid005491,58119954
SINDI,doc_prune=0.2 query_prune=0.7 n_cand=5000,128,0.9945170382,1.0000,1106.6949,138.4841,0.0000,9.564278,9.564278;9.560425;9.554299;9.573392;9.580612,2450.493979,408.08,,462.89,0,3903,10,True,nid005491,58119954
SINDI,doc_prune=0 query_prune=0.5 n_cand=200,128,0.9945426595,1.0000,1423.7508,139.9263,0.0000,18.102664,18.064903;18.102664;17.960750;18.204216;18.172856,4638.140917,215.60,,421.66,0,3903,10,True,nid005539,58078825
SINDI,doc_prune=0.2 query_prune=0.3 n_cand=200,128,0.9945426595,1.0000,1017.0258,139.9263,0.0000,12.347997,12.400297;12.306142;12.346700;12.361976;12.347997,3163.719447,316.08,,421.69,0,3903,10,True,nid005539,58078825
SINDI,doc_prune=0 query_prune=0.1 n_cand=20,128,0.9945426595,1.0000,1224.9409,144.4894,0.0000,19.620633,19.614284;19.645899;19.620633;19.609874;19.703069,5027.064566,198.92,,356.15,0,3903,10,True,nid005807,58119950
SINDI,doc_prune=0 query_prune=0.2 n_cand=200,128,0.9945426595,1.0000,1224.9409,144.4894,0.0000,19.146788,19.148610;19.100327;19.099700;19.158950;19.146788,4905.659236,203.85,,356.15,0,3903,10,True,nid005807,58119950
SINDI,doc_prune=0 query_prune=0.3 n_cand=5000,128,0.9945426595,1.0000,1224.9409,144.4894,0.0000,17.360112,17.332908;17.370443;17.358491;17.360112;17.390205,4447.889316,224.83,,356.16,0,3903,10,True,nid005807,58119950
SINDI,doc_prune=0.1 query_prune=0.5 n_cand=5000,128,0.9945426595,1.0000,1033.3694,144.4894,0.0000,9.090025,9.084239;9.090025;9.100753;9.104922;9.085196,2328.984115,429.37,,356.16,0,3903,10,True,nid005807,58119950
SINDI,doc_prune=0.3 query_prune=0 n_cand=5000,128,0.9945426595,1.0000,912.5443,144.4894,0.0000,10.568181,10.594537;10.556097;10.568181;10.558387;10.576164,2707.707148,369.32,,356.16,0,3903,10,True,nid005807,58119950
SINDI,doc_prune=0 query_prune=0.5 n_cand=200,128,0.9945426595,1.0000,1331.0676,140.3835,0.0000,14.634066,14.671372;14.649996;14.607910;14.634014;14.634066,3749.440430,266.71,,378.30,0,3903,10,True,nid005919,58119952
SINDI,doc_prune=0.2 query_prune=0.3 n_cand=200,128,0.9945426595,1.0000,995.7150,140.3835,0.0000,10.710225,10.694229;10.712043;10.693707;10.710225;10.715541,2744.100692,364.42,,378.31,0,3903,10,True,nid005919,58119952
SINDI,doc_prune=0.1 query_prune=0.3 n_cand=5000,128,0.9945426595,1.0000,1216.6425,138.4841,0.0000,24.277223,24.277223;24.269790;24.246415;24.294181;24.316922,6220.144248,160.77,,462.89,0,3903,10,True,nid005491,58119954
SINDI,doc_prune=0.2 query_prune=0.2 n_cand=1000,128,0.9945682808,1.0000,1017.0258,139.9263,0.0000,13.888368,13.880483;13.888368;14.001777;13.984154;13.886305,3558.382782,281.03,,421.69,0,3903,10,True,nid005539,58078825
SINDI,doc_prune=0.2 query_prune=0.3 n_cand=5000,128,0.9945682808,1.0000,1017.0258,139.9263,0.0000,12.730760,12.760728;12.730760;12.695965;12.737932;12.726489,3261.788368,306.58,,421.69,0,3903,10,True,nid005539,58078825
SINDI,doc_prune=0.3 query_prune=0.1 n_cand=1000,128,0.9945682808,1.0000,951.3276,139.9263,0.0000,11.956701,12.057242;11.956701;11.884680;11.981487;11.932693,3063.464258,326.43,,421.69,0,3903,10,True,nid005539,58078825
SINDI,doc_prune=0.3 query_prune=0.1 n_cand=5000,128,0.9945682808,1.0000,951.3276,139.9263,0.0000,12.318262,12.327738;12.349271;12.261043;12.293360;12.318262,3156.100948,316.85,,421.69,0,3903,10,True,nid005539,58078825
SINDI,doc_prune=0.3 query_prune=0.5 n_cand=5000,128,0.9945682808,1.0000,926.6913,139.4089,0.0000,6.116496,6.126458;6.113241;6.133447;6.116496;6.106728,1567.126826,638.11,,309.45,0,3903,10,True,nid004909,58308541
SINDI,doc_prune=0.4 query_prune=0.5 n_cand=5000,128,0.9945682808,1.0000,889.2569,139.4089,0.0000,4.890975,4.897471;4.885112;4.890975;4.901684;4.889881,1253.132206,798.00,,309.45,0,3903,10,True,nid004909,58308541
SINDI,doc_prune=0.2 query_prune=0.1 n_cand=5000,128,0.9945682808,1.0000,959.1791,144.4894,0.0000,11.713651,11.713651;11.709627;11.725782;11.726154;11.691105,3001.191647,333.20,,356.16,0,3903,10,True,nid005807,58119950
SINDI,doc_prune=0.2 query_prune=0.2 n_cand=200,128,0.9945682808,1.0000,959.1791,144.4894,0.0000,10.460521,10.463463;10.460521;10.477356;10.452865;10.440329,2680.123239,373.12,,356.16,0,3903,10,True,nid005807,58119950
SINDI,doc_prune=0.3 query_prune=0.5 n_cand=5000,128,0.9945682808,1.0000,912.5443,144.4894,0.0000,6.182199,6.177882;6.185574;6.182199;6.185835;6.178297,1583.960799,631.33,,356.16,0,3903,10,True,nid005807,58119950
SINDI,doc_prune=0.3 query_prune=0.7 n_cand=1000,128,0.9945682808,1.0000,912.5443,144.4894,0.0000,3.704837,3.704837;3.700945;3.709390;3.702039;3.707148,949.228030,1053.49,,356.16,0,3903,10,True,nid005807,58119950
SINDI,doc_prune=0.4 query_prune=0.5 n_cand=5000,128,0.9945682808,1.0000,878.0739,144.4894,0.0000,4.885657,4.894642;4.885657;4.869837;4.880704;4.885807,1251.769664,798.87,,356.16,0,3903,10,True,nid005807,58119950
SINDI,doc_prune=0.2 query_prune=0.2 n_cand=1000,128,0.9945682808,1.0000,995.7150,140.3835,0.0000,11.973044,11.959436;11.983756;11.979697;11.945364;11.973044,3067.651550,325.98,,378.31,0,3903,10,True,nid005919,58119952
SINDI,doc_prune=0.2 query_prune=0.3 n_cand=5000,128,0.9945682808,1.0000,995.7150,140.3835,0.0000,10.986768,10.996124;10.949729;10.979504;10.986768;11.017067,2814.954650,355.25,,378.31,0,3903,10,True,nid005919,58119952
SINDI,doc_prune=0.3 query_prune=0.1 n_cand=1000,128,0.9945682808,1.0000,939.5704,140.3835,0.0000,10.728708,10.723969;10.735407;10.676342;10.728708;10.745164,2748.836280,363.79,,378.31,0,3903,10,True,nid005919,58119952
SINDI,doc_prune=0.3 query_prune=0.1 n_cand=5000,128,0.9945682808,1.0000,939.5704,140.3835,0.0000,10.948959,10.964670;10.966522;10.948959;10.908962;10.935619,2805.267487,356.47,,378.31,0,3903,10,True,nid005919,58119952
SINDI,doc_prune=0.1 query_prune=0.5 n_cand=200,128,0.9945682808,1.0000,1216.6425,138.4841,0.0000,17.747715,17.733256;17.747715;17.749921;17.738873;17.779315,4547.198309,219.92,,462.89,0,3903,10,True,nid005491,58119954
SINDI,doc_prune=0.2 query_prune=0.3 n_cand=5000,128,0.9945682808,1.0000,1106.6949,138.4841,0.0000,20.020899,20.042726;19.980503;20.005246;20.020899;20.069067,5129.617986,194.95,,462.89,0,3903,10,True,nid005491,58119954
SINDI,doc_prune=0.2 query_prune=0.5 n_cand=200,128,0.9945682808,1.0000,1106.6949,138.4841,0.0000,14.701303,14.756947;14.701303;14.718853;14.693425;14.661234,3766.667435,265.49,,462.89,0,3903,10,True,nid005491,58119954
SINDI,doc_prune=0.3 query_prune=0.1 n_cand=1000,128,0.9945939021,1.0000,912.5443,144.4894,0.0000,9.476865,9.489482;9.467095;9.463503;9.497514;9.476865,2428.097617,411.85,,356.16,0,3903,10,True,nid005807,58119950
SINDI,doc_prune=0 query_prune=0.3 n_cand=200,128,0.9945939021,1.0000,1539.0023,138.4841,0.0000,34.271303,34.406305;34.212800;34.230535;34.271303;34.392977,8780.759160,113.89,,462.88,0,3903,10,True,nid005491,58119954
SINDI,doc_prune=0.1 query_prune=0 n_cand=50,128,0.9946195234,1.0000,1137.8844,139.9263,0.0000,21.129214,21.163193;21.044123;21.129214;21.083992;21.201476,5413.582885,184.72,,421.69,0,3903,10,True,nid005539,58078825
SINDI,doc_prune=0.2 query_prune=0.1 n_cand=1000,128,0.9946195234,1.0000,1017.0258,139.9263,0.0000,15.308688,15.308688;15.301876;15.357076;15.248607;15.350871,3922.287471,254.95,,421.69,0,3903,10,True,nid005539,58078825
SINDI,doc_prune=0.2 query_prune=0.2 n_cand=200,128,0.9946195234,1.0000,1017.0258,139.9263,0.0000,13.838756,13.736775;13.862952;13.838756;13.799905;13.868132,3545.671535,282.03,,421.69,0,3903,10,True,nid005539,58078825
SINDI,doc_prune=0.3 query_prune=0.2 n_cand=5000,128,0.9946195234,1.0000,951.3276,139.9263,0.0000,11.260150,11.284763;11.195562;11.260150;11.264764;11.200205,2884.998719,346.62,,421.69,0,3903,10,True,nid005539,58078825
SINDI,doc_prune=0 query_prune=0 n_cand=50,128,0.9946195234,1.0000,1224.9409,144.4894,0.0000,21.719622,21.714127;21.719622;21.746218;21.780749;21.669161,5564.853190,179.70,,356.15,0,3903,10,True,nid005807,58119950
SINDI,doc_prune=0 query_prune=0.5 n_cand=5000,128,0.9946195234,1.0000,1224.9409,144.4894,0.0000,12.855912,12.888230;12.820355;12.855912;12.873588;12.830200,3293.853958,303.60,,356.16,0,3903,10,True,nid005807,58119950
SINDI,doc_prune=0.1 query_prune=0.1 n_cand=50,128,0.9946195234,1.0000,1033.3694,144.4894,0.0000,13.853054,13.848270;13.829142;13.853054;13.858356;13.869945,3549.334871,281.74,,356.16,0,3903,10,True,nid005807,58119950
SINDI,doc_prune=0.2 query_prune=0.2 n_cand=1000,128,0.9946195234,1.0000,959.1791,144.4894,0.0000,10.481164,10.479846;10.483357;10.481164;10.468621;10.496980,2685.412247,372.38,,356.16,0,3903,10,True,nid005807,58119950
SINDI,doc_prune=0.1 query_prune=0 n_cand=50,128,0.9946195234,1.0000,1088.0379,140.3835,0.0000,17.951740,18.019138;17.985150;17.943684;17.925030;17.951740,4599.472201,217.42,,378.31,0,3903,10,True,nid005919,58119952
SINDI,doc_prune=0.2 query_prune=0.1 n_cand=1000,128,0.9946195234,1.0000,995.7150,140.3835,0.0000,13.195894,13.195894;13.157920;13.164483;13.200212;13.225082,3380.961824,295.77,,378.31,0,3903,10,True,nid005919,58119952
SINDI,doc_prune=0.2 query_prune=0.2 n_cand=200,128,0.9946195234,1.0000,995.7150,140.3835,0.0000,11.909957,11.927020;11.901147;11.909957;11.899082;11.927050,3051.487830,327.71,,378.31,0,3903,10,True,nid005919,58119952
SINDI,doc_prune=0.3 query_prune=0.2 n_cand=5000,128,0.9946195234,1.0000,939.5704,140.3835,0.0000,10.047192,10.049939;10.047192;10.038711;10.034840;10.049692,2574.222905,388.47,,378.31,0,3903,10,True,nid005919,58119952
SINDI,doc_prune=0 query_prune=0.2 n_cand=50,128,0.9946195234,1.0000,1539.0023,138.4841,0.0000,38.933337,38.939584;38.899562;39.016134;38.933337;38.876409,9975.233666,100.25,,462.88,0,3903,10,True,nid005491,58119954
SINDI,doc_prune=0 query_prune=0.1 n_cand=1000,128,0.9946451448,1.0000,1423.7508,139.9263,0.0000,29.890362,29.896122;29.886901;29.888152;29.890362;29.911832,7658.304381,130.58,,421.56,0,3903,10,True,nid005539,58078825
SINDI,doc_prune=0.1 query_prune=0.2 n_cand=50,128,0.9946451448,1.0000,1137.8844,139.9263,0.0000,17.857779,17.922088;17.773868;17.849598;17.948004;17.857779,4575.398155,218.56,,421.69,0,3903,10,True,nid005539,58078825
SINDI,doc_prune=0.2 query_prune=0.2 n_cand=5000,128,0.9946451448,1.0000,1017.0258,139.9263,0.0000,14.214921,14.256029;14.254466;14.214921;14.155487;14.172361,3642.049962,274.57,,421.69,0,3903,10,True,nid005539,58078825
SINDI,doc_prune=0.2 query_prune=0.7 n_cand=1000,128,0.9946451448,1.0000,1017.0258,139.9263,0.0000,5.885620,5.901629;5.881298;5.885620;5.860587;5.895636,1507.973354,663.14,,421.69,0,3903,10,True,nid005539,58078825
SINDI,doc_prune=0.3 query_prune=0.5 n_cand=1000,128,0.9946451448,1.0000,951.3276,139.9263,0.0000,7.474563,7.474563;7.467622;7.504032;7.490662;7.440271,1915.081476,522.17,,421.69,0,3903,10,True,nid005539,58078825
SINDI,doc_prune=0 query_prune=0.1 n_cand=50,128,0.9946451448,1.0000,1224.9409,144.4894,0.0000,19.676732,19.676732;19.689652;19.710793;19.668209;19.669636,5041.437868,198.36,,356.15,0,3903,10,True,nid005807,58119950
SINDI,doc_prune=0.1 query_prune=0 n_cand=5000,128,0.9946451448,1.0000,1033.3694,144.4894,0.0000,15.432915,15.431673;15.430643;15.443129;15.432915;15.461119,3954.116065,252.90,,356.16,0,3903,10,True,nid005807,58119950
SINDI,doc_prune=0 query_prune=0.1 n_cand=1000,128,0.9946451448,1.0000,1331.0676,140.3835,0.0000,23.406387,23.359199;23.459372;23.406387;23.464213;23.400744,5997.024596,166.75,,378.30,0,3903,10,True,nid005919,58119952
SINDI,doc_prune=0.1 query_prune=0.2 n_cand=50,128,0.9946451448,1.0000,1088.0379,140.3835,0.0000,15.132183,15.123270;15.047824;15.137088;15.132183;15.135042,3877.064566,257.93,,378.31,0,3903,10,True,nid005919,58119952
SINDI,doc_prune=0.2 query_prune=0.2 n_cand=5000,128,0.9946451448,1.0000,995.7150,140.3835,0.0000,12.183037,12.181841;12.183037;12.210249;12.177912;12.199623,3121.454522,320.36,,378.31,0,3903,10,True,nid005919,58119952
SINDI,doc_prune=0.2 query_prune=0.7 n_cand=1000,128,0.9946451448,1.0000,995.7150,140.3835,0.0000,5.328546,5.323421;5.319687;5.328546;5.332945;5.359156,1365.243659,732.47,,378.31,0,3903,10,True,nid005919,58119952
SINDI,doc_prune=0.3 query_prune=0.5 n_cand=1000,128,0.9946451448,1.0000,939.5704,140.3835,0.0000,6.883422,6.894755;6.888557;6.879422;6.860175;6.883422,1763.623367,567.01,,378.31,0,3903,10,True,nid005919,58119952
SINDI,doc_prune=0.2 query_prune=0.2 n_cand=200,128,0.9946451448,1.0000,1106.6949,138.4841,0.0000,22.002302,22.002302;21.931675;22.033509;21.986874;22.002758,5637.279529,177.39,,462.89,0,3903,10,True,nid005491,58119954
SINDI,doc_prune=0.3 query_prune=0.2 n_cand=5000,128,0.9946451448,1.0000,1046.2253,138.4841,0.0000,18.704843,18.669838;18.719917;18.704843;18.725068;18.660060,4792.427107,208.66,,462.89,0,3903,10,True,nid005491,58119954
SINDI,doc_prune=0 query_prune=0.2 n_cand=20,128,0.9946707661,1.0000,1423.7508,139.9263,0.0000,27.785794,27.663975;27.874627;27.785794;27.704691;27.908661,7119.086344,140.47,,421.58,0,3903,10,True,nid005539,58078825
SINDI,doc_prune=0.1 query_prune=0.2 n_cand=200,128,0.9946707661,1.0000,1137.8844,139.9263,0.0000,17.868332,17.859423;17.874175;17.822726;17.868332;17.883819,4578.101973,218.43,,421.69,0,3903,10,True,nid005539,58078825
SINDI,doc_prune=0.1 query_prune=0.5 n_cand=1000,128,0.9946707661,1.0000,1137.8844,139.9263,0.0000,11.940306,11.940306;11.952460;11.934719;11.961190;11.939169,3059.263643,326.88,,421.69,0,3903,10,True,nid005539,58078825
SINDI,doc_prune=0.1 query_prune=0.1 n_cand=1000,128,0.9946707661,1.0000,1033.3694,144.4894,0.0000,13.918776,13.910237;13.927530;13.934450;13.918776;13.916784,3566.173713,280.41,,356.16,0,3903,10,True,nid005807,58119950
SINDI,doc_prune=0.3 query_prune=0.5 n_cand=1000,128,0.9946707661,1.0000,912.5443,144.4894,0.0000,5.930868,5.930868;5.928734;5.927472;5.940197;5.952545,1519.566487,658.08,,356.16,0,3903,10,True,nid005807,58119950
SINDI,doc_prune=0 query_prune=0.2 n_cand=20,128,0.9946707661,1.0000,1331.0676,140.3835,0.0000,22.505644,22.505644;22.527377;22.469570;22.469062;22.521051,5766.242378,173.42,,378.30,0,3903,10,True,nid005919,58119952
SINDI,doc_prune=0.1 query_prune=0.2 n_cand=200,128,0.9946707661,1.0000,1088.0379,140.3835,0.0000,15.121621,15.121621;15.121633;15.121350;15.109280;15.144432,3874.358442,258.11,,378.31,0,3903,10,True,nid005919,58119952
SINDI,doc_prune=0.1 query_prune=0.5 n_cand=1000,128,0.9946707661,1.0000,1088.0379,140.3835,0.0000,10.212096,10.195990;10.230035;10.212096;10.228795;10.194524,2616.473482,382.19,,378.31,0,3903,10,True,nid005919,58119952
SINDI,doc_prune=0.1 query_prune=0 n_cand=1000,128,0.9946707661,1.0000,1216.6425,138.4841,0.0000,32.378872,32.378872;32.479245;32.311845;32.448631;32.305218,8295.893415,120.54,,462.89,0,3903,10,True,nid005491,58119954
SINDI,doc_prune=0.3 query_prune=0.5 n_cand=5000,128,0.9946707661,1.0000,1046.2253,138.4841,0.0000,12.853223,12.872953;12.835673;12.835364;12.863642;12.853223,3293.165001,303.66,,462.89,0,3903,10,True,nid005491,58119954
SINDI,doc_prune=0.1 query_prune=0 n_cand=1000,128,0.9946963874,1.0000,1137.8844,139.9263,0.0000,21.236440,21.081748;21.168109;21.294458;21.236440;21.301647,5441.055598,183.79,,421.69,0,3903,10,True,nid005539,58078825
SINDI,doc_prune=0.1 query_prune=0.1 n_cand=50,128,0.9946963874,1.0000,1137.8844,139.9263,0.0000,19.253968,19.144878;19.300979;19.305323;19.181501;19.253968,4933.120164,202.71,,421.69,0,3903,10,True,nid005539,58078825
SINDI,doc_prune=0.1 query_prune=0.1 n_cand=200,128,0.9946963874,1.0000,1137.8844,139.9263,0.0000,19.275506,19.282018;19.323661;19.271957;19.275506;19.261975,4938.638483,202.48,,421.69,0,3903,10,True,nid005539,58078825
SINDI,doc_prune=0.1 query_prune=0.2 n_cand=1000,128,0.9946963874,1.0000,1137.8844,139.9263,0.0000,17.975810,18.016891;17.975810;17.957483;18.022407;17.935695,4605.639252,217.13,,421.69,0,3903,10,True,nid005539,58078825
SINDI,doc_prune=0.1 query_prune=0.5 n_cand=200,128,0.9946963874,1.0000,1137.8844,139.9263,0.0000,11.889084,11.885176;11.937061;11.847191;11.947309;11.889084,3046.139892,328.28,,421.69,0,3903,10,True,nid005539,58078825
SINDI,doc_prune=0.3 query_prune=0.2 n_cand=1000,128,0.9946963874,1.0000,951.3276,139.9263,0.0000,10.940054,10.975469;10.901836;10.980982;10.922123;10.940054,2802.985908,356.76,,421.69,0,3903,10,True,nid005539,58078825
SINDI,doc_prune=0.1 query_prune=0 n_cand=1000,128,0.9946963874,1.0000,1088.0379,140.3835,0.0000,18.008940,18.008940;18.041467;18.008000;17.988328;18.024152,4614.127594,216.73,,378.31,0,3903,10,True,nid005919,58119952
SINDI,doc_prune=0.1 query_prune=0.1 n_cand=50,128,0.9946963874,1.0000,1088.0379,140.3835,0.0000,16.385850,16.385850;16.379818;16.363380;16.392325;16.386959,4198.270561,238.19,,378.31,0,3903,10,True,nid005919,58119952
SINDI,doc_prune=0.1 query_prune=0.1 n_cand=200,128,0.9946963874,1.0000,1088.0379,140.3835,0.0000,16.400360,16.294344;16.400220;16.416716;16.400360;16.405691,4201.988214,237.98,,378.31,0,3903,10,True,nid005919,58119952
SINDI,doc_prune=0.1 query_prune=0.2 n_cand=1000,128,0.9946963874,1.0000,1088.0379,140.3835,0.0000,15.155528,15.162650;15.155528;15.139175;15.175227;15.155277,3883.045862,257.53,,378.31,0,3903,10,True,nid005919,58119952
SINDI,doc_prune=0.1 query_prune=0.5 n_cand=200,128,0.9946963874,1.0000,1088.0379,140.3835,0.0000,10.171438,10.180275;10.171438;10.176732;10.153190;10.167908,2606.056367,383.72,,378.31,0,3903,10,True,nid005919,58119952
SINDI,doc_prune=0.3 query_prune=0.2 n_cand=1000,128,0.9946963874,1.0000,939.5704,140.3835,0.0000,9.840097,9.840097;9.858192;9.861681;9.813470;9.838818,2521.162439,396.64,,378.31,0,3903,10,True,nid005919,58119952
SINDI,doc_prune=0 query_prune=0 n_cand=200,128,0.9946963874,1.0000,1539.0023,138.4841,0.0000,46.746931,46.746931;46.727260;46.742855;46.854691;46.835635,11977.179349,83.49,,462.88,0,3903,10,True,nid005491,58119954
SINDI,doc_prune=0 query_prune=0 n_cand=1000,128,0.9946963874,1.0000,1539.0023,138.4841,0.0000,46.834073,47.005853;46.781006;46.834073;46.867881;46.823385,11999.506277,83.34,,462.88,0,3903,10,True,nid005491,58119954
SINDI,doc_prune=0 query_prune=0.3 n_cand=5000,128,0.9947220087,1.0000,1423.7508,139.9263,0.0000,25.200263,25.200263;25.077605;25.221414;25.242543;25.130435,6456.639252,154.88,,421.64,0,3903,10,True,nid005539,58078825
SINDI,doc_prune=0.1 query_prune=0 n_cand=5000,128,0.9947220087,1.0000,1137.8844,139.9263,0.0000,21.536505,21.471794;21.536505;21.565547;21.604011;21.521435,5517.936203,181.23,,421.69,0,3903,10,True,nid005539,58078825
SINDI,doc_prune=0.2 query_prune=0 n_cand=200,128,0.9947220087,1.0000,1017.0258,139.9263,0.0000,16.819891,16.804763;16.853191;16.819891;16.838155;16.734956,4309.477581,232.05,,421.69,0,3903,10,True,nid005539,58078825
SINDI,doc_prune=0.2 query_prune=0.1 n_cand=5000,128,0.9947220087,1.0000,1017.0258,139.9263,0.0000,15.572589,15.572517;15.553060;15.583064;15.631297;15.572589,3989.902383,250.63,,421.69,0,3903,10,True,nid005539,58078825
SINDI,doc_prune=0.3 query_prune=0 n_cand=1000,128,0.9947220087,1.0000,912.5443,144.4894,0.0000,10.392954,10.395169;10.412684;10.373114;10.392954;10.389043,2662.811683,375.54,,356.16,0,3903,10,True,nid005807,58119950
SINDI,doc_prune=0 query_prune=0.3 n_cand=5000,128,0.9947220087,1.0000,1331.0676,140.3835,0.0000,20.342293,20.397474;20.342293;20.323420;20.294276;20.449988,5211.963362,191.87,,378.30,0,3903,10,True,nid005919,58119952
SINDI,doc_prune=0.1 query_prune=0 n_cand=5000,128,0.9947220087,1.0000,1088.0379,140.3835,0.0000,18.257602,18.261467;18.261118;18.257602;18.210197;18.210646,4677.838073,213.77,,378.31,0,3903,10,True,nid005919,58119952
SINDI,doc_prune=0.2 query_prune=0 n_cand=200,128,0.9947220087,1.0000,995.7150,140.3835,0.0000,14.407470,14.398995;14.435857;14.380663;14.407470;14.410735,3691.383551,270.90,,378.31,0,3903,10,True,nid005919,58119952
SINDI,doc_prune=0.2 query_prune=0.1 n_cand=5000,128,0.9947220087,1.0000,995.7150,140.3835,0.0000,13.412886,13.407345;13.441631;13.400983;13.412886;13.442818,3436.558032,290.99,,378.31,0,3903,10,True,nid005919,58119952
SINDI,doc_prune=0 query_prune=0.3 n_cand=50,128,0.9947220087,1.0000,1539.0023,138.4841,0.0000,34.233538,34.230140;34.418378;34.245224;34.233538;34.208098,8771.083269,114.01,,462.88,0,3903,10,True,nid005491,58119954
SINDI,doc_prune=0.1 query_prune=0 n_cand=5000,128,0.9947220087,1.0000,1216.6425,138.4841,0.0000,32.711245,32.742410;32.711245;32.493107;32.741664;32.677205,8381.051755,119.32,,462.89,0,3903,10,True,nid005491,58119954
SINDI,doc_prune=0.2 query_prune=0 n_cand=5000,128,0.9947220087,1.0000,1106.6949,138.4841,0.0000,27.236512,27.236512;27.298509;27.215548;27.203621;27.268146,6978.353062,143.30,,462.89,0,3903,10,True,nid005491,58119954
SINDI,doc_prune=0.4 query_prune=0.1 n_cand=5000,128,0.9947476300,1.0000,908.8737,139.9263,0.0000,9.918734,9.869941;9.942439;9.877215;9.918734;9.928170,2541.310274,393.50,,421.69,0,3903,10,True,nid005539,58078825
SINDI,doc_prune=0 query_prune=0 n_cand=20,128,0.9947476300,1.0000,1224.9409,144.4894,0.0000,21.691463,21.712012;21.787535;21.647602;21.691463;21.685345,5557.638483,179.93,,356.15,0,3903,10,True,nid005807,58119950
SINDI,doc_prune=0 query_prune=0.1 n_cand=200,128,0.9947476300,1.0000,1224.9409,144.4894,0.0000,19.660051,19.615748;19.747972;19.660051;19.684949;19.649261,5037.163976,198.52,,356.15,0,3903,10,True,nid005807,58119950
SINDI,doc_prune=0 query_prune=0.2 n_cand=5000,128,0.9947476300,1.0000,1224.9409,144.4894,0.0000,19.539683,19.542632;19.539701;19.521526;19.492136;19.539683,5006.324110,199.75,,356.15,0,3903,10,True,nid005807,58119950
SINDI,doc_prune=0.1 query_prune=0.1 n_cand=200,128,0.9947476300,1.0000,1033.3694,144.4894,0.0000,13.876658,13.881235;13.833718;13.888970;13.866871;13.876658,3555.382526,281.26,,356.16,0,3903,10,True,nid005807,58119950
SINDI,doc_prune=0.1 query_prune=0.2 n_cand=1000,128,0.9947476300,1.0000,1033.3694,144.4894,0.0000,13.046205,13.086773;13.045928;13.062185;13.046205;13.029764,3342.609531,299.17,,356.16,0,3903,10,True,nid005807,58119950
SINDI,doc_prune=0.3 query_prune=0.1 n_cand=5000,128,0.9947476300,1.0000,912.5443,144.4894,0.0000,9.696672,9.707594;9.682133;9.685562;9.696672;9.720051,2484.415065,402.51,,356.16,0,3903,10,True,nid005807,58119950
SINDI,doc_prune=0.4 query_prune=0.1 n_cand=5000,128,0.9947476300,1.0000,896.6648,140.3835,0.0000,9.024182,9.019090;9.001127;9.024182;9.027400;9.060985,2312.114271,432.50,,378.31,0,3903,10,True,nid005919,58119952
SINDI,doc_prune=0.4 query_prune=0.5 n_cand=5000,128,0.9947476300,1.0000,995.6898,138.4841,0.0000,11.232005,11.187254;11.172840;11.292476;11.232005;11.256364,2877.787599,347.49,,462.89,0,3903,10,True,nid005491,58119954
SINDI,doc_prune=0.1 query_prune=0.2 n_cand=5000,128,0.9947732513,1.0000,1137.8844,139.9263,0.0000,18.238798,18.278262;18.195353;18.316190;18.164848;18.238798,4673.020241,213.99,,421.69,0,3903,10,True,nid005539,58078825
SINDI,doc_prune=0 query_prune=0.3 n_cand=50,128,0.9947732513,1.0000,1224.9409,144.4894,0.0000,16.934901,16.979869;16.969623;16.934901;16.931573;16.917588,4338.944658,230.47,,356.15,0,3903,10,True,nid005807,58119950
SINDI,doc_prune=0 query_prune=0.3 n_cand=1000,128,0.9947732513,1.0000,1224.9409,144.4894,0.0000,17.086298,17.055977;17.042598;17.093018;17.086298;17.133202,4377.734563,228.43,,356.16,0,3903,10,True,nid005807,58119950
SINDI,doc_prune=0.1 query_prune=0.3 n_cand=1000,128,0.9947732513,1.0000,1033.3694,144.4894,0.0000,11.680843,11.685682;11.681436;11.680843;11.677422;11.661700,2992.785806,334.14,,356.16,0,3903,10,True,nid005807,58119950
SINDI,doc_prune=0.2 query_prune=0.1 n_cand=200,128,0.9947732513,1.0000,959.1791,144.4894,0.0000,11.423285,11.426166;11.417438;11.412313;11.435876;11.423285,2926.796054,341.67,,356.16,0,3903,10,True,nid005807,58119950
SINDI,doc_prune=0.1 query_prune=0.2 n_cand=5000,128,0.9947732513,1.0000,1088.0379,140.3835,0.0000,15.430786,15.458321;15.430786;15.404274;15.473503;15.406547,3953.570587,252.94,,378.31,0,3903,10,True,nid005919,58119952
SINDI,doc_prune=0 query_prune=0.1 n_cand=1000,128,0.9947732513,1.0000,1539.0023,138.4841,0.0000,42.362259,42.382353;42.350962;42.362259;42.478762;42.312728,10853.768640,92.13,,462.88,0,3903,10,True,nid005491,58119954
SINDI,doc_prune=0 query_prune=0.5 n_cand=1000,128,0.9947732513,1.0000,1539.0023,138.4841,0.0000,25.119470,24.983241;25.012940;25.119470;25.168793;25.201663,6435.939021,155.38,,462.89,0,3903,10,True,nid005491,58119954
SINDI,doc_prune=0.1 query_prune=0.1 n_cand=50,128,0.9947732513,1.0000,1216.6425,138.4841,0.0000,29.400636,29.400636;29.488728;29.321707;29.415736;29.201611,7532.830131,132.75,,462.89,0,3903,10,True,nid005491,58119954
SINDI,doc_prune=0.1 query_prune=0.2 n_cand=5000,128,0.9947732513,1.0000,1216.6425,138.4841,0.0000,27.340954,27.357707;27.351247;27.340954;27.286690;27.320534,7005.112478,142.75,,462.89,0,3903,10,True,nid005491,58119954
SINDI,doc_prune=0.2 query_prune=0 n_cand=200,128,0.9947732513,1.0000,1106.6949,138.4841,0.0000,26.836187,26.841150;26.836187;26.845514;26.716126;26.780131,6875.784525,145.44,,462.89,0,3903,10,True,nid005491,58119954
SINDI,doc_prune=0 query_prune=0 n_cand=1000,128,0.9947988727,1.0000,1423.7508,139.9263,0.0000,32.855633,32.951842;32.855633;32.614021;32.966751;32.815359,8418.045862,118.79,,421.51,0,3903,10,True,nid005539,58078825
SINDI,doc_prune=0 query_prune=0 n_cand=1000,128,0.9947988727,1.0000,1331.0676,140.3835,0.0000,25.892794,25.892794;25.885355;25.934960;25.898601;25.783267,6634.074814,150.74,,378.30,0,3903,10,True,nid005919,58119952
SINDI,doc_prune=0.2 query_prune=0.3 n_cand=1000,128,0.9947988727,1.0000,1106.6949,138.4841,0.0000,19.669063,19.696604;19.669063;19.658336;19.636093;19.702257,5039.472970,198.43,,462.89,0,3903,10,True,nid005491,58119954
SINDI,doc_prune=0.3 query_prune=0.3 n_cand=5000,128,0.9948244940,1.0000,951.3276,139.9263,0.0000,10.105032,10.182792;10.118777;10.099073;10.093192;10.105032,2589.042275,386.24,,421.69,0,3903,10,True,nid005539,58078825
SINDI,doc_prune=0.3 query_prune=0.3 n_cand=5000,128,0.9948244940,1.0000,939.5704,140.3835,0.0000,9.089777,9.093763;9.085092;9.095228;9.086640;9.089777,2328.920574,429.38,,378.31,0,3903,10,True,nid005919,58119952
SINDI,doc_prune=0.1 query_prune=0.3 n_cand=1000,128,0.9948244940,1.0000,1216.6425,138.4841,0.0000,23.968359,24.007305;24.062607;23.968359;23.960001;23.898873,6141.009224,162.84,,462.89,0,3903,10,True,nid005491,58119954
SINDI,doc_prune=0.2 query_prune=0.3 n_cand=200,128,0.9948244940,1.0000,1106.6949,138.4841,0.0000,19.606033,19.584318;19.538939;19.645157;19.612892;19.606033,5023.323853,199.07,,462.89,0,3903,10,True,nid005491,58119954
SINDI,doc_prune=0.2 query_prune=0.5 n_cand=1000,128,0.9948244940,1.0000,1106.6949,138.4841,0.0000,14.778670,14.704944;14.778670;14.835957;14.739385;14.808938,3786.489880,264.10,,462.89,0,3903,10,True,nid005491,58119954
SINDI,doc_prune=0 query_prune=0.1 n_cand=200,128,0.9948501153,1.0000,1423.7508,139.9263,0.0000,29.654591,29.641031;29.742719;29.791511;29.654591;29.641079,7597.896746,131.62,,421.56,0,3903,10,True,nid005539,58078825
SINDI,doc_prune=0 query_prune=0.2 n_cand=5000,128,0.9948501153,1.0000,1423.7508,139.9263,0.0000,28.308006,28.393457;28.308006;28.447571;28.290784;28.251310,7252.883935,137.88,,421.61,0,3903,10,True,nid005539,58078825
SINDI,doc_prune=0.1 query_prune=0.3 n_cand=200,128,0.9948501153,1.0000,1137.8844,139.9263,0.0000,15.909374,15.955246;15.892634;15.919019;15.909374;15.856932,4076.191135,245.33,,421.69,0,3903,10,True,nid005539,58078825
SINDI,doc_prune=0.1 query_prune=0.3 n_cand=1000,128,0.9948501153,1.0000,1137.8844,139.9263,0.0000,16.052758,16.131026;16.080886;15.975654;16.052758;15.968546,4112.928004,243.14,,421.69,0,3903,10,True,nid005539,58078825
SINDI,doc_prune=0.2 query_prune=0.5 n_cand=1000,128,0.9948501153,1.0000,1017.0258,139.9263,0.0000,9.422167,9.438917;9.371002;9.397103;9.436268;9.422167,2414.083269,414.24,,421.69,0,3903,10,True,nid005539,58078825
SINDI,doc_prune=0.3 query_prune=0.3 n_cand=1000,128,0.9948501153,1.0000,951.3276,139.9263,0.0000,9.761858,9.766157;9.846236;9.761858;9.754098;9.752673,2501.116577,399.82,,421.69,0,3903,10,True,nid005539,58078825
SINDI,doc_prune=0 query_prune=0.1 n_cand=200,128,0.9948501153,1.0000,1331.0676,140.3835,0.0000,23.311203,23.306987;23.445940;23.311203;23.351080;23.250636,5972.637202,167.43,,378.30,0,3903,10,True,nid005919,58119952
SINDI,doc_prune=0 query_prune=0.2 n_cand=5000,128,0.9948501153,1.0000,1331.0676,140.3835,0.0000,23.010857,23.038380;23.010857;23.038127;22.992906;22.961223,5895.684602,169.62,,378.30,0,3903,10,True,nid005919,58119952
SINDI,doc_prune=0.1 query_prune=0.3 n_cand=200,128,0.9948501153,1.0000,1088.0379,140.3835,0.0000,13.508090,13.508090;13.512424;13.497867;13.501937;13.514493,3460.950551,288.94,,378.31,0,3903,10,True,nid005919,58119952
SINDI,doc_prune=0.1 query_prune=0.3 n_cand=1000,128,0.9948501153,1.0000,1088.0379,140.3835,0.0000,13.530809,13.528754;13.548523;13.515554;13.530809;13.552433,3466.771458,288.45,,378.31,0,3903,10,True,nid005919,58119952
SINDI,doc_prune=0.2 query_prune=0.5 n_cand=1000,128,0.9948501153,1.0000,995.7150,140.3835,0.0000,8.250162,8.240333;8.266356;8.257487;8.245252;8.250162,2113.800154,473.08,,378.31,0,3903,10,True,nid005919,58119952
SINDI,doc_prune=0.3 query_prune=0.3 n_cand=1000,128,0.9948501153,1.0000,939.5704,140.3835,0.0000,8.876816,8.887672;8.876816;8.887486;8.874183;8.858050,2274.357161,439.68,,378.31,0,3903,10,True,nid005919,58119952
SINDI,doc_prune=0.2 query_prune=0.1 n_cand=1000,128,0.9948501153,1.0000,1106.6949,138.4841,0.0000,24.388358,24.388358;24.437890;24.412672;24.291341;24.377745,6248.618499,160.04,,462.89,0,3903,10,True,nid005491,58119954
SINDI,doc_prune=0 query_prune=0 n_cand=20,128,0.9948757366,1.0000,1423.7508,139.9263,0.0000,32.680834,32.683044;32.562105;32.738138;32.610032;32.680834,8373.260056,119.43,,421.49,0,3903,10,True,nid005539,58078825
SINDI,doc_prune=0.2 query_prune=0.5 n_cand=5000,128,0.9948757366,1.0000,1017.0258,139.9263,0.0000,9.684519,9.692347;9.658471;9.684519;9.668691;9.696953,2481.301307,403.01,,421.69,0,3903,10,True,nid005539,58078825
SINDI,doc_prune=0.3 query_prune=0 n_cand=1000,128,0.9948757366,1.0000,951.3276,139.9263,0.0000,13.187031,13.172054;13.193047;13.211622;13.149764;13.187031,3378.691007,295.97,,421.69,0,3903,10,True,nid005539,58078825
SINDI,doc_prune=0.1 query_prune=0.3 n_cand=5000,128,0.9948757366,1.0000,1033.3694,144.4894,0.0000,11.952755,11.958380;11.970913;11.902379;11.952755;11.897757,3062.453241,326.54,,356.16,0,3903,10,True,nid005807,58119950
SINDI,doc_prune=0.1 query_prune=0.5 n_cand=200,128,0.9948757366,1.0000,1033.3694,144.4894,0.0000,8.820125,8.843502;8.802224;8.821695;8.793738;8.820125,2259.832180,442.51,,356.16,0,3903,10,True,nid005807,58119950
SINDI,doc_prune=0.2 query_prune=0.1 n_cand=1000,128,0.9948757366,1.0000,959.1791,144.4894,0.0000,11.465314,11.455367;11.461494;11.497103;11.465314;11.487808,2937.564438,340.42,,356.16,0,3903,10,True,nid005807,58119950
SINDI,doc_prune=0.2 query_prune=0.3 n_cand=1000,128,0.9948757366,1.0000,959.1791,144.4894,0.0000,9.463650,9.463650;9.467687;9.461468;9.462766;9.479246,2424.711760,412.42,,356.16,0,3903,10,True,nid005807,58119950
SINDI,doc_prune=0.3 query_prune=0.3 n_cand=1000,128,0.9948757366,1.0000,912.5443,144.4894,0.0000,7.786642,7.802937;7.774631;7.786642;7.814097;7.785313,1995.040225,501.24,,356.16,0,3903,10,True,nid005807,58119950
SINDI,doc_prune=0 query_prune=0 n_cand=20,128,0.9948757366,1.0000,1331.0676,140.3835,0.0000,25.769819,25.769819;25.753277;25.828395;25.810361;25.699625,6602.567000,151.46,,378.30,0,3903,10,True,nid005919,58119952
SINDI,doc_prune=0.2 query_prune=0.5 n_cand=5000,128,0.9948757366,1.0000,995.7150,140.3835,0.0000,8.470634,8.466265;8.426900;8.470634;8.503823;8.478883,2170.287984,460.77,,378.31,0,3903,10,True,nid005919,58119952
SINDI,doc_prune=0.3 query_prune=0 n_cand=1000,128,0.9948757366,1.0000,939.5704,140.3835,0.0000,11.666776,11.639979;11.684190;11.666776;11.630192;11.695669,2989.181655,334.54,,378.31,0,3903,10,True,nid005919,58119952
SINDI,doc_prune=0.1 query_prune=0 n_cand=200,128,0.9949013579,1.0000,1137.8844,139.9263,0.0000,21.105160,21.138648;21.151607;21.073887;21.098418;21.105160,5407.419933,184.93,,421.69,0,3903,10,True,nid005539,58078825
SINDI,doc_prune=0 query_prune=0 n_cand=200,128,0.9949013579,1.0000,1224.9409,144.4894,0.0000,21.666129,21.701351;21.638883;21.664906;21.709222;21.666129,5551.147579,180.14,,356.15,0,3903,10,True,nid005807,58119950
SINDI,doc_prune=0.2 query_prune=0.3 n_cand=5000,128,0.9949013579,1.0000,959.1791,144.4894,0.0000,9.689375,9.692445;9.700915;9.684184;9.689375;9.671074,2482.545478,402.81,,356.16,0,3903,10,True,nid005807,58119950
SINDI,doc_prune=0.1 query_prune=0 n_cand=200,128,0.9949013579,1.0000,1088.0379,140.3835,0.0000,17.948910,17.983802;17.948910;17.987500;17.913886;17.937778,4598.747118,217.45,,378.31,0,3903,10,True,nid005919,58119952
SINDI,doc_prune=0 query_prune=0.3 n_cand=5000,128,0.9949013579,1.0000,1539.0023,138.4841,0.0000,34.707328,34.720225;34.771134;34.707328;34.664765;34.660030,8892.474507,112.45,,462.89,0,3903,10,True,nid005491,58119954
SINDI,doc_prune=0.2 query_prune=0.7 n_cand=1000,128,0.9949013579,1.0000,1106.6949,138.4841,0.0000,9.283097,9.278467;9.324171;9.283097;9.276796;9.334312,2378.451704,420.44,,462.89,0,3903,10,True,nid005491,58119954
SINDI,doc_prune=0 query_prune=0.1 n_cand=20,128,0.9949269792,1.0000,1423.7508,139.9263,0.0000,29.699522,29.809040;29.685549;29.699522;29.651264;29.761444,7609.408660,131.42,,421.54,0,3903,10,True,nid005539,58078825
SINDI,doc_prune=0 query_prune=0.2 n_cand=200,128,0.9949269792,1.0000,1423.7508,139.9263,0.0000,27.856862,27.923788;27.784130;27.975881;27.716126;27.856862,7137.294901,140.11,,421.59,0,3903,10,True,nid005539,58078825
SINDI,doc_prune=0.2 query_prune=0 n_cand=1000,128,0.9949269792,1.0000,959.1791,144.4894,0.0000,12.554140,12.576356;12.514583;12.544023;12.554140;12.554307,3216.535998,310.89,,356.16,0,3903,10,True,nid005807,58119950
SINDI,doc_prune=0 query_prune=0.1 n_cand=20,128,0.9949269792,1.0000,1331.0676,140.3835,0.0000,23.312025,23.317383;23.296253;23.281300;23.358568;23.312025,5972.847809,167.42,,378.30,0,3903,10,True,nid005919,58119952
SINDI,doc_prune=0 query_prune=0.2 n_cand=200,128,0.9949269792,1.0000,1331.0676,140.3835,0.0000,22.503342,22.556390;22.503342;22.525318;22.466856;22.498913,5765.652575,173.44,,378.30,0,3903,10,True,nid005919,58119952
SINDI,doc_prune=0 query_prune=0 n_cand=5000,128,0.9949269792,1.0000,1539.0023,138.4841,0.0000,47.130741,47.130741;47.272321;47.108596;47.253815;47.042861,12075.516526,82.81,,462.88,0,3903,10,True,nid005491,58119954
SINDI,doc_prune=0 query_prune=0.3 n_cand=1000,128,0.9949269792,1.0000,1539.0023,138.4841,0.0000,34.337843,34.174944;34.208887;34.337843;34.521053;34.413930,8797.807584,113.66,,462.88,0,3903,10,True,nid005491,58119954
SINDI,doc_prune=0.3 query_prune=0.1 n_cand=5000,128,0.9949269792,1.0000,1046.2253,138.4841,0.0000,20.538676,20.529917;20.595288;20.538676;20.501562;20.570325,5262.279272,190.03,,462.89,0,3903,10,True,nid005491,58119954
SINDI,doc_prune=0 query_prune=0 n_cand=5000,128,0.9949526006,1.0000,1423.7508,139.9263,0.0000,33.228434,33.228434;33.134489;33.301819;33.115991;33.300443,8513.562388,117.46,,421.52,0,3903,10,True,nid005539,58078825
SINDI,doc_prune=0.2 query_prune=0 n_cand=1000,128,0.9949526006,1.0000,1017.0258,139.9263,0.0000,16.831907,16.859564;16.831907;16.776006;16.774986;16.862183,4312.556239,231.88,,421.69,0,3903,10,True,nid005539,58078825
SINDI,doc_prune=0 query_prune=0.1 n_cand=1000,128,0.9949526006,1.0000,1224.9409,144.4894,0.0000,19.726887,19.726887;19.720063;19.795354;19.765929;19.678318,5054.288240,197.85,,356.15,0,3903,10,True,nid005807,58119950
SINDI,doc_prune=0.2 query_prune=0 n_cand=200,128,0.9949526006,1.0000,959.1791,144.4894,0.0000,12.512466,12.555220;12.533954;12.509783;12.512466;12.461285,3205.858570,311.93,,356.16,0,3903,10,True,nid005807,58119950
SINDI,doc_prune=0 query_prune=0 n_cand=5000,128,0.9949526006,1.0000,1331.0676,140.3835,0.0000,26.076587,26.076587;26.219118;26.108137;26.010937;26.068876,6681.165001,149.67,,378.30,0,3903,10,True,nid005919,58119952
SINDI,doc_prune=0.2 query_prune=0 n_cand=1000,128,0.9949526006,1.0000,995.7150,140.3835,0.0000,14.453130,14.453130;14.460110;14.447393;14.477150;14.450345,3703.082244,270.05,,378.31,0,3903,10,True,nid005919,58119952
SINDI,doc_prune=0 query_prune=0.2 n_cand=5000,128,0.9949526006,1.0000,1539.0023,138.4841,0.0000,39.309867,39.298897;39.170479;39.309867;39.353572;39.399244,10071.705611,99.29,,462.88,0,3903,10,True,nid005491,58119954
SINDI,doc_prune=0 query_prune=0.5 n_cand=5000,128,0.9949526006,1.0000,1539.0023,138.4841,0.0000,25.314846,25.303789;25.297073;25.354850;25.404535;25.314846,6485.996925,154.18,,462.89,0,3903,10,True,nid005491,58119954
SINDI,doc_prune=0.2 query_prune=0.2 n_cand=5000,128,0.9949526006,1.0000,1106.6949,138.4841,0.0000,22.473874,22.464144;22.473874;22.481684;22.508600;22.454798,5758.102485,173.67,,462.89,0,3903,10,True,nid005491,58119954
SINDI,doc_prune=0.3 query_prune=0.5 n_cand=5000,128,0.9949782219,1.0000,951.3276,139.9263,0.0000,7.812410,7.814957;7.780505;7.812410;7.820311;7.788286,2001.642326,499.59,,421.69,0,3903,10,True,nid005539,58078825
SINDI,doc_prune=0.3 query_prune=0.5 n_cand=5000,128,0.9949782219,1.0000,995.7122,138.5705,0.0000,7.751753,7.729749;7.751753;7.746048;7.792527;7.763119,1986.101204,503.50,,331.76,0,3903,10,True,nid005056,58308543
SINDI,doc_prune=0.3 query_prune=0.5 n_cand=5000,128,0.9949782219,1.0000,939.5704,140.3835,0.0000,7.075363,7.083203;7.068332;7.080490;7.074355;7.075363,1812.801179,551.63,,378.31,0,3903,10,True,nid005919,58119952
SINDI,doc_prune=0 query_prune=0 n_cand=20,128,0.9949782219,1.0000,1539.0023,138.4841,0.0000,46.654314,46.654314;46.548511;46.715237;46.927759;46.580640,11953.449654,83.66,,462.88,0,3903,10,True,nid005491,58119954
SINDI,doc_prune=0 query_prune=0.1 n_cand=200,128,0.9949782219,1.0000,1539.0023,138.4841,0.0000,42.315456,42.274768;42.329697;42.415824;42.315456;42.148728,10841.777095,92.24,,462.88,0,3903,10,True,nid005491,58119954
SINDI,doc_prune=0 query_prune=0.5 n_cand=200,128,0.9950038432,1.0000,1224.9409,144.4894,0.0000,12.509921,12.475628;12.514476;12.540053;12.509921;12.464175,3205.206508,311.99,,356.16,0,3903,10,True,nid005807,58119950
SINDI,doc_prune=0 query_prune=0.1 n_cand=20,128,0.9950038432,1.0000,1539.0023,138.4841,0.0000,42.050271,42.057744;41.952968;42.189825;42.020230;42.050271,10773.833205,92.82,,462.88,0,3903,10,True,nid005491,58119954
SINDI,doc_prune=0.3 query_prune=0.2 n_cand=5000,128,0.9950294645,1.0000,912.5443,144.4894,0.0000,8.894108,8.887652;8.916594;8.891655;8.894108;8.905208,2278.787599,438.83,,356.16,0,3903,10,True,nid005807,58119950
SINDI,doc_prune=0.3 query_prune=0 n_cand=1000,128,0.9950294645,1.0000,1046.2253,138.4841,0.0000,22.178094,22.180808;22.138802;22.160807;22.220983;22.178094,5682.319754,175.98,,462.89,0,3903,10,True,nid005491,58119954
SINDI,doc_prune=0.1 query_prune=0.1 n_cand=5000,128,0.9950550858,1.0000,1137.8844,139.9263,0.0000,19.688686,19.555461;19.688686;19.724699;19.572951;19.711668,5044.500641,198.24,,421.69,0,3903,10,True,nid005539,58078825
SINDI,doc_prune=0.1 query_prune=0.1 n_cand=5000,128,0.9950550858,1.0000,1088.0379,140.3835,0.0000,16.684366,16.705143;16.638898;16.679039;16.684366;16.685031,4274.754292,233.93,,378.31,0,3903,10,True,nid005919,58119952
SINDI,doc_prune=0 query_prune=0.2 n_cand=200,128,0.9950550858,1.0000,1539.0023,138.4841,0.0000,38.914481,38.769913;38.990093;38.914481;38.730810;39.058332,9970.402511,100.30,,462.88,0,3903,10,True,nid005491,58119954
SINDI,doc_prune=0.1 query_prune=0 n_cand=200,128,0.9951319498,1.0000,1216.6425,138.4841,0.0000,32.262335,32.262335;32.309983;32.320684;32.217829;32.198202,8266.035101,120.98,,462.89,0,3903,10,True,nid005491,58119954
SparseHNSW,M=32 efC=200 ef=50 alpha=0.85 beta=3 q=u8 seedT=8 seedH=8 seedS=4 pat=256,128,0.8470407379,0.9224,4748.4514,145.0622,0.0000,0.049358,0.048887;0.051488;0.049358,12.646170,79075.33,,200.69,0,3903,10,True,nid006888,57834984
SparseHNSW,M=32 efC=800 ef=20 alpha=0.75 beta=2 q=u8 seedT=8 seedH=8 seedS=4,128,0.8707660774,0.9562,14027.1450,148.1323,0.0000,0.048529,0.047166;0.048566;0.048529,12.433769,80426.14,,194.67,0,3903,10,True,nid005266,58078587
SparseHNSW,M=32 efC=800 ef=20 alpha=0.75 beta=3 q=u8 seedT=8 seedH=8 seedS=4,128,0.8872405842,0.9564,14027.1450,148.1323,0.0000,0.047397,0.045707;0.047397;0.050991,12.143736,82346.98,,194.69,0,3903,10,True,nid005266,58078587
SparseHNSW,M=32 efC=800 ef=20 alpha=0.85 beta=3 q=u8 seedT=8 seedH=8 seedS=4,128,0.8920317704,0.9534,17535.1559,145.4788,0.0000,0.049534,0.049534;0.052070;0.049309,12.691263,78794.36,,200.68,0,3903,10,True,nid005984,58078581
SparseHNSW,M=32 efC=800 ef=20 alpha=0.9 beta=2 q=u8 seedT=8 seedH=8 seedS=4,128,0.8948501153,0.9572,19842.6895,145.0487,0.0000,0.050167,0.048025;0.050167;0.055178,12.853446,77800.15,,204.80,0,3903,10,True,nid005250,58078586
SparseHNSW,M=32 efC=800 ef=20 alpha=0.9 beta=3 q=u8 seedT=8 seedH=8 seedS=4,128,0.8958749680,0.9572,19842.6895,145.0487,0.0000,0.051580,0.051347;0.051580;0.054197,13.215475,75668.86,,204.81,0,3903,10,True,nid005250,58078586
SparseHNSW,M=32 efC=800 ef=50 alpha=0.75 beta=2 q=u8 seedT=8 seedH=8 seedS=4 pat=256,128,0.8985652063,0.9708,14027.1450,148.1323,0.0000,0.053240,0.053240;0.053383;0.051143,13.640789,73309.54,,194.70,0,3903,10,True,nid005266,58078587
SparseHNSW,M=32 efC=1600 ef=20 alpha=0.85 beta=2 q=u8 seedT=8 seedH=8 seedS=4,128,0.9008198821,0.9618,33586.9226,146.6789,0.0000,0.048750,0.047306;0.051291;0.048750,12.490392,80061.54,,200.66,0,3903,10,True,nid006333,58078583
SparseHNSW,M=32 efC=1600 ef=20 alpha=0.85 beta=2 q=u8 seedT=8 seedH=8 seedS=4 pat=256,128,0.9019984627,0.9641,34117.9764,146.3372,0.0000,0.050213,0.045733;0.050213;0.052249,12.865232,77728.87,,200.87,0,3903,10,True,nid004838,58319900
SparseHNSW,M=32 efC=1600 ef=20 alpha=0.85 beta=3 q=u8 seedT=8 seedH=8 seedS=4,128,0.9043300026,0.9618,33586.9226,146.6789,0.0000,0.050082,0.048693;0.052726;0.050082,12.831668,77932.19,,200.67,0,3903,10,True,nid006333,58078583
SparseHNSW,M=32 efC=1600 ef=10 alpha=0.85 beta=3 q=u8 seedT=8 seedH=8 seedS=4 pat=256,128,0.9054573405,0.9641,34117.9764,146.3372,0.0000,0.048928,0.047256;0.048928;0.050929,12.535998,79770.27,,200.87,0,3903,10,True,nid004838,58319900
SparseHNSW,M=32 efC=3200 ef=10 alpha=0.85 beta=2 q=u8 seedT=8 seedH=8 seedS=4 pat=256,128,0.9106840892,0.9687,64584.8338,145.6547,0.0000,0.049403,0.048309;0.051183;0.049403,12.657699,79003.30,,200.89,0,3903,10,True,nid006585,58319902
SparseHNSW,M=32 efC=3200 ef=10 alpha=0.85 beta=3 q=u8 seedT=8 seedH=8 seedS=4,128,0.9141685883,0.9687,64584.8338,145.6547,0.0000,0.050167,0.049862;0.050167;0.053696,12.853446,77800.15,,200.88,0,3903,10,True,nid006585,58319902
SparseHNSW,M=48 efC=800 ef=20 alpha=0.85 beta=3 q=u8 seedT=8 seedH=8 seedS=4 pat=256,128,0.9166282347,0.9677,22528.1557,147.4041,0.0000,0.051768,0.051768;0.048529;0.054666,13.263643,75394.07,,217.32,0,3903,10,True,nid005087,58078584
SparseHNSW,M=32 efC=6400 ef=20 alpha=0.85 beta=3 q=u8 seedT=8 seedH=8 seedS=4 pat=256,128,0.9188829106,0.9728,121428.5987,146.1531,0.0000,0.050201,0.048392;0.051284;0.050201,12.862157,77747.46,,200.89,0,3903,10,True,nid006901,58390504
SparseHNSW,M=32 efC=800 ef=50 alpha=0.85 beta=2 q=u8 seedT=8 seedH=8 seedS=4,128,0.9205226749,0.9682,17535.1559,145.4788,0.0000,0.055757,0.055757;0.053520;0.056769,14.285678,70000.18,,200.66,0,3903,10,True,nid005984,58078581
SparseHNSW,M=32 efC=800 ef=50 alpha=0.75 beta=4 q=u8 seedT=8 seedH=8 seedS=4 pat=256,128,0.9228798360,0.9710,14027.1450,148.1323,0.0000,0.052861,0.052861;0.052149;0.057013,13.543684,73835.15,,194.70,0,3903,10,True,nid005266,58078587
SparseHNSW,M=32 efC=1600 ef=10 alpha=0.85 beta=4 q=u8 seedT=8 seedH=8 seedS=4 pat=256,128,0.9230079426,0.9710,34117.9764,146.3372,0.0000,0.050979,0.050979;0.051090;0.048440,13.061491,76560.94,,200.87,0,3903,10,True,nid004838,58319900
SparseHNSW,M=32 efC=800 ef=50 alpha=0.9 beta=3 q=u8 seedT=8 seedH=8 seedS=4,128,0.9261593646,0.9700,19842.6895,145.0487,0.0000,0.054514,0.056597;0.054514;0.053680,13.967205,71596.29,,204.81,0,3903,10,True,nid005250,58078586
SparseHNSW,M=48 efC=1600 ef=20 alpha=0.85 beta=2 q=u8 seedT=8 seedH=8 seedS=4 pat=256,128,0.9289520881,0.9782,45763.4897,146.3235,0.0000,0.056918,0.053363;0.056918;0.060237,14.583141,68572.33,,217.33,0,3903,10,True,nid005095,58078585
SparseHNSW,M=32 efC=3200 ef=10 alpha=0.85 beta=4 q=u8 seedT=8 seedH=8 seedS=4 pat=256,128,0.9307712016,0.9749,64584.8338,145.6547,0.0000,0.053432,0.051976;0.053432;0.056441,13.689982,73046.11,,200.89,0,3903,10,True,nid006585,58319902
SparseHNSW,M=48 efC=800 ef=20 alpha=0.85 beta=4 q=u8 seedT=8 seedH=8 seedS=4,128,0.9314117346,0.9728,22528.1557,147.4041,0.0000,0.054834,0.053068;0.054834;0.056633,14.049193,71178.47,,217.32,0,3903,10,True,nid005087,58078584
SparseHNSW,M=32 efC=6400 ef=10 alpha=0.85 beta=4 q=u8 seedT=8 seedH=8 seedS=4 pat=256,128,0.9346912631,0.9780,121428.5987,146.1531,0.0000,0.052651,0.055140;0.052210;0.052651,13.489880,74129.65,,200.89,0,3903,10,True,nid006901,58390504
SparseHNSW,M=64 efC=1600 ef=20 alpha=0.85 beta=2 q=u8 seedT=8 seedH=8 seedS=4,128,0.9366641045,0.9803,56646.5033,146.9994,0.0000,0.058097,0.059741;0.058097;0.057458,14.885217,67180.75,,233.64,0,3903,10,True,nid006711,58319903
SparseHNSW,M=32 efC=1600 ef=50 alpha=0.85 beta=4 q=u8 seedT=8 seedH=8 seedS=4 pat=256,128,0.9384319754,0.9785,34117.9764,146.3372,0.0000,0.054244,0.056513;0.054244;0.054228,13.898027,71952.66,,200.87,0,3903,10,True,nid004838,58319900
SparseHNSW,M=32 efC=1600 ef=50 alpha=0.85 beta=4 q=u8 seedT=8 seedH=8 seedS=4,128,0.9394568281,0.9780,33586.9226,146.6789,0.0000,0.056351,0.055853;0.056351;0.056885,14.437868,69262.30,,200.67,0,3903,10,True,nid006333,58078583
SparseHNSW,M=32 efC=800 ef=200 alpha=0.75 beta=2 q=u8 seedT=8 seedH=8 seedS=4,128,0.9412759416,0.9941,14027.1450,148.1323,0.0000,0.092236,0.092036;0.092236;0.092793,23.632078,42315.36,,194.67,0,3903,10,True,nid005266,58078587
SparseHNSW,M=32 efC=3200 ef=50 alpha=0.85 beta=4 q=u8 seedT=8 seedH=8 seedS=4,128,0.9448373046,0.9800,64584.8338,145.6547,0.0000,0.056217,0.055130;0.056217;0.059754,14.403536,69427.40,,200.88,0,3903,10,True,nid006585,58319902
SparseHNSW,M=48 efC=1600 ef=20 alpha=0.85 beta=4 q=u8 seedT=8 seedH=8 seedS=4,128,0.9451703818,0.9810,45763.4897,146.3235,0.0000,0.059529,0.058105;0.059529;0.059835,15.252114,65564.68,,217.33,0,3903,10,True,nid005095,58078585
SparseHNSW,M=32 efC=6400 ef=50 alpha=0.85 beta=4 q=u8 seedT=8 seedH=8 seedS=4 pat=256,128,0.9486805022,0.9833,121428.5987,146.1531,0.0000,0.057488,0.057488;0.060230;0.056654,14.729183,67892.43,,200.89,0,3903,10,True,nid006901,58390504
SparseHNSW,M=32 efC=800 ef=50 alpha=0.75 beta=8 q=u8 seedT=8 seedH=8 seedS=4,128,0.9491160646,0.9800,14027.1450,148.1323,0.0000,0.061835,0.061835;0.060812;0.065363,15.842941,63119.59,,194.70,0,3903,10,True,nid005266,58078587
SparseHNSW,M=64 efC=1600 ef=10 alpha=0.85 beta=4 q=u8 seedT=8 seedH=8 seedS=4,128,0.9521650013,0.9828,56646.5033,146.9994,0.0000,0.062376,0.062124;0.062376;0.063500,15.981553,62572.14,,234.07,0,3903,10,True,nid006711,58319903
SparseHNSW,M=32 efC=800 ef=100 alpha=0.85 beta=2 q=u8 seedT=8 seedH=8 seedS=4,128,0.9548039969,0.9862,17535.1559,145.4788,0.0000,0.070463,0.071789;0.070463;0.068530,18.053549,55390.77,,200.66,0,3903,10,True,nid005984,58078581
SparseHNSW,M=48 efC=1600 ef=50 alpha=0.85 beta=3 q=u8 seedT=8 seedH=8 seedS=4 pat=256,128,0.9561875480,0.9841,46994.7511,144.6769,0.0000,0.062628,0.063217;0.061776;0.062628,16.046118,62320.37,,217.56,0,3903,10,True,nid005684,58319901
SparseHNSW,M=48 efC=1600 ef=50 alpha=0.85 beta=4 q=u8 seedT=8 seedH=8 seedS=4,128,0.9574429926,0.9851,45763.4897,146.3235,0.0000,0.063834,0.063834;0.064257;0.063706,16.355111,61142.96,,217.33,0,3903,10,True,nid005095,58078585
SparseHNSW,M=32 efC=1600 ef=50 alpha=0.85 beta=8 q=u8 seedT=8 seedH=8 seedS=4,128,0.9605175506,0.9854,34025.6849,146.1816,0.0000,0.066271,0.065569;0.066271;0.066815,16.979503,58894.54,,200.67,0,3903,10,True,nid004407,58370386
SparseHNSW,M=32 efC=1600 ef=20 alpha=0.85 beta=8 q=u8 seedT=8 seedH=8 seedS=4 pat=256,128,0.9613886754,0.9854,33586.9226,146.6789,0.0000,0.064870,0.064788;0.064870;0.066200,16.620548,60166.49,,200.67,0,3903,10,True,nid006333,58078583
SparseHNSW,M=64 efC=1600 ef=50 alpha=0.85 beta=4 q=u8 seedT=8 seedH=8 seedS=4 pat=256,128,0.9637202152,0.9872,56646.5033,146.9994,0.0000,0.068466,0.067193;0.069265;0.068466,17.541891,57006.40,,234.07,0,3903,10,True,nid006711,58319903
SparseHNSW,M=32 efC=3200 ef=10 alpha=0.85 beta=8 q=u8 seedT=8 seedH=8 seedS=4,128,0.9664104535,0.9874,64584.8338,145.6547,0.0000,0.065506,0.064676;0.065506;0.066800,16.783500,59582.33,,200.88,0,3903,10,True,nid006585,58319902
SparseHNSW,M=32 efC=1600 ef=100 alpha=0.85 beta=4 q=u8 seedT=8 seedH=8 seedS=4 pat=256,128,0.9688700999,0.9892,34117.9764,146.3372,0.0000,0.069340,0.069340;0.070910;0.069256,17.765821,56287.86,,200.87,0,3903,10,True,nid004838,58319900
SparseHNSW,M=32 efC=6400 ef=20 alpha=0.85 beta=8 q=u8 seedT=8 seedH=8 seedS=4 pat=256,128,0.9700743018,0.9900,121428.5987,146.1531,0.0000,0.067067,0.067067;0.066478;0.067506,17.183449,58195.54,,200.89,0,3903,10,True,nid006901,58390504
SparseHNSW,M=32 efC=3200 ef=100 alpha=0.85 beta=3 q=u8 seedT=8 seedH=8 seedS=4 pat=256,128,0.9722777351,0.9908,64584.8338,145.6547,0.0000,0.071849,0.071849;0.074229;0.069683,18.408660,54322.26,,200.89,0,3903,10,True,nid006585,58319902
SparseHNSW,M=32 efC=3200 ef=100 alpha=0.85 beta=4 q=u8 seedT=8 seedH=8 seedS=4,128,0.9731744812,0.9908,64584.8338,145.6547,0.0000,0.070625,0.072638;0.070625;0.069655,18.095055,55263.72,,200.88,0,3903,10,True,nid006585,58319902
SparseHNSW,M=32 efC=6400 ef=100 alpha=0.85 beta=3 q=u8 seedT=8 seedH=8 seedS=4,128,0.9755060210,0.9931,121428.5987,146.1531,0.0000,0.073533,0.073533;0.073499;0.075378,18.840123,53078.21,,200.89,0,3903,10,True,nid006901,58390504
SparseHNSW,M=32 efC=3200 ef=100 alpha=0.85 beta=12 q=u8 seedT=8 seedH=8 seedS=4 pat=256,128,0.9778631822,0.9921,64584.8338,145.6547,0.0000,0.078633,0.077684;0.078633;0.080732,20.146810,49635.65,,200.89,0,3903,10,True,nid006585,58319902
SparseHNSW,M=32 efC=6400 ef=100 alpha=0.85 beta=12 q=u8 seedT=8 seedH=8 seedS=4 pat=256,128,0.9807840123,0.9941,121428.5987,146.1531,0.0000,0.080536,0.080195;0.080536;0.080827,20.634384,48462.80,,200.89,0,3903,10,True,nid006901,58390504
SparseHNSW,M=32 efC=1600 ef=50 alpha=0.85 beta=16 q=u8 seedT=8 seedH=8 seedS=4,128,0.9814245452,0.9949,34117.9764,146.3372,0.0000,0.087199,0.086697;0.089605;0.087199,22.341532,44759.69,,200.87,0,3903,10,True,nid004838,58319900
SparseHNSW,M=32 efC=3200 ef=100 alpha=0.85 beta=16 q=u8 seedT=8 seedH=8 seedS=4,128,0.9841147835,0.9954,64584.8338,145.6547,0.0000,0.090374,0.090001;0.090374;0.092032,23.155009,43187.20,,200.89,0,3903,10,True,nid006585,58319902
SparseHNSW,M=32 efC=6400 ef=10 alpha=0.85 beta=16 q=u8 seedT=8 seedH=8 seedS=4,128,0.9855239559,0.9959,121428.5987,146.1531,0.0000,0.093575,0.093575;0.092927;0.098833,23.975147,41709.86,,200.89,0,3903,10,True,nid006901,58390504
SparseHNSW,M=32 efC=3200 ef=200 alpha=0.85 beta=8 q=u8 seedT=8 seedH=8 seedS=4,128,0.9870612349,0.9964,64584.8338,145.6547,0.0000,0.100627,0.101279;0.100627;0.100491,25.781963,38786.81,,200.88,0,3903,10,True,nid006585,58319902
SparseHNSW,M=32 efC=1600 ef=400 alpha=0.85 beta=3 q=u8 seedT=8 seedH=8 seedS=4 pat=256,128,0.9894440174,0.9990,34117.9764,146.3372,0.0000,0.130464,0.129617;0.131365;0.130464,33.426595,29916.30,,200.87,0,3903,10,True,nid004838,58319900
SparseHNSW,M=32 efC=3200 ef=400 alpha=0.85 beta=4 q=u8 seedT=8 seedH=8 seedS=4 pat=256,128,0.9918011786,0.9987,64584.8338,145.6547,0.0000,0.138129,0.138129;0.138126;0.138900,35.390469,28256.20,,200.89,0,3903,10,True,nid006585,58319902
SparseHNSW,M=32 efC=6400 ef=800 alpha=0.85 beta=3 q=u8 seedT=8 seedH=8 seedS=4 pat=256,128,0.9931334871,0.9990,121428.5987,146.1531,0.0000,0.147327,0.144922;0.147327;0.149021,37.747118,26492.09,,200.89,0,3903,10,True,nid006901,58390504
SparseHNSW,M=32 efC=3200 ef=1600 alpha=0.85 beta=8 q=u8 seedT=8 seedH=8 seedS=4 pat=256,128,0.9951063285,0.9995,64584.8338,145.6547,0.0000,0.178792,0.178476;0.178792;0.179695,45.808865,21829.84,,200.89,0,3903,10,True,nid006585,58319902
SparseHNSW,M=32 efC=3200 ef=1600 alpha=0.85 beta=16 q=u8 seedT=8 seedH=8 seedS=4,128,0.9970535486,0.9997,64584.8338,145.6547,0.0000,0.522479,0.522265;0.524714;0.522479,133.866001,7470.16,,200.89,0,3903,10,True,nid006585,58319902
kANNolo,m=32 efC=400 ef=10,128,0.6504483730463746,0.7973353830386882,16391.372429106967,127.31421966000926,0.0,0.03525432402966544,0.033874;0.038592;0.035254;0.036846;0.035018,9.032622093175874,110709.82375710124,,263.5819435119629,90460162469,3903,10,True,nid005967,58078827
kANNolo,m=32 efC=400 ef=10 eet=0.005,128,0.6777350755828849,0.8134768127081732,16391.372429106967,127.31421966000926,0.0,0.03790865297196433,0.038368;0.036102;0.039000;0.036914;0.037909,9.712696123998034,102958.02393417928,,263.5819435119629,90460162469,3903,10,True,nid005967,58078827
kANNolo,m=32 efC=800 ef=10,128,0.6977197027927236,0.8485780169100692,39228.41722436302,130.54114552598912,0.0,0.03760571696329862,0.040800;0.036326;0.037317;0.037606;0.038328,9.635079929105462,103787.41093566017,,263.57780838012695,94320592349,3903,10,True,nid006137,58078829
kANNolo,m=32 efC=400 ef=10 eet=0.01,128,0.6993082244427363,0.8232129131437356,16391.372429106967,127.31421966000926,0.0,0.03814299200894311,0.043476;0.039161;0.037695;0.037853;0.038143,9.772736871366414,102325.48089266023,,263.5819435119629,90460162469,3903,10,True,nid005967,58078827
kANNolo,m=32 efC=1600 ef=10,128,0.7200614911606457,0.8777863182167563,81715.73123515205,127.51652432099218,0.0,0.040054637007415295,0.045906;0.038993;0.040758;0.040055;0.039904,10.262525495110246,97441.90165242141,,263.58296966552734,97629019673,3903,10,True,nid004743,58078830
kANNolo,m=32 efC=800 ef=10 eet=0.005,128,0.7245452216243915,0.8631821675634127,39228.41722436302,130.54114552598912,0.0,0.03958209091797471,0.041896;0.038134;0.040549;0.039367;0.039582,10.141452963867463,98605.20021764691,,263.57780838012695,94320592349,3903,10,True,nid006137,58078829
kANNolo,m=32 efC=800 ef=10 eet=0.01,128,0.7452216243914938,0.8713809889828337,39228.41722436302,130.54114552598912,0.0,0.03983714303467423,0.039888;0.039837;0.040106;0.039732;0.039529,10.206800675038235,97973.8932734918,,263.57780838012695,94320592349,3903,10,True,nid006137,58078829
kANNolo,m=32 efC=1600 ef=10 eet=0.005,128,0.7471688444786062,0.8923904688700999,81715.73123515205,127.51652432099218,0.0,0.040525384014472365,0.042040;0.040532;0.039949;0.040525;0.040260,10.383137077753616,96310.00655308204,,263.58296966552734,97629019673,3903,10,True,nid004743,58078830
kANNolo,m=32 efC=1600 ef=10 eet=0.01,128,0.7690494491416859,0.8995644376120933,81715.73123515205,127.51652432099218,0.0,0.04302017204463482,0.042209;0.043020;0.042792;0.044563;0.045137,11.022334625835208,90724.88124758106,,263.58296966552734,97629019673,3903,10,True,nid004743,58078830
kANNolo,m=32 efC=400 ef=20,128,0.7750960799385088,0.8679221111965155,16391.372429106967,127.31421966000926,0.0,0.04322306299582124,0.045556;0.041977;0.043223;0.042996;0.044270,11.074317959472518,90299.01468059629,,263.5819435119629,90460162469,3903,10,True,nid005967,58078827
kANNolo,m=32 efC=400 ef=20 eet=0.005,128,0.7922367409684857,0.8781706379707916,16391.372429106967,127.31421966000926,0.0,0.044963639054913074,0.046445;0.043968;0.044964;0.045180;0.044217,11.520276468079189,86803.47236204246,,263.5819435119629,90460162469,3903,10,True,nid005967,58078827
kANNolo,m=32 efC=400 ef=20 eet=0.01,128,0.8103766333589546,0.8889315910837817,16391.372429106967,127.31421966000926,0.0,0.04690343898255378,0.050246;0.046696;0.046903;0.044687;0.050486,12.017278755458308,83213.51450267348,,263.5819435119629,90460162469,3903,10,True,nid005967,58078827
kANNolo,m=32 efC=800 ef=20,128,0.812170125544453,0.9016141429669485,39228.41722436302,130.54114552598912,0.0,0.04739656310994178,0.048398;0.047397;0.045759;0.048023;0.045655,12.143623651022747,82347.74304091507,,263.57780838012695,94320592349,3903,10,True,nid006137,58078829
kANNolo,m=32 efC=800 ef=20 eet=0.005,128,0.8285421470663592,0.9098129643863695,39228.41722436302,130.54114552598912,0.0,0.04917545698117465,0.052171;0.049067;0.049175;0.047935;0.049989,12.599399687720894,79368.86080172365,,263.57780838012695,94320592349,3903,10,True,nid006137,58078829
kANNolo,m=32 efC=1600 ef=20,128,0.8414809121188829,0.9305662311042787,81715.73123515205,127.51652432099218,0.0,0.049621062935329974,0.051755;0.049621;0.049976;0.049319;0.047574,12.713569801519338,78656.11434174018,,263.58296966552734,97629019673,3903,10,True,nid004743,58078830
kANNolo,m=32 efC=400 ef=10 eet=0.05,128,0.8428900845503459,0.9080194722008711,16391.372429106967,127.31421966000926,0.0,0.05034746299497783,0.050347;0.050691;0.049335;0.050134;0.050401,12.89968306302276,77521.2844466329,,263.5819435119629,90460162469,3903,10,True,nid005967,58078827
kANNolo,m=32 efC=800 ef=20 eet=0.01,128,0.8447348193697156,0.9185242121445042,39228.41722436302,130.54114552598912,0.0,0.05038788204547018,0.050217;0.050388;0.049544;0.051106;0.050767,12.910038956051801,77459.1001161335,,263.57780838012695,94320592349,3903,10,True,nid006137,58078829
kANNolo,m=32 efC=1600 ef=20 eet=0.005,128,0.8582884960286958,0.9385088393543428,81715.73123515205,127.51652432099218,0.0,0.04966657201293856,0.049667;0.050492;0.048474;0.049573;0.052910,12.725229826527942,78584.04238132713,,263.58296966552734,97629019673,3903,10,True,nid004743,58078830
kANNolo,m=32 efC=1600 ef=20 eet=0.01,128,0.8729951319497822,0.9454265949269792,81715.73123515205,127.51652432099218,0.0,0.0518124169902876,0.057009;0.051806;0.051812;0.054215;0.051652,13.275023569123137,75329.43311121018,,263.58296966552734,97629019673,3903,10,True,nid004743,58078830
kANNolo,m=32 efC=800 ef=10 eet=0.05,128,0.8776582116320779,0.9359467076607738,39228.41722436302,130.54114552598912,0.0,0.05450444493908435,0.056328;0.053691;0.054504;0.054173;0.054660,13.96475658188172,71608.83858852428,,263.57780838012695,94320592349,3903,10,True,nid006137,58078829
kANNolo,m=32 efC=400 ef=50,128,0.8829618242377658,0.9346656418139893,16391.372429106967,127.31421966000926,0.0,0.060486370988655835,0.063693;0.061089;0.059631;0.059175;0.060486,15.49740481390106,64526.93286446304,,263.5819435119629,90460162469,3903,10,True,nid005967,58078827
kANNolo,m=32 efC=400 ef=50 eet=0.005,128,0.8941327184217269,0.9428644632334102,16391.372429106967,127.31421966000926,0.0,0.06298507197061554,0.062985;0.062574;0.061469;0.063981;0.064475,16.137604911764164,61967.0642246923,,263.5819435119629,90460162469,3903,10,True,nid005967,58078827
kANNolo,m=32 efC=400 ef=20 eet=0.05,128,0.8982321291314374,0.9441455290801947,16391.372429106967,127.31421966000926,0.0,0.0611804619547911,0.061077;0.061180;0.064231;0.065724;0.060585,15.675240060156574,63794.87626105367,,263.5819435119629,90460162469,3903,10,True,nid005967,58078827
kANNolo,m=32 efC=1600 ef=10 eet=0.05,128,0.9020753266717909,0.9591339994875736,81715.73123515205,127.51652432099218,0.0,0.05626235296949744,0.058795;0.058184;0.056262;0.053732;0.055769,14.415155769791811,69371.4321211558,,263.58296966552734,97629019673,3903,10,True,nid004743,58078830
kANNolo,m=32 efC=400 ef=50 eet=0.01,128,0.9043300025621317,0.9500384319754035,16391.372429106967,127.31421966000926,0.0,0.0653882299666293,0.065388;0.065094;0.065074;0.067387;0.067484,16.75332563838824,59689.64142311063,,263.5819435119629,90460162469,3903,10,True,nid005967,58078827
kANNolo,m=32 efC=800 ef=50,128,0.9136049192928517,0.9574686138867537,39228.41722436302,130.54114552598912,0.0,0.06764846597798169,0.069574;0.065443;0.067648;0.066049;0.072906,17.33242787035144,57695.32159488071,,263.57780838012695,94320592349,3903,10,True,nid006137,58078829
kANNolo,m=32 efC=800 ef=50 eet=0.005,128,0.9210863438380733,0.9613118114271073,39228.41722436302,130.54114552598912,0.0,0.0708940940676257,0.070326;0.073100;0.070894;0.073582;0.069494,18.164000529752933,55053.95126816823,,263.57780838012695,94320592349,3903,10,True,nid006137,58078829
kANNolo,m=32 efC=400 ef=10 eet=0.1,128,0.9217781193953369,0.9601588521650013,16391.372429106967,127.31421966000926,0.0,0.0787795860087499,0.079274;0.076814;0.078780;0.079817;0.076127,20.184367411926697,49543.29157767472,,263.5819435119629,90460162469,3903,10,True,nid005967,58078827
kANNolo,m=32 efC=800 ef=50 eet=0.01,128,0.9272610812195747,0.9641301562900333,39228.41722436302,130.54114552598912,0.0,0.07136164407711476,0.069611;0.072440;0.071362;0.070849;0.072020,18.28379299951698,54693.24663796063,,263.57780838012695,94320592349,3903,10,True,nid006137,58078829
kANNolo,m=32 efC=800 ef=20 eet=0.05,128,0.9275941583397387,0.964898795798104,39228.41722436302,130.54114552598912,0.0,0.06930225004907697,0.069334;0.068152;0.069442;0.068310;0.069302,17.756149128638732,56318.517757158785,,263.57780838012695,94320592349,3903,10,True,nid006137,58078829
kANNolo,m=32 efC=400 ef=100,128,0.928388419164745,0.9643863694593902,16391.372429106967,127.31421966000926,0.0,0.08799729897873476,0.088268;0.085034;0.093512;0.086234;0.087997,22.546066866188767,44353.63409214629,,263.5819435119629,90460162469,3903,10,True,nid005967,58078827
kANNolo,m=32 efC=1600 ef=50,128,0.930053804765565,0.9683576735844223,81715.73123515205,127.51652432099218,0.0,0.07329455891158432,0.075591;0.075108;0.071625;0.073295;0.073229,18.7790312353534,53250.88325735357,,263.58296966552734,97629019673,3903,10,True,nid004743,58078830
kANNolo,m=32 efC=400 ef=100 eet=0.005,128,0.9333077120163976,0.9684857801691007,16391.372429106967,127.31421966000926,0.0,0.08956727001350373,0.090232;0.091329;0.088848;0.089567;0.088052,22.948314120805467,43576.18580326897,,263.5819435119629,90460162469,3903,10,True,nid005967,58078827
kANNolo,m=32 efC=400 ef=100 eet=0.01,128,0.9375608506277223,0.9713041250320267,16391.372429106967,127.31421966000926,0.0,0.09764244197867811,0.100425;0.095720;0.097642;0.099248;0.096270,25.01727952310482,39972.371859076266,,263.5819435119629,90460162469,3903,10,True,nid005967,58078827
kANNolo,m=32 efC=1600 ef=50 eet=0.005,128,0.9389444017422496,0.9737381501409172,81715.73123515205,127.51652432099218,0.0,0.07611245103180408,0.076132;0.073390;0.075583;0.076112;0.077219,19.50101230638075,51279.3892075438,,263.58296966552734,97629019673,3903,10,True,nid004743,58078830
kANNolo,m=32 efC=400 ef=50 eet=0.05,128,0.9427875992826031,0.9757878554957725,16391.372429106967,127.31421966000926,0.0,0.09242163202725351,0.092340;0.093301;0.091160;0.094043;0.092422,23.679639258840254,42230.37306730392,,263.5819435119629,90460162469,3903,10,True,nid005967,58078827
kANNolo,m=32 efC=1600 ef=50 eet=0.01,128,0.9453497309761721,0.9775813476812708,81715.73123515205,127.51652432099218,0.0,0.08137027407065034,0.081498;0.075569;0.080908;0.088277;0.081370,20.848135811081306,47965.9193062468,,263.58296966552734,97629019673,3903,10,True,nid004743,58078830
kANNolo,m=32 efC=1600 ef=20 eet=0.05,128,0.9454009736100436,0.9775813476812708,81715.73123515205,127.51652432099218,0.0,0.07493232609704137,0.074932;0.073127;0.076129;0.074946;0.071956,19.198648756608087,52086.99907360952,,263.58296966552734,97629019673,3903,10,True,nid004743,58078830
kANNolo,m=32 efC=400 ef=20 eet=0.1,128,0.9457852933640789,0.9778375608506277,16391.372429106967,127.31421966000926,0.0,0.10139908397104591,0.100473;0.102686;0.101399;0.100924;0.108283,25.979780674108614,38491.47198523495,,263.5819435119629,90460162469,3903,10,True,nid005967,58078827
kANNolo,m=32 efC=800 ef=10 eet=0.1,128,0.9472969510632846,0.9761721752498078,39228.41722436302,130.54114552598912,0.0,0.08854313590563834,0.087892;0.101136;0.088543;0.091782;0.088094,22.685917475182766,44080.20972014682,,263.57780838012695,94320592349,3903,10,True,nid006137,58078829
kANNolo,m=32 efC=800 ef=100,128,0.950499615680246,0.975915962080451,39228.41722436302,130.54114552598912,0.0,0.10215165698900819,0.100184;0.103697;0.102152;0.103214;0.101586,26.172599792213216,38207.89711144846,,263.57780838012695,94320592349,3903,10,True,nid006137,58078829
kANNolo,m=32 efC=800 ef=100 eet=0.005,128,0.9539841147834999,0.9782218806046631,39228.41722436302,130.54114552598912,0.0,0.10767645901069045,0.111356;0.107676;0.101750;0.104129;0.108405,27.588126828257863,36247.477265318485,,263.57780838012695,94320592349,3903,10,True,nid006137,58078829
kANNolo,m=32 efC=400 ef=200,128,0.9543684345375353,0.9828337176530874,16391.372429106967,127.31421966000926,0.0,0.1393121259752661,0.139312;0.135173;0.142004;0.138141;0.139629,35.69360132597133,28016.225957910876,,263.5819435119629,90460162469,3903,10,True,nid005967,58078827
kANNolo,m=32 efC=800 ef=100 eet=0.01,128,0.957033051498847,0.9805277991288752,39228.41722436302,130.54114552598912,0.0,0.10973619495052844,0.108531;0.110353;0.109540;0.113492;0.109736,28.11585830144208,35567.116225959544,,263.57780838012695,94320592349,3903,10,True,nid006137,58078829
kANNolo,m=32 efC=400 ef=200 eet=0.005,128,0.9575198565206252,0.9844991032539072,16391.372429106967,127.31421966000926,0.0,0.1446883039898239,0.145163;0.144688;0.143727;0.143377;0.160209,37.0710489341081,26975.228075619038,,263.5819435119629,90460162469,3903,10,True,nid005967,58078827
kANNolo,m=32 efC=400 ef=100 eet=0.05,128,0.9584678452472457,0.9860363822700486,16391.372429106967,127.31421966000926,0.0,0.13834038301138207,0.141912;0.142942;0.136305;0.138340;0.137963,35.44462798139433,28213.020052712138,,263.5819435119629,90460162469,3903,10,True,nid005967,58078827
kANNolo,m=32 efC=400 ef=200 eet=0.01,128,0.9590827568537023,0.9861644888547272,16391.372429106967,127.31421966000926,0.0,0.15232074802042916,0.154578;0.151180;0.151026;0.158100;0.152321,39.026581609128655,25623.561141365535,,263.5819435119629,90460162469,3903,10,True,nid005967,58078827
kANNolo,m=32 efC=1600 ef=10 eet=0.1,128,0.9606712785037151,0.9857801691006918,81715.73123515205,127.51652432099218,0.0,0.09803053201176226,0.094604;0.099211;0.095855;0.100298;0.098031,25.116713300477137,39814.126475736106,,263.58296966552734,97629019673,3903,10,True,nid004743,58078830
kANNolo,m=32 efC=800 ef=50 eet=0.05,128,0.9614142966948501,0.9847553164232642,39228.41722436302,130.54114552598912,0.0,0.10520728409755975,0.104646;0.105207;0.106920;0.103691;0.105776,26.95549169806809,37098.19175999933,,263.57780838012695,94320592349,3903,10,True,nid006137,58078829
kANNolo,m=32 efC=400 ef=50 eet=0.1,128,0.9632846528311555,0.9898795798104022,16391.372429106967,127.31421966000926,0.0,0.156291441002395,0.153437;0.153704;0.156291;0.159362;0.167635,40.04392544258135,24972.576712887243,,263.5819435119629,90460162469,3903,10,True,nid005967,58078827
kANNolo,m=32 efC=800 ef=20 eet=0.1,128,0.963745836535998,0.9865488086087625,39228.41722436302,130.54114552598912,0.0,0.11779962200671434,0.124576;0.114349;0.120649;0.113417;0.117800,30.181814503385688,33132.53415853522,,263.57780838012695,94320592349,3903,10,True,nid006137,58078829
kANNolo,m=32 efC=1600 ef=100,128,0.9656674353061747,0.9866769151934409,81715.73123515205,127.51652432099218,0.0,0.1094339860137552,0.108674;0.109434;0.111345;0.110477;0.108606,28.038428391943427,35665.33708741466,,263.58296966552734,97629019673,3903,10,True,nid004743,58078830
kANNolo,m=32 efC=1600 ef=100 eet=0.005,128,0.9685114014860364,0.987829874455547,81715.73123515205,127.51652432099218,0.0,0.11552134098019451,0.122991;0.112812;0.111984;0.115521;0.127866,29.59808890089534,33785.96514620747,,263.58296966552734,97629019673,3903,10,True,nid004743,58078830
kANNolo,m=32 efC=400 ef=400,128,0.9693569049449142,0.9925698180886497,16391.372429106967,127.31421966000926,0.0,0.24051570100709796,0.239753;0.253169;0.246252;0.235802;0.240516,61.6232900351263,16227.630810201521,,263.5819435119629,90460162469,3903,10,True,nid005967,58078827
kANNolo,m=32 efC=800 ef=200,128,0.9694850115295927,0.9880860876249039,39228.41722436302,130.54114552598912,0.0,0.16235020302701741,0.159229;0.165628;0.159141;0.162350;0.162569,41.596260063289115,24040.622846344606,,263.57780838012695,94320592349,3903,10,True,nid006137,58078829
kANNolo,m=32 efC=400 ef=400 eet=0.01,128,0.9707148347425057,0.9933384575967205,16391.372429106967,127.31421966000926,0.0,0.2641745409928262,0.264175;0.261965;0.266796;0.261561;0.268193,67.68499641117762,14774.323011338127,,263.5819435119629,90460162469,3903,10,True,nid005967,58078827
kANNolo,m=32 efC=400 ef=400 eet=0.005,128,0.9707404560594415,0.9930822444273636,16391.372429106967,127.31421966000926,0.0,0.25067368301097304,0.249867;0.256203;0.248673;0.250674;0.259730,64.22589879860955,15570.042906455199,,263.5819435119629,90460162469,3903,10,True,nid005967,58078827
kANNolo,m=32 efC=400 ef=200 eet=0.05,128,0.9712272610812196,0.994363310274148,16391.372429106967,127.31421966000926,0.0,0.22922912501962855,0.230939;0.223034;0.230450;0.224410;0.229229,58.73152063018922,17026.63219460351,,263.5819435119629,90460162469,3903,10,True,nid005967,58078827
kANNolo,m=32 efC=1600 ef=100 eet=0.01,128,0.971278503715091,0.98923904688701,81715.73123515205,127.51652432099218,0.0,0.12248346896376461,0.122483;0.117186;0.127356;0.125142;0.121187,31.381877777034234,31865.524654226276,,263.58296966552734,97629019673,3903,10,True,nid004743,58078830
kANNolo,m=32 efC=800 ef=200 eet=0.005,128,0.9713809889828338,0.9893671534716885,39228.41722436302,130.54114552598912,0.0,0.17947542993351817,0.179475;0.183586;0.179642;0.173126;0.171792,45.983968724959816,21746.709292997715,,263.57780838012695,94320592349,3903,10,True,nid006137,58078829
kANNolo,m=32 efC=400 ef=100 eet=0.1,128,0.9720471432231617,0.994363310274148,16391.372429106967,127.31421966000926,0.0,0.2513403000193648,0.265455;0.235155;0.251340;0.252200;0.238530,64.3966948550768,15528.747278885594,,263.5819435119629,90460162469,3903,10,True,nid005967,58078827
kANNolo,m=32 efC=800 ef=200 eet=0.01,128,0.9741224698949525,0.9915449654112222,39228.41722436302,130.54114552598912,0.0,0.17459047597367316,0.185469;0.175841;0.174534;0.174590;0.171292,44.73237918874537,22355.17131294459,,263.57780838012695,94320592349,3903,10,True,nid006137,58078829
kANNolo,m=32 efC=1600 ef=50 eet=0.05,128,0.974173712528824,0.9919292851652575,81715.73123515205,127.51652432099218,0.0,0.11993069993332028,0.120216;0.123952;0.113534;0.119931;0.113316,30.727824733107937,32543.794059152584,,263.58296966552734,97629019673,3903,10,True,nid004743,58078830
kANNolo,m=32 efC=800 ef=100 eet=0.05,128,0.9745324109659237,0.9921854983346144,39228.41722436302,130.54114552598912,0.0,0.16285888105630875,0.161578;0.162859;0.166294;0.160619;0.165043,41.72659007335607,23965.533685881896,,263.57780838012695,94320592349,3903,10,True,nid006137,58078829
kANNolo,m=32 efC=400 ef=10 eet=0.25,128,0.9754035357417371,0.9956443761209326,16391.372429106967,127.31421966000926,0.0,0.4754604200134054,0.488999;0.474209;0.466369;0.483459;0.475460,121.81922111539978,8208.885189412731,,263.5819435119629,90460162469,3903,10,True,nid005967,58078827
kANNolo,m=32 efC=1600 ef=20 eet=0.1,128,0.9760696899820651,0.9924417115039713,81715.73123515205,127.51652432099218,0.0,0.1314651200082153,0.125639;0.131465;0.132421;0.130439;0.135321,33.683095057190705,29688.483148656465,,263.58296966552734,97629019673,3903,10,True,nid004743,58078830
kANNolo,m=32 efC=400 ef=200 eet=0.1,128,0.9768895721240072,0.9961568024596464,16391.372429106967,127.31421966000926,0.0,0.38806091097649187,0.393391;0.381707;0.393296;0.384981;0.388061,99.42631590481473,10057.699421925126,,263.5819435119629,90460162469,3903,10,True,nid005967,58078827
kANNolo,m=32 efC=400 ef=800,128,0.977145785293364,0.9964130156290033,16391.372429106967,127.31421966000926,0.0,0.45006894995458424,0.452406;0.447291;0.502478;0.442303;0.450069,115.31359209699828,8672.004590394085,,263.5819435119629,90460162469,3903,10,True,nid005967,58078827
kANNolo,m=32 efC=400 ef=400 eet=0.05,128,0.9772738918780425,0.9969254419677172,16391.372429106967,127.31421966000926,0.0,0.39423935097875074,0.387557;0.394239;0.393483;0.406363;0.400863,101.00931359947495,9900.077174717066,,263.5819435119629,90460162469,3903,10,True,nid005967,58078827
kANNolo,m=32 efC=400 ef=800 eet=0.005,128,0.9774532410965924,0.9966692287983603,16391.372429106967,127.31421966000926,0.0,0.47600212204270065,0.476002;0.480398;0.457840;0.463607;0.490648,121.9580123091726,8199.54327777109,,263.5819435119629,90460162469,3903,10,True,nid005967,58078827
kANNolo,m=32 efC=800 ef=50 eet=0.1,128,0.9775813476812708,0.9941070971047912,39228.41722436302,130.54114552598912,0.0,0.1833176879445091,0.182915;0.183318;0.188774;0.179268;0.205323,46.96840582744276,21290.907842899764,,263.57780838012695,94320592349,3903,10,True,nid006137,58078829
kANNolo,m=32 efC=400 ef=800 eet=0.01,128,0.9781706379707917,0.9969254419677172,16391.372429106967,127.31421966000926,0.0,0.4945468879886903,0.494547;0.492844;0.488281;0.502392;0.498479,126.7094255671766,7892.072713010899,,263.5819435119629,90460162469,3903,10,True,nid005967,58078827
kANNolo,m=32 efC=400 ef=20 eet=0.25,128,0.9796310530361261,0.9969254419677172,16391.372429106967,127.31421966000926,0.0,0.6568996370187961,0.714369;0.656900;0.652072;0.627886;0.692205,168.3063379499862,5941.5468970465,,263.5819435119629,90460162469,3903,10,True,nid005967,58078827
kANNolo,m=32 efC=1600 ef=200,128,0.9805790417627466,0.9941070971047912,81715.73123515205,127.51652432099218,0.0,0.18028660502750427,0.177682;0.188486;0.180287;0.176153;0.183272,46.19180246669338,21648.862928028204,,263.58296966552734,97629019673,3903,10,True,nid004743,58078830
kANNolo,m=32 efC=400 ef=800 eet=0.05,128,0.9811939533692032,0.9982065078145017,16391.372429106967,127.31421966000926,0.0,0.7615276830038056,0.729924;0.762458;0.761528;0.751184;0.767528,195.11342121542546,5125.2240556834695,,263.5819435119629,90460162469,3903,10,True,nid005967,58078827
kANNolo,m=32 efC=400 ef=400 eet=0.1,128,0.9813476812708173,0.9982065078145017,16391.372429106967,127.31421966000926,0.0,0.6838213829905726,0.675748;0.686148;0.668297;0.687249;0.683821,175.20404381003652,5707.630818637048,,263.5819435119629,90460162469,3903,10,True,nid005967,58078827
kANNolo,m=32 efC=800 ef=400,128,0.9818344862925954,0.9959005892902896,39228.41722436302,130.54114552598912,0.0,0.29511913598980755,0.286639;0.304784;0.282894;0.295119;0.308371,75.61340916982003,13225.167479938667,,263.57780838012695,94320592349,3903,10,True,nid006137,58078829
kANNolo,m=32 efC=1600 ef=200 eet=0.005,128,0.9818601076095311,0.994619523443505,81715.73123515205,127.51652432099218,0.0,0.19079200900159776,0.193708;0.190792;0.190025;0.193453;0.187295,48.883425314270504,20456.83160643963,,263.58296966552734,97629019673,3903,10,True,nid004743,58078830
kANNolo,m=32 efC=800 ef=400 eet=0.005,128,0.982116320778888,0.9959005892902896,39228.41722436302,130.54114552598912,0.0,0.30590066604781896,0.305901;0.313882;0.305630;0.309281;0.293253,78.37577915649986,12759.0438112674,,263.57780838012695,94320592349,3903,10,True,nid006137,58078829
kANNolo,m=32 efC=800 ef=100 eet=0.1,128,0.9823469126313092,0.9961568024596464,39228.41722436302,130.54114552598912,0.0,0.28406162292230874,0.313413;0.275752;0.284062;0.279295;0.293577,72.78032870159076,13739.97641725604,,263.57780838012695,94320592349,3903,10,True,nid006137,58078829
kANNolo,m=32 efC=400 ef=1600,128,0.9823981552651806,0.9982065078145017,16391.372429106967,127.31421966000926,0.0,0.9048700419953093,0.905135;0.899977;0.910578;0.904870;0.899925,231.83962131573387,4313.326576039118,,263.5819435119629,90460162469,3903,10,True,nid005967,58078827
kANNolo,m=32 efC=800 ef=400 eet=0.01,128,0.9823981552651806,0.9961568024596464,39228.41722436302,130.54114552598912,0.0,0.32792953203897923,0.328108;0.322618;0.325571;0.327930;0.335452,84.01986472943358,11901.947274257907,,263.57780838012695,94320592349,3903,10,True,nid006137,58078829
kANNolo,m=32 efC=800 ef=200 eet=0.05,128,0.9825775044837305,0.9969254419677172,39228.41722436302,130.54114552598912,0.0,0.26297742302995175,0.259068;0.262977;0.258014;0.273709;0.273777,67.37827902381547,14841.578242842043,,263.57780838012695,94320592349,3903,10,True,nid006137,58078829
kANNolo,m=32 efC=400 ef=1600 eet=0.005,128,0.9826287471176018,0.9984627209838586,16391.372429106967,127.31421966000926,0.0,0.9513678870280273,1.042376;0.981975;0.951368;0.928470;0.944776,243.7529815598328,4102.513920448334,,263.5819435119629,90460162469,3903,10,True,nid005967,58078827
kANNolo,m=32 efC=400 ef=1600 eet=0.01,128,0.9827056110684089,0.9984627209838586,16391.372429106967,127.31421966000926,0.0,1.0102108159917407,0.988614;1.017429;1.010211;1.041781;1.008092,258.829314883869,3863.5500018561575,,263.5819435119629,90460162469,3903,10,True,nid005967,58078827
kANNolo,m=32 efC=1600 ef=100 eet=0.05,128,0.9827568537022803,0.9955162695362542,81715.73123515205,127.51652432099218,0.0,0.1821004500379786,0.179417;0.189568;0.185590;0.182100;0.181134,46.656533445549215,21433.225448844285,,263.58296966552734,97629019673,3903,10,True,nid004743,58078830
kANNolo,m=32 efC=1600 ef=200 eet=0.01,128,0.9829362029208302,0.9955162695362542,81715.73123515205,127.51652432099218,0.0,0.1984427539864555,0.203882;0.202805;0.198443;0.194886;0.198432,50.84364693478235,19668.140668247303,,263.58296966552734,97629019673,3903,10,True,nid004743,58078830
kANNolo,m=32 efC=400 ef=50 eet=0.25,128,0.9834486292595439,0.9984627209838586,16391.372429106967,127.31421966000926,0.0,1.054200108977966,1.150584;1.111513;1.026611;1.054200;0.984821,270.09995105763926,3702.333140321822,,263.5819435119629,90460162469,3903,10,True,nid005967,58078827
kANNolo,m=32 efC=400 ef=800 eet=0.1,128,0.9841404048168075,0.9987189341532154,16391.372429106967,127.31421966000926,0.0,1.2893368969671428,1.332707;1.309542;1.285436;1.255842;1.289337,330.34509274074884,3027.13744497724,,263.5819435119629,90460162469,3903,10,True,nid005967,58078827
kANNolo,m=32 efC=400 ef=1600 eet=0.05,128,0.9847296951063285,0.9989751473225724,16391.372429106967,127.31421966000926,0.0,1.4709079399472103,1.470908;1.451116;1.505636;1.436108;1.476478,376.86598512611073,2653.4631393315312,,263.5819435119629,90460162469,3903,10,True,nid005967,58078827
kANNolo,m=32 efC=1600 ef=50 eet=0.1,128,0.9848321803740713,0.9969254419677172,81715.73123515205,127.51652432099218,0.0,0.21150341699831188,0.214787;0.224564;0.208037;0.206279;0.211503,54.18996079895257,18453.602572440483,,263.58296966552734,97629019673,3903,10,True,nid004743,58078830
kANNolo,m=32 efC=400 ef=3200 eet=0.01,128,0.9852677427619779,0.9994875736612862,16391.372429106967,127.31421966000926,0.0,2.06635144300526,2.387158;2.051439;2.066351;2.031903;2.072496,529.4264522175916,1888.8364867515252,,263.5819435119629,90460162469,3903,10,True,nid005967,58078827
kANNolo,m=32 efC=400 ef=3200,128,0.9853958493466565,0.9992313604919293,16391.372429106967,127.31421966000926,0.0,1.8755146480398253,1.875515;1.847398;1.854729;1.896128;1.889084,480.5315521495837,2081.0288013901572,,263.5819435119629,90460162469,3903,10,True,nid005967,58078827
kANNolo,m=32 efC=400 ef=3200 eet=0.005,128,0.9853958493466565,0.9992313604919293,16391.372429106967,127.31421966000926,0.0,1.9336371629615314,1.933637;1.965854;1.939579;1.932741;1.926924,495.423305908668,2018.4758933895437,,263.5819435119629,90460162469,3903,10,True,nid005967,58078827
kANNolo,m=32 efC=400 ef=100 eet=0.25,128,0.9857033051498847,0.9989751473225724,16391.372429106967,127.31421966000926,0.0,1.6214654989889823,1.636363;1.621465;1.577175;1.622303;1.615321,415.4408144988425,2407.0817432955573,,263.5819435119629,90460162469,3903,10,True,nid005967,58078827
kANNolo,m=32 efC=800 ef=10 eet=0.25,128,0.9858314117345631,0.9987189341532154,39228.41722436302,130.54114552598912,0.0,0.5866329990094528,0.604839;0.604900;0.586633;0.551764;0.573326,150.30309992555797,6653.222724583055,,263.57780838012695,94320592349,3903,10,True,nid006137,58078829
kANNolo,m=32 efC=800 ef=800 eet=0.01,128,0.9859082756853702,0.9984627209838586,39228.41722436302,130.54114552598912,0.0,0.6057753529166803,0.632258;0.611736;0.604930;0.605775;0.602299,155.20762308908024,6442.982503675463,,263.57780838012695,94320592349,3903,10,True,nid006137,58078829
kANNolo,m=32 efC=800 ef=800 eet=0.005,128,0.9859338970023059,0.9982065078145017,39228.41722436302,130.54114552598912,0.0,0.5748946260428056,0.583528;0.564169;0.574895;0.587690;0.574629,147.2955741846799,6789.070245560774,,263.57780838012695,94320592349,3903,10,True,nid006137,58078829
kANNolo,m=32 efC=800 ef=800,128,0.9860620035869844,0.9982065078145017,39228.41722436302,130.54114552598912,0.0,0.5518555449089035,0.551856;0.565824;0.548211;0.541725;0.559799,141.39265818829196,7072.503005554252,,263.57780838012695,94320592349,3903,10,True,nid006137,58078829
kANNolo,m=32 efC=400 ef=3200 eet=0.05,128,0.9867025365103766,0.9994875736612862,16391.372429106967,127.31421966000926,0.0,2.9770503910258412,2.978378;2.977050;2.999643;2.928953;2.937306,762.7595160199439,1311.0292025171573,,263.5819435119629,90460162469,3903,10,True,nid005967,58078827
kANNolo,m=32 efC=800 ef=200 eet=0.1,128,0.986753779144248,0.9989751473225724,39228.41722436302,130.54114552598912,0.0,0.4787986701121554,0.478799;0.479000;0.468809;0.496301;0.474924,122.67452475330653,8151.651714249224,,263.57780838012695,94320592349,3903,10,True,nid006137,58078829
kANNolo,m=32 efC=800 ef=400 eet=0.05,128,0.9867794004611837,0.9992313604919293,39228.41722436302,130.54114552598912,0.0,0.4755493920529261,0.478677;0.478630;0.474331;0.475549;0.469581,121.84201692362954,8207.349363124866,,263.57780838012695,94320592349,3903,10,True,nid006137,58078829
kANNolo,m=32 efC=1600 ef=400,128,0.9868562644119908,0.997181655137074,81715.73123515205,127.51652432099218,0.0,0.3347652879310772,0.339308;0.334765;0.338440;0.319916;0.317555,85.77127541149812,11658.914889657153,,263.58296966552734,97629019673,3903,10,True,nid004743,58078830
kANNolo,m=32 efC=1600 ef=400 eet=0.005,128,0.9869331283627979,0.997437868306431,81715.73123515205,127.51652432099218,0.0,0.3456945869838819,0.346412;0.345695;0.341208;0.340776;0.359970,88.57150576066664,11290.312741234731,,263.58296966552734,97629019673,3903,10,True,nid004743,58078830
kANNolo,m=32 efC=400 ef=1600 eet=0.1,128,0.9870356136305406,0.9994875736612862,16391.372429106967,127.31421966000926,0.0,2.479179927962832,2.440046;2.480017;2.479180;2.522777;2.462534,635.1985467493805,1574.3109065936717,,263.5819435119629,90460162469,3903,10,True,nid005967,58078827
kANNolo,m=32 efC=400 ef=200 eet=0.25,128,0.9874967973353831,0.9994875736612862,16391.372429106967,127.31421966000926,0.0,2.4957339949905872,2.514939;2.495734;2.599656;2.471573;2.450498,639.4399167283083,1563.8685884930298,,263.5819435119629,90460162469,3903,10,True,nid005967,58078827
kANNolo,m=32 efC=400 ef=6400,128,0.9875992826031258,0.9994875736612862,16391.372429106967,127.31421966000926,0.0,3.9277774859801866,4.078146;3.904375;3.939076;3.927777;3.893578,1006.3483182116798,993.6917287018862,,263.5819435119629,90460162469,3903,10,True,nid005967,58078827
kANNolo,m=32 efC=400 ef=6400 eet=0.005,128,0.9876249039200615,0.9994875736612862,16391.372429106967,127.31421966000926,0.0,4.096046949969605,4.096047;4.142514;4.076311;4.087996;4.144146,1049.4611708863963,952.8699372034695,,263.5819435119629,90460162469,3903,10,True,nid005967,58078827
kANNolo,m=32 efC=800 ef=20 eet=0.25,128,0.9877273891878042,0.9992313604919293,39228.41722436302,130.54114552598912,0.0,0.7854326990200207,0.804326;0.768225;0.785433;0.761772;0.787133,201.23820113246748,4969.235435282677,,263.57780838012695,94320592349,3903,10,True,nid006137,58078829
kANNolo,m=32 efC=1600 ef=400 eet=0.01,128,0.9878042531386113,0.997437868306431,81715.73123515205,127.51652432099218,0.0,0.361406794982031,0.362281;0.351933;0.360211;0.361407;0.365717,92.59718036946734,10799.464908218053,,263.58296966552734,97629019673,3903,10,True,nid004743,58078830
kANNolo,m=32 efC=1600 ef=200 eet=0.05,128,0.9878554957724827,0.9979502946451447,81715.73123515205,127.51652432099218,0.0,0.30398606695234776,0.303986;0.303440;0.307948;0.303313;0.314193,77.88523365420133,12839.404250102772,,263.58296966552734,97629019673,3903,10,True,nid004743,58078830
kANNolo,m=32 efC=400 ef=6400 eet=0.01,128,0.9879836023571612,0.9994875736612862,16391.372429106967,127.31421966000926,0.0,4.270654156978708,4.372237;4.273642;4.258205;4.258101;4.270654,1094.197836786756,913.9115125073002,,263.5819435119629,90460162469,3903,10,True,nid005967,58078827
kANNolo,m=32 efC=400 ef=3200 eet=0.1,128,0.9882910581603894,0.9994875736612862,16391.372429106967,127.31421966000926,0.0,4.888317448028829,4.978429;4.812119;4.848910;4.888317;4.905507,1252.4513061821237,798.4342345798042,,263.5819435119629,90460162469,3903,10,True,nid005967,58078827
kANNolo,m=32 efC=800 ef=1600 eet=0.01,128,0.9882910581603894,0.9992313604919293,39228.41722436302,130.54114552598912,0.0,1.2155268699862063,1.258271;1.193473;1.228277;1.200717;1.215527,311.43399179764447,3210.9532881361074,,263.57780838012695,94320592349,3903,10,True,nid006137,58078829
kANNolo,m=32 efC=800 ef=1600,128,0.9883423007942608,0.9992313604919293,39228.41722436302,130.54114552598912,0.0,1.1075707600684837,1.122114;1.107571;1.101318;1.136801;1.106788,283.77421472418234,3523.928349064279,,263.57780838012695,94320592349,3903,10,True,nid006137,58078829
kANNolo,m=32 efC=1600 ef=100 eet=0.1,128,0.9884960286958749,0.9982065078145017,81715.73123515205,127.51652432099218,0.0,0.33172718493733555,0.313060;0.321057;0.333601;0.333008;0.331727,84.99287341463888,11765.692343656703,,263.58296966552734,97629019673,3903,10,True,nid004743,58078830
kANNolo,m=32 efC=800 ef=400 eet=0.1,128,0.9884960286958749,0.9992313604919293,39228.41722436302,130.54114552598912,0.0,0.8594642149982974,0.833169;0.853204;0.859595;0.932370;0.859464,220.20605047355815,4541.201287836901,,263.57780838012695,94320592349,3903,10,True,nid006137,58078829
kANNolo,m=32 efC=400 ef=6400 eet=0.05,128,0.9885472713297464,0.9994875736612862,16391.372429106967,127.31421966000926,0.0,6.000797001004685,6.469355;6.045416;5.964582;5.980703;6.000797,1537.4832182948207,650.4136032841203,,263.5819435119629,90460162469,3903,10,True,nid005967,58078827
kANNolo,m=32 efC=400 ef=400 eet=0.25,128,0.988572892646682,0.9997437868306431,16391.372429106967,127.31421966000926,0.0,4.278823227039538,4.286418;4.395662;4.268294;4.250650;4.278823,1096.2908601177398,912.1666853015647,,263.5819435119629,90460162469,3903,10,True,nid005967,58078827
kANNolo,m=32 efC=400 ef=12800,128,0.9886241352805534,0.9994875736612862,16391.372429106967,127.31421966000926,0.0,8.250039820966776,8.222100;8.148509;8.927757;8.310409;8.250040,2113.7688498505704,473.0886255943706,,263.5819435119629,90460162469,3903,10,True,nid005967,58078827
kANNolo,m=32 efC=800 ef=1600 eet=0.005,128,0.9886497565974891,0.9992313604919293,39228.41722436302,130.54114552598912,0.0,1.149691202910617,1.164142;1.149290;1.140382;1.149691;1.204870,294.5660268794817,3394.82461909682,,263.57780838012695,94320592349,3903,10,True,nid006137,58078829
kANNolo,m=32 efC=800 ef=800 eet=0.05,128,0.9886753779144248,0.9992313604919293,39228.41722436302,130.54114552598912,0.0,0.9253616830101237,0.925362;0.889940;0.933081;0.921538;0.953941,237.0898496054634,4217.810259123621,,263.57780838012695,94320592349,3903,10,True,nid006137,58078829
kANNolo,m=32 efC=400 ef=6400 eet=0.1,128,0.9889572124007174,0.9994875736612862,16391.372429106967,127.31421966000926,0.0,9.585189119970892,9.825395;9.585189;9.552873;9.637274;9.542407,2455.8516833130648,407.1907138345386,,263.5819435119629,90460162469,3903,10,True,nid005967,58078827
kANNolo,m=32 efC=400 ef=12800 eet=0.01,128,0.9889572124007174,0.9994875736612862,16391.372429106967,127.31421966000926,0.0,8.863515508011915,8.913411;8.837038;8.858680;8.863516;8.942145,2270.94939995181,440.34446563240033,,263.5819435119629,90460162469,3903,10,True,nid005967,58078827
kANNolo,m=32 efC=400 ef=12800 eet=0.005,128,0.9891878042531386,0.9994875736612862,16391.372429106967,127.31421966000926,0.0,8.55908068898134,8.499187;8.559081;8.740684;8.723164;8.555151,2192.9491901053907,456.0069173111764,,263.5819435119629,90460162469,3903,10,True,nid005967,58078827
kANNolo,m=32 efC=400 ef=12800 eet=0.05,128,0.9893671534716885,0.9994875736612862,16391.372429106967,127.31421966000926,0.0,12.204762711015064,12.196873;12.204763;12.420267;12.123189;12.268045,3127.020935438141,319.793189955054,,263.5819435119629,90460162469,3903,10,True,nid005967,58078827
kANNolo,m=32 efC=1600 ef=800,128,0.9896489879579811,0.9984627209838586,81715.73123515205,127.51652432099218,0.0,0.6403957409784198,0.651822;0.620842;0.634341;0.640396;0.649183,164.07782243874448,6094.668890265971,,263.58296966552734,97629019673,3903,10,True,nid004743,58078830
kANNolo,m=32 efC=400 ef=800 eet=0.25,128,0.9896489879579811,0.9997437868306431,16391.372429106967,127.31421966000926,0.0,7.450850210967474,7.426991;7.476052;7.464199;7.450850;7.375815,1909.0059469555404,523.8328364533321,,263.5819435119629,90460162469,3903,10,True,nid005967,58078827
kANNolo,m=32 efC=1600 ef=800 eet=0.005,128,0.9897002305918524,0.9987189341532154,81715.73123515205,127.51652432099218,0.0,0.6701195639325306,0.671505;0.670120;0.656970;0.686857;0.656848,171.69345732322074,5824.333760822665,,263.58296966552734,97629019673,3903,10,True,nid004743,58078830
kANNolo,m=32 efC=800 ef=1600 eet=0.05,128,0.9897770945426595,0.9994875736612862,39228.41722436302,130.54114552598912,0.0,1.782760477042757,1.774569;1.850283;1.835511;1.782760;1.771814,456.7667120273525,2189.301395369891,,263.57780838012695,94320592349,3903,10,True,nid006137,58078829
kANNolo,m=32 efC=1600 ef=800 eet=0.01,128,0.9898539584934666,0.9987189341532154,81715.73123515205,127.51652432099218,0.0,0.6877605199115351,0.687474;0.777161;0.694957;0.687761;0.683221,176.21330256508713,5674.9404582019815,,263.58296966552734,97629019673,3903,10,True,nid004743,58078830
kANNolo,m=32 efC=400 ef=25600,128,0.9898539584934666,0.9994875736612862,16391.372429106967,127.31421966000926,0.0,17.48705106601119,17.409581;17.487051;17.474098;17.504312;17.631324,4480.41277632877,223.19372118642056,,263.5819435119629,90460162469,3903,10,True,nid005967,58078827
kANNolo,m=32 efC=800 ef=800 eet=0.1,128,0.9898795798104022,0.9994875736612862,39228.41722436302,130.54114552598912,0.0,1.561946514993906,1.561947;1.559462;1.608037;1.569772;1.554514,400.19126697256115,2498.8051527585294,,263.57780838012695,94320592349,3903,10,True,nid006137,58078829
kANNolo,m=32 efC=400 ef=25600 eet=0.01,128,0.9899308224442737,0.9994875736612862,16391.372429106967,127.31421966000926,0.0,18.844796126009896,18.869027;18.713710;18.781266;18.877121;18.844796,4828.284941329719,207.1128800705366,,263.5819435119629,90460162469,3903,10,True,nid005967,58078827
kANNolo,m=32 efC=1600 ef=10 eet=0.25,128,0.9899564437612093,0.9992313604919293,81715.73123515205,127.51652432099218,0.0,0.6646964669926092,0.648731;0.664696;0.696578;0.658462;0.685526,170.30398846851375,5871.853084549941,,263.58296966552734,97629019673,3903,10,True,nid004743,58078830
kANNolo,m=32 efC=800 ef=50 eet=0.25,128,0.989982065078145,0.9997437868306431,39228.41722436302,130.54114552598912,0.0,1.2584394559962675,1.258439;1.198026;1.239250;1.260000;1.290965,322.428761464583,3101.460289887459,,263.57780838012695,94320592349,3903,10,True,nid006137,58078829
kANNolo,m=32 efC=1600 ef=400 eet=0.05,128,0.9901101716628234,0.9989751473225724,81715.73123515205,127.51652432099218,0.0,0.5590776769677177,0.570002;0.570001;0.553906;0.549131;0.559078,143.24306353259485,6981.140833897697,,263.58296966552734,97629019673,3903,10,True,nid004743,58078830
kANNolo,m=32 efC=1600 ef=200 eet=0.1,128,0.9901614142966948,0.9992313604919293,81715.73123515205,127.51652432099218,0.0,0.5527074059937149,0.542857;0.552707;0.559873;0.571824;0.540703,141.6109162166833,7061.602500119897,,263.58296966552734,97629019673,3903,10,True,nid004743,58078830
kANNolo,m=32 efC=800 ef=3200 eet=0.005,128,0.9901614142966948,0.9997437868306431,39228.41722436302,130.54114552598912,0.0,2.3948860729578882,2.405252;2.391973;2.397434;2.346874;2.394886,613.6013510012524,1629.7226177358252,,263.57780838012695,94320592349,3903,10,True,nid006137,58078829
kANNolo,m=32 efC=400 ef=25600 eet=0.005,128,0.9902126569305663,0.9994875736612862,16391.372429106967,127.31421966000926,0.0,18.140581947984174,18.418019;18.140582;18.118770;18.190856;18.035053,4647.855994871682,215.1529653894985,,263.5819435119629,90460162469,3903,10,True,nid005967,58078827
kANNolo,m=32 efC=800 ef=1600 eet=0.1,128,0.9903407635152447,1.0,39228.41722436302,130.54114552598912,0.0,3.0066559669794515,3.060691;3.000203;2.991584;3.077212;3.006656,770.344854465655,1298.1199188948226,,263.57780838012695,94320592349,3903,10,True,nid006137,58078829
kANNolo,m=32 efC=800 ef=3200,128,0.9903407635152447,0.9997437868306431,39228.41722436302,130.54114552598912,0.0,2.2823313190601766,2.282331;2.296567;2.278555;2.264259;2.287299,584.7633407789333,1710.0935203426932,,263.57780838012695,94320592349,3903,10,True,nid006137,58078829
kANNolo,m=32 efC=800 ef=3200 eet=0.01,128,0.9903663848321804,0.9997437868306431,39228.41722436302,130.54114552598912,0.0,2.5137271559797227,2.471126;2.513727;2.498862;2.538357;2.535953,644.0500015320837,1552.6744781013472,,263.57780838012695,94320592349,3903,10,True,nid006137,58078829
kANNolo,m=32 efC=400 ef=1600 eet=0.25,128,0.9905201127337945,0.9997437868306431,16391.372429106967,127.31421966000926,0.0,13.037377036001999,12.948783;12.890312;13.158146;13.141317;13.037377,3340.3476904950035,299.3700334984622,,263.5819435119629,90460162469,3903,10,True,nid005967,58078827
kANNolo,m=32 efC=400 ef=12800 eet=0.1,128,0.9905969766846016,0.9997437868306431,16391.372429106967,127.31421966000926,0.0,18.565323084010743,18.662041;18.579134;18.565323;18.549184;18.473851,4756.680267489301,210.23065326352614,,263.5819435119629,90460162469,3903,10,True,nid005967,58078827
kANNolo,m=32 efC=800 ef=100 eet=0.25,128,0.9906225980015373,0.9997437868306431,39228.41722436302,130.54114552598912,0.0,1.8865312479902059,1.863921;1.886665;1.886531;1.908746;1.872985,483.3541501384079,2068.8764122820735,,263.57780838012695,94320592349,3903,10,True,nid006137,58078829
kANNolo,m=32 efC=400 ef=6400 eet=0.25,128,0.9909300538047656,0.9997437868306431,16391.372429106967,127.31421966000926,0.0,41.058635678957216,40.628672;41.700467;41.058636;42.536401;40.823871,10519.763176776125,95.0591741654073,,263.5819435119629,90460162469,3903,10,True,nid005967,58078827
kANNolo,m=32 efC=400 ef=25600 eet=0.05,128,0.9909300538047656,0.9997437868306431,16391.372429106967,127.31421966000926,0.0,25.114780878007878,24.904761;25.240529;25.131137;25.114781;25.075730,6434.737606458591,155.40649225483463,,263.5819435119629,90460162469,3903,10,True,nid005967,58078827
kANNolo,m=32 efC=400 ef=3200 eet=0.25,128,0.9910325390725083,0.9997437868306431,16391.372429106967,127.31421966000926,0.0,23.19620450999355,22.375175;22.814812;23.196205;23.397812;23.956331,5943.17307455638,168.26028578591306,,263.5819435119629,90460162469,3903,10,True,nid005967,58078827
kANNolo,m=32 efC=800 ef=3200 eet=0.05,128,0.991058160389444,0.9997437868306431,39228.41722436302,130.54114552598912,0.0,3.6061313449172303,3.612079;3.647763;3.606131;3.584584;3.580061,923.9383409985218,1082.3233062492857,,263.57780838012695,94320592349,3903,10,True,nid006137,58078829
kANNolo,m=32 efC=1600 ef=1600,128,0.9912118882910581,0.9994875736612862,81715.73123515205,127.51652432099218,0.0,1.276409349986352,1.286327;1.362147;1.266575;1.276409;1.269838,327.0328849567902,3057.796466346578,,263.58296966552734,97629019673,3903,10,True,nid004743,58078830
kANNolo,m=32 efC=800 ef=6400,128,0.9912118882910581,0.9997437868306431,39228.41722436302,130.54114552598912,0.0,4.718796733999625,4.718797;4.679119;4.737001;4.740173;4.669313,1209.0178667690557,827.1176361292087,,263.57780838012695,94320592349,3903,10,True,nid006137,58078829
kANNolo,m=32 efC=800 ef=200 eet=0.25,128,0.9912631309249296,1.0,39228.41722436302,130.54114552598912,0.0,3.1440948019735515,3.145911;3.106037;3.144095;3.060232;3.192011,805.5584939722141,1241.374782194889,,263.57780838012695,94320592349,3903,10,True,nid006137,58078829
kANNolo,m=32 efC=1600 ef=800 eet=0.05,128,0.9914168588265437,0.9992313604919293,81715.73123515205,127.51652432099218,0.0,1.0436640069819987,1.026184;1.043664;1.075811;1.066220;1.015184,267.4004629725849,3739.709306720702,,263.58296966552734,97629019673,3903,10,True,nid004743,58078830
kANNolo,m=32 efC=400 ef=25600 eet=0.1,128,0.9914168588265437,0.9997437868306431,16391.372429106967,127.31421966000926,0.0,36.868834177963436,36.804533;37.103507;37.411005;36.797471;36.868834,9446.280855230192,105.86176880886647,,263.5819435119629,90460162469,3903,10,True,nid005967,58078827
kANNolo,m=32 efC=800 ef=6400 eet=0.005,128,0.9914168588265437,0.9997437868306431,39228.41722436302,130.54114552598912,0.0,4.9708820229861885,5.039464;4.970882;4.969429;4.958871;5.024668,1273.6054376085547,785.1725271193072,,263.57780838012695,94320592349,3903,10,True,nid006137,58078829
kANNolo,m=32 efC=800 ef=6400 eet=0.01,128,0.9914168588265437,0.9997437868306431,39228.41722436302,130.54114552598912,0.0,5.138840958010405,5.142448;5.129667;5.138841;5.232029;5.126242,1316.6387286729198,759.5097867187384,,263.57780838012695,94320592349,3903,10,True,nid006137,58078829
kANNolo,m=32 efC=1600 ef=400 eet=0.1,128,0.9914424801434794,0.9994875736612862,81715.73123515205,127.51652432099218,0.0,0.9849839499220252,1.019038;0.984984;0.980786;0.948413;0.995982,252.365859575205,3962.5011151795675,,263.58296966552734,97629019673,3903,10,True,nid004743,58078830
kANNolo,m=32 efC=1600 ef=1600 eet=0.01,128,0.9915705867281578,0.9994875736612862,81715.73123515205,127.51652432099218,0.0,1.3852114679757506,1.416033;1.385211;1.397249;1.383084;1.384787,354.9094204395979,2817.620334679705,,263.58296966552734,97629019673,3903,10,True,nid004743,58078830
kANNolo,m=32 efC=800 ef=400 eet=0.25,128,0.9915705867281578,1.0,39228.41722436302,130.54114552598912,0.0,5.114654423086904,5.820535;4.984279;5.186305;5.114654;5.106571,1310.4418199044078,763.1014096245391,,263.57780838012695,94320592349,3903,10,True,nid006137,58078829
kANNolo,m=32 efC=1600 ef=20 eet=0.25,128,0.9916986933128363,0.9994875736612862,81715.73123515205,127.51652432099218,0.0,0.8930571629898623,0.842090;0.893057;0.864991;0.895989;0.917746,228.81300614651863,4370.3809361241365,,263.58296966552734,97629019673,3903,10,True,nid004743,58078830
kANNolo,m=32 efC=1600 ef=1600 eet=0.005,128,0.9916986933128363,0.9994875736612862,81715.73123515205,127.51652432099218,0.0,1.3088509109802544,1.302729;1.301394;1.308851;1.316743;1.347768,335.34484011792324,2982.005029951713,,263.58296966552734,97629019673,3903,10,True,nid004743,58078830
kANNolo,m=32 efC=800 ef=6400 eet=0.05,128,0.9918267998975148,0.9997437868306431,39228.41722436302,130.54114552598912,0.0,7.289487952948548,7.284329;7.245720;7.330437;7.289488;7.405897,1867.6628114139248,535.4285548165648,,263.57780838012695,94320592349,3903,10,True,nid006137,58078829
kANNolo,m=32 efC=800 ef=12800,128,0.9918267998975148,1.0,39228.41722436302,130.54114552598912,0.0,9.806623195996508,9.733499;9.897864;9.806623;9.805594;10.017246,2512.586009735206,397.9963257478247,,263.57780838012695,94320592349,3903,10,True,nid006137,58078829
kANNolo,m=32 efC=400 ef=12800 eet=0.25,128,0.9920573917499359,0.9997437868306431,16391.372429106967,127.31421966000926,0.0,72.00978692801436,69.927220;72.009787;70.068843;72.341243;73.564952,18449.855733541986,54.200965820127905,,263.5819435119629,90460162469,3903,10,True,nid005967,58078827
kANNolo,m=32 efC=800 ef=3200 eet=0.1,128,0.9920573917499359,1.0,39228.41722436302,130.54114552598912,0.0,5.967427654075436,5.946259;6.052200;5.967428;5.942309;5.997804,1528.9335521587077,654.0506607289086,,263.57780838012695,94320592349,3903,10,True,nid006137,58078829
kANNolo,m=32 efC=800 ef=12800 eet=0.01,128,0.9921854983346144,1.0,39228.41722436302,130.54114552598912,0.0,10.611150998971425,10.806841;10.617101;10.584271;10.576402;10.611151,2718.716627971157,367.8206068670902,,263.57780838012695,94320592349,3903,10,True,nid006137,58078829
kANNolo,m=32 efC=800 ef=800 eet=0.25,128,0.9923392262362285,1.0,39228.41722436302,130.54114552598912,0.0,9.37304541200865,8.784490;9.373045;10.703835;9.731024;9.016582,2401.497671536933,416.4068164013711,,263.57780838012695,94320592349,3903,10,True,nid006137,58078829
kANNolo,m=32 efC=1600 ef=50 eet=0.25,128,0.9924160901870356,0.9997437868306431,81715.73123515205,127.51652432099218,0.0,1.4249896720284596,1.468372;1.408254;1.424990;1.399975;1.439913,365.1011201712682,2738.967219631926,,263.58296966552734,97629019673,3903,10,True,nid004743,58078830
kANNolo,m=32 efC=800 ef=6400 eet=0.1,128,0.9924417115039713,1.0,39228.41722436302,130.54114552598912,0.0,11.439553141943179,11.439553;11.611937;11.424551;11.793676;11.398784,2930.964166524002,341.18465569163106,,263.57780838012695,94320592349,3903,10,True,nid006137,58078829
kANNolo,m=32 efC=800 ef=12800 eet=0.05,128,0.9924417115039713,1.0,39228.41722436302,130.54114552598912,0.0,14.721230734954588,14.707768;14.809391;14.781251;14.550858;14.721231,3771.7731834369943,265.12728930554596,,263.57780838012695,94320592349,3903,10,True,nid006137,58078829
kANNolo,m=32 efC=400 ef=25600 eet=0.25,128,0.9924929541378427,0.9997437868306431,16391.372429106967,127.31421966000926,0.0,122.66416908899555,122.347728;123.843381;121.615449;122.664169;124.747118,31428.17552882284,31.81858263082749,,263.5819435119629,90460162469,3903,10,True,nid005967,58078827
kANNolo,m=32 efC=800 ef=12800 eet=0.005,128,0.9924929541378427,1.0,39228.41722436302,130.54114552598912,0.0,10.235598118044436,10.218252;10.203818;10.244963;10.235598;10.285388,2622.4950340877363,381.3162606608561,,263.57780838012695,94320592349,3903,10,True,nid006137,58078829
kANNolo,m=32 efC=1600 ef=3200,128,0.992544196771714,1.0,81715.73123515205,127.51652432099218,0.0,2.628798429039307,2.569737;2.628798;2.541512;2.714443;2.633919,673.5327771046136,1484.7087387473634,,263.58296966552734,97629019673,3903,10,True,nid004743,58078830
kANNolo,m=32 efC=800 ef=1600 eet=0.25,128,0.9926979246733282,1.0,39228.41722436302,130.54114552598912,0.0,16.007148416014388,15.725988;15.515246;16.127525;16.111160;16.007148,4101.242228033407,243.82856324960633,,263.57780838012695,94320592349,3903,10,True,nid006137,58078829
kANNolo,m=32 efC=800 ef=25600 eet=0.005,128,0.9927491673071996,1.0,39228.41722436302,130.54114552598912,0.0,20.784788287011907,20.784788;20.883636;20.809062;20.744215;20.700458,5325.336481427596,187.78156150086573,,263.57780838012695,94320592349,3903,10,True,nid006137,58078829
kANNolo,m=32 efC=1600 ef=3200 eet=0.05,128,0.9927747886241353,1.0,81715.73123515205,127.51652432099218,0.0,4.11553362198174,4.115534;4.089001;4.041692;4.219211;4.208652,1054.453912882844,948.3581859600021,,263.58296966552734,97629019673,3903,10,True,nid004743,58078830
kANNolo,m=32 efC=1600 ef=6400,128,0.9927747886241353,1.0,81715.73123515205,127.51652432099218,0.0,5.345502030919306,5.330844;5.345502;5.319445;5.363214;5.355444,1369.5880171456076,730.1465750876858,,263.58296966552734,97629019673,3903,10,True,nid004743,58078830
kANNolo,m=32 efC=800 ef=3200 eet=0.25,128,0.9927747886241353,1.0,39228.41722436302,130.54114552598912,0.0,27.54353200807236,27.410602;27.543532;28.711197;27.512710;28.427476,7057.015631071576,141.70295947724216,,263.57780838012695,94320592349,3903,10,True,nid006137,58078829
kANNolo,m=32 efC=1600 ef=3200 eet=0.01,128,0.992800409941071,1.0,81715.73123515205,127.51652432099218,0.0,2.8241809559985995,2.837468;2.832345;2.824181;2.817438;2.798889,723.5923535738149,1381.9935977225446,,263.58296966552734,97629019673,3903,10,True,nid004743,58078830
kANNolo,m=32 efC=1600 ef=1600 eet=0.05,128,0.9928260312580066,1.0,81715.73123515205,127.51652432099218,0.0,2.093609206029214,2.106258;2.052476;2.100593;2.093609;2.060943,536.4102500715384,1864.24476390344,,263.58296966552734,97629019673,3903,10,True,nid004743,58078830
kANNolo,m=32 efC=800 ef=12800 eet=0.1,128,0.9928260312580066,1.0,39228.41722436302,130.54114552598912,0.0,22.44108168594539,22.361610;22.431670;22.675169;22.571139;22.441082,5749.700662553265,173.92209763419768,,263.57780838012695,94320592349,3903,10,True,nid006137,58078829
kANNolo,m=32 efC=800 ef=25600 eet=0.05,128,0.9929541378426852,1.0,39228.41722436302,130.54114552598912,0.0,29.041410882025957,29.041411;29.014280;29.045720;29.078126;28.979889,7440.791924679979,134.39429702141672,,263.57780838012695,94320592349,3903,10,True,nid006137,58078829
kANNolo,m=32 efC=1600 ef=100 eet=0.25,128,0.9929797591596208,1.0,81715.73123515205,127.51652432099218,0.0,2.2276965980418026,2.147546;2.242544;2.227697;2.282458;2.166475,570.7652057498855,1752.033918546551,,263.58296966552734,97629019673,3903,10,True,nid004743,58078830
kANNolo,m=32 efC=800 ef=25600 eet=0.1,128,0.9929797591596208,1.0,39228.41722436302,130.54114552598912,0.0,43.0403901549289,42.764385;43.302664;42.892257;43.707360;43.040390,11027.514771952063,90.68226347276817,,263.57780838012695,94320592349,3903,10,True,nid006137,58078829
kANNolo,m=32 efC=1600 ef=800 eet=0.1,128,0.9930053804765565,0.9997437868306431,81715.73123515205,127.51652432099218,0.0,1.8520853009540588,1.873119;1.863043;1.791062;1.852085;1.760670,474.5286448767765,2107.354341611296,,263.58296966552734,97629019673,3903,10,True,nid004743,58078830
kANNolo,m=32 efC=1600 ef=1600 eet=0.1,128,0.9930053804765565,1.0,81715.73123515205,127.51652432099218,0.0,3.459388318937272,3.459388;3.449680;3.432458;3.465269;3.591679,886.340845231174,1128.2341385713548,,263.58296966552734,97629019673,3903,10,True,nid004743,58078830
kANNolo,m=32 efC=800 ef=25600,128,0.9930310017934922,1.0,39228.41722436302,130.54114552598912,0.0,20.098813673015684,20.230167;20.098814;20.025334;20.253282;20.013450,5149.580751477244,194.1905658461872,,263.57780838012695,94320592349,3903,10,True,nid006137,58078829
kANNolo,m=32 efC=1600 ef=3200 eet=0.005,128,0.9931334870612349,1.0,81715.73123515205,127.51652432099218,0.0,2.7467711130157113,2.691961;2.746771;2.753602;2.698752;2.789026,703.7589323637487,1420.9411120953766,,263.58296966552734,97629019673,3903,10,True,nid004743,58078830
kANNolo,m=32 efC=1600 ef=6400 eet=0.1,128,0.9931334870612349,1.0,81715.73123515205,127.51652432099218,0.0,13.117466383962892,13.018153;13.117466;13.215427;13.098419;13.158400,3360.867636167792,297.542214765781,,263.58296966552734,97629019673,3903,10,True,nid004743,58078830
kANNolo,m=32 efC=1600 ef=6400 eet=0.005,128,0.9931847296951063,1.0,81715.73123515205,127.51652432099218,0.0,5.55871005600784,5.558710;5.551958;5.644892;5.553789;5.571037,1424.2147209858672,702.1413170815857,,263.58296966552734,97629019673,3903,10,True,nid004743,58078830
kANNolo,m=32 efC=800 ef=25600 eet=0.01,128,0.993210351012042,1.0,39228.41722436302,130.54114552598912,0.0,21.54151562601328,21.541516;21.530454;21.666594;21.378836;21.619464,5519.219991292155,181.18502280715956,,263.57780838012695,94320592349,3903,10,True,nid006137,58078829
kANNolo,m=32 efC=1600 ef=6400 eet=0.01,128,0.9932359723289778,1.0,81715.73123515205,127.51652432099218,0.0,5.785990178002976,5.886649;5.785990;5.781078;5.848973;5.765298,1482.446881374065,674.5604261200308,,263.58296966552734,97629019673,3903,10,True,nid004743,58078830
kANNolo,m=32 efC=1600 ef=200 eet=0.25,128,0.9932615936459134,1.0,81715.73123515205,127.51652432099218,0.0,3.5074076580349356,3.665970;3.507408;3.552307;3.501564;3.468324,898.6440322918103,1112.787671275913,,263.58296966552734,97629019673,3903,10,True,nid004743,58078830
kANNolo,m=32 efC=800 ef=12800 eet=0.25,128,0.9933128362797847,1.0,39228.41722436302,130.54114552598912,0.0,85.16401455900632,83.777952;86.159431;85.164015;83.615425;86.293483,21820.142085320604,45.829215780989124,,263.57780838012695,94320592349,3903,10,True,nid006137,58078829
kANNolo,m=32 efC=1600 ef=12800 eet=0.01,128,0.9933640789136562,1.0,81715.73123515205,127.51652432099218,0.0,11.93125643802341,11.916026;11.962173;12.040269;11.890275;11.931256,3056.9450263959548,327.123972255062,,263.58296966552734,97629019673,3903,10,True,nid004743,58078830
kANNolo,m=32 efC=1600 ef=6400 eet=0.05,128,0.9934153215475275,1.0,81715.73123515205,127.51652432099218,0.0,8.268537460942753,8.326500;8.256844;8.233025;8.274259;8.268537,2118.508188814438,472.0302736047582,,263.58296966552734,97629019673,3903,10,True,nid004743,58078830
kANNolo,m=32 efC=800 ef=6400 eet=0.25,128,0.9934153215475275,1.0,39228.41722436302,130.54114552598912,0.0,48.89681265503168,48.896813;48.340795;49.351048;49.658864;47.610668,12528.007341796485,79.82115373318439,,263.57780838012695,94320592349,3903,10,True,nid006137,58078829
kANNolo,m=32 efC=1600 ef=400 eet=0.25,128,0.9934665641813989,1.0,81715.73123515205,127.51652432099218,0.0,5.844416265957989,5.776415;5.937699;5.834292;5.888029;5.844416,1497.4164145421441,667.8169080347392,,263.58296966552734,97629019673,3903,10,True,nid004743,58078830
kANNolo,m=32 efC=1600 ef=3200 eet=0.1,128,0.9934665641813989,1.0,81715.73123515205,127.51652432099218,0.0,6.7014280499424785,6.672331;6.669754;6.701428;6.830659;6.759724,1716.9941198930255,582.4131768501941,,263.58296966552734,97629019673,3903,10,True,nid004743,58078830
kANNolo,m=32 efC=1600 ef=12800,128,0.9934665641813989,1.0,81715.73123515205,127.51652432099218,0.0,11.081873669987544,11.035085;11.081874;11.095233;11.061657;11.103045,2839.3219754003444,352.19675988278857,,263.58296966552734,97629019673,3903,10,True,nid004743,58078830
kANNolo,m=32 efC=1600 ef=6400 eet=0.25,128,0.9935178068152704,1.0,81715.73123515205,127.51652432099218,0.0,54.84818524692673,54.834573;55.970429;54.848185;55.591087;54.805530,14052.827375589733,71.16005720934393,,263.58296966552734,97629019673,3903,10,True,nid004743,58078830
kANNolo,m=32 efC=800 ef=25600 eet=0.25,128,0.9935690494491417,1.0,39228.41722436302,130.54114552598912,0.0,144.29690883599687,140.310303;141.482703;144.296909;145.300544;144.487941,36970.76834127514,27.04839647283104,,263.57780838012695,94320592349,3903,10,True,nid006137,58078829
kANNolo,m=32 efC=1600 ef=25600 eet=0.005,128,0.9936459133999488,1.0,81715.73123515205,127.51652432099218,0.0,23.99640336097218,23.794119;24.371873;24.158008;23.996403;23.756205,6148.194558281368,162.64937462869332,,263.58296966552734,97629019673,3903,10,True,nid004743,58078830
kANNolo,m=32 efC=1600 ef=25600 eet=0.01,128,0.9936459133999488,1.0,81715.73123515205,127.51652432099218,0.0,24.804627775098197,24.708846;24.777076;24.880043;24.804628;24.834549,6355.272296976223,157.34967020623026,,263.58296966552734,97629019673,3903,10,True,nid004743,58078830
kANNolo,m=32 efC=1600 ef=12800 eet=0.005,128,0.993799641301563,1.0,81715.73123515205,127.51652432099218,0.0,11.549645645078272,11.683201;11.559209;11.534524;11.549646;11.512094,2959.1713156746787,337.93244571648063,,263.58296966552734,97629019673,3903,10,True,nid004743,58078830
kANNolo,m=32 efC=1600 ef=25600 eet=0.25,128,0.9938252626184986,1.0,81715.73123515205,127.51652432099218,0.0,161.4978998240549,160.357399;160.920415;161.497900;164.386526;163.186340,41377.888758405046,24.167496941150024,,263.58296966552734,97629019673,3903,10,True,nid004743,58078830
kANNolo,m=32 efC=1600 ef=12800 eet=0.25,128,0.9938765052523699,1.0,81715.73123515205,127.51652432099218,0.0,96.18915696302429,93.590445;96.125185;96.955288;97.296813;96.189157,24644.928763265252,40.576299067683244,,263.58296966552734,97629019673,3903,10,True,nid004743,58078830
kANNolo,m=32 efC=1600 ef=800 eet=0.25,128,0.9939021265693057,1.0,81715.73123515205,127.51652432099218,0.0,10.455677405931056,10.549514;10.690242;10.189296;10.455677;10.271240,2678.882245946978,373.2900173245586,,263.58296966552734,97629019673,3903,10,True,nid004743,58078830
kANNolo,m=32 efC=1600 ef=3200 eet=0.25,128,0.9939021265693057,1.0,81715.73123515205,127.51652432099218,0.0,31.6770596280694,33.271785;31.475737;31.677060;32.135400;30.714994,8116.079843215322,123.2121934872234,,263.58296966552734,97629019673,3903,10,True,nid004743,58078830
kANNolo,m=32 efC=1600 ef=25600,128,0.9939277478862414,1.0,81715.73123515205,127.51652432099218,0.0,23.083670955966227,23.083671;23.004414;23.067454;23.141811;23.182240,5914.340496020042,169.0805594762313,,263.58296966552734,97629019673,3903,10,True,nid004743,58078830
kANNolo,m=32 efC=1600 ef=25600 eet=0.05,128,0.9940558544709198,1.0,81715.73123515205,127.51652432099218,0.0,33.21445295296144,33.254571;33.191210;33.214453;33.379645;33.043883,8509.980259534059,117.50908574431313,,263.58296966552734,97629019673,3903,10,True,nid004743,58078830
kANNolo,m=32 efC=1600 ef=12800 eet=0.05,128,0.9940814757878556,1.0,81715.73123515205,127.51652432099218,0.0,16.4194614039734,16.419461;16.378336;16.498981;16.588580;16.371096,4206.882245445401,237.70572639218847,,263.58296966552734,97629019673,3903,10,True,nid004743,58078830
kANNolo,m=32 efC=1600 ef=25600 eet=0.1,128,0.9941583397386625,1.0,81715.73123515205,127.51652432099218,0.0,48.40406751795672,48.338390;48.345582;48.982053;48.538926;48.404068,12401.759548541306,80.6337194400467,,263.58296966552734,97629019673,3903,10,True,nid004743,58078830
kANNolo,m=32 efC=1600 ef=1600 eet=0.25,128,0.994209582372534,1.0,81715.73123515205,127.51652432099218,0.0,17.771658356068656,17.737750;17.988390;17.917732;17.771658;17.302524,4553.332912136473,219.61934681617407,,263.58296966552734,97629019673,3903,10,True,nid004743,58078830
kANNolo,m=32 efC=1600 ef=12800 eet=0.1,128,0.9942608250064053,1.0,81715.73123515205,127.51652432099218,0.0,25.267568606999703,25.267569;25.214913;25.550124;25.270498;25.085158,6473.88383474243,154.46678153745185,,263.58296966552734,97629019673,3903,10,True,nid004743,58078830
