Model,Params,Threads,Recall,RR@10,IndexSec,LoadSec,ConvertSec,SearchSecMedian,SearchSecRuns,AmortizedUsPerQuery,QPS,LatencyUsSingleThread,PeakRSSGB,IndexBytes,NumQueries,K,ResultsOrdered,Host,JobID
SparseHNSW_a0.6_b1_p0,"M=32 efC=200 ef=10 alpha=0.6 beta=1 q=u8 seedT=8 seedH=8 seedS=4",64,0.7189541547,0.5998,249.4298,8.5825,0.0000,0.028456,"0.028629;0.028456;0.028249",4.076791,245290.98,,11.99,0,6980,10,True,nid006971,57248608
SparseHNSW_a0.6_b1_p0,"M=32 efC=200 ef=20 alpha=0.6 beta=1 q=u8 seedT=8 seedH=8 seedS=4",64,0.7189541547,0.5998,249.4298,8.5825,0.0000,0.028035,"0.028035;0.028044;0.027935",4.016476,248974.50,,11.99,0,6980,10,True,nid006971,57248608
SparseHNSW_a0.6_b1_p0,"M=32 efC=200 ef=50 alpha=0.6 beta=1 q=u8 seedT=8 seedH=8 seedS=4",64,0.7326361032,0.6123,249.4298,8.5825,0.0000,0.039375,"0.039375;0.039362;0.039390",5.641117,177269.84,,11.99,0,6980,10,True,nid006971,57248608
SparseHNSW_a0.6_b1_p0,"M=32 efC=200 ef=100 alpha=0.6 beta=1 q=u8 seedT=8 seedH=8 seedS=4",64,0.7450716332,0.6209,249.4298,8.5825,0.0000,0.068624,"0.068453;0.068624;0.068628",9.831519,101713.69,,11.99,0,6980,10,True,nid006971,57248608
SparseHNSW_a0.6_b1_p0,"M=32 efC=200 ef=200 alpha=0.6 beta=1 q=u8 seedT=8 seedH=8 seedS=4",64,0.7516762178,0.6265,249.4298,8.5825,0.0000,0.123280,"0.123280;0.123416;0.123066",17.661891,56619.08,,11.99,0,6980,10,True,nid006971,57248608
SparseHNSW_a0.6_b1_p0,"M=32 efC=200 ef=400 alpha=0.6 beta=1 q=u8 seedT=8 seedH=8 seedS=4",64,0.7558309456,0.6316,249.4298,8.5825,0.0000,0.226050,"0.226050;0.225686;0.226108",32.385387,30878.12,,11.99,0,6980,10,True,nid006971,57248608
SparseHNSW_a0.6_b1_p0,"M=32 efC=200 ef=800 alpha=0.6 beta=1 q=u8 seedT=8 seedH=8 seedS=4",64,0.7587249284,0.6342,249.4298,8.5825,0.0000,0.425300,"0.426024;0.425300;0.424761",60.931232,16411.94,,11.99,0,6980,10,True,nid006971,57248608
SparseHNSW_a0.6_b1_p0,"M=32 efC=200 ef=1600 alpha=0.6 beta=1 q=u8 seedT=8 seedH=8 seedS=4",64,0.7608595989,0.6366,249.4298,8.5825,0.0000,0.820442,"0.820283;0.820442;0.821387",117.541834,8507.61,,11.99,0,6980,10,True,nid006971,57248608
SparseHNSW_a0.6_b1_p0,"M=32 efC=200 ef=3200 alpha=0.6 beta=1 q=u8 seedT=8 seedH=8 seedS=4",64,0.7623925501,0.6388,249.4298,8.5825,0.0000,1.599851,"1.600106;1.599773;1.599851",229.205014,4362.91,,12.02,0,6980,10,True,nid006971,57248608
SparseHNSW_a0.6_b2_p0,"M=32 efC=200 ef=10 alpha=0.6 beta=2 q=u8 seedT=8 seedH=8 seedS=4",64,0.8499713467,0.9683,249.4298,8.5825,0.0000,0.029189,"0.029189;0.029255;0.029093",4.181805,239131.18,,12.02,0,6980,10,True,nid006971,57248608
SparseHNSW_a0.6_b2_p0,"M=32 efC=200 ef=20 alpha=0.6 beta=2 q=u8 seedT=8 seedH=8 seedS=4",64,0.8499713467,0.9683,249.4298,8.5825,0.0000,0.028880,"0.028907;0.028880;0.028834",4.137536,241689.75,,12.02,0,6980,10,True,nid006971,57248608
SparseHNSW_a0.6_b2_p0,"M=32 efC=200 ef=50 alpha=0.6 beta=2 q=u8 seedT=8 seedH=8 seedS=4",64,0.8676934097,0.9802,249.4298,8.5825,0.0000,0.040086,"0.040118;0.039995;0.040086",5.742980,174125.63,,12.02,0,6980,10,True,nid006971,57248608
SparseHNSW_a0.6_b2_p0,"M=32 efC=200 ef=100 alpha=0.6 beta=2 q=u8 seedT=8 seedH=8 seedS=4",64,0.8833810888,0.9913,249.4298,8.5825,0.0000,0.069022,"0.069231;0.069022;0.068991",9.888539,101127.18,,12.02,0,6980,10,True,nid006971,57248608
SparseHNSW_a0.6_b2_p0,"M=32 efC=200 ef=200 alpha=0.6 beta=2 q=u8 seedT=8 seedH=8 seedS=4",64,0.8921919771,0.9961,249.4298,8.5825,0.0000,0.123603,"0.123554;0.123603;0.123908",17.708166,56471.12,,12.02,0,6980,10,True,nid006971,57248608
SparseHNSW_a0.6_b2_p0,"M=32 efC=200 ef=400 alpha=0.6 beta=2 q=u8 seedT=8 seedH=8 seedS=4",64,0.8977650430,0.9981,249.4298,8.5825,0.0000,0.226879,"0.227026;0.226879;0.226690",32.504155,30765.30,,12.02,0,6980,10,True,nid006971,57248608
SparseHNSW_a0.6_b2_p0,"M=32 efC=200 ef=800 alpha=0.6 beta=2 q=u8 seedT=8 seedH=8 seedS=4",64,0.9015616046,0.9991,249.4298,8.5825,0.0000,0.425318,"0.425475;0.425313;0.425318",60.933811,16411.25,,12.02,0,6980,10,True,nid006971,57248608
SparseHNSW_a0.6_b2_p0,"M=32 efC=200 ef=1600 alpha=0.6 beta=2 q=u8 seedT=8 seedH=8 seedS=4",64,0.9048424069,0.9999,249.4298,8.5825,0.0000,0.818951,"0.818568;0.820265;0.818951",117.328223,8523.10,,12.02,0,6980,10,True,nid006971,57248608
SparseHNSW_a0.6_b2_p0,"M=32 efC=200 ef=3200 alpha=0.6 beta=2 q=u8 seedT=8 seedH=8 seedS=4",64,0.9071203438,1.0000,249.4298,8.5825,0.0000,1.599498,"1.599498;1.599534;1.599160",229.154441,4363.87,,12.02,0,6980,10,True,nid006971,57248608
SparseHNSW_a0.6_b3_p0,"M=32 efC=200 ef=10 alpha=0.6 beta=3 q=u8 seedT=8 seedH=8 seedS=4",64,0.8817478510,0.9684,249.4298,8.5825,0.0000,0.029542,"0.029503;0.029580;0.029542",4.232378,236273.78,,12.02,0,6980,10,True,nid006971,57248608
SparseHNSW_a0.6_b3_p0,"M=32 efC=200 ef=20 alpha=0.6 beta=3 q=u8 seedT=8 seedH=8 seedS=4",64,0.8817478510,0.9684,249.4298,8.5825,0.0000,0.029289,"0.029486;0.029289;0.029260",4.196132,238314.73,,12.02,0,6980,10,True,nid006971,57248608
SparseHNSW_a0.6_b3_p0,"M=32 efC=200 ef=50 alpha=0.6 beta=3 q=u8 seedT=8 seedH=8 seedS=4",64,0.9008022923,0.9803,249.4298,8.5825,0.0000,0.040355,"0.040303;0.040373;0.040355",5.781519,172964.94,,12.02,0,6980,10,True,nid006971,57248608
SparseHNSW_a0.6_b3_p0,"M=32 efC=200 ef=100 alpha=0.6 beta=3 q=u8 seedT=8 seedH=8 seedS=4",64,0.9180659026,0.9913,249.4298,8.5825,0.0000,0.069110,"0.069095;0.069110;0.069735",9.901146,100998.41,,12.02,0,6980,10,True,nid006971,57248608
SparseHNSW_a0.6_b3_p0,"M=32 efC=200 ef=200 alpha=0.6 beta=3 q=u8 seedT=8 seedH=8 seedS=4",64,0.9276647564,0.9961,249.4298,8.5825,0.0000,0.123923,"0.124201;0.123900;0.123923",17.754011,56325.30,,12.02,0,6980,10,True,nid006971,57248608
SparseHNSW_a0.6_b3_p0,"M=32 efC=200 ef=400 alpha=0.6 beta=3 q=u8 seedT=8 seedH=8 seedS=4",64,0.9336962751,0.9981,249.4298,8.5825,0.0000,0.226697,"0.226697;0.226384;0.226714",32.478080,30790.00,,12.02,0,6980,10,True,nid006971,57248608
SparseHNSW_a0.6_b3_p0,"M=32 efC=200 ef=800 alpha=0.6 beta=3 q=u8 seedT=8 seedH=8 seedS=4",64,0.9377077364,0.9991,249.4298,8.5825,0.0000,0.425836,"0.425505;0.426391;0.425836",61.008023,16391.29,,12.02,0,6980,10,True,nid006971,57248608
SparseHNSW_a0.6_b3_p0,"M=32 efC=200 ef=1600 alpha=0.6 beta=3 q=u8 seedT=8 seedH=8 seedS=4",64,0.9411461318,0.9999,249.4298,8.5825,0.0000,0.820183,"0.819925;0.821288;0.820183",117.504728,8510.30,,12.02,0,6980,10,True,nid006971,57248608
SparseHNSW_a0.6_b3_p0,"M=32 efC=200 ef=3200 alpha=0.6 beta=3 q=u8 seedT=8 seedH=8 seedS=4",64,0.9436246418,1.0000,249.4298,8.5825,0.0000,1.598701,"1.598618;1.599755;1.598701",229.040258,4366.04,,12.03,0,6980,10,True,nid006971,57248608
SparseHNSW_a0.6_b4_p0,"M=32 efC=200 ef=10 alpha=0.6 beta=4 q=u8 seedT=8 seedH=8 seedS=4",64,0.9061461318,0.9749,249.4298,8.5825,0.0000,0.034379,"0.034326;0.034693;0.034379",4.925358,203030.92,,12.03,0,6980,10,True,nid006971,57248608
SparseHNSW_a0.6_b4_p0,"M=32 efC=200 ef=20 alpha=0.6 beta=4 q=u8 seedT=8 seedH=8 seedS=4",64,0.9061461318,0.9749,249.4298,8.5825,0.0000,0.034352,"0.034229;0.034547;0.034352",4.921490,203190.50,,12.03,0,6980,10,True,nid006971,57248608
SparseHNSW_a0.6_b4_p0,"M=32 efC=200 ef=50 alpha=0.6 beta=4 q=u8 seedT=8 seedH=8 seedS=4",64,0.9152435530,0.9803,249.4298,8.5825,0.0000,0.040555,"0.040400;0.040555;0.040696",5.810172,172111.95,,12.03,0,6980,10,True,nid006971,57248608
SparseHNSW_a0.6_b4_p0,"M=32 efC=200 ef=100 alpha=0.6 beta=4 q=u8 seedT=8 seedH=8 seedS=4",64,0.9333237822,0.9913,249.4298,8.5825,0.0000,0.069615,"0.069445;0.069724;0.069615",9.973496,100265.75,,12.03,0,6980,10,True,nid006971,57248608
SparseHNSW_a0.6_b4_p0,"M=32 efC=200 ef=200 alpha=0.6 beta=4 q=u8 seedT=8 seedH=8 seedS=4",64,0.9436389685,0.9961,249.4298,8.5825,0.0000,0.124128,"0.124134;0.124012;0.124128",17.783381,56232.28,,12.03,0,6980,10,True,nid006971,57248608
SparseHNSW_a0.6_b4_p0,"M=32 efC=200 ef=400 alpha=0.6 beta=4 q=u8 seedT=8 seedH=8 seedS=4",64,0.9500143266,0.9981,249.4298,8.5825,0.0000,0.227131,"0.227131;0.227033;0.227315",32.540258,30731.16,,12.03,0,6980,10,True,nid006971,57248608
SparseHNSW_a0.6_b4_p0,"M=32 efC=200 ef=800 alpha=0.6 beta=4 q=u8 seedT=8 seedH=8 seedS=4",64,0.9541547278,0.9991,249.4298,8.5825,0.0000,0.425411,"0.425631;0.425411;0.424731",60.947135,16407.66,,12.03,0,6980,10,True,nid006971,57248608
SparseHNSW_a0.6_b4_p0,"M=32 efC=200 ef=1600 alpha=0.6 beta=4 q=u8 seedT=8 seedH=8 seedS=4",64,0.9577077364,0.9999,249.4298,8.5825,0.0000,0.820879,"0.820971;0.820846;0.820879",117.604441,8503.08,,12.03,0,6980,10,True,nid006971,57248608
SparseHNSW_a0.6_b4_p0,"M=32 efC=200 ef=3200 alpha=0.6 beta=4 q=u8 seedT=8 seedH=8 seedS=4",64,0.9603008596,1.0000,249.4298,8.5825,0.0000,1.599512,"1.599512;1.600169;1.598289",229.156447,4363.83,,12.03,0,6980,10,True,nid006971,57248608
SparseHNSW_a0.6_b5_p0,"M=32 efC=200 ef=10 alpha=0.6 beta=5 q=u8 seedT=8 seedH=8 seedS=4",64,0.9226934097,0.9803,249.4298,8.5825,0.0000,0.041134,"0.040925;0.041134;0.041135",5.893123,169689.31,,12.03,0,6980,10,True,nid006971,57248608
SparseHNSW_a0.6_b5_p0,"M=32 efC=200 ef=20 alpha=0.6 beta=5 q=u8 seedT=8 seedH=8 seedS=4",64,0.9226934097,0.9803,249.4298,8.5825,0.0000,0.040955,"0.040955;0.040918;0.041220",5.867479,170430.96,,12.03,0,6980,10,True,nid006971,57248608
SparseHNSW_a0.6_b5_p0,"M=32 efC=200 ef=50 alpha=0.6 beta=5 q=u8 seedT=8 seedH=8 seedS=4",64,0.9226934097,0.9803,249.4298,8.5825,0.0000,0.040847,"0.040847;0.040764;0.040886",5.852006,170881.58,,12.03,0,6980,10,True,nid006971,57248608
SparseHNSW_a0.6_b5_p0,"M=32 efC=200 ef=100 alpha=0.6 beta=5 q=u8 seedT=8 seedH=8 seedS=4",64,0.9412177650,0.9913,249.4298,8.5825,0.0000,0.069689,"0.069689;0.070142;0.069661",9.984097,100159.28,,12.03,0,6980,10,True,nid006971,57248608
SparseHNSW_a0.6_b5_p0,"M=32 efC=200 ef=200 alpha=0.6 beta=5 q=u8 seedT=8 seedH=8 seedS=4",64,0.9517191977,0.9961,249.4298,8.5825,0.0000,0.124411,"0.124640;0.124411;0.124259",17.823926,56104.36,,12.03,0,6980,10,True,nid006971,57248608
SparseHNSW_a0.6_b5_p0,"M=32 efC=200 ef=400 alpha=0.6 beta=5 q=u8 seedT=8 seedH=8 seedS=4",64,0.9581518625,0.9981,249.4298,8.5825,0.0000,0.227283,"0.227283;0.226994;0.227555",32.562034,30710.61,,12.03,0,6980,10,True,nid006971,57248608
SparseHNSW_a0.6_b5_p0,"M=32 efC=200 ef=800 alpha=0.6 beta=5 q=u8 seedT=8 seedH=8 seedS=4",64,0.9625501433,0.9991,249.4298,8.5825,0.0000,0.426176,"0.426094;0.426176;0.426447",61.056734,16378.21,,12.03,0,6980,10,True,nid006971,57248608
SparseHNSW_a0.6_b5_p0,"M=32 efC=200 ef=1600 alpha=0.6 beta=5 q=u8 seedT=8 seedH=8 seedS=4",64,0.9662177650,0.9999,249.4298,8.5825,0.0000,0.821791,"0.821219;0.821791;0.822096",117.735100,8493.64,,12.03,0,6980,10,True,nid006971,57248608
SparseHNSW_a0.6_b5_p0,"M=32 efC=200 ef=3200 alpha=0.6 beta=5 q=u8 seedT=8 seedH=8 seedS=4",64,0.9689398281,1.0000,249.4298,8.5825,0.0000,1.598598,"1.598591;1.598598;1.599861",229.025501,4366.33,,12.03,0,6980,10,True,nid006971,57248608
SparseHNSW_a0.6_b6_p0,"M=32 efC=200 ef=10 alpha=0.6 beta=6 q=u8 seedT=8 seedH=8 seedS=4",64,0.9339684814,0.9849,249.4298,8.5825,0.0000,0.047317,"0.047317;0.047655;0.047013",6.778940,147515.69,,12.03,0,6980,10,True,nid006971,57248608
SparseHNSW_a0.6_b6_p0,"M=32 efC=200 ef=20 alpha=0.6 beta=6 q=u8 seedT=8 seedH=8 seedS=4",64,0.9339684814,0.9849,249.4298,8.5825,0.0000,0.047319,"0.047363;0.047312;0.047319",6.779226,147509.46,,12.03,0,6980,10,True,nid006971,57248608
SparseHNSW_a0.6_b6_p0,"M=32 efC=200 ef=50 alpha=0.6 beta=6 q=u8 seedT=8 seedH=8 seedS=4",64,0.9339684814,0.9849,249.4298,8.5825,0.0000,0.047146,"0.047423;0.047131;0.047146",6.754441,148050.74,,12.03,0,6980,10,True,nid006971,57248608
SparseHNSW_a0.6_b6_p0,"M=32 efC=200 ef=100 alpha=0.6 beta=6 q=u8 seedT=8 seedH=8 seedS=4",64,0.9462464183,0.9913,249.4298,8.5825,0.0000,0.070318,"0.070373;0.070318;0.070033",10.074212,99263.35,,12.03,0,6980,10,True,nid006971,57248608
SparseHNSW_a0.6_b6_p0,"M=32 efC=200 ef=200 alpha=0.6 beta=6 q=u8 seedT=8 seedH=8 seedS=4",64,0.9567765043,0.9961,249.4298,8.5825,0.0000,0.124897,"0.124897;0.124597;0.125165",17.893553,55886.05,,12.03,0,6980,10,True,nid006971,57248608
SparseHNSW_a0.6_b6_p0,"M=32 efC=200 ef=400 alpha=0.6 beta=6 q=u8 seedT=8 seedH=8 seedS=4",64,0.9635673352,0.9981,249.4298,8.5825,0.0000,0.227513,"0.227610;0.227513;0.227407",32.594986,30679.57,,12.03,0,6980,10,True,nid006971,57248608
SparseHNSW_a0.6_b6_p0,"M=32 efC=200 ef=800 alpha=0.6 beta=6 q=u8 seedT=8 seedH=8 seedS=4",64,0.9679799427,0.9991,249.4298,8.5825,0.0000,0.426948,"0.426948;0.426405;0.426950",61.167335,16348.60,,12.03,0,6980,10,True,nid006971,57248608
SparseHNSW_a0.6_b6_p0,"M=32 efC=200 ef=1600 alpha=0.6 beta=6 q=u8 seedT=8 seedH=8 seedS=4",64,0.9717048711,0.9999,249.4298,8.5825,0.0000,0.821959,"0.821316;0.822082;0.821959",117.759169,8491.91,,12.03,0,6980,10,True,nid006971,57248608
SparseHNSW_a0.6_b6_p0,"M=32 efC=200 ef=3200 alpha=0.6 beta=6 q=u8 seedT=8 seedH=8 seedS=4",64,0.9743982808,1.0000,249.4298,8.5825,0.0000,1.600632,"1.599211;1.600632;1.602375",229.316905,4360.78,,12.03,0,6980,10,True,nid006971,57248608
SparseHNSW_a0.6_b8_p0,"M=32 efC=200 ef=10 alpha=0.6 beta=8 q=u8 seedT=8 seedH=8 seedS=4",64,0.9465616046,0.9892,249.4298,8.5825,0.0000,0.059335,"0.059677;0.059335;0.059292",8.500716,117637.15,,12.03,0,6980,10,True,nid006971,57248608
SparseHNSW_a0.6_b8_p0,"M=32 efC=200 ef=20 alpha=0.6 beta=8 q=u8 seedT=8 seedH=8 seedS=4",64,0.9465616046,0.9892,249.4298,8.5825,0.0000,0.059068,"0.059065;0.059068;0.059665",8.462464,118168.89,,12.03,0,6980,10,True,nid006971,57248608
SparseHNSW_a0.6_b8_p0,"M=32 efC=200 ef=50 alpha=0.6 beta=8 q=u8 seedT=8 seedH=8 seedS=4",64,0.9465616046,0.9892,249.4298,8.5825,0.0000,0.059534,"0.059631;0.059534;0.059185",8.529226,117243.93,,12.03,0,6980,10,True,nid006971,57248608
SparseHNSW_a0.6_b8_p0,"M=32 efC=200 ef=100 alpha=0.6 beta=8 q=u8 seedT=8 seedH=8 seedS=4",64,0.9510458453,0.9913,249.4298,8.5825,0.0000,0.070648,"0.070536;0.070747;0.070648",10.121490,98799.68,,12.03,0,6980,10,True,nid006971,57248608
SparseHNSW_a0.6_b8_p0,"M=32 efC=200 ef=200 alpha=0.6 beta=8 q=u8 seedT=8 seedH=8 seedS=4",64,0.9619484241,0.9961,249.4298,8.5825,0.0000,0.125513,"0.125513;0.125621;0.125070",17.981805,55611.77,,12.03,0,6980,10,True,nid006971,57248608
SparseHNSW_a0.6_b8_p0,"M=32 efC=200 ef=400 alpha=0.6 beta=8 q=u8 seedT=8 seedH=8 seedS=4",64,0.9687392550,0.9981,249.4298,8.5825,0.0000,0.228423,"0.228563;0.228153;0.228423",32.725358,30557.34,,12.03,0,6980,10,True,nid006971,57248608
SparseHNSW_a0.6_b8_p0,"M=32 efC=200 ef=800 alpha=0.6 beta=8 q=u8 seedT=8 seedH=8 seedS=4",64,0.9731948424,0.9991,249.4298,8.5825,0.0000,0.427134,"0.426513;0.427134;0.427466",61.193983,16341.48,,12.03,0,6980,10,True,nid006971,57248608
SparseHNSW_a0.6_b8_p0,"M=32 efC=200 ef=1600 alpha=0.6 beta=8 q=u8 seedT=8 seedH=8 seedS=4",64,0.9770343840,0.9999,249.4298,8.5825,0.0000,0.821436,"0.820463;0.821436;0.821676",117.684241,8497.31,,12.03,0,6980,10,True,nid006971,57248608
SparseHNSW_a0.6_b8_p0,"M=32 efC=200 ef=3200 alpha=0.6 beta=8 q=u8 seedT=8 seedH=8 seedS=4",64,0.9797564470,1.0000,249.4298,8.5825,0.0000,1.602238,"1.602367;1.601398;1.602238",229.546991,4356.41,,12.03,0,6980,10,True,nid006971,57248608
SparseHNSW_a0.6_b1_p64,"M=32 efC=200 ef=10 alpha=0.6 beta=1 q=u8 seedT=8 seedH=8 seedS=4 pat=64",64,0.7189541547,0.5998,249.4298,8.5825,0.0000,0.028483,"0.028658;0.028483;0.028296",4.080659,245058.46,,12.03,0,6980,10,True,nid006971,57248608
SparseHNSW_a0.6_b1_p64,"M=32 efC=200 ef=20 alpha=0.6 beta=1 q=u8 seedT=8 seedH=8 seedS=4 pat=64",64,0.7189541547,0.5998,249.4298,8.5825,0.0000,0.028140,"0.028153;0.028140;0.028041",4.031519,248045.49,,12.03,0,6980,10,True,nid006971,57248608
SparseHNSW_a0.6_b1_p64,"M=32 efC=200 ef=50 alpha=0.6 beta=1 q=u8 seedT=8 seedH=8 seedS=4 pat=64",64,0.7326361032,0.6123,249.4298,8.5825,0.0000,0.039361,"0.039343;0.039361;0.039388",5.639112,177332.89,,12.03,0,6980,10,True,nid006971,57248608
SparseHNSW_a0.6_b1_p64,"M=32 efC=200 ef=100 alpha=0.6 beta=1 q=u8 seedT=8 seedH=8 seedS=4 pat=64",64,0.7431661891,0.6187,249.4298,8.5825,0.0000,0.056783,"0.056699;0.056827;0.056783",8.135100,122924.11,,12.03,0,6980,10,True,nid006971,57248608
SparseHNSW_a0.6_b1_p64,"M=32 efC=200 ef=200 alpha=0.6 beta=1 q=u8 seedT=8 seedH=8 seedS=4 pat=64",64,0.7450000000,0.6199,249.4298,8.5825,0.0000,0.059554,"0.059496;0.059554;0.059585",8.532092,117204.55,,12.03,0,6980,10,True,nid006971,57248608
SparseHNSW_a0.6_b1_p64,"M=32 efC=200 ef=400 alpha=0.6 beta=1 q=u8 seedT=8 seedH=8 seedS=4 pat=64",64,0.7450000000,0.6199,249.4298,8.5825,0.0000,0.061129,"0.061070;0.061129;0.061361",8.757736,114184.76,,12.03,0,6980,10,True,nid006971,57248608
SparseHNSW_a0.6_b1_p64,"M=32 efC=200 ef=800 alpha=0.6 beta=1 q=u8 seedT=8 seedH=8 seedS=4 pat=64",64,0.7450000000,0.6199,249.4298,8.5825,0.0000,0.064092,"0.064235;0.064089;0.064092",9.182235,108905.95,,12.03,0,6980,10,True,nid006971,57248608
SparseHNSW_a0.6_b1_p64,"M=32 efC=200 ef=1600 alpha=0.6 beta=1 q=u8 seedT=8 seedH=8 seedS=4 pat=64",64,0.7450000000,0.6199,249.4298,8.5825,0.0000,0.068036,"0.068076;0.068036;0.067919",9.747278,102592.75,,12.03,0,6980,10,True,nid006971,57248608
SparseHNSW_a0.6_b1_p64,"M=32 efC=200 ef=3200 alpha=0.6 beta=1 q=u8 seedT=8 seedH=8 seedS=4 pat=64",64,0.7450000000,0.6199,249.4298,8.5825,0.0000,0.069535,"0.069461;0.069535;0.069893",9.962034,100381.10,,12.03,0,6980,10,True,nid006971,57248608
SparseHNSW_a0.6_b2_p64,"M=32 efC=200 ef=10 alpha=0.6 beta=2 q=u8 seedT=8 seedH=8 seedS=4 pat=64",64,0.8499713467,0.9683,249.4298,8.5825,0.0000,0.029321,"0.029429;0.029321;0.029111",4.200716,238054.64,,12.03,0,6980,10,True,nid006971,57248608
SparseHNSW_a0.6_b2_p64,"M=32 efC=200 ef=20 alpha=0.6 beta=2 q=u8 seedT=8 seedH=8 seedS=4 pat=64",64,0.8499713467,0.9683,249.4298,8.5825,0.0000,0.029007,"0.029027;0.029007;0.028971",4.155731,240631.57,,12.03,0,6980,10,True,nid006971,57248608
SparseHNSW_a0.6_b2_p64,"M=32 efC=200 ef=50 alpha=0.6 beta=2 q=u8 seedT=8 seedH=8 seedS=4 pat=64",64,0.8676934097,0.9802,249.4298,8.5825,0.0000,0.040241,"0.040097;0.040241;0.040269",5.765186,173454.93,,12.03,0,6980,10,True,nid006971,57248608
SparseHNSW_a0.6_b2_p64,"M=32 efC=200 ef=100 alpha=0.6 beta=2 q=u8 seedT=8 seedH=8 seedS=4 pat=64",64,0.8824785100,0.9909,249.4298,8.5825,0.0000,0.062491,"0.062244;0.062562;0.062491",8.952865,111696.08,,12.03,0,6980,10,True,nid006971,57248608
SparseHNSW_a0.6_b2_p64,"M=32 efC=200 ef=200 alpha=0.6 beta=2 q=u8 seedT=8 seedH=8 seedS=4 pat=64",64,0.8863180516,0.9936,249.4298,8.5825,0.0000,0.068215,"0.068143;0.068215;0.068217",9.772923,102323.54,,12.03,0,6980,10,True,nid006971,57248608
SparseHNSW_a0.6_b2_p64,"M=32 efC=200 ef=400 alpha=0.6 beta=2 q=u8 seedT=8 seedH=8 seedS=4 pat=64",64,0.8863610315,0.9936,249.4298,8.5825,0.0000,0.069797,"0.069826;0.069797;0.069624",9.999570,100004.30,,12.03,0,6980,10,True,nid006971,57248608
SparseHNSW_a0.6_b2_p64,"M=32 efC=200 ef=800 alpha=0.6 beta=2 q=u8 seedT=8 seedH=8 seedS=4 pat=64",64,0.8863610315,0.9936,249.4298,8.5825,0.0000,0.072876,"0.072816;0.073000;0.072876",10.440688,95779.13,,12.03,0,6980,10,True,nid006971,57248608
SparseHNSW_a0.6_b2_p64,"M=32 efC=200 ef=1600 alpha=0.6 beta=2 q=u8 seedT=8 seedH=8 seedS=4 pat=64",64,0.8863610315,0.9936,249.4298,8.5825,0.0000,0.076836,"0.077143;0.076836;0.076668",11.008023,90842.83,,12.03,0,6980,10,True,nid006971,57248608
SparseHNSW_a0.6_b2_p64,"M=32 efC=200 ef=3200 alpha=0.6 beta=2 q=u8 seedT=8 seedH=8 seedS=4 pat=64",64,0.8863610315,0.9936,249.4298,8.5825,0.0000,0.079039,"0.079121;0.079039;0.078802",11.323639,88310.83,,12.03,0,6980,10,True,nid006971,57248608
SparseHNSW_a0.6_b3_p64,"M=32 efC=200 ef=10 alpha=0.6 beta=3 q=u8 seedT=8 seedH=8 seedS=4 pat=64",64,0.8817478510,0.9684,249.4298,8.5825,0.0000,0.029644,"0.029644;0.029720;0.029529",4.246991,235460.80,,12.03,0,6980,10,True,nid006971,57248608
SparseHNSW_a0.6_b3_p64,"M=32 efC=200 ef=20 alpha=0.6 beta=3 q=u8 seedT=8 seedH=8 seedS=4 pat=64",64,0.8817478510,0.9684,249.4298,8.5825,0.0000,0.029409,"0.029409;0.029540;0.029366",4.213324,237342.31,,12.03,0,6980,10,True,nid006971,57248608
SparseHNSW_a0.6_b3_p64,"M=32 efC=200 ef=50 alpha=0.6 beta=3 q=u8 seedT=8 seedH=8 seedS=4 pat=64",64,0.9008022923,0.9803,249.4298,8.5825,0.0000,0.040420,"0.040420;0.040592;0.040335",5.790831,172686.79,,12.03,0,6980,10,True,nid006971,57248608
SparseHNSW_a0.6_b3_p64,"M=32 efC=200 ef=100 alpha=0.6 beta=3 q=u8 seedT=8 seedH=8 seedS=4 pat=64",64,0.9177650430,0.9912,249.4298,8.5825,0.0000,0.065986,"0.065907;0.066204;0.065986",9.453582,105780.01,,12.03,0,6980,10,True,nid006971,57248608
SparseHNSW_a0.6_b3_p64,"M=32 efC=200 ef=200 alpha=0.6 beta=3 q=u8 seedT=8 seedH=8 seedS=4 pat=64",64,0.9232951289,0.9946,249.4298,8.5825,0.0000,0.075613,"0.075613;0.075605;0.075786",10.832808,92312.17,,12.03,0,6980,10,True,nid006971,57248608
SparseHNSW_a0.6_b3_p64,"M=32 efC=200 ef=400 alpha=0.6 beta=3 q=u8 seedT=8 seedH=8 seedS=4 pat=64",64,0.9234097421,0.9946,249.4298,8.5825,0.0000,0.077651,"0.077651;0.077738;0.077626",11.124785,89889.38,,12.03,0,6980,10,True,nid006971,57248608
SparseHNSW_a0.6_b3_p64,"M=32 efC=200 ef=800 alpha=0.6 beta=3 q=u8 seedT=8 seedH=8 seedS=4 pat=64",64,0.9234097421,0.9946,249.4298,8.5825,0.0000,0.080962,"0.080878;0.081073;0.080962",11.599140,86213.29,,12.03,0,6980,10,True,nid006971,57248608
SparseHNSW_a0.6_b3_p64,"M=32 efC=200 ef=1600 alpha=0.6 beta=3 q=u8 seedT=8 seedH=8 seedS=4 pat=64",64,0.9234097421,0.9946,249.4298,8.5825,0.0000,0.085430,"0.085365;0.085430;0.085579",12.239255,81704.32,,12.03,0,6980,10,True,nid006971,57248608
SparseHNSW_a0.6_b3_p64,"M=32 efC=200 ef=3200 alpha=0.6 beta=3 q=u8 seedT=8 seedH=8 seedS=4 pat=64",64,0.9234097421,0.9946,249.4298,8.5825,0.0000,0.088405,"0.088512;0.088405;0.088372",12.665473,78954.81,,12.03,0,6980,10,True,nid006971,57248608
SparseHNSW_a0.6_b4_p64,"M=32 efC=200 ef=10 alpha=0.6 beta=4 q=u8 seedT=8 seedH=8 seedS=4 pat=64",64,0.9061461318,0.9749,249.4298,8.5825,0.0000,0.034660,"0.034640;0.034746;0.034660",4.965616,201384.88,,12.03,0,6980,10,True,nid006971,57248608
SparseHNSW_a0.6_b4_p64,"M=32 efC=200 ef=20 alpha=0.6 beta=4 q=u8 seedT=8 seedH=8 seedS=4 pat=64",64,0.9061461318,0.9749,249.4298,8.5825,0.0000,0.034502,"0.034350;0.034502;0.034670",4.942980,202307.11,,12.03,0,6980,10,True,nid006971,57248608
SparseHNSW_a0.6_b4_p64,"M=32 efC=200 ef=50 alpha=0.6 beta=4 q=u8 seedT=8 seedH=8 seedS=4 pat=64",64,0.9152435530,0.9803,249.4298,8.5825,0.0000,0.040700,"0.040661;0.040700;0.040882",5.830946,171498.77,,12.03,0,6980,10,True,nid006971,57248608
SparseHNSW_a0.6_b4_p64,"M=32 efC=200 ef=100 alpha=0.6 beta=4 q=u8 seedT=8 seedH=8 seedS=4 pat=64",64,0.9332521490,0.9913,249.4298,8.5825,0.0000,0.068452,"0.068391;0.068452;0.068463",9.806877,101969.26,,12.03,0,6980,10,True,nid006971,57248608
SparseHNSW_a0.6_b4_p64,"M=32 efC=200 ef=200 alpha=0.6 beta=4 q=u8 seedT=8 seedH=8 seedS=4 pat=64",64,0.9400429799,0.9950,249.4298,8.5825,0.0000,0.082638,"0.082763;0.082638;0.082573",11.839255,84464.77,,12.03,0,6980,10,True,nid006971,57248608
SparseHNSW_a0.6_b4_p64,"M=32 efC=200 ef=400 alpha=0.6 beta=4 q=u8 seedT=8 seedH=8 seedS=4 pat=64",64,0.9404297994,0.9951,249.4298,8.5825,0.0000,0.085821,"0.085755;0.085821;0.086017",12.295272,81332.07,,12.03,0,6980,10,True,nid006971,57248608
SparseHNSW_a0.6_b4_p64,"M=32 efC=200 ef=800 alpha=0.6 beta=4 q=u8 seedT=8 seedH=8 seedS=4 pat=64",64,0.9404297994,0.9951,249.4298,8.5825,0.0000,0.089503,"0.089503;0.089564;0.089120",12.822779,77986.21,,12.03,0,6980,10,True,nid006971,57248608
SparseHNSW_a0.6_b4_p64,"M=32 efC=200 ef=1600 alpha=0.6 beta=4 q=u8 seedT=8 seedH=8 seedS=4 pat=64",64,0.9404297994,0.9951,249.4298,8.5825,0.0000,0.093946,"0.094372;0.093946;0.093814",13.459312,74298.00,,12.03,0,6980,10,True,nid006971,57248608
SparseHNSW_a0.6_b4_p64,"M=32 efC=200 ef=3200 alpha=0.6 beta=4 q=u8 seedT=8 seedH=8 seedS=4 pat=64",64,0.9404297994,0.9951,249.4298,8.5825,0.0000,0.097362,"0.096841;0.097978;0.097362",13.948711,71691.21,,12.03,0,6980,10,True,nid006971,57248608
SparseHNSW_a0.6_b5_p64,"M=32 efC=200 ef=10 alpha=0.6 beta=5 q=u8 seedT=8 seedH=8 seedS=4 pat=64",64,0.9226934097,0.9803,249.4298,8.5825,0.0000,0.041179,"0.041179;0.041154;0.041251",5.899570,169503.87,,12.03,0,6980,10,True,nid006971,57248608
SparseHNSW_a0.6_b5_p64,"M=32 efC=200 ef=20 alpha=0.6 beta=5 q=u8 seedT=8 seedH=8 seedS=4 pat=64",64,0.9226934097,0.9803,249.4298,8.5825,0.0000,0.041133,"0.041133;0.040993;0.041158",5.892980,169693.43,,12.03,0,6980,10,True,nid006971,57248608
SparseHNSW_a0.6_b5_p64,"M=32 efC=200 ef=50 alpha=0.6 beta=5 q=u8 seedT=8 seedH=8 seedS=4 pat=64",64,0.9226934097,0.9803,249.4298,8.5825,0.0000,0.041179,"0.041038;0.041262;0.041179",5.899570,169503.87,,12.03,0,6980,10,True,nid006971,57248608
SparseHNSW_a0.6_b5_p64,"M=32 efC=200 ef=100 alpha=0.6 beta=5 q=u8 seedT=8 seedH=8 seedS=4 pat=64",64,0.9412034384,0.9913,249.4298,8.5825,0.0000,0.069869,"0.069967;0.069506;0.069869",10.009885,99901.24,,12.03,0,6980,10,True,nid006971,57248608
SparseHNSW_a0.6_b5_p64,"M=32 efC=200 ef=200 alpha=0.6 beta=5 q=u8 seedT=8 seedH=8 seedS=4 pat=64",64,0.9485100287,0.9950,249.4298,8.5825,0.0000,0.089414,"0.089414;0.089364;0.089808",12.810029,78063.84,,12.03,0,6980,10,True,nid006971,57248608
SparseHNSW_a0.6_b5_p64,"M=32 efC=200 ef=400 alpha=0.6 beta=5 q=u8 seedT=8 seedH=8 seedS=4 pat=64",64,0.9489971347,0.9951,249.4298,8.5825,0.0000,0.093378,"0.092989;0.093423;0.093378",13.377937,74749.94,,12.03,0,6980,10,True,nid006971,57248608
SparseHNSW_a0.6_b5_p64,"M=32 efC=200 ef=800 alpha=0.6 beta=5 q=u8 seedT=8 seedH=8 seedS=4 pat=64",64,0.9489971347,0.9951,249.4298,8.5825,0.0000,0.096717,"0.096717;0.096717;0.096299",13.856304,72169.32,,12.03,0,6980,10,True,nid006971,57248608
SparseHNSW_a0.6_b5_p64,"M=32 efC=200 ef=1600 alpha=0.6 beta=5 q=u8 seedT=8 seedH=8 seedS=4 pat=64",64,0.9489971347,0.9951,249.4298,8.5825,0.0000,0.101664,"0.101727;0.101664;0.101524",14.565043,68657.54,,12.03,0,6980,10,True,nid006971,57248608
SparseHNSW_a0.6_b5_p64,"M=32 efC=200 ef=3200 alpha=0.6 beta=5 q=u8 seedT=8 seedH=8 seedS=4 pat=64",64,0.9489971347,0.9951,249.4298,8.5825,0.0000,0.104282,"0.104232;0.104989;0.104282",14.940115,66933.89,,12.03,0,6980,10,True,nid006971,57248608
SparseHNSW_a0.6_b6_p64,"M=32 efC=200 ef=10 alpha=0.6 beta=6 q=u8 seedT=8 seedH=8 seedS=4 pat=64",64,0.9339684814,0.9849,249.4298,8.5825,0.0000,0.047159,"0.047081;0.047881;0.047159",6.756304,148009.92,,12.03,0,6980,10,True,nid006971,57248608
SparseHNSW_a0.6_b6_p64,"M=32 efC=200 ef=20 alpha=0.6 beta=6 q=u8 seedT=8 seedH=8 seedS=4 pat=64",64,0.9339684814,0.9849,249.4298,8.5825,0.0000,0.047667,"0.047330;0.047667;0.047778",6.829083,146432.54,,12.03,0,6980,10,True,nid006971,57248608
SparseHNSW_a0.6_b6_p64,"M=32 efC=200 ef=50 alpha=0.6 beta=6 q=u8 seedT=8 seedH=8 seedS=4 pat=64",64,0.9339684814,0.9849,249.4298,8.5825,0.0000,0.047518,"0.047518;0.047695;0.047297",6.807736,146891.70,,12.03,0,6980,10,True,nid006971,57248608
SparseHNSW_a0.6_b6_p64,"M=32 efC=200 ef=100 alpha=0.6 beta=6 q=u8 seedT=8 seedH=8 seedS=4 pat=64",64,0.9462464183,0.9913,249.4298,8.5825,0.0000,0.070735,"0.070950;0.070735;0.070102",10.133954,98678.16,,12.03,0,6980,10,True,nid006971,57248608
SparseHNSW_a0.6_b6_p64,"M=32 efC=200 ef=200 alpha=0.6 beta=6 q=u8 seedT=8 seedH=8 seedS=4 pat=64",64,0.9543839542,0.9953,249.4298,8.5825,0.0000,0.095280,"0.095274;0.095280;0.095453",13.650430,73257.77,,12.03,0,6980,10,True,nid006971,57248608
SparseHNSW_a0.6_b6_p64,"M=32 efC=200 ef=400 alpha=0.6 beta=6 q=u8 seedT=8 seedH=8 seedS=4 pat=64",64,0.9551719198,0.9954,249.4298,8.5825,0.0000,0.100827,"0.100827;0.100948;0.100438",14.445129,69227.49,,12.03,0,6980,10,True,nid006971,57248608
SparseHNSW_a0.6_b6_p64,"M=32 efC=200 ef=800 alpha=0.6 beta=6 q=u8 seedT=8 seedH=8 seedS=4 pat=64",64,0.9551719198,0.9954,249.4298,8.5825,0.0000,0.104299,"0.104033;0.104371;0.104299",14.942550,66922.98,,12.03,0,6980,10,True,nid006971,57248608
SparseHNSW_a0.6_b6_p64,"M=32 efC=200 ef=1600 alpha=0.6 beta=6 q=u8 seedT=8 seedH=8 seedS=4 pat=64",64,0.9551719198,0.9954,249.4298,8.5825,0.0000,0.108990,"0.109087;0.108494;0.108990",15.614613,64042.57,,12.03,0,6980,10,True,nid006971,57248608
SparseHNSW_a0.6_b6_p64,"M=32 efC=200 ef=3200 alpha=0.6 beta=6 q=u8 seedT=8 seedH=8 seedS=4 pat=64",64,0.9551719198,0.9954,249.4298,8.5825,0.0000,0.113180,"0.113003;0.113180;0.113247",16.214900,61671.67,,12.03,0,6980,10,True,nid006971,57248608
SparseHNSW_a0.6_b8_p64,"M=32 efC=200 ef=10 alpha=0.6 beta=8 q=u8 seedT=8 seedH=8 seedS=4 pat=64",64,0.9465616046,0.9892,249.4298,8.5825,0.0000,0.059740,"0.059885;0.059562;0.059740",8.558739,116839.64,,12.03,0,6980,10,True,nid006971,57248608
SparseHNSW_a0.6_b8_p64,"M=32 efC=200 ef=20 alpha=0.6 beta=8 q=u8 seedT=8 seedH=8 seedS=4 pat=64",64,0.9465616046,0.9892,249.4298,8.5825,0.0000,0.059549,"0.059615;0.059549;0.059494",8.531375,117214.39,,12.03,0,6980,10,True,nid006971,57248608
SparseHNSW_a0.6_b8_p64,"M=32 efC=200 ef=50 alpha=0.6 beta=8 q=u8 seedT=8 seedH=8 seedS=4 pat=64",64,0.9465616046,0.9892,249.4298,8.5825,0.0000,0.059733,"0.059525;0.059759;0.059733",8.557736,116853.33,,12.03,0,6980,10,True,nid006971,57248608
SparseHNSW_a0.6_b8_p64,"M=32 efC=200 ef=100 alpha=0.6 beta=8 q=u8 seedT=8 seedH=8 seedS=4 pat=64",64,0.9510458453,0.9913,249.4298,8.5825,0.0000,0.071003,"0.071049;0.071003;0.070989",10.172350,98305.71,,12.03,0,6980,10,True,nid006971,57248608
SparseHNSW_a0.6_b8_p64,"M=32 efC=200 ef=200 alpha=0.6 beta=8 q=u8 seedT=8 seedH=8 seedS=4 pat=64",64,0.9603008596,0.9953,249.4298,8.5825,0.0000,0.106868,"0.106868;0.106764;0.106892",15.310602,65314.22,,12.03,0,6980,10,True,nid006971,57248608
SparseHNSW_a0.6_b8_p64,"M=32 efC=200 ef=400 alpha=0.6 beta=8 q=u8 seedT=8 seedH=8 seedS=4 pat=64",64,0.9619914040,0.9958,249.4298,8.5825,0.0000,0.115464,"0.115717;0.115464;0.115306",16.542120,60451.74,,12.03,0,6980,10,True,nid006971,57248608
SparseHNSW_a0.6_b8_p64,"M=32 efC=200 ef=800 alpha=0.6 beta=8 q=u8 seedT=8 seedH=8 seedS=4 pat=64",64,0.9620343840,0.9958,249.4298,8.5825,0.0000,0.119011,"0.119071;0.118781;0.119011",17.050287,58650.04,,12.03,0,6980,10,True,nid006971,57248608
SparseHNSW_a0.6_b8_p64,"M=32 efC=200 ef=1600 alpha=0.6 beta=8 q=u8 seedT=8 seedH=8 seedS=4 pat=64",64,0.9620343840,0.9958,249.4298,8.5825,0.0000,0.124307,"0.123784;0.124307;0.124478",17.809026,56151.30,,12.03,0,6980,10,True,nid006971,57248608
SparseHNSW_a0.6_b8_p64,"M=32 efC=200 ef=3200 alpha=0.6 beta=8 q=u8 seedT=8 seedH=8 seedS=4 pat=64",64,0.9620343840,0.9958,249.4298,8.5825,0.0000,0.129087,"0.129395;0.129087;0.128810",18.493840,54072.06,,12.03,0,6980,10,True,nid006971,57248608
SparseHNSW_a0.6_b1_p128,"M=32 efC=200 ef=10 alpha=0.6 beta=1 q=u8 seedT=8 seedH=8 seedS=4 pat=128",64,0.7189541547,0.5998,249.4298,8.5825,0.0000,0.028510,"0.028756;0.028510;0.028380",4.084527,244826.38,,12.03,0,6980,10,True,nid006971,57248608
SparseHNSW_a0.6_b1_p128,"M=32 efC=200 ef=20 alpha=0.6 beta=1 q=u8 seedT=8 seedH=8 seedS=4 pat=128",64,0.7189541547,0.5998,249.4298,8.5825,0.0000,0.028061,"0.028103;0.028028;0.028061",4.020201,248743.81,,12.03,0,6980,10,True,nid006971,57248608
SparseHNSW_a0.6_b1_p128,"M=32 efC=200 ef=50 alpha=0.6 beta=1 q=u8 seedT=8 seedH=8 seedS=4 pat=128",64,0.7326361032,0.6123,249.4298,8.5825,0.0000,0.039445,"0.039445;0.039349;0.039485",5.651146,176955.25,,12.03,0,6980,10,True,nid006971,57248608
SparseHNSW_a0.6_b1_p128,"M=32 efC=200 ef=100 alpha=0.6 beta=1 q=u8 seedT=8 seedH=8 seedS=4 pat=128",64,0.7450716332,0.6209,249.4298,8.5825,0.0000,0.068890,"0.068626;0.069062;0.068890",9.869628,101320.95,,12.03,0,6980,10,True,nid006971,57248608
SparseHNSW_a0.6_b1_p128,"M=32 efC=200 ef=200 alpha=0.6 beta=1 q=u8 seedT=8 seedH=8 seedS=4 pat=128",64,0.7503438395,0.6244,249.4298,8.5825,0.0000,0.096132,"0.096213;0.096132;0.096014",13.772493,72608.50,,12.03,0,6980,10,True,nid006971,57248608
SparseHNSW_a0.6_b1_p128,"M=32 efC=200 ef=400 alpha=0.6 beta=1 q=u8 seedT=8 seedH=8 seedS=4 pat=128",64,0.7506876791,0.6245,249.4298,8.5825,0.0000,0.099457,"0.099457;0.099511;0.099297",14.248854,70181.08,,12.03,0,6980,10,True,nid006971,57248608
SparseHNSW_a0.6_b1_p128,"M=32 efC=200 ef=800 alpha=0.6 beta=1 q=u8 seedT=8 seedH=8 seedS=4 pat=128",64,0.7506876791,0.6245,249.4298,8.5825,0.0000,0.102652,"0.103013;0.102551;0.102652",14.706590,67996.73,,12.03,0,6980,10,True,nid006971,57248608
SparseHNSW_a0.6_b1_p128,"M=32 efC=200 ef=1600 alpha=0.6 beta=1 q=u8 seedT=8 seedH=8 seedS=4 pat=128",64,0.7506876791,0.6245,249.4298,8.5825,0.0000,0.107952,"0.107968;0.107688;0.107952",15.465903,64658.37,,12.03,0,6980,10,True,nid006971,57248608
SparseHNSW_a0.6_b1_p128,"M=32 efC=200 ef=3200 alpha=0.6 beta=1 q=u8 seedT=8 seedH=8 seedS=4 pat=128",64,0.7506876791,0.6245,249.4298,8.5825,0.0000,0.112843,"0.113354;0.112843;0.112219",16.166619,61855.85,,12.03,0,6980,10,True,nid006971,57248608
SparseHNSW_a0.6_b2_p128,"M=32 efC=200 ef=10 alpha=0.6 beta=2 q=u8 seedT=8 seedH=8 seedS=4 pat=128",64,0.8499713467,0.9683,249.4298,8.5825,0.0000,0.029339,"0.029347;0.029339;0.029237",4.203295,237908.59,,12.03,0,6980,10,True,nid006971,57248608
SparseHNSW_a0.6_b2_p128,"M=32 efC=200 ef=20 alpha=0.6 beta=2 q=u8 seedT=8 seedH=8 seedS=4 pat=128",64,0.8499713467,0.9683,249.4298,8.5825,0.0000,0.029096,"0.029205;0.029027;0.029096",4.168481,239895.52,,12.03,0,6980,10,True,nid006971,57248608
SparseHNSW_a0.6_b2_p128,"M=32 efC=200 ef=50 alpha=0.6 beta=2 q=u8 seedT=8 seedH=8 seedS=4 pat=128",64,0.8676934097,0.9802,249.4298,8.5825,0.0000,0.040257,"0.040257;0.040258;0.040183",5.767479,173385.99,,12.03,0,6980,10,True,nid006971,57248608
SparseHNSW_a0.6_b2_p128,"M=32 efC=200 ef=100 alpha=0.6 beta=2 q=u8 seedT=8 seedH=8 seedS=4 pat=128",64,0.8833810888,0.9913,249.4298,8.5825,0.0000,0.069713,"0.069713;0.069307;0.069776",9.987536,100124.80,,12.03,0,6980,10,True,nid006971,57248608
SparseHNSW_a0.6_b2_p128,"M=32 efC=200 ef=200 alpha=0.6 beta=2 q=u8 seedT=8 seedH=8 seedS=4 pat=128",64,0.8912893983,0.9960,249.4298,8.5825,0.0000,0.103151,"0.103151;0.103074;0.103187",14.778080,67667.79,,12.03,0,6980,10,True,nid006971,57248608
SparseHNSW_a0.6_b2_p128,"M=32 efC=200 ef=400 alpha=0.6 beta=2 q=u8 seedT=8 seedH=8 seedS=4 pat=128",64,0.8923638968,0.9963,249.4298,8.5825,0.0000,0.109913,"0.109868;0.109913;0.110119",15.746848,63504.77,,12.03,0,6980,10,True,nid006971,57248608
SparseHNSW_a0.6_b2_p128,"M=32 efC=200 ef=800 alpha=0.6 beta=2 q=u8 seedT=8 seedH=8 seedS=4 pat=128",64,0.8924068768,0.9963,249.4298,8.5825,0.0000,0.113575,"0.113575;0.113708;0.113430",16.271490,61457.19,,12.03,0,6980,10,True,nid006971,57248608
SparseHNSW_a0.6_b2_p128,"M=32 efC=200 ef=1600 alpha=0.6 beta=2 q=u8 seedT=8 seedH=8 seedS=4 pat=128",64,0.8924068768,0.9963,249.4298,8.5825,0.0000,0.118649,"0.118774;0.118469;0.118649",16.998424,58828.98,,12.03,0,6980,10,True,nid006971,57248608
SparseHNSW_a0.6_b2_p128,"M=32 efC=200 ef=3200 alpha=0.6 beta=2 q=u8 seedT=8 seedH=8 seedS=4 pat=128",64,0.8924068768,0.9963,249.4298,8.5825,0.0000,0.124202,"0.124042;0.124202;0.124202",17.793983,56198.77,,12.03,0,6980,10,True,nid006971,57248608
SparseHNSW_a0.6_b3_p128,"M=32 efC=200 ef=10 alpha=0.6 beta=3 q=u8 seedT=8 seedH=8 seedS=4 pat=128",64,0.8817478510,0.9684,249.4298,8.5825,0.0000,0.029703,"0.029766;0.029703;0.029684",4.255444,234993.10,,12.03,0,6980,10,True,nid006971,57248608
SparseHNSW_a0.6_b3_p128,"M=32 efC=200 ef=20 alpha=0.6 beta=3 q=u8 seedT=8 seedH=8 seedS=4 pat=128",64,0.8817478510,0.9684,249.4298,8.5825,0.0000,0.029431,"0.029431;0.029455;0.029425",4.216476,237164.89,,12.03,0,6980,10,True,nid006971,57248608
SparseHNSW_a0.6_b3_p128,"M=32 efC=200 ef=50 alpha=0.6 beta=3 q=u8 seedT=8 seedH=8 seedS=4 pat=128",64,0.9008022923,0.9803,249.4298,8.5825,0.0000,0.040596,"0.040629;0.040596;0.040344",5.816046,171938.12,,12.03,0,6980,10,True,nid006971,57248608
SparseHNSW_a0.6_b3_p128,"M=32 efC=200 ef=100 alpha=0.6 beta=3 q=u8 seedT=8 seedH=8 seedS=4 pat=128",64,0.9180659026,0.9913,249.4298,8.5825,0.0000,0.069733,"0.069578;0.070079;0.069733",9.990401,100096.08,,12.03,0,6980,10,True,nid006971,57248608
SparseHNSW_a0.6_b3_p128,"M=32 efC=200 ef=200 alpha=0.6 beta=3 q=u8 seedT=8 seedH=8 seedS=4 pat=128",64,0.9271489971,0.9961,249.4298,8.5825,0.0000,0.108990,"0.108990;0.109035;0.108805",15.614613,64042.57,,12.03,0,6980,10,True,nid006971,57248608
SparseHNSW_a0.6_b3_p128,"M=32 efC=200 ef=400 alpha=0.6 beta=3 q=u8 seedT=8 seedH=8 seedS=4 pat=128",64,0.9289971347,0.9966,249.4298,8.5825,0.0000,0.119483,"0.119317;0.119499;0.119483",17.117908,58418.35,,12.03,0,6980,10,True,nid006971,57248608
SparseHNSW_a0.6_b3_p128,"M=32 efC=200 ef=800 alpha=0.6 beta=3 q=u8 seedT=8 seedH=8 seedS=4 pat=128",64,0.9290687679,0.9966,249.4298,8.5825,0.0000,0.123729,"0.123924;0.123627;0.123729",17.726218,56413.61,,12.03,0,6980,10,True,nid006971,57248608
SparseHNSW_a0.6_b3_p128,"M=32 efC=200 ef=1600 alpha=0.6 beta=3 q=u8 seedT=8 seedH=8 seedS=4 pat=128",64,0.9290687679,0.9966,249.4298,8.5825,0.0000,0.128301,"0.128301;0.128482;0.128133",18.381232,54403.32,,12.03,0,6980,10,True,nid006971,57248608
SparseHNSW_a0.6_b3_p128,"M=32 efC=200 ef=3200 alpha=0.6 beta=3 q=u8 seedT=8 seedH=8 seedS=4 pat=128",64,0.9290687679,0.9966,249.4298,8.5825,0.0000,0.134464,"0.134837;0.134464;0.134182",19.264183,51909.80,,12.03,0,6980,10,True,nid006971,57248608
SparseHNSW_a0.6_b4_p128,"M=32 efC=200 ef=10 alpha=0.6 beta=4 q=u8 seedT=8 seedH=8 seedS=4 pat=128",64,0.9061461318,0.9749,249.4298,8.5825,0.0000,0.034751,"0.034752;0.034632;0.034751",4.978653,200857.53,,12.03,0,6980,10,True,nid006971,57248608
SparseHNSW_a0.6_b4_p128,"M=32 efC=200 ef=20 alpha=0.6 beta=4 q=u8 seedT=8 seedH=8 seedS=4 pat=128",64,0.9061461318,0.9749,249.4298,8.5825,0.0000,0.034465,"0.034646;0.034407;0.034465",4.937679,202524.30,,12.03,0,6980,10,True,nid006971,57248608
SparseHNSW_a0.6_b4_p128,"M=32 efC=200 ef=50 alpha=0.6 beta=4 q=u8 seedT=8 seedH=8 seedS=4 pat=128",64,0.9152435530,0.9803,249.4298,8.5825,0.0000,0.040742,"0.040742;0.040639;0.040952",5.836963,171321.98,,12.03,0,6980,10,True,nid006971,57248608
SparseHNSW_a0.6_b4_p128,"M=32 efC=200 ef=100 alpha=0.6 beta=4 q=u8 seedT=8 seedH=8 seedS=4 pat=128",64,0.9333237822,0.9913,249.4298,8.5825,0.0000,0.069909,"0.069671;0.069949;0.069909",10.015616,99844.08,,12.03,0,6980,10,True,nid006971,57248608
SparseHNSW_a0.6_b4_p128,"M=32 efC=200 ef=200 alpha=0.6 beta=4 q=u8 seedT=8 seedH=8 seedS=4 pat=128",64,0.9431805158,0.9961,249.4298,8.5825,0.0000,0.113683,"0.113850;0.113683;0.113560",16.286963,61398.80,,12.03,0,6980,10,True,nid006971,57248608
SparseHNSW_a0.6_b4_p128,"M=32 efC=200 ef=400 alpha=0.6 beta=4 q=u8 seedT=8 seedH=8 seedS=4 pat=128",64,0.9456590258,0.9967,249.4298,8.5825,0.0000,0.128888,"0.128888;0.128969;0.128752",18.465330,54155.55,,12.03,0,6980,10,True,nid006971,57248608
SparseHNSW_a0.6_b4_p128,"M=32 efC=200 ef=800 alpha=0.6 beta=4 q=u8 seedT=8 seedH=8 seedS=4 pat=128",64,0.9457593123,0.9967,249.4298,8.5825,0.0000,0.133256,"0.133256;0.133103;0.133644",19.091117,52380.38,,12.03,0,6980,10,True,nid006971,57248608
SparseHNSW_a0.6_b4_p128,"M=32 efC=200 ef=1600 alpha=0.6 beta=4 q=u8 seedT=8 seedH=8 seedS=4 pat=128",64,0.9457593123,0.9967,249.4298,8.5825,0.0000,0.138351,"0.138351;0.138305;0.138642",19.821060,50451.39,,12.03,0,6980,10,True,nid006971,57248608
SparseHNSW_a0.6_b4_p128,"M=32 efC=200 ef=3200 alpha=0.6 beta=4 q=u8 seedT=8 seedH=8 seedS=4 pat=128",64,0.9457593123,0.9967,249.4298,8.5825,0.0000,0.144209,"0.144176;0.144209;0.144671",20.660315,48401.97,,12.03,0,6980,10,True,nid006971,57248608
SparseHNSW_a0.6_b5_p128,"M=32 efC=200 ef=10 alpha=0.6 beta=5 q=u8 seedT=8 seedH=8 seedS=4 pat=128",64,0.9226934097,0.9803,249.4298,8.5825,0.0000,0.041090,"0.041083;0.041133;0.041090",5.886819,169871.01,,12.03,0,6980,10,True,nid006971,57248608
SparseHNSW_a0.6_b5_p128,"M=32 efC=200 ef=20 alpha=0.6 beta=5 q=u8 seedT=8 seedH=8 seedS=4 pat=128",64,0.9226934097,0.9803,249.4298,8.5825,0.0000,0.041197,"0.041316;0.041135;0.041197",5.902149,169429.81,,12.03,0,6980,10,True,nid006971,57248608
SparseHNSW_a0.6_b5_p128,"M=32 efC=200 ef=50 alpha=0.6 beta=5 q=u8 seedT=8 seedH=8 seedS=4 pat=128",64,0.9226934097,0.9803,249.4298,8.5825,0.0000,0.041148,"0.041148;0.041177;0.041089",5.895129,169631.57,,12.03,0,6980,10,True,nid006971,57248608
SparseHNSW_a0.6_b5_p128,"M=32 efC=200 ef=100 alpha=0.6 beta=5 q=u8 seedT=8 seedH=8 seedS=4 pat=128",64,0.9412177650,0.9913,249.4298,8.5825,0.0000,0.070309,"0.070309;0.070162;0.070343",10.072923,99276.05,,12.03,0,6980,10,True,nid006971,57248608
SparseHNSW_a0.6_b5_p128,"M=32 efC=200 ef=200 alpha=0.6 beta=5 q=u8 seedT=8 seedH=8 seedS=4 pat=128",64,0.9515186246,0.9961,249.4298,8.5825,0.0000,0.117414,"0.117242;0.117414;0.117568",16.821490,59447.77,,12.03,0,6980,10,True,nid006971,57248608
SparseHNSW_a0.6_b5_p128,"M=32 efC=200 ef=400 alpha=0.6 beta=5 q=u8 seedT=8 seedH=8 seedS=4 pat=128",64,0.9543123209,0.9968,249.4298,8.5825,0.0000,0.137431,"0.137431;0.137525;0.136993",19.689255,50789.12,,12.03,0,6980,10,True,nid006971,57248608
SparseHNSW_a0.6_b5_p128,"M=32 efC=200 ef=800 alpha=0.6 beta=5 q=u8 seedT=8 seedH=8 seedS=4 pat=128",64,0.9545272206,0.9968,249.4298,8.5825,0.0000,0.143071,"0.142467;0.143421;0.143071",20.497278,48786.97,,12.03,0,6980,10,True,nid006971,57248608
SparseHNSW_a0.6_b5_p128,"M=32 efC=200 ef=1600 alpha=0.6 beta=5 q=u8 seedT=8 seedH=8 seedS=4 pat=128",64,0.9545272206,0.9968,249.4298,8.5825,0.0000,0.147748,"0.147748;0.146743;0.148123",21.167335,47242.60,,12.03,0,6980,10,True,nid006971,57248608
SparseHNSW_a0.6_b5_p128,"M=32 efC=200 ef=3200 alpha=0.6 beta=5 q=u8 seedT=8 seedH=8 seedS=4 pat=128",64,0.9545272206,0.9968,249.4298,8.5825,0.0000,0.153683,"0.153683;0.153270;0.154040",22.017622,45418.17,,12.03,0,6980,10,True,nid006971,57248608
SparseHNSW_a0.6_b6_p128,"M=32 efC=200 ef=10 alpha=0.6 beta=6 q=u8 seedT=8 seedH=8 seedS=4 pat=128",64,0.9339684814,0.9849,249.4298,8.5825,0.0000,0.047536,"0.047536;0.047333;0.047771",6.810315,146836.08,,12.03,0,6980,10,True,nid006971,57248608
SparseHNSW_a0.6_b6_p128,"M=32 efC=200 ef=20 alpha=0.6 beta=6 q=u8 seedT=8 seedH=8 seedS=4 pat=128",64,0.9339684814,0.9849,249.4298,8.5825,0.0000,0.047361,"0.047268;0.047585;0.047361",6.785244,147378.64,,12.03,0,6980,10,True,nid006971,57248608
SparseHNSW_a0.6_b6_p128,"M=32 efC=200 ef=50 alpha=0.6 beta=6 q=u8 seedT=8 seedH=8 seedS=4 pat=128",64,0.9339684814,0.9849,249.4298,8.5825,0.0000,0.047658,"0.047435;0.047804;0.047658",6.827794,146460.20,,12.03,0,6980,10,True,nid006971,57248608
SparseHNSW_a0.6_b6_p128,"M=32 efC=200 ef=100 alpha=0.6 beta=6 q=u8 seedT=8 seedH=8 seedS=4 pat=128",64,0.9462464183,0.9913,249.4298,8.5825,0.0000,0.070151,"0.070016;0.070530;0.070151",10.050287,99499.65,,12.03,0,6980,10,True,nid006971,57248608
SparseHNSW_a0.6_b6_p128,"M=32 efC=200 ef=200 alpha=0.6 beta=6 q=u8 seedT=8 seedH=8 seedS=4 pat=128",64,0.9565616046,0.9961,249.4298,8.5825,0.0000,0.120405,"0.120160;0.120492;0.120405",17.250000,57971.01,,12.03,0,6980,10,True,nid006971,57248608
SparseHNSW_a0.6_b6_p128,"M=32 efC=200 ef=400 alpha=0.6 beta=6 q=u8 seedT=8 seedH=8 seedS=4 pat=128",64,0.9600143266,0.9971,249.4298,8.5825,0.0000,0.145173,"0.145672;0.145173;0.144979",20.798424,48080.57,,12.03,0,6980,10,True,nid006971,57248608
SparseHNSW_a0.6_b6_p128,"M=32 efC=200 ef=800 alpha=0.6 beta=6 q=u8 seedT=8 seedH=8 seedS=4 pat=128",64,0.9603438395,0.9971,249.4298,8.5825,0.0000,0.152314,"0.152314;0.151804;0.152345",21.821490,45826.38,,12.03,0,6980,10,True,nid006971,57248608
SparseHNSW_a0.6_b6_p128,"M=32 efC=200 ef=1600 alpha=0.6 beta=6 q=u8 seedT=8 seedH=8 seedS=4 pat=128",64,0.9603438395,0.9971,249.4298,8.5825,0.0000,0.157104,"0.157295;0.157104;0.157103",22.507736,44429.17,,12.03,0,6980,10,True,nid006971,57248608
SparseHNSW_a0.6_b6_p128,"M=32 efC=200 ef=3200 alpha=0.6 beta=6 q=u8 seedT=8 seedH=8 seedS=4 pat=128",64,0.9603438395,0.9971,249.4298,8.5825,0.0000,0.162858,"0.162858;0.162885;0.162542",23.332092,42859.42,,12.03,0,6980,10,True,nid006971,57248608
SparseHNSW_a0.6_b8_p128,"M=32 efC=200 ef=10 alpha=0.6 beta=8 q=u8 seedT=8 seedH=8 seedS=4 pat=128",64,0.9465616046,0.9892,249.4298,8.5825,0.0000,0.059592,"0.059319;0.059592;0.059672",8.537536,117129.82,,12.03,0,6980,10,True,nid006971,57248608
SparseHNSW_a0.6_b8_p128,"M=32 efC=200 ef=20 alpha=0.6 beta=8 q=u8 seedT=8 seedH=8 seedS=4 pat=128",64,0.9465616046,0.9892,249.4298,8.5825,0.0000,0.059629,"0.059629;0.059826;0.059623",8.542837,117057.14,,12.03,0,6980,10,True,nid006971,57248608
SparseHNSW_a0.6_b8_p128,"M=32 efC=200 ef=50 alpha=0.6 beta=8 q=u8 seedT=8 seedH=8 seedS=4 pat=128",64,0.9465616046,0.9892,249.4298,8.5825,0.0000,0.059560,"0.059560;0.059594;0.059363",8.532951,117192.75,,12.03,0,6980,10,True,nid006971,57248608
SparseHNSW_a0.6_b8_p128,"M=32 efC=200 ef=100 alpha=0.6 beta=8 q=u8 seedT=8 seedH=8 seedS=4 pat=128",64,0.9510458453,0.9913,249.4298,8.5825,0.0000,0.071035,"0.071433;0.071035;0.071003",10.176934,98261.42,,12.03,0,6980,10,True,nid006971,57248608
SparseHNSW_a0.6_b8_p128,"M=32 efC=200 ef=200 alpha=0.6 beta=8 q=u8 seedT=8 seedH=8 seedS=4 pat=128",64,0.9618624642,0.9961,249.4298,8.5825,0.0000,0.125485,"0.125466;0.125485;0.125796",17.977794,55624.18,,12.03,0,6980,10,True,nid006971,57248608
SparseHNSW_a0.6_b8_p128,"M=32 efC=200 ef=400 alpha=0.6 beta=8 q=u8 seedT=8 seedH=8 seedS=4 pat=128",64,0.9659742120,0.9973,249.4298,8.5825,0.0000,0.161027,"0.160839;0.161735;0.161027",23.069771,43346.77,,12.03,0,6980,10,True,nid006971,57248608
SparseHNSW_a0.6_b8_p128,"M=32 efC=200 ef=800 alpha=0.6 beta=8 q=u8 seedT=8 seedH=8 seedS=4 pat=128",64,0.9665902579,0.9973,249.4298,8.5825,0.0000,0.170887,"0.170732;0.170887;0.171065",24.482378,40845.71,,12.03,0,6980,10,True,nid006971,57248608
SparseHNSW_a0.6_b8_p128,"M=32 efC=200 ef=1600 alpha=0.6 beta=8 q=u8 seedT=8 seedH=8 seedS=4 pat=128",64,0.9666762178,0.9973,249.4298,8.5825,0.0000,0.176521,"0.176825;0.176521;0.176304",25.289542,39542.04,,12.03,0,6980,10,True,nid006971,57248608
SparseHNSW_a0.6_b8_p128,"M=32 efC=200 ef=3200 alpha=0.6 beta=8 q=u8 seedT=8 seedH=8 seedS=4 pat=128",64,0.9666762178,0.9973,249.4298,8.5825,0.0000,0.181318,"0.180906;0.181318;0.181839",25.976791,38495.90,,12.03,0,6980,10,True,nid006971,57248608
SparseHNSW_a0.6_b1_p256,"M=32 efC=200 ef=10 alpha=0.6 beta=1 q=u8 seedT=8 seedH=8 seedS=4 pat=256",64,0.7189541547,0.5998,249.4298,8.5825,0.0000,0.028502,"0.028710;0.028502;0.028376",4.083381,244895.10,,12.03,0,6980,10,True,nid006971,57248608
SparseHNSW_a0.6_b1_p256,"M=32 efC=200 ef=20 alpha=0.6 beta=1 q=u8 seedT=8 seedH=8 seedS=4 pat=256",64,0.7189541547,0.5998,249.4298,8.5825,0.0000,0.028087,"0.028198;0.028087;0.028038",4.023926,248513.55,,12.03,0,6980,10,True,nid006971,57248608
SparseHNSW_a0.6_b1_p256,"M=32 efC=200 ef=50 alpha=0.6 beta=1 q=u8 seedT=8 seedH=8 seedS=4 pat=256",64,0.7326361032,0.6123,249.4298,8.5825,0.0000,0.039447,"0.039633;0.039269;0.039447",5.651433,176946.28,,12.03,0,6980,10,True,nid006971,57248608
SparseHNSW_a0.6_b1_p256,"M=32 efC=200 ef=100 alpha=0.6 beta=1 q=u8 seedT=8 seedH=8 seedS=4 pat=256",64,0.7450716332,0.6209,249.4298,8.5825,0.0000,0.068854,"0.068900;0.068760;0.068854",9.864470,101373.92,,12.03,0,6980,10,True,nid006971,57248608
SparseHNSW_a0.6_b1_p256,"M=32 efC=200 ef=200 alpha=0.6 beta=1 q=u8 seedT=8 seedH=8 seedS=4 pat=256",64,0.7516762178,0.6265,249.4298,8.5825,0.0000,0.123864,"0.123865;0.123617;0.123864",17.745559,56352.13,,12.03,0,6980,10,True,nid006971,57248608
SparseHNSW_a0.6_b1_p256,"M=32 efC=200 ef=400 alpha=0.6 beta=1 q=u8 seedT=8 seedH=8 seedS=4 pat=256",64,0.7545272206,0.6299,249.4298,8.5825,0.0000,0.168277,"0.168276;0.168362;0.168277",24.108453,41479.23,,12.03,0,6980,10,True,nid006971,57248608
SparseHNSW_a0.6_b1_p256,"M=32 efC=200 ef=800 alpha=0.6 beta=1 q=u8 seedT=8 seedH=8 seedS=4 pat=256",64,0.7549426934,0.6304,249.4298,8.5825,0.0000,0.175144,"0.175144;0.175138;0.175542",25.092264,39852.92,,12.03,0,6980,10,True,nid006971,57248608
SparseHNSW_a0.6_b1_p256,"M=32 efC=200 ef=1600 alpha=0.6 beta=1 q=u8 seedT=8 seedH=8 seedS=4 pat=256",64,0.7549426934,0.6304,249.4298,8.5825,0.0000,0.180400,"0.180379;0.180400;0.180805",25.845272,38691.80,,12.03,0,6980,10,True,nid006971,57248608
SparseHNSW_a0.6_b1_p256,"M=32 efC=200 ef=3200 alpha=0.6 beta=1 q=u8 seedT=8 seedH=8 seedS=4 pat=256",64,0.7549426934,0.6304,249.4298,8.5825,0.0000,0.186243,"0.186218;0.186475;0.186243",26.682378,37477.92,,12.03,0,6980,10,True,nid006971,57248608
SparseHNSW_a0.6_b2_p256,"M=32 efC=200 ef=10 alpha=0.6 beta=2 q=u8 seedT=8 seedH=8 seedS=4 pat=256",64,0.8499713467,0.9683,249.4298,8.5825,0.0000,0.029210,"0.029495;0.029197;0.029210",4.184814,238959.26,,12.03,0,6980,10,True,nid006971,57248608
SparseHNSW_a0.6_b2_p256,"M=32 efC=200 ef=20 alpha=0.6 beta=2 q=u8 seedT=8 seedH=8 seedS=4 pat=256",64,0.8499713467,0.9683,249.4298,8.5825,0.0000,0.029015,"0.029015;0.029043;0.028958",4.156877,240565.22,,12.03,0,6980,10,True,nid006971,57248608
SparseHNSW_a0.6_b2_p256,"M=32 efC=200 ef=50 alpha=0.6 beta=2 q=u8 seedT=8 seedH=8 seedS=4 pat=256",64,0.8676934097,0.9802,249.4298,8.5825,0.0000,0.040312,"0.040349;0.040312;0.040296",5.775358,173149.43,,12.03,0,6980,10,True,nid006971,57248608
SparseHNSW_a0.6_b2_p256,"M=32 efC=200 ef=100 alpha=0.6 beta=2 q=u8 seedT=8 seedH=8 seedS=4 pat=256",64,0.8833810888,0.9913,249.4298,8.5825,0.0000,0.069627,"0.069374;0.069627;0.069689",9.975215,100248.47,,12.03,0,6980,10,True,nid006971,57248608
SparseHNSW_a0.6_b2_p256,"M=32 efC=200 ef=200 alpha=0.6 beta=2 q=u8 seedT=8 seedH=8 seedS=4 pat=256",64,0.8921919771,0.9961,249.4298,8.5825,0.0000,0.124366,"0.124519;0.124303;0.124366",17.817479,56124.66,,12.03,0,6980,10,True,nid006971,57248608
SparseHNSW_a0.6_b2_p256,"M=32 efC=200 ef=400 alpha=0.6 beta=2 q=u8 seedT=8 seedH=8 seedS=4 pat=256",64,0.8964756447,0.9976,249.4298,8.5825,0.0000,0.177035,"0.176745;0.177702;0.177035",25.363181,39427.23,,12.03,0,6980,10,True,nid006971,57248608
SparseHNSW_a0.6_b2_p256,"M=32 efC=200 ef=800 alpha=0.6 beta=2 q=u8 seedT=8 seedH=8 seedS=4 pat=256",64,0.8972349570,0.9977,249.4298,8.5825,0.0000,0.187511,"0.187505;0.187946;0.187511",26.864040,37224.48,,12.03,0,6980,10,True,nid006971,57248608
SparseHNSW_a0.6_b2_p256,"M=32 efC=200 ef=1600 alpha=0.6 beta=2 q=u8 seedT=8 seedH=8 seedS=4 pat=256",64,0.8972636103,0.9977,249.4298,8.5825,0.0000,0.193488,"0.193595;0.193488;0.193345",27.720344,36074.59,,12.03,0,6980,10,True,nid006971,57248608
SparseHNSW_a0.6_b2_p256,"M=32 efC=200 ef=3200 alpha=0.6 beta=2 q=u8 seedT=8 seedH=8 seedS=4 pat=256",64,0.8972636103,0.9977,249.4298,8.5825,0.0000,0.199159,"0.199275;0.199159;0.199122",28.532808,35047.37,,12.03,0,6980,10,True,nid006971,57248608
SparseHNSW_a0.6_b3_p256,"M=32 efC=200 ef=10 alpha=0.6 beta=3 q=u8 seedT=8 seedH=8 seedS=4 pat=256",64,0.8817478510,0.9684,249.4298,8.5825,0.0000,0.029701,"0.029772;0.029701;0.029488",4.255158,235008.92,,12.03,0,6980,10,True,nid006971,57248608
SparseHNSW_a0.6_b3_p256,"M=32 efC=200 ef=20 alpha=0.6 beta=3 q=u8 seedT=8 seedH=8 seedS=4 pat=256",64,0.8817478510,0.9684,249.4298,8.5825,0.0000,0.029498,"0.029400;0.029498;0.029498",4.226074,236626.21,,12.03,0,6980,10,True,nid006971,57248608
SparseHNSW_a0.6_b3_p256,"M=32 efC=200 ef=50 alpha=0.6 beta=3 q=u8 seedT=8 seedH=8 seedS=4 pat=256",64,0.9008022923,0.9803,249.4298,8.5825,0.0000,0.040500,"0.040500;0.040726;0.040449",5.802292,172345.68,,12.03,0,6980,10,True,nid006971,57248608
SparseHNSW_a0.6_b3_p256,"M=32 efC=200 ef=100 alpha=0.6 beta=3 q=u8 seedT=8 seedH=8 seedS=4 pat=256",64,0.9180659026,0.9913,249.4298,8.5825,0.0000,0.069617,"0.069521;0.069617;0.069754",9.973782,100262.87,,12.03,0,6980,10,True,nid006971,57248608
SparseHNSW_a0.6_b3_p256,"M=32 efC=200 ef=200 alpha=0.6 beta=3 q=u8 seedT=8 seedH=8 seedS=4 pat=256",64,0.9276647564,0.9961,249.4298,8.5825,0.0000,0.124445,"0.124231;0.124549;0.124445",17.828797,56089.04,,12.03,0,6980,10,True,nid006971,57248608
SparseHNSW_a0.6_b3_p256,"M=32 efC=200 ef=400 alpha=0.6 beta=3 q=u8 seedT=8 seedH=8 seedS=4 pat=256",64,0.9326790831,0.9977,249.4298,8.5825,0.0000,0.185367,"0.185761;0.185367;0.185278",26.556877,37655.03,,12.03,0,6980,10,True,nid006971,57248608
SparseHNSW_a0.6_b3_p256,"M=32 efC=200 ef=800 alpha=0.6 beta=3 q=u8 seedT=8 seedH=8 seedS=4 pat=256",64,0.9337679083,0.9979,249.4298,8.5825,0.0000,0.200917,"0.201531;0.200869;0.200917",28.784670,34740.71,,12.03,0,6980,10,True,nid006971,57248608
SparseHNSW_a0.6_b3_p256,"M=32 efC=200 ef=1600 alpha=0.6 beta=3 q=u8 seedT=8 seedH=8 seedS=4 pat=256",64,0.9339111748,0.9979,249.4298,8.5825,0.0000,0.207508,"0.207684;0.207508;0.206892",29.728940,33637.26,,12.03,0,6980,10,True,nid006971,57248608
SparseHNSW_a0.6_b3_p256,"M=32 efC=200 ef=3200 alpha=0.6 beta=3 q=u8 seedT=8 seedH=8 seedS=4 pat=256",64,0.9339111748,0.9979,249.4298,8.5825,0.0000,0.212774,"0.212177;0.213355;0.212774",30.483381,32804.76,,12.03,0,6980,10,True,nid006971,57248608
SparseHNSW_a0.6_b4_p256,"M=32 efC=200 ef=10 alpha=0.6 beta=4 q=u8 seedT=8 seedH=8 seedS=4 pat=256",64,0.9061461318,0.9749,249.4298,8.5825,0.0000,0.034612,"0.034673;0.034612;0.034489",4.958739,201664.16,,12.03,0,6980,10,True,nid006971,57248608
SparseHNSW_a0.6_b4_p256,"M=32 efC=200 ef=20 alpha=0.6 beta=4 q=u8 seedT=8 seedH=8 seedS=4 pat=256",64,0.9061461318,0.9749,249.4298,8.5825,0.0000,0.034496,"0.034496;0.034414;0.034522",4.942120,202342.30,,12.03,0,6980,10,True,nid006971,57248608
SparseHNSW_a0.6_b4_p256,"M=32 efC=200 ef=50 alpha=0.6 beta=4 q=u8 seedT=8 seedH=8 seedS=4 pat=256",64,0.9152435530,0.9803,249.4298,8.5825,0.0000,0.040823,"0.040823;0.040829;0.040713",5.848567,170982.04,,12.03,0,6980,10,True,nid006971,57248608
SparseHNSW_a0.6_b4_p256,"M=32 efC=200 ef=100 alpha=0.6 beta=4 q=u8 seedT=8 seedH=8 seedS=4 pat=256",64,0.9333237822,0.9913,249.4298,8.5825,0.0000,0.070147,"0.070147;0.070432;0.070109",10.049713,99505.32,,12.03,0,6980,10,True,nid006971,57248608
SparseHNSW_a0.6_b4_p256,"M=32 efC=200 ef=200 alpha=0.6 beta=4 q=u8 seedT=8 seedH=8 seedS=4 pat=256",64,0.9436389685,0.9961,249.4298,8.5825,0.0000,0.124933,"0.124517;0.124933;0.125083",17.898711,55869.95,,12.03,0,6980,10,True,nid006971,57248608
SparseHNSW_a0.6_b4_p256,"M=32 efC=200 ef=400 alpha=0.6 beta=4 q=u8 seedT=8 seedH=8 seedS=4 pat=256",64,0.9489684814,0.9977,249.4298,8.5825,0.0000,0.192599,"0.192599;0.192903;0.192475",27.592980,36241.10,,12.03,0,6980,10,True,nid006971,57248608
SparseHNSW_a0.6_b4_p256,"M=32 efC=200 ef=800 alpha=0.6 beta=4 q=u8 seedT=8 seedH=8 seedS=4 pat=256",64,0.9502148997,0.9979,249.4298,8.5825,0.0000,0.212212,"0.212212;0.211801;0.212222",30.402865,32891.64,,12.03,0,6980,10,True,nid006971,57248608
SparseHNSW_a0.6_b4_p256,"M=32 efC=200 ef=1600 alpha=0.6 beta=4 q=u8 seedT=8 seedH=8 seedS=4 pat=256",64,0.9503724928,0.9979,249.4298,8.5825,0.0000,0.219605,"0.219348;0.219605;0.220035",31.462034,31784.34,,12.03,0,6980,10,True,nid006971,57248608
SparseHNSW_a0.6_b4_p256,"M=32 efC=200 ef=3200 alpha=0.6 beta=4 q=u8 seedT=8 seedH=8 seedS=4 pat=256",64,0.9503724928,0.9979,249.4298,8.5825,0.0000,0.225392,"0.225706;0.225003;0.225392",32.291117,30968.27,,12.03,0,6980,10,True,nid006971,57248608
SparseHNSW_a0.6_b5_p256,"M=32 efC=200 ef=10 alpha=0.6 beta=5 q=u8 seedT=8 seedH=8 seedS=4 pat=256",64,0.9226934097,0.9803,249.4298,8.5825,0.0000,0.041206,"0.041016;0.041302;0.041206",5.903438,169392.81,,12.03,0,6980,10,True,nid006971,57248608
SparseHNSW_a0.6_b5_p256,"M=32 efC=200 ef=20 alpha=0.6 beta=5 q=u8 seedT=8 seedH=8 seedS=4 pat=256",64,0.9226934097,0.9803,249.4298,8.5825,0.0000,0.041114,"0.041246;0.041114;0.040876",5.890258,169771.85,,12.03,0,6980,10,True,nid006971,57248608
SparseHNSW_a0.6_b5_p256,"M=32 efC=200 ef=50 alpha=0.6 beta=5 q=u8 seedT=8 seedH=8 seedS=4 pat=256",64,0.9226934097,0.9803,249.4298,8.5825,0.0000,0.041137,"0.041137;0.041294;0.041118",5.893553,169676.93,,12.03,0,6980,10,True,nid006971,57248608
SparseHNSW_a0.6_b5_p256,"M=32 efC=200 ef=100 alpha=0.6 beta=5 q=u8 seedT=8 seedH=8 seedS=4 pat=256",64,0.9412177650,0.9913,249.4298,8.5825,0.0000,0.070373,"0.070516;0.070373;0.070048",10.082092,99185.77,,12.03,0,6980,10,True,nid006971,57248608
SparseHNSW_a0.6_b5_p256,"M=32 efC=200 ef=200 alpha=0.6 beta=5 q=u8 seedT=8 seedH=8 seedS=4 pat=256",64,0.9517191977,0.9961,249.4298,8.5825,0.0000,0.125023,"0.125023;0.124980;0.125187",17.911605,55829.73,,12.03,0,6980,10,True,nid006971,57248608
SparseHNSW_a0.6_b5_p256,"M=32 efC=200 ef=400 alpha=0.6 beta=5 q=u8 seedT=8 seedH=8 seedS=4 pat=256",64,0.9574785100,0.9979,249.4298,8.5825,0.0000,0.198888,"0.199253;0.198888;0.198795",28.493983,35095.13,,12.03,0,6980,10,True,nid006971,57248608
SparseHNSW_a0.6_b5_p256,"M=32 efC=200 ef=800 alpha=0.6 beta=5 q=u8 seedT=8 seedH=8 seedS=4 pat=256",64,0.9591690544,0.9980,249.4298,8.5825,0.0000,0.224764,"0.224764;0.224712;0.224841",32.201146,31054.80,,12.03,0,6980,10,True,nid006971,57248608
SparseHNSW_a0.6_b5_p256,"M=32 efC=200 ef=1600 alpha=0.6 beta=5 q=u8 seedT=8 seedH=8 seedS=4 pat=256",64,0.9593553009,0.9980,249.4298,8.5825,0.0000,0.232459,"0.232459;0.232368;0.232930",33.303582,30026.80,,12.03,0,6980,10,True,nid006971,57248608
SparseHNSW_a0.6_b5_p256,"M=32 efC=200 ef=3200 alpha=0.6 beta=5 q=u8 seedT=8 seedH=8 seedS=4 pat=256",64,0.9593553009,0.9980,249.4298,8.5825,0.0000,0.238562,"0.238562;0.238911;0.237558",34.177937,29258.64,,12.03,0,6980,10,True,nid006971,57248608
SparseHNSW_a0.6_b6_p256,"M=32 efC=200 ef=10 alpha=0.6 beta=6 q=u8 seedT=8 seedH=8 seedS=4 pat=256",64,0.9339684814,0.9849,249.4298,8.5825,0.0000,0.047444,"0.047289;0.047494;0.047444",6.797135,147120.82,,12.03,0,6980,10,True,nid006971,57248608
SparseHNSW_a0.6_b6_p256,"M=32 efC=200 ef=20 alpha=0.6 beta=6 q=u8 seedT=8 seedH=8 seedS=4 pat=256",64,0.9339684814,0.9849,249.4298,8.5825,0.0000,0.047370,"0.047370;0.047659;0.047354",6.786533,147350.64,,12.03,0,6980,10,True,nid006971,57248608
SparseHNSW_a0.6_b6_p256,"M=32 efC=200 ef=50 alpha=0.6 beta=6 q=u8 seedT=8 seedH=8 seedS=4 pat=256",64,0.9339684814,0.9849,249.4298,8.5825,0.0000,0.047355,"0.047674;0.047355;0.047354",6.784384,147397.32,,12.03,0,6980,10,True,nid006971,57248608
SparseHNSW_a0.6_b6_p256,"M=32 efC=200 ef=100 alpha=0.6 beta=6 q=u8 seedT=8 seedH=8 seedS=4 pat=256",64,0.9462464183,0.9913,249.4298,8.5825,0.0000,0.070346,"0.070092;0.070417;0.070346",10.078223,99223.84,,12.03,0,6980,10,True,nid006971,57248608
SparseHNSW_a0.6_b6_p256,"M=32 efC=200 ef=200 alpha=0.6 beta=6 q=u8 seedT=8 seedH=8 seedS=4 pat=256",64,0.9567765043,0.9961,249.4298,8.5825,0.0000,0.125608,"0.125677;0.125608;0.125233",17.995415,55569.71,,12.03,0,6980,10,True,nid006971,57248608
SparseHNSW_a0.6_b6_p256,"M=32 efC=200 ef=400 alpha=0.6 beta=6 q=u8 seedT=8 seedH=8 seedS=4 pat=256",64,0.9628796562,0.9979,249.4298,8.5825,0.0000,0.204618,"0.204436;0.204810;0.204618",29.314900,34112.35,,12.03,0,6980,10,True,nid006971,57248608
SparseHNSW_a0.6_b6_p256,"M=32 efC=200 ef=800 alpha=0.6 beta=6 q=u8 seedT=8 seedH=8 seedS=4 pat=256",64,0.9648567335,0.9981,249.4298,8.5825,0.0000,0.237579,"0.237579;0.238078;0.237506",34.037106,29379.70,,12.03,0,6980,10,True,nid006971,57248608
SparseHNSW_a0.6_b6_p256,"M=32 efC=200 ef=1600 alpha=0.6 beta=6 q=u8 seedT=8 seedH=8 seedS=4 pat=256",64,0.9650716332,0.9981,249.4298,8.5825,0.0000,0.248998,"0.248750;0.248998;0.249303",35.673066,28032.35,,12.03,0,6980,10,True,nid006971,57248608
SparseHNSW_a0.6_b6_p256,"M=32 efC=200 ef=3200 alpha=0.6 beta=6 q=u8 seedT=8 seedH=8 seedS=4 pat=256",64,0.9650716332,0.9981,249.4298,8.5825,0.0000,0.255141,"0.255080;0.255141;0.256079",36.553152,27357.42,,12.03,0,6980,10,True,nid006971,57248608
SparseHNSW_a0.6_b8_p256,"M=32 efC=200 ef=10 alpha=0.6 beta=8 q=u8 seedT=8 seedH=8 seedS=4 pat=256",64,0.9465616046,0.9892,249.4298,8.5825,0.0000,0.059342,"0.059262;0.059342;0.059377",8.501719,117623.27,,12.03,0,6980,10,True,nid006971,57248608
SparseHNSW_a0.6_b8_p256,"M=32 efC=200 ef=20 alpha=0.6 beta=8 q=u8 seedT=8 seedH=8 seedS=4 pat=256",64,0.9465616046,0.9892,249.4298,8.5825,0.0000,0.059774,"0.059929;0.059566;0.059774",8.563610,116773.18,,12.03,0,6980,10,True,nid006971,57248608
SparseHNSW_a0.6_b8_p256,"M=32 efC=200 ef=50 alpha=0.6 beta=8 q=u8 seedT=8 seedH=8 seedS=4 pat=256",64,0.9465616046,0.9892,249.4298,8.5825,0.0000,0.059513,"0.059900;0.059458;0.059513",8.526218,117285.30,,12.03,0,6980,10,True,nid006971,57248608
SparseHNSW_a0.6_b8_p256,"M=32 efC=200 ef=100 alpha=0.6 beta=8 q=u8 seedT=8 seedH=8 seedS=4 pat=256",64,0.9510458453,0.9913,249.4298,8.5825,0.0000,0.071093,"0.071093;0.071500;0.070855",10.185244,98181.26,,12.03,0,6980,10,True,nid006971,57248608
SparseHNSW_a0.6_b8_p256,"M=32 efC=200 ef=200 alpha=0.6 beta=8 q=u8 seedT=8 seedH=8 seedS=4 pat=256",64,0.9619484241,0.9961,249.4298,8.5825,0.0000,0.126769,"0.126709;0.126945;0.126769",18.161748,55060.78,,12.03,0,6980,10,True,nid006971,57248608
SparseHNSW_a0.6_b8_p256,"M=32 efC=200 ef=400 alpha=0.6 beta=8 q=u8 seedT=8 seedH=8 seedS=4 pat=256",64,0.9684097421,0.9980,249.4298,8.5825,0.0000,0.213767,"0.213023;0.213767;0.214047",30.625645,32652.37,,12.03,0,6980,10,True,nid006971,57248608
SparseHNSW_a0.6_b8_p256,"M=32 efC=200 ef=800 alpha=0.6 beta=8 q=u8 seedT=8 seedH=8 seedS=4 pat=256",64,0.9708882521,0.9986,249.4298,8.5825,0.0000,0.259456,"0.259456;0.259172;0.260116",37.171347,26902.44,,12.03,0,6980,10,True,nid006971,57248608
SparseHNSW_a0.6_b8_p256,"M=32 efC=200 ef=1600 alpha=0.6 beta=8 q=u8 seedT=8 seedH=8 seedS=4 pat=256",64,0.9712464183,0.9986,249.4298,8.5825,0.0000,0.273944,"0.273785;0.274175;0.273944",39.246991,25479.66,,12.03,0,6980,10,True,nid006971,57248608
SparseHNSW_a0.6_b8_p256,"M=32 efC=200 ef=3200 alpha=0.6 beta=8 q=u8 seedT=8 seedH=8 seedS=4 pat=256",64,0.9712464183,0.9986,249.4298,8.5825,0.0000,0.280283,"0.280283;0.280539;0.280219",40.155158,24903.40,,12.03,0,6980,10,True,nid006971,57248608
SparseHNSW_a0.7_b1_p0,"M=32 efC=200 ef=10 alpha=0.7 beta=1 q=u8 seedT=8 seedH=8 seedS=4",64,0.7800859599,0.6368,301.2147,2.7132,0.0000,0.027653,"0.027653;0.027875;0.027560",3.961748,252413.84,,12.21,0,6980,10,True,nid006971,57248608
SparseHNSW_a0.7_b1_p0,"M=32 efC=200 ef=20 alpha=0.7 beta=1 q=u8 seedT=8 seedH=8 seedS=4",64,0.7800859599,0.6368,301.2147,2.7132,0.0000,0.027352,"0.027349;0.027352;0.027429",3.918625,255191.58,,12.21,0,6980,10,True,nid006971,57248608
SparseHNSW_a0.7_b1_p0,"M=32 efC=200 ef=50 alpha=0.7 beta=1 q=u8 seedT=8 seedH=8 seedS=4",64,0.7945988539,0.6503,301.2147,2.7132,0.0000,0.038106,"0.038576;0.038106;0.037966",5.459312,183173.25,,12.21,0,6980,10,True,nid006971,57248608
SparseHNSW_a0.7_b1_p0,"M=32 efC=200 ef=100 alpha=0.7 beta=1 q=u8 seedT=8 seedH=8 seedS=4",64,0.8079942693,0.6630,301.2147,2.7132,0.0000,0.066447,"0.066373;0.066877;0.066447",9.519628,105046.13,,12.21,0,6980,10,True,nid006971,57248608
SparseHNSW_a0.7_b1_p0,"M=32 efC=200 ef=200 alpha=0.7 beta=1 q=u8 seedT=8 seedH=8 seedS=4",64,0.8167335244,0.6715,301.2147,2.7132,0.0000,0.118859,"0.118301;0.118913;0.118859",17.028510,58725.04,,12.21,0,6980,10,True,nid006971,57248608
SparseHNSW_a0.7_b1_p0,"M=32 efC=200 ef=400 alpha=0.7 beta=1 q=u8 seedT=8 seedH=8 seedS=4",64,0.8228510029,0.6782,301.2147,2.7132,0.0000,0.215119,"0.215437;0.215119;0.214897",30.819341,32447.16,,12.21,0,6980,10,True,nid006971,57248608
SparseHNSW_a0.7_b1_p0,"M=32 efC=200 ef=800 alpha=0.7 beta=1 q=u8 seedT=8 seedH=8 seedS=4",64,0.8257163324,0.6814,301.2147,2.7132,0.0000,0.403214,"0.403277;0.402374;0.403214",57.767049,17310.91,,12.21,0,6980,10,True,nid006971,57248608
SparseHNSW_a0.7_b1_p0,"M=32 efC=200 ef=1600 alpha=0.7 beta=1 q=u8 seedT=8 seedH=8 seedS=4",64,0.8282378223,0.6846,301.2147,2.7132,0.0000,0.777998,"0.777998;0.778341;0.777789",111.461032,8971.75,,12.21,0,6980,10,True,nid006971,57248608
SparseHNSW_a0.7_b1_p0,"M=32 efC=200 ef=3200 alpha=0.7 beta=1 q=u8 seedT=8 seedH=8 seedS=4",64,0.8300859599,0.6874,301.2147,2.7132,0.0000,1.517892,"1.520113;1.516271;1.517892",217.463037,4598.48,,12.28,0,6980,10,True,nid006971,57248608
SparseHNSW_a0.7_b2_p0,"M=32 efC=200 ef=10 alpha=0.7 beta=2 q=u8 seedT=8 seedH=8 seedS=4",64,0.8898424069,0.9701,301.2147,2.7132,0.0000,0.028301,"0.028301;0.028486;0.028195",4.054585,246634.39,,12.28,0,6980,10,True,nid006971,57248608
SparseHNSW_a0.7_b2_p0,"M=32 efC=200 ef=20 alpha=0.7 beta=2 q=u8 seedT=8 seedH=8 seedS=4",64,0.8898424069,0.9701,301.2147,2.7132,0.0000,0.028126,"0.028176;0.028126;0.028008",4.029513,248168.95,,12.28,0,6980,10,True,nid006971,57248608
SparseHNSW_a0.7_b2_p0,"M=32 efC=200 ef=50 alpha=0.7 beta=2 q=u8 seedT=8 seedH=8 seedS=4",64,0.9081948424,0.9818,301.2147,2.7132,0.0000,0.038915,"0.039023;0.038908;0.038915",5.575215,179365.28,,12.28,0,6980,10,True,nid006971,57248608
SparseHNSW_a0.7_b2_p0,"M=32 efC=200 ef=100 alpha=0.7 beta=2 q=u8 seedT=8 seedH=8 seedS=4",64,0.9249713467,0.9904,301.2147,2.7132,0.0000,0.067008,"0.067216;0.066810;0.067008",9.600000,104166.67,,12.28,0,6980,10,True,nid006971,57248608
SparseHNSW_a0.7_b2_p0,"M=32 efC=200 ef=200 alpha=0.7 beta=2 q=u8 seedT=8 seedH=8 seedS=4",64,0.9361318052,0.9953,301.2147,2.7132,0.0000,0.119068,"0.118899;0.119429;0.119068",17.058453,58621.96,,12.28,0,6980,10,True,nid006971,57248608
SparseHNSW_a0.7_b2_p0,"M=32 efC=200 ef=400 alpha=0.7 beta=2 q=u8 seedT=8 seedH=8 seedS=4",64,0.9442120344,0.9987,301.2147,2.7132,0.0000,0.216678,"0.216678;0.216725;0.216270",31.042693,32213.70,,12.28,0,6980,10,True,nid006971,57248608
SparseHNSW_a0.7_b2_p0,"M=32 efC=200 ef=800 alpha=0.7 beta=2 q=u8 seedT=8 seedH=8 seedS=4",64,0.9479083095,0.9991,301.2147,2.7132,0.0000,0.403387,"0.403387;0.403017;0.403688",57.791834,17303.48,,12.28,0,6980,10,True,nid006971,57248608
SparseHNSW_a0.7_b2_p0,"M=32 efC=200 ef=1600 alpha=0.7 beta=2 q=u8 seedT=8 seedH=8 seedS=4",64,0.9512034384,0.9997,301.2147,2.7132,0.0000,0.776270,"0.780198;0.776136;0.776270",111.213467,8991.72,,12.28,0,6980,10,True,nid006971,57248608
SparseHNSW_a0.7_b2_p0,"M=32 efC=200 ef=3200 alpha=0.7 beta=2 q=u8 seedT=8 seedH=8 seedS=4",64,0.9538108883,1.0000,301.2147,2.7132,0.0000,1.518622,"1.517598;1.518622;1.520583",217.567622,4596.27,,12.28,0,6980,10,True,nid006971,57248608
SparseHNSW_a0.7_b3_p0,"M=32 efC=200 ef=10 alpha=0.7 beta=3 q=u8 seedT=8 seedH=8 seedS=4",64,0.9072349570,0.9701,301.2147,2.7132,0.0000,0.028755,"0.028755;0.028874;0.028628",4.119628,242740.39,,12.28,0,6980,10,True,nid006971,57248608
SparseHNSW_a0.7_b3_p0,"M=32 efC=200 ef=20 alpha=0.7 beta=3 q=u8 seedT=8 seedH=8 seedS=4",64,0.9072349570,0.9701,301.2147,2.7132,0.0000,0.028520,"0.028494;0.028520;0.028532",4.085960,244740.53,,12.28,0,6980,10,True,nid006971,57248608
SparseHNSW_a0.7_b3_p0,"M=32 efC=200 ef=50 alpha=0.7 beta=3 q=u8 seedT=8 seedH=8 seedS=4",64,0.9262607450,0.9818,301.2147,2.7132,0.0000,0.039139,"0.039114;0.039211;0.039139",5.607307,178338.74,,12.28,0,6980,10,True,nid006971,57248608
SparseHNSW_a0.7_b3_p0,"M=32 efC=200 ef=100 alpha=0.7 beta=3 q=u8 seedT=8 seedH=8 seedS=4",64,0.9443982808,0.9904,301.2147,2.7132,0.0000,0.067122,"0.067122;0.067868;0.067105",9.616332,103989.75,,12.28,0,6980,10,True,nid006971,57248608
SparseHNSW_a0.7_b3_p0,"M=32 efC=200 ef=200 alpha=0.7 beta=3 q=u8 seedT=8 seedH=8 seedS=4",64,0.9559598854,0.9953,301.2147,2.7132,0.0000,0.119360,"0.119360;0.119721;0.119083",17.100287,58478.55,,12.28,0,6980,10,True,nid006971,57248608
SparseHNSW_a0.7_b3_p0,"M=32 efC=200 ef=400 alpha=0.7 beta=3 q=u8 seedT=8 seedH=8 seedS=4",64,0.9643266476,0.9987,301.2147,2.7132,0.0000,0.216294,"0.216294;0.216883;0.215446",30.987679,32270.89,,12.28,0,6980,10,True,nid006971,57248608
SparseHNSW_a0.7_b3_p0,"M=32 efC=200 ef=800 alpha=0.7 beta=3 q=u8 seedT=8 seedH=8 seedS=4",64,0.9682808023,0.9991,301.2147,2.7132,0.0000,0.403205,"0.402193;0.404760;0.403205",57.765759,17311.29,,12.28,0,6980,10,True,nid006971,57248608
SparseHNSW_a0.7_b3_p0,"M=32 efC=200 ef=1600 alpha=0.7 beta=3 q=u8 seedT=8 seedH=8 seedS=4",64,0.9717191977,0.9997,301.2147,2.7132,0.0000,0.779934,"0.780065;0.777871;0.779934",111.738395,8949.48,,12.28,0,6980,10,True,nid006971,57248608
SparseHNSW_a0.7_b3_p0,"M=32 efC=200 ef=3200 alpha=0.7 beta=3 q=u8 seedT=8 seedH=8 seedS=4",64,0.9744555874,1.0000,301.2147,2.7132,0.0000,1.520194,"1.519117;1.520721;1.520194",217.792837,4591.52,,12.28,0,6980,10,True,nid006971,57248608
SparseHNSW_a0.7_b4_p0,"M=32 efC=200 ef=10 alpha=0.7 beta=4 q=u8 seedT=8 seedH=8 seedS=4",64,0.9239684814,0.9768,301.2147,2.7132,0.0000,0.033622,"0.033622;0.033679;0.033501",4.816905,207602.17,,12.28,0,6980,10,True,nid006971,57248608
SparseHNSW_a0.7_b4_p0,"M=32 efC=200 ef=20 alpha=0.7 beta=4 q=u8 seedT=8 seedH=8 seedS=4",64,0.9239684814,0.9768,301.2147,2.7132,0.0000,0.033551,"0.033617;0.033551;0.033475",4.806734,208041.49,,12.28,0,6980,10,True,nid006971,57248608
SparseHNSW_a0.7_b4_p0,"M=32 efC=200 ef=50 alpha=0.7 beta=4 q=u8 seedT=8 seedH=8 seedS=4",64,0.9322636103,0.9818,301.2147,2.7132,0.0000,0.039509,"0.039509;0.039336;0.039575",5.660315,176668.61,,12.28,0,6980,10,True,nid006971,57248608
SparseHNSW_a0.7_b4_p0,"M=32 efC=200 ef=100 alpha=0.7 beta=4 q=u8 seedT=8 seedH=8 seedS=4",64,0.9509312321,0.9904,301.2147,2.7132,0.0000,0.067407,"0.067032;0.067407;0.067572",9.657163,103550.08,,12.28,0,6980,10,True,nid006971,57248608
SparseHNSW_a0.7_b4_p0,"M=32 efC=200 ef=200 alpha=0.7 beta=4 q=u8 seedT=8 seedH=8 seedS=4",64,0.9627507163,0.9953,301.2147,2.7132,0.0000,0.119574,"0.120121;0.119574;0.119449",17.130946,58373.89,,12.28,0,6980,10,True,nid006971,57248608
SparseHNSW_a0.7_b4_p0,"M=32 efC=200 ef=400 alpha=0.7 beta=4 q=u8 seedT=8 seedH=8 seedS=4",64,0.9713610315,0.9987,301.2147,2.7132,0.0000,0.216328,"0.216328;0.215856;0.217132",30.992550,32265.82,,12.28,0,6980,10,True,nid006971,57248608
SparseHNSW_a0.7_b4_p0,"M=32 efC=200 ef=800 alpha=0.7 beta=4 q=u8 seedT=8 seedH=8 seedS=4",64,0.9754011461,0.9991,301.2147,2.7132,0.0000,0.403733,"0.403733;0.402640;0.404442",57.841404,17288.65,,12.28,0,6980,10,True,nid006971,57248608
SparseHNSW_a0.7_b4_p0,"M=32 efC=200 ef=1600 alpha=0.7 beta=4 q=u8 seedT=8 seedH=8 seedS=4",64,0.9789111748,0.9997,301.2147,2.7132,0.0000,0.777919,"0.776985;0.778961;0.777919",111.449713,8972.66,,12.28,0,6980,10,True,nid006971,57248608
SparseHNSW_a0.7_b4_p0,"M=32 efC=200 ef=3200 alpha=0.7 beta=4 q=u8 seedT=8 seedH=8 seedS=4",64,0.9817335244,1.0000,301.2147,2.7132,0.0000,1.520107,"1.518730;1.520107;1.520838",217.780372,4591.78,,12.28,0,6980,10,True,nid006971,57248608
SparseHNSW_a0.7_b5_p0,"M=32 efC=200 ef=10 alpha=0.7 beta=5 q=u8 seedT=8 seedH=8 seedS=4",64,0.9345128940,0.9819,301.2147,2.7132,0.0000,0.039997,"0.039544;0.040089;0.039997",5.730229,174513.09,,12.28,0,6980,10,True,nid006971,57248608
SparseHNSW_a0.7_b5_p0,"M=32 efC=200 ef=20 alpha=0.7 beta=5 q=u8 seedT=8 seedH=8 seedS=4",64,0.9345128940,0.9819,301.2147,2.7132,0.0000,0.039936,"0.039657;0.039936;0.039945",5.721490,174779.65,,12.28,0,6980,10,True,nid006971,57248608
SparseHNSW_a0.7_b5_p0,"M=32 efC=200 ef=50 alpha=0.7 beta=5 q=u8 seedT=8 seedH=8 seedS=4",64,0.9345128940,0.9819,301.2147,2.7132,0.0000,0.039709,"0.039743;0.039709;0.039656",5.688968,175778.79,,12.28,0,6980,10,True,nid006971,57248608
SparseHNSW_a0.7_b5_p0,"M=32 efC=200 ef=100 alpha=0.7 beta=5 q=u8 seedT=8 seedH=8 seedS=4",64,0.9534240688,0.9904,301.2147,2.7132,0.0000,0.067703,"0.067473;0.067703;0.068454",9.699570,103097.35,,12.28,0,6980,10,True,nid006971,57248608
SparseHNSW_a0.7_b5_p0,"M=32 efC=200 ef=200 alpha=0.7 beta=5 q=u8 seedT=8 seedH=8 seedS=4",64,0.9654011461,0.9953,301.2147,2.7132,0.0000,0.120016,"0.120016;0.119527;0.120160",17.194269,58158.91,,12.28,0,6980,10,True,nid006971,57248608
SparseHNSW_a0.7_b5_p0,"M=32 efC=200 ef=400 alpha=0.7 beta=5 q=u8 seedT=8 seedH=8 seedS=4",64,0.9740687679,0.9987,301.2147,2.7132,0.0000,0.216423,"0.216423;0.216318;0.216717",31.006160,32251.66,,12.28,0,6980,10,True,nid006971,57248608
SparseHNSW_a0.7_b5_p0,"M=32 efC=200 ef=800 alpha=0.7 beta=5 q=u8 seedT=8 seedH=8 seedS=4",64,0.9781948424,0.9991,301.2147,2.7132,0.0000,0.404166,"0.403184;0.404937;0.404166",57.903438,17270.13,,12.28,0,6980,10,True,nid006971,57248608
SparseHNSW_a0.7_b5_p0,"M=32 efC=200 ef=1600 alpha=0.7 beta=5 q=u8 seedT=8 seedH=8 seedS=4",64,0.9818051576,0.9997,301.2147,2.7132,0.0000,0.779561,"0.779561;0.776896;0.781075",111.684957,8953.76,,12.28,0,6980,10,True,nid006971,57248608
SparseHNSW_a0.7_b5_p0,"M=32 efC=200 ef=3200 alpha=0.7 beta=5 q=u8 seedT=8 seedH=8 seedS=4",64,0.9846131805,1.0000,301.2147,2.7132,0.0000,1.520927,"1.520798;1.520927;1.521444",217.897851,4589.31,,12.28,0,6980,10,True,nid006971,57248608
SparseHNSW_a0.7_b6_p0,"M=32 efC=200 ef=10 alpha=0.7 beta=6 q=u8 seedT=8 seedH=8 seedS=4",64,0.9416618911,0.9845,301.2147,2.7132,0.0000,0.045928,"0.045928;0.046214;0.045519",6.579943,151977.01,,12.28,0,6980,10,True,nid006971,57248608
SparseHNSW_a0.7_b6_p0,"M=32 efC=200 ef=20 alpha=0.7 beta=6 q=u8 seedT=8 seedH=8 seedS=4",64,0.9416618911,0.9845,301.2147,2.7132,0.0000,0.045898,"0.045554;0.046169;0.045898",6.575645,152076.34,,12.28,0,6980,10,True,nid006971,57248608
SparseHNSW_a0.7_b6_p0,"M=32 efC=200 ef=50 alpha=0.7 beta=6 q=u8 seedT=8 seedH=8 seedS=4",64,0.9416618911,0.9845,301.2147,2.7132,0.0000,0.045916,"0.046235;0.045916;0.045916",6.578223,152016.73,,12.28,0,6980,10,True,nid006971,57248608
SparseHNSW_a0.7_b6_p0,"M=32 efC=200 ef=100 alpha=0.7 beta=6 q=u8 seedT=8 seedH=8 seedS=4",64,0.9550143266,0.9904,301.2147,2.7132,0.0000,0.067756,"0.067756;0.067572;0.067899",9.707163,103016.71,,12.28,0,6980,10,True,nid006971,57248608
SparseHNSW_a0.7_b6_p0,"M=32 efC=200 ef=200 alpha=0.7 beta=6 q=u8 seedT=8 seedH=8 seedS=4",64,0.9670057307,0.9953,301.2147,2.7132,0.0000,0.120271,"0.120637;0.120271;0.119920",17.230802,58035.60,,12.28,0,6980,10,True,nid006971,57248608
SparseHNSW_a0.7_b6_p0,"M=32 efC=200 ef=400 alpha=0.7 beta=6 q=u8 seedT=8 seedH=8 seedS=4",64,0.9758022923,0.9987,301.2147,2.7132,0.0000,0.216926,"0.216926;0.217173;0.216851",31.078223,32176.87,,12.28,0,6980,10,True,nid006971,57248608
SparseHNSW_a0.7_b6_p0,"M=32 efC=200 ef=800 alpha=0.7 beta=6 q=u8 seedT=8 seedH=8 seedS=4",64,0.9799713467,0.9991,301.2147,2.7132,0.0000,0.402775,"0.402775;0.404220;0.402643",57.704155,17329.77,,12.28,0,6980,10,True,nid006971,57248608
SparseHNSW_a0.7_b6_p0,"M=32 efC=200 ef=1600 alpha=0.7 beta=6 q=u8 seedT=8 seedH=8 seedS=4",64,0.9835673352,0.9997,301.2147,2.7132,0.0000,0.779642,"0.779642;0.779509;0.779850",111.696562,8952.83,,12.28,0,6980,10,True,nid006971,57248608
SparseHNSW_a0.7_b6_p0,"M=32 efC=200 ef=3200 alpha=0.7 beta=6 q=u8 seedT=8 seedH=8 seedS=4",64,0.9864469914,1.0000,301.2147,2.7132,0.0000,1.521689,"1.519892;1.522143;1.521689",218.007020,4587.01,,12.28,0,6980,10,True,nid006971,57248608
SparseHNSW_a0.7_b8_p0,"M=32 efC=200 ef=10 alpha=0.7 beta=8 q=u8 seedT=8 seedH=8 seedS=4",64,0.9513323782,0.9880,301.2147,2.7132,0.0000,0.057261,"0.057658;0.057261;0.057109",8.203582,121897.98,,12.28,0,6980,10,True,nid006971,57248608
SparseHNSW_a0.7_b8_p0,"M=32 efC=200 ef=20 alpha=0.7 beta=8 q=u8 seedT=8 seedH=8 seedS=4",64,0.9513323782,0.9880,301.2147,2.7132,0.0000,0.057839,"0.057839;0.057379;0.057970",8.286390,120679.82,,12.28,0,6980,10,True,nid006971,57248608
SparseHNSW_a0.7_b8_p0,"M=32 efC=200 ef=50 alpha=0.7 beta=8 q=u8 seedT=8 seedH=8 seedS=4",64,0.9513323782,0.9880,301.2147,2.7132,0.0000,0.057678,"0.057674;0.057678;0.057784",8.263324,121016.68,,12.28,0,6980,10,True,nid006971,57248608
SparseHNSW_a0.7_b8_p0,"M=32 efC=200 ef=100 alpha=0.7 beta=8 q=u8 seedT=8 seedH=8 seedS=4",64,0.9565472779,0.9904,301.2147,2.7132,0.0000,0.068505,"0.068378;0.068505;0.068709",9.814470,101890.37,,12.28,0,6980,10,True,nid006971,57248608
SparseHNSW_a0.7_b8_p0,"M=32 efC=200 ef=200 alpha=0.7 beta=8 q=u8 seedT=8 seedH=8 seedS=4",64,0.9686962751,0.9953,301.2147,2.7132,0.0000,0.121067,"0.121107;0.121067;0.120851",17.344842,57654.03,,12.28,0,6980,10,True,nid006971,57248608
SparseHNSW_a0.7_b8_p0,"M=32 efC=200 ef=400 alpha=0.7 beta=8 q=u8 seedT=8 seedH=8 seedS=4",64,0.9773925501,0.9987,301.2147,2.7132,0.0000,0.217551,"0.217551;0.218135;0.217543",31.167765,32084.43,,12.28,0,6980,10,True,nid006971,57248608
SparseHNSW_a0.7_b8_p0,"M=32 efC=200 ef=800 alpha=0.7 beta=8 q=u8 seedT=8 seedH=8 seedS=4",64,0.9816189112,0.9991,301.2147,2.7132,0.0000,0.404486,"0.405007;0.404486;0.404331",57.949284,17256.47,,12.28,0,6980,10,True,nid006971,57248608
SparseHNSW_a0.7_b8_p0,"M=32 efC=200 ef=1600 alpha=0.7 beta=8 q=u8 seedT=8 seedH=8 seedS=4",64,0.9852435530,0.9997,301.2147,2.7132,0.0000,0.779039,"0.779039;0.777386;0.779878",111.610172,8959.76,,12.28,0,6980,10,True,nid006971,57248608
SparseHNSW_a0.7_b8_p0,"M=32 efC=200 ef=3200 alpha=0.7 beta=8 q=u8 seedT=8 seedH=8 seedS=4",64,0.9881518625,1.0000,301.2147,2.7132,0.0000,1.521674,"1.521674;1.524337;1.520834",218.004871,4587.05,,12.28,0,6980,10,True,nid006971,57248608
SparseHNSW_a0.7_b1_p64,"M=32 efC=200 ef=10 alpha=0.7 beta=1 q=u8 seedT=8 seedH=8 seedS=4 pat=64",64,0.7800859599,0.6368,301.2147,2.7132,0.0000,0.027810,"0.028030;0.027810;0.027582",3.984241,250988.85,,12.28,0,6980,10,True,nid006971,57248608
SparseHNSW_a0.7_b1_p64,"M=32 efC=200 ef=20 alpha=0.7 beta=1 q=u8 seedT=8 seedH=8 seedS=4 pat=64",64,0.7800859599,0.6368,301.2147,2.7132,0.0000,0.027347,"0.027425;0.027347;0.027332",3.917908,255238.23,,12.28,0,6980,10,True,nid006971,57248608
SparseHNSW_a0.7_b1_p64,"M=32 efC=200 ef=50 alpha=0.7 beta=1 q=u8 seedT=8 seedH=8 seedS=4 pat=64",64,0.7945988539,0.6503,301.2147,2.7132,0.0000,0.038233,"0.038233;0.038134;0.038303",5.477507,182564.80,,12.28,0,6980,10,True,nid006971,57248608
SparseHNSW_a0.7_b1_p64,"M=32 efC=200 ef=100 alpha=0.7 beta=1 q=u8 seedT=8 seedH=8 seedS=4 pat=64",64,0.8063467049,0.6613,301.2147,2.7132,0.0000,0.055415,"0.055514;0.055075;0.055415",7.939112,125958.68,,12.28,0,6980,10,True,nid006971,57248608
SparseHNSW_a0.7_b1_p64,"M=32 efC=200 ef=200 alpha=0.7 beta=1 q=u8 seedT=8 seedH=8 seedS=4 pat=64",64,0.8083954155,0.6633,301.2147,2.7132,0.0000,0.058645,"0.058342;0.058824;0.058645",8.401862,119021.23,,12.28,0,6980,10,True,nid006971,57248608
SparseHNSW_a0.7_b1_p64,"M=32 efC=200 ef=400 alpha=0.7 beta=1 q=u8 seedT=8 seedH=8 seedS=4 pat=64",64,0.8085386819,0.6635,301.2147,2.7132,0.0000,0.060403,"0.060403;0.060210;0.060964",8.653725,115557.17,,12.28,0,6980,10,True,nid006971,57248608
SparseHNSW_a0.7_b1_p64,"M=32 efC=200 ef=800 alpha=0.7 beta=1 q=u8 seedT=8 seedH=8 seedS=4 pat=64",64,0.8085386819,0.6635,301.2147,2.7132,0.0000,0.063742,"0.063387;0.063742;0.063901",9.132092,109503.94,,12.28,0,6980,10,True,nid006971,57248608
SparseHNSW_a0.7_b1_p64,"M=32 efC=200 ef=1600 alpha=0.7 beta=1 q=u8 seedT=8 seedH=8 seedS=4 pat=64",64,0.8085386819,0.6635,301.2147,2.7132,0.0000,0.067269,"0.067444;0.066992;0.067269",9.637393,103762.51,,12.28,0,6980,10,True,nid006971,57248608
SparseHNSW_a0.7_b1_p64,"M=32 efC=200 ef=3200 alpha=0.7 beta=1 q=u8 seedT=8 seedH=8 seedS=4 pat=64",64,0.8085386819,0.6635,301.2147,2.7132,0.0000,0.068250,"0.068250;0.068047;0.068981",9.777937,102271.06,,12.28,0,6980,10,True,nid006971,57248608
SparseHNSW_a0.7_b2_p64,"M=32 efC=200 ef=10 alpha=0.7 beta=2 q=u8 seedT=8 seedH=8 seedS=4 pat=64",64,0.8898424069,0.9701,301.2147,2.7132,0.0000,0.028676,"0.028954;0.028676;0.028623",4.108309,243409.12,,12.28,0,6980,10,True,nid006971,57248608
SparseHNSW_a0.7_b2_p64,"M=32 efC=200 ef=20 alpha=0.7 beta=2 q=u8 seedT=8 seedH=8 seedS=4 pat=64",64,0.8898424069,0.9701,301.2147,2.7132,0.0000,0.028261,"0.028491;0.028111;0.028261",4.048854,246983.48,,12.28,0,6980,10,True,nid006971,57248608
SparseHNSW_a0.7_b2_p64,"M=32 efC=200 ef=50 alpha=0.7 beta=2 q=u8 seedT=8 seedH=8 seedS=4 pat=64",64,0.9081948424,0.9818,301.2147,2.7132,0.0000,0.039262,"0.039262;0.039371;0.039069",5.624928,177780.04,,12.28,0,6980,10,True,nid006971,57248608
SparseHNSW_a0.7_b2_p64,"M=32 efC=200 ef=100 alpha=0.7 beta=2 q=u8 seedT=8 seedH=8 seedS=4 pat=64",64,0.9238252149,0.9900,301.2147,2.7132,0.0000,0.060872,"0.060872;0.060721;0.061040",8.720917,114666.84,,12.28,0,6980,10,True,nid006971,57248608
SparseHNSW_a0.7_b2_p64,"M=32 efC=200 ef=200 alpha=0.7 beta=2 q=u8 seedT=8 seedH=8 seedS=4 pat=64",64,0.9280372493,0.9920,301.2147,2.7132,0.0000,0.066491,"0.066449;0.066491;0.067203",9.525931,104976.61,,12.28,0,6980,10,True,nid006971,57248608
SparseHNSW_a0.7_b2_p64,"M=32 efC=200 ef=400 alpha=0.7 beta=2 q=u8 seedT=8 seedH=8 seedS=4 pat=64",64,0.9284670487,0.9923,301.2147,2.7132,0.0000,0.069433,"0.069433;0.069457;0.069277",9.947421,100528.57,,12.28,0,6980,10,True,nid006971,57248608
SparseHNSW_a0.7_b2_p64,"M=32 efC=200 ef=800 alpha=0.7 beta=2 q=u8 seedT=8 seedH=8 seedS=4 pat=64",64,0.9284670487,0.9923,301.2147,2.7132,0.0000,0.072793,"0.072293;0.072793;0.073262",10.428797,95888.34,,12.28,0,6980,10,True,nid006971,57248608
SparseHNSW_a0.7_b2_p64,"M=32 efC=200 ef=1600 alpha=0.7 beta=2 q=u8 seedT=8 seedH=8 seedS=4 pat=64",64,0.9284670487,0.9923,301.2147,2.7132,0.0000,0.076797,"0.076677;0.076797;0.077173",11.002436,90888.97,,12.28,0,6980,10,True,nid006971,57248608
SparseHNSW_a0.7_b2_p64,"M=32 efC=200 ef=3200 alpha=0.7 beta=2 q=u8 seedT=8 seedH=8 seedS=4 pat=64",64,0.9284670487,0.9923,301.2147,2.7132,0.0000,0.078533,"0.078686;0.078533;0.078389",11.251146,88879.83,,12.28,0,6980,10,True,nid006971,57248608
SparseHNSW_a0.7_b3_p64,"M=32 efC=200 ef=10 alpha=0.7 beta=3 q=u8 seedT=8 seedH=8 seedS=4 pat=64",64,0.9072349570,0.9701,301.2147,2.7132,0.0000,0.029011,"0.029253;0.029011;0.028940",4.156304,240598.39,,12.28,0,6980,10,True,nid006971,57248608
SparseHNSW_a0.7_b3_p64,"M=32 efC=200 ef=20 alpha=0.7 beta=3 q=u8 seedT=8 seedH=8 seedS=4 pat=64",64,0.9072349570,0.9701,301.2147,2.7132,0.0000,0.028659,"0.028668;0.028653;0.028659",4.105874,243553.51,,12.28,0,6980,10,True,nid006971,57248608
SparseHNSW_a0.7_b3_p64,"M=32 efC=200 ef=50 alpha=0.7 beta=3 q=u8 seedT=8 seedH=8 seedS=4 pat=64",64,0.9262607450,0.9818,301.2147,2.7132,0.0000,0.039248,"0.039204;0.039248;0.039248",5.622923,177843.46,,12.28,0,6980,10,True,nid006971,57248608
SparseHNSW_a0.7_b3_p64,"M=32 efC=200 ef=100 alpha=0.7 beta=3 q=u8 seedT=8 seedH=8 seedS=4 pat=64",64,0.9439971347,0.9903,301.2147,2.7132,0.0000,0.064497,"0.064447;0.064929;0.064497",9.240258,108222.09,,12.28,0,6980,10,True,nid006971,57248608
SparseHNSW_a0.7_b3_p64,"M=32 efC=200 ef=200 alpha=0.7 beta=3 q=u8 seedT=8 seedH=8 seedS=4 pat=64",64,0.9497707736,0.9930,301.2147,2.7132,0.0000,0.073929,"0.073929;0.073836;0.074159",10.591547,94414.91,,12.28,0,6980,10,True,nid006971,57248608
SparseHNSW_a0.7_b3_p64,"M=32 efC=200 ef=400 alpha=0.7 beta=3 q=u8 seedT=8 seedH=8 seedS=4 pat=64",64,0.9505873926,0.9934,301.2147,2.7132,0.0000,0.077528,"0.077528;0.077245;0.077593",11.107163,90031.99,,12.28,0,6980,10,True,nid006971,57248608
SparseHNSW_a0.7_b3_p64,"M=32 efC=200 ef=800 alpha=0.7 beta=3 q=u8 seedT=8 seedH=8 seedS=4 pat=64",64,0.9505873926,0.9934,301.2147,2.7132,0.0000,0.081297,"0.081227;0.081297;0.081360",11.647135,85858.03,,12.28,0,6980,10,True,nid006971,57248608
SparseHNSW_a0.7_b3_p64,"M=32 efC=200 ef=1600 alpha=0.7 beta=3 q=u8 seedT=8 seedH=8 seedS=4 pat=64",64,0.9505873926,0.9934,301.2147,2.7132,0.0000,0.085164,"0.085558;0.084582;0.085164",12.201146,81959.51,,12.28,0,6980,10,True,nid006971,57248608
SparseHNSW_a0.7_b3_p64,"M=32 efC=200 ef=3200 alpha=0.7 beta=3 q=u8 seedT=8 seedH=8 seedS=4 pat=64",64,0.9505873926,0.9934,301.2147,2.7132,0.0000,0.087713,"0.087573;0.087713;0.087820",12.566332,79577.71,,12.28,0,6980,10,True,nid006971,57248608
SparseHNSW_a0.7_b4_p64,"M=32 efC=200 ef=10 alpha=0.7 beta=4 q=u8 seedT=8 seedH=8 seedS=4 pat=64",64,0.9239684814,0.9768,301.2147,2.7132,0.0000,0.034172,"0.034172;0.034214;0.034138",4.895702,204260.80,,12.28,0,6980,10,True,nid006971,57248608
SparseHNSW_a0.7_b4_p64,"M=32 efC=200 ef=20 alpha=0.7 beta=4 q=u8 seedT=8 seedH=8 seedS=4 pat=64",64,0.9239684814,0.9768,301.2147,2.7132,0.0000,0.033721,"0.033817;0.033721;0.033718",4.831089,206992.68,,12.28,0,6980,10,True,nid006971,57248608
SparseHNSW_a0.7_b4_p64,"M=32 efC=200 ef=50 alpha=0.7 beta=4 q=u8 seedT=8 seedH=8 seedS=4 pat=64",64,0.9322636103,0.9818,301.2147,2.7132,0.0000,0.039921,"0.040131;0.039767;0.039921",5.719341,174845.32,,12.28,0,6980,10,True,nid006971,57248608
SparseHNSW_a0.7_b4_p64,"M=32 efC=200 ef=100 alpha=0.7 beta=4 q=u8 seedT=8 seedH=8 seedS=4 pat=64",64,0.9507593123,0.9903,301.2147,2.7132,0.0000,0.066806,"0.065863;0.066837;0.066806",9.571060,104481.63,,12.28,0,6980,10,True,nid006971,57248608
SparseHNSW_a0.7_b4_p64,"M=32 efC=200 ef=200 alpha=0.7 beta=4 q=u8 seedT=8 seedH=8 seedS=4 pat=64",64,0.9581232092,0.9934,301.2147,2.7132,0.0000,0.080926,"0.080926;0.080919;0.081762",11.593983,86251.64,,12.28,0,6980,10,True,nid006971,57248608
SparseHNSW_a0.7_b4_p64,"M=32 efC=200 ef=400 alpha=0.7 beta=4 q=u8 seedT=8 seedH=8 seedS=4 pat=64",64,0.9594126074,0.9943,301.2147,2.7132,0.0000,0.085230,"0.085202;0.085230;0.085427",12.210602,81896.05,,12.28,0,6980,10,True,nid006971,57248608
SparseHNSW_a0.7_b4_p64,"M=32 efC=200 ef=800 alpha=0.7 beta=4 q=u8 seedT=8 seedH=8 seedS=4 pat=64",64,0.9594126074,0.9943,301.2147,2.7132,0.0000,0.088375,"0.088370;0.088375;0.088956",12.661175,78981.61,,12.28,0,6980,10,True,nid006971,57248608
SparseHNSW_a0.7_b4_p64,"M=32 efC=200 ef=1600 alpha=0.7 beta=4 q=u8 seedT=8 seedH=8 seedS=4 pat=64",64,0.9594126074,0.9943,301.2147,2.7132,0.0000,0.092418,"0.093663;0.092418;0.092361",13.240401,75526.41,,12.28,0,6980,10,True,nid006971,57248608
SparseHNSW_a0.7_b4_p64,"M=32 efC=200 ef=3200 alpha=0.7 beta=4 q=u8 seedT=8 seedH=8 seedS=4 pat=64",64,0.9594126074,0.9943,301.2147,2.7132,0.0000,0.095768,"0.095768;0.096003;0.095667",13.720344,72884.47,,12.28,0,6980,10,True,nid006971,57248608
SparseHNSW_a0.7_b5_p64,"M=32 efC=200 ef=10 alpha=0.7 beta=5 q=u8 seedT=8 seedH=8 seedS=4 pat=64",64,0.9345128940,0.9819,301.2147,2.7132,0.0000,0.040359,"0.040359;0.040652;0.040157",5.782092,172947.79,,12.28,0,6980,10,True,nid006971,57248608
SparseHNSW_a0.7_b5_p64,"M=32 efC=200 ef=20 alpha=0.7 beta=5 q=u8 seedT=8 seedH=8 seedS=4 pat=64",64,0.9345128940,0.9819,301.2147,2.7132,0.0000,0.040075,"0.040075;0.040123;0.039983",5.741404,174173.42,,12.28,0,6980,10,True,nid006971,57248608
SparseHNSW_a0.7_b5_p64,"M=32 efC=200 ef=50 alpha=0.7 beta=5 q=u8 seedT=8 seedH=8 seedS=4 pat=64",64,0.9345128940,0.9819,301.2147,2.7132,0.0000,0.040084,"0.040295;0.040084;0.039838",5.742693,174134.32,,12.28,0,6980,10,True,nid006971,57248608
SparseHNSW_a0.7_b5_p64,"M=32 efC=200 ef=100 alpha=0.7 beta=5 q=u8 seedT=8 seedH=8 seedS=4 pat=64",64,0.9534240688,0.9904,301.2147,2.7132,0.0000,0.067921,"0.067921;0.067967;0.067639",9.730802,102766.45,,12.28,0,6980,10,True,nid006971,57248608
SparseHNSW_a0.7_b5_p64,"M=32 efC=200 ef=200 alpha=0.7 beta=5 q=u8 seedT=8 seedH=8 seedS=4 pat=64",64,0.9618051576,0.9941,301.2147,2.7132,0.0000,0.087309,"0.087218;0.087309;0.087535",12.508453,79945.94,,12.28,0,6980,10,True,nid006971,57248608
SparseHNSW_a0.7_b5_p64,"M=32 efC=200 ef=400 alpha=0.7 beta=5 q=u8 seedT=8 seedH=8 seedS=4 pat=64",64,0.9634527221,0.9951,301.2147,2.7132,0.0000,0.092169,"0.091195;0.092169;0.092253",13.204728,75730.45,,12.28,0,6980,10,True,nid006971,57248608
SparseHNSW_a0.7_b5_p64,"M=32 efC=200 ef=800 alpha=0.7 beta=5 q=u8 seedT=8 seedH=8 seedS=4 pat=64",64,0.9634527221,0.9951,301.2147,2.7132,0.0000,0.096786,"0.096948;0.096518;0.096786",13.866189,72117.87,,12.28,0,6980,10,True,nid006971,57248608
SparseHNSW_a0.7_b5_p64,"M=32 efC=200 ef=1600 alpha=0.7 beta=5 q=u8 seedT=8 seedH=8 seedS=4 pat=64",64,0.9634527221,0.9951,301.2147,2.7132,0.0000,0.100930,"0.100147;0.100930;0.101316",14.459885,69156.84,,12.28,0,6980,10,True,nid006971,57248608
SparseHNSW_a0.7_b5_p64,"M=32 efC=200 ef=3200 alpha=0.7 beta=5 q=u8 seedT=8 seedH=8 seedS=4 pat=64",64,0.9634527221,0.9951,301.2147,2.7132,0.0000,0.105018,"0.104368;0.105018;0.105041",15.045559,66464.80,,12.28,0,6980,10,True,nid006971,57248608
SparseHNSW_a0.7_b6_p64,"M=32 efC=200 ef=10 alpha=0.7 beta=6 q=u8 seedT=8 seedH=8 seedS=4 pat=64",64,0.9416618911,0.9845,301.2147,2.7132,0.0000,0.046287,"0.046287;0.046280;0.046604",6.631375,150798.28,,12.28,0,6980,10,True,nid006971,57248608
SparseHNSW_a0.7_b6_p64,"M=32 efC=200 ef=20 alpha=0.7 beta=6 q=u8 seedT=8 seedH=8 seedS=4 pat=64",64,0.9416618911,0.9845,301.2147,2.7132,0.0000,0.046150,"0.046150;0.046452;0.045972",6.611748,151245.94,,12.28,0,6980,10,True,nid006971,57248608
SparseHNSW_a0.7_b6_p64,"M=32 efC=200 ef=50 alpha=0.7 beta=6 q=u8 seedT=8 seedH=8 seedS=4 pat=64",64,0.9416618911,0.9845,301.2147,2.7132,0.0000,0.046253,"0.046253;0.046165;0.046310",6.626504,150909.13,,12.28,0,6980,10,True,nid006971,57248608
SparseHNSW_a0.7_b6_p64,"M=32 efC=200 ef=100 alpha=0.7 beta=6 q=u8 seedT=8 seedH=8 seedS=4 pat=64",64,0.9550143266,0.9904,301.2147,2.7132,0.0000,0.068610,"0.068610;0.068834;0.068131",9.829513,101734.44,,12.28,0,6980,10,True,nid006971,57248608
SparseHNSW_a0.7_b6_p64,"M=32 efC=200 ef=200 alpha=0.7 beta=6 q=u8 seedT=8 seedH=8 seedS=4 pat=64",64,0.9643982808,0.9944,301.2147,2.7132,0.0000,0.093411,"0.093411;0.093582;0.093305",13.382665,74723.53,,12.28,0,6980,10,True,nid006971,57248608
SparseHNSW_a0.7_b6_p64,"M=32 efC=200 ef=400 alpha=0.7 beta=6 q=u8 seedT=8 seedH=8 seedS=4 pat=64",64,0.9665472779,0.9957,301.2147,2.7132,0.0000,0.099567,"0.099567;0.099203;0.100023",14.264613,70103.55,,12.28,0,6980,10,True,nid006971,57248608
SparseHNSW_a0.7_b6_p64,"M=32 efC=200 ef=800 alpha=0.7 beta=6 q=u8 seedT=8 seedH=8 seedS=4 pat=64",64,0.9665472779,0.9957,301.2147,2.7132,0.0000,0.103909,"0.103306;0.103909;0.103910",14.886676,67174.16,,12.28,0,6980,10,True,nid006971,57248608
SparseHNSW_a0.7_b6_p64,"M=32 efC=200 ef=1600 alpha=0.7 beta=6 q=u8 seedT=8 seedH=8 seedS=4 pat=64",64,0.9665472779,0.9957,301.2147,2.7132,0.0000,0.107764,"0.108263;0.107764;0.107713",15.438968,64771.17,,12.28,0,6980,10,True,nid006971,57248608
SparseHNSW_a0.7_b6_p64,"M=32 efC=200 ef=3200 alpha=0.7 beta=6 q=u8 seedT=8 seedH=8 seedS=4 pat=64",64,0.9665472779,0.9957,301.2147,2.7132,0.0000,0.113055,"0.112199;0.113317;0.113055",16.196991,61739.86,,12.28,0,6980,10,True,nid006971,57248608
SparseHNSW_a0.7_b8_p64,"M=32 efC=200 ef=10 alpha=0.7 beta=8 q=u8 seedT=8 seedH=8 seedS=4 pat=64",64,0.9513323782,0.9880,301.2147,2.7132,0.0000,0.058311,"0.058311;0.058335;0.058022",8.354011,119702.97,,12.28,0,6980,10,True,nid006971,57248608
SparseHNSW_a0.7_b8_p64,"M=32 efC=200 ef=20 alpha=0.7 beta=8 q=u8 seedT=8 seedH=8 seedS=4 pat=64",64,0.9513323782,0.9880,301.2147,2.7132,0.0000,0.058299,"0.057976;0.058446;0.058299",8.352292,119727.61,,12.28,0,6980,10,True,nid006971,57248608
SparseHNSW_a0.7_b8_p64,"M=32 efC=200 ef=50 alpha=0.7 beta=8 q=u8 seedT=8 seedH=8 seedS=4 pat=64",64,0.9513323782,0.9880,301.2147,2.7132,0.0000,0.058041,"0.058041;0.057943;0.058819",8.315330,120259.82,,12.28,0,6980,10,True,nid006971,57248608
SparseHNSW_a0.7_b8_p64,"M=32 efC=200 ef=100 alpha=0.7 beta=8 q=u8 seedT=8 seedH=8 seedS=4 pat=64",64,0.9565472779,0.9904,301.2147,2.7132,0.0000,0.069130,"0.069388;0.068890;0.069130",9.904011,100969.19,,12.28,0,6980,10,True,nid006971,57248608
SparseHNSW_a0.7_b8_p64,"M=32 efC=200 ef=200 alpha=0.7 beta=8 q=u8 seedT=8 seedH=8 seedS=4 pat=64",64,0.9672636103,0.9947,301.2147,2.7132,0.0000,0.104131,"0.103339;0.104131;0.104221",14.918481,67030.95,,12.28,0,6980,10,True,nid006971,57248608
SparseHNSW_a0.7_b8_p64,"M=32 efC=200 ef=400 alpha=0.7 beta=8 q=u8 seedT=8 seedH=8 seedS=4 pat=64",64,0.9703581662,0.9963,301.2147,2.7132,0.0000,0.114471,"0.114228;0.114645;0.114471",16.399857,60976.14,,12.28,0,6980,10,True,nid006971,57248608
SparseHNSW_a0.7_b8_p64,"M=32 efC=200 ef=800 alpha=0.7 beta=8 q=u8 seedT=8 seedH=8 seedS=4 pat=64",64,0.9703581662,0.9963,301.2147,2.7132,0.0000,0.118362,"0.118362;0.119207;0.118321",16.957307,58971.63,,12.28,0,6980,10,True,nid006971,57248608
SparseHNSW_a0.7_b8_p64,"M=32 efC=200 ef=1600 alpha=0.7 beta=8 q=u8 seedT=8 seedH=8 seedS=4 pat=64",64,0.9703581662,0.9963,301.2147,2.7132,0.0000,0.123472,"0.123827;0.122925;0.123472",17.689398,56531.04,,12.28,0,6980,10,True,nid006971,57248608
SparseHNSW_a0.7_b8_p64,"M=32 efC=200 ef=3200 alpha=0.7 beta=8 q=u8 seedT=8 seedH=8 seedS=4 pat=64",64,0.9703581662,0.9963,301.2147,2.7132,0.0000,0.129024,"0.129209;0.129024;0.128425",18.484814,54098.46,,12.28,0,6980,10,True,nid006971,57248608
SparseHNSW_a0.7_b1_p128,"M=32 efC=200 ef=10 alpha=0.7 beta=1 q=u8 seedT=8 seedH=8 seedS=4 pat=128",64,0.7800859599,0.6368,301.2147,2.7132,0.0000,0.027893,"0.028085;0.027893;0.027626",3.996132,250242.00,,12.28,0,6980,10,True,nid006971,57248608
SparseHNSW_a0.7_b1_p128,"M=32 efC=200 ef=20 alpha=0.7 beta=1 q=u8 seedT=8 seedH=8 seedS=4 pat=128",64,0.7800859599,0.6368,301.2147,2.7132,0.0000,0.027342,"0.027453;0.027342;0.027304",3.917192,255284.91,,12.28,0,6980,10,True,nid006971,57248608
SparseHNSW_a0.7_b1_p128,"M=32 efC=200 ef=50 alpha=0.7 beta=1 q=u8 seedT=8 seedH=8 seedS=4 pat=128",64,0.7945988539,0.6503,301.2147,2.7132,0.0000,0.038196,"0.038370;0.038135;0.038196",5.472206,182741.65,,12.28,0,6980,10,True,nid006971,57248608
SparseHNSW_a0.7_b1_p128,"M=32 efC=200 ef=100 alpha=0.7 beta=1 q=u8 seedT=8 seedH=8 seedS=4 pat=128",64,0.8079942693,0.6630,301.2147,2.7132,0.0000,0.066367,"0.066988;0.066367;0.066353",9.508166,105172.75,,12.28,0,6980,10,True,nid006971,57248608
SparseHNSW_a0.7_b1_p128,"M=32 efC=200 ef=200 alpha=0.7 beta=1 q=u8 seedT=8 seedH=8 seedS=4 pat=128",64,0.8150143266,0.6700,301.2147,2.7132,0.0000,0.092382,"0.092298;0.092382;0.092694",13.235244,75555.84,,12.28,0,6980,10,True,nid006971,57248608
SparseHNSW_a0.7_b1_p128,"M=32 efC=200 ef=400 alpha=0.7 beta=1 q=u8 seedT=8 seedH=8 seedS=4 pat=128",64,0.8158595989,0.6711,301.2147,2.7132,0.0000,0.097099,"0.097849;0.097099;0.096437",13.911032,71885.40,,12.28,0,6980,10,True,nid006971,57248608
SparseHNSW_a0.7_b1_p128,"M=32 efC=200 ef=800 alpha=0.7 beta=1 q=u8 seedT=8 seedH=8 seedS=4 pat=128",64,0.8158595989,0.6711,301.2147,2.7132,0.0000,0.101067,"0.100712;0.101404;0.101067",14.479513,69063.10,,12.28,0,6980,10,True,nid006971,57248608
SparseHNSW_a0.7_b1_p128,"M=32 efC=200 ef=1600 alpha=0.7 beta=1 q=u8 seedT=8 seedH=8 seedS=4 pat=128",64,0.8158595989,0.6711,301.2147,2.7132,0.0000,0.106438,"0.106348;0.106438;0.106581",15.248997,65578.08,,12.28,0,6980,10,True,nid006971,57248608
SparseHNSW_a0.7_b1_p128,"M=32 efC=200 ef=3200 alpha=0.7 beta=1 q=u8 seedT=8 seedH=8 seedS=4 pat=128",64,0.8158595989,0.6711,301.2147,2.7132,0.0000,0.111488,"0.111761;0.110447;0.111488",15.972493,62607.63,,12.28,0,6980,10,True,nid006971,57248608
SparseHNSW_a0.7_b2_p128,"M=32 efC=200 ef=10 alpha=0.7 beta=2 q=u8 seedT=8 seedH=8 seedS=4 pat=128",64,0.8898424069,0.9701,301.2147,2.7132,0.0000,0.028563,"0.028642;0.028563;0.028451",4.092120,244372.09,,12.28,0,6980,10,True,nid006971,57248608
SparseHNSW_a0.7_b2_p128,"M=32 efC=200 ef=20 alpha=0.7 beta=2 q=u8 seedT=8 seedH=8 seedS=4 pat=128",64,0.8898424069,0.9701,301.2147,2.7132,0.0000,0.028149,"0.028142;0.028277;0.028149",4.032808,247966.18,,12.28,0,6980,10,True,nid006971,57248608
SparseHNSW_a0.7_b2_p128,"M=32 efC=200 ef=50 alpha=0.7 beta=2 q=u8 seedT=8 seedH=8 seedS=4 pat=128",64,0.9081948424,0.9818,301.2147,2.7132,0.0000,0.039082,"0.039082;0.039122;0.038850",5.599140,178598.84,,12.28,0,6980,10,True,nid006971,57248608
SparseHNSW_a0.7_b2_p128,"M=32 efC=200 ef=100 alpha=0.7 beta=2 q=u8 seedT=8 seedH=8 seedS=4 pat=128",64,0.9249713467,0.9904,301.2147,2.7132,0.0000,0.067139,"0.067139;0.067175;0.067052",9.618768,103963.42,,12.28,0,6980,10,True,nid006971,57248608
SparseHNSW_a0.7_b2_p128,"M=32 efC=200 ef=200 alpha=0.7 beta=2 q=u8 seedT=8 seedH=8 seedS=4 pat=128",64,0.9348424069,0.9947,301.2147,2.7132,0.0000,0.099475,"0.100400;0.099475;0.099341",14.251433,70168.38,,12.28,0,6980,10,True,nid006971,57248608
SparseHNSW_a0.7_b2_p128,"M=32 efC=200 ef=400 alpha=0.7 beta=2 q=u8 seedT=8 seedH=8 seedS=4 pat=128",64,0.9369484241,0.9957,301.2147,2.7132,0.0000,0.106628,"0.106628;0.106230;0.106698",15.276218,65461.23,,12.28,0,6980,10,True,nid006971,57248608
SparseHNSW_a0.7_b2_p128,"M=32 efC=200 ef=800 alpha=0.7 beta=2 q=u8 seedT=8 seedH=8 seedS=4 pat=128",64,0.9369484241,0.9957,301.2147,2.7132,0.0000,0.110609,"0.110609;0.110449;0.110956",15.846562,63105.17,,12.28,0,6980,10,True,nid006971,57248608
SparseHNSW_a0.7_b2_p128,"M=32 efC=200 ef=1600 alpha=0.7 beta=2 q=u8 seedT=8 seedH=8 seedS=4 pat=128",64,0.9369484241,0.9957,301.2147,2.7132,0.0000,0.116345,"0.116345;0.116021;0.117108",16.668338,59993.98,,12.28,0,6980,10,True,nid006971,57248608
SparseHNSW_a0.7_b2_p128,"M=32 efC=200 ef=3200 alpha=0.7 beta=2 q=u8 seedT=8 seedH=8 seedS=4 pat=128",64,0.9369484241,0.9957,301.2147,2.7132,0.0000,0.121165,"0.121165;0.120033;0.121506",17.358883,57607.39,,12.28,0,6980,10,True,nid006971,57248608
SparseHNSW_a0.7_b3_p128,"M=32 efC=200 ef=10 alpha=0.7 beta=3 q=u8 seedT=8 seedH=8 seedS=4 pat=128",64,0.9072349570,0.9701,301.2147,2.7132,0.0000,0.029066,"0.029066;0.028987;0.029163",4.164183,240143.12,,12.28,0,6980,10,True,nid006971,57248608
SparseHNSW_a0.7_b3_p128,"M=32 efC=200 ef=20 alpha=0.7 beta=3 q=u8 seedT=8 seedH=8 seedS=4 pat=128",64,0.9072349570,0.9701,301.2147,2.7132,0.0000,0.028613,"0.028737;0.028613;0.028565",4.099284,243945.06,,12.28,0,6980,10,True,nid006971,57248608
SparseHNSW_a0.7_b3_p128,"M=32 efC=200 ef=50 alpha=0.7 beta=3 q=u8 seedT=8 seedH=8 seedS=4 pat=128",64,0.9262607450,0.9818,301.2147,2.7132,0.0000,0.039390,"0.039390;0.039311;0.039450",5.643266,177202.34,,12.28,0,6980,10,True,nid006971,57248608
SparseHNSW_a0.7_b3_p128,"M=32 efC=200 ef=100 alpha=0.7 beta=3 q=u8 seedT=8 seedH=8 seedS=4 pat=128",64,0.9443982808,0.9904,301.2147,2.7132,0.0000,0.067426,"0.068414;0.067426;0.067271",9.659885,103520.90,,12.28,0,6980,10,True,nid006971,57248608
SparseHNSW_a0.7_b3_p128,"M=32 efC=200 ef=200 alpha=0.7 beta=3 q=u8 seedT=8 seedH=8 seedS=4 pat=128",64,0.9550286533,0.9948,301.2147,2.7132,0.0000,0.105301,"0.105496;0.104989;0.105301",15.086103,66286.17,,12.28,0,6980,10,True,nid006971,57248608
SparseHNSW_a0.7_b3_p128,"M=32 efC=200 ef=400 alpha=0.7 beta=3 q=u8 seedT=8 seedH=8 seedS=4 pat=128",64,0.9581088825,0.9963,301.2147,2.7132,0.0000,0.115527,"0.115266;0.115777;0.115527",16.551146,60418.78,,12.28,0,6980,10,True,nid006971,57248608
SparseHNSW_a0.7_b3_p128,"M=32 efC=200 ef=800 alpha=0.7 beta=3 q=u8 seedT=8 seedH=8 seedS=4 pat=128",64,0.9581375358,0.9963,301.2147,2.7132,0.0000,0.120281,"0.120515;0.119590;0.120281",17.232235,58030.78,,12.28,0,6980,10,True,nid006971,57248608
SparseHNSW_a0.7_b3_p128,"M=32 efC=200 ef=1600 alpha=0.7 beta=3 q=u8 seedT=8 seedH=8 seedS=4 pat=128",64,0.9581375358,0.9963,301.2147,2.7132,0.0000,0.125375,"0.125581;0.125375;0.125333",17.962034,55672.98,,12.28,0,6980,10,True,nid006971,57248608
SparseHNSW_a0.7_b3_p128,"M=32 efC=200 ef=3200 alpha=0.7 beta=3 q=u8 seedT=8 seedH=8 seedS=4 pat=128",64,0.9581375358,0.9963,301.2147,2.7132,0.0000,0.131877,"0.131777;0.131877;0.132492",18.893553,52928.11,,12.28,0,6980,10,True,nid006971,57248608
SparseHNSW_a0.7_b4_p128,"M=32 efC=200 ef=10 alpha=0.7 beta=4 q=u8 seedT=8 seedH=8 seedS=4 pat=128",64,0.9239684814,0.9768,301.2147,2.7132,0.0000,0.033838,"0.033918;0.033838;0.033769",4.847851,206276.97,,12.28,0,6980,10,True,nid006971,57248608
SparseHNSW_a0.7_b4_p128,"M=32 efC=200 ef=20 alpha=0.7 beta=4 q=u8 seedT=8 seedH=8 seedS=4 pat=128",64,0.9239684814,0.9768,301.2147,2.7132,0.0000,0.033555,"0.033555;0.033581;0.033485",4.807307,208016.69,,12.28,0,6980,10,True,nid006971,57248608
SparseHNSW_a0.7_b4_p128,"M=32 efC=200 ef=50 alpha=0.7 beta=4 q=u8 seedT=8 seedH=8 seedS=4 pat=128",64,0.9322636103,0.9818,301.2147,2.7132,0.0000,0.039524,"0.039501;0.039581;0.039524",5.662464,176601.56,,12.28,0,6980,10,True,nid006971,57248608
SparseHNSW_a0.7_b4_p128,"M=32 efC=200 ef=100 alpha=0.7 beta=4 q=u8 seedT=8 seedH=8 seedS=4 pat=128",64,0.9509312321,0.9904,301.2147,2.7132,0.0000,0.067937,"0.067937;0.068153;0.067479",9.733095,102742.25,,12.28,0,6980,10,True,nid006971,57248608
SparseHNSW_a0.7_b4_p128,"M=32 efC=200 ef=200 alpha=0.7 beta=4 q=u8 seedT=8 seedH=8 seedS=4 pat=128",64,0.9624355301,0.9953,301.2147,2.7132,0.0000,0.110427,"0.110228;0.110427;0.110440",15.820487,63209.18,,12.28,0,6980,10,True,nid006971,57248608
SparseHNSW_a0.7_b4_p128,"M=32 efC=200 ef=400 alpha=0.7 beta=4 q=u8 seedT=8 seedH=8 seedS=4 pat=128",64,0.9665042980,0.9973,301.2147,2.7132,0.0000,0.124879,"0.124915;0.124879;0.124484",17.890974,55894.11,,12.28,0,6980,10,True,nid006971,57248608
SparseHNSW_a0.7_b4_p128,"M=32 efC=200 ef=800 alpha=0.7 beta=4 q=u8 seedT=8 seedH=8 seedS=4 pat=128",64,0.9665902579,0.9973,301.2147,2.7132,0.0000,0.130394,"0.131319;0.130237;0.130394",18.681089,53530.07,,12.28,0,6980,10,True,nid006971,57248608
SparseHNSW_a0.7_b4_p128,"M=32 efC=200 ef=1600 alpha=0.7 beta=4 q=u8 seedT=8 seedH=8 seedS=4 pat=128",64,0.9665902579,0.9973,301.2147,2.7132,0.0000,0.136323,"0.136277;0.136323;0.136821",19.530516,51201.92,,12.28,0,6980,10,True,nid006971,57248608
SparseHNSW_a0.7_b4_p128,"M=32 efC=200 ef=3200 alpha=0.7 beta=4 q=u8 seedT=8 seedH=8 seedS=4 pat=128",64,0.9665902579,0.9973,301.2147,2.7132,0.0000,0.142543,"0.142020;0.142543;0.142960",20.421633,48967.68,,12.28,0,6980,10,True,nid006971,57248608
SparseHNSW_a0.7_b5_p128,"M=32 efC=200 ef=10 alpha=0.7 beta=5 q=u8 seedT=8 seedH=8 seedS=4 pat=128",64,0.9345128940,0.9819,301.2147,2.7132,0.0000,0.040427,"0.040329;0.040537;0.040427",5.791834,172656.89,,12.28,0,6980,10,True,nid006971,57248608
SparseHNSW_a0.7_b5_p128,"M=32 efC=200 ef=20 alpha=0.7 beta=5 q=u8 seedT=8 seedH=8 seedS=4 pat=128",64,0.9345128940,0.9819,301.2147,2.7132,0.0000,0.040422,"0.040522;0.040092;0.040422",5.791117,172678.24,,12.28,0,6980,10,True,nid006971,57248608
SparseHNSW_a0.7_b5_p128,"M=32 efC=200 ef=50 alpha=0.7 beta=5 q=u8 seedT=8 seedH=8 seedS=4 pat=128",64,0.9345128940,0.9819,301.2147,2.7132,0.0000,0.040295,"0.040137;0.040295;0.040360",5.772923,173222.48,,12.28,0,6980,10,True,nid006971,57248608
SparseHNSW_a0.7_b5_p128,"M=32 efC=200 ef=100 alpha=0.7 beta=5 q=u8 seedT=8 seedH=8 seedS=4 pat=128",64,0.9534240688,0.9904,301.2147,2.7132,0.0000,0.067945,"0.067945;0.068277;0.067723",9.734241,102730.15,,12.28,0,6980,10,True,nid006971,57248608
SparseHNSW_a0.7_b5_p128,"M=32 efC=200 ef=200 alpha=0.7 beta=5 q=u8 seedT=8 seedH=8 seedS=4 pat=128",64,0.9652148997,0.9953,301.2147,2.7132,0.0000,0.113620,"0.113041;0.113987;0.113620",16.277937,61432.85,,12.28,0,6980,10,True,nid006971,57248608
SparseHNSW_a0.7_b5_p128,"M=32 efC=200 ef=400 alpha=0.7 beta=5 q=u8 seedT=8 seedH=8 seedS=4 pat=128",64,0.9698567335,0.9974,301.2147,2.7132,0.0000,0.133963,"0.133591;0.134242;0.133963",19.192407,52103.94,,12.28,0,6980,10,True,nid006971,57248608
SparseHNSW_a0.7_b5_p128,"M=32 efC=200 ef=800 alpha=0.7 beta=5 q=u8 seedT=8 seedH=8 seedS=4 pat=128",64,0.9700716332,0.9974,301.2147,2.7132,0.0000,0.140294,"0.140294;0.139885;0.140380",20.099427,49752.66,,12.28,0,6980,10,True,nid006971,57248608
SparseHNSW_a0.7_b5_p128,"M=32 efC=200 ef=1600 alpha=0.7 beta=5 q=u8 seedT=8 seedH=8 seedS=4 pat=128",64,0.9700716332,0.9974,301.2147,2.7132,0.0000,0.146714,"0.146832;0.145742;0.146714",21.019198,47575.56,,12.28,0,6980,10,True,nid006971,57248608
SparseHNSW_a0.7_b5_p128,"M=32 efC=200 ef=3200 alpha=0.7 beta=5 q=u8 seedT=8 seedH=8 seedS=4 pat=128",64,0.9700716332,0.9974,301.2147,2.7132,0.0000,0.151364,"0.151364;0.152087;0.150481",21.685387,46114.00,,12.28,0,6980,10,True,nid006971,57248608
SparseHNSW_a0.7_b6_p128,"M=32 efC=200 ef=10 alpha=0.7 beta=6 q=u8 seedT=8 seedH=8 seedS=4 pat=128",64,0.9416618911,0.9845,301.2147,2.7132,0.0000,0.046205,"0.046330;0.045993;0.046205",6.619628,151065.90,,12.28,0,6980,10,True,nid006971,57248608
SparseHNSW_a0.7_b6_p128,"M=32 efC=200 ef=20 alpha=0.7 beta=6 q=u8 seedT=8 seedH=8 seedS=4 pat=128",64,0.9416618911,0.9845,301.2147,2.7132,0.0000,0.046311,"0.046385;0.046236;0.046311",6.634814,150720.13,,12.28,0,6980,10,True,nid006971,57248608
SparseHNSW_a0.7_b6_p128,"M=32 efC=200 ef=50 alpha=0.7 beta=6 q=u8 seedT=8 seedH=8 seedS=4 pat=128",64,0.9416618911,0.9845,301.2147,2.7132,0.0000,0.046182,"0.046182;0.046132;0.046334",6.616332,151141.14,,12.28,0,6980,10,True,nid006971,57248608
SparseHNSW_a0.7_b6_p128,"M=32 efC=200 ef=100 alpha=0.7 beta=6 q=u8 seedT=8 seedH=8 seedS=4 pat=128",64,0.9550143266,0.9904,301.2147,2.7132,0.0000,0.068526,"0.069054;0.068526;0.068328",9.817479,101859.15,,12.28,0,6980,10,True,nid006971,57248608
SparseHNSW_a0.7_b6_p128,"M=32 efC=200 ef=200 alpha=0.7 beta=6 q=u8 seedT=8 seedH=8 seedS=4 pat=128",64,0.9668911175,0.9953,301.2147,2.7132,0.0000,0.116158,"0.116537;0.116158;0.115905",16.641547,60090.57,,12.28,0,6980,10,True,nid006971,57248608
SparseHNSW_a0.7_b6_p128,"M=32 efC=200 ef=400 alpha=0.7 beta=6 q=u8 seedT=8 seedH=8 seedS=4 pat=128",64,0.9722922636,0.9977,301.2147,2.7132,0.0000,0.141608,"0.142148;0.141608;0.141237",20.287679,49291.00,,12.28,0,6980,10,True,nid006971,57248608
SparseHNSW_a0.7_b6_p128,"M=32 efC=200 ef=800 alpha=0.7 beta=6 q=u8 seedT=8 seedH=8 seedS=4 pat=128",64,0.9725501433,0.9977,301.2147,2.7132,0.0000,0.148679,"0.148679;0.148865;0.147915",21.300716,46946.78,,12.28,0,6980,10,True,nid006971,57248608
SparseHNSW_a0.7_b6_p128,"M=32 efC=200 ef=1600 alpha=0.7 beta=6 q=u8 seedT=8 seedH=8 seedS=4 pat=128",64,0.9725644699,0.9977,301.2147,2.7132,0.0000,0.155913,"0.155993;0.154387;0.155913",22.337106,44768.56,,12.28,0,6980,10,True,nid006971,57248608
SparseHNSW_a0.7_b6_p128,"M=32 efC=200 ef=3200 alpha=0.7 beta=6 q=u8 seedT=8 seedH=8 seedS=4 pat=128",64,0.9725644699,0.9977,301.2147,2.7132,0.0000,0.161573,"0.161705;0.161573;0.161217",23.147994,43200.29,,12.28,0,6980,10,True,nid006971,57248608
SparseHNSW_a0.7_b8_p128,"M=32 efC=200 ef=10 alpha=0.7 beta=8 q=u8 seedT=8 seedH=8 seedS=4 pat=128",64,0.9513323782,0.9880,301.2147,2.7132,0.0000,0.058104,"0.058104;0.057872;0.058148",8.324355,120129.42,,12.28,0,6980,10,True,nid006971,57248608
SparseHNSW_a0.7_b8_p128,"M=32 efC=200 ef=20 alpha=0.7 beta=8 q=u8 seedT=8 seedH=8 seedS=4 pat=128",64,0.9513323782,0.9880,301.2147,2.7132,0.0000,0.057647,"0.057899;0.057530;0.057647",8.258883,121081.76,,12.28,0,6980,10,True,nid006971,57248608
SparseHNSW_a0.7_b8_p128,"M=32 efC=200 ef=50 alpha=0.7 beta=8 q=u8 seedT=8 seedH=8 seedS=4 pat=128",64,0.9513323782,0.9880,301.2147,2.7132,0.0000,0.057855,"0.057696;0.057855;0.058647",8.288682,120646.44,,12.28,0,6980,10,True,nid006971,57248608
SparseHNSW_a0.7_b8_p128,"M=32 efC=200 ef=100 alpha=0.7 beta=8 q=u8 seedT=8 seedH=8 seedS=4 pat=128",64,0.9565472779,0.9904,301.2147,2.7132,0.0000,0.069506,"0.069506;0.069175;0.070310",9.957880,100422.99,,12.28,0,6980,10,True,nid006971,57248608
SparseHNSW_a0.7_b8_p128,"M=32 efC=200 ef=200 alpha=0.7 beta=8 q=u8 seedT=8 seedH=8 seedS=4 pat=128",64,0.9686532951,0.9953,301.2147,2.7132,0.0000,0.120240,"0.120737;0.120240;0.120187",17.226361,58050.57,,12.28,0,6980,10,True,nid006971,57248608
SparseHNSW_a0.7_b8_p128,"M=32 efC=200 ef=400 alpha=0.7 beta=8 q=u8 seedT=8 seedH=8 seedS=4 pat=128",64,0.9746561605,0.9977,301.2147,2.7132,0.0000,0.157378,"0.157534;0.157378;0.157067",22.546991,44351.82,,12.28,0,6980,10,True,nid006971,57248608
SparseHNSW_a0.7_b8_p128,"M=32 efC=200 ef=800 alpha=0.7 beta=8 q=u8 seedT=8 seedH=8 seedS=4 pat=128",64,0.9752148997,0.9979,301.2147,2.7132,0.0000,0.166911,"0.166609;0.167400;0.166911",23.912751,41818.69,,12.28,0,6980,10,True,nid006971,57248608
SparseHNSW_a0.7_b8_p128,"M=32 efC=200 ef=1600 alpha=0.7 beta=8 q=u8 seedT=8 seedH=8 seedS=4 pat=128",64,0.9752292264,0.9979,301.2147,2.7132,0.0000,0.173982,"0.173655;0.174112;0.173982",24.925788,40119.09,,12.28,0,6980,10,True,nid006971,57248608
SparseHNSW_a0.7_b8_p128,"M=32 efC=200 ef=3200 alpha=0.7 beta=8 q=u8 seedT=8 seedH=8 seedS=4 pat=128",64,0.9752292264,0.9979,301.2147,2.7132,0.0000,0.179754,"0.179754;0.180236;0.178713",25.752722,38830.85,,12.28,0,6980,10,True,nid006971,57248608
SparseHNSW_a0.7_b1_p256,"M=32 efC=200 ef=10 alpha=0.7 beta=1 q=u8 seedT=8 seedH=8 seedS=4 pat=256",64,0.7800859599,0.6368,301.2147,2.7132,0.0000,0.027718,"0.027835;0.027718;0.027653",3.971060,251821.92,,12.28,0,6980,10,True,nid006971,57248608
SparseHNSW_a0.7_b1_p256,"M=32 efC=200 ef=20 alpha=0.7 beta=1 q=u8 seedT=8 seedH=8 seedS=4 pat=256",64,0.7800859599,0.6368,301.2147,2.7132,0.0000,0.027358,"0.027493;0.027358;0.027275",3.919484,255135.61,,12.28,0,6980,10,True,nid006971,57248608
SparseHNSW_a0.7_b1_p256,"M=32 efC=200 ef=50 alpha=0.7 beta=1 q=u8 seedT=8 seedH=8 seedS=4 pat=256",64,0.7945988539,0.6503,301.2147,2.7132,0.0000,0.038168,"0.038168;0.038302;0.038116",5.468195,182875.71,,12.28,0,6980,10,True,nid006971,57248608
SparseHNSW_a0.7_b1_p256,"M=32 efC=200 ef=100 alpha=0.7 beta=1 q=u8 seedT=8 seedH=8 seedS=4 pat=256",64,0.8079942693,0.6630,301.2147,2.7132,0.0000,0.066844,"0.066835;0.067120;0.066844",9.576504,104422.24,,12.28,0,6980,10,True,nid006971,57248608
SparseHNSW_a0.7_b1_p256,"M=32 efC=200 ef=200 alpha=0.7 beta=1 q=u8 seedT=8 seedH=8 seedS=4 pat=256",64,0.8167335244,0.6715,301.2147,2.7132,0.0000,0.118768,"0.118472;0.118768;0.119521",17.015473,58770.04,,12.28,0,6980,10,True,nid006971,57248608
SparseHNSW_a0.7_b1_p256,"M=32 efC=200 ef=400 alpha=0.7 beta=1 q=u8 seedT=8 seedH=8 seedS=4 pat=256",64,0.8213896848,0.6758,301.2147,2.7132,0.0000,0.161717,"0.161717;0.161289;0.162350",23.168625,43161.82,,12.28,0,6980,10,True,nid006971,57248608
SparseHNSW_a0.7_b1_p256,"M=32 efC=200 ef=800 alpha=0.7 beta=1 q=u8 seedT=8 seedH=8 seedS=4 pat=256",64,0.8216475645,0.6759,301.2147,2.7132,0.0000,0.168096,"0.168096;0.167958;0.168867",24.082521,41523.89,,12.28,0,6980,10,True,nid006971,57248608
SparseHNSW_a0.7_b1_p256,"M=32 efC=200 ef=1600 alpha=0.7 beta=1 q=u8 seedT=8 seedH=8 seedS=4 pat=256",64,0.8216475645,0.6759,301.2147,2.7132,0.0000,0.175130,"0.174533;0.175823;0.175130",25.090258,39856.11,,12.28,0,6980,10,True,nid006971,57248608
SparseHNSW_a0.7_b1_p256,"M=32 efC=200 ef=3200 alpha=0.7 beta=1 q=u8 seedT=8 seedH=8 seedS=4 pat=256",64,0.8216475645,0.6759,301.2147,2.7132,0.0000,0.181784,"0.180357;0.181784;0.182661",26.043553,38397.22,,12.28,0,6980,10,True,nid006971,57248608
SparseHNSW_a0.7_b2_p256,"M=32 efC=200 ef=10 alpha=0.7 beta=2 q=u8 seedT=8 seedH=8 seedS=4 pat=256",64,0.8898424069,0.9701,301.2147,2.7132,0.0000,0.028713,"0.029031;0.028713;0.028572",4.113610,243095.46,,12.28,0,6980,10,True,nid006971,57248608
SparseHNSW_a0.7_b2_p256,"M=32 efC=200 ef=20 alpha=0.7 beta=2 q=u8 seedT=8 seedH=8 seedS=4 pat=256",64,0.8898424069,0.9701,301.2147,2.7132,0.0000,0.028248,"0.028305;0.028173;0.028248",4.046991,247097.14,,12.28,0,6980,10,True,nid006971,57248608
SparseHNSW_a0.7_b2_p256,"M=32 efC=200 ef=50 alpha=0.7 beta=2 q=u8 seedT=8 seedH=8 seedS=4 pat=256",64,0.9081948424,0.9818,301.2147,2.7132,0.0000,0.039007,"0.038803;0.039028;0.039007",5.588395,178942.24,,12.28,0,6980,10,True,nid006971,57248608
SparseHNSW_a0.7_b2_p256,"M=32 efC=200 ef=100 alpha=0.7 beta=2 q=u8 seedT=8 seedH=8 seedS=4 pat=256",64,0.9249713467,0.9904,301.2147,2.7132,0.0000,0.067238,"0.067015;0.067238;0.067297",9.632951,103810.35,,12.28,0,6980,10,True,nid006971,57248608
SparseHNSW_a0.7_b2_p256,"M=32 efC=200 ef=200 alpha=0.7 beta=2 q=u8 seedT=8 seedH=8 seedS=4 pat=256",64,0.9361318052,0.9953,301.2147,2.7132,0.0000,0.119679,"0.119658;0.119757;0.119679",17.145989,58322.68,,12.28,0,6980,10,True,nid006971,57248608
SparseHNSW_a0.7_b2_p256,"M=32 efC=200 ef=400 alpha=0.7 beta=2 q=u8 seedT=8 seedH=8 seedS=4 pat=256",64,0.9430659026,0.9987,301.2147,2.7132,0.0000,0.170464,"0.170464;0.169138;0.170506",24.421777,40947.06,,12.28,0,6980,10,True,nid006971,57248608
SparseHNSW_a0.7_b2_p256,"M=32 efC=200 ef=800 alpha=0.7 beta=2 q=u8 seedT=8 seedH=8 seedS=4 pat=256",64,0.9436246418,0.9989,301.2147,2.7132,0.0000,0.180554,"0.180554;0.181062;0.180495",25.867335,38658.79,,12.28,0,6980,10,True,nid006971,57248608
SparseHNSW_a0.7_b2_p256,"M=32 efC=200 ef=1600 alpha=0.7 beta=2 q=u8 seedT=8 seedH=8 seedS=4 pat=256",64,0.9436246418,0.9989,301.2147,2.7132,0.0000,0.186532,"0.186532;0.187012;0.186359",26.723782,37419.85,,12.28,0,6980,10,True,nid006971,57248608
SparseHNSW_a0.7_b2_p256,"M=32 efC=200 ef=3200 alpha=0.7 beta=2 q=u8 seedT=8 seedH=8 seedS=4 pat=256",64,0.9436246418,0.9989,301.2147,2.7132,0.0000,0.192477,"0.192477;0.192372;0.192952",27.575501,36264.07,,12.28,0,6980,10,True,nid006971,57248608
SparseHNSW_a0.7_b3_p256,"M=32 efC=200 ef=10 alpha=0.7 beta=3 q=u8 seedT=8 seedH=8 seedS=4 pat=256",64,0.9072349570,0.9701,301.2147,2.7132,0.0000,0.029020,"0.029020;0.029021;0.028883",4.157593,240523.78,,12.28,0,6980,10,True,nid006971,57248608
SparseHNSW_a0.7_b3_p256,"M=32 efC=200 ef=20 alpha=0.7 beta=3 q=u8 seedT=8 seedH=8 seedS=4 pat=256",64,0.9072349570,0.9701,301.2147,2.7132,0.0000,0.028624,"0.028641;0.028624;0.028623",4.100860,243851.31,,12.28,0,6980,10,True,nid006971,57248608
SparseHNSW_a0.7_b3_p256,"M=32 efC=200 ef=50 alpha=0.7 beta=3 q=u8 seedT=8 seedH=8 seedS=4 pat=256",64,0.9262607450,0.9818,301.2147,2.7132,0.0000,0.039313,"0.039369;0.039313;0.039238",5.632235,177549.41,,12.28,0,6980,10,True,nid006971,57248608
SparseHNSW_a0.7_b3_p256,"M=32 efC=200 ef=100 alpha=0.7 beta=3 q=u8 seedT=8 seedH=8 seedS=4 pat=256",64,0.9443982808,0.9904,301.2147,2.7132,0.0000,0.067994,"0.067994;0.067629;0.068220",9.741261,102656.12,,12.28,0,6980,10,True,nid006971,57248608
SparseHNSW_a0.7_b3_p256,"M=32 efC=200 ef=200 alpha=0.7 beta=3 q=u8 seedT=8 seedH=8 seedS=4 pat=256",64,0.9559598854,0.9953,301.2147,2.7132,0.0000,0.119862,"0.119862;0.119555;0.119869",17.172206,58233.64,,12.28,0,6980,10,True,nid006971,57248608
SparseHNSW_a0.7_b3_p256,"M=32 efC=200 ef=400 alpha=0.7 beta=3 q=u8 seedT=8 seedH=8 seedS=4 pat=256",64,0.9634240688,0.9987,301.2147,2.7132,0.0000,0.177399,"0.178128;0.177218;0.177399",25.415330,39346.33,,12.28,0,6980,10,True,nid006971,57248608
SparseHNSW_a0.7_b3_p256,"M=32 efC=200 ef=800 alpha=0.7 beta=3 q=u8 seedT=8 seedH=8 seedS=4 pat=256",64,0.9642836676,0.9989,301.2147,2.7132,0.0000,0.193900,"0.193142;0.194515;0.193900",27.779370,35997.94,,12.28,0,6980,10,True,nid006971,57248608
SparseHNSW_a0.7_b3_p256,"M=32 efC=200 ef=1600 alpha=0.7 beta=3 q=u8 seedT=8 seedH=8 seedS=4 pat=256",64,0.9643409742,0.9989,301.2147,2.7132,0.0000,0.201192,"0.200526;0.201211;0.201192",28.824069,34693.23,,12.28,0,6980,10,True,nid006971,57248608
SparseHNSW_a0.7_b3_p256,"M=32 efC=200 ef=3200 alpha=0.7 beta=3 q=u8 seedT=8 seedH=8 seedS=4 pat=256",64,0.9643409742,0.9989,301.2147,2.7132,0.0000,0.207994,"0.207863;0.208350;0.207994",29.798567,33558.66,,12.28,0,6980,10,True,nid006971,57248608
SparseHNSW_a0.7_b4_p256,"M=32 efC=200 ef=10 alpha=0.7 beta=4 q=u8 seedT=8 seedH=8 seedS=4 pat=256",64,0.9239684814,0.9768,301.2147,2.7132,0.0000,0.033856,"0.033881;0.033856;0.033696",4.850430,206167.30,,12.28,0,6980,10,True,nid006971,57248608
SparseHNSW_a0.7_b4_p256,"M=32 efC=200 ef=20 alpha=0.7 beta=4 q=u8 seedT=8 seedH=8 seedS=4 pat=256",64,0.9239684814,0.9768,301.2147,2.7132,0.0000,0.033557,"0.033607;0.033557;0.033472",4.807593,208004.29,,12.28,0,6980,10,True,nid006971,57248608
SparseHNSW_a0.7_b4_p256,"M=32 efC=200 ef=50 alpha=0.7 beta=4 q=u8 seedT=8 seedH=8 seedS=4 pat=256",64,0.9322636103,0.9818,301.2147,2.7132,0.0000,0.039622,"0.039746;0.039504;0.039622",5.676504,176164.76,,12.28,0,6980,10,True,nid006971,57248608
SparseHNSW_a0.7_b4_p256,"M=32 efC=200 ef=100 alpha=0.7 beta=4 q=u8 seedT=8 seedH=8 seedS=4 pat=256",64,0.9509312321,0.9904,301.2147,2.7132,0.0000,0.067732,"0.067732;0.067568;0.068065",9.703725,103053.21,,12.28,0,6980,10,True,nid006971,57248608
SparseHNSW_a0.7_b4_p256,"M=32 efC=200 ef=200 alpha=0.7 beta=4 q=u8 seedT=8 seedH=8 seedS=4 pat=256",64,0.9627507163,0.9953,301.2147,2.7132,0.0000,0.119975,"0.120400;0.119975;0.119880",17.188395,58178.79,,12.28,0,6980,10,True,nid006971,57248608
SparseHNSW_a0.7_b4_p256,"M=32 efC=200 ef=400 alpha=0.7 beta=4 q=u8 seedT=8 seedH=8 seedS=4 pat=256",64,0.9706590258,0.9987,301.2147,2.7132,0.0000,0.184938,"0.184904;0.184938;0.185352",26.495415,37742.38,,12.28,0,6980,10,True,nid006971,57248608
SparseHNSW_a0.7_b4_p256,"M=32 efC=200 ef=800 alpha=0.7 beta=4 q=u8 seedT=8 seedH=8 seedS=4 pat=256",64,0.9717765043,0.9990,301.2147,2.7132,0.0000,0.205703,"0.204652;0.205703;0.205856",29.470344,33932.42,,12.28,0,6980,10,True,nid006971,57248608
SparseHNSW_a0.7_b4_p256,"M=32 efC=200 ef=1600 alpha=0.7 beta=4 q=u8 seedT=8 seedH=8 seedS=4 pat=256",64,0.9718911175,0.9990,301.2147,2.7132,0.0000,0.214090,"0.214538;0.213482;0.214090",30.671920,32603.11,,12.28,0,6980,10,True,nid006971,57248608
SparseHNSW_a0.7_b4_p256,"M=32 efC=200 ef=3200 alpha=0.7 beta=4 q=u8 seedT=8 seedH=8 seedS=4 pat=256",64,0.9718911175,0.9990,301.2147,2.7132,0.0000,0.221378,"0.222331;0.220212;0.221378",31.716046,31529.78,,12.28,0,6980,10,True,nid006971,57248608
SparseHNSW_a0.7_b5_p256,"M=32 efC=200 ef=10 alpha=0.7 beta=5 q=u8 seedT=8 seedH=8 seedS=4 pat=256",64,0.9345128940,0.9819,301.2147,2.7132,0.0000,0.040420,"0.040420;0.040609;0.040334",5.790831,172686.79,,12.28,0,6980,10,True,nid006971,57248608
SparseHNSW_a0.7_b5_p256,"M=32 efC=200 ef=20 alpha=0.7 beta=5 q=u8 seedT=8 seedH=8 seedS=4 pat=256",64,0.9345128940,0.9819,301.2147,2.7132,0.0000,0.040399,"0.040399;0.040442;0.040238",5.787822,172776.55,,12.28,0,6980,10,True,nid006971,57248608
SparseHNSW_a0.7_b5_p256,"M=32 efC=200 ef=50 alpha=0.7 beta=5 q=u8 seedT=8 seedH=8 seedS=4 pat=256",64,0.9345128940,0.9819,301.2147,2.7132,0.0000,0.040185,"0.040185;0.040357;0.039988",5.757163,173696.65,,12.28,0,6980,10,True,nid006971,57248608
SparseHNSW_a0.7_b5_p256,"M=32 efC=200 ef=100 alpha=0.7 beta=5 q=u8 seedT=8 seedH=8 seedS=4 pat=256",64,0.9534240688,0.9904,301.2147,2.7132,0.0000,0.068415,"0.068148;0.068415;0.068798",9.801576,102024.41,,12.28,0,6980,10,True,nid006971,57248608
SparseHNSW_a0.7_b5_p256,"M=32 efC=200 ef=200 alpha=0.7 beta=5 q=u8 seedT=8 seedH=8 seedS=4 pat=256",64,0.9654011461,0.9953,301.2147,2.7132,0.0000,0.120400,"0.120070;0.120400;0.120620",17.249284,57973.42,,12.28,0,6980,10,True,nid006971,57248608
SparseHNSW_a0.7_b5_p256,"M=32 efC=200 ef=400 alpha=0.7 beta=5 q=u8 seedT=8 seedH=8 seedS=4 pat=256",64,0.9736676218,0.9987,301.2147,2.7132,0.0000,0.191399,"0.191399;0.191808;0.191300",27.421060,36468.32,,12.28,0,6980,10,True,nid006971,57248608
SparseHNSW_a0.7_b5_p256,"M=32 efC=200 ef=800 alpha=0.7 beta=5 q=u8 seedT=8 seedH=8 seedS=4 pat=256",64,0.9750716332,0.9990,301.2147,2.7132,0.0000,0.216695,"0.215965;0.216827;0.216695",31.045129,32211.17,,12.28,0,6980,10,True,nid006971,57248608
SparseHNSW_a0.7_b5_p256,"M=32 efC=200 ef=1600 alpha=0.7 beta=5 q=u8 seedT=8 seedH=8 seedS=4 pat=256",64,0.9752292264,0.9990,301.2147,2.7132,0.0000,0.225147,"0.225147;0.225520;0.225043",32.256017,31001.97,,12.28,0,6980,10,True,nid006971,57248608
SparseHNSW_a0.7_b5_p256,"M=32 efC=200 ef=3200 alpha=0.7 beta=5 q=u8 seedT=8 seedH=8 seedS=4 pat=256",64,0.9752292264,0.9990,301.2147,2.7132,0.0000,0.233340,"0.233340;0.234192;0.231461",33.429799,29913.43,,12.28,0,6980,10,True,nid006971,57248608
SparseHNSW_a0.7_b6_p256,"M=32 efC=200 ef=10 alpha=0.7 beta=6 q=u8 seedT=8 seedH=8 seedS=4 pat=256",64,0.9416618911,0.9845,301.2147,2.7132,0.0000,0.046158,"0.046429;0.046158;0.046063",6.612894,151219.72,,12.28,0,6980,10,True,nid006971,57248608
SparseHNSW_a0.7_b6_p256,"M=32 efC=200 ef=20 alpha=0.7 beta=6 q=u8 seedT=8 seedH=8 seedS=4 pat=256",64,0.9416618911,0.9845,301.2147,2.7132,0.0000,0.046184,"0.046230;0.046184;0.046004",6.616619,151134.59,,12.28,0,6980,10,True,nid006971,57248608
SparseHNSW_a0.7_b6_p256,"M=32 efC=200 ef=50 alpha=0.7 beta=6 q=u8 seedT=8 seedH=8 seedS=4 pat=256",64,0.9416618911,0.9845,301.2147,2.7132,0.0000,0.046210,"0.046194;0.046210;0.046339",6.620344,151049.56,,12.28,0,6980,10,True,nid006971,57248608
SparseHNSW_a0.7_b6_p256,"M=32 efC=200 ef=100 alpha=0.7 beta=6 q=u8 seedT=8 seedH=8 seedS=4 pat=256",64,0.9550143266,0.9904,301.2147,2.7132,0.0000,0.068424,"0.068364;0.068424;0.068756",9.802865,102010.99,,12.28,0,6980,10,True,nid006971,57248608
SparseHNSW_a0.7_b6_p256,"M=32 efC=200 ef=200 alpha=0.7 beta=6 q=u8 seedT=8 seedH=8 seedS=4 pat=256",64,0.9670057307,0.9953,301.2147,2.7132,0.0000,0.120583,"0.120583;0.120934;0.120432",17.275501,57885.44,,12.28,0,6980,10,True,nid006971,57248608
SparseHNSW_a0.7_b6_p256,"M=32 efC=200 ef=400 alpha=0.7 beta=6 q=u8 seedT=8 seedH=8 seedS=4 pat=256",64,0.9754871060,0.9987,301.2147,2.7132,0.0000,0.196841,"0.196841;0.196928;0.196814",28.200716,35460.09,,12.28,0,6980,10,True,nid006971,57248608
SparseHNSW_a0.7_b6_p256,"M=32 efC=200 ef=800 alpha=0.7 beta=6 q=u8 seedT=8 seedH=8 seedS=4 pat=256",64,0.9772206304,0.9990,301.2147,2.7132,0.0000,0.228768,"0.228674;0.229604;0.228768",32.774785,30511.26,,12.28,0,6980,10,True,nid006971,57248608
SparseHNSW_a0.7_b6_p256,"M=32 efC=200 ef=1600 alpha=0.7 beta=6 q=u8 seedT=8 seedH=8 seedS=4 pat=256",64,0.9773925501,0.9990,301.2147,2.7132,0.0000,0.238533,"0.238533;0.238102;0.238626",34.173782,29262.20,,12.28,0,6980,10,True,nid006971,57248608
SparseHNSW_a0.7_b6_p256,"M=32 efC=200 ef=3200 alpha=0.7 beta=6 q=u8 seedT=8 seedH=8 seedS=4 pat=256",64,0.9773925501,0.9990,301.2147,2.7132,0.0000,0.246221,"0.246221;0.244987;0.246958",35.275215,28348.52,,12.28,0,6980,10,True,nid006971,57248608
SparseHNSW_a0.7_b8_p256,"M=32 efC=200 ef=10 alpha=0.7 beta=8 q=u8 seedT=8 seedH=8 seedS=4 pat=256",64,0.9513323782,0.9880,301.2147,2.7132,0.0000,0.057646,"0.057646;0.057600;0.057850",8.258739,121083.86,,12.28,0,6980,10,True,nid006971,57248608
SparseHNSW_a0.7_b8_p256,"M=32 efC=200 ef=20 alpha=0.7 beta=8 q=u8 seedT=8 seedH=8 seedS=4 pat=256",64,0.9513323782,0.9880,301.2147,2.7132,0.0000,0.058492,"0.057766;0.058560;0.058492",8.379943,119332.56,,12.28,0,6980,10,True,nid006971,57248608
SparseHNSW_a0.7_b8_p256,"M=32 efC=200 ef=50 alpha=0.7 beta=8 q=u8 seedT=8 seedH=8 seedS=4 pat=256",64,0.9513323782,0.9880,301.2147,2.7132,0.0000,0.058219,"0.057955;0.058390;0.058219",8.340831,119892.13,,12.28,0,6980,10,True,nid006971,57248608
SparseHNSW_a0.7_b8_p256,"M=32 efC=200 ef=100 alpha=0.7 beta=8 q=u8 seedT=8 seedH=8 seedS=4 pat=256",64,0.9565472779,0.9904,301.2147,2.7132,0.0000,0.068618,"0.068618;0.068896;0.068538",9.830659,101722.58,,12.28,0,6980,10,True,nid006971,57248608
SparseHNSW_a0.7_b8_p256,"M=32 efC=200 ef=200 alpha=0.7 beta=8 q=u8 seedT=8 seedH=8 seedS=4 pat=256",64,0.9686962751,0.9953,301.2147,2.7132,0.0000,0.121975,"0.121669;0.122325;0.121975",17.474928,57224.84,,12.28,0,6980,10,True,nid006971,57248608
SparseHNSW_a0.7_b8_p256,"M=32 efC=200 ef=400 alpha=0.7 beta=8 q=u8 seedT=8 seedH=8 seedS=4 pat=256",64,0.9771919771,0.9987,301.2147,2.7132,0.0000,0.204260,"0.204260;0.203551;0.204291",29.263610,34172.13,,12.28,0,6980,10,True,nid006971,57248608
SparseHNSW_a0.7_b8_p256,"M=32 efC=200 ef=800 alpha=0.7 beta=8 q=u8 seedT=8 seedH=8 seedS=4 pat=256",64,0.9797707736,0.9991,301.2147,2.7132,0.0000,0.250103,"0.250103;0.250761;0.250008",35.831375,27908.50,,12.28,0,6980,10,True,nid006971,57248608
SparseHNSW_a0.7_b8_p256,"M=32 efC=200 ef=1600 alpha=0.7 beta=8 q=u8 seedT=8 seedH=8 seedS=4 pat=256",64,0.9801289398,0.9991,301.2147,2.7132,0.0000,0.264286,"0.264286;0.264562;0.263056",37.863324,26410.78,,12.28,0,6980,10,True,nid006971,57248608
SparseHNSW_a0.7_b8_p256,"M=32 efC=200 ef=3200 alpha=0.7 beta=8 q=u8 seedT=8 seedH=8 seedS=4 pat=256",64,0.9801432665,0.9991,301.2147,2.7132,0.0000,0.271486,"0.269234;0.271486;0.271541",38.894842,25710.35,,12.28,0,6980,10,True,nid006971,57248608
SparseHNSW_a0.75_b1_p0,"M=32 efC=200 ef=10 alpha=0.75 beta=1 q=u8 seedT=8 seedH=8 seedS=4",64,0.8058595989,0.6496,333.7254,2.1960,0.0000,0.027172,"0.026137;0.027480;0.027172",3.892837,256882.08,,12.40,0,6980,10,True,nid006971,57248608
SparseHNSW_a0.75_b1_p0,"M=32 efC=200 ef=20 alpha=0.75 beta=1 q=u8 seedT=8 seedH=8 seedS=4",64,0.8058595989,0.6496,333.7254,2.1960,0.0000,0.026809,"0.026854;0.026789;0.026809",3.840831,260360.33,,12.40,0,6980,10,True,nid006971,57248608
SparseHNSW_a0.75_b1_p0,"M=32 efC=200 ef=50 alpha=0.75 beta=1 q=u8 seedT=8 seedH=8 seedS=4",64,0.8217048711,0.6659,333.7254,2.1960,0.0000,0.037487,"0.037487;0.037401;0.037509",5.370630,186197.88,,12.40,0,6980,10,True,nid006971,57248608
SparseHNSW_a0.75_b1_p0,"M=32 efC=200 ef=100 alpha=0.75 beta=1 q=u8 seedT=8 seedH=8 seedS=4",64,0.8376790831,0.6802,333.7254,2.1960,0.0000,0.065985,"0.065930;0.066076;0.065985",9.453438,105781.62,,12.40,0,6980,10,True,nid006971,57248608
SparseHNSW_a0.75_b1_p0,"M=32 efC=200 ef=200 alpha=0.75 beta=1 q=u8 seedT=8 seedH=8 seedS=4",64,0.8465759312,0.6884,333.7254,2.1960,0.0000,0.117480,"0.116819;0.117753;0.117480",16.830946,59414.37,,12.40,0,6980,10,True,nid006971,57248608
SparseHNSW_a0.75_b1_p0,"M=32 efC=200 ef=400 alpha=0.75 beta=1 q=u8 seedT=8 seedH=8 seedS=4",64,0.8518481375,0.6943,333.7254,2.1960,0.0000,0.210036,"0.209372;0.210970;0.210036",30.091117,33232.40,,12.40,0,6980,10,True,nid006971,57248608
SparseHNSW_a0.75_b1_p0,"M=32 efC=200 ef=800 alpha=0.75 beta=1 q=u8 seedT=8 seedH=8 seedS=4",64,0.8554154728,0.6988,333.7254,2.1960,0.0000,0.389010,"0.389471;0.387586;0.389010",55.732092,17942.98,,12.40,0,6980,10,True,nid006971,57248608
SparseHNSW_a0.75_b1_p0,"M=32 efC=200 ef=1600 alpha=0.75 beta=1 q=u8 seedT=8 seedH=8 seedS=4",64,0.8581088825,0.7034,333.7254,2.1960,0.0000,0.758784,"0.758784;0.761872;0.758108",108.708309,9198.93,,12.40,0,6980,10,True,nid006971,57248608
SparseHNSW_a0.75_b1_p0,"M=32 efC=200 ef=3200 alpha=0.75 beta=1 q=u8 seedT=8 seedH=8 seedS=4",64,0.8597134670,0.7059,333.7254,2.1960,0.0000,1.486772,"1.485376;1.486772;1.488443",213.004585,4694.73,,12.41,0,6980,10,True,nid006971,57248608
SparseHNSW_a0.75_b2_p0,"M=32 efC=200 ef=10 alpha=0.75 beta=2 q=u8 seedT=8 seedH=8 seedS=4",64,0.9017191977,0.9672,333.7254,2.1960,0.0000,0.027879,"0.027511;0.028023;0.027879",3.994126,250367.66,,12.41,0,6980,10,True,nid006971,57248608
SparseHNSW_a0.75_b2_p0,"M=32 efC=200 ef=20 alpha=0.75 beta=2 q=u8 seedT=8 seedH=8 seedS=4",64,0.9017191977,0.9672,333.7254,2.1960,0.0000,0.027469,"0.027591;0.027383;0.027469",3.935387,254104.63,,12.41,0,6980,10,True,nid006971,57248608
SparseHNSW_a0.75_b2_p0,"M=32 efC=200 ef=50 alpha=0.75 beta=2 q=u8 seedT=8 seedH=8 seedS=4",64,0.9214899713,0.9788,333.7254,2.1960,0.0000,0.037970,"0.037843;0.037970;0.038051",5.439828,183829.34,,12.41,0,6980,10,True,nid006971,57248608
SparseHNSW_a0.75_b2_p0,"M=32 efC=200 ef=100 alpha=0.75 beta=2 q=u8 seedT=8 seedH=8 seedS=4",64,0.9415902579,0.9899,333.7254,2.1960,0.0000,0.066376,"0.066405;0.066335;0.066376",9.509456,105158.49,,12.41,0,6980,10,True,nid006971,57248608
SparseHNSW_a0.75_b2_p0,"M=32 efC=200 ef=200 alpha=0.75 beta=2 q=u8 seedT=8 seedH=8 seedS=4",64,0.9531948424,0.9954,333.7254,2.1960,0.0000,0.117754,"0.117754;0.117207;0.117789",16.870201,59276.12,,12.41,0,6980,10,True,nid006971,57248608
SparseHNSW_a0.75_b2_p0,"M=32 efC=200 ef=400 alpha=0.75 beta=2 q=u8 seedT=8 seedH=8 seedS=4",64,0.9598567335,0.9977,333.7254,2.1960,0.0000,0.209779,"0.208148;0.209779;0.209957",30.054298,33273.11,,12.41,0,6980,10,True,nid006971,57248608
SparseHNSW_a0.75_b2_p0,"M=32 efC=200 ef=800 alpha=0.75 beta=2 q=u8 seedT=8 seedH=8 seedS=4",64,0.9644699140,0.9990,333.7254,2.1960,0.0000,0.387994,"0.387646;0.389559;0.387994",55.586533,17989.97,,12.41,0,6980,10,True,nid006971,57248608
SparseHNSW_a0.75_b2_p0,"M=32 efC=200 ef=1600 alpha=0.75 beta=2 q=u8 seedT=8 seedH=8 seedS=4",64,0.9677363897,0.9997,333.7254,2.1960,0.0000,0.757824,"0.756756;0.758329;0.757824",108.570774,9210.58,,12.41,0,6980,10,True,nid006971,57248608
SparseHNSW_a0.75_b2_p0,"M=32 efC=200 ef=3200 alpha=0.75 beta=2 q=u8 seedT=8 seedH=8 seedS=4",64,0.9700716332,1.0000,333.7254,2.1960,0.0000,1.485723,"1.485723;1.486297;1.483040",212.854298,4698.05,,12.41,0,6980,10,True,nid006971,57248608
SparseHNSW_a0.75_b3_p0,"M=32 efC=200 ef=10 alpha=0.75 beta=3 q=u8 seedT=8 seedH=8 seedS=4",64,0.9118481375,0.9672,333.7254,2.1960,0.0000,0.028171,"0.027501;0.028578;0.028171",4.035960,247772.53,,12.41,0,6980,10,True,nid006971,57248608
SparseHNSW_a0.75_b3_p0,"M=32 efC=200 ef=20 alpha=0.75 beta=3 q=u8 seedT=8 seedH=8 seedS=4",64,0.9118481375,0.9672,333.7254,2.1960,0.0000,0.027857,"0.027979;0.027801;0.027857",3.990974,250565.39,,12.41,0,6980,10,True,nid006971,57248608
SparseHNSW_a0.75_b3_p0,"M=32 efC=200 ef=50 alpha=0.75 beta=3 q=u8 seedT=8 seedH=8 seedS=4",64,0.9324068768,0.9788,333.7254,2.1960,0.0000,0.038454,"0.038349;0.038508;0.038454",5.509169,181515.58,,12.41,0,6980,10,True,nid006971,57248608
SparseHNSW_a0.75_b3_p0,"M=32 efC=200 ef=100 alpha=0.75 beta=3 q=u8 seedT=8 seedH=8 seedS=4",64,0.9535243553,0.9899,333.7254,2.1960,0.0000,0.066802,"0.066842;0.066698;0.066802",9.570487,104487.89,,12.41,0,6980,10,True,nid006971,57248608
SparseHNSW_a0.75_b3_p0,"M=32 efC=200 ef=200 alpha=0.75 beta=3 q=u8 seedT=8 seedH=8 seedS=4",64,0.9654154728,0.9954,333.7254,2.1960,0.0000,0.117281,"0.117216;0.117281;0.117667",16.802436,59515.18,,12.41,0,6980,10,True,nid006971,57248608
SparseHNSW_a0.75_b3_p0,"M=32 efC=200 ef=400 alpha=0.75 beta=3 q=u8 seedT=8 seedH=8 seedS=4",64,0.9724785100,0.9977,333.7254,2.1960,0.0000,0.209811,"0.209811;0.209268;0.210146",30.058883,33268.04,,12.41,0,6980,10,True,nid006971,57248608
SparseHNSW_a0.75_b3_p0,"M=32 efC=200 ef=800 alpha=0.75 beta=3 q=u8 seedT=8 seedH=8 seedS=4",64,0.9772349570,0.9990,333.7254,2.1960,0.0000,0.388981,"0.388968;0.389727;0.388981",55.727937,17944.32,,12.41,0,6980,10,True,nid006971,57248608
SparseHNSW_a0.75_b3_p0,"M=32 efC=200 ef=1600 alpha=0.75 beta=3 q=u8 seedT=8 seedH=8 seedS=4",64,0.9806160458,0.9997,333.7254,2.1960,0.0000,0.759271,"0.759271;0.759204;0.759516",108.778080,9193.03,,12.41,0,6980,10,True,nid006971,57248608
SparseHNSW_a0.75_b3_p0,"M=32 efC=200 ef=3200 alpha=0.75 beta=3 q=u8 seedT=8 seedH=8 seedS=4",64,0.9830515759,1.0000,333.7254,2.1960,0.0000,1.484234,"1.480878;1.484708;1.484234",212.640974,4702.76,,12.41,0,6980,10,True,nid006971,57248608
SparseHNSW_a0.75_b4_p0,"M=32 efC=200 ef=10 alpha=0.75 beta=4 q=u8 seedT=8 seedH=8 seedS=4",64,0.9254441261,0.9732,333.7254,2.1960,0.0000,0.033051,"0.032564;0.033168;0.033051",4.735100,211188.77,,12.41,0,6980,10,True,nid006971,57248608
SparseHNSW_a0.75_b4_p0,"M=32 efC=200 ef=20 alpha=0.75 beta=4 q=u8 seedT=8 seedH=8 seedS=4",64,0.9254441261,0.9732,333.7254,2.1960,0.0000,0.032795,"0.032795;0.032878;0.032574",4.698424,212837.32,,12.41,0,6980,10,True,nid006971,57248608
SparseHNSW_a0.75_b4_p0,"M=32 efC=200 ef=50 alpha=0.75 beta=4 q=u8 seedT=8 seedH=8 seedS=4",64,0.9354871060,0.9788,333.7254,2.1960,0.0000,0.038761,"0.038533;0.038761;0.038832",5.553152,180077.91,,12.41,0,6980,10,True,nid006971,57248608
SparseHNSW_a0.75_b4_p0,"M=32 efC=200 ef=100 alpha=0.75 beta=4 q=u8 seedT=8 seedH=8 seedS=4",64,0.9568624642,0.9899,333.7254,2.1960,0.0000,0.066630,"0.066551;0.066630;0.066899",9.545845,104757.62,,12.41,0,6980,10,True,nid006971,57248608
SparseHNSW_a0.75_b4_p0,"M=32 efC=200 ef=200 alpha=0.75 beta=4 q=u8 seedT=8 seedH=8 seedS=4",64,0.9688968481,0.9954,333.7254,2.1960,0.0000,0.117762,"0.117762;0.117822;0.117685",16.871347,59272.09,,12.41,0,6980,10,True,nid006971,57248608
SparseHNSW_a0.75_b4_p0,"M=32 efC=200 ef=400 alpha=0.75 beta=4 q=u8 seedT=8 seedH=8 seedS=4",64,0.9761604585,0.9977,333.7254,2.1960,0.0000,0.210412,"0.210412;0.210191;0.210551",30.144986,33173.01,,12.41,0,6980,10,True,nid006971,57248608
SparseHNSW_a0.75_b4_p0,"M=32 efC=200 ef=800 alpha=0.75 beta=4 q=u8 seedT=8 seedH=8 seedS=4",64,0.9809598854,0.9990,333.7254,2.1960,0.0000,0.389576,"0.389884;0.389576;0.389548",55.813181,17916.91,,12.41,0,6980,10,True,nid006971,57248608
SparseHNSW_a0.75_b4_p0,"M=32 efC=200 ef=1600 alpha=0.75 beta=4 q=u8 seedT=8 seedH=8 seedS=4",64,0.9843696275,0.9997,333.7254,2.1960,0.0000,0.758679,"0.755810;0.760940;0.758679",108.693266,9200.20,,12.41,0,6980,10,True,nid006971,57248608
SparseHNSW_a0.75_b4_p0,"M=32 efC=200 ef=3200 alpha=0.75 beta=4 q=u8 seedT=8 seedH=8 seedS=4",64,0.9868338109,1.0000,333.7254,2.1960,0.0000,1.485646,"1.484044;1.485646;1.486937",212.843266,4698.29,,12.41,0,6980,10,True,nid006971,57248608
SparseHNSW_a0.75_b5_p0,"M=32 efC=200 ef=10 alpha=0.75 beta=5 q=u8 seedT=8 seedH=8 seedS=4",64,0.9366905444,0.9788,333.7254,2.1960,0.0000,0.039260,"0.038953;0.039482;0.039260",5.624642,177789.10,,12.41,0,6980,10,True,nid006971,57248608
SparseHNSW_a0.75_b5_p0,"M=32 efC=200 ef=20 alpha=0.75 beta=5 q=u8 seedT=8 seedH=8 seedS=4",64,0.9366905444,0.9788,333.7254,2.1960,0.0000,0.039217,"0.039273;0.039217;0.039203",5.618481,177984.04,,12.41,0,6980,10,True,nid006971,57248608
SparseHNSW_a0.75_b5_p0,"M=32 efC=200 ef=50 alpha=0.75 beta=5 q=u8 seedT=8 seedH=8 seedS=4",64,0.9366905444,0.9788,333.7254,2.1960,0.0000,0.039109,"0.039109;0.039260;0.038974",5.603009,178475.54,,12.41,0,6980,10,True,nid006971,57248608
SparseHNSW_a0.75_b5_p0,"M=32 efC=200 ef=100 alpha=0.75 beta=5 q=u8 seedT=8 seedH=8 seedS=4",64,0.9582521490,0.9899,333.7254,2.1960,0.0000,0.067365,"0.067365;0.066764;0.067404",9.651146,103614.64,,12.41,0,6980,10,True,nid006971,57248608
SparseHNSW_a0.75_b5_p0,"M=32 efC=200 ef=200 alpha=0.75 beta=5 q=u8 seedT=8 seedH=8 seedS=4",64,0.9703581662,0.9954,333.7254,2.1960,0.0000,0.118156,"0.118156;0.117879;0.118968",16.927794,59074.44,,12.41,0,6980,10,True,nid006971,57248608
SparseHNSW_a0.75_b5_p0,"M=32 efC=200 ef=400 alpha=0.75 beta=5 q=u8 seedT=8 seedH=8 seedS=4",64,0.9776217765,0.9977,333.7254,2.1960,0.0000,0.210216,"0.210216;0.211220;0.209237",30.116905,33203.94,,12.41,0,6980,10,True,nid006971,57248608
SparseHNSW_a0.75_b5_p0,"M=32 efC=200 ef=800 alpha=0.75 beta=5 q=u8 seedT=8 seedH=8 seedS=4",64,0.9824641834,0.9990,333.7254,2.1960,0.0000,0.390878,"0.390878;0.391261;0.388468",55.999713,17857.23,,12.41,0,6980,10,True,nid006971,57248608
SparseHNSW_a0.75_b5_p0,"M=32 efC=200 ef=1600 alpha=0.75 beta=5 q=u8 seedT=8 seedH=8 seedS=4",64,0.9858739255,0.9997,333.7254,2.1960,0.0000,0.758209,"0.757708;0.759455;0.758209",108.625931,9205.90,,12.41,0,6980,10,True,nid006971,57248608
SparseHNSW_a0.75_b5_p0,"M=32 efC=200 ef=3200 alpha=0.75 beta=5 q=u8 seedT=8 seedH=8 seedS=4",64,0.9883381089,1.0000,333.7254,2.1960,0.0000,1.483834,"1.487283;1.483639;1.483834",212.583668,4704.03,,12.41,0,6980,10,True,nid006971,57248608
SparseHNSW_a0.75_b6_p0,"M=32 efC=200 ef=10 alpha=0.75 beta=6 q=u8 seedT=8 seedH=8 seedS=4",64,0.9442693410,0.9822,333.7254,2.1960,0.0000,0.045502,"0.045517;0.045394;0.045502",6.518911,153399.85,,12.41,0,6980,10,True,nid006971,57248608
SparseHNSW_a0.75_b6_p0,"M=32 efC=200 ef=20 alpha=0.75 beta=6 q=u8 seedT=8 seedH=8 seedS=4",64,0.9442693410,0.9822,333.7254,2.1960,0.0000,0.045516,"0.045516;0.045364;0.045789",6.520917,153352.67,,12.41,0,6980,10,True,nid006971,57248608
SparseHNSW_a0.75_b6_p0,"M=32 efC=200 ef=50 alpha=0.75 beta=6 q=u8 seedT=8 seedH=8 seedS=4",64,0.9442693410,0.9822,333.7254,2.1960,0.0000,0.045485,"0.045506;0.045485;0.045265",6.516476,153457.18,,12.41,0,6980,10,True,nid006971,57248608
SparseHNSW_a0.75_b6_p0,"M=32 efC=200 ef=100 alpha=0.75 beta=6 q=u8 seedT=8 seedH=8 seedS=4",64,0.9587535817,0.9899,333.7254,2.1960,0.0000,0.067309,"0.067309;0.067512;0.067207",9.643123,103700.84,,12.41,0,6980,10,True,nid006971,57248608
SparseHNSW_a0.75_b6_p0,"M=32 efC=200 ef=200 alpha=0.75 beta=6 q=u8 seedT=8 seedH=8 seedS=4",64,0.9709455587,0.9956,333.7254,2.1960,0.0000,0.117561,"0.117844;0.117472;0.117561",16.842550,59373.43,,12.41,0,6980,10,True,nid006971,57248608
SparseHNSW_a0.75_b6_p0,"M=32 efC=200 ef=400 alpha=0.75 beta=6 q=u8 seedT=8 seedH=8 seedS=4",64,0.9782951289,0.9977,333.7254,2.1960,0.0000,0.210779,"0.210779;0.210615;0.210936",30.197564,33115.25,,12.41,0,6980,10,True,nid006971,57248608
SparseHNSW_a0.75_b6_p0,"M=32 efC=200 ef=800 alpha=0.75 beta=6 q=u8 seedT=8 seedH=8 seedS=4",64,0.9831375358,0.9990,333.7254,2.1960,0.0000,0.389266,"0.389266;0.389839;0.388806",55.768768,17931.18,,12.41,0,6980,10,True,nid006971,57248608
SparseHNSW_a0.75_b6_p0,"M=32 efC=200 ef=1600 alpha=0.75 beta=6 q=u8 seedT=8 seedH=8 seedS=4",64,0.9865902579,0.9997,333.7254,2.1960,0.0000,0.758471,"0.758471;0.758893;0.757818",108.663467,9202.72,,12.41,0,6980,10,True,nid006971,57248608
SparseHNSW_a0.75_b6_p0,"M=32 efC=200 ef=3200 alpha=0.75 beta=6 q=u8 seedT=8 seedH=8 seedS=4",64,0.9890687679,1.0000,333.7254,2.1960,0.0000,1.483115,"1.483115;1.479062;1.485035",212.480659,4706.31,,12.41,0,6980,10,True,nid006971,57248608
SparseHNSW_a0.75_b8_p0,"M=32 efC=200 ef=10 alpha=0.75 beta=8 q=u8 seedT=8 seedH=8 seedS=4",64,0.9542693410,0.9876,333.7254,2.1960,0.0000,0.057251,"0.057251;0.057122;0.057268",8.202149,121919.27,,12.41,0,6980,10,True,nid006971,57248608
SparseHNSW_a0.75_b8_p0,"M=32 efC=200 ef=20 alpha=0.75 beta=8 q=u8 seedT=8 seedH=8 seedS=4",64,0.9542693410,0.9876,333.7254,2.1960,0.0000,0.057281,"0.057281;0.057359;0.057197",8.206447,121855.41,,12.41,0,6980,10,True,nid006971,57248608
SparseHNSW_a0.75_b8_p0,"M=32 efC=200 ef=50 alpha=0.75 beta=8 q=u8 seedT=8 seedH=8 seedS=4",64,0.9542693410,0.9876,333.7254,2.1960,0.0000,0.057113,"0.057113;0.057403;0.057106",8.182378,122213.86,,12.41,0,6980,10,True,nid006971,57248608
SparseHNSW_a0.75_b8_p0,"M=32 efC=200 ef=100 alpha=0.75 beta=8 q=u8 seedT=8 seedH=8 seedS=4",64,0.9594699140,0.9899,333.7254,2.1960,0.0000,0.068165,"0.068029;0.068203;0.068165",9.765759,102398.59,,12.41,0,6980,10,True,nid006971,57248608
SparseHNSW_a0.75_b8_p0,"M=32 efC=200 ef=200 alpha=0.75 beta=8 q=u8 seedT=8 seedH=8 seedS=4",64,0.9717191977,0.9956,333.7254,2.1960,0.0000,0.118903,"0.119361;0.118903;0.118820",17.034814,58703.31,,12.41,0,6980,10,True,nid006971,57248608
SparseHNSW_a0.75_b8_p0,"M=32 efC=200 ef=400 alpha=0.75 beta=8 q=u8 seedT=8 seedH=8 seedS=4",64,0.9790830946,0.9977,333.7254,2.1960,0.0000,0.212120,"0.212120;0.210889;0.212701",30.389685,32905.90,,12.41,0,6980,10,True,nid006971,57248608
SparseHNSW_a0.75_b8_p0,"M=32 efC=200 ef=800 alpha=0.75 beta=8 q=u8 seedT=8 seedH=8 seedS=4",64,0.9838968481,0.9990,333.7254,2.1960,0.0000,0.389596,"0.388834;0.389596;0.390588",55.816046,17916.00,,12.41,0,6980,10,True,nid006971,57248608
SparseHNSW_a0.75_b8_p0,"M=32 efC=200 ef=1600 alpha=0.75 beta=8 q=u8 seedT=8 seedH=8 seedS=4",64,0.9873495702,0.9997,333.7254,2.1960,0.0000,0.757602,"0.760479;0.757243;0.757602",108.538968,9213.28,,12.41,0,6980,10,True,nid006971,57248608
SparseHNSW_a0.75_b8_p0,"M=32 efC=200 ef=3200 alpha=0.75 beta=8 q=u8 seedT=8 seedH=8 seedS=4",64,0.9898280802,1.0000,333.7254,2.1960,0.0000,1.484354,"1.487827;1.484354;1.483881",212.658166,4702.38,,12.41,0,6980,10,True,nid006971,57248608
SparseHNSW_a0.75_b1_p64,"M=32 efC=200 ef=10 alpha=0.75 beta=1 q=u8 seedT=8 seedH=8 seedS=4 pat=64",64,0.8058595989,0.6496,333.7254,2.1960,0.0000,0.027004,"0.026691;0.027574;0.027004",3.868768,258480.23,,12.41,0,6980,10,True,nid006971,57248608
SparseHNSW_a0.75_b1_p64,"M=32 efC=200 ef=20 alpha=0.75 beta=1 q=u8 seedT=8 seedH=8 seedS=4 pat=64",64,0.8058595989,0.6496,333.7254,2.1960,0.0000,0.026780,"0.026838;0.026780;0.026710",3.836676,260642.27,,12.41,0,6980,10,True,nid006971,57248608
SparseHNSW_a0.75_b1_p64,"M=32 efC=200 ef=50 alpha=0.75 beta=1 q=u8 seedT=8 seedH=8 seedS=4 pat=64",64,0.8217048711,0.6659,333.7254,2.1960,0.0000,0.037388,"0.037473;0.037388;0.037290",5.356447,186690.92,,12.41,0,6980,10,True,nid006971,57248608
SparseHNSW_a0.75_b1_p64,"M=32 efC=200 ef=100 alpha=0.75 beta=1 q=u8 seedT=8 seedH=8 seedS=4 pat=64",64,0.8358309456,0.6783,333.7254,2.1960,0.0000,0.054529,"0.054572;0.054474;0.054529",7.812178,128005.28,,12.41,0,6980,10,True,nid006971,57248608
SparseHNSW_a0.75_b1_p64,"M=32 efC=200 ef=200 alpha=0.75 beta=1 q=u8 seedT=8 seedH=8 seedS=4 pat=64",64,0.8377793696,0.6802,333.7254,2.1960,0.0000,0.057776,"0.057776;0.057976;0.057697",8.277364,120811.41,,12.41,0,6980,10,True,nid006971,57248608
SparseHNSW_a0.75_b1_p64,"M=32 efC=200 ef=400 alpha=0.75 beta=1 q=u8 seedT=8 seedH=8 seedS=4 pat=64",64,0.8379226361,0.6804,333.7254,2.1960,0.0000,0.059583,"0.059652;0.059298;0.059583",8.536246,117147.51,,12.41,0,6980,10,True,nid006971,57248608
SparseHNSW_a0.75_b1_p64,"M=32 efC=200 ef=800 alpha=0.75 beta=1 q=u8 seedT=8 seedH=8 seedS=4 pat=64",64,0.8379226361,0.6804,333.7254,2.1960,0.0000,0.062498,"0.062479;0.062498;0.062716",8.953868,111683.57,,12.41,0,6980,10,True,nid006971,57248608
SparseHNSW_a0.75_b1_p64,"M=32 efC=200 ef=1600 alpha=0.75 beta=1 q=u8 seedT=8 seedH=8 seedS=4 pat=64",64,0.8379226361,0.6804,333.7254,2.1960,0.0000,0.065909,"0.065909;0.065900;0.066025",9.442550,105903.59,,12.41,0,6980,10,True,nid006971,57248608
SparseHNSW_a0.75_b1_p64,"M=32 efC=200 ef=3200 alpha=0.75 beta=1 q=u8 seedT=8 seedH=8 seedS=4 pat=64",64,0.8379226361,0.6804,333.7254,2.1960,0.0000,0.067117,"0.066871;0.067117;0.067182",9.615616,103997.50,,12.41,0,6980,10,True,nid006971,57248608
SparseHNSW_a0.75_b2_p64,"M=32 efC=200 ef=10 alpha=0.75 beta=2 q=u8 seedT=8 seedH=8 seedS=4 pat=64",64,0.9017191977,0.9672,333.7254,2.1960,0.0000,0.027863,"0.027863;0.027943;0.027801",3.991834,250511.43,,12.41,0,6980,10,True,nid006971,57248608
SparseHNSW_a0.75_b2_p64,"M=32 efC=200 ef=20 alpha=0.75 beta=2 q=u8 seedT=8 seedH=8 seedS=4 pat=64",64,0.9017191977,0.9672,333.7254,2.1960,0.0000,0.027599,"0.027608;0.027599;0.027512",3.954011,252907.71,,12.41,0,6980,10,True,nid006971,57248608
SparseHNSW_a0.75_b2_p64,"M=32 efC=200 ef=50 alpha=0.75 beta=2 q=u8 seedT=8 seedH=8 seedS=4 pat=64",64,0.9214899713,0.9788,333.7254,2.1960,0.0000,0.038263,"0.038292;0.038263;0.037792",5.481805,182421.66,,12.41,0,6980,10,True,nid006971,57248608
SparseHNSW_a0.75_b2_p64,"M=32 efC=200 ef=100 alpha=0.75 beta=2 q=u8 seedT=8 seedH=8 seedS=4 pat=64",64,0.9407306590,0.9896,333.7254,2.1960,0.0000,0.059900,"0.059960;0.059900;0.059600",8.581662,116527.55,,12.41,0,6980,10,True,nid006971,57248608
SparseHNSW_a0.75_b2_p64,"M=32 efC=200 ef=200 alpha=0.75 beta=2 q=u8 seedT=8 seedH=8 seedS=4 pat=64",64,0.9455014327,0.9926,333.7254,2.1960,0.0000,0.066114,"0.066114;0.066070;0.066427",9.471920,105575.22,,12.41,0,6980,10,True,nid006971,57248608
SparseHNSW_a0.75_b2_p64,"M=32 efC=200 ef=400 alpha=0.75 beta=2 q=u8 seedT=8 seedH=8 seedS=4 pat=64",64,0.9461604585,0.9933,333.7254,2.1960,0.0000,0.067973,"0.068350;0.067854;0.067973",9.738252,102687.83,,12.41,0,6980,10,True,nid006971,57248608
SparseHNSW_a0.75_b2_p64,"M=32 efC=200 ef=800 alpha=0.75 beta=2 q=u8 seedT=8 seedH=8 seedS=4 pat=64",64,0.9461604585,0.9933,333.7254,2.1960,0.0000,0.071083,"0.071083;0.070690;0.071206",10.183811,98195.07,,12.41,0,6980,10,True,nid006971,57248608
SparseHNSW_a0.75_b2_p64,"M=32 efC=200 ef=1600 alpha=0.75 beta=2 q=u8 seedT=8 seedH=8 seedS=4 pat=64",64,0.9461604585,0.9933,333.7254,2.1960,0.0000,0.075570,"0.074966;0.075655;0.075570",10.826648,92364.69,,12.41,0,6980,10,True,nid006971,57248608
SparseHNSW_a0.75_b2_p64,"M=32 efC=200 ef=3200 alpha=0.75 beta=2 q=u8 seedT=8 seedH=8 seedS=4 pat=64",64,0.9461604585,0.9933,333.7254,2.1960,0.0000,0.077406,"0.077662;0.077406;0.077244",11.089685,90173.89,,12.41,0,6980,10,True,nid006971,57248608
SparseHNSW_a0.75_b3_p64,"M=32 efC=200 ef=10 alpha=0.75 beta=3 q=u8 seedT=8 seedH=8 seedS=4 pat=64",64,0.9118481375,0.9672,333.7254,2.1960,0.0000,0.028217,"0.028221;0.028217;0.028144",4.042550,247368.61,,12.41,0,6980,10,True,nid006971,57248608
SparseHNSW_a0.75_b3_p64,"M=32 efC=200 ef=20 alpha=0.75 beta=3 q=u8 seedT=8 seedH=8 seedS=4 pat=64",64,0.9118481375,0.9672,333.7254,2.1960,0.0000,0.027975,"0.028072;0.027975;0.027826",4.007880,249508.49,,12.41,0,6980,10,True,nid006971,57248608
SparseHNSW_a0.75_b3_p64,"M=32 efC=200 ef=50 alpha=0.75 beta=3 q=u8 seedT=8 seedH=8 seedS=4 pat=64",64,0.9324068768,0.9788,333.7254,2.1960,0.0000,0.038555,"0.038293;0.038589;0.038555",5.523639,181040.07,,12.41,0,6980,10,True,nid006971,57248608
SparseHNSW_a0.75_b3_p64,"M=32 efC=200 ef=100 alpha=0.75 beta=3 q=u8 seedT=8 seedH=8 seedS=4 pat=64",64,0.9532378223,0.9898,333.7254,2.1960,0.0000,0.063493,"0.063154;0.063550;0.063493",9.096418,109933.38,,12.41,0,6980,10,True,nid006971,57248608
SparseHNSW_a0.75_b3_p64,"M=32 efC=200 ef=200 alpha=0.75 beta=3 q=u8 seedT=8 seedH=8 seedS=4 pat=64",64,0.9595845272,0.9932,333.7254,2.1960,0.0000,0.073739,"0.073739;0.073659;0.073972",10.564327,94658.19,,12.41,0,6980,10,True,nid006971,57248608
SparseHNSW_a0.75_b3_p64,"M=32 efC=200 ef=400 alpha=0.75 beta=3 q=u8 seedT=8 seedH=8 seedS=4 pat=64",64,0.9605157593,0.9941,333.7254,2.1960,0.0000,0.076379,"0.076379;0.076803;0.075986",10.942550,91386.38,,12.41,0,6980,10,True,nid006971,57248608
SparseHNSW_a0.75_b3_p64,"M=32 efC=200 ef=800 alpha=0.75 beta=3 q=u8 seedT=8 seedH=8 seedS=4 pat=64",64,0.9605157593,0.9941,333.7254,2.1960,0.0000,0.079454,"0.079448;0.079555;0.079454",11.383095,87849.57,,12.41,0,6980,10,True,nid006971,57248608
SparseHNSW_a0.75_b3_p64,"M=32 efC=200 ef=1600 alpha=0.75 beta=3 q=u8 seedT=8 seedH=8 seedS=4 pat=64",64,0.9605157593,0.9941,333.7254,2.1960,0.0000,0.084102,"0.083775;0.084102;0.084198",12.048997,82994.46,,12.41,0,6980,10,True,nid006971,57248608
SparseHNSW_a0.75_b3_p64,"M=32 efC=200 ef=3200 alpha=0.75 beta=3 q=u8 seedT=8 seedH=8 seedS=4 pat=64",64,0.9605157593,0.9941,333.7254,2.1960,0.0000,0.086097,"0.086205;0.086097;0.085923",12.334814,81071.35,,12.41,0,6980,10,True,nid006971,57248608
SparseHNSW_a0.75_b4_p64,"M=32 efC=200 ef=10 alpha=0.75 beta=4 q=u8 seedT=8 seedH=8 seedS=4 pat=64",64,0.9254441261,0.9732,333.7254,2.1960,0.0000,0.033325,"0.033325;0.033330;0.032989",4.774355,209452.36,,12.41,0,6980,10,True,nid006971,57248608
SparseHNSW_a0.75_b4_p64,"M=32 efC=200 ef=20 alpha=0.75 beta=4 q=u8 seedT=8 seedH=8 seedS=4 pat=64",64,0.9254441261,0.9732,333.7254,2.1960,0.0000,0.032872,"0.032872;0.032772;0.033039",4.709456,212338.77,,12.41,0,6980,10,True,nid006971,57248608
SparseHNSW_a0.75_b4_p64,"M=32 efC=200 ef=50 alpha=0.75 beta=4 q=u8 seedT=8 seedH=8 seedS=4 pat=64",64,0.9354871060,0.9788,333.7254,2.1960,0.0000,0.038872,"0.038709;0.039019;0.038872",5.569054,179563.70,,12.41,0,6980,10,True,nid006971,57248608
SparseHNSW_a0.75_b4_p64,"M=32 efC=200 ef=100 alpha=0.75 beta=4 q=u8 seedT=8 seedH=8 seedS=4 pat=64",64,0.9567191977,0.9899,333.7254,2.1960,0.0000,0.065629,"0.065629;0.065559;0.065772",9.402436,106355.42,,12.41,0,6980,10,True,nid006971,57248608
SparseHNSW_a0.75_b4_p64,"M=32 efC=200 ef=200 alpha=0.75 beta=4 q=u8 seedT=8 seedH=8 seedS=4 pat=64",64,0.9645128940,0.9941,333.7254,2.1960,0.0000,0.081046,"0.080537;0.081046;0.081966",11.611175,86123.93,,12.41,0,6980,10,True,nid006971,57248608
SparseHNSW_a0.75_b4_p64,"M=32 efC=200 ef=400 alpha=0.75 beta=4 q=u8 seedT=8 seedH=8 seedS=4 pat=64",64,0.9658882521,0.9949,333.7254,2.1960,0.0000,0.084151,"0.084151;0.084397;0.083476",12.056017,82946.13,,12.41,0,6980,10,True,nid006971,57248608
SparseHNSW_a0.75_b4_p64,"M=32 efC=200 ef=800 alpha=0.75 beta=4 q=u8 seedT=8 seedH=8 seedS=4 pat=64",64,0.9658882521,0.9949,333.7254,2.1960,0.0000,0.087486,"0.087298;0.088043;0.087486",12.533811,79784.19,,12.41,0,6980,10,True,nid006971,57248608
SparseHNSW_a0.75_b4_p64,"M=32 efC=200 ef=1600 alpha=0.75 beta=4 q=u8 seedT=8 seedH=8 seedS=4 pat=64",64,0.9658882521,0.9949,333.7254,2.1960,0.0000,0.092255,"0.092255;0.092572;0.092007",13.217049,75659.86,,12.41,0,6980,10,True,nid006971,57248608
SparseHNSW_a0.75_b4_p64,"M=32 efC=200 ef=3200 alpha=0.75 beta=4 q=u8 seedT=8 seedH=8 seedS=4 pat=64",64,0.9658882521,0.9949,333.7254,2.1960,0.0000,0.095574,"0.095292;0.095618;0.095574",13.692550,73032.41,,12.41,0,6980,10,True,nid006971,57248608
SparseHNSW_a0.75_b5_p64,"M=32 efC=200 ef=10 alpha=0.75 beta=5 q=u8 seedT=8 seedH=8 seedS=4 pat=64",64,0.9366905444,0.9788,333.7254,2.1960,0.0000,0.039518,"0.039719;0.039518;0.039104",5.661605,176628.37,,12.41,0,6980,10,True,nid006971,57248608
SparseHNSW_a0.75_b5_p64,"M=32 efC=200 ef=20 alpha=0.75 beta=5 q=u8 seedT=8 seedH=8 seedS=4 pat=64",64,0.9366905444,0.9788,333.7254,2.1960,0.0000,0.039246,"0.039246;0.039203;0.039305",5.622636,177852.52,,12.41,0,6980,10,True,nid006971,57248608
SparseHNSW_a0.75_b5_p64,"M=32 efC=200 ef=50 alpha=0.75 beta=5 q=u8 seedT=8 seedH=8 seedS=4 pat=64",64,0.9366905444,0.9788,333.7254,2.1960,0.0000,0.039214,"0.039259;0.038982;0.039214",5.618052,177997.65,,12.41,0,6980,10,True,nid006971,57248608
SparseHNSW_a0.75_b5_p64,"M=32 efC=200 ef=100 alpha=0.75 beta=5 q=u8 seedT=8 seedH=8 seedS=4 pat=64",64,0.9582234957,0.9899,333.7254,2.1960,0.0000,0.067096,"0.067020;0.067096;0.067133",9.612607,104030.05,,12.41,0,6980,10,True,nid006971,57248608
SparseHNSW_a0.75_b5_p64,"M=32 efC=200 ef=200 alpha=0.75 beta=5 q=u8 seedT=8 seedH=8 seedS=4 pat=64",64,0.9671203438,0.9945,333.7254,2.1960,0.0000,0.086981,"0.087284;0.086981;0.086763",12.461461,80247.41,,12.41,0,6980,10,True,nid006971,57248608
SparseHNSW_a0.75_b5_p64,"M=32 efC=200 ef=400 alpha=0.75 beta=5 q=u8 seedT=8 seedH=8 seedS=4 pat=64",64,0.9686676218,0.9953,333.7254,2.1960,0.0000,0.091363,"0.090712;0.092102;0.091363",13.089255,76398.54,,12.41,0,6980,10,True,nid006971,57248608
SparseHNSW_a0.75_b5_p64,"M=32 efC=200 ef=800 alpha=0.75 beta=5 q=u8 seedT=8 seedH=8 seedS=4 pat=64",64,0.9687392550,0.9953,333.7254,2.1960,0.0000,0.095490,"0.095877;0.095490;0.095363",13.680516,73096.66,,12.41,0,6980,10,True,nid006971,57248608
SparseHNSW_a0.75_b5_p64,"M=32 efC=200 ef=1600 alpha=0.75 beta=5 q=u8 seedT=8 seedH=8 seedS=4 pat=64",64,0.9687392550,0.9953,333.7254,2.1960,0.0000,0.100132,"0.100412;0.100132;0.099832",14.345559,69707.99,,12.41,0,6980,10,True,nid006971,57248608
SparseHNSW_a0.75_b5_p64,"M=32 efC=200 ef=3200 alpha=0.75 beta=5 q=u8 seedT=8 seedH=8 seedS=4 pat=64",64,0.9687392550,0.9953,333.7254,2.1960,0.0000,0.103114,"0.103310;0.103114;0.102936",14.772779,67692.07,,12.41,0,6980,10,True,nid006971,57248608
SparseHNSW_a0.75_b6_p64,"M=32 efC=200 ef=10 alpha=0.75 beta=6 q=u8 seedT=8 seedH=8 seedS=4 pat=64",64,0.9442693410,0.9822,333.7254,2.1960,0.0000,0.045641,"0.045736;0.045641;0.045521",6.538825,152932.67,,12.41,0,6980,10,True,nid006971,57248608
SparseHNSW_a0.75_b6_p64,"M=32 efC=200 ef=20 alpha=0.75 beta=6 q=u8 seedT=8 seedH=8 seedS=4 pat=64",64,0.9442693410,0.9822,333.7254,2.1960,0.0000,0.045616,"0.045714;0.045616;0.045416",6.535244,153016.49,,12.41,0,6980,10,True,nid006971,57248608
SparseHNSW_a0.75_b6_p64,"M=32 efC=200 ef=50 alpha=0.75 beta=6 q=u8 seedT=8 seedH=8 seedS=4 pat=64",64,0.9442693410,0.9822,333.7254,2.1960,0.0000,0.045331,"0.045491;0.045204;0.045331",6.494413,153978.51,,12.41,0,6980,10,True,nid006971,57248608
SparseHNSW_a0.75_b6_p64,"M=32 efC=200 ef=100 alpha=0.75 beta=6 q=u8 seedT=8 seedH=8 seedS=4 pat=64",64,0.9587249284,0.9899,333.7254,2.1960,0.0000,0.067416,"0.067410;0.067768;0.067416",9.658453,103536.25,,12.41,0,6980,10,True,nid006971,57248608
SparseHNSW_a0.75_b6_p64,"M=32 efC=200 ef=200 alpha=0.75 beta=6 q=u8 seedT=8 seedH=8 seedS=4 pat=64",64,0.9684097421,0.9948,333.7254,2.1960,0.0000,0.092626,"0.093143;0.092626;0.092548",13.270201,75356.81,,12.41,0,6980,10,True,nid006971,57248608
SparseHNSW_a0.75_b6_p64,"M=32 efC=200 ef=400 alpha=0.75 beta=6 q=u8 seedT=8 seedH=8 seedS=4 pat=64",64,0.9703008596,0.9957,333.7254,2.1960,0.0000,0.098221,"0.098076;0.098426;0.098221",14.071777,71064.23,,12.41,0,6980,10,True,nid006971,57248608
SparseHNSW_a0.75_b6_p64,"M=32 efC=200 ef=800 alpha=0.75 beta=6 q=u8 seedT=8 seedH=8 seedS=4 pat=64",64,0.9703724928,0.9957,333.7254,2.1960,0.0000,0.101935,"0.102545;0.101935;0.101913",14.603868,68475.01,,12.41,0,6980,10,True,nid006971,57248608
SparseHNSW_a0.75_b6_p64,"M=32 efC=200 ef=1600 alpha=0.75 beta=6 q=u8 seedT=8 seedH=8 seedS=4 pat=64",64,0.9703724928,0.9957,333.7254,2.1960,0.0000,0.107045,"0.107541;0.107045;0.106777",15.335960,65206.22,,12.41,0,6980,10,True,nid006971,57248608
SparseHNSW_a0.75_b6_p64,"M=32 efC=200 ef=3200 alpha=0.75 beta=6 q=u8 seedT=8 seedH=8 seedS=4 pat=64",64,0.9703724928,0.9957,333.7254,2.1960,0.0000,0.111864,"0.110712;0.111864;0.112087",16.026361,62397.20,,12.41,0,6980,10,True,nid006971,57248608
SparseHNSW_a0.75_b8_p64,"M=32 efC=200 ef=10 alpha=0.75 beta=8 q=u8 seedT=8 seedH=8 seedS=4 pat=64",64,0.9542693410,0.9876,333.7254,2.1960,0.0000,0.057645,"0.057502;0.057645;0.057702",8.258596,121085.96,,12.41,0,6980,10,True,nid006971,57248608
SparseHNSW_a0.75_b8_p64,"M=32 efC=200 ef=20 alpha=0.75 beta=8 q=u8 seedT=8 seedH=8 seedS=4 pat=64",64,0.9542693410,0.9876,333.7254,2.1960,0.0000,0.057487,"0.057441;0.057516;0.057487",8.235960,121418.76,,12.41,0,6980,10,True,nid006971,57248608
SparseHNSW_a0.75_b8_p64,"M=32 efC=200 ef=50 alpha=0.75 beta=8 q=u8 seedT=8 seedH=8 seedS=4 pat=64",64,0.9542693410,0.9876,333.7254,2.1960,0.0000,0.057332,"0.057311;0.057332;0.057525",8.213754,121747.02,,12.41,0,6980,10,True,nid006971,57248608
SparseHNSW_a0.75_b8_p64,"M=32 efC=200 ef=100 alpha=0.75 beta=8 q=u8 seedT=8 seedH=8 seedS=4 pat=64",64,0.9594699140,0.9899,333.7254,2.1960,0.0000,0.068163,"0.068488;0.068163;0.068152",9.765473,102401.60,,12.41,0,6980,10,True,nid006971,57248608
SparseHNSW_a0.75_b8_p64,"M=32 efC=200 ef=200 alpha=0.75 beta=8 q=u8 seedT=8 seedH=8 seedS=4 pat=64",64,0.9706446991,0.9953,333.7254,2.1960,0.0000,0.103022,"0.102900;0.103022;0.103530",14.759599,67752.52,,12.41,0,6980,10,True,nid006971,57248608
SparseHNSW_a0.75_b8_p64,"M=32 efC=200 ef=400 alpha=0.75 beta=8 q=u8 seedT=8 seedH=8 seedS=4 pat=64",64,0.9734527221,0.9964,333.7254,2.1960,0.0000,0.112453,"0.112526;0.112231;0.112453",16.110745,62070.38,,12.41,0,6980,10,True,nid006971,57248608
SparseHNSW_a0.75_b8_p64,"M=32 efC=200 ef=800 alpha=0.75 beta=8 q=u8 seedT=8 seedH=8 seedS=4 pat=64",64,0.9735386819,0.9964,333.7254,2.1960,0.0000,0.116603,"0.116738;0.116603;0.115868",16.705301,59861.24,,12.41,0,6980,10,True,nid006971,57248608
SparseHNSW_a0.75_b8_p64,"M=32 efC=200 ef=1600 alpha=0.75 beta=8 q=u8 seedT=8 seedH=8 seedS=4 pat=64",64,0.9735386819,0.9964,333.7254,2.1960,0.0000,0.122873,"0.122258;0.122873;0.123087",17.603582,56806.62,,12.41,0,6980,10,True,nid006971,57248608
SparseHNSW_a0.75_b8_p64,"M=32 efC=200 ef=3200 alpha=0.75 beta=8 q=u8 seedT=8 seedH=8 seedS=4 pat=64",64,0.9735386819,0.9964,333.7254,2.1960,0.0000,0.126817,"0.125788;0.127104;0.126817",18.168625,55039.94,,12.41,0,6980,10,True,nid006971,57248608
SparseHNSW_a0.75_b1_p128,"M=32 efC=200 ef=10 alpha=0.75 beta=1 q=u8 seedT=8 seedH=8 seedS=4 pat=128",64,0.8058595989,0.6496,333.7254,2.1960,0.0000,0.027272,"0.027359;0.027272;0.027135",3.907163,255940.16,,12.41,0,6980,10,True,nid006971,57248608
SparseHNSW_a0.75_b1_p128,"M=32 efC=200 ef=20 alpha=0.75 beta=1 q=u8 seedT=8 seedH=8 seedS=4 pat=128",64,0.8058595989,0.6496,333.7254,2.1960,0.0000,0.026772,"0.026832;0.026772;0.026647",3.835530,260720.16,,12.41,0,6980,10,True,nid006971,57248608
SparseHNSW_a0.75_b1_p128,"M=32 efC=200 ef=50 alpha=0.75 beta=1 q=u8 seedT=8 seedH=8 seedS=4 pat=128",64,0.8217048711,0.6659,333.7254,2.1960,0.0000,0.037344,"0.037356;0.037344;0.037293",5.350143,186910.88,,12.41,0,6980,10,True,nid006971,57248608
SparseHNSW_a0.75_b1_p128,"M=32 efC=200 ef=100 alpha=0.75 beta=1 q=u8 seedT=8 seedH=8 seedS=4 pat=128",64,0.8376790831,0.6802,333.7254,2.1960,0.0000,0.066206,"0.066230;0.066206;0.065772",9.485100,105428.51,,12.41,0,6980,10,True,nid006971,57248608
SparseHNSW_a0.75_b1_p128,"M=32 efC=200 ef=200 alpha=0.75 beta=1 q=u8 seedT=8 seedH=8 seedS=4 pat=128",64,0.8448997135,0.6867,333.7254,2.1960,0.0000,0.092223,"0.092223;0.092940;0.092157",13.212464,75686.11,,12.41,0,6980,10,True,nid006971,57248608
SparseHNSW_a0.75_b1_p128,"M=32 efC=200 ef=400 alpha=0.75 beta=1 q=u8 seedT=8 seedH=8 seedS=4 pat=128",64,0.8462034384,0.6878,333.7254,2.1960,0.0000,0.096839,"0.096717;0.096839;0.097235",13.873782,72078.40,,12.41,0,6980,10,True,nid006971,57248608
SparseHNSW_a0.75_b1_p128,"M=32 efC=200 ef=800 alpha=0.75 beta=1 q=u8 seedT=8 seedH=8 seedS=4 pat=128",64,0.8462320917,0.6879,333.7254,2.1960,0.0000,0.100294,"0.100294;0.100047;0.100778",14.368768,69595.39,,12.41,0,6980,10,True,nid006971,57248608
SparseHNSW_a0.75_b1_p128,"M=32 efC=200 ef=1600 alpha=0.75 beta=1 q=u8 seedT=8 seedH=8 seedS=4 pat=128",64,0.8462320917,0.6879,333.7254,2.1960,0.0000,0.106123,"0.106123;0.106718;0.105345",15.203868,65772.74,,12.41,0,6980,10,True,nid006971,57248608
SparseHNSW_a0.75_b1_p128,"M=32 efC=200 ef=3200 alpha=0.75 beta=1 q=u8 seedT=8 seedH=8 seedS=4 pat=128",64,0.8462320917,0.6879,333.7254,2.1960,0.0000,0.109991,"0.109991;0.109685;0.110176",15.758023,63459.74,,12.41,0,6980,10,True,nid006971,57248608
SparseHNSW_a0.75_b2_p128,"M=32 efC=200 ef=10 alpha=0.75 beta=2 q=u8 seedT=8 seedH=8 seedS=4 pat=128",64,0.9017191977,0.9672,333.7254,2.1960,0.0000,0.027841,"0.028097;0.027841;0.027696",3.988682,250709.39,,12.41,0,6980,10,True,nid006971,57248608
SparseHNSW_a0.75_b2_p128,"M=32 efC=200 ef=20 alpha=0.75 beta=2 q=u8 seedT=8 seedH=8 seedS=4 pat=128",64,0.9017191977,0.9672,333.7254,2.1960,0.0000,0.027586,"0.027646;0.027529;0.027586",3.952149,253026.90,,12.41,0,6980,10,True,nid006971,57248608
SparseHNSW_a0.75_b2_p128,"M=32 efC=200 ef=50 alpha=0.75 beta=2 q=u8 seedT=8 seedH=8 seedS=4 pat=128",64,0.9214899713,0.9788,333.7254,2.1960,0.0000,0.038235,"0.038395;0.038235;0.038066",5.477794,182555.25,,12.41,0,6980,10,True,nid006971,57248608
SparseHNSW_a0.75_b2_p128,"M=32 efC=200 ef=100 alpha=0.75 beta=2 q=u8 seedT=8 seedH=8 seedS=4 pat=128",64,0.9415902579,0.9899,333.7254,2.1960,0.0000,0.066594,"0.066509;0.066594;0.066766",9.540688,104814.25,,12.41,0,6980,10,True,nid006971,57248608
SparseHNSW_a0.75_b2_p128,"M=32 efC=200 ef=200 alpha=0.75 beta=2 q=u8 seedT=8 seedH=8 seedS=4 pat=128",64,0.9521919771,0.9950,333.7254,2.1960,0.0000,0.098383,"0.098184;0.098383;0.098682",14.094986,70947.22,,12.41,0,6980,10,True,nid006971,57248608
SparseHNSW_a0.75_b2_p128,"M=32 efC=200 ef=400 alpha=0.75 beta=2 q=u8 seedT=8 seedH=8 seedS=4 pat=128",64,0.9544126074,0.9961,333.7254,2.1960,0.0000,0.105675,"0.105817;0.105675;0.104813",15.139685,66051.57,,12.41,0,6980,10,True,nid006971,57248608
SparseHNSW_a0.75_b2_p128,"M=32 efC=200 ef=800 alpha=0.75 beta=2 q=u8 seedT=8 seedH=8 seedS=4 pat=128",64,0.9545988539,0.9961,333.7254,2.1960,0.0000,0.110176,"0.110192;0.110105;0.110176",15.784527,63353.18,,12.41,0,6980,10,True,nid006971,57248608
SparseHNSW_a0.75_b2_p128,"M=32 efC=200 ef=1600 alpha=0.75 beta=2 q=u8 seedT=8 seedH=8 seedS=4 pat=128",64,0.9545988539,0.9961,333.7254,2.1960,0.0000,0.114938,"0.115209;0.114845;0.114938",16.466762,60728.39,,12.41,0,6980,10,True,nid006971,57248608
SparseHNSW_a0.75_b2_p128,"M=32 efC=200 ef=3200 alpha=0.75 beta=2 q=u8 seedT=8 seedH=8 seedS=4 pat=128",64,0.9545988539,0.9961,333.7254,2.1960,0.0000,0.119713,"0.119821;0.119257;0.119713",17.150860,58306.12,,12.41,0,6980,10,True,nid006971,57248608
SparseHNSW_a0.75_b3_p128,"M=32 efC=200 ef=10 alpha=0.75 beta=3 q=u8 seedT=8 seedH=8 seedS=4 pat=128",64,0.9118481375,0.9672,333.7254,2.1960,0.0000,0.028285,"0.028285;0.028588;0.028264",4.052292,246773.91,,12.41,0,6980,10,True,nid006971,57248608
SparseHNSW_a0.75_b3_p128,"M=32 efC=200 ef=20 alpha=0.75 beta=3 q=u8 seedT=8 seedH=8 seedS=4 pat=128",64,0.9118481375,0.9672,333.7254,2.1960,0.0000,0.027898,"0.028119;0.027898;0.027636",3.996848,250197.15,,12.41,0,6980,10,True,nid006971,57248608
SparseHNSW_a0.75_b3_p128,"M=32 efC=200 ef=50 alpha=0.75 beta=3 q=u8 seedT=8 seedH=8 seedS=4 pat=128",64,0.9324068768,0.9788,333.7254,2.1960,0.0000,0.038464,"0.038464;0.038464;0.038460",5.510602,181468.39,,12.41,0,6980,10,True,nid006971,57248608
SparseHNSW_a0.75_b3_p128,"M=32 efC=200 ef=100 alpha=0.75 beta=3 q=u8 seedT=8 seedH=8 seedS=4 pat=128",64,0.9535243553,0.9899,333.7254,2.1960,0.0000,0.066996,"0.066688;0.067088;0.066996",9.598281,104185.32,,12.41,0,6980,10,True,nid006971,57248608
SparseHNSW_a0.75_b3_p128,"M=32 efC=200 ef=200 alpha=0.75 beta=3 q=u8 seedT=8 seedH=8 seedS=4 pat=128",64,0.9650000000,0.9953,333.7254,2.1960,0.0000,0.104205,"0.102948;0.104205;0.104814",14.929083,66983.35,,12.41,0,6980,10,True,nid006971,57248608
SparseHNSW_a0.75_b3_p128,"M=32 efC=200 ef=400 alpha=0.75 beta=3 q=u8 seedT=8 seedH=8 seedS=4 pat=128",64,0.9680802292,0.9967,333.7254,2.1960,0.0000,0.113937,"0.113937;0.114287;0.113319",16.323352,61261.93,,12.41,0,6980,10,True,nid006971,57248608
SparseHNSW_a0.75_b3_p128,"M=32 efC=200 ef=800 alpha=0.75 beta=3 q=u8 seedT=8 seedH=8 seedS=4 pat=128",64,0.9683667622,0.9967,333.7254,2.1960,0.0000,0.119649,"0.119115;0.120823;0.119649",17.141691,58337.30,,12.41,0,6980,10,True,nid006971,57248608
SparseHNSW_a0.75_b3_p128,"M=32 efC=200 ef=1600 alpha=0.75 beta=3 q=u8 seedT=8 seedH=8 seedS=4 pat=128",64,0.9683667622,0.9967,333.7254,2.1960,0.0000,0.124878,"0.124878;0.125335;0.124100",17.890831,55894.55,,12.41,0,6980,10,True,nid006971,57248608
SparseHNSW_a0.75_b3_p128,"M=32 efC=200 ef=3200 alpha=0.75 beta=3 q=u8 seedT=8 seedH=8 seedS=4 pat=128",64,0.9683667622,0.9967,333.7254,2.1960,0.0000,0.129743,"0.128766;0.129743;0.130040",18.587822,53798.66,,12.41,0,6980,10,True,nid006971,57248608
SparseHNSW_a0.75_b4_p128,"M=32 efC=200 ef=10 alpha=0.75 beta=4 q=u8 seedT=8 seedH=8 seedS=4 pat=128",64,0.9254441261,0.9732,333.7254,2.1960,0.0000,0.033243,"0.033297;0.033099;0.033243",4.762607,209969.02,,12.41,0,6980,10,True,nid006971,57248608
SparseHNSW_a0.75_b4_p128,"M=32 efC=200 ef=20 alpha=0.75 beta=4 q=u8 seedT=8 seedH=8 seedS=4 pat=128",64,0.9254441261,0.9732,333.7254,2.1960,0.0000,0.032843,"0.032833;0.032843;0.032967",4.705301,212526.26,,12.41,0,6980,10,True,nid006971,57248608
SparseHNSW_a0.75_b4_p128,"M=32 efC=200 ef=50 alpha=0.75 beta=4 q=u8 seedT=8 seedH=8 seedS=4 pat=128",64,0.9354871060,0.9788,333.7254,2.1960,0.0000,0.038771,"0.038771;0.038959;0.038705",5.554585,180031.47,,12.41,0,6980,10,True,nid006971,57248608
SparseHNSW_a0.75_b4_p128,"M=32 efC=200 ef=100 alpha=0.75 beta=4 q=u8 seedT=8 seedH=8 seedS=4 pat=128",64,0.9568624642,0.9899,333.7254,2.1960,0.0000,0.067232,"0.067578;0.067028;0.067232",9.632092,103819.61,,12.41,0,6980,10,True,nid006971,57248608
SparseHNSW_a0.75_b4_p128,"M=32 efC=200 ef=200 alpha=0.75 beta=4 q=u8 seedT=8 seedH=8 seedS=4 pat=128",64,0.9686246418,0.9953,333.7254,2.1960,0.0000,0.108871,"0.109215;0.108871;0.108573",15.597564,64112.57,,12.41,0,6980,10,True,nid006971,57248608
SparseHNSW_a0.75_b4_p128,"M=32 efC=200 ef=400 alpha=0.75 beta=4 q=u8 seedT=8 seedH=8 seedS=4 pat=128",64,0.9722206304,0.9967,333.7254,2.1960,0.0000,0.123430,"0.123917;0.123430;0.123364",17.683381,56550.27,,12.41,0,6980,10,True,nid006971,57248608
SparseHNSW_a0.75_b4_p128,"M=32 efC=200 ef=800 alpha=0.75 beta=4 q=u8 seedT=8 seedH=8 seedS=4 pat=128",64,0.9725787966,0.9967,333.7254,2.1960,0.0000,0.129753,"0.129882;0.129753;0.129575",18.589255,53794.52,,12.41,0,6980,10,True,nid006971,57248608
SparseHNSW_a0.75_b4_p128,"M=32 efC=200 ef=1600 alpha=0.75 beta=4 q=u8 seedT=8 seedH=8 seedS=4 pat=128",64,0.9725787966,0.9967,333.7254,2.1960,0.0000,0.134525,"0.134525;0.134027;0.136139",19.272923,51886.27,,12.41,0,6980,10,True,nid006971,57248608
SparseHNSW_a0.75_b4_p128,"M=32 efC=200 ef=3200 alpha=0.75 beta=4 q=u8 seedT=8 seedH=8 seedS=4 pat=128",64,0.9725787966,0.9967,333.7254,2.1960,0.0000,0.140204,"0.138963;0.140204;0.140433",20.086533,49784.60,,12.41,0,6980,10,True,nid006971,57248608
SparseHNSW_a0.75_b5_p128,"M=32 efC=200 ef=10 alpha=0.75 beta=5 q=u8 seedT=8 seedH=8 seedS=4 pat=128",64,0.9366905444,0.9788,333.7254,2.1960,0.0000,0.039678,"0.039678;0.039681;0.039325",5.684527,175916.12,,12.41,0,6980,10,True,nid006971,57248608
SparseHNSW_a0.75_b5_p128,"M=32 efC=200 ef=20 alpha=0.75 beta=5 q=u8 seedT=8 seedH=8 seedS=4 pat=128",64,0.9366905444,0.9788,333.7254,2.1960,0.0000,0.039269,"0.039269;0.039481;0.039059",5.625931,177748.35,,12.41,0,6980,10,True,nid006971,57248608
SparseHNSW_a0.75_b5_p128,"M=32 efC=200 ef=50 alpha=0.75 beta=5 q=u8 seedT=8 seedH=8 seedS=4 pat=128",64,0.9366905444,0.9788,333.7254,2.1960,0.0000,0.038896,"0.039227;0.038896;0.038877",5.572493,179452.90,,12.41,0,6980,10,True,nid006971,57248608
SparseHNSW_a0.75_b5_p128,"M=32 efC=200 ef=100 alpha=0.75 beta=5 q=u8 seedT=8 seedH=8 seedS=4 pat=128",64,0.9582521490,0.9899,333.7254,2.1960,0.0000,0.067437,"0.067809;0.067292;0.067437",9.661461,103504.01,,12.41,0,6980,10,True,nid006971,57248608
SparseHNSW_a0.75_b5_p128,"M=32 efC=200 ef=200 alpha=0.75 beta=5 q=u8 seedT=8 seedH=8 seedS=4 pat=128",64,0.9700859599,0.9953,333.7254,2.1960,0.0000,0.111845,"0.112114;0.111206;0.111845",16.023639,62407.80,,12.41,0,6980,10,True,nid006971,57248608
SparseHNSW_a0.75_b5_p128,"M=32 efC=200 ef=400 alpha=0.75 beta=5 q=u8 seedT=8 seedH=8 seedS=4 pat=128",64,0.9741547278,0.9968,333.7254,2.1960,0.0000,0.131556,"0.132020;0.131556;0.130594",18.847564,53057.25,,12.41,0,6980,10,True,nid006971,57248608
SparseHNSW_a0.75_b5_p128,"M=32 efC=200 ef=800 alpha=0.75 beta=5 q=u8 seedT=8 seedH=8 seedS=4 pat=128",64,0.9745845272,0.9968,333.7254,2.1960,0.0000,0.137525,"0.139134;0.137241;0.137525",19.702722,50754.41,,12.41,0,6980,10,True,nid006971,57248608
SparseHNSW_a0.75_b5_p128,"M=32 efC=200 ef=1600 alpha=0.75 beta=5 q=u8 seedT=8 seedH=8 seedS=4 pat=128",64,0.9745845272,0.9968,333.7254,2.1960,0.0000,0.142876,"0.142250;0.143843;0.142876",20.469341,48853.55,,12.41,0,6980,10,True,nid006971,57248608
SparseHNSW_a0.75_b5_p128,"M=32 efC=200 ef=3200 alpha=0.75 beta=5 q=u8 seedT=8 seedH=8 seedS=4 pat=128",64,0.9745845272,0.9968,333.7254,2.1960,0.0000,0.148121,"0.148121;0.149208;0.147289",21.220774,47123.64,,12.41,0,6980,10,True,nid006971,57248608
SparseHNSW_a0.75_b6_p128,"M=32 efC=200 ef=10 alpha=0.75 beta=6 q=u8 seedT=8 seedH=8 seedS=4 pat=128",64,0.9442693410,0.9822,333.7254,2.1960,0.0000,0.045364,"0.045364;0.045820;0.045345",6.499140,153866.50,,12.41,0,6980,10,True,nid006971,57248608
SparseHNSW_a0.75_b6_p128,"M=32 efC=200 ef=20 alpha=0.75 beta=6 q=u8 seedT=8 seedH=8 seedS=4 pat=128",64,0.9442693410,0.9822,333.7254,2.1960,0.0000,0.045616,"0.045860;0.045606;0.045616",6.535244,153016.49,,12.41,0,6980,10,True,nid006971,57248608
SparseHNSW_a0.75_b6_p128,"M=32 efC=200 ef=50 alpha=0.75 beta=6 q=u8 seedT=8 seedH=8 seedS=4 pat=128",64,0.9442693410,0.9822,333.7254,2.1960,0.0000,0.045519,"0.045519;0.045586;0.045469",6.521347,153342.56,,12.41,0,6980,10,True,nid006971,57248608
SparseHNSW_a0.75_b6_p128,"M=32 efC=200 ef=100 alpha=0.75 beta=6 q=u8 seedT=8 seedH=8 seedS=4 pat=128",64,0.9587535817,0.9899,333.7254,2.1960,0.0000,0.067650,"0.067631;0.067676;0.067650",9.691977,103178.12,,12.41,0,6980,10,True,nid006971,57248608
SparseHNSW_a0.75_b6_p128,"M=32 efC=200 ef=200 alpha=0.75 beta=6 q=u8 seedT=8 seedH=8 seedS=4 pat=128",64,0.9709025788,0.9956,333.7254,2.1960,0.0000,0.114337,"0.113669;0.114337;0.115078",16.380659,61047.60,,12.41,0,6980,10,True,nid006971,57248608
SparseHNSW_a0.75_b6_p128,"M=32 efC=200 ef=400 alpha=0.75 beta=6 q=u8 seedT=8 seedH=8 seedS=4 pat=128",64,0.9753581662,0.9970,333.7254,2.1960,0.0000,0.138816,"0.137924;0.138816;0.139382",19.887679,50282.39,,12.41,0,6980,10,True,nid006971,57248608
SparseHNSW_a0.75_b6_p128,"M=32 efC=200 ef=800 alpha=0.75 beta=6 q=u8 seedT=8 seedH=8 seedS=4 pat=128",64,0.9760315186,0.9973,333.7254,2.1960,0.0000,0.146214,"0.146214;0.146446;0.145747",20.947564,47738.25,,12.41,0,6980,10,True,nid006971,57248608
SparseHNSW_a0.75_b6_p128,"M=32 efC=200 ef=1600 alpha=0.75 beta=6 q=u8 seedT=8 seedH=8 seedS=4 pat=128",64,0.9760458453,0.9973,333.7254,2.1960,0.0000,0.152464,"0.153324;0.151765;0.152464",21.842980,45781.30,,12.41,0,6980,10,True,nid006971,57248608
SparseHNSW_a0.75_b6_p128,"M=32 efC=200 ef=3200 alpha=0.75 beta=6 q=u8 seedT=8 seedH=8 seedS=4 pat=128",64,0.9760458453,0.9973,333.7254,2.1960,0.0000,0.156843,"0.156809;0.156843;0.158105",22.470344,44503.10,,12.41,0,6980,10,True,nid006971,57248608
SparseHNSW_a0.75_b8_p128,"M=32 efC=200 ef=10 alpha=0.75 beta=8 q=u8 seedT=8 seedH=8 seedS=4 pat=128",64,0.9542693410,0.9876,333.7254,2.1960,0.0000,0.057493,"0.057493;0.057283;0.057771",8.236819,121406.08,,12.41,0,6980,10,True,nid006971,57248608
SparseHNSW_a0.75_b8_p128,"M=32 efC=200 ef=20 alpha=0.75 beta=8 q=u8 seedT=8 seedH=8 seedS=4 pat=128",64,0.9542693410,0.9876,333.7254,2.1960,0.0000,0.057545,"0.057545;0.057120;0.057704",8.244269,121296.38,,12.41,0,6980,10,True,nid006971,57248608
SparseHNSW_a0.75_b8_p128,"M=32 efC=200 ef=50 alpha=0.75 beta=8 q=u8 seedT=8 seedH=8 seedS=4 pat=128",64,0.9542693410,0.9876,333.7254,2.1960,0.0000,0.057627,"0.057627;0.057096;0.057740",8.256017,121123.78,,12.41,0,6980,10,True,nid006971,57248608
SparseHNSW_a0.75_b8_p128,"M=32 efC=200 ef=100 alpha=0.75 beta=8 q=u8 seedT=8 seedH=8 seedS=4 pat=128",64,0.9594699140,0.9899,333.7254,2.1960,0.0000,0.068635,"0.068708;0.068198;0.068635",9.833095,101697.38,,12.41,0,6980,10,True,nid006971,57248608
SparseHNSW_a0.75_b8_p128,"M=32 efC=200 ef=200 alpha=0.75 beta=8 q=u8 seedT=8 seedH=8 seedS=4 pat=128",64,0.9717191977,0.9956,333.7254,2.1960,0.0000,0.118501,"0.118703;0.117700;0.118501",16.977221,58902.46,,12.41,0,6980,10,True,nid006971,57248608
SparseHNSW_a0.75_b8_p128,"M=32 efC=200 ef=400 alpha=0.75 beta=8 q=u8 seedT=8 seedH=8 seedS=4 pat=128",64,0.9767908309,0.9970,333.7254,2.1960,0.0000,0.153428,"0.152451;0.154535;0.153428",21.981089,45493.65,,12.41,0,6980,10,True,nid006971,57248608
SparseHNSW_a0.75_b8_p128,"M=32 efC=200 ef=800 alpha=0.75 beta=8 q=u8 seedT=8 seedH=8 seedS=4 pat=128",64,0.9776361032,0.9973,333.7254,2.1960,0.0000,0.163483,"0.163483;0.163201;0.164253",23.421633,42695.57,,12.41,0,6980,10,True,nid006971,57248608
SparseHNSW_a0.75_b8_p128,"M=32 efC=200 ef=1600 alpha=0.75 beta=8 q=u8 seedT=8 seedH=8 seedS=4 pat=128",64,0.9776790831,0.9973,333.7254,2.1960,0.0000,0.170116,"0.170116;0.168093;0.170161",24.371920,41030.83,,12.41,0,6980,10,True,nid006971,57248608
SparseHNSW_a0.75_b8_p128,"M=32 efC=200 ef=3200 alpha=0.75 beta=8 q=u8 seedT=8 seedH=8 seedS=4 pat=128",64,0.9776790831,0.9973,333.7254,2.1960,0.0000,0.175268,"0.175910;0.172892;0.175268",25.110029,39824.73,,12.41,0,6980,10,True,nid006971,57248608
SparseHNSW_a0.75_b1_p256,"M=32 efC=200 ef=10 alpha=0.75 beta=1 q=u8 seedT=8 seedH=8 seedS=4 pat=256",64,0.8058595989,0.6496,333.7254,2.1960,0.0000,0.027190,"0.027190;0.027366;0.026968",3.895415,256712.03,,12.41,0,6980,10,True,nid006971,57248608
SparseHNSW_a0.75_b1_p256,"M=32 efC=200 ef=20 alpha=0.75 beta=1 q=u8 seedT=8 seedH=8 seedS=4 pat=256",64,0.8058595989,0.6496,333.7254,2.1960,0.0000,0.026687,"0.026766;0.026687;0.026582",3.823352,261550.57,,12.41,0,6980,10,True,nid006971,57248608
SparseHNSW_a0.75_b1_p256,"M=32 efC=200 ef=50 alpha=0.75 beta=1 q=u8 seedT=8 seedH=8 seedS=4 pat=256",64,0.8217048711,0.6659,333.7254,2.1960,0.0000,0.037416,"0.037455;0.037416;0.037310",5.360458,186551.21,,12.41,0,6980,10,True,nid006971,57248608
SparseHNSW_a0.75_b1_p256,"M=32 efC=200 ef=100 alpha=0.75 beta=1 q=u8 seedT=8 seedH=8 seedS=4 pat=256",64,0.8376790831,0.6802,333.7254,2.1960,0.0000,0.066006,"0.065837;0.066037;0.066006",9.456447,105747.96,,12.41,0,6980,10,True,nid006971,57248608
SparseHNSW_a0.75_b1_p256,"M=32 efC=200 ef=200 alpha=0.75 beta=1 q=u8 seedT=8 seedH=8 seedS=4 pat=256",64,0.8465759312,0.6884,333.7254,2.1960,0.0000,0.117136,"0.117136;0.117008;0.117256",16.781662,59588.85,,12.41,0,6980,10,True,nid006971,57248608
SparseHNSW_a0.75_b1_p256,"M=32 efC=200 ef=400 alpha=0.75 beta=1 q=u8 seedT=8 seedH=8 seedS=4 pat=256",64,0.8508309456,0.6933,333.7254,2.1960,0.0000,0.158251,"0.157251;0.158251;0.158299",22.672063,44107.15,,12.41,0,6980,10,True,nid006971,57248608
SparseHNSW_a0.75_b1_p256,"M=32 efC=200 ef=800 alpha=0.75 beta=1 q=u8 seedT=8 seedH=8 seedS=4 pat=256",64,0.8514469914,0.6938,333.7254,2.1960,0.0000,0.163992,"0.164095;0.163244;0.163992",23.494556,42563.05,,12.41,0,6980,10,True,nid006971,57248608
SparseHNSW_a0.75_b1_p256,"M=32 efC=200 ef=1600 alpha=0.75 beta=1 q=u8 seedT=8 seedH=8 seedS=4 pat=256",64,0.8514613181,0.6938,333.7254,2.1960,0.0000,0.170296,"0.169360;0.170392;0.170296",24.397708,40987.46,,12.41,0,6980,10,True,nid006971,57248608
SparseHNSW_a0.75_b1_p256,"M=32 efC=200 ef=3200 alpha=0.75 beta=1 q=u8 seedT=8 seedH=8 seedS=4 pat=256",64,0.8514613181,0.6938,333.7254,2.1960,0.0000,0.173810,"0.174223;0.173810;0.173409",24.901146,40158.79,,12.41,0,6980,10,True,nid006971,57248608
SparseHNSW_a0.75_b2_p256,"M=32 efC=200 ef=10 alpha=0.75 beta=2 q=u8 seedT=8 seedH=8 seedS=4 pat=256",64,0.9017191977,0.9672,333.7254,2.1960,0.0000,0.027941,"0.027941;0.028100;0.027743",4.003009,249812.10,,12.41,0,6980,10,True,nid006971,57248608
SparseHNSW_a0.75_b2_p256,"M=32 efC=200 ef=20 alpha=0.75 beta=2 q=u8 seedT=8 seedH=8 seedS=4 pat=256",64,0.9017191977,0.9672,333.7254,2.1960,0.0000,0.027694,"0.027741;0.027694;0.027554",3.967622,252040.15,,12.41,0,6980,10,True,nid006971,57248608
SparseHNSW_a0.75_b2_p256,"M=32 efC=200 ef=50 alpha=0.75 beta=2 q=u8 seedT=8 seedH=8 seedS=4 pat=256",64,0.9214899713,0.9788,333.7254,2.1960,0.0000,0.038029,"0.038029;0.038101;0.037993",5.448281,183544.14,,12.41,0,6980,10,True,nid006971,57248608
SparseHNSW_a0.75_b2_p256,"M=32 efC=200 ef=100 alpha=0.75 beta=2 q=u8 seedT=8 seedH=8 seedS=4 pat=256",64,0.9415902579,0.9899,333.7254,2.1960,0.0000,0.066441,"0.066441;0.066325;0.066643",9.518768,105055.61,,12.41,0,6980,10,True,nid006971,57248608
SparseHNSW_a0.75_b2_p256,"M=32 efC=200 ef=200 alpha=0.75 beta=2 q=u8 seedT=8 seedH=8 seedS=4 pat=256",64,0.9531948424,0.9954,333.7254,2.1960,0.0000,0.117602,"0.117602;0.117138;0.117859",16.848424,59352.73,,12.41,0,6980,10,True,nid006971,57248608
SparseHNSW_a0.75_b2_p256,"M=32 efC=200 ef=400 alpha=0.75 beta=2 q=u8 seedT=8 seedH=8 seedS=4 pat=256",64,0.9589398281,0.9976,333.7254,2.1960,0.0000,0.166786,"0.166786;0.167377;0.165858",23.894842,41850.04,,12.41,0,6980,10,True,nid006971,57248608
SparseHNSW_a0.75_b2_p256,"M=32 efC=200 ef=800 alpha=0.75 beta=2 q=u8 seedT=8 seedH=8 seedS=4 pat=256",64,0.9599856734,0.9980,333.7254,2.1960,0.0000,0.176551,"0.177447;0.176551;0.176469",25.293840,39535.32,,12.41,0,6980,10,True,nid006971,57248608
SparseHNSW_a0.75_b2_p256,"M=32 efC=200 ef=1600 alpha=0.75 beta=2 q=u8 seedT=8 seedH=8 seedS=4 pat=256",64,0.9600429799,0.9980,333.7254,2.1960,0.0000,0.184032,"0.184311;0.182804;0.184032",26.365616,37928.19,,12.41,0,6980,10,True,nid006971,57248608
SparseHNSW_a0.75_b2_p256,"M=32 efC=200 ef=3200 alpha=0.75 beta=2 q=u8 seedT=8 seedH=8 seedS=4 pat=256",64,0.9600429799,0.9980,333.7254,2.1960,0.0000,0.187157,"0.187157;0.186387;0.187653",26.813324,37294.89,,12.41,0,6980,10,True,nid006971,57248608
SparseHNSW_a0.75_b3_p256,"M=32 efC=200 ef=10 alpha=0.75 beta=3 q=u8 seedT=8 seedH=8 seedS=4 pat=256",64,0.9118481375,0.9672,333.7254,2.1960,0.0000,0.028200,"0.028154;0.028582;0.028200",4.040115,247517.73,,12.41,0,6980,10,True,nid006971,57248608
SparseHNSW_a0.75_b3_p256,"M=32 efC=200 ef=20 alpha=0.75 beta=3 q=u8 seedT=8 seedH=8 seedS=4 pat=256",64,0.9118481375,0.9672,333.7254,2.1960,0.0000,0.028023,"0.028116;0.028023;0.028006",4.014756,249081.11,,12.41,0,6980,10,True,nid006971,57248608
SparseHNSW_a0.75_b3_p256,"M=32 efC=200 ef=50 alpha=0.75 beta=3 q=u8 seedT=8 seedH=8 seedS=4 pat=256",64,0.9324068768,0.9788,333.7254,2.1960,0.0000,0.038473,"0.038473;0.038513;0.038436",5.511891,181425.94,,12.41,0,6980,10,True,nid006971,57248608
SparseHNSW_a0.75_b3_p256,"M=32 efC=200 ef=100 alpha=0.75 beta=3 q=u8 seedT=8 seedH=8 seedS=4 pat=256",64,0.9535243553,0.9899,333.7254,2.1960,0.0000,0.066839,"0.066839;0.066885;0.066430",9.575788,104430.05,,12.41,0,6980,10,True,nid006971,57248608
SparseHNSW_a0.75_b3_p256,"M=32 efC=200 ef=200 alpha=0.75 beta=3 q=u8 seedT=8 seedH=8 seedS=4 pat=256",64,0.9654154728,0.9954,333.7254,2.1960,0.0000,0.117636,"0.117983;0.116823;0.117636",16.853295,59335.58,,12.41,0,6980,10,True,nid006971,57248608
SparseHNSW_a0.75_b3_p256,"M=32 efC=200 ef=400 alpha=0.75 beta=3 q=u8 seedT=8 seedH=8 seedS=4 pat=256",64,0.9716905444,0.9976,333.7254,2.1960,0.0000,0.173881,"0.174369;0.173794;0.173881",24.911318,40142.40,,12.41,0,6980,10,True,nid006971,57248608
SparseHNSW_a0.75_b3_p256,"M=32 efC=200 ef=800 alpha=0.75 beta=3 q=u8 seedT=8 seedH=8 seedS=4 pat=256",64,0.9734097421,0.9983,333.7254,2.1960,0.0000,0.188231,"0.188231;0.188651;0.187898",26.967192,37082.10,,12.41,0,6980,10,True,nid006971,57248608
SparseHNSW_a0.75_b3_p256,"M=32 efC=200 ef=1600 alpha=0.75 beta=3 q=u8 seedT=8 seedH=8 seedS=4 pat=256",64,0.9734813754,0.9983,333.7254,2.1960,0.0000,0.193037,"0.195015;0.193026;0.193037",27.655731,36158.87,,12.41,0,6980,10,True,nid006971,57248608
SparseHNSW_a0.75_b3_p256,"M=32 efC=200 ef=3200 alpha=0.75 beta=3 q=u8 seedT=8 seedH=8 seedS=4 pat=256",64,0.9734813754,0.9983,333.7254,2.1960,0.0000,0.198660,"0.198095;0.199852;0.198660",28.461318,35135.41,,12.41,0,6980,10,True,nid006971,57248608
SparseHNSW_a0.75_b4_p256,"M=32 efC=200 ef=10 alpha=0.75 beta=4 q=u8 seedT=8 seedH=8 seedS=4 pat=256",64,0.9254441261,0.9732,333.7254,2.1960,0.0000,0.032988,"0.032988;0.033183;0.032921",4.726074,211592.09,,12.41,0,6980,10,True,nid006971,57248608
SparseHNSW_a0.75_b4_p256,"M=32 efC=200 ef=20 alpha=0.75 beta=4 q=u8 seedT=8 seedH=8 seedS=4 pat=256",64,0.9254441261,0.9732,333.7254,2.1960,0.0000,0.032706,"0.032890;0.032706;0.032646",4.685673,213416.50,,12.41,0,6980,10,True,nid006971,57248608
SparseHNSW_a0.75_b4_p256,"M=32 efC=200 ef=50 alpha=0.75 beta=4 q=u8 seedT=8 seedH=8 seedS=4 pat=256",64,0.9354871060,0.9788,333.7254,2.1960,0.0000,0.038804,"0.038949;0.038804;0.038769",5.559312,179878.36,,12.41,0,6980,10,True,nid006971,57248608
SparseHNSW_a0.75_b4_p256,"M=32 efC=200 ef=100 alpha=0.75 beta=4 q=u8 seedT=8 seedH=8 seedS=4 pat=256",64,0.9568624642,0.9899,333.7254,2.1960,0.0000,0.067374,"0.067472;0.067374;0.066961",9.652436,103600.80,,12.41,0,6980,10,True,nid006971,57248608
SparseHNSW_a0.75_b4_p256,"M=32 efC=200 ef=200 alpha=0.75 beta=4 q=u8 seedT=8 seedH=8 seedS=4 pat=256",64,0.9688968481,0.9954,333.7254,2.1960,0.0000,0.117910,"0.117279;0.117958;0.117910",16.892550,59197.69,,12.41,0,6980,10,True,nid006971,57248608
SparseHNSW_a0.75_b4_p256,"M=32 efC=200 ef=400 alpha=0.75 beta=4 q=u8 seedT=8 seedH=8 seedS=4 pat=256",64,0.9757306590,0.9977,333.7254,2.1960,0.0000,0.180895,"0.180895;0.180038;0.181219",25.916189,38585.92,,12.41,0,6980,10,True,nid006971,57248608
SparseHNSW_a0.75_b4_p256,"M=32 efC=200 ef=800 alpha=0.75 beta=4 q=u8 seedT=8 seedH=8 seedS=4 pat=256",64,0.9778510029,0.9986,333.7254,2.1960,0.0000,0.200264,"0.200264;0.199611;0.201834",28.691117,34853.99,,12.41,0,6980,10,True,nid006971,57248608
SparseHNSW_a0.75_b4_p256,"M=32 efC=200 ef=1600 alpha=0.75 beta=4 q=u8 seedT=8 seedH=8 seedS=4 pat=256",64,0.9781375358,0.9986,333.7254,2.1960,0.0000,0.208067,"0.208067;0.207657;0.208602",29.809026,33546.89,,12.41,0,6980,10,True,nid006971,57248608
SparseHNSW_a0.75_b4_p256,"M=32 efC=200 ef=3200 alpha=0.75 beta=4 q=u8 seedT=8 seedH=8 seedS=4 pat=256",64,0.9781375358,0.9986,333.7254,2.1960,0.0000,0.214079,"0.214079;0.215244;0.212789",30.670344,32604.79,,12.41,0,6980,10,True,nid006971,57248608
SparseHNSW_a0.75_b5_p256,"M=32 efC=200 ef=10 alpha=0.75 beta=5 q=u8 seedT=8 seedH=8 seedS=4 pat=256",64,0.9366905444,0.9788,333.7254,2.1960,0.0000,0.039436,"0.039227;0.039635;0.039436",5.649857,176995.64,,12.41,0,6980,10,True,nid006971,57248608
SparseHNSW_a0.75_b5_p256,"M=32 efC=200 ef=20 alpha=0.75 beta=5 q=u8 seedT=8 seedH=8 seedS=4 pat=256",64,0.9366905444,0.9788,333.7254,2.1960,0.0000,0.039395,"0.039485;0.039395;0.039293",5.643983,177179.85,,12.41,0,6980,10,True,nid006971,57248608
SparseHNSW_a0.75_b5_p256,"M=32 efC=200 ef=50 alpha=0.75 beta=5 q=u8 seedT=8 seedH=8 seedS=4 pat=256",64,0.9366905444,0.9788,333.7254,2.1960,0.0000,0.039161,"0.039142;0.039161;0.039207",5.610458,178238.55,,12.41,0,6980,10,True,nid006971,57248608
SparseHNSW_a0.75_b5_p256,"M=32 efC=200 ef=100 alpha=0.75 beta=5 q=u8 seedT=8 seedH=8 seedS=4 pat=256",64,0.9582521490,0.9899,333.7254,2.1960,0.0000,0.067624,"0.067624;0.067660;0.067059",9.688252,103217.79,,12.41,0,6980,10,True,nid006971,57248608
SparseHNSW_a0.75_b5_p256,"M=32 efC=200 ef=200 alpha=0.75 beta=5 q=u8 seedT=8 seedH=8 seedS=4 pat=256",64,0.9703581662,0.9954,333.7254,2.1960,0.0000,0.118451,"0.118387;0.118451;0.118471",16.970057,58927.32,,12.41,0,6980,10,True,nid006971,57248608
SparseHNSW_a0.75_b5_p256,"M=32 efC=200 ef=400 alpha=0.75 beta=5 q=u8 seedT=8 seedH=8 seedS=4 pat=256",64,0.9773782235,0.9977,333.7254,2.1960,0.0000,0.186200,"0.185262;0.186571;0.186200",26.676218,37486.57,,12.41,0,6980,10,True,nid006971,57248608
SparseHNSW_a0.75_b5_p256,"M=32 efC=200 ef=800 alpha=0.75 beta=5 q=u8 seedT=8 seedH=8 seedS=4 pat=256",64,0.9798137536,0.9987,333.7254,2.1960,0.0000,0.211389,"0.211389;0.212772;0.210112",30.284957,33019.69,,12.41,0,6980,10,True,nid006971,57248608
SparseHNSW_a0.75_b5_p256,"M=32 efC=200 ef=1600 alpha=0.75 beta=5 q=u8 seedT=8 seedH=8 seedS=4 pat=256",64,0.9803868195,0.9989,333.7254,2.1960,0.0000,0.220237,"0.220777;0.220120;0.220237",31.552579,31693.13,,12.41,0,6980,10,True,nid006971,57248608
SparseHNSW_a0.75_b5_p256,"M=32 efC=200 ef=3200 alpha=0.75 beta=5 q=u8 seedT=8 seedH=8 seedS=4 pat=256",64,0.9803868195,0.9989,333.7254,2.1960,0.0000,0.224646,"0.224646;0.223375;0.225834",32.184241,31071.11,,12.41,0,6980,10,True,nid006971,57248608
SparseHNSW_a0.75_b6_p256,"M=32 efC=200 ef=10 alpha=0.75 beta=6 q=u8 seedT=8 seedH=8 seedS=4 pat=256",64,0.9442693410,0.9822,333.7254,2.1960,0.0000,0.045584,"0.045974;0.045584;0.045480",6.530659,153123.90,,12.41,0,6980,10,True,nid006971,57248608
SparseHNSW_a0.75_b6_p256,"M=32 efC=200 ef=20 alpha=0.75 beta=6 q=u8 seedT=8 seedH=8 seedS=4 pat=256",64,0.9442693410,0.9822,333.7254,2.1960,0.0000,0.045611,"0.045614;0.045611;0.045216",6.534527,153033.26,,12.41,0,6980,10,True,nid006971,57248608
SparseHNSW_a0.75_b6_p256,"M=32 efC=200 ef=50 alpha=0.75 beta=6 q=u8 seedT=8 seedH=8 seedS=4 pat=256",64,0.9442693410,0.9822,333.7254,2.1960,0.0000,0.045519,"0.045533;0.045377;0.045519",6.521347,153342.56,,12.41,0,6980,10,True,nid006971,57248608
SparseHNSW_a0.75_b6_p256,"M=32 efC=200 ef=100 alpha=0.75 beta=6 q=u8 seedT=8 seedH=8 seedS=4 pat=256",64,0.9587535817,0.9899,333.7254,2.1960,0.0000,0.067198,"0.067198;0.067089;0.068024",9.627221,103872.14,,12.41,0,6980,10,True,nid006971,57248608
SparseHNSW_a0.75_b6_p256,"M=32 efC=200 ef=200 alpha=0.75 beta=6 q=u8 seedT=8 seedH=8 seedS=4 pat=256",64,0.9709455587,0.9956,333.7254,2.1960,0.0000,0.119193,"0.119295;0.119193;0.118405",17.076361,58560.49,,12.41,0,6980,10,True,nid006971,57248608
SparseHNSW_a0.75_b6_p256,"M=32 efC=200 ef=400 alpha=0.75 beta=6 q=u8 seedT=8 seedH=8 seedS=4 pat=256",64,0.9781088825,0.9977,333.7254,2.1960,0.0000,0.190153,"0.190104;0.191037;0.190153",27.242550,36707.28,,12.41,0,6980,10,True,nid006971,57248608
SparseHNSW_a0.75_b6_p256,"M=32 efC=200 ef=800 alpha=0.75 beta=6 q=u8 seedT=8 seedH=8 seedS=4 pat=256",64,0.9807306590,0.9987,333.7254,2.1960,0.0000,0.223253,"0.223165;0.223684;0.223253",31.984670,31264.98,,12.41,0,6980,10,True,nid006971,57248608
SparseHNSW_a0.75_b6_p256,"M=32 efC=200 ef=1600 alpha=0.75 beta=6 q=u8 seedT=8 seedH=8 seedS=4 pat=256",64,0.9813753582,0.9989,333.7254,2.1960,0.0000,0.233549,"0.233454;0.233549;0.233765",33.459742,29886.66,,12.41,0,6980,10,True,nid006971,57248608
SparseHNSW_a0.75_b6_p256,"M=32 efC=200 ef=3200 alpha=0.75 beta=6 q=u8 seedT=8 seedH=8 seedS=4 pat=256",64,0.9813753582,0.9989,333.7254,2.1960,0.0000,0.238109,"0.240002;0.238109;0.237152",34.113037,29314.31,,12.41,0,6980,10,True,nid006971,57248608
SparseHNSW_a0.75_b8_p256,"M=32 efC=200 ef=10 alpha=0.75 beta=8 q=u8 seedT=8 seedH=8 seedS=4 pat=256",64,0.9542693410,0.9876,333.7254,2.1960,0.0000,0.057713,"0.057716;0.057373;0.057713",8.268338,120943.29,,12.41,0,6980,10,True,nid006971,57248608
SparseHNSW_a0.75_b8_p256,"M=32 efC=200 ef=20 alpha=0.75 beta=8 q=u8 seedT=8 seedH=8 seedS=4 pat=256",64,0.9542693410,0.9876,333.7254,2.1960,0.0000,0.057406,"0.057383;0.057680;0.057406",8.224355,121590.08,,12.41,0,6980,10,True,nid006971,57248608
SparseHNSW_a0.75_b8_p256,"M=32 efC=200 ef=50 alpha=0.75 beta=8 q=u8 seedT=8 seedH=8 seedS=4 pat=256",64,0.9542693410,0.9876,333.7254,2.1960,0.0000,0.057347,"0.057383;0.057347;0.057271",8.215903,121715.17,,12.41,0,6980,10,True,nid006971,57248608
SparseHNSW_a0.75_b8_p256,"M=32 efC=200 ef=100 alpha=0.75 beta=8 q=u8 seedT=8 seedH=8 seedS=4 pat=256",64,0.9594699140,0.9899,333.7254,2.1960,0.0000,0.068259,"0.068814;0.068259;0.068184",9.779226,102257.58,,12.41,0,6980,10,True,nid006971,57248608
SparseHNSW_a0.75_b8_p256,"M=32 efC=200 ef=200 alpha=0.75 beta=8 q=u8 seedT=8 seedH=8 seedS=4 pat=256",64,0.9717191977,0.9956,333.7254,2.1960,0.0000,0.119761,"0.119863;0.119761;0.119615",17.157736,58282.75,,12.41,0,6980,10,True,nid006971,57248608
SparseHNSW_a0.75_b8_p256,"M=32 efC=200 ef=400 alpha=0.75 beta=8 q=u8 seedT=8 seedH=8 seedS=4 pat=256",64,0.9789684814,0.9977,333.7254,2.1960,0.0000,0.199333,"0.200036;0.199333;0.198181",28.557736,35016.78,,12.41,0,6980,10,True,nid006971,57248608
SparseHNSW_a0.75_b8_p256,"M=32 efC=200 ef=800 alpha=0.75 beta=8 q=u8 seedT=8 seedH=8 seedS=4 pat=256",64,0.9821489971,0.9987,333.7254,2.1960,0.0000,0.243560,"0.243560;0.242621;0.244273",34.893983,28658.24,,12.41,0,6980,10,True,nid006971,57248608
SparseHNSW_a0.75_b8_p256,"M=32 efC=200 ef=1600 alpha=0.75 beta=8 q=u8 seedT=8 seedH=8 seedS=4 pat=256",64,0.9829226361,0.9989,333.7254,2.1960,0.0000,0.255864,"0.255057;0.256064;0.255864",36.656734,27280.12,,12.41,0,6980,10,True,nid006971,57248608
SparseHNSW_a0.75_b8_p256,"M=32 efC=200 ef=3200 alpha=0.75 beta=8 q=u8 seedT=8 seedH=8 seedS=4 pat=256",64,0.9829226361,0.9989,333.7254,2.1960,0.0000,0.261181,"0.260897;0.261181;0.261692",37.418481,26724.76,,12.41,0,6980,10,True,nid006971,57248608
SparseHNSW_a0.8_b1_p0,"M=32 efC=200 ef=10 alpha=0.8 beta=1 q=u8 seedT=8 seedH=8 seedS=4",64,0.8339398281,0.6763,371.2342,2.1806,0.0000,0.027388,"0.026823;0.027836;0.027388",3.923782,254856.14,,12.54,0,6980,10,True,nid006971,57248608
SparseHNSW_a0.8_b1_p0,"M=32 efC=200 ef=20 alpha=0.8 beta=1 q=u8 seedT=8 seedH=8 seedS=4",64,0.8339398281,0.6763,371.2342,2.1806,0.0000,0.026899,"0.027044;0.026899;0.026810",3.853725,259489.20,,12.54,0,6980,10,True,nid006971,57248608
SparseHNSW_a0.8_b1_p0,"M=32 efC=200 ef=50 alpha=0.8 beta=1 q=u8 seedT=8 seedH=8 seedS=4",64,0.8498567335,0.6930,371.2342,2.1806,0.0000,0.037751,"0.037751;0.037797;0.037711",5.408453,184895.76,,12.54,0,6980,10,True,nid006971,57248608
SparseHNSW_a0.8_b1_p0,"M=32 efC=200 ef=100 alpha=0.8 beta=1 q=u8 seedT=8 seedH=8 seedS=4",64,0.8659742120,0.7080,371.2342,2.1806,0.0000,0.066081,"0.066069;0.066081;0.066419",9.467192,105627.94,,12.54,0,6980,10,True,nid006971,57248608
SparseHNSW_a0.8_b1_p0,"M=32 efC=200 ef=200 alpha=0.8 beta=1 q=u8 seedT=8 seedH=8 seedS=4",64,0.8763896848,0.7198,371.2342,2.1806,0.0000,0.118906,"0.118053;0.118906;0.119293",17.035244,58701.83,,12.54,0,6980,10,True,nid006971,57248608
SparseHNSW_a0.8_b1_p0,"M=32 efC=200 ef=400 alpha=0.8 beta=1 q=u8 seedT=8 seedH=8 seedS=4",64,0.8818481375,0.7262,371.2342,2.1806,0.0000,0.209854,"0.210598;0.209854;0.208697",30.065043,33261.22,,12.54,0,6980,10,True,nid006971,57248608
SparseHNSW_a0.8_b1_p0,"M=32 efC=200 ef=800 alpha=0.8 beta=1 q=u8 seedT=8 seedH=8 seedS=4",64,0.8857593123,0.7320,371.2342,2.1806,0.0000,0.383822,"0.383822;0.381476;0.384808",54.988825,18185.51,,12.54,0,6980,10,True,nid006971,57248608
SparseHNSW_a0.8_b1_p0,"M=32 efC=200 ef=1600 alpha=0.8 beta=1 q=u8 seedT=8 seedH=8 seedS=4",64,0.8886246418,0.7354,371.2342,2.1806,0.0000,0.743649,"0.742618;0.745081;0.743649",106.539971,9386.15,,12.54,0,6980,10,True,nid006971,57248608
SparseHNSW_a0.8_b1_p0,"M=32 efC=200 ef=3200 alpha=0.8 beta=1 q=u8 seedT=8 seedH=8 seedS=4",64,0.8905587393,0.7380,371.2342,2.1806,0.0000,1.466992,"1.478613;1.466179;1.466992",210.170774,4758.04,,12.60,0,6980,10,True,nid006971,57248608
SparseHNSW_a0.8_b2_p0,"M=32 efC=200 ef=10 alpha=0.8 beta=2 q=u8 seedT=8 seedH=8 seedS=4",64,0.9106590258,0.9691,371.2342,2.1806,0.0000,0.027975,"0.027918;0.028193;0.027975",4.007880,249508.49,,12.60,0,6980,10,True,nid006971,57248608
SparseHNSW_a0.8_b2_p0,"M=32 efC=200 ef=20 alpha=0.8 beta=2 q=u8 seedT=8 seedH=8 seedS=4",64,0.9106590258,0.9691,371.2342,2.1806,0.0000,0.027652,"0.027652;0.027561;0.027683",3.961605,252422.97,,12.60,0,6980,10,True,nid006971,57248608
SparseHNSW_a0.8_b2_p0,"M=32 efC=200 ef=50 alpha=0.8 beta=2 q=u8 seedT=8 seedH=8 seedS=4",64,0.9301432665,0.9792,371.2342,2.1806,0.0000,0.038331,"0.038360;0.038247;0.038331",5.491547,182098.04,,12.60,0,6980,10,True,nid006971,57248608
SparseHNSW_a0.8_b2_p0,"M=32 efC=200 ef=100 alpha=0.8 beta=2 q=u8 seedT=8 seedH=8 seedS=4",64,0.9499570201,0.9895,371.2342,2.1806,0.0000,0.066482,"0.066482;0.066474;0.066700",9.524642,104990.82,,12.60,0,6980,10,True,nid006971,57248608
SparseHNSW_a0.8_b2_p0,"M=32 efC=200 ef=200 alpha=0.8 beta=2 q=u8 seedT=8 seedH=8 seedS=4",64,0.9624498567,0.9953,371.2342,2.1806,0.0000,0.118709,"0.118408;0.118709;0.118791",17.007020,58799.25,,12.60,0,6980,10,True,nid006971,57248608
SparseHNSW_a0.8_b2_p0,"M=32 efC=200 ef=400 alpha=0.8 beta=2 q=u8 seedT=8 seedH=8 seedS=4",64,0.9690687679,0.9977,371.2342,2.1806,0.0000,0.209194,"0.208218;0.209194;0.209281",29.970487,33366.16,,12.60,0,6980,10,True,nid006971,57248608
SparseHNSW_a0.8_b2_p0,"M=32 efC=200 ef=800 alpha=0.8 beta=2 q=u8 seedT=8 seedH=8 seedS=4",64,0.9738538682,0.9989,371.2342,2.1806,0.0000,0.383620,"0.383620;0.384784;0.381467",54.959885,18195.09,,12.60,0,6980,10,True,nid006971,57248608
SparseHNSW_a0.8_b2_p0,"M=32 efC=200 ef=1600 alpha=0.8 beta=2 q=u8 seedT=8 seedH=8 seedS=4",64,0.9775931232,0.9999,371.2342,2.1806,0.0000,0.742392,"0.742392;0.742079;0.742429",106.359885,9402.04,,12.60,0,6980,10,True,nid006971,57248608
SparseHNSW_a0.8_b2_p0,"M=32 efC=200 ef=3200 alpha=0.8 beta=2 q=u8 seedT=8 seedH=8 seedS=4",64,0.9803151862,1.0000,371.2342,2.1806,0.0000,1.468933,"1.474207;1.468933;1.468896",210.448854,4751.75,,12.60,0,6980,10,True,nid006971,57248608
SparseHNSW_a0.8_b3_p0,"M=32 efC=200 ef=10 alpha=0.8 beta=3 q=u8 seedT=8 seedH=8 seedS=4",64,0.9165616046,0.9691,371.2342,2.1806,0.0000,0.028347,"0.028341;0.028711;0.028347",4.061175,246234.17,,12.60,0,6980,10,True,nid006971,57248608
SparseHNSW_a0.8_b3_p0,"M=32 efC=200 ef=20 alpha=0.8 beta=3 q=u8 seedT=8 seedH=8 seedS=4",64,0.9165616046,0.9691,371.2342,2.1806,0.0000,0.028126,"0.028203;0.028126;0.027814",4.029513,248168.95,,12.60,0,6980,10,True,nid006971,57248608
SparseHNSW_a0.8_b3_p0,"M=32 efC=200 ef=50 alpha=0.8 beta=3 q=u8 seedT=8 seedH=8 seedS=4",64,0.9366332378,0.9792,371.2342,2.1806,0.0000,0.038700,"0.038722;0.038700;0.038626",5.544413,180361.76,,12.60,0,6980,10,True,nid006971,57248608
SparseHNSW_a0.8_b3_p0,"M=32 efC=200 ef=100 alpha=0.8 beta=3 q=u8 seedT=8 seedH=8 seedS=4",64,0.9570487106,0.9895,371.2342,2.1806,0.0000,0.067411,"0.067574;0.067059;0.067411",9.657736,103543.93,,12.60,0,6980,10,True,nid006971,57248608
SparseHNSW_a0.8_b3_p0,"M=32 efC=200 ef=200 alpha=0.8 beta=3 q=u8 seedT=8 seedH=8 seedS=4",64,0.9698997135,0.9953,371.2342,2.1806,0.0000,0.118977,"0.118907;0.119397;0.118977",17.045415,58666.80,,12.60,0,6980,10,True,nid006971,57248608
SparseHNSW_a0.8_b3_p0,"M=32 efC=200 ef=400 alpha=0.8 beta=3 q=u8 seedT=8 seedH=8 seedS=4",64,0.9767048711,0.9977,371.2342,2.1806,0.0000,0.210508,"0.210508;0.209242;0.211669",30.158739,33157.88,,12.60,0,6980,10,True,nid006971,57248608
SparseHNSW_a0.8_b3_p0,"M=32 efC=200 ef=800 alpha=0.8 beta=3 q=u8 seedT=8 seedH=8 seedS=4",64,0.9816618911,0.9989,371.2342,2.1806,0.0000,0.383391,"0.385636;0.383391;0.382423",54.927077,18205.96,,12.60,0,6980,10,True,nid006971,57248608
SparseHNSW_a0.8_b3_p0,"M=32 efC=200 ef=1600 alpha=0.8 beta=3 q=u8 seedT=8 seedH=8 seedS=4",64,0.9853868195,0.9999,371.2342,2.1806,0.0000,0.743589,"0.745281;0.743589;0.740242",106.531375,9386.91,,12.60,0,6980,10,True,nid006971,57248608
SparseHNSW_a0.8_b3_p0,"M=32 efC=200 ef=3200 alpha=0.8 beta=3 q=u8 seedT=8 seedH=8 seedS=4",64,0.9881232092,1.0000,371.2342,2.1806,0.0000,1.470989,"1.470065;1.471648;1.470989",210.743410,4745.11,,12.60,0,6980,10,True,nid006971,57248608
SparseHNSW_a0.8_b4_p0,"M=32 efC=200 ef=10 alpha=0.8 beta=4 q=u8 seedT=8 seedH=8 seedS=4",64,0.9286246418,0.9754,371.2342,2.1806,0.0000,0.033228,"0.033136;0.033524;0.033228",4.760458,210063.80,,12.60,0,6980,10,True,nid006971,57248608
SparseHNSW_a0.8_b4_p0,"M=32 efC=200 ef=20 alpha=0.8 beta=4 q=u8 seedT=8 seedH=8 seedS=4",64,0.9286246418,0.9754,371.2342,2.1806,0.0000,0.032994,"0.033192;0.032994;0.032952",4.726934,211553.62,,12.60,0,6980,10,True,nid006971,57248608
SparseHNSW_a0.8_b4_p0,"M=32 efC=200 ef=50 alpha=0.8 beta=4 q=u8 seedT=8 seedH=8 seedS=4",64,0.9377793696,0.9792,371.2342,2.1806,0.0000,0.039039,"0.039179;0.039039;0.039028",5.592980,178795.56,,12.60,0,6980,10,True,nid006971,57248608
SparseHNSW_a0.8_b4_p0,"M=32 efC=200 ef=100 alpha=0.8 beta=4 q=u8 seedT=8 seedH=8 seedS=4",64,0.9584813754,0.9895,371.2342,2.1806,0.0000,0.067058,"0.067058;0.067012;0.067628",9.607163,104089.00,,12.60,0,6980,10,True,nid006971,57248608
SparseHNSW_a0.8_b4_p0,"M=32 efC=200 ef=200 alpha=0.8 beta=4 q=u8 seedT=8 seedH=8 seedS=4",64,0.9714326648,0.9953,371.2342,2.1806,0.0000,0.118862,"0.118821;0.118862;0.119515",17.028940,58723.56,,12.60,0,6980,10,True,nid006971,57248608
SparseHNSW_a0.8_b4_p0,"M=32 efC=200 ef=400 alpha=0.8 beta=4 q=u8 seedT=8 seedH=8 seedS=4",64,0.9782521490,0.9977,371.2342,2.1806,0.0000,0.209602,"0.209861;0.209602;0.209550",30.028940,33301.21,,12.60,0,6980,10,True,nid006971,57248608
SparseHNSW_a0.8_b4_p0,"M=32 efC=200 ef=800 alpha=0.8 beta=4 q=u8 seedT=8 seedH=8 seedS=4",64,0.9832234957,0.9989,371.2342,2.1806,0.0000,0.382508,"0.381508;0.382508;0.383223",54.800573,18247.98,,12.60,0,6980,10,True,nid006971,57248608
SparseHNSW_a0.8_b4_p0,"M=32 efC=200 ef=1600 alpha=0.8 beta=4 q=u8 seedT=8 seedH=8 seedS=4",64,0.9869914040,0.9999,371.2342,2.1806,0.0000,0.746349,"0.746349;0.744828;0.746958",106.926791,9352.19,,12.60,0,6980,10,True,nid006971,57248608
SparseHNSW_a0.8_b4_p0,"M=32 efC=200 ef=3200 alpha=0.8 beta=4 q=u8 seedT=8 seedH=8 seedS=4",64,0.9897564470,1.0000,371.2342,2.1806,0.0000,1.473235,"1.473235;1.471766;1.473272",211.065186,4737.87,,12.60,0,6980,10,True,nid006971,57248608
SparseHNSW_a0.8_b5_p0,"M=32 efC=200 ef=10 alpha=0.8 beta=5 q=u8 seedT=8 seedH=8 seedS=4",64,0.9382808023,0.9792,371.2342,2.1806,0.0000,0.039874,"0.039613;0.039874;0.040023",5.712607,175051.41,,12.60,0,6980,10,True,nid006971,57248608
SparseHNSW_a0.8_b5_p0,"M=32 efC=200 ef=20 alpha=0.8 beta=5 q=u8 seedT=8 seedH=8 seedS=4",64,0.9382808023,0.9792,371.2342,2.1806,0.0000,0.039445,"0.039719;0.039308;0.039445",5.651146,176955.25,,12.60,0,6980,10,True,nid006971,57248608
SparseHNSW_a0.8_b5_p0,"M=32 efC=200 ef=50 alpha=0.8 beta=5 q=u8 seedT=8 seedH=8 seedS=4",64,0.9382808023,0.9792,371.2342,2.1806,0.0000,0.039538,"0.039538;0.039539;0.039306",5.664470,176539.03,,12.60,0,6980,10,True,nid006971,57248608
SparseHNSW_a0.8_b5_p0,"M=32 efC=200 ef=100 alpha=0.8 beta=5 q=u8 seedT=8 seedH=8 seedS=4",64,0.9589255014,0.9895,371.2342,2.1806,0.0000,0.067654,"0.067654;0.068013;0.067239",9.692550,103172.02,,12.60,0,6980,10,True,nid006971,57248608
SparseHNSW_a0.8_b5_p0,"M=32 efC=200 ef=200 alpha=0.8 beta=5 q=u8 seedT=8 seedH=8 seedS=4",64,0.9718767908,0.9953,371.2342,2.1806,0.0000,0.119588,"0.119588;0.120197;0.118967",17.132951,58367.06,,12.60,0,6980,10,True,nid006971,57248608
SparseHNSW_a0.8_b5_p0,"M=32 efC=200 ef=400 alpha=0.8 beta=5 q=u8 seedT=8 seedH=8 seedS=4",64,0.9787106017,0.9977,371.2342,2.1806,0.0000,0.210677,"0.210471;0.210677;0.211634",30.182951,33131.29,,12.60,0,6980,10,True,nid006971,57248608
SparseHNSW_a0.8_b5_p0,"M=32 efC=200 ef=800 alpha=0.8 beta=5 q=u8 seedT=8 seedH=8 seedS=4",64,0.9837249284,0.9989,371.2342,2.1806,0.0000,0.384502,"0.384482;0.384502;0.386046",55.086246,18153.35,,12.60,0,6980,10,True,nid006971,57248608
SparseHNSW_a0.8_b5_p0,"M=32 efC=200 ef=1600 alpha=0.8 beta=5 q=u8 seedT=8 seedH=8 seedS=4",64,0.9874928367,0.9999,371.2342,2.1806,0.0000,0.746355,"0.743425;0.746355;0.746858",106.927650,9352.12,,12.60,0,6980,10,True,nid006971,57248608
SparseHNSW_a0.8_b5_p0,"M=32 efC=200 ef=3200 alpha=0.8 beta=5 q=u8 seedT=8 seedH=8 seedS=4",64,0.9902722063,1.0000,371.2342,2.1806,0.0000,1.471449,"1.470777;1.474805;1.471449",210.809312,4743.62,,12.60,0,6980,10,True,nid006971,57248608
SparseHNSW_a0.8_b6_p0,"M=32 efC=200 ef=10 alpha=0.8 beta=6 q=u8 seedT=8 seedH=8 seedS=4",64,0.9448280802,0.9824,371.2342,2.1806,0.0000,0.045740,"0.045740;0.046269;0.045725",6.553009,152601.66,,12.60,0,6980,10,True,nid006971,57248608
SparseHNSW_a0.8_b6_p0,"M=32 efC=200 ef=20 alpha=0.8 beta=6 q=u8 seedT=8 seedH=8 seedS=4",64,0.9448280802,0.9824,371.2342,2.1806,0.0000,0.045816,"0.045816;0.045940;0.045670",6.563897,152348.52,,12.60,0,6980,10,True,nid006971,57248608
SparseHNSW_a0.8_b6_p0,"M=32 efC=200 ef=50 alpha=0.8 beta=6 q=u8 seedT=8 seedH=8 seedS=4",64,0.9448280802,0.9824,371.2342,2.1806,0.0000,0.045619,"0.045619;0.045792;0.045522",6.535673,153006.42,,12.60,0,6980,10,True,nid006971,57248608
SparseHNSW_a0.8_b6_p0,"M=32 efC=200 ef=100 alpha=0.8 beta=6 q=u8 seedT=8 seedH=8 seedS=4",64,0.9591690544,0.9895,371.2342,2.1806,0.0000,0.067923,"0.067923;0.067757;0.068131",9.731089,102763.42,,12.60,0,6980,10,True,nid006971,57248608
SparseHNSW_a0.8_b6_p0,"M=32 efC=200 ef=200 alpha=0.8 beta=6 q=u8 seedT=8 seedH=8 seedS=4",64,0.9721776504,0.9953,371.2342,2.1806,0.0000,0.120204,"0.120204;0.119294;0.120501",17.221203,58067.95,,12.60,0,6980,10,True,nid006971,57248608
SparseHNSW_a0.8_b6_p0,"M=32 efC=200 ef=400 alpha=0.8 beta=6 q=u8 seedT=8 seedH=8 seedS=4",64,0.9790401146,0.9977,371.2342,2.1806,0.0000,0.209617,"0.209617;0.208725;0.210385",30.031089,33298.83,,12.60,0,6980,10,True,nid006971,57248608
SparseHNSW_a0.8_b6_p0,"M=32 efC=200 ef=800 alpha=0.8 beta=6 q=u8 seedT=8 seedH=8 seedS=4",64,0.9840544413,0.9989,371.2342,2.1806,0.0000,0.382571,"0.384433;0.382571;0.381417",54.809599,18244.98,,12.60,0,6980,10,True,nid006971,57248608
SparseHNSW_a0.8_b6_p0,"M=32 efC=200 ef=1600 alpha=0.8 beta=6 q=u8 seedT=8 seedH=8 seedS=4",64,0.9878223496,0.9999,371.2342,2.1806,0.0000,0.745219,"0.743850;0.747250;0.745219",106.764900,9366.37,,12.60,0,6980,10,True,nid006971,57248608
SparseHNSW_a0.8_b6_p0,"M=32 efC=200 ef=3200 alpha=0.8 beta=6 q=u8 seedT=8 seedH=8 seedS=4",64,0.9906017192,1.0000,371.2342,2.1806,0.0000,1.472343,"1.471229;1.474747;1.472343",210.937393,4740.74,,12.60,0,6980,10,True,nid006971,57248608
SparseHNSW_a0.8_b8_p0,"M=32 efC=200 ef=10 alpha=0.8 beta=8 q=u8 seedT=8 seedH=8 seedS=4",64,0.9533237822,0.9864,371.2342,2.1806,0.0000,0.057579,"0.057914;0.057245;0.057579",8.249140,121224.75,,12.60,0,6980,10,True,nid006971,57248608
SparseHNSW_a0.8_b8_p0,"M=32 efC=200 ef=20 alpha=0.8 beta=8 q=u8 seedT=8 seedH=8 seedS=4",64,0.9533237822,0.9864,371.2342,2.1806,0.0000,0.057321,"0.057206;0.057759;0.057321",8.212178,121770.38,,12.60,0,6980,10,True,nid006971,57248608
SparseHNSW_a0.8_b8_p0,"M=32 efC=200 ef=50 alpha=0.8 beta=8 q=u8 seedT=8 seedH=8 seedS=4",64,0.9533237822,0.9864,371.2342,2.1806,0.0000,0.057400,"0.057662;0.057400;0.057380",8.223496,121602.79,,12.60,0,6980,10,True,nid006971,57248608
SparseHNSW_a0.8_b8_p0,"M=32 efC=200 ef=100 alpha=0.8 beta=8 q=u8 seedT=8 seedH=8 seedS=4",64,0.9593553009,0.9895,371.2342,2.1806,0.0000,0.068187,"0.068187;0.067866;0.068358",9.768911,102365.55,,12.60,0,6980,10,True,nid006971,57248608
SparseHNSW_a0.8_b8_p0,"M=32 efC=200 ef=200 alpha=0.8 beta=8 q=u8 seedT=8 seedH=8 seedS=4",64,0.9723782235,0.9953,371.2342,2.1806,0.0000,0.120359,"0.120699;0.120359;0.120171",17.243410,57993.17,,12.60,0,6980,10,True,nid006971,57248608
SparseHNSW_a0.8_b8_p0,"M=32 efC=200 ef=400 alpha=0.8 beta=8 q=u8 seedT=8 seedH=8 seedS=4",64,0.9792406877,0.9977,371.2342,2.1806,0.0000,0.211017,"0.210289;0.211017;0.211156",30.231662,33077.90,,12.60,0,6980,10,True,nid006971,57248608
SparseHNSW_a0.8_b8_p0,"M=32 efC=200 ef=800 alpha=0.8 beta=8 q=u8 seedT=8 seedH=8 seedS=4",64,0.9842550143,0.9989,371.2342,2.1806,0.0000,0.384775,"0.383521;0.384870;0.384775",55.125358,18140.47,,12.60,0,6980,10,True,nid006971,57248608
SparseHNSW_a0.8_b8_p0,"M=32 efC=200 ef=1600 alpha=0.8 beta=8 q=u8 seedT=8 seedH=8 seedS=4",64,0.9880229226,0.9999,371.2342,2.1806,0.0000,0.747173,"0.747173;0.747687;0.743295",107.044842,9341.88,,12.60,0,6980,10,True,nid006971,57248608
SparseHNSW_a0.8_b8_p0,"M=32 efC=200 ef=3200 alpha=0.8 beta=8 q=u8 seedT=8 seedH=8 seedS=4",64,0.9908022923,1.0000,371.2342,2.1806,0.0000,1.471733,"1.471733;1.470975;1.472426",210.850000,4742.71,,12.60,0,6980,10,True,nid006971,57248608
SparseHNSW_a0.8_b1_p64,"M=32 efC=200 ef=10 alpha=0.8 beta=1 q=u8 seedT=8 seedH=8 seedS=4 pat=64",64,0.8339398281,0.6763,371.2342,2.1806,0.0000,0.027398,"0.027398;0.027694;0.027229",3.925215,254763.12,,12.60,0,6980,10,True,nid006971,57248608
SparseHNSW_a0.8_b1_p64,"M=32 efC=200 ef=20 alpha=0.8 beta=1 q=u8 seedT=8 seedH=8 seedS=4 pat=64",64,0.8339398281,0.6763,371.2342,2.1806,0.0000,0.026984,"0.027114;0.026984;0.026811",3.865903,258671.81,,12.60,0,6980,10,True,nid006971,57248608
SparseHNSW_a0.8_b1_p64,"M=32 efC=200 ef=50 alpha=0.8 beta=1 q=u8 seedT=8 seedH=8 seedS=4 pat=64",64,0.8498567335,0.6930,371.2342,2.1806,0.0000,0.037675,"0.037716;0.037675;0.037575",5.397564,185268.75,,12.60,0,6980,10,True,nid006971,57248608
SparseHNSW_a0.8_b1_p64,"M=32 efC=200 ef=100 alpha=0.8 beta=1 q=u8 seedT=8 seedH=8 seedS=4 pat=64",64,0.8638968481,0.7057,371.2342,2.1806,0.0000,0.054732,"0.054732;0.054733;0.054575",7.841261,127530.51,,12.60,0,6980,10,True,nid006971,57248608
SparseHNSW_a0.8_b1_p64,"M=32 efC=200 ef=200 alpha=0.8 beta=1 q=u8 seedT=8 seedH=8 seedS=4 pat=64",64,0.8664040115,0.7081,371.2342,2.1806,0.0000,0.058061,"0.058033;0.058133;0.058061",8.318195,120218.39,,12.60,0,6980,10,True,nid006971,57248608
SparseHNSW_a0.8_b1_p64,"M=32 efC=200 ef=400 alpha=0.8 beta=1 q=u8 seedT=8 seedH=8 seedS=4 pat=64",64,0.8664326648,0.7081,371.2342,2.1806,0.0000,0.060027,"0.060014;0.060027;0.060262",8.599857,116281.01,,12.60,0,6980,10,True,nid006971,57248608
SparseHNSW_a0.8_b1_p64,"M=32 efC=200 ef=800 alpha=0.8 beta=1 q=u8 seedT=8 seedH=8 seedS=4 pat=64",64,0.8664326648,0.7081,371.2342,2.1806,0.0000,0.063331,"0.062877;0.063588;0.063331",9.073209,110214.59,,12.60,0,6980,10,True,nid006971,57248608
SparseHNSW_a0.8_b1_p64,"M=32 efC=200 ef=1600 alpha=0.8 beta=1 q=u8 seedT=8 seedH=8 seedS=4 pat=64",64,0.8664326648,0.7081,371.2342,2.1806,0.0000,0.067231,"0.067231;0.067266;0.067090",9.631948,103821.15,,12.60,0,6980,10,True,nid006971,57248608
SparseHNSW_a0.8_b1_p64,"M=32 efC=200 ef=3200 alpha=0.8 beta=1 q=u8 seedT=8 seedH=8 seedS=4 pat=64",64,0.8664326648,0.7081,371.2342,2.1806,0.0000,0.068406,"0.068812;0.068406;0.067565",9.800287,102037.83,,12.60,0,6980,10,True,nid006971,57248608
SparseHNSW_a0.8_b2_p64,"M=32 efC=200 ef=10 alpha=0.8 beta=2 q=u8 seedT=8 seedH=8 seedS=4 pat=64",64,0.9106590258,0.9691,371.2342,2.1806,0.0000,0.028103,"0.028454;0.028103;0.027931",4.026218,248372.06,,12.60,0,6980,10,True,nid006971,57248608
SparseHNSW_a0.8_b2_p64,"M=32 efC=200 ef=20 alpha=0.8 beta=2 q=u8 seedT=8 seedH=8 seedS=4 pat=64",64,0.9106590258,0.9691,371.2342,2.1806,0.0000,0.027590,"0.027634;0.027590;0.027429",3.952722,252990.21,,12.60,0,6980,10,True,nid006971,57248608
SparseHNSW_a0.8_b2_p64,"M=32 efC=200 ef=50 alpha=0.8 beta=2 q=u8 seedT=8 seedH=8 seedS=4 pat=64",64,0.9301432665,0.9792,371.2342,2.1806,0.0000,0.038395,"0.038395;0.038479;0.038279",5.500716,181794.50,,12.60,0,6980,10,True,nid006971,57248608
SparseHNSW_a0.8_b2_p64,"M=32 efC=200 ef=100 alpha=0.8 beta=2 q=u8 seedT=8 seedH=8 seedS=4 pat=64",64,0.9487679083,0.9887,371.2342,2.1806,0.0000,0.060498,"0.060695;0.060498;0.059963",8.667335,115375.71,,12.60,0,6980,10,True,nid006971,57248608
SparseHNSW_a0.8_b2_p64,"M=32 efC=200 ef=200 alpha=0.8 beta=2 q=u8 seedT=8 seedH=8 seedS=4 pat=64",64,0.9532378223,0.9905,371.2342,2.1806,0.0000,0.066643,"0.066692;0.066266;0.066643",9.547708,104737.18,,12.60,0,6980,10,True,nid006971,57248608
SparseHNSW_a0.8_b2_p64,"M=32 efC=200 ef=400 alpha=0.8 beta=2 q=u8 seedT=8 seedH=8 seedS=4 pat=64",64,0.9533094556,0.9905,371.2342,2.1806,0.0000,0.069042,"0.068977;0.069203;0.069042",9.891404,101097.88,,12.60,0,6980,10,True,nid006971,57248608
SparseHNSW_a0.8_b2_p64,"M=32 efC=200 ef=800 alpha=0.8 beta=2 q=u8 seedT=8 seedH=8 seedS=4 pat=64",64,0.9533094556,0.9905,371.2342,2.1806,0.0000,0.072769,"0.072769;0.073195;0.072438",10.425358,95919.97,,12.60,0,6980,10,True,nid006971,57248608
SparseHNSW_a0.8_b2_p64,"M=32 efC=200 ef=1600 alpha=0.8 beta=2 q=u8 seedT=8 seedH=8 seedS=4 pat=64",64,0.9533094556,0.9905,371.2342,2.1806,0.0000,0.076813,"0.076401;0.076820;0.076813",11.004728,90870.04,,12.60,0,6980,10,True,nid006971,57248608
SparseHNSW_a0.8_b2_p64,"M=32 efC=200 ef=3200 alpha=0.8 beta=2 q=u8 seedT=8 seedH=8 seedS=4 pat=64",64,0.9533094556,0.9905,371.2342,2.1806,0.0000,0.078775,"0.078817;0.078616;0.078775",11.285817,88606.79,,12.60,0,6980,10,True,nid006971,57248608
SparseHNSW_a0.8_b3_p64,"M=32 efC=200 ef=10 alpha=0.8 beta=3 q=u8 seedT=8 seedH=8 seedS=4 pat=64",64,0.9165616046,0.9691,371.2342,2.1806,0.0000,0.028515,"0.028740;0.028515;0.028373",4.085244,244783.45,,12.60,0,6980,10,True,nid006971,57248608
SparseHNSW_a0.8_b3_p64,"M=32 efC=200 ef=20 alpha=0.8 beta=3 q=u8 seedT=8 seedH=8 seedS=4 pat=64",64,0.9165616046,0.9691,371.2342,2.1806,0.0000,0.027997,"0.028036;0.027997;0.027900",4.011032,249312.43,,12.60,0,6980,10,True,nid006971,57248608
SparseHNSW_a0.8_b3_p64,"M=32 efC=200 ef=50 alpha=0.8 beta=3 q=u8 seedT=8 seedH=8 seedS=4 pat=64",64,0.9366332378,0.9792,371.2342,2.1806,0.0000,0.038797,"0.038906;0.038797;0.038782",5.558309,179910.82,,12.60,0,6980,10,True,nid006971,57248608
SparseHNSW_a0.8_b3_p64,"M=32 efC=200 ef=100 alpha=0.8 beta=3 q=u8 seedT=8 seedH=8 seedS=4 pat=64",64,0.9567048711,0.9893,371.2342,2.1806,0.0000,0.064423,"0.064625;0.064423;0.063994",9.229656,108346.40,,12.60,0,6980,10,True,nid006971,57248608
SparseHNSW_a0.8_b3_p64,"M=32 efC=200 ef=200 alpha=0.8 beta=3 q=u8 seedT=8 seedH=8 seedS=4 pat=64",64,0.9631375358,0.9923,371.2342,2.1806,0.0000,0.074124,"0.074083;0.074124;0.074343",10.619484,94166.53,,12.60,0,6980,10,True,nid006971,57248608
SparseHNSW_a0.8_b3_p64,"M=32 efC=200 ef=400 alpha=0.8 beta=3 q=u8 seedT=8 seedH=8 seedS=4 pat=64",64,0.9634383954,0.9924,371.2342,2.1806,0.0000,0.077782,"0.077782;0.077816;0.077427",11.143553,89737.99,,12.60,0,6980,10,True,nid006971,57248608
SparseHNSW_a0.8_b3_p64,"M=32 efC=200 ef=800 alpha=0.8 beta=3 q=u8 seedT=8 seedH=8 seedS=4 pat=64",64,0.9634383954,0.9924,371.2342,2.1806,0.0000,0.081636,"0.082004;0.081496;0.081636",11.695702,85501.49,,12.60,0,6980,10,True,nid006971,57248608
SparseHNSW_a0.8_b3_p64,"M=32 efC=200 ef=1600 alpha=0.8 beta=3 q=u8 seedT=8 seedH=8 seedS=4 pat=64",64,0.9634383954,0.9924,371.2342,2.1806,0.0000,0.085800,"0.086077;0.084668;0.085800",12.292264,81351.98,,12.60,0,6980,10,True,nid006971,57248608
SparseHNSW_a0.8_b3_p64,"M=32 efC=200 ef=3200 alpha=0.8 beta=3 q=u8 seedT=8 seedH=8 seedS=4 pat=64",64,0.9634383954,0.9924,371.2342,2.1806,0.0000,0.087686,"0.088265;0.087327;0.087686",12.562464,79602.22,,12.60,0,6980,10,True,nid006971,57248608
SparseHNSW_a0.8_b4_p64,"M=32 efC=200 ef=10 alpha=0.8 beta=4 q=u8 seedT=8 seedH=8 seedS=4 pat=64",64,0.9286246418,0.9754,371.2342,2.1806,0.0000,0.033393,"0.033848;0.033393;0.033336",4.784097,209025.84,,12.60,0,6980,10,True,nid006971,57248608
SparseHNSW_a0.8_b4_p64,"M=32 efC=200 ef=20 alpha=0.8 beta=4 q=u8 seedT=8 seedH=8 seedS=4 pat=64",64,0.9286246418,0.9754,371.2342,2.1806,0.0000,0.032970,"0.033244;0.032970;0.032914",4.723496,211707.61,,12.60,0,6980,10,True,nid006971,57248608
SparseHNSW_a0.8_b4_p64,"M=32 efC=200 ef=50 alpha=0.8 beta=4 q=u8 seedT=8 seedH=8 seedS=4 pat=64",64,0.9377793696,0.9792,371.2342,2.1806,0.0000,0.039125,"0.039125;0.039239;0.039116",5.605301,178402.56,,12.60,0,6980,10,True,nid006971,57248608
SparseHNSW_a0.8_b4_p64,"M=32 efC=200 ef=100 alpha=0.8 beta=4 q=u8 seedT=8 seedH=8 seedS=4 pat=64",64,0.9584097421,0.9895,371.2342,2.1806,0.0000,0.066706,"0.066330;0.066706;0.067030",9.556734,104638.26,,12.60,0,6980,10,True,nid006971,57248608
SparseHNSW_a0.8_b4_p64,"M=32 efC=200 ef=200 alpha=0.8 beta=4 q=u8 seedT=8 seedH=8 seedS=4 pat=64",64,0.9664756447,0.9930,371.2342,2.1806,0.0000,0.082231,"0.082477;0.082231;0.081692",11.780946,84882.83,,12.60,0,6980,10,True,nid006971,57248608
SparseHNSW_a0.8_b4_p64,"M=32 efC=200 ef=400 alpha=0.8 beta=4 q=u8 seedT=8 seedH=8 seedS=4 pat=64",64,0.9673638968,0.9933,371.2342,2.1806,0.0000,0.086368,"0.085679;0.086369;0.086368",12.373639,80816.97,,12.60,0,6980,10,True,nid006971,57248608
SparseHNSW_a0.8_b4_p64,"M=32 efC=200 ef=800 alpha=0.8 beta=4 q=u8 seedT=8 seedH=8 seedS=4 pat=64",64,0.9673638968,0.9933,371.2342,2.1806,0.0000,0.091015,"0.089808;0.091015;0.091408",13.039398,76690.66,,12.60,0,6980,10,True,nid006971,57248608
SparseHNSW_a0.8_b4_p64,"M=32 efC=200 ef=1600 alpha=0.8 beta=4 q=u8 seedT=8 seedH=8 seedS=4 pat=64",64,0.9673638968,0.9933,371.2342,2.1806,0.0000,0.094703,"0.094391;0.095561;0.094703",13.567765,73704.11,,12.60,0,6980,10,True,nid006971,57248608
SparseHNSW_a0.8_b4_p64,"M=32 efC=200 ef=3200 alpha=0.8 beta=4 q=u8 seedT=8 seedH=8 seedS=4 pat=64",64,0.9673638968,0.9933,371.2342,2.1806,0.0000,0.098366,"0.098870;0.097820;0.098366",14.092550,70959.48,,12.60,0,6980,10,True,nid006971,57248608
SparseHNSW_a0.8_b5_p64,"M=32 efC=200 ef=10 alpha=0.8 beta=5 q=u8 seedT=8 seedH=8 seedS=4 pat=64",64,0.9382808023,0.9792,371.2342,2.1806,0.0000,0.039933,"0.039933;0.040167;0.039729",5.721060,174792.78,,12.60,0,6980,10,True,nid006971,57248608
SparseHNSW_a0.8_b5_p64,"M=32 efC=200 ef=20 alpha=0.8 beta=5 q=u8 seedT=8 seedH=8 seedS=4 pat=64",64,0.9382808023,0.9792,371.2342,2.1806,0.0000,0.039665,"0.039665;0.039464;0.039745",5.682665,175973.78,,12.60,0,6980,10,True,nid006971,57248608
SparseHNSW_a0.8_b5_p64,"M=32 efC=200 ef=50 alpha=0.8 beta=5 q=u8 seedT=8 seedH=8 seedS=4 pat=64",64,0.9382808023,0.9792,371.2342,2.1806,0.0000,0.039373,"0.039525;0.039301;0.039373",5.640831,177278.85,,12.60,0,6980,10,True,nid006971,57248608
SparseHNSW_a0.8_b5_p64,"M=32 efC=200 ef=100 alpha=0.8 beta=5 q=u8 seedT=8 seedH=8 seedS=4 pat=64",64,0.9588681948,0.9895,371.2342,2.1806,0.0000,0.067474,"0.067474;0.067600;0.067135",9.666762,103447.25,,12.60,0,6980,10,True,nid006971,57248608
SparseHNSW_a0.8_b5_p64,"M=32 efC=200 ef=200 alpha=0.8 beta=5 q=u8 seedT=8 seedH=8 seedS=4 pat=64",64,0.9679799427,0.9936,371.2342,2.1806,0.0000,0.088108,"0.088108;0.087889;0.088599",12.622923,79220.96,,12.60,0,6980,10,True,nid006971,57248608
SparseHNSW_a0.8_b5_p64,"M=32 efC=200 ef=400 alpha=0.8 beta=5 q=u8 seedT=8 seedH=8 seedS=4 pat=64",64,0.9690114613,0.9940,371.2342,2.1806,0.0000,0.093328,"0.093960;0.093328;0.093229",13.370774,74789.99,,12.60,0,6980,10,True,nid006971,57248608
SparseHNSW_a0.8_b5_p64,"M=32 efC=200 ef=800 alpha=0.8 beta=5 q=u8 seedT=8 seedH=8 seedS=4 pat=64",64,0.9690114613,0.9940,371.2342,2.1806,0.0000,0.098359,"0.098731;0.098290;0.098359",14.091547,70964.53,,12.60,0,6980,10,True,nid006971,57248608
SparseHNSW_a0.8_b5_p64,"M=32 efC=200 ef=1600 alpha=0.8 beta=5 q=u8 seedT=8 seedH=8 seedS=4 pat=64",64,0.9690114613,0.9940,371.2342,2.1806,0.0000,0.103067,"0.103746;0.102376;0.103067",14.766046,67722.94,,12.60,0,6980,10,True,nid006971,57248608
SparseHNSW_a0.8_b5_p64,"M=32 efC=200 ef=3200 alpha=0.8 beta=5 q=u8 seedT=8 seedH=8 seedS=4 pat=64",64,0.9690114613,0.9940,371.2342,2.1806,0.0000,0.106701,"0.106701;0.106276;0.107587",15.286676,65416.44,,12.60,0,6980,10,True,nid006971,57248608
SparseHNSW_a0.8_b6_p64,"M=32 efC=200 ef=10 alpha=0.8 beta=6 q=u8 seedT=8 seedH=8 seedS=4 pat=64",64,0.9448280802,0.9824,371.2342,2.1806,0.0000,0.046228,"0.046573;0.046228;0.045983",6.622923,150990.74,,12.60,0,6980,10,True,nid006971,57248608
SparseHNSW_a0.8_b6_p64,"M=32 efC=200 ef=20 alpha=0.8 beta=6 q=u8 seedT=8 seedH=8 seedS=4 pat=64",64,0.9448280802,0.9824,371.2342,2.1806,0.0000,0.046035,"0.046035;0.045845;0.046119",6.595272,151623.76,,12.60,0,6980,10,True,nid006971,57248608
SparseHNSW_a0.8_b6_p64,"M=32 efC=200 ef=50 alpha=0.8 beta=6 q=u8 seedT=8 seedH=8 seedS=4 pat=64",64,0.9448280802,0.9824,371.2342,2.1806,0.0000,0.045559,"0.045559;0.045399;0.045758",6.527077,153207.93,,12.60,0,6980,10,True,nid006971,57248608
SparseHNSW_a0.8_b6_p64,"M=32 efC=200 ef=100 alpha=0.8 beta=6 q=u8 seedT=8 seedH=8 seedS=4 pat=64",64,0.9591690544,0.9895,371.2342,2.1806,0.0000,0.067922,"0.067922;0.068059;0.067907",9.730946,102764.94,,12.60,0,6980,10,True,nid006971,57248608
SparseHNSW_a0.8_b6_p64,"M=32 efC=200 ef=200 alpha=0.8 beta=6 q=u8 seedT=8 seedH=8 seedS=4 pat=64",64,0.9694126074,0.9938,371.2342,2.1806,0.0000,0.094127,"0.094127;0.093721;0.094431",13.485244,74155.13,,12.60,0,6980,10,True,nid006971,57248608
SparseHNSW_a0.8_b6_p64,"M=32 efC=200 ef=400 alpha=0.8 beta=6 q=u8 seedT=8 seedH=8 seedS=4 pat=64",64,0.9707736390,0.9943,371.2342,2.1806,0.0000,0.101391,"0.101391;0.101395;0.101023",14.525931,68842.40,,12.60,0,6980,10,True,nid006971,57248608
SparseHNSW_a0.8_b6_p64,"M=32 efC=200 ef=800 alpha=0.8 beta=6 q=u8 seedT=8 seedH=8 seedS=4 pat=64",64,0.9707879656,0.9943,371.2342,2.1806,0.0000,0.104450,"0.104258;0.104450;0.106294",14.964183,66826.23,,12.60,0,6980,10,True,nid006971,57248608
SparseHNSW_a0.8_b6_p64,"M=32 efC=200 ef=1600 alpha=0.8 beta=6 q=u8 seedT=8 seedH=8 seedS=4 pat=64",64,0.9707879656,0.9943,371.2342,2.1806,0.0000,0.109727,"0.109727;0.110968;0.109537",15.720201,63612.42,,12.60,0,6980,10,True,nid006971,57248608
SparseHNSW_a0.8_b6_p64,"M=32 efC=200 ef=3200 alpha=0.8 beta=6 q=u8 seedT=8 seedH=8 seedS=4 pat=64",64,0.9707879656,0.9943,371.2342,2.1806,0.0000,0.113984,"0.113919;0.113984;0.114799",16.330086,61236.66,,12.60,0,6980,10,True,nid006971,57248608
SparseHNSW_a0.8_b8_p64,"M=32 efC=200 ef=10 alpha=0.8 beta=8 q=u8 seedT=8 seedH=8 seedS=4 pat=64",64,0.9533237822,0.9864,371.2342,2.1806,0.0000,0.057968,"0.057972;0.057321;0.057968",8.304871,120411.26,,12.60,0,6980,10,True,nid006971,57248608
SparseHNSW_a0.8_b8_p64,"M=32 efC=200 ef=20 alpha=0.8 beta=8 q=u8 seedT=8 seedH=8 seedS=4 pat=64",64,0.9533237822,0.9864,371.2342,2.1806,0.0000,0.058041,"0.057890;0.058491;0.058041",8.315330,120259.82,,12.60,0,6980,10,True,nid006971,57248608
SparseHNSW_a0.8_b8_p64,"M=32 efC=200 ef=50 alpha=0.8 beta=8 q=u8 seedT=8 seedH=8 seedS=4 pat=64",64,0.9533237822,0.9864,371.2342,2.1806,0.0000,0.057707,"0.057601;0.057971;0.057707",8.267479,120955.86,,12.60,0,6980,10,True,nid006971,57248608
SparseHNSW_a0.8_b8_p64,"M=32 efC=200 ef=100 alpha=0.8 beta=8 q=u8 seedT=8 seedH=8 seedS=4 pat=64",64,0.9593553009,0.9895,371.2342,2.1806,0.0000,0.069114,"0.069114;0.068723;0.069374",9.901719,100992.56,,12.60,0,6980,10,True,nid006971,57248608
SparseHNSW_a0.8_b8_p64,"M=32 efC=200 ef=200 alpha=0.8 beta=8 q=u8 seedT=8 seedH=8 seedS=4 pat=64",64,0.9705587393,0.9944,371.2342,2.1806,0.0000,0.104555,"0.103900;0.104555;0.105124",14.979226,66759.12,,12.60,0,6980,10,True,nid006971,57248608
SparseHNSW_a0.8_b8_p64,"M=32 efC=200 ef=400 alpha=0.8 beta=8 q=u8 seedT=8 seedH=8 seedS=4 pat=64",64,0.9726790831,0.9953,371.2342,2.1806,0.0000,0.115020,"0.115179;0.114936;0.115020",16.478510,60685.10,,12.60,0,6980,10,True,nid006971,57248608
SparseHNSW_a0.8_b8_p64,"M=32 efC=200 ef=800 alpha=0.8 beta=8 q=u8 seedT=8 seedH=8 seedS=4 pat=64",64,0.9727077364,0.9953,371.2342,2.1806,0.0000,0.119934,"0.119934;0.119979;0.119812",17.182521,58198.68,,12.60,0,6980,10,True,nid006971,57248608
SparseHNSW_a0.8_b8_p64,"M=32 efC=200 ef=1600 alpha=0.8 beta=8 q=u8 seedT=8 seedH=8 seedS=4 pat=64",64,0.9727077364,0.9953,371.2342,2.1806,0.0000,0.124024,"0.125891;0.124024;0.123390",17.768481,56279.43,,12.60,0,6980,10,True,nid006971,57248608
SparseHNSW_a0.8_b8_p64,"M=32 efC=200 ef=3200 alpha=0.8 beta=8 q=u8 seedT=8 seedH=8 seedS=4 pat=64",64,0.9727077364,0.9953,371.2342,2.1806,0.0000,0.127861,"0.127861;0.128818;0.126660",18.318195,54590.53,,12.60,0,6980,10,True,nid006971,57248608
SparseHNSW_a0.8_b1_p128,"M=32 efC=200 ef=10 alpha=0.8 beta=1 q=u8 seedT=8 seedH=8 seedS=4 pat=128",64,0.8339398281,0.6763,371.2342,2.1806,0.0000,0.027551,"0.027841;0.027551;0.027397",3.947135,253348.34,,12.60,0,6980,10,True,nid006971,57248608
SparseHNSW_a0.8_b1_p128,"M=32 efC=200 ef=20 alpha=0.8 beta=1 q=u8 seedT=8 seedH=8 seedS=4 pat=128",64,0.8339398281,0.6763,371.2342,2.1806,0.0000,0.026852,"0.027076;0.026852;0.026785",3.846991,259943.39,,12.60,0,6980,10,True,nid006971,57248608
SparseHNSW_a0.8_b1_p128,"M=32 efC=200 ef=50 alpha=0.8 beta=1 q=u8 seedT=8 seedH=8 seedS=4 pat=128",64,0.8498567335,0.6930,371.2342,2.1806,0.0000,0.037671,"0.037776;0.037577;0.037671",5.396991,185288.42,,12.60,0,6980,10,True,nid006971,57248608
SparseHNSW_a0.8_b1_p128,"M=32 efC=200 ef=100 alpha=0.8 beta=1 q=u8 seedT=8 seedH=8 seedS=4 pat=128",64,0.8659742120,0.7080,371.2342,2.1806,0.0000,0.066241,"0.066303;0.065876;0.066241",9.490115,105372.81,,12.60,0,6980,10,True,nid006971,57248608
SparseHNSW_a0.8_b1_p128,"M=32 efC=200 ef=200 alpha=0.8 beta=1 q=u8 seedT=8 seedH=8 seedS=4 pat=128",64,0.8733094556,0.7164,371.2342,2.1806,0.0000,0.093106,"0.093106;0.093655;0.092986",13.338968,74968.32,,12.60,0,6980,10,True,nid006971,57248608
SparseHNSW_a0.8_b1_p128,"M=32 efC=200 ef=400 alpha=0.8 beta=1 q=u8 seedT=8 seedH=8 seedS=4 pat=128",64,0.8739828080,0.7172,371.2342,2.1806,0.0000,0.097426,"0.097496;0.097426;0.097378",13.957880,71644.12,,12.60,0,6980,10,True,nid006971,57248608
SparseHNSW_a0.8_b1_p128,"M=32 efC=200 ef=800 alpha=0.8 beta=1 q=u8 seedT=8 seedH=8 seedS=4 pat=128",64,0.8739828080,0.7172,371.2342,2.1806,0.0000,0.102131,"0.102131;0.101945;0.102414",14.631948,68343.60,,12.60,0,6980,10,True,nid006971,57248608
SparseHNSW_a0.8_b1_p128,"M=32 efC=200 ef=1600 alpha=0.8 beta=1 q=u8 seedT=8 seedH=8 seedS=4 pat=128",64,0.8739828080,0.7172,371.2342,2.1806,0.0000,0.107442,"0.106961;0.107550;0.107442",15.392837,64965.28,,12.60,0,6980,10,True,nid006971,57248608
SparseHNSW_a0.8_b1_p128,"M=32 efC=200 ef=3200 alpha=0.8 beta=1 q=u8 seedT=8 seedH=8 seedS=4 pat=128",64,0.8739828080,0.7172,371.2342,2.1806,0.0000,0.110461,"0.110461;0.110815;0.110297",15.825358,63189.72,,12.60,0,6980,10,True,nid006971,57248608
SparseHNSW_a0.8_b2_p128,"M=32 efC=200 ef=10 alpha=0.8 beta=2 q=u8 seedT=8 seedH=8 seedS=4 pat=128",64,0.9106590258,0.9691,371.2342,2.1806,0.0000,0.028315,"0.028715;0.028315;0.028140",4.056590,246512.45,,12.60,0,6980,10,True,nid006971,57248608
SparseHNSW_a0.8_b2_p128,"M=32 efC=200 ef=20 alpha=0.8 beta=2 q=u8 seedT=8 seedH=8 seedS=4 pat=128",64,0.9106590258,0.9691,371.2342,2.1806,0.0000,0.027584,"0.027722;0.027584;0.027548",3.951862,253045.24,,12.60,0,6980,10,True,nid006971,57248608
SparseHNSW_a0.8_b2_p128,"M=32 efC=200 ef=50 alpha=0.8 beta=2 q=u8 seedT=8 seedH=8 seedS=4 pat=128",64,0.9301432665,0.9792,371.2342,2.1806,0.0000,0.038452,"0.038452;0.038478;0.038249",5.508883,181525.02,,12.60,0,6980,10,True,nid006971,57248608
SparseHNSW_a0.8_b2_p128,"M=32 efC=200 ef=100 alpha=0.8 beta=2 q=u8 seedT=8 seedH=8 seedS=4 pat=128",64,0.9499570201,0.9895,371.2342,2.1806,0.0000,0.066652,"0.066151;0.066652;0.067187",9.548997,104723.04,,12.60,0,6980,10,True,nid006971,57248608
SparseHNSW_a0.8_b2_p128,"M=32 efC=200 ef=200 alpha=0.8 beta=2 q=u8 seedT=8 seedH=8 seedS=4 pat=128",64,0.9602578797,0.9941,371.2342,2.1806,0.0000,0.100266,"0.100266;0.100088;0.100285",14.364756,69614.82,,12.60,0,6980,10,True,nid006971,57248608
SparseHNSW_a0.8_b2_p128,"M=32 efC=200 ef=400 alpha=0.8 beta=2 q=u8 seedT=8 seedH=8 seedS=4 pat=128",64,0.9624068768,0.9951,371.2342,2.1806,0.0000,0.107498,"0.106941;0.107498;0.107515",15.400860,64931.44,,12.60,0,6980,10,True,nid006971,57248608
SparseHNSW_a0.8_b2_p128,"M=32 efC=200 ef=800 alpha=0.8 beta=2 q=u8 seedT=8 seedH=8 seedS=4 pat=128",64,0.9626074499,0.9951,371.2342,2.1806,0.0000,0.112094,"0.113183;0.111738;0.112094",16.059312,62269.17,,12.60,0,6980,10,True,nid006971,57248608
SparseHNSW_a0.8_b2_p128,"M=32 efC=200 ef=1600 alpha=0.8 beta=2 q=u8 seedT=8 seedH=8 seedS=4 pat=128",64,0.9626074499,0.9951,371.2342,2.1806,0.0000,0.117410,"0.117930;0.117050;0.117410",16.820917,59449.79,,12.60,0,6980,10,True,nid006971,57248608
SparseHNSW_a0.8_b2_p128,"M=32 efC=200 ef=3200 alpha=0.8 beta=2 q=u8 seedT=8 seedH=8 seedS=4 pat=128",64,0.9626074499,0.9951,371.2342,2.1806,0.0000,0.121618,"0.120682;0.121618;0.121682",17.423782,57392.82,,12.60,0,6980,10,True,nid006971,57248608
SparseHNSW_a0.8_b3_p128,"M=32 efC=200 ef=10 alpha=0.8 beta=3 q=u8 seedT=8 seedH=8 seedS=4 pat=128",64,0.9165616046,0.9691,371.2342,2.1806,0.0000,0.028358,"0.028779;0.028358;0.028353",4.062751,246138.66,,12.60,0,6980,10,True,nid006971,57248608
SparseHNSW_a0.8_b3_p128,"M=32 efC=200 ef=20 alpha=0.8 beta=3 q=u8 seedT=8 seedH=8 seedS=4 pat=128",64,0.9165616046,0.9691,371.2342,2.1806,0.0000,0.027889,"0.027880;0.027945;0.027889",3.995559,250277.89,,12.60,0,6980,10,True,nid006971,57248608
SparseHNSW_a0.8_b3_p128,"M=32 efC=200 ef=50 alpha=0.8 beta=3 q=u8 seedT=8 seedH=8 seedS=4 pat=128",64,0.9366332378,0.9792,371.2342,2.1806,0.0000,0.038666,"0.038607;0.038666;0.038810",5.539542,180520.35,,12.60,0,6980,10,True,nid006971,57248608
SparseHNSW_a0.8_b3_p128,"M=32 efC=200 ef=100 alpha=0.8 beta=3 q=u8 seedT=8 seedH=8 seedS=4 pat=128",64,0.9570487106,0.9895,371.2342,2.1806,0.0000,0.066992,"0.067322;0.066992;0.066932",9.597708,104191.55,,12.60,0,6980,10,True,nid006971,57248608
SparseHNSW_a0.8_b3_p128,"M=32 efC=200 ef=200 alpha=0.8 beta=3 q=u8 seedT=8 seedH=8 seedS=4 pat=128",64,0.9687392550,0.9947,371.2342,2.1806,0.0000,0.106252,"0.106252;0.105436;0.106463",15.222350,65692.88,,12.60,0,6980,10,True,nid006971,57248608
SparseHNSW_a0.8_b3_p128,"M=32 efC=200 ef=400 alpha=0.8 beta=3 q=u8 seedT=8 seedH=8 seedS=4 pat=128",64,0.9716332378,0.9960,371.2342,2.1806,0.0000,0.117544,"0.116744;0.117544;0.117652",16.840115,59382.02,,12.60,0,6980,10,True,nid006971,57248608
SparseHNSW_a0.8_b3_p128,"M=32 efC=200 ef=800 alpha=0.8 beta=3 q=u8 seedT=8 seedH=8 seedS=4 pat=128",64,0.9718767908,0.9960,371.2342,2.1806,0.0000,0.122135,"0.122142;0.122135;0.121965",17.497851,57149.88,,12.60,0,6980,10,True,nid006971,57248608
SparseHNSW_a0.8_b3_p128,"M=32 efC=200 ef=1600 alpha=0.8 beta=3 q=u8 seedT=8 seedH=8 seedS=4 pat=128",64,0.9718767908,0.9960,371.2342,2.1806,0.0000,0.126438,"0.128025;0.126275;0.126438",18.114327,55204.92,,12.60,0,6980,10,True,nid006971,57248608
SparseHNSW_a0.8_b3_p128,"M=32 efC=200 ef=3200 alpha=0.8 beta=3 q=u8 seedT=8 seedH=8 seedS=4 pat=128",64,0.9718767908,0.9960,371.2342,2.1806,0.0000,0.130517,"0.129656;0.131653;0.130517",18.698711,53479.62,,12.60,0,6980,10,True,nid006971,57248608
SparseHNSW_a0.8_b4_p128,"M=32 efC=200 ef=10 alpha=0.8 beta=4 q=u8 seedT=8 seedH=8 seedS=4 pat=128",64,0.9286246418,0.9754,371.2342,2.1806,0.0000,0.033512,"0.033655;0.033512;0.033379",4.801146,208283.60,,12.60,0,6980,10,True,nid006971,57248608
SparseHNSW_a0.8_b4_p128,"M=32 efC=200 ef=20 alpha=0.8 beta=4 q=u8 seedT=8 seedH=8 seedS=4 pat=128",64,0.9286246418,0.9754,371.2342,2.1806,0.0000,0.033123,"0.033198;0.033123;0.033069",4.745415,210729.70,,12.60,0,6980,10,True,nid006971,57248608
SparseHNSW_a0.8_b4_p128,"M=32 efC=200 ef=50 alpha=0.8 beta=4 q=u8 seedT=8 seedH=8 seedS=4 pat=128",64,0.9377793696,0.9792,371.2342,2.1806,0.0000,0.039070,"0.039127;0.038994;0.039070",5.597421,178653.70,,12.60,0,6980,10,True,nid006971,57248608
SparseHNSW_a0.8_b4_p128,"M=32 efC=200 ef=100 alpha=0.8 beta=4 q=u8 seedT=8 seedH=8 seedS=4 pat=128",64,0.9584813754,0.9895,371.2342,2.1806,0.0000,0.067805,"0.067805;0.068197;0.067775",9.714183,102942.26,,12.60,0,6980,10,True,nid006971,57248608
SparseHNSW_a0.8_b4_p128,"M=32 efC=200 ef=200 alpha=0.8 beta=4 q=u8 seedT=8 seedH=8 seedS=4 pat=128",64,0.9707306590,0.9948,371.2342,2.1806,0.0000,0.109989,"0.109989;0.109899;0.110098",15.757736,63460.89,,12.60,0,6980,10,True,nid006971,57248608
SparseHNSW_a0.8_b4_p128,"M=32 efC=200 ef=400 alpha=0.8 beta=4 q=u8 seedT=8 seedH=8 seedS=4 pat=128",64,0.9743553009,0.9963,371.2342,2.1806,0.0000,0.125525,"0.125525;0.125920;0.125505",17.983524,55606.45,,12.60,0,6980,10,True,nid006971,57248608
SparseHNSW_a0.8_b4_p128,"M=32 efC=200 ef=800 alpha=0.8 beta=4 q=u8 seedT=8 seedH=8 seedS=4 pat=128",64,0.9747851003,0.9964,371.2342,2.1806,0.0000,0.130743,"0.130743;0.130164;0.131361",18.731089,53387.18,,12.60,0,6980,10,True,nid006971,57248608
SparseHNSW_a0.8_b4_p128,"M=32 efC=200 ef=1600 alpha=0.8 beta=4 q=u8 seedT=8 seedH=8 seedS=4 pat=128",64,0.9747851003,0.9964,371.2342,2.1806,0.0000,0.136065,"0.136335;0.136065;0.135825",19.493553,51299.01,,12.60,0,6980,10,True,nid006971,57248608
SparseHNSW_a0.8_b4_p128,"M=32 efC=200 ef=3200 alpha=0.8 beta=4 q=u8 seedT=8 seedH=8 seedS=4 pat=128",64,0.9747851003,0.9964,371.2342,2.1806,0.0000,0.139805,"0.139805;0.139012;0.140046",20.029370,49926.68,,12.60,0,6980,10,True,nid006971,57248608
SparseHNSW_a0.8_b5_p128,"M=32 efC=200 ef=10 alpha=0.8 beta=5 q=u8 seedT=8 seedH=8 seedS=4 pat=128",64,0.9382808023,0.9792,371.2342,2.1806,0.0000,0.040180,"0.040436;0.040180;0.039890",5.756447,173718.27,,12.60,0,6980,10,True,nid006971,57248608
SparseHNSW_a0.8_b5_p128,"M=32 efC=200 ef=20 alpha=0.8 beta=5 q=u8 seedT=8 seedH=8 seedS=4 pat=128",64,0.9382808023,0.9792,371.2342,2.1806,0.0000,0.039612,"0.039840;0.039612;0.039563",5.675072,176209.23,,12.60,0,6980,10,True,nid006971,57248608
SparseHNSW_a0.8_b5_p128,"M=32 efC=200 ef=50 alpha=0.8 beta=5 q=u8 seedT=8 seedH=8 seedS=4 pat=128",64,0.9382808023,0.9792,371.2342,2.1806,0.0000,0.039487,"0.039425;0.039530;0.039487",5.657163,176767.04,,12.60,0,6980,10,True,nid006971,57248608
SparseHNSW_a0.8_b5_p128,"M=32 efC=200 ef=100 alpha=0.8 beta=5 q=u8 seedT=8 seedH=8 seedS=4 pat=128",64,0.9589255014,0.9895,371.2342,2.1806,0.0000,0.067970,"0.067970;0.067697;0.067994",9.737822,102692.36,,12.60,0,6980,10,True,nid006971,57248608
SparseHNSW_a0.8_b5_p128,"M=32 efC=200 ef=200 alpha=0.8 beta=5 q=u8 seedT=8 seedH=8 seedS=4 pat=128",64,0.9713180516,0.9948,371.2342,2.1806,0.0000,0.113384,"0.113384;0.112574;0.113943",16.244126,61560.71,,12.60,0,6980,10,True,nid006971,57248608
SparseHNSW_a0.8_b5_p128,"M=32 efC=200 ef=400 alpha=0.8 beta=5 q=u8 seedT=8 seedH=8 seedS=4 pat=128",64,0.9753724928,0.9967,371.2342,2.1806,0.0000,0.133334,"0.133426;0.133334;0.132574",19.102292,52349.74,,12.60,0,6980,10,True,nid006971,57248608
SparseHNSW_a0.8_b5_p128,"M=32 efC=200 ef=800 alpha=0.8 beta=5 q=u8 seedT=8 seedH=8 seedS=4 pat=128",64,0.9759169054,0.9968,371.2342,2.1806,0.0000,0.139446,"0.140268;0.137774;0.139446",19.977937,50055.22,,12.60,0,6980,10,True,nid006971,57248608
SparseHNSW_a0.8_b5_p128,"M=32 efC=200 ef=1600 alpha=0.8 beta=5 q=u8 seedT=8 seedH=8 seedS=4 pat=128",64,0.9759169054,0.9968,371.2342,2.1806,0.0000,0.144704,"0.144773;0.143779;0.144704",20.731232,48236.40,,12.60,0,6980,10,True,nid006971,57248608
SparseHNSW_a0.8_b5_p128,"M=32 efC=200 ef=3200 alpha=0.8 beta=5 q=u8 seedT=8 seedH=8 seedS=4 pat=128",64,0.9759169054,0.9968,371.2342,2.1806,0.0000,0.146964,"0.146662;0.146964;0.147501",21.055014,47494.62,,12.60,0,6980,10,True,nid006971,57248608
SparseHNSW_a0.8_b6_p128,"M=32 efC=200 ef=10 alpha=0.8 beta=6 q=u8 seedT=8 seedH=8 seedS=4 pat=128",64,0.9448280802,0.9824,371.2342,2.1806,0.0000,0.045941,"0.045842;0.046136;0.045941",6.581805,151934.00,,12.60,0,6980,10,True,nid006971,57248608
SparseHNSW_a0.8_b6_p128,"M=32 efC=200 ef=20 alpha=0.8 beta=6 q=u8 seedT=8 seedH=8 seedS=4 pat=128",64,0.9448280802,0.9824,371.2342,2.1806,0.0000,0.045723,"0.045723;0.045720;0.045811",6.550573,152658.40,,12.60,0,6980,10,True,nid006971,57248608
SparseHNSW_a0.8_b6_p128,"M=32 efC=200 ef=50 alpha=0.8 beta=6 q=u8 seedT=8 seedH=8 seedS=4 pat=128",64,0.9448280802,0.9824,371.2342,2.1806,0.0000,0.045843,"0.045843;0.045912;0.045793",6.567765,152258.80,,12.60,0,6980,10,True,nid006971,57248608
SparseHNSW_a0.8_b6_p128,"M=32 efC=200 ef=100 alpha=0.8 beta=6 q=u8 seedT=8 seedH=8 seedS=4 pat=128",64,0.9591690544,0.9895,371.2342,2.1806,0.0000,0.068191,"0.068191;0.068387;0.067988",9.769484,102359.55,,12.60,0,6980,10,True,nid006971,57248608
SparseHNSW_a0.8_b6_p128,"M=32 efC=200 ef=200 alpha=0.8 beta=6 q=u8 seedT=8 seedH=8 seedS=4 pat=128",64,0.9717191977,0.9948,371.2342,2.1806,0.0000,0.116159,"0.115997;0.116159;0.116386",16.641691,60090.05,,12.60,0,6980,10,True,nid006971,57248608
SparseHNSW_a0.8_b6_p128,"M=32 efC=200 ef=400 alpha=0.8 beta=6 q=u8 seedT=8 seedH=8 seedS=4 pat=128",64,0.9760028653,0.9967,371.2342,2.1806,0.0000,0.141663,"0.141911;0.141663;0.141260",20.295559,49271.86,,12.60,0,6980,10,True,nid006971,57248608
SparseHNSW_a0.8_b6_p128,"M=32 efC=200 ef=800 alpha=0.8 beta=6 q=u8 seedT=8 seedH=8 seedS=4 pat=128",64,0.9767191977,0.9968,371.2342,2.1806,0.0000,0.148760,"0.148760;0.148784;0.148756",21.312321,46921.22,,12.60,0,6980,10,True,nid006971,57248608
SparseHNSW_a0.8_b6_p128,"M=32 efC=200 ef=1600 alpha=0.8 beta=6 q=u8 seedT=8 seedH=8 seedS=4 pat=128",64,0.9767191977,0.9968,371.2342,2.1806,0.0000,0.152689,"0.152281;0.152689;0.153223",21.875215,45713.84,,12.60,0,6980,10,True,nid006971,57248608
SparseHNSW_a0.8_b6_p128,"M=32 efC=200 ef=3200 alpha=0.8 beta=6 q=u8 seedT=8 seedH=8 seedS=4 pat=128",64,0.9767191977,0.9968,371.2342,2.1806,0.0000,0.155609,"0.155345;0.155609;0.157622",22.293553,44856.02,,12.60,0,6980,10,True,nid006971,57248608
SparseHNSW_a0.8_b8_p128,"M=32 efC=200 ef=10 alpha=0.8 beta=8 q=u8 seedT=8 seedH=8 seedS=4 pat=128",64,0.9533237822,0.9864,371.2342,2.1806,0.0000,0.057660,"0.058316;0.057660;0.057533",8.260745,121054.46,,12.60,0,6980,10,True,nid006971,57248608
SparseHNSW_a0.8_b8_p128,"M=32 efC=200 ef=20 alpha=0.8 beta=8 q=u8 seedT=8 seedH=8 seedS=4 pat=128",64,0.9533237822,0.9864,371.2342,2.1806,0.0000,0.057939,"0.058201;0.057939;0.057515",8.300716,120471.53,,12.60,0,6980,10,True,nid006971,57248608
SparseHNSW_a0.8_b8_p128,"M=32 efC=200 ef=50 alpha=0.8 beta=8 q=u8 seedT=8 seedH=8 seedS=4 pat=128",64,0.9533237822,0.9864,371.2342,2.1806,0.0000,0.057958,"0.057958;0.058094;0.057665",8.303438,120432.04,,12.60,0,6980,10,True,nid006971,57248608
SparseHNSW_a0.8_b8_p128,"M=32 efC=200 ef=100 alpha=0.8 beta=8 q=u8 seedT=8 seedH=8 seedS=4 pat=128",64,0.9593553009,0.9895,371.2342,2.1806,0.0000,0.069163,"0.069163;0.069127;0.069485",9.908739,100921.01,,12.60,0,6980,10,True,nid006971,57248608
SparseHNSW_a0.8_b8_p128,"M=32 efC=200 ef=200 alpha=0.8 beta=8 q=u8 seedT=8 seedH=8 seedS=4 pat=128",64,0.9723782235,0.9953,371.2342,2.1806,0.0000,0.119811,"0.120867;0.119811;0.119789",17.164900,58258.42,,12.60,0,6980,10,True,nid006971,57248608
SparseHNSW_a0.8_b8_p128,"M=32 efC=200 ef=400 alpha=0.8 beta=8 q=u8 seedT=8 seedH=8 seedS=4 pat=128",64,0.9775214900,0.9973,371.2342,2.1806,0.0000,0.156241,"0.156554;0.156241;0.156092",22.384097,44674.57,,12.60,0,6980,10,True,nid006971,57248608
SparseHNSW_a0.8_b8_p128,"M=32 efC=200 ef=800 alpha=0.8 beta=8 q=u8 seedT=8 seedH=8 seedS=4 pat=128",64,0.9783954155,0.9974,371.2342,2.1806,0.0000,0.167982,"0.167982;0.168105;0.167702",24.066189,41552.07,,12.60,0,6980,10,True,nid006971,57248608
SparseHNSW_a0.8_b8_p128,"M=32 efC=200 ef=1600 alpha=0.8 beta=8 q=u8 seedT=8 seedH=8 seedS=4 pat=128",64,0.9784527221,0.9976,371.2342,2.1806,0.0000,0.172549,"0.173246;0.171677;0.172549",24.720487,40452.28,,12.60,0,6980,10,True,nid006971,57248608
SparseHNSW_a0.8_b8_p128,"M=32 efC=200 ef=3200 alpha=0.8 beta=8 q=u8 seedT=8 seedH=8 seedS=4 pat=128",64,0.9784527221,0.9976,371.2342,2.1806,0.0000,0.178277,"0.178277;0.176368;0.178304",25.541117,39152.55,,12.60,0,6980,10,True,nid006971,57248608
SparseHNSW_a0.8_b1_p256,"M=32 efC=200 ef=10 alpha=0.8 beta=1 q=u8 seedT=8 seedH=8 seedS=4 pat=256",64,0.8339398281,0.6763,371.2342,2.1806,0.0000,0.027563,"0.027586;0.027563;0.027233",3.948854,253238.04,,12.60,0,6980,10,True,nid006971,57248608
SparseHNSW_a0.8_b1_p256,"M=32 efC=200 ef=20 alpha=0.8 beta=1 q=u8 seedT=8 seedH=8 seedS=4 pat=256",64,0.8339398281,0.6763,371.2342,2.1806,0.0000,0.026813,"0.026900;0.026813;0.026792",3.841404,260321.49,,12.60,0,6980,10,True,nid006971,57248608
SparseHNSW_a0.8_b1_p256,"M=32 efC=200 ef=50 alpha=0.8 beta=1 q=u8 seedT=8 seedH=8 seedS=4 pat=256",64,0.8498567335,0.6930,371.2342,2.1806,0.0000,0.037735,"0.037771;0.037735;0.037608",5.406160,184974.16,,12.60,0,6980,10,True,nid006971,57248608
SparseHNSW_a0.8_b1_p256,"M=32 efC=200 ef=100 alpha=0.8 beta=1 q=u8 seedT=8 seedH=8 seedS=4 pat=256",64,0.8659742120,0.7080,371.2342,2.1806,0.0000,0.066295,"0.066265;0.066621;0.066295",9.497851,105286.97,,12.60,0,6980,10,True,nid006971,57248608
SparseHNSW_a0.8_b1_p256,"M=32 efC=200 ef=200 alpha=0.8 beta=1 q=u8 seedT=8 seedH=8 seedS=4 pat=256",64,0.8763896848,0.7198,371.2342,2.1806,0.0000,0.118066,"0.118348;0.118066;0.117635",16.914900,59119.48,,12.60,0,6980,10,True,nid006971,57248608
SparseHNSW_a0.8_b1_p256,"M=32 efC=200 ef=400 alpha=0.8 beta=1 q=u8 seedT=8 seedH=8 seedS=4 pat=256",64,0.8804727794,0.7246,371.2342,2.1806,0.0000,0.159410,"0.159410;0.160102;0.158852",22.838109,43786.46,,12.60,0,6980,10,True,nid006971,57248608
SparseHNSW_a0.8_b1_p256,"M=32 efC=200 ef=800 alpha=0.8 beta=1 q=u8 seedT=8 seedH=8 seedS=4 pat=256",64,0.8810888252,0.7256,371.2342,2.1806,0.0000,0.166506,"0.165337;0.166506;0.166853",23.854728,41920.41,,12.60,0,6980,10,True,nid006971,57248608
SparseHNSW_a0.8_b1_p256,"M=32 efC=200 ef=1600 alpha=0.8 beta=1 q=u8 seedT=8 seedH=8 seedS=4 pat=256",64,0.8811318052,0.7256,371.2342,2.1806,0.0000,0.168379,"0.168379;0.166842;0.169311",24.123066,41454.10,,12.60,0,6980,10,True,nid006971,57248608
SparseHNSW_a0.8_b1_p256,"M=32 efC=200 ef=3200 alpha=0.8 beta=1 q=u8 seedT=8 seedH=8 seedS=4 pat=256",64,0.8811318052,0.7256,371.2342,2.1806,0.0000,0.172650,"0.172540;0.172650;0.173229",24.734957,40428.61,,12.60,0,6980,10,True,nid006971,57248608
SparseHNSW_a0.8_b2_p256,"M=32 efC=200 ef=10 alpha=0.8 beta=2 q=u8 seedT=8 seedH=8 seedS=4 pat=256",64,0.9106590258,0.9691,371.2342,2.1806,0.0000,0.028253,"0.028576;0.028253;0.027993",4.047708,247053.41,,12.60,0,6980,10,True,nid006971,57248608
SparseHNSW_a0.8_b2_p256,"M=32 efC=200 ef=20 alpha=0.8 beta=2 q=u8 seedT=8 seedH=8 seedS=4 pat=256",64,0.9106590258,0.9691,371.2342,2.1806,0.0000,0.027588,"0.027726;0.027588;0.027503",3.952436,253008.55,,12.60,0,6980,10,True,nid006971,57248608
SparseHNSW_a0.8_b2_p256,"M=32 efC=200 ef=50 alpha=0.8 beta=2 q=u8 seedT=8 seedH=8 seedS=4 pat=256",64,0.9301432665,0.9792,371.2342,2.1806,0.0000,0.038364,"0.038364;0.038275;0.038491",5.496275,181941.40,,12.60,0,6980,10,True,nid006971,57248608
SparseHNSW_a0.8_b2_p256,"M=32 efC=200 ef=100 alpha=0.8 beta=2 q=u8 seedT=8 seedH=8 seedS=4 pat=256",64,0.9499570201,0.9895,371.2342,2.1806,0.0000,0.066994,"0.066687;0.066994;0.067117",9.597994,104188.43,,12.60,0,6980,10,True,nid006971,57248608
SparseHNSW_a0.8_b2_p256,"M=32 efC=200 ef=200 alpha=0.8 beta=2 q=u8 seedT=8 seedH=8 seedS=4 pat=256",64,0.9624498567,0.9953,371.2342,2.1806,0.0000,0.119258,"0.118925;0.119258;0.119615",17.085673,58528.57,,12.60,0,6980,10,True,nid006971,57248608
SparseHNSW_a0.8_b2_p256,"M=32 efC=200 ef=400 alpha=0.8 beta=2 q=u8 seedT=8 seedH=8 seedS=4 pat=256",64,0.9679512894,0.9974,371.2342,2.1806,0.0000,0.167387,"0.166343;0.167657;0.167387",23.980946,41699.77,,12.60,0,6980,10,True,nid006971,57248608
SparseHNSW_a0.8_b2_p256,"M=32 efC=200 ef=800 alpha=0.8 beta=2 q=u8 seedT=8 seedH=8 seedS=4 pat=256",64,0.9690401146,0.9979,371.2342,2.1806,0.0000,0.176686,"0.176686;0.177651;0.176483",25.313181,39505.11,,12.60,0,6980,10,True,nid006971,57248608
SparseHNSW_a0.8_b2_p256,"M=32 efC=200 ef=1600 alpha=0.8 beta=2 q=u8 seedT=8 seedH=8 seedS=4 pat=256",64,0.9692550143,0.9981,371.2342,2.1806,0.0000,0.179798,"0.179798;0.180181;0.179357",25.759026,38821.34,,12.60,0,6980,10,True,nid006971,57248608
SparseHNSW_a0.8_b2_p256,"M=32 efC=200 ef=3200 alpha=0.8 beta=2 q=u8 seedT=8 seedH=8 seedS=4 pat=256",64,0.9692550143,0.9981,371.2342,2.1806,0.0000,0.184879,"0.186223;0.183988;0.184879",26.486963,37754.42,,12.60,0,6980,10,True,nid006971,57248608
SparseHNSW_a0.8_b3_p256,"M=32 efC=200 ef=10 alpha=0.8 beta=3 q=u8 seedT=8 seedH=8 seedS=4 pat=256",64,0.9165616046,0.9691,371.2342,2.1806,0.0000,0.028525,"0.028525;0.028657;0.028439",4.086676,244697.63,,12.60,0,6980,10,True,nid006971,57248608
SparseHNSW_a0.8_b3_p256,"M=32 efC=200 ef=20 alpha=0.8 beta=3 q=u8 seedT=8 seedH=8 seedS=4 pat=256",64,0.9165616046,0.9691,371.2342,2.1806,0.0000,0.028067,"0.028076;0.028067;0.027950",4.021060,248690.63,,12.60,0,6980,10,True,nid006971,57248608
SparseHNSW_a0.8_b3_p256,"M=32 efC=200 ef=50 alpha=0.8 beta=3 q=u8 seedT=8 seedH=8 seedS=4 pat=256",64,0.9366332378,0.9792,371.2342,2.1806,0.0000,0.038923,"0.038959;0.038923;0.038793",5.576361,179328.42,,12.60,0,6980,10,True,nid006971,57248608
SparseHNSW_a0.8_b3_p256,"M=32 efC=200 ef=100 alpha=0.8 beta=3 q=u8 seedT=8 seedH=8 seedS=4 pat=256",64,0.9570487106,0.9895,371.2342,2.1806,0.0000,0.067174,"0.067174;0.067314;0.067078",9.623782,103909.25,,12.60,0,6980,10,True,nid006971,57248608
SparseHNSW_a0.8_b3_p256,"M=32 efC=200 ef=200 alpha=0.8 beta=3 q=u8 seedT=8 seedH=8 seedS=4 pat=256",64,0.9698997135,0.9953,371.2342,2.1806,0.0000,0.119129,"0.118893;0.119129;0.119998",17.067192,58591.95,,12.60,0,6980,10,True,nid006971,57248608
SparseHNSW_a0.8_b3_p256,"M=32 efC=200 ef=400 alpha=0.8 beta=3 q=u8 seedT=8 seedH=8 seedS=4 pat=256",64,0.9758882521,0.9976,371.2342,2.1806,0.0000,0.175080,"0.176270;0.173979;0.175080",25.083095,39867.49,,12.60,0,6980,10,True,nid006971,57248608
SparseHNSW_a0.8_b3_p256,"M=32 efC=200 ef=800 alpha=0.8 beta=3 q=u8 seedT=8 seedH=8 seedS=4 pat=256",64,0.9776361032,0.9981,371.2342,2.1806,0.0000,0.188577,"0.188577;0.189843;0.188276",27.016762,37014.06,,12.60,0,6980,10,True,nid006971,57248608
SparseHNSW_a0.8_b3_p256,"M=32 efC=200 ef=1600 alpha=0.8 beta=3 q=u8 seedT=8 seedH=8 seedS=4 pat=256",64,0.9779083095,0.9986,371.2342,2.1806,0.0000,0.193168,"0.192691;0.195624;0.193168",27.674499,36134.35,,12.60,0,6980,10,True,nid006971,57248608
SparseHNSW_a0.8_b3_p256,"M=32 efC=200 ef=3200 alpha=0.8 beta=3 q=u8 seedT=8 seedH=8 seedS=4 pat=256",64,0.9779083095,0.9986,371.2342,2.1806,0.0000,0.196881,"0.196881;0.197718;0.196389",28.206447,35452.89,,12.60,0,6980,10,True,nid006971,57248608
SparseHNSW_a0.8_b4_p256,"M=32 efC=200 ef=10 alpha=0.8 beta=4 q=u8 seedT=8 seedH=8 seedS=4 pat=256",64,0.9286246418,0.9754,371.2342,2.1806,0.0000,0.033500,"0.033500;0.033545;0.033360",4.799427,208358.21,,12.60,0,6980,10,True,nid006971,57248608
SparseHNSW_a0.8_b4_p256,"M=32 efC=200 ef=20 alpha=0.8 beta=4 q=u8 seedT=8 seedH=8 seedS=4 pat=256",64,0.9286246418,0.9754,371.2342,2.1806,0.0000,0.033129,"0.033267;0.033103;0.033129",4.746275,210691.54,,12.60,0,6980,10,True,nid006971,57248608
SparseHNSW_a0.8_b4_p256,"M=32 efC=200 ef=50 alpha=0.8 beta=4 q=u8 seedT=8 seedH=8 seedS=4 pat=256",64,0.9377793696,0.9792,371.2342,2.1806,0.0000,0.039029,"0.039018;0.039068;0.039029",5.591547,178841.37,,12.60,0,6980,10,True,nid006971,57248608
SparseHNSW_a0.8_b4_p256,"M=32 efC=200 ef=100 alpha=0.8 beta=4 q=u8 seedT=8 seedH=8 seedS=4 pat=256",64,0.9584813754,0.9895,371.2342,2.1806,0.0000,0.067835,"0.067835;0.067843;0.067502",9.718481,102896.73,,12.60,0,6980,10,True,nid006971,57248608
SparseHNSW_a0.8_b4_p256,"M=32 efC=200 ef=200 alpha=0.8 beta=4 q=u8 seedT=8 seedH=8 seedS=4 pat=256",64,0.9714326648,0.9953,371.2342,2.1806,0.0000,0.119821,"0.119821;0.119738;0.120139",17.166332,58253.56,,12.60,0,6980,10,True,nid006971,57248608
SparseHNSW_a0.8_b4_p256,"M=32 efC=200 ef=400 alpha=0.8 beta=4 q=u8 seedT=8 seedH=8 seedS=4 pat=256",64,0.9775501433,0.9976,371.2342,2.1806,0.0000,0.181620,"0.181620;0.181642;0.180767",26.020057,38431.89,,12.60,0,6980,10,True,nid006971,57248608
SparseHNSW_a0.8_b4_p256,"M=32 efC=200 ef=800 alpha=0.8 beta=4 q=u8 seedT=8 seedH=8 seedS=4 pat=256",64,0.9796418338,0.9981,371.2342,2.1806,0.0000,0.199188,"0.199710;0.199188;0.197856",28.536963,35042.27,,12.60,0,6980,10,True,nid006971,57248608
SparseHNSW_a0.8_b4_p256,"M=32 efC=200 ef=1600 alpha=0.8 beta=4 q=u8 seedT=8 seedH=8 seedS=4 pat=256",64,0.9799283668,0.9986,371.2342,2.1806,0.0000,0.204824,"0.205579;0.204773;0.204824",29.344413,34078.04,,12.60,0,6980,10,True,nid006971,57248608
SparseHNSW_a0.8_b4_p256,"M=32 efC=200 ef=3200 alpha=0.8 beta=4 q=u8 seedT=8 seedH=8 seedS=4 pat=256",64,0.9799283668,0.9986,371.2342,2.1806,0.0000,0.208974,"0.209443;0.208974;0.208545",29.938968,33401.28,,12.60,0,6980,10,True,nid006971,57248608
SparseHNSW_a0.8_b5_p256,"M=32 efC=200 ef=10 alpha=0.8 beta=5 q=u8 seedT=8 seedH=8 seedS=4 pat=256",64,0.9382808023,0.9792,371.2342,2.1806,0.0000,0.040039,"0.040039;0.040226;0.040015",5.736246,174330.03,,12.60,0,6980,10,True,nid006971,57248608
SparseHNSW_a0.8_b5_p256,"M=32 efC=200 ef=20 alpha=0.8 beta=5 q=u8 seedT=8 seedH=8 seedS=4 pat=256",64,0.9382808023,0.9792,371.2342,2.1806,0.0000,0.039546,"0.039844;0.039546;0.039384",5.665616,176503.31,,12.60,0,6980,10,True,nid006971,57248608
SparseHNSW_a0.8_b5_p256,"M=32 efC=200 ef=50 alpha=0.8 beta=5 q=u8 seedT=8 seedH=8 seedS=4 pat=256",64,0.9382808023,0.9792,371.2342,2.1806,0.0000,0.039472,"0.039472;0.039415;0.039609",5.655014,176834.21,,12.60,0,6980,10,True,nid006971,57248608
SparseHNSW_a0.8_b5_p256,"M=32 efC=200 ef=100 alpha=0.8 beta=5 q=u8 seedT=8 seedH=8 seedS=4 pat=256",64,0.9589255014,0.9895,371.2342,2.1806,0.0000,0.067854,"0.067854;0.067398;0.067923",9.721203,102867.92,,12.60,0,6980,10,True,nid006971,57248608
SparseHNSW_a0.8_b5_p256,"M=32 efC=200 ef=200 alpha=0.8 beta=5 q=u8 seedT=8 seedH=8 seedS=4 pat=256",64,0.9718767908,0.9953,371.2342,2.1806,0.0000,0.120369,"0.119813;0.120369;0.121109",17.244842,57988.35,,12.60,0,6980,10,True,nid006971,57248608
SparseHNSW_a0.8_b5_p256,"M=32 efC=200 ef=400 alpha=0.8 beta=5 q=u8 seedT=8 seedH=8 seedS=4 pat=256",64,0.9782951289,0.9977,371.2342,2.1806,0.0000,0.187293,"0.188584;0.187293;0.186985",26.832808,37267.81,,12.60,0,6980,10,True,nid006971,57248608
SparseHNSW_a0.8_b5_p256,"M=32 efC=200 ef=800 alpha=0.8 beta=5 q=u8 seedT=8 seedH=8 seedS=4 pat=256",64,0.9806590258,0.9983,371.2342,2.1806,0.0000,0.208280,"0.207860;0.208280;0.210473",29.839542,33512.58,,12.60,0,6980,10,True,nid006971,57248608
SparseHNSW_a0.8_b5_p256,"M=32 efC=200 ef=1600 alpha=0.8 beta=5 q=u8 seedT=8 seedH=8 seedS=4 pat=256",64,0.9810601719,0.9987,371.2342,2.1806,0.0000,0.216120,"0.216120;0.218667;0.214480",30.962751,32296.87,,12.60,0,6980,10,True,nid006971,57248608
SparseHNSW_a0.8_b5_p256,"M=32 efC=200 ef=3200 alpha=0.8 beta=5 q=u8 seedT=8 seedH=8 seedS=4 pat=256",64,0.9810601719,0.9987,371.2342,2.1806,0.0000,0.220243,"0.220243;0.220210;0.220419",31.553438,31692.27,,12.60,0,6980,10,True,nid006971,57248608
SparseHNSW_a0.8_b6_p256,"M=32 efC=200 ef=10 alpha=0.8 beta=6 q=u8 seedT=8 seedH=8 seedS=4 pat=256",64,0.9448280802,0.9824,371.2342,2.1806,0.0000,0.045773,"0.045438;0.045773;0.046053",6.557736,152491.64,,12.60,0,6980,10,True,nid006971,57248608
SparseHNSW_a0.8_b6_p256,"M=32 efC=200 ef=20 alpha=0.8 beta=6 q=u8 seedT=8 seedH=8 seedS=4 pat=256",64,0.9448280802,0.9824,371.2342,2.1806,0.0000,0.045862,"0.045862;0.046014;0.045783",6.570487,152195.72,,12.60,0,6980,10,True,nid006971,57248608
SparseHNSW_a0.8_b6_p256,"M=32 efC=200 ef=50 alpha=0.8 beta=6 q=u8 seedT=8 seedH=8 seedS=4 pat=256",64,0.9448280802,0.9824,371.2342,2.1806,0.0000,0.045845,"0.045780;0.046029;0.045845",6.568052,152252.15,,12.60,0,6980,10,True,nid006971,57248608
SparseHNSW_a0.8_b6_p256,"M=32 efC=200 ef=100 alpha=0.8 beta=6 q=u8 seedT=8 seedH=8 seedS=4 pat=256",64,0.9591690544,0.9895,371.2342,2.1806,0.0000,0.068272,"0.068128;0.068272;0.068562",9.781089,102238.11,,12.60,0,6980,10,True,nid006971,57248608
SparseHNSW_a0.8_b6_p256,"M=32 efC=200 ef=200 alpha=0.8 beta=6 q=u8 seedT=8 seedH=8 seedS=4 pat=256",64,0.9721776504,0.9953,371.2342,2.1806,0.0000,0.120729,"0.120824;0.119618;0.120729",17.296418,57815.44,,12.60,0,6980,10,True,nid006971,57248608
SparseHNSW_a0.8_b6_p256,"M=32 efC=200 ef=400 alpha=0.8 beta=6 q=u8 seedT=8 seedH=8 seedS=4 pat=256",64,0.9786962751,0.9977,371.2342,2.1806,0.0000,0.191669,"0.191669;0.191502;0.192354",27.459742,36416.95,,12.60,0,6980,10,True,nid006971,57248608
SparseHNSW_a0.8_b6_p256,"M=32 efC=200 ef=800 alpha=0.8 beta=6 q=u8 seedT=8 seedH=8 seedS=4 pat=256",64,0.9815329513,0.9984,371.2342,2.1806,0.0000,0.221271,"0.221271;0.222064;0.218929",31.700716,31545.03,,12.60,0,6980,10,True,nid006971,57248608
SparseHNSW_a0.8_b6_p256,"M=32 efC=200 ef=1600 alpha=0.8 beta=6 q=u8 seedT=8 seedH=8 seedS=4 pat=256",64,0.9819914040,0.9989,371.2342,2.1806,0.0000,0.228334,"0.228099;0.229569;0.228334",32.712607,30569.25,,12.60,0,6980,10,True,nid006971,57248608
SparseHNSW_a0.8_b6_p256,"M=32 efC=200 ef=3200 alpha=0.8 beta=6 q=u8 seedT=8 seedH=8 seedS=4 pat=256",64,0.9820057307,0.9989,371.2342,2.1806,0.0000,0.233649,"0.233844;0.232980;0.233649",33.474069,29873.87,,12.60,0,6980,10,True,nid006971,57248608
SparseHNSW_a0.8_b8_p256,"M=32 efC=200 ef=10 alpha=0.8 beta=8 q=u8 seedT=8 seedH=8 seedS=4 pat=256",64,0.9533237822,0.9864,371.2342,2.1806,0.0000,0.058168,"0.058168;0.057818;0.058297",8.333524,119997.25,,12.60,0,6980,10,True,nid006971,57248608
SparseHNSW_a0.8_b8_p256,"M=32 efC=200 ef=20 alpha=0.8 beta=8 q=u8 seedT=8 seedH=8 seedS=4 pat=256",64,0.9533237822,0.9864,371.2342,2.1806,0.0000,0.057631,"0.057828;0.057425;0.057631",8.256590,121115.37,,12.60,0,6980,10,True,nid006971,57248608
SparseHNSW_a0.8_b8_p256,"M=32 efC=200 ef=50 alpha=0.8 beta=8 q=u8 seedT=8 seedH=8 seedS=4 pat=256",64,0.9533237822,0.9864,371.2342,2.1806,0.0000,0.057939,"0.057939;0.057864;0.057986",8.300716,120471.53,,12.60,0,6980,10,True,nid006971,57248608
SparseHNSW_a0.8_b8_p256,"M=32 efC=200 ef=100 alpha=0.8 beta=8 q=u8 seedT=8 seedH=8 seedS=4 pat=256",64,0.9593553009,0.9895,371.2342,2.1806,0.0000,0.069046,"0.069296;0.069046;0.069007",9.891977,101092.03,,12.60,0,6980,10,True,nid006971,57248608
SparseHNSW_a0.8_b8_p256,"M=32 efC=200 ef=200 alpha=0.8 beta=8 q=u8 seedT=8 seedH=8 seedS=4 pat=256",64,0.9723782235,0.9953,371.2342,2.1806,0.0000,0.121300,"0.121981;0.120809;0.121300",17.378223,57543.28,,12.60,0,6980,10,True,nid006971,57248608
SparseHNSW_a0.8_b8_p256,"M=32 efC=200 ef=400 alpha=0.8 beta=8 q=u8 seedT=8 seedH=8 seedS=4 pat=256",64,0.9790544413,0.9977,371.2342,2.1806,0.0000,0.199159,"0.199159;0.200580;0.198814",28.532808,35047.37,,12.60,0,6980,10,True,nid006971,57248608
SparseHNSW_a0.8_b8_p256,"M=32 efC=200 ef=800 alpha=0.8 beta=8 q=u8 seedT=8 seedH=8 seedS=4 pat=256",64,0.9822922636,0.9984,371.2342,2.1806,0.0000,0.242201,"0.242347;0.242201;0.241214",34.699284,28819.04,,12.60,0,6980,10,True,nid006971,57248608
SparseHNSW_a0.8_b8_p256,"M=32 efC=200 ef=1600 alpha=0.8 beta=8 q=u8 seedT=8 seedH=8 seedS=4 pat=256",64,0.9829226361,0.9989,371.2342,2.1806,0.0000,0.254180,"0.255383;0.254180;0.252249",36.415473,27460.85,,12.60,0,6980,10,True,nid006971,57248608
SparseHNSW_a0.8_b8_p256,"M=32 efC=200 ef=3200 alpha=0.8 beta=8 q=u8 seedT=8 seedH=8 seedS=4 pat=256",64,0.9829369628,0.9989,371.2342,2.1806,0.0000,0.261173,"0.261173;0.262166;0.259370",37.417335,26725.58,,12.60,0,6980,10,True,nid006971,57248608
SparseHNSW_a0.85_b1_p0,"M=32 efC=200 ef=10 alpha=0.85 beta=1 q=u8 seedT=8 seedH=8 seedS=4",64,0.8564040115,0.7001,415.7936,2.1825,0.0000,0.028000,"0.025856;0.028288;0.028000",4.011461,249285.71,,12.77,0,6980,10,True,nid006971,57248608
SparseHNSW_a0.85_b1_p0,"M=32 efC=200 ef=20 alpha=0.85 beta=1 q=u8 seedT=8 seedH=8 seedS=4",64,0.8564040115,0.7001,415.7936,2.1825,0.0000,0.027419,"0.027516;0.027419;0.027261",3.928223,254568.00,,12.77,0,6980,10,True,nid006971,57248608
SparseHNSW_a0.85_b1_p0,"M=32 efC=200 ef=50 alpha=0.85 beta=1 q=u8 seedT=8 seedH=8 seedS=4",64,0.8707736390,0.7176,415.7936,2.1825,0.0000,0.038183,"0.038155;0.038216;0.038183",5.470344,182803.87,,12.77,0,6980,10,True,nid006971,57248608
SparseHNSW_a0.85_b1_p0,"M=32 efC=200 ef=100 alpha=0.85 beta=1 q=u8 seedT=8 seedH=8 seedS=4",64,0.8918911175,0.7409,415.7936,2.1825,0.0000,0.067784,"0.068112;0.067784;0.067529",9.711175,102974.15,,12.77,0,6980,10,True,nid006971,57248608
SparseHNSW_a0.85_b1_p0,"M=32 efC=200 ef=200 alpha=0.85 beta=1 q=u8 seedT=8 seedH=8 seedS=4",64,0.9016762178,0.7513,415.7936,2.1825,0.0000,0.120440,"0.120440;0.119358;0.120478",17.255014,57954.17,,12.77,0,6980,10,True,nid006971,57248608
SparseHNSW_a0.85_b1_p0,"M=32 efC=200 ef=400 alpha=0.85 beta=1 q=u8 seedT=8 seedH=8 seedS=4",64,0.9080659026,0.7611,415.7936,2.1825,0.0000,0.204915,"0.204712;0.204915;0.205274",29.357450,34062.90,,12.77,0,6980,10,True,nid006971,57248608
SparseHNSW_a0.85_b1_p0,"M=32 efC=200 ef=800 alpha=0.85 beta=1 q=u8 seedT=8 seedH=8 seedS=4",64,0.9113610315,0.7654,415.7936,2.1825,0.0000,0.373249,"0.373339;0.371476;0.373249",53.474069,18700.65,,12.77,0,6980,10,True,nid006971,57248608
SparseHNSW_a0.85_b1_p0,"M=32 efC=200 ef=1600 alpha=0.85 beta=1 q=u8 seedT=8 seedH=8 seedS=4",64,0.9145558739,0.7704,415.7936,2.1825,0.0000,0.733347,"0.733347;0.733157;0.737048",105.064040,9518.00,,12.77,0,6980,10,True,nid006971,57248608
SparseHNSW_a0.85_b1_p0,"M=32 efC=200 ef=3200 alpha=0.85 beta=1 q=u8 seedT=8 seedH=8 seedS=4",64,0.9168767908,0.7744,415.7936,2.1825,0.0000,1.467511,"1.468438;1.467511;1.467387",210.245129,4756.35,,12.81,0,6980,10,True,nid006971,57248608
SparseHNSW_a0.85_b2_p0,"M=32 efC=200 ef=10 alpha=0.85 beta=2 q=u8 seedT=8 seedH=8 seedS=4",64,0.9159025788,0.9681,415.7936,2.1825,0.0000,0.028599,"0.027587;0.028929;0.028599",4.097278,244064.48,,12.81,0,6980,10,True,nid006971,57248608
SparseHNSW_a0.85_b2_p0,"M=32 efC=200 ef=20 alpha=0.85 beta=2 q=u8 seedT=8 seedH=8 seedS=4",64,0.9159025788,0.9681,415.7936,2.1825,0.0000,0.028119,"0.028263;0.028119;0.027944",4.028510,248230.73,,12.81,0,6980,10,True,nid006971,57248608
SparseHNSW_a0.85_b2_p0,"M=32 efC=200 ef=50 alpha=0.85 beta=2 q=u8 seedT=8 seedH=8 seedS=4",64,0.9332521490,0.9768,415.7936,2.1825,0.0000,0.038884,"0.039066;0.038884;0.038821",5.570774,179508.28,,12.81,0,6980,10,True,nid006971,57248608
SparseHNSW_a0.85_b2_p0,"M=32 efC=200 ef=100 alpha=0.85 beta=2 q=u8 seedT=8 seedH=8 seedS=4",64,0.9571489971,0.9908,415.7936,2.1825,0.0000,0.068759,"0.068812;0.068759;0.068526",9.850860,101513.98,,12.81,0,6980,10,True,nid006971,57248608
SparseHNSW_a0.85_b2_p0,"M=32 efC=200 ef=200 alpha=0.85 beta=2 q=u8 seedT=8 seedH=8 seedS=4",64,0.9688538682,0.9957,415.7936,2.1825,0.0000,0.118751,"0.118399;0.119243;0.118751",17.013037,58778.45,,12.81,0,6980,10,True,nid006971,57248608
SparseHNSW_a0.85_b2_p0,"M=32 efC=200 ef=400 alpha=0.85 beta=2 q=u8 seedT=8 seedH=8 seedS=4",64,0.9760744986,0.9986,415.7936,2.1825,0.0000,0.204318,"0.202339;0.204318;0.205093",29.271920,34162.43,,12.81,0,6980,10,True,nid006971,57248608
SparseHNSW_a0.85_b2_p0,"M=32 efC=200 ef=800 alpha=0.85 beta=2 q=u8 seedT=8 seedH=8 seedS=4",64,0.9802148997,0.9991,415.7936,2.1825,0.0000,0.372922,"0.372167;0.373250;0.372922",53.427221,18717.05,,12.81,0,6980,10,True,nid006971,57248608
SparseHNSW_a0.85_b2_p0,"M=32 efC=200 ef=1600 alpha=0.85 beta=2 q=u8 seedT=8 seedH=8 seedS=4",64,0.9840544413,1.0000,415.7936,2.1825,0.0000,0.731781,"0.731781;0.726981;0.734929",104.839685,9538.37,,12.81,0,6980,10,True,nid006971,57248608
SparseHNSW_a0.85_b2_p0,"M=32 efC=200 ef=3200 alpha=0.85 beta=2 q=u8 seedT=8 seedH=8 seedS=4",64,0.9869340974,1.0000,415.7936,2.1825,0.0000,1.464211,"1.463377;1.464211;1.464631",209.772350,4767.07,,12.81,0,6980,10,True,nid006971,57248608
SparseHNSW_a0.85_b3_p0,"M=32 efC=200 ef=10 alpha=0.85 beta=3 q=u8 seedT=8 seedH=8 seedS=4",64,0.9182664756,0.9681,415.7936,2.1825,0.0000,0.028871,"0.027743;0.028871;0.028881",4.136246,241765.09,,12.81,0,6980,10,True,nid006971,57248608
SparseHNSW_a0.85_b3_p0,"M=32 efC=200 ef=20 alpha=0.85 beta=3 q=u8 seedT=8 seedH=8 seedS=4",64,0.9182664756,0.9681,415.7936,2.1825,0.0000,0.028430,"0.028564;0.028430;0.028325",4.073066,245515.30,,12.81,0,6980,10,True,nid006971,57248608
SparseHNSW_a0.85_b3_p0,"M=32 efC=200 ef=50 alpha=0.85 beta=3 q=u8 seedT=8 seedH=8 seedS=4",64,0.9359742120,0.9768,415.7936,2.1825,0.0000,0.039392,"0.039420;0.039392;0.039168",5.643553,177193.34,,12.81,0,6980,10,True,nid006971,57248608
SparseHNSW_a0.85_b3_p0,"M=32 efC=200 ef=100 alpha=0.85 beta=3 q=u8 seedT=8 seedH=8 seedS=4",64,0.9601575931,0.9908,415.7936,2.1825,0.0000,0.068235,"0.068161;0.068235;0.069133",9.775788,102293.54,,12.81,0,6980,10,True,nid006971,57248608
SparseHNSW_a0.85_b3_p0,"M=32 efC=200 ef=200 alpha=0.85 beta=3 q=u8 seedT=8 seedH=8 seedS=4",64,0.9720200573,0.9957,415.7936,2.1825,0.0000,0.119938,"0.119782;0.119938;0.120735",17.183095,58196.73,,12.81,0,6980,10,True,nid006971,57248608
SparseHNSW_a0.85_b3_p0,"M=32 efC=200 ef=400 alpha=0.85 beta=3 q=u8 seedT=8 seedH=8 seedS=4",64,0.9793839542,0.9986,415.7936,2.1825,0.0000,0.203623,"0.203623;0.202412;0.204477",29.172350,34279.04,,12.81,0,6980,10,True,nid006971,57248608
SparseHNSW_a0.85_b3_p0,"M=32 efC=200 ef=800 alpha=0.85 beta=3 q=u8 seedT=8 seedH=8 seedS=4",64,0.9835673352,0.9991,415.7936,2.1825,0.0000,0.374110,"0.374253;0.373988;0.374110",53.597421,18657.61,,12.81,0,6980,10,True,nid006971,57248608
SparseHNSW_a0.85_b3_p0,"M=32 efC=200 ef=1600 alpha=0.85 beta=3 q=u8 seedT=8 seedH=8 seedS=4",64,0.9874068768,1.0000,415.7936,2.1825,0.0000,0.733076,"0.728802;0.733076;0.735770",105.025215,9521.52,,12.81,0,6980,10,True,nid006971,57248608
SparseHNSW_a0.85_b3_p0,"M=32 efC=200 ef=3200 alpha=0.85 beta=3 q=u8 seedT=8 seedH=8 seedS=4",64,0.9902865330,1.0000,415.7936,2.1825,0.0000,1.464794,"1.470499;1.464794;1.463037",209.855874,4765.18,,12.81,0,6980,10,True,nid006971,57248608
SparseHNSW_a0.85_b4_p0,"M=32 efC=200 ef=10 alpha=0.85 beta=4 q=u8 seedT=8 seedH=8 seedS=4",64,0.9280802292,0.9725,415.7936,2.1825,0.0000,0.033899,"0.032530;0.034060;0.033899",4.856590,205905.78,,12.81,0,6980,10,True,nid006971,57248608
SparseHNSW_a0.85_b4_p0,"M=32 efC=200 ef=20 alpha=0.85 beta=4 q=u8 seedT=8 seedH=8 seedS=4",64,0.9280802292,0.9725,415.7936,2.1825,0.0000,0.033460,"0.033504;0.033344;0.033460",4.793696,208607.29,,12.81,0,6980,10,True,nid006971,57248608
SparseHNSW_a0.85_b4_p0,"M=32 efC=200 ef=50 alpha=0.85 beta=4 q=u8 seedT=8 seedH=8 seedS=4",64,0.9364326648,0.9768,415.7936,2.1825,0.0000,0.039607,"0.039619;0.039607;0.039605",5.674355,176231.47,,12.81,0,6980,10,True,nid006971,57248608
SparseHNSW_a0.85_b4_p0,"M=32 efC=200 ef=100 alpha=0.85 beta=4 q=u8 seedT=8 seedH=8 seedS=4",64,0.9607593123,0.9908,415.7936,2.1825,0.0000,0.068641,"0.068814;0.068510;0.068641",9.833954,101688.50,,12.81,0,6980,10,True,nid006971,57248608
SparseHNSW_a0.85_b4_p0,"M=32 efC=200 ef=200 alpha=0.85 beta=4 q=u8 seedT=8 seedH=8 seedS=4",64,0.9726790831,0.9957,415.7936,2.1825,0.0000,0.120166,"0.118642;0.120166;0.121262",17.215759,58086.31,,12.81,0,6980,10,True,nid006971,57248608
SparseHNSW_a0.85_b4_p0,"M=32 efC=200 ef=400 alpha=0.85 beta=4 q=u8 seedT=8 seedH=8 seedS=4",64,0.9800573066,0.9986,415.7936,2.1825,0.0000,0.205793,"0.206084;0.205793;0.204117",29.483238,33917.58,,12.81,0,6980,10,True,nid006971,57248608
SparseHNSW_a0.85_b4_p0,"M=32 efC=200 ef=800 alpha=0.85 beta=4 q=u8 seedT=8 seedH=8 seedS=4",64,0.9842120344,0.9991,415.7936,2.1825,0.0000,0.372824,"0.372550;0.372824;0.373743",53.413181,18721.97,,12.81,0,6980,10,True,nid006971,57248608
SparseHNSW_a0.85_b4_p0,"M=32 efC=200 ef=1600 alpha=0.85 beta=4 q=u8 seedT=8 seedH=8 seedS=4",64,0.9880515759,1.0000,415.7936,2.1825,0.0000,0.735714,"0.735832;0.732757;0.735714",105.403152,9487.38,,12.81,0,6980,10,True,nid006971,57248608
SparseHNSW_a0.85_b4_p0,"M=32 efC=200 ef=3200 alpha=0.85 beta=4 q=u8 seedT=8 seedH=8 seedS=4",64,0.9909455587,1.0000,415.7936,2.1825,0.0000,1.463814,"1.466506;1.463564;1.463814",209.715473,4768.37,,12.81,0,6980,10,True,nid006971,57248608
SparseHNSW_a0.85_b5_p0,"M=32 efC=200 ef=10 alpha=0.85 beta=5 q=u8 seedT=8 seedH=8 seedS=4",64,0.9364899713,0.9768,415.7936,2.1825,0.0000,0.040690,"0.039449;0.040823;0.040690",5.829513,171540.92,,12.81,0,6980,10,True,nid006971,57248608
SparseHNSW_a0.85_b5_p0,"M=32 efC=200 ef=20 alpha=0.85 beta=5 q=u8 seedT=8 seedH=8 seedS=4",64,0.9364899713,0.9768,415.7936,2.1825,0.0000,0.039994,"0.040254;0.039994;0.039961",5.729799,174526.18,,12.81,0,6980,10,True,nid006971,57248608
SparseHNSW_a0.85_b5_p0,"M=32 efC=200 ef=50 alpha=0.85 beta=5 q=u8 seedT=8 seedH=8 seedS=4",64,0.9364899713,0.9768,415.7936,2.1825,0.0000,0.039895,"0.039928;0.039895;0.039889",5.715616,174959.27,,12.81,0,6980,10,True,nid006971,57248608
SparseHNSW_a0.85_b5_p0,"M=32 efC=200 ef=100 alpha=0.85 beta=5 q=u8 seedT=8 seedH=8 seedS=4",64,0.9608739255,0.9908,415.7936,2.1825,0.0000,0.069269,"0.069513;0.069025;0.069269",9.923926,100766.58,,12.81,0,6980,10,True,nid006971,57248608
SparseHNSW_a0.85_b5_p0,"M=32 efC=200 ef=200 alpha=0.85 beta=5 q=u8 seedT=8 seedH=8 seedS=4",64,0.9727936963,0.9957,415.7936,2.1825,0.0000,0.120244,"0.121483;0.120244;0.120082",17.226934,58048.63,,12.81,0,6980,10,True,nid006971,57248608
SparseHNSW_a0.85_b5_p0,"M=32 efC=200 ef=400 alpha=0.85 beta=5 q=u8 seedT=8 seedH=8 seedS=4",64,0.9801862464,0.9986,415.7936,2.1825,0.0000,0.205302,"0.205302;0.204916;0.205923",29.412894,33998.69,,12.81,0,6980,10,True,nid006971,57248608
SparseHNSW_a0.85_b5_p0,"M=32 efC=200 ef=800 alpha=0.85 beta=5 q=u8 seedT=8 seedH=8 seedS=4",64,0.9843696275,0.9991,415.7936,2.1825,0.0000,0.374087,"0.374087;0.372880;0.376295",53.594126,18658.76,,12.81,0,6980,10,True,nid006971,57248608
SparseHNSW_a0.85_b5_p0,"M=32 efC=200 ef=1600 alpha=0.85 beta=5 q=u8 seedT=8 seedH=8 seedS=4",64,0.9882234957,1.0000,415.7936,2.1825,0.0000,0.733914,"0.733914;0.736303;0.733600",105.145272,9510.65,,12.81,0,6980,10,True,nid006971,57248608
SparseHNSW_a0.85_b5_p0,"M=32 efC=200 ef=3200 alpha=0.85 beta=5 q=u8 seedT=8 seedH=8 seedS=4",64,0.9911174785,1.0000,415.7936,2.1825,0.0000,1.465505,"1.460588;1.470168;1.465505",209.957736,4762.86,,12.81,0,6980,10,True,nid006971,57248608
SparseHNSW_a0.85_b6_p0,"M=32 efC=200 ef=10 alpha=0.85 beta=6 q=u8 seedT=8 seedH=8 seedS=4",64,0.9441547278,0.9809,415.7936,2.1825,0.0000,0.046823,"0.045899;0.047058;0.046823",6.708166,149072.04,,12.81,0,6980,10,True,nid006971,57248608
SparseHNSW_a0.85_b6_p0,"M=32 efC=200 ef=20 alpha=0.85 beta=6 q=u8 seedT=8 seedH=8 seedS=4",64,0.9441547278,0.9809,415.7936,2.1825,0.0000,0.046567,"0.046567;0.046765;0.046478",6.671490,149891.55,,12.81,0,6980,10,True,nid006971,57248608
SparseHNSW_a0.85_b6_p0,"M=32 efC=200 ef=50 alpha=0.85 beta=6 q=u8 seedT=8 seedH=8 seedS=4",64,0.9441547278,0.9809,415.7936,2.1825,0.0000,0.046575,"0.046575;0.046480;0.046591",6.672636,149865.81,,12.81,0,6980,10,True,nid006971,57248608
SparseHNSW_a0.85_b6_p0,"M=32 efC=200 ef=100 alpha=0.85 beta=6 q=u8 seedT=8 seedH=8 seedS=4",64,0.9608882521,0.9908,415.7936,2.1825,0.0000,0.069489,"0.069489;0.069114;0.069770",9.955444,100447.55,,12.81,0,6980,10,True,nid006971,57248608
SparseHNSW_a0.85_b6_p0,"M=32 efC=200 ef=200 alpha=0.85 beta=6 q=u8 seedT=8 seedH=8 seedS=4",64,0.9728080229,0.9957,415.7936,2.1825,0.0000,0.120184,"0.120184;0.121059;0.119128",17.218338,58077.61,,12.81,0,6980,10,True,nid006971,57248608
SparseHNSW_a0.85_b6_p0,"M=32 efC=200 ef=400 alpha=0.85 beta=6 q=u8 seedT=8 seedH=8 seedS=4",64,0.9802005731,0.9986,415.7936,2.1825,0.0000,0.205371,"0.205371;0.205377;0.204192",29.422779,33987.27,,12.81,0,6980,10,True,nid006971,57248608
SparseHNSW_a0.85_b6_p0,"M=32 efC=200 ef=800 alpha=0.85 beta=6 q=u8 seedT=8 seedH=8 seedS=4",64,0.9843839542,0.9991,415.7936,2.1825,0.0000,0.373807,"0.372587;0.373807;0.374422",53.554011,18672.74,,12.81,0,6980,10,True,nid006971,57248608
SparseHNSW_a0.85_b6_p0,"M=32 efC=200 ef=1600 alpha=0.85 beta=6 q=u8 seedT=8 seedH=8 seedS=4",64,0.9882378223,1.0000,415.7936,2.1825,0.0000,0.734588,"0.734588;0.735934;0.734151",105.241834,9501.92,,12.81,0,6980,10,True,nid006971,57248608
SparseHNSW_a0.85_b6_p0,"M=32 efC=200 ef=3200 alpha=0.85 beta=6 q=u8 seedT=8 seedH=8 seedS=4",64,0.9911318052,1.0000,415.7936,2.1825,0.0000,1.465838,"1.465838;1.464504;1.467109",210.005444,4761.78,,12.81,0,6980,10,True,nid006971,57248608
SparseHNSW_a0.85_b8_p0,"M=32 efC=200 ef=10 alpha=0.85 beta=8 q=u8 seedT=8 seedH=8 seedS=4",64,0.9537965616,0.9867,415.7936,2.1825,0.0000,0.058879,"0.058578;0.058879;0.058928",8.435387,118548.21,,12.81,0,6980,10,True,nid006971,57248608
SparseHNSW_a0.85_b8_p0,"M=32 efC=200 ef=20 alpha=0.85 beta=8 q=u8 seedT=8 seedH=8 seedS=4",64,0.9537965616,0.9867,415.7936,2.1825,0.0000,0.058854,"0.058857;0.058779;0.058854",8.431805,118598.57,,12.81,0,6980,10,True,nid006971,57248608
SparseHNSW_a0.85_b8_p0,"M=32 efC=200 ef=50 alpha=0.85 beta=8 q=u8 seedT=8 seedH=8 seedS=4",64,0.9537965616,0.9867,415.7936,2.1825,0.0000,0.058600,"0.058406;0.058600;0.058696",8.395415,119112.63,,12.81,0,6980,10,True,nid006971,57248608
SparseHNSW_a0.85_b8_p0,"M=32 efC=200 ef=100 alpha=0.85 beta=8 q=u8 seedT=8 seedH=8 seedS=4",64,0.9609312321,0.9908,415.7936,2.1825,0.0000,0.069971,"0.070389;0.069971;0.069888",10.024499,99755.61,,12.81,0,6980,10,True,nid006971,57248608
SparseHNSW_a0.85_b8_p0,"M=32 efC=200 ef=200 alpha=0.85 beta=8 q=u8 seedT=8 seedH=8 seedS=4",64,0.9728653295,0.9957,415.7936,2.1825,0.0000,0.120935,"0.120935;0.122193;0.119636",17.325931,57716.96,,12.81,0,6980,10,True,nid006971,57248608
SparseHNSW_a0.85_b8_p0,"M=32 efC=200 ef=400 alpha=0.85 beta=8 q=u8 seedT=8 seedH=8 seedS=4",64,0.9802722063,0.9986,415.7936,2.1825,0.0000,0.204843,"0.204843;0.204827;0.204879",29.347135,34074.88,,12.81,0,6980,10,True,nid006971,57248608
SparseHNSW_a0.85_b8_p0,"M=32 efC=200 ef=800 alpha=0.85 beta=8 q=u8 seedT=8 seedH=8 seedS=4",64,0.9844412607,0.9991,415.7936,2.1825,0.0000,0.376144,"0.376309;0.376144;0.375635",53.888825,18556.72,,12.81,0,6980,10,True,nid006971,57248608
SparseHNSW_a0.85_b8_p0,"M=32 efC=200 ef=1600 alpha=0.85 beta=8 q=u8 seedT=8 seedH=8 seedS=4",64,0.9883094556,1.0000,415.7936,2.1825,0.0000,0.733856,"0.733856;0.730088;0.737292",105.136963,9511.40,,12.81,0,6980,10,True,nid006971,57248608
SparseHNSW_a0.85_b8_p0,"M=32 efC=200 ef=3200 alpha=0.85 beta=8 q=u8 seedT=8 seedH=8 seedS=4",64,0.9912034384,1.0000,415.7936,2.1825,0.0000,1.468667,"1.471479;1.465660;1.468667",210.410745,4752.61,,12.81,0,6980,10,True,nid006971,57248608
SparseHNSW_a0.85_b1_p64,"M=32 efC=200 ef=10 alpha=0.85 beta=1 q=u8 seedT=8 seedH=8 seedS=4 pat=64",64,0.8564040115,0.7001,415.7936,2.1825,0.0000,0.027976,"0.026719;0.028073;0.027976",4.008023,249499.57,,12.81,0,6980,10,True,nid006971,57248608
SparseHNSW_a0.85_b1_p64,"M=32 efC=200 ef=20 alpha=0.85 beta=1 q=u8 seedT=8 seedH=8 seedS=4 pat=64",64,0.8564040115,0.7001,415.7936,2.1825,0.0000,0.027234,"0.027490;0.027215;0.027234",3.901719,256297.28,,12.81,0,6980,10,True,nid006971,57248608
SparseHNSW_a0.85_b1_p64,"M=32 efC=200 ef=50 alpha=0.85 beta=1 q=u8 seedT=8 seedH=8 seedS=4 pat=64",64,0.8707736390,0.7176,415.7936,2.1825,0.0000,0.038222,"0.038222;0.038366;0.038152",5.475931,182617.34,,12.81,0,6980,10,True,nid006971,57248608
SparseHNSW_a0.85_b1_p64,"M=32 efC=200 ef=100 alpha=0.85 beta=1 q=u8 seedT=8 seedH=8 seedS=4 pat=64",64,0.8890257880,0.7369,415.7936,2.1825,0.0000,0.056282,"0.056282;0.056309;0.056269",8.063324,124018.34,,12.81,0,6980,10,True,nid006971,57248608
SparseHNSW_a0.85_b1_p64,"M=32 efC=200 ef=200 alpha=0.85 beta=1 q=u8 seedT=8 seedH=8 seedS=4 pat=64",64,0.8918338109,0.7392,415.7936,2.1825,0.0000,0.059535,"0.059651;0.059535;0.058959",8.529370,117241.96,,12.81,0,6980,10,True,nid006971,57248608
SparseHNSW_a0.85_b1_p64,"M=32 efC=200 ef=400 alpha=0.85 beta=1 q=u8 seedT=8 seedH=8 seedS=4 pat=64",64,0.8918338109,0.7391,415.7936,2.1825,0.0000,0.061658,"0.061665;0.061658;0.060878",8.833524,113205.10,,12.81,0,6980,10,True,nid006971,57248608
SparseHNSW_a0.85_b1_p64,"M=32 efC=200 ef=800 alpha=0.85 beta=1 q=u8 seedT=8 seedH=8 seedS=4 pat=64",64,0.8918338109,0.7391,415.7936,2.1825,0.0000,0.064645,"0.064645;0.064813;0.064385",9.261461,107974.32,,12.81,0,6980,10,True,nid006971,57248608
SparseHNSW_a0.85_b1_p64,"M=32 efC=200 ef=1600 alpha=0.85 beta=1 q=u8 seedT=8 seedH=8 seedS=4 pat=64",64,0.8918338109,0.7391,415.7936,2.1825,0.0000,0.067812,"0.067233;0.067812;0.068613",9.715186,102931.63,,12.81,0,6980,10,True,nid006971,57248608
SparseHNSW_a0.85_b1_p64,"M=32 efC=200 ef=3200 alpha=0.85 beta=1 q=u8 seedT=8 seedH=8 seedS=4 pat=64",64,0.8918338109,0.7391,415.7936,2.1825,0.0000,0.069154,"0.069055;0.069226;0.069154",9.907450,100934.15,,12.81,0,6980,10,True,nid006971,57248608
SparseHNSW_a0.85_b2_p64,"M=32 efC=200 ef=10 alpha=0.85 beta=2 q=u8 seedT=8 seedH=8 seedS=4 pat=64",64,0.9159025788,0.9681,415.7936,2.1825,0.0000,0.028392,"0.028542;0.028278;0.028392",4.067622,245843.90,,12.81,0,6980,10,True,nid006971,57248608
SparseHNSW_a0.85_b2_p64,"M=32 efC=200 ef=20 alpha=0.85 beta=2 q=u8 seedT=8 seedH=8 seedS=4 pat=64",64,0.9159025788,0.9681,415.7936,2.1825,0.0000,0.027883,"0.028023;0.027883;0.027867",3.994699,250331.74,,12.81,0,6980,10,True,nid006971,57248608
SparseHNSW_a0.85_b2_p64,"M=32 efC=200 ef=50 alpha=0.85 beta=2 q=u8 seedT=8 seedH=8 seedS=4 pat=64",64,0.9332521490,0.9768,415.7936,2.1825,0.0000,0.038768,"0.038704;0.038838;0.038768",5.554155,180045.40,,12.81,0,6980,10,True,nid006971,57248608
SparseHNSW_a0.85_b2_p64,"M=32 efC=200 ef=100 alpha=0.85 beta=2 q=u8 seedT=8 seedH=8 seedS=4 pat=64",64,0.9554154728,0.9895,415.7936,2.1825,0.0000,0.061367,"0.061367;0.061314;0.062072",8.791834,113741.91,,12.81,0,6980,10,True,nid006971,57248608
SparseHNSW_a0.85_b2_p64,"M=32 efC=200 ef=200 alpha=0.85 beta=2 q=u8 seedT=8 seedH=8 seedS=4 pat=64",64,0.9610171920,0.9928,415.7936,2.1825,0.0000,0.068500,"0.068500;0.069036;0.068240",9.813754,101897.81,,12.81,0,6980,10,True,nid006971,57248608
SparseHNSW_a0.85_b2_p64,"M=32 efC=200 ef=400 alpha=0.85 beta=2 q=u8 seedT=8 seedH=8 seedS=4 pat=64",64,0.9613323782,0.9930,415.7936,2.1825,0.0000,0.070421,"0.071100;0.070421;0.070334",10.088968,99118.16,,12.81,0,6980,10,True,nid006971,57248608
SparseHNSW_a0.85_b2_p64,"M=32 efC=200 ef=800 alpha=0.85 beta=2 q=u8 seedT=8 seedH=8 seedS=4 pat=64",64,0.9613323782,0.9930,415.7936,2.1825,0.0000,0.074054,"0.074054;0.073939;0.074493",10.609456,94255.54,,12.81,0,6980,10,True,nid006971,57248608
SparseHNSW_a0.85_b2_p64,"M=32 efC=200 ef=1600 alpha=0.85 beta=2 q=u8 seedT=8 seedH=8 seedS=4 pat=64",64,0.9613323782,0.9930,415.7936,2.1825,0.0000,0.077801,"0.078559;0.077801;0.077049",11.146275,89716.07,,12.81,0,6980,10,True,nid006971,57248608
SparseHNSW_a0.85_b2_p64,"M=32 efC=200 ef=3200 alpha=0.85 beta=2 q=u8 seedT=8 seedH=8 seedS=4 pat=64",64,0.9613323782,0.9930,415.7936,2.1825,0.0000,0.079240,"0.079407;0.078921;0.079240",11.352436,88086.82,,12.81,0,6980,10,True,nid006971,57248608
SparseHNSW_a0.85_b3_p64,"M=32 efC=200 ef=10 alpha=0.85 beta=3 q=u8 seedT=8 seedH=8 seedS=4 pat=64",64,0.9182664756,0.9681,415.7936,2.1825,0.0000,0.028904,"0.028904;0.028973;0.028790",4.140974,241489.07,,12.81,0,6980,10,True,nid006971,57248608
SparseHNSW_a0.85_b3_p64,"M=32 efC=200 ef=20 alpha=0.85 beta=3 q=u8 seedT=8 seedH=8 seedS=4 pat=64",64,0.9182664756,0.9681,415.7936,2.1825,0.0000,0.028359,"0.028373;0.028359;0.028243",4.062894,246129.98,,12.81,0,6980,10,True,nid006971,57248608
SparseHNSW_a0.85_b3_p64,"M=32 efC=200 ef=50 alpha=0.85 beta=3 q=u8 seedT=8 seedH=8 seedS=4 pat=64",64,0.9359742120,0.9768,415.7936,2.1825,0.0000,0.039233,"0.039272;0.039233;0.039078",5.620774,177911.45,,12.81,0,6980,10,True,nid006971,57248608
SparseHNSW_a0.85_b3_p64,"M=32 efC=200 ef=100 alpha=0.85 beta=3 q=u8 seedT=8 seedH=8 seedS=4 pat=64",64,0.9596418338,0.9905,415.7936,2.1825,0.0000,0.065167,"0.064853;0.065557;0.065167",9.336246,107109.43,,12.81,0,6980,10,True,nid006971,57248608
SparseHNSW_a0.85_b3_p64,"M=32 efC=200 ef=200 alpha=0.85 beta=3 q=u8 seedT=8 seedH=8 seedS=4 pat=64",64,0.9665759312,0.9943,415.7936,2.1825,0.0000,0.076704,"0.076667;0.076704;0.077048",10.989112,90999.17,,12.81,0,6980,10,True,nid006971,57248608
SparseHNSW_a0.85_b3_p64,"M=32 efC=200 ef=400 alpha=0.85 beta=3 q=u8 seedT=8 seedH=8 seedS=4 pat=64",64,0.9670773639,0.9944,415.7936,2.1825,0.0000,0.078817,"0.078817;0.078927;0.078599",11.291834,88559.57,,12.81,0,6980,10,True,nid006971,57248608
SparseHNSW_a0.85_b3_p64,"M=32 efC=200 ef=800 alpha=0.85 beta=3 q=u8 seedT=8 seedH=8 seedS=4 pat=64",64,0.9670773639,0.9944,415.7936,2.1825,0.0000,0.081841,"0.081841;0.081497;0.081976",11.725072,85287.33,,12.81,0,6980,10,True,nid006971,57248608
SparseHNSW_a0.85_b3_p64,"M=32 efC=200 ef=1600 alpha=0.85 beta=3 q=u8 seedT=8 seedH=8 seedS=4 pat=64",64,0.9670773639,0.9944,415.7936,2.1825,0.0000,0.086582,"0.086517;0.087542;0.086582",12.404298,80617.22,,12.81,0,6980,10,True,nid006971,57248608
SparseHNSW_a0.85_b3_p64,"M=32 efC=200 ef=3200 alpha=0.85 beta=3 q=u8 seedT=8 seedH=8 seedS=4 pat=64",64,0.9670773639,0.9944,415.7936,2.1825,0.0000,0.089361,"0.089475;0.089361;0.088182",12.802436,78110.14,,12.81,0,6980,10,True,nid006971,57248608
SparseHNSW_a0.85_b4_p64,"M=32 efC=200 ef=10 alpha=0.85 beta=4 q=u8 seedT=8 seedH=8 seedS=4 pat=64",64,0.9280802292,0.9725,415.7936,2.1825,0.0000,0.033968,"0.034003;0.033968;0.033832",4.866476,205487.52,,12.81,0,6980,10,True,nid006971,57248608
SparseHNSW_a0.85_b4_p64,"M=32 efC=200 ef=20 alpha=0.85 beta=4 q=u8 seedT=8 seedH=8 seedS=4 pat=64",64,0.9280802292,0.9725,415.7936,2.1825,0.0000,0.033413,"0.033413;0.033282;0.033426",4.786963,208900.73,,12.81,0,6980,10,True,nid006971,57248608
SparseHNSW_a0.85_b4_p64,"M=32 efC=200 ef=50 alpha=0.85 beta=4 q=u8 seedT=8 seedH=8 seedS=4 pat=64",64,0.9364326648,0.9768,415.7936,2.1825,0.0000,0.039560,"0.039560;0.039681;0.039524",5.667622,176440.85,,12.81,0,6980,10,True,nid006971,57248608
SparseHNSW_a0.85_b4_p64,"M=32 efC=200 ef=100 alpha=0.85 beta=4 q=u8 seedT=8 seedH=8 seedS=4 pat=64",64,0.9604871060,0.9905,415.7936,2.1825,0.0000,0.067840,"0.067840;0.067786;0.068444",9.719198,102889.15,,12.81,0,6980,10,True,nid006971,57248608
SparseHNSW_a0.85_b4_p64,"M=32 efC=200 ef=200 alpha=0.85 beta=4 q=u8 seedT=8 seedH=8 seedS=4 pat=64",64,0.9684240688,0.9947,415.7936,2.1825,0.0000,0.083617,"0.083629;0.083617;0.083297",11.979513,83475.85,,12.81,0,6980,10,True,nid006971,57248608
SparseHNSW_a0.85_b4_p64,"M=32 efC=200 ef=400 alpha=0.85 beta=4 q=u8 seedT=8 seedH=8 seedS=4 pat=64",64,0.9692263610,0.9950,415.7936,2.1825,0.0000,0.087303,"0.087303;0.087591;0.086976",12.507593,79951.43,,12.81,0,6980,10,True,nid006971,57248608
SparseHNSW_a0.85_b4_p64,"M=32 efC=200 ef=800 alpha=0.85 beta=4 q=u8 seedT=8 seedH=8 seedS=4 pat=64",64,0.9692263610,0.9950,415.7936,2.1825,0.0000,0.090120,"0.090342;0.090120;0.089741",12.911175,77452.29,,12.81,0,6980,10,True,nid006971,57248608
SparseHNSW_a0.85_b4_p64,"M=32 efC=200 ef=1600 alpha=0.85 beta=4 q=u8 seedT=8 seedH=8 seedS=4 pat=64",64,0.9692263610,0.9950,415.7936,2.1825,0.0000,0.094501,"0.094148;0.095089;0.094501",13.538825,73861.65,,12.81,0,6980,10,True,nid006971,57248608
SparseHNSW_a0.85_b4_p64,"M=32 efC=200 ef=3200 alpha=0.85 beta=4 q=u8 seedT=8 seedH=8 seedS=4 pat=64",64,0.9692263610,0.9950,415.7936,2.1825,0.0000,0.097103,"0.097429;0.097103;0.096913",13.911605,71882.43,,12.81,0,6980,10,True,nid006971,57248608
SparseHNSW_a0.85_b5_p64,"M=32 efC=200 ef=10 alpha=0.85 beta=5 q=u8 seedT=8 seedH=8 seedS=4 pat=64",64,0.9364899713,0.9768,415.7936,2.1825,0.0000,0.040448,"0.040394;0.040603;0.040448",5.794842,172567.25,,12.81,0,6980,10,True,nid006971,57248608
SparseHNSW_a0.85_b5_p64,"M=32 efC=200 ef=20 alpha=0.85 beta=5 q=u8 seedT=8 seedH=8 seedS=4 pat=64",64,0.9364899713,0.9768,415.7936,2.1825,0.0000,0.040169,"0.040225;0.040169;0.039927",5.754871,173765.84,,12.81,0,6980,10,True,nid006971,57248608
SparseHNSW_a0.85_b5_p64,"M=32 efC=200 ef=50 alpha=0.85 beta=5 q=u8 seedT=8 seedH=8 seedS=4 pat=64",64,0.9364899713,0.9768,415.7936,2.1825,0.0000,0.039795,"0.040027;0.039635;0.039795",5.701289,175398.92,,12.81,0,6980,10,True,nid006971,57248608
SparseHNSW_a0.85_b5_p64,"M=32 efC=200 ef=100 alpha=0.85 beta=5 q=u8 seedT=8 seedH=8 seedS=4 pat=64",64,0.9608739255,0.9908,415.7936,2.1825,0.0000,0.068659,"0.068587;0.068659;0.068840",9.836533,101661.84,,12.81,0,6980,10,True,nid006971,57248608
SparseHNSW_a0.85_b5_p64,"M=32 efC=200 ef=200 alpha=0.85 beta=5 q=u8 seedT=8 seedH=8 seedS=4 pat=64",64,0.9696561605,0.9951,415.7936,2.1825,0.0000,0.089296,"0.089289;0.089296;0.089837",12.793123,78167.00,,12.81,0,6980,10,True,nid006971,57248608
SparseHNSW_a0.85_b5_p64,"M=32 efC=200 ef=400 alpha=0.85 beta=5 q=u8 seedT=8 seedH=8 seedS=4 pat=64",64,0.9708309456,0.9956,415.7936,2.1825,0.0000,0.094150,"0.094150;0.094787;0.094107",13.488539,74137.02,,12.81,0,6980,10,True,nid006971,57248608
SparseHNSW_a0.85_b5_p64,"M=32 efC=200 ef=800 alpha=0.85 beta=5 q=u8 seedT=8 seedH=8 seedS=4 pat=64",64,0.9708452722,0.9956,415.7936,2.1825,0.0000,0.097297,"0.097297;0.096846;0.098029",13.939398,71739.11,,12.81,0,6980,10,True,nid006971,57248608
SparseHNSW_a0.85_b5_p64,"M=32 efC=200 ef=1600 alpha=0.85 beta=5 q=u8 seedT=8 seedH=8 seedS=4 pat=64",64,0.9708452722,0.9956,415.7936,2.1825,0.0000,0.102319,"0.102319;0.103355;0.101784",14.658883,68218.02,,12.81,0,6980,10,True,nid006971,57248608
SparseHNSW_a0.85_b5_p64,"M=32 efC=200 ef=3200 alpha=0.85 beta=5 q=u8 seedT=8 seedH=8 seedS=4 pat=64",64,0.9708452722,0.9956,415.7936,2.1825,0.0000,0.104834,"0.104013;0.104834;0.105337",15.019198,66581.45,,12.81,0,6980,10,True,nid006971,57248608
SparseHNSW_a0.85_b6_p64,"M=32 efC=200 ef=10 alpha=0.85 beta=6 q=u8 seedT=8 seedH=8 seedS=4 pat=64",64,0.9441547278,0.9809,415.7936,2.1825,0.0000,0.046929,"0.046968;0.046929;0.046803",6.723352,148735.32,,12.81,0,6980,10,True,nid006971,57248608
SparseHNSW_a0.85_b6_p64,"M=32 efC=200 ef=20 alpha=0.85 beta=6 q=u8 seedT=8 seedH=8 seedS=4 pat=64",64,0.9441547278,0.9809,415.7936,2.1825,0.0000,0.046488,"0.046603;0.046363;0.046488",6.660172,150146.27,,12.81,0,6980,10,True,nid006971,57248608
SparseHNSW_a0.85_b6_p64,"M=32 efC=200 ef=50 alpha=0.85 beta=6 q=u8 seedT=8 seedH=8 seedS=4 pat=64",64,0.9441547278,0.9809,415.7936,2.1825,0.0000,0.046226,"0.046282;0.046073;0.046226",6.622636,150997.27,,12.81,0,6980,10,True,nid006971,57248608
SparseHNSW_a0.85_b6_p64,"M=32 efC=200 ef=100 alpha=0.85 beta=6 q=u8 seedT=8 seedH=8 seedS=4 pat=64",64,0.9608882521,0.9908,415.7936,2.1825,0.0000,0.069011,"0.069000;0.069011;0.069214",9.886963,101143.30,,12.81,0,6980,10,True,nid006971,57248608
SparseHNSW_a0.85_b6_p64,"M=32 efC=200 ef=200 alpha=0.85 beta=6 q=u8 seedT=8 seedH=8 seedS=4 pat=64",64,0.9705157593,0.9951,415.7936,2.1825,0.0000,0.095557,"0.095557;0.095663;0.094685",13.690115,73045.41,,12.81,0,6980,10,True,nid006971,57248608
SparseHNSW_a0.85_b6_p64,"M=32 efC=200 ef=400 alpha=0.85 beta=6 q=u8 seedT=8 seedH=8 seedS=4 pat=64",64,0.9717765043,0.9956,415.7936,2.1825,0.0000,0.100653,"0.100653;0.100814;0.099359",14.420201,69347.16,,12.81,0,6980,10,True,nid006971,57248608
SparseHNSW_a0.85_b6_p64,"M=32 efC=200 ef=800 alpha=0.85 beta=6 q=u8 seedT=8 seedH=8 seedS=4 pat=64",64,0.9717908309,0.9956,415.7936,2.1825,0.0000,0.104896,"0.105206;0.104128;0.104896",15.028080,66542.10,,12.81,0,6980,10,True,nid006971,57248608
SparseHNSW_a0.85_b6_p64,"M=32 efC=200 ef=1600 alpha=0.85 beta=6 q=u8 seedT=8 seedH=8 seedS=4 pat=64",64,0.9717908309,0.9956,415.7936,2.1825,0.0000,0.109828,"0.110075;0.109468;0.109828",15.734670,63553.92,,12.81,0,6980,10,True,nid006971,57248608
SparseHNSW_a0.85_b6_p64,"M=32 efC=200 ef=3200 alpha=0.85 beta=6 q=u8 seedT=8 seedH=8 seedS=4 pat=64",64,0.9717908309,0.9956,415.7936,2.1825,0.0000,0.112369,"0.111667;0.113253;0.112369",16.098711,62116.78,,12.81,0,6980,10,True,nid006971,57248608
SparseHNSW_a0.85_b8_p64,"M=32 efC=200 ef=10 alpha=0.85 beta=8 q=u8 seedT=8 seedH=8 seedS=4 pat=64",64,0.9537965616,0.9867,415.7936,2.1825,0.0000,0.059040,"0.059040;0.059494;0.058914",8.458453,118224.93,,12.81,0,6980,10,True,nid006971,57248608
SparseHNSW_a0.85_b8_p64,"M=32 efC=200 ef=20 alpha=0.85 beta=8 q=u8 seedT=8 seedH=8 seedS=4 pat=64",64,0.9537965616,0.9867,415.7936,2.1825,0.0000,0.059298,"0.059318;0.058760;0.059298",8.495415,117710.55,,12.81,0,6980,10,True,nid006971,57248608
SparseHNSW_a0.85_b8_p64,"M=32 efC=200 ef=50 alpha=0.85 beta=8 q=u8 seedT=8 seedH=8 seedS=4 pat=64",64,0.9537965616,0.9867,415.7936,2.1825,0.0000,0.058878,"0.058892;0.058878;0.058593",8.435244,118550.22,,12.81,0,6980,10,True,nid006971,57248608
SparseHNSW_a0.85_b8_p64,"M=32 efC=200 ef=100 alpha=0.85 beta=8 q=u8 seedT=8 seedH=8 seedS=4 pat=64",64,0.9609312321,0.9908,415.7936,2.1825,0.0000,0.070079,"0.070676;0.070042;0.070079",10.039971,99601.88,,12.81,0,6980,10,True,nid006971,57248608
SparseHNSW_a0.85_b8_p64,"M=32 efC=200 ef=200 alpha=0.85 beta=8 q=u8 seedT=8 seedH=8 seedS=4 pat=64",64,0.9712464183,0.9953,415.7936,2.1825,0.0000,0.104605,"0.105949;0.104532;0.104605",14.986390,66727.21,,12.81,0,6980,10,True,nid006971,57248608
SparseHNSW_a0.85_b8_p64,"M=32 efC=200 ef=400 alpha=0.85 beta=8 q=u8 seedT=8 seedH=8 seedS=4 pat=64",64,0.9733094556,0.9960,415.7936,2.1825,0.0000,0.113648,"0.113648;0.112911;0.114157",16.281948,61417.71,,12.81,0,6980,10,True,nid006971,57248608
SparseHNSW_a0.85_b8_p64,"M=32 efC=200 ef=800 alpha=0.85 beta=8 q=u8 seedT=8 seedH=8 seedS=4 pat=64",64,0.9733381089,0.9960,415.7936,2.1825,0.0000,0.118760,"0.117948;0.118760;0.118948",17.014327,58774.00,,12.81,0,6980,10,True,nid006971,57248608
SparseHNSW_a0.85_b8_p64,"M=32 efC=200 ef=1600 alpha=0.85 beta=8 q=u8 seedT=8 seedH=8 seedS=4 pat=64",64,0.9733381089,0.9960,415.7936,2.1825,0.0000,0.122200,"0.122485;0.122200;0.122173",17.507163,57119.48,,12.81,0,6980,10,True,nid006971,57248608
SparseHNSW_a0.85_b8_p64,"M=32 efC=200 ef=3200 alpha=0.85 beta=8 q=u8 seedT=8 seedH=8 seedS=4 pat=64",64,0.9733381089,0.9960,415.7936,2.1825,0.0000,0.127489,"0.126826;0.127489;0.128918",18.264900,54749.82,,12.81,0,6980,10,True,nid006971,57248608
SparseHNSW_a0.85_b1_p128,"M=32 efC=200 ef=10 alpha=0.85 beta=1 q=u8 seedT=8 seedH=8 seedS=4 pat=128",64,0.8564040115,0.7001,415.7936,2.1825,0.0000,0.027841,"0.027456;0.028007;0.027841",3.988682,250709.39,,12.81,0,6980,10,True,nid006971,57248608
SparseHNSW_a0.85_b1_p128,"M=32 efC=200 ef=20 alpha=0.85 beta=1 q=u8 seedT=8 seedH=8 seedS=4 pat=128",64,0.8564040115,0.7001,415.7936,2.1825,0.0000,0.027305,"0.027431;0.027258;0.027305",3.911891,255630.84,,12.81,0,6980,10,True,nid006971,57248608
SparseHNSW_a0.85_b1_p128,"M=32 efC=200 ef=50 alpha=0.85 beta=1 q=u8 seedT=8 seedH=8 seedS=4 pat=128",64,0.8707736390,0.7176,415.7936,2.1825,0.0000,0.038162,"0.038211;0.038140;0.038162",5.467335,182904.46,,12.81,0,6980,10,True,nid006971,57248608
SparseHNSW_a0.85_b1_p128,"M=32 efC=200 ef=100 alpha=0.85 beta=1 q=u8 seedT=8 seedH=8 seedS=4 pat=128",64,0.8918911175,0.7409,415.7936,2.1825,0.0000,0.067896,"0.067896;0.068646;0.067764",9.727221,102804.29,,12.81,0,6980,10,True,nid006971,57248608
SparseHNSW_a0.85_b1_p128,"M=32 efC=200 ef=200 alpha=0.85 beta=1 q=u8 seedT=8 seedH=8 seedS=4 pat=128",64,0.8995702006,0.7486,415.7936,2.1825,0.0000,0.094476,"0.094399;0.094476;0.095696",13.535244,73881.20,,12.81,0,6980,10,True,nid006971,57248608
SparseHNSW_a0.85_b1_p128,"M=32 efC=200 ef=400 alpha=0.85 beta=1 q=u8 seedT=8 seedH=8 seedS=4 pat=128",64,0.9007449857,0.7500,415.7936,2.1825,0.0000,0.099441,"0.099441;0.098180;0.099583",14.246562,70192.38,,12.81,0,6980,10,True,nid006971,57248608
SparseHNSW_a0.85_b1_p128,"M=32 efC=200 ef=800 alpha=0.85 beta=1 q=u8 seedT=8 seedH=8 seedS=4 pat=128",64,0.9007449857,0.7500,415.7936,2.1825,0.0000,0.102847,"0.103288;0.102726;0.102847",14.734527,67867.80,,12.81,0,6980,10,True,nid006971,57248608
SparseHNSW_a0.85_b1_p128,"M=32 efC=200 ef=1600 alpha=0.85 beta=1 q=u8 seedT=8 seedH=8 seedS=4 pat=128",64,0.9007449857,0.7500,415.7936,2.1825,0.0000,0.107141,"0.106249;0.107141;0.107815",15.349713,65147.80,,12.81,0,6980,10,True,nid006971,57248608
SparseHNSW_a0.85_b1_p128,"M=32 efC=200 ef=3200 alpha=0.85 beta=1 q=u8 seedT=8 seedH=8 seedS=4 pat=128",64,0.9007449857,0.7500,415.7936,2.1825,0.0000,0.110143,"0.109861;0.110580;0.110143",15.779799,63372.16,,12.81,0,6980,10,True,nid006971,57248608
SparseHNSW_a0.85_b2_p128,"M=32 efC=200 ef=10 alpha=0.85 beta=2 q=u8 seedT=8 seedH=8 seedS=4 pat=128",64,0.9159025788,0.9681,415.7936,2.1825,0.0000,0.028383,"0.028383;0.028610;0.028252",4.066332,245921.85,,12.81,0,6980,10,True,nid006971,57248608
SparseHNSW_a0.85_b2_p128,"M=32 efC=200 ef=20 alpha=0.85 beta=2 q=u8 seedT=8 seedH=8 seedS=4 pat=128",64,0.9159025788,0.9681,415.7936,2.1825,0.0000,0.028065,"0.028094;0.028065;0.027992",4.020774,248708.36,,12.81,0,6980,10,True,nid006971,57248608
SparseHNSW_a0.85_b2_p128,"M=32 efC=200 ef=50 alpha=0.85 beta=2 q=u8 seedT=8 seedH=8 seedS=4 pat=128",64,0.9332521490,0.9768,415.7936,2.1825,0.0000,0.038977,"0.038977;0.039036;0.038772",5.584097,179079.97,,12.81,0,6980,10,True,nid006971,57248608
SparseHNSW_a0.85_b2_p128,"M=32 efC=200 ef=100 alpha=0.85 beta=2 q=u8 seedT=8 seedH=8 seedS=4 pat=128",64,0.9571489971,0.9908,415.7936,2.1825,0.0000,0.068656,"0.068723;0.068656;0.068116",9.836103,101666.28,,12.81,0,6980,10,True,nid006971,57248608
SparseHNSW_a0.85_b2_p128,"M=32 efC=200 ef=200 alpha=0.85 beta=2 q=u8 seedT=8 seedH=8 seedS=4 pat=128",64,0.9672636103,0.9953,415.7936,2.1825,0.0000,0.101392,"0.101681;0.100487;0.101392",14.526074,68841.72,,12.81,0,6980,10,True,nid006971,57248608
SparseHNSW_a0.85_b2_p128,"M=32 efC=200 ef=400 alpha=0.85 beta=2 q=u8 seedT=8 seedH=8 seedS=4 pat=128",64,0.9695415473,0.9963,415.7936,2.1825,0.0000,0.107510,"0.108663;0.107244;0.107510",15.402579,64924.19,,12.81,0,6980,10,True,nid006971,57248608
SparseHNSW_a0.85_b2_p128,"M=32 efC=200 ef=800 alpha=0.85 beta=2 q=u8 seedT=8 seedH=8 seedS=4 pat=128",64,0.9695988539,0.9963,415.7936,2.1825,0.0000,0.110944,"0.110770;0.110944;0.111808",15.894556,62914.62,,12.81,0,6980,10,True,nid006971,57248608
SparseHNSW_a0.85_b2_p128,"M=32 efC=200 ef=1600 alpha=0.85 beta=2 q=u8 seedT=8 seedH=8 seedS=4 pat=128",64,0.9695988539,0.9963,415.7936,2.1825,0.0000,0.114861,"0.116524;0.114861;0.114841",16.455731,60769.10,,12.81,0,6980,10,True,nid006971,57248608
SparseHNSW_a0.85_b2_p128,"M=32 efC=200 ef=3200 alpha=0.85 beta=2 q=u8 seedT=8 seedH=8 seedS=4 pat=128",64,0.9695988539,0.9963,415.7936,2.1825,0.0000,0.120522,"0.120522;0.121345;0.119404",17.266762,57914.74,,12.81,0,6980,10,True,nid006971,57248608
SparseHNSW_a0.85_b3_p128,"M=32 efC=200 ef=10 alpha=0.85 beta=3 q=u8 seedT=8 seedH=8 seedS=4 pat=128",64,0.9182664756,0.9681,415.7936,2.1825,0.0000,0.028957,"0.028957;0.029014;0.028685",4.148567,241047.07,,12.81,0,6980,10,True,nid006971,57248608
SparseHNSW_a0.85_b3_p128,"M=32 efC=200 ef=20 alpha=0.85 beta=3 q=u8 seedT=8 seedH=8 seedS=4 pat=128",64,0.9182664756,0.9681,415.7936,2.1825,0.0000,0.028333,"0.028417;0.028333;0.028292",4.059169,246355.84,,12.81,0,6980,10,True,nid006971,57248608
SparseHNSW_a0.85_b3_p128,"M=32 efC=200 ef=50 alpha=0.85 beta=3 q=u8 seedT=8 seedH=8 seedS=4 pat=128",64,0.9359742120,0.9768,415.7936,2.1825,0.0000,0.039266,"0.039427;0.039202;0.039266",5.625501,177761.93,,12.81,0,6980,10,True,nid006971,57248608
SparseHNSW_a0.85_b3_p128,"M=32 efC=200 ef=100 alpha=0.85 beta=3 q=u8 seedT=8 seedH=8 seedS=4 pat=128",64,0.9601575931,0.9908,415.7936,2.1825,0.0000,0.068637,"0.069138;0.068279;0.068637",9.833381,101694.42,,12.81,0,6980,10,True,nid006971,57248608
SparseHNSW_a0.85_b3_p128,"M=32 efC=200 ef=200 alpha=0.85 beta=3 q=u8 seedT=8 seedH=8 seedS=4 pat=128",64,0.9712034384,0.9954,415.7936,2.1825,0.0000,0.107320,"0.107648;0.107320;0.106611",15.375358,65039.14,,12.81,0,6980,10,True,nid006971,57248608
SparseHNSW_a0.85_b3_p128,"M=32 efC=200 ef=400 alpha=0.85 beta=3 q=u8 seedT=8 seedH=8 seedS=4 pat=128",64,0.9740114613,0.9964,415.7936,2.1825,0.0000,0.117035,"0.117035;0.115579;0.117285",16.767192,59640.28,,12.81,0,6980,10,True,nid006971,57248608
SparseHNSW_a0.85_b3_p128,"M=32 efC=200 ef=800 alpha=0.85 beta=3 q=u8 seedT=8 seedH=8 seedS=4 pat=128",64,0.9741833811,0.9964,415.7936,2.1825,0.0000,0.122100,"0.121435;0.122100;0.122300",17.492837,57166.26,,12.81,0,6980,10,True,nid006971,57248608
SparseHNSW_a0.85_b3_p128,"M=32 efC=200 ef=1600 alpha=0.85 beta=3 q=u8 seedT=8 seedH=8 seedS=4 pat=128",64,0.9741833811,0.9964,415.7936,2.1825,0.0000,0.125850,"0.124160;0.126426;0.125850",18.030086,55462.85,,12.81,0,6980,10,True,nid006971,57248608
SparseHNSW_a0.85_b3_p128,"M=32 efC=200 ef=3200 alpha=0.85 beta=3 q=u8 seedT=8 seedH=8 seedS=4 pat=128",64,0.9741833811,0.9964,415.7936,2.1825,0.0000,0.129348,"0.129665;0.129036;0.129348",18.531232,53962.95,,12.81,0,6980,10,True,nid006971,57248608
SparseHNSW_a0.85_b4_p128,"M=32 efC=200 ef=10 alpha=0.85 beta=4 q=u8 seedT=8 seedH=8 seedS=4 pat=128",64,0.9280802292,0.9725,415.7936,2.1825,0.0000,0.033871,"0.033179;0.033943;0.033871",4.852579,206075.99,,12.81,0,6980,10,True,nid006971,57248608
SparseHNSW_a0.85_b4_p128,"M=32 efC=200 ef=20 alpha=0.85 beta=4 q=u8 seedT=8 seedH=8 seedS=4 pat=128",64,0.9280802292,0.9725,415.7936,2.1825,0.0000,0.033378,"0.033541;0.033378;0.033307",4.781948,209119.78,,12.81,0,6980,10,True,nid006971,57248608
SparseHNSW_a0.85_b4_p128,"M=32 efC=200 ef=50 alpha=0.85 beta=4 q=u8 seedT=8 seedH=8 seedS=4 pat=128",64,0.9364326648,0.9768,415.7936,2.1825,0.0000,0.039670,"0.039670;0.039599;0.039703",5.683381,175951.60,,12.81,0,6980,10,True,nid006971,57248608
SparseHNSW_a0.85_b4_p128,"M=32 efC=200 ef=100 alpha=0.85 beta=4 q=u8 seedT=8 seedH=8 seedS=4 pat=128",64,0.9607593123,0.9908,415.7936,2.1825,0.0000,0.068719,"0.068375;0.068921;0.068719",9.845129,101573.07,,12.81,0,6980,10,True,nid006971,57248608
SparseHNSW_a0.85_b4_p128,"M=32 efC=200 ef=200 alpha=0.85 beta=4 q=u8 seedT=8 seedH=8 seedS=4 pat=128",64,0.9722922636,0.9956,415.7936,2.1825,0.0000,0.111558,"0.111082;0.111558;0.111700",15.982521,62568.35,,12.81,0,6980,10,True,nid006971,57248608
SparseHNSW_a0.85_b4_p128,"M=32 efC=200 ef=400 alpha=0.85 beta=4 q=u8 seedT=8 seedH=8 seedS=4 pat=128",64,0.9761031519,0.9970,415.7936,2.1825,0.0000,0.124613,"0.124613;0.125129;0.124131",17.852865,56013.42,,12.81,0,6980,10,True,nid006971,57248608
SparseHNSW_a0.85_b4_p128,"M=32 efC=200 ef=800 alpha=0.85 beta=4 q=u8 seedT=8 seedH=8 seedS=4 pat=128",64,0.9763323782,0.9970,415.7936,2.1825,0.0000,0.129119,"0.128573;0.129689;0.129119",18.498424,54058.66,,12.81,0,6980,10,True,nid006971,57248608
SparseHNSW_a0.85_b4_p128,"M=32 efC=200 ef=1600 alpha=0.85 beta=4 q=u8 seedT=8 seedH=8 seedS=4 pat=128",64,0.9763323782,0.9970,415.7936,2.1825,0.0000,0.133696,"0.133696;0.132187;0.135684",19.154155,52207.99,,12.81,0,6980,10,True,nid006971,57248608
SparseHNSW_a0.85_b4_p128,"M=32 efC=200 ef=3200 alpha=0.85 beta=4 q=u8 seedT=8 seedH=8 seedS=4 pat=128",64,0.9763323782,0.9970,415.7936,2.1825,0.0000,0.138022,"0.138022;0.138317;0.137787",19.773926,50571.65,,12.81,0,6980,10,True,nid006971,57248608
SparseHNSW_a0.85_b5_p128,"M=32 efC=200 ef=10 alpha=0.85 beta=5 q=u8 seedT=8 seedH=8 seedS=4 pat=128",64,0.9364899713,0.9768,415.7936,2.1825,0.0000,0.040301,"0.040099;0.040563;0.040301",5.773782,173196.69,,12.81,0,6980,10,True,nid006971,57248608
SparseHNSW_a0.85_b5_p128,"M=32 efC=200 ef=20 alpha=0.85 beta=5 q=u8 seedT=8 seedH=8 seedS=4 pat=128",64,0.9364899713,0.9768,415.7936,2.1825,0.0000,0.040195,"0.040325;0.040195;0.039864",5.758596,173653.44,,12.81,0,6980,10,True,nid006971,57248608
SparseHNSW_a0.85_b5_p128,"M=32 efC=200 ef=50 alpha=0.85 beta=5 q=u8 seedT=8 seedH=8 seedS=4 pat=128",64,0.9364899713,0.9768,415.7936,2.1825,0.0000,0.039789,"0.039781;0.039815;0.039789",5.700430,175425.37,,12.81,0,6980,10,True,nid006971,57248608
SparseHNSW_a0.85_b5_p128,"M=32 efC=200 ef=100 alpha=0.85 beta=5 q=u8 seedT=8 seedH=8 seedS=4 pat=128",64,0.9608739255,0.9908,415.7936,2.1825,0.0000,0.069416,"0.069416;0.069504;0.068838",9.944986,100553.19,,12.81,0,6980,10,True,nid006971,57248608
SparseHNSW_a0.85_b5_p128,"M=32 efC=200 ef=200 alpha=0.85 beta=5 q=u8 seedT=8 seedH=8 seedS=4 pat=128",64,0.9726934097,0.9957,415.7936,2.1825,0.0000,0.114040,"0.114108;0.114040;0.113418",16.338109,61206.59,,12.81,0,6980,10,True,nid006971,57248608
SparseHNSW_a0.85_b5_p128,"M=32 efC=200 ef=400 alpha=0.85 beta=5 q=u8 seedT=8 seedH=8 seedS=4 pat=128",64,0.9768767908,0.9973,415.7936,2.1825,0.0000,0.132710,"0.132710;0.133020;0.132217",19.012894,52595.89,,12.81,0,6980,10,True,nid006971,57248608
SparseHNSW_a0.85_b5_p128,"M=32 efC=200 ef=800 alpha=0.85 beta=5 q=u8 seedT=8 seedH=8 seedS=4 pat=128",64,0.9772636103,0.9973,415.7936,2.1825,0.0000,0.139290,"0.139349;0.139290;0.138481",19.955587,50111.28,,12.81,0,6980,10,True,nid006971,57248608
SparseHNSW_a0.85_b5_p128,"M=32 efC=200 ef=1600 alpha=0.85 beta=5 q=u8 seedT=8 seedH=8 seedS=4 pat=128",64,0.9772636103,0.9973,415.7936,2.1825,0.0000,0.143003,"0.143117;0.143003;0.141210",20.487536,48810.16,,12.81,0,6980,10,True,nid006971,57248608
SparseHNSW_a0.85_b5_p128,"M=32 efC=200 ef=3200 alpha=0.85 beta=5 q=u8 seedT=8 seedH=8 seedS=4 pat=128",64,0.9772636103,0.9973,415.7936,2.1825,0.0000,0.147690,"0.147241;0.148041;0.147690",21.159026,47261.16,,12.81,0,6980,10,True,nid006971,57248608
SparseHNSW_a0.85_b6_p128,"M=32 efC=200 ef=10 alpha=0.85 beta=6 q=u8 seedT=8 seedH=8 seedS=4 pat=128",64,0.9441547278,0.9809,415.7936,2.1825,0.0000,0.047108,"0.046942;0.047175;0.047108",6.748997,148170.16,,12.81,0,6980,10,True,nid006971,57248608
SparseHNSW_a0.85_b6_p128,"M=32 efC=200 ef=20 alpha=0.85 beta=6 q=u8 seedT=8 seedH=8 seedS=4 pat=128",64,0.9441547278,0.9809,415.7936,2.1825,0.0000,0.046424,"0.046604;0.046285;0.046424",6.651003,150353.27,,12.81,0,6980,10,True,nid006971,57248608
SparseHNSW_a0.85_b6_p128,"M=32 efC=200 ef=50 alpha=0.85 beta=6 q=u8 seedT=8 seedH=8 seedS=4 pat=128",64,0.9441547278,0.9809,415.7936,2.1825,0.0000,0.046351,"0.046351;0.046369;0.046266",6.640544,150590.06,,12.81,0,6980,10,True,nid006971,57248608
SparseHNSW_a0.85_b6_p128,"M=32 efC=200 ef=100 alpha=0.85 beta=6 q=u8 seedT=8 seedH=8 seedS=4 pat=128",64,0.9608882521,0.9908,415.7936,2.1825,0.0000,0.069762,"0.069056;0.069762;0.069864",9.994556,100054.47,,12.81,0,6980,10,True,nid006971,57248608
SparseHNSW_a0.85_b6_p128,"M=32 efC=200 ef=200 alpha=0.85 beta=6 q=u8 seedT=8 seedH=8 seedS=4 pat=128",64,0.9727650430,0.9957,415.7936,2.1825,0.0000,0.116566,"0.117421;0.116566;0.116226",16.700000,59880.24,,12.81,0,6980,10,True,nid006971,57248608
SparseHNSW_a0.85_b6_p128,"M=32 efC=200 ef=400 alpha=0.85 beta=6 q=u8 seedT=8 seedH=8 seedS=4 pat=128",64,0.9774498567,0.9977,415.7936,2.1825,0.0000,0.139791,"0.139791;0.140294;0.139197",20.027364,49931.68,,12.81,0,6980,10,True,nid006971,57248608
SparseHNSW_a0.85_b6_p128,"M=32 efC=200 ef=800 alpha=0.85 beta=6 q=u8 seedT=8 seedH=8 seedS=4 pat=128",64,0.9779942693,0.9977,415.7936,2.1825,0.0000,0.146424,"0.146424;0.149208;0.146041",20.977650,47669.78,,12.81,0,6980,10,True,nid006971,57248608
SparseHNSW_a0.85_b6_p128,"M=32 efC=200 ef=1600 alpha=0.85 beta=6 q=u8 seedT=8 seedH=8 seedS=4 pat=128",64,0.9779942693,0.9977,415.7936,2.1825,0.0000,0.150436,"0.150424;0.150436;0.150898",21.552436,46398.47,,12.81,0,6980,10,True,nid006971,57248608
SparseHNSW_a0.85_b6_p128,"M=32 efC=200 ef=3200 alpha=0.85 beta=6 q=u8 seedT=8 seedH=8 seedS=4 pat=128",64,0.9779942693,0.9977,415.7936,2.1825,0.0000,0.155957,"0.155957;0.157137;0.155832",22.343410,44755.93,,12.81,0,6980,10,True,nid006971,57248608
SparseHNSW_a0.85_b8_p128,"M=32 efC=200 ef=10 alpha=0.85 beta=8 q=u8 seedT=8 seedH=8 seedS=4 pat=128",64,0.9537965616,0.9867,415.7936,2.1825,0.0000,0.059066,"0.059066;0.059016;0.059106",8.462178,118172.89,,12.81,0,6980,10,True,nid006971,57248608
SparseHNSW_a0.85_b8_p128,"M=32 efC=200 ef=20 alpha=0.85 beta=8 q=u8 seedT=8 seedH=8 seedS=4 pat=128",64,0.9537965616,0.9867,415.7936,2.1825,0.0000,0.059245,"0.059245;0.058846;0.059591",8.487822,117815.85,,12.81,0,6980,10,True,nid006971,57248608
SparseHNSW_a0.85_b8_p128,"M=32 efC=200 ef=50 alpha=0.85 beta=8 q=u8 seedT=8 seedH=8 seedS=4 pat=128",64,0.9537965616,0.9867,415.7936,2.1825,0.0000,0.058813,"0.058813;0.058939;0.058577",8.425931,118681.24,,12.81,0,6980,10,True,nid006971,57248608
SparseHNSW_a0.85_b8_p128,"M=32 efC=200 ef=100 alpha=0.85 beta=8 q=u8 seedT=8 seedH=8 seedS=4 pat=128",64,0.9609312321,0.9908,415.7936,2.1825,0.0000,0.070539,"0.070539;0.070705;0.069966",10.105874,98952.35,,12.81,0,6980,10,True,nid006971,57248608
SparseHNSW_a0.85_b8_p128,"M=32 efC=200 ef=200 alpha=0.85 beta=8 q=u8 seedT=8 seedH=8 seedS=4 pat=128",64,0.9728510029,0.9957,415.7936,2.1825,0.0000,0.121511,"0.121606;0.121511;0.120459",17.408453,57443.36,,12.81,0,6980,10,True,nid006971,57248608
SparseHNSW_a0.85_b8_p128,"M=32 efC=200 ef=400 alpha=0.85 beta=8 q=u8 seedT=8 seedH=8 seedS=4 pat=128",64,0.9780372493,0.9981,415.7936,2.1825,0.0000,0.152125,"0.152758;0.152125;0.151864",21.794413,45883.32,,12.81,0,6980,10,True,nid006971,57248608
SparseHNSW_a0.85_b8_p128,"M=32 efC=200 ef=800 alpha=0.85 beta=8 q=u8 seedT=8 seedH=8 seedS=4 pat=128",64,0.9787822350,0.9981,415.7936,2.1825,0.0000,0.162526,"0.164383;0.162526;0.162503",23.284527,42946.97,,12.81,0,6980,10,True,nid006971,57248608
SparseHNSW_a0.85_b8_p128,"M=32 efC=200 ef=1600 alpha=0.85 beta=8 q=u8 seedT=8 seedH=8 seedS=4 pat=128",64,0.9788108883,0.9981,415.7936,2.1825,0.0000,0.169490,"0.169598;0.169490;0.167803",24.282235,41182.37,,12.81,0,6980,10,True,nid006971,57248608
SparseHNSW_a0.85_b8_p128,"M=32 efC=200 ef=3200 alpha=0.85 beta=8 q=u8 seedT=8 seedH=8 seedS=4 pat=128",64,0.9788108883,0.9981,415.7936,2.1825,0.0000,0.174837,"0.174652;0.174837;0.175014",25.048281,39922.90,,12.81,0,6980,10,True,nid006971,57248608
SparseHNSW_a0.85_b1_p256,"M=32 efC=200 ef=10 alpha=0.85 beta=1 q=u8 seedT=8 seedH=8 seedS=4 pat=256",64,0.8564040115,0.7001,415.7936,2.1825,0.0000,0.027777,"0.027461;0.028178;0.027777",3.979513,251287.04,,12.81,0,6980,10,True,nid006971,57248608
SparseHNSW_a0.85_b1_p256,"M=32 efC=200 ef=20 alpha=0.85 beta=1 q=u8 seedT=8 seedH=8 seedS=4 pat=256",64,0.8564040115,0.7001,415.7936,2.1825,0.0000,0.027395,"0.027395;0.027477;0.027138",3.924785,254791.02,,12.81,0,6980,10,True,nid006971,57248608
SparseHNSW_a0.85_b1_p256,"M=32 efC=200 ef=50 alpha=0.85 beta=1 q=u8 seedT=8 seedH=8 seedS=4 pat=256",64,0.8707736390,0.7176,415.7936,2.1825,0.0000,0.038130,"0.038318;0.038099;0.038130",5.462751,183057.96,,12.81,0,6980,10,True,nid006971,57248608
SparseHNSW_a0.85_b1_p256,"M=32 efC=200 ef=100 alpha=0.85 beta=1 q=u8 seedT=8 seedH=8 seedS=4 pat=256",64,0.8918911175,0.7409,415.7936,2.1825,0.0000,0.067751,"0.067623;0.068567;0.067751",9.706447,103024.31,,12.81,0,6980,10,True,nid006971,57248608
SparseHNSW_a0.85_b1_p256,"M=32 efC=200 ef=200 alpha=0.85 beta=1 q=u8 seedT=8 seedH=8 seedS=4 pat=256",64,0.9016762178,0.7513,415.7936,2.1825,0.0000,0.119930,"0.119429;0.120255;0.119930",17.181948,58200.62,,12.81,0,6980,10,True,nid006971,57248608
SparseHNSW_a0.85_b1_p256,"M=32 efC=200 ef=400 alpha=0.85 beta=1 q=u8 seedT=8 seedH=8 seedS=4 pat=256",64,0.9067048711,0.7581,415.7936,2.1825,0.0000,0.156744,"0.156063;0.156744;0.156866",22.456160,44531.21,,12.81,0,6980,10,True,nid006971,57248608
SparseHNSW_a0.85_b1_p256,"M=32 efC=200 ef=800 alpha=0.85 beta=1 q=u8 seedT=8 seedH=8 seedS=4 pat=256",64,0.9071346705,0.7582,415.7936,2.1825,0.0000,0.162365,"0.162830;0.162365;0.160752",23.261461,42989.56,,12.81,0,6980,10,True,nid006971,57248608
SparseHNSW_a0.85_b1_p256,"M=32 efC=200 ef=1600 alpha=0.85 beta=1 q=u8 seedT=8 seedH=8 seedS=4 pat=256",64,0.9071346705,0.7582,415.7936,2.1825,0.0000,0.165717,"0.164470;0.165717;0.165894",23.741691,42120.00,,12.81,0,6980,10,True,nid006971,57248608
SparseHNSW_a0.85_b1_p256,"M=32 efC=200 ef=3200 alpha=0.85 beta=1 q=u8 seedT=8 seedH=8 seedS=4 pat=256",64,0.9071346705,0.7582,415.7936,2.1825,0.0000,0.172049,"0.171209;0.172049;0.174054",24.648854,40569.84,,12.81,0,6980,10,True,nid006971,57248608
SparseHNSW_a0.85_b2_p256,"M=32 efC=200 ef=10 alpha=0.85 beta=2 q=u8 seedT=8 seedH=8 seedS=4 pat=256",64,0.9159025788,0.9681,415.7936,2.1825,0.0000,0.028334,"0.028334;0.028611;0.028298",4.059312,246347.14,,12.81,0,6980,10,True,nid006971,57248608
SparseHNSW_a0.85_b2_p256,"M=32 efC=200 ef=20 alpha=0.85 beta=2 q=u8 seedT=8 seedH=8 seedS=4 pat=256",64,0.9159025788,0.9681,415.7936,2.1825,0.0000,0.028112,"0.028112;0.028146;0.028027",4.027507,248292.54,,12.81,0,6980,10,True,nid006971,57248608
SparseHNSW_a0.85_b2_p256,"M=32 efC=200 ef=50 alpha=0.85 beta=2 q=u8 seedT=8 seedH=8 seedS=4 pat=256",64,0.9332521490,0.9768,415.7936,2.1825,0.0000,0.038998,"0.038998;0.038929;0.039008",5.587106,178983.54,,12.81,0,6980,10,True,nid006971,57248608
SparseHNSW_a0.85_b2_p256,"M=32 efC=200 ef=100 alpha=0.85 beta=2 q=u8 seedT=8 seedH=8 seedS=4 pat=256",64,0.9571489971,0.9908,415.7936,2.1825,0.0000,0.068777,"0.068777;0.068211;0.068804",9.853438,101487.42,,12.81,0,6980,10,True,nid006971,57248608
SparseHNSW_a0.85_b2_p256,"M=32 efC=200 ef=200 alpha=0.85 beta=2 q=u8 seedT=8 seedH=8 seedS=4 pat=256",64,0.9688538682,0.9957,415.7936,2.1825,0.0000,0.118725,"0.118535;0.118725;0.120818",17.009312,58791.32,,12.81,0,6980,10,True,nid006971,57248608
SparseHNSW_a0.85_b2_p256,"M=32 efC=200 ef=400 alpha=0.85 beta=2 q=u8 seedT=8 seedH=8 seedS=4 pat=256",64,0.9750716332,0.9986,415.7936,2.1825,0.0000,0.163707,"0.165416;0.163535;0.163707",23.453725,42637.15,,12.81,0,6980,10,True,nid006971,57248608
SparseHNSW_a0.85_b2_p256,"M=32 efC=200 ef=800 alpha=0.85 beta=2 q=u8 seedT=8 seedH=8 seedS=4 pat=256",64,0.9760744986,0.9989,415.7936,2.1825,0.0000,0.172124,"0.172150;0.172124;0.171037",24.659599,40552.16,,12.81,0,6980,10,True,nid006971,57248608
SparseHNSW_a0.85_b2_p256,"M=32 efC=200 ef=1600 alpha=0.85 beta=2 q=u8 seedT=8 seedH=8 seedS=4 pat=256",64,0.9760888252,0.9989,415.7936,2.1825,0.0000,0.177595,"0.176462;0.178659;0.177595",25.443410,39302.91,,12.81,0,6980,10,True,nid006971,57248608
SparseHNSW_a0.85_b2_p256,"M=32 efC=200 ef=3200 alpha=0.85 beta=2 q=u8 seedT=8 seedH=8 seedS=4 pat=256",64,0.9760888252,0.9989,415.7936,2.1825,0.0000,0.184705,"0.183484;0.184705;0.184962",26.462034,37789.99,,12.81,0,6980,10,True,nid006971,57248608
SparseHNSW_a0.85_b3_p256,"M=32 efC=200 ef=10 alpha=0.85 beta=3 q=u8 seedT=8 seedH=8 seedS=4 pat=256",64,0.9182664756,0.9681,415.7936,2.1825,0.0000,0.028873,"0.028496;0.029290;0.028873",4.136533,241748.35,,12.81,0,6980,10,True,nid006971,57248608
SparseHNSW_a0.85_b3_p256,"M=32 efC=200 ef=20 alpha=0.85 beta=3 q=u8 seedT=8 seedH=8 seedS=4 pat=256",64,0.9182664756,0.9681,415.7936,2.1825,0.0000,0.028463,"0.028571;0.028463;0.028279",4.077794,245230.65,,12.81,0,6980,10,True,nid006971,57248608
SparseHNSW_a0.85_b3_p256,"M=32 efC=200 ef=50 alpha=0.85 beta=3 q=u8 seedT=8 seedH=8 seedS=4 pat=256",64,0.9359742120,0.9768,415.7936,2.1825,0.0000,0.039192,"0.039303;0.039147;0.039192",5.614900,178097.57,,12.81,0,6980,10,True,nid006971,57248608
SparseHNSW_a0.85_b3_p256,"M=32 efC=200 ef=100 alpha=0.85 beta=3 q=u8 seedT=8 seedH=8 seedS=4 pat=256",64,0.9601575931,0.9908,415.7936,2.1825,0.0000,0.068567,"0.069003;0.068567;0.068441",9.823352,101798.24,,12.81,0,6980,10,True,nid006971,57248608
SparseHNSW_a0.85_b3_p256,"M=32 efC=200 ef=200 alpha=0.85 beta=3 q=u8 seedT=8 seedH=8 seedS=4 pat=256",64,0.9720200573,0.9957,415.7936,2.1825,0.0000,0.119858,"0.118244;0.120639;0.119858",17.171633,58235.58,,12.81,0,6980,10,True,nid006971,57248608
SparseHNSW_a0.85_b3_p256,"M=32 efC=200 ef=400 alpha=0.85 beta=3 q=u8 seedT=8 seedH=8 seedS=4 pat=256",64,0.9787392550,0.9986,415.7936,2.1825,0.0000,0.171888,"0.171556;0.171888;0.172277",24.625788,40607.84,,12.81,0,6980,10,True,nid006971,57248608
SparseHNSW_a0.85_b3_p256,"M=32 efC=200 ef=800 alpha=0.85 beta=3 q=u8 seedT=8 seedH=8 seedS=4 pat=256",64,0.9801002865,0.9989,415.7936,2.1825,0.0000,0.184693,"0.186058;0.184693;0.184330",26.460315,37792.44,,12.81,0,6980,10,True,nid006971,57248608
SparseHNSW_a0.85_b3_p256,"M=32 efC=200 ef=1600 alpha=0.85 beta=3 q=u8 seedT=8 seedH=8 seedS=4 pat=256",64,0.9801289398,0.9989,415.7936,2.1825,0.0000,0.188402,"0.188938;0.187468;0.188402",26.991691,37048.44,,12.81,0,6980,10,True,nid006971,57248608
SparseHNSW_a0.85_b3_p256,"M=32 efC=200 ef=3200 alpha=0.85 beta=3 q=u8 seedT=8 seedH=8 seedS=4 pat=256",64,0.9801289398,0.9989,415.7936,2.1825,0.0000,0.196879,"0.196827;0.197706;0.196879",28.206160,35453.25,,12.81,0,6980,10,True,nid006971,57248608
SparseHNSW_a0.85_b4_p256,"M=32 efC=200 ef=10 alpha=0.85 beta=4 q=u8 seedT=8 seedH=8 seedS=4 pat=256",64,0.9280802292,0.9725,415.7936,2.1825,0.0000,0.033836,"0.032808;0.033994;0.033836",4.847564,206289.16,,12.81,0,6980,10,True,nid006971,57248608
SparseHNSW_a0.85_b4_p256,"M=32 efC=200 ef=20 alpha=0.85 beta=4 q=u8 seedT=8 seedH=8 seedS=4 pat=256",64,0.9280802292,0.9725,415.7936,2.1825,0.0000,0.033398,"0.033546;0.033398;0.033365",4.784814,208994.55,,12.81,0,6980,10,True,nid006971,57248608
SparseHNSW_a0.85_b4_p256,"M=32 efC=200 ef=50 alpha=0.85 beta=4 q=u8 seedT=8 seedH=8 seedS=4 pat=256",64,0.9364326648,0.9768,415.7936,2.1825,0.0000,0.039587,"0.039624;0.039426;0.039587",5.671490,176320.51,,12.81,0,6980,10,True,nid006971,57248608
SparseHNSW_a0.85_b4_p256,"M=32 efC=200 ef=100 alpha=0.85 beta=4 q=u8 seedT=8 seedH=8 seedS=4 pat=256",64,0.9607593123,0.9908,415.7936,2.1825,0.0000,0.068996,"0.068996;0.068532;0.069315",9.884814,101165.28,,12.81,0,6980,10,True,nid006971,57248608
SparseHNSW_a0.85_b4_p256,"M=32 efC=200 ef=200 alpha=0.85 beta=4 q=u8 seedT=8 seedH=8 seedS=4 pat=256",64,0.9726790831,0.9957,415.7936,2.1825,0.0000,0.120303,"0.120303;0.119845;0.120904",17.235387,58020.17,,12.81,0,6980,10,True,nid006971,57248608
SparseHNSW_a0.85_b4_p256,"M=32 efC=200 ef=400 alpha=0.85 beta=4 q=u8 seedT=8 seedH=8 seedS=4 pat=256",64,0.9795558739,0.9986,415.7936,2.1825,0.0000,0.177580,"0.177580;0.177046;0.177967",25.441261,39306.23,,12.81,0,6980,10,True,nid006971,57248608
SparseHNSW_a0.85_b4_p256,"M=32 efC=200 ef=800 alpha=0.85 beta=4 q=u8 seedT=8 seedH=8 seedS=4 pat=256",64,0.9813323782,0.9989,415.7936,2.1825,0.0000,0.197057,"0.197403;0.195682;0.197057",28.231662,35421.22,,12.81,0,6980,10,True,nid006971,57248608
SparseHNSW_a0.85_b4_p256,"M=32 efC=200 ef=1600 alpha=0.85 beta=4 q=u8 seedT=8 seedH=8 seedS=4 pat=256",64,0.9814183381,0.9989,415.7936,2.1825,0.0000,0.202313,"0.201848;0.202313;0.202358",28.984670,34501.00,,12.81,0,6980,10,True,nid006971,57248608
SparseHNSW_a0.85_b4_p256,"M=32 efC=200 ef=3200 alpha=0.85 beta=4 q=u8 seedT=8 seedH=8 seedS=4 pat=256",64,0.9814183381,0.9989,415.7936,2.1825,0.0000,0.209584,"0.209584;0.210459;0.209444",30.026361,33304.07,,12.81,0,6980,10,True,nid006971,57248608
SparseHNSW_a0.85_b5_p256,"M=32 efC=200 ef=10 alpha=0.85 beta=5 q=u8 seedT=8 seedH=8 seedS=4 pat=256",64,0.9364899713,0.9768,415.7936,2.1825,0.0000,0.040539,"0.040306;0.040698;0.040539",5.807880,172179.88,,12.81,0,6980,10,True,nid006971,57248608
SparseHNSW_a0.85_b5_p256,"M=32 efC=200 ef=20 alpha=0.85 beta=5 q=u8 seedT=8 seedH=8 seedS=4 pat=256",64,0.9364899713,0.9768,415.7936,2.1825,0.0000,0.040164,"0.040121;0.040214;0.040164",5.754155,173787.47,,12.81,0,6980,10,True,nid006971,57248608
SparseHNSW_a0.85_b5_p256,"M=32 efC=200 ef=50 alpha=0.85 beta=5 q=u8 seedT=8 seedH=8 seedS=4 pat=256",64,0.9364899713,0.9768,415.7936,2.1825,0.0000,0.040084,"0.040136;0.040084;0.039896",5.742693,174134.32,,12.81,0,6980,10,True,nid006971,57248608
SparseHNSW_a0.85_b5_p256,"M=32 efC=200 ef=100 alpha=0.85 beta=5 q=u8 seedT=8 seedH=8 seedS=4 pat=256",64,0.9608739255,0.9908,415.7936,2.1825,0.0000,0.068801,"0.068801;0.068692;0.069521",9.856877,101452.01,,12.81,0,6980,10,True,nid006971,57248608
SparseHNSW_a0.85_b5_p256,"M=32 efC=200 ef=200 alpha=0.85 beta=5 q=u8 seedT=8 seedH=8 seedS=4 pat=256",64,0.9727936963,0.9957,415.7936,2.1825,0.0000,0.120407,"0.121454;0.118541;0.120407",17.250287,57970.05,,12.81,0,6980,10,True,nid006971,57248608
SparseHNSW_a0.85_b5_p256,"M=32 efC=200 ef=400 alpha=0.85 beta=5 q=u8 seedT=8 seedH=8 seedS=4 pat=256",64,0.9797707736,0.9986,415.7936,2.1825,0.0000,0.182126,"0.182227;0.182126;0.181354",26.092550,38325.12,,12.81,0,6980,10,True,nid006971,57248608
SparseHNSW_a0.85_b5_p256,"M=32 efC=200 ef=800 alpha=0.85 beta=5 q=u8 seedT=8 seedH=8 seedS=4 pat=256",64,0.9818051576,0.9989,415.7936,2.1825,0.0000,0.205777,"0.205311;0.205865;0.205777",29.480946,33920.21,,12.81,0,6980,10,True,nid006971,57248608
SparseHNSW_a0.85_b5_p256,"M=32 efC=200 ef=1600 alpha=0.85 beta=5 q=u8 seedT=8 seedH=8 seedS=4 pat=256",64,0.9819914040,0.9989,415.7936,2.1825,0.0000,0.213118,"0.213785;0.212975;0.213118",30.532665,32751.81,,12.81,0,6980,10,True,nid006971,57248608
SparseHNSW_a0.85_b5_p256,"M=32 efC=200 ef=3200 alpha=0.85 beta=5 q=u8 seedT=8 seedH=8 seedS=4 pat=256",64,0.9819914040,0.9989,415.7936,2.1825,0.0000,0.222535,"0.222261;0.222649;0.222535",31.881805,31365.85,,12.81,0,6980,10,True,nid006971,57248608
SparseHNSW_a0.85_b6_p256,"M=32 efC=200 ef=10 alpha=0.85 beta=6 q=u8 seedT=8 seedH=8 seedS=4 pat=256",64,0.9441547278,0.9809,415.7936,2.1825,0.0000,0.046953,"0.046300;0.046953;0.047130",6.726791,148659.30,,12.81,0,6980,10,True,nid006971,57248608
SparseHNSW_a0.85_b6_p256,"M=32 efC=200 ef=20 alpha=0.85 beta=6 q=u8 seedT=8 seedH=8 seedS=4 pat=256",64,0.9441547278,0.9809,415.7936,2.1825,0.0000,0.046622,"0.046640;0.046559;0.046622",6.679370,149714.73,,12.81,0,6980,10,True,nid006971,57248608
SparseHNSW_a0.85_b6_p256,"M=32 efC=200 ef=50 alpha=0.85 beta=6 q=u8 seedT=8 seedH=8 seedS=4 pat=256",64,0.9441547278,0.9809,415.7936,2.1825,0.0000,0.046439,"0.046425;0.046512;0.046439",6.653152,150304.70,,12.81,0,6980,10,True,nid006971,57248608
SparseHNSW_a0.85_b6_p256,"M=32 efC=200 ef=100 alpha=0.85 beta=6 q=u8 seedT=8 seedH=8 seedS=4 pat=256",64,0.9608882521,0.9908,415.7936,2.1825,0.0000,0.069471,"0.069471;0.069680;0.069232",9.952865,100473.58,,12.81,0,6980,10,True,nid006971,57248608
SparseHNSW_a0.85_b6_p256,"M=32 efC=200 ef=200 alpha=0.85 beta=6 q=u8 seedT=8 seedH=8 seedS=4 pat=256",64,0.9728080229,0.9957,415.7936,2.1825,0.0000,0.120022,"0.120022;0.120422;0.119572",17.195129,58156.00,,12.81,0,6980,10,True,nid006971,57248608
SparseHNSW_a0.85_b6_p256,"M=32 efC=200 ef=400 alpha=0.85 beta=6 q=u8 seedT=8 seedH=8 seedS=4 pat=256",64,0.9799283668,0.9986,415.7936,2.1825,0.0000,0.187513,"0.187892;0.186872;0.187513",26.864327,37224.09,,12.81,0,6980,10,True,nid006971,57248608
SparseHNSW_a0.85_b6_p256,"M=32 efC=200 ef=800 alpha=0.85 beta=6 q=u8 seedT=8 seedH=8 seedS=4 pat=256",64,0.9822063037,0.9990,415.7936,2.1825,0.0000,0.216935,"0.216935;0.216806;0.217067",31.079513,32175.54,,12.81,0,6980,10,True,nid006971,57248608
SparseHNSW_a0.85_b6_p256,"M=32 efC=200 ef=1600 alpha=0.85 beta=6 q=u8 seedT=8 seedH=8 seedS=4 pat=256",64,0.9825071633,0.9990,415.7936,2.1825,0.0000,0.225257,"0.225130;0.225257;0.226458",32.271777,30986.83,,12.81,0,6980,10,True,nid006971,57248608
SparseHNSW_a0.85_b6_p256,"M=32 efC=200 ef=3200 alpha=0.85 beta=6 q=u8 seedT=8 seedH=8 seedS=4 pat=256",64,0.9825071633,0.9990,415.7936,2.1825,0.0000,0.234100,"0.234100;0.236498;0.233861",33.538682,29816.32,,12.81,0,6980,10,True,nid006971,57248608
SparseHNSW_a0.85_b8_p256,"M=32 efC=200 ef=10 alpha=0.85 beta=8 q=u8 seedT=8 seedH=8 seedS=4 pat=256",64,0.9537965616,0.9867,415.7936,2.1825,0.0000,0.058827,"0.057969;0.059522;0.058827",8.427937,118653.00,,12.81,0,6980,10,True,nid006971,57248608
SparseHNSW_a0.85_b8_p256,"M=32 efC=200 ef=20 alpha=0.85 beta=8 q=u8 seedT=8 seedH=8 seedS=4 pat=256",64,0.9537965616,0.9867,415.7936,2.1825,0.0000,0.058893,"0.058739;0.058893;0.059398",8.437393,118520.03,,12.81,0,6980,10,True,nid006971,57248608
SparseHNSW_a0.85_b8_p256,"M=32 efC=200 ef=50 alpha=0.85 beta=8 q=u8 seedT=8 seedH=8 seedS=4 pat=256",64,0.9537965616,0.9867,415.7936,2.1825,0.0000,0.059021,"0.059021;0.058967;0.059099",8.455731,118262.99,,12.81,0,6980,10,True,nid006971,57248608
SparseHNSW_a0.85_b8_p256,"M=32 efC=200 ef=100 alpha=0.85 beta=8 q=u8 seedT=8 seedH=8 seedS=4 pat=256",64,0.9609312321,0.9908,415.7936,2.1825,0.0000,0.070404,"0.070444;0.070130;0.070404",10.086533,99142.09,,12.81,0,6980,10,True,nid006971,57248608
SparseHNSW_a0.85_b8_p256,"M=32 efC=200 ef=200 alpha=0.85 beta=8 q=u8 seedT=8 seedH=8 seedS=4 pat=256",64,0.9728653295,0.9957,415.7936,2.1825,0.0000,0.121484,"0.121536;0.121484;0.118751",17.404585,57456.13,,12.81,0,6980,10,True,nid006971,57248608
SparseHNSW_a0.85_b8_p256,"M=32 efC=200 ef=400 alpha=0.85 beta=8 q=u8 seedT=8 seedH=8 seedS=4 pat=256",64,0.9801146132,0.9986,415.7936,2.1825,0.0000,0.193862,"0.193336;0.193891;0.193862",27.773926,36004.99,,12.81,0,6980,10,True,nid006971,57248608
SparseHNSW_a0.85_b8_p256,"M=32 efC=200 ef=800 alpha=0.85 beta=8 q=u8 seedT=8 seedH=8 seedS=4 pat=256",64,0.9825644699,0.9990,415.7936,2.1825,0.0000,0.235474,"0.235474;0.234605;0.235508",33.735530,29642.34,,12.81,0,6980,10,True,nid006971,57248608
SparseHNSW_a0.85_b8_p256,"M=32 efC=200 ef=1600 alpha=0.85 beta=8 q=u8 seedT=8 seedH=8 seedS=4 pat=256",64,0.9829512894,0.9990,415.7936,2.1825,0.0000,0.250257,"0.250195;0.250257;0.251068",35.853438,27891.33,,12.81,0,6980,10,True,nid006971,57248608
SparseHNSW_a0.85_b8_p256,"M=32 efC=200 ef=3200 alpha=0.85 beta=8 q=u8 seedT=8 seedH=8 seedS=4 pat=256",64,0.9829512894,0.9990,415.7936,2.1825,0.0000,0.259561,"0.259561;0.258688;0.261429",37.186390,26891.56,,12.81,0,6980,10,True,nid006971,57248608
SparseHNSW_a0.9_b1_p0,"M=32 efC=200 ef=10 alpha=0.9 beta=1 q=u8 seedT=8 seedH=8 seedS=4",64,0.8770630372,0.7298,472.9634,2.1764,0.0000,0.029296,"0.027196;0.029934;0.029296",4.197135,238257.78,,13.01,0,6980,10,True,nid006971,57248608
SparseHNSW_a0.9_b1_p0,"M=32 efC=200 ef=20 alpha=0.9 beta=1 q=u8 seedT=8 seedH=8 seedS=4",64,0.8770630372,0.7298,472.9634,2.1764,0.0000,0.028655,"0.028826;0.028655;0.028558",4.105301,243587.51,,13.01,0,6980,10,True,nid006971,57248608
SparseHNSW_a0.9_b1_p0,"M=32 efC=200 ef=50 alpha=0.9 beta=1 q=u8 seedT=8 seedH=8 seedS=4",64,0.8939684814,0.7521,472.9634,2.1764,0.0000,0.039785,"0.039785;0.039915;0.039742",5.699857,175443.01,,13.01,0,6980,10,True,nid006971,57248608
SparseHNSW_a0.9_b1_p0,"M=32 efC=200 ef=100 alpha=0.9 beta=1 q=u8 seedT=8 seedH=8 seedS=4",64,0.9145845272,0.7792,472.9634,2.1764,0.0000,0.071412,"0.071163;0.071478;0.071412",10.230946,97742.68,,13.01,0,6980,10,True,nid006971,57248608
SparseHNSW_a0.9_b1_p0,"M=32 efC=200 ef=200 alpha=0.9 beta=1 q=u8 seedT=8 seedH=8 seedS=4",64,0.9252435530,0.7925,472.9634,2.1764,0.0000,0.124418,"0.124405;0.124418;0.124801",17.824928,56101.21,,13.01,0,6980,10,True,nid006971,57248608
SparseHNSW_a0.9_b1_p0,"M=32 efC=200 ef=400 alpha=0.9 beta=1 q=u8 seedT=8 seedH=8 seedS=4",64,0.9324068768,0.8030,472.9634,2.1764,0.0000,0.211971,"0.210767;0.212830;0.211971",30.368338,32929.03,,13.01,0,6980,10,True,nid006971,57248608
SparseHNSW_a0.9_b1_p0,"M=32 efC=200 ef=800 alpha=0.9 beta=1 q=u8 seedT=8 seedH=8 seedS=4",64,0.9365472779,0.8102,472.9634,2.1764,0.0000,0.387002,"0.387002;0.387372;0.386875",55.444413,18036.08,,13.01,0,6980,10,True,nid006971,57248608
SparseHNSW_a0.9_b1_p0,"M=32 efC=200 ef=1600 alpha=0.9 beta=1 q=u8 seedT=8 seedH=8 seedS=4",64,0.9400000000,0.8155,472.9634,2.1764,0.0000,0.762551,"0.761680;0.764553;0.762551",109.247994,9153.49,,13.01,0,6980,10,True,nid006971,57248608
SparseHNSW_a0.9_b1_p0,"M=32 efC=200 ef=3200 alpha=0.9 beta=1 q=u8 seedT=8 seedH=8 seedS=4",64,0.9425501433,0.8213,472.9634,2.1764,0.0000,1.512999,"1.512999;1.512081;1.513587",216.762034,4613.35,,13.08,0,6980,10,True,nid006971,57248608
SparseHNSW_a0.9_b2_p0,"M=32 efC=200 ef=10 alpha=0.9 beta=2 q=u8 seedT=8 seedH=8 seedS=4",64,0.9159742120,0.9678,472.9634,2.1764,0.0000,0.029770,"0.029093;0.029908;0.029770",4.265043,234464.23,,13.08,0,6980,10,True,nid006971,57248608
SparseHNSW_a0.9_b2_p0,"M=32 efC=200 ef=20 alpha=0.9 beta=2 q=u8 seedT=8 seedH=8 seedS=4",64,0.9159742120,0.9678,472.9634,2.1764,0.0000,0.029113,"0.029281;0.029096;0.029113",4.170917,239755.44,,13.08,0,6980,10,True,nid006971,57248608
SparseHNSW_a0.9_b2_p0,"M=32 efC=200 ef=50 alpha=0.9 beta=2 q=u8 seedT=8 seedH=8 seedS=4",64,0.9351575931,0.9769,472.9634,2.1764,0.0000,0.040447,"0.040443;0.040475;0.040447",5.794699,172571.51,,13.08,0,6980,10,True,nid006971,57248608
SparseHNSW_a0.9_b2_p0,"M=32 efC=200 ef=100 alpha=0.9 beta=2 q=u8 seedT=8 seedH=8 seedS=4",64,0.9581232092,0.9887,472.9634,2.1764,0.0000,0.071619,"0.071619;0.071537;0.071636",10.260602,97460.17,,13.08,0,6980,10,True,nid006971,57248608
SparseHNSW_a0.9_b2_p0,"M=32 efC=200 ef=200 alpha=0.9 beta=2 q=u8 seedT=8 seedH=8 seedS=4",64,0.9703581662,0.9946,472.9634,2.1764,0.0000,0.124340,"0.124576;0.124340;0.123668",17.813754,56136.40,,13.08,0,6980,10,True,nid006971,57248608
SparseHNSW_a0.9_b2_p0,"M=32 efC=200 ef=400 alpha=0.9 beta=2 q=u8 seedT=8 seedH=8 seedS=4",64,0.9782664756,0.9977,472.9634,2.1764,0.0000,0.211540,"0.211540;0.211030;0.211565",30.306590,32996.12,,13.08,0,6980,10,True,nid006971,57248608
SparseHNSW_a0.9_b2_p0,"M=32 efC=200 ef=800 alpha=0.9 beta=2 q=u8 seedT=8 seedH=8 seedS=4",64,0.9829369628,0.9990,472.9634,2.1764,0.0000,0.385775,"0.386913;0.385595;0.385775",55.268625,18093.45,,13.08,0,6980,10,True,nid006971,57248608
SparseHNSW_a0.9_b2_p0,"M=32 efC=200 ef=1600 alpha=0.9 beta=2 q=u8 seedT=8 seedH=8 seedS=4",64,0.9870916905,0.9999,472.9634,2.1764,0.0000,0.765740,"0.765740;0.759622;0.765903",109.704871,9115.37,,13.08,0,6980,10,True,nid006971,57248608
SparseHNSW_a0.9_b2_p0,"M=32 efC=200 ef=3200 alpha=0.9 beta=2 q=u8 seedT=8 seedH=8 seedS=4",64,0.9899856734,1.0000,472.9634,2.1764,0.0000,1.512677,"1.516448;1.512677;1.512615",216.715903,4614.34,,13.08,0,6980,10,True,nid006971,57248608
SparseHNSW_a0.9_b3_p0,"M=32 efC=200 ef=10 alpha=0.9 beta=3 q=u8 seedT=8 seedH=8 seedS=4",64,0.9166189112,0.9678,472.9634,2.1764,0.0000,0.030006,"0.029169;0.030358;0.030006",4.298854,232620.14,,13.08,0,6980,10,True,nid006971,57248608
SparseHNSW_a0.9_b3_p0,"M=32 efC=200 ef=20 alpha=0.9 beta=3 q=u8 seedT=8 seedH=8 seedS=4",64,0.9166189112,0.9678,472.9634,2.1764,0.0000,0.029628,"0.029677;0.029628;0.029569",4.244699,235587.96,,13.08,0,6980,10,True,nid006971,57248608
SparseHNSW_a0.9_b3_p0,"M=32 efC=200 ef=50 alpha=0.9 beta=3 q=u8 seedT=8 seedH=8 seedS=4",64,0.9358309456,0.9769,472.9634,2.1764,0.0000,0.040795,"0.040907;0.040795;0.040685",5.844556,171099.40,,13.08,0,6980,10,True,nid006971,57248608
SparseHNSW_a0.9_b3_p0,"M=32 efC=200 ef=100 alpha=0.9 beta=3 q=u8 seedT=8 seedH=8 seedS=4",64,0.9588825215,0.9887,472.9634,2.1764,0.0000,0.071517,"0.071517;0.071321;0.071617",10.245989,97599.17,,13.08,0,6980,10,True,nid006971,57248608
SparseHNSW_a0.9_b3_p0,"M=32 efC=200 ef=200 alpha=0.9 beta=3 q=u8 seedT=8 seedH=8 seedS=4",64,0.9711891117,0.9946,472.9634,2.1764,0.0000,0.125062,"0.125273;0.125062;0.122710",17.917192,55812.32,,13.08,0,6980,10,True,nid006971,57248608
SparseHNSW_a0.9_b3_p0,"M=32 efC=200 ef=400 alpha=0.9 beta=3 q=u8 seedT=8 seedH=8 seedS=4",64,0.9791117479,0.9977,472.9634,2.1764,0.0000,0.213528,"0.213528;0.214337;0.213239",30.591404,32688.92,,13.08,0,6980,10,True,nid006971,57248608
SparseHNSW_a0.9_b3_p0,"M=32 efC=200 ef=800 alpha=0.9 beta=3 q=u8 seedT=8 seedH=8 seedS=4",64,0.9837822350,0.9990,472.9634,2.1764,0.0000,0.385677,"0.385677;0.384822;0.385900",55.254585,18098.05,,13.08,0,6980,10,True,nid006971,57248608
SparseHNSW_a0.9_b3_p0,"M=32 efC=200 ef=1600 alpha=0.9 beta=3 q=u8 seedT=8 seedH=8 seedS=4",64,0.9879512894,0.9999,472.9634,2.1764,0.0000,0.762994,"0.762994;0.766292;0.760645",109.311461,9148.17,,13.08,0,6980,10,True,nid006971,57248608
SparseHNSW_a0.9_b3_p0,"M=32 efC=200 ef=3200 alpha=0.9 beta=3 q=u8 seedT=8 seedH=8 seedS=4",64,0.9908452722,1.0000,472.9634,2.1764,0.0000,1.517912,"1.517912;1.513316;1.519281",217.465903,4598.42,,13.09,0,6980,10,True,nid006971,57248608
SparseHNSW_a0.9_b4_p0,"M=32 efC=200 ef=10 alpha=0.9 beta=4 q=u8 seedT=8 seedH=8 seedS=4",64,0.9266905444,0.9723,472.9634,2.1764,0.0000,0.035138,"0.034497;0.035486;0.035138",5.034097,198645.34,,13.09,0,6980,10,True,nid006971,57248608
SparseHNSW_a0.9_b4_p0,"M=32 efC=200 ef=20 alpha=0.9 beta=4 q=u8 seedT=8 seedH=8 seedS=4",64,0.9266905444,0.9723,472.9634,2.1764,0.0000,0.034715,"0.034735;0.034691;0.034715",4.973496,201065.82,,13.09,0,6980,10,True,nid006971,57248608
SparseHNSW_a0.9_b4_p0,"M=32 efC=200 ef=50 alpha=0.9 beta=4 q=u8 seedT=8 seedH=8 seedS=4",64,0.9359025788,0.9769,472.9634,2.1764,0.0000,0.041094,"0.040962;0.041159;0.041094",5.887393,169854.48,,13.09,0,6980,10,True,nid006971,57248608
SparseHNSW_a0.9_b4_p0,"M=32 efC=200 ef=100 alpha=0.9 beta=4 q=u8 seedT=8 seedH=8 seedS=4",64,0.9589828080,0.9887,472.9634,2.1764,0.0000,0.071966,"0.071966;0.072466;0.071758",10.310315,96990.25,,13.09,0,6980,10,True,nid006971,57248608
SparseHNSW_a0.9_b4_p0,"M=32 efC=200 ef=200 alpha=0.9 beta=4 q=u8 seedT=8 seedH=8 seedS=4",64,0.9713037249,0.9946,472.9634,2.1764,0.0000,0.123479,"0.123282;0.124376;0.123479",17.690401,56527.83,,13.09,0,6980,10,True,nid006971,57248608
SparseHNSW_a0.9_b4_p0,"M=32 efC=200 ef=400 alpha=0.9 beta=4 q=u8 seedT=8 seedH=8 seedS=4",64,0.9792550143,0.9977,472.9634,2.1764,0.0000,0.213306,"0.214505;0.211003;0.213306",30.559599,32722.94,,13.09,0,6980,10,True,nid006971,57248608
SparseHNSW_a0.9_b4_p0,"M=32 efC=200 ef=800 alpha=0.9 beta=4 q=u8 seedT=8 seedH=8 seedS=4",64,0.9839398281,0.9990,472.9634,2.1764,0.0000,0.385996,"0.386211;0.383718;0.385996",55.300287,18083.09,,13.09,0,6980,10,True,nid006971,57248608
SparseHNSW_a0.9_b4_p0,"M=32 efC=200 ef=1600 alpha=0.9 beta=4 q=u8 seedT=8 seedH=8 seedS=4",64,0.9881088825,0.9999,472.9634,2.1764,0.0000,0.762427,"0.764055;0.762427;0.761428",109.230229,9154.97,,13.09,0,6980,10,True,nid006971,57248608
SparseHNSW_a0.9_b4_p0,"M=32 efC=200 ef=3200 alpha=0.9 beta=4 q=u8 seedT=8 seedH=8 seedS=4",64,0.9910028653,1.0000,472.9634,2.1764,0.0000,1.511290,"1.511290;1.510343;1.515924",216.517192,4618.57,,13.09,0,6980,10,True,nid006971,57248608
SparseHNSW_a0.9_b5_p0,"M=32 efC=200 ef=10 alpha=0.9 beta=5 q=u8 seedT=8 seedH=8 seedS=4",64,0.9359025788,0.9769,472.9634,2.1764,0.0000,0.042023,"0.041751;0.042121;0.042023",6.020487,166099.52,,13.09,0,6980,10,True,nid006971,57248608
SparseHNSW_a0.9_b5_p0,"M=32 efC=200 ef=20 alpha=0.9 beta=5 q=u8 seedT=8 seedH=8 seedS=4",64,0.9359025788,0.9769,472.9634,2.1764,0.0000,0.041671,"0.041671;0.041725;0.041607",5.970057,167502.58,,13.09,0,6980,10,True,nid006971,57248608
SparseHNSW_a0.9_b5_p0,"M=32 efC=200 ef=50 alpha=0.9 beta=5 q=u8 seedT=8 seedH=8 seedS=4",64,0.9359025788,0.9769,472.9634,2.1764,0.0000,0.041329,"0.041585;0.041268;0.041329",5.921060,168888.67,,13.09,0,6980,10,True,nid006971,57248608
SparseHNSW_a0.9_b5_p0,"M=32 efC=200 ef=100 alpha=0.9 beta=5 q=u8 seedT=8 seedH=8 seedS=4",64,0.9589828080,0.9887,472.9634,2.1764,0.0000,0.072098,"0.072098;0.071562;0.072172",10.329226,96812.67,,13.09,0,6980,10,True,nid006971,57248608
SparseHNSW_a0.9_b5_p0,"M=32 efC=200 ef=200 alpha=0.9 beta=5 q=u8 seedT=8 seedH=8 seedS=4",64,0.9713037249,0.9946,472.9634,2.1764,0.0000,0.124947,"0.124721;0.126060;0.124947",17.900716,55863.69,,13.09,0,6980,10,True,nid006971,57248608
SparseHNSW_a0.9_b5_p0,"M=32 efC=200 ef=400 alpha=0.9 beta=5 q=u8 seedT=8 seedH=8 seedS=4",64,0.9792550143,0.9977,472.9634,2.1764,0.0000,0.213201,"0.213985;0.212354;0.213201",30.544556,32739.06,,13.09,0,6980,10,True,nid006971,57248608
SparseHNSW_a0.9_b5_p0,"M=32 efC=200 ef=800 alpha=0.9 beta=5 q=u8 seedT=8 seedH=8 seedS=4",64,0.9839398281,0.9990,472.9634,2.1764,0.0000,0.386284,"0.387057;0.385752;0.386284",55.341547,18069.61,,13.09,0,6980,10,True,nid006971,57248608
SparseHNSW_a0.9_b5_p0,"M=32 efC=200 ef=1600 alpha=0.9 beta=5 q=u8 seedT=8 seedH=8 seedS=4",64,0.9881088825,0.9999,472.9634,2.1764,0.0000,0.765298,"0.760498;0.765871;0.765298",109.641547,9120.63,,13.09,0,6980,10,True,nid006971,57248608
SparseHNSW_a0.9_b5_p0,"M=32 efC=200 ef=3200 alpha=0.9 beta=5 q=u8 seedT=8 seedH=8 seedS=4",64,0.9910028653,1.0000,472.9634,2.1764,0.0000,1.512289,"1.515066;1.512289;1.509445",216.660315,4615.52,,13.09,0,6980,10,True,nid006971,57248608
SparseHNSW_a0.9_b6_p0,"M=32 efC=200 ef=10 alpha=0.9 beta=6 q=u8 seedT=8 seedH=8 seedS=4",64,0.9419340974,0.9794,472.9634,2.1764,0.0000,0.048284,"0.048182;0.048284;0.048688",6.917479,144561.35,,13.09,0,6980,10,True,nid006971,57248608
SparseHNSW_a0.9_b6_p0,"M=32 efC=200 ef=20 alpha=0.9 beta=6 q=u8 seedT=8 seedH=8 seedS=4",64,0.9419340974,0.9794,472.9634,2.1764,0.0000,0.048228,"0.048228;0.048181;0.048238",6.909456,144729.20,,13.09,0,6980,10,True,nid006971,57248608
SparseHNSW_a0.9_b6_p0,"M=32 efC=200 ef=50 alpha=0.9 beta=6 q=u8 seedT=8 seedH=8 seedS=4",64,0.9419340974,0.9794,472.9634,2.1764,0.0000,0.047888,"0.047888;0.047908;0.047840",6.860745,145756.77,,13.09,0,6980,10,True,nid006971,57248608
SparseHNSW_a0.9_b6_p0,"M=32 efC=200 ef=100 alpha=0.9 beta=6 q=u8 seedT=8 seedH=8 seedS=4",64,0.9589828080,0.9887,472.9634,2.1764,0.0000,0.072277,"0.072486;0.072269;0.072277",10.354871,96572.91,,13.09,0,6980,10,True,nid006971,57248608
SparseHNSW_a0.9_b6_p0,"M=32 efC=200 ef=200 alpha=0.9 beta=6 q=u8 seedT=8 seedH=8 seedS=4",64,0.9713037249,0.9946,472.9634,2.1764,0.0000,0.124386,"0.124386;0.124268;0.124749",17.820344,56115.64,,13.09,0,6980,10,True,nid006971,57248608
SparseHNSW_a0.9_b6_p0,"M=32 efC=200 ef=400 alpha=0.9 beta=6 q=u8 seedT=8 seedH=8 seedS=4",64,0.9792550143,0.9977,472.9634,2.1764,0.0000,0.212464,"0.212464;0.210769;0.215537",30.438968,32852.62,,13.09,0,6980,10,True,nid006971,57248608
SparseHNSW_a0.9_b6_p0,"M=32 efC=200 ef=800 alpha=0.9 beta=6 q=u8 seedT=8 seedH=8 seedS=4",64,0.9839398281,0.9990,472.9634,2.1764,0.0000,0.387972,"0.388167;0.386521;0.387972",55.583381,17990.99,,13.09,0,6980,10,True,nid006971,57248608
SparseHNSW_a0.9_b6_p0,"M=32 efC=200 ef=1600 alpha=0.9 beta=6 q=u8 seedT=8 seedH=8 seedS=4",64,0.9881088825,0.9999,472.9634,2.1764,0.0000,0.762658,"0.762658;0.768563;0.762023",109.263324,9152.20,,13.09,0,6980,10,True,nid006971,57248608
SparseHNSW_a0.9_b6_p0,"M=32 efC=200 ef=3200 alpha=0.9 beta=6 q=u8 seedT=8 seedH=8 seedS=4",64,0.9910028653,1.0000,472.9634,2.1764,0.0000,1.516754,"1.516754;1.510776;1.518629",217.300000,4601.93,,13.09,0,6980,10,True,nid006971,57248608
SparseHNSW_a0.9_b8_p0,"M=32 efC=200 ef=10 alpha=0.9 beta=8 q=u8 seedT=8 seedH=8 seedS=4",64,0.9530515759,0.9854,472.9634,2.1764,0.0000,0.061481,"0.061481;0.061128;0.061605",8.808166,113531.01,,13.09,0,6980,10,True,nid006971,57248608
SparseHNSW_a0.9_b8_p0,"M=32 efC=200 ef=20 alpha=0.9 beta=8 q=u8 seedT=8 seedH=8 seedS=4",64,0.9530515759,0.9854,472.9634,2.1764,0.0000,0.061075,"0.061261;0.061075;0.060912",8.750000,114285.71,,13.09,0,6980,10,True,nid006971,57248608
SparseHNSW_a0.9_b8_p0,"M=32 efC=200 ef=50 alpha=0.9 beta=8 q=u8 seedT=8 seedH=8 seedS=4",64,0.9530515759,0.9854,472.9634,2.1764,0.0000,0.060938,"0.060938;0.060226;0.061130",8.730372,114542.65,,13.09,0,6980,10,True,nid006971,57248608
SparseHNSW_a0.9_b8_p0,"M=32 efC=200 ef=100 alpha=0.9 beta=8 q=u8 seedT=8 seedH=8 seedS=4",64,0.9589828080,0.9887,472.9634,2.1764,0.0000,0.073004,"0.073004;0.072341;0.073025",10.459026,95611.20,,13.09,0,6980,10,True,nid006971,57248608
SparseHNSW_a0.9_b8_p0,"M=32 efC=200 ef=200 alpha=0.9 beta=8 q=u8 seedT=8 seedH=8 seedS=4",64,0.9713037249,0.9946,472.9634,2.1764,0.0000,0.125253,"0.124902;0.125253;0.125861",17.944556,55727.21,,13.09,0,6980,10,True,nid006971,57248608
SparseHNSW_a0.9_b8_p0,"M=32 efC=200 ef=400 alpha=0.9 beta=8 q=u8 seedT=8 seedH=8 seedS=4",64,0.9792550143,0.9977,472.9634,2.1764,0.0000,0.215808,"0.215193;0.215808;0.216212",30.918052,32343.56,,13.09,0,6980,10,True,nid006971,57248608
SparseHNSW_a0.9_b8_p0,"M=32 efC=200 ef=800 alpha=0.9 beta=8 q=u8 seedT=8 seedH=8 seedS=4",64,0.9839398281,0.9990,472.9634,2.1764,0.0000,0.388124,"0.388124;0.387751;0.390627",55.605158,17983.94,,13.09,0,6980,10,True,nid006971,57248608
SparseHNSW_a0.9_b8_p0,"M=32 efC=200 ef=1600 alpha=0.9 beta=8 q=u8 seedT=8 seedH=8 seedS=4",64,0.9881088825,0.9999,472.9634,2.1764,0.0000,0.763451,"0.761090;0.763451;0.765335",109.376934,9142.70,,13.09,0,6980,10,True,nid006971,57248608
SparseHNSW_a0.9_b8_p0,"M=32 efC=200 ef=3200 alpha=0.9 beta=8 q=u8 seedT=8 seedH=8 seedS=4",64,0.9910028653,1.0000,472.9634,2.1764,0.0000,1.517610,"1.517610;1.513900;1.522632",217.422636,4599.34,,13.09,0,6980,10,True,nid006971,57248608
SparseHNSW_a0.9_b1_p64,"M=32 efC=200 ef=10 alpha=0.9 beta=1 q=u8 seedT=8 seedH=8 seedS=4 pat=64",64,0.8770630372,0.7298,472.9634,2.1764,0.0000,0.029094,"0.028199;0.029604;0.029094",4.168195,239912.01,,13.09,0,6980,10,True,nid006971,57248608
SparseHNSW_a0.9_b1_p64,"M=32 efC=200 ef=20 alpha=0.9 beta=1 q=u8 seedT=8 seedH=8 seedS=4 pat=64",64,0.8770630372,0.7298,472.9634,2.1764,0.0000,0.028610,"0.028617;0.028610;0.028512",4.098854,243970.64,,13.09,0,6980,10,True,nid006971,57248608
SparseHNSW_a0.9_b1_p64,"M=32 efC=200 ef=50 alpha=0.9 beta=1 q=u8 seedT=8 seedH=8 seedS=4 pat=64",64,0.8939684814,0.7521,472.9634,2.1764,0.0000,0.039766,"0.039827;0.039766;0.039453",5.697135,175526.83,,13.09,0,6980,10,True,nid006971,57248608
SparseHNSW_a0.9_b1_p64,"M=32 efC=200 ef=100 alpha=0.9 beta=1 q=u8 seedT=8 seedH=8 seedS=4 pat=64",64,0.9122492837,0.7758,472.9634,2.1764,0.0000,0.058481,"0.058739;0.058093;0.058481",8.378367,119355.00,,13.09,0,6980,10,True,nid006971,57248608
SparseHNSW_a0.9_b1_p64,"M=32 efC=200 ef=200 alpha=0.9 beta=1 q=u8 seedT=8 seedH=8 seedS=4 pat=64",64,0.9152005731,0.7783,472.9634,2.1764,0.0000,0.061853,"0.061853;0.061618;0.062252",8.861461,112848.20,,13.09,0,6980,10,True,nid006971,57248608
SparseHNSW_a0.9_b1_p64,"M=32 efC=200 ef=400 alpha=0.9 beta=1 q=u8 seedT=8 seedH=8 seedS=4 pat=64",64,0.9154584527,0.7785,472.9634,2.1764,0.0000,0.062925,"0.062750;0.062925;0.063077",9.015043,110925.71,,13.09,0,6980,10,True,nid006971,57248608
SparseHNSW_a0.9_b1_p64,"M=32 efC=200 ef=800 alpha=0.9 beta=1 q=u8 seedT=8 seedH=8 seedS=4 pat=64",64,0.9154584527,0.7785,472.9634,2.1764,0.0000,0.065765,"0.065765;0.065558;0.066159",9.421920,106135.48,,13.09,0,6980,10,True,nid006971,57248608
SparseHNSW_a0.9_b1_p64,"M=32 efC=200 ef=1600 alpha=0.9 beta=1 q=u8 seedT=8 seedH=8 seedS=4 pat=64",64,0.9154584527,0.7785,472.9634,2.1764,0.0000,0.069273,"0.068585;0.069425;0.069273",9.924499,100760.76,,13.09,0,6980,10,True,nid006971,57248608
SparseHNSW_a0.9_b1_p64,"M=32 efC=200 ef=3200 alpha=0.9 beta=1 q=u8 seedT=8 seedH=8 seedS=4 pat=64",64,0.9154584527,0.7785,472.9634,2.1764,0.0000,0.070671,"0.070472;0.070671;0.070989",10.124785,98767.53,,13.09,0,6980,10,True,nid006971,57248608
SparseHNSW_a0.9_b2_p64,"M=32 efC=200 ef=10 alpha=0.9 beta=2 q=u8 seedT=8 seedH=8 seedS=4 pat=64",64,0.9159742120,0.9678,472.9634,2.1764,0.0000,0.029616,"0.029870;0.029616;0.029386",4.242980,235683.41,,13.09,0,6980,10,True,nid006971,57248608
SparseHNSW_a0.9_b2_p64,"M=32 efC=200 ef=20 alpha=0.9 beta=2 q=u8 seedT=8 seedH=8 seedS=4 pat=64",64,0.9159742120,0.9678,472.9634,2.1764,0.0000,0.029069,"0.029130;0.029069;0.029065",4.164613,240118.34,,13.09,0,6980,10,True,nid006971,57248608
SparseHNSW_a0.9_b2_p64,"M=32 efC=200 ef=50 alpha=0.9 beta=2 q=u8 seedT=8 seedH=8 seedS=4 pat=64",64,0.9351575931,0.9769,472.9634,2.1764,0.0000,0.040279,"0.040271;0.040331;0.040279",5.770630,173291.29,,13.09,0,6980,10,True,nid006971,57248608
SparseHNSW_a0.9_b2_p64,"M=32 efC=200 ef=100 alpha=0.9 beta=2 q=u8 seedT=8 seedH=8 seedS=4 pat=64",64,0.9571776504,0.9884,472.9634,2.1764,0.0000,0.063893,"0.063893;0.064299;0.063675",9.153725,109245.14,,13.09,0,6980,10,True,nid006971,57248608
SparseHNSW_a0.9_b2_p64,"M=32 efC=200 ef=200 alpha=0.9 beta=2 q=u8 seedT=8 seedH=8 seedS=4 pat=64",64,0.9623065903,0.9915,472.9634,2.1764,0.0000,0.070900,"0.071079;0.070726;0.070900",10.157593,98448.52,,13.09,0,6980,10,True,nid006971,57248608
SparseHNSW_a0.9_b2_p64,"M=32 efC=200 ef=400 alpha=0.9 beta=2 q=u8 seedT=8 seedH=8 seedS=4 pat=64",64,0.9628796562,0.9920,472.9634,2.1764,0.0000,0.072791,"0.072442;0.073470;0.072791",10.428510,95890.98,,13.09,0,6980,10,True,nid006971,57248608
SparseHNSW_a0.9_b2_p64,"M=32 efC=200 ef=800 alpha=0.9 beta=2 q=u8 seedT=8 seedH=8 seedS=4 pat=64",64,0.9628796562,0.9920,472.9634,2.1764,0.0000,0.075788,"0.075483;0.075903;0.075788",10.857880,92099.01,,13.09,0,6980,10,True,nid006971,57248608
SparseHNSW_a0.9_b2_p64,"M=32 efC=200 ef=1600 alpha=0.9 beta=2 q=u8 seedT=8 seedH=8 seedS=4 pat=64",64,0.9628796562,0.9920,472.9634,2.1764,0.0000,0.079979,"0.079576;0.079979;0.080165",11.458309,87272.91,,13.09,0,6980,10,True,nid006971,57248608
SparseHNSW_a0.9_b2_p64,"M=32 efC=200 ef=3200 alpha=0.9 beta=2 q=u8 seedT=8 seedH=8 seedS=4 pat=64",64,0.9628796562,0.9920,472.9634,2.1764,0.0000,0.081533,"0.081699;0.081533;0.081292",11.680946,85609.51,,13.09,0,6980,10,True,nid006971,57248608
SparseHNSW_a0.9_b3_p64,"M=32 efC=200 ef=10 alpha=0.9 beta=3 q=u8 seedT=8 seedH=8 seedS=4 pat=64",64,0.9166189112,0.9678,472.9634,2.1764,0.0000,0.030011,"0.030353;0.030011;0.029860",4.299570,232581.39,,13.09,0,6980,10,True,nid006971,57248608
SparseHNSW_a0.9_b3_p64,"M=32 efC=200 ef=20 alpha=0.9 beta=3 q=u8 seedT=8 seedH=8 seedS=4 pat=64",64,0.9166189112,0.9678,472.9634,2.1764,0.0000,0.029454,"0.029522;0.029454;0.029435",4.219771,236979.70,,13.09,0,6980,10,True,nid006971,57248608
SparseHNSW_a0.9_b3_p64,"M=32 efC=200 ef=50 alpha=0.9 beta=3 q=u8 seedT=8 seedH=8 seedS=4 pat=64",64,0.9358309456,0.9769,472.9634,2.1764,0.0000,0.040610,"0.040661;0.040610;0.040520",5.818052,171878.85,,13.09,0,6980,10,True,nid006971,57248608
SparseHNSW_a0.9_b3_p64,"M=32 efC=200 ef=100 alpha=0.9 beta=3 q=u8 seedT=8 seedH=8 seedS=4 pat=64",64,0.9585530086,0.9885,472.9634,2.1764,0.0000,0.067996,"0.068024;0.067996;0.067709",9.741547,102653.10,,13.09,0,6980,10,True,nid006971,57248608
SparseHNSW_a0.9_b3_p64,"M=32 efC=200 ef=200 alpha=0.9 beta=3 q=u8 seedT=8 seedH=8 seedS=4 pat=64",64,0.9653438395,0.9923,472.9634,2.1764,0.0000,0.078692,"0.078596;0.078692;0.079331",11.273926,88700.25,,13.09,0,6980,10,True,nid006971,57248608
SparseHNSW_a0.9_b3_p64,"M=32 efC=200 ef=400 alpha=0.9 beta=3 q=u8 seedT=8 seedH=8 seedS=4 pat=64",64,0.9663753582,0.9928,472.9634,2.1764,0.0000,0.081473,"0.081156;0.081930;0.081473",11.672350,85672.55,,13.09,0,6980,10,True,nid006971,57248608
SparseHNSW_a0.9_b3_p64,"M=32 efC=200 ef=800 alpha=0.9 beta=3 q=u8 seedT=8 seedH=8 seedS=4 pat=64",64,0.9663753582,0.9928,472.9634,2.1764,0.0000,0.085023,"0.085412;0.085023;0.084438",12.180946,82095.43,,13.09,0,6980,10,True,nid006971,57248608
SparseHNSW_a0.9_b3_p64,"M=32 efC=200 ef=1600 alpha=0.9 beta=3 q=u8 seedT=8 seedH=8 seedS=4 pat=64",64,0.9663753582,0.9928,472.9634,2.1764,0.0000,0.088653,"0.088692;0.088653;0.088541",12.701003,78733.94,,13.09,0,6980,10,True,nid006971,57248608
SparseHNSW_a0.9_b3_p64,"M=32 efC=200 ef=3200 alpha=0.9 beta=3 q=u8 seedT=8 seedH=8 seedS=4 pat=64",64,0.9663753582,0.9928,472.9634,2.1764,0.0000,0.091858,"0.091156;0.091858;0.092288",13.160172,75986.85,,13.09,0,6980,10,True,nid006971,57248608
SparseHNSW_a0.9_b4_p64,"M=32 efC=200 ef=10 alpha=0.9 beta=4 q=u8 seedT=8 seedH=8 seedS=4 pat=64",64,0.9266905444,0.9723,472.9634,2.1764,0.0000,0.035182,"0.035377;0.035114;0.035182",5.040401,198396.91,,13.09,0,6980,10,True,nid006971,57248608
SparseHNSW_a0.9_b4_p64,"M=32 efC=200 ef=20 alpha=0.9 beta=4 q=u8 seedT=8 seedH=8 seedS=4 pat=64",64,0.9266905444,0.9723,472.9634,2.1764,0.0000,0.034815,"0.034919;0.034815;0.034690",4.987822,200488.30,,13.09,0,6980,10,True,nid006971,57248608
SparseHNSW_a0.9_b4_p64,"M=32 efC=200 ef=50 alpha=0.9 beta=4 q=u8 seedT=8 seedH=8 seedS=4 pat=64",64,0.9359025788,0.9769,472.9634,2.1764,0.0000,0.041012,"0.040979;0.041061;0.041012",5.875645,170194.09,,13.09,0,6980,10,True,nid006971,57248608
SparseHNSW_a0.9_b4_p64,"M=32 efC=200 ef=100 alpha=0.9 beta=4 q=u8 seedT=8 seedH=8 seedS=4 pat=64",64,0.9588825215,0.9887,472.9634,2.1764,0.0000,0.069963,"0.069784;0.069963;0.070949",10.023352,99767.02,,13.09,0,6980,10,True,nid006971,57248608
SparseHNSW_a0.9_b4_p64,"M=32 efC=200 ef=200 alpha=0.9 beta=4 q=u8 seedT=8 seedH=8 seedS=4 pat=64",64,0.9668194842,0.9926,472.9634,2.1764,0.0000,0.086182,"0.086331;0.085521;0.086182",12.346991,80991.39,,13.09,0,6980,10,True,nid006971,57248608
SparseHNSW_a0.9_b4_p64,"M=32 efC=200 ef=400 alpha=0.9 beta=4 q=u8 seedT=8 seedH=8 seedS=4 pat=64",64,0.9682091691,0.9934,472.9634,2.1764,0.0000,0.091000,"0.090375;0.091000;0.091582",13.037249,76703.30,,13.09,0,6980,10,True,nid006971,57248608
SparseHNSW_a0.9_b4_p64,"M=32 efC=200 ef=800 alpha=0.9 beta=4 q=u8 seedT=8 seedH=8 seedS=4 pat=64",64,0.9682091691,0.9934,472.9634,2.1764,0.0000,0.093700,"0.092988;0.093750;0.093700",13.424069,74493.06,,13.09,0,6980,10,True,nid006971,57248608
SparseHNSW_a0.9_b4_p64,"M=32 efC=200 ef=1600 alpha=0.9 beta=4 q=u8 seedT=8 seedH=8 seedS=4 pat=64",64,0.9682091691,0.9934,472.9634,2.1764,0.0000,0.096843,"0.096843;0.098347;0.096432",13.874355,72075.42,,13.09,0,6980,10,True,nid006971,57248608
SparseHNSW_a0.9_b4_p64,"M=32 efC=200 ef=3200 alpha=0.9 beta=4 q=u8 seedT=8 seedH=8 seedS=4 pat=64",64,0.9682091691,0.9934,472.9634,2.1764,0.0000,0.100048,"0.100048;0.099697;0.100491",14.333524,69766.51,,13.09,0,6980,10,True,nid006971,57248608
SparseHNSW_a0.9_b5_p64,"M=32 efC=200 ef=10 alpha=0.9 beta=5 q=u8 seedT=8 seedH=8 seedS=4 pat=64",64,0.9359025788,0.9769,472.9634,2.1764,0.0000,0.041626,"0.041626;0.042004;0.041595",5.963610,167683.66,,13.09,0,6980,10,True,nid006971,57248608
SparseHNSW_a0.9_b5_p64,"M=32 efC=200 ef=20 alpha=0.9 beta=5 q=u8 seedT=8 seedH=8 seedS=4 pat=64",64,0.9359025788,0.9769,472.9634,2.1764,0.0000,0.041398,"0.041520;0.041359;0.041398",5.930946,168607.18,,13.09,0,6980,10,True,nid006971,57248608
SparseHNSW_a0.9_b5_p64,"M=32 efC=200 ef=50 alpha=0.9 beta=5 q=u8 seedT=8 seedH=8 seedS=4 pat=64",64,0.9359025788,0.9769,472.9634,2.1764,0.0000,0.041201,"0.041236;0.041201;0.041117",5.902722,169413.36,,13.09,0,6980,10,True,nid006971,57248608
SparseHNSW_a0.9_b5_p64,"M=32 efC=200 ef=100 alpha=0.9 beta=5 q=u8 seedT=8 seedH=8 seedS=4 pat=64",64,0.9589828080,0.9887,472.9634,2.1764,0.0000,0.071823,"0.071823;0.071930;0.071453",10.289828,97183.35,,13.09,0,6980,10,True,nid006971,57248608
SparseHNSW_a0.9_b5_p64,"M=32 efC=200 ef=200 alpha=0.9 beta=5 q=u8 seedT=8 seedH=8 seedS=4 pat=64",64,0.9680085960,0.9931,472.9634,2.1764,0.0000,0.092774,"0.093037;0.092511;0.092774",13.291404,75236.60,,13.09,0,6980,10,True,nid006971,57248608
SparseHNSW_a0.9_b5_p64,"M=32 efC=200 ef=400 alpha=0.9 beta=5 q=u8 seedT=8 seedH=8 seedS=4 pat=64",64,0.9697277937,0.9941,472.9634,2.1764,0.0000,0.096779,"0.096779;0.096895;0.096762",13.865186,72123.08,,13.09,0,6980,10,True,nid006971,57248608
SparseHNSW_a0.9_b5_p64,"M=32 efC=200 ef=800 alpha=0.9 beta=5 q=u8 seedT=8 seedH=8 seedS=4 pat=64",64,0.9697277937,0.9941,472.9634,2.1764,0.0000,0.100048,"0.100048;0.099641;0.100954",14.333524,69766.51,,13.09,0,6980,10,True,nid006971,57248608
SparseHNSW_a0.9_b5_p64,"M=32 efC=200 ef=1600 alpha=0.9 beta=5 q=u8 seedT=8 seedH=8 seedS=4 pat=64",64,0.9697277937,0.9941,472.9634,2.1764,0.0000,0.103824,"0.103785;0.104790;0.103824",14.874499,67229.16,,13.09,0,6980,10,True,nid006971,57248608
SparseHNSW_a0.9_b5_p64,"M=32 efC=200 ef=3200 alpha=0.9 beta=5 q=u8 seedT=8 seedH=8 seedS=4 pat=64",64,0.9697277937,0.9941,472.9634,2.1764,0.0000,0.106944,"0.105667;0.106944;0.107323",15.321490,65267.80,,13.09,0,6980,10,True,nid006971,57248608
SparseHNSW_a0.9_b6_p64,"M=32 efC=200 ef=10 alpha=0.9 beta=6 q=u8 seedT=8 seedH=8 seedS=4 pat=64",64,0.9419340974,0.9794,472.9634,2.1764,0.0000,0.048552,"0.048552;0.048517;0.048590",6.955874,143763.39,,13.09,0,6980,10,True,nid006971,57248608
SparseHNSW_a0.9_b6_p64,"M=32 efC=200 ef=20 alpha=0.9 beta=6 q=u8 seedT=8 seedH=8 seedS=4 pat=64",64,0.9419340974,0.9794,472.9634,2.1764,0.0000,0.048044,"0.048079;0.047949;0.048044",6.883095,145283.49,,13.09,0,6980,10,True,nid006971,57248608
SparseHNSW_a0.9_b6_p64,"M=32 efC=200 ef=50 alpha=0.9 beta=6 q=u8 seedT=8 seedH=8 seedS=4 pat=64",64,0.9419340974,0.9794,472.9634,2.1764,0.0000,0.047854,"0.047854;0.047961;0.047639",6.855874,145860.33,,13.09,0,6980,10,True,nid006971,57248608
SparseHNSW_a0.9_b6_p64,"M=32 efC=200 ef=100 alpha=0.9 beta=6 q=u8 seedT=8 seedH=8 seedS=4 pat=64",64,0.9589828080,0.9887,472.9634,2.1764,0.0000,0.072149,"0.071778;0.072149;0.072401",10.336533,96744.24,,13.09,0,6980,10,True,nid006971,57248608
SparseHNSW_a0.9_b6_p64,"M=32 efC=200 ef=200 alpha=0.9 beta=6 q=u8 seedT=8 seedH=8 seedS=4 pat=64",64,0.9691117479,0.9936,472.9634,2.1764,0.0000,0.098968,"0.099501;0.098968;0.098091",14.178797,70527.85,,13.09,0,6980,10,True,nid006971,57248608
SparseHNSW_a0.9_b6_p64,"M=32 efC=200 ef=400 alpha=0.9 beta=6 q=u8 seedT=8 seedH=8 seedS=4 pat=64",64,0.9713610315,0.9950,472.9634,2.1764,0.0000,0.105176,"0.105425;0.103817;0.105176",15.068195,66364.95,,13.09,0,6980,10,True,nid006971,57248608
SparseHNSW_a0.9_b6_p64,"M=32 efC=200 ef=800 alpha=0.9 beta=6 q=u8 seedT=8 seedH=8 seedS=4 pat=64",64,0.9713610315,0.9950,472.9634,2.1764,0.0000,0.108136,"0.108136;0.106796;0.108996",15.492264,64548.35,,13.09,0,6980,10,True,nid006971,57248608
SparseHNSW_a0.9_b6_p64,"M=32 efC=200 ef=1600 alpha=0.9 beta=6 q=u8 seedT=8 seedH=8 seedS=4 pat=64",64,0.9713610315,0.9950,472.9634,2.1764,0.0000,0.110784,"0.110784;0.110693;0.111022",15.871633,63005.49,,13.09,0,6980,10,True,nid006971,57248608
SparseHNSW_a0.9_b6_p64,"M=32 efC=200 ef=3200 alpha=0.9 beta=6 q=u8 seedT=8 seedH=8 seedS=4 pat=64",64,0.9713610315,0.9950,472.9634,2.1764,0.0000,0.115324,"0.115420;0.115193;0.115324",16.522063,60525.13,,13.09,0,6980,10,True,nid006971,57248608
SparseHNSW_a0.9_b8_p64,"M=32 efC=200 ef=10 alpha=0.9 beta=8 q=u8 seedT=8 seedH=8 seedS=4 pat=64",64,0.9530515759,0.9854,472.9634,2.1764,0.0000,0.061307,"0.061833;0.061307;0.061104",8.783238,113853.23,,13.09,0,6980,10,True,nid006971,57248608
SparseHNSW_a0.9_b8_p64,"M=32 efC=200 ef=20 alpha=0.9 beta=8 q=u8 seedT=8 seedH=8 seedS=4 pat=64",64,0.9530515759,0.9854,472.9634,2.1764,0.0000,0.060684,"0.060684;0.061069;0.060593",8.693983,115022.08,,13.09,0,6980,10,True,nid006971,57248608
SparseHNSW_a0.9_b8_p64,"M=32 efC=200 ef=50 alpha=0.9 beta=8 q=u8 seedT=8 seedH=8 seedS=4 pat=64",64,0.9530515759,0.9854,472.9634,2.1764,0.0000,0.060727,"0.060727;0.060876;0.060215",8.700143,114940.64,,13.09,0,6980,10,True,nid006971,57248608
SparseHNSW_a0.9_b8_p64,"M=32 efC=200 ef=100 alpha=0.9 beta=8 q=u8 seedT=8 seedH=8 seedS=4 pat=64",64,0.9589828080,0.9887,472.9634,2.1764,0.0000,0.072739,"0.072739;0.072586;0.073114",10.421060,95959.53,,13.09,0,6980,10,True,nid006971,57248608
SparseHNSW_a0.9_b8_p64,"M=32 efC=200 ef=200 alpha=0.9 beta=8 q=u8 seedT=8 seedH=8 seedS=4 pat=64",64,0.9700000000,0.9938,472.9634,2.1764,0.0000,0.108925,"0.108925;0.108435;0.110237",15.605301,64080.79,,13.09,0,6980,10,True,nid006971,57248608
SparseHNSW_a0.9_b8_p64,"M=32 efC=200 ef=400 alpha=0.9 beta=8 q=u8 seedT=8 seedH=8 seedS=4 pat=64",64,0.9731232092,0.9956,472.9634,2.1764,0.0000,0.117488,"0.117488;0.117495;0.117184",16.832092,59410.32,,13.09,0,6980,10,True,nid006971,57248608
SparseHNSW_a0.9_b8_p64,"M=32 efC=200 ef=800 alpha=0.9 beta=8 q=u8 seedT=8 seedH=8 seedS=4 pat=64",64,0.9731661891,0.9956,472.9634,2.1764,0.0000,0.119843,"0.120858;0.119843;0.119831",17.169484,58242.87,,13.09,0,6980,10,True,nid006971,57248608
SparseHNSW_a0.9_b8_p64,"M=32 efC=200 ef=1600 alpha=0.9 beta=8 q=u8 seedT=8 seedH=8 seedS=4 pat=64",64,0.9731661891,0.9956,472.9634,2.1764,0.0000,0.124734,"0.124991;0.124734;0.124431",17.870201,55959.08,,13.09,0,6980,10,True,nid006971,57248608
SparseHNSW_a0.9_b8_p64,"M=32 efC=200 ef=3200 alpha=0.9 beta=8 q=u8 seedT=8 seedH=8 seedS=4 pat=64",64,0.9731661891,0.9956,472.9634,2.1764,0.0000,0.130157,"0.129695;0.130157;0.130260",18.647135,53627.54,,13.09,0,6980,10,True,nid006971,57248608
SparseHNSW_a0.9_b1_p128,"M=32 efC=200 ef=10 alpha=0.9 beta=1 q=u8 seedT=8 seedH=8 seedS=4 pat=128",64,0.8770630372,0.7298,472.9634,2.1764,0.0000,0.029337,"0.029337;0.029608;0.029094",4.203009,237924.80,,13.09,0,6980,10,True,nid006971,57248608
SparseHNSW_a0.9_b1_p128,"M=32 efC=200 ef=20 alpha=0.9 beta=1 q=u8 seedT=8 seedH=8 seedS=4 pat=128",64,0.8770630372,0.7298,472.9634,2.1764,0.0000,0.028599,"0.028630;0.028599;0.028543",4.097278,244064.48,,13.09,0,6980,10,True,nid006971,57248608
SparseHNSW_a0.9_b1_p128,"M=32 efC=200 ef=50 alpha=0.9 beta=1 q=u8 seedT=8 seedH=8 seedS=4 pat=128",64,0.8939684814,0.7521,472.9634,2.1764,0.0000,0.039690,"0.039587;0.039826;0.039690",5.686246,175862.94,,13.09,0,6980,10,True,nid006971,57248608
SparseHNSW_a0.9_b1_p128,"M=32 efC=200 ef=100 alpha=0.9 beta=1 q=u8 seedT=8 seedH=8 seedS=4 pat=128",64,0.9145845272,0.7792,472.9634,2.1764,0.0000,0.071139,"0.070914;0.071204;0.071139",10.191834,98117.77,,13.09,0,6980,10,True,nid006971,57248608
SparseHNSW_a0.9_b1_p128,"M=32 efC=200 ef=200 alpha=0.9 beta=1 q=u8 seedT=8 seedH=8 seedS=4 pat=128",64,0.9232664756,0.7890,472.9634,2.1764,0.0000,0.098530,"0.098164;0.099067;0.098530",14.116046,70841.37,,13.09,0,6980,10,True,nid006971,57248608
SparseHNSW_a0.9_b1_p128,"M=32 efC=200 ef=400 alpha=0.9 beta=1 q=u8 seedT=8 seedH=8 seedS=4 pat=128",64,0.9253295129,0.7914,472.9634,2.1764,0.0000,0.102862,"0.102576;0.102862;0.103908",14.736676,67857.91,,13.09,0,6980,10,True,nid006971,57248608
SparseHNSW_a0.9_b1_p128,"M=32 efC=200 ef=800 alpha=0.9 beta=1 q=u8 seedT=8 seedH=8 seedS=4 pat=128",64,0.9253295129,0.7914,472.9634,2.1764,0.0000,0.106254,"0.107788;0.106254;0.105001",15.222636,65691.64,,13.09,0,6980,10,True,nid006971,57248608
SparseHNSW_a0.9_b1_p128,"M=32 efC=200 ef=1600 alpha=0.9 beta=1 q=u8 seedT=8 seedH=8 seedS=4 pat=128",64,0.9253295129,0.7914,472.9634,2.1764,0.0000,0.108859,"0.108859;0.109968;0.108800",15.595845,64119.64,,13.09,0,6980,10,True,nid006971,57248608
SparseHNSW_a0.9_b1_p128,"M=32 efC=200 ef=3200 alpha=0.9 beta=1 q=u8 seedT=8 seedH=8 seedS=4 pat=128",64,0.9253295129,0.7914,472.9634,2.1764,0.0000,0.112244,"0.112244;0.112442;0.112211",16.080802,62185.95,,13.09,0,6980,10,True,nid006971,57248608
SparseHNSW_a0.9_b2_p128,"M=32 efC=200 ef=10 alpha=0.9 beta=2 q=u8 seedT=8 seedH=8 seedS=4 pat=128",64,0.9159742120,0.9678,472.9634,2.1764,0.0000,0.029926,"0.030186;0.029926;0.029553",4.287393,233242.00,,13.09,0,6980,10,True,nid006971,57248608
SparseHNSW_a0.9_b2_p128,"M=32 efC=200 ef=20 alpha=0.9 beta=2 q=u8 seedT=8 seedH=8 seedS=4 pat=128",64,0.9159742120,0.9678,472.9634,2.1764,0.0000,0.029161,"0.029345;0.029161;0.029051",4.177794,239360.79,,13.09,0,6980,10,True,nid006971,57248608
SparseHNSW_a0.9_b2_p128,"M=32 efC=200 ef=50 alpha=0.9 beta=2 q=u8 seedT=8 seedH=8 seedS=4 pat=128",64,0.9351575931,0.9769,472.9634,2.1764,0.0000,0.040328,"0.040328;0.040431;0.040216",5.777650,173080.74,,13.09,0,6980,10,True,nid006971,57248608
SparseHNSW_a0.9_b2_p128,"M=32 efC=200 ef=100 alpha=0.9 beta=2 q=u8 seedT=8 seedH=8 seedS=4 pat=128",64,0.9581232092,0.9887,472.9634,2.1764,0.0000,0.071290,"0.071096;0.071290;0.071504",10.213467,97909.95,,13.09,0,6980,10,True,nid006971,57248608
SparseHNSW_a0.9_b2_p128,"M=32 efC=200 ef=200 alpha=0.9 beta=2 q=u8 seedT=8 seedH=8 seedS=4 pat=128",64,0.9691977077,0.9940,472.9634,2.1764,0.0000,0.104641,"0.105020;0.104641;0.104295",14.991547,66704.26,,13.09,0,6980,10,True,nid006971,57248608
SparseHNSW_a0.9_b2_p128,"M=32 efC=200 ef=400 alpha=0.9 beta=2 q=u8 seedT=8 seedH=8 seedS=4 pat=128",64,0.9727077364,0.9961,472.9634,2.1764,0.0000,0.113178,"0.113220;0.113178;0.111868",16.214613,61672.76,,13.09,0,6980,10,True,nid006971,57248608
SparseHNSW_a0.9_b2_p128,"M=32 efC=200 ef=800 alpha=0.9 beta=2 q=u8 seedT=8 seedH=8 seedS=4 pat=128",64,0.9727220630,0.9961,472.9634,2.1764,0.0000,0.114517,"0.114517;0.114893;0.113021",16.406447,60951.65,,13.09,0,6980,10,True,nid006971,57248608
SparseHNSW_a0.9_b2_p128,"M=32 efC=200 ef=1600 alpha=0.9 beta=2 q=u8 seedT=8 seedH=8 seedS=4 pat=128",64,0.9727220630,0.9961,472.9634,2.1764,0.0000,0.118232,"0.117984;0.118232;0.118425",16.938682,59036.47,,13.09,0,6980,10,True,nid006971,57248608
SparseHNSW_a0.9_b2_p128,"M=32 efC=200 ef=3200 alpha=0.9 beta=2 q=u8 seedT=8 seedH=8 seedS=4 pat=128",64,0.9727220630,0.9961,472.9634,2.1764,0.0000,0.122452,"0.120982;0.122452;0.122482",17.543266,57001.93,,13.09,0,6980,10,True,nid006971,57248608
SparseHNSW_a0.9_b3_p128,"M=32 efC=200 ef=10 alpha=0.9 beta=3 q=u8 seedT=8 seedH=8 seedS=4 pat=128",64,0.9166189112,0.9678,472.9634,2.1764,0.0000,0.030070,"0.030219;0.030070;0.029875",4.308023,232125.04,,13.09,0,6980,10,True,nid006971,57248608
SparseHNSW_a0.9_b3_p128,"M=32 efC=200 ef=20 alpha=0.9 beta=3 q=u8 seedT=8 seedH=8 seedS=4 pat=128",64,0.9166189112,0.9678,472.9634,2.1764,0.0000,0.029463,"0.029536;0.029463;0.029307",4.221060,236907.31,,13.09,0,6980,10,True,nid006971,57248608
SparseHNSW_a0.9_b3_p128,"M=32 efC=200 ef=50 alpha=0.9 beta=3 q=u8 seedT=8 seedH=8 seedS=4 pat=128",64,0.9358309456,0.9769,472.9634,2.1764,0.0000,0.040708,"0.040792;0.040708;0.040612",5.832092,171465.07,,13.09,0,6980,10,True,nid006971,57248608
SparseHNSW_a0.9_b3_p128,"M=32 efC=200 ef=100 alpha=0.9 beta=3 q=u8 seedT=8 seedH=8 seedS=4 pat=128",64,0.9588825215,0.9887,472.9634,2.1764,0.0000,0.071103,"0.071103;0.071049;0.071673",10.186676,98167.45,,13.09,0,6980,10,True,nid006971,57248608
SparseHNSW_a0.9_b3_p128,"M=32 efC=200 ef=200 alpha=0.9 beta=3 q=u8 seedT=8 seedH=8 seedS=4 pat=128",64,0.9705157593,0.9944,472.9634,2.1764,0.0000,0.111174,"0.111404;0.111174;0.108748",15.927507,62784.46,,13.09,0,6980,10,True,nid006971,57248608
SparseHNSW_a0.9_b3_p128,"M=32 efC=200 ef=400 alpha=0.9 beta=3 q=u8 seedT=8 seedH=8 seedS=4 pat=128",64,0.9746848138,0.9967,472.9634,2.1764,0.0000,0.121624,"0.121731;0.121624;0.121579",17.424642,57389.99,,13.09,0,6980,10,True,nid006971,57248608
SparseHNSW_a0.9_b3_p128,"M=32 efC=200 ef=800 alpha=0.9 beta=3 q=u8 seedT=8 seedH=8 seedS=4 pat=128",64,0.9747851003,0.9967,472.9634,2.1764,0.0000,0.123952,"0.124399;0.123094;0.123952",17.758166,56312.12,,13.09,0,6980,10,True,nid006971,57248608
SparseHNSW_a0.9_b3_p128,"M=32 efC=200 ef=1600 alpha=0.9 beta=3 q=u8 seedT=8 seedH=8 seedS=4 pat=128",64,0.9747851003,0.9967,472.9634,2.1764,0.0000,0.127072,"0.127072;0.127513;0.126517",18.205158,54929.49,,13.09,0,6980,10,True,nid006971,57248608
SparseHNSW_a0.9_b3_p128,"M=32 efC=200 ef=3200 alpha=0.9 beta=3 q=u8 seedT=8 seedH=8 seedS=4 pat=128",64,0.9747851003,0.9967,472.9634,2.1764,0.0000,0.132030,"0.132271;0.131867;0.132030",18.915473,52866.77,,13.09,0,6980,10,True,nid006971,57248608
SparseHNSW_a0.9_b4_p128,"M=32 efC=200 ef=10 alpha=0.9 beta=4 q=u8 seedT=8 seedH=8 seedS=4 pat=128",64,0.9266905444,0.9723,472.9634,2.1764,0.0000,0.035100,"0.034846;0.035343;0.035100",5.028653,198860.40,,13.09,0,6980,10,True,nid006971,57248608
SparseHNSW_a0.9_b4_p128,"M=32 efC=200 ef=20 alpha=0.9 beta=4 q=u8 seedT=8 seedH=8 seedS=4 pat=128",64,0.9266905444,0.9723,472.9634,2.1764,0.0000,0.034764,"0.034779;0.034764;0.034625",4.980516,200782.42,,13.09,0,6980,10,True,nid006971,57248608
SparseHNSW_a0.9_b4_p128,"M=32 efC=200 ef=50 alpha=0.9 beta=4 q=u8 seedT=8 seedH=8 seedS=4 pat=128",64,0.9359025788,0.9769,472.9634,2.1764,0.0000,0.040809,"0.040809;0.040944;0.040779",5.846562,171040.70,,13.09,0,6980,10,True,nid006971,57248608
SparseHNSW_a0.9_b4_p128,"M=32 efC=200 ef=100 alpha=0.9 beta=4 q=u8 seedT=8 seedH=8 seedS=4 pat=128",64,0.9589828080,0.9887,472.9634,2.1764,0.0000,0.071565,"0.071552;0.071875;0.071565",10.252865,97533.71,,13.09,0,6980,10,True,nid006971,57248608
SparseHNSW_a0.9_b4_p128,"M=32 efC=200 ef=200 alpha=0.9 beta=4 q=u8 seedT=8 seedH=8 seedS=4 pat=128",64,0.9710315186,0.9946,472.9634,2.1764,0.0000,0.115797,"0.114601;0.116162;0.115797",16.589828,60277.90,,13.09,0,6980,10,True,nid006971,57248608
SparseHNSW_a0.9_b4_p128,"M=32 efC=200 ef=400 alpha=0.9 beta=4 q=u8 seedT=8 seedH=8 seedS=4 pat=128",64,0.9757020057,0.9968,472.9634,2.1764,0.0000,0.128935,"0.128280;0.129243;0.128935",18.472063,54135.80,,13.09,0,6980,10,True,nid006971,57248608
SparseHNSW_a0.9_b4_p128,"M=32 efC=200 ef=800 alpha=0.9 beta=4 q=u8 seedT=8 seedH=8 seedS=4 pat=128",64,0.9758739255,0.9968,472.9634,2.1764,0.0000,0.131770,"0.134172;0.131770;0.131765",18.878223,52971.09,,13.09,0,6980,10,True,nid006971,57248608
SparseHNSW_a0.9_b4_p128,"M=32 efC=200 ef=1600 alpha=0.9 beta=4 q=u8 seedT=8 seedH=8 seedS=4 pat=128",64,0.9758739255,0.9968,472.9634,2.1764,0.0000,0.137413,"0.137550;0.136471;0.137413",19.686676,50795.78,,13.09,0,6980,10,True,nid006971,57248608
SparseHNSW_a0.9_b4_p128,"M=32 efC=200 ef=3200 alpha=0.9 beta=4 q=u8 seedT=8 seedH=8 seedS=4 pat=128",64,0.9758739255,0.9968,472.9634,2.1764,0.0000,0.142550,"0.142550;0.143197;0.142030",20.422636,48965.28,,13.09,0,6980,10,True,nid006971,57248608
SparseHNSW_a0.9_b5_p128,"M=32 efC=200 ef=10 alpha=0.9 beta=5 q=u8 seedT=8 seedH=8 seedS=4 pat=128",64,0.9359025788,0.9769,472.9634,2.1764,0.0000,0.041721,"0.041737;0.041721;0.041599",5.977221,167301.84,,13.09,0,6980,10,True,nid006971,57248608
SparseHNSW_a0.9_b5_p128,"M=32 efC=200 ef=20 alpha=0.9 beta=5 q=u8 seedT=8 seedH=8 seedS=4 pat=128",64,0.9359025788,0.9769,472.9634,2.1764,0.0000,0.041454,"0.041476;0.041454;0.041347",5.938968,168379.41,,13.09,0,6980,10,True,nid006971,57248608
SparseHNSW_a0.9_b5_p128,"M=32 efC=200 ef=50 alpha=0.9 beta=5 q=u8 seedT=8 seedH=8 seedS=4 pat=128",64,0.9359025788,0.9769,472.9634,2.1764,0.0000,0.041262,"0.041262;0.041268;0.041207",5.911461,169162.91,,13.09,0,6980,10,True,nid006971,57248608
SparseHNSW_a0.9_b5_p128,"M=32 efC=200 ef=100 alpha=0.9 beta=5 q=u8 seedT=8 seedH=8 seedS=4 pat=128",64,0.9589828080,0.9887,472.9634,2.1764,0.0000,0.071949,"0.071468;0.071979;0.071949",10.307880,97013.16,,13.09,0,6980,10,True,nid006971,57248608
SparseHNSW_a0.9_b5_p128,"M=32 efC=200 ef=200 alpha=0.9 beta=5 q=u8 seedT=8 seedH=8 seedS=4 pat=128",64,0.9711604585,0.9946,472.9634,2.1764,0.0000,0.117941,"0.118383;0.117716;0.117941",16.896991,59182.13,,13.09,0,6980,10,True,nid006971,57248608
SparseHNSW_a0.9_b5_p128,"M=32 efC=200 ef=400 alpha=0.9 beta=5 q=u8 seedT=8 seedH=8 seedS=4 pat=128",64,0.9765759312,0.9971,472.9634,2.1764,0.0000,0.138232,"0.138272;0.135765;0.138232",19.804011,50494.82,,13.09,0,6980,10,True,nid006971,57248608
SparseHNSW_a0.9_b5_p128,"M=32 efC=200 ef=800 alpha=0.9 beta=5 q=u8 seedT=8 seedH=8 seedS=4 pat=128",64,0.9768338109,0.9971,472.9634,2.1764,0.0000,0.142769,"0.142906;0.142769;0.142015",20.454011,48890.17,,13.09,0,6980,10,True,nid006971,57248608
SparseHNSW_a0.9_b5_p128,"M=32 efC=200 ef=1600 alpha=0.9 beta=5 q=u8 seedT=8 seedH=8 seedS=4 pat=128",64,0.9768481375,0.9971,472.9634,2.1764,0.0000,0.145643,"0.146096;0.145643;0.145471",20.865759,47925.41,,13.09,0,6980,10,True,nid006971,57248608
SparseHNSW_a0.9_b5_p128,"M=32 efC=200 ef=3200 alpha=0.9 beta=5 q=u8 seedT=8 seedH=8 seedS=4 pat=128",64,0.9768481375,0.9971,472.9634,2.1764,0.0000,0.152488,"0.152659;0.152488;0.151916",21.846418,45774.09,,13.09,0,6980,10,True,nid006971,57248608
SparseHNSW_a0.9_b6_p128,"M=32 efC=200 ef=10 alpha=0.9 beta=6 q=u8 seedT=8 seedH=8 seedS=4 pat=128",64,0.9419340974,0.9794,472.9634,2.1764,0.0000,0.048379,"0.048435;0.048379;0.048262",6.931089,144277.48,,13.09,0,6980,10,True,nid006971,57248608
SparseHNSW_a0.9_b6_p128,"M=32 efC=200 ef=20 alpha=0.9 beta=6 q=u8 seedT=8 seedH=8 seedS=4 pat=128",64,0.9419340974,0.9794,472.9634,2.1764,0.0000,0.047982,"0.047977;0.047982;0.048014",6.874212,145471.22,,13.09,0,6980,10,True,nid006971,57248608
SparseHNSW_a0.9_b6_p128,"M=32 efC=200 ef=50 alpha=0.9 beta=6 q=u8 seedT=8 seedH=8 seedS=4 pat=128",64,0.9419340974,0.9794,472.9634,2.1764,0.0000,0.047875,"0.048064;0.047875;0.047694",6.858883,145796.34,,13.09,0,6980,10,True,nid006971,57248608
SparseHNSW_a0.9_b6_p128,"M=32 efC=200 ef=100 alpha=0.9 beta=6 q=u8 seedT=8 seedH=8 seedS=4 pat=128",64,0.9589828080,0.9887,472.9634,2.1764,0.0000,0.072081,"0.071858;0.072383;0.072081",10.326791,96835.50,,13.09,0,6980,10,True,nid006971,57248608
SparseHNSW_a0.9_b6_p128,"M=32 efC=200 ef=200 alpha=0.9 beta=6 q=u8 seedT=8 seedH=8 seedS=4 pat=128",64,0.9712750716,0.9946,472.9634,2.1764,0.0000,0.119711,"0.119296;0.119711;0.119913",17.150573,58307.09,,13.09,0,6980,10,True,nid006971,57248608
SparseHNSW_a0.9_b6_p128,"M=32 efC=200 ef=400 alpha=0.9 beta=6 q=u8 seedT=8 seedH=8 seedS=4 pat=128",64,0.9771346705,0.9973,472.9634,2.1764,0.0000,0.146644,"0.146482;0.147925;0.146644",21.009169,47598.27,,13.09,0,6980,10,True,nid006971,57248608
SparseHNSW_a0.9_b6_p128,"M=32 efC=200 ef=800 alpha=0.9 beta=6 q=u8 seedT=8 seedH=8 seedS=4 pat=128",64,0.9776074499,0.9973,472.9634,2.1764,0.0000,0.151634,"0.152915;0.150771;0.151634",21.724069,46031.89,,13.09,0,6980,10,True,nid006971,57248608
SparseHNSW_a0.9_b6_p128,"M=32 efC=200 ef=1600 alpha=0.9 beta=6 q=u8 seedT=8 seedH=8 seedS=4 pat=128",64,0.9776217765,0.9973,472.9634,2.1764,0.0000,0.154685,"0.153745;0.156315;0.154685",22.161175,45123.96,,13.09,0,6980,10,True,nid006971,57248608
SparseHNSW_a0.9_b6_p128,"M=32 efC=200 ef=3200 alpha=0.9 beta=6 q=u8 seedT=8 seedH=8 seedS=4 pat=128",64,0.9776217765,0.9973,472.9634,2.1764,0.0000,0.162621,"0.163326;0.162621;0.161704",23.298138,42921.89,,13.09,0,6980,10,True,nid006971,57248608
SparseHNSW_a0.9_b8_p128,"M=32 efC=200 ef=10 alpha=0.9 beta=8 q=u8 seedT=8 seedH=8 seedS=4 pat=128",64,0.9530515759,0.9854,472.9634,2.1764,0.0000,0.061114,"0.061114;0.061346;0.060916",8.755587,114212.78,,13.09,0,6980,10,True,nid006971,57248608
SparseHNSW_a0.9_b8_p128,"M=32 efC=200 ef=20 alpha=0.9 beta=8 q=u8 seedT=8 seedH=8 seedS=4 pat=128",64,0.9530515759,0.9854,472.9634,2.1764,0.0000,0.060921,"0.060921;0.061047;0.060559",8.727937,114574.61,,13.09,0,6980,10,True,nid006971,57248608
SparseHNSW_a0.9_b8_p128,"M=32 efC=200 ef=50 alpha=0.9 beta=8 q=u8 seedT=8 seedH=8 seedS=4 pat=128",64,0.9530515759,0.9854,472.9634,2.1764,0.0000,0.060630,"0.060696;0.060596;0.060630",8.686246,115124.53,,13.09,0,6980,10,True,nid006971,57248608
SparseHNSW_a0.9_b8_p128,"M=32 efC=200 ef=100 alpha=0.9 beta=8 q=u8 seedT=8 seedH=8 seedS=4 pat=128",64,0.9589828080,0.9887,472.9634,2.1764,0.0000,0.072600,"0.072560;0.072600;0.073205",10.401146,96143.25,,13.09,0,6980,10,True,nid006971,57248608
SparseHNSW_a0.9_b8_p128,"M=32 efC=200 ef=200 alpha=0.9 beta=8 q=u8 seedT=8 seedH=8 seedS=4 pat=128",64,0.9712893983,0.9946,472.9634,2.1764,0.0000,0.124721,"0.123781;0.124721;0.124947",17.868338,55964.91,,13.09,0,6980,10,True,nid006971,57248608
SparseHNSW_a0.9_b8_p128,"M=32 efC=200 ef=400 alpha=0.9 beta=8 q=u8 seedT=8 seedH=8 seedS=4 pat=128",64,0.9779226361,0.9977,472.9634,2.1764,0.0000,0.160083,"0.160083;0.160344;0.159932",22.934527,43602.38,,13.09,0,6980,10,True,nid006971,57248608
SparseHNSW_a0.9_b8_p128,"M=32 efC=200 ef=800 alpha=0.9 beta=8 q=u8 seedT=8 seedH=8 seedS=4 pat=128",64,0.9785816619,0.9979,472.9634,2.1764,0.0000,0.170712,"0.168612;0.170712;0.172350",24.457307,40887.58,,13.09,0,6980,10,True,nid006971,57248608
SparseHNSW_a0.9_b8_p128,"M=32 efC=200 ef=1600 alpha=0.9 beta=8 q=u8 seedT=8 seedH=8 seedS=4 pat=128",64,0.9786819484,0.9979,472.9634,2.1764,0.0000,0.174339,"0.174339;0.173342;0.175178",24.976934,40036.94,,13.09,0,6980,10,True,nid006971,57248608
SparseHNSW_a0.9_b8_p128,"M=32 efC=200 ef=3200 alpha=0.9 beta=8 q=u8 seedT=8 seedH=8 seedS=4 pat=128",64,0.9786819484,0.9979,472.9634,2.1764,0.0000,0.183912,"0.183912;0.184306;0.183709",26.348424,37952.93,,13.09,0,6980,10,True,nid006971,57248608
SparseHNSW_a0.9_b1_p256,"M=32 efC=200 ef=10 alpha=0.9 beta=1 q=u8 seedT=8 seedH=8 seedS=4 pat=256",64,0.8770630372,0.7298,472.9634,2.1764,0.0000,0.029052,"0.028484;0.029652;0.029052",4.162178,240258.85,,13.09,0,6980,10,True,nid006971,57248608
SparseHNSW_a0.9_b1_p256,"M=32 efC=200 ef=20 alpha=0.9 beta=1 q=u8 seedT=8 seedH=8 seedS=4 pat=256",64,0.8770630372,0.7298,472.9634,2.1764,0.0000,0.028499,"0.028675;0.028499;0.028472",4.082951,244920.87,,13.09,0,6980,10,True,nid006971,57248608
SparseHNSW_a0.9_b1_p256,"M=32 efC=200 ef=50 alpha=0.9 beta=1 q=u8 seedT=8 seedH=8 seedS=4 pat=256",64,0.8939684814,0.7521,472.9634,2.1764,0.0000,0.039807,"0.039934;0.039807;0.039674",5.703009,175346.04,,13.09,0,6980,10,True,nid006971,57248608
SparseHNSW_a0.9_b1_p256,"M=32 efC=200 ef=100 alpha=0.9 beta=1 q=u8 seedT=8 seedH=8 seedS=4 pat=256",64,0.9145845272,0.7792,472.9634,2.1764,0.0000,0.070668,"0.070563;0.070668;0.070993",10.124355,98771.72,,13.09,0,6980,10,True,nid006971,57248608
SparseHNSW_a0.9_b1_p256,"M=32 efC=200 ef=200 alpha=0.9 beta=1 q=u8 seedT=8 seedH=8 seedS=4 pat=256",64,0.9252435530,0.7925,472.9634,2.1764,0.0000,0.124387,"0.124387;0.122968;0.126242",17.820487,56115.19,,13.09,0,6980,10,True,nid006971,57248608
SparseHNSW_a0.9_b1_p256,"M=32 efC=200 ef=400 alpha=0.9 beta=1 q=u8 seedT=8 seedH=8 seedS=4 pat=256",64,0.9308309456,0.8003,472.9634,2.1764,0.0000,0.164144,"0.164144;0.164330;0.162923",23.516332,42523.64,,13.09,0,6980,10,True,nid006971,57248608
SparseHNSW_a0.9_b1_p256,"M=32 efC=200 ef=800 alpha=0.9 beta=1 q=u8 seedT=8 seedH=8 seedS=4 pat=256",64,0.9313037249,0.8011,472.9634,2.1764,0.0000,0.166287,"0.166001;0.166287;0.167944",23.823352,41975.62,,13.09,0,6980,10,True,nid006971,57248608
SparseHNSW_a0.9_b1_p256,"M=32 efC=200 ef=1600 alpha=0.9 beta=1 q=u8 seedT=8 seedH=8 seedS=4 pat=256",64,0.9313037249,0.8011,472.9634,2.1764,0.0000,0.170925,"0.170925;0.171838;0.170751",24.487822,40836.62,,13.09,0,6980,10,True,nid006971,57248608
SparseHNSW_a0.9_b1_p256,"M=32 efC=200 ef=3200 alpha=0.9 beta=1 q=u8 seedT=8 seedH=8 seedS=4 pat=256",64,0.9313037249,0.8011,472.9634,2.1764,0.0000,0.181238,"0.181238;0.181425;0.180658",25.965330,38512.89,,13.09,0,6980,10,True,nid006971,57248608
SparseHNSW_a0.9_b2_p256,"M=32 efC=200 ef=10 alpha=0.9 beta=2 q=u8 seedT=8 seedH=8 seedS=4 pat=256",64,0.9159742120,0.9678,472.9634,2.1764,0.0000,0.029624,"0.029399;0.030075;0.029624",4.244126,235619.77,,13.09,0,6980,10,True,nid006971,57248608
SparseHNSW_a0.9_b2_p256,"M=32 efC=200 ef=20 alpha=0.9 beta=2 q=u8 seedT=8 seedH=8 seedS=4 pat=256",64,0.9159742120,0.9678,472.9634,2.1764,0.0000,0.029234,"0.029316;0.029234;0.029057",4.188252,238763.08,,13.09,0,6980,10,True,nid006971,57248608
SparseHNSW_a0.9_b2_p256,"M=32 efC=200 ef=50 alpha=0.9 beta=2 q=u8 seedT=8 seedH=8 seedS=4 pat=256",64,0.9351575931,0.9769,472.9634,2.1764,0.0000,0.040441,"0.040425;0.040471;0.040441",5.793840,172597.12,,13.09,0,6980,10,True,nid006971,57248608
SparseHNSW_a0.9_b2_p256,"M=32 efC=200 ef=100 alpha=0.9 beta=2 q=u8 seedT=8 seedH=8 seedS=4 pat=256",64,0.9581232092,0.9887,472.9634,2.1764,0.0000,0.071252,"0.071206;0.071252;0.071300",10.208023,97962.16,,13.09,0,6980,10,True,nid006971,57248608
SparseHNSW_a0.9_b2_p256,"M=32 efC=200 ef=200 alpha=0.9 beta=2 q=u8 seedT=8 seedH=8 seedS=4 pat=256",64,0.9703581662,0.9946,472.9634,2.1764,0.0000,0.123776,"0.122851;0.124376;0.123776",17.732951,56392.19,,13.09,0,6980,10,True,nid006971,57248608
SparseHNSW_a0.9_b2_p256,"M=32 efC=200 ef=400 alpha=0.9 beta=2 q=u8 seedT=8 seedH=8 seedS=4 pat=256",64,0.9774785100,0.9976,472.9634,2.1764,0.0000,0.170921,"0.171358;0.170708;0.170921",24.487249,40837.58,,13.09,0,6980,10,True,nid006971,57248608
SparseHNSW_a0.9_b2_p256,"M=32 efC=200 ef=800 alpha=0.9 beta=2 q=u8 seedT=8 seedH=8 seedS=4 pat=256",64,0.9782664756,0.9979,472.9634,2.1764,0.0000,0.179750,"0.177977;0.180399;0.179750",25.752149,38831.71,,13.09,0,6980,10,True,nid006971,57248608
SparseHNSW_a0.9_b2_p256,"M=32 efC=200 ef=1600 alpha=0.9 beta=2 q=u8 seedT=8 seedH=8 seedS=4 pat=256",64,0.9782808023,0.9979,472.9634,2.1764,0.0000,0.183670,"0.183670;0.184088;0.182835",26.313754,38002.94,,13.09,0,6980,10,True,nid006971,57248608
SparseHNSW_a0.9_b2_p256,"M=32 efC=200 ef=3200 alpha=0.9 beta=2 q=u8 seedT=8 seedH=8 seedS=4 pat=256",64,0.9782808023,0.9979,472.9634,2.1764,0.0000,0.193830,"0.193830;0.193612;0.194114",27.769341,36010.94,,13.09,0,6980,10,True,nid006971,57248608
SparseHNSW_a0.9_b3_p256,"M=32 efC=200 ef=10 alpha=0.9 beta=3 q=u8 seedT=8 seedH=8 seedS=4 pat=256",64,0.9166189112,0.9678,472.9634,2.1764,0.0000,0.029975,"0.028849;0.030182;0.029975",4.294413,232860.72,,13.09,0,6980,10,True,nid006971,57248608
SparseHNSW_a0.9_b3_p256,"M=32 efC=200 ef=20 alpha=0.9 beta=3 q=u8 seedT=8 seedH=8 seedS=4 pat=256",64,0.9166189112,0.9678,472.9634,2.1764,0.0000,0.029520,"0.029573;0.029520;0.029434",4.229226,236449.86,,13.09,0,6980,10,True,nid006971,57248608
SparseHNSW_a0.9_b3_p256,"M=32 efC=200 ef=50 alpha=0.9 beta=3 q=u8 seedT=8 seedH=8 seedS=4 pat=256",64,0.9358309456,0.9769,472.9634,2.1764,0.0000,0.040674,"0.040721;0.040674;0.040364",5.827221,171608.40,,13.09,0,6980,10,True,nid006971,57248608
SparseHNSW_a0.9_b3_p256,"M=32 efC=200 ef=100 alpha=0.9 beta=3 q=u8 seedT=8 seedH=8 seedS=4 pat=256",64,0.9588825215,0.9887,472.9634,2.1764,0.0000,0.071572,"0.071512;0.071572;0.071615",10.253868,97524.17,,13.09,0,6980,10,True,nid006971,57248608
SparseHNSW_a0.9_b3_p256,"M=32 efC=200 ef=200 alpha=0.9 beta=3 q=u8 seedT=8 seedH=8 seedS=4 pat=256",64,0.9711891117,0.9946,472.9634,2.1764,0.0000,0.123725,"0.122680;0.123725;0.124398",17.725645,56415.44,,13.09,0,6980,10,True,nid006971,57248608
SparseHNSW_a0.9_b3_p256,"M=32 efC=200 ef=400 alpha=0.9 beta=3 q=u8 seedT=8 seedH=8 seedS=4 pat=256",64,0.9785816619,0.9977,472.9634,2.1764,0.0000,0.179980,"0.180631;0.179103;0.179980",25.785100,38782.09,,13.09,0,6980,10,True,nid006971,57248608
SparseHNSW_a0.9_b3_p256,"M=32 efC=200 ef=800 alpha=0.9 beta=3 q=u8 seedT=8 seedH=8 seedS=4 pat=256",64,0.9800429799,0.9981,472.9634,2.1764,0.0000,0.191415,"0.191415;0.188904;0.191973",27.423352,36465.27,,13.09,0,6980,10,True,nid006971,57248608
SparseHNSW_a0.9_b3_p256,"M=32 efC=200 ef=1600 alpha=0.9 beta=3 q=u8 seedT=8 seedH=8 seedS=4 pat=256",64,0.9800573066,0.9981,472.9634,2.1764,0.0000,0.196956,"0.195674;0.196956;0.197034",28.217192,35439.39,,13.09,0,6980,10,True,nid006971,57248608
SparseHNSW_a0.9_b3_p256,"M=32 efC=200 ef=3200 alpha=0.9 beta=3 q=u8 seedT=8 seedH=8 seedS=4 pat=256",64,0.9800573066,0.9981,472.9634,2.1764,0.0000,0.207513,"0.207513;0.207078;0.207547",29.729656,33636.45,,13.09,0,6980,10,True,nid006971,57248608
SparseHNSW_a0.9_b4_p256,"M=32 efC=200 ef=10 alpha=0.9 beta=4 q=u8 seedT=8 seedH=8 seedS=4 pat=256",64,0.9266905444,0.9723,472.9634,2.1764,0.0000,0.034955,"0.034249;0.035269;0.034955",5.007880,199685.31,,13.09,0,6980,10,True,nid006971,57248608
SparseHNSW_a0.9_b4_p256,"M=32 efC=200 ef=20 alpha=0.9 beta=4 q=u8 seedT=8 seedH=8 seedS=4 pat=256",64,0.9266905444,0.9723,472.9634,2.1764,0.0000,0.034682,"0.034893;0.034682;0.034637",4.968768,201257.14,,13.09,0,6980,10,True,nid006971,57248608
SparseHNSW_a0.9_b4_p256,"M=32 efC=200 ef=50 alpha=0.9 beta=4 q=u8 seedT=8 seedH=8 seedS=4 pat=256",64,0.9359025788,0.9769,472.9634,2.1764,0.0000,0.041016,"0.041065;0.041016;0.040909",5.876218,170177.49,,13.09,0,6980,10,True,nid006971,57248608
SparseHNSW_a0.9_b4_p256,"M=32 efC=200 ef=100 alpha=0.9 beta=4 q=u8 seedT=8 seedH=8 seedS=4 pat=256",64,0.9589828080,0.9887,472.9634,2.1764,0.0000,0.071985,"0.071985;0.071814;0.072008",10.313037,96964.65,,13.09,0,6980,10,True,nid006971,57248608
SparseHNSW_a0.9_b4_p256,"M=32 efC=200 ef=200 alpha=0.9 beta=4 q=u8 seedT=8 seedH=8 seedS=4 pat=256",64,0.9713037249,0.9946,472.9634,2.1764,0.0000,0.124659,"0.124659;0.124141;0.124981",17.859456,55992.75,,13.09,0,6980,10,True,nid006971,57248608
SparseHNSW_a0.9_b4_p256,"M=32 efC=200 ef=400 alpha=0.9 beta=4 q=u8 seedT=8 seedH=8 seedS=4 pat=256",64,0.9788825215,0.9977,472.9634,2.1764,0.0000,0.186869,"0.185972;0.186884;0.186869",26.772063,37352.37,,13.09,0,6980,10,True,nid006971,57248608
SparseHNSW_a0.9_b4_p256,"M=32 efC=200 ef=800 alpha=0.9 beta=4 q=u8 seedT=8 seedH=8 seedS=4 pat=256",64,0.9806446991,0.9983,472.9634,2.1764,0.0000,0.202764,"0.202843;0.202764;0.202177",29.049284,34424.26,,13.09,0,6980,10,True,nid006971,57248608
SparseHNSW_a0.9_b4_p256,"M=32 efC=200 ef=1600 alpha=0.9 beta=4 q=u8 seedT=8 seedH=8 seedS=4 pat=256",64,0.9807879656,0.9983,472.9634,2.1764,0.0000,0.208091,"0.207695;0.208975;0.208091",29.812464,33543.02,,13.09,0,6980,10,True,nid006971,57248608
SparseHNSW_a0.9_b4_p256,"M=32 efC=200 ef=3200 alpha=0.9 beta=4 q=u8 seedT=8 seedH=8 seedS=4 pat=256",64,0.9807879656,0.9983,472.9634,2.1764,0.0000,0.221271,"0.220811;0.221271;0.221545",31.700716,31545.03,,13.09,0,6980,10,True,nid006971,57248608
SparseHNSW_a0.9_b5_p256,"M=32 efC=200 ef=10 alpha=0.9 beta=5 q=u8 seedT=8 seedH=8 seedS=4 pat=256",64,0.9359025788,0.9769,472.9634,2.1764,0.0000,0.041800,"0.041800;0.041893;0.041599",5.988539,166985.65,,13.09,0,6980,10,True,nid006971,57248608
SparseHNSW_a0.9_b5_p256,"M=32 efC=200 ef=20 alpha=0.9 beta=5 q=u8 seedT=8 seedH=8 seedS=4 pat=256",64,0.9359025788,0.9769,472.9634,2.1764,0.0000,0.041273,"0.041392;0.041273;0.041188",5.913037,169117.83,,13.09,0,6980,10,True,nid006971,57248608
SparseHNSW_a0.9_b5_p256,"M=32 efC=200 ef=50 alpha=0.9 beta=5 q=u8 seedT=8 seedH=8 seedS=4 pat=256",64,0.9359025788,0.9769,472.9634,2.1764,0.0000,0.041217,"0.041222;0.041217;0.041016",5.905014,169347.60,,13.09,0,6980,10,True,nid006971,57248608
SparseHNSW_a0.9_b5_p256,"M=32 efC=200 ef=100 alpha=0.9 beta=5 q=u8 seedT=8 seedH=8 seedS=4 pat=256",64,0.9589828080,0.9887,472.9634,2.1764,0.0000,0.071843,"0.071844;0.071478;0.071843",10.292693,97156.30,,13.09,0,6980,10,True,nid006971,57248608
SparseHNSW_a0.9_b5_p256,"M=32 efC=200 ef=200 alpha=0.9 beta=5 q=u8 seedT=8 seedH=8 seedS=4 pat=256",64,0.9713037249,0.9946,472.9634,2.1764,0.0000,0.125506,"0.124980;0.125848;0.125506",17.980802,55614.87,,13.09,0,6980,10,True,nid006971,57248608
SparseHNSW_a0.9_b5_p256,"M=32 efC=200 ef=400 alpha=0.9 beta=5 q=u8 seedT=8 seedH=8 seedS=4 pat=256",64,0.9790257880,0.9977,472.9634,2.1764,0.0000,0.190989,"0.192061;0.190989;0.189222",27.362321,36546.61,,13.09,0,6980,10,True,nid006971,57248608
SparseHNSW_a0.9_b5_p256,"M=32 efC=200 ef=800 alpha=0.9 beta=5 q=u8 seedT=8 seedH=8 seedS=4 pat=256",64,0.9808595989,0.9983,472.9634,2.1764,0.0000,0.211936,"0.211823;0.211936;0.213690",30.363324,32934.47,,13.09,0,6980,10,True,nid006971,57248608
SparseHNSW_a0.9_b5_p256,"M=32 efC=200 ef=1600 alpha=0.9 beta=5 q=u8 seedT=8 seedH=8 seedS=4 pat=256",64,0.9810888252,0.9983,472.9634,2.1764,0.0000,0.218768,"0.217603;0.218768;0.221217",31.342120,31905.95,,13.09,0,6980,10,True,nid006971,57248608
SparseHNSW_a0.9_b5_p256,"M=32 efC=200 ef=3200 alpha=0.9 beta=5 q=u8 seedT=8 seedH=8 seedS=4 pat=256",64,0.9811031519,0.9983,472.9634,2.1764,0.0000,0.232975,"0.232975;0.233079;0.232581",33.377507,29960.30,,13.09,0,6980,10,True,nid006971,57248608
SparseHNSW_a0.9_b6_p256,"M=32 efC=200 ef=10 alpha=0.9 beta=6 q=u8 seedT=8 seedH=8 seedS=4 pat=256",64,0.9419340974,0.9794,472.9634,2.1764,0.0000,0.048280,"0.048208;0.048672;0.048280",6.916905,144573.32,,13.09,0,6980,10,True,nid006971,57248608
SparseHNSW_a0.9_b6_p256,"M=32 efC=200 ef=20 alpha=0.9 beta=6 q=u8 seedT=8 seedH=8 seedS=4 pat=256",64,0.9419340974,0.9794,472.9634,2.1764,0.0000,0.048217,"0.048217;0.048229;0.048104",6.907880,144762.22,,13.09,0,6980,10,True,nid006971,57248608
SparseHNSW_a0.9_b6_p256,"M=32 efC=200 ef=50 alpha=0.9 beta=6 q=u8 seedT=8 seedH=8 seedS=4 pat=256",64,0.9419340974,0.9794,472.9634,2.1764,0.0000,0.047920,"0.048014;0.047920;0.047805",6.865330,145659.43,,13.09,0,6980,10,True,nid006971,57248608
SparseHNSW_a0.9_b6_p256,"M=32 efC=200 ef=100 alpha=0.9 beta=6 q=u8 seedT=8 seedH=8 seedS=4 pat=256",64,0.9589828080,0.9887,472.9634,2.1764,0.0000,0.072460,"0.072042;0.072460;0.072635",10.381089,96329.01,,13.09,0,6980,10,True,nid006971,57248608
SparseHNSW_a0.9_b6_p256,"M=32 efC=200 ef=200 alpha=0.9 beta=6 q=u8 seedT=8 seedH=8 seedS=4 pat=256",64,0.9713037249,0.9946,472.9634,2.1764,0.0000,0.123976,"0.124564;0.123976;0.123632",17.761605,56301.22,,13.09,0,6980,10,True,nid006971,57248608
SparseHNSW_a0.9_b6_p256,"M=32 efC=200 ef=400 alpha=0.9 beta=6 q=u8 seedT=8 seedH=8 seedS=4 pat=256",64,0.9790687679,0.9977,472.9634,2.1764,0.0000,0.195567,"0.195567;0.195937;0.195303",28.018195,35691.09,,13.09,0,6980,10,True,nid006971,57248608
SparseHNSW_a0.9_b6_p256,"M=32 efC=200 ef=800 alpha=0.9 beta=6 q=u8 seedT=8 seedH=8 seedS=4 pat=256",64,0.9812607450,0.9984,472.9634,2.1764,0.0000,0.223621,"0.223330;0.223621;0.225242",32.037393,31213.53,,13.09,0,6980,10,True,nid006971,57248608
SparseHNSW_a0.9_b6_p256,"M=32 efC=200 ef=1600 alpha=0.9 beta=6 q=u8 seedT=8 seedH=8 seedS=4 pat=256",64,0.9815902579,0.9984,472.9634,2.1764,0.0000,0.231472,"0.231472;0.230630;0.234477",33.162178,30154.84,,13.09,0,6980,10,True,nid006971,57248608
SparseHNSW_a0.9_b6_p256,"M=32 efC=200 ef=3200 alpha=0.9 beta=6 q=u8 seedT=8 seedH=8 seedS=4 pat=256",64,0.9816189112,0.9984,472.9634,2.1764,0.0000,0.246965,"0.247557;0.246873;0.246965",35.381805,28263.11,,13.09,0,6980,10,True,nid006971,57248608
SparseHNSW_a0.9_b8_p256,"M=32 efC=200 ef=10 alpha=0.9 beta=8 q=u8 seedT=8 seedH=8 seedS=4 pat=256",64,0.9530515759,0.9854,472.9634,2.1764,0.0000,0.061133,"0.060570;0.061133;0.061145",8.758309,114177.29,,13.09,0,6980,10,True,nid006971,57248608
SparseHNSW_a0.9_b8_p256,"M=32 efC=200 ef=20 alpha=0.9 beta=8 q=u8 seedT=8 seedH=8 seedS=4 pat=256",64,0.9530515759,0.9854,472.9634,2.1764,0.0000,0.060858,"0.060368;0.060858;0.060887",8.718911,114693.22,,13.09,0,6980,10,True,nid006971,57248608
SparseHNSW_a0.9_b8_p256,"M=32 efC=200 ef=50 alpha=0.9 beta=8 q=u8 seedT=8 seedH=8 seedS=4 pat=256",64,0.9530515759,0.9854,472.9634,2.1764,0.0000,0.060708,"0.060708;0.061021;0.060363",8.697421,114976.61,,13.09,0,6980,10,True,nid006971,57248608
SparseHNSW_a0.9_b8_p256,"M=32 efC=200 ef=100 alpha=0.9 beta=8 q=u8 seedT=8 seedH=8 seedS=4 pat=256",64,0.9589828080,0.9887,472.9634,2.1764,0.0000,0.072502,"0.072502;0.072481;0.072521",10.387106,96273.21,,13.09,0,6980,10,True,nid006971,57248608
SparseHNSW_a0.9_b8_p256,"M=32 efC=200 ef=200 alpha=0.9 beta=8 q=u8 seedT=8 seedH=8 seedS=4 pat=256",64,0.9713037249,0.9946,472.9634,2.1764,0.0000,0.126127,"0.126210;0.125221;0.126127",18.069771,55341.05,,13.09,0,6980,10,True,nid006971,57248608
SparseHNSW_a0.9_b8_p256,"M=32 efC=200 ef=400 alpha=0.9 beta=8 q=u8 seedT=8 seedH=8 seedS=4 pat=256",64,0.9791404011,0.9977,472.9634,2.1764,0.0000,0.204792,"0.203335;0.205297;0.204792",29.339828,34083.36,,13.09,0,6980,10,True,nid006971,57248608
SparseHNSW_a0.9_b8_p256,"M=32 efC=200 ef=800 alpha=0.9 beta=8 q=u8 seedT=8 seedH=8 seedS=4 pat=256",64,0.9819054441,0.9987,472.9634,2.1764,0.0000,0.245294,"0.245294;0.246850;0.243476",35.142407,28455.65,,13.09,0,6980,10,True,nid006971,57248608
SparseHNSW_a0.9_b8_p256,"M=32 efC=200 ef=1600 alpha=0.9 beta=8 q=u8 seedT=8 seedH=8 seedS=4 pat=256",64,0.9824068768,0.9987,472.9634,2.1764,0.0000,0.258304,"0.259282;0.257990;0.258304",37.006304,27022.42,,13.09,0,6980,10,True,nid006971,57248608
SparseHNSW_a0.9_b8_p256,"M=32 efC=200 ef=3200 alpha=0.9 beta=8 q=u8 seedT=8 seedH=8 seedS=4 pat=256",64,0.9824355301,0.9987,472.9634,2.1764,0.0000,0.273805,"0.273805;0.274597;0.273747",39.227077,25492.60,,13.09,0,6980,10,True,nid006971,57248608
SparseHNSW_a1.0_b1_p0,"M=32 efC=200 ef=10 alpha=1 beta=1 q=u8 seedT=8 seedH=8 seedS=4",64,0.9086246418,0.8081,696.5261,2.1734,0.0000,0.038390,"0.038390;0.038917;0.038262",5.500000,181818.18,,10.10,0,6980,10,True,nid006971,57248608
SparseHNSW_a1.0_b1_p0,"M=32 efC=200 ef=20 alpha=1 beta=1 q=u8 seedT=8 seedH=8 seedS=4",64,0.9086246418,0.8081,696.5261,2.1734,0.0000,0.038356,"0.038356;0.037971;0.038362",5.495129,181979.35,,10.10,0,6980,10,True,nid006971,57248608
SparseHNSW_a1.0_b1_p0,"M=32 efC=200 ef=50 alpha=1 beta=1 q=u8 seedT=8 seedH=8 seedS=4",64,0.9285530086,0.8408,696.5261,2.1734,0.0000,0.051419,"0.051419;0.051825;0.051301",7.366619,135747.49,,10.10,0,6980,10,True,nid006971,57248608
SparseHNSW_a1.0_b1_p0,"M=32 efC=200 ef=100 alpha=1 beta=1 q=u8 seedT=8 seedH=8 seedS=4",64,0.9511031519,0.8785,696.5261,2.1734,0.0000,0.089999,"0.089953;0.089999;0.090182",12.893840,77556.42,,10.10,0,6980,10,True,nid006971,57248608
SparseHNSW_a1.0_b1_p0,"M=32 efC=200 ef=200 alpha=1 beta=1 q=u8 seedT=8 seedH=8 seedS=4",64,0.9649283668,0.9007,696.5261,2.1734,0.0000,0.154248,"0.154248;0.153932;0.155088",22.098567,45251.80,,10.10,0,6980,10,True,nid006971,57248608
SparseHNSW_a1.0_b1_p0,"M=32 efC=200 ef=400 alpha=1 beta=1 q=u8 seedT=8 seedH=8 seedS=4",64,0.9740544413,0.9159,696.5261,2.1734,0.0000,0.284143,"0.284249;0.284143;0.283665",40.708166,24565.10,,10.10,0,6980,10,True,nid006971,57248608
SparseHNSW_a1.0_b1_p0,"M=32 efC=200 ef=800 alpha=1 beta=1 q=u8 seedT=8 seedH=8 seedS=4",64,0.9792836676,0.9272,696.5261,2.1734,0.0000,0.543098,"0.543247;0.543098;0.541248",77.807736,12852.19,,10.10,0,6980,10,True,nid006971,57248608
SparseHNSW_a1.0_b1_p0,"M=32 efC=200 ef=1600 alpha=1 beta=1 q=u8 seedT=8 seedH=8 seedS=4",64,0.9838108883,0.9374,696.5261,2.1734,0.0000,1.061068,"1.057071;1.061068;1.064203",152.015473,6578.28,,10.10,0,6980,10,True,nid006971,57248608
SparseHNSW_a1.0_b1_p0,"M=32 efC=200 ef=3200 alpha=1 beta=1 q=u8 seedT=8 seedH=8 seedS=4",64,0.9863610315,0.9439,696.5261,2.1734,0.0000,2.034196,"2.034196;2.032091;2.034402",291.432092,3431.33,,10.17,0,6980,10,True,nid006971,57248608
SparseHNSW_a1.0_b1_p64,"M=32 efC=200 ef=10 alpha=1 beta=1 q=u8 seedT=8 seedH=8 seedS=4 pat=64",64,0.9086246418,0.8081,696.5261,2.1734,0.0000,0.038810,"0.038720;0.039056;0.038810",5.560172,179850.55,,10.17,0,6980,10,True,nid006971,57248608
SparseHNSW_a1.0_b1_p64,"M=32 efC=200 ef=20 alpha=1 beta=1 q=u8 seedT=8 seedH=8 seedS=4 pat=64",64,0.9086246418,0.8081,696.5261,2.1734,0.0000,0.038951,"0.038841;0.038951;0.038957",5.580372,179199.51,,10.17,0,6980,10,True,nid006971,57248608
SparseHNSW_a1.0_b1_p64,"M=32 efC=200 ef=50 alpha=1 beta=1 q=u8 seedT=8 seedH=8 seedS=4 pat=64",64,0.9285530086,0.8408,696.5261,2.1734,0.0000,0.051908,"0.052369;0.051881;0.051908",7.436676,134468.68,,10.17,0,6980,10,True,nid006971,57248608
SparseHNSW_a1.0_b1_p64,"M=32 efC=200 ef=100 alpha=1 beta=1 q=u8 seedT=8 seedH=8 seedS=4 pat=64",64,0.9479799427,0.8723,696.5261,2.1734,0.0000,0.075910,"0.076163;0.075910;0.075745",10.875358,91950.99,,10.17,0,6980,10,True,nid006971,57248608
SparseHNSW_a1.0_b1_p64,"M=32 efC=200 ef=200 alpha=1 beta=1 q=u8 seedT=8 seedH=8 seedS=4 pat=64",64,0.9519627507,0.8774,696.5261,2.1734,0.0000,0.081540,"0.081347;0.081582;0.081540",11.681948,85602.16,,10.17,0,6980,10,True,nid006971,57248608
SparseHNSW_a1.0_b1_p64,"M=32 efC=200 ef=400 alpha=1 beta=1 q=u8 seedT=8 seedH=8 seedS=4 pat=64",64,0.9522636103,0.8777,696.5261,2.1734,0.0000,0.084308,"0.085148;0.084308;0.083828",12.078510,82791.67,,10.17,0,6980,10,True,nid006971,57248608
SparseHNSW_a1.0_b1_p64,"M=32 efC=200 ef=800 alpha=1 beta=1 q=u8 seedT=8 seedH=8 seedS=4 pat=64",64,0.9522636103,0.8777,696.5261,2.1734,0.0000,0.086858,"0.086858;0.086868;0.085682",12.443840,80361.05,,10.17,0,6980,10,True,nid006971,57248608
SparseHNSW_a1.0_b1_p64,"M=32 efC=200 ef=1600 alpha=1 beta=1 q=u8 seedT=8 seedH=8 seedS=4 pat=64",64,0.9522636103,0.8777,696.5261,2.1734,0.0000,0.089336,"0.088088;0.089336;0.090228",12.798854,78132.00,,10.17,0,6980,10,True,nid006971,57248608
SparseHNSW_a1.0_b1_p64,"M=32 efC=200 ef=3200 alpha=1 beta=1 q=u8 seedT=8 seedH=8 seedS=4 pat=64",64,0.9522636103,0.8777,696.5261,2.1734,0.0000,0.089668,"0.090376;0.089668;0.089460",12.846418,77842.71,,10.17,0,6980,10,True,nid006971,57248608
SparseHNSW_a1.0_b1_p128,"M=32 efC=200 ef=10 alpha=1 beta=1 q=u8 seedT=8 seedH=8 seedS=4 pat=128",64,0.9086246418,0.8081,696.5261,2.1734,0.0000,0.038635,"0.039521;0.038556;0.038635",5.535100,180665.20,,10.17,0,6980,10,True,nid006971,57248608
SparseHNSW_a1.0_b1_p128,"M=32 efC=200 ef=20 alpha=1 beta=1 q=u8 seedT=8 seedH=8 seedS=4 pat=128",64,0.9086246418,0.8081,696.5261,2.1734,0.0000,0.038748,"0.038856;0.038748;0.038686",5.551289,180138.33,,10.17,0,6980,10,True,nid006971,57248608
SparseHNSW_a1.0_b1_p128,"M=32 efC=200 ef=50 alpha=1 beta=1 q=u8 seedT=8 seedH=8 seedS=4 pat=128",64,0.9285530086,0.8408,696.5261,2.1734,0.0000,0.052367,"0.052367;0.052500;0.051919",7.502436,133290.05,,10.17,0,6980,10,True,nid006971,57248608
SparseHNSW_a1.0_b1_p128,"M=32 efC=200 ef=100 alpha=1 beta=1 q=u8 seedT=8 seedH=8 seedS=4 pat=128",64,0.9511031519,0.8785,696.5261,2.1734,0.0000,0.090077,"0.089940;0.090077;0.090814",12.905014,77489.26,,10.17,0,6980,10,True,nid006971,57248608
SparseHNSW_a1.0_b1_p128,"M=32 efC=200 ef=200 alpha=1 beta=1 q=u8 seedT=8 seedH=8 seedS=4 pat=128",64,0.9618481375,0.8954,696.5261,2.1734,0.0000,0.124019,"0.124019;0.123997;0.124069",17.767765,56281.70,,10.17,0,6980,10,True,nid006971,57248608
SparseHNSW_a1.0_b1_p128,"M=32 efC=200 ef=400 alpha=1 beta=1 q=u8 seedT=8 seedH=8 seedS=4 pat=128",64,0.9638395415,0.8979,696.5261,2.1734,0.0000,0.128176,"0.128345;0.128176;0.128043",18.363324,54456.37,,10.17,0,6980,10,True,nid006971,57248608
SparseHNSW_a1.0_b1_p128,"M=32 efC=200 ef=800 alpha=1 beta=1 q=u8 seedT=8 seedH=8 seedS=4 pat=128",64,0.9638395415,0.8979,696.5261,2.1734,0.0000,0.133023,"0.133151;0.133023;0.132685",19.057736,52472.13,,10.17,0,6980,10,True,nid006971,57248608
SparseHNSW_a1.0_b1_p128,"M=32 efC=200 ef=1600 alpha=1 beta=1 q=u8 seedT=8 seedH=8 seedS=4 pat=128",64,0.9638395415,0.8979,696.5261,2.1734,0.0000,0.140130,"0.140172;0.139954;0.140130",20.075931,49810.89,,10.17,0,6980,10,True,nid006971,57248608
SparseHNSW_a1.0_b1_p128,"M=32 efC=200 ef=3200 alpha=1 beta=1 q=u8 seedT=8 seedH=8 seedS=4 pat=128",64,0.9638395415,0.8979,696.5261,2.1734,0.0000,0.143201,"0.143114;0.143201;0.143435",20.515903,48742.68,,10.17,0,6980,10,True,nid006971,57248608
SparseHNSW_a1.0_b1_p256,"M=32 efC=200 ef=10 alpha=1 beta=1 q=u8 seedT=8 seedH=8 seedS=4 pat=256",64,0.9086246418,0.8081,696.5261,2.1734,0.0000,0.038954,"0.038954;0.039338;0.038724",5.580802,179185.71,,10.17,0,6980,10,True,nid006971,57248608
SparseHNSW_a1.0_b1_p256,"M=32 efC=200 ef=20 alpha=1 beta=1 q=u8 seedT=8 seedH=8 seedS=4 pat=256",64,0.9086246418,0.8081,696.5261,2.1734,0.0000,0.038664,"0.038555;0.038664;0.038714",5.539255,180529.69,,10.17,0,6980,10,True,nid006971,57248608
SparseHNSW_a1.0_b1_p256,"M=32 efC=200 ef=50 alpha=1 beta=1 q=u8 seedT=8 seedH=8 seedS=4 pat=256",64,0.9285530086,0.8408,696.5261,2.1734,0.0000,0.052282,"0.052283;0.052282;0.052010",7.490258,133506.75,,10.17,0,6980,10,True,nid006971,57248608
SparseHNSW_a1.0_b1_p256,"M=32 efC=200 ef=100 alpha=1 beta=1 q=u8 seedT=8 seedH=8 seedS=4 pat=256",64,0.9511031519,0.8785,696.5261,2.1734,0.0000,0.090246,"0.090246;0.090070;0.090923",12.929226,77344.15,,10.17,0,6980,10,True,nid006971,57248608
SparseHNSW_a1.0_b1_p256,"M=32 efC=200 ef=200 alpha=1 beta=1 q=u8 seedT=8 seedH=8 seedS=4 pat=256",64,0.9649283668,0.9007,696.5261,2.1734,0.0000,0.154674,"0.154847;0.154674;0.154598",22.159599,45127.17,,10.17,0,6980,10,True,nid006971,57248608
SparseHNSW_a1.0_b1_p256,"M=32 efC=200 ef=400 alpha=1 beta=1 q=u8 seedT=8 seedH=8 seedS=4 pat=256",64,0.9719914040,0.9119,696.5261,2.1734,0.0000,0.212370,"0.212528;0.212370;0.212253",30.425501,32867.17,,10.17,0,6980,10,True,nid006971,57248608
SparseHNSW_a1.0_b1_p256,"M=32 efC=200 ef=800 alpha=1 beta=1 q=u8 seedT=8 seedH=8 seedS=4 pat=256",64,0.9730085960,0.9133,696.5261,2.1734,0.0000,0.222472,"0.222472;0.222114;0.223080",31.872779,31374.73,,10.17,0,6980,10,True,nid006971,57248608
SparseHNSW_a1.0_b1_p256,"M=32 efC=200 ef=1600 alpha=1 beta=1 q=u8 seedT=8 seedH=8 seedS=4 pat=256",64,0.9730085960,0.9133,696.5261,2.1734,0.0000,0.234863,"0.234908;0.234863;0.234656",33.647994,29719.45,,10.17,0,6980,10,True,nid006971,57248608
SparseHNSW_a1.0_b1_p256,"M=32 efC=200 ef=3200 alpha=1 beta=1 q=u8 seedT=8 seedH=8 seedS=4 pat=256",64,0.9730085960,0.9133,696.5261,2.1734,0.0000,0.245670,"0.246004;0.245670;0.245188",35.196275,28412.10,,10.17,0,6980,10,True,nid006971,57248608
