Model,Params,Threads,Recall,RR@10,IndexSec,LoadSec,ConvertSec,SearchSecMedian,SearchSecRuns,AmortizedUsPerQuery,QPS,LatencyUsSingleThread,PeakRSSGB,IndexBytes,NumQueries,K,ResultsOrdered,Host,JobID
SparseHNSW_a0.6_b1_s0x0,"M=32 efC=200 ef=10 alpha=0.6 beta=1 q=u8",64,0.5771919771,0.4736,255.4132,8.4610,0.0000,0.013915,"0.014492;0.014201;0.013915;0.013912;0.013764",1.993553,501616.96,,11.98,0,6980,10,True,nid007080,57240768
SparseHNSW_a0.6_b1_s0x0,"M=32 efC=200 ef=20 alpha=0.6 beta=1 q=u8",64,0.6444985673,0.5374,255.4132,8.4610,0.0000,0.021768,"0.022089;0.021979;0.021768;0.021657;0.021721",3.118625,320654.17,,11.98,0,6980,10,True,nid007080,57240768
SparseHNSW_a0.6_b1_s0x0,"M=32 efC=200 ef=25 alpha=0.6 beta=1 q=u8",64,0.6610601719,0.5542,255.4132,8.4610,0.0000,0.025220,"0.025389;0.025220;0.025213;0.025153;0.025274",3.613181,276764.47,,11.98,0,6980,10,True,nid007080,57240768
SparseHNSW_a0.6_b1_s0x0,"M=32 efC=200 ef=30 alpha=0.6 beta=1 q=u8",64,0.6739255014,0.5641,255.4132,8.4610,0.0000,0.028866,"0.028870;0.028870;0.028813;0.028829;0.028866",4.135530,241806.97,,11.98,0,6980,10,True,nid007080,57240768
SparseHNSW_a0.6_b1_s0x0,"M=32 efC=200 ef=35 alpha=0.6 beta=1 q=u8",64,0.6838681948,0.5722,255.4132,8.4610,0.0000,0.032318,"0.032318;0.032338;0.032298;0.032302;0.032386",4.630086,215978.71,,11.98,0,6980,10,True,nid007080,57240768
SparseHNSW_a0.6_b1_s0x0,"M=32 efC=200 ef=40 alpha=0.6 beta=1 q=u8",64,0.6913896848,0.5781,255.4132,8.4610,0.0000,0.035698,"0.035634;0.035698;0.035794;0.035710;0.035638",5.114327,195529.16,,11.98,0,6980,10,True,nid007080,57240768
SparseHNSW_a0.6_b1_s0x0,"M=32 efC=200 ef=50 alpha=0.6 beta=1 q=u8",64,0.7040974212,0.5898,255.4132,8.4610,0.0000,0.042223,"0.042170;0.042294;0.042253;0.042182;0.042223",6.049140,165312.74,,11.98,0,6980,10,True,nid007080,57240768
SparseHNSW_a0.6_b1_s0x0,"M=32 efC=200 ef=60 alpha=0.6 beta=1 q=u8",64,0.7120773639,0.5950,255.4132,8.4610,0.0000,0.048442,"0.048380;0.048492;0.048442;0.048305;0.048520",6.940115,144089.84,,11.98,0,6980,10,True,nid007080,57240768
SparseHNSW_a0.6_b1_s0x0,"M=32 efC=200 ef=75 alpha=0.6 beta=1 q=u8",64,0.7200000000,0.6008,255.4132,8.4610,0.0000,0.057340,"0.057227;0.057471;0.057340;0.057365;0.057318",8.214900,121730.03,,11.98,0,6980,10,True,nid007080,57240768
SparseHNSW_a0.6_b1_s0x0,"M=32 efC=200 ef=100 alpha=0.6 beta=1 q=u8",64,0.7298280802,0.6086,255.4132,8.4610,0.0000,0.071503,"0.071551;0.071503;0.071457;0.071518;0.071501",10.243983,97618.28,,11.98,0,6980,10,True,nid007080,57240768
SparseHNSW_a0.6_b2_s0x0,"M=32 efC=200 ef=10 alpha=0.6 beta=2 q=u8",64,0.7605730659,0.8784,255.4132,8.4610,0.0000,0.023048,"0.023327;0.023108;0.023048;0.022801;0.022775",3.302006,302846.23,,11.98,0,6980,10,True,nid007080,57240768
SparseHNSW_a0.6_b2_s0x0,"M=32 efC=200 ef=20 alpha=0.6 beta=2 q=u8",64,0.7605730659,0.8784,255.4132,8.4610,0.0000,0.022552,"0.022675;0.022552;0.022508;0.022626;0.022496",3.230946,309506.92,,11.98,0,6980,10,True,nid007080,57240768
SparseHNSW_a0.6_b2_s0x0,"M=32 efC=200 ef=25 alpha=0.6 beta=2 q=u8",64,0.7814040115,0.8963,255.4132,8.4610,0.0000,0.026247,"0.026249;0.026247;0.026298;0.026108;0.026221",3.760315,265935.15,,11.98,0,6980,10,True,nid007080,57240768
SparseHNSW_a0.6_b2_s0x0,"M=32 efC=200 ef=30 alpha=0.6 beta=2 q=u8",64,0.7970057307,0.9112,255.4132,8.4610,0.0000,0.029814,"0.029761;0.029997;0.029732;0.029962;0.029814",4.271347,234118.20,,11.98,0,6980,10,True,nid007080,57240768
SparseHNSW_a0.6_b2_s0x0,"M=32 efC=200 ef=35 alpha=0.6 beta=2 q=u8",64,0.8092120344,0.9225,255.4132,8.4610,0.0000,0.033217,"0.033217;0.033315;0.033188;0.033189;0.033224",4.758883,210133.37,,11.98,0,6980,10,True,nid007080,57240768
SparseHNSW_a0.6_b2_s0x0,"M=32 efC=200 ef=40 alpha=0.6 beta=2 q=u8",64,0.8186103152,0.9308,255.4132,8.4610,0.0000,0.036621,"0.036594;0.036558;0.036646;0.036705;0.036621",5.246562,190601.02,,11.98,0,6980,10,True,nid007080,57240768
SparseHNSW_a0.6_b2_s0x0,"M=32 efC=200 ef=50 alpha=0.6 beta=2 q=u8",64,0.8340974212,0.9447,255.4132,8.4610,0.0000,0.042980,"0.042906;0.042980;0.042946;0.043013;0.043098",6.157593,162401.12,,11.98,0,6980,10,True,nid007080,57240768
SparseHNSW_a0.6_b2_s0x0,"M=32 efC=200 ef=60 alpha=0.6 beta=2 q=u8",64,0.8440257880,0.9544,255.4132,8.4610,0.0000,0.049185,"0.049112;0.049234;0.049242;0.049090;0.049185",7.046562,141913.18,,11.98,0,6980,10,True,nid007080,57240768
SparseHNSW_a0.6_b2_s0x0,"M=32 efC=200 ef=75 alpha=0.6 beta=2 q=u8",64,0.8537249284,0.9633,255.4132,8.4610,0.0000,0.057981,"0.058070;0.057981;0.057916;0.057958;0.058073",8.306734,120384.26,,11.98,0,6980,10,True,nid007080,57240768
SparseHNSW_a0.6_b2_s0x0,"M=32 efC=200 ef=100 alpha=0.6 beta=2 q=u8",64,0.8654441261,0.9735,255.4132,8.4610,0.0000,0.072026,"0.072179;0.072026;0.071850;0.072049;0.071981",10.318911,96909.45,,11.98,0,6980,10,True,nid007080,57240768
SparseHNSW_a0.6_b3_s0x0,"M=32 efC=200 ef=10 alpha=0.6 beta=3 q=u8",64,0.8270916905,0.9112,255.4132,8.4610,0.0000,0.030557,"0.030595;0.030627;0.030557;0.030500;0.030354",4.377794,228425.57,,11.98,0,6980,10,True,nid007080,57240768
SparseHNSW_a0.6_b3_s0x0,"M=32 efC=200 ef=20 alpha=0.6 beta=3 q=u8",64,0.8270916905,0.9112,255.4132,8.4610,0.0000,0.030280,"0.030280;0.030180;0.030325;0.030354;0.030179",4.338109,230515.19,,11.98,0,6980,10,True,nid007080,57240768
SparseHNSW_a0.6_b3_s0x0,"M=32 efC=200 ef=25 alpha=0.6 beta=3 q=u8",64,0.8270916905,0.9112,255.4132,8.4610,0.0000,0.030222,"0.030169;0.030222;0.030205;0.030223;0.030266",4.329799,230957.58,,11.98,0,6980,10,True,nid007080,57240768
SparseHNSW_a0.6_b3_s0x0,"M=32 efC=200 ef=30 alpha=0.6 beta=3 q=u8",64,0.8270916905,0.9112,255.4132,8.4610,0.0000,0.030166,"0.030128;0.030245;0.030166;0.030315;0.030048",4.321777,231386.33,,11.98,0,6980,10,True,nid007080,57240768
SparseHNSW_a0.6_b3_s0x0,"M=32 efC=200 ef=35 alpha=0.6 beta=3 q=u8",64,0.8401002865,0.9226,255.4132,8.4610,0.0000,0.033617,"0.033617;0.033567;0.033480;0.033617;0.033633",4.816189,207633.04,,11.98,0,6980,10,True,nid007080,57240768
SparseHNSW_a0.6_b3_s0x0,"M=32 efC=200 ef=40 alpha=0.6 beta=3 q=u8",64,0.8499570201,0.9309,255.4132,8.4610,0.0000,0.037008,"0.036887;0.037059;0.036924;0.037008;0.037050",5.302006,188607.87,,11.98,0,6980,10,True,nid007080,57240768
SparseHNSW_a0.6_b3_s0x0,"M=32 efC=200 ef=50 alpha=0.6 beta=3 q=u8",64,0.8662034384,0.9448,255.4132,8.4610,0.0000,0.043333,"0.043253;0.043309;0.043361;0.043541;0.043333",6.208166,161078.16,,11.98,0,6980,10,True,nid007080,57240768
SparseHNSW_a0.6_b3_s0x0,"M=32 efC=200 ef=60 alpha=0.6 beta=3 q=u8",64,0.8767765043,0.9546,255.4132,8.4610,0.0000,0.049450,"0.049334;0.049268;0.049450;0.049490;0.049561",7.084527,141152.68,,11.98,0,6980,10,True,nid007080,57240768
SparseHNSW_a0.6_b3_s0x0,"M=32 efC=200 ef=75 alpha=0.6 beta=3 q=u8",64,0.8871489971,0.9633,255.4132,8.4610,0.0000,0.058276,"0.058173;0.058324;0.058276;0.058315;0.058096",8.348997,119774.86,,11.98,0,6980,10,True,nid007080,57240768
SparseHNSW_a0.6_b3_s0x0,"M=32 efC=200 ef=100 alpha=0.6 beta=3 q=u8",64,0.8994985673,0.9735,255.4132,8.4610,0.0000,0.072342,"0.072330;0.072342;0.072489;0.072205;0.072502",10.364183,96486.14,,11.98,0,6980,10,True,nid007080,57240768
SparseHNSW_a0.6_b4_s0x0,"M=32 efC=200 ef=10 alpha=0.6 beta=4 q=u8",64,0.8635673352,0.9309,255.4132,8.4610,0.0000,0.037613,"0.037824;0.037613;0.037443;0.037624;0.037559",5.388682,185574.14,,11.98,0,6980,10,True,nid007080,57240768
SparseHNSW_a0.6_b4_s0x0,"M=32 efC=200 ef=20 alpha=0.6 beta=4 q=u8",64,0.8635673352,0.9309,255.4132,8.4610,0.0000,0.037495,"0.037570;0.037473;0.037392;0.037607;0.037495",5.371777,186158.15,,11.98,0,6980,10,True,nid007080,57240768
SparseHNSW_a0.6_b4_s0x0,"M=32 efC=200 ef=25 alpha=0.6 beta=4 q=u8",64,0.8635673352,0.9309,255.4132,8.4610,0.0000,0.037412,"0.037401;0.037412;0.037417;0.037481;0.037243",5.359885,186571.15,,11.98,0,6980,10,True,nid007080,57240768
SparseHNSW_a0.6_b4_s0x0,"M=32 efC=200 ef=30 alpha=0.6 beta=4 q=u8",64,0.8635673352,0.9309,255.4132,8.4610,0.0000,0.037412,"0.037324;0.037430;0.037386;0.037523;0.037412",5.359885,186571.15,,11.98,0,6980,10,True,nid007080,57240768
SparseHNSW_a0.6_b4_s0x0,"M=32 efC=200 ef=35 alpha=0.6 beta=4 q=u8",64,0.8635673352,0.9309,255.4132,8.4610,0.0000,0.037399,"0.037489;0.037267;0.037597;0.037399;0.037297",5.358023,186636.01,,11.98,0,6980,10,True,nid007080,57240768
SparseHNSW_a0.6_b4_s0x0,"M=32 efC=200 ef=40 alpha=0.6 beta=4 q=u8",64,0.8635673352,0.9309,255.4132,8.4610,0.0000,0.037373,"0.037303;0.037373;0.037429;0.037495;0.037320",5.354298,186765.85,,11.98,0,6980,10,True,nid007080,57240768
SparseHNSW_a0.6_b4_s0x0,"M=32 efC=200 ef=50 alpha=0.6 beta=4 q=u8",64,0.8801002865,0.9448,255.4132,8.4610,0.0000,0.043727,"0.043571;0.043727;0.043729;0.043785;0.043678",6.264613,159626.78,,11.98,0,6980,10,True,nid007080,57240768
SparseHNSW_a0.6_b4_s0x0,"M=32 efC=200 ef=60 alpha=0.6 beta=4 q=u8",64,0.8907163324,0.9546,255.4132,8.4610,0.0000,0.049815,"0.049709;0.049750;0.049997;0.049981;0.049815",7.136819,140118.44,,11.98,0,6980,10,True,nid007080,57240768
SparseHNSW_a0.6_b4_s0x0,"M=32 efC=200 ef=75 alpha=0.6 beta=4 q=u8",64,0.9013896848,0.9633,255.4132,8.4610,0.0000,0.058514,"0.058505;0.058526;0.058355;0.058578;0.058514",8.383095,119287.69,,11.98,0,6980,10,True,nid007080,57240768
SparseHNSW_a0.6_b4_s0x0,"M=32 efC=200 ef=100 alpha=0.6 beta=4 q=u8",64,0.9144555874,0.9735,255.4132,8.4610,0.0000,0.072598,"0.072412;0.072816;0.072624;0.072598;0.072497",10.400860,96145.90,,11.98,0,6980,10,True,nid007080,57240768
SparseHNSW_a0.6_b5_s0x0,"M=32 efC=200 ef=10 alpha=0.6 beta=5 q=u8",64,0.8872779370,0.9448,255.4132,8.4610,0.0000,0.044207,"0.044128;0.044262;0.044322;0.044207;0.044114",6.333381,157893.55,,11.98,0,6980,10,True,nid007080,57240768
SparseHNSW_a0.6_b5_s0x0,"M=32 efC=200 ef=20 alpha=0.6 beta=5 q=u8",64,0.8872779370,0.9448,255.4132,8.4610,0.0000,0.043961,"0.043917;0.043906;0.044012;0.043961;0.044108",6.298138,158777.10,,11.98,0,6980,10,True,nid007080,57240768
SparseHNSW_a0.6_b5_s0x0,"M=32 efC=200 ef=25 alpha=0.6 beta=5 q=u8",64,0.8872779370,0.9448,255.4132,8.4610,0.0000,0.044118,"0.044080;0.044154;0.044265;0.044118;0.043827",6.320630,158212.07,,11.98,0,6980,10,True,nid007080,57240768
SparseHNSW_a0.6_b5_s0x0,"M=32 efC=200 ef=30 alpha=0.6 beta=5 q=u8",64,0.8872779370,0.9448,255.4132,8.4610,0.0000,0.044026,"0.044194;0.044006;0.043946;0.044026;0.044163",6.307450,158542.68,,11.98,0,6980,10,True,nid007080,57240768
SparseHNSW_a0.6_b5_s0x0,"M=32 efC=200 ef=35 alpha=0.6 beta=5 q=u8",64,0.8872779370,0.9448,255.4132,8.4610,0.0000,0.044065,"0.044471;0.043984;0.043939;0.044072;0.044065",6.313037,158402.36,,11.98,0,6980,10,True,nid007080,57240768
SparseHNSW_a0.6_b5_s0x0,"M=32 efC=200 ef=40 alpha=0.6 beta=5 q=u8",64,0.8872779370,0.9448,255.4132,8.4610,0.0000,0.043991,"0.043973;0.044013;0.043869;0.044137;0.043991",6.302436,158668.82,,11.98,0,6980,10,True,nid007080,57240768
SparseHNSW_a0.6_b5_s0x0,"M=32 efC=200 ef=50 alpha=0.6 beta=5 q=u8",64,0.8872779370,0.9448,255.4132,8.4610,0.0000,0.044080,"0.044080;0.044086;0.043981;0.044190;0.043995",6.315186,158348.46,,11.98,0,6980,10,True,nid007080,57240768
SparseHNSW_a0.6_b5_s0x0,"M=32 efC=200 ef=60 alpha=0.6 beta=5 q=u8",64,0.8981518625,0.9546,255.4132,8.4610,0.0000,0.050034,"0.050006;0.050262;0.050034;0.050182;0.049720",7.168195,139505.14,,11.98,0,6980,10,True,nid007080,57240768
SparseHNSW_a0.6_b5_s0x0,"M=32 efC=200 ef=75 alpha=0.6 beta=5 q=u8",64,0.9091690544,0.9633,255.4132,8.4610,0.0000,0.058848,"0.058820;0.058855;0.058785;0.058866;0.058848",8.430946,118610.66,,11.98,0,6980,10,True,nid007080,57240768
SparseHNSW_a0.6_b5_s0x0,"M=32 efC=200 ef=100 alpha=0.6 beta=5 q=u8",64,0.9223065903,0.9735,255.4132,8.4610,0.0000,0.072819,"0.072684;0.072590;0.072819;0.073230;0.072987",10.432521,95854.10,,11.98,0,6980,10,True,nid007080,57240768
SparseHNSW_a0.6_b1_s8x4,"M=32 efC=200 ef=10 alpha=0.6 beta=1 q=u8 seedT=8 seedH=8 seedS=4",64,0.7190687679,0.6002,255.4132,8.4610,0.0000,0.027608,"0.028073;0.027715;0.027608;0.027437;0.027452",3.955301,252825.27,,11.98,0,6980,10,True,nid007080,57240768
SparseHNSW_a0.6_b1_s8x4,"M=32 efC=200 ef=20 alpha=0.6 beta=1 q=u8 seedT=8 seedH=8 seedS=4",64,0.7190687679,0.6002,255.4132,8.4610,0.0000,0.027222,"0.027370;0.027238;0.027222;0.027192;0.027173",3.900000,256410.26,,11.98,0,6980,10,True,nid007080,57240768
SparseHNSW_a0.6_b1_s8x4,"M=32 efC=200 ef=25 alpha=0.6 beta=1 q=u8 seedT=8 seedH=8 seedS=4",64,0.7190687679,0.6002,255.4132,8.4610,0.0000,0.027165,"0.027218;0.027165;0.027187;0.027148;0.027150",3.891834,256948.28,,11.98,0,6980,10,True,nid007080,57240768
SparseHNSW_a0.6_b1_s8x4,"M=32 efC=200 ef=30 alpha=0.6 beta=1 q=u8 seedT=8 seedH=8 seedS=4",64,0.7190687679,0.6002,255.4132,8.4610,0.0000,0.027126,"0.027084;0.027064;0.027153;0.027179;0.027126",3.886246,257317.70,,11.98,0,6980,10,True,nid007080,57240768
SparseHNSW_a0.6_b1_s8x4,"M=32 efC=200 ef=35 alpha=0.6 beta=1 q=u8 seedT=8 seedH=8 seedS=4",64,0.7223352436,0.6029,255.4132,8.4610,0.0000,0.028619,"0.028625;0.028612;0.028641;0.028613;0.028619",4.100143,243893.92,,11.98,0,6980,10,True,nid007080,57240768
SparseHNSW_a0.6_b1_s8x4,"M=32 efC=200 ef=40 alpha=0.6 beta=1 q=u8 seedT=8 seedH=8 seedS=4",64,0.7263323782,0.6062,255.4132,8.4610,0.0000,0.031860,"0.031860;0.031863;0.031933;0.031837;0.031777",4.564470,219083.49,,11.98,0,6980,10,True,nid007080,57240768
SparseHNSW_a0.6_b1_s8x4,"M=32 efC=200 ef=50 alpha=0.6 beta=1 q=u8 seedT=8 seedH=8 seedS=4",64,0.7327507163,0.6124,255.4132,8.4610,0.0000,0.038204,"0.038102;0.038210;0.038204;0.038306;0.038168",5.473352,182703.38,,11.98,0,6980,10,True,nid007080,57240768
SparseHNSW_a0.6_b1_s8x4,"M=32 efC=200 ef=60 alpha=0.6 beta=1 q=u8 seedT=8 seedH=8 seedS=4",64,0.7370057307,0.6147,255.4132,8.4610,0.0000,0.044289,"0.044289;0.044238;0.044384;0.044265;0.044375",6.345129,157601.21,,11.98,0,6980,10,True,nid007080,57240768
SparseHNSW_a0.6_b1_s8x4,"M=32 efC=200 ef=75 alpha=0.6 beta=1 q=u8 seedT=8 seedH=8 seedS=4",64,0.7409885387,0.6177,255.4132,8.4610,0.0000,0.053149,"0.053149;0.053167;0.053293;0.053097;0.053149",7.614470,131328.91,,11.98,0,6980,10,True,nid007080,57240768
SparseHNSW_a0.6_b1_s8x4,"M=32 efC=200 ef=100 alpha=0.6 beta=1 q=u8 seedT=8 seedH=8 seedS=4",64,0.7447564470,0.6204,255.4132,8.4610,0.0000,0.067136,"0.066950;0.067209;0.067037;0.067227;0.067136",9.618338,103968.06,,11.98,0,6980,10,True,nid007080,57240768
SparseHNSW_a0.6_b2_s8x4,"M=32 efC=200 ef=10 alpha=0.6 beta=2 q=u8 seedT=8 seedH=8 seedS=4",64,0.8499426934,0.9677,255.4132,8.4610,0.0000,0.028552,"0.028741;0.028716;0.028552;0.028410;0.028342",4.090544,244466.24,,11.98,0,6980,10,True,nid007080,57240768
SparseHNSW_a0.6_b2_s8x4,"M=32 efC=200 ef=20 alpha=0.6 beta=2 q=u8 seedT=8 seedH=8 seedS=4",64,0.8499426934,0.9677,255.4132,8.4610,0.0000,0.028260,"0.028280;0.028260;0.028269;0.028212;0.028188",4.048711,246992.22,,11.98,0,6980,10,True,nid007080,57240768
SparseHNSW_a0.6_b2_s8x4,"M=32 efC=200 ef=25 alpha=0.6 beta=2 q=u8 seedT=8 seedH=8 seedS=4",64,0.8499426934,0.9677,255.4132,8.4610,0.0000,0.028133,"0.028173;0.028102;0.028125;0.028133;0.028322",4.030516,248107.21,,11.98,0,6980,10,True,nid007080,57240768
SparseHNSW_a0.6_b2_s8x4,"M=32 efC=200 ef=30 alpha=0.6 beta=2 q=u8 seedT=8 seedH=8 seedS=4",64,0.8499426934,0.9677,255.4132,8.4610,0.0000,0.028120,"0.028208;0.028120;0.028151;0.028112;0.028089",4.028653,248221.91,,11.98,0,6980,10,True,nid007080,57240768
SparseHNSW_a0.6_b2_s8x4,"M=32 efC=200 ef=35 alpha=0.6 beta=2 q=u8 seedT=8 seedH=8 seedS=4",64,0.8539255014,0.9707,255.4132,8.4610,0.0000,0.029572,"0.029565;0.029572;0.029650;0.029566;0.029682",4.236676,236034.09,,11.98,0,6980,10,True,nid007080,57240768
SparseHNSW_a0.6_b2_s8x4,"M=32 efC=200 ef=40 alpha=0.6 beta=2 q=u8 seedT=8 seedH=8 seedS=4",64,0.8593409742,0.9740,255.4132,8.4610,0.0000,0.032804,"0.032844;0.032804;0.032682;0.032906;0.032741",4.699713,212778.93,,11.98,0,6980,10,True,nid007080,57240768
SparseHNSW_a0.6_b2_s8x4,"M=32 efC=200 ef=50 alpha=0.6 beta=2 q=u8 seedT=8 seedH=8 seedS=4",64,0.8676647564,0.9799,255.4132,8.4610,0.0000,0.039212,"0.039142;0.039212;0.039292;0.038993;0.039228",5.617765,178006.73,,11.98,0,6980,10,True,nid007080,57240768
SparseHNSW_a0.6_b2_s8x4,"M=32 efC=200 ef=60 alpha=0.6 beta=2 q=u8 seedT=8 seedH=8 seedS=4",64,0.8730802292,0.9847,255.4132,8.4610,0.0000,0.045069,"0.045158;0.045069;0.044946;0.045010;0.045076",6.456877,154873.64,,11.98,0,6980,10,True,nid007080,57240768
SparseHNSW_a0.6_b2_s8x4,"M=32 efC=200 ef=75 alpha=0.6 beta=2 q=u8 seedT=8 seedH=8 seedS=4",64,0.8781805158,0.9889,255.4132,8.4610,0.0000,0.053789,"0.053781;0.053932;0.053742;0.053789;0.054033",7.706160,129766.31,,11.98,0,6980,10,True,nid007080,57240768
SparseHNSW_a0.6_b2_s8x4,"M=32 efC=200 ef=100 alpha=0.6 beta=2 q=u8 seedT=8 seedH=8 seedS=4",64,0.8829656160,0.9916,255.4132,8.4610,0.0000,0.067697,"0.067585;0.067620;0.067824;0.067839;0.067697",9.698711,103106.49,,11.98,0,6980,10,True,nid007080,57240768
SparseHNSW_a0.6_b3_s8x4,"M=32 efC=200 ef=10 alpha=0.6 beta=3 q=u8 seedT=8 seedH=8 seedS=4",64,0.8816618911,0.9678,255.4132,8.4610,0.0000,0.028882,"0.029253;0.029153;0.028875;0.028882;0.028858",4.137822,241673.01,,11.98,0,6980,10,True,nid007080,57240768
SparseHNSW_a0.6_b3_s8x4,"M=32 efC=200 ef=20 alpha=0.6 beta=3 q=u8 seedT=8 seedH=8 seedS=4",64,0.8816618911,0.9678,255.4132,8.4610,0.0000,0.028750,"0.028606;0.028787;0.028797;0.028750;0.028564",4.118911,242782.61,,11.98,0,6980,10,True,nid007080,57240768
SparseHNSW_a0.6_b3_s8x4,"M=32 efC=200 ef=25 alpha=0.6 beta=3 q=u8 seedT=8 seedH=8 seedS=4",64,0.8816618911,0.9678,255.4132,8.4610,0.0000,0.028571,"0.028649;0.028806;0.028571;0.028562;0.028482",4.093266,244303.66,,11.98,0,6980,10,True,nid007080,57240768
SparseHNSW_a0.6_b3_s8x4,"M=32 efC=200 ef=30 alpha=0.6 beta=3 q=u8 seedT=8 seedH=8 seedS=4",64,0.8816618911,0.9678,255.4132,8.4610,0.0000,0.028582,"0.028615;0.028582;0.028503;0.028616;0.028539",4.094842,244209.64,,11.98,0,6980,10,True,nid007080,57240768
SparseHNSW_a0.6_b3_s8x4,"M=32 efC=200 ef=35 alpha=0.6 beta=3 q=u8 seedT=8 seedH=8 seedS=4",64,0.8859169054,0.9708,255.4132,8.4610,0.0000,0.030077,"0.030124;0.030068;0.029898;0.030155;0.030077",4.309026,232071.02,,11.98,0,6980,10,True,nid007080,57240768
SparseHNSW_a0.6_b3_s8x4,"M=32 efC=200 ef=40 alpha=0.6 beta=3 q=u8 seedT=8 seedH=8 seedS=4",64,0.8916475645,0.9741,255.4132,8.4610,0.0000,0.033227,"0.033227;0.033157;0.033283;0.033186;0.033257",4.760315,210070.12,,11.98,0,6980,10,True,nid007080,57240768
SparseHNSW_a0.6_b3_s8x4,"M=32 efC=200 ef=50 alpha=0.6 beta=3 q=u8 seedT=8 seedH=8 seedS=4",64,0.9006876791,0.9800,255.4132,8.4610,0.0000,0.039502,"0.039331;0.039502;0.039337;0.039529;0.039558",5.659312,176699.91,,11.98,0,6980,10,True,nid007080,57240768
SparseHNSW_a0.6_b3_s8x4,"M=32 efC=200 ef=60 alpha=0.6 beta=3 q=u8 seedT=8 seedH=8 seedS=4",64,0.9067478510,0.9849,255.4132,8.4610,0.0000,0.045436,"0.045443;0.045387;0.045436;0.045353;0.045585",6.509456,153622.68,,11.98,0,6980,10,True,nid007080,57240768
SparseHNSW_a0.6_b3_s8x4,"M=32 efC=200 ef=75 alpha=0.6 beta=3 q=u8 seedT=8 seedH=8 seedS=4",64,0.9124355301,0.9889,255.4132,8.4610,0.0000,0.054060,"0.054103;0.053887;0.053942;0.054060;0.054113",7.744986,129115.80,,11.98,0,6980,10,True,nid007080,57240768
SparseHNSW_a0.6_b3_s8x4,"M=32 efC=200 ef=100 alpha=0.6 beta=3 q=u8 seedT=8 seedH=8 seedS=4",64,0.9175644699,0.9916,255.4132,8.4610,0.0000,0.067887,"0.067782;0.067887;0.067850;0.067943;0.067971",9.725931,102817.92,,11.98,0,6980,10,True,nid007080,57240768
SparseHNSW_a0.6_b4_s8x4,"M=32 efC=200 ef=10 alpha=0.6 beta=4 q=u8 seedT=8 seedH=8 seedS=4",64,0.9058166189,0.9741,255.4132,8.4610,0.0000,0.033882,"0.034090;0.034096;0.033882;0.033807;0.033844",4.854155,206009.09,,11.98,0,6980,10,True,nid007080,57240768
SparseHNSW_a0.6_b4_s8x4,"M=32 efC=200 ef=20 alpha=0.6 beta=4 q=u8 seedT=8 seedH=8 seedS=4",64,0.9058166189,0.9741,255.4132,8.4610,0.0000,0.033830,"0.033914;0.033807;0.033830;0.034077;0.033245",4.846705,206325.75,,11.98,0,6980,10,True,nid007080,57240768
SparseHNSW_a0.6_b4_s8x4,"M=32 efC=200 ef=25 alpha=0.6 beta=4 q=u8 seedT=8 seedH=8 seedS=4",64,0.9058166189,0.9741,255.4132,8.4610,0.0000,0.033761,"0.033761;0.033851;0.033785;0.033719;0.033694",4.836819,206747.43,,11.98,0,6980,10,True,nid007080,57240768
SparseHNSW_a0.6_b4_s8x4,"M=32 efC=200 ef=30 alpha=0.6 beta=4 q=u8 seedT=8 seedH=8 seedS=4",64,0.9058166189,0.9741,255.4132,8.4610,0.0000,0.033702,"0.033702;0.033820;0.033628;0.033631;0.033742",4.828367,207109.37,,11.98,0,6980,10,True,nid007080,57240768
SparseHNSW_a0.6_b4_s8x4,"M=32 efC=200 ef=35 alpha=0.6 beta=4 q=u8 seedT=8 seedH=8 seedS=4",64,0.9058166189,0.9741,255.4132,8.4610,0.0000,0.033681,"0.033774;0.033769;0.033526;0.033573;0.033681",4.825358,207238.50,,11.98,0,6980,10,True,nid007080,57240768
SparseHNSW_a0.6_b4_s8x4,"M=32 efC=200 ef=40 alpha=0.6 beta=4 q=u8 seedT=8 seedH=8 seedS=4",64,0.9058166189,0.9741,255.4132,8.4610,0.0000,0.033551,"0.033551;0.033512;0.033520;0.033605;0.033590",4.806734,208041.49,,11.98,0,6980,10,True,nid007080,57240768
SparseHNSW_a0.6_b4_s8x4,"M=32 efC=200 ef=50 alpha=0.6 beta=4 q=u8 seedT=8 seedH=8 seedS=4",64,0.9150859599,0.9800,255.4132,8.4610,0.0000,0.039790,"0.039874;0.039790;0.039814;0.039725;0.039665",5.700573,175420.96,,11.98,0,6980,10,True,nid007080,57240768
SparseHNSW_a0.6_b4_s8x4,"M=32 efC=200 ef=60 alpha=0.6 beta=4 q=u8 seedT=8 seedH=8 seedS=4",64,0.9211891117,0.9849,255.4132,8.4610,0.0000,0.045700,"0.045771;0.045740;0.045623;0.045690;0.045700",6.547278,152735.23,,11.98,0,6980,10,True,nid007080,57240768
SparseHNSW_a0.6_b4_s8x4,"M=32 efC=200 ef=75 alpha=0.6 beta=4 q=u8 seedT=8 seedH=8 seedS=4",64,0.9270057307,0.9889,255.4132,8.4610,0.0000,0.054532,"0.054129;0.054190;0.054696;0.054532;0.054532",7.812607,127998.24,,11.98,0,6980,10,True,nid007080,57240768
SparseHNSW_a0.6_b4_s8x4,"M=32 efC=200 ef=100 alpha=0.6 beta=4 q=u8 seedT=8 seedH=8 seedS=4",64,0.9327650430,0.9916,255.4132,8.4610,0.0000,0.068064,"0.068282;0.068089;0.067948;0.067999;0.068064",9.751289,102550.54,,11.98,0,6980,10,True,nid007080,57240768
SparseHNSW_a0.6_b5_s8x4,"M=32 efC=200 ef=10 alpha=0.6 beta=5 q=u8 seedT=8 seedH=8 seedS=4",64,0.9224212034,0.9800,255.4132,8.4610,0.0000,0.040356,"0.040478;0.040356;0.040176;0.040495;0.040184",5.781662,172960.65,,11.98,0,6980,10,True,nid007080,57240768
SparseHNSW_a0.6_b5_s8x4,"M=32 efC=200 ef=20 alpha=0.6 beta=5 q=u8 seedT=8 seedH=8 seedS=4",64,0.9224212034,0.9800,255.4132,8.4610,0.0000,0.040237,"0.040002;0.040581;0.040530;0.040237;0.040227",5.764613,173472.18,,11.98,0,6980,10,True,nid007080,57240768
SparseHNSW_a0.6_b5_s8x4,"M=32 efC=200 ef=25 alpha=0.6 beta=5 q=u8 seedT=8 seedH=8 seedS=4",64,0.9224212034,0.9800,255.4132,8.4610,0.0000,0.040181,"0.040181;0.040217;0.040371;0.040028;0.040141",5.756590,173713.94,,11.98,0,6980,10,True,nid007080,57240768
SparseHNSW_a0.6_b5_s8x4,"M=32 efC=200 ef=30 alpha=0.6 beta=5 q=u8 seedT=8 seedH=8 seedS=4",64,0.9224212034,0.9800,255.4132,8.4610,0.0000,0.040113,"0.040097;0.040360;0.040113;0.040402;0.040111",5.746848,174008.43,,11.98,0,6980,10,True,nid007080,57240768
SparseHNSW_a0.6_b5_s8x4,"M=32 efC=200 ef=35 alpha=0.6 beta=5 q=u8 seedT=8 seedH=8 seedS=4",64,0.9224212034,0.9800,255.4132,8.4610,0.0000,0.040234,"0.040234;0.040176;0.040415;0.040170;0.040244",5.764183,173485.11,,11.98,0,6980,10,True,nid007080,57240768
SparseHNSW_a0.6_b5_s8x4,"M=32 efC=200 ef=40 alpha=0.6 beta=5 q=u8 seedT=8 seedH=8 seedS=4",64,0.9224212034,0.9800,255.4132,8.4610,0.0000,0.040276,"0.040371;0.040276;0.040244;0.040284;0.040178",5.770201,173304.20,,11.98,0,6980,10,True,nid007080,57240768
SparseHNSW_a0.6_b5_s8x4,"M=32 efC=200 ef=50 alpha=0.6 beta=5 q=u8 seedT=8 seedH=8 seedS=4",64,0.9224212034,0.9800,255.4132,8.4610,0.0000,0.040192,"0.040272;0.040192;0.040320;0.040162;0.040073",5.758166,173666.40,,11.98,0,6980,10,True,nid007080,57240768
SparseHNSW_a0.6_b5_s8x4,"M=32 efC=200 ef=60 alpha=0.6 beta=5 q=u8 seedT=8 seedH=8 seedS=4",64,0.9288395415,0.9849,255.4132,8.4610,0.0000,0.046021,"0.045912;0.045991;0.046021;0.046343;0.046047",6.593266,151669.89,,11.98,0,6980,10,True,nid007080,57240768
SparseHNSW_a0.6_b5_s8x4,"M=32 efC=200 ef=75 alpha=0.6 beta=5 q=u8 seedT=8 seedH=8 seedS=4",64,0.9348997135,0.9889,255.4132,8.4610,0.0000,0.054615,"0.054506;0.054615;0.054666;0.054584;0.054655",7.824499,127803.72,,11.98,0,6980,10,True,nid007080,57240768
SparseHNSW_a0.6_b5_s8x4,"M=32 efC=200 ef=100 alpha=0.6 beta=5 q=u8 seedT=8 seedH=8 seedS=4",64,0.9407306590,0.9916,255.4132,8.4610,0.0000,0.068631,"0.068594;0.068328;0.068631;0.068713;0.068665",9.832521,101703.31,,11.98,0,6980,10,True,nid007080,57240768
SparseHNSW_a0.65_b1_s0x0,"M=32 efC=200 ef=10 alpha=0.65 beta=1 q=u8",64,0.6057879656,0.4901,281.4288,2.7227,0.0000,0.013779,"0.014118;0.014079;0.013779;0.013651;0.013657",1.974069,506567.97,,12.09,0,6980,10,True,nid007080,57240768
SparseHNSW_a0.65_b1_s0x0,"M=32 efC=200 ef=20 alpha=0.65 beta=1 q=u8",64,0.6783237822,0.5597,281.4288,2.7227,0.0000,0.021485,"0.021714;0.021594;0.021485;0.021411;0.021343",3.078080,324877.82,,12.09,0,6980,10,True,nid007080,57240768
SparseHNSW_a0.65_b1_s0x0,"M=32 efC=200 ef=25 alpha=0.65 beta=1 q=u8",64,0.6950716332,0.5743,281.4288,2.7227,0.0000,0.024911,"0.025027;0.024923;0.024865;0.024911;0.024848",3.568911,280197.50,,12.09,0,6980,10,True,nid007080,57240768
SparseHNSW_a0.65_b1_s0x0,"M=32 efC=200 ef=30 alpha=0.65 beta=1 q=u8",64,0.7098280802,0.5872,281.4288,2.7227,0.0000,0.028555,"0.028497;0.028598;0.028609;0.028502;0.028555",4.090974,244440.55,,12.09,0,6980,10,True,nid007080,57240768
SparseHNSW_a0.65_b1_s0x0,"M=32 efC=200 ef=35 alpha=0.65 beta=1 q=u8",64,0.7192979943,0.5960,281.4288,2.7227,0.0000,0.031924,"0.031936;0.031924;0.031863;0.031935;0.031895",4.573639,218644.28,,12.09,0,6980,10,True,nid007080,57240768
SparseHNSW_a0.65_b1_s0x0,"M=32 efC=200 ef=40 alpha=0.65 beta=1 q=u8",64,0.7273209169,0.6027,281.4288,2.7227,0.0000,0.035158,"0.035158;0.035202;0.035105;0.035108;0.035207",5.036963,198532.34,,12.09,0,6980,10,True,nid007080,57240768
SparseHNSW_a0.65_b1_s0x0,"M=32 efC=200 ef=50 alpha=0.65 beta=1 q=u8",64,0.7387679083,0.6133,281.4288,2.7227,0.0000,0.041501,"0.041377;0.041501;0.041530;0.041501;0.041558",5.945702,168188.72,,12.09,0,6980,10,True,nid007080,57240768
SparseHNSW_a0.65_b1_s0x0,"M=32 efC=200 ef=60 alpha=0.65 beta=1 q=u8",64,0.7465472779,0.6213,281.4288,2.7227,0.0000,0.047640,"0.047610;0.047660;0.047640;0.047669;0.047606",6.825215,146515.53,,12.09,0,6980,10,True,nid007080,57240768
SparseHNSW_a0.65_b1_s0x0,"M=32 efC=200 ef=75 alpha=0.65 beta=1 q=u8",64,0.7541547278,0.6291,281.4288,2.7227,0.0000,0.056501,"0.056288;0.056367;0.056537;0.056501;0.056531",8.094699,123537.64,,12.09,0,6980,10,True,nid007080,57240768
SparseHNSW_a0.65_b1_s0x0,"M=32 efC=200 ef=100 alpha=0.65 beta=1 q=u8",64,0.7625787966,0.6362,281.4288,2.7227,0.0000,0.070519,"0.070552;0.070519;0.070540;0.070458;0.070388",10.103009,98980.42,,12.09,0,6980,10,True,nid007080,57240768
SparseHNSW_a0.65_b2_s0x0,"M=32 efC=200 ef=10 alpha=0.65 beta=2 q=u8",64,0.7849140401,0.8841,281.4288,2.7227,0.0000,0.022597,"0.022912;0.022741;0.022597;0.022468;0.022336",3.237393,308890.56,,12.09,0,6980,10,True,nid007080,57240768
SparseHNSW_a0.65_b2_s0x0,"M=32 efC=200 ef=20 alpha=0.65 beta=2 q=u8",64,0.7849140401,0.8841,281.4288,2.7227,0.0000,0.022274,"0.022322;0.022296;0.022227;0.022274;0.022092",3.191117,313369.85,,12.09,0,6980,10,True,nid007080,57240768
SparseHNSW_a0.65_b2_s0x0,"M=32 efC=200 ef=25 alpha=0.65 beta=2 q=u8",64,0.8061461318,0.9016,281.4288,2.7227,0.0000,0.025744,"0.025732;0.025792;0.025682;0.025806;0.025744",3.688252,271131.14,,12.09,0,6980,10,True,nid007080,57240768
SparseHNSW_a0.65_b2_s0x0,"M=32 efC=200 ef=30 alpha=0.65 beta=2 q=u8",64,0.8242836676,0.9178,281.4288,2.7227,0.0000,0.029354,"0.029435;0.029354;0.029318;0.029441;0.029312",4.205444,237787.01,,12.09,0,6980,10,True,nid007080,57240768
SparseHNSW_a0.65_b2_s0x0,"M=32 efC=200 ef=35 alpha=0.65 beta=2 q=u8",64,0.8356303725,0.9275,281.4288,2.7227,0.0000,0.032747,"0.032814;0.032747;0.032683;0.032790;0.032684",4.691547,213149.30,,12.09,0,6980,10,True,nid007080,57240768
SparseHNSW_a0.65_b2_s0x0,"M=32 efC=200 ef=40 alpha=0.65 beta=2 q=u8",64,0.8453868195,0.9354,281.4288,2.7227,0.0000,0.035961,"0.035970;0.035925;0.035868;0.035971;0.035961",5.152006,194099.16,,12.09,0,6980,10,True,nid007080,57240768
SparseHNSW_a0.65_b2_s0x0,"M=32 efC=200 ef=50 alpha=0.65 beta=2 q=u8",64,0.8588825215,0.9467,281.4288,2.7227,0.0000,0.042297,"0.042412;0.042081;0.042332;0.042228;0.042297",6.059742,165023.52,,12.09,0,6980,10,True,nid007080,57240768
SparseHNSW_a0.65_b2_s0x0,"M=32 efC=200 ef=60 alpha=0.65 beta=2 q=u8",64,0.8682521490,0.9553,281.4288,2.7227,0.0000,0.048367,"0.048416;0.048546;0.048279;0.048298;0.048367",6.929370,144313.27,,12.09,0,6980,10,True,nid007080,57240768
SparseHNSW_a0.65_b2_s0x0,"M=32 efC=200 ef=75 alpha=0.65 beta=2 q=u8",64,0.8770200573,0.9630,281.4288,2.7227,0.0000,0.057030,"0.056948;0.057023;0.057030;0.057050;0.057158",8.170487,122391.72,,12.09,0,6980,10,True,nid007080,57240768
SparseHNSW_a0.65_b2_s0x0,"M=32 efC=200 ef=100 alpha=0.65 beta=2 q=u8",64,0.8874068768,0.9726,281.4288,2.7227,0.0000,0.071139,"0.070802;0.071139;0.070782;0.071251;0.071190",10.191834,98117.77,,12.09,0,6980,10,True,nid007080,57240768
SparseHNSW_a0.65_b3_s0x0,"M=32 efC=200 ef=10 alpha=0.65 beta=3 q=u8",64,0.8465186246,0.9179,281.4288,2.7227,0.0000,0.030081,"0.030319;0.030164;0.030081;0.030037;0.030042",4.309599,232040.16,,12.09,0,6980,10,True,nid007080,57240768
SparseHNSW_a0.65_b3_s0x0,"M=32 efC=200 ef=20 alpha=0.65 beta=3 q=u8",64,0.8465186246,0.9179,281.4288,2.7227,0.0000,0.029892,"0.029896;0.029833;0.030093;0.029892;0.029812",4.282521,233507.29,,12.09,0,6980,10,True,nid007080,57240768
SparseHNSW_a0.65_b3_s0x0,"M=32 efC=200 ef=25 alpha=0.65 beta=3 q=u8",64,0.8465186246,0.9179,281.4288,2.7227,0.0000,0.029776,"0.029829;0.029799;0.029732;0.029776;0.029748",4.265903,234416.98,,12.09,0,6980,10,True,nid007080,57240768
SparseHNSW_a0.65_b3_s0x0,"M=32 efC=200 ef=30 alpha=0.65 beta=3 q=u8",64,0.8465186246,0.9179,281.4288,2.7227,0.0000,0.029755,"0.029712;0.029903;0.029755;0.029623;0.029788",4.262894,234582.42,,12.09,0,6980,10,True,nid007080,57240768
SparseHNSW_a0.65_b3_s0x0,"M=32 efC=200 ef=35 alpha=0.65 beta=3 q=u8",64,0.8584813754,0.9278,281.4288,2.7227,0.0000,0.033112,"0.033112;0.033101;0.033168;0.033117;0.033110",4.743840,210799.71,,12.09,0,6980,10,True,nid007080,57240768
SparseHNSW_a0.65_b3_s0x0,"M=32 efC=200 ef=40 alpha=0.65 beta=3 q=u8",64,0.8689541547,0.9357,281.4288,2.7227,0.0000,0.036346,"0.036221;0.036408;0.036346;0.036303;0.036375",5.207163,192043.14,,12.09,0,6980,10,True,nid007080,57240768
SparseHNSW_a0.65_b3_s0x0,"M=32 efC=200 ef=50 alpha=0.65 beta=3 q=u8",64,0.8835530086,0.9470,281.4288,2.7227,0.0000,0.042644,"0.042599;0.042726;0.042600;0.042644;0.042751",6.109456,163680.71,,12.09,0,6980,10,True,nid007080,57240768
SparseHNSW_a0.65_b3_s0x0,"M=32 efC=200 ef=60 alpha=0.65 beta=3 q=u8",64,0.8935100287,0.9554,281.4288,2.7227,0.0000,0.048690,"0.048649;0.048646;0.048724;0.048690;0.048836",6.975645,143355.93,,12.09,0,6980,10,True,nid007080,57240768
SparseHNSW_a0.65_b3_s0x0,"M=32 efC=200 ef=75 alpha=0.65 beta=3 q=u8",64,0.9027507163,0.9630,281.4288,2.7227,0.0000,0.057463,"0.057477;0.057463;0.057337;0.057381;0.057494",8.232521,121469.47,,12.09,0,6980,10,True,nid007080,57240768
SparseHNSW_a0.65_b3_s0x0,"M=32 efC=200 ef=100 alpha=0.65 beta=3 q=u8",64,0.9137822350,0.9726,281.4288,2.7227,0.0000,0.071256,"0.071370;0.071256;0.071075;0.071229;0.071289",10.208596,97956.66,,12.09,0,6980,10,True,nid007080,57240768
SparseHNSW_a0.65_b4_s0x0,"M=32 efC=200 ef=10 alpha=0.65 beta=4 q=u8",64,0.8780515759,0.9357,281.4288,2.7227,0.0000,0.036904,"0.036994;0.036776;0.036680;0.036904;0.036907",5.287106,189139.39,,12.09,0,6980,10,True,nid007080,57240768
SparseHNSW_a0.65_b4_s0x0,"M=32 efC=200 ef=20 alpha=0.65 beta=4 q=u8",64,0.8780515759,0.9357,281.4288,2.7227,0.0000,0.036727,"0.036647;0.036679;0.036952;0.036727;0.036939",5.261748,190050.92,,12.09,0,6980,10,True,nid007080,57240768
SparseHNSW_a0.65_b4_s0x0,"M=32 efC=200 ef=25 alpha=0.65 beta=4 q=u8",64,0.8780515759,0.9357,281.4288,2.7227,0.0000,0.036660,"0.036830;0.036556;0.036897;0.036505;0.036660",5.252149,190398.25,,12.09,0,6980,10,True,nid007080,57240768
SparseHNSW_a0.65_b4_s0x0,"M=32 efC=200 ef=30 alpha=0.65 beta=4 q=u8",64,0.8780515759,0.9357,281.4288,2.7227,0.0000,0.036620,"0.036592;0.036620;0.036656;0.036687;0.036523",5.246418,190606.23,,12.09,0,6980,10,True,nid007080,57240768
SparseHNSW_a0.65_b4_s0x0,"M=32 efC=200 ef=35 alpha=0.65 beta=4 q=u8",64,0.8780515759,0.9357,281.4288,2.7227,0.0000,0.036768,"0.036781;0.036400;0.036848;0.036666;0.036768",5.267622,189838.99,,12.09,0,6980,10,True,nid007080,57240768
SparseHNSW_a0.65_b4_s0x0,"M=32 efC=200 ef=40 alpha=0.65 beta=4 q=u8",64,0.8780515759,0.9357,281.4288,2.7227,0.0000,0.036577,"0.036602;0.036577;0.036576;0.036785;0.036500",5.240258,190830.30,,12.09,0,6980,10,True,nid007080,57240768
SparseHNSW_a0.65_b4_s0x0,"M=32 efC=200 ef=50 alpha=0.65 beta=4 q=u8",64,0.8929226361,0.9470,281.4288,2.7227,0.0000,0.042867,"0.042659;0.042989;0.042950;0.042855;0.042867",6.141404,162829.22,,12.09,0,6980,10,True,nid007080,57240768
SparseHNSW_a0.65_b4_s0x0,"M=32 efC=200 ef=60 alpha=0.65 beta=4 q=u8",64,0.9031088825,0.9556,281.4288,2.7227,0.0000,0.049015,"0.049015;0.049074;0.049085;0.048994;0.048891",7.022206,142405.39,,12.09,0,6980,10,True,nid007080,57240768
SparseHNSW_a0.65_b4_s0x0,"M=32 efC=200 ef=75 alpha=0.65 beta=4 q=u8",64,0.9125644699,0.9632,281.4288,2.7227,0.0000,0.057766,"0.057665;0.057766;0.057603;0.057924;0.057794",8.275931,120832.32,,12.09,0,6980,10,True,nid007080,57240768
SparseHNSW_a0.65_b4_s0x0,"M=32 efC=200 ef=100 alpha=0.65 beta=4 q=u8",64,0.9238108883,0.9728,281.4288,2.7227,0.0000,0.071472,"0.071375;0.071310;0.071633;0.071486;0.071472",10.239542,97660.62,,12.09,0,6980,10,True,nid007080,57240768
SparseHNSW_a0.65_b5_s0x0,"M=32 efC=200 ef=10 alpha=0.65 beta=5 q=u8",64,0.8975071633,0.9470,281.4288,2.7227,0.0000,0.043266,"0.043383;0.043259;0.043282;0.043151;0.043266",6.198567,161327.60,,12.09,0,6980,10,True,nid007080,57240768
SparseHNSW_a0.65_b5_s0x0,"M=32 efC=200 ef=20 alpha=0.65 beta=5 q=u8",64,0.8975071633,0.9470,281.4288,2.7227,0.0000,0.043273,"0.043273;0.043197;0.043332;0.043052;0.043452",6.199570,161301.50,,12.09,0,6980,10,True,nid007080,57240768
SparseHNSW_a0.65_b5_s0x0,"M=32 efC=200 ef=25 alpha=0.65 beta=5 q=u8",64,0.8975071633,0.9470,281.4288,2.7227,0.0000,0.043112,"0.043096;0.043149;0.043224;0.042950;0.043112",6.176504,161903.88,,12.09,0,6980,10,True,nid007080,57240768
SparseHNSW_a0.65_b5_s0x0,"M=32 efC=200 ef=30 alpha=0.65 beta=5 q=u8",64,0.8975071633,0.9470,281.4288,2.7227,0.0000,0.043250,"0.043457;0.043231;0.043250;0.043108;0.043481",6.196275,161387.28,,12.09,0,6980,10,True,nid007080,57240768
SparseHNSW_a0.65_b5_s0x0,"M=32 efC=200 ef=35 alpha=0.65 beta=5 q=u8",64,0.8975071633,0.9470,281.4288,2.7227,0.0000,0.043153,"0.043215;0.043205;0.043124;0.043153;0.042995",6.182378,161750.05,,12.09,0,6980,10,True,nid007080,57240768
SparseHNSW_a0.65_b5_s0x0,"M=32 efC=200 ef=40 alpha=0.65 beta=5 q=u8",64,0.8975071633,0.9470,281.4288,2.7227,0.0000,0.043220,"0.043110;0.043341;0.043282;0.043090;0.043220",6.191977,161499.31,,12.09,0,6980,10,True,nid007080,57240768
SparseHNSW_a0.65_b5_s0x0,"M=32 efC=200 ef=50 alpha=0.65 beta=5 q=u8",64,0.8975071633,0.9470,281.4288,2.7227,0.0000,0.043249,"0.043341;0.043207;0.043249;0.043301;0.043175",6.196132,161391.01,,12.09,0,6980,10,True,nid007080,57240768
SparseHNSW_a0.65_b5_s0x0,"M=32 efC=200 ef=60 alpha=0.65 beta=5 q=u8",64,0.9078080229,0.9556,281.4288,2.7227,0.0000,0.049296,"0.049259;0.049102;0.049302;0.049316;0.049296",7.062464,141593.64,,12.09,0,6980,10,True,nid007080,57240768
SparseHNSW_a0.65_b5_s0x0,"M=32 efC=200 ef=75 alpha=0.65 beta=5 q=u8",64,0.9173925501,0.9632,281.4288,2.7227,0.0000,0.057846,"0.057970;0.057788;0.057940;0.057846;0.057792",8.287393,120665.21,,12.09,0,6980,10,True,nid007080,57240768
SparseHNSW_a0.65_b5_s0x0,"M=32 efC=200 ef=100 alpha=0.65 beta=5 q=u8",64,0.9288825215,0.9728,281.4288,2.7227,0.0000,0.071609,"0.071877;0.071609;0.071537;0.071338;0.072096",10.259169,97473.78,,12.09,0,6980,10,True,nid007080,57240768
SparseHNSW_a0.65_b1_s8x4,"M=32 efC=200 ef=10 alpha=0.65 beta=1 q=u8 seedT=8 seedH=8 seedS=4",64,0.7521346705,0.6215,281.4288,2.7227,0.0000,0.027454,"0.027669;0.027537;0.027454;0.027232;0.027209",3.933238,254243.46,,12.09,0,6980,10,True,nid007080,57240768
SparseHNSW_a0.65_b1_s8x4,"M=32 efC=200 ef=20 alpha=0.65 beta=1 q=u8 seedT=8 seedH=8 seedS=4",64,0.7521346705,0.6215,281.4288,2.7227,0.0000,0.027030,"0.027099;0.027013;0.027063;0.027030;0.027017",3.872493,258231.59,,12.09,0,6980,10,True,nid007080,57240768
SparseHNSW_a0.65_b1_s8x4,"M=32 efC=200 ef=25 alpha=0.65 beta=1 q=u8 seedT=8 seedH=8 seedS=4",64,0.7521346705,0.6215,281.4288,2.7227,0.0000,0.026932,"0.027005;0.026928;0.026932;0.026826;0.027006",3.858453,259171.25,,12.09,0,6980,10,True,nid007080,57240768
SparseHNSW_a0.65_b1_s8x4,"M=32 efC=200 ef=30 alpha=0.65 beta=1 q=u8 seedT=8 seedH=8 seedS=4",64,0.7521203438,0.6214,281.4288,2.7227,0.0000,0.026910,"0.027020;0.026941;0.026910;0.026855;0.026885",3.855301,259383.13,,12.09,0,6980,10,True,nid007080,57240768
SparseHNSW_a0.65_b1_s8x4,"M=32 efC=200 ef=35 alpha=0.65 beta=1 q=u8 seedT=8 seedH=8 seedS=4",64,0.7544699140,0.6236,281.4288,2.7227,0.0000,0.028422,"0.028422;0.028485;0.028336;0.028309;0.028423",4.071920,245584.41,,12.09,0,6980,10,True,nid007080,57240768
SparseHNSW_a0.65_b1_s8x4,"M=32 efC=200 ef=40 alpha=0.65 beta=1 q=u8 seedT=8 seedH=8 seedS=4",64,0.7590401146,0.6276,281.4288,2.7227,0.0000,0.031651,"0.031540;0.031734;0.031767;0.031614;0.031651",4.534527,220530.16,,12.09,0,6980,10,True,nid007080,57240768
SparseHNSW_a0.65_b1_s8x4,"M=32 efC=200 ef=50 alpha=0.65 beta=1 q=u8 seedT=8 seedH=8 seedS=4",64,0.7660744986,0.6348,281.4288,2.7227,0.0000,0.037944,"0.037794;0.037944;0.037954;0.038008;0.037941",5.436103,183955.30,,12.09,0,6980,10,True,nid007080,57240768
SparseHNSW_a0.65_b1_s8x4,"M=32 efC=200 ef=60 alpha=0.65 beta=1 q=u8 seedT=8 seedH=8 seedS=4",64,0.7700000000,0.6395,281.4288,2.7227,0.0000,0.043751,"0.043639;0.043728;0.043917;0.043864;0.043751",6.268052,159539.21,,12.09,0,6980,10,True,nid007080,57240768
SparseHNSW_a0.65_b1_s8x4,"M=32 efC=200 ef=75 alpha=0.65 beta=1 q=u8 seedT=8 seedH=8 seedS=4",64,0.7747707736,0.6447,281.4288,2.7227,0.0000,0.052544,"0.052513;0.052544;0.052821;0.052755;0.052457",7.527794,132841.05,,12.09,0,6980,10,True,nid007080,57240768
SparseHNSW_a0.65_b1_s8x4,"M=32 efC=200 ef=100 alpha=0.65 beta=1 q=u8 seedT=8 seedH=8 seedS=4",64,0.7794699140,0.6491,281.4288,2.7227,0.0000,0.066436,"0.066436;0.066436;0.066572;0.066482;0.066380",9.518052,105063.52,,12.09,0,6980,10,True,nid007080,57240768
SparseHNSW_a0.65_b2_s8x4,"M=32 efC=200 ef=10 alpha=0.65 beta=2 q=u8 seedT=8 seedH=8 seedS=4",64,0.8725931232,0.9689,281.4288,2.7227,0.0000,0.028241,"0.028536;0.028430;0.028241;0.027994;0.028063",4.045989,247158.39,,12.09,0,6980,10,True,nid007080,57240768
SparseHNSW_a0.65_b2_s8x4,"M=32 efC=200 ef=20 alpha=0.65 beta=2 q=u8 seedT=8 seedH=8 seedS=4",64,0.8725931232,0.9689,281.4288,2.7227,0.0000,0.027939,"0.027968;0.028047;0.027939;0.027885;0.027870",4.002722,249829.99,,12.09,0,6980,10,True,nid007080,57240768
SparseHNSW_a0.65_b2_s8x4,"M=32 efC=200 ef=25 alpha=0.65 beta=2 q=u8 seedT=8 seedH=8 seedS=4",64,0.8725931232,0.9689,281.4288,2.7227,0.0000,0.027851,"0.027873;0.027851;0.027845;0.027851;0.027687",3.990115,250619.37,,12.09,0,6980,10,True,nid007080,57240768
SparseHNSW_a0.65_b2_s8x4,"M=32 efC=200 ef=30 alpha=0.65 beta=2 q=u8 seedT=8 seedH=8 seedS=4",64,0.8725931232,0.9689,281.4288,2.7227,0.0000,0.027768,"0.027768;0.027811;0.027821;0.027713;0.027732",3.978223,251368.48,,12.09,0,6980,10,True,nid007080,57240768
SparseHNSW_a0.65_b2_s8x4,"M=32 efC=200 ef=35 alpha=0.65 beta=2 q=u8 seedT=8 seedH=8 seedS=4",64,0.8755014327,0.9706,281.4288,2.7227,0.0000,0.029267,"0.029215;0.029351;0.029267;0.029284;0.029237",4.192980,238493.87,,12.09,0,6980,10,True,nid007080,57240768
SparseHNSW_a0.65_b2_s8x4,"M=32 efC=200 ef=40 alpha=0.65 beta=2 q=u8 seedT=8 seedH=8 seedS=4",64,0.8815186246,0.9744,281.4288,2.7227,0.0000,0.032482,"0.032528;0.032437;0.032522;0.032407;0.032482",4.653582,214888.25,,12.09,0,6980,10,True,nid007080,57240768
SparseHNSW_a0.65_b2_s8x4,"M=32 efC=200 ef=50 alpha=0.65 beta=2 q=u8 seedT=8 seedH=8 seedS=4",64,0.8900573066,0.9808,281.4288,2.7227,0.0000,0.038758,"0.038737;0.038828;0.038824;0.038758;0.038706",5.552722,180091.85,,12.09,0,6980,10,True,nid007080,57240768
SparseHNSW_a0.65_b2_s8x4,"M=32 efC=200 ef=60 alpha=0.65 beta=2 q=u8 seedT=8 seedH=8 seedS=4",64,0.8949856734,0.9842,281.4288,2.7227,0.0000,0.044384,"0.044298;0.044471;0.044477;0.044357;0.044384",6.358739,157263.88,,12.09,0,6980,10,True,nid007080,57240768
SparseHNSW_a0.65_b2_s8x4,"M=32 efC=200 ef=75 alpha=0.65 beta=2 q=u8 seedT=8 seedH=8 seedS=4",64,0.9007306590,0.9877,281.4288,2.7227,0.0000,0.053233,"0.053090;0.053233;0.053334;0.053233;0.053410",7.626504,131121.67,,12.09,0,6980,10,True,nid007080,57240768
SparseHNSW_a0.65_b2_s8x4,"M=32 efC=200 ef=100 alpha=0.65 beta=2 q=u8 seedT=8 seedH=8 seedS=4",64,0.9068767908,0.9915,281.4288,2.7227,0.0000,0.067069,"0.067074;0.067163;0.067010;0.067069;0.066994",9.608739,104071.93,,12.09,0,6980,10,True,nid007080,57240768
SparseHNSW_a0.65_b3_s8x4,"M=32 efC=200 ef=10 alpha=0.65 beta=3 q=u8 seedT=8 seedH=8 seedS=4",64,0.8960601719,0.9691,281.4288,2.7227,0.0000,0.028735,"0.028856;0.028735;0.028746;0.028535;0.028615",4.116762,242909.34,,12.09,0,6980,10,True,nid007080,57240768
SparseHNSW_a0.65_b3_s8x4,"M=32 efC=200 ef=20 alpha=0.65 beta=3 q=u8 seedT=8 seedH=8 seedS=4",64,0.8960601719,0.9691,281.4288,2.7227,0.0000,0.028368,"0.028432;0.028535;0.028353;0.028334;0.028368",4.064183,246051.89,,12.09,0,6980,10,True,nid007080,57240768
SparseHNSW_a0.65_b3_s8x4,"M=32 efC=200 ef=25 alpha=0.65 beta=3 q=u8 seedT=8 seedH=8 seedS=4",64,0.8960601719,0.9691,281.4288,2.7227,0.0000,0.028333,"0.028372;0.028333;0.028404;0.028249;0.028163",4.059169,246355.84,,12.09,0,6980,10,True,nid007080,57240768
SparseHNSW_a0.65_b3_s8x4,"M=32 efC=200 ef=30 alpha=0.65 beta=3 q=u8 seedT=8 seedH=8 seedS=4",64,0.8960601719,0.9691,281.4288,2.7227,0.0000,0.028209,"0.028208;0.028230;0.028209;0.028277;0.028151",4.041404,247438.76,,12.09,0,6980,10,True,nid007080,57240768
SparseHNSW_a0.65_b3_s8x4,"M=32 efC=200 ef=35 alpha=0.65 beta=3 q=u8 seedT=8 seedH=8 seedS=4",64,0.8993266476,0.9708,281.4288,2.7227,0.0000,0.029691,"0.029677;0.029735;0.029586;0.029743;0.029691",4.253725,235088.07,,12.09,0,6980,10,True,nid007080,57240768
SparseHNSW_a0.65_b3_s8x4,"M=32 efC=200 ef=40 alpha=0.65 beta=3 q=u8 seedT=8 seedH=8 seedS=4",64,0.9058739255,0.9745,281.4288,2.7227,0.0000,0.032980,"0.032909;0.032980;0.033059;0.033025;0.032846",4.724928,211643.42,,12.09,0,6980,10,True,nid007080,57240768
SparseHNSW_a0.65_b3_s8x4,"M=32 efC=200 ef=50 alpha=0.65 beta=3 q=u8 seedT=8 seedH=8 seedS=4",64,0.9155444126,0.9809,281.4288,2.7227,0.0000,0.038856,"0.038802;0.038799;0.039013;0.038856;0.038964",5.566762,179637.64,,12.09,0,6980,10,True,nid007080,57240768
SparseHNSW_a0.65_b3_s8x4,"M=32 efC=200 ef=60 alpha=0.65 beta=3 q=u8 seedT=8 seedH=8 seedS=4",64,0.9209598854,0.9844,281.4288,2.7227,0.0000,0.044823,"0.044788;0.044828;0.044811;0.045002;0.044823",6.421633,155723.62,,12.09,0,6980,10,True,nid007080,57240768
SparseHNSW_a0.65_b3_s8x4,"M=32 efC=200 ef=75 alpha=0.65 beta=3 q=u8 seedT=8 seedH=8 seedS=4",64,0.9271346705,0.9877,281.4288,2.7227,0.0000,0.053665,"0.053698;0.053665;0.053563;0.053776;0.053515",7.688395,130066.15,,12.09,0,6980,10,True,nid007080,57240768
SparseHNSW_a0.65_b3_s8x4,"M=32 efC=200 ef=100 alpha=0.65 beta=3 q=u8 seedT=8 seedH=8 seedS=4",64,0.9336246418,0.9915,281.4288,2.7227,0.0000,0.067308,"0.067308;0.067470;0.067246;0.067568;0.067270",9.642980,103702.38,,12.09,0,6980,10,True,nid007080,57240768
SparseHNSW_a0.65_b4_s8x4,"M=32 efC=200 ef=10 alpha=0.65 beta=4 q=u8 seedT=8 seedH=8 seedS=4",64,0.9153581662,0.9745,281.4288,2.7227,0.0000,0.033511,"0.033471;0.033719;0.033466;0.033511;0.033539",4.801003,208289.82,,12.09,0,6980,10,True,nid007080,57240768
SparseHNSW_a0.65_b4_s8x4,"M=32 efC=200 ef=20 alpha=0.65 beta=4 q=u8 seedT=8 seedH=8 seedS=4",64,0.9153581662,0.9745,281.4288,2.7227,0.0000,0.033387,"0.033429;0.033387;0.033387;0.033375;0.033337",4.783238,209063.41,,12.09,0,6980,10,True,nid007080,57240768
SparseHNSW_a0.65_b4_s8x4,"M=32 efC=200 ef=25 alpha=0.65 beta=4 q=u8 seedT=8 seedH=8 seedS=4",64,0.9153581662,0.9745,281.4288,2.7227,0.0000,0.033276,"0.033404;0.033276;0.033335;0.033180;0.033263",4.767335,209760.79,,12.09,0,6980,10,True,nid007080,57240768
SparseHNSW_a0.65_b4_s8x4,"M=32 efC=200 ef=30 alpha=0.65 beta=4 q=u8 seedT=8 seedH=8 seedS=4",64,0.9153581662,0.9745,281.4288,2.7227,0.0000,0.033315,"0.033315;0.033105;0.033208;0.033319;0.033473",4.772923,209515.23,,12.09,0,6980,10,True,nid007080,57240768
SparseHNSW_a0.65_b4_s8x4,"M=32 efC=200 ef=35 alpha=0.65 beta=4 q=u8 seedT=8 seedH=8 seedS=4",64,0.9153581662,0.9745,281.4288,2.7227,0.0000,0.033219,"0.033349;0.033280;0.033219;0.033189;0.033124",4.759169,210120.71,,12.09,0,6980,10,True,nid007080,57240768
SparseHNSW_a0.65_b4_s8x4,"M=32 efC=200 ef=40 alpha=0.65 beta=4 q=u8 seedT=8 seedH=8 seedS=4",64,0.9153581662,0.9745,281.4288,2.7227,0.0000,0.033143,"0.033055;0.033108;0.033326;0.033316;0.033143",4.748281,210602.54,,12.09,0,6980,10,True,nid007080,57240768
SparseHNSW_a0.65_b4_s8x4,"M=32 efC=200 ef=50 alpha=0.65 beta=4 q=u8 seedT=8 seedH=8 seedS=4",64,0.9252578797,0.9809,281.4288,2.7227,0.0000,0.039395,"0.039395;0.039578;0.039334;0.039356;0.039474",5.643983,177179.85,,12.09,0,6980,10,True,nid007080,57240768
SparseHNSW_a0.65_b4_s8x4,"M=32 efC=200 ef=60 alpha=0.65 beta=4 q=u8 seedT=8 seedH=8 seedS=4",64,0.9307879656,0.9844,281.4288,2.7227,0.0000,0.045072,"0.045072;0.044786;0.045227;0.045088;0.045063",6.457307,154863.33,,12.09,0,6980,10,True,nid007080,57240768
SparseHNSW_a0.65_b4_s8x4,"M=32 efC=200 ef=75 alpha=0.65 beta=4 q=u8 seedT=8 seedH=8 seedS=4",64,0.9370916905,0.9877,281.4288,2.7227,0.0000,0.053763,"0.053763;0.053718;0.053850;0.053923;0.053689",7.702436,129829.06,,12.09,0,6980,10,True,nid007080,57240768
SparseHNSW_a0.65_b4_s8x4,"M=32 efC=200 ef=100 alpha=0.65 beta=4 q=u8 seedT=8 seedH=8 seedS=4",64,0.9437679083,0.9915,281.4288,2.7227,0.0000,0.067696,"0.067553;0.067430;0.067696;0.068039;0.067786",9.698567,103108.01,,12.09,0,6980,10,True,nid007080,57240768
SparseHNSW_a0.65_b5_s8x4,"M=32 efC=200 ef=10 alpha=0.65 beta=5 q=u8 seedT=8 seedH=8 seedS=4",64,0.9300716332,0.9809,281.4288,2.7227,0.0000,0.039769,"0.039777;0.040045;0.039549;0.039551;0.039769",5.697564,175513.59,,12.09,0,6980,10,True,nid007080,57240768
SparseHNSW_a0.65_b5_s8x4,"M=32 efC=200 ef=20 alpha=0.65 beta=5 q=u8 seedT=8 seedH=8 seedS=4",64,0.9300716332,0.9809,281.4288,2.7227,0.0000,0.039697,"0.039883;0.039697;0.039420;0.039654;0.039891",5.687249,175831.93,,12.09,0,6980,10,True,nid007080,57240768
SparseHNSW_a0.65_b5_s8x4,"M=32 efC=200 ef=25 alpha=0.65 beta=5 q=u8 seedT=8 seedH=8 seedS=4",64,0.9300716332,0.9809,281.4288,2.7227,0.0000,0.039679,"0.039731;0.039486;0.039679;0.039712;0.039639",5.684670,175911.69,,12.09,0,6980,10,True,nid007080,57240768
SparseHNSW_a0.65_b5_s8x4,"M=32 efC=200 ef=30 alpha=0.65 beta=5 q=u8 seedT=8 seedH=8 seedS=4",64,0.9300716332,0.9809,281.4288,2.7227,0.0000,0.039532,"0.039599;0.039728;0.039472;0.039532;0.039500",5.663610,176565.82,,12.09,0,6980,10,True,nid007080,57240768
SparseHNSW_a0.65_b5_s8x4,"M=32 efC=200 ef=35 alpha=0.65 beta=5 q=u8 seedT=8 seedH=8 seedS=4",64,0.9300716332,0.9809,281.4288,2.7227,0.0000,0.039770,"0.039994;0.039871;0.039629;0.039721;0.039770",5.697708,175509.18,,12.09,0,6980,10,True,nid007080,57240768
SparseHNSW_a0.65_b5_s8x4,"M=32 efC=200 ef=40 alpha=0.65 beta=5 q=u8 seedT=8 seedH=8 seedS=4",64,0.9300716332,0.9809,281.4288,2.7227,0.0000,0.039561,"0.039533;0.039561;0.039972;0.039234;0.039730",5.667765,176436.39,,12.09,0,6980,10,True,nid007080,57240768
SparseHNSW_a0.65_b5_s8x4,"M=32 efC=200 ef=50 alpha=0.65 beta=5 q=u8 seedT=8 seedH=8 seedS=4",64,0.9300716332,0.9809,281.4288,2.7227,0.0000,0.039755,"0.039653;0.039669;0.039917;0.039807;0.039755",5.695559,175575.40,,12.09,0,6980,10,True,nid007080,57240768
SparseHNSW_a0.65_b5_s8x4,"M=32 efC=200 ef=60 alpha=0.65 beta=5 q=u8 seedT=8 seedH=8 seedS=4",64,0.9356876791,0.9844,281.4288,2.7227,0.0000,0.045336,"0.045249;0.045612;0.045336;0.045260;0.045580",6.495129,153961.53,,12.09,0,6980,10,True,nid007080,57240768
SparseHNSW_a0.65_b5_s8x4,"M=32 efC=200 ef=75 alpha=0.65 beta=5 q=u8 seedT=8 seedH=8 seedS=4",64,0.9421060172,0.9877,281.4288,2.7227,0.0000,0.054155,"0.054005;0.053838;0.054158;0.054155;0.054387",7.758596,128889.30,,12.09,0,6980,10,True,nid007080,57240768
SparseHNSW_a0.65_b5_s8x4,"M=32 efC=200 ef=100 alpha=0.65 beta=5 q=u8 seedT=8 seedH=8 seedS=4",64,0.9489255014,0.9915,281.4288,2.7227,0.0000,0.067843,"0.067721;0.067962;0.067843;0.068360;0.067714",9.719628,102884.60,,12.09,0,6980,10,True,nid007080,57240768
SparseHNSW_a0.7_b1_s0x0,"M=32 efC=200 ef=10 alpha=0.7 beta=1 q=u8",64,0.6360601719,0.5095,310.6024,2.1664,0.0000,0.013618,"0.013549;0.013880;0.013768;0.013618;0.013572",1.951003,512556.91,,12.23,0,6980,10,True,nid007080,57240768
SparseHNSW_a0.7_b1_s0x0,"M=32 efC=200 ef=20 alpha=0.7 beta=1 q=u8",64,0.7041977077,0.5745,310.6024,2.1664,0.0000,0.021068,"0.021407;0.021197;0.021068;0.021005;0.020943",3.018338,331308.15,,12.23,0,6980,10,True,nid007080,57240768
SparseHNSW_a0.7_b1_s0x0,"M=32 efC=200 ef=25 alpha=0.7 beta=1 q=u8",64,0.7237106017,0.5917,310.6024,2.1664,0.0000,0.024407,"0.024509;0.024511;0.024407;0.024344;0.024399",3.496705,285983.53,,12.23,0,6980,10,True,nid007080,57240768
SparseHNSW_a0.7_b1_s0x0,"M=32 efC=200 ef=30 alpha=0.7 beta=1 q=u8",64,0.7358595989,0.6024,310.6024,2.1664,0.0000,0.027808,"0.027843;0.027933;0.027707;0.027793;0.027808",3.983954,251006.90,,12.23,0,6980,10,True,nid007080,57240768
SparseHNSW_a0.7_b1_s0x0,"M=32 efC=200 ef=35 alpha=0.7 beta=1 q=u8",64,0.7460888252,0.6118,310.6024,2.1664,0.0000,0.031109,"0.031107;0.031177;0.031020;0.031222;0.031109",4.456877,224372.37,,12.23,0,6980,10,True,nid007080,57240768
SparseHNSW_a0.7_b1_s0x0,"M=32 efC=200 ef=40 alpha=0.7 beta=1 q=u8",64,0.7548424069,0.6197,310.6024,2.1664,0.0000,0.034365,"0.034289;0.034447;0.034420;0.034365;0.034276",4.923352,203113.63,,12.23,0,6980,10,True,nid007080,57240768
SparseHNSW_a0.7_b1_s0x0,"M=32 efC=200 ef=50 alpha=0.7 beta=1 q=u8",64,0.7659742120,0.6283,310.6024,2.1664,0.0000,0.040619,"0.040619;0.040600;0.040693;0.040619;0.040623",5.819341,171840.76,,12.23,0,6980,10,True,nid007080,57240768
SparseHNSW_a0.7_b1_s0x0,"M=32 efC=200 ef=60 alpha=0.7 beta=1 q=u8",64,0.7738825215,0.6357,310.6024,2.1664,0.0000,0.046557,"0.046476;0.046352;0.046696;0.046572;0.046557",6.670057,149923.75,,12.23,0,6980,10,True,nid007080,57240768
SparseHNSW_a0.7_b1_s0x0,"M=32 efC=200 ef=75 alpha=0.7 beta=1 q=u8",64,0.7824785100,0.6428,310.6024,2.1664,0.0000,0.055173,"0.055043;0.055173;0.055523;0.055266;0.055152",7.904441,126511.16,,12.23,0,6980,10,True,nid007080,57240768
SparseHNSW_a0.7_b1_s0x0,"M=32 efC=200 ef=100 alpha=0.7 beta=1 q=u8",64,0.7912893983,0.6511,310.6024,2.1664,0.0000,0.068903,"0.068903;0.068922;0.069044;0.068633;0.068745",9.871490,101301.83,,12.23,0,6980,10,True,nid007080,57240768
SparseHNSW_a0.7_b2_s0x0,"M=32 efC=200 ef=10 alpha=0.7 beta=2 q=u8",64,0.8001432665,0.8875,310.6024,2.1664,0.0000,0.022169,"0.022637;0.022324;0.022169;0.022024;0.022038",3.176074,314854.08,,12.23,0,6980,10,True,nid007080,57240768
SparseHNSW_a0.7_b2_s0x0,"M=32 efC=200 ef=20 alpha=0.7 beta=2 q=u8",64,0.8001432665,0.8875,310.6024,2.1664,0.0000,0.021791,"0.021884;0.021824;0.021791;0.021780;0.021744",3.121920,320315.73,,12.23,0,6980,10,True,nid007080,57240768
SparseHNSW_a0.7_b2_s0x0,"M=32 efC=200 ef=25 alpha=0.7 beta=2 q=u8",64,0.8243696275,0.9067,310.6024,2.1664,0.0000,0.025259,"0.025259;0.025298;0.025219;0.025287;0.025176",3.618768,276337.15,,12.23,0,6980,10,True,nid007080,57240768
SparseHNSW_a0.7_b2_s0x0,"M=32 efC=200 ef=30 alpha=0.7 beta=2 q=u8",64,0.8395845272,0.9182,310.6024,2.1664,0.0000,0.028639,"0.028639;0.028730;0.028569;0.028670;0.028610",4.103009,243723.59,,12.23,0,6980,10,True,nid007080,57240768
SparseHNSW_a0.7_b2_s0x0,"M=32 efC=200 ef=35 alpha=0.7 beta=2 q=u8",64,0.8521346705,0.9281,310.6024,2.1664,0.0000,0.031948,"0.031911;0.032000;0.032026;0.031897;0.031948",4.577077,218480.03,,12.23,0,6980,10,True,nid007080,57240768
SparseHNSW_a0.7_b2_s0x0,"M=32 efC=200 ef=40 alpha=0.7 beta=2 q=u8",64,0.8626934097,0.9372,310.6024,2.1664,0.0000,0.035243,"0.035166;0.035248;0.035311;0.035243;0.035221",5.049140,198053.51,,12.23,0,6980,10,True,nid007080,57240768
SparseHNSW_a0.7_b2_s0x0,"M=32 efC=200 ef=50 alpha=0.7 beta=2 q=u8",64,0.8761031519,0.9480,310.6024,2.1664,0.0000,0.041602,"0.041476;0.041675;0.041387;0.041602;0.041615",5.960172,167780.40,,12.23,0,6980,10,True,nid007080,57240768
SparseHNSW_a0.7_b2_s0x0,"M=32 efC=200 ef=60 alpha=0.7 beta=2 q=u8",64,0.8856590258,0.9557,310.6024,2.1664,0.0000,0.047421,"0.047381;0.047194;0.047421;0.047426;0.047529",6.793840,147192.17,,12.23,0,6980,10,True,nid007080,57240768
SparseHNSW_a0.7_b2_s0x0,"M=32 efC=200 ef=75 alpha=0.7 beta=2 q=u8",64,0.8958739255,0.9633,310.6024,2.1664,0.0000,0.055813,"0.056013;0.055851;0.055563;0.055813;0.055723",7.996132,125060.47,,12.23,0,6980,10,True,nid007080,57240768
SparseHNSW_a0.7_b2_s0x0,"M=32 efC=200 ef=100 alpha=0.7 beta=2 q=u8",64,0.9063323782,0.9716,310.6024,2.1664,0.0000,0.069465,"0.069465;0.069710;0.069370;0.069472;0.069137",9.952006,100482.26,,12.23,0,6980,10,True,nid007080,57240768
SparseHNSW_a0.7_b3_s0x0,"M=32 efC=200 ef=10 alpha=0.7 beta=3 q=u8",64,0.8560744986,0.9182,310.6024,2.1664,0.0000,0.029316,"0.029507;0.029290;0.029436;0.029316;0.029182",4.200000,238095.24,,12.23,0,6980,10,True,nid007080,57240768
SparseHNSW_a0.7_b3_s0x0,"M=32 efC=200 ef=20 alpha=0.7 beta=3 q=u8",64,0.8560744986,0.9182,310.6024,2.1664,0.0000,0.029145,"0.029145;0.029126;0.029162;0.029146;0.029041",4.175501,239492.19,,12.23,0,6980,10,True,nid007080,57240768
SparseHNSW_a0.7_b3_s0x0,"M=32 efC=200 ef=25 alpha=0.7 beta=3 q=u8",64,0.8560744986,0.9182,310.6024,2.1664,0.0000,0.028983,"0.029147;0.029068;0.028983;0.028874;0.028929",4.152292,240830.83,,12.23,0,6980,10,True,nid007080,57240768
SparseHNSW_a0.7_b3_s0x0,"M=32 efC=200 ef=30 alpha=0.7 beta=3 q=u8",64,0.8560744986,0.9182,310.6024,2.1664,0.0000,0.028970,"0.028970;0.028969;0.028972;0.029028;0.028910",4.150430,240938.90,,12.23,0,6980,10,True,nid007080,57240768
SparseHNSW_a0.7_b3_s0x0,"M=32 efC=200 ef=35 alpha=0.7 beta=3 q=u8",64,0.8691404011,0.9281,310.6024,2.1664,0.0000,0.032292,"0.032216;0.032310;0.032292;0.032269;0.032360",4.626361,216152.61,,12.23,0,6980,10,True,nid007080,57240768
SparseHNSW_a0.7_b3_s0x0,"M=32 efC=200 ef=40 alpha=0.7 beta=3 q=u8",64,0.8800716332,0.9372,310.6024,2.1664,0.0000,0.035541,"0.035601;0.035525;0.035748;0.035541;0.035481",5.091834,196392.90,,12.23,0,6980,10,True,nid007080,57240768
SparseHNSW_a0.7_b3_s0x0,"M=32 efC=200 ef=50 alpha=0.7 beta=3 q=u8",64,0.8938252149,0.9481,310.6024,2.1664,0.0000,0.041746,"0.042042;0.041828;0.041609;0.041746;0.041671",5.980802,167201.65,,12.23,0,6980,10,True,nid007080,57240768
SparseHNSW_a0.7_b3_s0x0,"M=32 efC=200 ef=60 alpha=0.7 beta=3 q=u8",64,0.9039255014,0.9557,310.6024,2.1664,0.0000,0.047648,"0.047765;0.047648;0.047448;0.047354;0.047661",6.826361,146490.93,,12.23,0,6980,10,True,nid007080,57240768
SparseHNSW_a0.7_b3_s0x0,"M=32 efC=200 ef=75 alpha=0.7 beta=3 q=u8",64,0.9145845272,0.9633,310.6024,2.1664,0.0000,0.056334,"0.055939;0.056294;0.056498;0.056386;0.056334",8.070774,123903.86,,12.23,0,6980,10,True,nid007080,57240768
SparseHNSW_a0.7_b3_s0x0,"M=32 efC=200 ef=100 alpha=0.7 beta=3 q=u8",64,0.9255444126,0.9716,310.6024,2.1664,0.0000,0.069658,"0.069870;0.069924;0.069658;0.069589;0.069613",9.979656,100203.85,,12.23,0,6980,10,True,nid007080,57240768
SparseHNSW_a0.7_b4_s0x0,"M=32 efC=200 ef=10 alpha=0.7 beta=4 q=u8",64,0.8855157593,0.9372,310.6024,2.1664,0.0000,0.036093,"0.036179;0.035880;0.036169;0.036059;0.036093",5.170917,193389.30,,12.23,0,6980,10,True,nid007080,57240768
SparseHNSW_a0.7_b4_s0x0,"M=32 efC=200 ef=20 alpha=0.7 beta=4 q=u8",64,0.8855157593,0.9372,310.6024,2.1664,0.0000,0.036129,"0.036281;0.035762;0.036156;0.036129;0.036070",5.176074,193196.60,,12.23,0,6980,10,True,nid007080,57240768
SparseHNSW_a0.7_b4_s0x0,"M=32 efC=200 ef=25 alpha=0.7 beta=4 q=u8",64,0.8855157593,0.9372,310.6024,2.1664,0.0000,0.036045,"0.035941;0.036032;0.036052;0.036045;0.036114",5.164040,193646.83,,12.23,0,6980,10,True,nid007080,57240768
SparseHNSW_a0.7_b4_s0x0,"M=32 efC=200 ef=30 alpha=0.7 beta=4 q=u8",64,0.8855157593,0.9372,310.6024,2.1664,0.0000,0.035947,"0.035947;0.035610;0.035894;0.036039;0.035958",5.150000,194174.76,,12.23,0,6980,10,True,nid007080,57240768
SparseHNSW_a0.7_b4_s0x0,"M=32 efC=200 ef=35 alpha=0.7 beta=4 q=u8",64,0.8855157593,0.9372,310.6024,2.1664,0.0000,0.036012,"0.035857;0.036012;0.036014;0.036137;0.035698",5.159312,193824.28,,12.23,0,6980,10,True,nid007080,57240768
SparseHNSW_a0.7_b4_s0x0,"M=32 efC=200 ef=40 alpha=0.7 beta=4 q=u8",64,0.8855157593,0.9372,310.6024,2.1664,0.0000,0.035865,"0.035843;0.035843;0.035960;0.035865;0.035908",5.138252,194618.71,,12.23,0,6980,10,True,nid007080,57240768
SparseHNSW_a0.7_b4_s0x0,"M=32 efC=200 ef=50 alpha=0.7 beta=4 q=u8",64,0.8996704871,0.9481,310.6024,2.1664,0.0000,0.042195,"0.042029;0.042195;0.042243;0.042364;0.042015",6.045129,165422.44,,12.23,0,6980,10,True,nid007080,57240768
SparseHNSW_a0.7_b4_s0x0,"M=32 efC=200 ef=60 alpha=0.7 beta=4 q=u8",64,0.9097851003,0.9557,310.6024,2.1664,0.0000,0.048186,"0.048396;0.048186;0.048021;0.048149;0.048219",6.903438,144855.35,,12.23,0,6980,10,True,nid007080,57240768
SparseHNSW_a0.7_b4_s0x0,"M=32 efC=200 ef=75 alpha=0.7 beta=4 q=u8",64,0.9206733524,0.9633,310.6024,2.1664,0.0000,0.056305,"0.056305;0.056263;0.056275;0.056470;0.056341",8.066619,123967.68,,12.23,0,6980,10,True,nid007080,57240768
SparseHNSW_a0.7_b4_s0x0,"M=32 efC=200 ef=100 alpha=0.7 beta=4 q=u8",64,0.9318767908,0.9716,310.6024,2.1664,0.0000,0.069829,"0.069776;0.070221;0.069829;0.070083;0.069717",10.004155,99958.47,,12.23,0,6980,10,True,nid007080,57240768
SparseHNSW_a0.7_b5_s0x0,"M=32 efC=200 ef=10 alpha=0.7 beta=5 q=u8",64,0.9018767908,0.9481,310.6024,2.1664,0.0000,0.042416,"0.042539;0.042416;0.042086;0.042055;0.042484",6.076791,164560.54,,12.23,0,6980,10,True,nid007080,57240768
SparseHNSW_a0.7_b5_s0x0,"M=32 efC=200 ef=20 alpha=0.7 beta=5 q=u8",64,0.9018767908,0.9481,310.6024,2.1664,0.0000,0.042183,"0.042128;0.042281;0.042088;0.042183;0.042434",6.043410,165469.50,,12.23,0,6980,10,True,nid007080,57240768
SparseHNSW_a0.7_b5_s0x0,"M=32 efC=200 ef=25 alpha=0.7 beta=5 q=u8",64,0.9018767908,0.9481,310.6024,2.1664,0.0000,0.042207,"0.042337;0.042155;0.042207;0.042431;0.042173",6.046848,165375.41,,12.23,0,6980,10,True,nid007080,57240768
SparseHNSW_a0.7_b5_s0x0,"M=32 efC=200 ef=30 alpha=0.7 beta=5 q=u8",64,0.9018767908,0.9481,310.6024,2.1664,0.0000,0.042429,"0.042362;0.042550;0.042498;0.042291;0.042429",6.078653,164510.12,,12.23,0,6980,10,True,nid007080,57240768
SparseHNSW_a0.7_b5_s0x0,"M=32 efC=200 ef=35 alpha=0.7 beta=5 q=u8",64,0.9018767908,0.9481,310.6024,2.1664,0.0000,0.042441,"0.042656;0.042441;0.042300;0.042586;0.042377",6.080372,164463.61,,12.23,0,6980,10,True,nid007080,57240768
SparseHNSW_a0.7_b5_s0x0,"M=32 efC=200 ef=40 alpha=0.7 beta=5 q=u8",64,0.9018767908,0.9481,310.6024,2.1664,0.0000,0.042249,"0.042268;0.042249;0.042207;0.042086;0.042387",6.052865,165211.01,,12.23,0,6980,10,True,nid007080,57240768
SparseHNSW_a0.7_b5_s0x0,"M=32 efC=200 ef=50 alpha=0.7 beta=5 q=u8",64,0.9018767908,0.9481,310.6024,2.1664,0.0000,0.042246,"0.042340;0.042499;0.042171;0.042246;0.042220",6.052436,165222.74,,12.23,0,6980,10,True,nid007080,57240768
SparseHNSW_a0.7_b5_s0x0,"M=32 efC=200 ef=60 alpha=0.7 beta=5 q=u8",64,0.9121060172,0.9557,310.6024,2.1664,0.0000,0.048109,"0.048109;0.047782;0.048360;0.047901;0.048464",6.892407,145087.20,,12.23,0,6980,10,True,nid007080,57240768
SparseHNSW_a0.7_b5_s0x0,"M=32 efC=200 ef=75 alpha=0.7 beta=5 q=u8",64,0.9230229226,0.9633,310.6024,2.1664,0.0000,0.056474,"0.056819;0.056335;0.056866;0.056396;0.056474",8.090831,123596.70,,12.23,0,6980,10,True,nid007080,57240768
SparseHNSW_a0.7_b5_s0x0,"M=32 efC=200 ef=100 alpha=0.7 beta=5 q=u8",64,0.9343266476,0.9716,310.6024,2.1664,0.0000,0.070199,"0.070580;0.070336;0.070146;0.069990;0.070199",10.057163,99431.62,,12.23,0,6980,10,True,nid007080,57240768
SparseHNSW_a0.7_b1_s8x4,"M=32 efC=200 ef=10 alpha=0.7 beta=1 q=u8 seedT=8 seedH=8 seedS=4",64,0.7805157593,0.6382,310.6024,2.1664,0.0000,0.027136,"0.027718;0.027368;0.027136;0.027036;0.026912",3.887679,257222.88,,12.23,0,6980,10,True,nid007080,57240768
SparseHNSW_a0.7_b1_s8x4,"M=32 efC=200 ef=20 alpha=0.7 beta=1 q=u8 seedT=8 seedH=8 seedS=4",64,0.7805157593,0.6382,310.6024,2.1664,0.0000,0.026652,"0.026728;0.026659;0.026652;0.026568;0.026609",3.818338,261894.04,,12.23,0,6980,10,True,nid007080,57240768
SparseHNSW_a0.7_b1_s8x4,"M=32 efC=200 ef=25 alpha=0.7 beta=1 q=u8 seedT=8 seedH=8 seedS=4",64,0.7805157593,0.6382,310.6024,2.1664,0.0000,0.026539,"0.026539;0.026501;0.026560;0.026512;0.026584",3.802149,263009.16,,12.23,0,6980,10,True,nid007080,57240768
SparseHNSW_a0.7_b1_s8x4,"M=32 efC=200 ef=30 alpha=0.7 beta=1 q=u8 seedT=8 seedH=8 seedS=4",64,0.7805157593,0.6382,310.6024,2.1664,0.0000,0.026541,"0.026565;0.026523;0.026541;0.026571;0.026489",3.802436,262989.34,,12.23,0,6980,10,True,nid007080,57240768
SparseHNSW_a0.7_b1_s8x4,"M=32 efC=200 ef=35 alpha=0.7 beta=1 q=u8 seedT=8 seedH=8 seedS=4",64,0.7829369628,0.6413,310.6024,2.1664,0.0000,0.027964,"0.027999;0.027988;0.027964;0.027881;0.027851",4.006304,249606.64,,12.23,0,6980,10,True,nid007080,57240768
SparseHNSW_a0.7_b1_s8x4,"M=32 efC=200 ef=40 alpha=0.7 beta=1 q=u8 seedT=8 seedH=8 seedS=4",64,0.7885386819,0.6466,310.6024,2.1664,0.0000,0.031030,"0.031043;0.030996;0.031030;0.030959;0.031063",4.445559,224943.60,,12.23,0,6980,10,True,nid007080,57240768
SparseHNSW_a0.7_b1_s8x4,"M=32 efC=200 ef=50 alpha=0.7 beta=1 q=u8 seedT=8 seedH=8 seedS=4",64,0.7943839542,0.6504,310.6024,2.1664,0.0000,0.037225,"0.037225;0.037225;0.037258;0.037125;0.037175",5.333095,187508.39,,12.23,0,6980,10,True,nid007080,57240768
SparseHNSW_a0.7_b1_s8x4,"M=32 efC=200 ef=60 alpha=0.7 beta=1 q=u8 seedT=8 seedH=8 seedS=4",64,0.7987965616,0.6549,310.6024,2.1664,0.0000,0.043202,"0.043202;0.043219;0.043136;0.043186;0.043375",6.189398,161566.59,,12.23,0,6980,10,True,nid007080,57240768
SparseHNSW_a0.7_b1_s8x4,"M=32 efC=200 ef=75 alpha=0.7 beta=1 q=u8 seedT=8 seedH=8 seedS=4",64,0.8030802292,0.6579,310.6024,2.1664,0.0000,0.051947,"0.051737;0.052045;0.051947;0.051971;0.051698",7.442264,134367.72,,12.23,0,6980,10,True,nid007080,57240768
SparseHNSW_a0.7_b1_s8x4,"M=32 efC=200 ef=100 alpha=0.7 beta=1 q=u8 seedT=8 seedH=8 seedS=4",64,0.8082951289,0.6638,310.6024,2.1664,0.0000,0.065357,"0.065357;0.065649;0.065805;0.065345;0.065262",9.363467,106798.05,,12.23,0,6980,10,True,nid007080,57240768
SparseHNSW_a0.7_b2_s8x4,"M=32 efC=200 ef=10 alpha=0.7 beta=2 q=u8 seedT=8 seedH=8 seedS=4",64,0.8902865330,0.9702,310.6024,2.1664,0.0000,0.027877,"0.028251;0.028087;0.027877;0.027726;0.027816",3.993840,250385.62,,12.23,0,6980,10,True,nid007080,57240768
SparseHNSW_a0.7_b2_s8x4,"M=32 efC=200 ef=20 alpha=0.7 beta=2 q=u8 seedT=8 seedH=8 seedS=4",64,0.8902865330,0.9702,310.6024,2.1664,0.0000,0.027549,"0.027646;0.027568;0.027516;0.027465;0.027549",3.946848,253366.73,,12.23,0,6980,10,True,nid007080,57240768
SparseHNSW_a0.7_b2_s8x4,"M=32 efC=200 ef=25 alpha=0.7 beta=2 q=u8 seedT=8 seedH=8 seedS=4",64,0.8902865330,0.9702,310.6024,2.1664,0.0000,0.027374,"0.027463;0.027374;0.027421;0.027315;0.027363",3.921777,254986.48,,12.23,0,6980,10,True,nid007080,57240768
SparseHNSW_a0.7_b2_s8x4,"M=32 efC=200 ef=30 alpha=0.7 beta=2 q=u8 seedT=8 seedH=8 seedS=4",64,0.8902865330,0.9702,310.6024,2.1664,0.0000,0.027362,"0.027395;0.027362;0.027368;0.027308;0.027312",3.920057,255098.31,,12.23,0,6980,10,True,nid007080,57240768
SparseHNSW_a0.7_b2_s8x4,"M=32 efC=200 ef=35 alpha=0.7 beta=2 q=u8 seedT=8 seedH=8 seedS=4",64,0.8932664756,0.9721,310.6024,2.1664,0.0000,0.028779,"0.028726;0.028714;0.028800;0.028793;0.028779",4.123066,242537.96,,12.23,0,6980,10,True,nid007080,57240768
SparseHNSW_a0.7_b2_s8x4,"M=32 efC=200 ef=40 alpha=0.7 beta=2 q=u8 seedT=8 seedH=8 seedS=4",64,0.9003724928,0.9764,310.6024,2.1664,0.0000,0.031833,"0.031822;0.031857;0.031809;0.031839;0.031833",4.560602,219269.31,,12.23,0,6980,10,True,nid007080,57240768
SparseHNSW_a0.7_b2_s8x4,"M=32 efC=200 ef=50 alpha=0.7 beta=2 q=u8 seedT=8 seedH=8 seedS=4",64,0.9079369628,0.9811,310.6024,2.1664,0.0000,0.037959,"0.037959;0.037900;0.038131;0.037918;0.038156",5.438252,183882.61,,12.23,0,6980,10,True,nid007080,57240768
SparseHNSW_a0.7_b2_s8x4,"M=32 efC=200 ef=60 alpha=0.7 beta=2 q=u8 seedT=8 seedH=8 seedS=4",64,0.9133094556,0.9840,310.6024,2.1664,0.0000,0.043930,"0.043898;0.043871;0.044007;0.043930;0.043958",6.293696,158889.14,,12.23,0,6980,10,True,nid007080,57240768
SparseHNSW_a0.7_b2_s8x4,"M=32 efC=200 ef=75 alpha=0.7 beta=2 q=u8 seedT=8 seedH=8 seedS=4",64,0.9188968481,0.9868,310.6024,2.1664,0.0000,0.052597,"0.052573;0.052612;0.052620;0.052548;0.052597",7.535387,132707.19,,12.23,0,6980,10,True,nid007080,57240768
SparseHNSW_a0.7_b2_s8x4,"M=32 efC=200 ef=100 alpha=0.7 beta=2 q=u8 seedT=8 seedH=8 seedS=4",64,0.9252865330,0.9901,310.6024,2.1664,0.0000,0.066638,"0.066638;0.066251;0.066744;0.066203;0.066704",9.546991,104745.04,,12.23,0,6980,10,True,nid007080,57240768
SparseHNSW_a0.7_b3_s8x4,"M=32 efC=200 ef=10 alpha=0.7 beta=3 q=u8 seedT=8 seedH=8 seedS=4",64,0.9076504298,0.9702,310.6024,2.1664,0.0000,0.028283,"0.028568;0.028368;0.028283;0.028187;0.027940",4.052006,246791.36,,12.23,0,6980,10,True,nid007080,57240768
SparseHNSW_a0.7_b3_s8x4,"M=32 efC=200 ef=20 alpha=0.7 beta=3 q=u8 seedT=8 seedH=8 seedS=4",64,0.9076504298,0.9702,310.6024,2.1664,0.0000,0.027907,"0.027943;0.027987;0.027880;0.027862;0.027907",3.998138,250116.46,,12.23,0,6980,10,True,nid007080,57240768
SparseHNSW_a0.7_b3_s8x4,"M=32 efC=200 ef=25 alpha=0.7 beta=3 q=u8 seedT=8 seedH=8 seedS=4",64,0.9076504298,0.9702,310.6024,2.1664,0.0000,0.027814,"0.027831;0.027820;0.027714;0.027814;0.027689",3.984814,250952.76,,12.23,0,6980,10,True,nid007080,57240768
SparseHNSW_a0.7_b3_s8x4,"M=32 efC=200 ef=30 alpha=0.7 beta=3 q=u8 seedT=8 seedH=8 seedS=4",64,0.9076504298,0.9702,310.6024,2.1664,0.0000,0.027780,"0.027775;0.027780;0.027805;0.027756;0.027832",3.979943,251259.90,,12.23,0,6980,10,True,nid007080,57240768
SparseHNSW_a0.7_b3_s8x4,"M=32 efC=200 ef=35 alpha=0.7 beta=3 q=u8 seedT=8 seedH=8 seedS=4",64,0.9108595989,0.9721,310.6024,2.1664,0.0000,0.029152,"0.029091;0.029152;0.029166;0.029234;0.029097",4.176504,239434.69,,12.23,0,6980,10,True,nid007080,57240768
SparseHNSW_a0.7_b3_s8x4,"M=32 efC=200 ef=40 alpha=0.7 beta=3 q=u8 seedT=8 seedH=8 seedS=4",64,0.9181518625,0.9764,310.6024,2.1664,0.0000,0.032232,"0.032204;0.032202;0.032370;0.032312;0.032232",4.617765,216554.98,,12.23,0,6980,10,True,nid007080,57240768
SparseHNSW_a0.7_b3_s8x4,"M=32 efC=200 ef=50 alpha=0.7 beta=3 q=u8 seedT=8 seedH=8 seedS=4",64,0.9260028653,0.9811,310.6024,2.1664,0.0000,0.038366,"0.038289;0.038366;0.038374;0.038345;0.038397",5.496562,181931.92,,12.23,0,6980,10,True,nid007080,57240768
SparseHNSW_a0.7_b3_s8x4,"M=32 efC=200 ef=60 alpha=0.7 beta=3 q=u8 seedT=8 seedH=8 seedS=4",64,0.9319054441,0.9840,310.6024,2.1664,0.0000,0.044252,"0.044250;0.044336;0.044326;0.044252;0.044218",6.339828,157732.98,,12.23,0,6980,10,True,nid007080,57240768
SparseHNSW_a0.7_b3_s8x4,"M=32 efC=200 ef=75 alpha=0.7 beta=3 q=u8 seedT=8 seedH=8 seedS=4",64,0.9378796562,0.9868,310.6024,2.1664,0.0000,0.052918,"0.052663;0.053057;0.053000;0.052892;0.052918",7.581375,131902.19,,12.23,0,6980,10,True,nid007080,57240768
SparseHNSW_a0.7_b3_s8x4,"M=32 efC=200 ef=100 alpha=0.7 beta=3 q=u8 seedT=8 seedH=8 seedS=4",64,0.9446991404,0.9901,310.6024,2.1664,0.0000,0.066585,"0.066539;0.066649;0.066585;0.066796;0.065947",9.539398,104828.41,,12.23,0,6980,10,True,nid007080,57240768
SparseHNSW_a0.7_b4_s8x4,"M=32 efC=200 ef=10 alpha=0.7 beta=4 q=u8 seedT=8 seedH=8 seedS=4",64,0.9238968481,0.9764,310.6024,2.1664,0.0000,0.033035,"0.033224;0.033017;0.033065;0.033010;0.033035",4.732808,211291.05,,12.23,0,6980,10,True,nid007080,57240768
SparseHNSW_a0.7_b4_s8x4,"M=32 efC=200 ef=20 alpha=0.7 beta=4 q=u8 seedT=8 seedH=8 seedS=4",64,0.9238968481,0.9764,310.6024,2.1664,0.0000,0.032862,"0.032874;0.032888;0.032862;0.032767;0.032802",4.708023,212403.38,,12.23,0,6980,10,True,nid007080,57240768
SparseHNSW_a0.7_b4_s8x4,"M=32 efC=200 ef=25 alpha=0.7 beta=4 q=u8 seedT=8 seedH=8 seedS=4",64,0.9238968481,0.9764,310.6024,2.1664,0.0000,0.032809,"0.032809;0.032870;0.032663;0.032830;0.032763",4.700430,212746.50,,12.23,0,6980,10,True,nid007080,57240768
SparseHNSW_a0.7_b4_s8x4,"M=32 efC=200 ef=30 alpha=0.7 beta=4 q=u8 seedT=8 seedH=8 seedS=4",64,0.9238968481,0.9764,310.6024,2.1664,0.0000,0.032691,"0.032875;0.032687;0.032691;0.032711;0.032606",4.683524,213514.42,,12.23,0,6980,10,True,nid007080,57240768
SparseHNSW_a0.7_b4_s8x4,"M=32 efC=200 ef=35 alpha=0.7 beta=4 q=u8 seedT=8 seedH=8 seedS=4",64,0.9238968481,0.9764,310.6024,2.1664,0.0000,0.032587,"0.032587;0.032564;0.032715;0.032574;0.032663",4.668625,214195.84,,12.23,0,6980,10,True,nid007080,57240768
SparseHNSW_a0.7_b4_s8x4,"M=32 efC=200 ef=40 alpha=0.7 beta=4 q=u8 seedT=8 seedH=8 seedS=4",64,0.9238968481,0.9764,310.6024,2.1664,0.0000,0.032591,"0.032573;0.032591;0.032574;0.032657;0.032723",4.669198,214169.56,,12.23,0,6980,10,True,nid007080,57240768
SparseHNSW_a0.7_b4_s8x4,"M=32 efC=200 ef=50 alpha=0.7 beta=4 q=u8 seedT=8 seedH=8 seedS=4",64,0.9320057307,0.9811,310.6024,2.1664,0.0000,0.038661,"0.038639;0.038583;0.038758;0.038787;0.038661",5.538825,180543.70,,12.23,0,6980,10,True,nid007080,57240768
SparseHNSW_a0.7_b4_s8x4,"M=32 efC=200 ef=60 alpha=0.7 beta=4 q=u8 seedT=8 seedH=8 seedS=4",64,0.9379369628,0.9840,310.6024,2.1664,0.0000,0.044608,"0.044513;0.044430;0.044608;0.044712;0.044649",6.390831,156474.18,,12.23,0,6980,10,True,nid007080,57240768
SparseHNSW_a0.7_b4_s8x4,"M=32 efC=200 ef=75 alpha=0.7 beta=4 q=u8 seedT=8 seedH=8 seedS=4",64,0.9441977077,0.9868,310.6024,2.1664,0.0000,0.053245,"0.053322;0.053187;0.053245;0.053427;0.053148",7.628223,131092.12,,12.23,0,6980,10,True,nid007080,57240768
SparseHNSW_a0.7_b4_s8x4,"M=32 efC=200 ef=100 alpha=0.7 beta=4 q=u8 seedT=8 seedH=8 seedS=4",64,0.9512607450,0.9901,310.6024,2.1664,0.0000,0.067053,"0.067053;0.066637;0.067611;0.067135;0.067035",9.606447,104096.76,,12.23,0,6980,10,True,nid007080,57240768
SparseHNSW_a0.7_b5_s8x4,"M=32 efC=200 ef=10 alpha=0.7 beta=5 q=u8 seedT=8 seedH=8 seedS=4",64,0.9342693410,0.9811,310.6024,2.1664,0.0000,0.039424,"0.039599;0.039675;0.039355;0.039373;0.039424",5.648138,177049.51,,12.23,0,6980,10,True,nid007080,57240768
SparseHNSW_a0.7_b5_s8x4,"M=32 efC=200 ef=20 alpha=0.7 beta=5 q=u8 seedT=8 seedH=8 seedS=4",64,0.9342693410,0.9811,310.6024,2.1664,0.0000,0.039253,"0.039056;0.039306;0.039253;0.039365;0.039166",5.623639,177820.80,,12.23,0,6980,10,True,nid007080,57240768
SparseHNSW_a0.7_b5_s8x4,"M=32 efC=200 ef=25 alpha=0.7 beta=5 q=u8 seedT=8 seedH=8 seedS=4",64,0.9342693410,0.9811,310.6024,2.1664,0.0000,0.039139,"0.039147;0.038986;0.039139;0.039231;0.039090",5.607307,178338.74,,12.23,0,6980,10,True,nid007080,57240768
SparseHNSW_a0.7_b5_s8x4,"M=32 efC=200 ef=30 alpha=0.7 beta=5 q=u8 seedT=8 seedH=8 seedS=4",64,0.9342693410,0.9811,310.6024,2.1664,0.0000,0.039182,"0.039261;0.039182;0.039064;0.039313;0.038994",5.613467,178143.02,,12.23,0,6980,10,True,nid007080,57240768
SparseHNSW_a0.7_b5_s8x4,"M=32 efC=200 ef=35 alpha=0.7 beta=5 q=u8 seedT=8 seedH=8 seedS=4",64,0.9342693410,0.9811,310.6024,2.1664,0.0000,0.039124,"0.039124;0.039104;0.039202;0.039017;0.039213",5.605158,178407.12,,12.23,0,6980,10,True,nid007080,57240768
SparseHNSW_a0.7_b5_s8x4,"M=32 efC=200 ef=40 alpha=0.7 beta=5 q=u8 seedT=8 seedH=8 seedS=4",64,0.9342693410,0.9811,310.6024,2.1664,0.0000,0.039122,"0.039280;0.039249;0.039016;0.039122;0.039007",5.604871,178416.24,,12.23,0,6980,10,True,nid007080,57240768
SparseHNSW_a0.7_b5_s8x4,"M=32 efC=200 ef=50 alpha=0.7 beta=5 q=u8 seedT=8 seedH=8 seedS=4",64,0.9342693410,0.9811,310.6024,2.1664,0.0000,0.039021,"0.039022;0.039021;0.039138;0.038919;0.038921",5.590401,178878.04,,12.23,0,6980,10,True,nid007080,57240768
SparseHNSW_a0.7_b5_s8x4,"M=32 efC=200 ef=60 alpha=0.7 beta=5 q=u8 seedT=8 seedH=8 seedS=4",64,0.9403438395,0.9840,310.6024,2.1664,0.0000,0.044775,"0.044725;0.044856;0.044775;0.044761;0.044948",6.414756,155890.56,,12.23,0,6980,10,True,nid007080,57240768
SparseHNSW_a0.7_b5_s8x4,"M=32 efC=200 ef=75 alpha=0.7 beta=5 q=u8 seedT=8 seedH=8 seedS=4",64,0.9465759312,0.9868,310.6024,2.1664,0.0000,0.053368,"0.053446;0.053373;0.053105;0.052861;0.053368",7.645845,130789.99,,12.23,0,6980,10,True,nid007080,57240768
SparseHNSW_a0.7_b5_s8x4,"M=32 efC=200 ef=100 alpha=0.7 beta=5 q=u8 seedT=8 seedH=8 seedS=4",64,0.9537392550,0.9901,310.6024,2.1664,0.0000,0.066923,"0.067460;0.067455;0.066659;0.066779;0.066923",9.587822,104298.97,,12.23,0,6980,10,True,nid007080,57240768
SparseHNSW_a0.725_b1_s0x0,"M=32 efC=200 ef=10 alpha=0.725 beta=1 q=u8",64,0.6460171920,0.5111,326.8857,2.1514,0.0000,0.013508,"0.013340;0.013713;0.013591;0.013508;0.013434",1.935244,516730.83,,12.29,0,6980,10,True,nid007080,57240768
SparseHNSW_a0.725_b1_s0x0,"M=32 efC=200 ef=20 alpha=0.725 beta=1 q=u8",64,0.7175071633,0.5788,326.8857,2.1514,0.0000,0.020990,"0.021288;0.021099;0.020990;0.020915;0.020798",3.007163,332539.30,,12.29,0,6980,10,True,nid007080,57240768
SparseHNSW_a0.725_b1_s0x0,"M=32 efC=200 ef=25 alpha=0.725 beta=1 q=u8",64,0.7381088825,0.5970,326.8857,2.1514,0.0000,0.024326,"0.024326;0.024385;0.024331;0.024198;0.024153",3.485100,286935.79,,12.29,0,6980,10,True,nid007080,57240768
SparseHNSW_a0.725_b1_s0x0,"M=32 efC=200 ef=30 alpha=0.725 beta=1 q=u8",64,0.7494555874,0.6075,326.8857,2.1514,0.0000,0.027550,"0.027663;0.027550;0.027524;0.027383;0.027576",3.946991,253357.53,,12.29,0,6980,10,True,nid007080,57240768
SparseHNSW_a0.725_b1_s0x0,"M=32 efC=200 ef=35 alpha=0.725 beta=1 q=u8",64,0.7603868195,0.6177,326.8857,2.1514,0.0000,0.030798,"0.030829;0.030798;0.030816;0.030759;0.030769",4.412321,226638.09,,12.29,0,6980,10,True,nid007080,57240768
SparseHNSW_a0.725_b1_s0x0,"M=32 efC=200 ef=40 alpha=0.725 beta=1 q=u8",64,0.7687822350,0.6235,326.8857,2.1514,0.0000,0.034082,"0.034065;0.034082;0.034073;0.034121;0.034203",4.882808,204800.19,,12.29,0,6980,10,True,nid007080,57240768
SparseHNSW_a0.725_b1_s0x0,"M=32 efC=200 ef=50 alpha=0.725 beta=1 q=u8",64,0.7828653295,0.6360,326.8857,2.1514,0.0000,0.040275,"0.040366;0.040303;0.040275;0.040181;0.040215",5.770057,173308.50,,12.29,0,6980,10,True,nid007080,57240768
SparseHNSW_a0.725_b1_s0x0,"M=32 efC=200 ef=60 alpha=0.725 beta=1 q=u8",64,0.7911747851,0.6432,326.8857,2.1514,0.0000,0.046570,"0.046578;0.046789;0.046314;0.046402;0.046570",6.671920,149881.90,,12.29,0,6980,10,True,nid007080,57240768
SparseHNSW_a0.725_b1_s0x0,"M=32 efC=200 ef=75 alpha=0.725 beta=1 q=u8",64,0.8000859599,0.6512,326.8857,2.1514,0.0000,0.055107,"0.054988;0.054518;0.055246;0.055107;0.055150",7.894986,126662.67,,12.29,0,6980,10,True,nid007080,57240768
SparseHNSW_a0.725_b1_s0x0,"M=32 efC=200 ef=100 alpha=0.725 beta=1 q=u8",64,0.8093839542,0.6603,326.8857,2.1514,0.0000,0.068747,"0.068193;0.068184;0.068747;0.068801;0.069208",9.849140,101531.70,,12.29,0,6980,10,True,nid007080,57240768
SparseHNSW_a0.725_b2_s0x0,"M=32 efC=200 ef=10 alpha=0.725 beta=2 q=u8",64,0.8089255014,0.8861,326.8857,2.1514,0.0000,0.021882,"0.022343;0.021999;0.021882;0.021821;0.021735",3.134957,318983.64,,12.29,0,6980,10,True,nid007080,57240768
SparseHNSW_a0.725_b2_s0x0,"M=32 efC=200 ef=20 alpha=0.725 beta=2 q=u8",64,0.8089255014,0.8861,326.8857,2.1514,0.0000,0.021587,"0.021593;0.021587;0.021559;0.021636;0.021578",3.092693,323342.75,,12.29,0,6980,10,True,nid007080,57240768
SparseHNSW_a0.725_b2_s0x0,"M=32 efC=200 ef=25 alpha=0.725 beta=2 q=u8",64,0.8338681948,0.9064,326.8857,2.1514,0.0000,0.025039,"0.025039;0.025073;0.025021;0.025038;0.025059",3.587249,278765.13,,12.29,0,6980,10,True,nid007080,57240768
SparseHNSW_a0.725_b2_s0x0,"M=32 efC=200 ef=30 alpha=0.725 beta=2 q=u8",64,0.8476934097,0.9172,326.8857,2.1514,0.0000,0.028258,"0.028289;0.028258;0.028310;0.028218;0.028164",4.048424,247009.70,,12.29,0,6980,10,True,nid007080,57240768
SparseHNSW_a0.725_b2_s0x0,"M=32 efC=200 ef=35 alpha=0.725 beta=2 q=u8",64,0.8607736390,0.9285,326.8857,2.1514,0.0000,0.031521,"0.031521;0.031518;0.031563;0.031597;0.031509",4.515903,221439.68,,12.29,0,6980,10,True,nid007080,57240768
SparseHNSW_a0.725_b2_s0x0,"M=32 efC=200 ef=40 alpha=0.725 beta=2 q=u8",64,0.8708882521,0.9364,326.8857,2.1514,0.0000,0.034846,"0.034854;0.034846;0.034683;0.034751;0.034896",4.992264,200309.94,,12.29,0,6980,10,True,nid007080,57240768
SparseHNSW_a0.725_b2_s0x0,"M=32 efC=200 ef=50 alpha=0.725 beta=2 q=u8",64,0.8876074499,0.9503,326.8857,2.1514,0.0000,0.041027,"0.041043;0.041007;0.041027;0.041145;0.040987",5.877794,170131.86,,12.29,0,6980,10,True,nid007080,57240768
SparseHNSW_a0.725_b2_s0x0,"M=32 efC=200 ef=60 alpha=0.725 beta=2 q=u8",64,0.8975787966,0.9585,326.8857,2.1514,0.0000,0.047026,"0.047019;0.047102;0.047112;0.047026;0.047019",6.737249,148428.53,,12.29,0,6980,10,True,nid007080,57240768
SparseHNSW_a0.725_b2_s0x0,"M=32 efC=200 ef=75 alpha=0.725 beta=2 q=u8",64,0.9079226361,0.9675,326.8857,2.1514,0.0000,0.055278,"0.055614;0.055044;0.055210;0.055469;0.055278",7.919484,126270.85,,12.29,0,6980,10,True,nid007080,57240768
SparseHNSW_a0.725_b2_s0x0,"M=32 efC=200 ef=100 alpha=0.725 beta=2 q=u8",64,0.9187249284,0.9759,326.8857,2.1514,0.0000,0.069285,"0.069285;0.068898;0.069610;0.069499;0.068914",9.926218,100743.31,,12.29,0,6980,10,True,nid007080,57240768
SparseHNSW_a0.725_b3_s0x0,"M=32 efC=200 ef=10 alpha=0.725 beta=3 q=u8",64,0.8603438395,0.9172,326.8857,2.1514,0.0000,0.029095,"0.029295;0.029257;0.029095;0.028948;0.028922",4.168338,239903.76,,12.29,0,6980,10,True,nid007080,57240768
SparseHNSW_a0.725_b3_s0x0,"M=32 efC=200 ef=20 alpha=0.725 beta=3 q=u8",64,0.8603438395,0.9172,326.8857,2.1514,0.0000,0.028735,"0.028836;0.028775;0.028735;0.028735;0.028719",4.116762,242909.34,,12.29,0,6980,10,True,nid007080,57240768
SparseHNSW_a0.725_b3_s0x0,"M=32 efC=200 ef=25 alpha=0.725 beta=3 q=u8",64,0.8603438395,0.9172,326.8857,2.1514,0.0000,0.028667,"0.028692;0.028667;0.028646;0.028644;0.028680",4.107020,243485.54,,12.29,0,6980,10,True,nid007080,57240768
SparseHNSW_a0.725_b3_s0x0,"M=32 efC=200 ef=30 alpha=0.725 beta=3 q=u8",64,0.8603438395,0.9172,326.8857,2.1514,0.0000,0.028634,"0.028633;0.028634;0.028622;0.028672;0.028673",4.102292,243766.15,,12.29,0,6980,10,True,nid007080,57240768
SparseHNSW_a0.725_b3_s0x0,"M=32 efC=200 ef=35 alpha=0.725 beta=3 q=u8",64,0.8738968481,0.9285,326.8857,2.1514,0.0000,0.031972,"0.032018;0.031972;0.032004;0.031952;0.031924",4.580516,218316.03,,12.29,0,6980,10,True,nid007080,57240768
SparseHNSW_a0.725_b3_s0x0,"M=32 efC=200 ef=40 alpha=0.725 beta=3 q=u8",64,0.8843409742,0.9364,326.8857,2.1514,0.0000,0.035287,"0.035287;0.035325;0.035365;0.035189;0.035197",5.055444,197806.56,,12.29,0,6980,10,True,nid007080,57240768
SparseHNSW_a0.725_b3_s0x0,"M=32 efC=200 ef=50 alpha=0.725 beta=3 q=u8",64,0.9015472779,0.9503,326.8857,2.1514,0.0000,0.041408,"0.041376;0.041338;0.041408;0.041437;0.041556",5.932378,168566.46,,12.29,0,6980,10,True,nid007080,57240768
SparseHNSW_a0.725_b3_s0x0,"M=32 efC=200 ef=60 alpha=0.725 beta=3 q=u8",64,0.9119484241,0.9585,326.8857,2.1514,0.0000,0.047466,"0.047486;0.047373;0.047483;0.047466;0.047316",6.800287,147052.63,,12.29,0,6980,10,True,nid007080,57240768
SparseHNSW_a0.725_b3_s0x0,"M=32 efC=200 ef=75 alpha=0.725 beta=3 q=u8",64,0.9226361032,0.9675,326.8857,2.1514,0.0000,0.056008,"0.055874;0.056008;0.056468;0.056012;0.055464",8.024069,124625.05,,12.29,0,6980,10,True,nid007080,57240768
SparseHNSW_a0.725_b3_s0x0,"M=32 efC=200 ef=100 alpha=0.725 beta=3 q=u8",64,0.9338538682,0.9759,326.8857,2.1514,0.0000,0.069186,"0.069333;0.069186;0.068972;0.068796;0.069504",9.912034,100887.46,,12.29,0,6980,10,True,nid007080,57240768
SparseHNSW_a0.725_b4_s0x0,"M=32 efC=200 ef=10 alpha=0.725 beta=4 q=u8",64,0.8884813754,0.9364,326.8857,2.1514,0.0000,0.035666,"0.035961;0.035666;0.035345;0.035768;0.035556",5.109742,195704.59,,12.29,0,6980,10,True,nid007080,57240768
SparseHNSW_a0.725_b4_s0x0,"M=32 efC=200 ef=20 alpha=0.725 beta=4 q=u8",64,0.8884813754,0.9364,326.8857,2.1514,0.0000,0.035747,"0.035750;0.035756;0.035747;0.035727;0.035616",5.121347,195261.14,,12.29,0,6980,10,True,nid007080,57240768
SparseHNSW_a0.725_b4_s0x0,"M=32 efC=200 ef=25 alpha=0.725 beta=4 q=u8",64,0.8884813754,0.9364,326.8857,2.1514,0.0000,0.035622,"0.035634;0.035537;0.035622;0.035419;0.035784",5.103438,195946.33,,12.29,0,6980,10,True,nid007080,57240768
SparseHNSW_a0.725_b4_s0x0,"M=32 efC=200 ef=30 alpha=0.725 beta=4 q=u8",64,0.8884813754,0.9364,326.8857,2.1514,0.0000,0.035521,"0.035693;0.035521;0.035589;0.035497;0.035429",5.088968,196503.48,,12.29,0,6980,10,True,nid007080,57240768
SparseHNSW_a0.725_b4_s0x0,"M=32 efC=200 ef=35 alpha=0.725 beta=4 q=u8",64,0.8884813754,0.9364,326.8857,2.1514,0.0000,0.035541,"0.035556;0.035426;0.035591;0.035362;0.035541",5.091834,196392.90,,12.29,0,6980,10,True,nid007080,57240768
SparseHNSW_a0.725_b4_s0x0,"M=32 efC=200 ef=40 alpha=0.725 beta=4 q=u8",64,0.8884813754,0.9364,326.8857,2.1514,0.0000,0.035508,"0.035531;0.035523;0.035440;0.035508;0.035451",5.087106,196575.42,,12.29,0,6980,10,True,nid007080,57240768
SparseHNSW_a0.725_b4_s0x0,"M=32 efC=200 ef=50 alpha=0.725 beta=4 q=u8",64,0.9058595989,0.9503,326.8857,2.1514,0.0000,0.041406,"0.041365;0.041235;0.041509;0.041406;0.041798",5.932092,168574.60,,12.29,0,6980,10,True,nid007080,57240768
SparseHNSW_a0.725_b4_s0x0,"M=32 efC=200 ef=60 alpha=0.725 beta=4 q=u8",64,0.9164326648,0.9585,326.8857,2.1514,0.0000,0.047264,"0.047668;0.047190;0.047264;0.047566;0.047210",6.771347,147681.11,,12.29,0,6980,10,True,nid007080,57240768
SparseHNSW_a0.725_b4_s0x0,"M=32 efC=200 ef=75 alpha=0.725 beta=4 q=u8",64,0.9273065903,0.9675,326.8857,2.1514,0.0000,0.056111,"0.056111;0.056079;0.056432;0.056395;0.055949",8.038825,124396.29,,12.29,0,6980,10,True,nid007080,57240768
SparseHNSW_a0.725_b4_s0x0,"M=32 efC=200 ef=100 alpha=0.725 beta=4 q=u8",64,0.9386819484,0.9759,326.8857,2.1514,0.0000,0.069511,"0.069886;0.069511;0.069305;0.069744;0.069010",9.958596,100415.76,,12.29,0,6980,10,True,nid007080,57240768
SparseHNSW_a0.725_b5_s0x0,"M=32 efC=200 ef=10 alpha=0.725 beta=5 q=u8",64,0.9077363897,0.9503,326.8857,2.1514,0.0000,0.041890,"0.041723;0.042093;0.041860;0.042238;0.041890",6.001433,166626.88,,12.29,0,6980,10,True,nid007080,57240768
SparseHNSW_a0.725_b5_s0x0,"M=32 efC=200 ef=20 alpha=0.725 beta=5 q=u8",64,0.9077363897,0.9503,326.8857,2.1514,0.0000,0.042164,"0.042164;0.042022;0.042318;0.042521;0.042073",6.040688,165544.07,,12.29,0,6980,10,True,nid007080,57240768
SparseHNSW_a0.725_b5_s0x0,"M=32 efC=200 ef=25 alpha=0.725 beta=5 q=u8",64,0.9077363897,0.9503,326.8857,2.1514,0.0000,0.041970,"0.042012;0.041857;0.041970;0.041909;0.042018",6.012894,166309.27,,12.29,0,6980,10,True,nid007080,57240768
SparseHNSW_a0.725_b5_s0x0,"M=32 efC=200 ef=30 alpha=0.725 beta=5 q=u8",64,0.9077363897,0.9503,326.8857,2.1514,0.0000,0.042123,"0.042258;0.042387;0.042098;0.042123;0.042075",6.034814,165705.20,,12.29,0,6980,10,True,nid007080,57240768
SparseHNSW_a0.725_b5_s0x0,"M=32 efC=200 ef=35 alpha=0.725 beta=5 q=u8",64,0.9077363897,0.9503,326.8857,2.1514,0.0000,0.042061,"0.042375;0.041981;0.042130;0.042061;0.041866",6.025931,165949.45,,12.29,0,6980,10,True,nid007080,57240768
SparseHNSW_a0.725_b5_s0x0,"M=32 efC=200 ef=40 alpha=0.725 beta=5 q=u8",64,0.9077363897,0.9503,326.8857,2.1514,0.0000,0.042057,"0.042057;0.041980;0.042120;0.042095;0.041510",6.025358,165965.24,,12.29,0,6980,10,True,nid007080,57240768
SparseHNSW_a0.725_b5_s0x0,"M=32 efC=200 ef=50 alpha=0.725 beta=5 q=u8",64,0.9077363897,0.9503,326.8857,2.1514,0.0000,0.042174,"0.042045;0.042257;0.042046;0.042174;0.042296",6.042120,165504.81,,12.29,0,6980,10,True,nid007080,57240768
SparseHNSW_a0.725_b5_s0x0,"M=32 efC=200 ef=60 alpha=0.725 beta=5 q=u8",64,0.9182808023,0.9585,326.8857,2.1514,0.0000,0.047929,"0.047614;0.047929;0.047424;0.048233;0.048085",6.866619,145632.08,,12.29,0,6980,10,True,nid007080,57240768
SparseHNSW_a0.725_b5_s0x0,"M=32 efC=200 ef=75 alpha=0.725 beta=5 q=u8",64,0.9292693410,0.9675,326.8857,2.1514,0.0000,0.056674,"0.056224;0.056828;0.056674;0.056317;0.056698",8.119484,123160.53,,12.29,0,6980,10,True,nid007080,57240768
SparseHNSW_a0.725_b5_s0x0,"M=32 efC=200 ef=100 alpha=0.725 beta=5 q=u8",64,0.9407306590,0.9759,326.8857,2.1514,0.0000,0.069828,"0.069879;0.069822;0.069821;0.069898;0.069828",10.004011,99959.90,,12.29,0,6980,10,True,nid007080,57240768
SparseHNSW_a0.725_b1_s8x4,"M=32 efC=200 ef=10 alpha=0.725 beta=1 q=u8 seedT=8 seedH=8 seedS=4",64,0.7929656160,0.6420,326.8857,2.1514,0.0000,0.026981,"0.027422;0.027154;0.026981;0.026743;0.026768",3.865473,258700.57,,12.29,0,6980,10,True,nid007080,57240768
SparseHNSW_a0.725_b1_s8x4,"M=32 efC=200 ef=20 alpha=0.725 beta=1 q=u8 seedT=8 seedH=8 seedS=4",64,0.7929656160,0.6420,326.8857,2.1514,0.0000,0.026514,"0.026553;0.026544;0.026514;0.026408;0.026450",3.798567,263257.15,,12.29,0,6980,10,True,nid007080,57240768
SparseHNSW_a0.725_b1_s8x4,"M=32 efC=200 ef=25 alpha=0.725 beta=1 q=u8 seedT=8 seedH=8 seedS=4",64,0.7929656160,0.6420,326.8857,2.1514,0.0000,0.026380,"0.026387;0.026351;0.026407;0.026320;0.026380",3.779370,264594.39,,12.29,0,6980,10,True,nid007080,57240768
SparseHNSW_a0.725_b1_s8x4,"M=32 efC=200 ef=30 alpha=0.725 beta=1 q=u8 seedT=8 seedH=8 seedS=4",64,0.7929656160,0.6421,326.8857,2.1514,0.0000,0.026314,"0.026337;0.026326;0.026314;0.026258;0.026257",3.769914,265258.04,,12.29,0,6980,10,True,nid007080,57240768
SparseHNSW_a0.725_b1_s8x4,"M=32 efC=200 ef=35 alpha=0.725 beta=1 q=u8 seedT=8 seedH=8 seedS=4",64,0.7957879656,0.6462,326.8857,2.1514,0.0000,0.027604,"0.027649;0.027630;0.027541;0.027595;0.027604",3.954728,252861.90,,12.29,0,6980,10,True,nid007080,57240768
SparseHNSW_a0.725_b1_s8x4,"M=32 efC=200 ef=40 alpha=0.725 beta=1 q=u8 seedT=8 seedH=8 seedS=4",64,0.7999140401,0.6487,326.8857,2.1514,0.0000,0.030682,"0.030633;0.030682;0.030692;0.030634;0.030713",4.395702,227494.95,,12.29,0,6980,10,True,nid007080,57240768
SparseHNSW_a0.725_b1_s8x4,"M=32 efC=200 ef=50 alpha=0.725 beta=1 q=u8 seedT=8 seedH=8 seedS=4",64,0.8078223496,0.6563,326.8857,2.1514,0.0000,0.036892,"0.036966;0.036892;0.036792;0.036860;0.036944",5.285387,189200.91,,12.29,0,6980,10,True,nid007080,57240768
SparseHNSW_a0.725_b1_s8x4,"M=32 efC=200 ef=60 alpha=0.725 beta=1 q=u8 seedT=8 seedH=8 seedS=4",64,0.8121919771,0.6607,326.8857,2.1514,0.0000,0.042857,"0.042857;0.042882;0.042711;0.042892;0.042741",6.139971,162867.21,,12.29,0,6980,10,True,nid007080,57240768
SparseHNSW_a0.725_b1_s8x4,"M=32 efC=200 ef=75 alpha=0.725 beta=1 q=u8 seedT=8 seedH=8 seedS=4",64,0.8175358166,0.6663,326.8857,2.1514,0.0000,0.051355,"0.051471;0.051304;0.051509;0.051355;0.051262",7.357450,135916.66,,12.29,0,6980,10,True,nid007080,57240768
SparseHNSW_a0.725_b1_s8x4,"M=32 efC=200 ef=100 alpha=0.725 beta=1 q=u8 seedT=8 seedH=8 seedS=4",64,0.8230659026,0.6720,326.8857,2.1514,0.0000,0.065267,"0.065131;0.065267;0.065517;0.065525;0.065259",9.350573,106945.32,,12.29,0,6980,10,True,nid007080,57240768
SparseHNSW_a0.725_b2_s8x4,"M=32 efC=200 ef=10 alpha=0.725 beta=2 q=u8 seedT=8 seedH=8 seedS=4",64,0.8964040115,0.9681,326.8857,2.1514,0.0000,0.027528,"0.027924;0.027617;0.027528;0.027370;0.027429",3.943840,253560.01,,12.29,0,6980,10,True,nid007080,57240768
SparseHNSW_a0.725_b2_s8x4,"M=32 efC=200 ef=20 alpha=0.725 beta=2 q=u8 seedT=8 seedH=8 seedS=4",64,0.8964040115,0.9681,326.8857,2.1514,0.0000,0.027116,"0.027239;0.027230;0.027093;0.027093;0.027116",3.884814,257412.60,,12.29,0,6980,10,True,nid007080,57240768
SparseHNSW_a0.725_b2_s8x4,"M=32 efC=200 ef=25 alpha=0.725 beta=2 q=u8 seedT=8 seedH=8 seedS=4",64,0.8964040115,0.9681,326.8857,2.1514,0.0000,0.027089,"0.026991;0.027262;0.027169;0.027021;0.027089",3.880946,257669.16,,12.29,0,6980,10,True,nid007080,57240768
SparseHNSW_a0.725_b2_s8x4,"M=32 efC=200 ef=30 alpha=0.725 beta=2 q=u8 seedT=8 seedH=8 seedS=4",64,0.8964040115,0.9681,326.8857,2.1514,0.0000,0.027044,"0.026992;0.027129;0.027011;0.027044;0.027052",3.874499,258097.91,,12.29,0,6980,10,True,nid007080,57240768
SparseHNSW_a0.725_b2_s8x4,"M=32 efC=200 ef=35 alpha=0.725 beta=2 q=u8 seedT=8 seedH=8 seedS=4",64,0.8998424069,0.9698,326.8857,2.1514,0.0000,0.028471,"0.028471;0.028531;0.028343;0.028454;0.028510",4.078940,245161.74,,12.29,0,6980,10,True,nid007080,57240768
SparseHNSW_a0.725_b2_s8x4,"M=32 efC=200 ef=40 alpha=0.725 beta=2 q=u8 seedT=8 seedH=8 seedS=4",64,0.9053724928,0.9728,326.8857,2.1514,0.0000,0.031557,"0.031533;0.031509;0.031581;0.031557;0.031566",4.521060,221187.06,,12.29,0,6980,10,True,nid007080,57240768
SparseHNSW_a0.725_b2_s8x4,"M=32 efC=200 ef=50 alpha=0.725 beta=2 q=u8 seedT=8 seedH=8 seedS=4",64,0.9153008596,0.9791,326.8857,2.1514,0.0000,0.037592,"0.037583;0.037573;0.037761;0.037719;0.037592",5.385673,185677.80,,12.29,0,6980,10,True,nid007080,57240768
SparseHNSW_a0.725_b2_s8x4,"M=32 efC=200 ef=60 alpha=0.725 beta=2 q=u8 seedT=8 seedH=8 seedS=4",64,0.9209312321,0.9827,326.8857,2.1514,0.0000,0.043435,"0.043471;0.043435;0.043360;0.043573;0.043435",6.222779,160699.90,,12.29,0,6980,10,True,nid007080,57240768
SparseHNSW_a0.725_b2_s8x4,"M=32 efC=200 ef=75 alpha=0.725 beta=2 q=u8 seedT=8 seedH=8 seedS=4",64,0.9273638968,0.9864,326.8857,2.1514,0.0000,0.051898,"0.051851;0.051807;0.051899;0.051898;0.051908",7.435244,134494.59,,12.29,0,6980,10,True,nid007080,57240768
SparseHNSW_a0.725_b2_s8x4,"M=32 efC=200 ef=100 alpha=0.725 beta=2 q=u8 seedT=8 seedH=8 seedS=4",64,0.9341117479,0.9900,326.8857,2.1514,0.0000,0.065397,"0.065458;0.065042;0.065140;0.065439;0.065397",9.369198,106732.72,,12.29,0,6980,10,True,nid007080,57240768
SparseHNSW_a0.725_b3_s8x4,"M=32 efC=200 ef=10 alpha=0.725 beta=3 q=u8 seedT=8 seedH=8 seedS=4",64,0.9096991404,0.9681,326.8857,2.1514,0.0000,0.028179,"0.028476;0.028181;0.028179;0.028055;0.027876",4.037106,247702.19,,12.29,0,6980,10,True,nid007080,57240768
SparseHNSW_a0.725_b3_s8x4,"M=32 efC=200 ef=20 alpha=0.725 beta=3 q=u8 seedT=8 seedH=8 seedS=4",64,0.9096991404,0.9681,326.8857,2.1514,0.0000,0.027586,"0.027900;0.027745;0.027586;0.027576;0.027509",3.952149,253026.90,,12.29,0,6980,10,True,nid007080,57240768
SparseHNSW_a0.725_b3_s8x4,"M=32 efC=200 ef=25 alpha=0.725 beta=3 q=u8 seedT=8 seedH=8 seedS=4",64,0.9096991404,0.9681,326.8857,2.1514,0.0000,0.027586,"0.027588;0.027586;0.027564;0.027596;0.027452",3.952149,253026.90,,12.29,0,6980,10,True,nid007080,57240768
SparseHNSW_a0.725_b3_s8x4,"M=32 efC=200 ef=30 alpha=0.725 beta=3 q=u8 seedT=8 seedH=8 seedS=4",64,0.9096991404,0.9681,326.8857,2.1514,0.0000,0.027474,"0.027554;0.027474;0.027474;0.027488;0.027431",3.936103,254058.38,,12.29,0,6980,10,True,nid007080,57240768
SparseHNSW_a0.725_b3_s8x4,"M=32 efC=200 ef=35 alpha=0.725 beta=3 q=u8 seedT=8 seedH=8 seedS=4",64,0.9133524355,0.9698,326.8857,2.1514,0.0000,0.028859,"0.028748;0.028921;0.028847;0.028859;0.028936",4.134527,241865.62,,12.29,0,6980,10,True,nid007080,57240768
SparseHNSW_a0.725_b3_s8x4,"M=32 efC=200 ef=40 alpha=0.725 beta=3 q=u8 seedT=8 seedH=8 seedS=4",64,0.9191404011,0.9728,326.8857,2.1514,0.0000,0.032003,"0.032003;0.032088;0.032014;0.031952;0.031991",4.584957,218104.55,,12.29,0,6980,10,True,nid007080,57240768
SparseHNSW_a0.725_b3_s8x4,"M=32 efC=200 ef=50 alpha=0.725 beta=3 q=u8 seedT=8 seedH=8 seedS=4",64,0.9295558739,0.9791,326.8857,2.1514,0.0000,0.038013,"0.037869;0.038059;0.038013;0.037925;0.038101",5.445989,183621.39,,12.29,0,6980,10,True,nid007080,57240768
SparseHNSW_a0.725_b3_s8x4,"M=32 efC=200 ef=60 alpha=0.725 beta=3 q=u8 seedT=8 seedH=8 seedS=4",64,0.9355587393,0.9827,326.8857,2.1514,0.0000,0.043746,"0.043836;0.043667;0.043819;0.043746;0.043733",6.267335,159557.45,,12.29,0,6980,10,True,nid007080,57240768
SparseHNSW_a0.725_b3_s8x4,"M=32 efC=200 ef=75 alpha=0.725 beta=3 q=u8 seedT=8 seedH=8 seedS=4",64,0.9422636103,0.9864,326.8857,2.1514,0.0000,0.052350,"0.052350;0.052109;0.052453;0.052245;0.052524",7.500000,133333.33,,12.29,0,6980,10,True,nid007080,57240768
SparseHNSW_a0.725_b3_s8x4,"M=32 efC=200 ef=100 alpha=0.725 beta=3 q=u8 seedT=8 seedH=8 seedS=4",64,0.9493839542,0.9900,326.8857,2.1514,0.0000,0.066025,"0.065418;0.065889;0.066069;0.066143;0.066025",9.459169,105717.53,,12.29,0,6980,10,True,nid007080,57240768
SparseHNSW_a0.725_b4_s8x4,"M=32 efC=200 ef=10 alpha=0.725 beta=4 q=u8 seedT=8 seedH=8 seedS=4",64,0.9233094556,0.9728,326.8857,2.1514,0.0000,0.032736,"0.032736;0.032991;0.032950;0.032603;0.032717",4.689971,213220.92,,12.29,0,6980,10,True,nid007080,57240768
SparseHNSW_a0.725_b4_s8x4,"M=32 efC=200 ef=20 alpha=0.725 beta=4 q=u8 seedT=8 seedH=8 seedS=4",64,0.9233094556,0.9728,326.8857,2.1514,0.0000,0.032569,"0.032486;0.032485;0.032569;0.032585;0.032625",4.666046,214314.23,,12.29,0,6980,10,True,nid007080,57240768
SparseHNSW_a0.725_b4_s8x4,"M=32 efC=200 ef=25 alpha=0.725 beta=4 q=u8 seedT=8 seedH=8 seedS=4",64,0.9233094556,0.9728,326.8857,2.1514,0.0000,0.032493,"0.032493;0.032564;0.032349;0.032466;0.032507",4.655158,214815.50,,12.29,0,6980,10,True,nid007080,57240768
SparseHNSW_a0.725_b4_s8x4,"M=32 efC=200 ef=30 alpha=0.725 beta=4 q=u8 seedT=8 seedH=8 seedS=4",64,0.9233094556,0.9728,326.8857,2.1514,0.0000,0.032374,"0.032373;0.032374;0.032489;0.032373;0.032394",4.638109,215605.12,,12.29,0,6980,10,True,nid007080,57240768
SparseHNSW_a0.725_b4_s8x4,"M=32 efC=200 ef=35 alpha=0.725 beta=4 q=u8 seedT=8 seedH=8 seedS=4",64,0.9233094556,0.9728,326.8857,2.1514,0.0000,0.032434,"0.032325;0.032391;0.032434;0.032488;0.032460",4.646705,215206.27,,12.29,0,6980,10,True,nid007080,57240768
SparseHNSW_a0.725_b4_s8x4,"M=32 efC=200 ef=40 alpha=0.725 beta=4 q=u8 seedT=8 seedH=8 seedS=4",64,0.9233094556,0.9728,326.8857,2.1514,0.0000,0.032325,"0.032367;0.032325;0.032278;0.032386;0.032307",4.631089,215931.94,,12.29,0,6980,10,True,nid007080,57240768
SparseHNSW_a0.725_b4_s8x4,"M=32 efC=200 ef=50 alpha=0.725 beta=4 q=u8 seedT=8 seedH=8 seedS=4",64,0.9339255014,0.9791,326.8857,2.1514,0.0000,0.038387,"0.038327;0.038387;0.038427;0.038356;0.038400",5.499570,181832.39,,12.29,0,6980,10,True,nid007080,57240768
SparseHNSW_a0.725_b4_s8x4,"M=32 efC=200 ef=60 alpha=0.725 beta=4 q=u8 seedT=8 seedH=8 seedS=4",64,0.9401575931,0.9827,326.8857,2.1514,0.0000,0.044262,"0.044069;0.044283;0.044262;0.044132;0.044405",6.341261,157697.35,,12.29,0,6980,10,True,nid007080,57240768
SparseHNSW_a0.725_b4_s8x4,"M=32 efC=200 ef=75 alpha=0.725 beta=4 q=u8 seedT=8 seedH=8 seedS=4",64,0.9469627507,0.9864,326.8857,2.1514,0.0000,0.052686,"0.052591;0.052842;0.052863;0.052631;0.052686",7.548138,132483.01,,12.29,0,6980,10,True,nid007080,57240768
SparseHNSW_a0.725_b4_s8x4,"M=32 efC=200 ef=100 alpha=0.725 beta=4 q=u8 seedT=8 seedH=8 seedS=4",64,0.9541977077,0.9900,326.8857,2.1514,0.0000,0.066101,"0.065902;0.066101;0.066251;0.066289;0.065563",9.470057,105595.98,,12.29,0,6980,10,True,nid007080,57240768
SparseHNSW_a0.725_b5_s8x4,"M=32 efC=200 ef=10 alpha=0.725 beta=5 q=u8 seedT=8 seedH=8 seedS=4",64,0.9358739255,0.9791,326.8857,2.1514,0.0000,0.039113,"0.039306;0.039113;0.039447;0.039079;0.039032",5.603582,178457.29,,12.29,0,6980,10,True,nid007080,57240768
SparseHNSW_a0.725_b5_s8x4,"M=32 efC=200 ef=20 alpha=0.725 beta=5 q=u8 seedT=8 seedH=8 seedS=4",64,0.9358739255,0.9791,326.8857,2.1514,0.0000,0.038947,"0.039093;0.038947;0.038738;0.039109;0.038905",5.579799,179217.91,,12.29,0,6980,10,True,nid007080,57240768
SparseHNSW_a0.725_b5_s8x4,"M=32 efC=200 ef=25 alpha=0.725 beta=5 q=u8 seedT=8 seedH=8 seedS=4",64,0.9358739255,0.9791,326.8857,2.1514,0.0000,0.038926,"0.038913;0.039014;0.038906;0.038926;0.038953",5.576791,179314.60,,12.29,0,6980,10,True,nid007080,57240768
SparseHNSW_a0.725_b5_s8x4,"M=32 efC=200 ef=30 alpha=0.725 beta=5 q=u8 seedT=8 seedH=8 seedS=4",64,0.9358739255,0.9791,326.8857,2.1514,0.0000,0.038815,"0.038815;0.038920;0.038808;0.038785;0.038838",5.560888,179827.39,,12.29,0,6980,10,True,nid007080,57240768
SparseHNSW_a0.725_b5_s8x4,"M=32 efC=200 ef=35 alpha=0.725 beta=5 q=u8 seedT=8 seedH=8 seedS=4",64,0.9358739255,0.9791,326.8857,2.1514,0.0000,0.038952,"0.038887;0.038968;0.038975;0.038952;0.038912",5.580516,179194.91,,12.29,0,6980,10,True,nid007080,57240768
SparseHNSW_a0.725_b5_s8x4,"M=32 efC=200 ef=40 alpha=0.725 beta=5 q=u8 seedT=8 seedH=8 seedS=4",64,0.9358739255,0.9791,326.8857,2.1514,0.0000,0.038950,"0.038977;0.038950;0.038713;0.039015;0.038755",5.580229,179204.11,,12.29,0,6980,10,True,nid007080,57240768
SparseHNSW_a0.725_b5_s8x4,"M=32 efC=200 ef=50 alpha=0.725 beta=5 q=u8 seedT=8 seedH=8 seedS=4",64,0.9358739255,0.9791,326.8857,2.1514,0.0000,0.038783,"0.038936;0.038633;0.038713;0.038783;0.038916",5.556304,179975.76,,12.29,0,6980,10,True,nid007080,57240768
SparseHNSW_a0.725_b5_s8x4,"M=32 efC=200 ef=60 alpha=0.725 beta=5 q=u8 seedT=8 seedH=8 seedS=4",64,0.9420773639,0.9827,326.8857,2.1514,0.0000,0.044593,"0.044364;0.044444;0.044707;0.044593;0.044685",6.388682,156526.81,,12.29,0,6980,10,True,nid007080,57240768
SparseHNSW_a0.725_b5_s8x4,"M=32 efC=200 ef=75 alpha=0.725 beta=5 q=u8 seedT=8 seedH=8 seedS=4",64,0.9490114613,0.9864,326.8857,2.1514,0.0000,0.053077,"0.053034;0.052966;0.053086;0.053077;0.053162",7.604155,131507.06,,12.29,0,6980,10,True,nid007080,57240768
SparseHNSW_a0.725_b5_s8x4,"M=32 efC=200 ef=100 alpha=0.725 beta=5 q=u8 seedT=8 seedH=8 seedS=4",64,0.9563180516,0.9900,326.8857,2.1514,0.0000,0.066261,"0.066153;0.066261;0.066287;0.066529;0.065484",9.492980,105341.00,,12.29,0,6980,10,True,nid007080,57240768
SparseHNSW_a0.75_b1_s0x0,"M=32 efC=200 ef=10 alpha=0.75 beta=1 q=u8",64,0.6502578797,0.5069,343.9666,2.1519,0.0000,0.013171,"0.012950;0.013300;0.013266;0.013158;0.013171",1.886963,529952.17,,12.37,0,6980,10,True,nid007080,57240768
SparseHNSW_a0.75_b1_s0x0,"M=32 efC=200 ef=20 alpha=0.75 beta=1 q=u8",64,0.7277650430,0.5818,343.9666,2.1519,0.0000,0.020795,"0.021124;0.020959;0.020795;0.020767;0.020659",2.979226,335657.61,,12.37,0,6980,10,True,nid007080,57240768
SparseHNSW_a0.75_b1_s0x0,"M=32 efC=200 ef=25 alpha=0.75 beta=1 q=u8",64,0.7481518625,0.6015,343.9666,2.1519,0.0000,0.023937,"0.024090;0.023975;0.023937;0.023918;0.023889",3.429370,291598.78,,12.37,0,6980,10,True,nid007080,57240768
SparseHNSW_a0.75_b1_s0x0,"M=32 efC=200 ef=30 alpha=0.75 beta=1 q=u8",64,0.7604871060,0.6128,343.9666,2.1519,0.0000,0.027077,"0.027077;0.027200;0.027140;0.027073;0.027062",3.879226,257783.36,,12.37,0,6980,10,True,nid007080,57240768
SparseHNSW_a0.75_b1_s0x0,"M=32 efC=200 ef=35 alpha=0.75 beta=1 q=u8",64,0.7700286533,0.6216,343.9666,2.1519,0.0000,0.030269,"0.030255;0.030269;0.030289;0.030299;0.030236",4.336533,230598.96,,12.37,0,6980,10,True,nid007080,57240768
SparseHNSW_a0.75_b1_s0x0,"M=32 efC=200 ef=40 alpha=0.75 beta=1 q=u8",64,0.7772779370,0.6285,343.9666,2.1519,0.0000,0.033435,"0.033452;0.033359;0.033435;0.033377;0.033507",4.790115,208763.27,,12.37,0,6980,10,True,nid007080,57240768
SparseHNSW_a0.75_b1_s0x0,"M=32 efC=200 ef=50 alpha=0.75 beta=1 q=u8",64,0.7926504298,0.6429,343.9666,2.1519,0.0000,0.039736,"0.039736;0.039787;0.039692;0.039681;0.039766",5.692837,175659.35,,12.37,0,6980,10,True,nid007080,57240768
SparseHNSW_a0.75_b1_s0x0,"M=32 efC=200 ef=60 alpha=0.75 beta=1 q=u8",64,0.8025787966,0.6526,343.9666,2.1519,0.0000,0.045711,"0.045676;0.045659;0.045711;0.045730;0.045738",6.548854,152698.48,,12.37,0,6980,10,True,nid007080,57240768
SparseHNSW_a0.75_b1_s0x0,"M=32 efC=200 ef=75 alpha=0.75 beta=1 q=u8",64,0.8122492837,0.6603,343.9666,2.1519,0.0000,0.054627,"0.054632;0.054627;0.054433;0.054317;0.054941",7.826218,127775.64,,12.37,0,6980,10,True,nid007080,57240768
SparseHNSW_a0.75_b1_s0x0,"M=32 efC=200 ef=100 alpha=0.75 beta=1 q=u8",64,0.8236103152,0.6709,343.9666,2.1519,0.0000,0.068393,"0.068300;0.068114;0.068393;0.068540;0.068510",9.798424,102057.23,,12.37,0,6980,10,True,nid007080,57240768
SparseHNSW_a0.75_b2_s0x0,"M=32 efC=200 ef=10 alpha=0.75 beta=2 q=u8",64,0.8114469914,0.8851,343.9666,2.1519,0.0000,0.021630,"0.021999;0.021722;0.021630;0.021506;0.021502",3.098854,322699.95,,12.37,0,6980,10,True,nid007080,57240768
SparseHNSW_a0.75_b2_s0x0,"M=32 efC=200 ef=20 alpha=0.75 beta=2 q=u8",64,0.8114469914,0.8851,343.9666,2.1519,0.0000,0.021373,"0.021410;0.021359;0.021310;0.021373;0.021409",3.062034,326580.26,,12.37,0,6980,10,True,nid007080,57240768
SparseHNSW_a0.75_b2_s0x0,"M=32 efC=200 ef=25 alpha=0.75 beta=2 q=u8",64,0.8361318052,0.9037,343.9666,2.1519,0.0000,0.024634,"0.024723;0.024657;0.024536;0.024579;0.024634",3.529226,283348.22,,12.37,0,6980,10,True,nid007080,57240768
SparseHNSW_a0.75_b2_s0x0,"M=32 efC=200 ef=30 alpha=0.75 beta=2 q=u8",64,0.8514899713,0.9160,343.9666,2.1519,0.0000,0.027798,"0.027919;0.027794;0.027798;0.027729;0.027827",3.982521,251097.20,,12.37,0,6980,10,True,nid007080,57240768
SparseHNSW_a0.75_b2_s0x0,"M=32 efC=200 ef=35 alpha=0.75 beta=2 q=u8",64,0.8631088825,0.9255,343.9666,2.1519,0.0000,0.030968,"0.030968;0.030987;0.031057;0.030926;0.030962",4.436676,225393.96,,12.37,0,6980,10,True,nid007080,57240768
SparseHNSW_a0.75_b2_s0x0,"M=32 efC=200 ef=40 alpha=0.75 beta=2 q=u8",64,0.8716332378,0.9324,343.9666,2.1519,0.0000,0.034217,"0.034020;0.034310;0.034232;0.034217;0.034117",4.902149,203992.17,,12.37,0,6980,10,True,nid007080,57240768
SparseHNSW_a0.75_b2_s0x0,"M=32 efC=200 ef=50 alpha=0.75 beta=2 q=u8",64,0.8896561605,0.9468,343.9666,2.1519,0.0000,0.040410,"0.040410;0.040361;0.040437;0.040386;0.040654",5.789398,172729.52,,12.37,0,6980,10,True,nid007080,57240768
SparseHNSW_a0.75_b2_s0x0,"M=32 efC=200 ef=60 alpha=0.75 beta=2 q=u8",64,0.9012607450,0.9566,343.9666,2.1519,0.0000,0.046414,"0.046399;0.046414;0.046537;0.046362;0.046539",6.649570,150385.66,,12.37,0,6980,10,True,nid007080,57240768
SparseHNSW_a0.75_b2_s0x0,"M=32 efC=200 ef=75 alpha=0.75 beta=2 q=u8",64,0.9126647564,0.9660,343.9666,2.1519,0.0000,0.055070,"0.055070;0.054604;0.055120;0.055308;0.055016",7.889685,126747.78,,12.37,0,6980,10,True,nid007080,57240768
SparseHNSW_a0.75_b2_s0x0,"M=32 efC=200 ef=100 alpha=0.75 beta=2 q=u8",64,0.9258739255,0.9764,343.9666,2.1519,0.0000,0.068946,"0.068946;0.069101;0.068989;0.068443;0.068551",9.877650,101238.65,,12.37,0,6980,10,True,nid007080,57240768
SparseHNSW_a0.75_b3_s0x0,"M=32 efC=200 ef=10 alpha=0.75 beta=3 q=u8",64,0.8610888252,0.9160,343.9666,2.1519,0.0000,0.028651,"0.028891;0.028758;0.028651;0.028450;0.028579",4.104728,243621.51,,12.37,0,6980,10,True,nid007080,57240768
SparseHNSW_a0.75_b3_s0x0,"M=32 efC=200 ef=20 alpha=0.75 beta=3 q=u8",64,0.8610888252,0.9160,343.9666,2.1519,0.0000,0.028355,"0.028390;0.028292;0.028335;0.028355;0.028391",4.062321,246164.70,,12.37,0,6980,10,True,nid007080,57240768
SparseHNSW_a0.75_b3_s0x0,"M=32 efC=200 ef=25 alpha=0.75 beta=3 q=u8",64,0.8610888252,0.9160,343.9666,2.1519,0.0000,0.028258,"0.028285;0.028147;0.028340;0.028195;0.028258",4.048424,247009.70,,12.37,0,6980,10,True,nid007080,57240768
SparseHNSW_a0.75_b3_s0x0,"M=32 efC=200 ef=30 alpha=0.75 beta=3 q=u8",64,0.8610888252,0.9160,343.9666,2.1519,0.0000,0.028259,"0.028259;0.028214;0.028272;0.028244;0.028264",4.048567,247000.96,,12.37,0,6980,10,True,nid007080,57240768
SparseHNSW_a0.75_b3_s0x0,"M=32 efC=200 ef=35 alpha=0.75 beta=3 q=u8",64,0.8729656160,0.9255,343.9666,2.1519,0.0000,0.031421,"0.031313;0.031545;0.031331;0.031441;0.031421",4.501576,222144.43,,12.37,0,6980,10,True,nid007080,57240768
SparseHNSW_a0.75_b3_s0x0,"M=32 efC=200 ef=40 alpha=0.75 beta=3 q=u8",64,0.8819914040,0.9324,343.9666,2.1519,0.0000,0.034467,"0.034440;0.034467;0.034551;0.034506;0.034411",4.937966,202512.55,,12.37,0,6980,10,True,nid007080,57240768
SparseHNSW_a0.75_b3_s0x0,"M=32 efC=200 ef=50 alpha=0.75 beta=3 q=u8",64,0.9003868195,0.9468,343.9666,2.1519,0.0000,0.040659,"0.040832;0.040659;0.040563;0.040664;0.040465",5.825072,171671.71,,12.37,0,6980,10,True,nid007080,57240768
SparseHNSW_a0.75_b3_s0x0,"M=32 efC=200 ef=60 alpha=0.75 beta=3 q=u8",64,0.9123638968,0.9566,343.9666,2.1519,0.0000,0.046723,"0.046641;0.046637;0.046723;0.046812;0.046737",6.693840,149391.09,,12.37,0,6980,10,True,nid007080,57240768
SparseHNSW_a0.75_b3_s0x0,"M=32 efC=200 ef=75 alpha=0.75 beta=3 q=u8",64,0.9241547278,0.9660,343.9666,2.1519,0.0000,0.055307,"0.055325;0.055201;0.055307;0.055045;0.055456",7.923639,126204.64,,12.37,0,6980,10,True,nid007080,57240768
SparseHNSW_a0.75_b3_s0x0,"M=32 efC=200 ef=100 alpha=0.75 beta=3 q=u8",64,0.9377650430,0.9764,343.9666,2.1519,0.0000,0.069152,"0.069225;0.068841;0.069152;0.069182;0.068802",9.907163,100937.07,,12.37,0,6980,10,True,nid007080,57240768
SparseHNSW_a0.75_b4_s0x0,"M=32 efC=200 ef=10 alpha=0.75 beta=4 q=u8",64,0.8849140401,0.9324,343.9666,2.1519,0.0000,0.035086,"0.035086;0.035028;0.034866;0.035111;0.035197",5.026648,198939.75,,12.37,0,6980,10,True,nid007080,57240768
SparseHNSW_a0.75_b4_s0x0,"M=32 efC=200 ef=20 alpha=0.75 beta=4 q=u8",64,0.8849140401,0.9324,343.9666,2.1519,0.0000,0.034994,"0.035028;0.034929;0.034892;0.035088;0.034994",5.013467,199462.77,,12.37,0,6980,10,True,nid007080,57240768
SparseHNSW_a0.75_b4_s0x0,"M=32 efC=200 ef=25 alpha=0.75 beta=4 q=u8",64,0.8849140401,0.9324,343.9666,2.1519,0.0000,0.034924,"0.034947;0.034783;0.034837;0.034924;0.034964",5.003438,199862.56,,12.37,0,6980,10,True,nid007080,57240768
SparseHNSW_a0.75_b4_s0x0,"M=32 efC=200 ef=30 alpha=0.75 beta=4 q=u8",64,0.8849140401,0.9324,343.9666,2.1519,0.0000,0.034830,"0.034946;0.034830;0.034887;0.034642;0.034827",4.989971,200401.95,,12.37,0,6980,10,True,nid007080,57240768
SparseHNSW_a0.75_b4_s0x0,"M=32 efC=200 ef=35 alpha=0.75 beta=4 q=u8",64,0.8849140401,0.9324,343.9666,2.1519,0.0000,0.034851,"0.034840;0.034878;0.034851;0.034840;0.034899",4.992980,200281.20,,12.37,0,6980,10,True,nid007080,57240768
SparseHNSW_a0.75_b4_s0x0,"M=32 efC=200 ef=40 alpha=0.75 beta=4 q=u8",64,0.8849140401,0.9324,343.9666,2.1519,0.0000,0.034860,"0.034674;0.034860;0.034866;0.034864;0.034799",4.994269,200229.49,,12.37,0,6980,10,True,nid007080,57240768
SparseHNSW_a0.75_b4_s0x0,"M=32 efC=200 ef=50 alpha=0.75 beta=4 q=u8",64,0.9034240688,0.9468,343.9666,2.1519,0.0000,0.041117,"0.041120;0.041117;0.041183;0.041100;0.040925",5.890688,169759.47,,12.37,0,6980,10,True,nid007080,57240768
SparseHNSW_a0.75_b4_s0x0,"M=32 efC=200 ef=60 alpha=0.75 beta=4 q=u8",64,0.9154727794,0.9566,343.9666,2.1519,0.0000,0.046996,"0.046882;0.046871;0.047095;0.046996;0.047098",6.732951,148523.28,,12.37,0,6980,10,True,nid007080,57240768
SparseHNSW_a0.75_b4_s0x0,"M=32 efC=200 ef=75 alpha=0.75 beta=4 q=u8",64,0.9273638968,0.9660,343.9666,2.1519,0.0000,0.055542,"0.055542;0.055530;0.055624;0.055850;0.055406",7.957307,125670.66,,12.37,0,6980,10,True,nid007080,57240768
SparseHNSW_a0.75_b4_s0x0,"M=32 efC=200 ef=100 alpha=0.75 beta=4 q=u8",64,0.9410744986,0.9764,343.9666,2.1519,0.0000,0.069400,"0.069312;0.069030;0.069400;0.069400;0.069601",9.942693,100576.37,,12.37,0,6980,10,True,nid007080,57240768
SparseHNSW_a0.75_b5_s0x0,"M=32 efC=200 ef=10 alpha=0.75 beta=5 q=u8",64,0.9045845272,0.9468,343.9666,2.1519,0.0000,0.041609,"0.041760;0.041609;0.041665;0.041557;0.041476",5.961175,167752.17,,12.37,0,6980,10,True,nid007080,57240768
SparseHNSW_a0.75_b5_s0x0,"M=32 efC=200 ef=20 alpha=0.75 beta=5 q=u8",64,0.9045845272,0.9468,343.9666,2.1519,0.0000,0.041521,"0.041669;0.041422;0.041521;0.041221;0.041528",5.948567,168107.70,,12.37,0,6980,10,True,nid007080,57240768
SparseHNSW_a0.75_b5_s0x0,"M=32 efC=200 ef=25 alpha=0.75 beta=5 q=u8",64,0.9045845272,0.9468,343.9666,2.1519,0.0000,0.041435,"0.041412;0.041435;0.041581;0.041302;0.041444",5.936246,168456.62,,12.37,0,6980,10,True,nid007080,57240768
SparseHNSW_a0.75_b5_s0x0,"M=32 efC=200 ef=30 alpha=0.75 beta=5 q=u8",64,0.9045845272,0.9468,343.9666,2.1519,0.0000,0.041535,"0.041510;0.041721;0.041535;0.041516;0.041631",5.950573,168051.04,,12.37,0,6980,10,True,nid007080,57240768
SparseHNSW_a0.75_b5_s0x0,"M=32 efC=200 ef=35 alpha=0.75 beta=5 q=u8",64,0.9045845272,0.9468,343.9666,2.1519,0.0000,0.041431,"0.041475;0.041386;0.041446;0.041431;0.041329",5.935673,168472.88,,12.37,0,6980,10,True,nid007080,57240768
SparseHNSW_a0.75_b5_s0x0,"M=32 efC=200 ef=40 alpha=0.75 beta=5 q=u8",64,0.9045845272,0.9468,343.9666,2.1519,0.0000,0.041348,"0.041450;0.041112;0.041329;0.041408;0.041348",5.923782,168811.07,,12.37,0,6980,10,True,nid007080,57240768
SparseHNSW_a0.75_b5_s0x0,"M=32 efC=200 ef=50 alpha=0.75 beta=5 q=u8",64,0.9045845272,0.9468,343.9666,2.1519,0.0000,0.041406,"0.041480;0.041406;0.041324;0.041360;0.041559",5.932092,168574.60,,12.37,0,6980,10,True,nid007080,57240768
SparseHNSW_a0.75_b5_s0x0,"M=32 efC=200 ef=60 alpha=0.75 beta=5 q=u8",64,0.9167478510,0.9566,343.9666,2.1519,0.0000,0.047360,"0.047560;0.047308;0.047315;0.047360;0.047535",6.785100,147381.76,,12.37,0,6980,10,True,nid007080,57240768
SparseHNSW_a0.75_b5_s0x0,"M=32 efC=200 ef=75 alpha=0.75 beta=5 q=u8",64,0.9286819484,0.9660,343.9666,2.1519,0.0000,0.055767,"0.055867;0.055767;0.056111;0.055612;0.055686",7.989542,125163.63,,12.37,0,6980,10,True,nid007080,57240768
SparseHNSW_a0.75_b5_s0x0,"M=32 efC=200 ef=100 alpha=0.75 beta=5 q=u8",64,0.9424498567,0.9764,343.9666,2.1519,0.0000,0.069764,"0.069764;0.069707;0.069856;0.069871;0.069611",9.994842,100051.60,,12.37,0,6980,10,True,nid007080,57240768
SparseHNSW_a0.75_b1_s8x4,"M=32 efC=200 ef=10 alpha=0.75 beta=1 q=u8 seedT=8 seedH=8 seedS=4",64,0.8063610315,0.6503,343.9666,2.1519,0.0000,0.026502,"0.026881;0.026698;0.026502;0.026402;0.026347",3.796848,263376.35,,12.37,0,6980,10,True,nid007080,57240768
SparseHNSW_a0.75_b1_s8x4,"M=32 efC=200 ef=20 alpha=0.75 beta=1 q=u8 seedT=8 seedH=8 seedS=4",64,0.8063610315,0.6503,343.9666,2.1519,0.0000,0.026128,"0.026139;0.026152;0.026097;0.025969;0.026128",3.743266,267146.36,,12.37,0,6980,10,True,nid007080,57240768
SparseHNSW_a0.75_b1_s8x4,"M=32 efC=200 ef=25 alpha=0.75 beta=1 q=u8 seedT=8 seedH=8 seedS=4",64,0.8063610315,0.6503,343.9666,2.1519,0.0000,0.026017,"0.026042;0.026038;0.025916;0.025885;0.026017",3.727364,268286.12,,12.37,0,6980,10,True,nid007080,57240768
SparseHNSW_a0.75_b1_s8x4,"M=32 efC=200 ef=30 alpha=0.75 beta=1 q=u8 seedT=8 seedH=8 seedS=4",64,0.8063610315,0.6504,343.9666,2.1519,0.0000,0.025957,"0.025993;0.025909;0.025967;0.025957;0.025928",3.718768,268906.27,,12.37,0,6980,10,True,nid007080,57240768
SparseHNSW_a0.75_b1_s8x4,"M=32 efC=200 ef=35 alpha=0.75 beta=1 q=u8 seedT=8 seedH=8 seedS=4",64,0.8093123209,0.6529,343.9666,2.1519,0.0000,0.027350,"0.027380;0.027353;0.027312;0.027271;0.027350",3.918338,255210.24,,12.37,0,6980,10,True,nid007080,57240768
SparseHNSW_a0.75_b1_s8x4,"M=32 efC=200 ef=40 alpha=0.75 beta=1 q=u8 seedT=8 seedH=8 seedS=4",64,0.8141833811,0.6580,343.9666,2.1519,0.0000,0.030398,"0.030349;0.030438;0.030433;0.030398;0.030333",4.355014,229620.37,,12.37,0,6980,10,True,nid007080,57240768
SparseHNSW_a0.75_b1_s8x4,"M=32 efC=200 ef=50 alpha=0.75 beta=1 q=u8 seedT=8 seedH=8 seedS=4",64,0.8220343840,0.6661,343.9666,2.1519,0.0000,0.036481,"0.036637;0.036434;0.036506;0.036433;0.036481",5.226504,191332.47,,12.37,0,6980,10,True,nid007080,57240768
SparseHNSW_a0.75_b1_s8x4,"M=32 efC=200 ef=60 alpha=0.75 beta=1 q=u8 seedT=8 seedH=8 seedS=4",64,0.8268481375,0.6712,343.9666,2.1519,0.0000,0.042382,"0.042411;0.042347;0.042495;0.042382;0.042336",6.071920,164692.56,,12.37,0,6980,10,True,nid007080,57240768
SparseHNSW_a0.75_b1_s8x4,"M=32 efC=200 ef=75 alpha=0.75 beta=1 q=u8 seedT=8 seedH=8 seedS=4",64,0.8324355301,0.6759,343.9666,2.1519,0.0000,0.050884,"0.050869;0.050824;0.050884;0.051081;0.051116",7.289971,137174.75,,12.37,0,6980,10,True,nid007080,57240768
SparseHNSW_a0.75_b1_s8x4,"M=32 efC=200 ef=100 alpha=0.75 beta=1 q=u8 seedT=8 seedH=8 seedS=4",64,0.8378366762,0.6816,343.9666,2.1519,0.0000,0.064785,"0.064785;0.064802;0.064453;0.064474;0.065026",9.281519,107740.99,,12.37,0,6980,10,True,nid007080,57240768
SparseHNSW_a0.75_b2_s8x4,"M=32 efC=200 ef=10 alpha=0.75 beta=2 q=u8 seedT=8 seedH=8 seedS=4",64,0.9023782235,0.9673,343.9666,2.1519,0.0000,0.027220,"0.027451;0.027241;0.027220;0.027141;0.027027",3.899713,256429.10,,12.37,0,6980,10,True,nid007080,57240768
SparseHNSW_a0.75_b2_s8x4,"M=32 efC=200 ef=20 alpha=0.75 beta=2 q=u8 seedT=8 seedH=8 seedS=4",64,0.9023782235,0.9673,343.9666,2.1519,0.0000,0.026795,"0.026952;0.026848;0.026795;0.026787;0.026772",3.838825,260496.36,,12.37,0,6980,10,True,nid007080,57240768
SparseHNSW_a0.75_b2_s8x4,"M=32 efC=200 ef=25 alpha=0.75 beta=2 q=u8 seedT=8 seedH=8 seedS=4",64,0.9023782235,0.9673,343.9666,2.1519,0.0000,0.026780,"0.026869;0.026811;0.026780;0.026753;0.026714",3.836676,260642.27,,12.37,0,6980,10,True,nid007080,57240768
SparseHNSW_a0.75_b2_s8x4,"M=32 efC=200 ef=30 alpha=0.75 beta=2 q=u8 seedT=8 seedH=8 seedS=4",64,0.9023925501,0.9673,343.9666,2.1519,0.0000,0.026761,"0.026819;0.026808;0.026761;0.026643;0.026716",3.833954,260827.32,,12.37,0,6980,10,True,nid007080,57240768
SparseHNSW_a0.75_b2_s8x4,"M=32 efC=200 ef=35 alpha=0.75 beta=2 q=u8 seedT=8 seedH=8 seedS=4",64,0.9060458453,0.9693,343.9666,2.1519,0.0000,0.028159,"0.028159;0.028314;0.028120;0.028076;0.028174",4.034241,247878.12,,12.37,0,6980,10,True,nid007080,57240768
SparseHNSW_a0.75_b2_s8x4,"M=32 efC=200 ef=40 alpha=0.75 beta=2 q=u8 seedT=8 seedH=8 seedS=4",64,0.9121919771,0.9732,343.9666,2.1519,0.0000,0.031121,"0.031106;0.031219;0.031202;0.031083;0.031121",4.458596,224285.85,,12.37,0,6980,10,True,nid007080,57240768
SparseHNSW_a0.75_b2_s8x4,"M=32 efC=200 ef=50 alpha=0.75 beta=2 q=u8 seedT=8 seedH=8 seedS=4",64,0.9219914040,0.9785,343.9666,2.1519,0.0000,0.037258,"0.037253;0.037354;0.037258;0.037210;0.037278",5.337822,187342.32,,12.37,0,6980,10,True,nid007080,57240768
SparseHNSW_a0.75_b2_s8x4,"M=32 efC=200 ef=60 alpha=0.75 beta=2 q=u8 seedT=8 seedH=8 seedS=4",64,0.9278796562,0.9815,343.9666,2.1519,0.0000,0.043036,"0.043161;0.042809;0.043079;0.043036;0.042980",6.165616,162189.79,,12.37,0,6980,10,True,nid007080,57240768
SparseHNSW_a0.75_b2_s8x4,"M=32 efC=200 ef=75 alpha=0.75 beta=2 q=u8 seedT=8 seedH=8 seedS=4",64,0.9347707736,0.9863,343.9666,2.1519,0.0000,0.051567,"0.051329;0.051658;0.051511;0.051821;0.051567",7.387822,135357.88,,12.37,0,6980,10,True,nid007080,57240768
SparseHNSW_a0.75_b2_s8x4,"M=32 efC=200 ef=100 alpha=0.75 beta=2 q=u8 seedT=8 seedH=8 seedS=4",64,0.9416045845,0.9898,343.9666,2.1519,0.0000,0.065289,"0.065238;0.065841;0.065226;0.065289;0.065514",9.353725,106909.28,,12.37,0,6980,10,True,nid007080,57240768
SparseHNSW_a0.75_b3_s8x4,"M=32 efC=200 ef=10 alpha=0.75 beta=3 q=u8 seedT=8 seedH=8 seedS=4",64,0.9124212034,0.9673,343.9666,2.1519,0.0000,0.027651,"0.027690;0.027680;0.027651;0.027583;0.027497",3.961461,252432.10,,12.37,0,6980,10,True,nid007080,57240768
SparseHNSW_a0.75_b3_s8x4,"M=32 efC=200 ef=20 alpha=0.75 beta=3 q=u8 seedT=8 seedH=8 seedS=4",64,0.9124212034,0.9673,343.9666,2.1519,0.0000,0.027370,"0.027535;0.027410;0.027370;0.027272;0.027302",3.921203,255023.75,,12.37,0,6980,10,True,nid007080,57240768
SparseHNSW_a0.75_b3_s8x4,"M=32 efC=200 ef=25 alpha=0.75 beta=3 q=u8 seedT=8 seedH=8 seedS=4",64,0.9124212034,0.9673,343.9666,2.1519,0.0000,0.027133,"0.027174;0.027260;0.027133;0.027058;0.027106",3.887249,257251.32,,12.37,0,6980,10,True,nid007080,57240768
SparseHNSW_a0.75_b3_s8x4,"M=32 efC=200 ef=30 alpha=0.75 beta=3 q=u8 seedT=8 seedH=8 seedS=4",64,0.9124212034,0.9673,343.9666,2.1519,0.0000,0.027112,"0.027210;0.027004;0.027250;0.027112;0.027072",3.884241,257450.58,,12.37,0,6980,10,True,nid007080,57240768
SparseHNSW_a0.75_b3_s8x4,"M=32 efC=200 ef=35 alpha=0.75 beta=3 q=u8 seedT=8 seedH=8 seedS=4",64,0.9161461318,0.9693,343.9666,2.1519,0.0000,0.028534,"0.028605;0.028534;0.028460;0.028531;0.028562",4.087966,244620.45,,12.37,0,6980,10,True,nid007080,57240768
SparseHNSW_a0.75_b3_s8x4,"M=32 efC=200 ef=40 alpha=0.75 beta=3 q=u8 seedT=8 seedH=8 seedS=4",64,0.9227650430,0.9732,343.9666,2.1519,0.0000,0.031504,"0.031501;0.031596;0.031519;0.031483;0.031504",4.513467,221559.17,,12.37,0,6980,10,True,nid007080,57240768
SparseHNSW_a0.75_b3_s8x4,"M=32 efC=200 ef=50 alpha=0.75 beta=3 q=u8 seedT=8 seedH=8 seedS=4",64,0.9329369628,0.9785,343.9666,2.1519,0.0000,0.037617,"0.037617;0.037684;0.037465;0.037512;0.037679",5.389255,185554.40,,12.37,0,6980,10,True,nid007080,57240768
SparseHNSW_a0.75_b3_s8x4,"M=32 efC=200 ef=60 alpha=0.75 beta=3 q=u8 seedT=8 seedH=8 seedS=4",64,0.9391547278,0.9815,343.9666,2.1519,0.0000,0.043562,"0.043756;0.043572;0.043562;0.043357;0.043558",6.240974,160231.39,,12.37,0,6980,10,True,nid007080,57240768
SparseHNSW_a0.75_b3_s8x4,"M=32 efC=200 ef=75 alpha=0.75 beta=3 q=u8 seedT=8 seedH=8 seedS=4",64,0.9464040115,0.9863,343.9666,2.1519,0.0000,0.051799,"0.051935;0.051783;0.051799;0.052041;0.051766",7.421060,134751.64,,12.37,0,6980,10,True,nid007080,57240768
SparseHNSW_a0.75_b3_s8x4,"M=32 efC=200 ef=100 alpha=0.75 beta=3 q=u8 seedT=8 seedH=8 seedS=4",64,0.9535816619,0.9898,343.9666,2.1519,0.0000,0.065710,"0.065710;0.065825;0.065518;0.065204;0.066018",9.414040,106224.32,,12.37,0,6980,10,True,nid007080,57240768
SparseHNSW_a0.75_b4_s8x4,"M=32 efC=200 ef=10 alpha=0.75 beta=4 q=u8 seedT=8 seedH=8 seedS=4",64,0.9257020057,0.9732,343.9666,2.1519,0.0000,0.032147,"0.032508;0.032157;0.032147;0.032091;0.032087",4.605587,217127.57,,12.37,0,6980,10,True,nid007080,57240768
SparseHNSW_a0.75_b4_s8x4,"M=32 efC=200 ef=20 alpha=0.75 beta=4 q=u8 seedT=8 seedH=8 seedS=4",64,0.9257020057,0.9732,343.9666,2.1519,0.0000,0.031890,"0.031890;0.032148;0.031859;0.031870;0.032033",4.568768,218877.39,,12.37,0,6980,10,True,nid007080,57240768
SparseHNSW_a0.75_b4_s8x4,"M=32 efC=200 ef=25 alpha=0.75 beta=4 q=u8 seedT=8 seedH=8 seedS=4",64,0.9257020057,0.9732,343.9666,2.1519,0.0000,0.031914,"0.031819;0.032153;0.031914;0.032066;0.031817",4.572206,218712.79,,12.37,0,6980,10,True,nid007080,57240768
SparseHNSW_a0.75_b4_s8x4,"M=32 efC=200 ef=30 alpha=0.75 beta=4 q=u8 seedT=8 seedH=8 seedS=4",64,0.9257020057,0.9732,343.9666,2.1519,0.0000,0.031949,"0.031949;0.032013;0.032020;0.031890;0.031949",4.577221,218473.19,,12.37,0,6980,10,True,nid007080,57240768
SparseHNSW_a0.75_b4_s8x4,"M=32 efC=200 ef=35 alpha=0.75 beta=4 q=u8 seedT=8 seedH=8 seedS=4",64,0.9257020057,0.9732,343.9666,2.1519,0.0000,0.031870,"0.032005;0.031732;0.031868;0.031870;0.032005",4.565903,219014.75,,12.37,0,6980,10,True,nid007080,57240768
SparseHNSW_a0.75_b4_s8x4,"M=32 efC=200 ef=40 alpha=0.75 beta=4 q=u8 seedT=8 seedH=8 seedS=4",64,0.9257020057,0.9732,343.9666,2.1519,0.0000,0.031879,"0.031883;0.031879;0.031880;0.031865;0.031843",4.567192,218952.92,,12.37,0,6980,10,True,nid007080,57240768
SparseHNSW_a0.75_b4_s8x4,"M=32 efC=200 ef=50 alpha=0.75 beta=4 q=u8 seedT=8 seedH=8 seedS=4",64,0.9360458453,0.9785,343.9666,2.1519,0.0000,0.037944,"0.038137;0.037943;0.037817;0.037944;0.038056",5.436103,183955.30,,12.37,0,6980,10,True,nid007080,57240768
SparseHNSW_a0.75_b4_s8x4,"M=32 efC=200 ef=60 alpha=0.75 beta=4 q=u8 seedT=8 seedH=8 seedS=4",64,0.9423495702,0.9815,343.9666,2.1519,0.0000,0.043727,"0.043878;0.043727;0.043647;0.044022;0.043701",6.264613,159626.78,,12.37,0,6980,10,True,nid007080,57240768
SparseHNSW_a0.75_b4_s8x4,"M=32 efC=200 ef=75 alpha=0.75 beta=4 q=u8 seedT=8 seedH=8 seedS=4",64,0.9496561605,0.9863,343.9666,2.1519,0.0000,0.052152,"0.052152;0.052093;0.052218;0.052281;0.052097",7.471633,133839.55,,12.37,0,6980,10,True,nid007080,57240768
SparseHNSW_a0.75_b4_s8x4,"M=32 efC=200 ef=100 alpha=0.75 beta=4 q=u8 seedT=8 seedH=8 seedS=4",64,0.9569197708,0.9898,343.9666,2.1519,0.0000,0.065950,"0.066292;0.065950;0.066141;0.065910;0.065439",9.448424,105837.76,,12.37,0,6980,10,True,nid007080,57240768
SparseHNSW_a0.75_b5_s8x4,"M=32 efC=200 ef=10 alpha=0.75 beta=5 q=u8 seedT=8 seedH=8 seedS=4",64,0.9372636103,0.9785,343.9666,2.1519,0.0000,0.038522,"0.038980;0.038449;0.038633;0.038522;0.038490",5.518911,181195.16,,12.37,0,6980,10,True,nid007080,57240768
SparseHNSW_a0.75_b5_s8x4,"M=32 efC=200 ef=20 alpha=0.75 beta=5 q=u8 seedT=8 seedH=8 seedS=4",64,0.9372636103,0.9785,343.9666,2.1519,0.0000,0.038489,"0.038597;0.038291;0.038489;0.038521;0.038478",5.514183,181350.52,,12.37,0,6980,10,True,nid007080,57240768
SparseHNSW_a0.75_b5_s8x4,"M=32 efC=200 ef=25 alpha=0.75 beta=5 q=u8 seedT=8 seedH=8 seedS=4",64,0.9372636103,0.9785,343.9666,2.1519,0.0000,0.038506,"0.038328;0.038506;0.038374;0.038514;0.038528",5.516619,181270.45,,12.37,0,6980,10,True,nid007080,57240768
SparseHNSW_a0.75_b5_s8x4,"M=32 efC=200 ef=30 alpha=0.75 beta=5 q=u8 seedT=8 seedH=8 seedS=4",64,0.9372636103,0.9785,343.9666,2.1519,0.0000,0.038370,"0.038375;0.038517;0.038319;0.038228;0.038370",5.497135,181912.95,,12.37,0,6980,10,True,nid007080,57240768
SparseHNSW_a0.75_b5_s8x4,"M=32 efC=200 ef=35 alpha=0.75 beta=5 q=u8 seedT=8 seedH=8 seedS=4",64,0.9372636103,0.9785,343.9666,2.1519,0.0000,0.038272,"0.038471;0.038175;0.038272;0.038181;0.038335",5.483095,182378.76,,12.37,0,6980,10,True,nid007080,57240768
SparseHNSW_a0.75_b5_s8x4,"M=32 efC=200 ef=40 alpha=0.75 beta=5 q=u8 seedT=8 seedH=8 seedS=4",64,0.9372636103,0.9785,343.9666,2.1519,0.0000,0.038275,"0.038252;0.038337;0.038271;0.038296;0.038275",5.483524,182364.47,,12.37,0,6980,10,True,nid007080,57240768
SparseHNSW_a0.75_b5_s8x4,"M=32 efC=200 ef=50 alpha=0.75 beta=5 q=u8 seedT=8 seedH=8 seedS=4",64,0.9372636103,0.9785,343.9666,2.1519,0.0000,0.038351,"0.038321;0.038322;0.038355;0.038351;0.038398",5.494413,182003.08,,12.37,0,6980,10,True,nid007080,57240768
SparseHNSW_a0.75_b5_s8x4,"M=32 efC=200 ef=60 alpha=0.75 beta=5 q=u8 seedT=8 seedH=8 seedS=4",64,0.9436676218,0.9815,343.9666,2.1519,0.0000,0.044182,"0.044182;0.044450;0.044132;0.044233;0.044129",6.329799,157982.89,,12.37,0,6980,10,True,nid007080,57240768
SparseHNSW_a0.75_b5_s8x4,"M=32 efC=200 ef=75 alpha=0.75 beta=5 q=u8 seedT=8 seedH=8 seedS=4",64,0.9510315186,0.9863,343.9666,2.1519,0.0000,0.052579,"0.052604;0.052558;0.052579;0.052477;0.052626",7.532808,132752.62,,12.37,0,6980,10,True,nid007080,57240768
SparseHNSW_a0.75_b5_s8x4,"M=32 efC=200 ef=100 alpha=0.75 beta=5 q=u8 seedT=8 seedH=8 seedS=4",64,0.9583237822,0.9898,343.9666,2.1519,0.0000,0.066113,"0.066113;0.066288;0.066074;0.066084;0.066443",9.471777,105576.82,,12.37,0,6980,10,True,nid007080,57240768
SparseHNSW_a0.775_b1_s0x0,"M=32 efC=200 ef=10 alpha=0.775 beta=1 q=u8",64,0.6707593123,0.5211,362.4608,2.1495,0.0000,0.013448,"0.012834;0.013563;0.013550;0.013448;0.013396",1.926648,519036.29,,12.48,0,6980,10,True,nid007080,57240768
SparseHNSW_a0.775_b1_s0x0,"M=32 efC=200 ef=20 alpha=0.775 beta=1 q=u8",64,0.7478223496,0.5981,362.4608,2.1495,0.0000,0.020973,"0.021272;0.021096;0.020973;0.020808;0.020739",3.004728,332808.85,,12.48,0,6980,10,True,nid007080,57240768
SparseHNSW_a0.775_b1_s0x0,"M=32 efC=200 ef=25 alpha=0.775 beta=1 q=u8",64,0.7656590258,0.6151,362.4608,2.1495,0.0000,0.024092,"0.024118;0.024177;0.024092;0.023948;0.023963",3.451576,289722.73,,12.48,0,6980,10,True,nid007080,57240768
SparseHNSW_a0.775_b1_s0x0,"M=32 efC=200 ef=30 alpha=0.775 beta=1 q=u8",64,0.7795988539,0.6288,362.4608,2.1495,0.0000,0.027229,"0.027299;0.027342;0.027217;0.027229;0.027208",3.901003,256344.34,,12.48,0,6980,10,True,nid007080,57240768
SparseHNSW_a0.775_b1_s0x0,"M=32 efC=200 ef=35 alpha=0.775 beta=1 q=u8",64,0.7903295129,0.6389,362.4608,2.1495,0.0000,0.030458,"0.030389;0.030554;0.030360;0.030465;0.030458",4.363610,229168.03,,12.48,0,6980,10,True,nid007080,57240768
SparseHNSW_a0.775_b1_s0x0,"M=32 efC=200 ef=40 alpha=0.775 beta=1 q=u8",64,0.7978939828,0.6457,362.4608,2.1495,0.0000,0.033509,"0.033566;0.033422;0.033476;0.033517;0.033509",4.800716,208302.25,,12.48,0,6980,10,True,nid007080,57240768
SparseHNSW_a0.775_b1_s0x0,"M=32 efC=200 ef=50 alpha=0.775 beta=1 q=u8",64,0.8103868195,0.6568,362.4608,2.1495,0.0000,0.039683,"0.039641;0.039772;0.039753;0.039661;0.039683",5.685244,175893.96,,12.48,0,6980,10,True,nid007080,57240768
SparseHNSW_a0.775_b1_s0x0,"M=32 efC=200 ef=60 alpha=0.775 beta=1 q=u8",64,0.8200716332,0.6656,362.4608,2.1495,0.0000,0.045608,"0.045716;0.045549;0.045608;0.045525;0.045627",6.534097,153043.33,,12.48,0,6980,10,True,nid007080,57240768
SparseHNSW_a0.775_b1_s0x0,"M=32 efC=200 ef=75 alpha=0.775 beta=1 q=u8",64,0.8295128940,0.6728,362.4608,2.1495,0.0000,0.054147,"0.054147;0.054144;0.054171;0.054109;0.054216",7.757450,128908.34,,12.48,0,6980,10,True,nid007080,57240768
SparseHNSW_a0.775_b1_s0x0,"M=32 efC=200 ef=100 alpha=0.775 beta=1 q=u8",64,0.8376361032,0.6801,362.4608,2.1495,0.0000,0.067858,"0.067987;0.068123;0.067858;0.067721;0.067732",9.721777,102861.86,,12.48,0,6980,10,True,nid007080,57240768
SparseHNSW_a0.775_b2_s0x0,"M=32 efC=200 ef=10 alpha=0.775 beta=2 q=u8",64,0.8241547278,0.8938,362.4608,2.1495,0.0000,0.021675,"0.021910;0.021884;0.021675;0.021593;0.021450",3.105301,322029.99,,12.48,0,6980,10,True,nid007080,57240768
SparseHNSW_a0.775_b2_s0x0,"M=32 efC=200 ef=20 alpha=0.775 beta=2 q=u8",64,0.8241547278,0.8938,362.4608,2.1495,0.0000,0.021339,"0.021421;0.021403;0.021274;0.021276;0.021339",3.057163,327100.61,,12.48,0,6980,10,True,nid007080,57240768
SparseHNSW_a0.775_b2_s0x0,"M=32 efC=200 ef=25 alpha=0.775 beta=2 q=u8",64,0.8457879656,0.9097,362.4608,2.1495,0.0000,0.024707,"0.024699;0.024699;0.024781;0.024712;0.024707",3.539685,282511.03,,12.48,0,6980,10,True,nid007080,57240768
SparseHNSW_a0.775_b2_s0x0,"M=32 efC=200 ef=30 alpha=0.775 beta=2 q=u8",64,0.8624068768,0.9223,362.4608,2.1495,0.0000,0.027952,"0.028004;0.028025;0.027952;0.027926;0.027897",4.004585,249713.80,,12.48,0,6980,10,True,nid007080,57240768
SparseHNSW_a0.775_b2_s0x0,"M=32 efC=200 ef=35 alpha=0.775 beta=2 q=u8",64,0.8751146132,0.9330,362.4608,2.1495,0.0000,0.031148,"0.031126;0.031148;0.031181;0.031156;0.030967",4.462464,224091.43,,12.48,0,6980,10,True,nid007080,57240768
SparseHNSW_a0.775_b2_s0x0,"M=32 efC=200 ef=40 alpha=0.775 beta=2 q=u8",64,0.8840257880,0.9398,362.4608,2.1495,0.0000,0.034173,"0.034173;0.034092;0.034227;0.034142;0.034184",4.895845,204254.82,,12.48,0,6980,10,True,nid007080,57240768
SparseHNSW_a0.775_b2_s0x0,"M=32 efC=200 ef=50 alpha=0.775 beta=2 q=u8",64,0.8988825215,0.9517,362.4608,2.1495,0.0000,0.040323,"0.040255;0.040378;0.040323;0.040395;0.040147",5.776934,173102.20,,12.48,0,6980,10,True,nid007080,57240768
SparseHNSW_a0.775_b2_s0x0,"M=32 efC=200 ef=60 alpha=0.775 beta=2 q=u8",64,0.9098710602,0.9597,362.4608,2.1495,0.0000,0.045917,"0.046104;0.045917;0.046051;0.045914;0.045841",6.578367,152013.42,,12.48,0,6980,10,True,nid007080,57240768
SparseHNSW_a0.775_b2_s0x0,"M=32 efC=200 ef=75 alpha=0.775 beta=2 q=u8",64,0.9210601719,0.9691,362.4608,2.1495,0.0000,0.054621,"0.054804;0.054554;0.054621;0.054653;0.054592",7.825358,127789.68,,12.48,0,6980,10,True,nid007080,57240768
SparseHNSW_a0.775_b2_s0x0,"M=32 efC=200 ef=100 alpha=0.775 beta=2 q=u8",64,0.9308882521,0.9769,362.4608,2.1495,0.0000,0.068449,"0.068449;0.068411;0.068555;0.068273;0.068475",9.806447,101973.73,,12.48,0,6980,10,True,nid007080,57240768
SparseHNSW_a0.775_b3_s0x0,"M=32 efC=200 ef=10 alpha=0.775 beta=3 q=u8",64,0.8698424069,0.9223,362.4608,2.1495,0.0000,0.028604,"0.028604;0.028732;0.028633;0.028478;0.028552",4.097994,244021.82,,12.48,0,6980,10,True,nid007080,57240768
SparseHNSW_a0.775_b3_s0x0,"M=32 efC=200 ef=20 alpha=0.775 beta=3 q=u8",64,0.8698424069,0.9223,362.4608,2.1495,0.0000,0.028441,"0.028459;0.028462;0.028441;0.028410;0.028422",4.074642,245420.34,,12.48,0,6980,10,True,nid007080,57240768
SparseHNSW_a0.775_b3_s0x0,"M=32 efC=200 ef=25 alpha=0.775 beta=3 q=u8",64,0.8698424069,0.9223,362.4608,2.1495,0.0000,0.028325,"0.028348;0.028325;0.028246;0.028313;0.028476",4.058023,246425.42,,12.48,0,6980,10,True,nid007080,57240768
SparseHNSW_a0.775_b3_s0x0,"M=32 efC=200 ef=30 alpha=0.775 beta=3 q=u8",64,0.8698424069,0.9223,362.4608,2.1495,0.0000,0.028299,"0.028461;0.028299;0.028301;0.028261;0.028189",4.054298,246651.83,,12.48,0,6980,10,True,nid007080,57240768
SparseHNSW_a0.775_b3_s0x0,"M=32 efC=200 ef=35 alpha=0.775 beta=3 q=u8",64,0.8830945559,0.9330,362.4608,2.1495,0.0000,0.031481,"0.031427;0.031481;0.031417;0.031643;0.031494",4.510172,221721.04,,12.48,0,6980,10,True,nid007080,57240768
SparseHNSW_a0.775_b3_s0x0,"M=32 efC=200 ef=40 alpha=0.775 beta=3 q=u8",64,0.8922206304,0.9398,362.4608,2.1495,0.0000,0.034517,"0.034517;0.034542;0.034560;0.034493;0.034400",4.945129,202219.20,,12.48,0,6980,10,True,nid007080,57240768
SparseHNSW_a0.775_b3_s0x0,"M=32 efC=200 ef=50 alpha=0.775 beta=3 q=u8",64,0.9074212034,0.9517,362.4608,2.1495,0.0000,0.040604,"0.040605;0.040586;0.040541;0.040628;0.040604",5.817192,171904.25,,12.48,0,6980,10,True,nid007080,57240768
SparseHNSW_a0.775_b3_s0x0,"M=32 efC=200 ef=60 alpha=0.775 beta=3 q=u8",64,0.9186676218,0.9597,362.4608,2.1495,0.0000,0.046312,"0.046286;0.046303;0.046458;0.046318;0.046312",6.634957,150716.88,,12.48,0,6980,10,True,nid007080,57240768
SparseHNSW_a0.775_b3_s0x0,"M=32 efC=200 ef=75 alpha=0.775 beta=3 q=u8",64,0.9302435530,0.9691,362.4608,2.1495,0.0000,0.055057,"0.055074;0.055042;0.055057;0.054988;0.055200",7.887822,126777.70,,12.48,0,6980,10,True,nid007080,57240768
SparseHNSW_a0.775_b3_s0x0,"M=32 efC=200 ef=100 alpha=0.775 beta=3 q=u8",64,0.9403008596,0.9769,362.4608,2.1495,0.0000,0.068418,"0.068307;0.068194;0.068599;0.068418;0.068765",9.802006,102019.94,,12.48,0,6980,10,True,nid007080,57240768
SparseHNSW_a0.775_b4_s0x0,"M=32 efC=200 ef=10 alpha=0.775 beta=4 q=u8",64,0.8940974212,0.9398,362.4608,2.1495,0.0000,0.035171,"0.035288;0.035171;0.035169;0.035331;0.035143",5.038825,198458.96,,12.48,0,6980,10,True,nid007080,57240768
SparseHNSW_a0.775_b4_s0x0,"M=32 efC=200 ef=20 alpha=0.775 beta=4 q=u8",64,0.8940974212,0.9398,362.4608,2.1495,0.0000,0.035044,"0.035144;0.035139;0.034950;0.035044;0.035017",5.020630,199178.18,,12.48,0,6980,10,True,nid007080,57240768
SparseHNSW_a0.775_b4_s0x0,"M=32 efC=200 ef=25 alpha=0.775 beta=4 q=u8",64,0.8940974212,0.9398,362.4608,2.1495,0.0000,0.034935,"0.034918;0.034927;0.034980;0.035067;0.034935",5.005014,199799.63,,12.48,0,6980,10,True,nid007080,57240768
SparseHNSW_a0.775_b4_s0x0,"M=32 efC=200 ef=30 alpha=0.775 beta=4 q=u8",64,0.8940974212,0.9398,362.4608,2.1495,0.0000,0.034895,"0.034831;0.034881;0.034895;0.035109;0.034912",4.999284,200028.66,,12.48,0,6980,10,True,nid007080,57240768
SparseHNSW_a0.775_b4_s0x0,"M=32 efC=200 ef=35 alpha=0.775 beta=4 q=u8",64,0.8940974212,0.9398,362.4608,2.1495,0.0000,0.034910,"0.034765;0.034856;0.034936;0.034951;0.034910",5.001433,199942.71,,12.48,0,6980,10,True,nid007080,57240768
SparseHNSW_a0.775_b4_s0x0,"M=32 efC=200 ef=40 alpha=0.775 beta=4 q=u8",64,0.8940974212,0.9398,362.4608,2.1495,0.0000,0.034961,"0.034922;0.034979;0.034961;0.034728;0.034972",5.008739,199651.04,,12.48,0,6980,10,True,nid007080,57240768
SparseHNSW_a0.775_b4_s0x0,"M=32 efC=200 ef=50 alpha=0.775 beta=4 q=u8",64,0.9094842407,0.9517,362.4608,2.1495,0.0000,0.040989,"0.040980;0.040989;0.041159;0.041002;0.040817",5.872350,170289.59,,12.48,0,6980,10,True,nid007080,57240768
SparseHNSW_a0.775_b4_s0x0,"M=32 efC=200 ef=60 alpha=0.775 beta=4 q=u8",64,0.9208022923,0.9597,362.4608,2.1495,0.0000,0.046752,"0.046778;0.046585;0.046793;0.046752;0.046575",6.697994,149298.43,,12.48,0,6980,10,True,nid007080,57240768
SparseHNSW_a0.775_b4_s0x0,"M=32 efC=200 ef=75 alpha=0.775 beta=4 q=u8",64,0.9324068768,0.9691,362.4608,2.1495,0.0000,0.055386,"0.055386;0.055482;0.055502;0.055362;0.055319",7.934957,126024.63,,12.48,0,6980,10,True,nid007080,57240768
SparseHNSW_a0.775_b4_s0x0,"M=32 efC=200 ef=100 alpha=0.775 beta=4 q=u8",64,0.9424498567,0.9769,362.4608,2.1495,0.0000,0.069161,"0.068882;0.068996;0.069523;0.069161;0.069234",9.908453,100923.93,,12.48,0,6980,10,True,nid007080,57240768
SparseHNSW_a0.775_b5_s0x0,"M=32 efC=200 ef=10 alpha=0.775 beta=5 q=u8",64,0.9101432665,0.9517,362.4608,2.1495,0.0000,0.041516,"0.041520;0.041469;0.041743;0.041348;0.041516",5.947851,168127.95,,12.48,0,6980,10,True,nid007080,57240768
SparseHNSW_a0.775_b5_s0x0,"M=32 efC=200 ef=20 alpha=0.775 beta=5 q=u8",64,0.9101432665,0.9517,362.4608,2.1495,0.0000,0.041283,"0.041267;0.041460;0.041341;0.041283;0.041247",5.914470,169076.86,,12.48,0,6980,10,True,nid007080,57240768
SparseHNSW_a0.775_b5_s0x0,"M=32 efC=200 ef=25 alpha=0.775 beta=5 q=u8",64,0.9101432665,0.9517,362.4608,2.1495,0.0000,0.041249,"0.041249;0.041174;0.041195;0.041352;0.041330",5.909599,169216.22,,12.48,0,6980,10,True,nid007080,57240768
SparseHNSW_a0.775_b5_s0x0,"M=32 efC=200 ef=30 alpha=0.775 beta=5 q=u8",64,0.9101432665,0.9517,362.4608,2.1495,0.0000,0.041371,"0.041371;0.041445;0.041350;0.041380;0.041320",5.927077,168717.22,,12.48,0,6980,10,True,nid007080,57240768
SparseHNSW_a0.775_b5_s0x0,"M=32 efC=200 ef=35 alpha=0.775 beta=5 q=u8",64,0.9101432665,0.9517,362.4608,2.1495,0.0000,0.041230,"0.041174;0.041387;0.041230;0.041224;0.041252",5.906877,169294.20,,12.48,0,6980,10,True,nid007080,57240768
SparseHNSW_a0.775_b5_s0x0,"M=32 efC=200 ef=40 alpha=0.775 beta=5 q=u8",64,0.9101432665,0.9517,362.4608,2.1495,0.0000,0.041349,"0.041357;0.041134;0.041138;0.041349;0.041429",5.923926,168806.98,,12.48,0,6980,10,True,nid007080,57240768
SparseHNSW_a0.775_b5_s0x0,"M=32 efC=200 ef=50 alpha=0.775 beta=5 q=u8",64,0.9101432665,0.9517,362.4608,2.1495,0.0000,0.041262,"0.041066;0.041262;0.041382;0.041136;0.041356",5.911461,169162.91,,12.48,0,6980,10,True,nid007080,57240768
SparseHNSW_a0.775_b5_s0x0,"M=32 efC=200 ef=60 alpha=0.775 beta=5 q=u8",64,0.9214613181,0.9597,362.4608,2.1495,0.0000,0.047031,"0.047043;0.047026;0.047110;0.046887;0.047031",6.737966,148412.75,,12.48,0,6980,10,True,nid007080,57240768
SparseHNSW_a0.775_b5_s0x0,"M=32 efC=200 ef=75 alpha=0.775 beta=5 q=u8",64,0.9331518625,0.9691,362.4608,2.1495,0.0000,0.055514,"0.055804;0.055628;0.055466;0.055376;0.055514",7.953295,125734.05,,12.48,0,6980,10,True,nid007080,57240768
SparseHNSW_a0.775_b5_s0x0,"M=32 efC=200 ef=100 alpha=0.775 beta=5 q=u8",64,0.9432808023,0.9769,362.4608,2.1495,0.0000,0.069272,"0.069008;0.069439;0.069623;0.068873;0.069272",9.924355,100762.21,,12.48,0,6980,10,True,nid007080,57240768
SparseHNSW_a0.775_b1_s8x4,"M=32 efC=200 ef=10 alpha=0.775 beta=1 q=u8 seedT=8 seedH=8 seedS=4",64,0.8213467049,0.6631,362.4608,2.1495,0.0000,0.026562,"0.027030;0.026820;0.026558;0.026562;0.026345",3.805444,262781.42,,12.48,0,6980,10,True,nid007080,57240768
SparseHNSW_a0.775_b1_s8x4,"M=32 efC=200 ef=20 alpha=0.775 beta=1 q=u8 seedT=8 seedH=8 seedS=4",64,0.8213467049,0.6631,362.4608,2.1495,0.0000,0.026207,"0.026223;0.026249;0.026106;0.026207;0.026073",3.754585,266341.05,,12.48,0,6980,10,True,nid007080,57240768
SparseHNSW_a0.775_b1_s8x4,"M=32 efC=200 ef=25 alpha=0.775 beta=1 q=u8 seedT=8 seedH=8 seedS=4",64,0.8213467049,0.6631,362.4608,2.1495,0.0000,0.026078,"0.026117;0.026246;0.026078;0.026014;0.025909",3.736103,267658.56,,12.48,0,6980,10,True,nid007080,57240768
SparseHNSW_a0.775_b1_s8x4,"M=32 efC=200 ef=30 alpha=0.775 beta=1 q=u8 seedT=8 seedH=8 seedS=4",64,0.8213323782,0.6631,362.4608,2.1495,0.0000,0.026038,"0.026042;0.026015;0.026071;0.025990;0.026038",3.730372,268069.74,,12.48,0,6980,10,True,nid007080,57240768
SparseHNSW_a0.775_b1_s8x4,"M=32 efC=200 ef=35 alpha=0.775 beta=1 q=u8 seedT=8 seedH=8 seedS=4",64,0.8241404011,0.6657,362.4608,2.1495,0.0000,0.027291,"0.027375;0.027291;0.027354;0.027275;0.027229",3.909885,255761.97,,12.48,0,6980,10,True,nid007080,57240768
SparseHNSW_a0.775_b1_s8x4,"M=32 efC=200 ef=40 alpha=0.775 beta=1 q=u8 seedT=8 seedH=8 seedS=4",64,0.8286103152,0.6700,362.4608,2.1495,0.0000,0.030214,"0.030263;0.030101;0.030196;0.030214;0.030266",4.328653,231018.73,,12.48,0,6980,10,True,nid007080,57240768
SparseHNSW_a0.775_b1_s8x4,"M=32 efC=200 ef=50 alpha=0.775 beta=1 q=u8 seedT=8 seedH=8 seedS=4",64,0.8368767908,0.6785,362.4608,2.1495,0.0000,0.036359,"0.036318;0.036487;0.036351;0.036366;0.036359",5.209026,191974.48,,12.48,0,6980,10,True,nid007080,57240768
SparseHNSW_a0.775_b1_s8x4,"M=32 efC=200 ef=60 alpha=0.775 beta=1 q=u8 seedT=8 seedH=8 seedS=4",64,0.8416905444,0.6830,362.4608,2.1495,0.0000,0.042182,"0.042023;0.042182;0.042249;0.042141;0.042190",6.043266,165473.42,,12.48,0,6980,10,True,nid007080,57240768
SparseHNSW_a0.775_b1_s8x4,"M=32 efC=200 ef=75 alpha=0.775 beta=1 q=u8 seedT=8 seedH=8 seedS=4",64,0.8459885387,0.6864,362.4608,2.1495,0.0000,0.050461,"0.050482;0.050461;0.050472;0.050356;0.050440",7.229370,138324.65,,12.48,0,6980,10,True,nid007080,57240768
SparseHNSW_a0.775_b1_s8x4,"M=32 efC=200 ef=100 alpha=0.775 beta=1 q=u8 seedT=8 seedH=8 seedS=4",64,0.8511318052,0.6911,362.4608,2.1495,0.0000,0.064459,"0.064515;0.064179;0.064326;0.064657;0.064459",9.234814,108285.89,,12.48,0,6980,10,True,nid007080,57240768
SparseHNSW_a0.775_b2_s8x4,"M=32 efC=200 ef=10 alpha=0.775 beta=2 q=u8 seedT=8 seedH=8 seedS=4",64,0.9086389685,0.9686,362.4608,2.1495,0.0000,0.027242,"0.027304;0.027299;0.027151;0.027242;0.027119",3.902865,256222.01,,12.48,0,6980,10,True,nid007080,57240768
SparseHNSW_a0.775_b2_s8x4,"M=32 efC=200 ef=20 alpha=0.775 beta=2 q=u8 seedT=8 seedH=8 seedS=4",64,0.9086389685,0.9686,362.4608,2.1495,0.0000,0.027031,"0.027086;0.027031;0.027035;0.026829;0.026813",3.872636,258222.04,,12.48,0,6980,10,True,nid007080,57240768
SparseHNSW_a0.775_b2_s8x4,"M=32 efC=200 ef=25 alpha=0.775 beta=2 q=u8 seedT=8 seedH=8 seedS=4",64,0.9086389685,0.9686,362.4608,2.1495,0.0000,0.026794,"0.026944;0.026811;0.026736;0.026667;0.026794",3.838682,260506.08,,12.48,0,6980,10,True,nid007080,57240768
SparseHNSW_a0.775_b2_s8x4,"M=32 efC=200 ef=30 alpha=0.775 beta=2 q=u8 seedT=8 seedH=8 seedS=4",64,0.9086389685,0.9686,362.4608,2.1495,0.0000,0.026782,"0.026858;0.026769;0.026782;0.026806;0.026761",3.836963,260622.81,,12.48,0,6980,10,True,nid007080,57240768
SparseHNSW_a0.775_b2_s8x4,"M=32 efC=200 ef=35 alpha=0.775 beta=2 q=u8 seedT=8 seedH=8 seedS=4",64,0.9121346705,0.9710,362.4608,2.1495,0.0000,0.028063,"0.028063;0.027980;0.028110;0.028127;0.028063",4.020487,248726.08,,12.48,0,6980,10,True,nid007080,57240768
SparseHNSW_a0.775_b2_s8x4,"M=32 efC=200 ef=40 alpha=0.775 beta=2 q=u8 seedT=8 seedH=8 seedS=4",64,0.9178366762,0.9739,362.4608,2.1495,0.0000,0.031063,"0.031065;0.031110;0.031033;0.031063;0.031011",4.450287,224704.63,,12.48,0,6980,10,True,nid007080,57240768
SparseHNSW_a0.775_b2_s8x4,"M=32 efC=200 ef=50 alpha=0.775 beta=2 q=u8 seedT=8 seedH=8 seedS=4",64,0.9279226361,0.9801,362.4608,2.1495,0.0000,0.037065,"0.037238;0.037053;0.037072;0.037065;0.036985",5.310172,188317.82,,12.48,0,6980,10,True,nid007080,57240768
SparseHNSW_a0.775_b2_s8x4,"M=32 efC=200 ef=60 alpha=0.775 beta=2 q=u8 seedT=8 seedH=8 seedS=4",64,0.9335816619,0.9835,362.4608,2.1495,0.0000,0.042707,"0.042648;0.042739;0.042707;0.042801;0.042612",6.118481,163439.25,,12.48,0,6980,10,True,nid007080,57240768
SparseHNSW_a0.775_b2_s8x4,"M=32 efC=200 ef=75 alpha=0.775 beta=2 q=u8 seedT=8 seedH=8 seedS=4",64,0.9390257880,0.9864,362.4608,2.1495,0.0000,0.051067,"0.051048;0.051055;0.051207;0.051099;0.051067",7.316189,136683.18,,12.48,0,6980,10,True,nid007080,57240768
SparseHNSW_a0.775_b2_s8x4,"M=32 efC=200 ef=100 alpha=0.775 beta=2 q=u8 seedT=8 seedH=8 seedS=4",64,0.9455014327,0.9903,362.4608,2.1495,0.0000,0.064942,"0.064976;0.064879;0.064942;0.064671;0.065057",9.304011,107480.52,,12.48,0,6980,10,True,nid007080,57240768
SparseHNSW_a0.775_b3_s8x4,"M=32 efC=200 ef=10 alpha=0.775 beta=3 q=u8 seedT=8 seedH=8 seedS=4",64,0.9165759312,0.9686,362.4608,2.1495,0.0000,0.027658,"0.027841;0.027805;0.027643;0.027658;0.027586",3.962464,252368.21,,12.48,0,6980,10,True,nid007080,57240768
SparseHNSW_a0.775_b3_s8x4,"M=32 efC=200 ef=20 alpha=0.775 beta=3 q=u8 seedT=8 seedH=8 seedS=4",64,0.9165759312,0.9686,362.4608,2.1495,0.0000,0.027393,"0.027393;0.027500;0.027473;0.027362;0.027257",3.924499,254809.62,,12.48,0,6980,10,True,nid007080,57240768
SparseHNSW_a0.775_b3_s8x4,"M=32 efC=200 ef=25 alpha=0.775 beta=3 q=u8 seedT=8 seedH=8 seedS=4",64,0.9165759312,0.9686,362.4608,2.1495,0.0000,0.027278,"0.027343;0.027312;0.027190;0.027278;0.027092",3.908023,255883.86,,12.48,0,6980,10,True,nid007080,57240768
SparseHNSW_a0.775_b3_s8x4,"M=32 efC=200 ef=30 alpha=0.775 beta=3 q=u8 seedT=8 seedH=8 seedS=4",64,0.9165759312,0.9686,362.4608,2.1495,0.0000,0.027232,"0.027194;0.027232;0.027232;0.027259;0.027282",3.901433,256316.10,,12.48,0,6980,10,True,nid007080,57240768
SparseHNSW_a0.775_b3_s8x4,"M=32 efC=200 ef=35 alpha=0.775 beta=3 q=u8 seedT=8 seedH=8 seedS=4",64,0.9202578797,0.9710,362.4608,2.1495,0.0000,0.028505,"0.028505;0.028557;0.028537;0.028477;0.028456",4.083811,244869.32,,12.48,0,6980,10,True,nid007080,57240768
SparseHNSW_a0.775_b3_s8x4,"M=32 efC=200 ef=40 alpha=0.775 beta=3 q=u8 seedT=8 seedH=8 seedS=4",64,0.9261604585,0.9739,362.4608,2.1495,0.0000,0.031544,"0.031640;0.031612;0.031526;0.031377;0.031544",4.519198,221278.21,,12.48,0,6980,10,True,nid007080,57240768
SparseHNSW_a0.775_b3_s8x4,"M=32 efC=200 ef=50 alpha=0.775 beta=3 q=u8 seedT=8 seedH=8 seedS=4",64,0.9365902579,0.9801,362.4608,2.1495,0.0000,0.037358,"0.037507;0.037545;0.037351;0.037358;0.037202",5.352149,186840.84,,12.48,0,6980,10,True,nid007080,57240768
SparseHNSW_a0.775_b3_s8x4,"M=32 efC=200 ef=60 alpha=0.775 beta=3 q=u8 seedT=8 seedH=8 seedS=4",64,0.9425358166,0.9835,362.4608,2.1495,0.0000,0.043032,"0.043072;0.043034;0.042868;0.042908;0.043032",6.165043,162204.87,,12.48,0,6980,10,True,nid007080,57240768
SparseHNSW_a0.775_b3_s8x4,"M=32 efC=200 ef=75 alpha=0.775 beta=3 q=u8 seedT=8 seedH=8 seedS=4",64,0.9482664756,0.9864,362.4608,2.1495,0.0000,0.051252,"0.051262;0.051120;0.051252;0.051436;0.051210",7.342693,136189.81,,12.48,0,6980,10,True,nid007080,57240768
SparseHNSW_a0.775_b3_s8x4,"M=32 efC=200 ef=100 alpha=0.775 beta=3 q=u8 seedT=8 seedH=8 seedS=4",64,0.9548997135,0.9903,362.4608,2.1495,0.0000,0.065138,"0.065138;0.065341;0.065009;0.065185;0.065116",9.332092,107157.11,,12.48,0,6980,10,True,nid007080,57240768
SparseHNSW_a0.775_b4_s8x4,"M=32 efC=200 ef=10 alpha=0.775 beta=4 q=u8 seedT=8 seedH=8 seedS=4",64,0.9280515759,0.9739,362.4608,2.1495,0.0000,0.032163,"0.032163;0.032248;0.032081;0.032190;0.032016",4.607880,217019.56,,12.48,0,6980,10,True,nid007080,57240768
SparseHNSW_a0.775_b4_s8x4,"M=32 efC=200 ef=20 alpha=0.775 beta=4 q=u8 seedT=8 seedH=8 seedS=4",64,0.9280515759,0.9739,362.4608,2.1495,0.0000,0.032098,"0.032098;0.032287;0.032140;0.031913;0.031869",4.598567,217459.03,,12.48,0,6980,10,True,nid007080,57240768
SparseHNSW_a0.775_b4_s8x4,"M=32 efC=200 ef=25 alpha=0.775 beta=4 q=u8 seedT=8 seedH=8 seedS=4",64,0.9280515759,0.9739,362.4608,2.1495,0.0000,0.031858,"0.031887;0.031845;0.031858;0.031752;0.032041",4.564183,219097.24,,12.48,0,6980,10,True,nid007080,57240768
SparseHNSW_a0.775_b4_s8x4,"M=32 efC=200 ef=30 alpha=0.775 beta=4 q=u8 seedT=8 seedH=8 seedS=4",64,0.9280515759,0.9739,362.4608,2.1495,0.0000,0.031806,"0.031806;0.032008;0.032070;0.031733;0.031695",4.556734,219455.45,,12.48,0,6980,10,True,nid007080,57240768
SparseHNSW_a0.775_b4_s8x4,"M=32 efC=200 ef=35 alpha=0.775 beta=4 q=u8 seedT=8 seedH=8 seedS=4",64,0.9280515759,0.9739,362.4608,2.1495,0.0000,0.031992,"0.032145;0.031936;0.032037;0.031992;0.031958",4.583381,218179.54,,12.48,0,6980,10,True,nid007080,57240768
SparseHNSW_a0.775_b4_s8x4,"M=32 efC=200 ef=40 alpha=0.775 beta=4 q=u8 seedT=8 seedH=8 seedS=4",64,0.9280515759,0.9739,362.4608,2.1495,0.0000,0.031827,"0.031827;0.031932;0.031747;0.031991;0.031814",4.559742,219310.65,,12.48,0,6980,10,True,nid007080,57240768
SparseHNSW_a0.775_b4_s8x4,"M=32 efC=200 ef=50 alpha=0.775 beta=4 q=u8 seedT=8 seedH=8 seedS=4",64,0.9386389685,0.9801,362.4608,2.1495,0.0000,0.037644,"0.037744;0.037703;0.037644;0.037623;0.037637",5.393123,185421.32,,12.48,0,6980,10,True,nid007080,57240768
SparseHNSW_a0.775_b4_s8x4,"M=32 efC=200 ef=60 alpha=0.775 beta=4 q=u8 seedT=8 seedH=8 seedS=4",64,0.9446275072,0.9835,362.4608,2.1495,0.0000,0.043412,"0.043448;0.043538;0.043311;0.043412;0.043227",6.219484,160785.04,,12.48,0,6980,10,True,nid007080,57240768
SparseHNSW_a0.775_b4_s8x4,"M=32 efC=200 ef=75 alpha=0.775 beta=4 q=u8 seedT=8 seedH=8 seedS=4",64,0.9503868195,0.9864,362.4608,2.1495,0.0000,0.051728,"0.051342;0.051899;0.051844;0.051728;0.051594",7.410888,134936.59,,12.48,0,6980,10,True,nid007080,57240768
SparseHNSW_a0.775_b4_s8x4,"M=32 efC=200 ef=100 alpha=0.775 beta=4 q=u8 seedT=8 seedH=8 seedS=4",64,0.9570916905,0.9903,362.4608,2.1495,0.0000,0.065545,"0.065299;0.065136;0.065653;0.065662;0.065545",9.390401,106491.72,,12.48,0,6980,10,True,nid007080,57240768
SparseHNSW_a0.775_b5_s8x4,"M=32 efC=200 ef=10 alpha=0.775 beta=5 q=u8 seedT=8 seedH=8 seedS=4",64,0.9393123209,0.9801,362.4608,2.1495,0.0000,0.038452,"0.038481;0.038427;0.038452;0.038581;0.038306",5.508883,181525.02,,12.48,0,6980,10,True,nid007080,57240768
SparseHNSW_a0.775_b5_s8x4,"M=32 efC=200 ef=20 alpha=0.775 beta=5 q=u8 seedT=8 seedH=8 seedS=4",64,0.9393123209,0.9801,362.4608,2.1495,0.0000,0.038221,"0.038328;0.038221;0.037960;0.038221;0.038335",5.475788,182622.12,,12.48,0,6980,10,True,nid007080,57240768
SparseHNSW_a0.775_b5_s8x4,"M=32 efC=200 ef=25 alpha=0.775 beta=5 q=u8 seedT=8 seedH=8 seedS=4",64,0.9393123209,0.9801,362.4608,2.1495,0.0000,0.038102,"0.038054;0.038102;0.038181;0.038021;0.038199",5.458739,183192.48,,12.48,0,6980,10,True,nid007080,57240768
SparseHNSW_a0.775_b5_s8x4,"M=32 efC=200 ef=30 alpha=0.775 beta=5 q=u8 seedT=8 seedH=8 seedS=4",64,0.9393123209,0.9801,362.4608,2.1495,0.0000,0.038088,"0.038048;0.038061;0.038125;0.038164;0.038088",5.456734,183259.82,,12.48,0,6980,10,True,nid007080,57240768
SparseHNSW_a0.775_b5_s8x4,"M=32 efC=200 ef=35 alpha=0.775 beta=5 q=u8 seedT=8 seedH=8 seedS=4",64,0.9393123209,0.9801,362.4608,2.1495,0.0000,0.038105,"0.038190;0.038088;0.038105;0.038156;0.037932",5.459169,183178.06,,12.48,0,6980,10,True,nid007080,57240768
SparseHNSW_a0.775_b5_s8x4,"M=32 efC=200 ef=40 alpha=0.775 beta=5 q=u8 seedT=8 seedH=8 seedS=4",64,0.9393123209,0.9801,362.4608,2.1495,0.0000,0.038075,"0.038143;0.038102;0.038035;0.038075;0.037993",5.454871,183322.39,,12.48,0,6980,10,True,nid007080,57240768
SparseHNSW_a0.775_b5_s8x4,"M=32 efC=200 ef=50 alpha=0.775 beta=5 q=u8 seedT=8 seedH=8 seedS=4",64,0.9393123209,0.9801,362.4608,2.1495,0.0000,0.038147,"0.038063;0.038333;0.038147;0.038054;0.038276",5.465186,182976.38,,12.48,0,6980,10,True,nid007080,57240768
SparseHNSW_a0.775_b5_s8x4,"M=32 efC=200 ef=60 alpha=0.775 beta=5 q=u8 seedT=8 seedH=8 seedS=4",64,0.9453008596,0.9835,362.4608,2.1495,0.0000,0.043727,"0.043627;0.043727;0.043762;0.043684;0.043888",6.264613,159626.78,,12.48,0,6980,10,True,nid007080,57240768
SparseHNSW_a0.775_b5_s8x4,"M=32 efC=200 ef=75 alpha=0.775 beta=5 q=u8 seedT=8 seedH=8 seedS=4",64,0.9511461318,0.9864,362.4608,2.1495,0.0000,0.052000,"0.051926;0.052114;0.052000;0.052077;0.051942",7.449857,134230.77,,12.48,0,6980,10,True,nid007080,57240768
SparseHNSW_a0.775_b5_s8x4,"M=32 efC=200 ef=100 alpha=0.775 beta=5 q=u8 seedT=8 seedH=8 seedS=4",64,0.9579226361,0.9903,362.4608,2.1495,0.0000,0.065840,"0.065243;0.065955;0.065957;0.065840;0.065839",9.432665,106014.58,,12.48,0,6980,10,True,nid007080,57240768
SparseHNSW_a0.8_b1_s0x0,"M=32 efC=200 ef=10 alpha=0.8 beta=1 q=u8",64,0.6790974212,0.5265,382.5750,2.1566,0.0000,0.013510,"0.012654;0.013568;0.013536;0.013510;0.013461",1.935530,516654.33,,12.53,0,6980,10,True,nid007080,57240768
SparseHNSW_a0.8_b1_s0x0,"M=32 efC=200 ef=20 alpha=0.8 beta=1 q=u8",64,0.7566189112,0.6077,382.5750,2.1566,0.0000,0.020872,"0.021170;0.020899;0.020872;0.020690;0.020707",2.990258,334419.32,,12.53,0,6980,10,True,nid007080,57240768
SparseHNSW_a0.8_b1_s0x0,"M=32 efC=200 ef=25 alpha=0.8 beta=1 q=u8",64,0.7770343840,0.6266,382.5750,2.1566,0.0000,0.023966,"0.024158;0.024122;0.023966;0.023928;0.023966",3.433524,291245.93,,12.53,0,6980,10,True,nid007080,57240768
SparseHNSW_a0.8_b1_s0x0,"M=32 efC=200 ef=30 alpha=0.8 beta=1 q=u8",64,0.7920200573,0.6413,382.5750,2.1566,0.0000,0.027120,"0.027183;0.027206;0.027074;0.027120;0.027101",3.885387,257374.63,,12.53,0,6980,10,True,nid007080,57240768
SparseHNSW_a0.8_b1_s0x0,"M=32 efC=200 ef=35 alpha=0.8 beta=1 q=u8",64,0.8027650430,0.6518,382.5750,2.1566,0.0000,0.030259,"0.030287;0.030259;0.030322;0.030195;0.030148",4.335100,230675.17,,12.53,0,6980,10,True,nid007080,57240768
SparseHNSW_a0.8_b1_s0x0,"M=32 efC=200 ef=40 alpha=0.8 beta=1 q=u8",64,0.8114469914,0.6587,382.5750,2.1566,0.0000,0.033283,"0.033283;0.033276;0.033490;0.033416;0.033225",4.768338,209716.67,,12.53,0,6980,10,True,nid007080,57240768
SparseHNSW_a0.8_b1_s0x0,"M=32 efC=200 ef=50 alpha=0.8 beta=1 q=u8",64,0.8243696275,0.6717,382.5750,2.1566,0.0000,0.039396,"0.039333;0.039473;0.039379;0.039466;0.039396",5.644126,177175.35,,12.53,0,6980,10,True,nid007080,57240768
SparseHNSW_a0.8_b1_s0x0,"M=32 efC=200 ef=60 alpha=0.8 beta=1 q=u8",64,0.8331948424,0.6791,382.5750,2.1566,0.0000,0.045199,"0.045199;0.045330;0.045203;0.045141;0.045187",6.475501,154428.20,,12.53,0,6980,10,True,nid007080,57240768
SparseHNSW_a0.8_b1_s0x0,"M=32 efC=200 ef=75 alpha=0.8 beta=1 q=u8",64,0.8419197708,0.6863,382.5750,2.1566,0.0000,0.053683,"0.053863;0.053767;0.053610;0.053683;0.053571",7.690974,130022.54,,12.53,0,6980,10,True,nid007080,57240768
SparseHNSW_a0.8_b1_s0x0,"M=32 efC=200 ef=100 alpha=0.8 beta=1 q=u8",64,0.8522349570,0.6959,382.5750,2.1566,0.0000,0.067555,"0.067226;0.067365;0.067555;0.067701;0.067656",9.678367,103323.22,,12.53,0,6980,10,True,nid007080,57240768
SparseHNSW_a0.8_b2_s0x0,"M=32 efC=200 ef=10 alpha=0.8 beta=2 q=u8",64,0.8232808023,0.8936,382.5750,2.1566,0.0000,0.021611,"0.021749;0.021641;0.021611;0.021555;0.021496",3.096132,322983.67,,12.53,0,6980,10,True,nid007080,57240768
SparseHNSW_a0.8_b2_s0x0,"M=32 efC=200 ef=20 alpha=0.8 beta=2 q=u8",64,0.8232808023,0.8936,382.5750,2.1566,0.0000,0.021331,"0.021388;0.021331;0.021345;0.021242;0.021251",3.056017,327223.29,,12.53,0,6980,10,True,nid007080,57240768
SparseHNSW_a0.8_b2_s0x0,"M=32 efC=200 ef=25 alpha=0.8 beta=2 q=u8",64,0.8474355301,0.9115,382.5750,2.1566,0.0000,0.024617,"0.024638;0.024708;0.024564;0.024606;0.024617",3.526791,283543.89,,12.53,0,6980,10,True,nid007080,57240768
SparseHNSW_a0.8_b2_s0x0,"M=32 efC=200 ef=30 alpha=0.8 beta=2 q=u8",64,0.8649713467,0.9239,382.5750,2.1566,0.0000,0.027858,"0.027886;0.027763;0.027812;0.027858;0.027888",3.991117,250556.39,,12.53,0,6980,10,True,nid007080,57240768
SparseHNSW_a0.8_b2_s0x0,"M=32 efC=200 ef=35 alpha=0.8 beta=2 q=u8",64,0.8775931232,0.9335,382.5750,2.1566,0.0000,0.031113,"0.031185;0.031127;0.031066;0.031113;0.031082",4.457450,224343.52,,12.53,0,6980,10,True,nid007080,57240768
SparseHNSW_a0.8_b2_s0x0,"M=32 efC=200 ef=40 alpha=0.8 beta=2 q=u8",64,0.8878939828,0.9411,382.5750,2.1566,0.0000,0.034072,"0.034306;0.034044;0.034186;0.034072;0.033985",4.881375,204860.30,,12.53,0,6980,10,True,nid007080,57240768
SparseHNSW_a0.8_b2_s0x0,"M=32 efC=200 ef=50 alpha=0.8 beta=2 q=u8",64,0.9028796562,0.9519,382.5750,2.1566,0.0000,0.040005,"0.040005;0.040112;0.039996;0.039950;0.040144",5.731375,174478.19,,12.53,0,6980,10,True,nid007080,57240768
SparseHNSW_a0.8_b2_s0x0,"M=32 efC=200 ef=60 alpha=0.8 beta=2 q=u8",64,0.9132378223,0.9596,382.5750,2.1566,0.0000,0.045849,"0.045849;0.045668;0.045870;0.045925;0.045683",6.568625,152238.87,,12.53,0,6980,10,True,nid007080,57240768
SparseHNSW_a0.8_b2_s0x0,"M=32 efC=200 ef=75 alpha=0.8 beta=2 q=u8",64,0.9233667622,0.9673,382.5750,2.1566,0.0000,0.054257,"0.054257;0.054377;0.054470;0.054069;0.054172",7.773209,128646.99,,12.53,0,6980,10,True,nid007080,57240768
SparseHNSW_a0.8_b2_s0x0,"M=32 efC=200 ef=100 alpha=0.8 beta=2 q=u8",64,0.9351002865,0.9758,382.5750,2.1566,0.0000,0.068257,"0.068374;0.068048;0.068004;0.068257;0.068296",9.778940,102260.57,,12.53,0,6980,10,True,nid007080,57240768
SparseHNSW_a0.8_b3_s0x0,"M=32 efC=200 ef=10 alpha=0.8 beta=3 q=u8",64,0.8704154728,0.9239,382.5750,2.1566,0.0000,0.028539,"0.028539;0.028587;0.028648;0.028451;0.028451",4.088682,244577.60,,12.53,0,6980,10,True,nid007080,57240768
SparseHNSW_a0.8_b3_s0x0,"M=32 efC=200 ef=20 alpha=0.8 beta=3 q=u8",64,0.8704154728,0.9239,382.5750,2.1566,0.0000,0.028308,"0.028332;0.028372;0.028288;0.028308;0.028295",4.055587,246573.41,,12.53,0,6980,10,True,nid007080,57240768
SparseHNSW_a0.8_b3_s0x0,"M=32 efC=200 ef=25 alpha=0.8 beta=3 q=u8",64,0.8704154728,0.9239,382.5750,2.1566,0.0000,0.028178,"0.028280;0.028178;0.028105;0.028109;0.028219",4.036963,247710.98,,12.53,0,6980,10,True,nid007080,57240768
SparseHNSW_a0.8_b3_s0x0,"M=32 efC=200 ef=30 alpha=0.8 beta=3 q=u8",64,0.8704154728,0.9239,382.5750,2.1566,0.0000,0.028146,"0.028237;0.028081;0.028146;0.028086;0.028253",4.032378,247992.61,,12.53,0,6980,10,True,nid007080,57240768
SparseHNSW_a0.8_b3_s0x0,"M=32 efC=200 ef=35 alpha=0.8 beta=3 q=u8",64,0.8833524355,0.9335,382.5750,2.1566,0.0000,0.031412,"0.031412;0.031413;0.031428;0.031362;0.031410",4.500287,222208.07,,12.53,0,6980,10,True,nid007080,57240768
SparseHNSW_a0.8_b3_s0x0,"M=32 efC=200 ef=40 alpha=0.8 beta=3 q=u8",64,0.8937679083,0.9411,382.5750,2.1566,0.0000,0.034393,"0.034369;0.034619;0.034510;0.034393;0.034348",4.927364,202948.27,,12.53,0,6980,10,True,nid007080,57240768
SparseHNSW_a0.8_b3_s0x0,"M=32 efC=200 ef=50 alpha=0.8 beta=3 q=u8",64,0.9092406877,0.9519,382.5750,2.1566,0.0000,0.040447,"0.040546;0.040447;0.040256;0.040378;0.040611",5.794699,172571.51,,12.53,0,6980,10,True,nid007080,57240768
SparseHNSW_a0.8_b3_s0x0,"M=32 efC=200 ef=60 alpha=0.8 beta=3 q=u8",64,0.9198280802,0.9596,382.5750,2.1566,0.0000,0.046129,"0.046313;0.046083;0.046334;0.045922;0.046129",6.608739,151314.79,,12.53,0,6980,10,True,nid007080,57240768
SparseHNSW_a0.8_b3_s0x0,"M=32 efC=200 ef=75 alpha=0.8 beta=3 q=u8",64,0.9301289398,0.9673,382.5750,2.1566,0.0000,0.054478,"0.054341;0.054774;0.054652;0.054344;0.054478",7.804871,128125.11,,12.53,0,6980,10,True,nid007080,57240768
SparseHNSW_a0.8_b3_s0x0,"M=32 efC=200 ef=100 alpha=0.8 beta=3 q=u8",64,0.9421060172,0.9758,382.5750,2.1566,0.0000,0.068517,"0.068359;0.068343;0.068601;0.068517;0.068538",9.816189,101872.53,,12.53,0,6980,10,True,nid007080,57240768
SparseHNSW_a0.8_b4_s0x0,"M=32 efC=200 ef=10 alpha=0.8 beta=4 q=u8",64,0.8949140401,0.9411,382.5750,2.1566,0.0000,0.035131,"0.035131;0.035269;0.035151;0.035078;0.034959",5.033095,198684.92,,12.53,0,6980,10,True,nid007080,57240768
SparseHNSW_a0.8_b4_s0x0,"M=32 efC=200 ef=20 alpha=0.8 beta=4 q=u8",64,0.8949140401,0.9411,382.5750,2.1566,0.0000,0.034994,"0.035095;0.034891;0.034912;0.034994;0.035042",5.013467,199462.77,,12.53,0,6980,10,True,nid007080,57240768
SparseHNSW_a0.8_b4_s0x0,"M=32 efC=200 ef=25 alpha=0.8 beta=4 q=u8",64,0.8949140401,0.9411,382.5750,2.1566,0.0000,0.034796,"0.034810;0.035108;0.034785;0.034793;0.034796",4.985100,200597.77,,12.53,0,6980,10,True,nid007080,57240768
SparseHNSW_a0.8_b4_s0x0,"M=32 efC=200 ef=30 alpha=0.8 beta=4 q=u8",64,0.8949140401,0.9411,382.5750,2.1566,0.0000,0.034925,"0.034897;0.034925;0.034982;0.034971;0.034872",5.003582,199856.84,,12.53,0,6980,10,True,nid007080,57240768
SparseHNSW_a0.8_b4_s0x0,"M=32 efC=200 ef=35 alpha=0.8 beta=4 q=u8",64,0.8949140401,0.9411,382.5750,2.1566,0.0000,0.034891,"0.034864;0.034985;0.034891;0.034972;0.034873",4.998711,200051.59,,12.53,0,6980,10,True,nid007080,57240768
SparseHNSW_a0.8_b4_s0x0,"M=32 efC=200 ef=40 alpha=0.8 beta=4 q=u8",64,0.8949140401,0.9411,382.5750,2.1566,0.0000,0.034816,"0.035000;0.034902;0.034805;0.034816;0.034764",4.987966,200482.54,,12.53,0,6980,10,True,nid007080,57240768
SparseHNSW_a0.8_b4_s0x0,"M=32 efC=200 ef=50 alpha=0.8 beta=4 q=u8",64,0.9103868195,0.9519,382.5750,2.1566,0.0000,0.040858,"0.040666;0.040932;0.040803;0.040858;0.041036",5.853582,170835.58,,12.53,0,6980,10,True,nid007080,57240768
SparseHNSW_a0.8_b4_s0x0,"M=32 efC=200 ef=60 alpha=0.8 beta=4 q=u8",64,0.9210888252,0.9596,382.5750,2.1566,0.0000,0.046535,"0.046373;0.046296;0.047006;0.046544;0.046535",6.666905,149994.63,,12.53,0,6980,10,True,nid007080,57240768
SparseHNSW_a0.8_b4_s0x0,"M=32 efC=200 ef=75 alpha=0.8 beta=4 q=u8",64,0.9314756447,0.9673,382.5750,2.1566,0.0000,0.054830,"0.054883;0.055092;0.054830;0.054532;0.054708",7.855301,127302.57,,12.53,0,6980,10,True,nid007080,57240768
SparseHNSW_a0.8_b4_s0x0,"M=32 efC=200 ef=100 alpha=0.8 beta=4 q=u8",64,0.9435386819,0.9758,382.5750,2.1566,0.0000,0.068565,"0.068531;0.068899;0.068738;0.068565;0.068387",9.823066,101801.21,,12.53,0,6980,10,True,nid007080,57240768
SparseHNSW_a0.8_b5_s0x0,"M=32 efC=200 ef=10 alpha=0.8 beta=5 q=u8",64,0.9109025788,0.9519,382.5750,2.1566,0.0000,0.041330,"0.041155;0.041482;0.041348;0.041330;0.041064",5.921203,168884.59,,12.53,0,6980,10,True,nid007080,57240768
SparseHNSW_a0.8_b5_s0x0,"M=32 efC=200 ef=20 alpha=0.8 beta=5 q=u8",64,0.9109025788,0.9519,382.5750,2.1566,0.0000,0.041181,"0.041384;0.041181;0.041100;0.041285;0.041083",5.899857,169495.64,,12.53,0,6980,10,True,nid007080,57240768
SparseHNSW_a0.8_b5_s0x0,"M=32 efC=200 ef=25 alpha=0.8 beta=5 q=u8",64,0.9109025788,0.9519,382.5750,2.1566,0.0000,0.041175,"0.041228;0.041099;0.040936;0.041175;0.041315",5.898997,169520.34,,12.53,0,6980,10,True,nid007080,57240768
SparseHNSW_a0.8_b5_s0x0,"M=32 efC=200 ef=30 alpha=0.8 beta=5 q=u8",64,0.9109025788,0.9519,382.5750,2.1566,0.0000,0.041160,"0.041061;0.041183;0.041066;0.041264;0.041160",5.896848,169582.12,,12.53,0,6980,10,True,nid007080,57240768
SparseHNSW_a0.8_b5_s0x0,"M=32 efC=200 ef=35 alpha=0.8 beta=5 q=u8",64,0.9109025788,0.9519,382.5750,2.1566,0.0000,0.041205,"0.041205;0.041357;0.040968;0.041178;0.041459",5.903295,169396.92,,12.53,0,6980,10,True,nid007080,57240768
SparseHNSW_a0.8_b5_s0x0,"M=32 efC=200 ef=40 alpha=0.8 beta=5 q=u8",64,0.9109025788,0.9519,382.5750,2.1566,0.0000,0.041166,"0.041288;0.041043;0.041166;0.041307;0.040950",5.897708,169557.40,,12.53,0,6980,10,True,nid007080,57240768
SparseHNSW_a0.8_b5_s0x0,"M=32 efC=200 ef=50 alpha=0.8 beta=5 q=u8",64,0.9109025788,0.9519,382.5750,2.1566,0.0000,0.041188,"0.041188;0.041127;0.041069;0.041328;0.041218",5.900860,169466.84,,12.53,0,6980,10,True,nid007080,57240768
SparseHNSW_a0.8_b5_s0x0,"M=32 efC=200 ef=60 alpha=0.8 beta=5 q=u8",64,0.9216045845,0.9596,382.5750,2.1566,0.0000,0.046706,"0.046682;0.046706;0.046682;0.046771;0.046922",6.691404,149445.47,,12.53,0,6980,10,True,nid007080,57240768
SparseHNSW_a0.8_b5_s0x0,"M=32 efC=200 ef=75 alpha=0.8 beta=5 q=u8",64,0.9319054441,0.9673,382.5750,2.1566,0.0000,0.055230,"0.055112;0.055840;0.055054;0.055526;0.055230",7.912607,126380.59,,12.53,0,6980,10,True,nid007080,57240768
SparseHNSW_a0.8_b5_s0x0,"M=32 efC=200 ef=100 alpha=0.8 beta=5 q=u8",64,0.9439828080,0.9758,382.5750,2.1566,0.0000,0.069231,"0.068975;0.069292;0.068886;0.069231;0.069255",9.918481,100821.89,,12.53,0,6980,10,True,nid007080,57240768
SparseHNSW_a0.8_b1_s8x4,"M=32 efC=200 ef=10 alpha=0.8 beta=1 q=u8 seedT=8 seedH=8 seedS=4",64,0.8330802292,0.6749,382.5750,2.1566,0.0000,0.026843,"0.027467;0.027089;0.026843;0.026830;0.026558",3.845702,260030.55,,12.53,0,6980,10,True,nid007080,57240768
SparseHNSW_a0.8_b1_s8x4,"M=32 efC=200 ef=20 alpha=0.8 beta=1 q=u8 seedT=8 seedH=8 seedS=4",64,0.8330802292,0.6749,382.5750,2.1566,0.0000,0.026211,"0.026428;0.026298;0.026211;0.026205;0.026205",3.755158,266300.41,,12.53,0,6980,10,True,nid007080,57240768
SparseHNSW_a0.8_b1_s8x4,"M=32 efC=200 ef=25 alpha=0.8 beta=1 q=u8 seedT=8 seedH=8 seedS=4",64,0.8330802292,0.6749,382.5750,2.1566,0.0000,0.026095,"0.026204;0.026176;0.026095;0.026012;0.026009",3.738539,267484.19,,12.53,0,6980,10,True,nid007080,57240768
SparseHNSW_a0.8_b1_s8x4,"M=32 efC=200 ef=30 alpha=0.8 beta=1 q=u8 seedT=8 seedH=8 seedS=4",64,0.8330659026,0.6749,382.5750,2.1566,0.0000,0.025944,"0.025944;0.025932;0.025963;0.026023;0.025941",3.716905,269041.01,,12.53,0,6980,10,True,nid007080,57240768
SparseHNSW_a0.8_b1_s8x4,"M=32 efC=200 ef=35 alpha=0.8 beta=1 q=u8 seedT=8 seedH=8 seedS=4",64,0.8362607450,0.6783,382.5750,2.1566,0.0000,0.027309,"0.027440;0.027287;0.027303;0.027347;0.027309",3.912464,255593.39,,12.53,0,6980,10,True,nid007080,57240768
SparseHNSW_a0.8_b1_s8x4,"M=32 efC=200 ef=40 alpha=0.8 beta=1 q=u8 seedT=8 seedH=8 seedS=4",64,0.8413180516,0.6828,382.5750,2.1566,0.0000,0.030549,"0.030549;0.030660;0.030581;0.030493;0.030406",4.376648,228485.38,,12.53,0,6980,10,True,nid007080,57240768
SparseHNSW_a0.8_b1_s8x4,"M=32 efC=200 ef=50 alpha=0.8 beta=1 q=u8 seedT=8 seedH=8 seedS=4",64,0.8485243553,0.6914,382.5750,2.1566,0.0000,0.036351,"0.036351;0.036389;0.036122;0.036156;0.036444",5.207880,192016.73,,12.53,0,6980,10,True,nid007080,57240768
SparseHNSW_a0.8_b1_s8x4,"M=32 efC=200 ef=60 alpha=0.8 beta=1 q=u8 seedT=8 seedH=8 seedS=4",64,0.8537965616,0.6962,382.5750,2.1566,0.0000,0.042153,"0.042010;0.042255;0.042096;0.042308;0.042153",6.039112,165587.27,,12.53,0,6980,10,True,nid007080,57240768
SparseHNSW_a0.8_b1_s8x4,"M=32 efC=200 ef=75 alpha=0.8 beta=1 q=u8 seedT=8 seedH=8 seedS=4",64,0.8588108883,0.7006,382.5750,2.1566,0.0000,0.050529,"0.050576;0.050529;0.050322;0.050509;0.050585",7.239112,138138.49,,12.53,0,6980,10,True,nid007080,57240768
SparseHNSW_a0.8_b1_s8x4,"M=32 efC=200 ef=100 alpha=0.8 beta=1 q=u8 seedT=8 seedH=8 seedS=4",64,0.8655444126,0.7072,382.5750,2.1566,0.0000,0.064372,"0.064412;0.064296;0.064582;0.064178;0.064372",9.222350,108432.24,,12.53,0,6980,10,True,nid007080,57240768
SparseHNSW_a0.8_b2_s8x4,"M=32 efC=200 ef=10 alpha=0.8 beta=2 q=u8 seedT=8 seedH=8 seedS=4",64,0.9096418338,0.9681,382.5750,2.1566,0.0000,0.027203,"0.027530;0.027409;0.027203;0.027123;0.027202",3.897278,256589.35,,12.53,0,6980,10,True,nid007080,57240768
SparseHNSW_a0.8_b2_s8x4,"M=32 efC=200 ef=20 alpha=0.8 beta=2 q=u8 seedT=8 seedH=8 seedS=4",64,0.9096418338,0.9681,382.5750,2.1566,0.0000,0.026947,"0.026947;0.026976;0.026920;0.026884;0.026971",3.860602,259026.98,,12.53,0,6980,10,True,nid007080,57240768
SparseHNSW_a0.8_b2_s8x4,"M=32 efC=200 ef=25 alpha=0.8 beta=2 q=u8 seedT=8 seedH=8 seedS=4",64,0.9096418338,0.9681,382.5750,2.1566,0.0000,0.026794,"0.026871;0.026766;0.026829;0.026790;0.026794",3.838682,260506.08,,12.53,0,6980,10,True,nid007080,57240768
SparseHNSW_a0.8_b2_s8x4,"M=32 efC=200 ef=30 alpha=0.8 beta=2 q=u8 seedT=8 seedH=8 seedS=4",64,0.9096418338,0.9681,382.5750,2.1566,0.0000,0.026763,"0.026763;0.026804;0.026689;0.026773;0.026674",3.834241,260807.83,,12.53,0,6980,10,True,nid007080,57240768
SparseHNSW_a0.8_b2_s8x4,"M=32 efC=200 ef=35 alpha=0.8 beta=2 q=u8 seedT=8 seedH=8 seedS=4",64,0.9134813754,0.9708,382.5750,2.1566,0.0000,0.028159,"0.028052;0.028159;0.028183;0.028256;0.028088",4.034241,247878.12,,12.53,0,6980,10,True,nid007080,57240768
SparseHNSW_a0.8_b2_s8x4,"M=32 efC=200 ef=40 alpha=0.8 beta=2 q=u8 seedT=8 seedH=8 seedS=4",64,0.9197707736,0.9744,382.5750,2.1566,0.0000,0.031189,"0.031289;0.031163;0.031189;0.031297;0.031127",4.468338,223796.85,,12.53,0,6980,10,True,nid007080,57240768
SparseHNSW_a0.8_b2_s8x4,"M=32 efC=200 ef=50 alpha=0.8 beta=2 q=u8 seedT=8 seedH=8 seedS=4",64,0.9286962751,0.9784,382.5750,2.1566,0.0000,0.037214,"0.037331;0.037258;0.037146;0.037070;0.037214",5.331519,187563.82,,12.53,0,6980,10,True,nid007080,57240768
SparseHNSW_a0.8_b2_s8x4,"M=32 efC=200 ef=60 alpha=0.8 beta=2 q=u8 seedT=8 seedH=8 seedS=4",64,0.9353008596,0.9818,382.5750,2.1566,0.0000,0.042902,"0.042725;0.042902;0.042850;0.043098;0.043025",6.146418,162696.38,,12.53,0,6980,10,True,nid007080,57240768
SparseHNSW_a0.8_b2_s8x4,"M=32 efC=200 ef=75 alpha=0.8 beta=2 q=u8 seedT=8 seedH=8 seedS=4",64,0.9414756447,0.9848,382.5750,2.1566,0.0000,0.051217,"0.051474;0.051404;0.051097;0.051217;0.051214",7.337679,136282.87,,12.53,0,6980,10,True,nid007080,57240768
SparseHNSW_a0.8_b2_s8x4,"M=32 efC=200 ef=100 alpha=0.8 beta=2 q=u8 seedT=8 seedH=8 seedS=4",64,0.9494842407,0.9893,382.5750,2.1566,0.0000,0.064984,"0.064653;0.064755;0.065184;0.064984;0.064984",9.310029,107411.06,,12.53,0,6980,10,True,nid007080,57240768
SparseHNSW_a0.8_b3_s8x4,"M=32 efC=200 ef=10 alpha=0.8 beta=3 q=u8 seedT=8 seedH=8 seedS=4",64,0.9155157593,0.9681,382.5750,2.1566,0.0000,0.027720,"0.028089;0.027870;0.027719;0.027720;0.027651",3.971347,251803.75,,12.53,0,6980,10,True,nid007080,57240768
SparseHNSW_a0.8_b3_s8x4,"M=32 efC=200 ef=20 alpha=0.8 beta=3 q=u8 seedT=8 seedH=8 seedS=4",64,0.9155157593,0.9681,382.5750,2.1566,0.0000,0.027409,"0.027480;0.027409;0.027461;0.027320;0.027408",3.926791,254660.88,,12.53,0,6980,10,True,nid007080,57240768
SparseHNSW_a0.8_b3_s8x4,"M=32 efC=200 ef=25 alpha=0.8 beta=3 q=u8 seedT=8 seedH=8 seedS=4",64,0.9155157593,0.9681,382.5750,2.1566,0.0000,0.027251,"0.027403;0.027205;0.027251;0.027117;0.027281",3.904155,256137.39,,12.53,0,6980,10,True,nid007080,57240768
SparseHNSW_a0.8_b3_s8x4,"M=32 efC=200 ef=30 alpha=0.8 beta=3 q=u8 seedT=8 seedH=8 seedS=4",64,0.9155157593,0.9681,382.5750,2.1566,0.0000,0.027114,"0.027107;0.027114;0.027116;0.027118;0.027106",3.884527,257431.59,,12.53,0,6980,10,True,nid007080,57240768
SparseHNSW_a0.8_b3_s8x4,"M=32 efC=200 ef=35 alpha=0.8 beta=3 q=u8 seedT=8 seedH=8 seedS=4",64,0.9194412607,0.9708,382.5750,2.1566,0.0000,0.028553,"0.028700;0.028506;0.028532;0.028553;0.028606",4.090688,244457.68,,12.53,0,6980,10,True,nid007080,57240768
SparseHNSW_a0.8_b3_s8x4,"M=32 efC=200 ef=40 alpha=0.8 beta=3 q=u8 seedT=8 seedH=8 seedS=4",64,0.9258309456,0.9744,382.5750,2.1566,0.0000,0.031690,"0.031596;0.031690;0.031811;0.031744;0.031616",4.540115,220258.76,,12.53,0,6980,10,True,nid007080,57240768
SparseHNSW_a0.8_b3_s8x4,"M=32 efC=200 ef=50 alpha=0.8 beta=3 q=u8 seedT=8 seedH=8 seedS=4",64,0.9351862464,0.9784,382.5750,2.1566,0.0000,0.037625,"0.037752;0.037535;0.037573;0.037625;0.037656",5.390401,185514.95,,12.53,0,6980,10,True,nid007080,57240768
SparseHNSW_a0.8_b3_s8x4,"M=32 efC=200 ef=60 alpha=0.8 beta=3 q=u8 seedT=8 seedH=8 seedS=4",64,0.9418911175,0.9818,382.5750,2.1566,0.0000,0.043092,"0.043073;0.043110;0.043092;0.043051;0.043313",6.173639,161979.02,,12.53,0,6980,10,True,nid007080,57240768
SparseHNSW_a0.8_b3_s8x4,"M=32 efC=200 ef=75 alpha=0.8 beta=3 q=u8 seedT=8 seedH=8 seedS=4",64,0.9482521490,0.9848,382.5750,2.1566,0.0000,0.051610,"0.051455;0.051706;0.051610;0.051359;0.051857",7.393983,135245.11,,12.53,0,6980,10,True,nid007080,57240768
SparseHNSW_a0.8_b3_s8x4,"M=32 efC=200 ef=100 alpha=0.8 beta=3 q=u8 seedT=8 seedH=8 seedS=4",64,0.9565472779,0.9893,382.5750,2.1566,0.0000,0.065313,"0.065318;0.065313;0.065062;0.065401;0.065249",9.357163,106870.00,,12.53,0,6980,10,True,nid007080,57240768
SparseHNSW_a0.8_b4_s8x4,"M=32 efC=200 ef=10 alpha=0.8 beta=4 q=u8 seedT=8 seedH=8 seedS=4",64,0.9270057307,0.9744,382.5750,2.1566,0.0000,0.032520,"0.032813;0.032479;0.032520;0.032543;0.032288",4.659026,214637.15,,12.53,0,6980,10,True,nid007080,57240768
SparseHNSW_a0.8_b4_s8x4,"M=32 efC=200 ef=20 alpha=0.8 beta=4 q=u8 seedT=8 seedH=8 seedS=4",64,0.9270057307,0.9744,382.5750,2.1566,0.0000,0.032209,"0.032181;0.032241;0.032239;0.032209;0.032064",4.614470,216709.62,,12.53,0,6980,10,True,nid007080,57240768
SparseHNSW_a0.8_b4_s8x4,"M=32 efC=200 ef=25 alpha=0.8 beta=4 q=u8 seedT=8 seedH=8 seedS=4",64,0.9270057307,0.9744,382.5750,2.1566,0.0000,0.032175,"0.032175;0.032347;0.032159;0.032050;0.032226",4.609599,216938.62,,12.53,0,6980,10,True,nid007080,57240768
SparseHNSW_a0.8_b4_s8x4,"M=32 efC=200 ef=30 alpha=0.8 beta=4 q=u8 seedT=8 seedH=8 seedS=4",64,0.9270057307,0.9744,382.5750,2.1566,0.0000,0.032132,"0.032237;0.032092;0.032132;0.032128;0.032157",4.603438,217228.93,,12.53,0,6980,10,True,nid007080,57240768
SparseHNSW_a0.8_b4_s8x4,"M=32 efC=200 ef=35 alpha=0.8 beta=4 q=u8 seedT=8 seedH=8 seedS=4",64,0.9270057307,0.9744,382.5750,2.1566,0.0000,0.032125,"0.032196;0.032125;0.032090;0.032026;0.032135",4.602436,217276.26,,12.53,0,6980,10,True,nid007080,57240768
SparseHNSW_a0.8_b4_s8x4,"M=32 efC=200 ef=40 alpha=0.8 beta=4 q=u8 seedT=8 seedH=8 seedS=4",64,0.9270057307,0.9744,382.5750,2.1566,0.0000,0.032124,"0.032151;0.032124;0.032159;0.032099;0.032071",4.602292,217283.03,,12.53,0,6980,10,True,nid007080,57240768
SparseHNSW_a0.8_b4_s8x4,"M=32 efC=200 ef=50 alpha=0.8 beta=4 q=u8 seedT=8 seedH=8 seedS=4",64,0.9363467049,0.9784,382.5750,2.1566,0.0000,0.038141,"0.037914;0.038187;0.038141;0.038088;0.038181",5.464327,183005.17,,12.53,0,6980,10,True,nid007080,57240768
SparseHNSW_a0.8_b4_s8x4,"M=32 efC=200 ef=60 alpha=0.8 beta=4 q=u8 seedT=8 seedH=8 seedS=4",64,0.9431661891,0.9818,382.5750,2.1566,0.0000,0.043652,"0.043551;0.043663;0.043783;0.043414;0.043652",6.253868,159901.04,,12.53,0,6980,10,True,nid007080,57240768
SparseHNSW_a0.8_b4_s8x4,"M=32 efC=200 ef=75 alpha=0.8 beta=4 q=u8 seedT=8 seedH=8 seedS=4",64,0.9495845272,0.9848,382.5750,2.1566,0.0000,0.051888,"0.052048;0.051957;0.051888;0.051617;0.051694",7.433811,134520.51,,12.53,0,6980,10,True,nid007080,57240768
SparseHNSW_a0.8_b4_s8x4,"M=32 efC=200 ef=100 alpha=0.8 beta=4 q=u8 seedT=8 seedH=8 seedS=4",64,0.9579799427,0.9893,382.5750,2.1566,0.0000,0.065335,"0.065526;0.065456;0.065267;0.065335;0.065212",9.360315,106834.01,,12.53,0,6980,10,True,nid007080,57240768
SparseHNSW_a0.8_b5_s8x4,"M=32 efC=200 ef=10 alpha=0.8 beta=5 q=u8 seedT=8 seedH=8 seedS=4",64,0.9368481375,0.9784,382.5750,2.1566,0.0000,0.038607,"0.038499;0.038726;0.038607;0.038566;0.038847",5.531089,180796.23,,12.53,0,6980,10,True,nid007080,57240768
SparseHNSW_a0.8_b5_s8x4,"M=32 efC=200 ef=20 alpha=0.8 beta=5 q=u8 seedT=8 seedH=8 seedS=4",64,0.9368481375,0.9784,382.5750,2.1566,0.0000,0.038512,"0.038512;0.038423;0.038552;0.038379;0.038665",5.517479,181242.21,,12.53,0,6980,10,True,nid007080,57240768
SparseHNSW_a0.8_b5_s8x4,"M=32 efC=200 ef=25 alpha=0.8 beta=5 q=u8 seedT=8 seedH=8 seedS=4",64,0.9368481375,0.9784,382.5750,2.1566,0.0000,0.038557,"0.038698;0.038232;0.038443;0.038731;0.038557",5.523926,181030.68,,12.53,0,6980,10,True,nid007080,57240768
SparseHNSW_a0.8_b5_s8x4,"M=32 efC=200 ef=30 alpha=0.8 beta=5 q=u8 seedT=8 seedH=8 seedS=4",64,0.9368481375,0.9784,382.5750,2.1566,0.0000,0.038528,"0.038577;0.038512;0.038528;0.038581;0.038403",5.519771,181166.94,,12.53,0,6980,10,True,nid007080,57240768
SparseHNSW_a0.8_b5_s8x4,"M=32 efC=200 ef=35 alpha=0.8 beta=5 q=u8 seedT=8 seedH=8 seedS=4",64,0.9368481375,0.9784,382.5750,2.1566,0.0000,0.038391,"0.038332;0.038472;0.038391;0.038420;0.038075",5.500143,181813.45,,12.53,0,6980,10,True,nid007080,57240768
SparseHNSW_a0.8_b5_s8x4,"M=32 efC=200 ef=40 alpha=0.8 beta=5 q=u8 seedT=8 seedH=8 seedS=4",64,0.9368481375,0.9784,382.5750,2.1566,0.0000,0.038302,"0.038236;0.038382;0.038302;0.038101;0.038720",5.487393,182235.91,,12.53,0,6980,10,True,nid007080,57240768
SparseHNSW_a0.8_b5_s8x4,"M=32 efC=200 ef=50 alpha=0.8 beta=5 q=u8 seedT=8 seedH=8 seedS=4",64,0.9368481375,0.9784,382.5750,2.1566,0.0000,0.038599,"0.038717;0.038447;0.038632;0.038599;0.038535",5.529943,180833.70,,12.53,0,6980,10,True,nid007080,57240768
SparseHNSW_a0.8_b5_s8x4,"M=32 efC=200 ef=60 alpha=0.8 beta=5 q=u8 seedT=8 seedH=8 seedS=4",64,0.9436676218,0.9818,382.5750,2.1566,0.0000,0.044151,"0.044322;0.044151;0.044233;0.043847;0.043965",6.325358,158093.81,,12.53,0,6980,10,True,nid007080,57240768
SparseHNSW_a0.8_b5_s8x4,"M=32 efC=200 ef=75 alpha=0.8 beta=5 q=u8 seedT=8 seedH=8 seedS=4",64,0.9500143266,0.9848,382.5750,2.1566,0.0000,0.052239,"0.052200;0.052590;0.052305;0.052078;0.052239",7.484097,133616.65,,12.53,0,6980,10,True,nid007080,57240768
SparseHNSW_a0.8_b5_s8x4,"M=32 efC=200 ef=100 alpha=0.8 beta=5 q=u8 seedT=8 seedH=8 seedS=4",64,0.9584240688,0.9893,382.5750,2.1566,0.0000,0.065558,"0.066189;0.065505;0.065558;0.065651;0.065555",9.392264,106470.61,,12.53,0,6980,10,True,nid007080,57240768
SparseHNSW_a0.825_b1_s0x0,"M=32 efC=200 ef=10 alpha=0.825 beta=1 q=u8",64,0.6882808023,0.5304,404.6071,2.1488,0.0000,0.013505,"0.012593;0.013538;0.013571;0.013505;0.013475",1.934814,516845.61,,12.66,0,6980,10,True,nid007080,57240768
SparseHNSW_a0.825_b1_s0x0,"M=32 efC=200 ef=20 alpha=0.825 beta=1 q=u8",64,0.7738825215,0.6234,404.6071,2.1488,0.0000,0.021178,"0.021563;0.021310;0.021178;0.021063;0.020980",3.034097,329587.31,,12.66,0,6980,10,True,nid007080,57240768
SparseHNSW_a0.825_b1_s0x0,"M=32 efC=200 ef=25 alpha=0.825 beta=1 q=u8",64,0.7911174785,0.6406,404.6071,2.1488,0.0000,0.024195,"0.024404;0.024334;0.024195;0.024104;0.024086",3.466332,288489.36,,12.66,0,6980,10,True,nid007080,57240768
SparseHNSW_a0.825_b1_s0x0,"M=32 efC=200 ef=30 alpha=0.825 beta=1 q=u8",64,0.8065759312,0.6557,404.6071,2.1488,0.0000,0.027416,"0.027445;0.027539;0.027302;0.027228;0.027416",3.927794,254595.86,,12.66,0,6980,10,True,nid007080,57240768
SparseHNSW_a0.825_b1_s0x0,"M=32 efC=200 ef=35 alpha=0.825 beta=1 q=u8",64,0.8153438395,0.6640,404.6071,2.1488,0.0000,0.030499,"0.030525;0.030499;0.030499;0.030388;0.030455",4.369484,228859.96,,12.66,0,6980,10,True,nid007080,57240768
SparseHNSW_a0.825_b1_s0x0,"M=32 efC=200 ef=40 alpha=0.825 beta=1 q=u8",64,0.8242979943,0.6721,404.6071,2.1488,0.0000,0.033570,"0.033570;0.033564;0.033661;0.033583;0.033566",4.809456,207923.74,,12.66,0,6980,10,True,nid007080,57240768
SparseHNSW_a0.825_b1_s0x0,"M=32 efC=200 ef=50 alpha=0.825 beta=1 q=u8",64,0.8356590258,0.6839,404.6071,2.1488,0.0000,0.039776,"0.039742;0.039776;0.039959;0.039684;0.039929",5.698567,175482.70,,12.66,0,6980,10,True,nid007080,57240768
SparseHNSW_a0.825_b1_s0x0,"M=32 efC=200 ef=60 alpha=0.825 beta=1 q=u8",64,0.8436819484,0.6915,404.6071,2.1488,0.0000,0.045741,"0.045849;0.045465;0.045741;0.045641;0.045889",6.553152,152598.33,,12.66,0,6980,10,True,nid007080,57240768
SparseHNSW_a0.825_b1_s0x0,"M=32 efC=200 ef=75 alpha=0.825 beta=1 q=u8",64,0.8531232092,0.7021,404.6071,2.1488,0.0000,0.054507,"0.054974;0.054859;0.054507;0.054040;0.054145",7.809026,128056.95,,12.66,0,6980,10,True,nid007080,57240768
SparseHNSW_a0.825_b1_s0x0,"M=32 efC=200 ef=100 alpha=0.825 beta=1 q=u8",64,0.8645415473,0.7131,404.6071,2.1488,0.0000,0.068733,"0.069379;0.068814;0.068624;0.068733;0.068486",9.847135,101552.38,,12.66,0,6980,10,True,nid007080,57240768
SparseHNSW_a0.825_b2_s0x0,"M=32 efC=200 ef=10 alpha=0.825 beta=2 q=u8",64,0.8332521490,0.8998,404.6071,2.1488,0.0000,0.022014,"0.022239;0.022154;0.022014;0.021969;0.021835",3.153868,317070.95,,12.66,0,6980,10,True,nid007080,57240768
SparseHNSW_a0.825_b2_s0x0,"M=32 efC=200 ef=20 alpha=0.825 beta=2 q=u8",64,0.8332521490,0.8998,404.6071,2.1488,0.0000,0.021594,"0.021724;0.021629;0.021594;0.021555;0.021556",3.093696,323237.94,,12.66,0,6980,10,True,nid007080,57240768
SparseHNSW_a0.825_b2_s0x0,"M=32 efC=200 ef=25 alpha=0.825 beta=2 q=u8",64,0.8536103152,0.9138,404.6071,2.1488,0.0000,0.024788,"0.024859;0.024875;0.024788;0.024732;0.024758",3.551289,281587.87,,12.66,0,6980,10,True,nid007080,57240768
SparseHNSW_a0.825_b2_s0x0,"M=32 efC=200 ef=30 alpha=0.825 beta=2 q=u8",64,0.8717908309,0.9276,404.6071,2.1488,0.0000,0.028063,"0.028082;0.028165;0.028058;0.028063;0.028054",4.020487,248726.08,,12.66,0,6980,10,True,nid007080,57240768
SparseHNSW_a0.825_b2_s0x0,"M=32 efC=200 ef=35 alpha=0.825 beta=2 q=u8",64,0.8824498567,0.9346,404.6071,2.1488,0.0000,0.031226,"0.031226;0.031200;0.031238;0.031153;0.031259",4.473639,223531.67,,12.66,0,6980,10,True,nid007080,57240768
SparseHNSW_a0.825_b2_s0x0,"M=32 efC=200 ef=40 alpha=0.825 beta=2 q=u8",64,0.8926504298,0.9419,404.6071,2.1488,0.0000,0.034431,"0.034532;0.034493;0.034431;0.034364;0.034376",4.932808,202724.29,,12.66,0,6980,10,True,nid007080,57240768
SparseHNSW_a0.825_b2_s0x0,"M=32 efC=200 ef=50 alpha=0.825 beta=2 q=u8",64,0.9058739255,0.9512,404.6071,2.1488,0.0000,0.040524,"0.040524;0.040693;0.040594;0.040260;0.040308",5.805731,172243.61,,12.66,0,6980,10,True,nid007080,57240768
SparseHNSW_a0.825_b2_s0x0,"M=32 efC=200 ef=60 alpha=0.825 beta=2 q=u8",64,0.9149856734,0.9577,404.6071,2.1488,0.0000,0.046199,"0.045953;0.046085;0.046321;0.046343;0.046199",6.618768,151085.52,,12.66,0,6980,10,True,nid007080,57240768
SparseHNSW_a0.825_b2_s0x0,"M=32 efC=200 ef=75 alpha=0.825 beta=2 q=u8",64,0.9255587393,0.9663,404.6071,2.1488,0.0000,0.055392,"0.055392;0.055275;0.055506;0.055469;0.055283",7.935817,126010.98,,12.66,0,6980,10,True,nid007080,57240768
SparseHNSW_a0.825_b2_s0x0,"M=32 efC=200 ef=100 alpha=0.825 beta=2 q=u8",64,0.9384097421,0.9762,404.6071,2.1488,0.0000,0.069288,"0.068729;0.069288;0.068427;0.069877;0.069541",9.926648,100738.94,,12.66,0,6980,10,True,nid007080,57240768
SparseHNSW_a0.825_b3_s0x0,"M=32 efC=200 ef=10 alpha=0.825 beta=3 q=u8",64,0.8751432665,0.9276,404.6071,2.1488,0.0000,0.029012,"0.029569;0.029089;0.029012;0.028985;0.028829",4.156447,240590.10,,12.66,0,6980,10,True,nid007080,57240768
SparseHNSW_a0.825_b3_s0x0,"M=32 efC=200 ef=20 alpha=0.825 beta=3 q=u8",64,0.8751432665,0.9276,404.6071,2.1488,0.0000,0.028569,"0.028636;0.028598;0.028553;0.028567;0.028569",4.092980,244320.77,,12.66,0,6980,10,True,nid007080,57240768
SparseHNSW_a0.825_b3_s0x0,"M=32 efC=200 ef=25 alpha=0.825 beta=3 q=u8",64,0.8751432665,0.9276,404.6071,2.1488,0.0000,0.028425,"0.028516;0.028425;0.028475;0.028395;0.028371",4.072350,245558.49,,12.66,0,6980,10,True,nid007080,57240768
SparseHNSW_a0.825_b3_s0x0,"M=32 efC=200 ef=30 alpha=0.825 beta=3 q=u8",64,0.8751432665,0.9276,404.6071,2.1488,0.0000,0.028346,"0.028356;0.028346;0.028313;0.028284;0.028355",4.061032,246242.86,,12.66,0,6980,10,True,nid007080,57240768
SparseHNSW_a0.825_b3_s0x0,"M=32 efC=200 ef=35 alpha=0.825 beta=3 q=u8",64,0.8859312321,0.9346,404.6071,2.1488,0.0000,0.031497,"0.031497;0.031602;0.031474;0.031485;0.031520",4.512464,221608.41,,12.66,0,6980,10,True,nid007080,57240768
SparseHNSW_a0.825_b3_s0x0,"M=32 efC=200 ef=40 alpha=0.825 beta=3 q=u8",64,0.8962464183,0.9419,404.6071,2.1488,0.0000,0.034999,"0.035156;0.035271;0.034977;0.034999;0.034949",5.014183,199434.27,,12.66,0,6980,10,True,nid007080,57240768
SparseHNSW_a0.825_b3_s0x0,"M=32 efC=200 ef=50 alpha=0.825 beta=3 q=u8",64,0.9097994269,0.9512,404.6071,2.1488,0.0000,0.040826,"0.040964;0.040806;0.040662;0.041111;0.040826",5.848997,170969.48,,12.66,0,6980,10,True,nid007080,57240768
SparseHNSW_a0.825_b3_s0x0,"M=32 efC=200 ef=60 alpha=0.825 beta=3 q=u8",64,0.9191404011,0.9577,404.6071,2.1488,0.0000,0.046860,"0.046860;0.046602;0.046945;0.046766;0.046956",6.713467,148954.33,,12.66,0,6980,10,True,nid007080,57240768
SparseHNSW_a0.825_b3_s0x0,"M=32 efC=200 ef=75 alpha=0.825 beta=3 q=u8",64,0.9299140401,0.9663,404.6071,2.1488,0.0000,0.055591,"0.055591;0.055908;0.055449;0.055405;0.055648",7.964327,125559.89,,12.66,0,6980,10,True,nid007080,57240768
SparseHNSW_a0.825_b3_s0x0,"M=32 efC=200 ef=100 alpha=0.825 beta=3 q=u8",64,0.9429369628,0.9762,404.6071,2.1488,0.0000,0.069727,"0.069390;0.069315;0.069727;0.070083;0.069996",9.989542,100104.69,,12.66,0,6980,10,True,nid007080,57240768
SparseHNSW_a0.825_b4_s0x0,"M=32 efC=200 ef=10 alpha=0.825 beta=4 q=u8",64,0.8970487106,0.9419,404.6071,2.1488,0.0000,0.035808,"0.035936;0.035876;0.035808;0.035411;0.035518",5.130086,194928.51,,12.66,0,6980,10,True,nid007080,57240768
SparseHNSW_a0.825_b4_s0x0,"M=32 efC=200 ef=20 alpha=0.825 beta=4 q=u8",64,0.8970487106,0.9419,404.6071,2.1488,0.0000,0.035420,"0.035503;0.035505;0.035375;0.035216;0.035420",5.074499,197063.81,,12.66,0,6980,10,True,nid007080,57240768
SparseHNSW_a0.825_b4_s0x0,"M=32 efC=200 ef=25 alpha=0.825 beta=4 q=u8",64,0.8970487106,0.9419,404.6071,2.1488,0.0000,0.035228,"0.035228;0.035327;0.035159;0.035251;0.035007",5.046991,198137.84,,12.66,0,6980,10,True,nid007080,57240768
SparseHNSW_a0.825_b4_s0x0,"M=32 efC=200 ef=30 alpha=0.825 beta=4 q=u8",64,0.8970487106,0.9419,404.6071,2.1488,0.0000,0.035263,"0.035263;0.035199;0.035469;0.035201;0.035271",5.052006,197941.18,,12.66,0,6980,10,True,nid007080,57240768
SparseHNSW_a0.825_b4_s0x0,"M=32 efC=200 ef=35 alpha=0.825 beta=4 q=u8",64,0.8970487106,0.9419,404.6071,2.1488,0.0000,0.035129,"0.035111;0.035117;0.035129;0.035152;0.035235",5.032808,198696.23,,12.66,0,6980,10,True,nid007080,57240768
SparseHNSW_a0.825_b4_s0x0,"M=32 efC=200 ef=40 alpha=0.825 beta=4 q=u8",64,0.8970487106,0.9419,404.6071,2.1488,0.0000,0.035108,"0.035006;0.035242;0.034996;0.035108;0.035176",5.029799,198815.08,,12.66,0,6980,10,True,nid007080,57240768
SparseHNSW_a0.825_b4_s0x0,"M=32 efC=200 ef=50 alpha=0.825 beta=4 q=u8",64,0.9107020057,0.9512,404.6071,2.1488,0.0000,0.041165,"0.041121;0.041346;0.041156;0.041165;0.041279",5.897564,169561.52,,12.66,0,6980,10,True,nid007080,57240768
SparseHNSW_a0.825_b4_s0x0,"M=32 efC=200 ef=60 alpha=0.825 beta=4 q=u8",64,0.9201432665,0.9577,404.6071,2.1488,0.0000,0.047230,"0.047020;0.047230;0.047096;0.047273;0.047384",6.766476,147787.42,,12.66,0,6980,10,True,nid007080,57240768
SparseHNSW_a0.825_b4_s0x0,"M=32 efC=200 ef=75 alpha=0.825 beta=4 q=u8",64,0.9309742120,0.9663,404.6071,2.1488,0.0000,0.055439,"0.055851;0.055439;0.055414;0.055899;0.055366",7.942550,125904.15,,12.66,0,6980,10,True,nid007080,57240768
SparseHNSW_a0.825_b4_s0x0,"M=32 efC=200 ef=100 alpha=0.825 beta=4 q=u8",64,0.9440830946,0.9762,404.6071,2.1488,0.0000,0.069682,"0.069518;0.069682;0.069870;0.069239;0.069905",9.983095,100169.34,,12.66,0,6980,10,True,nid007080,57240768
SparseHNSW_a0.825_b5_s0x0,"M=32 efC=200 ef=10 alpha=0.825 beta=5 q=u8",64,0.9109025788,0.9512,404.6071,2.1488,0.0000,0.041822,"0.042014;0.041815;0.041882;0.041822;0.041792",5.991691,166897.80,,12.66,0,6980,10,True,nid007080,57240768
SparseHNSW_a0.825_b5_s0x0,"M=32 efC=200 ef=20 alpha=0.825 beta=5 q=u8",64,0.9109025788,0.9512,404.6071,2.1488,0.0000,0.041723,"0.042037;0.041842;0.041607;0.041723;0.041431",5.977507,167293.82,,12.66,0,6980,10,True,nid007080,57240768
SparseHNSW_a0.825_b5_s0x0,"M=32 efC=200 ef=25 alpha=0.825 beta=5 q=u8",64,0.9109025788,0.9512,404.6071,2.1488,0.0000,0.041791,"0.041753;0.041936;0.042078;0.041791;0.041717",5.987249,167021.61,,12.66,0,6980,10,True,nid007080,57240768
SparseHNSW_a0.825_b5_s0x0,"M=32 efC=200 ef=30 alpha=0.825 beta=5 q=u8",64,0.9109025788,0.9512,404.6071,2.1488,0.0000,0.041821,"0.041866;0.041842;0.041668;0.041821;0.041582",5.991547,166901.80,,12.66,0,6980,10,True,nid007080,57240768
SparseHNSW_a0.825_b5_s0x0,"M=32 efC=200 ef=35 alpha=0.825 beta=5 q=u8",64,0.9109025788,0.9512,404.6071,2.1488,0.0000,0.041743,"0.041743;0.041831;0.041756;0.041692;0.041733",5.980372,167213.66,,12.66,0,6980,10,True,nid007080,57240768
SparseHNSW_a0.825_b5_s0x0,"M=32 efC=200 ef=40 alpha=0.825 beta=5 q=u8",64,0.9109025788,0.9512,404.6071,2.1488,0.0000,0.041753,"0.041729;0.041824;0.041779;0.041753;0.041717",5.981805,167173.62,,12.66,0,6980,10,True,nid007080,57240768
SparseHNSW_a0.825_b5_s0x0,"M=32 efC=200 ef=50 alpha=0.825 beta=5 q=u8",64,0.9109025788,0.9512,404.6071,2.1488,0.0000,0.041849,"0.041626;0.041695;0.042033;0.041857;0.041849",5.995559,166790.13,,12.66,0,6980,10,True,nid007080,57240768
SparseHNSW_a0.825_b5_s0x0,"M=32 efC=200 ef=60 alpha=0.825 beta=5 q=u8",64,0.9203151862,0.9577,404.6071,2.1488,0.0000,0.047711,"0.047285;0.047852;0.047711;0.047716;0.047213",6.835387,146297.50,,12.66,0,6980,10,True,nid007080,57240768
SparseHNSW_a0.825_b5_s0x0,"M=32 efC=200 ef=75 alpha=0.825 beta=5 q=u8",64,0.9311747851,0.9663,404.6071,2.1488,0.0000,0.056166,"0.056066;0.055843;0.056166;0.056292;0.056738",8.046705,124274.47,,12.66,0,6980,10,True,nid007080,57240768
SparseHNSW_a0.825_b5_s0x0,"M=32 efC=200 ef=100 alpha=0.825 beta=5 q=u8",64,0.9443266476,0.9762,404.6071,2.1488,0.0000,0.070258,"0.070071;0.070300;0.070206;0.070367;0.070258",10.065616,99348.12,,12.66,0,6980,10,True,nid007080,57240768
SparseHNSW_a0.825_b1_s8x4,"M=32 efC=200 ef=10 alpha=0.825 beta=1 q=u8 seedT=8 seedH=8 seedS=4",64,0.8466475645,0.6899,404.6071,2.1488,0.0000,0.027094,"0.027672;0.027429;0.027094;0.026958;0.026888",3.881662,257621.61,,12.66,0,6980,10,True,nid007080,57240768
SparseHNSW_a0.825_b1_s8x4,"M=32 efC=200 ef=20 alpha=0.825 beta=1 q=u8 seedT=8 seedH=8 seedS=4",64,0.8466475645,0.6899,404.6071,2.1488,0.0000,0.026799,"0.026638;0.026924;0.027003;0.026799;0.026601",3.839398,260457.48,,12.66,0,6980,10,True,nid007080,57240768
SparseHNSW_a0.825_b1_s8x4,"M=32 efC=200 ef=25 alpha=0.825 beta=1 q=u8 seedT=8 seedH=8 seedS=4",64,0.8466475645,0.6899,404.6071,2.1488,0.0000,0.026408,"0.026422;0.026408;0.026401;0.026408;0.026377",3.783381,264313.84,,12.66,0,6980,10,True,nid007080,57240768
SparseHNSW_a0.825_b1_s8x4,"M=32 efC=200 ef=30 alpha=0.825 beta=1 q=u8 seedT=8 seedH=8 seedS=4",64,0.8466475645,0.6899,404.6071,2.1488,0.0000,0.026231,"0.026282;0.026272;0.026231;0.026224;0.026183",3.758023,266097.37,,12.66,0,6980,10,True,nid007080,57240768
SparseHNSW_a0.825_b1_s8x4,"M=32 efC=200 ef=35 alpha=0.825 beta=1 q=u8 seedT=8 seedH=8 seedS=4",64,0.8491977077,0.6923,404.6071,2.1488,0.0000,0.027569,"0.027628;0.027541;0.027569;0.027587;0.027569",3.949713,253182.92,,12.66,0,6980,10,True,nid007080,57240768
SparseHNSW_a0.825_b1_s8x4,"M=32 efC=200 ef=40 alpha=0.825 beta=1 q=u8 seedT=8 seedH=8 seedS=4",64,0.8541117479,0.6969,404.6071,2.1488,0.0000,0.030709,"0.030691;0.030600;0.030731;0.030709;0.030864",4.399570,227294.93,,12.66,0,6980,10,True,nid007080,57240768
SparseHNSW_a0.825_b1_s8x4,"M=32 efC=200 ef=50 alpha=0.825 beta=1 q=u8 seedT=8 seedH=8 seedS=4",64,0.8623209169,0.7061,404.6071,2.1488,0.0000,0.036877,"0.036845;0.036882;0.036954;0.036815;0.036877",5.283238,189277.87,,12.66,0,6980,10,True,nid007080,57240768
SparseHNSW_a0.825_b1_s8x4,"M=32 efC=200 ef=60 alpha=0.825 beta=1 q=u8 seedT=8 seedH=8 seedS=4",64,0.8663180516,0.7104,404.6071,2.1488,0.0000,0.042832,"0.042921;0.042743;0.042832;0.042903;0.042725",6.136390,162962.27,,12.66,0,6980,10,True,nid007080,57240768
SparseHNSW_a0.825_b1_s8x4,"M=32 efC=200 ef=75 alpha=0.825 beta=1 q=u8 seedT=8 seedH=8 seedS=4",64,0.8715902579,0.7173,404.6071,2.1488,0.0000,0.051433,"0.051433;0.051063;0.051225;0.051456;0.051714",7.368625,135710.54,,12.66,0,6980,10,True,nid007080,57240768
SparseHNSW_a0.825_b1_s8x4,"M=32 efC=200 ef=100 alpha=0.825 beta=1 q=u8 seedT=8 seedH=8 seedS=4",64,0.8789398281,0.7247,404.6071,2.1488,0.0000,0.065557,"0.065571;0.066459;0.065557;0.065535;0.065504",9.392120,106472.23,,12.66,0,6980,10,True,nid007080,57240768
SparseHNSW_a0.825_b2_s8x4,"M=32 efC=200 ef=10 alpha=0.825 beta=2 q=u8 seedT=8 seedH=8 seedS=4",64,0.9149713467,0.9693,404.6071,2.1488,0.0000,0.027677,"0.027979;0.027782;0.027677;0.027548;0.027489",3.965186,252194.96,,12.66,0,6980,10,True,nid007080,57240768
SparseHNSW_a0.825_b2_s8x4,"M=32 efC=200 ef=20 alpha=0.825 beta=2 q=u8 seedT=8 seedH=8 seedS=4",64,0.9149713467,0.9693,404.6071,2.1488,0.0000,0.027171,"0.027333;0.027206;0.027169;0.027171;0.027158",3.892693,256891.54,,12.66,0,6980,10,True,nid007080,57240768
SparseHNSW_a0.825_b2_s8x4,"M=32 efC=200 ef=25 alpha=0.825 beta=2 q=u8 seedT=8 seedH=8 seedS=4",64,0.9149713467,0.9693,404.6071,2.1488,0.0000,0.027050,"0.027033;0.027051;0.027096;0.027050;0.026978",3.875358,258040.67,,12.66,0,6980,10,True,nid007080,57240768
SparseHNSW_a0.825_b2_s8x4,"M=32 efC=200 ef=30 alpha=0.825 beta=2 q=u8 seedT=8 seedH=8 seedS=4",64,0.9149713467,0.9693,404.6071,2.1488,0.0000,0.026946,"0.027028;0.026924;0.026946;0.026984;0.026942",3.860458,259036.59,,12.66,0,6980,10,True,nid007080,57240768
SparseHNSW_a0.825_b2_s8x4,"M=32 efC=200 ef=35 alpha=0.825 beta=2 q=u8 seedT=8 seedH=8 seedS=4",64,0.9181661891,0.9715,404.6071,2.1488,0.0000,0.028407,"0.028278;0.028370;0.028407;0.028430;0.028452",4.069771,245714.08,,12.66,0,6980,10,True,nid007080,57240768
SparseHNSW_a0.825_b2_s8x4,"M=32 efC=200 ef=40 alpha=0.825 beta=2 q=u8 seedT=8 seedH=8 seedS=4",64,0.9242263610,0.9745,404.6071,2.1488,0.0000,0.031537,"0.031537;0.031580;0.031537;0.031462;0.031483",4.518195,221327.33,,12.66,0,6980,10,True,nid007080,57240768
SparseHNSW_a0.825_b2_s8x4,"M=32 efC=200 ef=50 alpha=0.825 beta=2 q=u8 seedT=8 seedH=8 seedS=4",64,0.9341117479,0.9802,404.6071,2.1488,0.0000,0.037637,"0.037549;0.037637;0.037536;0.037653;0.037670",5.392120,185455.80,,12.66,0,6980,10,True,nid007080,57240768
SparseHNSW_a0.825_b2_s8x4,"M=32 efC=200 ef=60 alpha=0.825 beta=2 q=u8 seedT=8 seedH=8 seedS=4",64,0.9390114613,0.9820,404.6071,2.1488,0.0000,0.043528,"0.043541;0.043321;0.043528;0.043619;0.043429",6.236103,160356.55,,12.66,0,6980,10,True,nid007080,57240768
SparseHNSW_a0.825_b2_s8x4,"M=32 efC=200 ef=75 alpha=0.825 beta=2 q=u8 seedT=8 seedH=8 seedS=4",64,0.9452292264,0.9855,404.6071,2.1488,0.0000,0.052158,"0.052139;0.052230;0.052166;0.052158;0.052058",7.472493,133824.15,,12.66,0,6980,10,True,nid007080,57240768
SparseHNSW_a0.825_b2_s8x4,"M=32 efC=200 ef=100 alpha=0.825 beta=2 q=u8 seedT=8 seedH=8 seedS=4",64,0.9538252149,0.9907,404.6071,2.1488,0.0000,0.066446,"0.066506;0.066046;0.066068;0.066446;0.066458",9.519484,105047.71,,12.66,0,6980,10,True,nid007080,57240768
SparseHNSW_a0.825_b3_s8x4,"M=32 efC=200 ef=10 alpha=0.825 beta=3 q=u8 seedT=8 seedH=8 seedS=4",64,0.9185243553,0.9693,404.6071,2.1488,0.0000,0.028035,"0.028450;0.028191;0.028035;0.027934;0.027848",4.016476,248974.50,,12.66,0,6980,10,True,nid007080,57240768
SparseHNSW_a0.825_b3_s8x4,"M=32 efC=200 ef=20 alpha=0.825 beta=3 q=u8 seedT=8 seedH=8 seedS=4",64,0.9185243553,0.9693,404.6071,2.1488,0.0000,0.027619,"0.027684;0.027619;0.027558;0.027625;0.027436",3.956877,252724.57,,12.66,0,6980,10,True,nid007080,57240768
SparseHNSW_a0.825_b3_s8x4,"M=32 efC=200 ef=25 alpha=0.825 beta=3 q=u8 seedT=8 seedH=8 seedS=4",64,0.9185243553,0.9693,404.6071,2.1488,0.0000,0.027529,"0.027514;0.027540;0.027529;0.027496;0.027539",3.943983,253550.80,,12.66,0,6980,10,True,nid007080,57240768
SparseHNSW_a0.825_b3_s8x4,"M=32 efC=200 ef=30 alpha=0.825 beta=3 q=u8 seedT=8 seedH=8 seedS=4",64,0.9185243553,0.9693,404.6071,2.1488,0.0000,0.027360,"0.027501;0.027360;0.027479;0.027331;0.027341",3.919771,255116.96,,12.66,0,6980,10,True,nid007080,57240768
SparseHNSW_a0.825_b3_s8x4,"M=32 efC=200 ef=35 alpha=0.825 beta=3 q=u8 seedT=8 seedH=8 seedS=4",64,0.9216905444,0.9715,404.6071,2.1488,0.0000,0.028859,"0.028796;0.028859;0.028867;0.028697;0.028880",4.134527,241865.62,,12.66,0,6980,10,True,nid007080,57240768
SparseHNSW_a0.825_b3_s8x4,"M=32 efC=200 ef=40 alpha=0.825 beta=3 q=u8 seedT=8 seedH=8 seedS=4",64,0.9279083095,0.9745,404.6071,2.1488,0.0000,0.031980,"0.032034;0.032038;0.031980;0.031928;0.031897",4.581662,218261.41,,12.66,0,6980,10,True,nid007080,57240768
SparseHNSW_a0.825_b3_s8x4,"M=32 efC=200 ef=50 alpha=0.825 beta=3 q=u8 seedT=8 seedH=8 seedS=4",64,0.9381232092,0.9802,404.6071,2.1488,0.0000,0.037943,"0.037939;0.037943;0.037959;0.037909;0.038148",5.435960,183960.15,,12.66,0,6980,10,True,nid007080,57240768
SparseHNSW_a0.825_b3_s8x4,"M=32 efC=200 ef=60 alpha=0.825 beta=3 q=u8 seedT=8 seedH=8 seedS=4",64,0.9432664756,0.9820,404.6071,2.1488,0.0000,0.043903,"0.043692;0.044105;0.044078;0.043773;0.043903",6.289828,158986.86,,12.66,0,6980,10,True,nid007080,57240768
SparseHNSW_a0.825_b3_s8x4,"M=32 efC=200 ef=75 alpha=0.825 beta=3 q=u8 seedT=8 seedH=8 seedS=4",64,0.9496561605,0.9855,404.6071,2.1488,0.0000,0.052399,"0.052336;0.052414;0.052590;0.052395;0.052399",7.507020,133208.65,,12.66,0,6980,10,True,nid007080,57240768
SparseHNSW_a0.825_b3_s8x4,"M=32 efC=200 ef=100 alpha=0.825 beta=3 q=u8 seedT=8 seedH=8 seedS=4",64,0.9583524355,0.9907,404.6071,2.1488,0.0000,0.066533,"0.066160;0.066533;0.066441;0.067012;0.066893",9.531948,104910.35,,12.66,0,6980,10,True,nid007080,57240768
SparseHNSW_a0.825_b4_s8x4,"M=32 efC=200 ef=10 alpha=0.825 beta=4 q=u8 seedT=8 seedH=8 seedS=4",64,0.9287249284,0.9745,404.6071,2.1488,0.0000,0.032855,"0.033285;0.032961;0.032809;0.032750;0.032855",4.707020,212448.64,,12.66,0,6980,10,True,nid007080,57240768
SparseHNSW_a0.825_b4_s8x4,"M=32 efC=200 ef=20 alpha=0.825 beta=4 q=u8 seedT=8 seedH=8 seedS=4",64,0.9287249284,0.9745,404.6071,2.1488,0.0000,0.032556,"0.032622;0.032553;0.032474;0.032556;0.032579",4.664183,214399.80,,12.66,0,6980,10,True,nid007080,57240768
SparseHNSW_a0.825_b4_s8x4,"M=32 efC=200 ef=25 alpha=0.825 beta=4 q=u8 seedT=8 seedH=8 seedS=4",64,0.9287249284,0.9745,404.6071,2.1488,0.0000,0.032497,"0.032553;0.032507;0.032497;0.032442;0.032430",4.655731,214789.06,,12.66,0,6980,10,True,nid007080,57240768
SparseHNSW_a0.825_b4_s8x4,"M=32 efC=200 ef=30 alpha=0.825 beta=4 q=u8 seedT=8 seedH=8 seedS=4",64,0.9287249284,0.9745,404.6071,2.1488,0.0000,0.032308,"0.032280;0.032340;0.032271;0.032308;0.032401",4.628653,216045.56,,12.66,0,6980,10,True,nid007080,57240768
SparseHNSW_a0.825_b4_s8x4,"M=32 efC=200 ef=35 alpha=0.825 beta=4 q=u8 seedT=8 seedH=8 seedS=4",64,0.9287249284,0.9745,404.6071,2.1488,0.0000,0.032317,"0.032353;0.032313;0.032341;0.032280;0.032317",4.629943,215985.39,,12.66,0,6980,10,True,nid007080,57240768
SparseHNSW_a0.825_b4_s8x4,"M=32 efC=200 ef=40 alpha=0.825 beta=4 q=u8 seedT=8 seedH=8 seedS=4",64,0.9287249284,0.9745,404.6071,2.1488,0.0000,0.032252,"0.032361;0.032252;0.032190;0.032235;0.032337",4.620630,216420.69,,12.66,0,6980,10,True,nid007080,57240768
SparseHNSW_a0.825_b4_s8x4,"M=32 efC=200 ef=50 alpha=0.825 beta=4 q=u8 seedT=8 seedH=8 seedS=4",64,0.9390257880,0.9802,404.6071,2.1488,0.0000,0.038312,"0.038312;0.038333;0.038279;0.038376;0.038301",5.488825,182188.35,,12.66,0,6980,10,True,nid007080,57240768
SparseHNSW_a0.825_b4_s8x4,"M=32 efC=200 ef=60 alpha=0.825 beta=4 q=u8 seedT=8 seedH=8 seedS=4",64,0.9442550143,0.9820,404.6071,2.1488,0.0000,0.044139,"0.044232;0.044052;0.043953;0.044341;0.044139",6.323639,158136.80,,12.66,0,6980,10,True,nid007080,57240768
SparseHNSW_a0.825_b4_s8x4,"M=32 efC=200 ef=75 alpha=0.825 beta=4 q=u8 seedT=8 seedH=8 seedS=4",64,0.9506876791,0.9855,404.6071,2.1488,0.0000,0.052673,"0.052796;0.052673;0.052536;0.052870;0.052566",7.546275,132515.71,,12.66,0,6980,10,True,nid007080,57240768
SparseHNSW_a0.825_b4_s8x4,"M=32 efC=200 ef=100 alpha=0.825 beta=4 q=u8 seedT=8 seedH=8 seedS=4",64,0.9594842407,0.9907,404.6071,2.1488,0.0000,0.067007,"0.067466;0.067010;0.066273;0.066984;0.067007",9.599857,104168.22,,12.66,0,6980,10,True,nid007080,57240768
SparseHNSW_a0.825_b5_s8x4,"M=32 efC=200 ef=10 alpha=0.825 beta=5 q=u8 seedT=8 seedH=8 seedS=4",64,0.9392263610,0.9802,404.6071,2.1488,0.0000,0.039111,"0.039435;0.039185;0.039111;0.038998;0.039062",5.603295,178466.42,,12.66,0,6980,10,True,nid007080,57240768
SparseHNSW_a0.825_b5_s8x4,"M=32 efC=200 ef=20 alpha=0.825 beta=5 q=u8 seedT=8 seedH=8 seedS=4",64,0.9392263610,0.9802,404.6071,2.1488,0.0000,0.038863,"0.039074;0.038863;0.038857;0.038797;0.038926",5.567765,179605.28,,12.66,0,6980,10,True,nid007080,57240768
SparseHNSW_a0.825_b5_s8x4,"M=32 efC=200 ef=25 alpha=0.825 beta=5 q=u8 seedT=8 seedH=8 seedS=4",64,0.9392263610,0.9802,404.6071,2.1488,0.0000,0.038828,"0.038828;0.038830;0.038884;0.038749;0.038789",5.562751,179767.18,,12.66,0,6980,10,True,nid007080,57240768
SparseHNSW_a0.825_b5_s8x4,"M=32 efC=200 ef=30 alpha=0.825 beta=5 q=u8 seedT=8 seedH=8 seedS=4",64,0.9392263610,0.9802,404.6071,2.1488,0.0000,0.038859,"0.038668;0.038859;0.038877;0.038933;0.038858",5.567192,179623.77,,12.66,0,6980,10,True,nid007080,57240768
SparseHNSW_a0.825_b5_s8x4,"M=32 efC=200 ef=35 alpha=0.825 beta=5 q=u8 seedT=8 seedH=8 seedS=4",64,0.9392263610,0.9802,404.6071,2.1488,0.0000,0.038775,"0.038740;0.038775;0.038858;0.038581;0.038829",5.555158,180012.89,,12.66,0,6980,10,True,nid007080,57240768
SparseHNSW_a0.825_b5_s8x4,"M=32 efC=200 ef=40 alpha=0.825 beta=5 q=u8 seedT=8 seedH=8 seedS=4",64,0.9392263610,0.9802,404.6071,2.1488,0.0000,0.038824,"0.038828;0.038742;0.038814;0.038855;0.038824",5.562178,179785.70,,12.66,0,6980,10,True,nid007080,57240768
SparseHNSW_a0.825_b5_s8x4,"M=32 efC=200 ef=50 alpha=0.825 beta=5 q=u8 seedT=8 seedH=8 seedS=4",64,0.9392263610,0.9802,404.6071,2.1488,0.0000,0.038781,"0.038790;0.038683;0.038781;0.038689;0.038826",5.556017,179985.04,,12.66,0,6980,10,True,nid007080,57240768
SparseHNSW_a0.825_b5_s8x4,"M=32 efC=200 ef=60 alpha=0.825 beta=5 q=u8 seedT=8 seedH=8 seedS=4",64,0.9444269341,0.9820,404.6071,2.1488,0.0000,0.044642,"0.044642;0.044596;0.044678;0.044678;0.044459",6.395702,156355.00,,12.66,0,6980,10,True,nid007080,57240768
SparseHNSW_a0.825_b5_s8x4,"M=32 efC=200 ef=75 alpha=0.825 beta=5 q=u8 seedT=8 seedH=8 seedS=4",64,0.9508882521,0.9855,404.6071,2.1488,0.0000,0.052896,"0.052818;0.053037;0.053351;0.052896;0.052720",7.578223,131957.05,,12.66,0,6980,10,True,nid007080,57240768
SparseHNSW_a0.825_b5_s8x4,"M=32 efC=200 ef=100 alpha=0.825 beta=5 q=u8 seedT=8 seedH=8 seedS=4",64,0.9597277937,0.9907,404.6071,2.1488,0.0000,0.066928,"0.066858;0.067083;0.067496;0.066876;0.066928",9.588539,104291.18,,12.66,0,6980,10,True,nid007080,57240768
SparseHNSW_a0.85_b1_s0x0,"M=32 efC=200 ef=10 alpha=0.85 beta=1 q=u8",64,0.6939398281,0.5356,428.7092,2.1512,0.0000,0.013693,"0.012646;0.013719;0.013780;0.013693;0.013624",1.961748,509749.51,,12.74,0,6980,10,True,nid007080,57240768
SparseHNSW_a0.85_b1_s0x0,"M=32 efC=200 ef=20 alpha=0.85 beta=1 q=u8",64,0.7822206304,0.6301,428.7092,2.1512,0.0000,0.021443,"0.021687;0.021542;0.021443;0.021307;0.021270",3.072063,325514.15,,12.74,0,6980,10,True,nid007080,57240768
SparseHNSW_a0.85_b1_s0x0,"M=32 efC=200 ef=25 alpha=0.85 beta=1 q=u8",64,0.8020773639,0.6519,428.7092,2.1512,0.0000,0.024507,"0.024678;0.024605;0.024507;0.024442;0.024399",3.511032,284816.58,,12.74,0,6980,10,True,nid007080,57240768
SparseHNSW_a0.85_b1_s0x0,"M=32 efC=200 ef=30 alpha=0.85 beta=1 q=u8",64,0.8173065903,0.6652,428.7092,2.1512,0.0000,0.027696,"0.027795;0.027696;0.027679;0.027784;0.027627",3.967908,252021.95,,12.74,0,6980,10,True,nid007080,57240768
SparseHNSW_a0.85_b1_s0x0,"M=32 efC=200 ef=35 alpha=0.85 beta=1 q=u8",64,0.8260744986,0.6748,428.7092,2.1512,0.0000,0.030754,"0.030754;0.030859;0.030816;0.030671;0.030695",4.406017,226962.35,,12.74,0,6980,10,True,nid007080,57240768
SparseHNSW_a0.85_b1_s0x0,"M=32 efC=200 ef=40 alpha=0.85 beta=1 q=u8",64,0.8349570201,0.6836,428.7092,2.1512,0.0000,0.033882,"0.033848;0.033852;0.033882;0.033896;0.033905",4.854155,206009.09,,12.74,0,6980,10,True,nid007080,57240768
SparseHNSW_a0.85_b1_s0x0,"M=32 efC=200 ef=50 alpha=0.85 beta=1 q=u8",64,0.8465042980,0.6964,428.7092,2.1512,0.0000,0.040284,"0.040240;0.040284;0.040306;0.040350;0.040198",5.771347,173269.78,,12.74,0,6980,10,True,nid007080,57240768
SparseHNSW_a0.85_b1_s0x0,"M=32 efC=200 ef=60 alpha=0.85 beta=1 q=u8",64,0.8569197708,0.7052,428.7092,2.1512,0.0000,0.045981,"0.045981;0.046202;0.045864;0.046068;0.045966",6.587536,151801.83,,12.74,0,6980,10,True,nid007080,57240768
SparseHNSW_a0.85_b1_s0x0,"M=32 efC=200 ef=75 alpha=0.85 beta=1 q=u8",64,0.8663753582,0.7154,428.7092,2.1512,0.0000,0.054975,"0.054881;0.055093;0.054975;0.054927;0.055370",7.876074,126966.80,,12.74,0,6980,10,True,nid007080,57240768
SparseHNSW_a0.85_b1_s0x0,"M=32 efC=200 ef=100 alpha=0.85 beta=1 q=u8",64,0.8780659026,0.7281,428.7092,2.1512,0.0000,0.069359,"0.068992;0.069363;0.070238;0.069359;0.069129",9.936819,100635.82,,12.74,0,6980,10,True,nid007080,57240768
SparseHNSW_a0.85_b2_s0x0,"M=32 efC=200 ef=10 alpha=0.85 beta=2 q=u8",64,0.8336103152,0.8986,428.7092,2.1512,0.0000,0.022159,"0.022548;0.022350;0.022159;0.022076;0.022016",3.174642,314996.16,,12.74,0,6980,10,True,nid007080,57240768
SparseHNSW_a0.85_b2_s0x0,"M=32 efC=200 ef=20 alpha=0.85 beta=2 q=u8",64,0.8336103152,0.8986,428.7092,2.1512,0.0000,0.021727,"0.021832;0.021807;0.021727;0.021723;0.021686",3.112751,321259.26,,12.74,0,6980,10,True,nid007080,57240768
SparseHNSW_a0.85_b2_s0x0,"M=32 efC=200 ef=25 alpha=0.85 beta=2 q=u8",64,0.8562750716,0.9149,428.7092,2.1512,0.0000,0.025010,"0.025084;0.025067;0.024998;0.024960;0.025010",3.583095,279088.36,,12.74,0,6980,10,True,nid007080,57240768
SparseHNSW_a0.85_b2_s0x0,"M=32 efC=200 ef=30 alpha=0.85 beta=2 q=u8",64,0.8742979943,0.9275,428.7092,2.1512,0.0000,0.028401,"0.028401;0.028473;0.028428;0.028323;0.028320",4.068911,245765.99,,12.74,0,6980,10,True,nid007080,57240768
SparseHNSW_a0.85_b2_s0x0,"M=32 efC=200 ef=35 alpha=0.85 beta=2 q=u8",64,0.8846418338,0.9344,428.7092,2.1512,0.0000,0.031514,"0.031514;0.031521;0.031434;0.031484;0.031528",4.514900,221488.86,,12.74,0,6980,10,True,nid007080,57240768
SparseHNSW_a0.85_b2_s0x0,"M=32 efC=200 ef=40 alpha=0.85 beta=2 q=u8",64,0.8946848138,0.9411,428.7092,2.1512,0.0000,0.034679,"0.034569;0.034810;0.034679;0.034637;0.034692",4.968338,201274.55,,12.74,0,6980,10,True,nid007080,57240768
SparseHNSW_a0.85_b2_s0x0,"M=32 efC=200 ef=50 alpha=0.85 beta=2 q=u8",64,0.9077936963,0.9510,428.7092,2.1512,0.0000,0.040947,"0.040947;0.040952;0.040748;0.040850;0.040959",5.866332,170464.26,,12.74,0,6980,10,True,nid007080,57240768
SparseHNSW_a0.85_b2_s0x0,"M=32 efC=200 ef=60 alpha=0.85 beta=2 q=u8",64,0.9192406877,0.9599,428.7092,2.1512,0.0000,0.046800,"0.046916;0.046800;0.046717;0.046651;0.046937",6.704871,149145.30,,12.74,0,6980,10,True,nid007080,57240768
SparseHNSW_a0.85_b2_s0x0,"M=32 efC=200 ef=75 alpha=0.85 beta=2 q=u8",64,0.9298424069,0.9673,428.7092,2.1512,0.0000,0.055576,"0.055774;0.055128;0.055628;0.055576;0.055488",7.962178,125593.78,,12.74,0,6980,10,True,nid007080,57240768
SparseHNSW_a0.85_b2_s0x0,"M=32 efC=200 ef=100 alpha=0.85 beta=2 q=u8",64,0.9425501433,0.9771,428.7092,2.1512,0.0000,0.069723,"0.069723;0.069297;0.070009;0.069835;0.069562",9.988968,100110.44,,12.74,0,6980,10,True,nid007080,57240768
SparseHNSW_a0.85_b3_s0x0,"M=32 efC=200 ef=10 alpha=0.85 beta=3 q=u8",64,0.8766189112,0.9275,428.7092,2.1512,0.0000,0.029192,"0.029425;0.029426;0.029192;0.029047;0.029080",4.182235,239106.60,,12.74,0,6980,10,True,nid007080,57240768
SparseHNSW_a0.85_b3_s0x0,"M=32 efC=200 ef=20 alpha=0.85 beta=3 q=u8",64,0.8766189112,0.9275,428.7092,2.1512,0.0000,0.028833,"0.029067;0.028833;0.028761;0.028838;0.028829",4.130802,242083.72,,12.74,0,6980,10,True,nid007080,57240768
SparseHNSW_a0.85_b3_s0x0,"M=32 efC=200 ef=25 alpha=0.85 beta=3 q=u8",64,0.8766189112,0.9275,428.7092,2.1512,0.0000,0.028739,"0.028740;0.028739;0.028753;0.028728;0.028575",4.117335,242875.53,,12.74,0,6980,10,True,nid007080,57240768
SparseHNSW_a0.85_b3_s0x0,"M=32 efC=200 ef=30 alpha=0.85 beta=3 q=u8",64,0.8766189112,0.9275,428.7092,2.1512,0.0000,0.028613,"0.028691;0.028594;0.028581;0.028615;0.028613",4.099284,243945.06,,12.74,0,6980,10,True,nid007080,57240768
SparseHNSW_a0.85_b3_s0x0,"M=32 efC=200 ef=35 alpha=0.85 beta=3 q=u8",64,0.8870057307,0.9344,428.7092,2.1512,0.0000,0.031782,"0.031783;0.031842;0.031776;0.031782;0.031775",4.553295,219621.17,,12.74,0,6980,10,True,nid007080,57240768
SparseHNSW_a0.85_b3_s0x0,"M=32 efC=200 ef=40 alpha=0.85 beta=3 q=u8",64,0.8972063037,0.9411,428.7092,2.1512,0.0000,0.034973,"0.035054;0.035123;0.034969;0.034973;0.034971",5.010458,199582.54,,12.74,0,6980,10,True,nid007080,57240768
SparseHNSW_a0.85_b3_s0x0,"M=32 efC=200 ef=50 alpha=0.85 beta=3 q=u8",64,0.9104584527,0.9510,428.7092,2.1512,0.0000,0.041242,"0.041079;0.041189;0.041242;0.041271;0.041358",5.908596,169244.94,,12.74,0,6980,10,True,nid007080,57240768
SparseHNSW_a0.85_b3_s0x0,"M=32 efC=200 ef=60 alpha=0.85 beta=3 q=u8",64,0.9218767908,0.9599,428.7092,2.1512,0.0000,0.046882,"0.046950;0.046798;0.046882;0.047062;0.046781",6.716619,148884.43,,12.74,0,6980,10,True,nid007080,57240768
SparseHNSW_a0.85_b3_s0x0,"M=32 efC=200 ef=75 alpha=0.85 beta=3 q=u8",64,0.9326361032,0.9673,428.7092,2.1512,0.0000,0.055822,"0.055822;0.055584;0.056287;0.056146;0.055694",7.997421,125040.31,,12.74,0,6980,10,True,nid007080,57240768
SparseHNSW_a0.85_b3_s0x0,"M=32 efC=200 ef=100 alpha=0.85 beta=3 q=u8",64,0.9455014327,0.9771,428.7092,2.1512,0.0000,0.070332,"0.070184;0.070442;0.070332;0.069852;0.070638",10.076218,99243.59,,12.74,0,6980,10,True,nid007080,57240768
SparseHNSW_a0.85_b4_s0x0,"M=32 efC=200 ef=10 alpha=0.85 beta=4 q=u8",64,0.8976504298,0.9411,428.7092,2.1512,0.0000,0.035879,"0.035962;0.035879;0.035810;0.035887;0.035701",5.140258,194542.77,,12.74,0,6980,10,True,nid007080,57240768
SparseHNSW_a0.85_b4_s0x0,"M=32 efC=200 ef=20 alpha=0.85 beta=4 q=u8",64,0.8976504298,0.9411,428.7092,2.1512,0.0000,0.035572,"0.035736;0.035572;0.035398;0.035453;0.035772",5.096275,196221.75,,12.74,0,6980,10,True,nid007080,57240768
SparseHNSW_a0.85_b4_s0x0,"M=32 efC=200 ef=25 alpha=0.85 beta=4 q=u8",64,0.8976504298,0.9411,428.7092,2.1512,0.0000,0.035565,"0.035495;0.035634;0.035621;0.035565;0.035530",5.095272,196260.37,,12.74,0,6980,10,True,nid007080,57240768
SparseHNSW_a0.85_b4_s0x0,"M=32 efC=200 ef=30 alpha=0.85 beta=4 q=u8",64,0.8976504298,0.9411,428.7092,2.1512,0.0000,0.035485,"0.035554;0.035503;0.035325;0.035442;0.035485",5.083811,196702.83,,12.74,0,6980,10,True,nid007080,57240768
SparseHNSW_a0.85_b4_s0x0,"M=32 efC=200 ef=35 alpha=0.85 beta=4 q=u8",64,0.8976504298,0.9411,428.7092,2.1512,0.0000,0.035374,"0.035232;0.035620;0.035501;0.035282;0.035374",5.067908,197320.07,,12.74,0,6980,10,True,nid007080,57240768
SparseHNSW_a0.85_b4_s0x0,"M=32 efC=200 ef=40 alpha=0.85 beta=4 q=u8",64,0.8976504298,0.9411,428.7092,2.1512,0.0000,0.035464,"0.035374;0.035503;0.035464;0.035490;0.035367",5.080802,196819.31,,12.74,0,6980,10,True,nid007080,57240768
SparseHNSW_a0.85_b4_s0x0,"M=32 efC=200 ef=50 alpha=0.85 beta=4 q=u8",64,0.9109025788,0.9510,428.7092,2.1512,0.0000,0.041337,"0.041298;0.041577;0.041528;0.041303;0.041337",5.922206,168855.99,,12.74,0,6980,10,True,nid007080,57240768
SparseHNSW_a0.85_b4_s0x0,"M=32 efC=200 ef=60 alpha=0.85 beta=4 q=u8",64,0.9223782235,0.9599,428.7092,2.1512,0.0000,0.047367,"0.047283;0.047366;0.047705;0.047460;0.047367",6.786103,147359.98,,12.74,0,6980,10,True,nid007080,57240768
SparseHNSW_a0.85_b4_s0x0,"M=32 efC=200 ef=75 alpha=0.85 beta=4 q=u8",64,0.9331661891,0.9673,428.7092,2.1512,0.0000,0.056321,"0.056586;0.056225;0.056321;0.056464;0.056057",8.068911,123932.46,,12.74,0,6980,10,True,nid007080,57240768
SparseHNSW_a0.85_b4_s0x0,"M=32 efC=200 ef=100 alpha=0.85 beta=4 q=u8",64,0.9461031519,0.9771,428.7092,2.1512,0.0000,0.070293,"0.070475;0.070279;0.070293;0.070232;0.070706",10.070630,99298.65,,12.74,0,6980,10,True,nid007080,57240768
SparseHNSW_a0.85_b5_s0x0,"M=32 efC=200 ef=10 alpha=0.85 beta=5 q=u8",64,0.9109598854,0.9510,428.7092,2.1512,0.0000,0.042108,"0.042154;0.042108;0.042284;0.042068;0.041880",6.032665,165764.23,,12.74,0,6980,10,True,nid007080,57240768
SparseHNSW_a0.85_b5_s0x0,"M=32 efC=200 ef=20 alpha=0.85 beta=5 q=u8",64,0.9109598854,0.9510,428.7092,2.1512,0.0000,0.042099,"0.042099;0.041918;0.042192;0.041952;0.042323",6.031375,165799.66,,12.74,0,6980,10,True,nid007080,57240768
SparseHNSW_a0.85_b5_s0x0,"M=32 efC=200 ef=25 alpha=0.85 beta=5 q=u8",64,0.9109598854,0.9510,428.7092,2.1512,0.0000,0.042048,"0.042192;0.042048;0.042208;0.041581;0.041815",6.024069,166000.76,,12.74,0,6980,10,True,nid007080,57240768
SparseHNSW_a0.85_b5_s0x0,"M=32 efC=200 ef=30 alpha=0.85 beta=5 q=u8",64,0.9109598854,0.9510,428.7092,2.1512,0.0000,0.041939,"0.041874;0.041967;0.042043;0.041939;0.041845",6.008453,166432.20,,12.74,0,6980,10,True,nid007080,57240768
SparseHNSW_a0.85_b5_s0x0,"M=32 efC=200 ef=35 alpha=0.85 beta=5 q=u8",64,0.9109598854,0.9510,428.7092,2.1512,0.0000,0.041942,"0.042109;0.041942;0.042270;0.041808;0.041942",6.008883,166420.29,,12.74,0,6980,10,True,nid007080,57240768
SparseHNSW_a0.85_b5_s0x0,"M=32 efC=200 ef=40 alpha=0.85 beta=5 q=u8",64,0.9109598854,0.9510,428.7092,2.1512,0.0000,0.041896,"0.041926;0.042103;0.041896;0.041716;0.041823",6.002292,166603.02,,12.74,0,6980,10,True,nid007080,57240768
SparseHNSW_a0.85_b5_s0x0,"M=32 efC=200 ef=50 alpha=0.85 beta=5 q=u8",64,0.9109598854,0.9510,428.7092,2.1512,0.0000,0.041860,"0.041783;0.041860;0.041893;0.041511;0.041968",5.997135,166746.30,,12.74,0,6980,10,True,nid007080,57240768
SparseHNSW_a0.85_b5_s0x0,"M=32 efC=200 ef=60 alpha=0.85 beta=5 q=u8",64,0.9224498567,0.9599,428.7092,2.1512,0.0000,0.047662,"0.047691;0.047846;0.047662;0.047539;0.047657",6.828367,146447.90,,12.74,0,6980,10,True,nid007080,57240768
SparseHNSW_a0.85_b5_s0x0,"M=32 efC=200 ef=75 alpha=0.85 beta=5 q=u8",64,0.9332664756,0.9673,428.7092,2.1512,0.0000,0.056269,"0.056150;0.056563;0.056269;0.056593;0.056249",8.061461,124046.99,,12.74,0,6980,10,True,nid007080,57240768
SparseHNSW_a0.85_b5_s0x0,"M=32 efC=200 ef=100 alpha=0.85 beta=5 q=u8",64,0.9462177650,0.9771,428.7092,2.1512,0.0000,0.070571,"0.070668;0.070705;0.070406;0.070571;0.070422",10.110458,98907.48,,12.74,0,6980,10,True,nid007080,57240768
SparseHNSW_a0.85_b1_s8x4,"M=32 efC=200 ef=10 alpha=0.85 beta=1 q=u8 seedT=8 seedH=8 seedS=4",64,0.8566618911,0.6997,428.7092,2.1512,0.0000,0.026992,"0.027689;0.027386;0.026977;0.026992;0.026984",3.867049,258595.14,,12.74,0,6980,10,True,nid007080,57240768
SparseHNSW_a0.85_b1_s8x4,"M=32 efC=200 ef=20 alpha=0.85 beta=1 q=u8 seedT=8 seedH=8 seedS=4",64,0.8566618911,0.6997,428.7092,2.1512,0.0000,0.026716,"0.026792;0.026757;0.026716;0.026670;0.026694",3.827507,261266.66,,12.74,0,6980,10,True,nid007080,57240768
SparseHNSW_a0.85_b1_s8x4,"M=32 efC=200 ef=25 alpha=0.85 beta=1 q=u8 seedT=8 seedH=8 seedS=4",64,0.8566618911,0.6997,428.7092,2.1512,0.0000,0.026498,"0.026622;0.026497;0.026466;0.026505;0.026498",3.796275,263416.11,,12.74,0,6980,10,True,nid007080,57240768
SparseHNSW_a0.85_b1_s8x4,"M=32 efC=200 ef=30 alpha=0.85 beta=1 q=u8 seedT=8 seedH=8 seedS=4",64,0.8566618911,0.6997,428.7092,2.1512,0.0000,0.026405,"0.026504;0.026406;0.026405;0.026402;0.026340",3.782951,264343.87,,12.74,0,6980,10,True,nid007080,57240768
SparseHNSW_a0.85_b1_s8x4,"M=32 efC=200 ef=35 alpha=0.85 beta=1 q=u8 seedT=8 seedH=8 seedS=4",64,0.8587822350,0.7025,428.7092,2.1512,0.0000,0.027840,"0.027793;0.027844;0.027700;0.027872;0.027840",3.988539,250718.39,,12.74,0,6980,10,True,nid007080,57240768
SparseHNSW_a0.85_b1_s8x4,"M=32 efC=200 ef=40 alpha=0.85 beta=1 q=u8 seedT=8 seedH=8 seedS=4",64,0.8635959885,0.7085,428.7092,2.1512,0.0000,0.030963,"0.030993;0.030950;0.030922;0.030998;0.030963",4.435960,225430.35,,12.74,0,6980,10,True,nid007080,57240768
SparseHNSW_a0.85_b1_s8x4,"M=32 efC=200 ef=50 alpha=0.85 beta=1 q=u8 seedT=8 seedH=8 seedS=4",64,0.8710601719,0.7175,428.7092,2.1512,0.0000,0.037309,"0.037162;0.037350;0.037212;0.037451;0.037309",5.345129,187086.23,,12.74,0,6980,10,True,nid007080,57240768
SparseHNSW_a0.85_b1_s8x4,"M=32 efC=200 ef=60 alpha=0.85 beta=1 q=u8 seedT=8 seedH=8 seedS=4",64,0.8776790831,0.7233,428.7092,2.1512,0.0000,0.043159,"0.043155;0.043203;0.043159;0.043318;0.043083",6.183238,161727.57,,12.74,0,6980,10,True,nid007080,57240768
SparseHNSW_a0.85_b1_s8x4,"M=32 efC=200 ef=75 alpha=0.85 beta=1 q=u8 seedT=8 seedH=8 seedS=4",64,0.8840687679,0.7306,428.7092,2.1512,0.0000,0.051946,"0.051857;0.052078;0.051946;0.051946;0.051956",7.442120,134370.31,,12.74,0,6980,10,True,nid007080,57240768
SparseHNSW_a0.85_b1_s8x4,"M=32 efC=200 ef=100 alpha=0.85 beta=1 q=u8 seedT=8 seedH=8 seedS=4",64,0.8913037249,0.7401,428.7092,2.1512,0.0000,0.066520,"0.066525;0.066649;0.066199;0.066164;0.066520",9.530086,104930.85,,12.74,0,6980,10,True,nid007080,57240768
SparseHNSW_a0.85_b2_s8x4,"M=32 efC=200 ef=10 alpha=0.85 beta=2 q=u8 seedT=8 seedH=8 seedS=4",64,0.9161747851,0.9685,428.7092,2.1512,0.0000,0.027885,"0.028191;0.027935;0.027885;0.027672;0.027624",3.994986,250313.79,,12.74,0,6980,10,True,nid007080,57240768
SparseHNSW_a0.85_b2_s8x4,"M=32 efC=200 ef=20 alpha=0.85 beta=2 q=u8 seedT=8 seedH=8 seedS=4",64,0.9161747851,0.9685,428.7092,2.1512,0.0000,0.027389,"0.027532;0.027443;0.027377;0.027359;0.027389",3.923926,254846.84,,12.74,0,6980,10,True,nid007080,57240768
SparseHNSW_a0.85_b2_s8x4,"M=32 efC=200 ef=25 alpha=0.85 beta=2 q=u8 seedT=8 seedH=8 seedS=4",64,0.9161747851,0.9685,428.7092,2.1512,0.0000,0.027294,"0.027342;0.027241;0.027294;0.027329;0.027224",3.910315,255733.86,,12.74,0,6980,10,True,nid007080,57240768
SparseHNSW_a0.85_b2_s8x4,"M=32 efC=200 ef=30 alpha=0.85 beta=2 q=u8 seedT=8 seedH=8 seedS=4",64,0.9161747851,0.9685,428.7092,2.1512,0.0000,0.027162,"0.027234;0.027162;0.027126;0.027165;0.027150",3.891404,256976.66,,12.74,0,6980,10,True,nid007080,57240768
SparseHNSW_a0.85_b2_s8x4,"M=32 efC=200 ef=35 alpha=0.85 beta=2 q=u8 seedT=8 seedH=8 seedS=4",64,0.9188252149,0.9695,428.7092,2.1512,0.0000,0.028520,"0.028517;0.028535;0.028578;0.028517;0.028520",4.085960,244740.53,,12.74,0,6980,10,True,nid007080,57240768
SparseHNSW_a0.85_b2_s8x4,"M=32 efC=200 ef=40 alpha=0.85 beta=2 q=u8 seedT=8 seedH=8 seedS=4",64,0.9245558739,0.9722,428.7092,2.1512,0.0000,0.031668,"0.031637;0.031777;0.031668;0.031745;0.031601",4.536963,220411.77,,12.74,0,6980,10,True,nid007080,57240768
SparseHNSW_a0.85_b2_s8x4,"M=32 efC=200 ef=50 alpha=0.85 beta=2 q=u8 seedT=8 seedH=8 seedS=4",64,0.9335673352,0.9769,428.7092,2.1512,0.0000,0.037934,"0.037682;0.038020;0.037839;0.037935;0.037934",5.434670,184003.80,,12.74,0,6980,10,True,nid007080,57240768
SparseHNSW_a0.85_b2_s8x4,"M=32 efC=200 ef=60 alpha=0.85 beta=2 q=u8 seedT=8 seedH=8 seedS=4",64,0.9411031519,0.9814,428.7092,2.1512,0.0000,0.043959,"0.043959;0.044010;0.044065;0.043783;0.043878",6.297851,158784.32,,12.74,0,6980,10,True,nid007080,57240768
SparseHNSW_a0.85_b2_s8x4,"M=32 efC=200 ef=75 alpha=0.85 beta=2 q=u8 seedT=8 seedH=8 seedS=4",64,0.9484813754,0.9857,428.7092,2.1512,0.0000,0.052625,"0.052660;0.052545;0.052803;0.052625;0.052496",7.539398,132636.58,,12.74,0,6980,10,True,nid007080,57240768
SparseHNSW_a0.85_b2_s8x4,"M=32 efC=200 ef=100 alpha=0.85 beta=2 q=u8 seedT=8 seedH=8 seedS=4",64,0.9565042980,0.9903,428.7092,2.1512,0.0000,0.066947,"0.066646;0.066947;0.067229;0.067236;0.066276",9.591261,104261.58,,12.74,0,6980,10,True,nid007080,57240768
SparseHNSW_a0.85_b3_s8x4,"M=32 efC=200 ef=10 alpha=0.85 beta=3 q=u8 seedT=8 seedH=8 seedS=4",64,0.9185100287,0.9685,428.7092,2.1512,0.0000,0.028082,"0.028369;0.028147;0.028063;0.028082;0.027965",4.023209,248557.80,,12.74,0,6980,10,True,nid007080,57240768
SparseHNSW_a0.85_b3_s8x4,"M=32 efC=200 ef=20 alpha=0.85 beta=3 q=u8 seedT=8 seedH=8 seedS=4",64,0.9185100287,0.9685,428.7092,2.1512,0.0000,0.027770,"0.027821;0.027875;0.027770;0.027706;0.027767",3.978510,251350.38,,12.74,0,6980,10,True,nid007080,57240768
SparseHNSW_a0.85_b3_s8x4,"M=32 efC=200 ef=25 alpha=0.85 beta=3 q=u8 seedT=8 seedH=8 seedS=4",64,0.9185100287,0.9685,428.7092,2.1512,0.0000,0.027700,"0.027700;0.027705;0.027734;0.027630;0.027673",3.968481,251985.56,,12.74,0,6980,10,True,nid007080,57240768
SparseHNSW_a0.85_b3_s8x4,"M=32 efC=200 ef=30 alpha=0.85 beta=3 q=u8 seedT=8 seedH=8 seedS=4",64,0.9185100287,0.9685,428.7092,2.1512,0.0000,0.027643,"0.027589;0.027587;0.027677;0.027682;0.027643",3.960315,252505.16,,12.74,0,6980,10,True,nid007080,57240768
SparseHNSW_a0.85_b3_s8x4,"M=32 efC=200 ef=35 alpha=0.85 beta=3 q=u8 seedT=8 seedH=8 seedS=4",64,0.9212177650,0.9695,428.7092,2.1512,0.0000,0.028979,"0.028902;0.028869;0.029013;0.028997;0.028979",4.151719,240864.07,,12.74,0,6980,10,True,nid007080,57240768
SparseHNSW_a0.85_b3_s8x4,"M=32 efC=200 ef=40 alpha=0.85 beta=3 q=u8 seedT=8 seedH=8 seedS=4",64,0.9271203438,0.9722,428.7092,2.1512,0.0000,0.032058,"0.032210;0.032041;0.032058;0.032031;0.032058",4.592837,217730.36,,12.74,0,6980,10,True,nid007080,57240768
SparseHNSW_a0.85_b3_s8x4,"M=32 efC=200 ef=50 alpha=0.85 beta=3 q=u8 seedT=8 seedH=8 seedS=4",64,0.9362893983,0.9769,428.7092,2.1512,0.0000,0.038297,"0.038267;0.038416;0.038227;0.038438;0.038297",5.486676,182259.71,,12.74,0,6980,10,True,nid007080,57240768
SparseHNSW_a0.85_b3_s8x4,"M=32 efC=200 ef=60 alpha=0.85 beta=3 q=u8 seedT=8 seedH=8 seedS=4",64,0.9437965616,0.9814,428.7092,2.1512,0.0000,0.044147,"0.044243;0.044093;0.044147;0.044119;0.044164",6.324785,158108.14,,12.74,0,6980,10,True,nid007080,57240768
SparseHNSW_a0.85_b3_s8x4,"M=32 efC=200 ef=75 alpha=0.85 beta=3 q=u8 seedT=8 seedH=8 seedS=4",64,0.9512893983,0.9857,428.7092,2.1512,0.0000,0.052683,"0.052720;0.052424;0.052683;0.052818;0.052340",7.547708,132490.56,,12.74,0,6980,10,True,nid007080,57240768
SparseHNSW_a0.85_b3_s8x4,"M=32 efC=200 ef=100 alpha=0.85 beta=3 q=u8 seedT=8 seedH=8 seedS=4",64,0.9594985673,0.9903,428.7092,2.1512,0.0000,0.067234,"0.067234;0.066944;0.067453;0.067282;0.067048",9.632378,103816.52,,12.74,0,6980,10,True,nid007080,57240768
SparseHNSW_a0.85_b4_s8x4,"M=32 efC=200 ef=10 alpha=0.85 beta=4 q=u8 seedT=8 seedH=8 seedS=4",64,0.9275931232,0.9722,428.7092,2.1512,0.0000,0.033023,"0.033193;0.033195;0.033023;0.032827;0.032790",4.731089,211367.83,,12.74,0,6980,10,True,nid007080,57240768
SparseHNSW_a0.85_b4_s8x4,"M=32 efC=200 ef=20 alpha=0.85 beta=4 q=u8 seedT=8 seedH=8 seedS=4",64,0.9275931232,0.9722,428.7092,2.1512,0.0000,0.032593,"0.032577;0.032714;0.032684;0.032593;0.032585",4.669484,214156.41,,12.74,0,6980,10,True,nid007080,57240768
SparseHNSW_a0.85_b4_s8x4,"M=32 efC=200 ef=25 alpha=0.85 beta=4 q=u8 seedT=8 seedH=8 seedS=4",64,0.9275931232,0.9722,428.7092,2.1512,0.0000,0.032510,"0.032515;0.032560;0.032443;0.032505;0.032510",4.657593,214703.17,,12.74,0,6980,10,True,nid007080,57240768
SparseHNSW_a0.85_b4_s8x4,"M=32 efC=200 ef=30 alpha=0.85 beta=4 q=u8 seedT=8 seedH=8 seedS=4",64,0.9275931232,0.9722,428.7092,2.1512,0.0000,0.032489,"0.032489;0.032523;0.032493;0.032420;0.032475",4.654585,214841.95,,12.74,0,6980,10,True,nid007080,57240768
SparseHNSW_a0.85_b4_s8x4,"M=32 efC=200 ef=35 alpha=0.85 beta=4 q=u8 seedT=8 seedH=8 seedS=4",64,0.9275931232,0.9722,428.7092,2.1512,0.0000,0.032463,"0.032390;0.032502;0.032592;0.032378;0.032463",4.650860,215014.02,,12.74,0,6980,10,True,nid007080,57240768
SparseHNSW_a0.85_b4_s8x4,"M=32 efC=200 ef=40 alpha=0.85 beta=4 q=u8 seedT=8 seedH=8 seedS=4",64,0.9275931232,0.9722,428.7092,2.1512,0.0000,0.032450,"0.032403;0.032513;0.032484;0.032450;0.032395",4.648997,215100.15,,12.74,0,6980,10,True,nid007080,57240768
SparseHNSW_a0.85_b4_s8x4,"M=32 efC=200 ef=50 alpha=0.85 beta=4 q=u8 seedT=8 seedH=8 seedS=4",64,0.9367478510,0.9769,428.7092,2.1512,0.0000,0.038663,"0.038617;0.038670;0.038673;0.038663;0.038558",5.539112,180534.36,,12.74,0,6980,10,True,nid007080,57240768
SparseHNSW_a0.85_b4_s8x4,"M=32 efC=200 ef=60 alpha=0.85 beta=4 q=u8 seedT=8 seedH=8 seedS=4",64,0.9443123209,0.9814,428.7092,2.1512,0.0000,0.044583,"0.044583;0.044588;0.044343;0.044627;0.044545",6.387249,156561.92,,12.74,0,6980,10,True,nid007080,57240768
SparseHNSW_a0.85_b4_s8x4,"M=32 efC=200 ef=75 alpha=0.85 beta=4 q=u8 seedT=8 seedH=8 seedS=4",64,0.9518338109,0.9857,428.7092,2.1512,0.0000,0.052922,"0.053367;0.052810;0.053154;0.052922;0.052860",7.581948,131892.22,,12.74,0,6980,10,True,nid007080,57240768
SparseHNSW_a0.85_b4_s8x4,"M=32 efC=200 ef=100 alpha=0.85 beta=4 q=u8 seedT=8 seedH=8 seedS=4",64,0.9601002865,0.9903,428.7092,2.1512,0.0000,0.067408,"0.067432;0.067653;0.067313;0.067408;0.067251",9.657307,103548.54,,12.74,0,6980,10,True,nid007080,57240768
SparseHNSW_a0.85_b5_s8x4,"M=32 efC=200 ef=10 alpha=0.85 beta=5 q=u8 seedT=8 seedH=8 seedS=4",64,0.9368051576,0.9769,428.7092,2.1512,0.0000,0.039546,"0.039749;0.039591;0.039502;0.039546;0.039289",5.665616,176503.31,,12.74,0,6980,10,True,nid007080,57240768
SparseHNSW_a0.85_b5_s8x4,"M=32 efC=200 ef=20 alpha=0.85 beta=5 q=u8 seedT=8 seedH=8 seedS=4",64,0.9368051576,0.9769,428.7092,2.1512,0.0000,0.039217,"0.039338;0.039104;0.039217;0.039303;0.039145",5.618481,177984.04,,12.74,0,6980,10,True,nid007080,57240768
SparseHNSW_a0.85_b5_s8x4,"M=32 efC=200 ef=25 alpha=0.85 beta=5 q=u8 seedT=8 seedH=8 seedS=4",64,0.9368051576,0.9769,428.7092,2.1512,0.0000,0.039091,"0.039140;0.039083;0.039095;0.039091;0.039064",5.600430,178557.72,,12.74,0,6980,10,True,nid007080,57240768
SparseHNSW_a0.85_b5_s8x4,"M=32 efC=200 ef=30 alpha=0.85 beta=5 q=u8 seedT=8 seedH=8 seedS=4",64,0.9368051576,0.9769,428.7092,2.1512,0.0000,0.039237,"0.039163;0.039237;0.039293;0.039077;0.039251",5.621347,177893.31,,12.74,0,6980,10,True,nid007080,57240768
SparseHNSW_a0.85_b5_s8x4,"M=32 efC=200 ef=35 alpha=0.85 beta=5 q=u8 seedT=8 seedH=8 seedS=4",64,0.9368051576,0.9769,428.7092,2.1512,0.0000,0.039044,"0.039044;0.039246;0.038978;0.039163;0.038992",5.593696,178772.67,,12.74,0,6980,10,True,nid007080,57240768
SparseHNSW_a0.85_b5_s8x4,"M=32 efC=200 ef=40 alpha=0.85 beta=5 q=u8 seedT=8 seedH=8 seedS=4",64,0.9368051576,0.9769,428.7092,2.1512,0.0000,0.039051,"0.039026;0.039051;0.039059;0.039144;0.038994",5.594699,178740.62,,12.74,0,6980,10,True,nid007080,57240768
SparseHNSW_a0.85_b5_s8x4,"M=32 efC=200 ef=50 alpha=0.85 beta=5 q=u8 seedT=8 seedH=8 seedS=4",64,0.9368051576,0.9769,428.7092,2.1512,0.0000,0.039066,"0.039038;0.039066;0.039077;0.039003;0.039151",5.596848,178671.99,,12.74,0,6980,10,True,nid007080,57240768
SparseHNSW_a0.85_b5_s8x4,"M=32 efC=200 ef=60 alpha=0.85 beta=5 q=u8 seedT=8 seedH=8 seedS=4",64,0.9443839542,0.9814,428.7092,2.1512,0.0000,0.044779,"0.044575;0.044698;0.044921;0.044779;0.044806",6.415330,155876.64,,12.74,0,6980,10,True,nid007080,57240768
SparseHNSW_a0.85_b5_s8x4,"M=32 efC=200 ef=75 alpha=0.85 beta=5 q=u8 seedT=8 seedH=8 seedS=4",64,0.9519340974,0.9857,428.7092,2.1512,0.0000,0.053547,"0.053547;0.053589;0.053627;0.053090;0.053294",7.671490,130352.77,,12.74,0,6980,10,True,nid007080,57240768
SparseHNSW_a0.85_b5_s8x4,"M=32 efC=200 ef=100 alpha=0.85 beta=5 q=u8 seedT=8 seedH=8 seedS=4",64,0.9602148997,0.9903,428.7092,2.1512,0.0000,0.067444,"0.067205;0.068063;0.067788;0.067407;0.067444",9.662464,103493.27,,12.74,0,6980,10,True,nid007080,57240768
SparseHNSW_a0.9_b1_s0x0,"M=32 efC=200 ef=10 alpha=0.9 beta=1 q=u8",64,0.7120916905,0.5464,486.3459,2.1523,0.0000,0.014163,"0.012866;0.014163;0.014284;0.014193;0.014127",2.029083,492833.44,,13.03,0,6980,10,True,nid007080,57240768
SparseHNSW_a0.9_b1_s0x0,"M=32 efC=200 ef=20 alpha=0.9 beta=1 q=u8",64,0.8033667622,0.6587,486.3459,2.1523,0.0000,0.021956,"0.022273;0.022087;0.021956;0.021874;0.021684",3.145559,317908.54,,13.03,0,6980,10,True,nid007080,57240768
SparseHNSW_a0.9_b1_s0x0,"M=32 efC=200 ef=25 alpha=0.9 beta=1 q=u8",64,0.8241260745,0.6819,486.3459,2.1523,0.0000,0.025027,"0.025233;0.025224;0.025007;0.025027;0.024951",3.585530,278898.79,,13.03,0,6980,10,True,nid007080,57240768
SparseHNSW_a0.9_b1_s0x0,"M=32 efC=200 ef=30 alpha=0.9 beta=1 q=u8",64,0.8376790831,0.6956,486.3459,2.1523,0.0000,0.028396,"0.028426;0.028448;0.028396;0.028394;0.028288",4.068195,245809.27,,13.03,0,6980,10,True,nid007080,57240768
SparseHNSW_a0.9_b1_s0x0,"M=32 efC=200 ef=35 alpha=0.9 beta=1 q=u8",64,0.8484240688,0.7079,486.3459,2.1523,0.0000,0.031547,"0.031601;0.031547;0.031577;0.031519;0.031457",4.519628,221257.17,,13.03,0,6980,10,True,nid007080,57240768
SparseHNSW_a0.9_b1_s0x0,"M=32 efC=200 ef=40 alpha=0.9 beta=1 q=u8",64,0.8573638968,0.7182,486.3459,2.1523,0.0000,0.035034,"0.035045;0.035034;0.035099;0.034899;0.034950",5.019198,199235.03,,13.03,0,6980,10,True,nid007080,57240768
SparseHNSW_a0.9_b1_s0x0,"M=32 efC=200 ef=50 alpha=0.9 beta=1 q=u8",64,0.8686103152,0.7313,486.3459,2.1523,0.0000,0.041282,"0.041162;0.041282;0.041523;0.041406;0.041246",5.914327,169080.96,,13.03,0,6980,10,True,nid007080,57240768
SparseHNSW_a0.9_b1_s0x0,"M=32 efC=200 ef=60 alpha=0.9 beta=1 q=u8",64,0.8784813754,0.7424,486.3459,2.1523,0.0000,0.047619,"0.047619;0.047760;0.047550;0.047635;0.047581",6.822206,146580.15,,13.03,0,6980,10,True,nid007080,57240768
SparseHNSW_a0.9_b1_s0x0,"M=32 efC=200 ef=75 alpha=0.9 beta=1 q=u8",64,0.8893839542,0.7546,486.3459,2.1523,0.0000,0.056603,"0.056650;0.056586;0.056374;0.056730;0.056603",8.109312,123315.02,,13.03,0,6980,10,True,nid007080,57240768
SparseHNSW_a0.9_b1_s0x0,"M=32 efC=200 ef=100 alpha=0.9 beta=1 q=u8",64,0.9008595989,0.7675,486.3459,2.1523,0.0000,0.071563,"0.070434;0.071659;0.071868;0.071563;0.071360",10.252579,97536.44,,13.03,0,6980,10,True,nid007080,57240768
SparseHNSW_a0.9_b2_s0x0,"M=32 efC=200 ef=10 alpha=0.9 beta=2 q=u8",64,0.8362750716,0.9006,486.3459,2.1523,0.0000,0.022700,"0.023005;0.022820;0.022700;0.022632;0.022393",3.252149,307488.99,,13.03,0,6980,10,True,nid007080,57240768
SparseHNSW_a0.9_b2_s0x0,"M=32 efC=200 ef=20 alpha=0.9 beta=2 q=u8",64,0.8362750716,0.9006,486.3459,2.1523,0.0000,0.022197,"0.022321;0.022289;0.022197;0.022118;0.022187",3.180086,314456.91,,13.03,0,6980,10,True,nid007080,57240768
SparseHNSW_a0.9_b2_s0x0,"M=32 efC=200 ef=25 alpha=0.9 beta=2 q=u8",64,0.8596418338,0.9168,486.3459,2.1523,0.0000,0.025660,"0.025660;0.025694;0.025684;0.025585;0.025544",3.676218,272018.71,,13.03,0,6980,10,True,nid007080,57240768
SparseHNSW_a0.9_b2_s0x0,"M=32 efC=200 ef=30 alpha=0.9 beta=2 q=u8",64,0.8748280802,0.9269,486.3459,2.1523,0.0000,0.028987,"0.028999;0.028998;0.028906;0.028987;0.028894",4.152865,240797.60,,13.03,0,6980,10,True,nid007080,57240768
SparseHNSW_a0.9_b2_s0x0,"M=32 efC=200 ef=35 alpha=0.9 beta=2 q=u8",64,0.8867478510,0.9354,486.3459,2.1523,0.0000,0.032143,"0.032143;0.032225;0.032142;0.032224;0.032113",4.605014,217154.59,,13.03,0,6980,10,True,nid007080,57240768
SparseHNSW_a0.9_b2_s0x0,"M=32 efC=200 ef=40 alpha=0.9 beta=2 q=u8",64,0.8963323782,0.9418,486.3459,2.1523,0.0000,0.035679,"0.035719;0.035706;0.035679;0.035665;0.035570",5.111605,195633.29,,13.03,0,6980,10,True,nid007080,57240768
SparseHNSW_a0.9_b2_s0x0,"M=32 efC=200 ef=50 alpha=0.9 beta=2 q=u8",64,0.9088252149,0.9501,486.3459,2.1523,0.0000,0.041833,"0.041853;0.041760;0.041833;0.041760;0.041864",5.993266,166853.92,,13.03,0,6980,10,True,nid007080,57240768
SparseHNSW_a0.9_b2_s0x0,"M=32 efC=200 ef=60 alpha=0.9 beta=2 q=u8",64,0.9197421203,0.9585,486.3459,2.1523,0.0000,0.048085,"0.048018;0.048185;0.047888;0.048085;0.048206",6.888968,145159.61,,13.03,0,6980,10,True,nid007080,57240768
SparseHNSW_a0.9_b2_s0x0,"M=32 efC=200 ef=75 alpha=0.9 beta=2 q=u8",64,0.9316475645,0.9666,486.3459,2.1523,0.0000,0.057093,"0.057139;0.057121;0.057093;0.056756;0.056960",8.179513,122256.67,,13.03,0,6980,10,True,nid007080,57240768
SparseHNSW_a0.9_b2_s0x0,"M=32 efC=200 ef=100 alpha=0.9 beta=2 q=u8",64,0.9440974212,0.9759,486.3459,2.1523,0.0000,0.071789,"0.071789;0.072119;0.072459;0.071336;0.071704",10.284957,97229.38,,13.03,0,6980,10,True,nid007080,57240768
SparseHNSW_a0.9_b3_s0x0,"M=32 efC=200 ef=10 alpha=0.9 beta=3 q=u8",64,0.8754441261,0.9269,486.3459,2.1523,0.0000,0.029819,"0.029979;0.030087;0.029819;0.029755;0.029738",4.272063,234078.94,,13.03,0,6980,10,True,nid007080,57240768
SparseHNSW_a0.9_b3_s0x0,"M=32 efC=200 ef=20 alpha=0.9 beta=3 q=u8",64,0.8754441261,0.9269,486.3459,2.1523,0.0000,0.029488,"0.029540;0.029548;0.029473;0.029488;0.029381",4.224642,236706.46,,13.03,0,6980,10,True,nid007080,57240768
SparseHNSW_a0.9_b3_s0x0,"M=32 efC=200 ef=25 alpha=0.9 beta=3 q=u8",64,0.8754441261,0.9269,486.3459,2.1523,0.0000,0.029328,"0.029328;0.029396;0.029272;0.029329;0.029288",4.201719,237997.82,,13.03,0,6980,10,True,nid007080,57240768
SparseHNSW_a0.9_b3_s0x0,"M=32 efC=200 ef=30 alpha=0.9 beta=3 q=u8",64,0.8754441261,0.9269,486.3459,2.1523,0.0000,0.029306,"0.029314;0.029306;0.029342;0.029273;0.029267",4.198567,238176.48,,13.03,0,6980,10,True,nid007080,57240768
SparseHNSW_a0.9_b3_s0x0,"M=32 efC=200 ef=35 alpha=0.9 beta=3 q=u8",64,0.8873782235,0.9354,486.3459,2.1523,0.0000,0.032501,"0.032645;0.032629;0.032482;0.032501;0.032428",4.656304,214762.62,,13.03,0,6980,10,True,nid007080,57240768
SparseHNSW_a0.9_b3_s0x0,"M=32 efC=200 ef=40 alpha=0.9 beta=3 q=u8",64,0.8969770774,0.9418,486.3459,2.1523,0.0000,0.035972,"0.035901;0.036015;0.035909;0.035972;0.035986",5.153582,194039.81,,13.03,0,6980,10,True,nid007080,57240768
SparseHNSW_a0.9_b3_s0x0,"M=32 efC=200 ef=50 alpha=0.9 beta=3 q=u8",64,0.9094842407,0.9501,486.3459,2.1523,0.0000,0.042168,"0.042375;0.042190;0.042101;0.042073;0.042168",6.041261,165528.36,,13.03,0,6980,10,True,nid007080,57240768
SparseHNSW_a0.9_b3_s0x0,"M=32 efC=200 ef=60 alpha=0.9 beta=3 q=u8",64,0.9204297994,0.9585,486.3459,2.1523,0.0000,0.048349,"0.048442;0.048349;0.048569;0.048297;0.048158",6.926791,144367.00,,13.03,0,6980,10,True,nid007080,57240768
SparseHNSW_a0.9_b3_s0x0,"M=32 efC=200 ef=75 alpha=0.9 beta=3 q=u8",64,0.9323495702,0.9666,486.3459,2.1523,0.0000,0.057630,"0.057153;0.057465;0.057630;0.057633;0.057653",8.256447,121117.47,,13.03,0,6980,10,True,nid007080,57240768
SparseHNSW_a0.9_b3_s0x0,"M=32 efC=200 ef=100 alpha=0.9 beta=3 q=u8",64,0.9448424069,0.9759,486.3459,2.1523,0.0000,0.072240,"0.072325;0.071861;0.072384;0.071652;0.072240",10.349570,96622.37,,13.03,0,6980,10,True,nid007080,57240768
SparseHNSW_a0.9_b4_s0x0,"M=32 efC=200 ef=10 alpha=0.9 beta=4 q=u8",64,0.8970487106,0.9418,486.3459,2.1523,0.0000,0.037005,"0.037158;0.037141;0.037005;0.036667;0.036735",5.301576,188623.16,,13.03,0,6980,10,True,nid007080,57240768
SparseHNSW_a0.9_b4_s0x0,"M=32 efC=200 ef=20 alpha=0.9 beta=4 q=u8",64,0.8970487106,0.9418,486.3459,2.1523,0.0000,0.036587,"0.036599;0.036683;0.036586;0.036573;0.036587",5.241691,190778.15,,13.03,0,6980,10,True,nid007080,57240768
SparseHNSW_a0.9_b4_s0x0,"M=32 efC=200 ef=25 alpha=0.9 beta=4 q=u8",64,0.8970487106,0.9418,486.3459,2.1523,0.0000,0.036583,"0.036583;0.036509;0.036667;0.036614;0.036433",5.241117,190799.01,,13.03,0,6980,10,True,nid007080,57240768
SparseHNSW_a0.9_b4_s0x0,"M=32 efC=200 ef=30 alpha=0.9 beta=4 q=u8",64,0.8970487106,0.9418,486.3459,2.1523,0.0000,0.036478,"0.036433;0.036478;0.036509;0.036519;0.036410",5.226074,191348.21,,13.03,0,6980,10,True,nid007080,57240768
SparseHNSW_a0.9_b4_s0x0,"M=32 efC=200 ef=35 alpha=0.9 beta=4 q=u8",64,0.8970487106,0.9418,486.3459,2.1523,0.0000,0.036412,"0.036442;0.036409;0.036412;0.036582;0.036285",5.216619,191695.05,,13.03,0,6980,10,True,nid007080,57240768
SparseHNSW_a0.9_b4_s0x0,"M=32 efC=200 ef=40 alpha=0.9 beta=4 q=u8",64,0.8970487106,0.9418,486.3459,2.1523,0.0000,0.036380,"0.036351;0.036342;0.036383;0.036382;0.036380",5.212034,191863.66,,13.03,0,6980,10,True,nid007080,57240768
SparseHNSW_a0.9_b4_s0x0,"M=32 efC=200 ef=50 alpha=0.9 beta=4 q=u8",64,0.9095558739,0.9501,486.3459,2.1523,0.0000,0.042482,"0.042347;0.042485;0.042607;0.042366;0.042482",6.086246,164304.88,,13.03,0,6980,10,True,nid007080,57240768
SparseHNSW_a0.9_b4_s0x0,"M=32 efC=200 ef=60 alpha=0.9 beta=4 q=u8",64,0.9205157593,0.9585,486.3459,2.1523,0.0000,0.048613,"0.048600;0.048613;0.048638;0.048375;0.048948",6.964613,143582.99,,13.03,0,6980,10,True,nid007080,57240768
SparseHNSW_a0.9_b4_s0x0,"M=32 efC=200 ef=75 alpha=0.9 beta=4 q=u8",64,0.9324498567,0.9666,486.3459,2.1523,0.0000,0.057690,"0.057663;0.057690;0.057713;0.057653;0.057841",8.265043,120991.51,,13.03,0,6980,10,True,nid007080,57240768
SparseHNSW_a0.9_b4_s0x0,"M=32 efC=200 ef=100 alpha=0.9 beta=4 q=u8",64,0.9449426934,0.9759,486.3459,2.1523,0.0000,0.072348,"0.072187;0.072030;0.072631;0.072348;0.072592",10.365043,96478.13,,13.03,0,6980,10,True,nid007080,57240768
SparseHNSW_a0.9_b5_s0x0,"M=32 efC=200 ef=10 alpha=0.9 beta=5 q=u8",64,0.9095558739,0.9501,486.3459,2.1523,0.0000,0.043292,"0.043557;0.043631;0.043292;0.043276;0.043288",6.202292,161230.71,,13.03,0,6980,10,True,nid007080,57240768
SparseHNSW_a0.9_b5_s0x0,"M=32 efC=200 ef=20 alpha=0.9 beta=5 q=u8",64,0.9095558739,0.9501,486.3459,2.1523,0.0000,0.043027,"0.043129;0.042971;0.043027;0.043042;0.042894",6.164327,162223.72,,13.03,0,6980,10,True,nid007080,57240768
SparseHNSW_a0.9_b5_s0x0,"M=32 efC=200 ef=25 alpha=0.9 beta=5 q=u8",64,0.9095558739,0.9501,486.3459,2.1523,0.0000,0.042936,"0.042936;0.042897;0.042676;0.043102;0.043168",6.151289,162567.54,,13.03,0,6980,10,True,nid007080,57240768
SparseHNSW_a0.9_b5_s0x0,"M=32 efC=200 ef=30 alpha=0.9 beta=5 q=u8",64,0.9095558739,0.9501,486.3459,2.1523,0.0000,0.042960,"0.043244;0.043108;0.042799;0.042960;0.042618",6.154728,162476.72,,13.03,0,6980,10,True,nid007080,57240768
SparseHNSW_a0.9_b5_s0x0,"M=32 efC=200 ef=35 alpha=0.9 beta=5 q=u8",64,0.9095558739,0.9501,486.3459,2.1523,0.0000,0.042855,"0.042814;0.042918;0.042862;0.042844;0.042855",6.139685,162874.81,,13.03,0,6980,10,True,nid007080,57240768
SparseHNSW_a0.9_b5_s0x0,"M=32 efC=200 ef=40 alpha=0.9 beta=5 q=u8",64,0.9095558739,0.9501,486.3459,2.1523,0.0000,0.042897,"0.043056;0.043104;0.042869;0.042724;0.042897",6.145702,162715.34,,13.03,0,6980,10,True,nid007080,57240768
SparseHNSW_a0.9_b5_s0x0,"M=32 efC=200 ef=50 alpha=0.9 beta=5 q=u8",64,0.9095558739,0.9501,486.3459,2.1523,0.0000,0.042812,"0.042903;0.042770;0.042700;0.042881;0.042812",6.133524,163038.40,,13.03,0,6980,10,True,nid007080,57240768
SparseHNSW_a0.9_b5_s0x0,"M=32 efC=200 ef=60 alpha=0.9 beta=5 q=u8",64,0.9205157593,0.9585,486.3459,2.1523,0.0000,0.049655,"0.050682;0.049517;0.049787;0.049617;0.049655",7.113897,140569.93,,13.03,0,6980,10,True,nid007080,57240768
SparseHNSW_a0.9_b5_s0x0,"M=32 efC=200 ef=75 alpha=0.9 beta=5 q=u8",64,0.9324498567,0.9666,486.3459,2.1523,0.0000,0.058087,"0.058078;0.057813;0.058087;0.058140;0.058115",8.321920,120164.58,,13.03,0,6980,10,True,nid007080,57240768
SparseHNSW_a0.9_b5_s0x0,"M=32 efC=200 ef=100 alpha=0.9 beta=5 q=u8",64,0.9449426934,0.9759,486.3459,2.1523,0.0000,0.072615,"0.072575;0.072615;0.072626;0.072957;0.072590",10.403295,96123.39,,13.03,0,6980,10,True,nid007080,57240768
SparseHNSW_a0.9_b1_s8x4,"M=32 efC=200 ef=10 alpha=0.9 beta=1 q=u8 seedT=8 seedH=8 seedS=4",64,0.8771633238,0.7307,486.3459,2.1523,0.0000,0.028033,"0.028501;0.028429;0.028033;0.027775;0.027768",4.016189,248992.26,,13.03,0,6980,10,True,nid007080,57240768
SparseHNSW_a0.9_b1_s8x4,"M=32 efC=200 ef=20 alpha=0.9 beta=1 q=u8 seedT=8 seedH=8 seedS=4",64,0.8771633238,0.7307,486.3459,2.1523,0.0000,0.027465,"0.027553;0.027481;0.027398;0.027439;0.027465",3.934814,254141.63,,13.03,0,6980,10,True,nid007080,57240768
SparseHNSW_a0.9_b1_s8x4,"M=32 efC=200 ef=25 alpha=0.9 beta=1 q=u8 seedT=8 seedH=8 seedS=4",64,0.8771633238,0.7307,486.3459,2.1523,0.0000,0.027293,"0.027369;0.027294;0.027293;0.027232;0.027288",3.910172,255743.23,,13.03,0,6980,10,True,nid007080,57240768
SparseHNSW_a0.9_b1_s8x4,"M=32 efC=200 ef=30 alpha=0.9 beta=1 q=u8 seedT=8 seedH=8 seedS=4",64,0.8771776504,0.7308,486.3459,2.1523,0.0000,0.027161,"0.027241;0.027158;0.027256;0.027161;0.027116",3.891261,256986.12,,13.03,0,6980,10,True,nid007080,57240768
SparseHNSW_a0.9_b1_s8x4,"M=32 efC=200 ef=35 alpha=0.9 beta=1 q=u8 seedT=8 seedH=8 seedS=4",64,0.8805587393,0.7352,486.3459,2.1523,0.0000,0.028586,"0.028583;0.028586;0.028613;0.028511;0.028722",4.095415,244175.47,,13.03,0,6980,10,True,nid007080,57240768
SparseHNSW_a0.9_b1_s8x4,"M=32 efC=200 ef=40 alpha=0.9 beta=1 q=u8 seedT=8 seedH=8 seedS=4",64,0.8858595989,0.7420,486.3459,2.1523,0.0000,0.031883,"0.031825;0.031900;0.031883;0.031736;0.031900",4.567765,218925.45,,13.03,0,6980,10,True,nid007080,57240768
SparseHNSW_a0.9_b1_s8x4,"M=32 efC=200 ef=50 alpha=0.9 beta=1 q=u8 seedT=8 seedH=8 seedS=4",64,0.8938538682,0.7523,486.3459,2.1523,0.0000,0.038204,"0.037878;0.038296;0.038204;0.038121;0.038329",5.473352,182703.38,,13.03,0,6980,10,True,nid007080,57240768
SparseHNSW_a0.9_b1_s8x4,"M=32 efC=200 ef=60 alpha=0.9 beta=1 q=u8 seedT=8 seedH=8 seedS=4",64,0.8996131805,0.7605,486.3459,2.1523,0.0000,0.044254,"0.044084;0.044516;0.044270;0.044254;0.044184",6.340115,157725.86,,13.03,0,6980,10,True,nid007080,57240768
SparseHNSW_a0.9_b1_s8x4,"M=32 efC=200 ef=75 alpha=0.9 beta=1 q=u8 seedT=8 seedH=8 seedS=4",64,0.9068767908,0.7697,486.3459,2.1523,0.0000,0.053181,"0.053299;0.053239;0.052914;0.053181;0.053150",7.619054,131249.88,,13.03,0,6980,10,True,nid007080,57240768
SparseHNSW_a0.9_b1_s8x4,"M=32 efC=200 ef=100 alpha=0.9 beta=1 q=u8 seedT=8 seedH=8 seedS=4",64,0.9145558739,0.7794,486.3459,2.1523,0.0000,0.067988,"0.068040;0.067988;0.067761;0.067995;0.067809",9.740401,102665.18,,13.03,0,6980,10,True,nid007080,57240768
SparseHNSW_a0.9_b2_s8x4,"M=32 efC=200 ef=10 alpha=0.9 beta=2 q=u8 seedT=8 seedH=8 seedS=4",64,0.9159885387,0.9681,486.3459,2.1523,0.0000,0.028622,"0.028839;0.028700;0.028622;0.028451;0.028367",4.100573,243868.35,,13.03,0,6980,10,True,nid007080,57240768
SparseHNSW_a0.9_b2_s8x4,"M=32 efC=200 ef=20 alpha=0.9 beta=2 q=u8 seedT=8 seedH=8 seedS=4",64,0.9159885387,0.9681,486.3459,2.1523,0.0000,0.028136,"0.028136;0.028147;0.028089;0.028205;0.027996",4.030946,248080.75,,13.03,0,6980,10,True,nid007080,57240768
SparseHNSW_a0.9_b2_s8x4,"M=32 efC=200 ef=25 alpha=0.9 beta=2 q=u8 seedT=8 seedH=8 seedS=4",64,0.9159885387,0.9681,486.3459,2.1523,0.0000,0.027999,"0.027999;0.028009;0.028018;0.027898;0.027938",4.011318,249294.62,,13.03,0,6980,10,True,nid007080,57240768
SparseHNSW_a0.9_b2_s8x4,"M=32 efC=200 ef=30 alpha=0.9 beta=2 q=u8 seedT=8 seedH=8 seedS=4",64,0.9160028653,0.9681,486.3459,2.1523,0.0000,0.027901,"0.027950;0.027886;0.027901;0.027945;0.027822",3.997278,250170.24,,13.03,0,6980,10,True,nid007080,57240768
SparseHNSW_a0.9_b2_s8x4,"M=32 efC=200 ef=35 alpha=0.9 beta=2 q=u8 seedT=8 seedH=8 seedS=4",64,0.9198710602,0.9694,486.3459,2.1523,0.0000,0.029306,"0.029306;0.029273;0.029357;0.029295;0.029338",4.198567,238176.48,,13.03,0,6980,10,True,nid007080,57240768
SparseHNSW_a0.9_b2_s8x4,"M=32 efC=200 ef=40 alpha=0.9 beta=2 q=u8 seedT=8 seedH=8 seedS=4",64,0.9257306590,0.9724,486.3459,2.1523,0.0000,0.032531,"0.032379;0.032531;0.032593;0.032576;0.032467",4.660602,214564.57,,13.03,0,6980,10,True,nid007080,57240768
SparseHNSW_a0.9_b2_s8x4,"M=32 efC=200 ef=50 alpha=0.9 beta=2 q=u8 seedT=8 seedH=8 seedS=4",64,0.9350286533,0.9771,486.3459,2.1523,0.0000,0.038716,"0.038716;0.038650;0.038660;0.038798;0.038724",5.546705,180287.22,,13.03,0,6980,10,True,nid007080,57240768
SparseHNSW_a0.9_b2_s8x4,"M=32 efC=200 ef=60 alpha=0.9 beta=2 q=u8 seedT=8 seedH=8 seedS=4",64,0.9416189112,0.9800,486.3459,2.1523,0.0000,0.044819,"0.044870;0.044799;0.044819;0.044883;0.044725",6.421060,155737.52,,13.03,0,6980,10,True,nid007080,57240768
SparseHNSW_a0.9_b2_s8x4,"M=32 efC=200 ef=75 alpha=0.9 beta=2 q=u8 seedT=8 seedH=8 seedS=4",64,0.9496275072,0.9841,486.3459,2.1523,0.0000,0.053579,"0.053430;0.053849;0.053839;0.053579;0.053288",7.676074,130274.92,,13.03,0,6980,10,True,nid007080,57240768
SparseHNSW_a0.9_b2_s8x4,"M=32 efC=200 ef=100 alpha=0.9 beta=2 q=u8 seedT=8 seedH=8 seedS=4",64,0.9581661891,0.9888,486.3459,2.1523,0.0000,0.068413,"0.068630;0.068702;0.068413;0.068143;0.067620",9.801289,102027.39,,13.03,0,6980,10,True,nid007080,57240768
SparseHNSW_a0.9_b3_s8x4,"M=32 efC=200 ef=10 alpha=0.9 beta=3 q=u8 seedT=8 seedH=8 seedS=4",64,0.9166332378,0.9681,486.3459,2.1523,0.0000,0.028779,"0.028986;0.028866;0.028779;0.028738;0.028651",4.123066,242537.96,,13.03,0,6980,10,True,nid007080,57240768
SparseHNSW_a0.9_b3_s8x4,"M=32 efC=200 ef=20 alpha=0.9 beta=3 q=u8 seedT=8 seedH=8 seedS=4",64,0.9166332378,0.9681,486.3459,2.1523,0.0000,0.028434,"0.028434;0.028484;0.028414;0.028450;0.028371",4.073639,245480.76,,13.03,0,6980,10,True,nid007080,57240768
SparseHNSW_a0.9_b3_s8x4,"M=32 efC=200 ef=25 alpha=0.9 beta=3 q=u8 seedT=8 seedH=8 seedS=4",64,0.9166332378,0.9681,486.3459,2.1523,0.0000,0.028325,"0.028400;0.028384;0.028286;0.028325;0.028289",4.058023,246425.42,,13.03,0,6980,10,True,nid007080,57240768
SparseHNSW_a0.9_b3_s8x4,"M=32 efC=200 ef=30 alpha=0.9 beta=3 q=u8 seedT=8 seedH=8 seedS=4",64,0.9166332378,0.9681,486.3459,2.1523,0.0000,0.028220,"0.028260;0.028220;0.028267;0.028197;0.028167",4.042980,247342.31,,13.03,0,6980,10,True,nid007080,57240768
SparseHNSW_a0.9_b3_s8x4,"M=32 efC=200 ef=35 alpha=0.9 beta=3 q=u8 seedT=8 seedH=8 seedS=4",64,0.9205157593,0.9694,486.3459,2.1523,0.0000,0.029658,"0.029606;0.029632;0.029721;0.029695;0.029658",4.248997,235349.65,,13.03,0,6980,10,True,nid007080,57240768
SparseHNSW_a0.9_b3_s8x4,"M=32 efC=200 ef=40 alpha=0.9 beta=3 q=u8 seedT=8 seedH=8 seedS=4",64,0.9263896848,0.9724,486.3459,2.1523,0.0000,0.032811,"0.032823;0.032811;0.032886;0.032780;0.032755",4.700716,212733.53,,13.03,0,6980,10,True,nid007080,57240768
SparseHNSW_a0.9_b3_s8x4,"M=32 efC=200 ef=50 alpha=0.9 beta=3 q=u8 seedT=8 seedH=8 seedS=4",64,0.9357020057,0.9771,486.3459,2.1523,0.0000,0.038993,"0.038993;0.039109;0.038954;0.038886;0.039073",5.586390,179006.49,,13.03,0,6980,10,True,nid007080,57240768
SparseHNSW_a0.9_b3_s8x4,"M=32 efC=200 ef=60 alpha=0.9 beta=3 q=u8 seedT=8 seedH=8 seedS=4",64,0.9423065903,0.9800,486.3459,2.1523,0.0000,0.045040,"0.045040;0.044985;0.045261;0.044973;0.045109",6.452722,154973.36,,13.03,0,6980,10,True,nid007080,57240768
SparseHNSW_a0.9_b3_s8x4,"M=32 efC=200 ef=75 alpha=0.9 beta=3 q=u8 seedT=8 seedH=8 seedS=4",64,0.9503438395,0.9841,486.3459,2.1523,0.0000,0.053806,"0.053806;0.053584;0.054027;0.053992;0.053754",7.708596,129725.31,,13.03,0,6980,10,True,nid007080,57240768
SparseHNSW_a0.9_b3_s8x4,"M=32 efC=200 ef=100 alpha=0.9 beta=3 q=u8 seedT=8 seedH=8 seedS=4",64,0.9589111748,0.9888,486.3459,2.1523,0.0000,0.068583,"0.068583;0.068286;0.068583;0.068594;0.068252",9.825645,101774.49,,13.03,0,6980,10,True,nid007080,57240768
SparseHNSW_a0.9_b4_s8x4,"M=32 efC=200 ef=10 alpha=0.9 beta=4 q=u8 seedT=8 seedH=8 seedS=4",64,0.9264613181,0.9724,486.3459,2.1523,0.0000,0.033867,"0.034000;0.034108;0.033789;0.033867;0.033748",4.852006,206100.33,,13.03,0,6980,10,True,nid007080,57240768
SparseHNSW_a0.9_b4_s8x4,"M=32 efC=200 ef=20 alpha=0.9 beta=4 q=u8 seedT=8 seedH=8 seedS=4",64,0.9264613181,0.9724,486.3459,2.1523,0.0000,0.033531,"0.033484;0.033531;0.033514;0.033553;0.033556",4.803868,208165.58,,13.03,0,6980,10,True,nid007080,57240768
SparseHNSW_a0.9_b4_s8x4,"M=32 efC=200 ef=25 alpha=0.9 beta=4 q=u8 seedT=8 seedH=8 seedS=4",64,0.9264613181,0.9724,486.3459,2.1523,0.0000,0.033387,"0.033334;0.033387;0.033427;0.033463;0.033296",4.783238,209063.41,,13.03,0,6980,10,True,nid007080,57240768
SparseHNSW_a0.9_b4_s8x4,"M=32 efC=200 ef=30 alpha=0.9 beta=4 q=u8 seedT=8 seedH=8 seedS=4",64,0.9264613181,0.9724,486.3459,2.1523,0.0000,0.033234,"0.033234;0.033253;0.033209;0.033130;0.033303",4.761318,210025.88,,13.03,0,6980,10,True,nid007080,57240768
SparseHNSW_a0.9_b4_s8x4,"M=32 efC=200 ef=35 alpha=0.9 beta=4 q=u8 seedT=8 seedH=8 seedS=4",64,0.9264613181,0.9724,486.3459,2.1523,0.0000,0.033300,"0.033333;0.033347;0.033297;0.033286;0.033300",4.770774,209609.61,,13.03,0,6980,10,True,nid007080,57240768
SparseHNSW_a0.9_b4_s8x4,"M=32 efC=200 ef=40 alpha=0.9 beta=4 q=u8 seedT=8 seedH=8 seedS=4",64,0.9264613181,0.9724,486.3459,2.1523,0.0000,0.033289,"0.033289;0.033319;0.033270;0.033298;0.033076",4.769198,209678.87,,13.03,0,6980,10,True,nid007080,57240768
SparseHNSW_a0.9_b4_s8x4,"M=32 efC=200 ef=50 alpha=0.9 beta=4 q=u8 seedT=8 seedH=8 seedS=4",64,0.9357736390,0.9771,486.3459,2.1523,0.0000,0.039388,"0.039464;0.039388;0.039319;0.039386;0.039401",5.642980,177211.33,,13.03,0,6980,10,True,nid007080,57240768
SparseHNSW_a0.9_b4_s8x4,"M=32 efC=200 ef=60 alpha=0.9 beta=4 q=u8 seedT=8 seedH=8 seedS=4",64,0.9423925501,0.9800,486.3459,2.1523,0.0000,0.045443,"0.045443;0.045466;0.045456;0.045428;0.045264",6.510458,153599.01,,13.03,0,6980,10,True,nid007080,57240768
SparseHNSW_a0.9_b4_s8x4,"M=32 efC=200 ef=75 alpha=0.9 beta=4 q=u8 seedT=8 seedH=8 seedS=4",64,0.9504441261,0.9841,486.3459,2.1523,0.0000,0.054174,"0.054205;0.054022;0.053974;0.054174;0.054213",7.761318,128844.09,,13.03,0,6980,10,True,nid007080,57240768
SparseHNSW_a0.9_b4_s8x4,"M=32 efC=200 ef=100 alpha=0.9 beta=4 q=u8 seedT=8 seedH=8 seedS=4",64,0.9590114613,0.9888,486.3459,2.1523,0.0000,0.068580,"0.068580;0.068622;0.068695;0.068537;0.068490",9.825215,101778.94,,13.03,0,6980,10,True,nid007080,57240768
SparseHNSW_a0.9_b5_s8x4,"M=32 efC=200 ef=10 alpha=0.9 beta=5 q=u8 seedT=8 seedH=8 seedS=4",64,0.9357736390,0.9771,486.3459,2.1523,0.0000,0.040129,"0.040418;0.040457;0.040129;0.040013;0.040124",5.749140,173939.05,,13.03,0,6980,10,True,nid007080,57240768
SparseHNSW_a0.9_b5_s8x4,"M=32 efC=200 ef=20 alpha=0.9 beta=5 q=u8 seedT=8 seedH=8 seedS=4",64,0.9357736390,0.9771,486.3459,2.1523,0.0000,0.039799,"0.039983;0.039831;0.039784;0.039799;0.039767",5.701862,175381.29,,13.03,0,6980,10,True,nid007080,57240768
SparseHNSW_a0.9_b5_s8x4,"M=32 efC=200 ef=25 alpha=0.9 beta=5 q=u8 seedT=8 seedH=8 seedS=4",64,0.9357736390,0.9771,486.3459,2.1523,0.0000,0.039887,"0.039861;0.039968;0.039911;0.039887;0.039737",5.714470,174994.36,,13.03,0,6980,10,True,nid007080,57240768
SparseHNSW_a0.9_b5_s8x4,"M=32 efC=200 ef=30 alpha=0.9 beta=5 q=u8 seedT=8 seedH=8 seedS=4",64,0.9357736390,0.9771,486.3459,2.1523,0.0000,0.039718,"0.039919;0.039771;0.039542;0.039485;0.039718",5.690258,175738.96,,13.03,0,6980,10,True,nid007080,57240768
SparseHNSW_a0.9_b5_s8x4,"M=32 efC=200 ef=35 alpha=0.9 beta=5 q=u8 seedT=8 seedH=8 seedS=4",64,0.9357736390,0.9771,486.3459,2.1523,0.0000,0.039755,"0.039868;0.039755;0.039975;0.039750;0.039574",5.695559,175575.40,,13.03,0,6980,10,True,nid007080,57240768
SparseHNSW_a0.9_b5_s8x4,"M=32 efC=200 ef=40 alpha=0.9 beta=5 q=u8 seedT=8 seedH=8 seedS=4",64,0.9357736390,0.9771,486.3459,2.1523,0.0000,0.039686,"0.039536;0.039743;0.039803;0.039685;0.039686",5.685673,175880.66,,13.03,0,6980,10,True,nid007080,57240768
SparseHNSW_a0.9_b5_s8x4,"M=32 efC=200 ef=50 alpha=0.9 beta=5 q=u8 seedT=8 seedH=8 seedS=4",64,0.9357736390,0.9771,486.3459,2.1523,0.0000,0.039701,"0.039886;0.039698;0.039701;0.039725;0.039510",5.687822,175814.21,,13.03,0,6980,10,True,nid007080,57240768
SparseHNSW_a0.9_b5_s8x4,"M=32 efC=200 ef=60 alpha=0.9 beta=5 q=u8 seedT=8 seedH=8 seedS=4",64,0.9423925501,0.9800,486.3459,2.1523,0.0000,0.045738,"0.045730;0.045738;0.045883;0.045901;0.045714",6.552722,152608.33,,13.03,0,6980,10,True,nid007080,57240768
SparseHNSW_a0.9_b5_s8x4,"M=32 efC=200 ef=75 alpha=0.9 beta=5 q=u8 seedT=8 seedH=8 seedS=4",64,0.9504441261,0.9841,486.3459,2.1523,0.0000,0.054567,"0.054559;0.054304;0.054567;0.054658;0.054675",7.817622,127916.14,,13.03,0,6980,10,True,nid007080,57240768
SparseHNSW_a0.9_b5_s8x4,"M=32 efC=200 ef=100 alpha=0.9 beta=5 q=u8 seedT=8 seedH=8 seedS=4",64,0.9590114613,0.9888,486.3459,2.1523,0.0000,0.069134,"0.069134;0.069022;0.069265;0.068980;0.069250",9.904585,100963.35,,13.03,0,6980,10,True,nid007080,57240768
