Model,Params,Threads,Recall,RR@10,IndexSec,LoadSec,ConvertSec,SearchSecMedian,SearchSecRuns,AmortizedUsPerQuery,QPS,LatencyUsSingleThread,PeakRSSGB,IndexBytes,NumQueries,K,ResultsOrdered,Host,JobID
SparseHNSW_a0.6_b1,"M=32 efC=200 ef=10 alpha=0.6 beta=1 q=u8",64,0.5784813754,0.4747,253.8919,8.6731,0.0000,0.013914,"0.014489;0.014175;0.013900;0.013914;0.013786",1.993410,501653.01,,11.98,0,6980,10,True,nid004438,56980328
SparseHNSW_a0.6_b1,"M=32 efC=200 ef=20 alpha=0.6 beta=1 q=u8",64,0.6444412607,0.5382,253.8919,8.6731,0.0000,0.021753,"0.022076;0.021930;0.021753;0.021737;0.021743",3.116476,320875.28,,11.98,0,6980,10,True,nid004438,56980328
SparseHNSW_a0.6_b1,"M=32 efC=200 ef=25 alpha=0.6 beta=1 q=u8",64,0.6607020057,0.5540,253.8919,8.6731,0.0000,0.025253,"0.025397;0.025253;0.025272;0.025209;0.025188",3.617908,276402.80,,11.98,0,6980,10,True,nid004438,56980328
SparseHNSW_a0.6_b1,"M=32 efC=200 ef=30 alpha=0.6 beta=1 q=u8",64,0.6728080229,0.5632,253.8919,8.6731,0.0000,0.028870,"0.028975;0.028794;0.028875;0.028815;0.028870",4.136103,241773.47,,11.98,0,6980,10,True,nid004438,56980328
SparseHNSW_a0.6_b1,"M=32 efC=200 ef=35 alpha=0.6 beta=1 q=u8",64,0.6827363897,0.5714,253.8919,8.6731,0.0000,0.032247,"0.032288;0.032247;0.032262;0.032185;0.032229",4.619914,216454.24,,11.98,0,6980,10,True,nid004438,56980328
SparseHNSW_a0.6_b1,"M=32 efC=200 ef=40 alpha=0.6 beta=1 q=u8",64,0.6903008596,0.5777,253.8919,8.6731,0.0000,0.035649,"0.035755;0.035649;0.035604;0.035592;0.035662",5.107307,195797.92,,11.98,0,6980,10,True,nid004438,56980328
SparseHNSW_a0.6_b1,"M=32 efC=200 ef=50 alpha=0.6 beta=1 q=u8",64,0.7040257880,0.5894,253.8919,8.6731,0.0000,0.042257,"0.042225;0.042323;0.042257;0.042353;0.042189",6.054011,165179.73,,11.98,0,6980,10,True,nid004438,56980328
SparseHNSW_a0.6_b1,"M=32 efC=200 ef=60 alpha=0.6 beta=1 q=u8",64,0.7121346705,0.5945,253.8919,8.6731,0.0000,0.048483,"0.048483;0.048430;0.048523;0.048614;0.048481",6.945989,143967.99,,11.98,0,6980,10,True,nid004438,56980328
SparseHNSW_a0.6_b1,"M=32 efC=200 ef=75 alpha=0.6 beta=1 q=u8",64,0.7193696275,0.6004,253.8919,8.6731,0.0000,0.057563,"0.057377;0.057613;0.057563;0.057510;0.057576",8.246848,121258.45,,11.98,0,6980,10,True,nid004438,56980328
SparseHNSW_a0.6_b1,"M=32 efC=200 ef=100 alpha=0.6 beta=1 q=u8",64,0.7299713467,0.6090,253.8919,8.6731,0.0000,0.071701,"0.071660;0.071651;0.071856;0.071783;0.071701",10.272350,97348.71,,11.98,0,6980,10,True,nid004438,56980328
SparseHNSW_a0.6_b2,"M=32 efC=200 ef=10 alpha=0.6 beta=2 q=u8",64,0.7601862464,0.8786,253.8919,8.6731,0.0000,0.022946,"0.023233;0.023022;0.022946;0.022824;0.022669",3.287393,304192.45,,11.98,0,6980,10,True,nid004438,56980328
SparseHNSW_a0.6_b2,"M=32 efC=200 ef=20 alpha=0.6 beta=2 q=u8",64,0.7601862464,0.8786,253.8919,8.6731,0.0000,0.022577,"0.022619;0.022647;0.022577;0.022527;0.022554",3.234527,309164.19,,11.98,0,6980,10,True,nid004438,56980328
SparseHNSW_a0.6_b2,"M=32 efC=200 ef=25 alpha=0.6 beta=2 q=u8",64,0.7809169054,0.8961,253.8919,8.6731,0.0000,0.026219,"0.026265;0.026188;0.026219;0.026112;0.026259",3.756304,266219.15,,11.98,0,6980,10,True,nid004438,56980328
SparseHNSW_a0.6_b2,"M=32 efC=200 ef=30 alpha=0.6 beta=2 q=u8",64,0.7958022923,0.9107,253.8919,8.6731,0.0000,0.029763,"0.029790;0.029743;0.029765;0.029763;0.029690",4.264040,234519.37,,11.98,0,6980,10,True,nid004438,56980328
SparseHNSW_a0.6_b2,"M=32 efC=200 ef=35 alpha=0.6 beta=2 q=u8",64,0.8077650430,0.9214,253.8919,8.6731,0.0000,0.033113,"0.033107;0.033098;0.033172;0.033223;0.033113",4.743983,210793.34,,11.98,0,6980,10,True,nid004438,56980328
SparseHNSW_a0.6_b2,"M=32 efC=200 ef=40 alpha=0.6 beta=2 q=u8",64,0.8174498567,0.9300,253.8919,8.6731,0.0000,0.036497,"0.036497;0.036483;0.036545;0.036622;0.036449",5.228797,191248.60,,11.98,0,6980,10,True,nid004438,56980328
SparseHNSW_a0.6_b2,"M=32 efC=200 ef=50 alpha=0.6 beta=2 q=u8",64,0.8341690544,0.9453,253.8919,8.6731,0.0000,0.043072,"0.042906;0.043072;0.042959;0.043120;0.043183",6.170774,162054.23,,11.98,0,6980,10,True,nid004438,56980328
SparseHNSW_a0.6_b2,"M=32 efC=200 ef=60 alpha=0.6 beta=2 q=u8",64,0.8443123209,0.9549,253.8919,8.6731,0.0000,0.049283,"0.049283;0.049324;0.049237;0.049368;0.049112",7.060602,141630.99,,11.98,0,6980,10,True,nid004438,56980328
SparseHNSW_a0.6_b2,"M=32 efC=200 ef=75 alpha=0.6 beta=2 q=u8",64,0.8532091691,0.9631,253.8919,8.6731,0.0000,0.058112,"0.058049;0.058112;0.058264;0.058102;0.058261",8.325501,120112.89,,11.98,0,6980,10,True,nid004438,56980328
SparseHNSW_a0.6_b2,"M=32 efC=200 ef=100 alpha=0.6 beta=2 q=u8",64,0.8655587393,0.9740,253.8919,8.6731,0.0000,0.072295,"0.072237;0.072351;0.072626;0.072266;0.072295",10.357450,96548.86,,11.98,0,6980,10,True,nid004438,56980328
SparseHNSW_a0.6_b3,"M=32 efC=200 ef=10 alpha=0.6 beta=3 q=u8",64,0.8255157593,0.9107,253.8919,8.6731,0.0000,0.030449,"0.030523;0.030528;0.030449;0.030445;0.030339",4.362321,229235.77,,11.98,0,6980,10,True,nid004438,56980328
SparseHNSW_a0.6_b3,"M=32 efC=200 ef=20 alpha=0.6 beta=3 q=u8",64,0.8255157593,0.9107,253.8919,8.6731,0.0000,0.030275,"0.030309;0.030277;0.030275;0.030238;0.030231",4.337393,230553.26,,11.98,0,6980,10,True,nid004438,56980328
SparseHNSW_a0.6_b3,"M=32 efC=200 ef=25 alpha=0.6 beta=3 q=u8",64,0.8255157593,0.9107,253.8919,8.6731,0.0000,0.030309,"0.030214;0.030321;0.030309;0.030422;0.030060",4.342264,230294.63,,11.98,0,6980,10,True,nid004438,56980328
SparseHNSW_a0.6_b3,"M=32 efC=200 ef=30 alpha=0.6 beta=3 q=u8",64,0.8255157593,0.9107,253.8919,8.6731,0.0000,0.030246,"0.030263;0.030050;0.030137;0.030246;0.030254",4.333238,230774.32,,11.98,0,6980,10,True,nid004438,56980328
SparseHNSW_a0.6_b3,"M=32 efC=200 ef=35 alpha=0.6 beta=3 q=u8",64,0.8383954155,0.9216,253.8919,8.6731,0.0000,0.033527,"0.033623;0.033507;0.033534;0.033527;0.033493",4.803295,208190.41,,11.98,0,6980,10,True,nid004438,56980328
SparseHNSW_a0.6_b3,"M=32 efC=200 ef=40 alpha=0.6 beta=3 q=u8",64,0.8485673352,0.9302,253.8919,8.6731,0.0000,0.036902,"0.036942;0.036852;0.036902;0.036879;0.037052",5.286819,189149.64,,11.98,0,6980,10,True,nid004438,56980328
SparseHNSW_a0.6_b3,"M=32 efC=200 ef=50 alpha=0.6 beta=3 q=u8",64,0.8661891117,0.9455,253.8919,8.6731,0.0000,0.043383,"0.043389;0.043383;0.043359;0.043364;0.043574",6.215330,160892.52,,11.98,0,6980,10,True,nid004438,56980328
SparseHNSW_a0.6_b3,"M=32 efC=200 ef=60 alpha=0.6 beta=3 q=u8",64,0.8770057307,0.9551,253.8919,8.6731,0.0000,0.049568,"0.049693;0.049599;0.049568;0.049521;0.049381",7.101433,140816.66,,11.98,0,6980,10,True,nid004438,56980328
SparseHNSW_a0.6_b3,"M=32 efC=200 ef=75 alpha=0.6 beta=3 q=u8",64,0.8865759312,0.9631,253.8919,8.6731,0.0000,0.058329,"0.058321;0.058429;0.058329;0.058298;0.058677",8.356590,119666.03,,11.98,0,6980,10,True,nid004438,56980328
SparseHNSW_a0.6_b3,"M=32 efC=200 ef=100 alpha=0.6 beta=3 q=u8",64,0.8996131805,0.9740,253.8919,8.6731,0.0000,0.072617,"0.072617;0.072908;0.072586;0.072530;0.072805",10.403582,96120.74,,11.98,0,6980,10,True,nid004438,56980328
SparseHNSW_a0.6_b4,"M=32 efC=200 ef=10 alpha=0.6 beta=4 q=u8",64,0.8621919771,0.9302,253.8919,8.6731,0.0000,0.037412,"0.037573;0.037319;0.037418;0.037412;0.037403",5.359885,186571.15,,11.98,0,6980,10,True,nid004438,56980328
SparseHNSW_a0.6_b4,"M=32 efC=200 ef=20 alpha=0.6 beta=4 q=u8",64,0.8621919771,0.9302,253.8919,8.6731,0.0000,0.037352,"0.037481;0.037409;0.037352;0.037323;0.037293",5.351289,186870.85,,11.98,0,6980,10,True,nid004438,56980328
SparseHNSW_a0.6_b4,"M=32 efC=200 ef=25 alpha=0.6 beta=4 q=u8",64,0.8621919771,0.9302,253.8919,8.6731,0.0000,0.037285,"0.037130;0.037332;0.037508;0.037169;0.037285",5.341691,187206.65,,11.98,0,6980,10,True,nid004438,56980328
SparseHNSW_a0.6_b4,"M=32 efC=200 ef=30 alpha=0.6 beta=4 q=u8",64,0.8621919771,0.9302,253.8919,8.6731,0.0000,0.037289,"0.037289;0.037314;0.037463;0.037267;0.037216",5.342264,187186.57,,11.98,0,6980,10,True,nid004438,56980328
SparseHNSW_a0.6_b4,"M=32 efC=200 ef=35 alpha=0.6 beta=4 q=u8",64,0.8621919771,0.9302,253.8919,8.6731,0.0000,0.037176,"0.037130;0.037176;0.037236;0.037127;0.037436",5.326074,187755.54,,11.98,0,6980,10,True,nid004438,56980328
SparseHNSW_a0.6_b4,"M=32 efC=200 ef=40 alpha=0.6 beta=4 q=u8",64,0.8621919771,0.9302,253.8919,8.6731,0.0000,0.037309,"0.037113;0.037365;0.037313;0.037162;0.037309",5.345129,187086.23,,11.98,0,6980,10,True,nid004438,56980328
SparseHNSW_a0.6_b4,"M=32 efC=200 ef=50 alpha=0.6 beta=4 q=u8",64,0.8801719198,0.9455,253.8919,8.6731,0.0000,0.043604,"0.043542;0.043496;0.043756;0.043668;0.043604",6.246991,160077.06,,11.98,0,6980,10,True,nid004438,56980328
SparseHNSW_a0.6_b4,"M=32 efC=200 ef=60 alpha=0.6 beta=4 q=u8",64,0.8910458453,0.9551,253.8919,8.6731,0.0000,0.049774,"0.049774;0.049702;0.049909;0.049713;0.050172",7.130946,140233.86,,11.98,0,6980,10,True,nid004438,56980328
SparseHNSW_a0.6_b4,"M=32 efC=200 ef=75 alpha=0.6 beta=4 q=u8",64,0.9009025788,0.9631,253.8919,8.6731,0.0000,0.058793,"0.058663;0.059037;0.058518;0.058793;0.058804",8.423066,118721.62,,11.98,0,6980,10,True,nid004438,56980328
SparseHNSW_a0.6_b4,"M=32 efC=200 ef=100 alpha=0.6 beta=4 q=u8",64,0.9146275072,0.9740,253.8919,8.6731,0.0000,0.072996,"0.073191;0.073084;0.072996;0.072895;0.072881",10.457880,95621.68,,11.98,0,6980,10,True,nid004438,56980328
SparseHNSW_a0.6_b5,"M=32 efC=200 ef=10 alpha=0.6 beta=5 q=u8",64,0.8875214900,0.9455,253.8919,8.6731,0.0000,0.044220,"0.044167;0.043948;0.044305;0.044323;0.044220",6.335244,157847.13,,11.98,0,6980,10,True,nid004438,56980328
SparseHNSW_a0.6_b5,"M=32 efC=200 ef=20 alpha=0.6 beta=5 q=u8",64,0.8875214900,0.9455,253.8919,8.6731,0.0000,0.044056,"0.044043;0.044248;0.044056;0.043913;0.044161",6.311748,158434.72,,11.98,0,6980,10,True,nid004438,56980328
SparseHNSW_a0.6_b5,"M=32 efC=200 ef=25 alpha=0.6 beta=5 q=u8",64,0.8875214900,0.9455,253.8919,8.6731,0.0000,0.044008,"0.044278;0.043960;0.044042;0.044008;0.043866",6.304871,158607.53,,11.98,0,6980,10,True,nid004438,56980328
SparseHNSW_a0.6_b5,"M=32 efC=200 ef=30 alpha=0.6 beta=5 q=u8",64,0.8875214900,0.9455,253.8919,8.6731,0.0000,0.043948,"0.043939;0.043948;0.044101;0.043916;0.044417",6.296275,158824.06,,11.98,0,6980,10,True,nid004438,56980328
SparseHNSW_a0.6_b5,"M=32 efC=200 ef=35 alpha=0.6 beta=5 q=u8",64,0.8875214900,0.9455,253.8919,8.6731,0.0000,0.044000,"0.044246;0.043913;0.044136;0.044000;0.043873",6.303725,158636.36,,11.98,0,6980,10,True,nid004438,56980328
SparseHNSW_a0.6_b5,"M=32 efC=200 ef=40 alpha=0.6 beta=5 q=u8",64,0.8875214900,0.9455,253.8919,8.6731,0.0000,0.044089,"0.044256;0.044390;0.043761;0.043999;0.044089",6.316476,158316.13,,11.98,0,6980,10,True,nid004438,56980328
SparseHNSW_a0.6_b5,"M=32 efC=200 ef=50 alpha=0.6 beta=5 q=u8",64,0.8875214900,0.9455,253.8919,8.6731,0.0000,0.044089,"0.044089;0.044045;0.043891;0.044266;0.044249",6.316476,158316.13,,11.98,0,6980,10,True,nid004438,56980328
SparseHNSW_a0.6_b5,"M=32 efC=200 ef=60 alpha=0.6 beta=5 q=u8",64,0.8985530086,0.9551,253.8919,8.6731,0.0000,0.050241,"0.050243;0.050241;0.050124;0.050062;0.050349",7.197851,138930.36,,11.98,0,6980,10,True,nid004438,56980328
SparseHNSW_a0.6_b5,"M=32 efC=200 ef=75 alpha=0.6 beta=5 q=u8",64,0.9086819484,0.9631,253.8919,8.6731,0.0000,0.058998,"0.058998;0.058933;0.059005;0.058808;0.059134",8.452436,118309.10,,11.98,0,6980,10,True,nid004438,56980328
SparseHNSW_a0.6_b5,"M=32 efC=200 ef=100 alpha=0.6 beta=5 q=u8",64,0.9224928367,0.9740,253.8919,8.6731,0.0000,0.073188,"0.073188;0.073384;0.072984;0.073261;0.073138",10.485387,95370.83,,11.98,0,6980,10,True,nid004438,56980328
SparseHNSW_a0.65_b1,"M=32 efC=200 ef=10 alpha=0.65 beta=1 q=u8",64,0.6079799427,0.4911,279.4744,2.7986,0.0000,0.013864,"0.014033;0.014145;0.013864;0.013674;0.013659",1.986246,503462.20,,12.10,0,6980,10,True,nid004438,56980328
SparseHNSW_a0.65_b1,"M=32 efC=200 ef=20 alpha=0.65 beta=1 q=u8",64,0.6801146132,0.5623,279.4744,2.7986,0.0000,0.021461,"0.021749;0.021686;0.021461;0.021392;0.021345",3.074642,325241.14,,12.10,0,6980,10,True,nid004438,56980328
SparseHNSW_a0.65_b1,"M=32 efC=200 ef=25 alpha=0.65 beta=1 q=u8",64,0.6954441261,0.5755,279.4744,2.7986,0.0000,0.024836,"0.025002;0.024885;0.024820;0.024836;0.024782",3.558166,281043.65,,12.10,0,6980,10,True,nid004438,56980328
SparseHNSW_a0.65_b1,"M=32 efC=200 ef=30 alpha=0.65 beta=1 q=u8",64,0.7102722063,0.5884,279.4744,2.7986,0.0000,0.028425,"0.028425;0.028421;0.028427;0.028493;0.028316",4.072350,245558.49,,12.10,0,6980,10,True,nid004438,56980328
SparseHNSW_a0.65_b1,"M=32 efC=200 ef=35 alpha=0.65 beta=1 q=u8",64,0.7205587393,0.5980,279.4744,2.7986,0.0000,0.031848,"0.031848;0.032023;0.031817;0.031855;0.031723",4.562751,219166.04,,12.10,0,6980,10,True,nid004438,56980328
SparseHNSW_a0.65_b1,"M=32 efC=200 ef=40 alpha=0.65 beta=1 q=u8",64,0.7287106017,0.6041,279.4744,2.7986,0.0000,0.035190,"0.035137;0.035188;0.035201;0.035190;0.035217",5.041547,198351.80,,12.10,0,6980,10,True,nid004438,56980328
SparseHNSW_a0.65_b1,"M=32 efC=200 ef=50 alpha=0.65 beta=1 q=u8",64,0.7401575931,0.6148,279.4744,2.7986,0.0000,0.041602,"0.041490;0.041790;0.041575;0.041602;0.041623",5.960172,167780.40,,12.10,0,6980,10,True,nid004438,56980328
SparseHNSW_a0.65_b1,"M=32 efC=200 ef=60 alpha=0.65 beta=1 q=u8",64,0.7473352436,0.6222,279.4744,2.7986,0.0000,0.047511,"0.047536;0.047589;0.047491;0.047497;0.047511",6.806734,146913.35,,12.10,0,6980,10,True,nid004438,56980328
SparseHNSW_a0.65_b1,"M=32 efC=200 ef=75 alpha=0.65 beta=1 q=u8",64,0.7546131805,0.6300,279.4744,2.7986,0.0000,0.056099,"0.055928;0.056165;0.056099;0.056070;0.056128",8.037106,124422.90,,12.10,0,6980,10,True,nid004438,56980328
SparseHNSW_a0.65_b1,"M=32 efC=200 ef=100 alpha=0.65 beta=1 q=u8",64,0.7639971347,0.6379,279.4744,2.7986,0.0000,0.069941,"0.070052;0.069825;0.069911;0.069941;0.070065",10.020201,99798.40,,12.10,0,6980,10,True,nid004438,56980328
SparseHNSW_a0.65_b2,"M=32 efC=200 ef=10 alpha=0.65 beta=2 q=u8",64,0.7874355301,0.8871,279.4744,2.7986,0.0000,0.022566,"0.022949;0.022695;0.022566;0.022446;0.022402",3.232951,309314.90,,12.11,0,6980,10,True,nid004438,56980328
SparseHNSW_a0.65_b2,"M=32 efC=200 ef=20 alpha=0.65 beta=2 q=u8",64,0.7874355301,0.8871,279.4744,2.7986,0.0000,0.022202,"0.022250;0.022202;0.022224;0.022185;0.022174",3.180802,314386.09,,12.11,0,6980,10,True,nid004438,56980328
SparseHNSW_a0.65_b2,"M=32 efC=200 ef=25 alpha=0.65 beta=2 q=u8",64,0.8068624642,0.9026,279.4744,2.7986,0.0000,0.025785,"0.025796;0.025785;0.025779;0.025810;0.025745",3.694126,270700.02,,12.11,0,6980,10,True,nid004438,56980328
SparseHNSW_a0.65_b2,"M=32 efC=200 ef=30 alpha=0.65 beta=2 q=u8",64,0.8250573066,0.9188,279.4744,2.7986,0.0000,0.029296,"0.029345;0.029306;0.029284;0.029211;0.029296",4.197135,238257.78,,12.11,0,6980,10,True,nid004438,56980328
SparseHNSW_a0.65_b2,"M=32 efC=200 ef=35 alpha=0.65 beta=2 q=u8",64,0.8373352436,0.9298,279.4744,2.7986,0.0000,0.032636,"0.032687;0.032638;0.032590;0.032636;0.032582",4.675645,213874.25,,12.11,0,6980,10,True,nid004438,56980328
SparseHNSW_a0.65_b2,"M=32 efC=200 ef=40 alpha=0.65 beta=2 q=u8",64,0.8472492837,0.9377,279.4744,2.7986,0.0000,0.035930,"0.035866;0.035890;0.035930;0.035956;0.035955",5.147564,194266.63,,12.11,0,6980,10,True,nid004438,56980328
SparseHNSW_a0.65_b2,"M=32 efC=200 ef=50 alpha=0.65 beta=2 q=u8",64,0.8609169054,0.9490,279.4744,2.7986,0.0000,0.042158,"0.042082;0.042146;0.042169;0.042261;0.042158",6.039828,165567.63,,12.11,0,6980,10,True,nid004438,56980328
SparseHNSW_a0.65_b2,"M=32 efC=200 ef=60 alpha=0.65 beta=2 q=u8",64,0.8696275072,0.9564,279.4744,2.7986,0.0000,0.048220,"0.048220;0.048280;0.048124;0.048177;0.048388",6.908309,144753.21,,12.11,0,6980,10,True,nid004438,56980328
SparseHNSW_a0.65_b2,"M=32 efC=200 ef=75 alpha=0.65 beta=2 q=u8",64,0.8779942693,0.9635,279.4744,2.7986,0.0000,0.056530,"0.056404;0.056605;0.056560;0.056530;0.056465",8.098854,123474.26,,12.11,0,6980,10,True,nid004438,56980328
SparseHNSW_a0.65_b2,"M=32 efC=200 ef=100 alpha=0.65 beta=2 q=u8",64,0.8892836676,0.9741,279.4744,2.7986,0.0000,0.070505,"0.070358;0.070509;0.070612;0.070323;0.070505",10.101003,99000.07,,12.11,0,6980,10,True,nid004438,56980328
SparseHNSW_a0.65_b3,"M=32 efC=200 ef=10 alpha=0.65 beta=3 q=u8",64,0.8472349570,0.9191,279.4744,2.7986,0.0000,0.030013,"0.030345;0.030007;0.030069;0.029904;0.030013",4.299857,232565.89,,12.11,0,6980,10,True,nid004438,56980328
SparseHNSW_a0.65_b3,"M=32 efC=200 ef=20 alpha=0.65 beta=3 q=u8",64,0.8472349570,0.9191,279.4744,2.7986,0.0000,0.029758,"0.029758;0.029831;0.029803;0.029731;0.029757",4.263324,234558.77,,12.11,0,6980,10,True,nid004438,56980328
SparseHNSW_a0.65_b3,"M=32 efC=200 ef=25 alpha=0.65 beta=3 q=u8",64,0.8472349570,0.9191,279.4744,2.7986,0.0000,0.029647,"0.029826;0.029718;0.029647;0.029558;0.029614",4.247421,235436.98,,12.11,0,6980,10,True,nid004438,56980328
SparseHNSW_a0.65_b3,"M=32 efC=200 ef=30 alpha=0.65 beta=3 q=u8",64,0.8472349570,0.9191,279.4744,2.7986,0.0000,0.029589,"0.029535;0.029573;0.029625;0.029589;0.029775",4.239112,235898.48,,12.11,0,6980,10,True,nid004438,56980328
SparseHNSW_a0.65_b3,"M=32 efC=200 ef=35 alpha=0.65 beta=3 q=u8",64,0.8601289398,0.9302,279.4744,2.7986,0.0000,0.033093,"0.033047;0.033145;0.033093;0.033142;0.033029",4.741117,210920.74,,12.11,0,6980,10,True,nid004438,56980328
SparseHNSW_a0.65_b3,"M=32 efC=200 ef=40 alpha=0.65 beta=3 q=u8",64,0.8709025788,0.9381,279.4744,2.7986,0.0000,0.036284,"0.036435;0.036289;0.036284;0.036278;0.036213",5.198281,192371.29,,12.11,0,6980,10,True,nid004438,56980328
SparseHNSW_a0.65_b3,"M=32 efC=200 ef=50 alpha=0.65 beta=3 q=u8",64,0.8857163324,0.9493,279.4744,2.7986,0.0000,0.042582,"0.042591;0.042582;0.042435;0.042627;0.042495",6.100573,163919.03,,12.11,0,6980,10,True,nid004438,56980328
SparseHNSW_a0.65_b3,"M=32 efC=200 ef=60 alpha=0.65 beta=3 q=u8",64,0.8950429799,0.9566,279.4744,2.7986,0.0000,0.048505,"0.048532;0.048463;0.048505;0.048639;0.048280",6.949140,143902.69,,12.11,0,6980,10,True,nid004438,56980328
SparseHNSW_a0.65_b3,"M=32 efC=200 ef=75 alpha=0.65 beta=3 q=u8",64,0.9038681948,0.9635,279.4744,2.7986,0.0000,0.056768,"0.056768;0.056765;0.056887;0.056829;0.056606",8.132951,122956.60,,12.11,0,6980,10,True,nid004438,56980328
SparseHNSW_a0.65_b3,"M=32 efC=200 ef=100 alpha=0.65 beta=3 q=u8",64,0.9157736390,0.9741,279.4744,2.7986,0.0000,0.070577,"0.070675;0.070577;0.070538;0.070319;0.070854",10.111318,98899.07,,12.11,0,6980,10,True,nid004438,56980328
SparseHNSW_a0.65_b4,"M=32 efC=200 ef=10 alpha=0.65 beta=4 q=u8",64,0.8801146132,0.9381,279.4744,2.7986,0.0000,0.036848,"0.036853;0.036852;0.036742;0.036848;0.036648",5.279083,189426.83,,12.11,0,6980,10,True,nid004438,56980328
SparseHNSW_a0.65_b4,"M=32 efC=200 ef=20 alpha=0.65 beta=4 q=u8",64,0.8801146132,0.9381,279.4744,2.7986,0.0000,0.036576,"0.036704;0.036554;0.036576;0.036734;0.036443",5.240115,190835.52,,12.11,0,6980,10,True,nid004438,56980328
SparseHNSW_a0.65_b4,"M=32 efC=200 ef=25 alpha=0.65 beta=4 q=u8",64,0.8801146132,0.9381,279.4744,2.7986,0.0000,0.036610,"0.036570;0.036619;0.036635;0.036610;0.036553",5.244986,190658.29,,12.11,0,6980,10,True,nid004438,56980328
SparseHNSW_a0.65_b4,"M=32 efC=200 ef=30 alpha=0.65 beta=4 q=u8",64,0.8801146132,0.9381,279.4744,2.7986,0.0000,0.036692,"0.036692;0.036692;0.036845;0.036605;0.036549",5.256734,190232.20,,12.11,0,6980,10,True,nid004438,56980328
SparseHNSW_a0.65_b4,"M=32 efC=200 ef=35 alpha=0.65 beta=4 q=u8",64,0.8801146132,0.9381,279.4744,2.7986,0.0000,0.036575,"0.036583;0.036539;0.036444;0.036575;0.036627",5.239971,190840.74,,12.11,0,6980,10,True,nid004438,56980328
SparseHNSW_a0.65_b4,"M=32 efC=200 ef=40 alpha=0.65 beta=4 q=u8",64,0.8801146132,0.9381,279.4744,2.7986,0.0000,0.036663,"0.036677;0.036532;0.036663;0.036490;0.036856",5.252579,190382.67,,12.11,0,6980,10,True,nid004438,56980328
SparseHNSW_a0.65_b4,"M=32 efC=200 ef=50 alpha=0.65 beta=4 q=u8",64,0.8951432665,0.9493,279.4744,2.7986,0.0000,0.042874,"0.042647;0.042874;0.042884;0.042735;0.042886",6.142407,162802.63,,12.11,0,6980,10,True,nid004438,56980328
SparseHNSW_a0.65_b4,"M=32 efC=200 ef=60 alpha=0.65 beta=4 q=u8",64,0.9046991404,0.9567,279.4744,2.7986,0.0000,0.048689,"0.048689;0.048610;0.048767;0.048613;0.048715",6.975501,143358.87,,12.11,0,6980,10,True,nid004438,56980328
SparseHNSW_a0.65_b4,"M=32 efC=200 ef=75 alpha=0.65 beta=4 q=u8",64,0.9137249284,0.9636,279.4744,2.7986,0.0000,0.056963,"0.056708;0.056963;0.056983;0.057154;0.056956",8.160888,122535.68,,12.11,0,6980,10,True,nid004438,56980328
SparseHNSW_a0.65_b4,"M=32 efC=200 ef=100 alpha=0.65 beta=4 q=u8",64,0.9258309456,0.9742,279.4744,2.7986,0.0000,0.070789,"0.070636;0.071019;0.070789;0.070757;0.070839",10.141691,98602.89,,12.11,0,6980,10,True,nid004438,56980328
SparseHNSW_a0.65_b5,"M=32 efC=200 ef=10 alpha=0.65 beta=5 q=u8",64,0.8997707736,0.9493,279.4744,2.7986,0.0000,0.043300,"0.043435;0.043300;0.043336;0.043048;0.043085",6.203438,161200.92,,12.11,0,6980,10,True,nid004438,56980328
SparseHNSW_a0.65_b5,"M=32 efC=200 ef=20 alpha=0.65 beta=5 q=u8",64,0.8997707736,0.9493,279.4744,2.7986,0.0000,0.043408,"0.043450;0.043169;0.043408;0.042878;0.043421",6.218911,160799.85,,12.11,0,6980,10,True,nid004438,56980328
SparseHNSW_a0.65_b5,"M=32 efC=200 ef=25 alpha=0.65 beta=5 q=u8",64,0.8997707736,0.9493,279.4744,2.7986,0.0000,0.043348,"0.042882;0.043559;0.043404;0.043318;0.043348",6.210315,161022.42,,12.11,0,6980,10,True,nid004438,56980328
SparseHNSW_a0.65_b5,"M=32 efC=200 ef=30 alpha=0.65 beta=5 q=u8",64,0.8997707736,0.9493,279.4744,2.7986,0.0000,0.043112,"0.043112;0.043170;0.043321;0.043015;0.043068",6.176504,161903.88,,12.11,0,6980,10,True,nid004438,56980328
SparseHNSW_a0.65_b5,"M=32 efC=200 ef=35 alpha=0.65 beta=5 q=u8",64,0.8997707736,0.9493,279.4744,2.7986,0.0000,0.043127,"0.043127;0.043188;0.043217;0.043032;0.043053",6.178653,161847.57,,12.11,0,6980,10,True,nid004438,56980328
SparseHNSW_a0.65_b5,"M=32 efC=200 ef=40 alpha=0.65 beta=5 q=u8",64,0.8997707736,0.9493,279.4744,2.7986,0.0000,0.043056,"0.042952;0.042828;0.043108;0.043125;0.043056",6.168481,162114.46,,12.11,0,6980,10,True,nid004438,56980328
SparseHNSW_a0.65_b5,"M=32 efC=200 ef=50 alpha=0.65 beta=5 q=u8",64,0.8997707736,0.9493,279.4744,2.7986,0.0000,0.043133,"0.043179;0.043060;0.043226;0.043133;0.042944",6.179513,161825.05,,12.11,0,6980,10,True,nid004438,56980328
SparseHNSW_a0.65_b5,"M=32 efC=200 ef=60 alpha=0.65 beta=5 q=u8",64,0.9094126074,0.9567,279.4744,2.7986,0.0000,0.048993,"0.048866;0.049007;0.048993;0.049020;0.048850",7.019054,142469.33,,12.11,0,6980,10,True,nid004438,56980328
SparseHNSW_a0.65_b5,"M=32 efC=200 ef=75 alpha=0.65 beta=5 q=u8",64,0.9185530086,0.9636,279.4744,2.7986,0.0000,0.057345,"0.057302;0.057345;0.057495;0.057181;0.057413",8.215616,121719.42,,12.11,0,6980,10,True,nid004438,56980328
SparseHNSW_a0.65_b5,"M=32 efC=200 ef=100 alpha=0.65 beta=5 q=u8",64,0.9309169054,0.9742,279.4744,2.7986,0.0000,0.071077,"0.070837;0.070968;0.071187;0.071077;0.071099",10.182951,98203.36,,12.11,0,6980,10,True,nid004438,56980328
SparseHNSW_a0.7_b1,"M=32 efC=200 ef=10 alpha=0.7 beta=1 q=u8",64,0.6362320917,0.5083,308.3737,2.2399,0.0000,0.013543,"0.013462;0.013747;0.013670;0.013504;0.013543",1.940258,515395.41,,12.23,0,6980,10,True,nid004438,56980328
SparseHNSW_a0.7_b1,"M=32 efC=200 ef=20 alpha=0.7 beta=1 q=u8",64,0.7051575931,0.5752,308.3737,2.2399,0.0000,0.021046,"0.021256;0.021169;0.020990;0.021046;0.020961",3.015186,331654.47,,12.23,0,6980,10,True,nid004438,56980328
SparseHNSW_a0.7_b1,"M=32 efC=200 ef=25 alpha=0.7 beta=1 q=u8",64,0.7235386819,0.5922,308.3737,2.2399,0.0000,0.024293,"0.024386;0.024293;0.024334;0.024249;0.024249",3.480372,287325.57,,12.23,0,6980,10,True,nid004438,56980328
SparseHNSW_a0.7_b1,"M=32 efC=200 ef=30 alpha=0.7 beta=1 q=u8",64,0.7364469914,0.6027,308.3737,2.2399,0.0000,0.027767,"0.027815;0.027732;0.027743;0.027767;0.027770",3.978080,251377.53,,12.23,0,6980,10,True,nid004438,56980328
SparseHNSW_a0.7_b1,"M=32 efC=200 ef=35 alpha=0.7 beta=1 q=u8",64,0.7469340974,0.6125,308.3737,2.2399,0.0000,0.031053,"0.030923;0.031053;0.031023;0.031134;0.031132",4.448854,224776.99,,12.23,0,6980,10,True,nid004438,56980328
SparseHNSW_a0.7_b1,"M=32 efC=200 ef=40 alpha=0.7 beta=1 q=u8",64,0.7548280802,0.6194,308.3737,2.2399,0.0000,0.034304,"0.034304;0.034396;0.034259;0.034240;0.034324",4.914613,203474.81,,12.23,0,6980,10,True,nid004438,56980328
SparseHNSW_a0.7_b1,"M=32 efC=200 ef=50 alpha=0.7 beta=1 q=u8",64,0.7659169054,0.6285,308.3737,2.2399,0.0000,0.040390,"0.040432;0.040365;0.040305;0.040390;0.040452",5.786533,172815.05,,12.23,0,6980,10,True,nid004438,56980328
SparseHNSW_a0.7_b1,"M=32 efC=200 ef=60 alpha=0.7 beta=1 q=u8",64,0.7745988539,0.6365,308.3737,2.2399,0.0000,0.046298,"0.046298;0.046106;0.046286;0.046301;0.046419",6.632951,150762.45,,12.23,0,6980,10,True,nid004438,56980328
SparseHNSW_a0.7_b1,"M=32 efC=200 ef=75 alpha=0.7 beta=1 q=u8",64,0.7832521490,0.6436,308.3737,2.2399,0.0000,0.054578,"0.054510;0.054578;0.054798;0.054516;0.054695",7.819198,127890.36,,12.23,0,6980,10,True,nid004438,56980328
SparseHNSW_a0.7_b1,"M=32 efC=200 ef=100 alpha=0.7 beta=1 q=u8",64,0.7911318052,0.6509,308.3737,2.2399,0.0000,0.067956,"0.068202;0.067761;0.068024;0.067846;0.067956",9.735817,102713.52,,12.23,0,6980,10,True,nid004438,56980328
SparseHNSW_a0.7_b2,"M=32 efC=200 ef=10 alpha=0.7 beta=2 q=u8",64,0.8012320917,0.8881,308.3737,2.2399,0.0000,0.022099,"0.022255;0.022273;0.022099;0.021960;0.021861",3.166046,315851.40,,12.23,0,6980,10,True,nid004438,56980328
SparseHNSW_a0.7_b2,"M=32 efC=200 ef=20 alpha=0.7 beta=2 q=u8",64,0.8012320917,0.8881,308.3737,2.2399,0.0000,0.021645,"0.021736;0.021828;0.021624;0.021645;0.021608",3.101003,322476.32,,12.23,0,6980,10,True,nid004438,56980328
SparseHNSW_a0.7_b2,"M=32 efC=200 ef=25 alpha=0.7 beta=2 q=u8",64,0.8242550143,0.9056,308.3737,2.2399,0.0000,0.025162,"0.025156;0.025162;0.025198;0.025161;0.025273",3.604871,277402.43,,12.23,0,6980,10,True,nid004438,56980328
SparseHNSW_a0.7_b2,"M=32 efC=200 ef=30 alpha=0.7 beta=2 q=u8",64,0.8404871060,0.9188,308.3737,2.2399,0.0000,0.028548,"0.028512;0.028517;0.028696;0.028637;0.028548",4.089971,244500.49,,12.23,0,6980,10,True,nid004438,56980328
SparseHNSW_a0.7_b2,"M=32 efC=200 ef=35 alpha=0.7 beta=2 q=u8",64,0.8531661891,0.9292,308.3737,2.2399,0.0000,0.031906,"0.031906;0.031929;0.031834;0.031865;0.031929",4.571060,218767.63,,12.23,0,6980,10,True,nid004438,56980328
SparseHNSW_a0.7_b2,"M=32 efC=200 ef=40 alpha=0.7 beta=2 q=u8",64,0.8627220630,0.9375,308.3737,2.2399,0.0000,0.034998,"0.034993;0.034998;0.035010;0.035011;0.034787",5.014040,199439.97,,12.23,0,6980,10,True,nid004438,56980328
SparseHNSW_a0.7_b2,"M=32 efC=200 ef=50 alpha=0.7 beta=2 q=u8",64,0.8760601719,0.9484,308.3737,2.2399,0.0000,0.041067,"0.041037;0.041281;0.041027;0.041191;0.041067",5.883524,169966.15,,12.23,0,6980,10,True,nid004438,56980328
SparseHNSW_a0.7_b2,"M=32 efC=200 ef=60 alpha=0.7 beta=2 q=u8",64,0.8862750716,0.9573,308.3737,2.2399,0.0000,0.046916,"0.046831;0.046979;0.046800;0.046972;0.046916",6.721490,148776.54,,12.23,0,6980,10,True,nid004438,56980328
SparseHNSW_a0.7_b2,"M=32 efC=200 ef=75 alpha=0.7 beta=2 q=u8",64,0.8965042980,0.9645,308.3737,2.2399,0.0000,0.055297,"0.055291;0.055656;0.055297;0.055366;0.055062",7.922206,126227.46,,12.23,0,6980,10,True,nid004438,56980328
SparseHNSW_a0.7_b2,"M=32 efC=200 ef=100 alpha=0.7 beta=2 q=u8",64,0.9059885387,0.9718,308.3737,2.2399,0.0000,0.068577,"0.068577;0.068706;0.068591;0.068203;0.068514",9.824785,101783.40,,12.23,0,6980,10,True,nid004438,56980328
SparseHNSW_a0.7_b3,"M=32 efC=200 ef=10 alpha=0.7 beta=3 q=u8",64,0.8570200573,0.9188,308.3737,2.2399,0.0000,0.029299,"0.029374;0.029357;0.029236;0.029125;0.029299",4.197564,238233.39,,12.23,0,6980,10,True,nid004438,56980328
SparseHNSW_a0.7_b3,"M=32 efC=200 ef=20 alpha=0.7 beta=3 q=u8",64,0.8570200573,0.9188,308.3737,2.2399,0.0000,0.029009,"0.028985;0.029113;0.029009;0.029004;0.029091",4.156017,240614.98,,12.23,0,6980,10,True,nid004438,56980328
SparseHNSW_a0.7_b3,"M=32 efC=200 ef=25 alpha=0.7 beta=3 q=u8",64,0.8570200573,0.9188,308.3737,2.2399,0.0000,0.028913,"0.028854;0.028913;0.029078;0.028976;0.028901",4.142264,241413.90,,12.23,0,6980,10,True,nid004438,56980328
SparseHNSW_a0.7_b3,"M=32 efC=200 ef=30 alpha=0.7 beta=3 q=u8",64,0.8570200573,0.9188,308.3737,2.2399,0.0000,0.028939,"0.028806;0.029022;0.028939;0.028846;0.028956",4.145989,241197.00,,12.23,0,6980,10,True,nid004438,56980328
SparseHNSW_a0.7_b3,"M=32 efC=200 ef=35 alpha=0.7 beta=3 q=u8",64,0.8702005731,0.9292,308.3737,2.2399,0.0000,0.032273,"0.032282;0.032273;0.032135;0.032349;0.032180",4.623639,216279.86,,12.23,0,6980,10,True,nid004438,56980328
SparseHNSW_a0.7_b3,"M=32 efC=200 ef=40 alpha=0.7 beta=3 q=u8",64,0.8801146132,0.9375,308.3737,2.2399,0.0000,0.035498,"0.035263;0.035498;0.035306;0.035592;0.035607",5.085673,196630.80,,12.23,0,6980,10,True,nid004438,56980328
SparseHNSW_a0.7_b3,"M=32 efC=200 ef=50 alpha=0.7 beta=3 q=u8",64,0.8937392550,0.9484,308.3737,2.2399,0.0000,0.041344,"0.041145;0.041606;0.041344;0.041319;0.041648",5.923209,168827.40,,12.23,0,6980,10,True,nid004438,56980328
SparseHNSW_a0.7_b3,"M=32 efC=200 ef=60 alpha=0.7 beta=3 q=u8",64,0.9045272206,0.9573,308.3737,2.2399,0.0000,0.047238,"0.047526;0.047238;0.047497;0.047125;0.047115",6.767622,147762.39,,12.23,0,6980,10,True,nid004438,56980328
SparseHNSW_a0.7_b3,"M=32 efC=200 ef=75 alpha=0.7 beta=3 q=u8",64,0.9152148997,0.9645,308.3737,2.2399,0.0000,0.055520,"0.055536;0.055145;0.055594;0.055520;0.055491",7.954155,125720.46,,12.23,0,6980,10,True,nid004438,56980328
SparseHNSW_a0.7_b3,"M=32 efC=200 ef=100 alpha=0.7 beta=3 q=u8",64,0.9252292264,0.9718,308.3737,2.2399,0.0000,0.068878,"0.069136;0.068618;0.068816;0.068878;0.069099",9.867908,101338.60,,12.23,0,6980,10,True,nid004438,56980328
SparseHNSW_a0.7_b4,"M=32 efC=200 ef=10 alpha=0.7 beta=4 q=u8",64,0.8856160458,0.9377,308.3737,2.2399,0.0000,0.035863,"0.035919;0.035750;0.035985;0.035737;0.035863",5.137966,194629.56,,12.23,0,6980,10,True,nid004438,56980328
SparseHNSW_a0.7_b4,"M=32 efC=200 ef=20 alpha=0.7 beta=4 q=u8",64,0.8856160458,0.9377,308.3737,2.2399,0.0000,0.035761,"0.035764;0.035805;0.035609;0.035663;0.035761",5.123352,195184.70,,12.23,0,6980,10,True,nid004438,56980328
SparseHNSW_a0.7_b4,"M=32 efC=200 ef=25 alpha=0.7 beta=4 q=u8",64,0.8856160458,0.9377,308.3737,2.2399,0.0000,0.035877,"0.035491;0.035877;0.035931;0.035901;0.035617",5.139971,194553.61,,12.23,0,6980,10,True,nid004438,56980328
SparseHNSW_a0.7_b4,"M=32 efC=200 ef=30 alpha=0.7 beta=4 q=u8",64,0.8856160458,0.9377,308.3737,2.2399,0.0000,0.035713,"0.035713;0.035648;0.035757;0.035431;0.035951",5.116476,195447.04,,12.23,0,6980,10,True,nid004438,56980328
SparseHNSW_a0.7_b4,"M=32 efC=200 ef=35 alpha=0.7 beta=4 q=u8",64,0.8856160458,0.9377,308.3737,2.2399,0.0000,0.035722,"0.035722;0.035708;0.035625;0.035870;0.035814",5.117765,195397.79,,12.23,0,6980,10,True,nid004438,56980328
SparseHNSW_a0.7_b4,"M=32 efC=200 ef=40 alpha=0.7 beta=4 q=u8",64,0.8856160458,0.9377,308.3737,2.2399,0.0000,0.035723,"0.035662;0.035723;0.035741;0.035871;0.035590",5.117908,195392.32,,12.23,0,6980,10,True,nid004438,56980328
SparseHNSW_a0.7_b4,"M=32 efC=200 ef=50 alpha=0.7 beta=4 q=u8",64,0.8995988539,0.9484,308.3737,2.2399,0.0000,0.041716,"0.041650;0.041718;0.041568;0.041716;0.041850",5.976504,167321.89,,12.23,0,6980,10,True,nid004438,56980328
SparseHNSW_a0.7_b4,"M=32 efC=200 ef=60 alpha=0.7 beta=4 q=u8",64,0.9104297994,0.9573,308.3737,2.2399,0.0000,0.047439,"0.047493;0.047439;0.047393;0.047150;0.047738",6.796418,147136.32,,12.23,0,6980,10,True,nid004438,56980328
SparseHNSW_a0.7_b4,"M=32 efC=200 ef=75 alpha=0.7 beta=4 q=u8",64,0.9213467049,0.9645,308.3737,2.2399,0.0000,0.055698,"0.055573;0.056004;0.056023;0.055698;0.055496",7.979656,125318.68,,12.23,0,6980,10,True,nid004438,56980328
SparseHNSW_a0.7_b4,"M=32 efC=200 ef=100 alpha=0.7 beta=4 q=u8",64,0.9316045845,0.9718,308.3737,2.2399,0.0000,0.069061,"0.069061;0.069258;0.069213;0.068874;0.068728",9.894126,101070.07,,12.23,0,6980,10,True,nid004438,56980328
SparseHNSW_a0.7_b5,"M=32 efC=200 ef=10 alpha=0.7 beta=5 q=u8",64,0.9017191977,0.9486,308.3737,2.2399,0.0000,0.041961,"0.041796;0.042341;0.041961;0.042201;0.041934",6.011605,166344.94,,12.23,0,6980,10,True,nid004438,56980328
SparseHNSW_a0.7_b5,"M=32 efC=200 ef=20 alpha=0.7 beta=5 q=u8",64,0.9017191977,0.9486,308.3737,2.2399,0.0000,0.042007,"0.041963;0.042007;0.042032;0.041862;0.042181",6.018195,166162.78,,12.23,0,6980,10,True,nid004438,56980328
SparseHNSW_a0.7_b5,"M=32 efC=200 ef=25 alpha=0.7 beta=5 q=u8",64,0.9017191977,0.9486,308.3737,2.2399,0.0000,0.041874,"0.041685;0.041874;0.041918;0.041799;0.042160",5.999140,166690.55,,12.23,0,6980,10,True,nid004438,56980328
SparseHNSW_a0.7_b5,"M=32 efC=200 ef=30 alpha=0.7 beta=5 q=u8",64,0.9017191977,0.9486,308.3737,2.2399,0.0000,0.041949,"0.042180;0.041796;0.042194;0.041811;0.041949",6.009885,166392.52,,12.23,0,6980,10,True,nid004438,56980328
SparseHNSW_a0.7_b5,"M=32 efC=200 ef=35 alpha=0.7 beta=5 q=u8",64,0.9017191977,0.9486,308.3737,2.2399,0.0000,0.041992,"0.041992;0.041919;0.042231;0.042203;0.041907",6.016046,166222.14,,12.23,0,6980,10,True,nid004438,56980328
SparseHNSW_a0.7_b5,"M=32 efC=200 ef=40 alpha=0.7 beta=5 q=u8",64,0.9017191977,0.9486,308.3737,2.2399,0.0000,0.042013,"0.042039;0.042013;0.041682;0.041787;0.042106",6.019054,166139.05,,12.23,0,6980,10,True,nid004438,56980328
SparseHNSW_a0.7_b5,"M=32 efC=200 ef=50 alpha=0.7 beta=5 q=u8",64,0.9017191977,0.9486,308.3737,2.2399,0.0000,0.041933,"0.041857;0.041598;0.042239;0.041933;0.042056",6.007593,166456.01,,12.23,0,6980,10,True,nid004438,56980328
SparseHNSW_a0.7_b5,"M=32 efC=200 ef=60 alpha=0.7 beta=5 q=u8",64,0.9126934097,0.9574,308.3737,2.2399,0.0000,0.047818,"0.047872;0.047721;0.047705;0.047818;0.047948",6.850716,145970.14,,12.23,0,6980,10,True,nid004438,56980328
SparseHNSW_a0.7_b5,"M=32 efC=200 ef=75 alpha=0.7 beta=5 q=u8",64,0.9236819484,0.9645,308.3737,2.2399,0.0000,0.056018,"0.055684;0.056441;0.055766;0.056018;0.056043",8.025501,124602.81,,12.23,0,6980,10,True,nid004438,56980328
SparseHNSW_a0.7_b5,"M=32 efC=200 ef=100 alpha=0.7 beta=5 q=u8",64,0.9340687679,0.9718,308.3737,2.2399,0.0000,0.069088,"0.068819;0.069465;0.069088;0.069239;0.069062",9.897994,101030.57,,12.23,0,6980,10,True,nid004438,56980328
SparseHNSW_a0.725_b1,"M=32 efC=200 ef=10 alpha=0.725 beta=1 q=u8",64,0.6444126074,0.5096,324.4840,2.2828,0.0000,0.013387,"0.013232;0.013594;0.013549;0.013352;0.013387",1.917908,521401.36,,12.29,0,6980,10,True,nid004438,56980328
SparseHNSW_a0.725_b1,"M=32 efC=200 ef=20 alpha=0.725 beta=1 q=u8",64,0.7175501433,0.5790,324.4840,2.2828,0.0000,0.020946,"0.021228;0.021018;0.020946;0.020883;0.020840",3.000860,333237.85,,12.29,0,6980,10,True,nid004438,56980328
SparseHNSW_a0.725_b1,"M=32 efC=200 ef=25 alpha=0.725 beta=1 q=u8",64,0.7375644699,0.5965,324.4840,2.2828,0.0000,0.024153,"0.024312;0.024235;0.024095;0.024153;0.024080",3.460315,288991.02,,12.29,0,6980,10,True,nid004438,56980328
SparseHNSW_a0.725_b1,"M=32 efC=200 ef=30 alpha=0.725 beta=1 q=u8",64,0.7486246418,0.6069,324.4840,2.2828,0.0000,0.027485,"0.027485;0.027490;0.027487;0.027299;0.027357",3.937679,253956.70,,12.29,0,6980,10,True,nid004438,56980328
SparseHNSW_a0.725_b1,"M=32 efC=200 ef=35 alpha=0.725 beta=1 q=u8",64,0.7585959885,0.6155,324.4840,2.2828,0.0000,0.030648,"0.030624;0.030701;0.030648;0.030586;0.030735",4.390831,227747.32,,12.29,0,6980,10,True,nid004438,56980328
SparseHNSW_a0.725_b1,"M=32 efC=200 ef=40 alpha=0.725 beta=1 q=u8",64,0.7670773639,0.6219,324.4840,2.2828,0.0000,0.033956,"0.033895;0.033981;0.033924;0.033956;0.033976",4.864756,205560.14,,12.29,0,6980,10,True,nid004438,56980328
SparseHNSW_a0.725_b1,"M=32 efC=200 ef=50 alpha=0.725 beta=1 q=u8",64,0.7810458453,0.6343,324.4840,2.2828,0.0000,0.040368,"0.040402;0.040228;0.040390;0.040294;0.040368",5.783381,172909.24,,12.29,0,6980,10,True,nid004438,56980328
SparseHNSW_a0.725_b1,"M=32 efC=200 ef=60 alpha=0.725 beta=1 q=u8",64,0.7895272206,0.6413,324.4840,2.2828,0.0000,0.046286,"0.046193;0.046567;0.046286;0.046326;0.046207",6.631232,150801.54,,12.29,0,6980,10,True,nid004438,56980328
SparseHNSW_a0.725_b1,"M=32 efC=200 ef=75 alpha=0.725 beta=1 q=u8",64,0.7982378223,0.6498,324.4840,2.2828,0.0000,0.054527,"0.054497;0.054509;0.054575;0.054527;0.054630",7.811891,128009.98,,12.29,0,6980,10,True,nid004438,56980328
SparseHNSW_a0.725_b1,"M=32 efC=200 ef=100 alpha=0.725 beta=1 q=u8",64,0.8084383954,0.6598,324.4840,2.2828,0.0000,0.067777,"0.067514;0.067761;0.068055;0.068110;0.067777",9.710172,102984.79,,12.29,0,6980,10,True,nid004438,56980328
SparseHNSW_a0.725_b2,"M=32 efC=200 ef=10 alpha=0.725 beta=2 q=u8",64,0.8088108883,0.8857,324.4840,2.2828,0.0000,0.021944,"0.022243;0.022258;0.021944;0.021883;0.021812",3.143840,318082.39,,12.29,0,6980,10,True,nid004438,56980328
SparseHNSW_a0.725_b2,"M=32 efC=200 ef=20 alpha=0.725 beta=2 q=u8",64,0.8088108883,0.8857,324.4840,2.2828,0.0000,0.021616,"0.021680;0.021552;0.021616;0.021623;0.021546",3.096848,322908.96,,12.29,0,6980,10,True,nid004438,56980328
SparseHNSW_a0.725_b2,"M=32 efC=200 ef=25 alpha=0.725 beta=2 q=u8",64,0.8332664756,0.9054,324.4840,2.2828,0.0000,0.025056,"0.025068;0.025130;0.025056;0.024941;0.024899",3.589685,278575.99,,12.29,0,6980,10,True,nid004438,56980328
SparseHNSW_a0.725_b2,"M=32 efC=200 ef=30 alpha=0.725 beta=2 q=u8",64,0.8467478510,0.9153,324.4840,2.2828,0.0000,0.028199,"0.028199;0.028264;0.028265;0.028111;0.028185",4.039971,247526.51,,12.29,0,6980,10,True,nid004438,56980328
SparseHNSW_a0.725_b2,"M=32 efC=200 ef=35 alpha=0.725 beta=2 q=u8",64,0.8585959885,0.9259,324.4840,2.2828,0.0000,0.031441,"0.031441;0.031394;0.031414;0.031630;0.031580",4.504441,222003.12,,12.29,0,6980,10,True,nid004438,56980328
SparseHNSW_a0.725_b2,"M=32 efC=200 ef=40 alpha=0.725 beta=2 q=u8",64,0.8689828080,0.9345,324.4840,2.2828,0.0000,0.034718,"0.034694;0.034586;0.034718;0.034730;0.034753",4.973926,201048.45,,12.29,0,6980,10,True,nid004438,56980328
SparseHNSW_a0.725_b2,"M=32 efC=200 ef=50 alpha=0.725 beta=2 q=u8",64,0.8854441261,0.9484,324.4840,2.2828,0.0000,0.040987,"0.041043;0.040987;0.040834;0.041171;0.040968",5.872063,170297.90,,12.29,0,6980,10,True,nid004438,56980328
SparseHNSW_a0.725_b2,"M=32 efC=200 ef=60 alpha=0.725 beta=2 q=u8",64,0.8957449857,0.9570,324.4840,2.2828,0.0000,0.046817,"0.046682;0.046988;0.046935;0.046799;0.046817",6.707307,149091.14,,12.29,0,6980,10,True,nid004438,56980328
SparseHNSW_a0.725_b2,"M=32 efC=200 ef=75 alpha=0.725 beta=2 q=u8",64,0.9057593123,0.9658,324.4840,2.2828,0.0000,0.055139,"0.054852;0.055139;0.055523;0.055093;0.055225",7.899570,126589.17,,12.29,0,6980,10,True,nid004438,56980328
SparseHNSW_a0.725_b2,"M=32 efC=200 ef=100 alpha=0.725 beta=2 q=u8",64,0.9176647564,0.9749,324.4840,2.2828,0.0000,0.068384,"0.068356;0.068173;0.068711;0.068397;0.068384",9.797135,102070.66,,12.29,0,6980,10,True,nid004438,56980328
SparseHNSW_a0.725_b3,"M=32 efC=200 ef=10 alpha=0.725 beta=3 q=u8",64,0.8594269341,0.9153,324.4840,2.2828,0.0000,0.028980,"0.029158;0.029011;0.028980;0.028759;0.028871",4.151862,240855.76,,12.29,0,6980,10,True,nid004438,56980328
SparseHNSW_a0.725_b3,"M=32 efC=200 ef=20 alpha=0.725 beta=3 q=u8",64,0.8594269341,0.9153,324.4840,2.2828,0.0000,0.028712,"0.028712;0.028665;0.028799;0.028720;0.028619",4.113467,243103.93,,12.29,0,6980,10,True,nid004438,56980328
SparseHNSW_a0.725_b3,"M=32 efC=200 ef=25 alpha=0.725 beta=3 q=u8",64,0.8594269341,0.9153,324.4840,2.2828,0.0000,0.028608,"0.028604;0.028709;0.028608;0.028519;0.028650",4.098567,243987.70,,12.29,0,6980,10,True,nid004438,56980328
SparseHNSW_a0.725_b3,"M=32 efC=200 ef=30 alpha=0.725 beta=3 q=u8",64,0.8594269341,0.9153,324.4840,2.2828,0.0000,0.028564,"0.028564;0.028686;0.028546;0.028657;0.028521",4.092264,244363.53,,12.29,0,6980,10,True,nid004438,56980328
SparseHNSW_a0.725_b3,"M=32 efC=200 ef=35 alpha=0.725 beta=3 q=u8",64,0.8717048711,0.9259,324.4840,2.2828,0.0000,0.031849,"0.031849;0.031816;0.031823;0.031989;0.031909",4.562894,219159.16,,12.29,0,6980,10,True,nid004438,56980328
SparseHNSW_a0.725_b3,"M=32 efC=200 ef=40 alpha=0.725 beta=3 q=u8",64,0.8824355301,0.9345,324.4840,2.2828,0.0000,0.035016,"0.035010;0.034981;0.035016;0.035197;0.035224",5.016619,199337.45,,12.29,0,6980,10,True,nid004438,56980328
SparseHNSW_a0.725_b3,"M=32 efC=200 ef=50 alpha=0.725 beta=3 q=u8",64,0.8993839542,0.9484,324.4840,2.2828,0.0000,0.041349,"0.041296;0.041199;0.041358;0.041478;0.041349",5.923926,168806.98,,12.29,0,6980,10,True,nid004438,56980328
SparseHNSW_a0.725_b3,"M=32 efC=200 ef=60 alpha=0.725 beta=3 q=u8",64,0.9100286533,0.9570,324.4840,2.2828,0.0000,0.047017,"0.047016;0.047017;0.047014;0.047227;0.047226",6.735960,148456.94,,12.29,0,6980,10,True,nid004438,56980328
SparseHNSW_a0.725_b3,"M=32 efC=200 ef=75 alpha=0.725 beta=3 q=u8",64,0.9204727794,0.9658,324.4840,2.2828,0.0000,0.055455,"0.055705;0.055483;0.055409;0.055375;0.055455",7.944842,125867.82,,12.29,0,6980,10,True,nid004438,56980328
SparseHNSW_a0.725_b3,"M=32 efC=200 ef=100 alpha=0.725 beta=3 q=u8",64,0.9327363897,0.9749,324.4840,2.2828,0.0000,0.068746,"0.069344;0.069182;0.068361;0.068746;0.068609",9.848997,101533.18,,12.29,0,6980,10,True,nid004438,56980328
SparseHNSW_a0.725_b4,"M=32 efC=200 ef=10 alpha=0.725 beta=4 q=u8",64,0.8866189112,0.9345,324.4840,2.2828,0.0000,0.035658,"0.035658;0.035621;0.035672;0.035808;0.035624",5.108596,195748.50,,12.29,0,6980,10,True,nid004438,56980328
SparseHNSW_a0.725_b4,"M=32 efC=200 ef=20 alpha=0.725 beta=4 q=u8",64,0.8866189112,0.9345,324.4840,2.2828,0.0000,0.035555,"0.035460;0.035615;0.035555;0.035578;0.035470",5.093840,196315.57,,12.29,0,6980,10,True,nid004438,56980328
SparseHNSW_a0.725_b4,"M=32 efC=200 ef=25 alpha=0.725 beta=4 q=u8",64,0.8866189112,0.9345,324.4840,2.2828,0.0000,0.035525,"0.035525;0.035498;0.035426;0.035607;0.035571",5.089542,196481.35,,12.29,0,6980,10,True,nid004438,56980328
SparseHNSW_a0.725_b4,"M=32 efC=200 ef=30 alpha=0.725 beta=4 q=u8",64,0.8866189112,0.9345,324.4840,2.2828,0.0000,0.035349,"0.035358;0.035389;0.035309;0.035279;0.035349",5.064327,197459.62,,12.29,0,6980,10,True,nid004438,56980328
SparseHNSW_a0.725_b4,"M=32 efC=200 ef=35 alpha=0.725 beta=4 q=u8",64,0.8866189112,0.9345,324.4840,2.2828,0.0000,0.035380,"0.035352;0.035388;0.035366;0.035394;0.035380",5.068768,197286.60,,12.29,0,6980,10,True,nid004438,56980328
SparseHNSW_a0.725_b4,"M=32 efC=200 ef=40 alpha=0.725 beta=4 q=u8",64,0.8866189112,0.9345,324.4840,2.2828,0.0000,0.035370,"0.035351;0.035293;0.035370;0.035381;0.035438",5.067335,197342.38,,12.29,0,6980,10,True,nid004438,56980328
SparseHNSW_a0.725_b4,"M=32 efC=200 ef=50 alpha=0.725 beta=4 q=u8",64,0.9036676218,0.9484,324.4840,2.2828,0.0000,0.041561,"0.041626;0.041442;0.041420;0.041561;0.042000",5.954298,167945.91,,12.29,0,6980,10,True,nid004438,56980328
SparseHNSW_a0.725_b4,"M=32 efC=200 ef=60 alpha=0.725 beta=4 q=u8",64,0.9145558739,0.9570,324.4840,2.2828,0.0000,0.047539,"0.047542;0.047539;0.047537;0.047816;0.047520",6.810745,146826.82,,12.29,0,6980,10,True,nid004438,56980328
SparseHNSW_a0.725_b4,"M=32 efC=200 ef=75 alpha=0.725 beta=4 q=u8",64,0.9251146132,0.9658,324.4840,2.2828,0.0000,0.055845,"0.055734;0.055845;0.056185;0.055731;0.056034",8.000716,124988.81,,12.29,0,6980,10,True,nid004438,56980328
SparseHNSW_a0.725_b4,"M=32 efC=200 ef=100 alpha=0.725 beta=4 q=u8",64,0.9375358166,0.9749,324.4840,2.2828,0.0000,0.068958,"0.069506;0.068962;0.068637;0.068958;0.068762",9.879370,101221.03,,12.29,0,6980,10,True,nid004438,56980328
SparseHNSW_a0.725_b5,"M=32 efC=200 ef=10 alpha=0.725 beta=5 q=u8",64,0.9055157593,0.9484,324.4840,2.2828,0.0000,0.041911,"0.041986;0.041730;0.041911;0.042134;0.041662",6.004441,166543.39,,12.29,0,6980,10,True,nid004438,56980328
SparseHNSW_a0.725_b5,"M=32 efC=200 ef=20 alpha=0.725 beta=5 q=u8",64,0.9055157593,0.9484,324.4840,2.2828,0.0000,0.041860,"0.041837;0.041406;0.041860;0.042313;0.042027",5.997135,166746.30,,12.29,0,6980,10,True,nid004438,56980328
SparseHNSW_a0.725_b5,"M=32 efC=200 ef=25 alpha=0.725 beta=5 q=u8",64,0.9055157593,0.9484,324.4840,2.2828,0.0000,0.041873,"0.041922;0.041975;0.041684;0.041704;0.041873",5.998997,166694.53,,12.29,0,6980,10,True,nid004438,56980328
SparseHNSW_a0.725_b5,"M=32 efC=200 ef=30 alpha=0.725 beta=5 q=u8",64,0.9055157593,0.9484,324.4840,2.2828,0.0000,0.041881,"0.042096;0.041881;0.041844;0.041698;0.041905",6.000143,166662.69,,12.29,0,6980,10,True,nid004438,56980328
SparseHNSW_a0.725_b5,"M=32 efC=200 ef=35 alpha=0.725 beta=5 q=u8",64,0.9055157593,0.9484,324.4840,2.2828,0.0000,0.041966,"0.041973;0.042049;0.041826;0.041848;0.041966",6.012321,166325.12,,12.29,0,6980,10,True,nid004438,56980328
SparseHNSW_a0.725_b5,"M=32 efC=200 ef=40 alpha=0.725 beta=5 q=u8",64,0.9055157593,0.9484,324.4840,2.2828,0.0000,0.041966,"0.042368;0.042127;0.041785;0.041863;0.041966",6.012321,166325.12,,12.29,0,6980,10,True,nid004438,56980328
SparseHNSW_a0.725_b5,"M=32 efC=200 ef=50 alpha=0.725 beta=5 q=u8",64,0.9055157593,0.9484,324.4840,2.2828,0.0000,0.042117,"0.042273;0.042117;0.042198;0.041911;0.042002",6.033954,165728.80,,12.29,0,6980,10,True,nid004438,56980328
SparseHNSW_a0.725_b5,"M=32 efC=200 ef=60 alpha=0.725 beta=5 q=u8",64,0.9163896848,0.9570,324.4840,2.2828,0.0000,0.047792,"0.047940;0.047777;0.047792;0.047611;0.047900",6.846991,146049.55,,12.29,0,6980,10,True,nid004438,56980328
SparseHNSW_a0.725_b5,"M=32 efC=200 ef=75 alpha=0.725 beta=5 q=u8",64,0.9270773639,0.9658,324.4840,2.2828,0.0000,0.056077,"0.055981;0.055765;0.056077;0.056147;0.056156",8.033954,124471.71,,12.29,0,6980,10,True,nid004438,56980328
SparseHNSW_a0.725_b5,"M=32 efC=200 ef=100 alpha=0.725 beta=5 q=u8",64,0.9395988539,0.9749,324.4840,2.2828,0.0000,0.069308,"0.069420;0.069473;0.069122;0.069294;0.069308",9.929513,100709.87,,12.29,0,6980,10,True,nid004438,56980328
SparseHNSW_a0.75_b1,"M=32 efC=200 ef=10 alpha=0.75 beta=1 q=u8",64,0.6491404011,0.5080,341.6515,2.2868,0.0000,0.013205,"0.012891;0.013357;0.013259;0.013205;0.013177",1.891834,528587.66,,12.37,0,6980,10,True,nid004438,56980328
SparseHNSW_a0.75_b1,"M=32 efC=200 ef=20 alpha=0.75 beta=1 q=u8",64,0.7273638968,0.5814,341.6515,2.2868,0.0000,0.020838,"0.021155;0.020937;0.020838;0.020732;0.020660",2.985387,334964.97,,12.37,0,6980,10,True,nid004438,56980328
SparseHNSW_a0.75_b1,"M=32 efC=200 ef=25 alpha=0.75 beta=1 q=u8",64,0.7475501433,0.6003,341.6515,2.2868,0.0000,0.024006,"0.024083;0.024071;0.024006;0.023938;0.023946",3.439255,290760.64,,12.37,0,6980,10,True,nid004438,56980328
SparseHNSW_a0.75_b1,"M=32 efC=200 ef=30 alpha=0.75 beta=1 q=u8",64,0.7610744986,0.6129,341.6515,2.2868,0.0000,0.027270,"0.027279;0.027375;0.027224;0.027270;0.027105",3.906877,255958.93,,12.37,0,6980,10,True,nid004438,56980328
SparseHNSW_a0.75_b1,"M=32 efC=200 ef=35 alpha=0.75 beta=1 q=u8",64,0.7697564470,0.6208,341.6515,2.2868,0.0000,0.030428,"0.030502;0.030420;0.030391;0.030437;0.030428",4.359312,229393.98,,12.37,0,6980,10,True,nid004438,56980328
SparseHNSW_a0.75_b1,"M=32 efC=200 ef=40 alpha=0.75 beta=1 q=u8",64,0.7776361032,0.6289,341.6515,2.2868,0.0000,0.033582,"0.033582;0.033614;0.033591;0.033529;0.033568",4.811175,207849.44,,12.37,0,6980,10,True,nid004438,56980328
SparseHNSW_a0.75_b1,"M=32 efC=200 ef=50 alpha=0.75 beta=1 q=u8",64,0.7928366762,0.6429,341.6515,2.2868,0.0000,0.039970,"0.039970;0.039914;0.040034;0.039947;0.040061",5.726361,174630.97,,12.37,0,6980,10,True,nid004438,56980328
SparseHNSW_a0.75_b1,"M=32 efC=200 ef=60 alpha=0.75 beta=1 q=u8",64,0.8022492837,0.6520,341.6515,2.2868,0.0000,0.046071,"0.045989;0.046085;0.045990;0.046071;0.046125",6.600430,151505.29,,12.37,0,6980,10,True,nid004438,56980328
SparseHNSW_a0.75_b1,"M=32 efC=200 ef=75 alpha=0.75 beta=1 q=u8",64,0.8122636103,0.6593,341.6515,2.2868,0.0000,0.054865,"0.054513;0.054852;0.055113;0.054865;0.054988",7.860315,127221.36,,12.37,0,6980,10,True,nid004438,56980328
SparseHNSW_a0.75_b1,"M=32 efC=200 ef=100 alpha=0.75 beta=1 q=u8",64,0.8226361032,0.6687,341.6515,2.2868,0.0000,0.068838,"0.069158;0.068838;0.068344;0.068706;0.069100",9.862178,101397.48,,12.37,0,6980,10,True,nid004438,56980328
SparseHNSW_a0.75_b2,"M=32 efC=200 ef=10 alpha=0.75 beta=2 q=u8",64,0.8108166189,0.8845,341.6515,2.2868,0.0000,0.021861,"0.022059;0.021881;0.021861;0.021683;0.021575",3.131948,319290.06,,12.38,0,6980,10,True,nid004438,56980328
SparseHNSW_a0.75_b2,"M=32 efC=200 ef=20 alpha=0.75 beta=2 q=u8",64,0.8108166189,0.8845,341.6515,2.2868,0.0000,0.021413,"0.021533;0.021413;0.021473;0.021376;0.021376",3.067765,325970.21,,12.38,0,6980,10,True,nid004438,56980328
SparseHNSW_a0.75_b2,"M=32 efC=200 ef=25 alpha=0.75 beta=2 q=u8",64,0.8354727794,0.9030,341.6515,2.2868,0.0000,0.024752,"0.024747;0.024756;0.024849;0.024752;0.024702",3.546132,281997.41,,12.38,0,6980,10,True,nid004438,56980328
SparseHNSW_a0.75_b2,"M=32 efC=200 ef=30 alpha=0.75 beta=2 q=u8",64,0.8520200573,0.9168,341.6515,2.2868,0.0000,0.027993,"0.027985;0.028132;0.028049;0.027993;0.027916",4.010458,249348.05,,12.38,0,6980,10,True,nid004438,56980328
SparseHNSW_a0.75_b2,"M=32 efC=200 ef=35 alpha=0.75 beta=2 q=u8",64,0.8626217765,0.9254,341.6515,2.2868,0.0000,0.031205,"0.031217;0.031300;0.031159;0.031205;0.031196",4.470630,223682.10,,12.38,0,6980,10,True,nid004438,56980328
SparseHNSW_a0.75_b2,"M=32 efC=200 ef=40 alpha=0.75 beta=2 q=u8",64,0.8717908309,0.9325,341.6515,2.2868,0.0000,0.034248,"0.034240;0.034573;0.034247;0.034326;0.034248",4.906590,203807.52,,12.38,0,6980,10,True,nid004438,56980328
SparseHNSW_a0.75_b2,"M=32 efC=200 ef=50 alpha=0.75 beta=2 q=u8",64,0.8895988539,0.9463,341.6515,2.2868,0.0000,0.040628,"0.040628;0.040862;0.040900;0.040571;0.040621",5.820630,171802.70,,12.38,0,6980,10,True,nid004438,56980328
SparseHNSW_a0.75_b2,"M=32 efC=200 ef=60 alpha=0.75 beta=2 q=u8",64,0.9007163324,0.9556,341.6515,2.2868,0.0000,0.046725,"0.046711;0.046725;0.046975;0.046696;0.046816",6.694126,149384.70,,12.38,0,6980,10,True,nid004438,56980328
SparseHNSW_a0.75_b2,"M=32 efC=200 ef=75 alpha=0.75 beta=2 q=u8",64,0.9127077364,0.9656,341.6515,2.2868,0.0000,0.055458,"0.055226;0.055276;0.055467;0.055473;0.055458",7.945272,125861.01,,12.38,0,6980,10,True,nid004438,56980328
SparseHNSW_a0.75_b2,"M=32 efC=200 ef=100 alpha=0.75 beta=2 q=u8",64,0.9248853868,0.9751,341.6515,2.2868,0.0000,0.069260,"0.069252;0.069493;0.069709;0.069079;0.069260",9.922636,100779.67,,12.38,0,6980,10,True,nid004438,56980328
SparseHNSW_a0.75_b3,"M=32 efC=200 ef=10 alpha=0.75 beta=3 q=u8",64,0.8614613181,0.9168,341.6515,2.2868,0.0000,0.028778,"0.028922;0.028786;0.028770;0.028680;0.028778",4.122923,242546.39,,12.38,0,6980,10,True,nid004438,56980328
SparseHNSW_a0.75_b3,"M=32 efC=200 ef=20 alpha=0.75 beta=3 q=u8",64,0.8614613181,0.9168,341.6515,2.2868,0.0000,0.028557,"0.028557;0.028614;0.028640;0.028505;0.028400",4.091261,244423.43,,12.38,0,6980,10,True,nid004438,56980328
SparseHNSW_a0.75_b3,"M=32 efC=200 ef=25 alpha=0.75 beta=3 q=u8",64,0.8614613181,0.9168,341.6515,2.2868,0.0000,0.028407,"0.028418;0.028407;0.028403;0.028352;0.028477",4.069771,245714.08,,12.38,0,6980,10,True,nid004438,56980328
SparseHNSW_a0.75_b3,"M=32 efC=200 ef=30 alpha=0.75 beta=3 q=u8",64,0.8614613181,0.9168,341.6515,2.2868,0.0000,0.028375,"0.028457;0.028375;0.028387;0.028348;0.028280",4.065186,245991.19,,12.38,0,6980,10,True,nid004438,56980328
SparseHNSW_a0.75_b3,"M=32 efC=200 ef=35 alpha=0.75 beta=3 q=u8",64,0.8724641834,0.9254,341.6515,2.2868,0.0000,0.031541,"0.031509;0.031666;0.031541;0.031486;0.031624",4.518768,221299.26,,12.38,0,6980,10,True,nid004438,56980328
SparseHNSW_a0.75_b3,"M=32 efC=200 ef=40 alpha=0.75 beta=3 q=u8",64,0.8821346705,0.9325,341.6515,2.2868,0.0000,0.034687,"0.034766;0.034557;0.034686;0.034687;0.034789",4.969484,201228.13,,12.38,0,6980,10,True,nid004438,56980328
SparseHNSW_a0.75_b3,"M=32 efC=200 ef=50 alpha=0.75 beta=3 q=u8",64,0.9003008596,0.9463,341.6515,2.2868,0.0000,0.040895,"0.040859;0.040895;0.040976;0.040880;0.040925",5.858883,170681.01,,12.38,0,6980,10,True,nid004438,56980328
SparseHNSW_a0.75_b3,"M=32 efC=200 ef=60 alpha=0.75 beta=3 q=u8",64,0.9118481375,0.9556,341.6515,2.2868,0.0000,0.046926,"0.046926;0.047211;0.047163;0.046908;0.046866",6.722923,148744.83,,12.38,0,6980,10,True,nid004438,56980328
SparseHNSW_a0.75_b3,"M=32 efC=200 ef=75 alpha=0.75 beta=3 q=u8",64,0.9241404011,0.9656,341.6515,2.2868,0.0000,0.055485,"0.055485;0.055725;0.055260;0.055874;0.055439",7.949140,125799.77,,12.38,0,6980,10,True,nid004438,56980328
SparseHNSW_a0.75_b3,"M=32 efC=200 ef=100 alpha=0.75 beta=3 q=u8",64,0.9366905444,0.9751,341.6515,2.2868,0.0000,0.069492,"0.069569;0.069492;0.069283;0.069724;0.069314",9.955874,100443.22,,12.38,0,6980,10,True,nid004438,56980328
SparseHNSW_a0.75_b4,"M=32 efC=200 ef=10 alpha=0.75 beta=4 q=u8",64,0.8850716332,0.9325,341.6515,2.2868,0.0000,0.035398,"0.035716;0.035410;0.035398;0.035269;0.035370",5.071347,197186.28,,12.38,0,6980,10,True,nid004438,56980328
SparseHNSW_a0.75_b4,"M=32 efC=200 ef=20 alpha=0.75 beta=4 q=u8",64,0.8850716332,0.9325,341.6515,2.2868,0.0000,0.035212,"0.035140;0.035305;0.035292;0.035086;0.035212",5.044699,198227.88,,12.38,0,6980,10,True,nid004438,56980328
SparseHNSW_a0.75_b4,"M=32 efC=200 ef=25 alpha=0.75 beta=4 q=u8",64,0.8850716332,0.9325,341.6515,2.2868,0.0000,0.035229,"0.035156;0.035229;0.035314;0.035187;0.035552",5.047135,198132.22,,12.38,0,6980,10,True,nid004438,56980328
SparseHNSW_a0.75_b4,"M=32 efC=200 ef=30 alpha=0.75 beta=4 q=u8",64,0.8850716332,0.9325,341.6515,2.2868,0.0000,0.035563,"0.035637;0.035585;0.035401;0.035563;0.035388",5.094986,196271.41,,12.38,0,6980,10,True,nid004438,56980328
SparseHNSW_a0.75_b4,"M=32 efC=200 ef=35 alpha=0.75 beta=4 q=u8",64,0.8850716332,0.9325,341.6515,2.2868,0.0000,0.035200,"0.035253;0.035174;0.035199;0.035226;0.035200",5.042980,198295.45,,12.38,0,6980,10,True,nid004438,56980328
SparseHNSW_a0.75_b4,"M=32 efC=200 ef=40 alpha=0.75 beta=4 q=u8",64,0.8850716332,0.9325,341.6515,2.2868,0.0000,0.035124,"0.035016;0.035108;0.035124;0.035228;0.035143",5.032092,198724.52,,12.38,0,6980,10,True,nid004438,56980328
SparseHNSW_a0.75_b4,"M=32 efC=200 ef=50 alpha=0.75 beta=4 q=u8",64,0.9033810888,0.9463,341.6515,2.2868,0.0000,0.041523,"0.041523;0.041164;0.041584;0.041376;0.041531",5.948854,168099.61,,12.38,0,6980,10,True,nid004438,56980328
SparseHNSW_a0.75_b4,"M=32 efC=200 ef=60 alpha=0.75 beta=4 q=u8",64,0.9149570201,0.9556,341.6515,2.2868,0.0000,0.047469,"0.047202;0.047281;0.047482;0.047469;0.047515",6.800716,147043.33,,12.38,0,6980,10,True,nid004438,56980328
SparseHNSW_a0.75_b4,"M=32 efC=200 ef=75 alpha=0.75 beta=4 q=u8",64,0.9273495702,0.9656,341.6515,2.2868,0.0000,0.056045,"0.056045;0.056028;0.056116;0.056038;0.056165",8.029370,124542.78,,12.38,0,6980,10,True,nid004438,56980328
SparseHNSW_a0.75_b4,"M=32 efC=200 ef=100 alpha=0.75 beta=4 q=u8",64,0.9400143266,0.9751,341.6515,2.2868,0.0000,0.069554,"0.069303;0.069275;0.069554;0.070096;0.069996",9.964756,100353.68,,12.38,0,6980,10,True,nid004438,56980328
SparseHNSW_a0.75_b5,"M=32 efC=200 ef=10 alpha=0.75 beta=5 q=u8",64,0.9045272206,0.9463,341.6515,2.2868,0.0000,0.041798,"0.041976;0.041769;0.042039;0.041782;0.041798",5.988252,166993.64,,12.38,0,6980,10,True,nid004438,56980328
SparseHNSW_a0.75_b5,"M=32 efC=200 ef=20 alpha=0.75 beta=5 q=u8",64,0.9045272206,0.9463,341.6515,2.2868,0.0000,0.041587,"0.041731;0.041664;0.041587;0.041556;0.041572",5.958023,167840.91,,12.38,0,6980,10,True,nid004438,56980328
SparseHNSW_a0.75_b5,"M=32 efC=200 ef=25 alpha=0.75 beta=5 q=u8",64,0.9045272206,0.9463,341.6515,2.2868,0.0000,0.041634,"0.041634;0.041671;0.041775;0.041465;0.041510",5.964756,167651.44,,12.38,0,6980,10,True,nid004438,56980328
SparseHNSW_a0.75_b5,"M=32 efC=200 ef=30 alpha=0.75 beta=5 q=u8",64,0.9045272206,0.9463,341.6515,2.2868,0.0000,0.041558,"0.041558;0.041850;0.041586;0.041519;0.041537",5.953868,167958.03,,12.38,0,6980,10,True,nid004438,56980328
SparseHNSW_a0.75_b5,"M=32 efC=200 ef=35 alpha=0.75 beta=5 q=u8",64,0.9045272206,0.9463,341.6515,2.2868,0.0000,0.041714,"0.041469;0.041724;0.041714;0.041347;0.041773",5.976218,167329.91,,12.38,0,6980,10,True,nid004438,56980328
SparseHNSW_a0.75_b5,"M=32 efC=200 ef=40 alpha=0.75 beta=5 q=u8",64,0.9045272206,0.9463,341.6515,2.2868,0.0000,0.041611,"0.041628;0.041611;0.041591;0.041583;0.041663",5.961461,167744.11,,12.38,0,6980,10,True,nid004438,56980328
SparseHNSW_a0.75_b5,"M=32 efC=200 ef=50 alpha=0.75 beta=5 q=u8",64,0.9045272206,0.9463,341.6515,2.2868,0.0000,0.041670,"0.041573;0.041579;0.041670;0.041726;0.041753",5.969914,167506.60,,12.38,0,6980,10,True,nid004438,56980328
SparseHNSW_a0.75_b5,"M=32 efC=200 ef=60 alpha=0.75 beta=5 q=u8",64,0.9162464183,0.9556,341.6515,2.2868,0.0000,0.047640,"0.047640;0.047807;0.047600;0.047471;0.047858",6.825215,146515.53,,12.38,0,6980,10,True,nid004438,56980328
SparseHNSW_a0.75_b5,"M=32 efC=200 ef=75 alpha=0.75 beta=5 q=u8",64,0.9286819484,0.9656,341.6515,2.2868,0.0000,0.056444,"0.056113;0.056444;0.056510;0.056725;0.056090",8.086533,123662.39,,12.38,0,6980,10,True,nid004438,56980328
SparseHNSW_a0.75_b5,"M=32 efC=200 ef=100 alpha=0.75 beta=5 q=u8",64,0.9413753582,0.9751,341.6515,2.2868,0.0000,0.069791,"0.069433;0.069783;0.069791;0.070262;0.070342",9.998711,100012.90,,12.38,0,6980,10,True,nid004438,56980328
SparseHNSW_a0.775_b1,"M=32 efC=200 ef=10 alpha=0.775 beta=1 q=u8",64,0.6690544413,0.5209,360.1797,2.2514,0.0000,0.013398,"0.012748;0.013476;0.013451;0.013389;0.013398",1.919484,520973.28,,12.44,0,6980,10,True,nid004438,56980328
SparseHNSW_a0.775_b1,"M=32 efC=200 ef=20 alpha=0.775 beta=1 q=u8",64,0.7469054441,0.5982,360.1797,2.2514,0.0000,0.020854,"0.021223;0.021087;0.020854;0.020787;0.020755",2.987679,334707.97,,12.44,0,6980,10,True,nid004438,56980328
SparseHNSW_a0.775_b1,"M=32 efC=200 ef=25 alpha=0.775 beta=1 q=u8",64,0.7651432665,0.6145,360.1797,2.2514,0.0000,0.024079,"0.024193;0.024210;0.024079;0.023995;0.023984",3.449713,289879.15,,12.44,0,6980,10,True,nid004438,56980328
SparseHNSW_a0.775_b1,"M=32 efC=200 ef=30 alpha=0.775 beta=1 q=u8",64,0.7792263610,0.6280,360.1797,2.2514,0.0000,0.027374,"0.027420;0.027374;0.027405;0.027235;0.027312",3.921777,254986.48,,12.44,0,6980,10,True,nid004438,56980328
SparseHNSW_a0.775_b1,"M=32 efC=200 ef=35 alpha=0.775 beta=1 q=u8",64,0.7902148997,0.6390,360.1797,2.2514,0.0000,0.030548,"0.030607;0.030566;0.030534;0.030548;0.030480",4.376504,228492.86,,12.44,0,6980,10,True,nid004438,56980328
SparseHNSW_a0.775_b1,"M=32 efC=200 ef=40 alpha=0.775 beta=1 q=u8",64,0.7976504298,0.6457,360.1797,2.2514,0.0000,0.033579,"0.033579;0.033718;0.033578;0.033504;0.033623",4.810745,207868.01,,12.44,0,6980,10,True,nid004438,56980328
SparseHNSW_a0.775_b1,"M=32 efC=200 ef=50 alpha=0.775 beta=1 q=u8",64,0.8095558739,0.6564,360.1797,2.2514,0.0000,0.039789,"0.039789;0.039769;0.039688;0.039849;0.039905",5.700430,175425.37,,12.44,0,6980,10,True,nid004438,56980328
SparseHNSW_a0.775_b1,"M=32 efC=200 ef=60 alpha=0.775 beta=1 q=u8",64,0.8189541547,0.6646,360.1797,2.2514,0.0000,0.045811,"0.045630;0.045873;0.045811;0.045800;0.045900",6.563181,152365.15,,12.44,0,6980,10,True,nid004438,56980328
SparseHNSW_a0.775_b1,"M=32 efC=200 ef=75 alpha=0.775 beta=1 q=u8",64,0.8289971347,0.6722,360.1797,2.2514,0.0000,0.054376,"0.054568;0.054705;0.054376;0.054349;0.053648",7.790258,128365.46,,12.44,0,6980,10,True,nid004438,56980328
SparseHNSW_a0.775_b1,"M=32 efC=200 ef=100 alpha=0.775 beta=1 q=u8",64,0.8373209169,0.6799,360.1797,2.2514,0.0000,0.068314,"0.068085;0.068371;0.068479;0.068314;0.068252",9.787106,102175.25,,12.44,0,6980,10,True,nid004438,56980328
SparseHNSW_a0.775_b2,"M=32 efC=200 ef=10 alpha=0.775 beta=2 q=u8",64,0.8232378223,0.8930,360.1797,2.2514,0.0000,0.021824,"0.022135;0.021914;0.021824;0.021723;0.021594",3.126648,319831.38,,12.44,0,6980,10,True,nid004438,56980328
SparseHNSW_a0.775_b2,"M=32 efC=200 ef=20 alpha=0.775 beta=2 q=u8",64,0.8232378223,0.8930,360.1797,2.2514,0.0000,0.021433,"0.021504;0.021512;0.021433;0.021397;0.021370",3.070630,325666.03,,12.44,0,6980,10,True,nid004438,56980328
SparseHNSW_a0.775_b2,"M=32 efC=200 ef=25 alpha=0.775 beta=2 q=u8",64,0.8454154728,0.9096,360.1797,2.2514,0.0000,0.024715,"0.024691;0.024715;0.024782;0.024722;0.024699",3.540831,282419.58,,12.44,0,6980,10,True,nid004438,56980328
SparseHNSW_a0.775_b2,"M=32 efC=200 ef=30 alpha=0.775 beta=2 q=u8",64,0.8621203438,0.9226,360.1797,2.2514,0.0000,0.028063,"0.028048;0.028139;0.028063;0.028185;0.028063",4.020487,248726.08,,12.44,0,6980,10,True,nid004438,56980328
SparseHNSW_a0.775_b2,"M=32 efC=200 ef=35 alpha=0.775 beta=2 q=u8",64,0.8749570201,0.9330,360.1797,2.2514,0.0000,0.031388,"0.031398;0.031388;0.031313;0.031254;0.031388",4.496848,222377.98,,12.44,0,6980,10,True,nid004438,56980328
SparseHNSW_a0.775_b2,"M=32 efC=200 ef=40 alpha=0.775 beta=2 q=u8",64,0.8836246418,0.9394,360.1797,2.2514,0.0000,0.034366,"0.034433;0.034432;0.034309;0.034366;0.034289",4.923496,203107.72,,12.44,0,6980,10,True,nid004438,56980328
SparseHNSW_a0.775_b2,"M=32 efC=200 ef=50 alpha=0.775 beta=2 q=u8",64,0.8978223496,0.9511,360.1797,2.2514,0.0000,0.040514,"0.040436;0.040514;0.040640;0.040444;0.040586",5.804298,172286.12,,12.44,0,6980,10,True,nid004438,56980328
SparseHNSW_a0.775_b2,"M=32 efC=200 ef=60 alpha=0.775 beta=2 q=u8",64,0.9087249284,0.9596,360.1797,2.2514,0.0000,0.046391,"0.046655;0.046329;0.046391;0.046394;0.046302",6.646275,150460.22,,12.44,0,6980,10,True,nid004438,56980328
SparseHNSW_a0.775_b2,"M=32 efC=200 ef=75 alpha=0.775 beta=2 q=u8",64,0.9205014327,0.9692,360.1797,2.2514,0.0000,0.055118,"0.055243;0.055014;0.055118;0.054986;0.055145",7.896562,126637.40,,12.44,0,6980,10,True,nid004438,56980328
SparseHNSW_a0.775_b2,"M=32 efC=200 ef=100 alpha=0.775 beta=2 q=u8",64,0.9303724928,0.9768,360.1797,2.2514,0.0000,0.068712,"0.068646;0.068800;0.068710;0.068712;0.068816",9.844126,101583.42,,12.44,0,6980,10,True,nid004438,56980328
SparseHNSW_a0.775_b3,"M=32 efC=200 ef=10 alpha=0.775 beta=3 q=u8",64,0.8695988539,0.9226,360.1797,2.2514,0.0000,0.028784,"0.029086;0.028887;0.028784;0.028728;0.028649",4.123782,242495.83,,12.44,0,6980,10,True,nid004438,56980328
SparseHNSW_a0.775_b3,"M=32 efC=200 ef=20 alpha=0.775 beta=3 q=u8",64,0.8695988539,0.9226,360.1797,2.2514,0.0000,0.028518,"0.028518;0.028515;0.028608;0.028583;0.028463",4.085673,244757.70,,12.44,0,6980,10,True,nid004438,56980328
SparseHNSW_a0.775_b3,"M=32 efC=200 ef=25 alpha=0.775 beta=3 q=u8",64,0.8695988539,0.9226,360.1797,2.2514,0.0000,0.028391,"0.028538;0.028391;0.028533;0.028345;0.028264",4.067479,245852.56,,12.44,0,6980,10,True,nid004438,56980328
SparseHNSW_a0.775_b3,"M=32 efC=200 ef=30 alpha=0.775 beta=3 q=u8",64,0.8695988539,0.9226,360.1797,2.2514,0.0000,0.028409,"0.028409;0.028409;0.028428;0.028322;0.028441",4.070057,245696.79,,12.44,0,6980,10,True,nid004438,56980328
SparseHNSW_a0.775_b3,"M=32 efC=200 ef=35 alpha=0.775 beta=3 q=u8",64,0.8829369628,0.9330,360.1797,2.2514,0.0000,0.031634,"0.031634;0.031688;0.031685;0.031454;0.031578",4.532092,220648.67,,12.44,0,6980,10,True,nid004438,56980328
SparseHNSW_a0.775_b3,"M=32 efC=200 ef=40 alpha=0.775 beta=3 q=u8",64,0.8918624642,0.9394,360.1797,2.2514,0.0000,0.034638,"0.034638;0.034602;0.034623;0.034678;0.034711",4.962464,201512.79,,12.44,0,6980,10,True,nid004438,56980328
SparseHNSW_a0.775_b3,"M=32 efC=200 ef=50 alpha=0.775 beta=3 q=u8",64,0.9063896848,0.9511,360.1797,2.2514,0.0000,0.040977,"0.041016;0.040956;0.040977;0.040787;0.041009",5.870630,170339.46,,12.44,0,6980,10,True,nid004438,56980328
SparseHNSW_a0.775_b3,"M=32 efC=200 ef=60 alpha=0.775 beta=3 q=u8",64,0.9175501433,0.9596,360.1797,2.2514,0.0000,0.046655,"0.046634;0.046804;0.046594;0.046655;0.046815",6.684097,149608.83,,12.44,0,6980,10,True,nid004438,56980328
SparseHNSW_a0.775_b3,"M=32 efC=200 ef=75 alpha=0.775 beta=3 q=u8",64,0.9297277937,0.9692,360.1797,2.2514,0.0000,0.055348,"0.055364;0.055285;0.055171;0.055443;0.055348",7.929513,126111.15,,12.44,0,6980,10,True,nid004438,56980328
SparseHNSW_a0.775_b3,"M=32 efC=200 ef=100 alpha=0.775 beta=3 q=u8",64,0.9398567335,0.9768,360.1797,2.2514,0.0000,0.069084,"0.068826;0.069144;0.069084;0.068936;0.069343",9.897421,101036.42,,12.44,0,6980,10,True,nid004438,56980328
SparseHNSW_a0.775_b4,"M=32 efC=200 ef=10 alpha=0.775 beta=4 q=u8",64,0.8937249284,0.9394,360.1797,2.2514,0.0000,0.035339,"0.035600;0.035569;0.035339;0.035122;0.035338",5.062894,197515.49,,12.44,0,6980,10,True,nid004438,56980328
SparseHNSW_a0.775_b4,"M=32 efC=200 ef=20 alpha=0.775 beta=4 q=u8",64,0.8937249284,0.9394,360.1797,2.2514,0.0000,0.035190,"0.035247;0.035088;0.035181;0.035190;0.035211",5.041547,198351.80,,12.44,0,6980,10,True,nid004438,56980328
SparseHNSW_a0.775_b4,"M=32 efC=200 ef=25 alpha=0.775 beta=4 q=u8",64,0.8937249284,0.9394,360.1797,2.2514,0.0000,0.035174,"0.035236;0.035223;0.035174;0.035007;0.035060",5.039255,198442.03,,12.44,0,6980,10,True,nid004438,56980328
SparseHNSW_a0.775_b4,"M=32 efC=200 ef=30 alpha=0.775 beta=4 q=u8",64,0.8937249284,0.9394,360.1797,2.2514,0.0000,0.035110,"0.035004;0.035228;0.035110;0.035041;0.035113",5.030086,198803.76,,12.44,0,6980,10,True,nid004438,56980328
SparseHNSW_a0.775_b4,"M=32 efC=200 ef=35 alpha=0.775 beta=4 q=u8",64,0.8937249284,0.9394,360.1797,2.2514,0.0000,0.035016,"0.034977;0.035016;0.035101;0.035022;0.034986",5.016619,199337.45,,12.44,0,6980,10,True,nid004438,56980328
SparseHNSW_a0.775_b4,"M=32 efC=200 ef=40 alpha=0.775 beta=4 q=u8",64,0.8937249284,0.9394,360.1797,2.2514,0.0000,0.034992,"0.034959;0.034793;0.035131;0.034992;0.035060",5.013181,199474.17,,12.44,0,6980,10,True,nid004438,56980328
SparseHNSW_a0.775_b4,"M=32 efC=200 ef=50 alpha=0.775 beta=4 q=u8",64,0.9083954155,0.9511,360.1797,2.2514,0.0000,0.041125,"0.041069;0.041127;0.041082;0.041125;0.041239",5.891834,169726.44,,12.44,0,6980,10,True,nid004438,56980328
SparseHNSW_a0.775_b4,"M=32 efC=200 ef=60 alpha=0.775 beta=4 q=u8",64,0.9196561605,0.9596,360.1797,2.2514,0.0000,0.046967,"0.046967;0.047124;0.046658;0.047283;0.046652",6.728797,148614.98,,12.44,0,6980,10,True,nid004438,56980328
SparseHNSW_a0.775_b4,"M=32 efC=200 ef=75 alpha=0.775 beta=4 q=u8",64,0.9318624642,0.9692,360.1797,2.2514,0.0000,0.055717,"0.056091;0.056114;0.055717;0.055699;0.055568",7.982378,125275.95,,12.44,0,6980,10,True,nid004438,56980328
SparseHNSW_a0.775_b4,"M=32 efC=200 ef=100 alpha=0.775 beta=4 q=u8",64,0.9419770774,0.9768,360.1797,2.2514,0.0000,0.069183,"0.069177;0.069401;0.069594;0.069183;0.069089",9.911605,100891.84,,12.44,0,6980,10,True,nid004438,56980328
SparseHNSW_a0.775_b5,"M=32 efC=200 ef=10 alpha=0.775 beta=5 q=u8",64,0.9090974212,0.9511,360.1797,2.2514,0.0000,0.041636,"0.041636;0.041550;0.041879;0.041659;0.041592",5.965043,167643.39,,12.44,0,6980,10,True,nid004438,56980328
SparseHNSW_a0.775_b5,"M=32 efC=200 ef=20 alpha=0.775 beta=5 q=u8",64,0.9090974212,0.9511,360.1797,2.2514,0.0000,0.041743,"0.041711;0.041753;0.041743;0.041570;0.041746",5.980372,167213.66,,12.44,0,6980,10,True,nid004438,56980328
SparseHNSW_a0.775_b5,"M=32 efC=200 ef=25 alpha=0.775 beta=5 q=u8",64,0.9090974212,0.9511,360.1797,2.2514,0.0000,0.041459,"0.041525;0.041351;0.041566;0.041459;0.041432",5.939685,168359.10,,12.44,0,6980,10,True,nid004438,56980328
SparseHNSW_a0.775_b5,"M=32 efC=200 ef=30 alpha=0.775 beta=5 q=u8",64,0.9090974212,0.9511,360.1797,2.2514,0.0000,0.041566,"0.041514;0.041566;0.041491;0.041758;0.041695",5.955014,167925.71,,12.44,0,6980,10,True,nid004438,56980328
SparseHNSW_a0.775_b5,"M=32 efC=200 ef=35 alpha=0.775 beta=5 q=u8",64,0.9090974212,0.9511,360.1797,2.2514,0.0000,0.041521,"0.041532;0.041498;0.041461;0.041521;0.041576",5.948567,168107.70,,12.44,0,6980,10,True,nid004438,56980328
SparseHNSW_a0.775_b5,"M=32 efC=200 ef=40 alpha=0.775 beta=5 q=u8",64,0.9090974212,0.9511,360.1797,2.2514,0.0000,0.041491,"0.041447;0.041502;0.041491;0.041529;0.041454",5.944269,168229.25,,12.44,0,6980,10,True,nid004438,56980328
SparseHNSW_a0.775_b5,"M=32 efC=200 ef=50 alpha=0.775 beta=5 q=u8",64,0.9090974212,0.9511,360.1797,2.2514,0.0000,0.041585,"0.041819;0.041440;0.041585;0.041390;0.041628",5.957736,167848.98,,12.44,0,6980,10,True,nid004438,56980328
SparseHNSW_a0.775_b5,"M=32 efC=200 ef=60 alpha=0.775 beta=5 q=u8",64,0.9203438395,0.9596,360.1797,2.2514,0.0000,0.047220,"0.046984;0.047021;0.047325;0.047220;0.047299",6.765043,147818.72,,12.44,0,6980,10,True,nid004438,56980328
SparseHNSW_a0.775_b5,"M=32 efC=200 ef=75 alpha=0.775 beta=5 q=u8",64,0.9326361032,0.9692,360.1797,2.2514,0.0000,0.055901,"0.055901;0.055909;0.056055;0.055752;0.055873",8.008739,124863.60,,12.44,0,6980,10,True,nid004438,56980328
SparseHNSW_a0.775_b5,"M=32 efC=200 ef=100 alpha=0.775 beta=5 q=u8",64,0.9428223496,0.9768,360.1797,2.2514,0.0000,0.069449,"0.069026;0.069449;0.069680;0.069392;0.069848",9.949713,100505.41,,12.44,0,6980,10,True,nid004438,56980328
SparseHNSW_a0.8_b1,"M=32 efC=200 ef=10 alpha=0.8 beta=1 q=u8",64,0.6779369628,0.5251,380.4825,2.2850,0.0000,0.013565,"0.012882;0.013665;0.013602;0.013565;0.013539",1.943410,514559.53,,12.53,0,6980,10,True,nid004438,56980328
SparseHNSW_a0.8_b1,"M=32 efC=200 ef=20 alpha=0.8 beta=1 q=u8",64,0.7558309456,0.6071,380.4825,2.2850,0.0000,0.021003,"0.021328;0.021169;0.020908;0.021003;0.020930",3.009026,332333.48,,12.53,0,6980,10,True,nid004438,56980328
SparseHNSW_a0.8_b1,"M=32 efC=200 ef=25 alpha=0.8 beta=1 q=u8",64,0.7757736390,0.6256,380.4825,2.2850,0.0000,0.024201,"0.024202;0.024214;0.024201;0.023977;0.024072",3.467192,288417.83,,12.53,0,6980,10,True,nid004438,56980328
SparseHNSW_a0.8_b1,"M=32 efC=200 ef=30 alpha=0.8 beta=1 q=u8",64,0.7897994269,0.6387,380.4825,2.2850,0.0000,0.027367,"0.027406;0.027335;0.027279;0.027372;0.027367",3.920774,255051.70,,12.53,0,6980,10,True,nid004438,56980328
SparseHNSW_a0.8_b1,"M=32 efC=200 ef=35 alpha=0.8 beta=1 q=u8",64,0.8009742120,0.6496,380.4825,2.2850,0.0000,0.030551,"0.030551;0.030607;0.030586;0.030475;0.030454",4.376934,228470.43,,12.53,0,6980,10,True,nid004438,56980328
SparseHNSW_a0.8_b1,"M=32 efC=200 ef=40 alpha=0.8 beta=1 q=u8",64,0.8098280802,0.6567,380.4825,2.2850,0.0000,0.033620,"0.033630;0.033615;0.033620;0.033706;0.033532",4.816619,207614.52,,12.53,0,6980,10,True,nid004438,56980328
SparseHNSW_a0.8_b1,"M=32 efC=200 ef=50 alpha=0.8 beta=1 q=u8",64,0.8227363897,0.6699,380.4825,2.2850,0.0000,0.039829,"0.039829;0.039991;0.039782;0.039639;0.039906",5.706160,175249.19,,12.53,0,6980,10,True,nid004438,56980328
SparseHNSW_a0.8_b1,"M=32 efC=200 ef=60 alpha=0.8 beta=1 q=u8",64,0.8304871060,0.6770,380.4825,2.2850,0.0000,0.045729,"0.045496;0.045919;0.045855;0.045465;0.045729",6.551433,152638.37,,12.53,0,6980,10,True,nid004438,56980328
SparseHNSW_a0.8_b1,"M=32 efC=200 ef=75 alpha=0.8 beta=1 q=u8",64,0.8405157593,0.6856,380.4825,2.2850,0.0000,0.054204,"0.054173;0.054204;0.054227;0.054042;0.054307",7.765616,128772.78,,12.53,0,6980,10,True,nid004438,56980328
SparseHNSW_a0.8_b1,"M=32 efC=200 ef=100 alpha=0.8 beta=1 q=u8",64,0.8516762178,0.6959,380.4825,2.2850,0.0000,0.068157,"0.067701;0.068157;0.067855;0.068311;0.068506",9.764613,102410.61,,12.53,0,6980,10,True,nid004438,56980328
SparseHNSW_a0.8_b2,"M=32 efC=200 ef=10 alpha=0.8 beta=2 q=u8",64,0.8224498567,0.8926,380.4825,2.2850,0.0000,0.021877,"0.022094;0.021994;0.021793;0.021877;0.021676",3.134241,319056.54,,12.53,0,6980,10,True,nid004438,56980328
SparseHNSW_a0.8_b2,"M=32 efC=200 ef=20 alpha=0.8 beta=2 q=u8",64,0.8224498567,0.8926,380.4825,2.2850,0.0000,0.021491,"0.021606;0.021629;0.021489;0.021491;0.021442",3.078940,324787.12,,12.53,0,6980,10,True,nid004438,56980328
SparseHNSW_a0.8_b2,"M=32 efC=200 ef=25 alpha=0.8 beta=2 q=u8",64,0.8461174785,0.9095,380.4825,2.2850,0.0000,0.024805,"0.024917;0.024782;0.024969;0.024747;0.024805",3.553725,281394.88,,12.53,0,6980,10,True,nid004438,56980328
SparseHNSW_a0.8_b2,"M=32 efC=200 ef=30 alpha=0.8 beta=2 q=u8",64,0.8625644699,0.9212,380.4825,2.2850,0.0000,0.028050,"0.028062;0.028018;0.028153;0.028033;0.028050",4.018625,248841.35,,12.53,0,6980,10,True,nid004438,56980328
SparseHNSW_a0.8_b2,"M=32 efC=200 ef=35 alpha=0.8 beta=2 q=u8",64,0.8756733524,0.9314,380.4825,2.2850,0.0000,0.031217,"0.031341;0.031243;0.031194;0.031184;0.031217",4.472350,223596.12,,12.53,0,6980,10,True,nid004438,56980328
SparseHNSW_a0.8_b2,"M=32 efC=200 ef=40 alpha=0.8 beta=2 q=u8",64,0.8861174785,0.9393,380.4825,2.2850,0.0000,0.034347,"0.034217;0.034452;0.034401;0.034285;0.034347",4.920774,203220.08,,12.53,0,6980,10,True,nid004438,56980328
SparseHNSW_a0.8_b2,"M=32 efC=200 ef=50 alpha=0.8 beta=2 q=u8",64,0.9012464183,0.9501,380.4825,2.2850,0.0000,0.040442,"0.040333;0.040442;0.040520;0.040160;0.040530",5.793983,172592.85,,12.53,0,6980,10,True,nid004438,56980328
SparseHNSW_a0.8_b2,"M=32 efC=200 ef=60 alpha=0.8 beta=2 q=u8",64,0.9103868195,0.9572,380.4825,2.2850,0.0000,0.046373,"0.046429;0.046135;0.046287;0.046373;0.046492",6.643696,150518.62,,12.53,0,6980,10,True,nid004438,56980328
SparseHNSW_a0.8_b2,"M=32 efC=200 ef=75 alpha=0.8 beta=2 q=u8",64,0.9218624642,0.9663,380.4825,2.2850,0.0000,0.054870,"0.055125;0.054609;0.054870;0.054786;0.054907",7.861032,127209.77,,12.53,0,6980,10,True,nid004438,56980328
SparseHNSW_a0.8_b2,"M=32 efC=200 ef=100 alpha=0.8 beta=2 q=u8",64,0.9345128940,0.9755,380.4825,2.2850,0.0000,0.068592,"0.068927;0.068370;0.068678;0.068429;0.068592",9.826934,101761.14,,12.53,0,6980,10,True,nid004438,56980328
SparseHNSW_a0.8_b3,"M=32 efC=200 ef=10 alpha=0.8 beta=3 q=u8",64,0.8680802292,0.9212,380.4825,2.2850,0.0000,0.028765,"0.029356;0.028863;0.028759;0.028765;0.028531",4.121060,242656.01,,12.53,0,6980,10,True,nid004438,56980328
SparseHNSW_a0.8_b3,"M=32 efC=200 ef=20 alpha=0.8 beta=3 q=u8",64,0.8680802292,0.9212,380.4825,2.2850,0.0000,0.028585,"0.028585;0.028632;0.028603;0.028333;0.028515",4.095272,244184.01,,12.53,0,6980,10,True,nid004438,56980328
SparseHNSW_a0.8_b3,"M=32 efC=200 ef=25 alpha=0.8 beta=3 q=u8",64,0.8680802292,0.9212,380.4825,2.2850,0.0000,0.028567,"0.028772;0.028580;0.028484;0.028567;0.028391",4.092693,244337.87,,12.53,0,6980,10,True,nid004438,56980328
SparseHNSW_a0.8_b3,"M=32 efC=200 ef=30 alpha=0.8 beta=3 q=u8",64,0.8680802292,0.9212,380.4825,2.2850,0.0000,0.028419,"0.028419;0.028372;0.028573;0.028466;0.028335",4.071490,245610.33,,12.53,0,6980,10,True,nid004438,56980328
SparseHNSW_a0.8_b3,"M=32 efC=200 ef=35 alpha=0.8 beta=3 q=u8",64,0.8814326648,0.9314,380.4825,2.2850,0.0000,0.031647,"0.031727;0.031526;0.031563;0.031647;0.031772",4.533954,220558.03,,12.53,0,6980,10,True,nid004438,56980328
SparseHNSW_a0.8_b3,"M=32 efC=200 ef=40 alpha=0.8 beta=3 q=u8",64,0.8920200573,0.9393,380.4825,2.2850,0.0000,0.034679,"0.034679;0.034623;0.034640;0.034780;0.034737",4.968338,201274.55,,12.53,0,6980,10,True,nid004438,56980328
SparseHNSW_a0.8_b3,"M=32 efC=200 ef=50 alpha=0.8 beta=3 q=u8",64,0.9076217765,0.9501,380.4825,2.2850,0.0000,0.040771,"0.040646;0.040752;0.040837;0.040771;0.040782",5.841117,171200.12,,12.53,0,6980,10,True,nid004438,56980328
SparseHNSW_a0.8_b3,"M=32 efC=200 ef=60 alpha=0.8 beta=3 q=u8",64,0.9169627507,0.9572,380.4825,2.2850,0.0000,0.046523,"0.046480;0.046474;0.046729;0.046614;0.046523",6.665186,150033.32,,12.53,0,6980,10,True,nid004438,56980328
SparseHNSW_a0.8_b3,"M=32 efC=200 ef=75 alpha=0.8 beta=3 q=u8",64,0.9286389685,0.9663,380.4825,2.2850,0.0000,0.055296,"0.054991;0.055307;0.055296;0.054993;0.055349",7.922063,126229.75,,12.53,0,6980,10,True,nid004438,56980328
SparseHNSW_a0.8_b3,"M=32 efC=200 ef=100 alpha=0.8 beta=3 q=u8",64,0.9414899713,0.9755,380.4825,2.2850,0.0000,0.069077,"0.069081;0.069443;0.069077;0.069041;0.068952",9.896418,101046.66,,12.53,0,6980,10,True,nid004438,56980328
SparseHNSW_a0.8_b4,"M=32 efC=200 ef=10 alpha=0.8 beta=4 q=u8",64,0.8931518625,0.9393,380.4825,2.2850,0.0000,0.035517,"0.035560;0.035617;0.035517;0.035186;0.035145",5.088395,196525.61,,12.53,0,6980,10,True,nid004438,56980328
SparseHNSW_a0.8_b4,"M=32 efC=200 ef=20 alpha=0.8 beta=4 q=u8",64,0.8931518625,0.9393,380.4825,2.2850,0.0000,0.035135,"0.035258;0.035089;0.035134;0.035135;0.035141",5.033668,198662.30,,12.53,0,6980,10,True,nid004438,56980328
SparseHNSW_a0.8_b4,"M=32 efC=200 ef=25 alpha=0.8 beta=4 q=u8",64,0.8931518625,0.9393,380.4825,2.2850,0.0000,0.035085,"0.034927;0.035155;0.035085;0.034935;0.035268",5.026504,198945.42,,12.53,0,6980,10,True,nid004438,56980328
SparseHNSW_a0.8_b4,"M=32 efC=200 ef=30 alpha=0.8 beta=4 q=u8",64,0.8931518625,0.9393,380.4825,2.2850,0.0000,0.035097,"0.035310;0.035159;0.035073;0.034929;0.035097",5.028223,198877.40,,12.53,0,6980,10,True,nid004438,56980328
SparseHNSW_a0.8_b4,"M=32 efC=200 ef=35 alpha=0.8 beta=4 q=u8",64,0.8931518625,0.9393,380.4825,2.2850,0.0000,0.034991,"0.034961;0.034991;0.034986;0.035006;0.035129",5.013037,199479.87,,12.53,0,6980,10,True,nid004438,56980328
SparseHNSW_a0.8_b4,"M=32 efC=200 ef=40 alpha=0.8 beta=4 q=u8",64,0.8931518625,0.9393,380.4825,2.2850,0.0000,0.035142,"0.035257;0.034950;0.035157;0.035133;0.035142",5.034670,198622.73,,12.53,0,6980,10,True,nid004438,56980328
SparseHNSW_a0.8_b4,"M=32 efC=200 ef=50 alpha=0.8 beta=4 q=u8",64,0.9087965616,0.9501,380.4825,2.2850,0.0000,0.041009,"0.041000;0.041347;0.040955;0.041021;0.041009",5.875215,170206.54,,12.53,0,6980,10,True,nid004438,56980328
SparseHNSW_a0.8_b4,"M=32 efC=200 ef=60 alpha=0.8 beta=4 q=u8",64,0.9182521490,0.9572,380.4825,2.2850,0.0000,0.046888,"0.046947;0.046743;0.047125;0.046888;0.046803",6.717479,148865.38,,12.53,0,6980,10,True,nid004438,56980328
SparseHNSW_a0.8_b4,"M=32 efC=200 ef=75 alpha=0.8 beta=4 q=u8",64,0.9300000000,0.9663,380.4825,2.2850,0.0000,0.055329,"0.055329;0.055514;0.055195;0.055299;0.055692",7.926791,126154.46,,12.53,0,6980,10,True,nid004438,56980328
SparseHNSW_a0.8_b4,"M=32 efC=200 ef=100 alpha=0.8 beta=4 q=u8",64,0.9429226361,0.9755,380.4825,2.2850,0.0000,0.069459,"0.069466;0.068647;0.069459;0.069499;0.068844",9.951146,100490.94,,12.53,0,6980,10,True,nid004438,56980328
SparseHNSW_a0.8_b5,"M=32 efC=200 ef=10 alpha=0.8 beta=5 q=u8",64,0.9092979943,0.9501,380.4825,2.2850,0.0000,0.041782,"0.042303;0.041782;0.041924;0.041685;0.041693",5.985960,167057.58,,12.53,0,6980,10,True,nid004438,56980328
SparseHNSW_a0.8_b5,"M=32 efC=200 ef=20 alpha=0.8 beta=5 q=u8",64,0.9092979943,0.9501,380.4825,2.2850,0.0000,0.041716,"0.041841;0.041744;0.041569;0.041539;0.041716",5.976504,167321.89,,12.53,0,6980,10,True,nid004438,56980328
SparseHNSW_a0.8_b5,"M=32 efC=200 ef=25 alpha=0.8 beta=5 q=u8",64,0.9092979943,0.9501,380.4825,2.2850,0.0000,0.041359,"0.041235;0.041464;0.041315;0.041359;0.041549",5.925358,168766.17,,12.53,0,6980,10,True,nid004438,56980328
SparseHNSW_a0.8_b5,"M=32 efC=200 ef=30 alpha=0.8 beta=5 q=u8",64,0.9092979943,0.9501,380.4825,2.2850,0.0000,0.041340,"0.041307;0.041252;0.041374;0.041340;0.041549",5.922636,168843.73,,12.53,0,6980,10,True,nid004438,56980328
SparseHNSW_a0.8_b5,"M=32 efC=200 ef=35 alpha=0.8 beta=5 q=u8",64,0.9092979943,0.9501,380.4825,2.2850,0.0000,0.041425,"0.041374;0.041425;0.041378;0.041504;0.041536",5.934814,168497.28,,12.53,0,6980,10,True,nid004438,56980328
SparseHNSW_a0.8_b5,"M=32 efC=200 ef=40 alpha=0.8 beta=5 q=u8",64,0.9092979943,0.9501,380.4825,2.2850,0.0000,0.041440,"0.041689;0.041502;0.041440;0.041385;0.041213",5.936963,168436.29,,12.53,0,6980,10,True,nid004438,56980328
SparseHNSW_a0.8_b5,"M=32 efC=200 ef=50 alpha=0.8 beta=5 q=u8",64,0.9092979943,0.9501,380.4825,2.2850,0.0000,0.041481,"0.041261;0.041387;0.041718;0.041843;0.041481",5.942837,168269.81,,12.53,0,6980,10,True,nid004438,56980328
SparseHNSW_a0.8_b5,"M=32 efC=200 ef=60 alpha=0.8 beta=5 q=u8",64,0.9187535817,0.9572,380.4825,2.2850,0.0000,0.047264,"0.047515;0.047264;0.047486;0.047008;0.047115",6.771347,147681.11,,12.53,0,6980,10,True,nid004438,56980328
SparseHNSW_a0.8_b5,"M=32 efC=200 ef=75 alpha=0.8 beta=5 q=u8",64,0.9304297994,0.9663,380.4825,2.2850,0.0000,0.055672,"0.055588;0.056227;0.055496;0.055933;0.055672",7.975931,125377.21,,12.53,0,6980,10,True,nid004438,56980328
SparseHNSW_a0.8_b5,"M=32 efC=200 ef=100 alpha=0.8 beta=5 q=u8",64,0.9433667622,0.9755,380.4825,2.2850,0.0000,0.069741,"0.069698;0.069741;0.069835;0.069415;0.070580",9.991547,100084.60,,12.53,0,6980,10,True,nid004438,56980328
SparseHNSW_a0.825_b1,"M=32 efC=200 ef=10 alpha=0.825 beta=1 q=u8",64,0.6908452722,0.5314,401.8942,2.2894,0.0000,0.013498,"0.012470;0.013517;0.013673;0.013479;0.013498",1.933811,517113.65,,12.65,0,6980,10,True,nid004438,56980328
SparseHNSW_a0.825_b1,"M=32 efC=200 ef=20 alpha=0.825 beta=1 q=u8",64,0.7738252149,0.6231,401.8942,2.2894,0.0000,0.021272,"0.021570;0.021315;0.021272;0.021161;0.020970",3.047564,328130.88,,12.65,0,6980,10,True,nid004438,56980328
SparseHNSW_a0.825_b1,"M=32 efC=200 ef=25 alpha=0.825 beta=1 q=u8",64,0.7911891117,0.6408,401.8942,2.2894,0.0000,0.024320,"0.024409;0.024325;0.024320;0.024175;0.024195",3.484241,287006.58,,12.65,0,6980,10,True,nid004438,56980328
SparseHNSW_a0.825_b1,"M=32 efC=200 ef=30 alpha=0.825 beta=1 q=u8",64,0.8066762178,0.6555,401.8942,2.2894,0.0000,0.027500,"0.027628;0.027518;0.027412;0.027500;0.027457",3.939828,253818.18,,12.65,0,6980,10,True,nid004438,56980328
SparseHNSW_a0.825_b1,"M=32 efC=200 ef=35 alpha=0.825 beta=1 q=u8",64,0.8161604585,0.6641,401.8942,2.2894,0.0000,0.030647,"0.030703;0.030781;0.030647;0.030550;0.030528",4.390688,227754.76,,12.65,0,6980,10,True,nid004438,56980328
SparseHNSW_a0.825_b1,"M=32 efC=200 ef=40 alpha=0.825 beta=1 q=u8",64,0.8248710602,0.6724,401.8942,2.2894,0.0000,0.033750,"0.033750;0.033736;0.033822;0.033689;0.033822",4.835244,206814.81,,12.65,0,6980,10,True,nid004438,56980328
SparseHNSW_a0.825_b1,"M=32 efC=200 ef=50 alpha=0.825 beta=1 q=u8",64,0.8365329513,0.6844,401.8942,2.2894,0.0000,0.040020,"0.040125;0.039916;0.040077;0.039739;0.040020",5.733524,174412.79,,12.65,0,6980,10,True,nid004438,56980328
SparseHNSW_a0.825_b1,"M=32 efC=200 ef=60 alpha=0.825 beta=1 q=u8",64,0.8431661891,0.6910,401.8942,2.2894,0.0000,0.045919,"0.045365;0.045515;0.045919;0.046068;0.045936",6.578653,152006.79,,12.65,0,6980,10,True,nid004438,56980328
SparseHNSW_a0.825_b1,"M=32 efC=200 ef=75 alpha=0.825 beta=1 q=u8",64,0.8534383954,0.7021,401.8942,2.2894,0.0000,0.054466,"0.054486;0.054427;0.054443;0.054466;0.054505",7.803152,128153.34,,12.65,0,6980,10,True,nid004438,56980328
SparseHNSW_a0.825_b1,"M=32 efC=200 ef=100 alpha=0.825 beta=1 q=u8",64,0.8643266476,0.7127,401.8942,2.2894,0.0000,0.068091,"0.067857;0.068091;0.068347;0.068737;0.068037",9.755158,102509.88,,12.65,0,6980,10,True,nid004438,56980328
SparseHNSW_a0.825_b2,"M=32 efC=200 ef=10 alpha=0.825 beta=2 q=u8",64,0.8330945559,0.8999,401.8942,2.2894,0.0000,0.022139,"0.022256;0.022154;0.022139;0.021970;0.021892",3.171777,315280.73,,12.65,0,6980,10,True,nid004438,56980328
SparseHNSW_a0.825_b2,"M=32 efC=200 ef=20 alpha=0.825 beta=2 q=u8",64,0.8330945559,0.8999,401.8942,2.2894,0.0000,0.021654,"0.021811;0.021654;0.021667;0.021621;0.021561",3.102292,322342.29,,12.65,0,6980,10,True,nid004438,56980328
SparseHNSW_a0.825_b2,"M=32 efC=200 ef=25 alpha=0.825 beta=2 q=u8",64,0.8536962751,0.9142,401.8942,2.2894,0.0000,0.024912,"0.024988;0.024973;0.024912;0.024900;0.024753",3.569054,280186.26,,12.65,0,6980,10,True,nid004438,56980328
SparseHNSW_a0.825_b2,"M=32 efC=200 ef=30 alpha=0.825 beta=2 q=u8",64,0.8719484241,0.9279,401.8942,2.2894,0.0000,0.028317,"0.028403;0.028317;0.028290;0.028321;0.028225",4.056877,246495.04,,12.65,0,6980,10,True,nid004438,56980328
SparseHNSW_a0.825_b2,"M=32 efC=200 ef=35 alpha=0.825 beta=2 q=u8",64,0.8833810888,0.9358,401.8942,2.2894,0.0000,0.031405,"0.031337;0.031405;0.031452;0.031364;0.031477",4.499284,222257.60,,12.65,0,6980,10,True,nid004438,56980328
SparseHNSW_a0.825_b2,"M=32 efC=200 ef=40 alpha=0.825 beta=2 q=u8",64,0.8933094556,0.9428,401.8942,2.2894,0.0000,0.034571,"0.034533;0.034419;0.034651;0.034606;0.034571",4.952865,201903.33,,12.65,0,6980,10,True,nid004438,56980328
SparseHNSW_a0.825_b2,"M=32 efC=200 ef=50 alpha=0.825 beta=2 q=u8",64,0.9067621777,0.9523,401.8942,2.2894,0.0000,0.040827,"0.041080;0.040738;0.040854;0.040689;0.040827",5.849140,170965.29,,12.65,0,6980,10,True,nid004438,56980328
SparseHNSW_a0.825_b2,"M=32 efC=200 ef=60 alpha=0.825 beta=2 q=u8",64,0.9143839542,0.9574,401.8942,2.2894,0.0000,0.046548,"0.046351;0.046548;0.046241;0.046601;0.046948",6.668768,149952.74,,12.65,0,6980,10,True,nid004438,56980328
SparseHNSW_a0.825_b2,"M=32 efC=200 ef=75 alpha=0.825 beta=2 q=u8",64,0.9258309456,0.9665,401.8942,2.2894,0.0000,0.054868,"0.054704;0.054868;0.054850;0.055003;0.055236",7.860745,127214.41,,12.65,0,6980,10,True,nid004438,56980328
SparseHNSW_a0.825_b2,"M=32 efC=200 ef=100 alpha=0.825 beta=2 q=u8",64,0.9380945559,0.9759,401.8942,2.2894,0.0000,0.069147,"0.068730;0.068834;0.069421;0.069151;0.069147",9.906447,100944.36,,12.65,0,6980,10,True,nid004438,56980328
SparseHNSW_a0.825_b3,"M=32 efC=200 ef=10 alpha=0.825 beta=3 q=u8",64,0.8753008596,0.9279,401.8942,2.2894,0.0000,0.029153,"0.029371;0.029451;0.029153;0.029091;0.028945",4.176648,239426.47,,12.65,0,6980,10,True,nid004438,56980328
SparseHNSW_a0.825_b3,"M=32 efC=200 ef=20 alpha=0.825 beta=3 q=u8",64,0.8753008596,0.9279,401.8942,2.2894,0.0000,0.028858,"0.028902;0.028825;0.028858;0.028753;0.028889",4.134384,241874.00,,12.65,0,6980,10,True,nid004438,56980328
SparseHNSW_a0.825_b3,"M=32 efC=200 ef=25 alpha=0.825 beta=3 q=u8",64,0.8753008596,0.9279,401.8942,2.2894,0.0000,0.028656,"0.028792;0.028656;0.028585;0.028724;0.028542",4.105444,243579.01,,12.65,0,6980,10,True,nid004438,56980328
SparseHNSW_a0.825_b3,"M=32 efC=200 ef=30 alpha=0.825 beta=3 q=u8",64,0.8753008596,0.9279,401.8942,2.2894,0.0000,0.028676,"0.028697;0.028816;0.028583;0.028676;0.028559",4.108309,243409.12,,12.65,0,6980,10,True,nid004438,56980328
SparseHNSW_a0.825_b3,"M=32 efC=200 ef=35 alpha=0.825 beta=3 q=u8",64,0.8868911175,0.9358,401.8942,2.2894,0.0000,0.031751,"0.031751;0.031863;0.031701;0.031847;0.031717",4.548854,219835.60,,12.65,0,6980,10,True,nid004438,56980328
SparseHNSW_a0.825_b3,"M=32 efC=200 ef=40 alpha=0.825 beta=3 q=u8",64,0.8969340974,0.9428,401.8942,2.2894,0.0000,0.035034,"0.034929;0.035091;0.035055;0.034681;0.035034",5.019198,199235.03,,12.65,0,6980,10,True,nid004438,56980328
SparseHNSW_a0.825_b3,"M=32 efC=200 ef=50 alpha=0.825 beta=3 q=u8",64,0.9106733524,0.9523,401.8942,2.2894,0.0000,0.041026,"0.040913;0.041026;0.041401;0.041222;0.040925",5.877650,170136.01,,12.65,0,6980,10,True,nid004438,56980328
SparseHNSW_a0.825_b3,"M=32 efC=200 ef=60 alpha=0.825 beta=3 q=u8",64,0.9185100287,0.9574,401.8942,2.2894,0.0000,0.046894,"0.047016;0.046867;0.046894;0.046913;0.046807",6.718338,148846.33,,12.65,0,6980,10,True,nid004438,56980328
SparseHNSW_a0.825_b3,"M=32 efC=200 ef=75 alpha=0.825 beta=3 q=u8",64,0.9301719198,0.9665,401.8942,2.2894,0.0000,0.055057,"0.055057;0.055118;0.055271;0.055031;0.054960",7.887822,126777.70,,12.65,0,6980,10,True,nid004438,56980328
SparseHNSW_a0.825_b3,"M=32 efC=200 ef=100 alpha=0.825 beta=3 q=u8",64,0.9426217765,0.9759,401.8942,2.2894,0.0000,0.069122,"0.069217;0.069122;0.069421;0.068570;0.068965",9.902865,100980.87,,12.65,0,6980,10,True,nid004438,56980328
SparseHNSW_a0.825_b4,"M=32 efC=200 ef=10 alpha=0.825 beta=4 q=u8",64,0.8977363897,0.9428,401.8942,2.2894,0.0000,0.035616,"0.035657;0.035693;0.035537;0.035616;0.035249",5.102579,195979.34,,12.65,0,6980,10,True,nid004438,56980328
SparseHNSW_a0.825_b4,"M=32 efC=200 ef=20 alpha=0.825 beta=4 q=u8",64,0.8977363897,0.9428,401.8942,2.2894,0.0000,0.035474,"0.035553;0.035474;0.035383;0.035354;0.035592",5.082235,196763.83,,12.65,0,6980,10,True,nid004438,56980328
SparseHNSW_a0.825_b4,"M=32 efC=200 ef=25 alpha=0.825 beta=4 q=u8",64,0.8977363897,0.9428,401.8942,2.2894,0.0000,0.035325,"0.035343;0.035379;0.035237;0.035124;0.035325",5.060888,197593.77,,12.65,0,6980,10,True,nid004438,56980328
SparseHNSW_a0.825_b4,"M=32 efC=200 ef=30 alpha=0.825 beta=4 q=u8",64,0.8977363897,0.9428,401.8942,2.2894,0.0000,0.035315,"0.035315;0.035363;0.035245;0.035310;0.035449",5.059456,197649.72,,12.65,0,6980,10,True,nid004438,56980328
SparseHNSW_a0.825_b4,"M=32 efC=200 ef=35 alpha=0.825 beta=4 q=u8",64,0.8977363897,0.9428,401.8942,2.2894,0.0000,0.035278,"0.035490;0.035418;0.035137;0.035255;0.035278",5.054155,197857.02,,12.65,0,6980,10,True,nid004438,56980328
SparseHNSW_a0.825_b4,"M=32 efC=200 ef=40 alpha=0.825 beta=4 q=u8",64,0.8977363897,0.9428,401.8942,2.2894,0.0000,0.035458,"0.035594;0.035458;0.035177;0.035425;0.035642",5.079943,196852.61,,12.65,0,6980,10,True,nid004438,56980328
SparseHNSW_a0.825_b4,"M=32 efC=200 ef=50 alpha=0.825 beta=4 q=u8",64,0.9115759312,0.9523,401.8942,2.2894,0.0000,0.041318,"0.041196;0.041329;0.041339;0.041318;0.041227",5.919484,168933.64,,12.65,0,6980,10,True,nid004438,56980328
SparseHNSW_a0.825_b4,"M=32 efC=200 ef=60 alpha=0.825 beta=4 q=u8",64,0.9195128940,0.9574,401.8942,2.2894,0.0000,0.047039,"0.046772;0.047039;0.047046;0.046841;0.047156",6.739112,148387.51,,12.65,0,6980,10,True,nid004438,56980328
SparseHNSW_a0.825_b4,"M=32 efC=200 ef=75 alpha=0.825 beta=4 q=u8",64,0.9312320917,0.9665,401.8942,2.2894,0.0000,0.055249,"0.055172;0.055096;0.055582;0.055249;0.055715",7.915330,126337.13,,12.65,0,6980,10,True,nid004438,56980328
SparseHNSW_a0.825_b4,"M=32 efC=200 ef=100 alpha=0.825 beta=4 q=u8",64,0.9437679083,0.9759,401.8942,2.2894,0.0000,0.068835,"0.069163;0.068675;0.069630;0.068679;0.068835",9.861748,101401.90,,12.65,0,6980,10,True,nid004438,56980328
SparseHNSW_a0.825_b5,"M=32 efC=200 ef=10 alpha=0.825 beta=5 q=u8",64,0.9117765043,0.9523,401.8942,2.2894,0.0000,0.042040,"0.042040;0.041995;0.042073;0.042185;0.041698",6.022923,166032.35,,12.65,0,6980,10,True,nid004438,56980328
SparseHNSW_a0.825_b5,"M=32 efC=200 ef=20 alpha=0.825 beta=5 q=u8",64,0.9117765043,0.9523,401.8942,2.2894,0.0000,0.041793,"0.041793;0.041970;0.041572;0.041724;0.042034",5.987536,167013.61,,12.65,0,6980,10,True,nid004438,56980328
SparseHNSW_a0.825_b5,"M=32 efC=200 ef=25 alpha=0.825 beta=5 q=u8",64,0.9117765043,0.9523,401.8942,2.2894,0.0000,0.041898,"0.041709;0.042092;0.041755;0.041898;0.041985",6.002579,166595.06,,12.65,0,6980,10,True,nid004438,56980328
SparseHNSW_a0.825_b5,"M=32 efC=200 ef=30 alpha=0.825 beta=5 q=u8",64,0.9117765043,0.9523,401.8942,2.2894,0.0000,0.041679,"0.041607;0.041546;0.041679;0.041679;0.041799",5.971203,167470.43,,12.65,0,6980,10,True,nid004438,56980328
SparseHNSW_a0.825_b5,"M=32 efC=200 ef=35 alpha=0.825 beta=5 q=u8",64,0.9117765043,0.9523,401.8942,2.2894,0.0000,0.041718,"0.041619;0.041473;0.041943;0.042064;0.041718",5.976791,167313.87,,12.65,0,6980,10,True,nid004438,56980328
SparseHNSW_a0.825_b5,"M=32 efC=200 ef=40 alpha=0.825 beta=5 q=u8",64,0.9117765043,0.9523,401.8942,2.2894,0.0000,0.041776,"0.041918;0.041776;0.041535;0.042144;0.041721",5.985100,167081.58,,12.65,0,6980,10,True,nid004438,56980328
SparseHNSW_a0.825_b5,"M=32 efC=200 ef=50 alpha=0.825 beta=5 q=u8",64,0.9117765043,0.9523,401.8942,2.2894,0.0000,0.041701,"0.041642;0.041701;0.041707;0.041793;0.041553",5.974355,167382.08,,12.65,0,6980,10,True,nid004438,56980328
SparseHNSW_a0.825_b5,"M=32 efC=200 ef=60 alpha=0.825 beta=5 q=u8",64,0.9197134670,0.9574,401.8942,2.2894,0.0000,0.047535,"0.047474;0.047837;0.048070;0.047535;0.047398",6.810172,146839.17,,12.65,0,6980,10,True,nid004438,56980328
SparseHNSW_a0.825_b5,"M=32 efC=200 ef=75 alpha=0.825 beta=5 q=u8",64,0.9314613181,0.9665,401.8942,2.2894,0.0000,0.055802,"0.055861;0.055360;0.055802;0.055698;0.056090",7.994556,125085.12,,12.65,0,6980,10,True,nid004438,56980328
SparseHNSW_a0.825_b5,"M=32 efC=200 ef=100 alpha=0.825 beta=5 q=u8",64,0.9440257880,0.9759,401.8942,2.2894,0.0000,0.069778,"0.068680;0.069299;0.069958;0.069778;0.069994",9.996848,100031.53,,12.65,0,6980,10,True,nid004438,56980328
SparseHNSW_a0.85_b1,"M=32 efC=200 ef=10 alpha=0.85 beta=1 q=u8",64,0.6933954155,0.5354,425.7598,2.2839,0.0000,0.013593,"0.012505;0.013498;0.013645;0.013640;0.013593",1.947421,513499.60,,12.74,0,6980,10,True,nid004438,56980328
SparseHNSW_a0.85_b1,"M=32 efC=200 ef=20 alpha=0.85 beta=1 q=u8",64,0.7807306590,0.6291,425.7598,2.2839,0.0000,0.021504,"0.021804;0.021537;0.021504;0.021263;0.021273",3.080802,324590.77,,12.74,0,6980,10,True,nid004438,56980328
SparseHNSW_a0.85_b1,"M=32 efC=200 ef=25 alpha=0.85 beta=1 q=u8",64,0.8008882521,0.6516,425.7598,2.2839,0.0000,0.024530,"0.024849;0.024648;0.024455;0.024497;0.024530",3.514327,284549.53,,12.74,0,6980,10,True,nid004438,56980328
SparseHNSW_a0.85_b1,"M=32 efC=200 ef=30 alpha=0.85 beta=1 q=u8",64,0.8160601719,0.6647,425.7598,2.2839,0.0000,0.027825,"0.027907;0.027824;0.027825;0.027837;0.027688",3.986390,250853.55,,12.74,0,6980,10,True,nid004438,56980328
SparseHNSW_a0.85_b1,"M=32 efC=200 ef=35 alpha=0.85 beta=1 q=u8",64,0.8243696275,0.6746,425.7598,2.2839,0.0000,0.031029,"0.031037;0.030947;0.031029;0.031013;0.031088",4.445415,224950.85,,12.74,0,6980,10,True,nid004438,56980328
SparseHNSW_a0.85_b1,"M=32 efC=200 ef=40 alpha=0.85 beta=1 q=u8",64,0.8333094556,0.6833,425.7598,2.2839,0.0000,0.034210,"0.034190;0.034242;0.034252;0.034055;0.034210",4.901146,204033.91,,12.74,0,6980,10,True,nid004438,56980328
SparseHNSW_a0.85_b1,"M=32 efC=200 ef=50 alpha=0.85 beta=1 q=u8",64,0.8473782235,0.6976,425.7598,2.2839,0.0000,0.040649,"0.040649;0.040610;0.040839;0.040708;0.040477",5.823639,171713.94,,12.74,0,6980,10,True,nid004438,56980328
SparseHNSW_a0.85_b1,"M=32 efC=200 ef=60 alpha=0.85 beta=1 q=u8",64,0.8564326648,0.7060,425.7598,2.2839,0.0000,0.046707,"0.046887;0.046398;0.046742;0.046707;0.046649",6.691547,149442.27,,12.74,0,6980,10,True,nid004438,56980328
SparseHNSW_a0.85_b1,"M=32 efC=200 ef=75 alpha=0.85 beta=1 q=u8",64,0.8667335244,0.7172,425.7598,2.2839,0.0000,0.055404,"0.055404;0.055519;0.055379;0.055612;0.055316",7.937536,125983.68,,12.74,0,6980,10,True,nid004438,56980328
SparseHNSW_a0.85_b1,"M=32 efC=200 ef=100 alpha=0.85 beta=1 q=u8",64,0.8785386819,0.7291,425.7598,2.2839,0.0000,0.069910,"0.070010;0.070213;0.069302;0.069721;0.069910",10.015759,99842.65,,12.74,0,6980,10,True,nid004438,56980328
SparseHNSW_a0.85_b2,"M=32 efC=200 ef=10 alpha=0.85 beta=2 q=u8",64,0.8319770774,0.8968,425.7598,2.2839,0.0000,0.022342,"0.022625;0.022433;0.022342;0.022271;0.022211",3.200860,312416.08,,12.75,0,6980,10,True,nid004438,56980328
SparseHNSW_a0.85_b2,"M=32 efC=200 ef=20 alpha=0.85 beta=2 q=u8",64,0.8319770774,0.8968,425.7598,2.2839,0.0000,0.021894,"0.022016;0.021899;0.021894;0.021825;0.021893",3.136676,318808.81,,12.75,0,6980,10,True,nid004438,56980328
SparseHNSW_a0.85_b2,"M=32 efC=200 ef=25 alpha=0.85 beta=2 q=u8",64,0.8550429799,0.9135,425.7598,2.2839,0.0000,0.025144,"0.025228;0.025253;0.025144;0.025037;0.025111",3.602292,277601.02,,12.75,0,6980,10,True,nid004438,56980328
SparseHNSW_a0.85_b2,"M=32 efC=200 ef=30 alpha=0.85 beta=2 q=u8",64,0.8728366762,0.9258,425.7598,2.2839,0.0000,0.028498,"0.028498;0.028379;0.028539;0.028514;0.028414",4.082808,244929.47,,12.75,0,6980,10,True,nid004438,56980328
SparseHNSW_a0.85_b2,"M=32 efC=200 ef=35 alpha=0.85 beta=2 q=u8",64,0.8827220630,0.9319,425.7598,2.2839,0.0000,0.031693,"0.031664;0.031693;0.031708;0.031600;0.031741",4.540544,220237.91,,12.75,0,6980,10,True,nid004438,56980328
SparseHNSW_a0.85_b2,"M=32 efC=200 ef=40 alpha=0.85 beta=2 q=u8",64,0.8928653295,0.9391,425.7598,2.2839,0.0000,0.034740,"0.034787;0.034829;0.034666;0.034614;0.034740",4.977077,200921.13,,12.75,0,6980,10,True,nid004438,56980328
SparseHNSW_a0.85_b2,"M=32 efC=200 ef=50 alpha=0.85 beta=2 q=u8",64,0.9086103152,0.9521,425.7598,2.2839,0.0000,0.041223,"0.041255;0.041223;0.041144;0.041246;0.041160",5.905874,169322.95,,12.75,0,6980,10,True,nid004438,56980328
SparseHNSW_a0.85_b2,"M=32 efC=200 ef=60 alpha=0.85 beta=2 q=u8",64,0.9186246418,0.9590,425.7598,2.2839,0.0000,0.047283,"0.047283;0.047262;0.047294;0.047214;0.047295",6.774069,147621.77,,12.75,0,6980,10,True,nid004438,56980328
SparseHNSW_a0.85_b2,"M=32 efC=200 ef=75 alpha=0.85 beta=2 q=u8",64,0.9301146132,0.9675,425.7598,2.2839,0.0000,0.056166,"0.056166;0.056395;0.055799;0.056152;0.056225",8.046705,124274.47,,12.75,0,6980,10,True,nid004438,56980328
SparseHNSW_a0.85_b2,"M=32 efC=200 ef=100 alpha=0.85 beta=2 q=u8",64,0.9429512894,0.9774,425.7598,2.2839,0.0000,0.070751,"0.070434;0.070177;0.070751;0.071022;0.070917",10.136246,98655.85,,12.75,0,6980,10,True,nid004438,56980328
SparseHNSW_a0.85_b3,"M=32 efC=200 ef=10 alpha=0.85 beta=3 q=u8",64,0.8752005731,0.9258,425.7598,2.2839,0.0000,0.029366,"0.029575;0.029680;0.029366;0.029365;0.029152",4.207163,237689.85,,12.75,0,6980,10,True,nid004438,56980328
SparseHNSW_a0.85_b3,"M=32 efC=200 ef=20 alpha=0.85 beta=3 q=u8",64,0.8752005731,0.9258,425.7598,2.2839,0.0000,0.029106,"0.029185;0.029106;0.029106;0.029021;0.028901",4.169914,239813.10,,12.75,0,6980,10,True,nid004438,56980328
SparseHNSW_a0.85_b3,"M=32 efC=200 ef=25 alpha=0.85 beta=3 q=u8",64,0.8752005731,0.9258,425.7598,2.2839,0.0000,0.028928,"0.028954;0.028978;0.028928;0.028841;0.028879",4.144413,241288.72,,12.75,0,6980,10,True,nid004438,56980328
SparseHNSW_a0.85_b3,"M=32 efC=200 ef=30 alpha=0.85 beta=3 q=u8",64,0.8752005731,0.9258,425.7598,2.2839,0.0000,0.028840,"0.028816;0.028887;0.028785;0.028840;0.028885",4.131805,242024.97,,12.75,0,6980,10,True,nid004438,56980328
SparseHNSW_a0.85_b3,"M=32 efC=200 ef=35 alpha=0.85 beta=3 q=u8",64,0.8851432665,0.9319,425.7598,2.2839,0.0000,0.032091,"0.032104;0.032001;0.032091;0.032115;0.032090",4.597564,217506.47,,12.75,0,6980,10,True,nid004438,56980328
SparseHNSW_a0.85_b3,"M=32 efC=200 ef=40 alpha=0.85 beta=3 q=u8",64,0.8954154728,0.9391,425.7598,2.2839,0.0000,0.035154,"0.035166;0.035134;0.035132;0.035154;0.035220",5.036390,198554.93,,12.75,0,6980,10,True,nid004438,56980328
SparseHNSW_a0.85_b3,"M=32 efC=200 ef=50 alpha=0.85 beta=3 q=u8",64,0.9112750716,0.9521,425.7598,2.2839,0.0000,0.041505,"0.041648;0.041564;0.041503;0.041485;0.041505",5.946275,168172.51,,12.75,0,6980,10,True,nid004438,56980328
SparseHNSW_a0.85_b3,"M=32 efC=200 ef=60 alpha=0.85 beta=3 q=u8",64,0.9212750716,0.9590,425.7598,2.2839,0.0000,0.047631,"0.047597;0.047815;0.047643;0.047631;0.047237",6.823926,146543.22,,12.75,0,6980,10,True,nid004438,56980328
SparseHNSW_a0.85_b3,"M=32 efC=200 ef=75 alpha=0.85 beta=3 q=u8",64,0.9329226361,0.9675,425.7598,2.2839,0.0000,0.056222,"0.055824;0.056574;0.055745;0.056222;0.056519",8.054728,124150.69,,12.75,0,6980,10,True,nid004438,56980328
SparseHNSW_a0.85_b3,"M=32 efC=200 ef=100 alpha=0.85 beta=3 q=u8",64,0.9459312321,0.9774,425.7598,2.2839,0.0000,0.070819,"0.070370;0.070650;0.071470;0.070819;0.071342",10.145989,98561.12,,12.75,0,6980,10,True,nid004438,56980328
SparseHNSW_a0.85_b4,"M=32 efC=200 ef=10 alpha=0.85 beta=4 q=u8",64,0.8958739255,0.9391,425.7598,2.2839,0.0000,0.036107,"0.036116;0.036107;0.036153;0.036039;0.035853",5.172923,193314.32,,12.75,0,6980,10,True,nid004438,56980328
SparseHNSW_a0.85_b4,"M=32 efC=200 ef=20 alpha=0.85 beta=4 q=u8",64,0.8958739255,0.9391,425.7598,2.2839,0.0000,0.035760,"0.036049;0.035760;0.035611;0.035637;0.035833",5.123209,195190.16,,12.75,0,6980,10,True,nid004438,56980328
SparseHNSW_a0.85_b4,"M=32 efC=200 ef=25 alpha=0.85 beta=4 q=u8",64,0.8958739255,0.9391,425.7598,2.2839,0.0000,0.035638,"0.035638;0.035839;0.035630;0.035595;0.035674",5.105731,195858.35,,12.75,0,6980,10,True,nid004438,56980328
SparseHNSW_a0.85_b4,"M=32 efC=200 ef=30 alpha=0.85 beta=4 q=u8",64,0.8958739255,0.9391,425.7598,2.2839,0.0000,0.035649,"0.035649;0.035645;0.035702;0.035703;0.035563",5.107307,195797.92,,12.75,0,6980,10,True,nid004438,56980328
SparseHNSW_a0.85_b4,"M=32 efC=200 ef=35 alpha=0.85 beta=4 q=u8",64,0.8958739255,0.9391,425.7598,2.2839,0.0000,0.035660,"0.035660;0.035787;0.035487;0.035447;0.035719",5.108883,195737.52,,12.75,0,6980,10,True,nid004438,56980328
SparseHNSW_a0.85_b4,"M=32 efC=200 ef=40 alpha=0.85 beta=4 q=u8",64,0.8958739255,0.9391,425.7598,2.2839,0.0000,0.035560,"0.035463;0.035610;0.035704;0.035560;0.035525",5.094556,196287.96,,12.75,0,6980,10,True,nid004438,56980328
SparseHNSW_a0.85_b4,"M=32 efC=200 ef=50 alpha=0.85 beta=4 q=u8",64,0.9117191977,0.9521,425.7598,2.2839,0.0000,0.042020,"0.042020;0.042196;0.041971;0.042123;0.041714",6.020057,166111.38,,12.75,0,6980,10,True,nid004438,56980328
SparseHNSW_a0.85_b4,"M=32 efC=200 ef=60 alpha=0.85 beta=4 q=u8",64,0.9217765043,0.9590,425.7598,2.2839,0.0000,0.047936,"0.048034;0.047753;0.048125;0.047561;0.047936",6.867622,145610.81,,12.75,0,6980,10,True,nid004438,56980328
SparseHNSW_a0.85_b4,"M=32 efC=200 ef=75 alpha=0.85 beta=4 q=u8",64,0.9334527221,0.9675,425.7598,2.2839,0.0000,0.056751,"0.056750;0.056751;0.056855;0.057154;0.056641",8.130516,122993.43,,12.75,0,6980,10,True,nid004438,56980328
SparseHNSW_a0.85_b4,"M=32 efC=200 ef=100 alpha=0.85 beta=4 q=u8",64,0.9465329513,0.9774,425.7598,2.2839,0.0000,0.071189,"0.071473;0.070975;0.071189;0.070728;0.071459",10.198997,98048.86,,12.75,0,6980,10,True,nid004438,56980328
SparseHNSW_a0.85_b5,"M=32 efC=200 ef=10 alpha=0.85 beta=5 q=u8",64,0.9117765043,0.9521,425.7598,2.2839,0.0000,0.042684,"0.042771;0.042684;0.042916;0.042374;0.042463",6.115186,163527.32,,12.75,0,6980,10,True,nid004438,56980328
SparseHNSW_a0.85_b5,"M=32 efC=200 ef=20 alpha=0.85 beta=5 q=u8",64,0.9117765043,0.9521,425.7598,2.2839,0.0000,0.042618,"0.042618;0.042425;0.042429;0.042695;0.042622",6.105731,163780.56,,12.75,0,6980,10,True,nid004438,56980328
SparseHNSW_a0.85_b5,"M=32 efC=200 ef=25 alpha=0.85 beta=5 q=u8",64,0.9117765043,0.9521,425.7598,2.2839,0.0000,0.042320,"0.042499;0.042320;0.042457;0.042272;0.042313",6.063037,164933.84,,12.75,0,6980,10,True,nid004438,56980328
SparseHNSW_a0.85_b5,"M=32 efC=200 ef=30 alpha=0.85 beta=5 q=u8",64,0.9117765043,0.9521,425.7598,2.2839,0.0000,0.042419,"0.042629;0.042586;0.042386;0.042217;0.042419",6.077221,164548.90,,12.75,0,6980,10,True,nid004438,56980328
SparseHNSW_a0.85_b5,"M=32 efC=200 ef=35 alpha=0.85 beta=5 q=u8",64,0.9117765043,0.9521,425.7598,2.2839,0.0000,0.042462,"0.042524;0.042420;0.042420;0.042677;0.042462",6.083381,164382.27,,12.75,0,6980,10,True,nid004438,56980328
SparseHNSW_a0.85_b5,"M=32 efC=200 ef=40 alpha=0.85 beta=5 q=u8",64,0.9117765043,0.9521,425.7598,2.2839,0.0000,0.042381,"0.042524;0.042328;0.042420;0.042373;0.042381",6.071777,164696.44,,12.75,0,6980,10,True,nid004438,56980328
SparseHNSW_a0.85_b5,"M=32 efC=200 ef=50 alpha=0.85 beta=5 q=u8",64,0.9117765043,0.9521,425.7598,2.2839,0.0000,0.042233,"0.042625;0.042233;0.042213;0.042182;0.042514",6.050573,165273.60,,12.75,0,6980,10,True,nid004438,56980328
SparseHNSW_a0.85_b5,"M=32 efC=200 ef=60 alpha=0.85 beta=5 q=u8",64,0.9218481375,0.9590,425.7598,2.2839,0.0000,0.048251,"0.048435;0.048291;0.048185;0.048251;0.048161",6.912751,144660.21,,12.75,0,6980,10,True,nid004438,56980328
SparseHNSW_a0.85_b5,"M=32 efC=200 ef=75 alpha=0.85 beta=5 q=u8",64,0.9335530086,0.9675,425.7598,2.2839,0.0000,0.056917,"0.056917;0.056985;0.056662;0.056792;0.056997",8.154298,122634.71,,12.75,0,6980,10,True,nid004438,56980328
SparseHNSW_a0.85_b5,"M=32 efC=200 ef=100 alpha=0.85 beta=5 q=u8",64,0.9466475645,0.9774,425.7598,2.2839,0.0000,0.071585,"0.071476;0.071585;0.071810;0.071362;0.071677",10.255731,97506.46,,12.75,0,6980,10,True,nid004438,56980328
SparseHNSW_a0.9_b1,"M=32 efC=200 ef=10 alpha=0.9 beta=1 q=u8",64,0.7102148997,0.5447,483.1347,2.2640,0.0000,0.014294,"0.012943;0.014172;0.014353;0.014350;0.014294",2.047851,488316.78,,13.02,0,6980,10,True,nid004438,56980328
SparseHNSW_a0.9_b1,"M=32 efC=200 ef=20 alpha=0.9 beta=1 q=u8",64,0.8015329513,0.6568,483.1347,2.2640,0.0000,0.022121,"0.022380;0.022217;0.022121;0.021931;0.021853",3.169198,315537.27,,13.02,0,6980,10,True,nid004438,56980328
SparseHNSW_a0.9_b1,"M=32 efC=200 ef=25 alpha=0.9 beta=1 q=u8",64,0.8214613181,0.6802,483.1347,2.2640,0.0000,0.025270,"0.025456;0.025270;0.025340;0.025214;0.025190",3.620344,276216.86,,13.02,0,6980,10,True,nid004438,56980328
SparseHNSW_a0.9_b1,"M=32 efC=200 ef=30 alpha=0.9 beta=1 q=u8",64,0.8360028653,0.6943,483.1347,2.2640,0.0000,0.028645,"0.028732;0.028728;0.028547;0.028545;0.028645",4.103868,243672.54,,13.02,0,6980,10,True,nid004438,56980328
SparseHNSW_a0.9_b1,"M=32 efC=200 ef=35 alpha=0.9 beta=1 q=u8",64,0.8463610315,0.7062,483.1347,2.2640,0.0000,0.031874,"0.031933;0.031951;0.031874;0.031770;0.031828",4.566476,218987.26,,13.02,0,6980,10,True,nid004438,56980328
SparseHNSW_a0.9_b1,"M=32 efC=200 ef=40 alpha=0.9 beta=1 q=u8",64,0.8556590258,0.7169,483.1347,2.2640,0.0000,0.035342,"0.035312;0.035342;0.035368;0.035312;0.035363",5.063324,197498.73,,13.02,0,6980,10,True,nid004438,56980328
SparseHNSW_a0.9_b1,"M=32 efC=200 ef=50 alpha=0.9 beta=1 q=u8",64,0.8663037249,0.7296,483.1347,2.2640,0.0000,0.041656,"0.041420;0.041655;0.041656;0.041771;0.041833",5.967908,167562.90,,13.02,0,6980,10,True,nid004438,56980328
SparseHNSW_a0.9_b1,"M=32 efC=200 ef=60 alpha=0.9 beta=1 q=u8",64,0.8766189112,0.7407,483.1347,2.2640,0.0000,0.048257,"0.048139;0.048327;0.048091;0.048257;0.048353",6.913610,144642.23,,13.02,0,6980,10,True,nid004438,56980328
SparseHNSW_a0.9_b1,"M=32 efC=200 ef=75 alpha=0.9 beta=1 q=u8",64,0.8883667622,0.7540,483.1347,2.2640,0.0000,0.057573,"0.057579;0.057566;0.057437;0.057680;0.057573",8.248281,121237.39,,13.02,0,6980,10,True,nid004438,56980328
SparseHNSW_a0.9_b1,"M=32 efC=200 ef=100 alpha=0.9 beta=1 q=u8",64,0.8998710602,0.7670,483.1347,2.2640,0.0000,0.072591,"0.072313;0.072827;0.072734;0.072134;0.072591",10.399857,96155.17,,13.02,0,6980,10,True,nid004438,56980328
SparseHNSW_a0.9_b2,"M=32 efC=200 ef=10 alpha=0.9 beta=2 q=u8",64,0.8343266476,0.8989,483.1347,2.2640,0.0000,0.022858,"0.023208;0.023023;0.022858;0.022748;0.022626",3.274785,305363.55,,13.03,0,6980,10,True,nid004438,56980328
SparseHNSW_a0.9_b2,"M=32 efC=200 ef=20 alpha=0.9 beta=2 q=u8",64,0.8343266476,0.8989,483.1347,2.2640,0.0000,0.022404,"0.022502;0.022404;0.022404;0.022283;0.022262",3.209742,311551.51,,13.03,0,6980,10,True,nid004438,56980328
SparseHNSW_a0.9_b2,"M=32 efC=200 ef=25 alpha=0.9 beta=2 q=u8",64,0.8566905444,0.9140,483.1347,2.2640,0.0000,0.025814,"0.025850;0.025814;0.025851;0.025709;0.025691",3.698281,270395.91,,13.03,0,6980,10,True,nid004438,56980328
SparseHNSW_a0.9_b2,"M=32 efC=200 ef=30 alpha=0.9 beta=2 q=u8",64,0.8730659026,0.9254,483.1347,2.2640,0.0000,0.029275,"0.029275;0.029263;0.029400;0.029406;0.029195",4.194126,238428.69,,13.03,0,6980,10,True,nid004438,56980328
SparseHNSW_a0.9_b2,"M=32 efC=200 ef=35 alpha=0.9 beta=2 q=u8",64,0.8845988539,0.9332,483.1347,2.2640,0.0000,0.032550,"0.032733;0.032684;0.032550;0.032539;0.032498",4.663324,214439.32,,13.03,0,6980,10,True,nid004438,56980328
SparseHNSW_a0.9_b2,"M=32 efC=200 ef=40 alpha=0.9 beta=2 q=u8",64,0.8945845272,0.9400,483.1347,2.2640,0.0000,0.036032,"0.035970;0.036066;0.036032;0.036206;0.035992",5.162178,193716.70,,13.03,0,6980,10,True,nid004438,56980328
SparseHNSW_a0.9_b2,"M=32 efC=200 ef=50 alpha=0.9 beta=2 q=u8",64,0.9065042980,0.9480,483.1347,2.2640,0.0000,0.042370,"0.042209;0.042370;0.042416;0.042307;0.042380",6.070201,164739.20,,13.03,0,6980,10,True,nid004438,56980328
SparseHNSW_a0.9_b2,"M=32 efC=200 ef=60 alpha=0.9 beta=2 q=u8",64,0.9177936963,0.9569,483.1347,2.2640,0.0000,0.048580,"0.048437;0.048540;0.048755;0.048586;0.048580",6.959885,143680.53,,13.03,0,6980,10,True,nid004438,56980328
SparseHNSW_a0.9_b2,"M=32 efC=200 ef=75 alpha=0.9 beta=2 q=u8",64,0.9305157593,0.9658,483.1347,2.2640,0.0000,0.057995,"0.058040;0.058136;0.057968;0.057917;0.057995",8.308739,120355.20,,13.03,0,6980,10,True,nid004438,56980328
SparseHNSW_a0.9_b2,"M=32 efC=200 ef=100 alpha=0.9 beta=2 q=u8",64,0.9430515759,0.9752,483.1347,2.2640,0.0000,0.072861,"0.072861;0.072508;0.073025;0.072731;0.073309",10.438539,95798.85,,13.03,0,6980,10,True,nid004438,56980328
SparseHNSW_a0.9_b3,"M=32 efC=200 ef=10 alpha=0.9 beta=3 q=u8",64,0.8736819484,0.9254,483.1347,2.2640,0.0000,0.030295,"0.030724;0.030526;0.030295;0.030183;0.030127",4.340258,230401.06,,13.03,0,6980,10,True,nid004438,56980328
SparseHNSW_a0.9_b3,"M=32 efC=200 ef=20 alpha=0.9 beta=3 q=u8",64,0.8736819484,0.9254,483.1347,2.2640,0.0000,0.029886,"0.029907;0.029958;0.029886;0.029740;0.029718",4.281662,233554.17,,13.03,0,6980,10,True,nid004438,56980328
SparseHNSW_a0.9_b3,"M=32 efC=200 ef=25 alpha=0.9 beta=3 q=u8",64,0.8736819484,0.9254,483.1347,2.2640,0.0000,0.029658,"0.029658;0.029737;0.029625;0.029627;0.029696",4.248997,235349.65,,13.03,0,6980,10,True,nid004438,56980328
SparseHNSW_a0.9_b3,"M=32 efC=200 ef=30 alpha=0.9 beta=3 q=u8",64,0.8736819484,0.9254,483.1347,2.2640,0.0000,0.029632,"0.029661;0.029654;0.029632;0.029529;0.029547",4.245272,235556.16,,13.03,0,6980,10,True,nid004438,56980328
SparseHNSW_a0.9_b3,"M=32 efC=200 ef=35 alpha=0.9 beta=3 q=u8",64,0.8852148997,0.9332,483.1347,2.2640,0.0000,0.032886,"0.032955;0.032886;0.032869;0.032897;0.032746",4.711461,212248.37,,13.03,0,6980,10,True,nid004438,56980328
SparseHNSW_a0.9_b3,"M=32 efC=200 ef=40 alpha=0.9 beta=3 q=u8",64,0.8952148997,0.9400,483.1347,2.2640,0.0000,0.036400,"0.036374;0.036288;0.036409;0.036406;0.036400",5.214900,191758.24,,13.03,0,6980,10,True,nid004438,56980328
SparseHNSW_a0.9_b3,"M=32 efC=200 ef=50 alpha=0.9 beta=3 q=u8",64,0.9071489971,0.9480,483.1347,2.2640,0.0000,0.042579,"0.042599;0.042632;0.042533;0.042499;0.042579",6.100143,163930.58,,13.03,0,6980,10,True,nid004438,56980328
SparseHNSW_a0.9_b3,"M=32 efC=200 ef=60 alpha=0.9 beta=3 q=u8",64,0.9184813754,0.9569,483.1347,2.2640,0.0000,0.048971,"0.048764;0.048909;0.048971;0.049003;0.048996",7.015903,142533.34,,13.03,0,6980,10,True,nid004438,56980328
SparseHNSW_a0.9_b3,"M=32 efC=200 ef=75 alpha=0.9 beta=3 q=u8",64,0.9312320917,0.9658,483.1347,2.2640,0.0000,0.058458,"0.058415;0.058346;0.058811;0.058458;0.058542",8.375072,119401.96,,13.03,0,6980,10,True,nid004438,56980328
SparseHNSW_a0.9_b3,"M=32 efC=200 ef=100 alpha=0.9 beta=3 q=u8",64,0.9438108883,0.9752,483.1347,2.2640,0.0000,0.072966,"0.073268;0.073163;0.072966;0.072951;0.072831",10.453582,95660.99,,13.03,0,6980,10,True,nid004438,56980328
SparseHNSW_a0.9_b4,"M=32 efC=200 ef=10 alpha=0.9 beta=4 q=u8",64,0.8953008596,0.9400,483.1347,2.2640,0.0000,0.037397,"0.037423;0.037520;0.037397;0.037299;0.037103",5.357736,186645.99,,13.03,0,6980,10,True,nid004438,56980328
SparseHNSW_a0.9_b4,"M=32 efC=200 ef=20 alpha=0.9 beta=4 q=u8",64,0.8953008596,0.9400,483.1347,2.2640,0.0000,0.036960,"0.037127;0.036979;0.036960;0.036855;0.036935",5.295129,188852.81,,13.03,0,6980,10,True,nid004438,56980328
SparseHNSW_a0.9_b4,"M=32 efC=200 ef=25 alpha=0.9 beta=4 q=u8",64,0.8953008596,0.9400,483.1347,2.2640,0.0000,0.036871,"0.036779;0.036875;0.036663;0.036871;0.036999",5.282378,189308.67,,13.03,0,6980,10,True,nid004438,56980328
SparseHNSW_a0.9_b4,"M=32 efC=200 ef=30 alpha=0.9 beta=4 q=u8",64,0.8953008596,0.9400,483.1347,2.2640,0.0000,0.036755,"0.036847;0.036898;0.036755;0.036692;0.036629",5.265759,189906.14,,13.03,0,6980,10,True,nid004438,56980328
SparseHNSW_a0.9_b4,"M=32 efC=200 ef=35 alpha=0.9 beta=4 q=u8",64,0.8953008596,0.9400,483.1347,2.2640,0.0000,0.036638,"0.036750;0.036694;0.036638;0.036567;0.036520",5.248997,190512.58,,13.03,0,6980,10,True,nid004438,56980328
SparseHNSW_a0.9_b4,"M=32 efC=200 ef=40 alpha=0.9 beta=4 q=u8",64,0.8953008596,0.9400,483.1347,2.2640,0.0000,0.036622,"0.036532;0.036663;0.036622;0.036602;0.036663",5.246705,190595.82,,13.03,0,6980,10,True,nid004438,56980328
SparseHNSW_a0.9_b4,"M=32 efC=200 ef=50 alpha=0.9 beta=4 q=u8",64,0.9072349570,0.9480,483.1347,2.2640,0.0000,0.042752,"0.042737;0.042887;0.042777;0.042624;0.042752",6.124928,163267.22,,13.03,0,6980,10,True,nid004438,56980328
SparseHNSW_a0.9_b4,"M=32 efC=200 ef=60 alpha=0.9 beta=4 q=u8",64,0.9185673352,0.9569,483.1347,2.2640,0.0000,0.049260,"0.049171;0.049306;0.049176;0.049286;0.049260",7.057307,141697.12,,13.03,0,6980,10,True,nid004438,56980328
SparseHNSW_a0.9_b4,"M=32 efC=200 ef=75 alpha=0.9 beta=4 q=u8",64,0.9313323782,0.9658,483.1347,2.2640,0.0000,0.058648,"0.058812;0.058615;0.058676;0.058454;0.058648",8.402292,119015.14,,13.03,0,6980,10,True,nid004438,56980328
SparseHNSW_a0.9_b4,"M=32 efC=200 ef=100 alpha=0.9 beta=4 q=u8",64,0.9439111748,0.9752,483.1347,2.2640,0.0000,0.073734,"0.073562;0.073842;0.073734;0.073847;0.073614",10.563610,94664.61,,13.03,0,6980,10,True,nid004438,56980328
SparseHNSW_a0.9_b5,"M=32 efC=200 ef=10 alpha=0.9 beta=5 q=u8",64,0.9072349570,0.9480,483.1347,2.2640,0.0000,0.043652,"0.044098;0.043815;0.043652;0.043547;0.043553",6.253868,159901.04,,13.03,0,6980,10,True,nid004438,56980328
SparseHNSW_a0.9_b5,"M=32 efC=200 ef=20 alpha=0.9 beta=5 q=u8",64,0.9072349570,0.9480,483.1347,2.2640,0.0000,0.043466,"0.043598;0.043465;0.043466;0.043699;0.043448",6.227221,160585.29,,13.03,0,6980,10,True,nid004438,56980328
SparseHNSW_a0.9_b5,"M=32 efC=200 ef=25 alpha=0.9 beta=5 q=u8",64,0.9072349570,0.9480,483.1347,2.2640,0.0000,0.043424,"0.043403;0.043424;0.043646;0.043429;0.043325",6.221203,160740.60,,13.03,0,6980,10,True,nid004438,56980328
SparseHNSW_a0.9_b5,"M=32 efC=200 ef=30 alpha=0.9 beta=5 q=u8",64,0.9072349570,0.9480,483.1347,2.2640,0.0000,0.043302,"0.043258;0.043420;0.043302;0.043267;0.043358",6.203725,161193.48,,13.03,0,6980,10,True,nid004438,56980328
SparseHNSW_a0.9_b5,"M=32 efC=200 ef=35 alpha=0.9 beta=5 q=u8",64,0.9072349570,0.9480,483.1347,2.2640,0.0000,0.043364,"0.043227;0.043364;0.043491;0.043637;0.043203",6.212607,160963.01,,13.03,0,6980,10,True,nid004438,56980328
SparseHNSW_a0.9_b5,"M=32 efC=200 ef=40 alpha=0.9 beta=5 q=u8",64,0.9072349570,0.9480,483.1347,2.2640,0.0000,0.043411,"0.043251;0.043411;0.043511;0.043247;0.043482",6.219341,160788.74,,13.03,0,6980,10,True,nid004438,56980328
SparseHNSW_a0.9_b5,"M=32 efC=200 ef=50 alpha=0.9 beta=5 q=u8",64,0.9072349570,0.9480,483.1347,2.2640,0.0000,0.043391,"0.043344;0.043391;0.043697;0.043396;0.043201",6.216476,160862.85,,13.03,0,6980,10,True,nid004438,56980328
SparseHNSW_a0.9_b5,"M=32 efC=200 ef=60 alpha=0.9 beta=5 q=u8",64,0.9185673352,0.9569,483.1347,2.2640,0.0000,0.049687,"0.049652;0.050005;0.049625;0.049687;0.049766",7.118481,140479.40,,13.03,0,6980,10,True,nid004438,56980328
SparseHNSW_a0.9_b5,"M=32 efC=200 ef=75 alpha=0.9 beta=5 q=u8",64,0.9313323782,0.9658,483.1347,2.2640,0.0000,0.058846,"0.058962;0.058637;0.058846;0.058954;0.058831",8.430659,118614.69,,13.03,0,6980,10,True,nid004438,56980328
SparseHNSW_a0.9_b5,"M=32 efC=200 ef=100 alpha=0.9 beta=5 q=u8",64,0.9439111748,0.9752,483.1347,2.2640,0.0000,0.073694,"0.073535;0.073694;0.074054;0.073196;0.073964",10.557880,94715.99,,13.03,0,6980,10,True,nid004438,56980328
