Model,Params,Threads,Recall,RR@10,IndexSec,LoadSec,ConvertSec,SearchSecMedian,SearchSecRuns,AmortizedUsPerQuery,QPS,LatencyUsSingleThread,PeakRSSGB,IndexBytes,NumQueries,K,ResultsOrdered,Host,JobID
SparseHNSW_a0.6_b1_s0x0,"M=32 efC=200 ef=10 alpha=0.6 beta=1 q=u8",64,0.5797994269,0.4757,255.5934,8.5990,0.0000,0.013839,"0.014464;0.014127;0.013839;0.013762;0.013628",1.982665,504371.70,,11.98,0,6980,10,True,nid006032,57240766
SparseHNSW_a0.6_b1_s0x0,"M=32 efC=200 ef=20 alpha=0.6 beta=1 q=u8",64,0.6454441261,0.5381,255.5934,8.5990,0.0000,0.021721,"0.022081;0.021825;0.021721;0.021565;0.021632",3.111891,321348.00,,11.98,0,6980,10,True,nid006032,57240766
SparseHNSW_a0.6_b1_s0x0,"M=32 efC=200 ef=50 alpha=0.6 beta=1 q=u8",64,0.7047277937,0.5905,255.5934,8.5990,0.0000,0.042383,"0.042432;0.042383;0.042473;0.042350;0.042372",6.072063,164688.67,,11.98,0,6980,10,True,nid006032,57240766
SparseHNSW_a0.6_b1_s0x0,"M=32 efC=200 ef=100 alpha=0.6 beta=1 q=u8",64,0.7308595989,0.6094,255.5934,8.5990,0.0000,0.071344,"0.071277;0.071381;0.071240;0.071344;0.071440",10.221203,97835.84,,11.98,0,6980,10,True,nid006032,57240766
SparseHNSW_a0.6_b1_s0x0,"M=32 efC=200 ef=200 alpha=0.6 beta=1 q=u8",64,0.7452435530,0.6222,255.5934,8.5990,0.0000,0.125006,"0.125006;0.125107;0.124981;0.124803;0.125165",17.909169,55837.32,,11.98,0,6980,10,True,nid006032,57240766
SparseHNSW_a0.6_b1_s0x0,"M=32 efC=200 ef=400 alpha=0.6 beta=1 q=u8",64,0.7520487106,0.6286,255.5934,8.5990,0.0000,0.225274,"0.225027;0.225212;0.225274;0.225305;0.225396",32.274212,30984.49,,11.98,0,6980,10,True,nid006032,57240766
SparseHNSW_a0.6_b1_s0x0,"M=32 efC=200 ef=800 alpha=0.6 beta=1 q=u8",64,0.7561891117,0.6324,255.5934,8.5990,0.0000,0.418932,"0.419469;0.418169;0.419790;0.418932;0.418666",60.018911,16661.42,,11.98,0,6980,10,True,nid006032,57240766
SparseHNSW_a0.6_b1_s0x0,"M=32 efC=200 ef=1600 alpha=0.6 beta=1 q=u8",64,0.7592836676,0.6357,255.5934,8.5990,0.0000,0.803457,"0.803457;0.803416;0.804046;0.804342;0.803063",115.108453,8687.46,,11.98,0,6980,10,True,nid006032,57240766
SparseHNSW_a0.6_b1_s0x0,"M=32 efC=200 ef=3200 alpha=0.6 beta=1 q=u8",64,0.7615616046,0.6385,255.5934,8.5990,0.0000,1.570448,"1.570262;1.569830;1.571503;1.570540;1.570448",224.992550,4444.59,,12.03,0,6980,10,True,nid006032,57240766
SparseHNSW_a0.6_b2_s0x0,"M=32 efC=200 ef=10 alpha=0.6 beta=2 q=u8",64,0.7614613181,0.8796,255.5934,8.5990,0.0000,0.022866,"0.023245;0.023084;0.022866;0.022819;0.022816",3.275931,305256.71,,12.03,0,6980,10,True,nid006032,57240766
SparseHNSW_a0.6_b2_s0x0,"M=32 efC=200 ef=20 alpha=0.6 beta=2 q=u8",64,0.7614613181,0.8796,255.5934,8.5990,0.0000,0.022600,"0.022601;0.022555;0.022633;0.022600;0.022512",3.237822,308849.56,,12.03,0,6980,10,True,nid006032,57240766
SparseHNSW_a0.6_b2_s0x0,"M=32 efC=200 ef=50 alpha=0.6 beta=2 q=u8",64,0.8348853868,0.9455,255.5934,8.5990,0.0000,0.042996,"0.042996;0.043113;0.043022;0.042973;0.042992",6.159885,162340.68,,12.03,0,6980,10,True,nid006032,57240766
SparseHNSW_a0.6_b2_s0x0,"M=32 efC=200 ef=100 alpha=0.6 beta=2 q=u8",64,0.8667048711,0.9751,255.5934,8.5990,0.0000,0.071951,"0.071951;0.071934;0.072126;0.071892;0.071993",10.308166,97010.47,,12.03,0,6980,10,True,nid006032,57240766
SparseHNSW_a0.6_b2_s0x0,"M=32 efC=200 ef=200 alpha=0.6 beta=2 q=u8",64,0.8842263610,0.9894,255.5934,8.5990,0.0000,0.125663,"0.125534;0.125691;0.125663;0.125762;0.125427",18.003295,55545.39,,12.03,0,6980,10,True,nid006032,57240766
SparseHNSW_a0.6_b2_s0x0,"M=32 efC=200 ef=400 alpha=0.6 beta=2 q=u8",64,0.8932234957,0.9951,255.5934,8.5990,0.0000,0.225826,"0.225787;0.225911;0.225829;0.225826;0.225703",32.353295,30908.75,,12.03,0,6980,10,True,nid006032,57240766
SparseHNSW_a0.6_b2_s0x0,"M=32 efC=200 ef=800 alpha=0.6 beta=2 q=u8",64,0.8982808023,0.9977,255.5934,8.5990,0.0000,0.419081,"0.419081;0.419326;0.418531;0.419002;0.419403",60.040258,16655.49,,12.03,0,6980,10,True,nid006032,57240766
SparseHNSW_a0.6_b2_s0x0,"M=32 efC=200 ef=1600 alpha=0.6 beta=2 q=u8",64,0.9024928367,0.9990,255.5934,8.5990,0.0000,0.803450,"0.804445;0.803071;0.802908;0.803450;0.803451",115.107450,8687.54,,12.03,0,6980,10,True,nid006032,57240766
SparseHNSW_a0.6_b2_s0x0,"M=32 efC=200 ef=3200 alpha=0.6 beta=2 q=u8",64,0.9058022923,0.9999,255.5934,8.5990,0.0000,1.571078,"1.570828;1.571078;1.570288;1.571669;1.572118",225.082808,4442.81,,12.03,0,6980,10,True,nid006032,57240766
SparseHNSW_a0.6_b3_s0x0,"M=32 efC=200 ef=10 alpha=0.6 beta=3 q=u8",64,0.8274785100,0.9120,255.5934,8.5990,0.0000,0.030549,"0.030601;0.030591;0.030549;0.030446;0.030335",4.376648,228485.38,,12.03,0,6980,10,True,nid006032,57240766
SparseHNSW_a0.6_b3_s0x0,"M=32 efC=200 ef=20 alpha=0.6 beta=3 q=u8",64,0.8274785100,0.9120,255.5934,8.5990,0.0000,0.030215,"0.030215;0.030118;0.030249;0.030125;0.030222",4.328797,231011.09,,12.03,0,6980,10,True,nid006032,57240766
SparseHNSW_a0.6_b3_s0x0,"M=32 efC=200 ef=50 alpha=0.6 beta=3 q=u8",64,0.8671776504,0.9456,255.5934,8.5990,0.0000,0.043377,"0.043412;0.043377;0.043179;0.043313;0.043494",6.214470,160914.77,,12.03,0,6980,10,True,nid006032,57240766
SparseHNSW_a0.6_b3_s0x0,"M=32 efC=200 ef=100 alpha=0.6 beta=3 q=u8",64,0.9008739255,0.9751,255.5934,8.5990,0.0000,0.072198,"0.072227;0.072405;0.071995;0.072198;0.072116",10.343553,96678.58,,12.03,0,6980,10,True,nid006032,57240766
SparseHNSW_a0.6_b3_s0x0,"M=32 efC=200 ef=200 alpha=0.6 beta=3 q=u8",64,0.9194985673,0.9894,255.5934,8.5990,0.0000,0.125922,"0.125841;0.126015;0.126243;0.125767;0.125922",18.040401,55431.14,,12.03,0,6980,10,True,nid006032,57240766
SparseHNSW_a0.6_b3_s0x0,"M=32 efC=200 ef=400 alpha=0.6 beta=3 q=u8",64,0.9289828080,0.9951,255.5934,8.5990,0.0000,0.225997,"0.225738;0.225997;0.226166;0.226321;0.225914",32.377794,30885.37,,12.03,0,6980,10,True,nid006032,57240766
SparseHNSW_a0.6_b3_s0x0,"M=32 efC=200 ef=800 alpha=0.6 beta=3 q=u8",64,0.9343123209,0.9977,255.5934,8.5990,0.0000,0.419597,"0.419581;0.419162;0.419597;0.419678;0.419801",60.114183,16635.01,,12.03,0,6980,10,True,nid006032,57240766
SparseHNSW_a0.6_b3_s0x0,"M=32 efC=200 ef=1600 alpha=0.6 beta=3 q=u8",64,0.9387106017,0.9990,255.5934,8.5990,0.0000,0.804473,"0.804473;0.804653;0.805150;0.803883;0.804294",115.254011,8676.49,,12.03,0,6980,10,True,nid006032,57240766
SparseHNSW_a0.6_b3_s0x0,"M=32 efC=200 ef=3200 alpha=0.6 beta=3 q=u8",64,0.9422206304,0.9999,255.5934,8.5990,0.0000,1.570849,"1.570849;1.570156;1.572491;1.570766;1.571528",225.050000,4443.46,,12.03,0,6980,10,True,nid006032,57240766
SparseHNSW_a0.6_b4_s0x0,"M=32 efC=200 ef=10 alpha=0.6 beta=4 q=u8",64,0.8639828080,0.9310,255.5934,8.5990,0.0000,0.037441,"0.037585;0.037356;0.037611;0.037441;0.037304",5.364040,186426.64,,12.03,0,6980,10,True,nid006032,57240766
SparseHNSW_a0.6_b4_s0x0,"M=32 efC=200 ef=20 alpha=0.6 beta=4 q=u8",64,0.8639828080,0.9310,255.5934,8.5990,0.0000,0.037376,"0.037382;0.037376;0.037530;0.037242;0.037119",5.354728,186750.86,,12.03,0,6980,10,True,nid006032,57240766
SparseHNSW_a0.6_b4_s0x0,"M=32 efC=200 ef=50 alpha=0.6 beta=4 q=u8",64,0.8811747851,0.9456,255.5934,8.5990,0.0000,0.043651,"0.043685;0.043594;0.043587;0.043699;0.043651",6.253725,159904.70,,12.03,0,6980,10,True,nid006032,57240766
SparseHNSW_a0.6_b4_s0x0,"M=32 efC=200 ef=100 alpha=0.6 beta=4 q=u8",64,0.9159025788,0.9751,255.5934,8.5990,0.0000,0.072497,"0.072430;0.072452;0.072497;0.072591;0.072560",10.386390,96279.85,,12.03,0,6980,10,True,nid006032,57240766
SparseHNSW_a0.6_b4_s0x0,"M=32 efC=200 ef=200 alpha=0.6 beta=4 q=u8",64,0.9353295129,0.9894,255.5934,8.5990,0.0000,0.126112,"0.126112;0.125698;0.126265;0.126010;0.126145",18.067622,55347.63,,12.03,0,6980,10,True,nid006032,57240766
SparseHNSW_a0.6_b4_s0x0,"M=32 efC=200 ef=400 alpha=0.6 beta=4 q=u8",64,0.9451862464,0.9951,255.5934,8.5990,0.0000,0.226315,"0.225847;0.226496;0.226538;0.226315;0.226229",32.423352,30841.97,,12.03,0,6980,10,True,nid006032,57240766
SparseHNSW_a0.6_b4_s0x0,"M=32 efC=200 ef=800 alpha=0.6 beta=4 q=u8",64,0.9506876791,0.9977,255.5934,8.5990,0.0000,0.419770,"0.420019;0.419770;0.419522;0.419489;0.420410",60.138968,16628.15,,12.03,0,6980,10,True,nid006032,57240766
SparseHNSW_a0.6_b4_s0x0,"M=32 efC=200 ef=1600 alpha=0.6 beta=4 q=u8",64,0.9552578797,0.9990,255.5934,8.5990,0.0000,0.805134,"0.805208;0.803777;0.805148;0.805134;0.804421",115.348711,8669.36,,12.03,0,6980,10,True,nid006032,57240766
SparseHNSW_a0.6_b4_s0x0,"M=32 efC=200 ef=3200 alpha=0.6 beta=4 q=u8",64,0.9589111748,0.9999,255.5934,8.5990,0.0000,1.571707,"1.572365;1.571187;1.571707;1.571874;1.571113",225.172923,4441.03,,12.03,0,6980,10,True,nid006032,57240766
SparseHNSW_a0.6_b5_s0x0,"M=32 efC=200 ef=10 alpha=0.6 beta=5 q=u8",64,0.8884527221,0.9456,255.5934,8.5990,0.0000,0.043843,"0.043819;0.044032;0.043843;0.044037;0.043706",6.281232,159204.43,,12.03,0,6980,10,True,nid006032,57240766
SparseHNSW_a0.6_b5_s0x0,"M=32 efC=200 ef=20 alpha=0.6 beta=5 q=u8",64,0.8884527221,0.9456,255.5934,8.5990,0.0000,0.044002,"0.044233;0.043855;0.044002;0.044150;0.043995",6.304011,158629.15,,12.03,0,6980,10,True,nid006032,57240766
SparseHNSW_a0.6_b5_s0x0,"M=32 efC=200 ef=50 alpha=0.6 beta=5 q=u8",64,0.8884527221,0.9456,255.5934,8.5990,0.0000,0.044025,"0.044247;0.044025;0.044033;0.043901;0.043940",6.307307,158546.28,,12.03,0,6980,10,True,nid006032,57240766
SparseHNSW_a0.6_b5_s0x0,"M=32 efC=200 ef=100 alpha=0.6 beta=5 q=u8",64,0.9237392550,0.9751,255.5934,8.5990,0.0000,0.072815,"0.072815;0.072649;0.072681;0.072975;0.073153",10.431948,95859.37,,12.03,0,6980,10,True,nid006032,57240766
SparseHNSW_a0.6_b5_s0x0,"M=32 efC=200 ef=200 alpha=0.6 beta=5 q=u8",64,0.9433094556,0.9894,255.5934,8.5990,0.0000,0.126162,"0.126158;0.126162;0.126358;0.126023;0.126616",18.074785,55325.69,,12.03,0,6980,10,True,nid006032,57240766
SparseHNSW_a0.6_b5_s0x0,"M=32 efC=200 ef=400 alpha=0.6 beta=5 q=u8",64,0.9533524355,0.9951,255.5934,8.5990,0.0000,0.226696,"0.226358;0.226757;0.226696;0.226616;0.226734",32.477937,30790.13,,12.03,0,6980,10,True,nid006032,57240766
SparseHNSW_a0.6_b5_s0x0,"M=32 efC=200 ef=800 alpha=0.6 beta=5 q=u8",64,0.9590544413,0.9977,255.5934,8.5990,0.0000,0.420531,"0.420658;0.420403;0.420427;0.421351;0.420531",60.247994,16598.06,,12.03,0,6980,10,True,nid006032,57240766
SparseHNSW_a0.6_b5_s0x0,"M=32 efC=200 ef=1600 alpha=0.6 beta=5 q=u8",64,0.9636962751,0.9990,255.5934,8.5990,0.0000,0.805307,"0.805915;0.805307;0.805118;0.804963;0.805780",115.373496,8667.50,,12.03,0,6980,10,True,nid006032,57240766
SparseHNSW_a0.6_b5_s0x0,"M=32 efC=200 ef=3200 alpha=0.6 beta=5 q=u8",64,0.9675071633,0.9999,255.5934,8.5990,0.0000,1.572245,"1.572940;1.572907;1.572166;1.572245;1.572227",225.250000,4439.51,,12.03,0,6980,10,True,nid006032,57240766
SparseHNSW_a0.6_b6_s0x0,"M=32 efC=200 ef=10 alpha=0.6 beta=6 q=u8",64,0.9034813754,0.9552,255.5934,8.5990,0.0000,0.050081,"0.050030;0.050081;0.050100;0.050273;0.049909",7.174928,139374.21,,12.03,0,6980,10,True,nid006032,57240766
SparseHNSW_a0.6_b6_s0x0,"M=32 efC=200 ef=20 alpha=0.6 beta=6 q=u8",64,0.9034813754,0.9552,255.5934,8.5990,0.0000,0.050513,"0.050601;0.050513;0.050301;0.050203;0.050523",7.236819,138182.25,,12.03,0,6980,10,True,nid006032,57240766
SparseHNSW_a0.6_b6_s0x0,"M=32 efC=200 ef=50 alpha=0.6 beta=6 q=u8",64,0.9034813754,0.9552,255.5934,8.5990,0.0000,0.050341,"0.050341;0.050272;0.050505;0.050462;0.050287",7.212178,138654.38,,12.03,0,6980,10,True,nid006032,57240766
SparseHNSW_a0.6_b6_s0x0,"M=32 efC=200 ef=100 alpha=0.6 beta=6 q=u8",64,0.9286676218,0.9751,255.5934,8.5990,0.0000,0.073120,"0.072971;0.073291;0.073043;0.073240;0.073120",10.475645,95459.52,,12.03,0,6980,10,True,nid006032,57240766
SparseHNSW_a0.6_b6_s0x0,"M=32 efC=200 ef=200 alpha=0.6 beta=6 q=u8",64,0.9484383954,0.9894,255.5934,8.5990,0.0000,0.126656,"0.127348;0.126656;0.126568;0.126545;0.126971",18.145559,55109.90,,12.03,0,6980,10,True,nid006032,57240766
SparseHNSW_a0.6_b6_s0x0,"M=32 efC=200 ef=400 alpha=0.6 beta=6 q=u8",64,0.9587965616,0.9951,255.5934,8.5990,0.0000,0.226822,"0.226975;0.226351;0.226822;0.226817;0.226979",32.495989,30773.03,,12.03,0,6980,10,True,nid006032,57240766
SparseHNSW_a0.6_b6_s0x0,"M=32 efC=200 ef=800 alpha=0.6 beta=6 q=u8",64,0.9645272206,0.9977,255.5934,8.5990,0.0000,0.420161,"0.420444;0.419847;0.419523;0.420161;0.420376",60.194986,16612.68,,12.03,0,6980,10,True,nid006032,57240766
SparseHNSW_a0.6_b6_s0x0,"M=32 efC=200 ef=1600 alpha=0.6 beta=6 q=u8",64,0.9691833811,0.9990,255.5934,8.5990,0.0000,0.806139,"0.806321;0.807131;0.805122;0.806139;0.804890",115.492693,8658.56,,12.03,0,6980,10,True,nid006032,57240766
SparseHNSW_a0.6_b6_s0x0,"M=32 efC=200 ef=3200 alpha=0.6 beta=6 q=u8",64,0.9729942693,0.9999,255.5934,8.5990,0.0000,1.572197,"1.573359;1.572567;1.572197;1.571400;1.571826",225.243123,4439.65,,12.03,0,6980,10,True,nid006032,57240766
SparseHNSW_a0.6_b8_s0x0,"M=32 efC=200 ef=10 alpha=0.6 beta=8 q=u8",64,0.9224641834,0.9668,255.5934,8.5990,0.0000,0.062519,"0.062819;0.062296;0.062456;0.062519;0.062556",8.956877,111646.06,,12.03,0,6980,10,True,nid006032,57240766
SparseHNSW_a0.6_b8_s0x0,"M=32 efC=200 ef=20 alpha=0.6 beta=8 q=u8",64,0.9224641834,0.9668,255.5934,8.5990,0.0000,0.062392,"0.062296;0.062303;0.062713;0.062392;0.062508",8.938682,111873.32,,12.03,0,6980,10,True,nid006032,57240766
SparseHNSW_a0.6_b8_s0x0,"M=32 efC=200 ef=50 alpha=0.6 beta=8 q=u8",64,0.9224641834,0.9668,255.5934,8.5990,0.0000,0.062573,"0.062727;0.062483;0.062558;0.062612;0.062573",8.964613,111549.71,,12.03,0,6980,10,True,nid006032,57240766
SparseHNSW_a0.6_b8_s0x0,"M=32 efC=200 ef=100 alpha=0.6 beta=8 q=u8",64,0.9333667622,0.9751,255.5934,8.5990,0.0000,0.073843,"0.073751;0.073479;0.073843;0.073861;0.073925",10.579226,94524.87,,12.03,0,6980,10,True,nid006032,57240766
SparseHNSW_a0.6_b8_s0x0,"M=32 efC=200 ef=200 alpha=0.6 beta=8 q=u8",64,0.9534670487,0.9894,255.5934,8.5990,0.0000,0.127339,"0.127339;0.127082;0.127332;0.127387;0.127407",18.243410,54814.31,,12.03,0,6980,10,True,nid006032,57240766
SparseHNSW_a0.6_b8_s0x0,"M=32 efC=200 ef=400 alpha=0.6 beta=8 q=u8",64,0.9639398281,0.9953,255.5934,8.5990,0.0000,0.227377,"0.227377;0.227768;0.227170;0.227144;0.227486",32.575501,30697.92,,12.03,0,6980,10,True,nid006032,57240766
SparseHNSW_a0.6_b8_s0x0,"M=32 efC=200 ef=800 alpha=0.6 beta=8 q=u8",64,0.9696848138,0.9979,255.5934,8.5990,0.0000,0.421081,"0.421038;0.421081;0.421435;0.421388;0.420818",60.326791,16576.38,,12.03,0,6980,10,True,nid006032,57240766
SparseHNSW_a0.6_b8_s0x0,"M=32 efC=200 ef=1600 alpha=0.6 beta=8 q=u8",64,0.9744699140,0.9991,255.5934,8.5990,0.0000,0.805093,"0.805364;0.806383;0.805093;0.804817;0.804167",115.342837,8669.81,,12.03,0,6980,10,True,nid006032,57240766
SparseHNSW_a0.6_b8_s0x0,"M=32 efC=200 ef=3200 alpha=0.6 beta=8 q=u8",64,0.9783381089,0.9999,255.5934,8.5990,0.0000,1.573020,"1.573020;1.573258;1.571504;1.571806;1.574039",225.361032,4437.32,,12.04,0,6980,10,True,nid006032,57240766
SparseHNSW_a0.6_b1_s8x4,"M=32 efC=200 ef=10 alpha=0.6 beta=1 q=u8 seedT=8 seedH=8 seedS=4",64,0.7201432665,0.6003,255.5934,8.5990,0.0000,0.027629,"0.028035;0.027822;0.027629;0.027492;0.027491",3.958309,252633.10,,12.04,0,6980,10,True,nid006032,57240766
SparseHNSW_a0.6_b1_s8x4,"M=32 efC=200 ef=20 alpha=0.6 beta=1 q=u8 seedT=8 seedH=8 seedS=4",64,0.7201432665,0.6003,255.5934,8.5990,0.0000,0.027260,"0.027384;0.027292;0.027181;0.027260;0.027224",3.905444,256052.82,,12.04,0,6980,10,True,nid006032,57240766
SparseHNSW_a0.6_b1_s8x4,"M=32 efC=200 ef=50 alpha=0.6 beta=1 q=u8 seedT=8 seedH=8 seedS=4",64,0.7332664756,0.6131,255.5934,8.5990,0.0000,0.038337,"0.038337;0.038312;0.038272;0.038355;0.038442",5.492407,182069.54,,12.04,0,6980,10,True,nid006032,57240766
SparseHNSW_a0.6_b1_s8x4,"M=32 efC=200 ef=100 alpha=0.6 beta=1 q=u8 seedT=8 seedH=8 seedS=4",64,0.7456017192,0.6218,255.5934,8.5990,0.0000,0.066703,"0.066544;0.066708;0.066685;0.066703;0.066827",9.556304,104642.97,,12.04,0,6980,10,True,nid006032,57240766
SparseHNSW_a0.6_b1_s8x4,"M=32 efC=200 ef=200 alpha=0.6 beta=1 q=u8 seedT=8 seedH=8 seedS=4",64,0.7517335244,0.6272,255.5934,8.5990,0.0000,0.119524,"0.119744;0.119314;0.119663;0.119511;0.119524",17.123782,58398.31,,12.04,0,6980,10,True,nid006032,57240766
SparseHNSW_a0.6_b1_s8x4,"M=32 efC=200 ef=400 alpha=0.6 beta=1 q=u8 seedT=8 seedH=8 seedS=4",64,0.7556303725,0.6310,255.5934,8.5990,0.0000,0.219847,"0.219796;0.219783;0.219934;0.219847;0.219868",31.496705,31749.35,,12.04,0,6980,10,True,nid006032,57240766
SparseHNSW_a0.6_b1_s8x4,"M=32 efC=200 ef=800 alpha=0.6 beta=1 q=u8 seedT=8 seedH=8 seedS=4",64,0.7586246418,0.6341,255.5934,8.5990,0.0000,0.415373,"0.415704;0.414902;0.415570;0.415373;0.415305",59.509026,16804.17,,12.04,0,6980,10,True,nid006032,57240766
SparseHNSW_a0.6_b1_s8x4,"M=32 efC=200 ef=1600 alpha=0.6 beta=1 q=u8 seedT=8 seedH=8 seedS=4",64,0.7608595989,0.6375,255.5934,8.5990,0.0000,0.801085,"0.801085;0.800609;0.801693;0.801178;0.801071",114.768625,8713.18,,12.04,0,6980,10,True,nid006032,57240766
SparseHNSW_a0.6_b1_s8x4,"M=32 efC=200 ef=3200 alpha=0.6 beta=1 q=u8 seedT=8 seedH=8 seedS=4",64,0.7623065903,0.6393,255.5934,8.5990,0.0000,1.570211,"1.569268;1.570696;1.570218;1.569366;1.570211",224.958596,4445.26,,12.04,0,6980,10,True,nid006032,57240766
SparseHNSW_a0.6_b2_s8x4,"M=32 efC=200 ef=10 alpha=0.6 beta=2 q=u8 seedT=8 seedH=8 seedS=4",64,0.8511461318,0.9691,255.5934,8.5990,0.0000,0.028564,"0.028651;0.028728;0.028498;0.028564;0.028384",4.092264,244363.53,,12.04,0,6980,10,True,nid006032,57240766
SparseHNSW_a0.6_b2_s8x4,"M=32 efC=200 ef=20 alpha=0.6 beta=2 q=u8 seedT=8 seedH=8 seedS=4",64,0.8511461318,0.9691,255.5934,8.5990,0.0000,0.028162,"0.028285;0.028124;0.028162;0.028216;0.028116",4.034670,247851.72,,12.04,0,6980,10,True,nid006032,57240766
SparseHNSW_a0.6_b2_s8x4,"M=32 efC=200 ef=50 alpha=0.6 beta=2 q=u8 seedT=8 seedH=8 seedS=4",64,0.8681088825,0.9804,255.5934,8.5990,0.0000,0.039001,"0.038898;0.039128;0.038987;0.039001;0.039084",5.587536,178969.77,,12.04,0,6980,10,True,nid006032,57240766
SparseHNSW_a0.6_b2_s8x4,"M=32 efC=200 ef=100 alpha=0.6 beta=2 q=u8 seedT=8 seedH=8 seedS=4",64,0.8837679083,0.9918,255.5934,8.5990,0.0000,0.067285,"0.067285;0.067498;0.067168;0.067220;0.067329",9.639685,103737.83,,12.04,0,6980,10,True,nid006032,57240766
SparseHNSW_a0.6_b2_s8x4,"M=32 efC=200 ef=200 alpha=0.6 beta=2 q=u8 seedT=8 seedH=8 seedS=4",64,0.8919484241,0.9958,255.5934,8.5990,0.0000,0.120165,"0.120352;0.119981;0.120023;0.120249;0.120165",17.215616,58086.80,,12.04,0,6980,10,True,nid006032,57240766
SparseHNSW_a0.6_b2_s8x4,"M=32 efC=200 ef=400 alpha=0.6 beta=2 q=u8 seedT=8 seedH=8 seedS=4",64,0.8974212034,0.9980,255.5934,8.5990,0.0000,0.220571,"0.220678;0.220240;0.220767;0.220557;0.220571",31.600430,31645.14,,12.04,0,6980,10,True,nid006032,57240766
SparseHNSW_a0.6_b2_s8x4,"M=32 efC=200 ef=800 alpha=0.6 beta=2 q=u8 seedT=8 seedH=8 seedS=4",64,0.9012607450,0.9990,255.5934,8.5990,0.0000,0.416185,"0.416132;0.416185;0.415514;0.416202;0.416788",59.625358,16771.39,,12.04,0,6980,10,True,nid006032,57240766
SparseHNSW_a0.6_b2_s8x4,"M=32 efC=200 ef=1600 alpha=0.6 beta=2 q=u8 seedT=8 seedH=8 seedS=4",64,0.9045702006,0.9997,255.5934,8.5990,0.0000,0.802296,"0.801624;0.802219;0.802710;0.802652;0.802296",114.942120,8700.03,,12.04,0,6980,10,True,nid006032,57240766
SparseHNSW_a0.6_b2_s8x4,"M=32 efC=200 ef=3200 alpha=0.6 beta=2 q=u8 seedT=8 seedH=8 seedS=4",64,0.9068624642,1.0000,255.5934,8.5990,0.0000,1.570185,"1.570185;1.569975;1.570294;1.569166;1.570872",224.954871,4445.34,,12.04,0,6980,10,True,nid006032,57240766
SparseHNSW_a0.6_b3_s8x4,"M=32 efC=200 ef=10 alpha=0.6 beta=3 q=u8 seedT=8 seedH=8 seedS=4",64,0.8829369628,0.9693,255.5934,8.5990,0.0000,0.028888,"0.029003;0.029060;0.028888;0.028808;0.028751",4.138682,241622.82,,12.04,0,6980,10,True,nid006032,57240766
SparseHNSW_a0.6_b3_s8x4,"M=32 efC=200 ef=20 alpha=0.6 beta=3 q=u8 seedT=8 seedH=8 seedS=4",64,0.8829369628,0.9693,255.5934,8.5990,0.0000,0.028675,"0.028682;0.028675;0.028640;0.028562;0.028785",4.108166,243417.61,,12.04,0,6980,10,True,nid006032,57240766
SparseHNSW_a0.6_b3_s8x4,"M=32 efC=200 ef=50 alpha=0.6 beta=3 q=u8 seedT=8 seedH=8 seedS=4",64,0.9013610315,0.9806,255.5934,8.5990,0.0000,0.039450,"0.039416;0.039474;0.039395;0.039459;0.039450",5.651862,176932.83,,12.04,0,6980,10,True,nid006032,57240766
SparseHNSW_a0.6_b3_s8x4,"M=32 efC=200 ef=100 alpha=0.6 beta=3 q=u8 seedT=8 seedH=8 seedS=4",64,0.9184097421,0.9918,255.5934,8.5990,0.0000,0.067567,"0.067418;0.067382;0.067567;0.067663;0.067736",9.680086,103304.87,,12.04,0,6980,10,True,nid006032,57240766
SparseHNSW_a0.6_b3_s8x4,"M=32 efC=200 ef=200 alpha=0.6 beta=3 q=u8 seedT=8 seedH=8 seedS=4",64,0.9273782235,0.9958,255.5934,8.5990,0.0000,0.120322,"0.120582;0.120168;0.120275;0.120322;0.120422",17.238109,58011.00,,12.04,0,6980,10,True,nid006032,57240766
SparseHNSW_a0.6_b3_s8x4,"M=32 efC=200 ef=400 alpha=0.6 beta=3 q=u8 seedT=8 seedH=8 seedS=4",64,0.9333667622,0.9980,255.5934,8.5990,0.0000,0.220559,"0.220559;0.220309;0.220164;0.220928;0.220597",31.598711,31646.86,,12.04,0,6980,10,True,nid006032,57240766
SparseHNSW_a0.6_b3_s8x4,"M=32 efC=200 ef=800 alpha=0.6 beta=3 q=u8 seedT=8 seedH=8 seedS=4",64,0.9374355301,0.9990,255.5934,8.5990,0.0000,0.416456,"0.416362;0.416456;0.416170;0.416770;0.416819",59.664183,16760.47,,12.04,0,6980,10,True,nid006032,57240766
SparseHNSW_a0.6_b3_s8x4,"M=32 efC=200 ef=1600 alpha=0.6 beta=3 q=u8 seedT=8 seedH=8 seedS=4",64,0.9408595989,0.9997,255.5934,8.5990,0.0000,0.802293,"0.801404;0.802466;0.801911;0.802293;0.802515",114.941691,8700.06,,12.04,0,6980,10,True,nid006032,57240766
SparseHNSW_a0.6_b3_s8x4,"M=32 efC=200 ef=3200 alpha=0.6 beta=3 q=u8 seedT=8 seedH=8 seedS=4",64,0.9433237822,1.0000,255.5934,8.5990,0.0000,1.570529,"1.570529;1.569759;1.570941;1.570400;1.570808",225.004155,4444.36,,12.04,0,6980,10,True,nid006032,57240766
SparseHNSW_a0.6_b4_s8x4,"M=32 efC=200 ef=10 alpha=0.6 beta=4 q=u8 seedT=8 seedH=8 seedS=4",64,0.9072636103,0.9756,255.5934,8.5990,0.0000,0.033841,"0.033925;0.033841;0.033858;0.033794;0.033838",4.848281,206258.68,,12.04,0,6980,10,True,nid006032,57240766
SparseHNSW_a0.6_b4_s8x4,"M=32 efC=200 ef=20 alpha=0.6 beta=4 q=u8 seedT=8 seedH=8 seedS=4",64,0.9072636103,0.9756,255.5934,8.5990,0.0000,0.033706,"0.033654;0.033864;0.033735;0.033613;0.033706",4.828940,207084.79,,12.04,0,6980,10,True,nid006032,57240766
SparseHNSW_a0.6_b4_s8x4,"M=32 efC=200 ef=50 alpha=0.6 beta=4 q=u8 seedT=8 seedH=8 seedS=4",64,0.9158166189,0.9806,255.5934,8.5990,0.0000,0.039769,"0.039769;0.039651;0.039820;0.039561;0.039885",5.697564,175513.59,,12.04,0,6980,10,True,nid006032,57240766
SparseHNSW_a0.6_b4_s8x4,"M=32 efC=200 ef=100 alpha=0.6 beta=4 q=u8 seedT=8 seedH=8 seedS=4",64,0.9337249284,0.9918,255.5934,8.5990,0.0000,0.067938,"0.067772;0.067979;0.067938;0.067948;0.067773",9.733238,102740.73,,12.04,0,6980,10,True,nid006032,57240766
SparseHNSW_a0.6_b4_s8x4,"M=32 efC=200 ef=200 alpha=0.6 beta=4 q=u8 seedT=8 seedH=8 seedS=4",64,0.9434670487,0.9958,255.5934,8.5990,0.0000,0.120689,"0.120446;0.120624;0.120689;0.120742;0.120989",17.290688,57834.60,,12.04,0,6980,10,True,nid006032,57240766
SparseHNSW_a0.6_b4_s8x4,"M=32 efC=200 ef=400 alpha=0.6 beta=4 q=u8 seedT=8 seedH=8 seedS=4",64,0.9496991404,0.9980,255.5934,8.5990,0.0000,0.220858,"0.220858;0.220855;0.221140;0.220709;0.221183",31.641547,31604.02,,12.04,0,6980,10,True,nid006032,57240766
SparseHNSW_a0.6_b4_s8x4,"M=32 efC=200 ef=800 alpha=0.6 beta=4 q=u8 seedT=8 seedH=8 seedS=4",64,0.9539111748,0.9990,255.5934,8.5990,0.0000,0.416565,"0.416032;0.416719;0.416695;0.416474;0.416565",59.679799,16756.09,,12.04,0,6980,10,True,nid006032,57240766
SparseHNSW_a0.6_b4_s8x4,"M=32 efC=200 ef=1600 alpha=0.6 beta=4 q=u8 seedT=8 seedH=8 seedS=4",64,0.9574355301,0.9997,255.5934,8.5990,0.0000,0.802859,"0.802429;0.803338;0.802933;0.802859;0.802509",115.022779,8693.93,,12.04,0,6980,10,True,nid006032,57240766
SparseHNSW_a0.6_b4_s8x4,"M=32 efC=200 ef=3200 alpha=0.6 beta=4 q=u8 seedT=8 seedH=8 seedS=4",64,0.9600286533,1.0000,255.5934,8.5990,0.0000,1.571521,"1.571127;1.572931;1.571521;1.569870;1.571793",225.146275,4441.56,,12.04,0,6980,10,True,nid006032,57240766
SparseHNSW_a0.6_b5_s8x4,"M=32 efC=200 ef=10 alpha=0.6 beta=5 q=u8 seedT=8 seedH=8 seedS=4",64,0.9231948424,0.9806,255.5934,8.5990,0.0000,0.040065,"0.039978;0.040065;0.039988;0.040173;0.040131",5.739971,174216.90,,12.04,0,6980,10,True,nid006032,57240766
SparseHNSW_a0.6_b5_s8x4,"M=32 efC=200 ef=20 alpha=0.6 beta=5 q=u8 seedT=8 seedH=8 seedS=4",64,0.9231948424,0.9806,255.5934,8.5990,0.0000,0.039984,"0.039872;0.039938;0.040276;0.039984;0.040219",5.728367,174569.83,,12.04,0,6980,10,True,nid006032,57240766
SparseHNSW_a0.6_b5_s8x4,"M=32 efC=200 ef=50 alpha=0.6 beta=5 q=u8 seedT=8 seedH=8 seedS=4",64,0.9231948424,0.9806,255.5934,8.5990,0.0000,0.040065,"0.040125;0.040071;0.040065;0.039991;0.039877",5.739971,174216.90,,12.04,0,6980,10,True,nid006032,57240766
SparseHNSW_a0.6_b5_s8x4,"M=32 efC=200 ef=100 alpha=0.6 beta=5 q=u8 seedT=8 seedH=8 seedS=4",64,0.9416475645,0.9918,255.5934,8.5990,0.0000,0.068223,"0.067892;0.068223;0.068290;0.068005;0.068400",9.774069,102311.54,,12.04,0,6980,10,True,nid006032,57240766
SparseHNSW_a0.6_b5_s8x4,"M=32 efC=200 ef=200 alpha=0.6 beta=5 q=u8 seedT=8 seedH=8 seedS=4",64,0.9515042980,0.9958,255.5934,8.5990,0.0000,0.121143,"0.121258;0.120976;0.120971;0.121278;0.121143",17.355731,57617.86,,12.04,0,6980,10,True,nid006032,57240766
SparseHNSW_a0.6_b5_s8x4,"M=32 efC=200 ef=400 alpha=0.6 beta=5 q=u8 seedT=8 seedH=8 seedS=4",64,0.9578653295,0.9980,255.5934,8.5990,0.0000,0.220942,"0.221078;0.220821;0.220942;0.221273;0.220869",31.653582,31592.00,,12.04,0,6980,10,True,nid006032,57240766
SparseHNSW_a0.6_b5_s8x4,"M=32 efC=200 ef=800 alpha=0.6 beta=5 q=u8 seedT=8 seedH=8 seedS=4",64,0.9623065903,0.9990,255.5934,8.5990,0.0000,0.416544,"0.416746;0.416811;0.416092;0.416114;0.416544",59.676791,16756.93,,12.04,0,6980,10,True,nid006032,57240766
SparseHNSW_a0.6_b5_s8x4,"M=32 efC=200 ef=1600 alpha=0.6 beta=5 q=u8 seedT=8 seedH=8 seedS=4",64,0.9659312321,0.9997,255.5934,8.5990,0.0000,0.802851,"0.803887;0.802247;0.802851;0.801992;0.803255",115.021633,8694.02,,12.04,0,6980,10,True,nid006032,57240766
SparseHNSW_a0.6_b5_s8x4,"M=32 efC=200 ef=3200 alpha=0.6 beta=5 q=u8 seedT=8 seedH=8 seedS=4",64,0.9686532951,1.0000,255.5934,8.5990,0.0000,1.570657,"1.572458;1.570657;1.570048;1.570410;1.570935",225.022493,4444.00,,12.04,0,6980,10,True,nid006032,57240766
SparseHNSW_a0.6_b6_s8x4,"M=32 efC=200 ef=10 alpha=0.6 beta=6 q=u8 seedT=8 seedH=8 seedS=4",64,0.9338395415,0.9849,255.5934,8.5990,0.0000,0.046001,"0.045747;0.045923;0.046001;0.046133;0.046142",6.590401,151735.83,,12.04,0,6980,10,True,nid006032,57240766
SparseHNSW_a0.6_b6_s8x4,"M=32 efC=200 ef=20 alpha=0.6 beta=6 q=u8 seedT=8 seedH=8 seedS=4",64,0.9338395415,0.9849,255.5934,8.5990,0.0000,0.046289,"0.046090;0.046422;0.046001;0.046289;0.046398",6.631662,150791.76,,12.04,0,6980,10,True,nid006032,57240766
SparseHNSW_a0.6_b6_s8x4,"M=32 efC=200 ef=50 alpha=0.6 beta=6 q=u8 seedT=8 seedH=8 seedS=4",64,0.9338395415,0.9849,255.5934,8.5990,0.0000,0.046086,"0.046020;0.046296;0.046058;0.046086;0.046425",6.602579,151455.97,,12.04,0,6980,10,True,nid006032,57240766
SparseHNSW_a0.6_b6_s8x4,"M=32 efC=200 ef=100 alpha=0.6 beta=6 q=u8 seedT=8 seedH=8 seedS=4",64,0.9466905444,0.9918,255.5934,8.5990,0.0000,0.068566,"0.068566;0.068489;0.068606;0.068270;0.068583",9.823209,101799.73,,12.04,0,6980,10,True,nid006032,57240766
SparseHNSW_a0.6_b6_s8x4,"M=32 efC=200 ef=200 alpha=0.6 beta=6 q=u8 seedT=8 seedH=8 seedS=4",64,0.9566189112,0.9958,255.5934,8.5990,0.0000,0.121275,"0.121027;0.121541;0.121364;0.121077;0.121275",17.374642,57555.14,,12.04,0,6980,10,True,nid006032,57240766
SparseHNSW_a0.6_b6_s8x4,"M=32 efC=200 ef=400 alpha=0.6 beta=6 q=u8 seedT=8 seedH=8 seedS=4",64,0.9633237822,0.9980,255.5934,8.5990,0.0000,0.221207,"0.221091;0.221310;0.221573;0.221146;0.221207",31.691547,31554.16,,12.04,0,6980,10,True,nid006032,57240766
SparseHNSW_a0.6_b6_s8x4,"M=32 efC=200 ef=800 alpha=0.6 beta=6 q=u8 seedT=8 seedH=8 seedS=4",64,0.9677793696,0.9990,255.5934,8.5990,0.0000,0.416618,"0.416818;0.416618;0.416448;0.416453;0.416839",59.687393,16753.96,,12.04,0,6980,10,True,nid006032,57240766
SparseHNSW_a0.6_b6_s8x4,"M=32 efC=200 ef=1600 alpha=0.6 beta=6 q=u8 seedT=8 seedH=8 seedS=4",64,0.9714183381,0.9997,255.5934,8.5990,0.0000,0.802487,"0.802122;0.802890;0.802083;0.803250;0.802487",114.969484,8697.96,,12.04,0,6980,10,True,nid006032,57240766
SparseHNSW_a0.6_b6_s8x4,"M=32 efC=200 ef=3200 alpha=0.6 beta=6 q=u8 seedT=8 seedH=8 seedS=4",64,0.9741260745,1.0000,255.5934,8.5990,0.0000,1.571179,"1.571036;1.571501;1.570916;1.571261;1.571179",225.097278,4442.52,,12.04,0,6980,10,True,nid006032,57240766
SparseHNSW_a0.6_b8_s8x4,"M=32 efC=200 ef=10 alpha=0.6 beta=8 q=u8 seedT=8 seedH=8 seedS=4",64,0.9464756447,0.9893,255.5934,8.5990,0.0000,0.058146,"0.058552;0.057905;0.057985;0.058173;0.058146",8.330372,120042.65,,12.04,0,6980,10,True,nid006032,57240766
SparseHNSW_a0.6_b8_s8x4,"M=32 efC=200 ef=20 alpha=0.6 beta=8 q=u8 seedT=8 seedH=8 seedS=4",64,0.9464756447,0.9893,255.5934,8.5990,0.0000,0.058279,"0.058103;0.058279;0.058293;0.058287;0.058205",8.349427,119768.70,,12.04,0,6980,10,True,nid006032,57240766
SparseHNSW_a0.6_b8_s8x4,"M=32 efC=200 ef=50 alpha=0.6 beta=8 q=u8 seedT=8 seedH=8 seedS=4",64,0.9464756447,0.9893,255.5934,8.5990,0.0000,0.058151,"0.058261;0.058229;0.058140;0.057997;0.058151",8.331089,120032.33,,12.04,0,6980,10,True,nid006032,57240766
SparseHNSW_a0.6_b8_s8x4,"M=32 efC=200 ef=100 alpha=0.6 beta=8 q=u8 seedT=8 seedH=8 seedS=4",64,0.9514756447,0.9918,255.5934,8.5990,0.0000,0.069100,"0.069078;0.069083;0.069282;0.069125;0.069100",9.899713,101013.02,,12.04,0,6980,10,True,nid006032,57240766
SparseHNSW_a0.6_b8_s8x4,"M=32 efC=200 ef=200 alpha=0.6 beta=8 q=u8 seedT=8 seedH=8 seedS=4",64,0.9617191977,0.9958,255.5934,8.5990,0.0000,0.121925,"0.122060;0.121851;0.121584;0.121925;0.121967",17.467765,57248.31,,12.04,0,6980,10,True,nid006032,57240766
SparseHNSW_a0.6_b8_s8x4,"M=32 efC=200 ef=400 alpha=0.6 beta=8 q=u8 seedT=8 seedH=8 seedS=4",64,0.9684813754,0.9980,255.5934,8.5990,0.0000,0.221943,"0.221943;0.222011;0.221667;0.222161;0.221826",31.796991,31449.52,,12.04,0,6980,10,True,nid006032,57240766
SparseHNSW_a0.6_b8_s8x4,"M=32 efC=200 ef=800 alpha=0.6 beta=8 q=u8 seedT=8 seedH=8 seedS=4",64,0.9729512894,0.9990,255.5934,8.5990,0.0000,0.417238,"0.417745;0.417159;0.417238;0.417208;0.417949",59.776218,16729.06,,12.04,0,6980,10,True,nid006032,57240766
SparseHNSW_a0.6_b8_s8x4,"M=32 efC=200 ef=1600 alpha=0.6 beta=8 q=u8 seedT=8 seedH=8 seedS=4",64,0.9767335244,0.9997,255.5934,8.5990,0.0000,0.803639,"0.803171;0.803639;0.803212;0.804039;0.804245",115.134527,8685.49,,12.04,0,6980,10,True,nid006032,57240766
SparseHNSW_a0.6_b8_s8x4,"M=32 efC=200 ef=3200 alpha=0.6 beta=8 q=u8 seedT=8 seedH=8 seedS=4",64,0.9794699140,1.0000,255.5934,8.5990,0.0000,1.573791,"1.573791;1.574017;1.573092;1.573511;1.574701",225.471490,4435.15,,12.04,0,6980,10,True,nid006032,57240766
SparseHNSW_a0.7_b1_s0x0,"M=32 efC=200 ef=10 alpha=0.7 beta=1 q=u8",64,0.6339255014,0.5080,311.1775,2.7388,0.0000,0.013601,"0.013601;0.013960;0.013762;0.013584;0.013557",1.948567,513197.56,,12.24,0,6980,10,True,nid006032,57240766
SparseHNSW_a0.7_b1_s0x0,"M=32 efC=200 ef=20 alpha=0.7 beta=1 q=u8",64,0.7033810888,0.5736,311.1775,2.7388,0.0000,0.021066,"0.021418;0.021201;0.021066;0.021013;0.020957",3.018052,331339.60,,12.24,0,6980,10,True,nid006032,57240766
SparseHNSW_a0.7_b1_s0x0,"M=32 efC=200 ef=50 alpha=0.7 beta=1 q=u8",64,0.7648137536,0.6275,311.1775,2.7388,0.0000,0.040902,"0.040902;0.041031;0.040822;0.040947;0.040579",5.859885,170651.80,,12.24,0,6980,10,True,nid006032,57240766
SparseHNSW_a0.7_b1_s0x0,"M=32 efC=200 ef=100 alpha=0.7 beta=1 q=u8",64,0.7919340974,0.6515,311.1775,2.7388,0.0000,0.068931,"0.068923;0.069116;0.068853;0.069027;0.068931",9.875501,101260.68,,12.24,0,6980,10,True,nid006032,57240766
SparseHNSW_a0.7_b1_s0x0,"M=32 efC=200 ef=200 alpha=0.7 beta=1 q=u8",64,0.8097134670,0.6663,311.1775,2.7388,0.0000,0.119700,"0.119700;0.119700;0.120069;0.119416;0.120296",17.148997,58312.45,,12.24,0,6980,10,True,nid006032,57240766
SparseHNSW_a0.7_b1_s0x0,"M=32 efC=200 ef=400 alpha=0.7 beta=1 q=u8",64,0.8193266476,0.6748,311.1775,2.7388,0.0000,0.214167,"0.214262;0.214167;0.213466;0.213702;0.214868",30.682951,32591.39,,12.24,0,6980,10,True,nid006032,57240766
SparseHNSW_a0.7_b1_s0x0,"M=32 efC=200 ef=800 alpha=0.7 beta=1 q=u8",64,0.8239828080,0.6795,311.1775,2.7388,0.0000,0.395687,"0.395687;0.396975;0.396004;0.395487;0.395432",56.688682,17640.21,,12.24,0,6980,10,True,nid006032,57240766
SparseHNSW_a0.7_b1_s0x0,"M=32 efC=200 ef=1600 alpha=0.7 beta=1 q=u8",64,0.8268194842,0.6827,311.1775,2.7388,0.0000,0.762564,"0.761620;0.762564;0.763563;0.764230;0.761213",109.249857,9153.33,,12.24,0,6980,10,True,nid006032,57240766
SparseHNSW_a0.7_b1_s0x0,"M=32 efC=200 ef=3200 alpha=0.7 beta=1 q=u8",64,0.8289684814,0.6855,311.1775,2.7388,0.0000,1.496126,"1.496972;1.495543;1.496126;1.495958;1.497005",214.344699,4665.38,,12.27,0,6980,10,True,nid006032,57240766
SparseHNSW_a0.7_b2_s0x0,"M=32 efC=200 ef=10 alpha=0.7 beta=2 q=u8",64,0.7992406877,0.8867,311.1775,2.7388,0.0000,0.022080,"0.022180;0.022190;0.022057;0.022080;0.021924",3.163324,316123.19,,12.27,0,6980,10,True,nid006032,57240766
SparseHNSW_a0.7_b2_s0x0,"M=32 efC=200 ef=20 alpha=0.7 beta=2 q=u8",64,0.7992406877,0.8867,311.1775,2.7388,0.0000,0.021726,"0.021845;0.021792;0.021726;0.021700;0.021623",3.112607,321274.05,,12.27,0,6980,10,True,nid006032,57240766
SparseHNSW_a0.7_b2_s0x0,"M=32 efC=200 ef=50 alpha=0.7 beta=2 q=u8",64,0.8751002865,0.9471,311.1775,2.7388,0.0000,0.041508,"0.041551;0.041499;0.041624;0.041385;0.041508",5.946705,168160.35,,12.27,0,6980,10,True,nid006032,57240766
SparseHNSW_a0.7_b2_s0x0,"M=32 efC=200 ef=100 alpha=0.7 beta=2 q=u8",64,0.9070343840,0.9723,311.1775,2.7388,0.0000,0.069468,"0.069208;0.069468;0.069230;0.069838;0.069525",9.952436,100477.92,,12.27,0,6980,10,True,nid006032,57240766
SparseHNSW_a0.7_b2_s0x0,"M=32 efC=200 ef=200 alpha=0.7 beta=2 q=u8",64,0.9284383954,0.9888,311.1775,2.7388,0.0000,0.120592,"0.120840;0.120216;0.119726;0.120592;0.120629",17.276791,57881.12,,12.27,0,6980,10,True,nid006032,57240766
SparseHNSW_a0.7_b2_s0x0,"M=32 efC=200 ef=400 alpha=0.7 beta=2 q=u8",64,0.9402435530,0.9961,311.1775,2.7388,0.0000,0.215043,"0.215043;0.214766;0.215572;0.213897;0.215078",30.808453,32458.62,,12.27,0,6980,10,True,nid006032,57240766
SparseHNSW_a0.7_b2_s0x0,"M=32 efC=200 ef=800 alpha=0.7 beta=2 q=u8",64,0.9458022923,0.9981,311.1775,2.7388,0.0000,0.396486,"0.396571;0.396486;0.395024;0.396551;0.394897",56.803152,17604.66,,12.27,0,6980,10,True,nid006032,57240766
SparseHNSW_a0.7_b2_s0x0,"M=32 efC=200 ef=1600 alpha=0.7 beta=2 q=u8",64,0.9495415473,0.9990,311.1775,2.7388,0.0000,0.763139,"0.765015;0.762940;0.760502;0.763865;0.763139",109.332235,9146.43,,12.27,0,6980,10,True,nid006032,57240766
SparseHNSW_a0.7_b2_s0x0,"M=32 efC=200 ef=3200 alpha=0.7 beta=2 q=u8",64,0.9525071633,1.0000,311.1775,2.7388,0.0000,1.494559,"1.497012;1.493985;1.493350;1.495728;1.494559",214.120201,4670.27,,12.27,0,6980,10,True,nid006032,57240766
SparseHNSW_a0.7_b3_s0x0,"M=32 efC=200 ef=10 alpha=0.7 beta=3 q=u8",64,0.8550859599,0.9166,311.1775,2.7388,0.0000,0.029278,"0.029097;0.029535;0.029400;0.029162;0.029278",4.194556,238404.26,,12.27,0,6980,10,True,nid006032,57240766
SparseHNSW_a0.7_b3_s0x0,"M=32 efC=200 ef=20 alpha=0.7 beta=3 q=u8",64,0.8550859599,0.9166,311.1775,2.7388,0.0000,0.029012,"0.029190;0.029007;0.028990;0.029183;0.029012",4.156447,240590.10,,12.27,0,6980,10,True,nid006032,57240766
SparseHNSW_a0.7_b3_s0x0,"M=32 efC=200 ef=50 alpha=0.7 beta=3 q=u8",64,0.8927936963,0.9471,311.1775,2.7388,0.0000,0.041896,"0.041720;0.041964;0.041915;0.041896;0.041888",6.002292,166603.02,,12.27,0,6980,10,True,nid006032,57240766
SparseHNSW_a0.7_b3_s0x0,"M=32 efC=200 ef=100 alpha=0.7 beta=3 q=u8",64,0.9262320917,0.9723,311.1775,2.7388,0.0000,0.069823,"0.070165;0.069568;0.069486;0.069823;0.070012",10.003295,99967.06,,12.27,0,6980,10,True,nid006032,57240766
SparseHNSW_a0.7_b3_s0x0,"M=32 efC=200 ef=200 alpha=0.7 beta=3 q=u8",64,0.9480659026,0.9888,311.1775,2.7388,0.0000,0.120768,"0.120545;0.121120;0.120458;0.120768;0.121187",17.302006,57796.77,,12.27,0,6980,10,True,nid006032,57240766
SparseHNSW_a0.7_b3_s0x0,"M=32 efC=200 ef=400 alpha=0.7 beta=3 q=u8",64,0.9602722063,0.9961,311.1775,2.7388,0.0000,0.215109,"0.215677;0.214283;0.216023;0.214014;0.215109",30.817908,32448.67,,12.27,0,6980,10,True,nid006032,57240766
SparseHNSW_a0.7_b3_s0x0,"M=32 efC=200 ef=800 alpha=0.7 beta=3 q=u8",64,0.9660315186,0.9981,311.1775,2.7388,0.0000,0.396361,"0.396571;0.395415;0.396361;0.396382;0.394578",56.785244,17610.21,,12.27,0,6980,10,True,nid006032,57240766
SparseHNSW_a0.7_b3_s0x0,"M=32 efC=200 ef=1600 alpha=0.7 beta=3 q=u8",64,0.9699570201,0.9990,311.1775,2.7388,0.0000,0.764450,"0.762337;0.764685;0.763740;0.764450;0.764461",109.520057,9130.75,,12.27,0,6980,10,True,nid006032,57240766
SparseHNSW_a0.7_b3_s0x0,"M=32 efC=200 ef=3200 alpha=0.7 beta=3 q=u8",64,0.9730659026,1.0000,311.1775,2.7388,0.0000,1.496574,"1.496605;1.495831;1.496574;1.495165;1.496921",214.408883,4663.99,,12.28,0,6980,10,True,nid006032,57240766
SparseHNSW_a0.7_b4_s0x0,"M=32 efC=200 ef=10 alpha=0.7 beta=4 q=u8",64,0.8836962751,0.9354,311.1775,2.7388,0.0000,0.036154,"0.035959;0.036335;0.036154;0.036120;0.036234",5.179656,193063.01,,12.28,0,6980,10,True,nid006032,57240766
SparseHNSW_a0.7_b4_s0x0,"M=32 efC=200 ef=20 alpha=0.7 beta=4 q=u8",64,0.8836962751,0.9354,311.1775,2.7388,0.0000,0.035957,"0.035954;0.036141;0.035957;0.035938;0.036268",5.151433,194120.76,,12.28,0,6980,10,True,nid006032,57240766
SparseHNSW_a0.7_b4_s0x0,"M=32 efC=200 ef=50 alpha=0.7 beta=4 q=u8",64,0.8986103152,0.9471,311.1775,2.7388,0.0000,0.042296,"0.042248;0.042431;0.042406;0.042296;0.042165",6.059599,165027.43,,12.28,0,6980,10,True,nid006032,57240766
SparseHNSW_a0.7_b4_s0x0,"M=32 efC=200 ef=100 alpha=0.7 beta=4 q=u8",64,0.9325644699,0.9723,311.1775,2.7388,0.0000,0.070227,"0.070240;0.070341;0.070143;0.070227;0.070211",10.061175,99391.97,,12.28,0,6980,10,True,nid006032,57240766
SparseHNSW_a0.7_b4_s0x0,"M=32 efC=200 ef=200 alpha=0.7 beta=4 q=u8",64,0.9547707736,0.9888,311.1775,2.7388,0.0000,0.120998,"0.121180;0.120742;0.120893;0.120998;0.121280",17.334957,57686.90,,12.28,0,6980,10,True,nid006032,57240766
SparseHNSW_a0.7_b4_s0x0,"M=32 efC=200 ef=400 alpha=0.7 beta=4 q=u8",64,0.9671919771,0.9961,311.1775,2.7388,0.0000,0.214900,"0.214394;0.215664;0.215079;0.214778;0.214900",30.787966,32480.22,,12.28,0,6980,10,True,nid006032,57240766
SparseHNSW_a0.7_b4_s0x0,"M=32 efC=200 ef=800 alpha=0.7 beta=4 q=u8",64,0.9731088825,0.9981,311.1775,2.7388,0.0000,0.396261,"0.395947;0.396496;0.396359;0.396261;0.394383",56.770917,17614.65,,12.28,0,6980,10,True,nid006032,57240766
SparseHNSW_a0.7_b4_s0x0,"M=32 efC=200 ef=1600 alpha=0.7 beta=4 q=u8",64,0.9771489971,0.9990,311.1775,2.7388,0.0000,0.763434,"0.763584;0.764064;0.763259;0.762031;0.763434",109.374499,9142.90,,12.28,0,6980,10,True,nid006032,57240766
SparseHNSW_a0.7_b4_s0x0,"M=32 efC=200 ef=3200 alpha=0.7 beta=4 q=u8",64,0.9803151862,1.0000,311.1775,2.7388,0.0000,1.496410,"1.496410;1.499267;1.494320;1.495256;1.497743",214.385387,4664.50,,12.28,0,6980,10,True,nid006032,57240766
SparseHNSW_a0.7_b5_s0x0,"M=32 efC=200 ef=10 alpha=0.7 beta=5 q=u8",64,0.9007593123,0.9473,311.1775,2.7388,0.0000,0.042579,"0.042314;0.042501;0.042579;0.042626;0.042684",6.100143,163930.58,,12.28,0,6980,10,True,nid006032,57240766
SparseHNSW_a0.7_b5_s0x0,"M=32 efC=200 ef=20 alpha=0.7 beta=5 q=u8",64,0.9007593123,0.9473,311.1775,2.7388,0.0000,0.042429,"0.042514;0.042429;0.042329;0.042710;0.042427",6.078653,164510.12,,12.28,0,6980,10,True,nid006032,57240766
SparseHNSW_a0.7_b5_s0x0,"M=32 efC=200 ef=50 alpha=0.7 beta=5 q=u8",64,0.9007593123,0.9473,311.1775,2.7388,0.0000,0.042336,"0.042336;0.042411;0.042309;0.042218;0.042528",6.065330,164871.50,,12.28,0,6980,10,True,nid006032,57240766
SparseHNSW_a0.7_b5_s0x0,"M=32 efC=200 ef=100 alpha=0.7 beta=5 q=u8",64,0.9350286533,0.9723,311.1775,2.7388,0.0000,0.070202,"0.069874;0.070462;0.070383;0.070055;0.070202",10.057593,99427.37,,12.28,0,6980,10,True,nid006032,57240766
SparseHNSW_a0.7_b5_s0x0,"M=32 efC=200 ef=200 alpha=0.7 beta=5 q=u8",64,0.9574355301,0.9888,311.1775,2.7388,0.0000,0.121094,"0.121387;0.121094;0.120388;0.120734;0.121387",17.348711,57641.17,,12.28,0,6980,10,True,nid006032,57240766
SparseHNSW_a0.7_b5_s0x0,"M=32 efC=200 ef=400 alpha=0.7 beta=5 q=u8",64,0.9698853868,0.9961,311.1775,2.7388,0.0000,0.215270,"0.214844;0.216034;0.215416;0.214407;0.215270",30.840974,32424.40,,12.28,0,6980,10,True,nid006032,57240766
SparseHNSW_a0.7_b5_s0x0,"M=32 efC=200 ef=800 alpha=0.7 beta=5 q=u8",64,0.9758452722,0.9981,311.1775,2.7388,0.0000,0.398129,"0.397796;0.398570;0.397463;0.398563;0.398129",57.038539,17532.01,,12.28,0,6980,10,True,nid006032,57240766
SparseHNSW_a0.7_b5_s0x0,"M=32 efC=200 ef=1600 alpha=0.7 beta=5 q=u8",64,0.9799713467,0.9990,311.1775,2.7388,0.0000,0.765449,"0.766116;0.766215;0.762908;0.763234;0.765449",109.663181,9118.83,,12.28,0,6980,10,True,nid006032,57240766
SparseHNSW_a0.7_b5_s0x0,"M=32 efC=200 ef=3200 alpha=0.7 beta=5 q=u8",64,0.9831805158,1.0000,311.1775,2.7388,0.0000,1.494308,"1.491921;1.495017;1.494308;1.495877;1.494121",214.084241,4671.06,,12.28,0,6980,10,True,nid006032,57240766
SparseHNSW_a0.7_b6_s0x0,"M=32 efC=200 ef=10 alpha=0.7 beta=6 q=u8",64,0.9130802292,0.9557,311.1775,2.7388,0.0000,0.048591,"0.048591;0.048200;0.049169;0.048578;0.048669",6.961461,143648.00,,12.28,0,6980,10,True,nid006032,57240766
SparseHNSW_a0.7_b6_s0x0,"M=32 efC=200 ef=20 alpha=0.7 beta=6 q=u8",64,0.9130802292,0.9557,311.1775,2.7388,0.0000,0.048737,"0.048711;0.048383;0.048737;0.048759;0.048830",6.982378,143217.68,,12.28,0,6980,10,True,nid006032,57240766
SparseHNSW_a0.7_b6_s0x0,"M=32 efC=200 ef=50 alpha=0.7 beta=6 q=u8",64,0.9130802292,0.9557,311.1775,2.7388,0.0000,0.048809,"0.048830;0.048809;0.048415;0.048903;0.048798",6.992693,143006.41,,12.28,0,6980,10,True,nid006032,57240766
SparseHNSW_a0.7_b6_s0x0,"M=32 efC=200 ef=100 alpha=0.7 beta=6 q=u8",64,0.9365759312,0.9723,311.1775,2.7388,0.0000,0.070576,"0.070456;0.070665;0.071034;0.070329;0.070576",10.111175,98900.48,,12.28,0,6980,10,True,nid006032,57240766
SparseHNSW_a0.7_b6_s0x0,"M=32 efC=200 ef=200 alpha=0.7 beta=6 q=u8",64,0.9590257880,0.9888,311.1775,2.7388,0.0000,0.121476,"0.121554;0.121718;0.121332;0.121476;0.121308",17.403438,57459.91,,12.28,0,6980,10,True,nid006032,57240766
SparseHNSW_a0.7_b6_s0x0,"M=32 efC=200 ef=400 alpha=0.7 beta=6 q=u8",64,0.9715759312,0.9961,311.1775,2.7388,0.0000,0.215269,"0.214942;0.214300;0.215847;0.215269;0.215747",30.840831,32424.55,,12.28,0,6980,10,True,nid006032,57240766
SparseHNSW_a0.7_b6_s0x0,"M=32 efC=200 ef=800 alpha=0.7 beta=6 q=u8",64,0.9775931232,0.9981,311.1775,2.7388,0.0000,0.397206,"0.397545;0.397206;0.395530;0.398588;0.396843",56.906304,17572.75,,12.28,0,6980,10,True,nid006032,57240766
SparseHNSW_a0.7_b6_s0x0,"M=32 efC=200 ef=1600 alpha=0.7 beta=6 q=u8",64,0.9817335244,0.9990,311.1775,2.7388,0.0000,0.765735,"0.766069;0.764261;0.765186;0.765906;0.765735",109.704155,9115.43,,12.28,0,6980,10,True,nid006032,57240766
SparseHNSW_a0.7_b6_s0x0,"M=32 efC=200 ef=3200 alpha=0.7 beta=6 q=u8",64,0.9850286533,1.0000,311.1775,2.7388,0.0000,1.495349,"1.495471;1.496558;1.493668;1.495349;1.494773",214.233381,4667.81,,12.28,0,6980,10,True,nid006032,57240766
SparseHNSW_a0.7_b8_s0x0,"M=32 efC=200 ef=10 alpha=0.7 beta=8 q=u8",64,0.9291547278,0.9660,311.1775,2.7388,0.0000,0.060403,"0.060335;0.060997;0.060351;0.060608;0.060403",8.653725,115557.17,,12.28,0,6980,10,True,nid006032,57240766
SparseHNSW_a0.7_b8_s0x0,"M=32 efC=200 ef=20 alpha=0.7 beta=8 q=u8",64,0.9291547278,0.9660,311.1775,2.7388,0.0000,0.060389,"0.060119;0.060482;0.060134;0.060656;0.060389",8.651719,115583.96,,12.28,0,6980,10,True,nid006032,57240766
SparseHNSW_a0.7_b8_s0x0,"M=32 efC=200 ef=50 alpha=0.7 beta=8 q=u8",64,0.9291547278,0.9660,311.1775,2.7388,0.0000,0.060169,"0.060146;0.060797;0.059801;0.060169;0.060218",8.620201,116006.58,,12.28,0,6980,10,True,nid006032,57240766
SparseHNSW_a0.7_b8_s0x0,"M=32 efC=200 ef=100 alpha=0.7 beta=8 q=u8",64,0.9381088825,0.9723,311.1775,2.7388,0.0000,0.071293,"0.071449;0.071391;0.070888;0.071062;0.071293",10.213897,97905.83,,12.28,0,6980,10,True,nid006032,57240766
SparseHNSW_a0.7_b8_s0x0,"M=32 efC=200 ef=200 alpha=0.7 beta=8 q=u8",64,0.9607306590,0.9888,311.1775,2.7388,0.0000,0.121865,"0.122167;0.122157;0.121808;0.121865;0.121547",17.459169,57276.49,,12.28,0,6980,10,True,nid006032,57240766
SparseHNSW_a0.7_b8_s0x0,"M=32 efC=200 ef=400 alpha=0.7 beta=8 q=u8",64,0.9731948424,0.9961,311.1775,2.7388,0.0000,0.216121,"0.215616;0.216121;0.216138;0.216532;0.215138",30.962894,32296.72,,12.28,0,6980,10,True,nid006032,57240766
SparseHNSW_a0.7_b8_s0x0,"M=32 efC=200 ef=800 alpha=0.7 beta=8 q=u8",64,0.9792406877,0.9981,311.1775,2.7388,0.0000,0.397737,"0.396480;0.398755;0.397122;0.398180;0.397737",56.982378,17549.29,,12.28,0,6980,10,True,nid006032,57240766
SparseHNSW_a0.7_b8_s0x0,"M=32 efC=200 ef=1600 alpha=0.7 beta=8 q=u8",64,0.9834097421,0.9990,311.1775,2.7388,0.0000,0.765539,"0.763915;0.765995;0.763191;0.765929;0.765539",109.676074,9117.76,,12.28,0,6980,10,True,nid006032,57240766
SparseHNSW_a0.7_b8_s0x0,"M=32 efC=200 ef=3200 alpha=0.7 beta=8 q=u8",64,0.9867191977,1.0000,311.1775,2.7388,0.0000,1.498752,"1.499778;1.498752;1.496560;1.500763;1.495123",214.720917,4657.21,,12.28,0,6980,10,True,nid006032,57240766
SparseHNSW_a0.7_b1_s8x4,"M=32 efC=200 ef=10 alpha=0.7 beta=1 q=u8 seedT=8 seedH=8 seedS=4",64,0.7803295129,0.6374,311.1775,2.7388,0.0000,0.027137,"0.027312;0.027508;0.027137;0.026992;0.026875",3.887822,257213.40,,12.28,0,6980,10,True,nid006032,57240766
SparseHNSW_a0.7_b1_s8x4,"M=32 efC=200 ef=20 alpha=0.7 beta=1 q=u8 seedT=8 seedH=8 seedS=4",64,0.7803295129,0.6374,311.1775,2.7388,0.0000,0.026678,"0.026757;0.026678;0.026729;0.026638;0.026552",3.822063,261638.80,,12.28,0,6980,10,True,nid006032,57240766
SparseHNSW_a0.7_b1_s8x4,"M=32 efC=200 ef=50 alpha=0.7 beta=1 q=u8 seedT=8 seedH=8 seedS=4",64,0.7939255014,0.6501,311.1775,2.7388,0.0000,0.037293,"0.037306;0.037324;0.037235;0.037293;0.037279",5.342837,187166.49,,12.28,0,6980,10,True,nid006032,57240766
SparseHNSW_a0.7_b1_s8x4,"M=32 efC=200 ef=100 alpha=0.7 beta=1 q=u8 seedT=8 seedH=8 seedS=4",64,0.8083810888,0.6633,311.1775,2.7388,0.0000,0.065724,"0.065342;0.065949;0.065724;0.065094;0.065790",9.416046,106201.69,,12.28,0,6980,10,True,nid006032,57240766
SparseHNSW_a0.7_b1_s8x4,"M=32 efC=200 ef=200 alpha=0.7 beta=1 q=u8 seedT=8 seedH=8 seedS=4",64,0.8167908309,0.6718,311.1775,2.7388,0.0000,0.116297,"0.116405;0.116170;0.116297;0.116333;0.116221",16.661461,60018.75,,12.28,0,6980,10,True,nid006032,57240766
SparseHNSW_a0.7_b1_s8x4,"M=32 efC=200 ef=400 alpha=0.7 beta=1 q=u8 seedT=8 seedH=8 seedS=4",64,0.8230659026,0.6780,311.1775,2.7388,0.0000,0.210088,"0.210761;0.210540;0.209561;0.209963;0.210088",30.098567,33224.17,,12.28,0,6980,10,True,nid006032,57240766
SparseHNSW_a0.7_b1_s8x4,"M=32 efC=200 ef=800 alpha=0.7 beta=1 q=u8 seedT=8 seedH=8 seedS=4",64,0.8258452722,0.6812,311.1775,2.7388,0.0000,0.391241,"0.391241;0.391144;0.391018;0.391983;0.391539",56.051719,17840.67,,12.28,0,6980,10,True,nid006032,57240766
SparseHNSW_a0.7_b1_s8x4,"M=32 efC=200 ef=1600 alpha=0.7 beta=1 q=u8 seedT=8 seedH=8 seedS=4",64,0.8283237822,0.6843,311.1775,2.7388,0.0000,0.758542,"0.758435;0.758542;0.760125;0.758197;0.759538",108.673639,9201.86,,12.28,0,6980,10,True,nid006032,57240766
SparseHNSW_a0.7_b1_s8x4,"M=32 efC=200 ef=3200 alpha=0.7 beta=1 q=u8 seedT=8 seedH=8 seedS=4",64,0.8299856734,0.6866,311.1775,2.7388,0.0000,1.493973,"1.489616;1.494138;1.489963;1.493973;1.494075",214.036246,4672.11,,12.28,0,6980,10,True,nid006032,57240766
SparseHNSW_a0.7_b2_s8x4,"M=32 efC=200 ef=10 alpha=0.7 beta=2 q=u8 seedT=8 seedH=8 seedS=4",64,0.8904297994,0.9699,311.1775,2.7388,0.0000,0.027857,"0.028088;0.028015;0.027819;0.027857;0.027748",3.990974,250565.39,,12.28,0,6980,10,True,nid006032,57240766
SparseHNSW_a0.7_b2_s8x4,"M=32 efC=200 ef=20 alpha=0.7 beta=2 q=u8 seedT=8 seedH=8 seedS=4",64,0.8904297994,0.9699,311.1775,2.7388,0.0000,0.027585,"0.027596;0.027585;0.027586;0.027471;0.027473",3.952006,253036.07,,12.28,0,6980,10,True,nid006032,57240766
SparseHNSW_a0.7_b2_s8x4,"M=32 efC=200 ef=50 alpha=0.7 beta=2 q=u8 seedT=8 seedH=8 seedS=4",64,0.9076647564,0.9805,311.1775,2.7388,0.0000,0.038020,"0.038014;0.038141;0.038158;0.037914;0.038020",5.446991,183587.59,,12.28,0,6980,10,True,nid006032,57240766
SparseHNSW_a0.7_b2_s8x4,"M=32 efC=200 ef=100 alpha=0.7 beta=2 q=u8 seedT=8 seedH=8 seedS=4",64,0.9255444126,0.9903,311.1775,2.7388,0.0000,0.066330,"0.066199;0.065979;0.066463;0.066493;0.066330",9.502865,105231.42,,12.28,0,6980,10,True,nid006032,57240766
SparseHNSW_a0.7_b2_s8x4,"M=32 efC=200 ef=200 alpha=0.7 beta=2 q=u8 seedT=8 seedH=8 seedS=4",64,0.9364326648,0.9953,311.1775,2.7388,0.0000,0.116314,"0.116314;0.116312;0.116093;0.116941;0.116580",16.663897,60009.97,,12.28,0,6980,10,True,nid006032,57240766
SparseHNSW_a0.7_b2_s8x4,"M=32 efC=200 ef=400 alpha=0.7 beta=2 q=u8 seedT=8 seedH=8 seedS=4",64,0.9445702006,0.9989,311.1775,2.7388,0.0000,0.210211,"0.210119;0.210165;0.210211;0.211075;0.210537",30.116189,33204.73,,12.28,0,6980,10,True,nid006032,57240766
SparseHNSW_a0.7_b2_s8x4,"M=32 efC=200 ef=800 alpha=0.7 beta=2 q=u8 seedT=8 seedH=8 seedS=4",64,0.9481375358,0.9993,311.1775,2.7388,0.0000,0.391762,"0.392248;0.391762;0.392651;0.390483;0.390701",56.126361,17816.94,,12.28,0,6980,10,True,nid006032,57240766
SparseHNSW_a0.7_b2_s8x4,"M=32 efC=200 ef=1600 alpha=0.7 beta=2 q=u8 seedT=8 seedH=8 seedS=4",64,0.9514183381,0.9999,311.1775,2.7388,0.0000,0.760218,"0.762070;0.759328;0.759510;0.761298;0.760218",108.913754,9181.58,,12.28,0,6980,10,True,nid006032,57240766
SparseHNSW_a0.7_b2_s8x4,"M=32 efC=200 ef=3200 alpha=0.7 beta=2 q=u8 seedT=8 seedH=8 seedS=4",64,0.9537965616,1.0000,311.1775,2.7388,0.0000,1.491804,"1.496234;1.493053;1.491225;1.488032;1.491804",213.725501,4678.90,,12.28,0,6980,10,True,nid006032,57240766
SparseHNSW_a0.7_b3_s8x4,"M=32 efC=200 ef=10 alpha=0.7 beta=3 q=u8 seedT=8 seedH=8 seedS=4",64,0.9077363897,0.9699,311.1775,2.7388,0.0000,0.028233,"0.028120;0.028385;0.028289;0.028233;0.028151",4.044842,247228.42,,12.28,0,6980,10,True,nid006032,57240766
SparseHNSW_a0.7_b3_s8x4,"M=32 efC=200 ef=20 alpha=0.7 beta=3 q=u8 seedT=8 seedH=8 seedS=4",64,0.9077363897,0.9699,311.1775,2.7388,0.0000,0.027918,"0.027918;0.027930;0.027947;0.027904;0.027848",3.999713,250017.91,,12.28,0,6980,10,True,nid006032,57240766
SparseHNSW_a0.7_b3_s8x4,"M=32 efC=200 ef=50 alpha=0.7 beta=3 q=u8 seedT=8 seedH=8 seedS=4",64,0.9257449857,0.9805,311.1775,2.7388,0.0000,0.038381,"0.038454;0.038318;0.038435;0.038340;0.038381",5.498711,181860.82,,12.28,0,6980,10,True,nid006032,57240766
SparseHNSW_a0.7_b3_s8x4,"M=32 efC=200 ef=100 alpha=0.7 beta=3 q=u8 seedT=8 seedH=8 seedS=4",64,0.9449713467,0.9903,311.1775,2.7388,0.0000,0.066483,"0.066399;0.066414;0.066483;0.066660;0.066484",9.524785,104989.25,,12.28,0,6980,10,True,nid006032,57240766
SparseHNSW_a0.7_b3_s8x4,"M=32 efC=200 ef=200 alpha=0.7 beta=3 q=u8 seedT=8 seedH=8 seedS=4",64,0.9562034384,0.9953,311.1775,2.7388,0.0000,0.117010,"0.117026;0.116603;0.116778;0.117010;0.117255",16.763610,59653.02,,12.28,0,6980,10,True,nid006032,57240766
SparseHNSW_a0.7_b3_s8x4,"M=32 efC=200 ef=400 alpha=0.7 beta=3 q=u8 seedT=8 seedH=8 seedS=4",64,0.9646991404,0.9989,311.1775,2.7388,0.0000,0.210813,"0.210758;0.211152;0.211143;0.210783;0.210813",30.202436,33109.91,,12.28,0,6980,10,True,nid006032,57240766
SparseHNSW_a0.7_b3_s8x4,"M=32 efC=200 ef=800 alpha=0.7 beta=3 q=u8 seedT=8 seedH=8 seedS=4",64,0.9684527221,0.9993,311.1775,2.7388,0.0000,0.393063,"0.393546;0.393063;0.391996;0.392571;0.393461",56.312751,17757.97,,12.28,0,6980,10,True,nid006032,57240766
SparseHNSW_a0.7_b3_s8x4,"M=32 efC=200 ef=1600 alpha=0.7 beta=3 q=u8 seedT=8 seedH=8 seedS=4",64,0.9718911175,0.9999,311.1775,2.7388,0.0000,0.761298,"0.761702;0.761496;0.758555;0.760613;0.761298",109.068481,9168.55,,12.28,0,6980,10,True,nid006032,57240766
SparseHNSW_a0.7_b3_s8x4,"M=32 efC=200 ef=3200 alpha=0.7 beta=3 q=u8 seedT=8 seedH=8 seedS=4",64,0.9743696275,1.0000,311.1775,2.7388,0.0000,1.491916,"1.491784;1.492411;1.491916;1.492988;1.491738",213.741547,4678.55,,12.28,0,6980,10,True,nid006032,57240766
SparseHNSW_a0.7_b4_s8x4,"M=32 efC=200 ef=10 alpha=0.7 beta=4 q=u8 seedT=8 seedH=8 seedS=4",64,0.9238252149,0.9765,311.1775,2.7388,0.0000,0.033000,"0.032786;0.033237;0.033130;0.033000;0.032813",4.727794,211515.15,,12.28,0,6980,10,True,nid006032,57240766
SparseHNSW_a0.7_b4_s8x4,"M=32 efC=200 ef=20 alpha=0.7 beta=4 q=u8 seedT=8 seedH=8 seedS=4",64,0.9238252149,0.9765,311.1775,2.7388,0.0000,0.032749,"0.032749;0.032875;0.032687;0.032784;0.032706",4.691834,213136.28,,12.28,0,6980,10,True,nid006032,57240766
SparseHNSW_a0.7_b4_s8x4,"M=32 efC=200 ef=50 alpha=0.7 beta=4 q=u8 seedT=8 seedH=8 seedS=4",64,0.9317765043,0.9805,311.1775,2.7388,0.0000,0.038693,"0.038693;0.038839;0.038532;0.038670;0.038697",5.543410,180394.39,,12.28,0,6980,10,True,nid006032,57240766
SparseHNSW_a0.7_b4_s8x4,"M=32 efC=200 ef=100 alpha=0.7 beta=4 q=u8 seedT=8 seedH=8 seedS=4",64,0.9515186246,0.9903,311.1775,2.7388,0.0000,0.066602,"0.066433;0.066760;0.066484;0.066602;0.066672",9.541834,104801.66,,12.28,0,6980,10,True,nid006032,57240766
SparseHNSW_a0.7_b4_s8x4,"M=32 efC=200 ef=200 alpha=0.7 beta=4 q=u8 seedT=8 seedH=8 seedS=4",64,0.9629942693,0.9953,311.1775,2.7388,0.0000,0.117322,"0.116472;0.117010;0.117454;0.117322;0.117430",16.808309,59494.38,,12.28,0,6980,10,True,nid006032,57240766
SparseHNSW_a0.7_b4_s8x4,"M=32 efC=200 ef=400 alpha=0.7 beta=4 q=u8 seedT=8 seedH=8 seedS=4",64,0.9716762178,0.9989,311.1775,2.7388,0.0000,0.211516,"0.210499;0.211516;0.210513;0.211587;0.211758",30.303152,32999.87,,12.28,0,6980,10,True,nid006032,57240766
SparseHNSW_a0.7_b4_s8x4,"M=32 efC=200 ef=800 alpha=0.7 beta=4 q=u8 seedT=8 seedH=8 seedS=4",64,0.9755873926,0.9993,311.1775,2.7388,0.0000,0.393006,"0.393006;0.392978;0.392832;0.395212;0.393915",56.304585,17760.54,,12.28,0,6980,10,True,nid006032,57240766
SparseHNSW_a0.7_b4_s8x4,"M=32 efC=200 ef=1600 alpha=0.7 beta=4 q=u8 seedT=8 seedH=8 seedS=4",64,0.9790830946,0.9999,311.1775,2.7388,0.0000,0.760147,"0.760187;0.760143;0.760147;0.759491;0.760277",108.903582,9182.43,,12.28,0,6980,10,True,nid006032,57240766
SparseHNSW_a0.7_b4_s8x4,"M=32 efC=200 ef=3200 alpha=0.7 beta=4 q=u8 seedT=8 seedH=8 seedS=4",64,0.9816475645,1.0000,311.1775,2.7388,0.0000,1.492700,"1.493996;1.489540;1.490353;1.495104;1.492700",213.853868,4676.09,,12.28,0,6980,10,True,nid006032,57240766
SparseHNSW_a0.7_b5_s8x4,"M=32 efC=200 ef=10 alpha=0.7 beta=5 q=u8 seedT=8 seedH=8 seedS=4",64,0.9339684814,0.9807,311.1775,2.7388,0.0000,0.039190,"0.039141;0.039384;0.039600;0.039190;0.039172",5.614613,178106.66,,12.28,0,6980,10,True,nid006032,57240766
SparseHNSW_a0.7_b5_s8x4,"M=32 efC=200 ef=20 alpha=0.7 beta=5 q=u8 seedT=8 seedH=8 seedS=4",64,0.9339684814,0.9807,311.1775,2.7388,0.0000,0.039086,"0.038981;0.039176;0.039086;0.038940;0.039112",5.599713,178580.57,,12.28,0,6980,10,True,nid006032,57240766
SparseHNSW_a0.7_b5_s8x4,"M=32 efC=200 ef=50 alpha=0.7 beta=5 q=u8 seedT=8 seedH=8 seedS=4",64,0.9339684814,0.9807,311.1775,2.7388,0.0000,0.039051,"0.039097;0.039118;0.039051;0.038778;0.038886",5.594699,178740.62,,12.28,0,6980,10,True,nid006032,57240766
SparseHNSW_a0.7_b5_s8x4,"M=32 efC=200 ef=100 alpha=0.7 beta=5 q=u8 seedT=8 seedH=8 seedS=4",64,0.9540257880,0.9903,311.1775,2.7388,0.0000,0.067343,"0.067343;0.067550;0.067206;0.066717;0.067537",9.647994,103648.49,,12.28,0,6980,10,True,nid006032,57240766
SparseHNSW_a0.7_b5_s8x4,"M=32 efC=200 ef=200 alpha=0.7 beta=5 q=u8 seedT=8 seedH=8 seedS=4",64,0.9656590258,0.9953,311.1775,2.7388,0.0000,0.117148,"0.116981;0.117210;0.117354;0.116976;0.117148",16.783381,59582.75,,12.28,0,6980,10,True,nid006032,57240766
SparseHNSW_a0.7_b5_s8x4,"M=32 efC=200 ef=400 alpha=0.7 beta=5 q=u8 seedT=8 seedH=8 seedS=4",64,0.9743982808,0.9989,311.1775,2.7388,0.0000,0.211398,"0.210565;0.211740;0.211398;0.210864;0.211452",30.286246,33018.29,,12.28,0,6980,10,True,nid006032,57240766
SparseHNSW_a0.7_b5_s8x4,"M=32 efC=200 ef=800 alpha=0.7 beta=5 q=u8 seedT=8 seedH=8 seedS=4",64,0.9783381089,0.9993,311.1775,2.7388,0.0000,0.392717,"0.392627;0.392062;0.394092;0.392717;0.393388",56.263181,17773.61,,12.28,0,6980,10,True,nid006032,57240766
SparseHNSW_a0.7_b5_s8x4,"M=32 efC=200 ef=1600 alpha=0.7 beta=5 q=u8 seedT=8 seedH=8 seedS=4",64,0.9819340974,0.9999,311.1775,2.7388,0.0000,0.759770,"0.759770;0.759154;0.759567;0.761702;0.760469",108.849570,9186.99,,12.28,0,6980,10,True,nid006032,57240766
SparseHNSW_a0.7_b5_s8x4,"M=32 efC=200 ef=3200 alpha=0.7 beta=5 q=u8 seedT=8 seedH=8 seedS=4",64,0.9845128940,1.0000,311.1775,2.7388,0.0000,1.492581,"1.495518;1.492272;1.491824;1.496443;1.492581",213.836819,4676.46,,12.28,0,6980,10,True,nid006032,57240766
SparseHNSW_a0.7_b6_s8x4,"M=32 efC=200 ef=10 alpha=0.7 beta=6 q=u8 seedT=8 seedH=8 seedS=4",64,0.9415759312,0.9837,311.1775,2.7388,0.0000,0.045431,"0.045187;0.045431;0.045535;0.045399;0.045497",6.508739,153639.59,,12.28,0,6980,10,True,nid006032,57240766
SparseHNSW_a0.7_b6_s8x4,"M=32 efC=200 ef=20 alpha=0.7 beta=6 q=u8 seedT=8 seedH=8 seedS=4",64,0.9415759312,0.9837,311.1775,2.7388,0.0000,0.045428,"0.045565;0.045578;0.045294;0.045059;0.045428",6.508309,153649.73,,12.28,0,6980,10,True,nid006032,57240766
SparseHNSW_a0.7_b6_s8x4,"M=32 efC=200 ef=50 alpha=0.7 beta=6 q=u8 seedT=8 seedH=8 seedS=4",64,0.9415759312,0.9837,311.1775,2.7388,0.0000,0.045130,"0.045043;0.045467;0.045130;0.045145;0.044961",6.465616,154664.30,,12.28,0,6980,10,True,nid006032,57240766
SparseHNSW_a0.7_b6_s8x4,"M=32 efC=200 ef=100 alpha=0.7 beta=6 q=u8 seedT=8 seedH=8 seedS=4",64,0.9555730659,0.9903,311.1775,2.7388,0.0000,0.067537,"0.067537;0.066805;0.067828;0.067031;0.067606",9.675788,103350.76,,12.28,0,6980,10,True,nid006032,57240766
SparseHNSW_a0.7_b6_s8x4,"M=32 efC=200 ef=200 alpha=0.7 beta=6 q=u8 seedT=8 seedH=8 seedS=4",64,0.9672636103,0.9953,311.1775,2.7388,0.0000,0.117547,"0.117512;0.118000;0.118181;0.117465;0.117547",16.840544,59380.50,,12.28,0,6980,10,True,nid006032,57240766
SparseHNSW_a0.7_b6_s8x4,"M=32 efC=200 ef=400 alpha=0.7 beta=6 q=u8 seedT=8 seedH=8 seedS=4",64,0.9761174785,0.9989,311.1775,2.7388,0.0000,0.211588,"0.212006;0.211210;0.211588;0.210899;0.211814",30.313467,32988.64,,12.28,0,6980,10,True,nid006032,57240766
SparseHNSW_a0.7_b6_s8x4,"M=32 efC=200 ef=800 alpha=0.7 beta=6 q=u8 seedT=8 seedH=8 seedS=4",64,0.9801146132,0.9993,311.1775,2.7388,0.0000,0.392590,"0.393226;0.392590;0.392513;0.392607;0.391390",56.244986,17779.36,,12.28,0,6980,10,True,nid006032,57240766
SparseHNSW_a0.7_b6_s8x4,"M=32 efC=200 ef=1600 alpha=0.7 beta=6 q=u8 seedT=8 seedH=8 seedS=4",64,0.9837249284,0.9999,311.1775,2.7388,0.0000,0.761031,"0.760043;0.761040;0.759821;0.761031;0.762020",109.030229,9171.77,,12.28,0,6980,10,True,nid006032,57240766
SparseHNSW_a0.7_b6_s8x4,"M=32 efC=200 ef=3200 alpha=0.7 beta=6 q=u8 seedT=8 seedH=8 seedS=4",64,0.9863467049,1.0000,311.1775,2.7388,0.0000,1.496024,"1.496521;1.492779;1.496024;1.496191;1.491085",214.330086,4665.70,,12.28,0,6980,10,True,nid006032,57240766
SparseHNSW_a0.7_b8_s8x4,"M=32 efC=200 ef=10 alpha=0.7 beta=8 q=u8 seedT=8 seedH=8 seedS=4",64,0.9518051576,0.9880,311.1775,2.7388,0.0000,0.057055,"0.056901;0.056512;0.057077;0.057323;0.057055",8.174069,122338.09,,12.28,0,6980,10,True,nid006032,57240766
SparseHNSW_a0.7_b8_s8x4,"M=32 efC=200 ef=20 alpha=0.7 beta=8 q=u8 seedT=8 seedH=8 seedS=4",64,0.9518051576,0.9880,311.1775,2.7388,0.0000,0.056933,"0.056795;0.057110;0.057025;0.056933;0.056612",8.156590,122600.25,,12.28,0,6980,10,True,nid006032,57240766
SparseHNSW_a0.7_b8_s8x4,"M=32 efC=200 ef=50 alpha=0.7 beta=8 q=u8 seedT=8 seedH=8 seedS=4",64,0.9518051576,0.9880,311.1775,2.7388,0.0000,0.057095,"0.056917;0.057095;0.057150;0.057117;0.056826",8.179799,122252.39,,12.28,0,6980,10,True,nid006032,57240766
SparseHNSW_a0.7_b8_s8x4,"M=32 efC=200 ef=100 alpha=0.7 beta=8 q=u8 seedT=8 seedH=8 seedS=4",64,0.9571633238,0.9903,311.1775,2.7388,0.0000,0.067790,"0.067789;0.067428;0.067790;0.068492;0.068065",9.712034,102965.04,,12.28,0,6980,10,True,nid006032,57240766
SparseHNSW_a0.7_b8_s8x4,"M=32 efC=200 ef=200 alpha=0.7 beta=8 q=u8 seedT=8 seedH=8 seedS=4",64,0.9689828080,0.9953,311.1775,2.7388,0.0000,0.118510,"0.118587;0.117888;0.118566;0.118246;0.118510",16.978510,58897.98,,12.28,0,6980,10,True,nid006032,57240766
SparseHNSW_a0.7_b8_s8x4,"M=32 efC=200 ef=400 alpha=0.7 beta=8 q=u8 seedT=8 seedH=8 seedS=4",64,0.9777363897,0.9989,311.1775,2.7388,0.0000,0.212858,"0.211897;0.213339;0.212636;0.213072;0.212858",30.495415,32791.81,,12.28,0,6980,10,True,nid006032,57240766
SparseHNSW_a0.7_b8_s8x4,"M=32 efC=200 ef=800 alpha=0.7 beta=8 q=u8 seedT=8 seedH=8 seedS=4",64,0.9817621777,0.9993,311.1775,2.7388,0.0000,0.394214,"0.392422;0.393756;0.394214;0.394218;0.396440",56.477650,17706.12,,12.28,0,6980,10,True,nid006032,57240766
SparseHNSW_a0.7_b8_s8x4,"M=32 efC=200 ef=1600 alpha=0.7 beta=8 q=u8 seedT=8 seedH=8 seedS=4",64,0.9853868195,0.9999,311.1775,2.7388,0.0000,0.760944,"0.763044;0.761207;0.760755;0.760944;0.760273",109.017765,9172.82,,12.28,0,6980,10,True,nid006032,57240766
SparseHNSW_a0.7_b8_s8x4,"M=32 efC=200 ef=3200 alpha=0.7 beta=8 q=u8 seedT=8 seedH=8 seedS=4",64,0.9880515759,1.0000,311.1775,2.7388,0.0000,1.496634,"1.497544;1.497087;1.494773;1.496634;1.494022",214.417479,4663.80,,12.28,0,6980,10,True,nid006032,57240766
SparseHNSW_a0.75_b1_s0x0,"M=32 efC=200 ef=10 alpha=0.75 beta=1 q=u8",64,0.6488252149,0.5070,344.5999,2.1824,0.0000,0.013276,"0.012946;0.013450;0.013310;0.013276;0.013180",1.902006,525760.77,,12.37,0,6980,10,True,nid006032,57240766
SparseHNSW_a0.75_b1_s0x0,"M=32 efC=200 ef=20 alpha=0.75 beta=1 q=u8",64,0.7281518625,0.5820,344.5999,2.1824,0.0000,0.020806,"0.021138;0.020927;0.020806;0.020739;0.020645",2.980802,335480.15,,12.37,0,6980,10,True,nid006032,57240766
SparseHNSW_a0.75_b1_s0x0,"M=32 efC=200 ef=50 alpha=0.75 beta=1 q=u8",64,0.7927077364,0.6423,344.5999,2.1824,0.0000,0.040343,"0.040441;0.040324;0.040444;0.040343;0.040222",5.779799,173016.38,,12.37,0,6980,10,True,nid006032,57240766
SparseHNSW_a0.75_b1_s0x0,"M=32 efC=200 ef=100 alpha=0.75 beta=1 q=u8",64,0.8226647564,0.6689,344.5999,2.1824,0.0000,0.068511,"0.068650;0.068511;0.068255;0.067955;0.068955",9.815330,101881.45,,12.37,0,6980,10,True,nid006032,57240766
SparseHNSW_a0.75_b1_s0x0,"M=32 efC=200 ef=200 alpha=0.75 beta=1 q=u8",64,0.8378653295,0.6822,344.5999,2.1824,0.0000,0.119170,"0.119183;0.118647;0.119688;0.118856;0.119170",17.073066,58571.79,,12.37,0,6980,10,True,nid006032,57240766
SparseHNSW_a0.75_b1_s0x0,"M=32 efC=200 ef=400 alpha=0.75 beta=1 q=u8",64,0.8480802292,0.6917,344.5999,2.1824,0.0000,0.210244,"0.210131;0.210467;0.210795;0.209907;0.210244",30.120917,33199.52,,12.37,0,6980,10,True,nid006032,57240766
SparseHNSW_a0.75_b1_s0x0,"M=32 efC=200 ef=800 alpha=0.75 beta=1 q=u8",64,0.8529083095,0.6970,344.5999,2.1824,0.0000,0.387936,"0.386487;0.386628;0.387936;0.387949;0.388101",55.578223,17992.66,,12.37,0,6980,10,True,nid006032,57240766
SparseHNSW_a0.75_b1_s0x0,"M=32 efC=200 ef=1600 alpha=0.75 beta=1 q=u8",64,0.8565042980,0.7024,344.5999,2.1824,0.0000,0.743863,"0.743451;0.743863;0.743859;0.746042;0.744963",106.570630,9383.45,,12.37,0,6980,10,True,nid006032,57240766
SparseHNSW_a0.75_b1_s0x0,"M=32 efC=200 ef=3200 alpha=0.75 beta=1 q=u8",64,0.8587822350,0.7046,344.5999,2.1824,0.0000,1.463367,"1.460673;1.464129;1.464131;1.463367;1.459253",209.651433,4769.82,,12.44,0,6980,10,True,nid006032,57240766
SparseHNSW_a0.75_b2_s0x0,"M=32 efC=200 ef=10 alpha=0.75 beta=2 q=u8",64,0.8118051576,0.8865,344.5999,2.1824,0.0000,0.021639,"0.021639;0.021909;0.021694;0.021593;0.021571",3.100143,322565.74,,12.44,0,6980,10,True,nid006032,57240766
SparseHNSW_a0.75_b2_s0x0,"M=32 efC=200 ef=20 alpha=0.75 beta=2 q=u8",64,0.8118051576,0.8865,344.5999,2.1824,0.0000,0.021367,"0.021471;0.021418;0.021325;0.021367;0.021248",3.061175,326671.97,,12.44,0,6980,10,True,nid006032,57240766
SparseHNSW_a0.75_b2_s0x0,"M=32 efC=200 ef=50 alpha=0.75 beta=2 q=u8",64,0.8895558739,0.9470,344.5999,2.1824,0.0000,0.040885,"0.041018;0.040806;0.040938;0.040885;0.040827",5.857450,170722.76,,12.44,0,6980,10,True,nid006032,57240766
SparseHNSW_a0.75_b2_s0x0,"M=32 efC=200 ef=100 alpha=0.75 beta=2 q=u8",64,0.9248997135,0.9755,344.5999,2.1824,0.0000,0.068914,"0.068635;0.068831;0.068914;0.069383;0.069149",9.873066,101285.66,,12.44,0,6980,10,True,nid006032,57240766
SparseHNSW_a0.75_b2_s0x0,"M=32 efC=200 ef=200 alpha=0.75 beta=2 q=u8",64,0.9433667622,0.9878,344.5999,2.1824,0.0000,0.119372,"0.119583;0.119152;0.119318;0.119372;0.119909",17.102006,58472.67,,12.44,0,6980,10,True,nid006032,57240766
SparseHNSW_a0.75_b2_s0x0,"M=32 efC=200 ef=400 alpha=0.75 beta=2 q=u8",64,0.9554154728,0.9953,344.5999,2.1824,0.0000,0.211114,"0.211463;0.211473;0.210638;0.210347;0.211114",30.245559,33062.71,,12.44,0,6980,10,True,nid006032,57240766
SparseHNSW_a0.75_b2_s0x0,"M=32 efC=200 ef=800 alpha=0.75 beta=2 q=u8",64,0.9614756447,0.9977,344.5999,2.1824,0.0000,0.387775,"0.387891;0.389872;0.386480;0.387775;0.387760",55.555158,18000.13,,12.44,0,6980,10,True,nid006032,57240766
SparseHNSW_a0.75_b2_s0x0,"M=32 efC=200 ef=1600 alpha=0.75 beta=2 q=u8",64,0.9658166189,0.9989,344.5999,2.1824,0.0000,0.745330,"0.744669;0.745330;0.743095;0.746896;0.747308",106.780802,9364.98,,12.44,0,6980,10,True,nid006032,57240766
SparseHNSW_a0.75_b2_s0x0,"M=32 efC=200 ef=3200 alpha=0.75 beta=2 q=u8",64,0.9690687679,1.0000,344.5999,2.1824,0.0000,1.462901,"1.468559;1.462796;1.464901;1.462126;1.462901",209.584670,4771.34,,12.44,0,6980,10,True,nid006032,57240766
SparseHNSW_a0.75_b3_s0x0,"M=32 efC=200 ef=10 alpha=0.75 beta=3 q=u8",64,0.8627220630,0.9188,344.5999,2.1824,0.0000,0.028983,"0.028965;0.029363;0.028983;0.028946;0.029037",4.152292,240830.83,,12.44,0,6980,10,True,nid006032,57240766
SparseHNSW_a0.75_b3_s0x0,"M=32 efC=200 ef=20 alpha=0.75 beta=3 q=u8",64,0.8627220630,0.9188,344.5999,2.1824,0.0000,0.028817,"0.028876;0.028822;0.028776;0.028783;0.028817",4.128510,242218.14,,12.44,0,6980,10,True,nid006032,57240766
SparseHNSW_a0.75_b3_s0x0,"M=32 efC=200 ef=50 alpha=0.75 beta=3 q=u8",64,0.9002578797,0.9470,344.5999,2.1824,0.0000,0.041084,"0.041084;0.041071;0.041157;0.041021;0.041106",5.885960,169895.82,,12.44,0,6980,10,True,nid006032,57240766
SparseHNSW_a0.75_b3_s0x0,"M=32 efC=200 ef=100 alpha=0.75 beta=3 q=u8",64,0.9367908309,0.9755,344.5999,2.1824,0.0000,0.069519,"0.068967;0.068904;0.069563;0.069777;0.069519",9.959742,100404.21,,12.44,0,6980,10,True,nid006032,57240766
SparseHNSW_a0.75_b3_s0x0,"M=32 efC=200 ef=200 alpha=0.75 beta=3 q=u8",64,0.9556017192,0.9878,344.5999,2.1824,0.0000,0.119600,"0.120271;0.119514;0.120057;0.119439;0.119600",17.134670,58361.20,,12.44,0,6980,10,True,nid006032,57240766
SparseHNSW_a0.75_b3_s0x0,"M=32 efC=200 ef=400 alpha=0.75 beta=3 q=u8",64,0.9680372493,0.9953,344.5999,2.1824,0.0000,0.211174,"0.211068;0.211594;0.210474;0.211174;0.211995",30.254155,33053.31,,12.44,0,6980,10,True,nid006032,57240766
SparseHNSW_a0.75_b3_s0x0,"M=32 efC=200 ef=800 alpha=0.75 beta=3 q=u8",64,0.9741977077,0.9977,344.5999,2.1824,0.0000,0.388009,"0.387602;0.388429;0.388009;0.386910;0.388838",55.588682,17989.27,,12.44,0,6980,10,True,nid006032,57240766
SparseHNSW_a0.75_b3_s0x0,"M=32 efC=200 ef=1600 alpha=0.75 beta=3 q=u8",64,0.9786819484,0.9989,344.5999,2.1824,0.0000,0.747128,"0.748150;0.747128;0.746798;0.746108;0.747384",107.038395,9342.44,,12.44,0,6980,10,True,nid006032,57240766
SparseHNSW_a0.75_b3_s0x0,"M=32 efC=200 ef=3200 alpha=0.75 beta=3 q=u8",64,0.9820630372,1.0000,344.5999,2.1824,0.0000,1.462417,"1.459882;1.462168;1.462417;1.464822;1.463680",209.515330,4772.92,,12.44,0,6980,10,True,nid006032,57240766
SparseHNSW_a0.75_b4_s0x0,"M=32 efC=200 ef=10 alpha=0.75 beta=4 q=u8",64,0.8861318052,0.9341,344.5999,2.1824,0.0000,0.035721,"0.035767;0.035656;0.035656;0.035768;0.035721",5.117622,195403.26,,12.44,0,6980,10,True,nid006032,57240766
SparseHNSW_a0.75_b4_s0x0,"M=32 efC=200 ef=20 alpha=0.75 beta=4 q=u8",64,0.8861318052,0.9341,344.5999,2.1824,0.0000,0.035387,"0.035468;0.035240;0.035387;0.035339;0.035653",5.069771,197247.58,,12.44,0,6980,10,True,nid006032,57240766
SparseHNSW_a0.75_b4_s0x0,"M=32 efC=200 ef=50 alpha=0.75 beta=4 q=u8",64,0.9032951289,0.9470,344.5999,2.1824,0.0000,0.041559,"0.041708;0.041417;0.041679;0.041559;0.041516",5.954011,167953.99,,12.44,0,6980,10,True,nid006032,57240766
SparseHNSW_a0.75_b4_s0x0,"M=32 efC=200 ef=100 alpha=0.75 beta=4 q=u8",64,0.9401002865,0.9755,344.5999,2.1824,0.0000,0.069653,"0.069678;0.069653;0.069715;0.068674;0.069184",9.978940,100211.05,,12.44,0,6980,10,True,nid006032,57240766
SparseHNSW_a0.75_b4_s0x0,"M=32 efC=200 ef=200 alpha=0.75 beta=4 q=u8",64,0.9590687679,0.9878,344.5999,2.1824,0.0000,0.119524,"0.118778;0.119715;0.119413;0.119524;0.119771",17.123782,58398.31,,12.44,0,6980,10,True,nid006032,57240766
SparseHNSW_a0.75_b4_s0x0,"M=32 efC=200 ef=400 alpha=0.75 beta=4 q=u8",64,0.9717048711,0.9953,344.5999,2.1824,0.0000,0.211324,"0.211752;0.211324;0.211030;0.212749;0.210836",30.275645,33029.85,,12.44,0,6980,10,True,nid006032,57240766
SparseHNSW_a0.75_b4_s0x0,"M=32 efC=200 ef=800 alpha=0.75 beta=4 q=u8",64,0.9779083095,0.9977,344.5999,2.1824,0.0000,0.386867,"0.387966;0.386490;0.386867;0.385807;0.388478",55.425072,18042.38,,12.44,0,6980,10,True,nid006032,57240766
SparseHNSW_a0.75_b4_s0x0,"M=32 efC=200 ef=1600 alpha=0.75 beta=4 q=u8",64,0.9824212034,0.9989,344.5999,2.1824,0.0000,0.747305,"0.747305;0.746049;0.747461;0.749693;0.746958",107.063754,9340.23,,12.44,0,6980,10,True,nid006032,57240766
SparseHNSW_a0.75_b4_s0x0,"M=32 efC=200 ef=3200 alpha=0.75 beta=4 q=u8",64,0.9858309456,1.0000,344.5999,2.1824,0.0000,1.463570,"1.464575;1.466226;1.461994;1.463570;1.462428",209.680516,4769.16,,12.44,0,6980,10,True,nid006032,57240766
SparseHNSW_a0.75_b5_s0x0,"M=32 efC=200 ef=10 alpha=0.75 beta=5 q=u8",64,0.9044555874,0.9470,344.5999,2.1824,0.0000,0.041900,"0.042045;0.041852;0.041893;0.042196;0.041900",6.002865,166587.11,,12.44,0,6980,10,True,nid006032,57240766
SparseHNSW_a0.75_b5_s0x0,"M=32 efC=200 ef=20 alpha=0.75 beta=5 q=u8",64,0.9044555874,0.9470,344.5999,2.1824,0.0000,0.041865,"0.042038;0.041785;0.042190;0.041865;0.041641",5.997851,166726.38,,12.44,0,6980,10,True,nid006032,57240766
SparseHNSW_a0.75_b5_s0x0,"M=32 efC=200 ef=50 alpha=0.75 beta=5 q=u8",64,0.9044555874,0.9470,344.5999,2.1824,0.0000,0.041830,"0.041841;0.041813;0.041737;0.041881;0.041830",5.992837,166865.89,,12.44,0,6980,10,True,nid006032,57240766
SparseHNSW_a0.75_b5_s0x0,"M=32 efC=200 ef=100 alpha=0.75 beta=5 q=u8",64,0.9414756447,0.9755,344.5999,2.1824,0.0000,0.069637,"0.070046;0.069570;0.070062;0.069637;0.069380",9.976648,100234.07,,12.44,0,6980,10,True,nid006032,57240766
SparseHNSW_a0.75_b5_s0x0,"M=32 efC=200 ef=200 alpha=0.75 beta=5 q=u8",64,0.9605587393,0.9878,344.5999,2.1824,0.0000,0.120097,"0.119941;0.119742;0.121242;0.121020;0.120097",17.205874,58119.69,,12.44,0,6980,10,True,nid006032,57240766
SparseHNSW_a0.75_b5_s0x0,"M=32 efC=200 ef=400 alpha=0.75 beta=5 q=u8",64,0.9731805158,0.9953,344.5999,2.1824,0.0000,0.213218,"0.213263;0.212675;0.213218;0.212513;0.213651",30.546991,32736.45,,12.44,0,6980,10,True,nid006032,57240766
SparseHNSW_a0.75_b5_s0x0,"M=32 efC=200 ef=800 alpha=0.75 beta=5 q=u8",64,0.9794269341,0.9977,344.5999,2.1824,0.0000,0.388168,"0.389366;0.388168;0.389922;0.387769;0.388064",55.611461,17981.90,,12.44,0,6980,10,True,nid006032,57240766
SparseHNSW_a0.75_b5_s0x0,"M=32 efC=200 ef=1600 alpha=0.75 beta=5 q=u8",64,0.9839255014,0.9989,344.5999,2.1824,0.0000,0.748095,"0.747460;0.748095;0.750896;0.746037;0.748210",107.176934,9330.37,,12.44,0,6980,10,True,nid006032,57240766
SparseHNSW_a0.75_b5_s0x0,"M=32 efC=200 ef=3200 alpha=0.75 beta=5 q=u8",64,0.9873352436,1.0000,344.5999,2.1824,0.0000,1.463275,"1.463275;1.462746;1.463270;1.465149;1.464086",209.638252,4770.12,,12.44,0,6980,10,True,nid006032,57240766
SparseHNSW_a0.75_b6_s0x0,"M=32 efC=200 ef=10 alpha=0.75 beta=6 q=u8",64,0.9170916905,0.9567,344.5999,2.1824,0.0000,0.047994,"0.048356;0.047900;0.048446;0.047994;0.047833",6.875931,145434.85,,12.44,0,6980,10,True,nid006032,57240766
SparseHNSW_a0.75_b6_s0x0,"M=32 efC=200 ef=20 alpha=0.75 beta=6 q=u8",64,0.9170916905,0.9567,344.5999,2.1824,0.0000,0.048051,"0.048047;0.048051;0.048042;0.048282;0.048156",6.884097,145262.33,,12.44,0,6980,10,True,nid006032,57240766
SparseHNSW_a0.75_b6_s0x0,"M=32 efC=200 ef=50 alpha=0.75 beta=6 q=u8",64,0.9170916905,0.9567,344.5999,2.1824,0.0000,0.048078,"0.048098;0.048104;0.048078;0.048016;0.048023",6.887966,145180.75,,12.44,0,6980,10,True,nid006032,57240766
SparseHNSW_a0.75_b6_s0x0,"M=32 efC=200 ef=100 alpha=0.75 beta=6 q=u8",64,0.9419627507,0.9755,344.5999,2.1824,0.0000,0.070072,"0.069917;0.070091;0.070072;0.070263;0.070026",10.038968,99611.83,,12.44,0,6980,10,True,nid006032,57240766
SparseHNSW_a0.75_b6_s0x0,"M=32 efC=200 ef=200 alpha=0.75 beta=6 q=u8",64,0.9611461318,0.9880,344.5999,2.1824,0.0000,0.120333,"0.120333;0.119990;0.120615;0.120317;0.120451",17.239685,58005.70,,12.44,0,6980,10,True,nid006032,57240766
SparseHNSW_a0.75_b6_s0x0,"M=32 efC=200 ef=400 alpha=0.75 beta=6 q=u8",64,0.9738395415,0.9953,344.5999,2.1824,0.0000,0.212597,"0.212613;0.212390;0.211826;0.212597;0.213203",30.458023,32832.07,,12.44,0,6980,10,True,nid006032,57240766
SparseHNSW_a0.75_b6_s0x0,"M=32 efC=200 ef=800 alpha=0.75 beta=6 q=u8",64,0.9800859599,0.9977,344.5999,2.1824,0.0000,0.388743,"0.388639;0.388743;0.387581;0.392057;0.389284",55.693840,17955.31,,12.44,0,6980,10,True,nid006032,57240766
SparseHNSW_a0.75_b6_s0x0,"M=32 efC=200 ef=1600 alpha=0.75 beta=6 q=u8",64,0.9846418338,0.9989,344.5999,2.1824,0.0000,0.748016,"0.746518;0.749711;0.746537;0.748016;0.748720",107.165616,9331.35,,12.44,0,6980,10,True,nid006032,57240766
SparseHNSW_a0.75_b6_s0x0,"M=32 efC=200 ef=3200 alpha=0.75 beta=6 q=u8",64,0.9880659026,1.0000,344.5999,2.1824,0.0000,1.463933,"1.466535;1.463933;1.464213;1.463712;1.463528",209.732521,4767.98,,12.44,0,6980,10,True,nid006032,57240766
SparseHNSW_a0.75_b8_s0x0,"M=32 efC=200 ef=10 alpha=0.75 beta=8 q=u8",64,0.9335386819,0.9689,344.5999,2.1824,0.0000,0.059869,"0.060074;0.059963;0.059164;0.059584;0.059869",8.577221,116587.88,,12.44,0,6980,10,True,nid006032,57240766
SparseHNSW_a0.75_b8_s0x0,"M=32 efC=200 ef=20 alpha=0.75 beta=8 q=u8",64,0.9335386819,0.9689,344.5999,2.1824,0.0000,0.059689,"0.059689;0.059730;0.059756;0.059402;0.059534",8.551433,116939.47,,12.44,0,6980,10,True,nid006032,57240766
SparseHNSW_a0.75_b8_s0x0,"M=32 efC=200 ef=50 alpha=0.75 beta=8 q=u8",64,0.9335386819,0.9689,344.5999,2.1824,0.0000,0.059657,"0.059391;0.059941;0.059768;0.059657;0.059577",8.546848,117002.20,,12.44,0,6980,10,True,nid006032,57240766
SparseHNSW_a0.75_b8_s0x0,"M=32 efC=200 ef=100 alpha=0.75 beta=8 q=u8",64,0.9426647564,0.9755,344.5999,2.1824,0.0000,0.070654,"0.070725;0.070276;0.071038;0.070394;0.070654",10.122350,98791.29,,12.44,0,6980,10,True,nid006032,57240766
SparseHNSW_a0.75_b8_s0x0,"M=32 efC=200 ef=200 alpha=0.75 beta=8 q=u8",64,0.9618911175,0.9880,344.5999,2.1824,0.0000,0.120796,"0.120592;0.121113;0.120545;0.121234;0.120796",17.306017,57783.37,,12.44,0,6980,10,True,nid006032,57240766
SparseHNSW_a0.75_b8_s0x0,"M=32 efC=200 ef=400 alpha=0.75 beta=8 q=u8",64,0.9746131805,0.9953,344.5999,2.1824,0.0000,0.212891,"0.212018;0.212539;0.212965;0.213581;0.212891",30.500143,32786.73,,12.44,0,6980,10,True,nid006032,57240766
SparseHNSW_a0.75_b8_s0x0,"M=32 efC=200 ef=800 alpha=0.75 beta=8 q=u8",64,0.9808309456,0.9977,344.5999,2.1824,0.0000,0.389356,"0.389375;0.389274;0.388665;0.389356;0.390335",55.781662,17927.04,,12.44,0,6980,10,True,nid006032,57240766
SparseHNSW_a0.75_b8_s0x0,"M=32 efC=200 ef=1600 alpha=0.75 beta=8 q=u8",64,0.9853868195,0.9989,344.5999,2.1824,0.0000,0.747868,"0.746581;0.748677;0.747868;0.749512;0.745799",107.144413,9333.20,,12.44,0,6980,10,True,nid006032,57240766
SparseHNSW_a0.75_b8_s0x0,"M=32 efC=200 ef=3200 alpha=0.75 beta=8 q=u8",64,0.9888108883,1.0000,344.5999,2.1824,0.0000,1.466236,"1.466739;1.466163;1.466236;1.464037;1.468410",210.062464,4760.49,,12.44,0,6980,10,True,nid006032,57240766
SparseHNSW_a0.75_b1_s8x4,"M=32 efC=200 ef=10 alpha=0.75 beta=1 q=u8 seedT=8 seedH=8 seedS=4",64,0.8048710602,0.6488,344.5999,2.1824,0.0000,0.026700,"0.026878;0.026988;0.026700;0.026525;0.026454",3.825215,261423.22,,12.44,0,6980,10,True,nid006032,57240766
SparseHNSW_a0.75_b1_s8x4,"M=32 efC=200 ef=20 alpha=0.75 beta=1 q=u8 seedT=8 seedH=8 seedS=4",64,0.8048710602,0.6488,344.5999,2.1824,0.0000,0.026188,"0.026321;0.026240;0.026188;0.026164;0.026156",3.751862,266534.29,,12.44,0,6980,10,True,nid006032,57240766
SparseHNSW_a0.75_b1_s8x4,"M=32 efC=200 ef=50 alpha=0.75 beta=1 q=u8 seedT=8 seedH=8 seedS=4",64,0.8214756447,0.6658,344.5999,2.1824,0.0000,0.036877,"0.036819;0.036915;0.036877;0.036775;0.037006",5.283238,189277.87,,12.44,0,6980,10,True,nid006032,57240766
SparseHNSW_a0.75_b1_s8x4,"M=32 efC=200 ef=100 alpha=0.75 beta=1 q=u8 seedT=8 seedH=8 seedS=4",64,0.8376074499,0.6805,344.5999,2.1824,0.0000,0.065047,"0.065558;0.065069;0.064630;0.064850;0.065047",9.319054,107307.02,,12.44,0,6980,10,True,nid006032,57240766
SparseHNSW_a0.75_b1_s8x4,"M=32 efC=200 ef=200 alpha=0.75 beta=1 q=u8 seedT=8 seedH=8 seedS=4",64,0.8463610315,0.6888,344.5999,2.1824,0.0000,0.116038,"0.116038;0.115427;0.116057;0.115693;0.116052",16.624355,60152.71,,12.44,0,6980,10,True,nid006032,57240766
SparseHNSW_a0.75_b1_s8x4,"M=32 efC=200 ef=400 alpha=0.75 beta=1 q=u8 seedT=8 seedH=8 seedS=4",64,0.8517191977,0.6945,344.5999,2.1824,0.0000,0.206872,"0.207920;0.207571;0.206872;0.206357;0.206536",29.637822,33740.67,,12.44,0,6980,10,True,nid006032,57240766
SparseHNSW_a0.75_b1_s8x4,"M=32 efC=200 ef=800 alpha=0.75 beta=1 q=u8 seedT=8 seedH=8 seedS=4",64,0.8555014327,0.6993,344.5999,2.1824,0.0000,0.385342,"0.386730;0.385342;0.386359;0.384604;0.384355",55.206590,18113.78,,12.44,0,6980,10,True,nid006032,57240766
SparseHNSW_a0.75_b1_s8x4,"M=32 efC=200 ef=1600 alpha=0.75 beta=1 q=u8 seedT=8 seedH=8 seedS=4",64,0.8581375358,0.7037,344.5999,2.1824,0.0000,0.746116,"0.743971;0.745114;0.746610;0.746116;0.746243",106.893410,9355.11,,12.44,0,6980,10,True,nid006032,57240766
SparseHNSW_a0.75_b1_s8x4,"M=32 efC=200 ef=3200 alpha=0.75 beta=1 q=u8 seedT=8 seedH=8 seedS=4",64,0.8597564470,0.7058,344.5999,2.1824,0.0000,1.462612,"1.461873;1.464185;1.462612;1.462322;1.462869",209.543266,4772.28,,12.44,0,6980,10,True,nid006032,57240766
SparseHNSW_a0.75_b2_s8x4,"M=32 efC=200 ef=10 alpha=0.75 beta=2 q=u8 seedT=8 seedH=8 seedS=4",64,0.9006446991,0.9662,344.5999,2.1824,0.0000,0.027410,"0.027410;0.027724;0.027529;0.027384;0.027216",3.926934,254651.59,,12.44,0,6980,10,True,nid006032,57240766
SparseHNSW_a0.75_b2_s8x4,"M=32 efC=200 ef=20 alpha=0.75 beta=2 q=u8 seedT=8 seedH=8 seedS=4",64,0.9006446991,0.9662,344.5999,2.1824,0.0000,0.027086,"0.027166;0.027086;0.027111;0.026957;0.026991",3.880516,257697.70,,12.44,0,6980,10,True,nid006032,57240766
SparseHNSW_a0.75_b2_s8x4,"M=32 efC=200 ef=50 alpha=0.75 beta=2 q=u8 seedT=8 seedH=8 seedS=4",64,0.9211318052,0.9787,344.5999,2.1824,0.0000,0.037521,"0.037521;0.037646;0.037601;0.037432;0.037459",5.375501,186029.16,,12.44,0,6980,10,True,nid006032,57240766
SparseHNSW_a0.75_b2_s8x4,"M=32 efC=200 ef=100 alpha=0.75 beta=2 q=u8 seedT=8 seedH=8 seedS=4",64,0.9413610315,0.9899,344.5999,2.1824,0.0000,0.065437,"0.065455;0.065437;0.065613;0.065388;0.065314",9.374928,106667.48,,12.44,0,6980,10,True,nid006032,57240766
SparseHNSW_a0.75_b2_s8x4,"M=32 efC=200 ef=200 alpha=0.75 beta=2 q=u8 seedT=8 seedH=8 seedS=4",64,0.9528366762,0.9953,344.5999,2.1824,0.0000,0.116087,"0.116234;0.115859;0.115677;0.116087;0.116484",16.631375,60127.32,,12.44,0,6980,10,True,nid006032,57240766
SparseHNSW_a0.75_b2_s8x4,"M=32 efC=200 ef=400 alpha=0.75 beta=2 q=u8 seedT=8 seedH=8 seedS=4",64,0.9596848138,0.9976,344.5999,2.1824,0.0000,0.206790,"0.207520;0.206630;0.206790;0.207637;0.206014",29.626074,33754.05,,12.44,0,6980,10,True,nid006032,57240766
SparseHNSW_a0.75_b2_s8x4,"M=32 efC=200 ef=800 alpha=0.75 beta=2 q=u8 seedT=8 seedH=8 seedS=4",64,0.9645415473,0.9990,344.5999,2.1824,0.0000,0.385594,"0.386165;0.382554;0.385782;0.385594;0.385510",55.242693,18101.94,,12.44,0,6980,10,True,nid006032,57240766
SparseHNSW_a0.75_b2_s8x4,"M=32 efC=200 ef=1600 alpha=0.75 beta=2 q=u8 seedT=8 seedH=8 seedS=4",64,0.9678510029,0.9997,344.5999,2.1824,0.0000,0.744573,"0.744573;0.746507;0.744922;0.744380;0.744009",106.672350,9374.50,,12.44,0,6980,10,True,nid006032,57240766
SparseHNSW_a0.75_b2_s8x4,"M=32 efC=200 ef=3200 alpha=0.75 beta=2 q=u8 seedT=8 seedH=8 seedS=4",64,0.9702292264,1.0000,344.5999,2.1824,0.0000,1.462305,"1.462305;1.460582;1.464923;1.461872;1.463566",209.499284,4773.29,,12.44,0,6980,10,True,nid006032,57240766
SparseHNSW_a0.75_b3_s8x4,"M=32 efC=200 ef=10 alpha=0.75 beta=3 q=u8 seedT=8 seedH=8 seedS=4",64,0.9106733524,0.9662,344.5999,2.1824,0.0000,0.027885,"0.027885;0.028109;0.027989;0.027829;0.027687",3.994986,250313.79,,12.44,0,6980,10,True,nid006032,57240766
SparseHNSW_a0.75_b3_s8x4,"M=32 efC=200 ef=20 alpha=0.75 beta=3 q=u8 seedT=8 seedH=8 seedS=4",64,0.9106733524,0.9662,344.5999,2.1824,0.0000,0.027478,"0.027498;0.027458;0.027605;0.027478;0.027432",3.936676,254021.40,,12.44,0,6980,10,True,nid006032,57240766
SparseHNSW_a0.75_b3_s8x4,"M=32 efC=200 ef=50 alpha=0.75 beta=3 q=u8 seedT=8 seedH=8 seedS=4",64,0.9320200573,0.9787,344.5999,2.1824,0.0000,0.037887,"0.037947;0.037913;0.037887;0.037830;0.037699",5.427937,184232.06,,12.44,0,6980,10,True,nid006032,57240766
SparseHNSW_a0.75_b3_s8x4,"M=32 efC=200 ef=100 alpha=0.75 beta=3 q=u8 seedT=8 seedH=8 seedS=4",64,0.9533094556,0.9899,344.5999,2.1824,0.0000,0.065728,"0.065728;0.065752;0.065354;0.065933;0.065485",9.416619,106195.23,,12.44,0,6980,10,True,nid006032,57240766
SparseHNSW_a0.75_b3_s8x4,"M=32 efC=200 ef=200 alpha=0.75 beta=3 q=u8 seedT=8 seedH=8 seedS=4",64,0.9650859599,0.9953,344.5999,2.1824,0.0000,0.116783,"0.116520;0.116804;0.116783;0.116147;0.116960",16.731089,59768.97,,12.44,0,6980,10,True,nid006032,57240766
SparseHNSW_a0.75_b3_s8x4,"M=32 efC=200 ef=400 alpha=0.75 beta=3 q=u8 seedT=8 seedH=8 seedS=4",64,0.9722779370,0.9976,344.5999,2.1824,0.0000,0.207554,"0.207554;0.206194;0.207486;0.207845;0.208340",29.735530,33629.80,,12.44,0,6980,10,True,nid006032,57240766
SparseHNSW_a0.75_b3_s8x4,"M=32 efC=200 ef=800 alpha=0.75 beta=3 q=u8 seedT=8 seedH=8 seedS=4",64,0.9772779370,0.9990,344.5999,2.1824,0.0000,0.384699,"0.386404;0.384620;0.384084;0.385655;0.384699",55.114470,18144.06,,12.44,0,6980,10,True,nid006032,57240766
SparseHNSW_a0.75_b3_s8x4,"M=32 efC=200 ef=1600 alpha=0.75 beta=3 q=u8 seedT=8 seedH=8 seedS=4",64,0.9807306590,0.9997,344.5999,2.1824,0.0000,0.744130,"0.743114;0.744507;0.744130;0.745368;0.742793",106.608883,9380.08,,12.44,0,6980,10,True,nid006032,57240766
SparseHNSW_a0.75_b3_s8x4,"M=32 efC=200 ef=3200 alpha=0.75 beta=3 q=u8 seedT=8 seedH=8 seedS=4",64,0.9832234957,1.0000,344.5999,2.1824,0.0000,1.461717,"1.466297;1.458141;1.461717;1.462897;1.460968",209.415043,4775.21,,12.44,0,6980,10,True,nid006032,57240766
SparseHNSW_a0.75_b4_s8x4,"M=32 efC=200 ef=10 alpha=0.75 beta=4 q=u8 seedT=8 seedH=8 seedS=4",64,0.9251575931,0.9735,344.5999,2.1824,0.0000,0.032625,"0.033005;0.032878;0.032625;0.032580;0.032522",4.674069,213946.36,,12.44,0,6980,10,True,nid006032,57240766
SparseHNSW_a0.75_b4_s8x4,"M=32 efC=200 ef=20 alpha=0.75 beta=4 q=u8 seedT=8 seedH=8 seedS=4",64,0.9251575931,0.9735,344.5999,2.1824,0.0000,0.032427,"0.032458;0.032427;0.032487;0.032398;0.032254",4.645702,215252.72,,12.44,0,6980,10,True,nid006032,57240766
SparseHNSW_a0.75_b4_s8x4,"M=32 efC=200 ef=50 alpha=0.75 beta=4 q=u8 seedT=8 seedH=8 seedS=4",64,0.9351575931,0.9787,344.5999,2.1824,0.0000,0.038302,"0.038342;0.038323;0.038302;0.038055;0.038221",5.487393,182235.91,,12.44,0,6980,10,True,nid006032,57240766
SparseHNSW_a0.75_b4_s8x4,"M=32 efC=200 ef=100 alpha=0.75 beta=4 q=u8 seedT=8 seedH=8 seedS=4",64,0.9566618911,0.9899,344.5999,2.1824,0.0000,0.066126,"0.066391;0.065902;0.066126;0.066214;0.066054",9.473639,105556.06,,12.44,0,6980,10,True,nid006032,57240766
SparseHNSW_a0.75_b4_s8x4,"M=32 efC=200 ef=200 alpha=0.75 beta=4 q=u8 seedT=8 seedH=8 seedS=4",64,0.9685816619,0.9953,344.5999,2.1824,0.0000,0.116075,"0.116719;0.116525;0.116075;0.115577;0.116026",16.629656,60133.53,,12.44,0,6980,10,True,nid006032,57240766
SparseHNSW_a0.75_b4_s8x4,"M=32 efC=200 ef=400 alpha=0.75 beta=4 q=u8 seedT=8 seedH=8 seedS=4",64,0.9759598854,0.9976,344.5999,2.1824,0.0000,0.208125,"0.208049;0.208507;0.207919;0.208125;0.208317",29.817335,33537.54,,12.44,0,6980,10,True,nid006032,57240766
SparseHNSW_a0.75_b4_s8x4,"M=32 efC=200 ef=800 alpha=0.75 beta=4 q=u8 seedT=8 seedH=8 seedS=4",64,0.9810171920,0.9990,344.5999,2.1824,0.0000,0.384962,"0.384527;0.385524;0.385809;0.384962;0.383759",55.152149,18131.66,,12.44,0,6980,10,True,nid006032,57240766
SparseHNSW_a0.75_b4_s8x4,"M=32 efC=200 ef=1600 alpha=0.75 beta=4 q=u8 seedT=8 seedH=8 seedS=4",64,0.9844842407,0.9997,344.5999,2.1824,0.0000,0.744633,"0.744633;0.745650;0.743088;0.743189;0.745690",106.680946,9373.75,,12.44,0,6980,10,True,nid006032,57240766
SparseHNSW_a0.75_b4_s8x4,"M=32 efC=200 ef=3200 alpha=0.75 beta=4 q=u8 seedT=8 seedH=8 seedS=4",64,0.9870200573,1.0000,344.5999,2.1824,0.0000,1.461107,"1.463150;1.461107;1.460484;1.462508;1.460963",209.327650,4777.20,,12.44,0,6980,10,True,nid006032,57240766
SparseHNSW_a0.75_b5_s8x4,"M=32 efC=200 ef=10 alpha=0.75 beta=5 q=u8 seedT=8 seedH=8 seedS=4",64,0.9363610315,0.9787,344.5999,2.1824,0.0000,0.038955,"0.038875;0.039015;0.039006;0.038955;0.038641",5.580946,179181.11,,12.44,0,6980,10,True,nid006032,57240766
SparseHNSW_a0.75_b5_s8x4,"M=32 efC=200 ef=20 alpha=0.75 beta=5 q=u8 seedT=8 seedH=8 seedS=4",64,0.9363610315,0.9787,344.5999,2.1824,0.0000,0.038820,"0.038820;0.038933;0.038598;0.038820;0.038606",5.561605,179804.22,,12.44,0,6980,10,True,nid006032,57240766
SparseHNSW_a0.75_b5_s8x4,"M=32 efC=200 ef=50 alpha=0.75 beta=5 q=u8 seedT=8 seedH=8 seedS=4",64,0.9363610315,0.9787,344.5999,2.1824,0.0000,0.038611,"0.038614;0.038611;0.038667;0.038497;0.038548",5.531662,180777.50,,12.44,0,6980,10,True,nid006032,57240766
SparseHNSW_a0.75_b5_s8x4,"M=32 efC=200 ef=100 alpha=0.75 beta=5 q=u8 seedT=8 seedH=8 seedS=4",64,0.9580515759,0.9899,344.5999,2.1824,0.0000,0.066134,"0.066134;0.066627;0.066535;0.066028;0.066003",9.474785,105543.29,,12.44,0,6980,10,True,nid006032,57240766
SparseHNSW_a0.75_b5_s8x4,"M=32 efC=200 ef=200 alpha=0.75 beta=5 q=u8 seedT=8 seedH=8 seedS=4",64,0.9700429799,0.9953,344.5999,2.1824,0.0000,0.116954,"0.116423;0.116735;0.116996;0.116954;0.117337",16.755587,59681.58,,12.44,0,6980,10,True,nid006032,57240766
SparseHNSW_a0.75_b5_s8x4,"M=32 efC=200 ef=400 alpha=0.75 beta=5 q=u8 seedT=8 seedH=8 seedS=4",64,0.9774212034,0.9976,344.5999,2.1824,0.0000,0.208557,"0.208557;0.207131;0.206793;0.209076;0.208832",29.879226,33468.07,,12.44,0,6980,10,True,nid006032,57240766
SparseHNSW_a0.75_b5_s8x4,"M=32 efC=200 ef=800 alpha=0.75 beta=5 q=u8 seedT=8 seedH=8 seedS=4",64,0.9825214900,0.9990,344.5999,2.1824,0.0000,0.385944,"0.385944;0.385344;0.386167;0.387106;0.384812",55.292837,18085.53,,12.44,0,6980,10,True,nid006032,57240766
SparseHNSW_a0.75_b5_s8x4,"M=32 efC=200 ef=1600 alpha=0.75 beta=5 q=u8 seedT=8 seedH=8 seedS=4",64,0.9859885387,0.9997,344.5999,2.1824,0.0000,0.744987,"0.745727;0.744123;0.744808;0.746904;0.744987",106.731662,9369.29,,12.44,0,6980,10,True,nid006032,57240766
SparseHNSW_a0.75_b5_s8x4,"M=32 efC=200 ef=3200 alpha=0.75 beta=5 q=u8 seedT=8 seedH=8 seedS=4",64,0.9885243553,1.0000,344.5999,2.1824,0.0000,1.462956,"1.461497;1.461595;1.464140;1.465333;1.462956",209.592550,4771.16,,12.44,0,6980,10,True,nid006032,57240766
SparseHNSW_a0.75_b6_s8x4,"M=32 efC=200 ef=10 alpha=0.75 beta=6 q=u8 seedT=8 seedH=8 seedS=4",64,0.9436389685,0.9818,344.5999,2.1824,0.0000,0.045038,"0.045032;0.045065;0.045038;0.044986;0.045192",6.452436,154980.24,,12.44,0,6980,10,True,nid006032,57240766
SparseHNSW_a0.75_b6_s8x4,"M=32 efC=200 ef=20 alpha=0.75 beta=6 q=u8 seedT=8 seedH=8 seedS=4",64,0.9436389685,0.9818,344.5999,2.1824,0.0000,0.044933,"0.044847;0.044933;0.045490;0.044650;0.045191",6.437393,155342.40,,12.44,0,6980,10,True,nid006032,57240766
SparseHNSW_a0.75_b6_s8x4,"M=32 efC=200 ef=50 alpha=0.75 beta=6 q=u8 seedT=8 seedH=8 seedS=4",64,0.9436389685,0.9818,344.5999,2.1824,0.0000,0.045120,"0.045345;0.045041;0.045120;0.045121;0.045019",6.464183,154698.58,,12.44,0,6980,10,True,nid006032,57240766
SparseHNSW_a0.75_b6_s8x4,"M=32 efC=200 ef=100 alpha=0.75 beta=6 q=u8 seedT=8 seedH=8 seedS=4",64,0.9585530086,0.9899,344.5999,2.1824,0.0000,0.066479,"0.066653;0.065853;0.066230;0.066479;0.066502",9.524212,104995.56,,12.44,0,6980,10,True,nid006032,57240766
SparseHNSW_a0.75_b6_s8x4,"M=32 efC=200 ef=200 alpha=0.75 beta=6 q=u8 seedT=8 seedH=8 seedS=4",64,0.9706446991,0.9954,344.5999,2.1824,0.0000,0.117185,"0.116781;0.117129;0.117185;0.117294;0.117206",16.788682,59563.94,,12.44,0,6980,10,True,nid006032,57240766
SparseHNSW_a0.75_b6_s8x4,"M=32 efC=200 ef=400 alpha=0.75 beta=6 q=u8 seedT=8 seedH=8 seedS=4",64,0.9780945559,0.9976,344.5999,2.1824,0.0000,0.209443,"0.209507;0.209687;0.209366;0.207152;0.209443",30.006160,33326.49,,12.44,0,6980,10,True,nid006032,57240766
SparseHNSW_a0.75_b6_s8x4,"M=32 efC=200 ef=800 alpha=0.75 beta=6 q=u8 seedT=8 seedH=8 seedS=4",64,0.9831948424,0.9990,344.5999,2.1824,0.0000,0.386836,"0.386865;0.385573;0.386836;0.387088;0.386676",55.420630,18043.82,,12.44,0,6980,10,True,nid006032,57240766
SparseHNSW_a0.75_b6_s8x4,"M=32 efC=200 ef=1600 alpha=0.75 beta=6 q=u8 seedT=8 seedH=8 seedS=4",64,0.9867048711,0.9997,344.5999,2.1824,0.0000,0.746056,"0.744177;0.746358;0.747253;0.746056;0.744877",106.884814,9355.87,,12.44,0,6980,10,True,nid006032,57240766
SparseHNSW_a0.75_b6_s8x4,"M=32 efC=200 ef=3200 alpha=0.75 beta=6 q=u8 seedT=8 seedH=8 seedS=4",64,0.9892550143,1.0000,344.5999,2.1824,0.0000,1.462939,"1.462939;1.461520;1.461447;1.464008;1.464185",209.590115,4771.22,,12.44,0,6980,10,True,nid006032,57240766
SparseHNSW_a0.75_b8_s8x4,"M=32 efC=200 ef=10 alpha=0.75 beta=8 q=u8 seedT=8 seedH=8 seedS=4",64,0.9536389685,0.9870,344.5999,2.1824,0.0000,0.056511,"0.056213;0.056190;0.056511;0.056531;0.056704",8.096132,123515.78,,12.44,0,6980,10,True,nid006032,57240766
SparseHNSW_a0.75_b8_s8x4,"M=32 efC=200 ef=20 alpha=0.75 beta=8 q=u8 seedT=8 seedH=8 seedS=4",64,0.9536389685,0.9870,344.5999,2.1824,0.0000,0.056619,"0.056709;0.056474;0.056619;0.056758;0.056380",8.111605,123280.17,,12.44,0,6980,10,True,nid006032,57240766
SparseHNSW_a0.75_b8_s8x4,"M=32 efC=200 ef=50 alpha=0.75 beta=8 q=u8 seedT=8 seedH=8 seedS=4",64,0.9536389685,0.9870,344.5999,2.1824,0.0000,0.056595,"0.056814;0.056589;0.056595;0.056603;0.056508",8.108166,123332.45,,12.44,0,6980,10,True,nid006032,57240766
SparseHNSW_a0.75_b8_s8x4,"M=32 efC=200 ef=100 alpha=0.75 beta=8 q=u8 seedT=8 seedH=8 seedS=4",64,0.9592693410,0.9899,344.5999,2.1824,0.0000,0.066956,"0.066885;0.066901;0.067527;0.067699;0.066956",9.592550,104247.57,,12.44,0,6980,10,True,nid006032,57240766
SparseHNSW_a0.75_b8_s8x4,"M=32 efC=200 ef=200 alpha=0.75 beta=8 q=u8 seedT=8 seedH=8 seedS=4",64,0.9714040115,0.9954,344.5999,2.1824,0.0000,0.118170,"0.118218;0.116671;0.118170;0.118336;0.117601",16.929799,59067.45,,12.44,0,6980,10,True,nid006032,57240766
SparseHNSW_a0.75_b8_s8x4,"M=32 efC=200 ef=400 alpha=0.75 beta=8 q=u8 seedT=8 seedH=8 seedS=4",64,0.9788681948,0.9976,344.5999,2.1824,0.0000,0.209315,"0.209726;0.209551;0.208812;0.209315;0.208738",29.987822,33346.87,,12.44,0,6980,10,True,nid006032,57240766
SparseHNSW_a0.75_b8_s8x4,"M=32 efC=200 ef=800 alpha=0.75 beta=8 q=u8 seedT=8 seedH=8 seedS=4",64,0.9839398281,0.9990,344.5999,2.1824,0.0000,0.387089,"0.387821;0.386156;0.387915;0.387089;0.386596",55.456877,18032.03,,12.44,0,6980,10,True,nid006032,57240766
SparseHNSW_a0.75_b8_s8x4,"M=32 efC=200 ef=1600 alpha=0.75 beta=8 q=u8 seedT=8 seedH=8 seedS=4",64,0.9874498567,0.9997,344.5999,2.1824,0.0000,0.746797,"0.745088;0.744394;0.746797;0.748608;0.747201",106.990974,9346.58,,12.44,0,6980,10,True,nid006032,57240766
SparseHNSW_a0.75_b8_s8x4,"M=32 efC=200 ef=3200 alpha=0.75 beta=8 q=u8 seedT=8 seedH=8 seedS=4",64,0.9900000000,1.0000,344.5999,2.1824,0.0000,1.465251,"1.467326;1.466930;1.465251;1.463988;1.461968",209.921347,4763.69,,12.44,0,6980,10,True,nid006032,57240766
SparseHNSW_a0.8_b1_s0x0,"M=32 efC=200 ef=10 alpha=0.8 beta=1 q=u8",64,0.6778510029,0.5239,383.0412,2.1736,0.0000,0.013553,"0.012740;0.013603;0.013629;0.013529;0.013553",1.941691,515015.13,,12.57,0,6980,10,True,nid006032,57240766
SparseHNSW_a0.8_b1_s0x0,"M=32 efC=200 ef=20 alpha=0.8 beta=1 q=u8",64,0.7569484241,0.6082,383.0412,2.1736,0.0000,0.021005,"0.021290;0.021154;0.021005;0.020907;0.020866",3.009312,332301.83,,12.57,0,6980,10,True,nid006032,57240766
SparseHNSW_a0.8_b1_s0x0,"M=32 efC=200 ef=50 alpha=0.8 beta=1 q=u8",64,0.8242979943,0.6717,383.0412,2.1736,0.0000,0.039917,"0.040180;0.039917;0.039934;0.039916;0.039817",5.718768,174862.84,,12.57,0,6980,10,True,nid006032,57240766
SparseHNSW_a0.8_b1_s0x0,"M=32 efC=200 ef=100 alpha=0.8 beta=1 q=u8",64,0.8514756447,0.6954,383.0412,2.1736,0.0000,0.068169,"0.068169;0.068173;0.068300;0.067920;0.067919",9.766332,102392.58,,12.57,0,6980,10,True,nid006032,57240766
SparseHNSW_a0.8_b1_s0x0,"M=32 efC=200 ef=200 alpha=0.8 beta=1 q=u8",64,0.8679942693,0.7108,383.0412,2.1736,0.0000,0.119723,"0.118934;0.120205;0.119475;0.119723;0.120723",17.152292,58301.25,,12.57,0,6980,10,True,nid006032,57240766
SparseHNSW_a0.8_b1_s0x0,"M=32 efC=200 ef=400 alpha=0.8 beta=1 q=u8",64,0.8778510029,0.7212,383.0412,2.1736,0.0000,0.211866,"0.211866;0.212904;0.210690;0.212049;0.210541",30.353295,32945.35,,12.57,0,6980,10,True,nid006032,57240766
SparseHNSW_a0.8_b1_s0x0,"M=32 efC=200 ef=800 alpha=0.8 beta=1 q=u8",64,0.8825214900,0.7276,383.0412,2.1736,0.0000,0.385332,"0.387920;0.384610;0.383845;0.385332;0.386629",55.205158,18114.25,,12.57,0,6980,10,True,nid006032,57240766
SparseHNSW_a0.8_b1_s0x0,"M=32 efC=200 ef=1600 alpha=0.8 beta=1 q=u8",64,0.8864326648,0.7317,383.0412,2.1736,0.0000,0.744392,"0.746344;0.743349;0.742078;0.744392;0.746060",106.646418,9376.78,,12.57,0,6980,10,True,nid006032,57240766
SparseHNSW_a0.8_b1_s0x0,"M=32 efC=200 ef=3200 alpha=0.8 beta=1 q=u8",64,0.8892263610,0.7352,383.0412,2.1736,0.0000,1.470973,"1.468460;1.471506;1.469309;1.471001;1.470973",210.741117,4745.16,,12.59,0,6980,10,True,nid006032,57240766
SparseHNSW_a0.8_b2_s0x0,"M=32 efC=200 ef=10 alpha=0.8 beta=2 q=u8",64,0.8234957020,0.8941,383.0412,2.1736,0.0000,0.021797,"0.021797;0.022008;0.021997;0.021776;0.021776",3.122779,320227.55,,12.59,0,6980,10,True,nid006032,57240766
SparseHNSW_a0.8_b2_s0x0,"M=32 efC=200 ef=20 alpha=0.8 beta=2 q=u8",64,0.8234957020,0.8941,383.0412,2.1736,0.0000,0.021575,"0.021612;0.021630;0.021538;0.021575;0.021457",3.090974,323522.60,,12.59,0,6980,10,True,nid006032,57240766
SparseHNSW_a0.8_b2_s0x0,"M=32 efC=200 ef=50 alpha=0.8 beta=2 q=u8",64,0.9029369628,0.9519,383.0412,2.1736,0.0000,0.040517,"0.040517;0.040619;0.040633;0.040418;0.040424",5.804728,172273.37,,12.59,0,6980,10,True,nid006032,57240766
SparseHNSW_a0.8_b2_s0x0,"M=32 efC=200 ef=100 alpha=0.8 beta=2 q=u8",64,0.9342693410,0.9754,383.0412,2.1736,0.0000,0.068592,"0.068612;0.068417;0.068194;0.068592;0.068654",9.826934,101761.14,,12.59,0,6980,10,True,nid006032,57240766
SparseHNSW_a0.8_b2_s0x0,"M=32 efC=200 ef=200 alpha=0.8 beta=2 q=u8",64,0.9532808023,0.9890,383.0412,2.1736,0.0000,0.120776,"0.120905;0.120266;0.121021;0.120598;0.120776",17.303152,57792.94,,12.59,0,6980,10,True,nid006032,57240766
SparseHNSW_a0.8_b2_s0x0,"M=32 efC=200 ef=400 alpha=0.8 beta=2 q=u8",64,0.9645558739,0.9964,383.0412,2.1736,0.0000,0.212415,"0.212415;0.210545;0.213575;0.213195;0.211342",30.431948,32860.20,,12.59,0,6980,10,True,nid006032,57240766
SparseHNSW_a0.8_b2_s0x0,"M=32 efC=200 ef=800 alpha=0.8 beta=2 q=u8",64,0.9701719198,0.9980,383.0412,2.1736,0.0000,0.385993,"0.385993;0.385408;0.385715;0.387525;0.386839",55.299857,18083.23,,12.59,0,6980,10,True,nid006032,57240766
SparseHNSW_a0.8_b2_s0x0,"M=32 efC=200 ef=1600 alpha=0.8 beta=2 q=u8",64,0.9751575931,0.9991,383.0412,2.1736,0.0000,0.748529,"0.746262;0.748711;0.748529;0.749185;0.747675",107.239112,9324.96,,12.59,0,6980,10,True,nid006032,57240766
SparseHNSW_a0.8_b2_s0x0,"M=32 efC=200 ef=3200 alpha=0.8 beta=2 q=u8",64,0.9787965616,1.0000,383.0412,2.1736,0.0000,1.468158,"1.468158;1.473175;1.468071;1.469916;1.466778",210.337822,4754.26,,12.59,0,6980,10,True,nid006032,57240766
SparseHNSW_a0.8_b3_s0x0,"M=32 efC=200 ef=10 alpha=0.8 beta=3 q=u8",64,0.8688108883,0.9225,383.0412,2.1736,0.0000,0.028857,"0.028861;0.029130;0.028857;0.028715;0.028798",4.134241,241882.39,,12.59,0,6980,10,True,nid006032,57240766
SparseHNSW_a0.8_b3_s0x0,"M=32 efC=200 ef=20 alpha=0.8 beta=3 q=u8",64,0.8688108883,0.9225,383.0412,2.1736,0.0000,0.028583,"0.028583;0.028593;0.028686;0.028473;0.028393",4.094986,244201.10,,12.59,0,6980,10,True,nid006032,57240766
SparseHNSW_a0.8_b3_s0x0,"M=32 efC=200 ef=50 alpha=0.8 beta=3 q=u8",64,0.9093123209,0.9519,383.0412,2.1736,0.0000,0.040911,"0.040914;0.040911;0.040959;0.040803;0.040615",5.861175,170614.26,,12.59,0,6980,10,True,nid006032,57240766
SparseHNSW_a0.8_b3_s0x0,"M=32 efC=200 ef=100 alpha=0.8 beta=3 q=u8",64,0.9412750716,0.9754,383.0412,2.1736,0.0000,0.068955,"0.068613;0.068955;0.069004;0.068998;0.068735",9.878940,101225.44,,12.59,0,6980,10,True,nid006032,57240766
SparseHNSW_a0.8_b3_s0x0,"M=32 efC=200 ef=200 alpha=0.8 beta=3 q=u8",64,0.9607449857,0.9890,383.0412,2.1736,0.0000,0.120067,"0.120184;0.119898;0.120847;0.120067;0.120042",17.201576,58134.21,,12.59,0,6980,10,True,nid006032,57240766
SparseHNSW_a0.8_b3_s0x0,"M=32 efC=200 ef=400 alpha=0.8 beta=3 q=u8",64,0.9722063037,0.9964,383.0412,2.1736,0.0000,0.212811,"0.212723;0.212901;0.213291;0.212273;0.212811",30.488682,32799.06,,12.59,0,6980,10,True,nid006032,57240766
SparseHNSW_a0.8_b3_s0x0,"M=32 efC=200 ef=800 alpha=0.8 beta=3 q=u8",64,0.9779656160,0.9980,383.0412,2.1736,0.0000,0.386071,"0.386976;0.387213;0.385689;0.384916;0.386071",55.311032,18079.58,,12.59,0,6980,10,True,nid006032,57240766
SparseHNSW_a0.8_b3_s0x0,"M=32 efC=200 ef=1600 alpha=0.8 beta=3 q=u8",64,0.9829656160,0.9991,383.0412,2.1736,0.0000,0.748110,"0.748469;0.746718;0.748110;0.749490;0.747728",107.179083,9330.18,,12.59,0,6980,10,True,nid006032,57240766
SparseHNSW_a0.8_b3_s0x0,"M=32 efC=200 ef=3200 alpha=0.8 beta=3 q=u8",64,0.9866045845,1.0000,383.0412,2.1736,0.0000,1.470632,"1.471871;1.470632;1.471497;1.469483;1.470011",210.692264,4746.26,,12.59,0,6980,10,True,nid006032,57240766
SparseHNSW_a0.8_b4_s0x0,"M=32 efC=200 ef=10 alpha=0.8 beta=4 q=u8",64,0.8937822350,0.9400,383.0412,2.1736,0.0000,0.035701,"0.035941;0.035797;0.035681;0.035701;0.035483",5.114756,195512.73,,12.59,0,6980,10,True,nid006032,57240766
SparseHNSW_a0.8_b4_s0x0,"M=32 efC=200 ef=20 alpha=0.8 beta=4 q=u8",64,0.8937822350,0.9400,383.0412,2.1736,0.0000,0.035301,"0.035392;0.035239;0.035244;0.035372;0.035301",5.057450,197728.11,,12.59,0,6980,10,True,nid006032,57240766
SparseHNSW_a0.8_b4_s0x0,"M=32 efC=200 ef=50 alpha=0.8 beta=4 q=u8",64,0.9105014327,0.9519,383.0412,2.1736,0.0000,0.041218,"0.041255;0.041200;0.041403;0.041135;0.041218",5.905158,169343.49,,12.59,0,6980,10,True,nid006032,57240766
SparseHNSW_a0.8_b4_s0x0,"M=32 efC=200 ef=100 alpha=0.8 beta=4 q=u8",64,0.9427077364,0.9754,383.0412,2.1736,0.0000,0.069417,"0.069185;0.069826;0.069244;0.069417;0.069763",9.945129,100551.74,,12.59,0,6980,10,True,nid006032,57240766
SparseHNSW_a0.8_b4_s0x0,"M=32 efC=200 ef=200 alpha=0.8 beta=4 q=u8",64,0.9622779370,0.9890,383.0412,2.1736,0.0000,0.120555,"0.120612;0.120155;0.120444;0.120846;0.120555",17.271490,57898.88,,12.59,0,6980,10,True,nid006032,57240766
SparseHNSW_a0.8_b4_s0x0,"M=32 efC=200 ef=400 alpha=0.8 beta=4 q=u8",64,0.9737535817,0.9964,383.0412,2.1736,0.0000,0.213172,"0.212920;0.212564;0.213465;0.214568;0.213172",30.540401,32743.51,,12.59,0,6980,10,True,nid006032,57240766
SparseHNSW_a0.8_b4_s0x0,"M=32 efC=200 ef=800 alpha=0.8 beta=4 q=u8",64,0.9795272206,0.9980,383.0412,2.1736,0.0000,0.387393,"0.388765;0.387393;0.387180;0.386493;0.389318",55.500430,18017.88,,12.59,0,6980,10,True,nid006032,57240766
SparseHNSW_a0.8_b4_s0x0,"M=32 efC=200 ef=1600 alpha=0.8 beta=4 q=u8",64,0.9845702006,0.9991,383.0412,2.1736,0.0000,0.749311,"0.748094;0.749311;0.751648;0.750828;0.748825",107.351146,9315.22,,12.59,0,6980,10,True,nid006032,57240766
SparseHNSW_a0.8_b4_s0x0,"M=32 efC=200 ef=3200 alpha=0.8 beta=4 q=u8",64,0.9882378223,1.0000,383.0412,2.1736,0.0000,1.470184,"1.469966;1.470184;1.466704;1.471821;1.470612",210.628080,4747.71,,12.59,0,6980,10,True,nid006032,57240766
SparseHNSW_a0.8_b5_s0x0,"M=32 efC=200 ef=10 alpha=0.8 beta=5 q=u8",64,0.9110028653,0.9519,383.0412,2.1736,0.0000,0.041643,"0.041950;0.041543;0.042108;0.041643;0.041634",5.966046,167615.21,,12.59,0,6980,10,True,nid006032,57240766
SparseHNSW_a0.8_b5_s0x0,"M=32 efC=200 ef=20 alpha=0.8 beta=5 q=u8",64,0.9110028653,0.9519,383.0412,2.1736,0.0000,0.041597,"0.041597;0.041408;0.041560;0.041712;0.041717",5.959456,167800.56,,12.59,0,6980,10,True,nid006032,57240766
SparseHNSW_a0.8_b5_s0x0,"M=32 efC=200 ef=50 alpha=0.8 beta=5 q=u8",64,0.9110028653,0.9519,383.0412,2.1736,0.0000,0.041498,"0.041506;0.041498;0.041433;0.041346;0.041632",5.945272,168200.88,,12.59,0,6980,10,True,nid006032,57240766
SparseHNSW_a0.8_b5_s0x0,"M=32 efC=200 ef=100 alpha=0.8 beta=5 q=u8",64,0.9431518625,0.9754,383.0412,2.1736,0.0000,0.069959,"0.069347;0.070115;0.070277;0.069959;0.069367",10.022779,99772.72,,12.59,0,6980,10,True,nid006032,57240766
SparseHNSW_a0.8_b5_s0x0,"M=32 efC=200 ef=200 alpha=0.8 beta=5 q=u8",64,0.9627363897,0.9890,383.0412,2.1736,0.0000,0.120763,"0.120874;0.120763;0.120595;0.121061;0.120619",17.301289,57799.16,,12.59,0,6980,10,True,nid006032,57240766
SparseHNSW_a0.8_b5_s0x0,"M=32 efC=200 ef=400 alpha=0.8 beta=5 q=u8",64,0.9742120344,0.9964,383.0412,2.1736,0.0000,0.212247,"0.212247;0.211782;0.212907;0.211749;0.213575",30.407880,32886.21,,12.59,0,6980,10,True,nid006032,57240766
SparseHNSW_a0.8_b5_s0x0,"M=32 efC=200 ef=800 alpha=0.8 beta=5 q=u8",64,0.9800286533,0.9980,383.0412,2.1736,0.0000,0.388099,"0.390118;0.386310;0.386551;0.389381;0.388099",55.601576,17985.10,,12.59,0,6980,10,True,nid006032,57240766
SparseHNSW_a0.8_b5_s0x0,"M=32 efC=200 ef=1600 alpha=0.8 beta=5 q=u8",64,0.9850716332,0.9991,383.0412,2.1736,0.0000,0.749783,"0.750379;0.749783;0.746589;0.751600;0.747044",107.418768,9309.36,,12.59,0,6980,10,True,nid006032,57240766
SparseHNSW_a0.8_b5_s0x0,"M=32 efC=200 ef=3200 alpha=0.8 beta=5 q=u8",64,0.9887535817,1.0000,383.0412,2.1736,0.0000,1.474200,"1.470843;1.475255;1.469029;1.474200;1.474339",211.203438,4734.77,,12.59,0,6980,10,True,nid006032,57240766
SparseHNSW_a0.8_b6_s0x0,"M=32 efC=200 ef=10 alpha=0.8 beta=6 q=u8",64,0.9200573066,0.9582,383.0412,2.1736,0.0000,0.048025,"0.047964;0.048569;0.047858;0.048025;0.048082",6.880372,145340.97,,12.59,0,6980,10,True,nid006032,57240766
SparseHNSW_a0.8_b6_s0x0,"M=32 efC=200 ef=20 alpha=0.8 beta=6 q=u8",64,0.9200573066,0.9582,383.0412,2.1736,0.0000,0.047980,"0.047904;0.047997;0.047871;0.048046;0.047980",6.873926,145477.28,,12.59,0,6980,10,True,nid006032,57240766
SparseHNSW_a0.8_b6_s0x0,"M=32 efC=200 ef=50 alpha=0.8 beta=6 q=u8",64,0.9200573066,0.9582,383.0412,2.1736,0.0000,0.048000,"0.047881;0.047911;0.048000;0.048075;0.048166",6.876791,145416.67,,12.59,0,6980,10,True,nid006032,57240766
SparseHNSW_a0.8_b6_s0x0,"M=32 efC=200 ef=100 alpha=0.8 beta=6 q=u8",64,0.9433954155,0.9754,383.0412,2.1736,0.0000,0.070029,"0.069985;0.070155;0.070285;0.069998;0.070029",10.032808,99672.99,,12.59,0,6980,10,True,nid006032,57240766
SparseHNSW_a0.8_b6_s0x0,"M=32 efC=200 ef=200 alpha=0.8 beta=6 q=u8",64,0.9630372493,0.9890,383.0412,2.1736,0.0000,0.120692,"0.121199;0.121120;0.120520;0.120597;0.120692",17.291117,57833.16,,12.59,0,6980,10,True,nid006032,57240766
SparseHNSW_a0.8_b6_s0x0,"M=32 efC=200 ef=400 alpha=0.8 beta=6 q=u8",64,0.9745415473,0.9964,383.0412,2.1736,0.0000,0.212535,"0.211945;0.212535;0.213961;0.214475;0.211785",30.449140,32841.65,,12.59,0,6980,10,True,nid006032,57240766
SparseHNSW_a0.8_b6_s0x0,"M=32 efC=200 ef=800 alpha=0.8 beta=6 q=u8",64,0.9803581662,0.9980,383.0412,2.1736,0.0000,0.387682,"0.384161;0.390115;0.387682;0.386874;0.389321",55.541834,18004.45,,12.59,0,6980,10,True,nid006032,57240766
SparseHNSW_a0.8_b6_s0x0,"M=32 efC=200 ef=1600 alpha=0.8 beta=6 q=u8",64,0.9854011461,0.9991,383.0412,2.1736,0.0000,0.749559,"0.748983;0.749917;0.749368;0.749685;0.749559",107.386676,9312.14,,12.59,0,6980,10,True,nid006032,57240766
SparseHNSW_a0.8_b6_s0x0,"M=32 efC=200 ef=3200 alpha=0.8 beta=6 q=u8",64,0.9890830946,1.0000,383.0412,2.1736,0.0000,1.471865,"1.469447;1.471865;1.476081;1.472559;1.471805",210.868911,4742.28,,12.59,0,6980,10,True,nid006032,57240766
SparseHNSW_a0.8_b8_s0x0,"M=32 efC=200 ef=10 alpha=0.8 beta=8 q=u8",64,0.9342979943,0.9689,383.0412,2.1736,0.0000,0.060079,"0.060409;0.059653;0.060079;0.060490;0.059749",8.607307,116180.36,,12.59,0,6980,10,True,nid006032,57240766
SparseHNSW_a0.8_b8_s0x0,"M=32 efC=200 ef=20 alpha=0.8 beta=8 q=u8",64,0.9342979943,0.9689,383.0412,2.1736,0.0000,0.059919,"0.059674;0.059987;0.059934;0.059919;0.059843",8.584384,116490.60,,12.59,0,6980,10,True,nid006032,57240766
SparseHNSW_a0.8_b8_s0x0,"M=32 efC=200 ef=50 alpha=0.8 beta=8 q=u8",64,0.9342979943,0.9689,383.0412,2.1736,0.0000,0.059894,"0.059887;0.059894;0.060078;0.059595;0.059989",8.580802,116539.22,,12.59,0,6980,10,True,nid006032,57240766
SparseHNSW_a0.8_b8_s0x0,"M=32 efC=200 ef=100 alpha=0.8 beta=8 q=u8",64,0.9435816619,0.9754,383.0412,2.1736,0.0000,0.070487,"0.070739;0.070487;0.070451;0.070873;0.070275",10.098424,99025.35,,12.59,0,6980,10,True,nid006032,57240766
SparseHNSW_a0.8_b8_s0x0,"M=32 efC=200 ef=200 alpha=0.8 beta=8 q=u8",64,0.9632378223,0.9890,383.0412,2.1736,0.0000,0.122066,"0.121726;0.121401;0.122122;0.122066;0.122274",17.487966,57182.18,,12.59,0,6980,10,True,nid006032,57240766
SparseHNSW_a0.8_b8_s0x0,"M=32 efC=200 ef=400 alpha=0.8 beta=8 q=u8",64,0.9747421203,0.9964,383.0412,2.1736,0.0000,0.213879,"0.213198;0.212218;0.213916;0.213879;0.214153",30.641691,32635.28,,12.59,0,6980,10,True,nid006032,57240766
SparseHNSW_a0.8_b8_s0x0,"M=32 efC=200 ef=800 alpha=0.8 beta=8 q=u8",64,0.9805587393,0.9980,383.0412,2.1736,0.0000,0.388786,"0.388786;0.390007;0.386774;0.385792;0.388890",55.700000,17953.32,,12.59,0,6980,10,True,nid006032,57240766
SparseHNSW_a0.8_b8_s0x0,"M=32 efC=200 ef=1600 alpha=0.8 beta=8 q=u8",64,0.9856017192,0.9991,383.0412,2.1736,0.0000,0.749684,"0.749684;0.749525;0.746892;0.750758;0.751945",107.404585,9310.59,,12.59,0,6980,10,True,nid006032,57240766
SparseHNSW_a0.8_b8_s0x0,"M=32 efC=200 ef=3200 alpha=0.8 beta=8 q=u8",64,0.9892836676,1.0000,383.0412,2.1736,0.0000,1.474279,"1.474279;1.473435;1.475719;1.472908;1.474788",211.214756,4734.52,,12.59,0,6980,10,True,nid006032,57240766
SparseHNSW_a0.8_b1_s8x4,"M=32 efC=200 ef=10 alpha=0.8 beta=1 q=u8 seedT=8 seedH=8 seedS=4",64,0.8330659026,0.6750,383.0412,2.1736,0.0000,0.026978,"0.027436;0.027304;0.026978;0.026723;0.026588",3.865043,258729.34,,12.59,0,6980,10,True,nid006032,57240766
SparseHNSW_a0.8_b1_s8x4,"M=32 efC=200 ef=20 alpha=0.8 beta=1 q=u8 seedT=8 seedH=8 seedS=4",64,0.8330659026,0.6750,383.0412,2.1736,0.0000,0.026375,"0.026447;0.026465;0.026373;0.026375;0.026319",3.778653,264644.55,,12.59,0,6980,10,True,nid006032,57240766
SparseHNSW_a0.8_b1_s8x4,"M=32 efC=200 ef=50 alpha=0.8 beta=1 q=u8 seedT=8 seedH=8 seedS=4",64,0.8495128940,0.6927,383.0412,2.1736,0.0000,0.036493,"0.036558;0.036606;0.036441;0.036493;0.036302",5.228223,191269.56,,12.59,0,6980,10,True,nid006032,57240766
SparseHNSW_a0.8_b1_s8x4,"M=32 efC=200 ef=100 alpha=0.8 beta=1 q=u8 seedT=8 seedH=8 seedS=4",64,0.8660171920,0.7078,383.0412,2.1736,0.0000,0.064495,"0.064424;0.064569;0.064461;0.064982;0.064495",9.239971,108225.44,,12.59,0,6980,10,True,nid006032,57240766
SparseHNSW_a0.8_b1_s8x4,"M=32 efC=200 ef=200 alpha=0.8 beta=1 q=u8 seedT=8 seedH=8 seedS=4",64,0.8755014327,0.7180,383.0412,2.1736,0.0000,0.116348,"0.116321;0.116657;0.116348;0.116950;0.115040",16.668768,59992.44,,12.59,0,6980,10,True,nid006032,57240766
SparseHNSW_a0.8_b1_s8x4,"M=32 efC=200 ef=400 alpha=0.8 beta=1 q=u8 seedT=8 seedH=8 seedS=4",64,0.8817478510,0.7253,383.0412,2.1736,0.0000,0.208935,"0.209351;0.207243;0.208935;0.209751;0.208000",29.933381,33407.52,,12.59,0,6980,10,True,nid006032,57240766
SparseHNSW_a0.8_b1_s8x4,"M=32 efC=200 ef=800 alpha=0.8 beta=1 q=u8 seedT=8 seedH=8 seedS=4",64,0.8855157593,0.7312,383.0412,2.1736,0.0000,0.383781,"0.386621;0.383574;0.382278;0.383781;0.384307",54.982951,18187.46,,12.59,0,6980,10,True,nid006032,57240766
SparseHNSW_a0.8_b1_s8x4,"M=32 efC=200 ef=1600 alpha=0.8 beta=1 q=u8 seedT=8 seedH=8 seedS=4",64,0.8884527221,0.7344,383.0412,2.1736,0.0000,0.746139,"0.745217;0.745727;0.747812;0.747293;0.746139",106.896705,9354.83,,12.59,0,6980,10,True,nid006032,57240766
SparseHNSW_a0.8_b1_s8x4,"M=32 efC=200 ef=3200 alpha=0.8 beta=1 q=u8 seedT=8 seedH=8 seedS=4",64,0.8904727794,0.7373,383.0412,2.1736,0.0000,1.469440,"1.466188;1.469811;1.469440;1.468830;1.472583",210.521490,4750.11,,12.59,0,6980,10,True,nid006032,57240766
SparseHNSW_a0.8_b2_s8x4,"M=32 efC=200 ef=10 alpha=0.8 beta=2 q=u8 seedT=8 seedH=8 seedS=4",64,0.9096991404,0.9682,383.0412,2.1736,0.0000,0.027696,"0.028027;0.027984;0.027696;0.027662;0.027433",3.967908,252021.95,,12.59,0,6980,10,True,nid006032,57240766
SparseHNSW_a0.8_b2_s8x4,"M=32 efC=200 ef=20 alpha=0.8 beta=2 q=u8 seedT=8 seedH=8 seedS=4",64,0.9096991404,0.9682,383.0412,2.1736,0.0000,0.027158,"0.027316;0.027224;0.027158;0.027134;0.027012",3.890831,257014.51,,12.59,0,6980,10,True,nid006032,57240766
SparseHNSW_a0.8_b2_s8x4,"M=32 efC=200 ef=50 alpha=0.8 beta=2 q=u8 seedT=8 seedH=8 seedS=4",64,0.9297851003,0.9793,383.0412,2.1736,0.0000,0.037475,"0.037732;0.037463;0.037475;0.037481;0.037308",5.368911,186257.51,,12.59,0,6980,10,True,nid006032,57240766
SparseHNSW_a0.8_b2_s8x4,"M=32 efC=200 ef=100 alpha=0.8 beta=2 q=u8 seedT=8 seedH=8 seedS=4",64,0.9500000000,0.9900,383.0412,2.1736,0.0000,0.065321,"0.065569;0.065179;0.065206;0.065321;0.065407",9.358309,106856.91,,12.59,0,6980,10,True,nid006032,57240766
SparseHNSW_a0.8_b2_s8x4,"M=32 efC=200 ef=200 alpha=0.8 beta=2 q=u8 seedT=8 seedH=8 seedS=4",64,0.9615616046,0.9953,383.0412,2.1736,0.0000,0.116791,"0.117530;0.116669;0.117231;0.116791;0.116458",16.732235,59764.88,,12.59,0,6980,10,True,nid006032,57240766
SparseHNSW_a0.8_b2_s8x4,"M=32 efC=200 ef=400 alpha=0.8 beta=2 q=u8 seedT=8 seedH=8 seedS=4",64,0.9690257880,0.9977,383.0412,2.1736,0.0000,0.208982,"0.208982;0.207765;0.209612;0.210000;0.207556",29.940115,33400.01,,12.59,0,6980,10,True,nid006032,57240766
SparseHNSW_a0.8_b2_s8x4,"M=32 efC=200 ef=800 alpha=0.8 beta=2 q=u8 seedT=8 seedH=8 seedS=4",64,0.9736676218,0.9989,383.0412,2.1736,0.0000,0.384154,"0.383929;0.382299;0.384291;0.384154;0.384186",55.036390,18169.80,,12.59,0,6980,10,True,nid006032,57240766
SparseHNSW_a0.8_b2_s8x4,"M=32 efC=200 ef=1600 alpha=0.8 beta=2 q=u8 seedT=8 seedH=8 seedS=4",64,0.9774498567,0.9999,383.0412,2.1736,0.0000,0.747114,"0.745992;0.747114;0.748324;0.746051;0.748960",107.036390,9342.62,,12.59,0,6980,10,True,nid006032,57240766
SparseHNSW_a0.8_b2_s8x4,"M=32 efC=200 ef=3200 alpha=0.8 beta=2 q=u8 seedT=8 seedH=8 seedS=4",64,0.9802435530,1.0000,383.0412,2.1736,0.0000,1.468036,"1.470546;1.468036;1.468268;1.467734;1.466956",210.320344,4754.65,,12.59,0,6980,10,True,nid006032,57240766
SparseHNSW_a0.8_b3_s8x4,"M=32 efC=200 ef=10 alpha=0.8 beta=3 q=u8 seedT=8 seedH=8 seedS=4",64,0.9155587393,0.9682,383.0412,2.1736,0.0000,0.027991,"0.027804;0.028414;0.028145;0.027991;0.027882",4.010172,249365.87,,12.59,0,6980,10,True,nid006032,57240766
SparseHNSW_a0.8_b3_s8x4,"M=32 efC=200 ef=20 alpha=0.8 beta=3 q=u8 seedT=8 seedH=8 seedS=4",64,0.9155587393,0.9682,383.0412,2.1736,0.0000,0.027570,"0.027706;0.027537;0.027600;0.027508;0.027570",3.949857,253173.74,,12.59,0,6980,10,True,nid006032,57240766
SparseHNSW_a0.8_b3_s8x4,"M=32 efC=200 ef=50 alpha=0.8 beta=3 q=u8 seedT=8 seedH=8 seedS=4",64,0.9363037249,0.9793,383.0412,2.1736,0.0000,0.037724,"0.037936;0.037724;0.037750;0.037579;0.037714",5.404585,185028.10,,12.59,0,6980,10,True,nid006032,57240766
SparseHNSW_a0.8_b3_s8x4,"M=32 efC=200 ef=100 alpha=0.8 beta=3 q=u8 seedT=8 seedH=8 seedS=4",64,0.9570916905,0.9900,383.0412,2.1736,0.0000,0.065670,"0.065670;0.065427;0.065697;0.066012;0.065313",9.408309,106289.02,,12.59,0,6980,10,True,nid006032,57240766
SparseHNSW_a0.8_b3_s8x4,"M=32 efC=200 ef=200 alpha=0.8 beta=3 q=u8 seedT=8 seedH=8 seedS=4",64,0.9690257880,0.9953,383.0412,2.1736,0.0000,0.117389,"0.116918;0.117739;0.116491;0.117404;0.117389",16.817908,59460.43,,12.59,0,6980,10,True,nid006032,57240766
SparseHNSW_a0.8_b3_s8x4,"M=32 efC=200 ef=400 alpha=0.8 beta=3 q=u8 seedT=8 seedH=8 seedS=4",64,0.9766762178,0.9977,383.0412,2.1736,0.0000,0.208287,"0.208986;0.208287;0.207878;0.208864;0.208039",29.840544,33511.45,,12.59,0,6980,10,True,nid006032,57240766
SparseHNSW_a0.8_b3_s8x4,"M=32 efC=200 ef=800 alpha=0.8 beta=3 q=u8 seedT=8 seedH=8 seedS=4",64,0.9814899713,0.9989,383.0412,2.1736,0.0000,0.385869,"0.384933;0.385869;0.382790;0.386996;0.386750",55.282092,18089.04,,12.59,0,6980,10,True,nid006032,57240766
SparseHNSW_a0.8_b3_s8x4,"M=32 efC=200 ef=1600 alpha=0.8 beta=3 q=u8 seedT=8 seedH=8 seedS=4",64,0.9852578797,0.9999,383.0412,2.1736,0.0000,0.746707,"0.752162;0.744612;0.745926;0.748593;0.746707",106.978080,9347.71,,12.59,0,6980,10,True,nid006032,57240766
SparseHNSW_a0.8_b3_s8x4,"M=32 efC=200 ef=3200 alpha=0.8 beta=3 q=u8 seedT=8 seedH=8 seedS=4",64,0.9880659026,1.0000,383.0412,2.1736,0.0000,1.466833,"1.466440;1.466833;1.466910;1.466537;1.467735",210.147994,4758.55,,12.59,0,6980,10,True,nid006032,57240766
SparseHNSW_a0.8_b4_s8x4,"M=32 efC=200 ef=10 alpha=0.8 beta=4 q=u8 seedT=8 seedH=8 seedS=4",64,0.9272492837,0.9745,383.0412,2.1736,0.0000,0.032730,"0.032971;0.033031;0.032655;0.032661;0.032730",4.689112,213260.01,,12.59,0,6980,10,True,nid006032,57240766
SparseHNSW_a0.8_b4_s8x4,"M=32 efC=200 ef=20 alpha=0.8 beta=4 q=u8 seedT=8 seedH=8 seedS=4",64,0.9272492837,0.9745,383.0412,2.1736,0.0000,0.032569,"0.032565;0.032614;0.032680;0.032569;0.032434",4.666046,214314.23,,12.59,0,6980,10,True,nid006032,57240766
SparseHNSW_a0.8_b4_s8x4,"M=32 efC=200 ef=50 alpha=0.8 beta=4 q=u8 seedT=8 seedH=8 seedS=4",64,0.9374785100,0.9793,383.0412,2.1736,0.0000,0.038115,"0.038233;0.038051;0.038115;0.038106;0.038365",5.460602,183130.00,,12.59,0,6980,10,True,nid006032,57240766
SparseHNSW_a0.8_b4_s8x4,"M=32 efC=200 ef=100 alpha=0.8 beta=4 q=u8 seedT=8 seedH=8 seedS=4",64,0.9585243553,0.9900,383.0412,2.1736,0.0000,0.065889,"0.065861;0.066019;0.065640;0.065889;0.066034",9.439685,105935.74,,12.59,0,6980,10,True,nid006032,57240766
SparseHNSW_a0.8_b4_s8x4,"M=32 efC=200 ef=200 alpha=0.8 beta=4 q=u8 seedT=8 seedH=8 seedS=4",64,0.9705587393,0.9953,383.0412,2.1736,0.0000,0.116981,"0.117642;0.116981;0.117691;0.116746;0.116907",16.759456,59667.81,,12.59,0,6980,10,True,nid006032,57240766
SparseHNSW_a0.8_b4_s8x4,"M=32 efC=200 ef=400 alpha=0.8 beta=4 q=u8 seedT=8 seedH=8 seedS=4",64,0.9782234957,0.9977,383.0412,2.1736,0.0000,0.208308,"0.207989;0.209515;0.208202;0.208308;0.209454",29.843553,33508.07,,12.59,0,6980,10,True,nid006032,57240766
SparseHNSW_a0.8_b4_s8x4,"M=32 efC=200 ef=800 alpha=0.8 beta=4 q=u8 seedT=8 seedH=8 seedS=4",64,0.9830515759,0.9989,383.0412,2.1736,0.0000,0.384370,"0.384370;0.385627;0.383116;0.383311;0.386547",55.067335,18159.59,,12.59,0,6980,10,True,nid006032,57240766
SparseHNSW_a0.8_b4_s8x4,"M=32 efC=200 ef=1600 alpha=0.8 beta=4 q=u8 seedT=8 seedH=8 seedS=4",64,0.9868624642,0.9999,383.0412,2.1736,0.0000,0.747649,"0.747381;0.748238;0.751275;0.747233;0.747649",107.113037,9335.93,,12.59,0,6980,10,True,nid006032,57240766
SparseHNSW_a0.8_b4_s8x4,"M=32 efC=200 ef=3200 alpha=0.8 beta=4 q=u8 seedT=8 seedH=8 seedS=4",64,0.9896991404,1.0000,383.0412,2.1736,0.0000,1.469205,"1.469903;1.469205;1.467877;1.464148;1.470788",210.487822,4750.87,,12.59,0,6980,10,True,nid006032,57240766
SparseHNSW_a0.8_b5_s8x4,"M=32 efC=200 ef=10 alpha=0.8 beta=5 q=u8 seedT=8 seedH=8 seedS=4",64,0.9379656160,0.9793,383.0412,2.1736,0.0000,0.038825,"0.039465;0.038971;0.038825;0.038755;0.038802",5.562321,179781.07,,12.59,0,6980,10,True,nid006032,57240766
SparseHNSW_a0.8_b5_s8x4,"M=32 efC=200 ef=20 alpha=0.8 beta=5 q=u8 seedT=8 seedH=8 seedS=4",64,0.9379656160,0.9793,383.0412,2.1736,0.0000,0.038733,"0.038822;0.038733;0.038793;0.038724;0.038285",5.549140,180208.09,,12.59,0,6980,10,True,nid006032,57240766
SparseHNSW_a0.8_b5_s8x4,"M=32 efC=200 ef=50 alpha=0.8 beta=5 q=u8 seedT=8 seedH=8 seedS=4",64,0.9379656160,0.9793,383.0412,2.1736,0.0000,0.038379,"0.038257;0.038359;0.038650;0.038490;0.038379",5.498424,181870.29,,12.59,0,6980,10,True,nid006032,57240766
SparseHNSW_a0.8_b5_s8x4,"M=32 efC=200 ef=100 alpha=0.8 beta=5 q=u8 seedT=8 seedH=8 seedS=4",64,0.9589684814,0.9900,383.0412,2.1736,0.0000,0.066121,"0.066121;0.066031;0.066505;0.066089;0.066275",9.472923,105564.04,,12.59,0,6980,10,True,nid006032,57240766
SparseHNSW_a0.8_b5_s8x4,"M=32 efC=200 ef=200 alpha=0.8 beta=5 q=u8 seedT=8 seedH=8 seedS=4",64,0.9710171920,0.9953,383.0412,2.1736,0.0000,0.117309,"0.117201;0.117309;0.117412;0.116826;0.117764",16.806447,59500.98,,12.59,0,6980,10,True,nid006032,57240766
SparseHNSW_a0.8_b5_s8x4,"M=32 efC=200 ef=400 alpha=0.8 beta=5 q=u8 seedT=8 seedH=8 seedS=4",64,0.9786819484,0.9977,383.0412,2.1736,0.0000,0.209162,"0.209162;0.209568;0.208180;0.210563;0.207889",29.965903,33371.26,,12.59,0,6980,10,True,nid006032,57240766
SparseHNSW_a0.8_b5_s8x4,"M=32 efC=200 ef=800 alpha=0.8 beta=5 q=u8 seedT=8 seedH=8 seedS=4",64,0.9835530086,0.9989,383.0412,2.1736,0.0000,0.386587,"0.386820;0.385312;0.384422;0.386587;0.386918",55.384957,18055.44,,12.59,0,6980,10,True,nid006032,57240766
SparseHNSW_a0.8_b5_s8x4,"M=32 efC=200 ef=1600 alpha=0.8 beta=5 q=u8 seedT=8 seedH=8 seedS=4",64,0.9873638968,0.9999,383.0412,2.1736,0.0000,0.747289,"0.748023;0.746893;0.747867;0.746592;0.747289",107.061461,9340.43,,12.59,0,6980,10,True,nid006032,57240766
SparseHNSW_a0.8_b5_s8x4,"M=32 efC=200 ef=3200 alpha=0.8 beta=5 q=u8 seedT=8 seedH=8 seedS=4",64,0.9902148997,1.0000,383.0412,2.1736,0.0000,1.467947,"1.469215;1.471695;1.467947;1.467851;1.467760",210.307593,4754.94,,12.59,0,6980,10,True,nid006032,57240766
SparseHNSW_a0.8_b6_s8x4,"M=32 efC=200 ef=10 alpha=0.8 beta=6 q=u8 seedT=8 seedH=8 seedS=4",64,0.9444269341,0.9824,383.0412,2.1736,0.0000,0.044998,"0.045289;0.045508;0.044998;0.044803;0.044895",6.446705,155118.01,,12.59,0,6980,10,True,nid006032,57240766
SparseHNSW_a0.8_b6_s8x4,"M=32 efC=200 ef=20 alpha=0.8 beta=6 q=u8 seedT=8 seedH=8 seedS=4",64,0.9444269341,0.9824,383.0412,2.1736,0.0000,0.044703,"0.044545;0.044923;0.044829;0.044703;0.044620",6.404441,156141.65,,12.59,0,6980,10,True,nid006032,57240766
SparseHNSW_a0.8_b6_s8x4,"M=32 efC=200 ef=50 alpha=0.8 beta=6 q=u8 seedT=8 seedH=8 seedS=4",64,0.9444269341,0.9824,383.0412,2.1736,0.0000,0.044623,"0.044623;0.044694;0.044585;0.044309;0.044656",6.392980,156421.58,,12.59,0,6980,10,True,nid006032,57240766
SparseHNSW_a0.8_b6_s8x4,"M=32 efC=200 ef=100 alpha=0.8 beta=6 q=u8 seedT=8 seedH=8 seedS=4",64,0.9592120344,0.9900,383.0412,2.1736,0.0000,0.066645,"0.066645;0.066557;0.066531;0.067116;0.067132",9.547994,104734.04,,12.59,0,6980,10,True,nid006032,57240766
SparseHNSW_a0.8_b6_s8x4,"M=32 efC=200 ef=200 alpha=0.8 beta=6 q=u8 seedT=8 seedH=8 seedS=4",64,0.9713180516,0.9953,383.0412,2.1736,0.0000,0.118304,"0.117693;0.118031;0.118398;0.118304;0.118431",16.948997,59000.54,,12.59,0,6980,10,True,nid006032,57240766
SparseHNSW_a0.8_b6_s8x4,"M=32 efC=200 ef=400 alpha=0.8 beta=6 q=u8 seedT=8 seedH=8 seedS=4",64,0.9790114613,0.9977,383.0412,2.1736,0.0000,0.209793,"0.209793;0.209888;0.210028;0.209313;0.209633",30.056304,33270.89,,12.59,0,6980,10,True,nid006032,57240766
SparseHNSW_a0.8_b6_s8x4,"M=32 efC=200 ef=800 alpha=0.8 beta=6 q=u8 seedT=8 seedH=8 seedS=4",64,0.9838825215,0.9989,383.0412,2.1736,0.0000,0.385829,"0.389431;0.384899;0.384396;0.385829;0.386350",55.276361,18090.92,,12.59,0,6980,10,True,nid006032,57240766
SparseHNSW_a0.8_b6_s8x4,"M=32 efC=200 ef=1600 alpha=0.8 beta=6 q=u8 seedT=8 seedH=8 seedS=4",64,0.9876934097,0.9999,383.0412,2.1736,0.0000,0.747070,"0.746328;0.748755;0.746233;0.750997;0.747070",107.030086,9343.17,,12.59,0,6980,10,True,nid006032,57240766
SparseHNSW_a0.8_b6_s8x4,"M=32 efC=200 ef=3200 alpha=0.8 beta=6 q=u8 seedT=8 seedH=8 seedS=4",64,0.9905444126,1.0000,383.0412,2.1736,0.0000,1.467167,"1.473747;1.466487;1.470481;1.467167;1.465836",210.195845,4757.47,,12.59,0,6980,10,True,nid006032,57240766
SparseHNSW_a0.8_b8_s8x4,"M=32 efC=200 ef=10 alpha=0.8 beta=8 q=u8 seedT=8 seedH=8 seedS=4",64,0.9529226361,0.9867,383.0412,2.1736,0.0000,0.056460,"0.057179;0.056306;0.056498;0.056460;0.056346",8.088825,123627.35,,12.59,0,6980,10,True,nid006032,57240766
SparseHNSW_a0.8_b8_s8x4,"M=32 efC=200 ef=20 alpha=0.8 beta=8 q=u8 seedT=8 seedH=8 seedS=4",64,0.9529226361,0.9867,383.0412,2.1736,0.0000,0.056665,"0.056675;0.056571;0.056736;0.056665;0.056496",8.118195,123180.09,,12.59,0,6980,10,True,nid006032,57240766
SparseHNSW_a0.8_b8_s8x4,"M=32 efC=200 ef=50 alpha=0.8 beta=8 q=u8 seedT=8 seedH=8 seedS=4",64,0.9529226361,0.9867,383.0412,2.1736,0.0000,0.056588,"0.056397;0.056621;0.056588;0.056655;0.056439",8.107163,123347.71,,12.59,0,6980,10,True,nid006032,57240766
SparseHNSW_a0.8_b8_s8x4,"M=32 efC=200 ef=100 alpha=0.8 beta=8 q=u8 seedT=8 seedH=8 seedS=4",64,0.9593982808,0.9900,383.0412,2.1736,0.0000,0.067167,"0.067167;0.067137;0.067166;0.067537;0.067518",9.622779,103920.08,,12.59,0,6980,10,True,nid006032,57240766
SparseHNSW_a0.8_b8_s8x4,"M=32 efC=200 ef=200 alpha=0.8 beta=8 q=u8 seedT=8 seedH=8 seedS=4",64,0.9715186246,0.9953,383.0412,2.1736,0.0000,0.118502,"0.118602;0.118502;0.117900;0.118736;0.117957",16.977364,58901.96,,12.59,0,6980,10,True,nid006032,57240766
SparseHNSW_a0.8_b8_s8x4,"M=32 efC=200 ef=400 alpha=0.8 beta=8 q=u8 seedT=8 seedH=8 seedS=4",64,0.9792120344,0.9977,383.0412,2.1736,0.0000,0.210053,"0.209068;0.210053;0.209775;0.210323;0.210727",30.093553,33229.71,,12.59,0,6980,10,True,nid006032,57240766
SparseHNSW_a0.8_b8_s8x4,"M=32 efC=200 ef=800 alpha=0.8 beta=8 q=u8 seedT=8 seedH=8 seedS=4",64,0.9840830946,0.9989,383.0412,2.1736,0.0000,0.385893,"0.385893;0.386805;0.385249;0.384679;0.386429",55.285530,18087.92,,12.59,0,6980,10,True,nid006032,57240766
SparseHNSW_a0.8_b8_s8x4,"M=32 efC=200 ef=1600 alpha=0.8 beta=8 q=u8 seedT=8 seedH=8 seedS=4",64,0.9878939828,0.9999,383.0412,2.1736,0.0000,0.748657,"0.746807;0.749862;0.746865;0.748837;0.748657",107.257450,9323.36,,12.59,0,6980,10,True,nid006032,57240766
SparseHNSW_a0.8_b8_s8x4,"M=32 efC=200 ef=3200 alpha=0.8 beta=8 q=u8 seedT=8 seedH=8 seedS=4",64,0.9907449857,1.0000,383.0412,2.1736,0.0000,1.470750,"1.467391;1.469275;1.470750;1.471345;1.472004",210.709169,4745.88,,12.59,0,6980,10,True,nid006032,57240766
SparseHNSW_a0.85_b1_s0x0,"M=32 efC=200 ef=10 alpha=0.85 beta=1 q=u8",64,0.6917048711,0.5346,428.9988,2.1758,0.0000,0.013713,"0.012525;0.013604;0.013753;0.013713;0.013719",1.964613,509006.05,,12.74,0,6980,10,True,nid006032,57240766
SparseHNSW_a0.85_b1_s0x0,"M=32 efC=200 ef=20 alpha=0.85 beta=1 q=u8",64,0.7809598854,0.6302,428.9988,2.1758,0.0000,0.021449,"0.021830;0.021597;0.021449;0.021368;0.021264",3.072923,325423.10,,12.74,0,6980,10,True,nid006032,57240766
SparseHNSW_a0.85_b1_s0x0,"M=32 efC=200 ef=50 alpha=0.85 beta=1 q=u8",64,0.8445988539,0.6952,428.9988,2.1758,0.0000,0.040806,"0.040864;0.041085;0.040591;0.040806;0.040700",5.846132,171053.28,,12.74,0,6980,10,True,nid006032,57240766
SparseHNSW_a0.85_b1_s0x0,"M=32 efC=200 ef=100 alpha=0.85 beta=1 q=u8",64,0.8776361032,0.7291,428.9988,2.1758,0.0000,0.069868,"0.069920;0.069868;0.069900;0.069458;0.069681",10.009742,99902.67,,12.74,0,6980,10,True,nid006032,57240766
SparseHNSW_a0.85_b1_s0x0,"M=32 efC=200 ef=200 alpha=0.85 beta=1 q=u8",64,0.8923065903,0.7430,428.9988,2.1758,0.0000,0.119487,"0.118750;0.119680;0.119056;0.119487;0.119520",17.118481,58416.40,,12.74,0,6980,10,True,nid006032,57240766
SparseHNSW_a0.85_b1_s0x0,"M=32 efC=200 ef=400 alpha=0.85 beta=1 q=u8",64,0.9033954155,0.7563,428.9988,2.1758,0.0000,0.204611,"0.204217;0.204768;0.204611;0.204592;0.205024",29.313897,34113.51,,12.74,0,6980,10,True,nid006032,57240766
SparseHNSW_a0.85_b1_s0x0,"M=32 efC=200 ef=800 alpha=0.85 beta=1 q=u8",64,0.9088825215,0.7628,428.9988,2.1758,0.0000,0.371054,"0.369925;0.374355;0.372399;0.371040;0.371054",53.159599,18811.28,,12.74,0,6980,10,True,nid006032,57240766
SparseHNSW_a0.85_b1_s0x0,"M=32 efC=200 ef=1600 alpha=0.85 beta=1 q=u8",64,0.9133381089,0.7685,428.9988,2.1758,0.0000,0.729938,"0.729260;0.731780;0.729938;0.728453;0.732846",104.575645,9562.46,,12.74,0,6980,10,True,nid006032,57240766
SparseHNSW_a0.85_b1_s0x0,"M=32 efC=200 ef=3200 alpha=0.85 beta=1 q=u8",64,0.9161031519,0.7730,428.9988,2.1758,0.0000,1.448017,"1.449920;1.447274;1.445083;1.450661;1.448017",207.452292,4820.39,,12.82,0,6980,10,True,nid006032,57240766
SparseHNSW_a0.85_b2_s0x0,"M=32 efC=200 ef=10 alpha=0.85 beta=2 q=u8",64,0.8322349570,0.8970,428.9988,2.1758,0.0000,0.022184,"0.021396;0.022351;0.022239;0.022184;0.022042",3.178223,314641.18,,12.82,0,6980,10,True,nid006032,57240766
SparseHNSW_a0.85_b2_s0x0,"M=32 efC=200 ef=20 alpha=0.85 beta=2 q=u8",64,0.8322349570,0.8970,428.9988,2.1758,0.0000,0.021820,"0.021942;0.021896;0.021820;0.021796;0.021726",3.126074,319890.01,,12.82,0,6980,10,True,nid006032,57240766
SparseHNSW_a0.85_b2_s0x0,"M=32 efC=200 ef=50 alpha=0.85 beta=2 q=u8",64,0.9058166189,0.9491,428.9988,2.1758,0.0000,0.041264,"0.041353;0.041442;0.041158;0.041264;0.041031",5.911748,169154.71,,12.82,0,6980,10,True,nid006032,57240766
SparseHNSW_a0.85_b2_s0x0,"M=32 efC=200 ef=100 alpha=0.85 beta=2 q=u8",64,0.9419914040,0.9759,428.9988,2.1758,0.0000,0.070470,"0.070470;0.070256;0.070581;0.070706;0.069910",10.095989,99049.24,,12.82,0,6980,10,True,nid006032,57240766
SparseHNSW_a0.85_b2_s0x0,"M=32 efC=200 ef=200 alpha=0.85 beta=2 q=u8",64,0.9587965616,0.9874,428.9988,2.1758,0.0000,0.119158,"0.118217;0.118900;0.119552;0.120442;0.119158",17.071347,58577.69,,12.82,0,6980,10,True,nid006032,57240766
SparseHNSW_a0.85_b2_s0x0,"M=32 efC=200 ef=400 alpha=0.85 beta=2 q=u8",64,0.9709025788,0.9964,428.9988,2.1758,0.0000,0.204255,"0.204534;0.205206;0.204192;0.204255;0.203562",29.262894,34172.97,,12.82,0,6980,10,True,nid006032,57240766
SparseHNSW_a0.85_b2_s0x0,"M=32 efC=200 ef=800 alpha=0.85 beta=2 q=u8",64,0.9772636103,0.9984,428.9988,2.1758,0.0000,0.369923,"0.373045;0.370942;0.369923;0.368952;0.369498",52.997564,18868.79,,12.82,0,6980,10,True,nid006032,57240766
SparseHNSW_a0.85_b2_s0x0,"M=32 efC=200 ef=1600 alpha=0.85 beta=2 q=u8",64,0.9825644699,0.9996,428.9988,2.1758,0.0000,0.729251,"0.729182;0.729251;0.726774;0.734846;0.729829",104.477221,9571.46,,12.82,0,6980,10,True,nid006032,57240766
SparseHNSW_a0.85_b2_s0x0,"M=32 efC=200 ef=3200 alpha=0.85 beta=2 q=u8",64,0.9859598854,1.0000,428.9988,2.1758,0.0000,1.449784,"1.454643;1.449784;1.445725;1.451629;1.449167",207.705444,4814.51,,12.82,0,6980,10,True,nid006032,57240766
SparseHNSW_a0.85_b3_s0x0,"M=32 efC=200 ef=10 alpha=0.85 beta=3 q=u8",64,0.8750859599,0.9256,428.9988,2.1758,0.0000,0.029438,"0.028467;0.029814;0.029662;0.029326;0.029438",4.217479,237108.50,,12.82,0,6980,10,True,nid006032,57240766
SparseHNSW_a0.85_b3_s0x0,"M=32 efC=200 ef=20 alpha=0.85 beta=3 q=u8",64,0.8750859599,0.9256,428.9988,2.1758,0.0000,0.029103,"0.029276;0.029061;0.029103;0.029131;0.028958",4.169484,239837.82,,12.82,0,6980,10,True,nid006032,57240766
SparseHNSW_a0.85_b3_s0x0,"M=32 efC=200 ef=50 alpha=0.85 beta=3 q=u8",64,0.9084670487,0.9491,428.9988,2.1758,0.0000,0.041608,"0.041887;0.041437;0.041589;0.041608;0.041746",5.961032,167756.20,,12.82,0,6980,10,True,nid006032,57240766
SparseHNSW_a0.85_b3_s0x0,"M=32 efC=200 ef=100 alpha=0.85 beta=3 q=u8",64,0.9449570201,0.9759,428.9988,2.1758,0.0000,0.070341,"0.070022;0.070341;0.070926;0.070537;0.070309",10.077507,99230.89,,12.82,0,6980,10,True,nid006032,57240766
SparseHNSW_a0.85_b3_s0x0,"M=32 efC=200 ef=200 alpha=0.85 beta=3 q=u8",64,0.9619627507,0.9874,428.9988,2.1758,0.0000,0.119794,"0.120205;0.119794;0.119260;0.118941;0.119947",17.162464,58266.69,,12.82,0,6980,10,True,nid006032,57240766
SparseHNSW_a0.85_b3_s0x0,"M=32 efC=200 ef=400 alpha=0.85 beta=3 q=u8",64,0.9741977077,0.9964,428.9988,2.1758,0.0000,0.205015,"0.205284;0.204267;0.206724;0.205015;0.204948",29.371777,34046.29,,12.82,0,6980,10,True,nid006032,57240766
SparseHNSW_a0.85_b3_s0x0,"M=32 efC=200 ef=800 alpha=0.85 beta=3 q=u8",64,0.9806160458,0.9984,428.9988,2.1758,0.0000,0.371274,"0.370705;0.368652;0.372132;0.371274;0.371781",53.191117,18800.13,,12.82,0,6980,10,True,nid006032,57240766
SparseHNSW_a0.85_b3_s0x0,"M=32 efC=200 ef=1600 alpha=0.85 beta=3 q=u8",64,0.9859169054,0.9996,428.9988,2.1758,0.0000,0.732028,"0.733682;0.732211;0.729882;0.732028;0.730638",104.875072,9535.15,,12.82,0,6980,10,True,nid006032,57240766
SparseHNSW_a0.85_b3_s0x0,"M=32 efC=200 ef=3200 alpha=0.85 beta=3 q=u8",64,0.9893266476,1.0000,428.9988,2.1758,0.0000,1.451848,"1.452503;1.454540;1.445436;1.451848;1.448724",208.001146,4807.67,,12.82,0,6980,10,True,nid006032,57240766
SparseHNSW_a0.85_b4_s0x0,"M=32 efC=200 ef=10 alpha=0.85 beta=4 q=u8",64,0.8951862464,0.9385,428.9988,2.1758,0.0000,0.036223,"0.035663;0.036624;0.036382;0.036223;0.036079",5.189542,192695.25,,12.82,0,6980,10,True,nid006032,57240766
SparseHNSW_a0.85_b4_s0x0,"M=32 efC=200 ef=20 alpha=0.85 beta=4 q=u8",64,0.8951862464,0.9385,428.9988,2.1758,0.0000,0.035927,"0.035960;0.035998;0.035927;0.035638;0.035717",5.147135,194282.85,,12.82,0,6980,10,True,nid006032,57240766
SparseHNSW_a0.85_b4_s0x0,"M=32 efC=200 ef=50 alpha=0.85 beta=4 q=u8",64,0.9089111748,0.9491,428.9988,2.1758,0.0000,0.041846,"0.041678;0.042046;0.041846;0.041834;0.041924",5.995129,166802.08,,12.82,0,6980,10,True,nid006032,57240766
SparseHNSW_a0.85_b4_s0x0,"M=32 efC=200 ef=100 alpha=0.85 beta=4 q=u8",64,0.9455587393,0.9759,428.9988,2.1758,0.0000,0.070813,"0.070413;0.071071;0.071205;0.070810;0.070813",10.145129,98569.47,,12.82,0,6980,10,True,nid006032,57240766
SparseHNSW_a0.85_b4_s0x0,"M=32 efC=200 ef=200 alpha=0.85 beta=4 q=u8",64,0.9626217765,0.9874,428.9988,2.1758,0.0000,0.119972,"0.119972;0.121314;0.119417;0.118928;0.121033",17.187966,58180.24,,12.82,0,6980,10,True,nid006032,57240766
SparseHNSW_a0.85_b4_s0x0,"M=32 efC=200 ef=400 alpha=0.85 beta=4 q=u8",64,0.9748710602,0.9964,428.9988,2.1758,0.0000,0.204146,"0.203937;0.204066;0.205048;0.204146;0.204820",29.247278,34191.22,,12.82,0,6980,10,True,nid006032,57240766
SparseHNSW_a0.85_b4_s0x0,"M=32 efC=200 ef=800 alpha=0.85 beta=4 q=u8",64,0.9812607450,0.9984,428.9988,2.1758,0.0000,0.374035,"0.374563;0.374035;0.374591;0.372290;0.371216",53.586676,18661.36,,12.82,0,6980,10,True,nid006032,57240766
SparseHNSW_a0.85_b4_s0x0,"M=32 efC=200 ef=1600 alpha=0.85 beta=4 q=u8",64,0.9865616046,0.9996,428.9988,2.1758,0.0000,0.732684,"0.734718;0.732684;0.731265;0.734262;0.731611",104.969054,9526.62,,12.82,0,6980,10,True,nid006032,57240766
SparseHNSW_a0.85_b4_s0x0,"M=32 efC=200 ef=3200 alpha=0.85 beta=4 q=u8",64,0.9899856734,1.0000,428.9988,2.1758,0.0000,1.452515,"1.452515;1.450228;1.455006;1.453280;1.448900",208.096705,4805.46,,12.82,0,6980,10,True,nid006032,57240766
SparseHNSW_a0.85_b5_s0x0,"M=32 efC=200 ef=10 alpha=0.85 beta=5 q=u8",64,0.9089684814,0.9491,428.9988,2.1758,0.0000,0.042586,"0.042235;0.042690;0.042586;0.042691;0.042502",6.101146,163903.63,,12.82,0,6980,10,True,nid006032,57240766
SparseHNSW_a0.85_b5_s0x0,"M=32 efC=200 ef=20 alpha=0.85 beta=5 q=u8",64,0.9089684814,0.9491,428.9988,2.1758,0.0000,0.042372,"0.042638;0.042372;0.041968;0.042327;0.042445",6.070487,164731.43,,12.82,0,6980,10,True,nid006032,57240766
SparseHNSW_a0.85_b5_s0x0,"M=32 efC=200 ef=50 alpha=0.85 beta=5 q=u8",64,0.9089684814,0.9491,428.9988,2.1758,0.0000,0.042132,"0.042402;0.041964;0.041931;0.042132;0.042195",6.036103,165669.80,,12.82,0,6980,10,True,nid006032,57240766
SparseHNSW_a0.85_b5_s0x0,"M=32 efC=200 ef=100 alpha=0.85 beta=5 q=u8",64,0.9456733524,0.9759,428.9988,2.1758,0.0000,0.071050,"0.071097;0.070905;0.071050;0.071150;0.070945",10.179083,98240.68,,12.82,0,6980,10,True,nid006032,57240766
SparseHNSW_a0.85_b5_s0x0,"M=32 efC=200 ef=200 alpha=0.85 beta=5 q=u8",64,0.9627363897,0.9874,428.9988,2.1758,0.0000,0.120108,"0.121143;0.120803;0.120047;0.120108;0.119403",17.207450,58114.36,,12.82,0,6980,10,True,nid006032,57240766
SparseHNSW_a0.85_b5_s0x0,"M=32 efC=200 ef=400 alpha=0.85 beta=5 q=u8",64,0.9750000000,0.9964,428.9988,2.1758,0.0000,0.206583,"0.204644;0.206583;0.206376;0.207049;0.207248",29.596418,33787.87,,12.82,0,6980,10,True,nid006032,57240766
SparseHNSW_a0.85_b5_s0x0,"M=32 efC=200 ef=800 alpha=0.85 beta=5 q=u8",64,0.9814183381,0.9984,428.9988,2.1758,0.0000,0.372730,"0.375211;0.372730;0.370791;0.373147;0.371741",53.399713,18726.69,,12.82,0,6980,10,True,nid006032,57240766
SparseHNSW_a0.85_b5_s0x0,"M=32 efC=200 ef=1600 alpha=0.85 beta=5 q=u8",64,0.9867335244,0.9996,428.9988,2.1758,0.0000,0.732289,"0.733255;0.731552;0.735928;0.732289;0.731257",104.912464,9531.76,,12.82,0,6980,10,True,nid006032,57240766
SparseHNSW_a0.85_b5_s0x0,"M=32 efC=200 ef=3200 alpha=0.85 beta=5 q=u8",64,0.9901575931,1.0000,428.9988,2.1758,0.0000,1.452304,"1.452304;1.448317;1.450985;1.454954;1.456106",208.066476,4806.16,,12.82,0,6980,10,True,nid006032,57240766
SparseHNSW_a0.85_b6_s0x0,"M=32 efC=200 ef=10 alpha=0.85 beta=6 q=u8",64,0.9201862464,0.9574,428.9988,2.1758,0.0000,0.048891,"0.048309;0.049039;0.048968;0.048704;0.048891",7.004441,142766.56,,12.82,0,6980,10,True,nid006032,57240766
SparseHNSW_a0.85_b6_s0x0,"M=32 efC=200 ef=20 alpha=0.85 beta=6 q=u8",64,0.9201862464,0.9574,428.9988,2.1758,0.0000,0.048429,"0.048650;0.048429;0.048519;0.048088;0.048116",6.938252,144128.52,,12.82,0,6980,10,True,nid006032,57240766
SparseHNSW_a0.85_b6_s0x0,"M=32 efC=200 ef=50 alpha=0.85 beta=6 q=u8",64,0.9201862464,0.9574,428.9988,2.1758,0.0000,0.048535,"0.048452;0.048573;0.048764;0.048519;0.048535",6.953438,143813.74,,12.82,0,6980,10,True,nid006032,57240766
SparseHNSW_a0.85_b6_s0x0,"M=32 efC=200 ef=100 alpha=0.85 beta=6 q=u8",64,0.9456876791,0.9759,428.9988,2.1758,0.0000,0.071424,"0.071194;0.071424;0.071124;0.071449;0.071829",10.232665,97726.25,,12.82,0,6980,10,True,nid006032,57240766
SparseHNSW_a0.85_b6_s0x0,"M=32 efC=200 ef=200 alpha=0.85 beta=6 q=u8",64,0.9627507163,0.9874,428.9988,2.1758,0.0000,0.120868,"0.121066;0.120868;0.119870;0.121670;0.120725",17.316332,57748.95,,12.82,0,6980,10,True,nid006032,57240766
SparseHNSW_a0.85_b6_s0x0,"M=32 efC=200 ef=400 alpha=0.85 beta=6 q=u8",64,0.9750143266,0.9964,428.9988,2.1758,0.0000,0.206842,"0.206842;0.207482;0.205815;0.206594;0.207547",29.633524,33745.56,,12.82,0,6980,10,True,nid006032,57240766
SparseHNSW_a0.85_b6_s0x0,"M=32 efC=200 ef=800 alpha=0.85 beta=6 q=u8",64,0.9814326648,0.9984,428.9988,2.1758,0.0000,0.372915,"0.372723;0.371691;0.374342;0.372915;0.374160",53.426218,18717.40,,12.82,0,6980,10,True,nid006032,57240766
SparseHNSW_a0.85_b6_s0x0,"M=32 efC=200 ef=1600 alpha=0.85 beta=6 q=u8",64,0.9867478510,0.9996,428.9988,2.1758,0.0000,0.733755,"0.734770;0.732472;0.736671;0.733755;0.731187",105.122493,9512.71,,12.82,0,6980,10,True,nid006032,57240766
SparseHNSW_a0.85_b6_s0x0,"M=32 efC=200 ef=3200 alpha=0.85 beta=6 q=u8",64,0.9901719198,1.0000,428.9988,2.1758,0.0000,1.451300,"1.454038;1.451517;1.445579;1.450671;1.451300",207.922636,4809.48,,12.82,0,6980,10,True,nid006032,57240766
SparseHNSW_a0.85_b8_s0x0,"M=32 efC=200 ef=10 alpha=0.85 beta=8 q=u8",64,0.9347134670,0.9678,428.9988,2.1758,0.0000,0.061064,"0.061575;0.060890;0.061239;0.061064;0.061020",8.748424,114306.30,,12.82,0,6980,10,True,nid006032,57240766
SparseHNSW_a0.85_b8_s0x0,"M=32 efC=200 ef=20 alpha=0.85 beta=8 q=u8",64,0.9347134670,0.9678,428.9988,2.1758,0.0000,0.061214,"0.061288;0.061171;0.060796;0.061309;0.061214",8.769914,114026.20,,12.82,0,6980,10,True,nid006032,57240766
SparseHNSW_a0.85_b8_s0x0,"M=32 efC=200 ef=50 alpha=0.85 beta=8 q=u8",64,0.9347134670,0.9678,428.9988,2.1758,0.0000,0.060773,"0.061452;0.060773;0.060844;0.060756;0.060424",8.706734,114853.64,,12.82,0,6980,10,True,nid006032,57240766
SparseHNSW_a0.85_b8_s0x0,"M=32 efC=200 ef=100 alpha=0.85 beta=8 q=u8",64,0.9457306590,0.9759,428.9988,2.1758,0.0000,0.072052,"0.072052;0.071580;0.071645;0.072449;0.072185",10.322636,96874.48,,12.82,0,6980,10,True,nid006032,57240766
SparseHNSW_a0.85_b8_s0x0,"M=32 efC=200 ef=200 alpha=0.85 beta=8 q=u8",64,0.9628080229,0.9874,428.9988,2.1758,0.0000,0.120959,"0.121838;0.119535;0.120654;0.120983;0.120959",17.329370,57705.50,,12.82,0,6980,10,True,nid006032,57240766
SparseHNSW_a0.85_b8_s0x0,"M=32 efC=200 ef=400 alpha=0.85 beta=8 q=u8",64,0.9750859599,0.9964,428.9988,2.1758,0.0000,0.206567,"0.205429;0.206567;0.205073;0.207613;0.207348",29.594126,33790.49,,12.82,0,6980,10,True,nid006032,57240766
SparseHNSW_a0.85_b8_s0x0,"M=32 efC=200 ef=800 alpha=0.85 beta=8 q=u8",64,0.9814899713,0.9984,428.9988,2.1758,0.0000,0.372830,"0.372270;0.372816;0.372830;0.374521;0.372993",53.414040,18721.67,,12.82,0,6980,10,True,nid006032,57240766
SparseHNSW_a0.85_b8_s0x0,"M=32 efC=200 ef=1600 alpha=0.85 beta=8 q=u8",64,0.9868194842,0.9996,428.9988,2.1758,0.0000,0.733190,"0.733190;0.732234;0.731489;0.735601;0.734867",105.041547,9520.04,,12.82,0,6980,10,True,nid006032,57240766
SparseHNSW_a0.85_b8_s0x0,"M=32 efC=200 ef=3200 alpha=0.85 beta=8 q=u8",64,0.9902435530,1.0000,428.9988,2.1758,0.0000,1.452319,"1.453731;1.452629;1.452319;1.449120;1.452004",208.068625,4806.11,,12.82,0,6980,10,True,nid006032,57240766
SparseHNSW_a0.85_b1_s8x4,"M=32 efC=200 ef=10 alpha=0.85 beta=1 q=u8 seedT=8 seedH=8 seedS=4",64,0.8560458453,0.6997,428.9988,2.1758,0.0000,0.027316,"0.026784;0.027979;0.027695;0.027316;0.027208",3.913467,255527.90,,12.82,0,6980,10,True,nid006032,57240766
SparseHNSW_a0.85_b1_s8x4,"M=32 efC=200 ef=20 alpha=0.85 beta=1 q=u8 seedT=8 seedH=8 seedS=4",64,0.8560458453,0.6997,428.9988,2.1758,0.0000,0.026801,"0.026913;0.026836;0.026801;0.026743;0.026730",3.839685,260438.04,,12.82,0,6980,10,True,nid006032,57240766
SparseHNSW_a0.85_b1_s8x4,"M=32 efC=200 ef=50 alpha=0.85 beta=1 q=u8 seedT=8 seedH=8 seedS=4",64,0.8705444126,0.7175,428.9988,2.1758,0.0000,0.037700,"0.037732;0.037700;0.037724;0.037521;0.037344",5.401146,185145.89,,12.82,0,6980,10,True,nid006032,57240766
SparseHNSW_a0.85_b1_s8x4,"M=32 efC=200 ef=100 alpha=0.85 beta=1 q=u8 seedT=8 seedH=8 seedS=4",64,0.8916045845,0.7411,428.9988,2.1758,0.0000,0.066633,"0.066709;0.066633;0.066147;0.066469;0.066825",9.546275,104752.90,,12.82,0,6980,10,True,nid006032,57240766
SparseHNSW_a0.85_b1_s8x4,"M=32 efC=200 ef=200 alpha=0.85 beta=1 q=u8 seedT=8 seedH=8 seedS=4",64,0.9013180516,0.7512,428.9988,2.1758,0.0000,0.117729,"0.117729;0.117174;0.117332;0.118394;0.118456",16.866619,59288.71,,12.82,0,6980,10,True,nid006032,57240766
SparseHNSW_a0.85_b1_s8x4,"M=32 efC=200 ef=400 alpha=0.85 beta=1 q=u8 seedT=8 seedH=8 seedS=4",64,0.9078223496,0.7609,428.9988,2.1758,0.0000,0.201625,"0.201186;0.201355;0.203142;0.202182;0.201625",28.886103,34618.72,,12.82,0,6980,10,True,nid006032,57240766
SparseHNSW_a0.85_b1_s8x4,"M=32 efC=200 ef=800 alpha=0.85 beta=1 q=u8 seedT=8 seedH=8 seedS=4",64,0.9115186246,0.7659,428.9988,2.1758,0.0000,0.370420,"0.374093;0.370420;0.368979;0.372950;0.369327",53.068768,18843.47,,12.82,0,6980,10,True,nid006032,57240766
SparseHNSW_a0.85_b1_s8x4,"M=32 efC=200 ef=1600 alpha=0.85 beta=1 q=u8 seedT=8 seedH=8 seedS=4",64,0.9146704871,0.7707,428.9988,2.1758,0.0000,0.730122,"0.727154;0.733509;0.730449;0.730122;0.727920",104.602006,9560.05,,12.82,0,6980,10,True,nid006032,57240766
SparseHNSW_a0.85_b1_s8x4,"M=32 efC=200 ef=3200 alpha=0.85 beta=1 q=u8 seedT=8 seedH=8 seedS=4",64,0.9170057307,0.7747,428.9988,2.1758,0.0000,1.446978,"1.455117;1.445849;1.446978;1.446961;1.449073",207.303438,4823.85,,12.82,0,6980,10,True,nid006032,57240766
SparseHNSW_a0.85_b2_s8x4,"M=32 efC=200 ef=10 alpha=0.85 beta=2 q=u8 seedT=8 seedH=8 seedS=4",64,0.9155587393,0.9681,428.9988,2.1758,0.0000,0.028168,"0.027449;0.028692;0.028351;0.028168;0.027893",4.035530,247798.92,,12.82,0,6980,10,True,nid006032,57240766
SparseHNSW_a0.85_b2_s8x4,"M=32 efC=200 ef=20 alpha=0.85 beta=2 q=u8 seedT=8 seedH=8 seedS=4",64,0.9155587393,0.9681,428.9988,2.1758,0.0000,0.027579,"0.027721;0.027616;0.027579;0.027485;0.027487",3.951146,253091.12,,12.82,0,6980,10,True,nid006032,57240766
SparseHNSW_a0.85_b2_s8x4,"M=32 efC=200 ef=50 alpha=0.85 beta=2 q=u8 seedT=8 seedH=8 seedS=4",64,0.9330659026,0.9766,428.9988,2.1758,0.0000,0.038236,"0.038191;0.038309;0.038305;0.038236;0.038046",5.477937,182550.48,,12.82,0,6980,10,True,nid006032,57240766
SparseHNSW_a0.85_b2_s8x4,"M=32 efC=200 ef=100 alpha=0.85 beta=2 q=u8 seedT=8 seedH=8 seedS=4",64,0.9568624642,0.9901,428.9988,2.1758,0.0000,0.067361,"0.067444;0.067361;0.067116;0.067816;0.067291",9.650573,103620.79,,12.82,0,6980,10,True,nid006032,57240766
SparseHNSW_a0.85_b2_s8x4,"M=32 efC=200 ef=200 alpha=0.85 beta=2 q=u8 seedT=8 seedH=8 seedS=4",64,0.9684670487,0.9953,428.9988,2.1758,0.0000,0.117253,"0.116168;0.116620;0.118361;0.119086;0.117253",16.798424,59529.39,,12.82,0,6980,10,True,nid006032,57240766
SparseHNSW_a0.85_b2_s8x4,"M=32 efC=200 ef=400 alpha=0.85 beta=2 q=u8 seedT=8 seedH=8 seedS=4",64,0.9758309456,0.9984,428.9988,2.1758,0.0000,0.202161,"0.202053;0.202708;0.202161;0.201951;0.202630",28.962894,34526.94,,12.82,0,6980,10,True,nid006032,57240766
SparseHNSW_a0.85_b2_s8x4,"M=32 efC=200 ef=800 alpha=0.85 beta=2 q=u8 seedT=8 seedH=8 seedS=4",64,0.9803438395,0.9991,428.9988,2.1758,0.0000,0.370899,"0.372299;0.369854;0.370072;0.370899;0.371400",53.137393,18819.14,,12.82,0,6980,10,True,nid006032,57240766
SparseHNSW_a0.85_b2_s8x4,"M=32 efC=200 ef=1600 alpha=0.85 beta=2 q=u8 seedT=8 seedH=8 seedS=4",64,0.9841690544,1.0000,428.9988,2.1758,0.0000,0.728932,"0.728541;0.727592;0.730319;0.728932;0.730354",104.431519,9575.65,,12.82,0,6980,10,True,nid006032,57240766
SparseHNSW_a0.85_b2_s8x4,"M=32 efC=200 ef=3200 alpha=0.85 beta=2 q=u8 seedT=8 seedH=8 seedS=4",64,0.9870630372,1.0000,428.9988,2.1758,0.0000,1.448624,"1.446995;1.447618;1.448670;1.451532;1.448624",207.539255,4818.37,,12.82,0,6980,10,True,nid006032,57240766
SparseHNSW_a0.85_b3_s8x4,"M=32 efC=200 ef=10 alpha=0.85 beta=3 q=u8 seedT=8 seedH=8 seedS=4",64,0.9179226361,0.9682,428.9988,2.1758,0.0000,0.028520,"0.027969;0.028928;0.028574;0.028520;0.028203",4.085960,244740.53,,12.82,0,6980,10,True,nid006032,57240766
SparseHNSW_a0.85_b3_s8x4,"M=32 efC=200 ef=20 alpha=0.85 beta=3 q=u8 seedT=8 seedH=8 seedS=4",64,0.9179226361,0.9682,428.9988,2.1758,0.0000,0.027943,"0.028162;0.028012;0.027943;0.027928;0.027886",4.003295,249794.22,,12.82,0,6980,10,True,nid006032,57240766
SparseHNSW_a0.85_b3_s8x4,"M=32 efC=200 ef=50 alpha=0.85 beta=3 q=u8 seedT=8 seedH=8 seedS=4",64,0.9357879656,0.9766,428.9988,2.1758,0.0000,0.038671,"0.038671;0.038737;0.038436;0.038731;0.038610",5.540258,180497.01,,12.82,0,6980,10,True,nid006032,57240766
SparseHNSW_a0.85_b3_s8x4,"M=32 efC=200 ef=100 alpha=0.85 beta=3 q=u8 seedT=8 seedH=8 seedS=4",64,0.9598710602,0.9901,428.9988,2.1758,0.0000,0.067100,"0.066759;0.066886;0.067398;0.067100;0.067614",9.613181,104023.85,,12.82,0,6980,10,True,nid006032,57240766
SparseHNSW_a0.85_b3_s8x4,"M=32 efC=200 ef=200 alpha=0.85 beta=3 q=u8 seedT=8 seedH=8 seedS=4",64,0.9716332378,0.9953,428.9988,2.1758,0.0000,0.117915,"0.117915;0.118165;0.117306;0.118400;0.117875",16.893266,59195.18,,12.82,0,6980,10,True,nid006032,57240766
SparseHNSW_a0.85_b3_s8x4,"M=32 efC=200 ef=400 alpha=0.85 beta=3 q=u8 seedT=8 seedH=8 seedS=4",64,0.9791404011,0.9984,428.9988,2.1758,0.0000,0.203003,"0.202579;0.204938;0.202800;0.204689;0.203003",29.083524,34383.73,,12.82,0,6980,10,True,nid006032,57240766
SparseHNSW_a0.85_b3_s8x4,"M=32 efC=200 ef=800 alpha=0.85 beta=3 q=u8 seedT=8 seedH=8 seedS=4",64,0.9836962751,0.9991,428.9988,2.1758,0.0000,0.371106,"0.371106;0.372670;0.373243;0.370883;0.370552",53.167049,18808.64,,12.82,0,6980,10,True,nid006032,57240766
SparseHNSW_a0.85_b3_s8x4,"M=32 efC=200 ef=1600 alpha=0.85 beta=3 q=u8 seedT=8 seedH=8 seedS=4",64,0.9875214900,1.0000,428.9988,2.1758,0.0000,0.728997,"0.727933;0.729859;0.727460;0.728997;0.733157",104.440831,9574.80,,12.82,0,6980,10,True,nid006032,57240766
SparseHNSW_a0.85_b3_s8x4,"M=32 efC=200 ef=3200 alpha=0.85 beta=3 q=u8 seedT=8 seedH=8 seedS=4",64,0.9904297994,1.0000,428.9988,2.1758,0.0000,1.448943,"1.457537;1.453029;1.448324;1.448353;1.448943",207.584957,4817.30,,12.82,0,6980,10,True,nid006032,57240766
SparseHNSW_a0.85_b4_s8x4,"M=32 efC=200 ef=10 alpha=0.85 beta=4 q=u8 seedT=8 seedH=8 seedS=4",64,0.9273209169,0.9723,428.9988,2.1758,0.0000,0.033482,"0.032749;0.033644;0.033621;0.033482;0.033192",4.796848,208470.22,,12.82,0,6980,10,True,nid006032,57240766
SparseHNSW_a0.85_b4_s8x4,"M=32 efC=200 ef=20 alpha=0.85 beta=4 q=u8 seedT=8 seedH=8 seedS=4",64,0.9273209169,0.9723,428.9988,2.1758,0.0000,0.032921,"0.033049;0.033061;0.032914;0.032921;0.032838",4.716476,212022.72,,12.82,0,6980,10,True,nid006032,57240766
SparseHNSW_a0.85_b4_s8x4,"M=32 efC=200 ef=50 alpha=0.85 beta=4 q=u8 seedT=8 seedH=8 seedS=4",64,0.9362464183,0.9766,428.9988,2.1758,0.0000,0.039031,"0.039060;0.038952;0.039031;0.038826;0.039094",5.591834,178832.21,,12.82,0,6980,10,True,nid006032,57240766
SparseHNSW_a0.85_b4_s8x4,"M=32 efC=200 ef=100 alpha=0.85 beta=4 q=u8 seedT=8 seedH=8 seedS=4",64,0.9604727794,0.9901,428.9988,2.1758,0.0000,0.067668,"0.067786;0.067506;0.068152;0.067668;0.067541",9.694556,103150.68,,12.82,0,6980,10,True,nid006032,57240766
SparseHNSW_a0.85_b4_s8x4,"M=32 efC=200 ef=200 alpha=0.85 beta=4 q=u8 seedT=8 seedH=8 seedS=4",64,0.9722922636,0.9953,428.9988,2.1758,0.0000,0.117692,"0.119121;0.117692;0.117433;0.117098;0.118457",16.861318,59307.34,,12.82,0,6980,10,True,nid006032,57240766
SparseHNSW_a0.85_b4_s8x4,"M=32 efC=200 ef=400 alpha=0.85 beta=4 q=u8 seedT=8 seedH=8 seedS=4",64,0.9798137536,0.9984,428.9988,2.1758,0.0000,0.203177,"0.204443;0.204707;0.203177;0.201593;0.202864",29.108453,34354.28,,12.82,0,6980,10,True,nid006032,57240766
SparseHNSW_a0.85_b4_s8x4,"M=32 efC=200 ef=800 alpha=0.85 beta=4 q=u8 seedT=8 seedH=8 seedS=4",64,0.9843409742,0.9991,428.9988,2.1758,0.0000,0.371461,"0.372939;0.371014;0.372096;0.371461;0.371200",53.217908,18790.67,,12.82,0,6980,10,True,nid006032,57240766
SparseHNSW_a0.85_b4_s8x4,"M=32 efC=200 ef=1600 alpha=0.85 beta=4 q=u8 seedT=8 seedH=8 seedS=4",64,0.9881661891,1.0000,428.9988,2.1758,0.0000,0.729030,"0.730065;0.728255;0.728094;0.729982;0.729030",104.445559,9574.37,,12.82,0,6980,10,True,nid006032,57240766
SparseHNSW_a0.85_b4_s8x4,"M=32 efC=200 ef=3200 alpha=0.85 beta=4 q=u8 seedT=8 seedH=8 seedS=4",64,0.9910888252,1.0000,428.9988,2.1758,0.0000,1.450093,"1.446800;1.450093;1.443430;1.456849;1.458057",207.749713,4813.48,,12.82,0,6980,10,True,nid006032,57240766
SparseHNSW_a0.85_b5_s8x4,"M=32 efC=200 ef=10 alpha=0.85 beta=5 q=u8 seedT=8 seedH=8 seedS=4",64,0.9363037249,0.9766,428.9988,2.1758,0.0000,0.039913,"0.039435;0.040445;0.040081;0.039913;0.039608",5.718195,174880.36,,12.82,0,6980,10,True,nid006032,57240766
SparseHNSW_a0.85_b5_s8x4,"M=32 efC=200 ef=20 alpha=0.85 beta=5 q=u8 seedT=8 seedH=8 seedS=4",64,0.9363037249,0.9766,428.9988,2.1758,0.0000,0.039523,"0.039701;0.039530;0.039519;0.039413;0.039523",5.662321,176606.03,,12.82,0,6980,10,True,nid006032,57240766
SparseHNSW_a0.85_b5_s8x4,"M=32 efC=200 ef=50 alpha=0.85 beta=5 q=u8 seedT=8 seedH=8 seedS=4",64,0.9363037249,0.9766,428.9988,2.1758,0.0000,0.039207,"0.039049;0.039353;0.039048;0.039283;0.039207",5.617049,178029.43,,12.82,0,6980,10,True,nid006032,57240766
SparseHNSW_a0.85_b5_s8x4,"M=32 efC=200 ef=100 alpha=0.85 beta=5 q=u8 seedT=8 seedH=8 seedS=4",64,0.9605873926,0.9901,428.9988,2.1758,0.0000,0.067809,"0.067902;0.067733;0.067809;0.068255;0.067644",9.714756,102936.19,,12.82,0,6980,10,True,nid006032,57240766
SparseHNSW_a0.85_b5_s8x4,"M=32 efC=200 ef=200 alpha=0.85 beta=5 q=u8 seedT=8 seedH=8 seedS=4",64,0.9724068768,0.9953,428.9988,2.1758,0.0000,0.118674,"0.118241;0.118674;0.119013;0.119916;0.118556",17.002006,58816.59,,12.82,0,6980,10,True,nid006032,57240766
SparseHNSW_a0.85_b5_s8x4,"M=32 efC=200 ef=400 alpha=0.85 beta=5 q=u8 seedT=8 seedH=8 seedS=4",64,0.9799426934,0.9984,428.9988,2.1758,0.0000,0.203949,"0.205039;0.202704;0.202480;0.203949;0.204527",29.219054,34224.24,,12.82,0,6980,10,True,nid006032,57240766
SparseHNSW_a0.85_b5_s8x4,"M=32 efC=200 ef=800 alpha=0.85 beta=5 q=u8 seedT=8 seedH=8 seedS=4",64,0.9844985673,0.9991,428.9988,2.1758,0.0000,0.372317,"0.371848;0.373107;0.373663;0.372317;0.368659",53.340544,18747.47,,12.82,0,6980,10,True,nid006032,57240766
SparseHNSW_a0.85_b5_s8x4,"M=32 efC=200 ef=1600 alpha=0.85 beta=5 q=u8 seedT=8 seedH=8 seedS=4",64,0.9883381089,1.0000,428.9988,2.1758,0.0000,0.732523,"0.728090;0.732523;0.732653;0.731160;0.733512",104.945989,9528.71,,12.82,0,6980,10,True,nid006032,57240766
SparseHNSW_a0.85_b5_s8x4,"M=32 efC=200 ef=3200 alpha=0.85 beta=5 q=u8 seedT=8 seedH=8 seedS=4",64,0.9912607450,1.0000,428.9988,2.1758,0.0000,1.449172,"1.450956;1.448765;1.449172;1.443980;1.451381",207.617765,4816.54,,12.82,0,6980,10,True,nid006032,57240766
SparseHNSW_a0.85_b6_s8x4,"M=32 efC=200 ef=10 alpha=0.85 beta=6 q=u8 seedT=8 seedH=8 seedS=4",64,0.9437679083,0.9808,428.9988,2.1758,0.0000,0.046026,"0.045177;0.046861;0.046191;0.046026;0.045819",6.593983,151653.41,,12.82,0,6980,10,True,nid006032,57240766
SparseHNSW_a0.85_b6_s8x4,"M=32 efC=200 ef=20 alpha=0.85 beta=6 q=u8 seedT=8 seedH=8 seedS=4",64,0.9437679083,0.9808,428.9988,2.1758,0.0000,0.045648,"0.045648;0.045406;0.045771;0.045432;0.045686",6.539828,152909.22,,12.82,0,6980,10,True,nid006032,57240766
SparseHNSW_a0.85_b6_s8x4,"M=32 efC=200 ef=50 alpha=0.85 beta=6 q=u8 seedT=8 seedH=8 seedS=4",64,0.9437679083,0.9808,428.9988,2.1758,0.0000,0.045636,"0.045708;0.045765;0.045568;0.045310;0.045636",6.538109,152949.43,,12.82,0,6980,10,True,nid006032,57240766
SparseHNSW_a0.85_b6_s8x4,"M=32 efC=200 ef=100 alpha=0.85 beta=6 q=u8 seedT=8 seedH=8 seedS=4",64,0.9606017192,0.9901,428.9988,2.1758,0.0000,0.068292,"0.068292;0.067356;0.068316;0.068820;0.068043",9.783954,102208.16,,12.82,0,6980,10,True,nid006032,57240766
SparseHNSW_a0.85_b6_s8x4,"M=32 efC=200 ef=200 alpha=0.85 beta=6 q=u8 seedT=8 seedH=8 seedS=4",64,0.9724212034,0.9953,428.9988,2.1758,0.0000,0.118574,"0.118761;0.117971;0.117979;0.119843;0.118574",16.987679,58866.19,,12.82,0,6980,10,True,nid006032,57240766
SparseHNSW_a0.85_b6_s8x4,"M=32 efC=200 ef=400 alpha=0.85 beta=6 q=u8 seedT=8 seedH=8 seedS=4",64,0.9799570201,0.9984,428.9988,2.1758,0.0000,0.204511,"0.205264;0.204479;0.203228;0.204514;0.204511",29.299570,34130.19,,12.82,0,6980,10,True,nid006032,57240766
SparseHNSW_a0.85_b6_s8x4,"M=32 efC=200 ef=800 alpha=0.85 beta=6 q=u8 seedT=8 seedH=8 seedS=4",64,0.9845128940,0.9991,428.9988,2.1758,0.0000,0.371363,"0.371363;0.371969;0.370489;0.371966;0.370758",53.203868,18795.63,,12.82,0,6980,10,True,nid006032,57240766
SparseHNSW_a0.85_b6_s8x4,"M=32 efC=200 ef=1600 alpha=0.85 beta=6 q=u8 seedT=8 seedH=8 seedS=4",64,0.9883524355,1.0000,428.9988,2.1758,0.0000,0.729806,"0.727441;0.732385;0.731374;0.726337;0.729806",104.556734,9564.19,,12.82,0,6980,10,True,nid006032,57240766
SparseHNSW_a0.85_b6_s8x4,"M=32 efC=200 ef=3200 alpha=0.85 beta=6 q=u8 seedT=8 seedH=8 seedS=4",64,0.9912750716,1.0000,428.9988,2.1758,0.0000,1.450687,"1.451240;1.450687;1.444939;1.448663;1.451382",207.834814,4811.51,,12.82,0,6980,10,True,nid006032,57240766
SparseHNSW_a0.85_b8_s8x4,"M=32 efC=200 ef=10 alpha=0.85 beta=8 q=u8 seedT=8 seedH=8 seedS=4",64,0.9533381089,0.9862,428.9988,2.1758,0.0000,0.058249,"0.057083;0.058249;0.058616;0.058597;0.058214",8.345129,119830.38,,12.82,0,6980,10,True,nid006032,57240766
SparseHNSW_a0.85_b8_s8x4,"M=32 efC=200 ef=20 alpha=0.85 beta=8 q=u8 seedT=8 seedH=8 seedS=4",64,0.9533381089,0.9862,428.9988,2.1758,0.0000,0.058011,"0.058264;0.057382;0.058011;0.058437;0.057984",8.311032,120322.01,,12.82,0,6980,10,True,nid006032,57240766
SparseHNSW_a0.85_b8_s8x4,"M=32 efC=200 ef=50 alpha=0.85 beta=8 q=u8 seedT=8 seedH=8 seedS=4",64,0.9533381089,0.9862,428.9988,2.1758,0.0000,0.057878,"0.057878;0.057922;0.057659;0.057847;0.058169",8.291977,120598.50,,12.82,0,6980,10,True,nid006032,57240766
SparseHNSW_a0.85_b8_s8x4,"M=32 efC=200 ef=100 alpha=0.85 beta=8 q=u8 seedT=8 seedH=8 seedS=4",64,0.9606446991,0.9901,428.9988,2.1758,0.0000,0.069037,"0.069124;0.069115;0.069037;0.068181;0.068955",9.890688,101105.20,,12.82,0,6980,10,True,nid006032,57240766
SparseHNSW_a0.85_b8_s8x4,"M=32 efC=200 ef=200 alpha=0.85 beta=8 q=u8 seedT=8 seedH=8 seedS=4",64,0.9724785100,0.9953,428.9988,2.1758,0.0000,0.118987,"0.118988;0.119613;0.118987;0.118781;0.118440",17.046848,58661.87,,12.82,0,6980,10,True,nid006032,57240766
SparseHNSW_a0.85_b8_s8x4,"M=32 efC=200 ef=400 alpha=0.85 beta=8 q=u8 seedT=8 seedH=8 seedS=4",64,0.9800286533,0.9984,428.9988,2.1758,0.0000,0.204816,"0.203705;0.203312;0.205250;0.204816;0.204928",29.343266,34079.37,,12.82,0,6980,10,True,nid006032,57240766
SparseHNSW_a0.85_b8_s8x4,"M=32 efC=200 ef=800 alpha=0.85 beta=8 q=u8 seedT=8 seedH=8 seedS=4",64,0.9845702006,0.9991,428.9988,2.1758,0.0000,0.372057,"0.370819;0.373656;0.373687;0.372057;0.369537",53.303295,18760.57,,12.82,0,6980,10,True,nid006032,57240766
SparseHNSW_a0.85_b8_s8x4,"M=32 efC=200 ef=1600 alpha=0.85 beta=8 q=u8 seedT=8 seedH=8 seedS=4",64,0.9884240688,1.0000,428.9988,2.1758,0.0000,0.731020,"0.730347;0.729461;0.731020;0.731047;0.733682",104.730659,9548.30,,12.82,0,6980,10,True,nid006032,57240766
SparseHNSW_a0.85_b8_s8x4,"M=32 efC=200 ef=3200 alpha=0.85 beta=8 q=u8 seedT=8 seedH=8 seedS=4",64,0.9913467049,1.0000,428.9988,2.1758,0.0000,1.452950,"1.452950;1.453953;1.453365;1.451779;1.451149",208.159026,4804.02,,12.82,0,6980,10,True,nid006032,57240766
SparseHNSW_a0.9_b1_s0x0,"M=32 efC=200 ef=10 alpha=0.9 beta=1 q=u8",64,0.7112893983,0.5461,486.8627,2.2015,0.0000,0.014188,"0.012788;0.014041;0.014375;0.014279;0.014188",2.032665,491965.04,,13.02,0,6980,10,True,nid006032,57240766
SparseHNSW_a0.9_b1_s0x0,"M=32 efC=200 ef=20 alpha=0.9 beta=1 q=u8",64,0.8030802292,0.6576,486.8627,2.2015,0.0000,0.022002,"0.022237;0.022114;0.022002;0.021866;0.021769",3.152149,317243.89,,13.02,0,6980,10,True,nid006032,57240766
SparseHNSW_a0.9_b1_s0x0,"M=32 efC=200 ef=50 alpha=0.9 beta=1 q=u8",64,0.8678939828,0.7314,486.8627,2.2015,0.0000,0.041565,"0.042023;0.041565;0.041662;0.041510;0.041410",5.954871,167929.75,,13.02,0,6980,10,True,nid006032,57240766
SparseHNSW_a0.9_b1_s0x0,"M=32 efC=200 ef=100 alpha=0.9 beta=1 q=u8",64,0.9004297994,0.7679,486.8627,2.2015,0.0000,0.071665,"0.071555;0.071900;0.071159;0.071668;0.071665",10.267192,97397.61,,13.02,0,6980,10,True,nid006032,57240766
SparseHNSW_a0.9_b1_s0x0,"M=32 efC=200 ef=200 alpha=0.9 beta=1 q=u8",64,0.9170057307,0.7857,486.8627,2.2015,0.0000,0.124065,"0.124065;0.123511;0.122989;0.124723;0.124112",17.774355,56260.83,,13.02,0,6980,10,True,nid006032,57240766
SparseHNSW_a0.9_b1_s0x0,"M=32 efC=200 ef=400 alpha=0.9 beta=1 q=u8",64,0.9272063037,0.7978,486.8627,2.2015,0.0000,0.209422,"0.210818;0.209237;0.208228;0.209422;0.210905",30.003152,33329.83,,13.02,0,6980,10,True,nid006032,57240766
SparseHNSW_a0.9_b1_s0x0,"M=32 efC=200 ef=800 alpha=0.9 beta=1 q=u8",64,0.9337535817,0.8063,486.8627,2.2015,0.0000,0.381957,"0.379426;0.380145;0.383594;0.381957;0.382697",54.721633,18274.31,,13.02,0,6980,10,True,nid006032,57240766
SparseHNSW_a0.9_b1_s0x0,"M=32 efC=200 ef=1600 alpha=0.9 beta=1 q=u8",64,0.9381948424,0.8132,486.8627,2.2015,0.0000,0.746868,"0.747077;0.745273;0.745395;0.746868;0.747810",107.001146,9345.69,,13.02,0,6980,10,True,nid006032,57240766
SparseHNSW_a0.9_b1_s0x0,"M=32 efC=200 ef=3200 alpha=0.9 beta=1 q=u8",64,0.9415759312,0.8199,486.8627,2.2015,0.0000,1.473046,"1.467593;1.473783;1.474648;1.473046;1.471967",211.038109,4738.48,,13.06,0,6980,10,True,nid006032,57240766
SparseHNSW_a0.9_b2_s0x0,"M=32 efC=200 ef=10 alpha=0.9 beta=2 q=u8",64,0.8359598854,0.9007,486.8627,2.2015,0.0000,0.022660,"0.021780;0.022848;0.022885;0.022660;0.022566",3.246418,308031.77,,13.06,0,6980,10,True,nid006032,57240766
SparseHNSW_a0.9_b2_s0x0,"M=32 efC=200 ef=20 alpha=0.9 beta=2 q=u8",64,0.8359598854,0.9007,486.8627,2.2015,0.0000,0.022300,"0.022300;0.022334;0.022305;0.022249;0.022209",3.194842,313004.48,,13.06,0,6980,10,True,nid006032,57240766
SparseHNSW_a0.9_b2_s0x0,"M=32 efC=200 ef=50 alpha=0.9 beta=2 q=u8",64,0.9081375358,0.9497,486.8627,2.2015,0.0000,0.042073,"0.042073;0.042105;0.042199;0.042053;0.042037",6.027650,165902.12,,13.06,0,6980,10,True,nid006032,57240766
SparseHNSW_a0.9_b2_s0x0,"M=32 efC=200 ef=100 alpha=0.9 beta=2 q=u8",64,0.9435959885,0.9755,486.8627,2.2015,0.0000,0.072225,"0.071988;0.072627;0.072225;0.071851;0.072295",10.347421,96642.44,,13.06,0,6980,10,True,nid006032,57240766
SparseHNSW_a0.9_b2_s0x0,"M=32 efC=200 ef=200 alpha=0.9 beta=2 q=u8",64,0.9618051576,0.9880,486.8627,2.2015,0.0000,0.123332,"0.124475;0.123332;0.123395;0.122473;0.123307",17.669341,56595.21,,13.06,0,6980,10,True,nid006032,57240766
SparseHNSW_a0.9_b2_s0x0,"M=32 efC=200 ef=400 alpha=0.9 beta=2 q=u8",64,0.9728796562,0.9946,486.8627,2.2015,0.0000,0.210437,"0.210437;0.210164;0.207456;0.210449;0.210871",30.148567,33169.07,,13.06,0,6980,10,True,nid006032,57240766
SparseHNSW_a0.9_b2_s0x0,"M=32 efC=200 ef=800 alpha=0.9 beta=2 q=u8",64,0.9800143266,0.9980,486.8627,2.2015,0.0000,0.380984,"0.381300;0.380870;0.380984;0.378229;0.381211",54.582235,18320.98,,13.06,0,6980,10,True,nid006032,57240766
SparseHNSW_a0.9_b2_s0x0,"M=32 efC=200 ef=1600 alpha=0.9 beta=2 q=u8",64,0.9851146132,0.9996,486.8627,2.2015,0.0000,0.746100,"0.750693;0.748321;0.743180;0.746100;0.742620",106.891117,9355.31,,13.06,0,6980,10,True,nid006032,57240766
SparseHNSW_a0.9_b2_s0x0,"M=32 efC=200 ef=3200 alpha=0.9 beta=2 q=u8",64,0.9888968481,0.9999,486.8627,2.2015,0.0000,1.473593,"1.475662;1.474897;1.473593;1.465460;1.469278",211.116476,4736.72,,13.06,0,6980,10,True,nid006032,57240766
SparseHNSW_a0.9_b3_s0x0,"M=32 efC=200 ef=10 alpha=0.9 beta=3 q=u8",64,0.8747994269,0.9268,486.8627,2.2015,0.0000,0.030102,"0.029428;0.030532;0.030189;0.030102;0.029976",4.312607,231878.28,,13.06,0,6980,10,True,nid006032,57240766
SparseHNSW_a0.9_b3_s0x0,"M=32 efC=200 ef=20 alpha=0.9 beta=3 q=u8",64,0.8747994269,0.9268,486.8627,2.2015,0.0000,0.029716,"0.029716;0.029750;0.029754;0.029565;0.029579",4.257307,234890.29,,13.06,0,6980,10,True,nid006032,57240766
SparseHNSW_a0.9_b3_s0x0,"M=32 efC=200 ef=50 alpha=0.9 beta=3 q=u8",64,0.9087965616,0.9497,486.8627,2.2015,0.0000,0.042425,"0.042399;0.042462;0.042425;0.042544;0.042390",6.078080,164525.63,,13.06,0,6980,10,True,nid006032,57240766
SparseHNSW_a0.9_b3_s0x0,"M=32 efC=200 ef=100 alpha=0.9 beta=3 q=u8",64,0.9443553009,0.9755,486.8627,2.2015,0.0000,0.072275,"0.072675;0.072210;0.072699;0.072275;0.072066",10.354585,96575.58,,13.06,0,6980,10,True,nid006032,57240766
SparseHNSW_a0.9_b3_s0x0,"M=32 efC=200 ef=200 alpha=0.9 beta=3 q=u8",64,0.9626074499,0.9880,486.8627,2.2015,0.0000,0.124122,"0.124703;0.124791;0.123293;0.122911;0.124122",17.782521,56234.99,,13.06,0,6980,10,True,nid006032,57240766
SparseHNSW_a0.9_b3_s0x0,"M=32 efC=200 ef=400 alpha=0.9 beta=3 q=u8",64,0.9737249284,0.9946,486.8627,2.2015,0.0000,0.208667,"0.210107;0.207709;0.208417;0.208667;0.209110",29.894986,33450.43,,13.06,0,6980,10,True,nid006032,57240766
SparseHNSW_a0.9_b3_s0x0,"M=32 efC=200 ef=800 alpha=0.9 beta=3 q=u8",64,0.9808595989,0.9980,486.8627,2.2015,0.0000,0.380471,"0.378616;0.383848;0.381381;0.380471;0.378522",54.508739,18345.68,,13.06,0,6980,10,True,nid006032,57240766
SparseHNSW_a0.9_b3_s0x0,"M=32 efC=200 ef=1600 alpha=0.9 beta=3 q=u8",64,0.9859742120,0.9996,486.8627,2.2015,0.0000,0.749913,"0.745946;0.753883;0.745508;0.749913;0.751494",107.437393,9307.75,,13.06,0,6980,10,True,nid006032,57240766
SparseHNSW_a0.9_b3_s0x0,"M=32 efC=200 ef=3200 alpha=0.9 beta=3 q=u8",64,0.9897564470,0.9999,486.8627,2.2015,0.0000,1.474822,"1.474822;1.475022;1.473637;1.474238;1.476047",211.292550,4732.77,,13.06,0,6980,10,True,nid006032,57240766
SparseHNSW_a0.9_b4_s0x0,"M=32 efC=200 ef=10 alpha=0.9 beta=4 q=u8",64,0.8959742120,0.9413,486.8627,2.2015,0.0000,0.037008,"0.036346;0.037321;0.037008;0.037017;0.036777",5.302006,188607.87,,13.06,0,6980,10,True,nid006032,57240766
SparseHNSW_a0.9_b4_s0x0,"M=32 efC=200 ef=20 alpha=0.9 beta=4 q=u8",64,0.8959742120,0.9413,486.8627,2.2015,0.0000,0.036491,"0.036655;0.036374;0.036307;0.036571;0.036491",5.227937,191280.04,,13.06,0,6980,10,True,nid006032,57240766
SparseHNSW_a0.9_b4_s0x0,"M=32 efC=200 ef=50 alpha=0.9 beta=4 q=u8",64,0.9088681948,0.9497,486.8627,2.2015,0.0000,0.042628,"0.042784;0.042586;0.042631;0.042628;0.042618",6.107163,163742.14,,13.06,0,6980,10,True,nid006032,57240766
SparseHNSW_a0.9_b4_s0x0,"M=32 efC=200 ef=100 alpha=0.9 beta=4 q=u8",64,0.9444555874,0.9755,486.8627,2.2015,0.0000,0.072574,"0.072923;0.072574;0.072700;0.072545;0.072566",10.397421,96177.69,,13.06,0,6980,10,True,nid006032,57240766
SparseHNSW_a0.9_b4_s0x0,"M=32 efC=200 ef=200 alpha=0.9 beta=4 q=u8",64,0.9627220630,0.9880,486.8627,2.2015,0.0000,0.124027,"0.125047;0.123422;0.124627;0.123829;0.124027",17.768911,56278.07,,13.06,0,6980,10,True,nid006032,57240766
SparseHNSW_a0.9_b4_s0x0,"M=32 efC=200 ef=400 alpha=0.9 beta=4 q=u8",64,0.9738681948,0.9946,486.8627,2.2015,0.0000,0.210682,"0.210524;0.210644;0.211083;0.210768;0.210682",30.183668,33130.50,,13.06,0,6980,10,True,nid006032,57240766
SparseHNSW_a0.9_b4_s0x0,"M=32 efC=200 ef=800 alpha=0.9 beta=4 q=u8",64,0.9810171920,0.9980,486.8627,2.2015,0.0000,0.381094,"0.380180;0.380883;0.381192;0.381362;0.381094",54.597994,18315.69,,13.06,0,6980,10,True,nid006032,57240766
SparseHNSW_a0.9_b4_s0x0,"M=32 efC=200 ef=1600 alpha=0.9 beta=4 q=u8",64,0.9861318052,0.9996,486.8627,2.2015,0.0000,0.748207,"0.752005;0.743800;0.751432;0.748207;0.743823",107.192980,9328.97,,13.06,0,6980,10,True,nid006032,57240766
SparseHNSW_a0.9_b4_s0x0,"M=32 efC=200 ef=3200 alpha=0.9 beta=4 q=u8",64,0.9899140401,0.9999,486.8627,2.2015,0.0000,1.474287,"1.474090;1.474442;1.476571;1.473678;1.474287",211.215903,4734.49,,13.06,0,6980,10,True,nid006032,57240766
SparseHNSW_a0.9_b5_s0x0,"M=32 efC=200 ef=10 alpha=0.9 beta=5 q=u8",64,0.9088681948,0.9497,486.8627,2.2015,0.0000,0.043535,"0.043120;0.043963;0.043535;0.043618;0.042952",6.237106,160330.77,,13.06,0,6980,10,True,nid006032,57240766
SparseHNSW_a0.9_b5_s0x0,"M=32 efC=200 ef=20 alpha=0.9 beta=5 q=u8",64,0.9088681948,0.9497,486.8627,2.2015,0.0000,0.042979,"0.043209;0.043177;0.042840;0.042979;0.042958",6.157450,162404.90,,13.06,0,6980,10,True,nid006032,57240766
SparseHNSW_a0.9_b5_s0x0,"M=32 efC=200 ef=50 alpha=0.9 beta=5 q=u8",64,0.9088681948,0.9497,486.8627,2.2015,0.0000,0.042975,"0.043017;0.042975;0.042952;0.042976;0.042741",6.156877,162420.01,,13.06,0,6980,10,True,nid006032,57240766
SparseHNSW_a0.9_b5_s0x0,"M=32 efC=200 ef=100 alpha=0.9 beta=5 q=u8",64,0.9444555874,0.9755,486.8627,2.2015,0.0000,0.072669,"0.073030;0.072376;0.073397;0.072669;0.072483",10.411032,96051.96,,13.06,0,6980,10,True,nid006032,57240766
SparseHNSW_a0.9_b5_s0x0,"M=32 efC=200 ef=200 alpha=0.9 beta=5 q=u8",64,0.9627220630,0.9880,486.8627,2.2015,0.0000,0.124142,"0.123644;0.124163;0.125317;0.124142;0.123664",17.785387,56225.93,,13.06,0,6980,10,True,nid006032,57240766
SparseHNSW_a0.9_b5_s0x0,"M=32 efC=200 ef=400 alpha=0.9 beta=5 q=u8",64,0.9738681948,0.9946,486.8627,2.2015,0.0000,0.210671,"0.209974;0.210671;0.212095;0.214595;0.209203",30.182092,33132.23,,13.06,0,6980,10,True,nid006032,57240766
SparseHNSW_a0.9_b5_s0x0,"M=32 efC=200 ef=800 alpha=0.9 beta=5 q=u8",64,0.9810171920,0.9980,486.8627,2.2015,0.0000,0.382324,"0.381983;0.383937;0.382002;0.383612;0.382324",54.774212,18256.77,,13.06,0,6980,10,True,nid006032,57240766
SparseHNSW_a0.9_b5_s0x0,"M=32 efC=200 ef=1600 alpha=0.9 beta=5 q=u8",64,0.9861318052,0.9996,486.8627,2.2015,0.0000,0.749678,"0.751544;0.751163;0.748091;0.749678;0.748692",107.403725,9310.66,,13.06,0,6980,10,True,nid006032,57240766
SparseHNSW_a0.9_b5_s0x0,"M=32 efC=200 ef=3200 alpha=0.9 beta=5 q=u8",64,0.9899140401,0.9999,486.8627,2.2015,0.0000,1.474728,"1.472478;1.477763;1.473951;1.476660;1.474728",211.279083,4733.08,,13.06,0,6980,10,True,nid006032,57240766
SparseHNSW_a0.9_b6_s0x0,"M=32 efC=200 ef=10 alpha=0.9 beta=6 q=u8",64,0.9201719198,0.9583,486.8627,2.2015,0.0000,0.049809,"0.049343;0.049809;0.050178;0.049621;0.049888",7.135960,140135.32,,13.06,0,6980,10,True,nid006032,57240766
SparseHNSW_a0.9_b6_s0x0,"M=32 efC=200 ef=20 alpha=0.9 beta=6 q=u8",64,0.9201719198,0.9583,486.8627,2.2015,0.0000,0.049515,"0.049519;0.049322;0.049515;0.049379;0.049525",7.093840,140967.38,,13.06,0,6980,10,True,nid006032,57240766
SparseHNSW_a0.9_b6_s0x0,"M=32 efC=200 ef=50 alpha=0.9 beta=6 q=u8",64,0.9201719198,0.9583,486.8627,2.2015,0.0000,0.049298,"0.049298;0.049299;0.049000;0.049218;0.049469",7.062751,141587.89,,13.06,0,6980,10,True,nid006032,57240766
SparseHNSW_a0.9_b6_s0x0,"M=32 efC=200 ef=100 alpha=0.9 beta=6 q=u8",64,0.9444555874,0.9755,486.8627,2.2015,0.0000,0.073347,"0.073347;0.073421;0.073400;0.073217;0.072796",10.508166,95164.08,,13.06,0,6980,10,True,nid006032,57240766
SparseHNSW_a0.9_b6_s0x0,"M=32 efC=200 ef=200 alpha=0.9 beta=6 q=u8",64,0.9627220630,0.9880,486.8627,2.2015,0.0000,0.125164,"0.125548;0.124111;0.124153;0.125164;0.125176",17.931805,55766.83,,13.06,0,6980,10,True,nid006032,57240766
SparseHNSW_a0.9_b6_s0x0,"M=32 efC=200 ef=400 alpha=0.9 beta=6 q=u8",64,0.9738681948,0.9946,486.8627,2.2015,0.0000,0.211437,"0.213581;0.212356;0.209442;0.211437;0.211103",30.291834,33012.20,,13.06,0,6980,10,True,nid006032,57240766
SparseHNSW_a0.9_b6_s0x0,"M=32 efC=200 ef=800 alpha=0.9 beta=6 q=u8",64,0.9810171920,0.9980,486.8627,2.2015,0.0000,0.382856,"0.382963;0.379829;0.382856;0.383369;0.382139",54.850430,18231.40,,13.06,0,6980,10,True,nid006032,57240766
SparseHNSW_a0.9_b6_s0x0,"M=32 efC=200 ef=1600 alpha=0.9 beta=6 q=u8",64,0.9861318052,0.9996,486.8627,2.2015,0.0000,0.751094,"0.749787;0.751094;0.752252;0.750929;0.752659",107.606590,9293.11,,13.06,0,6980,10,True,nid006032,57240766
SparseHNSW_a0.9_b6_s0x0,"M=32 efC=200 ef=3200 alpha=0.9 beta=6 q=u8",64,0.9899140401,0.9999,486.8627,2.2015,0.0000,1.475236,"1.475236;1.466863;1.475790;1.474141;1.478578",211.351862,4731.45,,13.06,0,6980,10,True,nid006032,57240766
SparseHNSW_a0.9_b8_s0x0,"M=32 efC=200 ef=10 alpha=0.9 beta=8 q=u8",64,0.9350286533,0.9681,486.8627,2.2015,0.0000,0.062646,"0.062538;0.062989;0.062831;0.062629;0.062646",8.975072,111419.72,,13.06,0,6980,10,True,nid006032,57240766
SparseHNSW_a0.9_b8_s0x0,"M=32 efC=200 ef=20 alpha=0.9 beta=8 q=u8",64,0.9350286533,0.9681,486.8627,2.2015,0.0000,0.062385,"0.062544;0.062385;0.062548;0.062149;0.062102",8.937679,111885.87,,13.06,0,6980,10,True,nid006032,57240766
SparseHNSW_a0.9_b8_s0x0,"M=32 efC=200 ef=50 alpha=0.9 beta=8 q=u8",64,0.9350286533,0.9681,486.8627,2.2015,0.0000,0.062351,"0.062363;0.062217;0.062144;0.062477;0.062351",8.932808,111946.88,,13.06,0,6980,10,True,nid006032,57240766
SparseHNSW_a0.9_b8_s0x0,"M=32 efC=200 ef=100 alpha=0.9 beta=8 q=u8",64,0.9444555874,0.9755,486.8627,2.2015,0.0000,0.073785,"0.073785;0.073611;0.074253;0.073423;0.073880",10.570917,94599.17,,13.06,0,6980,10,True,nid006032,57240766
SparseHNSW_a0.9_b8_s0x0,"M=32 efC=200 ef=200 alpha=0.9 beta=8 q=u8",64,0.9627220630,0.9880,486.8627,2.2015,0.0000,0.124971,"0.125307;0.124971;0.124818;0.126477;0.123341",17.904155,55852.96,,13.06,0,6980,10,True,nid006032,57240766
SparseHNSW_a0.9_b8_s0x0,"M=32 efC=200 ef=400 alpha=0.9 beta=8 q=u8",64,0.9738681948,0.9946,486.8627,2.2015,0.0000,0.211555,"0.211555;0.211132;0.210551;0.211880;0.212537",30.308739,32993.78,,13.06,0,6980,10,True,nid006032,57240766
SparseHNSW_a0.9_b8_s0x0,"M=32 efC=200 ef=800 alpha=0.9 beta=8 q=u8",64,0.9810171920,0.9980,486.8627,2.2015,0.0000,0.381054,"0.380999;0.382879;0.380217;0.384726;0.381054",54.592264,18317.61,,13.06,0,6980,10,True,nid006032,57240766
SparseHNSW_a0.9_b8_s0x0,"M=32 efC=200 ef=1600 alpha=0.9 beta=8 q=u8",64,0.9861318052,0.9996,486.8627,2.2015,0.0000,0.750554,"0.750554;0.748689;0.753616;0.750206;0.750555",107.529226,9299.80,,13.06,0,6980,10,True,nid006032,57240766
SparseHNSW_a0.9_b8_s0x0,"M=32 efC=200 ef=3200 alpha=0.9 beta=8 q=u8",64,0.9899140401,0.9999,486.8627,2.2015,0.0000,1.479597,"1.480764;1.484036;1.479597;1.474693;1.472782",211.976648,4717.50,,13.06,0,6980,10,True,nid006032,57240766
SparseHNSW_a0.9_b1_s8x4,"M=32 efC=200 ef=10 alpha=0.9 beta=1 q=u8 seedT=8 seedH=8 seedS=4",64,0.8766045845,0.7297,486.8627,2.2015,0.0000,0.028015,"0.027713;0.028450;0.028332;0.028015;0.027879",4.013610,249152.24,,13.06,0,6980,10,True,nid006032,57240766
SparseHNSW_a0.9_b1_s8x4,"M=32 efC=200 ef=20 alpha=0.9 beta=1 q=u8 seedT=8 seedH=8 seedS=4",64,0.8766045845,0.7297,486.8627,2.2015,0.0000,0.027482,"0.027651;0.027532;0.027482;0.027470;0.027405",3.937249,253984.43,,13.06,0,6980,10,True,nid006032,57240766
SparseHNSW_a0.9_b1_s8x4,"M=32 efC=200 ef=50 alpha=0.9 beta=1 q=u8 seedT=8 seedH=8 seedS=4",64,0.8938108883,0.7526,486.8627,2.2015,0.0000,0.038322,"0.038398;0.038294;0.038330;0.038311;0.038322",5.490258,182140.81,,13.06,0,6980,10,True,nid006032,57240766
SparseHNSW_a0.9_b1_s8x4,"M=32 efC=200 ef=100 alpha=0.9 beta=1 q=u8 seedT=8 seedH=8 seedS=4",64,0.9144842407,0.7795,486.8627,2.2015,0.0000,0.068464,"0.068502;0.068314;0.068464;0.068505;0.068264",9.808596,101951.39,,13.06,0,6980,10,True,nid006032,57240766
SparseHNSW_a0.9_b1_s8x4,"M=32 efC=200 ef=200 alpha=0.9 beta=1 q=u8 seedT=8 seedH=8 seedS=4",64,0.9251862464,0.7927,486.8627,2.2015,0.0000,0.119925,"0.119926;0.119521;0.119925;0.119623;0.121000",17.181232,58203.04,,13.06,0,6980,10,True,nid006032,57240766
SparseHNSW_a0.9_b1_s8x4,"M=32 efC=200 ef=400 alpha=0.9 beta=1 q=u8 seedT=8 seedH=8 seedS=4",64,0.9322206304,0.8031,486.8627,2.2015,0.0000,0.207499,"0.206141;0.204983;0.207943;0.207499;0.208077",29.727650,33638.72,,13.06,0,6980,10,True,nid006032,57240766
SparseHNSW_a0.9_b1_s8x4,"M=32 efC=200 ef=800 alpha=0.9 beta=1 q=u8 seedT=8 seedH=8 seedS=4",64,0.9362464183,0.8095,486.8627,2.2015,0.0000,0.377892,"0.377965;0.379227;0.376738;0.376394;0.377892",54.139255,18470.89,,13.06,0,6980,10,True,nid006032,57240766
SparseHNSW_a0.9_b1_s8x4,"M=32 efC=200 ef=1600 alpha=0.9 beta=1 q=u8 seedT=8 seedH=8 seedS=4",64,0.9399140401,0.8157,486.8627,2.2015,0.0000,0.748658,"0.747537;0.750471;0.748658;0.749264;0.744929",107.257593,9323.35,,13.06,0,6980,10,True,nid006032,57240766
SparseHNSW_a0.9_b1_s8x4,"M=32 efC=200 ef=3200 alpha=0.9 beta=1 q=u8 seedT=8 seedH=8 seedS=4",64,0.9424641834,0.8212,486.8627,2.2015,0.0000,1.471849,"1.470326;1.471986;1.471025;1.471849;1.474078",210.866619,4742.33,,13.06,0,6980,10,True,nid006032,57240766
SparseHNSW_a0.9_b2_s8x4,"M=32 efC=200 ef=10 alpha=0.9 beta=2 q=u8 seedT=8 seedH=8 seedS=4",64,0.9156160458,0.9677,486.8627,2.2015,0.0000,0.028562,"0.028493;0.029189;0.028984;0.028562;0.028511",4.091977,244380.65,,13.06,0,6980,10,True,nid006032,57240766
SparseHNSW_a0.9_b2_s8x4,"M=32 efC=200 ef=20 alpha=0.9 beta=2 q=u8 seedT=8 seedH=8 seedS=4",64,0.9156160458,0.9677,486.8627,2.2015,0.0000,0.028235,"0.028271;0.028262;0.028193;0.028235;0.028125",4.045129,247210.91,,13.06,0,6980,10,True,nid006032,57240766
SparseHNSW_a0.9_b2_s8x4,"M=32 efC=200 ef=50 alpha=0.9 beta=2 q=u8 seedT=8 seedH=8 seedS=4",64,0.9351002865,0.9769,486.8627,2.2015,0.0000,0.039009,"0.039009;0.039115;0.039023;0.038992;0.038907",5.588682,178933.07,,13.06,0,6980,10,True,nid006032,57240766
SparseHNSW_a0.9_b2_s8x4,"M=32 efC=200 ef=100 alpha=0.9 beta=2 q=u8 seedT=8 seedH=8 seedS=4",64,0.9580515759,0.9887,486.8627,2.2015,0.0000,0.068833,"0.068833;0.069053;0.068990;0.068644;0.068754",9.861461,101404.85,,13.06,0,6980,10,True,nid006032,57240766
SparseHNSW_a0.9_b2_s8x4,"M=32 efC=200 ef=200 alpha=0.9 beta=2 q=u8 seedT=8 seedH=8 seedS=4",64,0.9704011461,0.9947,486.8627,2.2015,0.0000,0.119425,"0.119158;0.120019;0.119425;0.120628;0.119143",17.109599,58446.72,,13.06,0,6980,10,True,nid006032,57240766
SparseHNSW_a0.9_b2_s8x4,"M=32 efC=200 ef=400 alpha=0.9 beta=2 q=u8 seedT=8 seedH=8 seedS=4",64,0.9781805158,0.9979,486.8627,2.2015,0.0000,0.206819,"0.205462;0.207238;0.207033;0.206656;0.206819",29.630229,33749.32,,13.06,0,6980,10,True,nid006032,57240766
SparseHNSW_a0.9_b2_s8x4,"M=32 efC=200 ef=800 alpha=0.9 beta=2 q=u8 seedT=8 seedH=8 seedS=4",64,0.9827650430,0.9990,486.8627,2.2015,0.0000,0.377772,"0.377270;0.377482;0.378327;0.379961;0.377772",54.122063,18476.75,,13.06,0,6980,10,True,nid006032,57240766
SparseHNSW_a0.9_b2_s8x4,"M=32 efC=200 ef=1600 alpha=0.9 beta=2 q=u8 seedT=8 seedH=8 seedS=4",64,0.9870630372,0.9999,486.8627,2.2015,0.0000,0.747046,"0.747042;0.752238;0.747046;0.744124;0.748959",107.026648,9343.47,,13.06,0,6980,10,True,nid006032,57240766
SparseHNSW_a0.9_b2_s8x4,"M=32 efC=200 ef=3200 alpha=0.9 beta=2 q=u8 seedT=8 seedH=8 seedS=4",64,0.9899426934,1.0000,486.8627,2.2015,0.0000,1.474743,"1.478616;1.474743;1.472719;1.475711;1.472224",211.281232,4733.03,,13.06,0,6980,10,True,nid006032,57240766
SparseHNSW_a0.9_b3_s8x4,"M=32 efC=200 ef=10 alpha=0.9 beta=3 q=u8 seedT=8 seedH=8 seedS=4",64,0.9162607450,0.9677,486.8627,2.2015,0.0000,0.029013,"0.028461;0.029339;0.029167;0.029013;0.028889",4.156590,240581.81,,13.06,0,6980,10,True,nid006032,57240766
SparseHNSW_a0.9_b3_s8x4,"M=32 efC=200 ef=20 alpha=0.9 beta=3 q=u8 seedT=8 seedH=8 seedS=4",64,0.9162607450,0.9677,486.8627,2.2015,0.0000,0.028583,"0.028700;0.028669;0.028583;0.028483;0.028578",4.094986,244201.10,,13.06,0,6980,10,True,nid006032,57240766
SparseHNSW_a0.9_b3_s8x4,"M=32 efC=200 ef=50 alpha=0.9 beta=3 q=u8 seedT=8 seedH=8 seedS=4",64,0.9357736390,0.9769,486.8627,2.2015,0.0000,0.039456,"0.039525;0.039605;0.039456;0.039269;0.039351",5.652722,176905.92,,13.06,0,6980,10,True,nid006032,57240766
SparseHNSW_a0.9_b3_s8x4,"M=32 efC=200 ef=100 alpha=0.9 beta=3 q=u8 seedT=8 seedH=8 seedS=4",64,0.9588108883,0.9887,486.8627,2.2015,0.0000,0.069211,"0.069211;0.069071;0.069090;0.069341;0.069548",9.915616,100851.02,,13.06,0,6980,10,True,nid006032,57240766
SparseHNSW_a0.9_b3_s8x4,"M=32 efC=200 ef=200 alpha=0.9 beta=3 q=u8 seedT=8 seedH=8 seedS=4",64,0.9712034384,0.9947,486.8627,2.2015,0.0000,0.120726,"0.120726;0.121709;0.118775;0.120352;0.120825",17.295989,57816.87,,13.06,0,6980,10,True,nid006032,57240766
SparseHNSW_a0.9_b3_s8x4,"M=32 efC=200 ef=400 alpha=0.9 beta=3 q=u8 seedT=8 seedH=8 seedS=4",64,0.9790257880,0.9979,486.8627,2.2015,0.0000,0.206419,"0.206419;0.205422;0.206600;0.206116;0.207157",29.572923,33814.72,,13.06,0,6980,10,True,nid006032,57240766
SparseHNSW_a0.9_b3_s8x4,"M=32 efC=200 ef=800 alpha=0.9 beta=3 q=u8 seedT=8 seedH=8 seedS=4",64,0.9836103152,0.9990,486.8627,2.2015,0.0000,0.378230,"0.378535;0.379396;0.378230;0.375207;0.377027",54.187679,18454.38,,13.06,0,6980,10,True,nid006032,57240766
SparseHNSW_a0.9_b3_s8x4,"M=32 efC=200 ef=1600 alpha=0.9 beta=3 q=u8 seedT=8 seedH=8 seedS=4",64,0.9879226361,0.9999,486.8627,2.2015,0.0000,0.748466,"0.749530;0.746989;0.748466;0.742915;0.751623",107.230086,9325.74,,13.06,0,6980,10,True,nid006032,57240766
SparseHNSW_a0.9_b3_s8x4,"M=32 efC=200 ef=3200 alpha=0.9 beta=3 q=u8 seedT=8 seedH=8 seedS=4",64,0.9908022923,1.0000,486.8627,2.2015,0.0000,1.472360,"1.472360;1.472100;1.473245;1.470214;1.473507",210.939828,4740.69,,13.06,0,6980,10,True,nid006032,57240766
SparseHNSW_a0.9_b4_s8x4,"M=32 efC=200 ef=10 alpha=0.9 beta=4 q=u8 seedT=8 seedH=8 seedS=4",64,0.9266045845,0.9724,486.8627,2.2015,0.0000,0.033965,"0.033559;0.034500;0.034278;0.033965;0.033834",4.866046,205505.67,,13.06,0,6980,10,True,nid006032,57240766
SparseHNSW_a0.9_b4_s8x4,"M=32 efC=200 ef=20 alpha=0.9 beta=4 q=u8 seedT=8 seedH=8 seedS=4",64,0.9266045845,0.9724,486.8627,2.2015,0.0000,0.033623,"0.033683;0.033621;0.033801;0.033623;0.033480",4.817049,207595.99,,13.06,0,6980,10,True,nid006032,57240766
SparseHNSW_a0.9_b4_s8x4,"M=32 efC=200 ef=50 alpha=0.9 beta=4 q=u8 seedT=8 seedH=8 seedS=4",64,0.9358452722,0.9769,486.8627,2.2015,0.0000,0.039612,"0.039643;0.039429;0.039612;0.039492;0.039778",5.675072,176209.23,,13.06,0,6980,10,True,nid006032,57240766
SparseHNSW_a0.9_b4_s8x4,"M=32 efC=200 ef=100 alpha=0.9 beta=4 q=u8 seedT=8 seedH=8 seedS=4",64,0.9589111748,0.9887,486.8627,2.2015,0.0000,0.069341,"0.069255;0.069639;0.069341;0.069262;0.069478",9.934241,100661.95,,13.06,0,6980,10,True,nid006032,57240766
SparseHNSW_a0.9_b4_s8x4,"M=32 efC=200 ef=200 alpha=0.9 beta=4 q=u8 seedT=8 seedH=8 seedS=4",64,0.9713180516,0.9947,486.8627,2.2015,0.0000,0.120533,"0.120533;0.120041;0.120855;0.120601;0.119573",17.268338,57909.45,,13.06,0,6980,10,True,nid006032,57240766
SparseHNSW_a0.9_b4_s8x4,"M=32 efC=200 ef=400 alpha=0.9 beta=4 q=u8 seedT=8 seedH=8 seedS=4",64,0.9791690544,0.9979,486.8627,2.2015,0.0000,0.206957,"0.205731;0.207605;0.206711;0.206957;0.209619",29.650000,33726.81,,13.06,0,6980,10,True,nid006032,57240766
SparseHNSW_a0.9_b4_s8x4,"M=32 efC=200 ef=800 alpha=0.9 beta=4 q=u8 seedT=8 seedH=8 seedS=4",64,0.9837679083,0.9990,486.8627,2.2015,0.0000,0.379043,"0.377669;0.379582;0.376788;0.379043;0.379194",54.304155,18414.80,,13.06,0,6980,10,True,nid006032,57240766
SparseHNSW_a0.9_b4_s8x4,"M=32 efC=200 ef=1600 alpha=0.9 beta=4 q=u8 seedT=8 seedH=8 seedS=4",64,0.9880802292,0.9999,486.8627,2.2015,0.0000,0.748464,"0.748568;0.747755;0.750754;0.748464;0.748078",107.229799,9325.77,,13.06,0,6980,10,True,nid006032,57240766
SparseHNSW_a0.9_b4_s8x4,"M=32 efC=200 ef=3200 alpha=0.9 beta=4 q=u8 seedT=8 seedH=8 seedS=4",64,0.9909598854,1.0000,486.8627,2.2015,0.0000,1.472958,"1.472958;1.472510;1.475656;1.474537;1.471527",211.025501,4738.76,,13.06,0,6980,10,True,nid006032,57240766
SparseHNSW_a0.9_b5_s8x4,"M=32 efC=200 ef=10 alpha=0.9 beta=5 q=u8 seedT=8 seedH=8 seedS=4",64,0.9358452722,0.9769,486.8627,2.2015,0.0000,0.040594,"0.039947;0.040961;0.040780;0.040540;0.040594",5.815759,171946.59,,13.06,0,6980,10,True,nid006032,57240766
SparseHNSW_a0.9_b5_s8x4,"M=32 efC=200 ef=20 alpha=0.9 beta=5 q=u8 seedT=8 seedH=8 seedS=4",64,0.9358452722,0.9769,486.8627,2.2015,0.0000,0.040107,"0.040176;0.040107;0.040086;0.039995;0.040296",5.745989,174034.46,,13.06,0,6980,10,True,nid006032,57240766
SparseHNSW_a0.9_b5_s8x4,"M=32 efC=200 ef=50 alpha=0.9 beta=5 q=u8 seedT=8 seedH=8 seedS=4",64,0.9358452722,0.9769,486.8627,2.2015,0.0000,0.039995,"0.040285;0.040158;0.039995;0.039968;0.039926",5.729943,174521.82,,13.06,0,6980,10,True,nid006032,57240766
SparseHNSW_a0.9_b5_s8x4,"M=32 efC=200 ef=100 alpha=0.9 beta=5 q=u8 seedT=8 seedH=8 seedS=4",64,0.9589111748,0.9887,486.8627,2.2015,0.0000,0.069585,"0.069705;0.069585;0.069467;0.069418;0.069771",9.969198,100308.97,,13.06,0,6980,10,True,nid006032,57240766
SparseHNSW_a0.9_b5_s8x4,"M=32 efC=200 ef=200 alpha=0.9 beta=5 q=u8 seedT=8 seedH=8 seedS=4",64,0.9713180516,0.9947,486.8627,2.2015,0.0000,0.120842,"0.120434;0.123108;0.120842;0.121330;0.120021",17.312607,57761.37,,13.06,0,6980,10,True,nid006032,57240766
SparseHNSW_a0.9_b5_s8x4,"M=32 efC=200 ef=400 alpha=0.9 beta=5 q=u8 seedT=8 seedH=8 seedS=4",64,0.9791690544,0.9979,486.8627,2.2015,0.0000,0.207235,"0.206370;0.209776;0.207235;0.207521;0.206595",29.689828,33681.57,,13.06,0,6980,10,True,nid006032,57240766
SparseHNSW_a0.9_b5_s8x4,"M=32 efC=200 ef=800 alpha=0.9 beta=5 q=u8 seedT=8 seedH=8 seedS=4",64,0.9837679083,0.9990,486.8627,2.2015,0.0000,0.378608,"0.378955;0.376802;0.378452;0.378608;0.378826",54.241834,18435.95,,13.06,0,6980,10,True,nid006032,57240766
SparseHNSW_a0.9_b5_s8x4,"M=32 efC=200 ef=1600 alpha=0.9 beta=5 q=u8 seedT=8 seedH=8 seedS=4",64,0.9880802292,0.9999,486.8627,2.2015,0.0000,0.748051,"0.745115;0.748476;0.746954;0.749979;0.748051",107.170630,9330.91,,13.06,0,6980,10,True,nid006032,57240766
SparseHNSW_a0.9_b5_s8x4,"M=32 efC=200 ef=3200 alpha=0.9 beta=5 q=u8 seedT=8 seedH=8 seedS=4",64,0.9909598854,1.0000,486.8627,2.2015,0.0000,1.473575,"1.472609;1.473128;1.476515;1.474996;1.473575",211.113897,4736.78,,13.06,0,6980,10,True,nid006032,57240766
SparseHNSW_a0.9_b6_s8x4,"M=32 efC=200 ef=10 alpha=0.9 beta=6 q=u8 seedT=8 seedH=8 seedS=4",64,0.9421346705,0.9796,486.8627,2.2015,0.0000,0.046839,"0.046640;0.047472;0.047016;0.046839;0.046738",6.710458,149021.11,,13.06,0,6980,10,True,nid006032,57240766
SparseHNSW_a0.9_b6_s8x4,"M=32 efC=200 ef=20 alpha=0.9 beta=6 q=u8 seedT=8 seedH=8 seedS=4",64,0.9421346705,0.9796,486.8627,2.2015,0.0000,0.046595,"0.046861;0.046595;0.046773;0.046459;0.046537",6.675501,149801.48,,13.06,0,6980,10,True,nid006032,57240766
SparseHNSW_a0.9_b6_s8x4,"M=32 efC=200 ef=50 alpha=0.9 beta=6 q=u8 seedT=8 seedH=8 seedS=4",64,0.9421346705,0.9796,486.8627,2.2015,0.0000,0.046463,"0.046541;0.046394;0.046490;0.046463;0.046337",6.656590,150227.06,,13.06,0,6980,10,True,nid006032,57240766
SparseHNSW_a0.9_b6_s8x4,"M=32 efC=200 ef=100 alpha=0.9 beta=6 q=u8 seedT=8 seedH=8 seedS=4",64,0.9589111748,0.9887,486.8627,2.2015,0.0000,0.070061,"0.069687;0.070390;0.070061;0.069508;0.070254",10.037393,99627.47,,13.06,0,6980,10,True,nid006032,57240766
SparseHNSW_a0.9_b6_s8x4,"M=32 efC=200 ef=200 alpha=0.9 beta=6 q=u8 seedT=8 seedH=8 seedS=4",64,0.9713180516,0.9947,486.8627,2.2015,0.0000,0.121555,"0.121632;0.121366;0.121555;0.121819;0.121067",17.414756,57422.57,,13.06,0,6980,10,True,nid006032,57240766
SparseHNSW_a0.9_b6_s8x4,"M=32 efC=200 ef=400 alpha=0.9 beta=6 q=u8 seedT=8 seedH=8 seedS=4",64,0.9791690544,0.9979,486.8627,2.2015,0.0000,0.209214,"0.206734;0.210365;0.210957;0.209214;0.208149",29.973352,33362.97,,13.06,0,6980,10,True,nid006032,57240766
SparseHNSW_a0.9_b6_s8x4,"M=32 efC=200 ef=800 alpha=0.9 beta=6 q=u8 seedT=8 seedH=8 seedS=4",64,0.9837679083,0.9990,486.8627,2.2015,0.0000,0.378513,"0.381470;0.378456;0.376909;0.378736;0.378513",54.228223,18440.58,,13.06,0,6980,10,True,nid006032,57240766
SparseHNSW_a0.9_b6_s8x4,"M=32 efC=200 ef=1600 alpha=0.9 beta=6 q=u8 seedT=8 seedH=8 seedS=4",64,0.9880802292,0.9999,486.8627,2.2015,0.0000,0.748929,"0.752392;0.748929;0.748831;0.748426;0.750581",107.296418,9319.98,,13.06,0,6980,10,True,nid006032,57240766
SparseHNSW_a0.9_b6_s8x4,"M=32 efC=200 ef=3200 alpha=0.9 beta=6 q=u8 seedT=8 seedH=8 seedS=4",64,0.9909598854,1.0000,486.8627,2.2015,0.0000,1.475378,"1.474233;1.478709;1.474288;1.475378;1.478435",211.372206,4730.99,,13.06,0,6980,10,True,nid006032,57240766
SparseHNSW_a0.9_b8_s8x4,"M=32 efC=200 ef=10 alpha=0.9 beta=8 q=u8 seedT=8 seedH=8 seedS=4",64,0.9528510029,0.9852,486.8627,2.2015,0.0000,0.059349,"0.059584;0.059349;0.059333;0.059166;0.059819",8.502722,117609.40,,13.06,0,6980,10,True,nid006032,57240766
SparseHNSW_a0.9_b8_s8x4,"M=32 efC=200 ef=20 alpha=0.9 beta=8 q=u8 seedT=8 seedH=8 seedS=4",64,0.9528510029,0.9852,486.8627,2.2015,0.0000,0.059137,"0.059162;0.059380;0.059137;0.059006;0.058887",8.472350,118031.01,,13.06,0,6980,10,True,nid006032,57240766
SparseHNSW_a0.9_b8_s8x4,"M=32 efC=200 ef=50 alpha=0.9 beta=8 q=u8 seedT=8 seedH=8 seedS=4",64,0.9528510029,0.9852,486.8627,2.2015,0.0000,0.059220,"0.059393;0.059308;0.059092;0.059013;0.059220",8.484241,117865.59,,13.06,0,6980,10,True,nid006032,57240766
SparseHNSW_a0.9_b8_s8x4,"M=32 efC=200 ef=100 alpha=0.9 beta=8 q=u8 seedT=8 seedH=8 seedS=4",64,0.9589111748,0.9887,486.8627,2.2015,0.0000,0.070645,"0.070780;0.070645;0.070497;0.070664;0.070564",10.121060,98803.88,,13.06,0,6980,10,True,nid006032,57240766
SparseHNSW_a0.9_b8_s8x4,"M=32 efC=200 ef=200 alpha=0.9 beta=8 q=u8 seedT=8 seedH=8 seedS=4",64,0.9713180516,0.9947,486.8627,2.2015,0.0000,0.121588,"0.120857;0.122783;0.121588;0.121159;0.121712",17.419484,57406.98,,13.06,0,6980,10,True,nid006032,57240766
SparseHNSW_a0.9_b8_s8x4,"M=32 efC=200 ef=400 alpha=0.9 beta=8 q=u8 seedT=8 seedH=8 seedS=4",64,0.9791690544,0.9979,486.8627,2.2015,0.0000,0.207618,"0.207607;0.207618;0.209333;0.207445;0.209365",29.744699,33619.44,,13.06,0,6980,10,True,nid006032,57240766
SparseHNSW_a0.9_b8_s8x4,"M=32 efC=200 ef=800 alpha=0.9 beta=8 q=u8 seedT=8 seedH=8 seedS=4",64,0.9837679083,0.9990,486.8627,2.2015,0.0000,0.381384,"0.377299;0.380259;0.383216;0.381384;0.381461",54.639542,18301.76,,13.06,0,6980,10,True,nid006032,57240766
SparseHNSW_a0.9_b8_s8x4,"M=32 efC=200 ef=1600 alpha=0.9 beta=8 q=u8 seedT=8 seedH=8 seedS=4",64,0.9880802292,0.9999,486.8627,2.2015,0.0000,0.750718,"0.752416;0.748406;0.749761;0.752040;0.750718",107.552722,9297.77,,13.06,0,6980,10,True,nid006032,57240766
SparseHNSW_a0.9_b8_s8x4,"M=32 efC=200 ef=3200 alpha=0.9 beta=8 q=u8 seedT=8 seedH=8 seedS=4",64,0.9909598854,1.0000,486.8627,2.2015,0.0000,1.478602,"1.478602;1.479395;1.475358;1.478379;1.481093",211.834097,4720.68,,13.06,0,6980,10,True,nid006032,57240766
SparseHNSW_a1.0_b1_s0x0,"M=32 efC=200 ef=10 alpha=1 beta=1 q=u8",64,0.7251719198,0.5622,719.0758,2.1774,0.0000,0.020686,"0.020338;0.020414;0.020822;0.020832;0.020686",2.963610,337426.28,,10.10,0,6980,10,True,nid006032,57240766
SparseHNSW_a1.0_b1_s0x0,"M=32 efC=200 ef=20 alpha=1 beta=1 q=u8",64,0.8237535817,0.7083,719.0758,2.1774,0.0000,0.031179,"0.031059;0.031417;0.031188;0.031179;0.030999",4.466905,223868.63,,10.10,0,6980,10,True,nid006032,57240766
SparseHNSW_a1.0_b1_s0x0,"M=32 efC=200 ef=50 alpha=1 beta=1 q=u8",64,0.9017335244,0.8173,719.0758,2.1774,0.0000,0.057608,"0.057608;0.057771;0.057914;0.057579;0.057489",8.253295,121163.73,,10.10,0,6980,10,True,nid006032,57240766
SparseHNSW_a1.0_b1_s0x0,"M=32 efC=200 ef=100 alpha=1 beta=1 q=u8",64,0.9350716332,0.8645,719.0758,2.1774,0.0000,0.094155,"0.094346;0.094750;0.093668;0.093114;0.094155",13.489255,74133.08,,10.10,0,6980,10,True,nid006032,57240766
SparseHNSW_a1.0_b1_s0x0,"M=32 efC=200 ef=200 alpha=1 beta=1 q=u8",64,0.9557593123,0.8917,719.0758,2.1774,0.0000,0.159810,"0.160115;0.159445;0.160183;0.159618;0.159810",22.895415,43676.87,,10.10,0,6980,10,True,nid006032,57240766
SparseHNSW_a1.0_b1_s0x0,"M=32 efC=200 ef=400 alpha=1 beta=1 q=u8",64,0.9686389685,0.9098,719.0758,2.1774,0.0000,0.291808,"0.291830;0.291917;0.291658;0.291766;0.291808",41.806304,23919.84,,10.10,0,6980,10,True,nid006032,57240766
SparseHNSW_a1.0_b1_s0x0,"M=32 efC=200 ef=800 alpha=1 beta=1 q=u8",64,0.9755014327,0.9222,719.0758,2.1774,0.0000,0.551215,"0.551215;0.551992;0.551096;0.551347;0.550816",78.970630,12662.94,,10.10,0,6980,10,True,nid006032,57240766
SparseHNSW_a1.0_b1_s0x0,"M=32 efC=200 ef=1600 alpha=1 beta=1 q=u8",64,0.9818624642,0.9343,719.0758,2.1774,0.0000,1.059152,"1.057659;1.057588;1.060853;1.062464;1.059152",151.740974,6590.18,,10.10,0,6980,10,True,nid006032,57240766
SparseHNSW_a1.0_b1_s0x0,"M=32 efC=200 ef=3200 alpha=1 beta=1 q=u8",64,0.9851146132,0.9417,719.0758,2.1774,0.0000,2.039401,"2.039049;2.040516;2.040176;2.039401;2.038154",292.177794,3422.57,,10.14,0,6980,10,True,nid006032,57240766
SparseHNSW_a1.0_b1_s8x4,"M=32 efC=200 ef=10 alpha=1 beta=1 q=u8 seedT=8 seedH=8 seedS=4",64,0.9091690544,0.8092,719.0758,2.1774,0.0000,0.040136,"0.038978;0.040193;0.040303;0.040136;0.040086",5.750143,173908.71,,10.14,0,6980,10,True,nid006032,57240766
SparseHNSW_a1.0_b1_s8x4,"M=32 efC=200 ef=20 alpha=1 beta=1 q=u8 seedT=8 seedH=8 seedS=4",64,0.9091690544,0.8092,719.0758,2.1774,0.0000,0.040012,"0.040012;0.040092;0.040066;0.040000;0.039853",5.732378,174447.67,,10.14,0,6980,10,True,nid006032,57240766
SparseHNSW_a1.0_b1_s8x4,"M=32 efC=200 ef=50 alpha=1 beta=1 q=u8 seedT=8 seedH=8 seedS=4",64,0.9303295129,0.8427,719.0758,2.1774,0.0000,0.054306,"0.054204;0.054306;0.054327;0.054036;0.054678",7.780229,128530.92,,10.14,0,6980,10,True,nid006032,57240766
SparseHNSW_a1.0_b1_s8x4,"M=32 efC=200 ef=100 alpha=1 beta=1 q=u8 seedT=8 seedH=8 seedS=4",64,0.9520200573,0.8800,719.0758,2.1774,0.0000,0.090827,"0.091116;0.090827;0.090960;0.090404;0.090436",13.012464,76849.40,,10.14,0,6980,10,True,nid006032,57240766
SparseHNSW_a1.0_b1_s8x4,"M=32 efC=200 ef=200 alpha=1 beta=1 q=u8 seedT=8 seedH=8 seedS=4",64,0.9647994269,0.9009,719.0758,2.1774,0.0000,0.156471,"0.157027;0.156245;0.156465;0.156471;0.156640",22.417049,44608.91,,10.14,0,6980,10,True,nid006032,57240766
SparseHNSW_a1.0_b1_s8x4,"M=32 efC=200 ef=400 alpha=1 beta=1 q=u8 seedT=8 seedH=8 seedS=4",64,0.9742693410,0.9166,719.0758,2.1774,0.0000,0.289089,"0.288432;0.289503;0.289497;0.289089;0.289061",41.416762,24144.81,,10.14,0,6980,10,True,nid006032,57240766
SparseHNSW_a1.0_b1_s8x4,"M=32 efC=200 ef=800 alpha=1 beta=1 q=u8 seedT=8 seedH=8 seedS=4",64,0.9791977077,0.9273,719.0758,2.1774,0.0000,0.549429,"0.549373;0.548869;0.549883;0.549429;0.549502",78.714756,12704.10,,10.14,0,6980,10,True,nid006032,57240766
SparseHNSW_a1.0_b1_s8x4,"M=32 efC=200 ef=1600 alpha=1 beta=1 q=u8 seedT=8 seedH=8 seedS=4",64,0.9838968481,0.9375,719.0758,2.1774,0.0000,1.059426,"1.058655;1.058443;1.060959;1.059426;1.059588",151.780229,6588.47,,10.14,0,6980,10,True,nid006032,57240766
SparseHNSW_a1.0_b1_s8x4,"M=32 efC=200 ef=3200 alpha=1 beta=1 q=u8 seedT=8 seedH=8 seedS=4",64,0.9863896848,0.9441,719.0758,2.1774,0.0000,2.040069,"2.038173;2.041384;2.039688;2.040069;2.040844",292.273496,3421.45,,10.14,0,6980,10,True,nid006032,57240766
