Model,Params,Threads,Recall,RR@10,IndexSec,LoadSec,ConvertSec,SearchSecMedian,SearchSecRuns,AmortizedUsPerQuery,QPS,LatencyUsSingleThread,PeakRSSGB,IndexBytes,NumQueries,K,ResultsOrdered,Host,JobID
GrassRMA,M=32 efC=200 ef=10,64,0.6595017381228273,0.8736964078794901,469.2028397420072,1.906797808012925,0.0,0.04563481197692454,0.044041;0.046314;0.045947;0.045599;0.045635,13.219818069792739,75644.00619740738,,4.660976409912109,0,3452,10,True,nid006818,57783569
GrassRMA,M=32 efC=400 ef=10,64,0.6941193511008111,0.9113557358053302,1044.2557734290021,2.018256263982039,0.0,0.054766330984421074,0.050655;0.053312;0.055273;0.054938;0.054766,15.865101675672387,63031.42711864269,,4.417972564697266,0,3452,10,True,nid006082,58031926
GrassRMA,M=32 efC=800 ef=10,64,0.7000869061413674,0.925260718424102,2006.0147364489967,1.8158674869919196,0.0,0.05506262602284551,0.052643;0.053932;0.055063;0.057487;0.057384,15.950934537324887,62692.25152043718,,4.41864013671875,0,3452,10,True,nid006284,58031927
GrassRMA,M=32 efC=1600 ef=10,64,0.7081981460023175,0.9356894553881807,3620.935710221005,2.0152850709855556,0.0,0.06111084599979222,0.055846;0.059854;0.061198;0.061111;0.061786,17.70302607178222,56487.517780587375,,4.431697845458984,0,3452,10,True,nid006415,58031928
GrassRMA,M=32 efC=200 ef=20,64,0.7965237543453071,0.9356894553881807,469.2028397420072,1.906797808012925,0.0,0.06639684597030282,0.066888;0.065839;0.066397;0.067421;0.066259,19.234312274131756,51990.42137549679,,4.660976409912109,0,3452,10,True,nid006818,57783569
GrassRMA,M=32 efC=800 ef=20,64,0.8286500579374276,0.9681344148319815,2006.0147364489967,1.8158674869919196,0.0,0.08027252601459622,0.079868;0.080649;0.080164;0.080273;0.080507,23.25391831245545,43003.505325997976,,4.449592590332031,0,3452,10,True,nid006284,58031927
GrassRMA,M=32 efC=1600 ef=20,64,0.8334878331402086,0.9719003476245655,3620.935710221005,2.0152850709855556,0.0,0.09001853002700955,0.090019;0.090163;0.090748;0.088878;0.089793,26.07721032068643,38347.66018689982,,4.464481353759766,0,3452,10,True,nid006415,58031928
GrassRMA,M=32 efC=200 ef=50,64,0.9003476245654692,0.9788528389339514,469.2028397420072,1.906797808012925,0.0,0.11528814397752285,0.115733;0.115302;0.114986;0.115051;0.115288,33.397492461623074,29942.367713656826,,4.660976409912109,0,3452,10,True,nid006818,57783569
GrassRMA,M=32 efC=400 ef=50,64,0.9198435689455389,0.9858053302433372,1044.2557734290021,2.018256263982039,0.0,0.13753623998491094,0.137984;0.137536;0.137505;0.137587;0.137197,39.84247971752924,25098.83940682629,,4.465938568115234,0,3452,10,True,nid006082,58031926
GrassRMA,M=32 efC=800 ef=50,64,0.924188876013905,0.9889918887601391,2006.0147364489967,1.8158674869919196,0.0,0.14745711698196828,0.147557;0.147074;0.147457;0.147323;0.147569,42.71643018017621,23410.195931215214,,4.477638244628906,0,3452,10,True,nid006284,58031927
GrassRMA,M=32 efC=1600 ef=50,64,0.9292584009269989,0.9918887601390498,3620.935710221005,2.0152850709855556,0.0,0.15556213702075183,0.155938;0.155149;0.155562;0.155529;0.155698,45.06435023776125,22190.4897046992,,4.481998443603516,0,3452,10,True,nid006415,58031928
GrassRMA,M=32 efC=200 ef=100,64,0.943279258400927,0.9921784472769409,469.2028397420072,1.906797808012925,0.0,0.191839698003605,0.191707;0.191453;0.191944;0.191992;0.191840,55.57349304855301,17994.19012813047,,4.660976409912109,0,3452,10,True,nid006818,57783569
GrassRMA,M=32 efC=400 ef=100,64,0.9561413673232908,0.9942062572421785,1044.2557734290021,2.018256263982039,0.0,0.23513493704376742,0.235399;0.235135;0.235238;0.234993;0.234570,68.11556693040771,14680.931908291677,,4.4847259521484375,0,3452,10,True,nid006082,58031926
GrassRMA,M=32 efC=800 ef=100,64,0.9622537659327925,0.9976825028968713,2006.0147364489967,1.8158674869919196,0.0,0.25571382202906534,0.256180;0.256143;0.255714;0.255578;0.255692,74.07700522278833,13499.465819284627,,4.491115570068359,0,3452,10,True,nid006284,58031927
GrassRMA,M=32 efC=1600 ef=100,64,0.9659327925840093,0.9979721900347625,3620.935710221005,2.0152850709855556,0.0,0.26984250504756346,0.269553;0.270066;0.270653;0.269843;0.269554,78.16990296858732,12792.647323636198,,4.481998443603516,0,3452,10,True,nid006415,58031928
GrassRMA,M=32 efC=200 ef=200,64,0.9660486674391657,0.9982618771726536,469.2028397420072,1.906797808012925,0.0,0.3361653889878653,0.335698;0.336643;0.336472;0.336165;0.335794,97.38278939393548,10268.754943491842,,4.660976409912109,0,3452,10,True,nid006818,57783569
GrassRMA,M=32 efC=400 ef=200,64,0.9761877172653535,0.9988412514484357,1044.2557734290021,2.018256263982039,0.0,0.4195599610102363,0.419543;0.419840;0.419574;0.419560;0.419355,121.54112427874749,8227.667844396094,,4.4882965087890625,0,3452,10,True,nid006082,58031926
GrassRMA,M=32 efC=800 ef=200,64,0.980098493626883,0.9997103128621089,2006.0147364489967,1.8158674869919196,0.0,0.46300675498787314,0.462067;0.463007;0.462856;0.463265;0.463161,134.1271016766724,7455.614767629931,,4.498416900634766,0,3452,10,True,nid006284,58031927
GrassRMA,M=32 efC=1600 ef=200,64,0.9829953650057938,0.9997103128621089,3620.935710221005,2.0152850709855556,0.0,0.4904569310019724,0.490924;0.490948;0.490457;0.489698;0.488650,142.07906460080312,7038.33462593297,,4.490253448486328,0,3452,10,True,nid006415,58031928
GrassRMA,M=32 efC=400 ef=400,64,0.9859791425260719,0.9997103128621089,1044.2557734290021,2.018256263982039,0.0,0.770263631013222,0.770264;0.769979;0.769895;0.771137;0.771330,223.1354666898094,4481.582488140018,,4.5080718994140625,0,3452,10,True,nid006082,58031926
GrassRMA,M=32 efC=800 ef=400,64,0.9892815758980301,1.0,2006.0147364489967,1.8158674869919196,0.0,0.8578610649565235,0.857861;0.857914;0.857858;0.858034;0.857495,248.5113166154471,4023.961619210388,,4.5106201171875,0,3452,10,True,nid006284,58031927
GrassRMA,M=32 efC=1600 ef=400,64,0.9911645422943222,1.0,3620.935710221005,2.0152850709855556,0.0,0.9084488949738443,0.909096;0.908449;0.910480;0.907577;0.908104,263.1659603052851,3799.883536761183,,4.501228332519531,0,3452,10,True,nid006415,58031928
GrassRMA,M=32 efC=400 ef=800,64,0.9913093858632677,1.0,1044.2557734290021,2.018256263982039,0.0,1.4338895630207844,1.434638;1.434106;1.433890;1.432702;1.432164,415.379363563379,2407.437845302151,,4.519004821777344,0,3452,10,True,nid006082,58031926
GrassRMA,M=32 efC=800 ef=800,64,0.9937427578215527,1.0,2006.0147364489967,1.8158674869919196,0.0,1.6012498490163125,1.601629;1.600160;1.601162;1.601997;1.601250,463.8614858100558,2155.815972204868,,4.53631591796875,0,3452,10,True,nid006284,58031927
GrassRMA,M=32 efC=1600 ef=800,64,0.9949594438006952,1.0,3620.935710221005,2.0152850709855556,0.0,1.7003696840256453,1.700855;1.700283;1.698802;1.702054;1.700370,492.5752271221452,2030.1467571612718,,4.508735656738281,0,3452,10,True,nid006415,58031928
GrassRMA,M=32 efC=400 ef=1600,64,0.9952491309385864,1.0,1044.2557734290021,2.018256263982039,0.0,2.671129342983477,2.671395;2.671129;2.669342;2.671264;2.668950,773.7918143057581,1292.3372689037744,,4.534488677978516,0,3452,10,True,nid006082,58031926
GrassRMA,M=32 efC=800 ef=1600,64,0.9964368482039397,1.0,2006.0147364489967,1.8158674869919196,0.0,2.984493322961498,2.985034;2.984277;2.984789;2.982297;2.984493,864.569328783748,1156.6452414021812,,4.53631591796875,0,3452,10,True,nid006284,58031927
GrassRMA,M=32 efC=1600 ef=1600,64,0.9971320973348783,1.0,3620.935710221005,2.0152850709855556,0.0,3.168231831979938,3.168232;3.170516;3.173207;3.167246;3.168209,917.7960115816738,1089.5667309303958,,4.522846221923828,0,3452,10,True,nid006415,58031928
GrassRMA,M=32 efC=800 ef=3200,64,0.9979432213209734,1.0,2006.0147364489967,1.8158674869919196,0.0,5.49375628400594,5.492572;5.491702;5.493756;5.494495;5.494005,1591.470534184803,628.3496794442561,,4.539791107177734,0,3452,10,True,nid006284,58031927
GrassRMA,M=32 efC=1600 ef=3200,64,0.9982908458864427,1.0,3620.935710221005,2.0152850709855556,0.0,5.834847901016474,5.835148;5.834848;5.828181;5.832345;5.836433,1690.280388475224,591.6178208173405,,4.530025482177734,0,3452,10,True,nid006415,58031928
GrassRMA,M=32 efC=800 ef=6400,64,0.9986384704519119,1.0,2006.0147364489967,1.8158674869919196,0.0,9.966391775000375,9.960515;9.966392;9.970767;9.969571;9.961472,2887.1355084010356,346.3640681534286,,4.548286437988281,0,3452,10,True,nid006284,58031927
GrassRMA,M=32 efC=1600 ef=6400,64,0.9990150637311703,1.0,3620.935710221005,2.0152850709855556,0.0,10.577230621012859,10.581193;10.578594;10.577231;10.573516;10.572130,3064.0876654150807,326.3614195139334,,4.556514739990234,0,3452,10,True,nid006415,58031928
GrassRMA,M=32 efC=800 ef=12800,64,0.9991599073001158,1.0,2006.0147364489967,1.8158674869919196,0.0,17.79751090699574,17.797511;17.810362;17.785812;17.795360;17.798504,5155.709996232833,193.9597069522294,,4.571418762207031,0,3452,10,True,nid006284,58031927
GrassRMA,M=32 efC=1600 ef=12800,64,0.9992757821552724,1.0,3620.935710221005,2.0152850709855556,0.0,18.86211169802118,18.851272;18.869885;18.881738;18.855121;18.862112,5464.111152381571,183.01238245567959,,4.57421875,0,3452,10,True,nid006415,58031928
PyANNS,graph=nq_splade_R32_L400 ef=80 budget=1.0,64,0.0,0.0,688.3336675350438,1.8891333030187525,0.0,0.005714860977604985,0.006747;0.006367;0.005715;0.005605;0.005484,1.655521720047794,604039.1907217808,,13.010231018066406,365348940,3452,10,True,nid006791,57786390
PyANNS,graph=nq_splade_R32_L800 ef=80 budget=1.0,64,8.69061413673233e-05,0.0008690614136732329,1137.7928633789998,1.8454666309989989,0.0,0.005725800001528114,0.006838;0.006380;0.005726;0.005639;0.005465,1.6586906145794074,602885.1861886064,,13.022201538085938,365349068,3452,10,True,nid006822,57786392
PyANNS,graph=nq_splade_R32_L800 ef=80 budget=0.9,64,0.011819235225955968,0.025202780996523753,1137.7928633789998,1.8454666309989989,0.0,0.007505617046263069,0.007824;0.007506;0.007473;0.007549;0.007320,2.1742807202384324,459922.2127538065,,13.022201538085938,365349068,3452,10,True,nid006822,57786392
PyANNS,graph=nq_splade_R32_L400 ef=80 budget=0.9,64,0.013644264194669757,0.026361529548088066,688.3336675350438,1.8891333030187525,0.0,0.007619699987117201,0.008019;0.007690;0.007550;0.007620;0.007527,2.207329080856663,453036.2095405822,,13.010231018066406,365348940,3452,10,True,nid006791,57786390
PyANNS,R=32 L=200 ef=80 budget=0.9,64,0.013847045191193511,0.027230590961761298,413.6100737110246,1.833733683975879,0.0,0.0076520859729498625,0.007955;0.007558;0.007705;0.007652;0.007527,2.2167108844003076,451118.82069841167,,13.023536682128906,365349580,3452,10,True,nid005184,57785338
PyANNS,graph=nq_splade ef=80 budget=0.9,64,0.01590382387022016,0.030417149478563152,2.5963155979989097,1.900672035990283,0.0,0.008038678031880409,0.008435;0.008039;0.007980;0.007855;0.008064,2.3287016314833164,429423.8413716525,,9.566394805908203,365348876,3452,10,True,nid006587,57786388
PyANNS,graph=nq_splade_R48_L800 ef=80 budget=0.9,64,0.01746813441483198,0.035052143684820396,1724.0271129959729,1.8248727080062963,0.0,0.009652813954744488,0.009818;0.009693;0.009653;0.009631;0.009603,2.7962960471449847,357615.9259034818,,13.344730377197266,536717196,3452,10,True,nid006950,58031930
PyANNS,graph=nq_splade_R64_L800 ef=80 budget=0.9,64,0.018047508690614136,0.035052143684820396,2201.4017655950156,1.9150404650135897,0.0,0.011107348022051156,0.011401;0.011241;0.011107;0.010933;0.010962,3.2176558580681216,310785.2561337617,,13.658500671386719,708180108,3452,10,True,nid006470,58031931
PyANNS,graph=nq_splade_R32_L800 ef=150 budget=0.9,64,0.019669756662804173,0.035052143684820396,1137.7928633789998,1.8454666309989989,0.0,0.012571835017297417,0.013053;0.012666;0.012572;0.012417;0.012389,3.6418989041997154,274582.03160083154,,13.022201538085938,365349068,3452,10,True,nid006822,57786392
PyANNS,graph=nq_splade_R32_L400 ef=150 budget=0.9,64,0.01998841251448436,0.033314020857473925,688.3336675350438,1.8891333030187525,0.0,0.012625893985386938,0.012913;0.012613;0.012677;0.012329;0.012626,3.6575590919429137,273406.3824704456,,13.012184143066406,365348940,3452,10,True,nid006791,57786390
PyANNS,R=32 L=200 ef=150 budget=0.9,64,0.02007531865585168,0.033314020857473925,413.6100737110246,1.833733683975879,0.0,0.012687291018664837,0.012964;0.012739;0.012658;0.012687;0.012499,3.6753450227881914,272083.299336447,,13.023536682128906,365349580,3452,10,True,nid005184,57785338
PyANNS,graph=nq_splade_R32_L1600 ef=150 budget=0.9,64,0.021436848203939745,0.03534183082271147,1942.4017678920063,1.8494029770372435,0.0,0.013331110996659845,0.013660;0.013495;0.013331;0.013089;0.013202,3.861851389530662,258943.15941596392,,13.019866943359375,365348492,3452,10,True,nid006422,58031929
PyANNS,graph=nq_splade ef=150 budget=0.9,64,0.0220162224797219,0.03707995365005794,2.5963155979989097,1.900672035990283,0.0,0.013356601994019002,0.013828;0.013618;0.013357;0.013204;0.013306,3.8692358035976255,258448.9678996037,,9.566394805908203,365348876,3452,10,True,nid006587,57786388
PyANNS,R=32 L=200 ef=80 budget=0.8,64,0.051100811123986095,0.10921205098493626,413.6100737110246,1.833733683975879,0.0,0.01349853299325332,0.014646;0.013767;0.013499;0.013193;0.012985,3.910351388543836,255731.49332044736,,13.023536682128906,365349580,3452,10,True,nid005184,57785338
PyANNS,graph=nq_splade_R32_L1600 ef=80 budget=0.8,64,0.058603707995365004,0.12340672074159907,1942.4017678920063,1.8494029770372435,0.0,0.015853313030675054,0.015916;0.015853;0.015501;0.015823;0.016085,4.5925008779475816,217746.28390423005,,13.019866943359375,365348492,3452,10,True,nid006422,58031929
PyANNS,graph=nq_splade ef=80 budget=0.8,64,0.061964078794901505,0.126882966396292,2.5963155979989097,1.900672035990283,0.0,0.016089648997876793,0.016682;0.016090;0.016154;0.016071;0.016062,4.660964367866974,214547.87487629653,,9.566394805908203,365348876,3452,10,True,nid006587,57786388
PyANNS,graph=nq_splade_R48_L800 ef=80 budget=0.8,64,0.06335457705677867,0.13557358053302435,1724.0271129959729,1.8248727080062963,0.0,0.019609687034972012,0.020220;0.019703;0.019581;0.019554;0.019610,5.680674112100815,176035.44584080746,,13.344730377197266,536717196,3452,10,True,nid006950,58031930
PyANNS,R=32 L=200 ef=150 budget=0.8,64,0.07960602549246813,0.1436848203939745,413.6100737110246,1.833733683975879,0.0,0.024082695017568767,0.024092;0.024108;0.024083;0.023977;0.023850,6.976446992343212,143339.4392729594,,13.023536682128906,365349580,3452,10,True,nid005184,57785338
PyANNS,graph=nq_splade_R32_L400 ef=150 budget=0.8,64,0.08067786790266512,0.1451332560834299,688.3336675350438,1.8891333030187525,0.0,0.025805407960433513,0.024647;0.025736;0.026251;0.025805;0.025896,7.475494774169616,133770.40988047255,,13.012184143066406,365348940,3452,10,True,nid006791,57786390
PyANNS,graph=nq_splade ef=150 budget=0.8,64,0.08928157589803012,0.1581691772885284,2.5963155979989097,1.900672035990283,0.0,0.025897583982441574,0.026357;0.026415;0.025898;0.025889;0.025669,7.502196982167315,133294.28731036987,,9.566394805908203,365348876,3452,10,True,nid006587,57786388
PyANNS,graph=nq_splade_R48_L800 ef=150 budget=0.8,64,0.09275782155272307,0.16657010428736965,1724.0271129959729,1.8248727080062963,0.0,0.036953552975319326,0.037534;0.036954;0.037160;0.036920;0.036620,10.704968996326572,93414.56293270459,,13.347347259521484,536717196,3452,10,True,nid006950,58031930
PyANNS,R=32 L=200 ef=300 budget=0.8,64,0.11129779837775203,0.1694669756662804,413.6100737110246,1.833733683975879,0.0,0.04563571000471711,0.045636;0.045869;0.046043;0.045285;0.045150,13.220078216893716,75642.51766091041,,13.023536682128906,365349580,3452,10,True,nid005184,57785338
PyANNS,graph=nq_splade ef=300 budget=0.8,64,0.12291425260718424,0.18366164542294322,2.5963155979989097,1.900672035990283,0.0,0.052838918985798955,0.053429;0.052880;0.052453;0.052839;0.051538,15.306755210254622,65330.632538636215,,9.568347930908203,365348876,3452,10,True,nid006587,57786388
PyANNS,graph=nq_splade_R48_L800 ef=300 budget=0.8,64,0.1253476245654693,0.18742757821552722,1724.0271129959729,1.8248727080062963,0.0,0.07073705398943275,0.073420;0.070689;0.071895;0.070737;0.069966,20.49161471304541,48800.44906189741,,13.347347259521484,536717196,3452,10,True,nid006950,58031930
PyANNS,R=32 L=200 ef=80 budget=0.5,64,0.6081691772885284,0.7720162224797219,413.6100737110246,1.833733683975879,0.0,0.08365268399938941,0.083246;0.083286;0.083763;0.083653;0.084889,24.233106604689866,41265.86063903457,,13.023536682128906,365349580,3452,10,True,nid005184,57785338
PyANNS,graph=nq_splade_R32_L400 ef=80 budget=0.5,64,0.6449304750869062,0.805909617612978,688.3336675350438,1.8891333030187525,0.0,0.08796119003091007,0.087269;0.088255;0.087752;0.087961;0.088321,25.481225385547532,39244.58046539556,,13.010231018066406,365348940,3452,10,True,nid006791,57786390
PyANNS,graph=nq_splade ef=80 budget=0.5,64,0.6554171494785631,0.8180764774044033,2.5963155979989097,1.900672035990283,0.0,0.09052858798531815,0.090085;0.092346;0.090529;0.090312;0.092955,26.22496755078741,38131.60104253302,,9.566394805908203,365348876,3452,10,True,nid006587,57786388
PyANNS,R=32 L=200 ef=80 budget=0.3,64,0.8212920046349942,0.9212050984936269,413.6100737110246,1.833733683975879,0.0,0.09099222801160067,0.090992;0.091979;0.088436;0.093088;0.090789,26.35927810301294,37937.306025300335,,13.023536682128906,365349580,3452,10,True,nid005184,57785338
PyANNS,R=32 L=200 ef=80 budget=0.15,64,0.8692352259559676,0.9614716106604867,413.6100737110246,1.833733683975879,0.0,0.0917326930211857,0.089011;0.091733;0.093810;0.093441;0.090363,26.573781292348116,37631.076623933404,,13.023536682128906,365349580,3452,10,True,nid005184,57785338
PyANNS,R=32 L=200 ef=80 budget=0.03,64,0.8821842410196987,0.9733487833140209,413.6100737110246,1.833733683975879,0.0,0.09287512302398682,0.092537;0.092401;0.092875;0.093431;0.094833,26.904728570100467,37168.187643837126,,13.023536682128906,365349580,3452,10,True,nid005184,57785338
PyANNS,R=32 L=200 ef=80 budget=0.02,64,0.8824159907300115,0.973928157589803,413.6100737110246,1.833733683975879,0.0,0.09508161299163476,0.094530;0.094731;0.095233;0.095082;0.095162,27.543920333613777,36305.652495648195,,13.023536682128906,365349580,3452,10,True,nid005184,57785338
PyANNS,graph=nq_splade ef=80 budget=0.2,64,0.899188876013905,0.9707415990730012,2.5963155979989097,1.900672035990283,0.0,0.09549700503703207,0.096830;0.095497;0.097880;0.093856;0.095080,27.66425406634764,36147.7304828709,,9.566394805908203,365348876,3452,10,True,nid006587,57786388
PyANNS,graph=nq_splade_R32_L1600 ef=80 budget=0.2,64,0.9024623406720742,0.9719003476245655,1942.4017678920063,1.8494029770372435,0.0,0.09626573999412358,0.092354;0.096880;0.095998;0.096266;0.096492,27.886946695864303,35859.07094476937,,13.019866943359375,365348492,3452,10,True,nid006422,58031929
PyANNS,graph=nq_splade_R32_L1600 ef=80 budget=0.1,64,0.9132966396292005,0.9800115874855156,1942.4017678920063,1.8494029770372435,0.0,0.09660229296423495,0.092794;0.098581;0.096505;0.098039;0.096602,27.984441762524607,35734.14143780245,,13.019866943359375,365348492,3452,10,True,nid006422,58031929
PyANNS,graph=nq_splade ef=80 budget=0.05,64,0.9162804171494786,0.9826187717265353,2.5963155979989097,1.900672035990283,0.0,0.09679947997210547,0.096229;0.096759;0.096820;0.096799;0.099008,28.041564302463925,35661.34860429784,,9.566394805908203,365348876,3452,10,True,nid006587,57786388
PyANNS,graph=nq_splade_R32_L1600 ef=80 budget=0.05,64,0.9181633835457705,0.9826187717265353,1942.4017678920063,1.8494029770372435,0.0,0.09875122201628983,0.095855;0.097011;0.099409;0.100073;0.098751,28.606958869145373,34956.52944356034,,13.019866943359375,365348492,3452,10,True,nid006422,58031929
PyANNS,graph=nq_splade_R32_L1600 ef=80 budget=0.03,64,0.9188006952491309,0.9829084588644265,1942.4017678920063,1.8494029770372435,0.0,0.10148514399770647,0.100979;0.101485;0.101801;0.101690;0.101438,29.398940903159463,34014.83078230656,,13.019866943359375,365348492,3452,10,True,nid006422,58031929
PyANNS,graph=nq_splade_R32_L1600 ef=80 budget=0.02,64,0.919640787949015,0.9834878331402086,1942.4017678920063,1.8494029770372435,0.0,0.10440655198181048,0.104179;0.104547;0.104407;0.104216;0.104455,30.2452352206867,33063.05911339167,,13.019866943359375,365348492,3452,10,True,nid006422,58031929
PyANNS,graph=nq_splade_R48_L800 ef=80 budget=0.15,64,0.9358922363847045,0.9895712630359212,1724.0271129959729,1.8248727080062963,0.0,0.1321576969930902,0.129688;0.132158;0.130823;0.136979;0.138961,38.28438499220458,26120.309891451012,,13.344730377197266,536717196,3452,10,True,nid006950,58031930
PyANNS,graph=nq_splade_R48_L800 ef=80 budget=0.05,64,0.9425840092699884,0.9944959443800695,1724.0271129959729,1.8248727080062963,0.0,0.13241505500627682,0.131017;0.132095;0.132897;0.132415;0.135112,38.35893829845794,26069.543224041754,,13.344730377197266,536717196,3452,10,True,nid006950,58031930
PyANNS,graph=nq_splade_R48_L800 ef=80 budget=0.02,64,0.9429606025492469,0.9944959443800695,1724.0271129959729,1.8248727080062963,0.0,0.14194922999013215,0.142174;0.142017;0.141949;0.141605;0.140967,41.1208661616837,24318.553895924422,,13.344730377197266,536717196,3452,10,True,nid006950,58031930
PyANNS,graph=nq_splade_R32_L1600 ef=150 budget=0.15,64,0.9462050984936269,0.9913093858632677,1942.4017678920063,1.8494029770372435,0.0,0.14210899802856147,0.139507;0.141367;0.147360;0.142233;0.142109,41.16714890746277,24291.213419900458,,13.019866943359375,365348492,3452,10,True,nid006422,58031929
PyANNS,graph=nq_splade ef=150 budget=0.1,64,0.9466685979142526,0.9930475086906141,2.5963155979989097,1.900672035990283,0.0,0.14312093198532239,0.142571;0.142812;0.143121;0.144308;0.144639,41.46029315913162,24119.462835485283,,9.566394805908203,365348876,3452,10,True,nid006587,57786388
PyANNS,graph=nq_splade_R32_L1600 ef=150 budget=0.1,64,0.9483487833140208,0.9913093858632677,1942.4017678920063,1.8494029770372435,0.0,0.1463680500164628,0.142973;0.145917;0.146368;0.146679;0.149549,42.4009414879672,23584.381971418865,,13.019866943359375,365348492,3452,10,True,nid006422,58031929
PyANNS,graph=nq_splade ef=150 budget=0.07,64,0.9486674391657011,0.9947856315179606,2.5963155979989097,1.900672035990283,0.0,0.15236969501711428,0.153403;0.152370;0.152310;0.152360;0.152755,44.139540850844234,22655.42370228062,,9.566394805908203,365348876,3452,10,True,nid006587,57786388
PyANNS,graph=nq_splade_R32_L1600 ef=150 budget=0.07,64,0.9506083429895713,0.9936268829663963,1942.4017678920063,1.8494029770372435,0.0,0.1524389569531195,0.152039;0.152579;0.152720;0.152439;0.151821,44.159605142850374,22645.130017923275,,13.019866943359375,365348492,3452,10,True,nid006422,58031929
PyANNS,graph=nq_splade_R32_L1600 ef=150 budget=0.05,64,0.9526940903823871,0.9947856315179606,1942.4017678920063,1.8494029770372435,0.0,0.15957926801638678,0.159738;0.159487;0.159579;0.160377;0.159445,46.22806141842027,21631.88265561867,,13.019866943359375,365348492,3452,10,True,nid006422,58031929
PyANNS,graph=nq_splade_R32_L1600 ef=150 budget=0.02,64,0.952954808806489,0.9950753186558516,1942.4017678920063,1.8494029770372435,0.0,0.1680837250314653,0.167621;0.168057;0.168297;0.168084;0.169056,48.691693230436066,20537.383969529383,,13.019866943359375,365348492,3452,10,True,nid006422,58031929
PyANNS,graph=nq_splade_R48_L800 ef=150 budget=0.2,64,0.9590961761297798,0.9956546929316339,1724.0271129959729,1.8248727080062963,0.0,0.20376207900699228,0.198175;0.203762;0.204615;0.205700;0.201488,59.02725347827123,16941.326947697376,,13.347347259521484,536717196,3452,10,True,nid006950,58031930
PyANNS,graph=nq_splade_R48_L800 ef=150 budget=0.15,64,0.9640498261877173,0.9973928157589803,1724.0271129959729,1.8248727080062963,0.0,0.20693299395497888,0.206933;0.202699;0.202077;0.212428;0.210835,59.9458267540495,16681.72838958214,,13.347347259521484,536717196,3452,10,True,nid006950,58031930
PyANNS,graph=nq_splade_R48_L800 ef=150 budget=0.07,64,0.965034762456547,0.9979721900347625,1724.0271129959729,1.8248727080062963,0.0,0.20750169502571225,0.208202;0.207210;0.208400;0.207477;0.207502,60.110572139545845,16636.0086821086,,13.347347259521484,536717196,3452,10,True,nid006950,58031930
PyANNS,graph=nq_splade_R48_L800 ef=150 budget=0.1,64,0.9650926998841252,0.9976825028968713,1724.0271129959729,1.8248727080062963,0.0,0.20954948297003284,0.207173;0.210500;0.209549;0.205179;0.210424,60.70378996814393,16473.436016511965,,13.347347259521484,536717196,3452,10,True,nid006950,58031930
PyANNS,graph=nq_splade_R48_L800 ef=150 budget=0.05,64,0.9660776361529548,0.9985515643105446,1724.0271129959729,1.8248727080062963,0.0,0.2216019299812615,0.222381;0.220320;0.221998;0.221602;0.221341,64.19522884741063,15577.48165953202,,13.347347259521484,536717196,3452,10,True,nid006950,58031930
PyANNS,graph=nq_splade_R48_L800 ef=150 budget=0.01,64,0.966657010428737,0.9988412514484357,1724.0271129959729,1.8248727080062963,0.0,0.24287128302967176,0.243176;0.243969;0.242363;0.242759;0.242871,70.35668685679947,14213.290089047978,,13.347347259521484,536717196,3452,10,True,nid006950,58031930
PyANNS,graph=nq_splade ef=300 budget=0.15,64,0.9670625724217845,0.9979721900347625,2.5963155979989097,1.900672035990283,0.0,0.2436309929471463,0.243238;0.244330;0.242639;0.244458;0.243631,70.57676504842013,14168.969055381564,,9.568347930908203,365348876,3452,10,True,nid006587,57786388
PyANNS,graph=nq_splade_R32_L1600 ef=300 budget=0.2,64,0.9681344148319815,0.9973928157589803,1942.4017678920063,1.8494029770372435,0.0,0.2511936009977944,0.250798;0.254311;0.249767;0.251194;0.254297,72.7675553296044,13742.388286516541,,13.019866943359375,365348492,3452,10,True,nid006422,58031929
PyANNS,graph=nq_splade_R32_L1600 ef=300 budget=0.15,64,0.9689745075318655,0.9968134414831982,1942.4017678920063,1.8494029770372435,0.0,0.2529348889947869,0.252146;0.258111;0.252549;0.260639;0.252935,73.27198406569724,13647.781109671854,,13.019866943359375,365348492,3452,10,True,nid006422,58031929
PyANNS,graph=nq_splade_R32_L1600 ef=300 budget=0.1,64,0.971234067207416,0.9979721900347625,1942.4017678920063,1.8494029770372435,0.0,0.25927849498111755,0.261066;0.257212;0.258108;0.259278;0.262682,75.10964512778607,13313.86932129253,,13.019866943359375,365348492,3452,10,True,nid006422,58031929
PyANNS,graph=nq_splade_R64_L800 ef=150 budget=0.05,64,0.9716396292004635,0.9985515643105446,2201.4017655950156,1.9150404650135897,0.0,0.27683879900723696,0.279929;0.275768;0.275155;0.277016;0.276839,80.19663934160978,12469.350439241574,,13.658500671386719,708180108,3452,10,True,nid006470,58031931
PyANNS,graph=nq_splade_R64_L800 ef=150 budget=0.01,64,0.9719003476245655,0.9988412514484357,2201.4017655950156,1.9150404650135897,0.0,0.31267017201753333,0.313182;0.309998;0.312553;0.312943;0.312670,90.57652723567014,11040.387951705305,,13.658500671386719,708180108,3452,10,True,nid006470,58031931
PyANNS,graph=nq_splade_R48_L800 ef=300 budget=0.2,64,0.9772016222479721,0.9991309385863267,1724.0271129959729,1.8248727080062963,0.0,0.40243329299846664,0.406630;0.397355;0.407394;0.396471;0.402433,116.57974884080726,8577.819131910523,,13.347347259521484,536717196,3452,10,True,nid006950,58031930
PyANNS,graph=nq_splade_R48_L800 ef=300 budget=0.15,64,0.9782444959443801,0.9991309385863267,1724.0271129959729,1.8248727080062963,0.0,0.40683847898617387,0.402011;0.409572;0.405696;0.414701;0.406838,117.85587456146403,8484.939793802823,,13.347347259521484,536717196,3452,10,True,nid006950,58031930
PyANNS,graph=nq_splade_R48_L800 ef=300 budget=0.1,64,0.9796349942062572,0.9994206257242179,1724.0271129959729,1.8248727080062963,0.0,0.41662501299288124,0.409757;0.417472;0.418116;0.400093;0.416625,120.6909075877408,8285.628304460402,,13.347347259521484,536717196,3452,10,True,nid006950,58031930
PyANNS,graph=nq_splade_R48_L800 ef=300 budget=0.07,64,0.9797798377752028,0.9994206257242179,1724.0271129959729,1.8248727080062963,0.0,0.4205054710037075,0.429086;0.404196;0.421853;0.418060;0.420505,121.81502636260356,8209.167865902902,,13.347347259521484,536717196,3452,10,True,nid006950,58031930
PyANNS,graph=nq_splade_R48_L800 ef=300 budget=0.05,64,0.9802433371958285,0.9997103128621089,1724.0271129959729,1.8248727080062963,0.0,0.4251890470040962,0.423726;0.425189;0.426930;0.420991;0.425859,123.17179808925152,8118.741591118042,,13.347347259521484,536717196,3452,10,True,nid006950,58031930
PyANNS,graph=nq_splade_R48_L800 ef=300 budget=0.02,64,0.980359212050985,0.9997103128621089,1724.0271129959729,1.8248727080062963,0.0,0.44000750000122935,0.440008;0.438280;0.441291;0.439745;0.440821,127.46451332596446,7845.320818373222,,13.347347259521484,536717196,3452,10,True,nid006950,58031930
PyANNS,graph=nq_splade_R64_L800 ef=300 budget=0.2,64,0.981981460023175,0.9994206257242179,2201.4017655950156,1.9150404650135897,0.0,0.5098291320027784,0.516879;0.513043;0.506913;0.504612;0.509829,147.69094206337726,6770.895940056223,,13.658500671386719,708180108,3452,10,True,nid006470,58031931
PyANNS,graph=nq_splade_R64_L800 ef=300 budget=0.15,64,0.9831112398609502,0.9994206257242179,2201.4017655950156,1.9150404650135897,0.0,0.5152983760344796,0.519495;0.510746;0.515298;0.506994;0.520178,149.27531171334866,6699.031397236579,,13.658500671386719,708180108,3452,10,True,nid006470,58031931
PyANNS,graph=nq_splade_R64_L800 ef=300 budget=0.1,64,0.9840961761297798,1.0,2201.4017655950156,1.9150404650135897,0.0,0.5265865449910052,0.523275;0.538979;0.531295;0.526587;0.522913,152.5453490703955,6555.427655408409,,13.658500671386719,708180108,3452,10,True,nid006470,58031931
PyANNS,graph=nq_splade_R48_L800 ef=600 budget=0.3,64,0.9842699884125145,0.9997103128621089,1724.0271129959729,1.8248727080062963,0.0,0.7211105889873579,0.713516;0.727372;0.715437;0.726796;0.721111,208.89646262669697,4787.060476878559,,13.35446548461914,536717196,3452,10,True,nid006950,58031930
PyANNS,graph=nq_splade_R48_L800 ef=600 budget=0.2,64,0.9865295480880649,1.0,1724.0271129959729,1.8248727080062963,0.0,0.7403668999904767,0.739402;0.741638;0.740367;0.740068;0.743837,214.4747682475309,4662.553120681655,,13.35446548461914,536717196,3452,10,True,nid006950,58031930
PyANNS,graph=nq_splade_R48_L800 ef=600 budget=0.15,64,0.9876593279258401,1.0,1724.0271129959729,1.8248727080062963,0.0,0.7537315359804779,0.756062;0.748818;0.749213;0.753732;0.757804,218.34633139643046,4579.8800172392,,13.35446548461914,536717196,3452,10,True,nid006950,58031930
PyANNS,graph=nq_splade_R48_L800 ef=600 budget=0.1,64,0.9879490150637311,1.0,1724.0271129959729,1.8248727080062963,0.0,0.7724563669762574,0.766458;0.773022;0.772456;0.782222;0.767035,223.77067409509195,4468.86082836327,,13.35446548461914,536717196,3452,10,True,nid006950,58031930
PyANNS,graph=nq_splade_R48_L800 ef=600 budget=0.07,64,0.9881228273464658,1.0,1724.0271129959729,1.8248727080062963,0.0,0.779368941031862,0.789388;0.775307;0.779369;0.778379;0.780070,225.7731578887202,4429.224489533354,,13.35446548461914,536717196,3452,10,True,nid006950,58031930
PyANNS,graph=nq_splade_R64_L800 ef=600 budget=0.2,64,0.9892815758980301,1.0,2201.4017655950156,1.9150404650135897,0.0,0.937558452016674,0.945871;0.930208;0.927129;0.946636;0.937558,271.59862457029953,3681.903770986012,,13.666492462158203,708180108,3452,10,True,nid006470,58031931
PyANNS,graph=nq_splade_R64_L800 ef=600 budget=0.15,64,0.9902665121668598,1.0,2201.4017655950156,1.9150404650135897,0.0,0.9503850750043057,0.940339;0.943190;0.950385;0.955810;0.953451,275.3143322723945,3632.211922082595,,13.666492462158203,708180108,3452,10,True,nid006470,58031931
PyANNS,graph=nq_splade_R64_L800 ef=600 budget=0.1,64,0.9907879490150637,1.0,2201.4017655950156,1.9150404650135897,0.0,0.9736543719773181,0.973654;0.968909;0.973117;0.984120;0.973835,282.05514831324393,3545.4059462492883,,13.666492462158203,708180108,3452,10,True,nid006470,58031931
PyANNS,graph=nq_splade_R64_L800 ef=600 budget=0.05,64,0.9908458864426419,1.0,2201.4017655950156,1.9150404650135897,0.0,0.9895454209763557,0.989545;0.991610;0.987401;0.998800;0.980551,286.658580815862,3488.470490413681,,13.666492462158203,708180108,3452,10,True,nid006470,58031931
PyANNS,graph=nq_splade_R64_L800 ef=600 budget=0.03,64,0.9909617612977983,1.0,2201.4017655950156,1.9150404650135897,0.0,1.0049027939676307,1.002876;1.004903;1.011117;1.003233;1.007802,291.10741424323027,3435.1581274548566,,13.666492462158203,708180108,3452,10,True,nid006470,58031931
PyANNS,graph=nq_splade_R48_L800 ef=1200 budget=0.2,64,0.9923812282734646,1.0,1724.0271129959729,1.8248727080062963,0.0,1.4232901519862935,1.421035;1.435217;1.423290;1.432788;1.422788,412.3088505174662,2425.3663212539695,,13.36227798461914,536717196,3452,10,True,nid006950,58031930
PyANNS,graph=nq_splade_R48_L800 ef=1200 budget=0.15,64,0.9925550405561993,1.0,1724.0271129959729,1.8248727080062963,0.0,1.442212754045613,1.439707;1.440104;1.449431;1.461522;1.442213,417.79048494948233,2393.54421899033,,13.36227798461914,536717196,3452,10,True,nid006950,58031930
PyANNS,graph=nq_splade_R64_L800 ef=1200 budget=0.3,64,0.992728852838934,1.0,2201.4017655950156,1.9150404650135897,0.0,1.752048297028523,1.754740;1.760115;1.742035;1.741445;1.752048,507.5458566131295,1970.2653207988606,,13.674304962158203,708180108,3452,10,True,nid006470,58031931
PyANNS,graph=nq_splade_R64_L800 ef=1200 budget=0.2,64,0.9936848203939745,1.0,2201.4017655950156,1.9150404650135897,0.0,1.7862093119765632,1.791154;1.786209;1.777136;1.778672;1.787490,517.4418632608816,1932.5842592210681,,13.674304962158203,708180108,3452,10,True,nid006470,58031931
PyANNS,graph=nq_splade_R64_L800 ef=1200 budget=0.15,64,0.9942931633835458,1.0,2201.4017655950156,1.9150404650135897,0.0,1.8022705530165695,1.807894;1.804719;1.802271;1.798424;1.796536,522.0945982087396,1915.3617053900027,,13.674304962158203,708180108,3452,10,True,nid006470,58031931
PyANNS,graph=nq_splade_R48_L800 ef=2400 budget=0.3,64,0.9945828505214368,1.0,1724.0271129959729,1.8248727080062963,0.0,2.7071816719835624,2.706727;2.709722;2.696927;2.723914;2.707182,784.2357103081004,1275.1268360466945,,13.393451690673828,536717196,3452,10,True,nid006950,58031930
PyANNS,graph=nq_splade_R48_L800 ef=2400 budget=0.2,64,0.9949304750869061,1.0,1724.0271129959729,1.8248727080062963,0.0,2.7569001609808765,2.758468;2.759611;2.756900;2.746338;2.749451,798.6385170860013,1252.130943607263,,13.393451690673828,536717196,3452,10,True,nid006950,58031930
PyANNS,graph=nq_splade_R48_L800 ef=2400 budget=0.15,64,0.9950463499420625,1.0,1724.0271129959729,1.8248727080062963,0.0,2.8033219639910385,2.788187;2.805351;2.785494;2.806962;2.803322,812.0863163357585,1231.3961950647476,,13.393451690673828,536717196,3452,10,True,nid006950,58031930
PyANNS,graph=nq_splade_R48_L800 ef=2400 budget=0.1,64,0.9952201622247973,1.0,1724.0271129959729,1.8248727080062963,0.0,2.8556816849741153,2.865373;2.848184;2.850047;2.855682;2.867389,827.2542540481214,1208.8182020298561,,13.393451690673828,536717196,3452,10,True,nid006950,58031930
PyANNS,graph=nq_splade_R64_L800 ef=2400 budget=0.3,64,0.9957995365005794,1.0,2201.4017655950156,1.9150404650135897,0.0,3.3663345830282196,3.372086;3.364810;3.361633;3.367285;3.366335,975.1838305411992,1025.4476834844857,,13.705207824707031,708180108,3452,10,True,nid006470,58031931
PyANNS,graph=nq_splade_R64_L800 ef=2400 budget=0.2,64,0.9963209733487833,1.0,2201.4017655950156,1.9150404650135897,0.0,3.4088695520185865,3.402642;3.412917;3.428585;3.408870;3.402274,987.5056639683042,1012.6524196139666,,13.705207824707031,708180108,3452,10,True,nid006470,58031931
PyANNS,graph=nq_splade_R64_L800 ef=2400 budget=0.15,64,0.9964368482039397,1.0,2201.4017655950156,1.9150404650135897,0.0,3.4516504330094904,3.462221;3.451650;3.435708;3.448218;3.453360,999.898734939018,1000.1012753166331,,13.705207824707031,708180108,3452,10,True,nid006470,58031931
PyANNS,graph=nq_splade_R48_L800 ef=4800 budget=0.2,64,0.996523754345307,1.0,1724.0271129959729,1.8248727080062963,0.0,5.287395961000584,5.294976;5.295982;5.287396;5.276175;5.283022,1531.6906028391031,652.8733662963167,,13.439750671386719,536717196,3452,10,True,nid006950,58031930
PyANNS,graph=nq_splade_R48_L800 ef=4800 budget=0.1,64,0.9965816917728852,1.0,1724.0271129959729,1.8248727080062963,0.0,5.4856398070114665,5.491866;5.491794;5.471994;5.485640;5.475566,1589.1192951945152,629.2793769630716,,13.439750671386719,536717196,3452,10,True,nid006950,58031930
PyANNS,graph=nq_splade_R48_L800 ef=4800 budget=0.07,64,0.9966396292004635,1.0,1724.0271129959729,1.8248727080062963,0.0,5.595499576011207,5.605853;5.598693;5.595500;5.582435;5.594711,1620.9442572454248,616.924360927355,,13.439750671386719,536717196,3452,10,True,nid006950,58031930
PyANNS,graph=nq_splade_R64_L800 ef=4800 budget=0.3,64,0.997045191193511,1.0,2201.4017655950156,1.9150404650135897,0.0,6.417641003034078,6.414180;6.417641;6.407833;6.418634;6.428654,1859.1080541813665,537.8923499098801,,13.751502990722656,708180108,3452,10,True,nid006470,58031931
PyANNS,graph=nq_splade_R64_L800 ef=4800 budget=0.2,64,0.9973348783314021,1.0,2201.4017655950156,1.9150404650135897,0.0,6.475055500981398,6.481040;6.475056;6.456230;6.480496;6.458062,1875.7402957651789,533.122843422237,,13.751502990722656,708180108,3452,10,True,nid006470,58031931
PyANNS,graph=nq_splade_R64_L800 ef=4800 budget=0.15,64,0.9975086906141367,1.0,2201.4017655950156,1.9150404650135897,0.0,6.551175776985474,6.563638;6.550341;6.515659;6.552155;6.551176,1897.7913606562788,526.9283129491054,,13.751502990722656,708180108,3452,10,True,nid006470,58031931
PyANNS,graph=nq_splade_R64_L800 ef=4800 budget=0.1,64,0.9975666280417149,1.0,2201.4017655950156,1.9150404650135897,0.0,6.660482481995132,6.676921;6.654995;6.666658;6.634113;6.660482,1929.4561071828307,518.2807716004925,,13.751502990722656,708180108,3452,10,True,nid006470,58031931
SEISMIC,n_postings=500 summary_energy=0.6 centroid_fraction=0.3 max_fraction=6.0 doc_cut=15 nknn=0 n_knn=0 sorted=True query_cut=1 heap_factor=1.0,64,0.5741309385863268,0.8258980301274623,33.88040570099838,0.2489896300030523,0.0,0.019131471002765466,0.024004;0.019131;0.023435;0.018087;0.018588,5.5421410784372735,180435.68105667416,,3.9072494506835938,2823562072,3452,10,False,nid006505,57842803
SEISMIC,n_postings=500 summary_energy=0.6 centroid_fraction=0.4 max_fraction=6.0 doc_cut=15 nknn=0 n_knn=0 sorted=True query_cut=1 heap_factor=1.0,64,0.5757242178447277,0.8256083429895713,34.589354631003516,0.24749720100226114,0.0,0.01978038900415413,0.024242;0.019780;0.023848;0.019612;0.019715,5.730124276985554,174516.28475431076,,3.9072532653808594,2813412457,3452,10,False,nid006505,57842803
SEISMIC,n_postings=500 summary_energy=0.6 centroid_fraction=0.2 max_fraction=6.0 doc_cut=15 nknn=0 n_knn=0 sorted=True query_cut=1 heap_factor=1.0,64,0.5837195828505214,0.8261877172653534,33.76919502099918,1.8853475409996463,0.0,0.02028283799882047,0.025758;0.020283;0.022855;0.019755;0.019556,5.8756772881866945,170193.14556477492,,3.9008750915527344,2794979748,3452,10,False,nid006505,57842803
SEISMIC,n_postings=1000 summary_energy=0.6 centroid_fraction=0.3 max_fraction=6.0 doc_cut=15 nknn=0 n_knn=0 sorted=True query_cut=1 heap_factor=1.0,64,0.6597334878331402,0.8977404403244496,57.32033835499897,0.24619875999633223,0.0,0.020984533002774697,0.026034;0.020806;0.025534;0.020167;0.020985,6.078949305554663,164502.11208148193,,4.761993408203125,3928386762,3452,10,False,nid006505,57842803
SEISMIC,n_postings=500 summary_energy=0.6 centroid_fraction=0.3 max_fraction=6.0 doc_cut=15 nknn=0 n_knn=0 sorted=True query_cut=2 heap_factor=1.0,64,0.704287369640788,0.9319235225955967,33.88040570099838,0.2489896300030523,0.0,0.02152860000205692,0.026333;0.021376;0.020954;0.026719;0.021529,6.236558517397716,160344.84358807278,,3.9072494506835938,2823562072,3452,10,True,nid006505,57842803
SEISMIC,n_postings=500 summary_energy=0.6 centroid_fraction=0.4 max_fraction=6.0 doc_cut=15 nknn=0 n_knn=0 sorted=True query_cut=2 heap_factor=1.0,64,0.7066628041714947,0.93279258400927,34.589354631003516,0.24749720100226114,0.0,0.02233385099680163,0.027989;0.022186;0.022334;0.027711;0.021960,6.469829373349255,154563.5815558343,,3.9072532653808594,2813412457,3452,10,True,nid006505,57842803
SEISMIC,n_postings=2000 summary_energy=0.6 centroid_fraction=0.4 max_fraction=6.0 doc_cut=15 nknn=0 n_knn=0 sorted=True query_cut=1 heap_factor=1.0,64,0.7125434530706837,0.9411935110081112,108.20340261700039,0.23669303199858405,0.0,0.022953444997256156,0.028143;0.022823;0.026356;0.022212;0.022953,6.64931778599541,150391.36828535545,,7.720756530761719,6054054440,3452,10,True,nid006505,57842803
SEISMIC,n_postings=500 summary_energy=0.6 centroid_fraction=0.2 max_fraction=6.0 doc_cut=15 nknn=0 n_knn=0 sorted=True query_cut=2 heap_factor=1.0,64,0.7141077636152955,0.93279258400927,33.76919502099918,1.8853475409996463,0.0,0.023013883001112845,0.029618;0.022901;0.022717;0.029402;0.023014,6.666825898352505,149996.41737263883,,3.9008750915527344,2794979748,3452,10,True,nid006505,57842803
SEISMIC,n_postings=500 summary_energy=0.6 centroid_fraction=0.3 max_fraction=6.0 doc_cut=15 nknn=0 n_knn=0 sorted=True query_cut=3 heap_factor=1.0,64,0.7632097334878332,0.9698725376593279,33.88040570099838,0.2489896300030523,0.0,0.02354177700181026,0.023040;0.028060;0.023069;0.023542;0.028446,6.819750000524409,146632.9410789405,,3.9072494506835938,2823562072,3452,10,True,nid006505,57842803
SEISMIC,n_postings=500 summary_energy=0.6 centroid_fraction=0.4 max_fraction=6.0 doc_cut=15 nknn=0 n_knn=0 sorted=True query_cut=3 heap_factor=1.0,64,0.7667728852838934,0.970162224797219,34.589354631003516,0.24749720100226114,0.0,0.02400105699780397,0.023157;0.030038;0.024001;0.023532;0.029009,6.952797508054453,143826.99896574757,,3.9072532653808594,2813412457,3452,10,True,nid006505,57842803
SEISMIC,n_postings=1000 summary_energy=0.6 centroid_fraction=0.3 max_fraction=6.0 doc_cut=15 nknn=0 n_knn=0 sorted=True query_cut=2 heap_factor=1.0,64,0.8074449594438007,0.9727694090382387,57.32033835499897,0.24619875999633223,0.0,0.025272860999393743,0.029591;0.024335;0.025079;0.030238;0.025273,7.321222769233413,136589.20531722973,,4.7838592529296875,3928386762,3452,10,True,nid006505,57842803
SEISMIC,n_postings=1000 summary_energy=0.6 centroid_fraction=0.4 max_fraction=6.0 doc_cut=15 nknn=0 n_knn=0 sorted=True query_cut=2 heap_factor=1.0,64,0.809154113557358,0.9727694090382387,59.05521362699801,0.23679884100420168,0.0,0.02566561900312081,0.031344;0.025019;0.025524;0.030618;0.025666,7.43499971121692,134498.9964816455,,4.782863616943359,3905258966,3452,10,True,nid006505,57842803
SEISMIC,n_postings=500 summary_energy=0.6 centroid_fraction=0.2 max_fraction=6.0 doc_cut=15 nknn=0 n_knn=0 sorted=True query_cut=5 heap_factor=1.0,64,0.8112398609501739,0.9855156431054461,33.76919502099918,1.8853475409996463,0.0,0.02758485799859045,0.027585;0.032795;0.027289;0.033478;0.027483,7.990978562743467,125141.11909426514,,3.9008750915527344,2794979748,3452,10,True,nid006505,57842803
SEISMIC,n_postings=1000 summary_energy=0.6 centroid_fraction=0.2 max_fraction=6.0 doc_cut=15 nknn=0 n_knn=0 sorted=True query_cut=2 heap_factor=1.0,64,0.8186848203939745,0.9730590961761297,55.01584693900077,0.24623376200179337,0.0,0.02776772699871799,0.031551;0.026619;0.027348;0.032816;0.027768,8.043953359999417,124316.98137047284,,4.753208160400391,3872051337,3452,10,True,nid006505,57842803
SEISMIC,n_postings=1000 summary_energy=0.6 centroid_fraction=0.3 max_fraction=6.0 doc_cut=15 nknn=0 n_knn=0 sorted=True query_cut=3 heap_factor=1.0,64,0.8710602549246813,0.9959443800695249,57.32033835499897,0.24619875999633223,0.0,0.028286271000979468,0.027776;0.033580;0.027805;0.028286;0.033737,8.19416888788513,122038.00210640942,,4.7975006103515625,3928386762,3452,10,True,nid006505,57842803
SEISMIC,n_postings=1000 summary_energy=0.6 centroid_fraction=0.4 max_fraction=6.0 doc_cut=15 nknn=0 n_knn=0 sorted=True query_cut=3 heap_factor=1.0,64,0.8724797219003476,0.9959443800695249,59.05521362699801,0.23679884100420168,0.0,0.02850406099605607,0.028504;0.032922;0.028480;0.028389;0.033492,8.257259848220182,121105.55055567808,,4.7933349609375,3905258966,3452,10,True,nid006505,57842803
SEISMIC,n_postings=1000 summary_energy=0.6 centroid_fraction=0.2 max_fraction=6.0 doc_cut=15 nknn=0 n_knn=0 sorted=True query_cut=3 heap_factor=1.0,64,0.882271147161066,0.9959443800695249,55.01584693900077,0.24623376200179337,0.0,0.030258156002673786,0.029114;0.034682;0.030245;0.030258;0.035391,8.7653986102763,114084.94290580567,,4.770603179931641,3872051337,3452,10,True,nid006505,57842803
SEISMIC,n_postings=2000 summary_energy=0.6 centroid_fraction=0.2 max_fraction=6.0 doc_cut=15 nknn=16 n_knn=8 sorted=True query_cut=2 heap_factor=1.0,64,0.9140787949015063,0.9910196987253765,94.67536147707142,1.8940246638376266,0.0,0.030708036152645946,0.030708;0.035609;0.029963;0.035762;0.029724,8.895723103315742,112413.57092457896,,7.980007171630859,5998016999,3452,10,True,nid006595,57842804
SEISMIC,n_postings=2000 summary_energy=0.6 centroid_fraction=0.2 max_fraction=6.0 doc_cut=15 nknn=16 n_knn=16 sorted=True query_cut=2 heap_factor=1.0,64,0.9297508690614137,0.992468134414832,94.67536147707142,1.8940246638376266,0.0,0.031099592801183462,0.031038;0.035423;0.030870;0.031100;0.035829,9.0091520281528,110998.2378891031,,7.989112854003906,5998016999,3452,10,True,nid006595,57842804
SEISMIC,n_postings=2000 summary_energy=0.6 centroid_fraction=0.2 max_fraction=6.0 doc_cut=15 nknn=16 n_knn=4 sorted=True query_cut=3 heap_factor=1.0,64,0.9439745075318656,0.9991309385863267,94.67536147707142,1.8940246638376266,0.0,0.03497914783656597,0.039545;0.034702;0.034846;0.039360;0.034979,10.133009222643677,98687.36700301775,,7.991046905517578,5998016999,3452,10,True,nid006595,57842804
SEISMIC,n_postings=2000 summary_energy=0.6 centroid_fraction=0.2 max_fraction=6.0 doc_cut=15 nknn=16 n_knn=16 sorted=True query_cut=3 heap_factor=1.0,64,0.9623406720741599,0.9997103128621089,94.67536147707142,1.8940246638376266,0.0,0.03631332493387163,0.035463;0.040757;0.036125;0.036313;0.040318,10.519503167401977,95061.52373230112,,8.004020690917969,5998016999,3452,10,True,nid006595,57842804
SEISMIC,n_postings=2000 summary_energy=0.6 centroid_fraction=0.2 max_fraction=6.0 doc_cut=15 nknn=16 n_knn=8 sorted=True query_cut=5 heap_factor=1.0,64,0.9741599073001159,1.0,94.67536147707142,1.8940246638376266,0.0,0.041852456983178854,0.046699;0.041819;0.046260;0.041488;0.041852,12.124118477166528,82480.22335671743,,8.027713775634766,5998016999,3452,10,True,nid006595,57842804
SEISMIC,n_postings=2000 summary_energy=0.6 centroid_fraction=0.2 max_fraction=6.0 doc_cut=15 nknn=16 n_knn=16 sorted=True query_cut=5 heap_factor=1.0,64,0.9786500579374275,1.0,94.67536147707142,1.8940246638376266,0.0,0.042934717843309045,0.047304;0.042935;0.042260;0.047546;0.042504,12.437635528189178,80401.1339400932,,8.027713775634766,5998016999,3452,10,True,nid006595,57842804
SEISMIC,n_postings=2000 summary_energy=0.6 centroid_fraction=0.4 max_fraction=6.0 doc_cut=15 nknn=0 n_knn=0 sorted=True query_cut=5 heap_factor=0.9,64,0.9832271147161066,1.0,108.20340261700039,0.23669303199858405,0.0,0.04883645899826661,0.054148;0.048836;0.048277;0.053399;0.048473,14.147294031942819,70684.89548192928,,7.778724670410156,6054054440,3452,10,True,nid006505,57842803
SEISMIC,n_postings=2000 summary_energy=0.7 centroid_fraction=0.4 max_fraction=6.0 doc_cut=15 nknn=0 n_knn=0 sorted=True query_cut=5 heap_factor=1.0,64,0.985486674391657,1.0,109.7090876479997,0.2406212459973176,0.0,0.04906588800076861,0.047629;0.051684;0.048157;0.053716;0.049066,14.213756663026828,70354.37736184301,,8.911396026611328,7085966846,3452,10,True,nid006505,57842803
SEISMIC,n_postings=2000 summary_energy=0.6 centroid_fraction=0.2 max_fraction=6.0 doc_cut=15 nknn=16 n_knn=8 sorted=True query_cut=4 heap_factor=0.9,64,0.9855156431054461,1.0,94.67536147707142,1.8940246638376266,0.0,0.05151327094063163,0.055977;0.050576;0.050924;0.055043;0.051513,14.922732022199197,67011.85805068338,,8.027713775634766,5998016999,3452,10,True,nid006595,57842804
SEISMIC,n_postings=2000 summary_energy=0.6 centroid_fraction=0.2 max_fraction=6.0 doc_cut=15 nknn=16 n_knn=16 sorted=True query_cut=4 heap_factor=0.9,64,0.987630359212051,1.0,94.67536147707142,1.8940246638376266,0.0,0.05262211314402521,0.051778;0.056478;0.052622;0.056203;0.051841,15.24394934647312,65599.79814098259,,8.027713775634766,5998016999,3452,10,True,nid006595,57842804
SEISMIC,n_postings=2000 summary_energy=0.6 centroid_fraction=0.2 max_fraction=6.0 doc_cut=15 nknn=16 n_knn=4 sorted=True query_cut=5 heap_factor=0.9,64,0.9883835457705678,1.0,94.67536147707142,1.8940246638376266,0.0,0.055697816191241145,0.056095;0.055429;0.060472;0.055698;0.055128,16.134940959223968,61977.29527038171,,8.027713775634766,5998016999,3452,10,True,nid006595,57842804
SEISMIC,n_postings=2000 summary_energy=0.6 centroid_fraction=0.2 max_fraction=6.0 doc_cut=15 nknn=16 n_knn=8 sorted=True query_cut=5 heap_factor=0.9,64,0.9895712630359212,1.0,94.67536147707142,1.8940246638376266,0.0,0.056095143081620336,0.060551;0.055636;0.060246;0.056095;0.056032,16.25004144890508,61538.304572594156,,8.027713775634766,5998016999,3452,10,True,nid006595,57842804
SEISMIC,n_postings=2000 summary_energy=0.6 centroid_fraction=0.2 max_fraction=6.0 doc_cut=15 nknn=16 n_knn=16 sorted=True query_cut=5 heap_factor=0.9,64,0.9909038238702201,1.0,94.67536147707142,1.8940246638376266,0.0,0.05708403303287923,0.060976;0.056879;0.056523;0.060668;0.057084,16.536510148574518,60472.25146148519,,8.027713775634766,5998016999,3452,10,True,nid006595,57842804
SEISMIC,n_postings=2000 summary_energy=0.8 centroid_fraction=0.3 max_fraction=6.0 doc_cut=15 nknn=0 n_knn=0 sorted=True query_cut=5 heap_factor=1.0,64,0.993018539976825,1.0,102.42884952200257,0.24523567800497403,0.0,0.0595450830005575,0.059545;0.063805;0.059196;0.062941;0.058895,17.249444669918162,57972.88081650135,,10.33773422241211,8496501485,3452,10,True,nid006505,57842803
SEISMIC,n_postings=2000 summary_energy=0.6 centroid_fraction=0.2 max_fraction=6.0 doc_cut=15 nknn=16 n_knn=16 sorted=True query_cut=7 heap_factor=0.9,64,0.9932213209733488,1.0,94.67536147707142,1.8940246638376266,0.0,0.06611276580952108,0.071231;0.065637;0.069991;0.065918;0.066113,19.152017905423257,52213.81918804655,,8.027713775634766,5998016999,3452,10,True,nid006595,57842804
SEISMIC,n_postings=2000 summary_energy=0.8 centroid_fraction=0.3 max_fraction=6.0 doc_cut=15 nknn=0 n_knn=0 sorted=False query_cut=5 heap_factor=1.0,64,0.9934820393974507,1.0,102.42884952200257,0.24523567800497403,0.0,0.0687115319960867,0.073297;0.068712;0.072859;0.067580;0.068263,19.90484704405756,50239.01956074273,,10.338821411132812,8496501485,3452,10,True,nid006505,57842803
SEISMIC,n_postings=2000 summary_energy=0.6 centroid_fraction=0.2 max_fraction=6.0 doc_cut=15 nknn=16 n_knn=16 sorted=True query_cut=8 heap_factor=0.9,64,0.9939165701042874,1.0,94.67536147707142,1.8940246638376266,0.0,0.0696196211501956,0.073443;0.068969;0.073784;0.069620;0.069460,20.167908792061297,49583.722849521735,,8.032184600830078,5998016999,3452,10,True,nid006595,57842804
SEISMIC,n_postings=2000 summary_energy=0.7 centroid_fraction=0.4 max_fraction=6.0 doc_cut=15 nknn=0 n_knn=0 sorted=True query_cut=6 heap_factor=0.9,64,0.9944959443800695,1.0,109.7090876479997,0.2406212459973176,0.0,0.07481831699988106,0.074765;0.078924;0.073718;0.074818;0.079442,21.6739041135229,46138.43425541753,,8.916038513183594,7085966846,3452,10,True,nid006505,57842803
SEISMIC,n_postings=2000 summary_energy=0.6 centroid_fraction=0.2 max_fraction=6.0 doc_cut=15 nknn=16 n_knn=16 sorted=True query_cut=10 heap_factor=0.9,64,0.9945538818076477,1.0,94.67536147707142,1.8940246638376266,0.0,0.07526564900763333,0.079258;0.074378;0.079060;0.075175;0.075266,21.803490442535725,45864.21621967152,,8.032184600830078,5998016999,3452,10,True,nid006595,57842804
SEISMIC,n_postings=2000 summary_energy=0.7 centroid_fraction=0.3 max_fraction=6.0 doc_cut=15 nknn=0 n_knn=0 sorted=True query_cut=6 heap_factor=0.9,64,0.9946118192352259,1.0,101.23854469900107,0.23635052300232928,0.0,0.07730825799808372,0.077308;0.078685;0.073915;0.073691;0.079700,22.395207994809883,44652.409579395346,,8.805362701416016,7153040362,3452,10,True,nid006505,57842803
SEISMIC,n_postings=2000 summary_energy=0.7 centroid_fraction=0.3 max_fraction=6.0 doc_cut=15 nknn=0 n_knn=0 sorted=True query_cut=7 heap_factor=0.9,64,0.9955967555040556,1.0,101.23854469900107,0.23635052300232928,0.0,0.07924725200427929,0.078960;0.079074;0.084555;0.079247;0.079568,22.956909618852634,43559.870061028676,,8.813167572021484,7153040362,3452,10,True,nid006505,57842803
SEISMIC,n_postings=2000 summary_energy=0.7 centroid_fraction=0.4 max_fraction=6.0 doc_cut=15 nknn=0 n_knn=0 sorted=True query_cut=8 heap_factor=0.9,64,0.9962920046349942,1.0,109.7090876479997,0.2406212459973176,0.0,0.08462263999535935,0.088224;0.083978;0.084049;0.088867;0.084623,24.514090381042685,40792.86583577758,,8.924373626708984,7085966846,3452,10,True,nid006505,57842803
SEISMIC,n_postings=2000 summary_energy=0.7 centroid_fraction=0.3 max_fraction=6.0 doc_cut=15 nknn=0 n_knn=0 sorted=True query_cut=8 heap_factor=0.9,64,0.9964368482039397,1.0,101.23854469900107,0.23635052300232928,0.0,0.08514900600130204,0.089928;0.085149;0.083935;0.087200;0.083605,24.66657184278738,40540.69638754461,,8.82009506225586,7153040362,3452,10,True,nid006505,57842803
SEISMIC,n_postings=2000 summary_energy=0.7 centroid_fraction=0.3 max_fraction=6.0 doc_cut=15 nknn=0 n_knn=0 sorted=True query_cut=10 heap_factor=0.9,64,0.9968424101969873,1.0,101.23854469900107,0.23635052300232928,0.0,0.09148582200577948,0.091486;0.095492;0.091157;0.097315;0.091374,26.502265934466823,37732.62265470954,,8.82705307006836,7153040362,3452,10,True,nid006505,57842803
SEISMIC,n_postings=2000 summary_energy=0.7 centroid_fraction=0.3 max_fraction=6.0 doc_cut=15 nknn=0 n_knn=0 sorted=False query_cut=10 heap_factor=0.9,64,0.9971320973348783,1.0,101.23854469900107,0.23635052300232928,0.0,0.10309092700481415,0.108440;0.102370;0.106342;0.102495;0.103091,29.864115586562615,33485.00299971886,,8.829242706298828,7153040362,3452,10,True,nid006505,57842803
SEISMIC,n_postings=6000 summary_energy=0.8 centroid_fraction=0.3 max_fraction=6.0 doc_cut=15 nknn=0 n_knn=0 sorted=True query_cut=5 heap_factor=1.0,64,0.997856315179606,1.0,287.05017892899923,0.24021653400268406,0.0,0.10310367399506504,0.102377;0.106536;0.103104;0.106059;0.102480,29.86780822568512,33480.86315687671,,26.49288558959961,21181035289,3452,10,True,nid006505,57842803
SEISMIC,n_postings=6000 summary_energy=0.8 centroid_fraction=0.4 max_fraction=6.0 doc_cut=15 nknn=0 n_knn=0 sorted=True query_cut=5 heap_factor=1.0,64,0.9979721900347625,1.0,354.8281910210062,0.23996698999690125,0.0,0.10636683699704008,0.106367;0.110843;0.104985;0.112953;0.105861,30.81310457619933,32453.724275885543,,26.181854248046875,20905823757,3452,10,True,nid006505,57842803
SEISMIC,n_postings=6000 summary_energy=0.7 centroid_fraction=0.3 max_fraction=6.0 doc_cut=15 nknn=0 n_knn=0 sorted=True query_cut=5 heap_factor=0.9,64,0.9980301274623407,1.0,284.6869104360012,0.2411167359969113,0.0,0.11116485700040357,0.115215;0.111098;0.111165;0.114804;0.110754,32.20302925851784,31052.97927012552,,21.57140350341797,17221844937,3452,10,True,nid006505,57842803
SEISMIC,n_postings=6000 summary_energy=0.7 centroid_fraction=0.4 max_fraction=6.0 doc_cut=15 nknn=0 n_knn=0 sorted=True query_cut=5 heap_factor=0.9,64,0.9980590961761298,1.0,353.7871278189996,0.23798440599784954,0.0,0.11523643599502975,0.119699;0.115236;0.113960;0.119976;0.114970,33.38251332416853,29955.803216171036,,21.241886138916016,17008781717,3452,10,True,nid006505,57842803
SEISMIC,n_postings=6000 summary_energy=0.8 centroid_fraction=0.3 max_fraction=6.0 doc_cut=15 nknn=0 n_knn=0 sorted=False query_cut=5 heap_factor=1.0,64,0.9981749710312862,1.0,287.05017892899923,0.24021653400268406,0.0,0.11605825700098649,0.120062;0.116058;0.119459;0.115387;0.115403,33.6205842992429,29743.682950284685,,26.49883270263672,21181035289,3452,10,True,nid006505,57842803
SEISMIC,n_postings=6000 summary_energy=0.8 centroid_fraction=0.4 max_fraction=6.0 doc_cut=15 nknn=0 n_knn=0 sorted=False query_cut=5 heap_factor=1.0,64,0.9984067207415991,1.0,354.8281910210062,0.23996698999690125,0.0,0.12456770999415312,0.126626;0.122601;0.130957;0.124568;0.123853,36.08566338185201,27711.836399352833,,26.183197021484375,20905823757,3452,10,True,nid006505,57842803
SEISMIC,n_postings=6000 summary_energy=0.6 centroid_fraction=0.2 max_fraction=6.0 doc_cut=15 nknn=16 n_knn=16 sorted=False query_cut=8 heap_factor=0.9,64,0.9984646581691773,1.0,235.44665530091152,0.24846063903532922,0.0,0.14056913112290204,0.140442;0.144038;0.140569;0.140402;0.146677,40.7210692708291,24557.311924919395,,18.125762939453125,0,3452,10,True,nid006595,57842804
SEISMIC,n_postings=6000 summary_energy=0.7 centroid_fraction=0.3 max_fraction=6.0 doc_cut=15 nknn=0 n_knn=0 sorted=True query_cut=7 heap_factor=0.9,64,0.9986095017381228,1.0,284.6869104360012,0.2411167359969113,0.0,0.1411214459949406,0.140844;0.141570;0.148903;0.140670;0.141121,40.88106778532462,24461.200603937683,,21.584514617919922,17221844937,3452,10,True,nid006505,57842803
SEISMIC,n_postings=6000 summary_energy=0.7 centroid_fraction=0.3 max_fraction=6.0 doc_cut=15 nknn=0 n_knn=0 sorted=False query_cut=7 heap_factor=0.9,64,0.9986964078794901,1.0,284.6869104360012,0.2411167359969113,0.0,0.156410016999871,0.156410;0.160887;0.156220;0.156373;0.159525,45.30997016218743,22070.1977163192,,21.587966918945312,17221844937,3452,10,True,nid006505,57842803
SEISMIC,n_postings=6000 summary_energy=0.7 centroid_fraction=0.4 max_fraction=6.0 doc_cut=15 nknn=0 n_knn=0 sorted=False query_cut=7 heap_factor=0.9,64,0.9987253765932793,1.0,353.7871278189996,0.23798440599784954,0.0,0.16189159000350628,0.161892;0.168428;0.160180;0.161432;0.166111,46.89791135675153,21322.911214382635,,21.27920913696289,17008781717,3452,10,True,nid006505,57842803
SEISMIC,n_postings=6000 summary_energy=0.7 centroid_fraction=0.3 max_fraction=6.0 doc_cut=15 nknn=0 n_knn=0 sorted=False query_cut=8 heap_factor=0.9,64,0.9987833140208575,1.0,284.6869104360012,0.2411167359969113,0.0,0.16913430400018115,0.169134;0.168623;0.171912;0.167331;0.172202,48.99603244501192,20409.815858504393,,21.592838287353516,17221844937,3452,10,True,nid006505,57842803
SEISMIC,n_postings=6000 summary_energy=0.7 centroid_fraction=0.3 max_fraction=6.0 doc_cut=15 nknn=0 n_knn=0 sorted=True query_cut=10 heap_factor=0.9,64,0.9988122827346466,1.0,284.6869104360012,0.2411167359969113,0.0,0.1805363320017932,0.180536;0.182788;0.179385;0.185583;0.180059,52.29905330295284,19120.80500209627,,21.602073669433594,17221844937,3452,10,True,nid006505,57842803
SEISMIC,n_postings=6000 summary_energy=0.7 centroid_fraction=0.4 max_fraction=6.0 doc_cut=15 nknn=0 n_knn=0 sorted=True query_cut=10 heap_factor=0.9,64,0.9988412514484357,1.0,353.7871278189996,0.23798440599784954,0.0,0.18827014800626785,0.188270;0.191924;0.184996;0.189777;0.182677,54.539440326265314,18335.35500213808,,21.27920913696289,17008781717,3452,10,True,nid006505,57842803
SEISMIC,n_postings=6000 summary_energy=0.7 centroid_fraction=0.3 max_fraction=6.0 doc_cut=15 nknn=0 n_knn=0 sorted=False query_cut=10 heap_factor=0.9,64,0.9988702201622248,1.0,284.6869104360012,0.2411167359969113,0.0,0.1974085880065104,0.199336;0.192617;0.197442;0.192506;0.197409,57.18672885472491,17486.574595661237,,21.602073669433594,17221844937,3452,10,True,nid006505,57842803
SEISMIC,n_postings=6000 summary_energy=0.8 centroid_fraction=0.3 max_fraction=6.0 doc_cut=15 nknn=0 n_knn=0 sorted=False query_cut=7 heap_factor=0.9,64,0.9988991888760139,1.0,287.05017892899923,0.24021653400268406,0.0,0.22410874399793101,0.223258;0.230193;0.224109;0.222853;0.231510,64.92142062512485,15403.236564620027,,26.49883270263672,21181035289,3452,10,True,nid006505,57842803
SEISMIC,n_postings=6000 summary_energy=0.8 centroid_fraction=0.3 max_fraction=6.0 doc_cut=15 nknn=0 n_knn=0 sorted=False query_cut=8 heap_factor=0.9,64,0.998928157589803,1.0,287.05017892899923,0.24021653400268406,0.0,0.24293659299291903,0.242908;0.242937;0.247075;0.241208;0.247000,70.37560631312834,14209.46905310645,,26.49883270263672,21181035289,3452,10,True,nid006505,57842803
SINDI,doc_prune=0.9 query_prune=0.9 n_cand=10,64,0.1973059096,0.4746,15.7453,2.7245,0.0000,0.004713,0.004734;0.004697;0.004690;0.004713;0.004724,1.365295,732442.18,,6.85,0,3452,10,True,nid005901,57834765
SINDI,doc_prune=0.9 query_prune=0.9 n_cand=20,64,0.2619061414,0.7297,18.4389,2.7793,0.0000,0.005965,0.005977;0.005990;0.005940;0.005965;0.005920,1.727984,578709.14,,8.53,0,3452,10,True,nid004912,57783811
SINDI,doc_prune=0.8 query_prune=0.9 n_cand=10,64,0.3037079954,0.8169,19.0602,2.7793,0.0000,0.007558,0.007581;0.007522;0.007513;0.007573;0.007558,2.189455,456734.59,,8.53,0,3452,10,True,nid004912,57783811
SINDI,doc_prune=0.8 query_prune=0.9 n_cand=20,64,0.4074449594,0.8641,19.0602,2.7793,0.0000,0.008332,0.008340;0.008312;0.008314;0.008348;0.008332,2.413673,414306.29,,8.53,0,3452,10,True,nid004912,57783811
SINDI,doc_prune=0.8 query_prune=0.9 n_cand=20,64,0.4075608343,0.8638,19.0392,2.7490,0.0000,0.009648,0.009622;0.009699;0.009617;0.009648;0.009670,2.794902,357794.36,,10.05,0,3452,10,True,nid004914,57783813
SINDI,doc_prune=0.8 query_prune=0.9 n_cand=50,64,0.5234936269,0.9119,19.0602,2.7793,0.0000,0.010766,0.010703;0.010735;0.010799;0.010787;0.010766,3.118772,320639.05,,8.53,0,3452,10,True,nid004912,57783811
SINDI,doc_prune=0.7 query_prune=0.9 n_cand=50,64,0.6346465817,0.9535,19.5838,2.7793,0.0000,0.014669,0.014631;0.014669;0.014662;0.014670;0.014696,4.249421,235326.20,,8.53,0,3452,10,True,nid004912,57783811
SINDI,doc_prune=0.6 query_prune=0.9 n_cand=50,64,0.7037079954,0.9728,20.0619,2.7793,0.0000,0.021232,0.021183;0.021169;0.021232;0.021248;0.021247,6.150637,162584.78,,8.53,0,3452,10,True,nid004912,57783811
SINDI,doc_prune=0.6 query_prune=0.9 n_cand=50,64,0.7038818076,0.9728,20.3879,2.7809,0.0000,0.025447,0.025438;0.025465;0.025384;0.025447;0.025457,7.371669,135654.50,,10.11,0,3452,10,True,nid004911,57783810
SINDI,doc_prune=0.6 query_prune=0.9 n_cand=50,64,0.7039107764,0.9728,20.2806,2.7490,0.0000,0.026189,0.026131;0.026227;0.026138;0.026189;0.026197,7.586616,131811.07,,10.05,0,3452,10,True,nid004914,57783813
SINDI,doc_prune=0.7 query_prune=0.9 n_cand=200,64,0.7738702202,0.9769,19.5838,2.7793,0.0000,0.028094,0.027840;0.028027;0.028094;0.028131;0.028151,8.138470,122873.21,,8.53,0,3452,10,True,nid004912,57783811
SINDI,doc_prune=0.7 query_prune=0.9 n_cand=200,64,0.7739281576,0.9769,19.6854,2.7490,0.0000,0.030362,0.030194;0.030354;0.030432;0.030559;0.030362,8.795481,113694.75,,10.05,0,3452,10,True,nid004914,57783813
SINDI,doc_prune=0.6 query_prune=0.9 n_cand=200,64,0.8351969873,0.9878,20.0619,2.7793,0.0000,0.034610,0.034434;0.034602;0.034613;0.034638;0.034610,10.026072,99739.96,,8.53,0,3452,10,True,nid004912,57783811
SINDI,doc_prune=0.5 query_prune=0.9 n_cand=200,64,0.8753765933,0.9902,20.5937,2.7793,0.0000,0.044469,0.044518;0.044469;0.044435;0.044522;0.044407,12.882097,77627.11,,8.53,0,3452,10,True,nid004912,57783811
SINDI,doc_prune=0.5 query_prune=0.9 n_cand=200,64,0.8754924681,0.9902,21.1285,2.7809,0.0000,0.050047,0.050047;0.050033;0.050107;0.050224;0.049962,14.497972,68975.16,,10.11,0,3452,10,True,nid004911,57783810
SINDI,doc_prune=0.4 query_prune=0.9 n_cand=200,64,0.8985515643,0.9928,21.2134,2.7793,0.0000,0.056959,0.057041;0.056959;0.057125;0.056935;0.056832,16.500290,60605.00,,8.53,0,3452,10,True,nid004912,57783811
SINDI,doc_prune=0.6 query_prune=0.7 n_cand=200,64,0.9251738123,1.0000,20.0619,2.7793,0.0000,0.063404,0.063402;0.063404;0.063377;0.063483;0.063489,18.367323,54444.51,,8.53,0,3452,10,True,nid004912,57783811
SINDI,doc_prune=0.6 query_prune=0.5 n_cand=200,64,0.9300695249,1.0000,20.0619,2.7793,0.0000,0.089723,0.089723;0.089824;0.089760;0.089675;0.089464,25.991599,38473.97,,8.53,0,3452,10,True,nid004912,57783811
SINDI,doc_prune=0.5 query_prune=0.7 n_cand=200,64,0.9685110081,1.0000,20.5937,2.7793,0.0000,0.094148,0.094075;0.094165;0.093932;0.094148;0.094293,27.273465,36665.68,,8.53,0,3452,10,True,nid004912,57783811
SINDI,doc_prune=0.6 query_prune=0.7 n_cand=1000,64,0.9727114716,1.0000,20.0619,2.7793,0.0000,0.128029,0.127939;0.127769;0.128183;0.128029;0.128262,37.088355,26962.64,,8.53,0,3452,10,True,nid004912,57783811
SINDI,doc_prune=0.4 query_prune=0.7 n_cand=200,64,0.9887601390,1.0000,21.2134,2.7793,0.0000,0.137996,0.138237;0.137592;0.137996;0.137988;0.138036,39.975666,25015.22,,8.53,0,3452,10,True,nid004912,57783811
SINDI,doc_prune=0.5 query_prune=0.7 n_cand=1000,64,0.9907589803,1.0000,20.5937,2.7793,0.0000,0.159329,0.159068;0.159618;0.159611;0.159319;0.159329,46.155562,21665.86,,8.53,0,3452,10,True,nid004912,57783811
SINDI,doc_prune=0.3 query_prune=0.7 n_cand=200,64,0.9972479722,1.0000,22.0230,2.7793,0.0000,0.193195,0.193065;0.192702;0.193509;0.193212;0.193195,55.966107,17867.96,,8.53,0,3452,10,True,nid004912,57783811
SINDI,doc_prune=0.4 query_prune=0.7 n_cand=1000,64,0.9975086906,1.0000,21.2134,2.7793,0.0000,0.203749,0.203749;0.203839;0.203688;0.203868;0.203721,59.023465,16942.41,,8.53,0,3452,10,True,nid004912,57783811
SINDI,doc_prune=0.3 query_prune=0.7 n_cand=1000,64,0.9994495944,1.0000,22.0230,2.7793,0.0000,0.256357,0.255799;0.256268;0.256551;0.256512;0.256357,74.263326,13465.60,,8.53,0,3452,10,True,nid004912,57783811
SINDI,doc_prune=0.2 query_prune=0.7 n_cand=1000,64,0.9995944380,1.0000,23.0916,2.7793,0.0000,0.317459,0.317392;0.317482;0.317147;0.317459;0.317634,91.963789,10873.85,,8.53,0,3452,10,True,nid004912,57783811
SINDI,doc_prune=0.2 query_prune=0.7 n_cand=1000,64,0.9996813441,1.0000,24.7486,2.7490,0.0000,0.377576,0.377492;0.378643;0.378911;0.377576;0.377331,109.378911,9142.53,,10.05,0,3452,10,True,nid004914,57783813
SINDI,doc_prune=0.1 query_prune=0.7 n_cand=1000,64,0.9997682503,1.0000,24.8957,2.7793,0.0000,0.390189,0.389941;0.390062;0.390590;0.390189;0.390503,113.032735,8846.99,,8.53,0,3452,10,True,nid004912,57783811
SparseHNSW,M=32 efC=200 ef=20 alpha=0.65 beta=2 q=u8,64,0.7923232908,0.9206,124.9959,1.0107,0.0000,0.011600,0.011639;0.011600;0.011655;0.011587;0.011571,3.360371,297586.21,,4.29,0,3452,10,True,nid004308,57240770
SparseHNSW,M=32 efC=200 ef=20 alpha=0.7 beta=2 q=u8,64,0.8112688297,0.9189,139.2847,0.8112,0.0000,0.012544,0.012582;0.012544;0.012548;0.012450;0.012378,3.633835,275191.33,,4.34,0,3452,10,True,nid004308,57240770
SparseHNSW,M=32 efC=200 ef=20 alpha=0.725 beta=2 q=u8,64,0.8247103129,0.9262,146.7206,0.8219,0.0000,0.012926,0.012956;0.012963;0.012903;0.012908;0.012926,3.744496,267058.64,,4.36,0,3452,10,True,nid004308,57240770
SparseHNSW,M=32 efC=200 ef=20 alpha=0.75 beta=2 q=u8,64,0.8312282735,0.9235,154.7343,0.8156,0.0000,0.013160,0.013269;0.013170;0.013153;0.013160;0.013100,3.812283,262310.03,,4.39,0,3452,10,True,nid004308,57240770
SparseHNSW,M=32 efC=200 ef=20 alpha=0.775 beta=2 q=u8,64,0.8347334878,0.9213,163.1283,0.8218,0.0000,0.013699,0.013820;0.013676;0.013720;0.013699;0.013679,3.968424,251989.20,,4.42,0,3452,10,True,nid004308,57240770
SparseHNSW,M=32 efC=200 ef=20 alpha=0.8 beta=2 q=u8,64,0.8374565469,0.9200,172.1202,0.8187,0.0000,0.014359,0.014359;0.014430;0.014364;0.014327;0.014356,4.159618,240406.71,,4.45,0,3452,10,True,nid004308,57240770
SparseHNSW,M=32 efC=200 ef=30 alpha=0.6 beta=3 q=u8 seedT=8 seedH=8 seedS=4,64,0.8651506373,0.9777,111.8080,2.9244,0.0000,0.014367,0.014394;0.014367;0.014334;0.014364;0.014427,4.161935,240272.85,,4.24,0,3452,10,True,nid004308,57240770
SparseHNSW,M=32 efC=200 ef=25 alpha=0.65 beta=3 q=u8 seedT=8 seedH=8 seedS=4,64,0.8903244496,0.9812,124.9959,1.0107,0.0000,0.015167,0.015184;0.015203;0.015167;0.015130;0.015135,4.393685,227599.39,,4.29,0,3452,10,True,nid004308,57240770
SparseHNSW,M=32 efC=200 ef=30 alpha=0.7 beta=3 q=u8 seedT=8 seedH=8 seedS=4,64,0.9068655852,0.9809,139.2847,0.8112,0.0000,0.016097,0.016142;0.016119;0.016097;0.016069;0.016068,4.663094,214449.90,,4.34,0,3452,10,True,nid004308,57240770
SparseHNSW,M=32 efC=200 ef=30 alpha=0.725 beta=3 q=u8 seedT=8 seedH=8 seedS=4,64,0.9115295481,0.9817,146.7206,0.8219,0.0000,0.016530,0.016559;0.016559;0.016504;0.016530;0.016513,4.788528,208832.43,,4.36,0,3452,10,True,nid004308,57240770
SparseHNSW,M=32 efC=200 ef=30 alpha=0.75 beta=3 q=u8 seedT=8 seedH=8 seedS=4,64,0.9171784473,0.9835,154.7343,0.8156,0.0000,0.017367,0.017345;0.017396;0.017330;0.017367;0.017377,5.030997,198767.78,,4.39,0,3452,10,True,nid004308,57240770
SparseHNSW,M=32 efC=200 ef=20 alpha=0.75 beta=3 q=u8 seedT=8 seedH=8 seedS=4 pat=256,64,0.9179316338,0.9844,149.1896,0.8428,0.0000,0.017827,0.017877;0.017827;0.017790,5.164253,193638.86,,4.39,0,3452,10,True,nid007071,57248609
SparseHNSW,M=32 efC=200 ef=30 alpha=0.775 beta=3 q=u8 seedT=8 seedH=8 seedS=4,64,0.9191193511,0.9820,163.1283,0.8218,0.0000,0.018049,0.018049;0.017985;0.018063;0.017953;0.018050,5.228563,191257.13,,4.42,0,3452,10,True,nid004308,57240770
SparseHNSW,M=32 efC=200 ef=35 alpha=0.75 beta=3 q=u8 seedT=8 seedH=8 seedS=4,64,0.9223348783,0.9855,154.7343,0.8156,0.0000,0.018443,0.018440;0.018443;0.018475;0.018453;0.018372,5.342700,187171.28,,4.39,0,3452,10,True,nid004308,57240770
SparseHNSW,M=32 efC=200 ef=35 alpha=0.775 beta=3 q=u8 seedT=8 seedH=8 seedS=4,64,0.9229432213,0.9838,163.1283,0.8218,0.0000,0.019136,0.019099;0.019103;0.019197;0.019177;0.019136,5.543453,180392.98,,4.42,0,3452,10,True,nid004308,57240770
SparseHNSW,M=32 efC=200 ef=40 alpha=0.7 beta=4 q=u8 seedT=8 seedH=8 seedS=4,64,0.9268829664,0.9864,139.2847,0.8112,0.0000,0.019420,0.019440;0.019310;0.019378;0.019420;0.019439,5.625724,177754.89,,4.34,0,3452,10,True,nid004308,57240770
SparseHNSW,M=32 efC=200 ef=40 alpha=0.725 beta=4 q=u8 seedT=8 seedH=8 seedS=4,64,0.9276361530,0.9849,146.7206,0.8219,0.0000,0.019945,0.019912;0.019945;0.019952;0.020032;0.019870,5.777810,173075.96,,4.36,0,3452,10,True,nid004308,57240770
SparseHNSW,M=32 efC=200 ef=40 alpha=0.75 beta=3 q=u8 seedT=8 seedH=8 seedS=4,64,0.9296349942,0.9881,154.7343,0.8156,0.0000,0.020616,0.020705;0.020704;0.020616;0.020579;0.020537,5.972190,167442.76,,4.39,0,3452,10,True,nid004308,57240770
SparseHNSW,M=32 efC=200 ef=35 alpha=0.75 beta=4 q=u8 seedT=8 seedH=8 seedS=4,64,0.9331691773,0.9881,154.7343,0.8156,0.0000,0.020831,0.020831;0.020908;0.020877;0.020799;0.020830,6.034473,165714.56,,4.39,0,3452,10,True,nid004308,57240770
SparseHNSW,M=32 efC=200 ef=40 alpha=0.825 beta=4 q=u8 seedT=8 seedH=8 seedS=4,64,0.9338354577,0.9846,181.8762,0.8222,0.0000,0.023449,0.023496;0.023445;0.023423;0.023460;0.023449,6.792874,147213.10,,4.50,0,3452,10,True,nid004308,57240770
SparseHNSW,M=32 efC=200 ef=20 alpha=0.8 beta=4 q=u8 seedT=8 seedH=8 seedS=4 pat=256,64,0.9338933951,0.9841,165.9582,0.8425,0.0000,0.023599,0.023780;0.023599;0.023575,6.836327,146277.38,,4.46,0,3452,10,True,nid007071,57248609
SparseHNSW,M=32 efC=200 ef=50 alpha=0.7 beta=4 q=u8 seedT=8 seedH=8 seedS=4,64,0.9352259560,0.9893,139.2847,0.8112,0.0000,0.023605,0.023629;0.023605;0.023586;0.023556;0.023628,6.838065,146240.20,,4.34,0,3452,10,True,nid004308,57240770
SparseHNSW,M=32 efC=200 ef=50 alpha=0.7 beta=5 q=u8 seedT=8 seedH=8 seedS=4,64,0.9393395133,0.9893,139.2847,0.8112,0.0000,0.023846,0.023840;0.023854;0.023846;0.023834;0.023883,6.907879,144762.22,,4.34,0,3452,10,True,nid004308,57240770
SparseHNSW,M=32 efC=200 ef=50 alpha=0.725 beta=5 q=u8 seedT=8 seedH=8 seedS=4,64,0.9405851680,0.9884,146.7206,0.8219,0.0000,0.024545,0.024540;0.024545;0.024545;0.024567;0.024545,7.110371,140639.64,,4.36,0,3452,10,True,nid004308,57240770
SparseHNSW,M=32 efC=200 ef=50 alpha=0.75 beta=3 q=u8 seedT=8 seedH=8 seedS=4,64,0.9411066049,0.9928,154.7343,0.8156,0.0000,0.025108,0.025135;0.025118;0.025108;0.025075;0.025081,7.273465,137486.06,,4.39,0,3452,10,True,nid004308,57240770
SparseHNSW,M=32 efC=200 ef=50 alpha=0.75 beta=4 q=u8 seedT=8 seedH=8 seedS=4,64,0.9450753187,0.9928,154.7343,0.8156,0.0000,0.025456,0.025465;0.025396;0.025432;0.025458;0.025456,7.374276,135606.54,,4.39,0,3452,10,True,nid004308,57240770
SparseHNSW,M=32 efC=200 ef=40 alpha=0.75 beta=5 q=u8 seedT=8 seedH=8 seedS=4,64,0.9470741599,0.9928,154.7343,0.8156,0.0000,0.025572,0.025444;0.025514;0.025615;0.025633;0.025572,7.407879,134991.40,,4.39,0,3452,10,True,nid004308,57240770
SparseHNSW,M=32 efC=200 ef=60 alpha=0.7 beta=5 q=u8 seedT=8 seedH=8 seedS=4,64,0.9471031286,0.9930,139.2847,0.8112,0.0000,0.028140,0.028205;0.028140;0.028128;0.028100;0.028158,8.151796,122672.35,,4.34,0,3452,10,True,nid004308,57240770
SparseHNSW,M=32 efC=200 ef=60 alpha=0.725 beta=5 q=u8 seedT=8 seedH=8 seedS=4,64,0.9488991889,0.9925,146.7206,0.8219,0.0000,0.028911,0.028921;0.028926;0.028800;0.028832;0.028911,8.375145,119400.92,,4.36,0,3452,10,True,nid004308,57240770
SparseHNSW,M=32 efC=200 ef=50 alpha=0.7 beta=6 q=u8 seedT=8 seedH=8 seedS=4 pat=128,64,0.9493337196,0.9928,134.4036,0.8518,0.0000,0.029199,0.029366;0.029189;0.029199,8.458575,118223.23,,4.34,0,3452,10,True,nid007071,57248609
SparseHNSW,M=32 efC=200 ef=60 alpha=0.75 beta=4 q=u8 seedT=8 seedH=8 seedS=4,64,0.9505793743,0.9928,154.7343,0.8156,0.0000,0.029771,0.029771;0.029883;0.029730;0.029703;0.029775,8.624276,115951.77,,4.39,0,3452,10,True,nid004308,57240770
SparseHNSW,M=32 efC=200 ef=60 alpha=0.75 beta=5 q=u8 seedT=8 seedH=8 seedS=4,64,0.9524623407,0.9928,154.7343,0.8156,0.0000,0.030040,0.029933;0.030040;0.030069;0.030222;0.029965,8.702202,114913.45,,4.39,0,3452,10,True,nid004308,57240770
SparseHNSW,M=32 efC=200 ef=50 alpha=0.75 beta=6 q=u8 seedT=8 seedH=8 seedS=4 pat=64,64,0.9532155272,0.9936,149.1896,0.8428,0.0000,0.030928,0.030928;0.031078;0.030870,8.959444,111614.07,,4.39,0,3452,10,True,nid007071,57248609
SparseHNSW,M=32 efC=200 ef=50 alpha=0.7 beta=7 q=u8 seedT=8 seedH=8 seedS=4 pat=256,64,0.9550115875,0.9942,134.4036,0.8518,0.0000,0.033570,0.033519;0.033570;0.033731,9.724797,102829.91,,4.34,0,3452,10,True,nid007071,57248609
SparseHNSW,M=32 efC=800 ef=20 alpha=0.85 beta=4 q=u8 seedT=8 seedH=8 seedS=4 pat=256,64,0.9567207416,0.9948,743.1032,0.8318,0.0000,0.034475,0.034520;0.034456;0.034475,9.986964,100130.53,,4.53,0,3452,10,True,nid004343,58031914
SparseHNSW,M=32 efC=200 ef=50 alpha=0.75 beta=7 q=u8 seedT=8 seedH=8 seedS=4 pat=128,64,0.9572711472,0.9945,149.1896,0.8428,0.0000,0.035746,0.035999;0.035746;0.035684,10.355156,96570.25,,4.39,0,3452,10,True,nid007071,57248609
SparseHNSW,M=32 efC=1600 ef=20 alpha=0.85 beta=4 q=u8 seedT=8 seedH=8 seedS=4 pat=256,64,0.9580243337,0.9951,1322.3325,0.8293,0.0000,0.036022,0.036086;0.036022;0.035887,10.435110,95830.33,,4.53,0,3452,10,True,nid004343,58031914
SparseHNSW,M=32 efC=400 ef=50 alpha=0.85 beta=3 q=u8 seedT=8 seedH=8 seedS=4 pat=128,64,0.9580533024,0.9930,398.5080,1.0193,0.0000,0.037587,0.037587;0.037680;0.037509,10.888470,91840.26,,4.54,0,3452,10,True,nid004343,58031914
SparseHNSW,M=32 efC=400 ef=50 alpha=0.85 beta=4 q=u8 seedT=8 seedH=8 seedS=4 pat=2048,64,0.9585457706,0.9930,398.5080,1.0193,0.0000,0.037870,0.037849;0.037960;0.037870,10.970452,91153.95,,4.54,0,3452,10,True,nid004343,58031914
SparseHNSW,M=32 efC=400 ef=50 alpha=0.85 beta=5 q=u8 seedT=8 seedH=8 seedS=4 pat=2048,64,0.9586906141,0.9930,398.5080,1.0193,0.0000,0.038012,0.038197;0.038012;0.037983,11.011587,90813.43,,4.54,0,3452,10,True,nid004343,58031914
SparseHNSW,M=32 efC=200 ef=50 alpha=0.7 beta=8 q=u8 seedT=8 seedH=8 seedS=4,64,0.9595596756,0.9945,134.4036,0.8518,0.0000,0.038023,0.038001;0.038023;0.038287,11.014774,90787.16,,4.34,0,3452,10,True,nid007071,57248609
SparseHNSW,M=48 efC=400 ef=20 alpha=0.85 beta=4 q=u8 seedT=8 seedH=8 seedS=4 pat=512,64,0.9604866744,0.9954,470.3565,1.0326,0.0000,0.040005,0.040246;0.039961;0.040005,11.588934,86289.21,,4.85,0,3452,10,True,nid004666,58031915
SparseHNSW,M=32 efC=200 ef=50 alpha=0.75 beta=8 q=u8 seedT=8 seedH=8 seedS=4 pat=256,64,0.9614426419,0.9959,149.1896,0.8428,0.0000,0.040671,0.040671;0.040633;0.040722,11.781866,84876.20,,4.39,0,3452,10,True,nid007071,57248609
SparseHNSW,M=32 efC=800 ef=50 alpha=0.85 beta=2 q=u8 seedT=8 seedH=8 seedS=4 pat=2048,64,0.9614716107,0.9965,743.1032,0.8318,0.0000,0.041364,0.041680;0.041364;0.041354,11.982619,83454.21,,4.53,0,3452,10,True,nid004343,58031914
SparseHNSW,M=32 efC=800 ef=50 alpha=0.85 beta=3 q=u8 seedT=8 seedH=8 seedS=4 pat=2048,64,0.9648609502,0.9965,743.1032,0.8318,0.0000,0.041761,0.041976;0.041761;0.041707,12.097625,82660.86,,4.53,0,3452,10,True,nid004343,58031914
SparseHNSW,M=32 efC=800 ef=50 alpha=0.85 beta=4 q=u8 seedT=8 seedH=8 seedS=4 pat=2048,64,0.9654692932,0.9965,743.1032,0.8318,0.0000,0.042022,0.042022;0.042057;0.041833,12.173233,82147.45,,4.53,0,3452,10,True,nid004343,58031914
SparseHNSW,M=32 efC=800 ef=50 alpha=0.85 beta=5 q=u8 seedT=8 seedH=8 seedS=4 pat=2048,64,0.9655851680,0.9965,743.1032,0.8318,0.0000,0.042161,0.042196;0.042161;0.041996,12.213499,81876.62,,4.53,0,3452,10,True,nid004343,58031914
SparseHNSW,M=32 efC=1600 ef=50 alpha=0.85 beta=3 q=u8 seedT=8 seedH=8 seedS=4 pat=512,64,0.9669466976,0.9974,1322.3325,0.8293,0.0000,0.043700,0.043814;0.043671;0.043700,12.659328,78993.14,,4.53,0,3452,10,True,nid004343,58031914
SparseHNSW,M=32 efC=1600 ef=50 alpha=0.85 beta=4 q=u8 seedT=8 seedH=8 seedS=4 pat=2048,64,0.9674681344,0.9974,1322.3325,0.8293,0.0000,0.043727,0.043686;0.043761;0.043727,12.667149,78944.36,,4.53,0,3452,10,True,nid004343,58031914
SparseHNSW,M=32 efC=1600 ef=50 alpha=0.85 beta=5 q=u8 seedT=8 seedH=8 seedS=4 pat=128,64,0.9676129780,0.9974,1322.3325,0.8293,0.0000,0.044168,0.044077;0.044319;0.044168,12.794902,78156.13,,4.53,0,3452,10,True,nid004343,58031914
SparseHNSW,M=48 efC=400 ef=50 alpha=0.85 beta=3 q=u8 seedT=8 seedH=8 seedS=4 pat=2048,64,0.9682792584,0.9977,470.3565,1.0326,0.0000,0.048737,0.048737;0.048923;0.048730,14.118482,70829.14,,4.87,0,3452,10,True,nid004666,58031915
SparseHNSW,M=48 efC=400 ef=50 alpha=0.85 beta=4 q=u8 seedT=8 seedH=8 seedS=4 pat=512,64,0.9689455388,0.9977,470.3565,1.0326,0.0000,0.048783,0.048702;0.048975;0.048783,14.131808,70762.36,,4.85,0,3452,10,True,nid004666,58031915
SparseHNSW,M=48 efC=400 ef=50 alpha=0.85 beta=5 q=u8 seedT=8 seedH=8 seedS=4 pat=128,64,0.9690614137,0.9977,470.3565,1.0326,0.0000,0.049079,0.049041;0.049099;0.049079,14.217555,70335.58,,4.85,0,3452,10,True,nid004666,58031915
SparseHNSW,M=64 efC=400 ef=50 alpha=0.85 beta=3 q=u8 seedT=8 seedH=8 seedS=4 pat=128,64,0.9709733488,0.9971,495.8234,1.0905,0.0000,0.054066,0.054102;0.054066;0.053955,15.662225,63847.89,,5.18,0,3452,10,True,nid006537,58031917
SparseHNSW,M=64 efC=400 ef=50 alpha=0.85 beta=4 q=u8 seedT=8 seedH=8 seedS=4 pat=128,64,0.9716975666,0.9971,495.8234,1.0905,0.0000,0.054307,0.054390;0.054307;0.054291,15.732039,63564.55,,5.18,0,3452,10,True,nid006537,58031917
SparseHNSW,M=64 efC=400 ef=50 alpha=0.85 beta=5 q=u8 seedT=8 seedH=8 seedS=4 pat=128,64,0.9718424102,0.9971,495.8234,1.0905,0.0000,0.054404,0.054382;0.054716;0.054404,15.760139,63451.22,,5.18,0,3452,10,True,nid006537,58031917
SparseHNSW,M=48 efC=800 ef=50 alpha=0.85 beta=3 q=u8 seedT=8 seedH=8 seedS=4 pat=128,64,0.9727404403,0.9983,972.3518,0.8367,0.0000,0.058209,0.058209;0.058327;0.058193,16.862399,59303.54,,4.85,0,3452,10,True,nid004666,58031915
SparseHNSW,M=48 efC=800 ef=50 alpha=0.85 beta=4 q=u8 seedT=8 seedH=8 seedS=4 pat=128,64,0.9734356895,0.9983,972.3518,0.8367,0.0000,0.058553,0.058553;0.058534;0.058565,16.962051,58955.13,,4.85,0,3452,10,True,nid004666,58031915
SparseHNSW,M=48 efC=800 ef=50 alpha=0.85 beta=5 q=u8 seedT=8 seedH=8 seedS=4 pat=128,64,0.9735805330,0.9983,972.3518,0.8367,0.0000,0.058688,0.059095;0.058688;0.058616,17.001159,58819.52,,4.85,0,3452,10,True,nid004666,58031915
SparseHNSW,M=48 efC=1600 ef=50 alpha=0.85 beta=3 q=u8 seedT=8 seedH=8 seedS=4 pat=2048,64,0.9751158749,0.9983,1803.0819,0.8380,0.0000,0.063622,0.063562;0.063689;0.063622,18.430475,54257.96,,4.88,0,3452,10,True,nid004666,58031915
SparseHNSW,M=48 efC=1600 ef=50 alpha=0.85 beta=4 q=u8 seedT=8 seedH=8 seedS=4 pat=256,64,0.9757821553,0.9983,1803.0819,0.8380,0.0000,0.063686,0.063655;0.064169;0.063686,18.449015,54203.44,,4.86,0,3452,10,True,nid004666,58031915
SparseHNSW,M=48 efC=1600 ef=20 alpha=0.85 beta=5 q=u8 seedT=8 seedH=8 seedS=4 pat=256,64,0.9759269988,0.9983,1803.0819,0.8380,0.0000,0.064035,0.063936;0.064389;0.064035,18.550116,53908.02,,4.86,0,3452,10,True,nid004666,58031915
SparseHNSW,M=32 efC=800 ef=10 alpha=0.85 beta=8 q=u8 seedT=8 seedH=8 seedS=4 pat=512,64,0.9781575898,0.9983,743.1032,0.8318,0.0000,0.064808,0.064880;0.064721;0.064808,18.774044,53265.03,,4.53,0,3452,10,True,nid004343,58031914
SparseHNSW,M=32 efC=1600 ef=50 alpha=0.85 beta=8 q=u8 seedT=8 seedH=8 seedS=4 pat=256,64,0.9802143685,0.9986,1322.3325,0.8293,0.0000,0.067579,0.067581;0.067579;0.067511,19.576767,51080.96,,4.53,0,3452,10,True,nid004343,58031914
SparseHNSW,M=32 efC=800 ef=100 alpha=0.85 beta=3 q=u8 seedT=8 seedH=8 seedS=4 pat=2048,64,0.9807937428,0.9988,743.1032,0.8318,0.0000,0.077417,0.077417;0.077542;0.077337,22.426709,44589.69,,4.53,0,3452,10,True,nid004343,58031914
SparseHNSW,M=32 efC=800 ef=100 alpha=0.85 beta=5 q=u8 seedT=8 seedH=8 seedS=4 pat=256,64,0.9817497103,0.9988,743.1032,0.8318,0.0000,0.077485,0.077485;0.077450;0.078328,22.446408,44550.56,,4.53,0,3452,10,True,nid004343,58031914
SparseHNSW,M=32 efC=800 ef=100 alpha=0.85 beta=8 q=u8 seedT=8 seedH=8 seedS=4 pat=2048,64,0.9819524913,0.9988,743.1032,0.8318,0.0000,0.078709,0.078709;0.079003;0.078465,22.800985,43857.75,,4.53,0,3452,10,True,nid004343,58031914
SparseHNSW,M=32 efC=1600 ef=100 alpha=0.85 beta=3 q=u8 seedT=8 seedH=8 seedS=4 pat=128,64,0.9826187717,0.9988,1322.3325,0.8293,0.0000,0.081045,0.080985;0.081045;0.081121,23.477694,42593.62,,4.53,0,3452,10,True,nid004343,58031914
SparseHNSW,M=32 efC=1600 ef=100 alpha=0.85 beta=4 q=u8 seedT=8 seedH=8 seedS=4 pat=512,64,0.9834009270,0.9988,1322.3325,0.8293,0.0000,0.081244,0.081244;0.081141;0.081442,23.535342,42489.29,,4.53,0,3452,10,True,nid004343,58031914
SparseHNSW,M=32 efC=1600 ef=100 alpha=0.85 beta=5 q=u8 seedT=8 seedH=8 seedS=4 pat=2048,64,0.9835747393,0.9988,1322.3325,0.8293,0.0000,0.081479,0.081479;0.081848;0.081395,23.603418,42366.74,,4.53,0,3452,10,True,nid004343,58031914
SparseHNSW,M=32 efC=1600 ef=100 alpha=0.85 beta=8 q=u8 seedT=8 seedH=8 seedS=4 pat=2048,64,0.9838064890,0.9988,1322.3325,0.8293,0.0000,0.082225,0.081799;0.082225;0.082272,23.819525,41982.37,,4.53,0,3452,10,True,nid004343,58031914
SparseHNSW,M=48 efC=1600 ef=50 alpha=0.85 beta=8 q=u8 seedT=8 seedH=8 seedS=4 pat=256,64,0.9854577057,0.9991,1803.0819,0.8380,0.0000,0.097263,0.097263;0.097792;0.097254,28.175840,35491.40,,4.86,0,3452,10,True,nid004666,58031915
SparseHNSW,M=64 efC=800 ef=10 alpha=0.85 beta=8 q=u8 seedT=8 seedH=8 seedS=4 pat=512,64,0.9865874855,0.9988,1100.8119,0.8866,0.0000,0.104459,0.104018;0.104459;0.104475,30.260429,33046.46,,5.17,0,3452,10,True,nid006537,58031917
SparseHNSW,M=48 efC=800 ef=100 alpha=0.85 beta=4 q=u8 seedT=8 seedH=8 seedS=4 pat=128,64,0.9866454229,0.9988,972.3518,0.8367,0.0000,0.106987,0.106987;0.106893;0.107414,30.992758,32265.60,,4.85,0,3452,10,True,nid004666,58031915
SparseHNSW,M=48 efC=800 ef=100 alpha=0.85 beta=5 q=u8 seedT=8 seedH=8 seedS=4 pat=512,64,0.9868771727,0.9988,972.3518,0.8367,0.0000,0.107063,0.107056;0.107063;0.107092,31.014774,32242.70,,4.85,0,3452,10,True,nid004666,58031915
SparseHNSW,M=48 efC=800 ef=100 alpha=0.85 beta=8 q=u8 seedT=8 seedH=8 seedS=4 pat=256,64,0.9870509849,0.9988,972.3518,0.8367,0.0000,0.108007,0.108007;0.108243;0.107869,31.288239,31960.89,,4.85,0,3452,10,True,nid004666,58031915
SparseHNSW,M=48 efC=1600 ef=100 alpha=0.85 beta=4 q=u8 seedT=8 seedH=8 seedS=4 pat=512,64,0.9885863268,0.9997,1803.0819,0.8380,0.0000,0.116997,0.117381;0.116755;0.116997,33.892526,29505.03,,4.86,0,3452,10,True,nid004666,58031915
SparseHNSW,M=48 efC=1600 ef=100 alpha=0.85 beta=5 q=u8 seedT=8 seedH=8 seedS=4 pat=256,64,0.9887891078,0.9997,1803.0819,0.8380,0.0000,0.117270,0.117181;0.118050;0.117270,33.971611,29436.34,,4.86,0,3452,10,True,nid004666,58031915
SparseHNSW,M=48 efC=1600 ef=100 alpha=0.85 beta=8 q=u8 seedT=8 seedH=8 seedS=4 pat=512,64,0.9889918888,0.9997,1803.0819,0.8380,0.0000,0.118143,0.118051;0.118143;0.118493,34.224508,29218.83,,4.86,0,3452,10,True,nid004666,58031915
SparseHNSW,M=64 efC=800 ef=100 alpha=0.85 beta=4 q=u8 seedT=8 seedH=8 seedS=4 pat=256,64,0.9893395133,0.9994,1100.8119,0.8866,0.0000,0.126111,0.126444;0.126081;0.126111,36.532735,27372.71,,5.17,0,3452,10,True,nid006537,58031917
SparseHNSW,M=64 efC=800 ef=100 alpha=0.85 beta=5 q=u8 seedT=8 seedH=8 seedS=4 pat=128,64,0.9895712630,0.9994,1100.8119,0.8866,0.0000,0.126608,0.126298;0.126645;0.126608,36.676709,27265.26,,5.17,0,3452,10,True,nid006537,58031917
SparseHNSW,M=64 efC=800 ef=100 alpha=0.85 beta=8 q=u8 seedT=8 seedH=8 seedS=4 pat=128,64,0.9897450753,0.9994,1100.8119,0.8866,0.0000,0.127066,0.127232;0.127066;0.126859,36.809386,27166.98,,5.17,0,3452,10,True,nid006537,58031917
SparseHNSW,M=32 efC=1600 ef=200 alpha=0.85 beta=3 q=u8 seedT=8 seedH=8 seedS=4 pat=128,64,0.9904403244,0.9997,1322.3325,0.8293,0.0000,0.135618,0.135239;0.135693;0.135618,39.286790,25453.85,,4.53,0,3452,10,True,nid004343,58031914
SparseHNSW,M=32 efC=1600 ef=200 alpha=0.85 beta=4 q=u8 seedT=8 seedH=8 seedS=4 pat=128,64,0.9913962920,0.9997,1322.3325,0.8293,0.0000,0.141083,0.141403;0.140952;0.141083,40.869930,24467.87,,4.53,0,3452,10,True,nid004343,58031914
SparseHNSW,M=32 efC=1600 ef=200 alpha=0.85 beta=5 q=u8 seedT=8 seedH=8 seedS=4 pat=128,64,0.9915990730,0.9997,1322.3325,0.8293,0.0000,0.145490,0.145095;0.145535;0.145490,42.146582,23726.72,,4.53,0,3452,10,True,nid004343,58031914
SparseHNSW,M=32 efC=1600 ef=200 alpha=0.85 beta=5 q=u8 seedT=8 seedH=8 seedS=4 pat=2048,64,0.9916280417,0.9997,1322.3325,0.8293,0.0000,0.151162,0.151162;0.151225;0.150990,43.789687,22836.43,,4.53,0,3452,10,True,nid004343,58031914
SparseHNSW,M=32 efC=1600 ef=200 alpha=0.85 beta=8 q=u8 seedT=8 seedH=8 seedS=4 pat=128,64,0.9918308227,0.9997,1322.3325,0.8293,0.0000,0.152085,0.152085;0.151839;0.152634,44.057068,22697.83,,4.53,0,3452,10,True,nid004343,58031914
SparseHNSW,M=32 efC=1600 ef=400 alpha=0.85 beta=3 q=u8 seedT=8 seedH=8 seedS=4 pat=128,64,0.9931633835,1.0000,1322.3325,0.8293,0.0000,0.153507,0.153305;0.153507;0.153971,44.469003,22487.57,,4.53,0,3452,10,True,nid004343,58031914
SparseHNSW,M=32 efC=1600 ef=800 alpha=0.85 beta=3 q=u8 seedT=8 seedH=8 seedS=4 pat=128,64,0.9933082271,1.0000,1322.3325,0.8293,0.0000,0.158705,0.158705;0.158134;0.158789,45.974797,21751.05,,4.53,0,3452,10,True,nid004343,58031914
SparseHNSW,M=32 efC=1600 ef=400 alpha=0.85 beta=4 q=u8 seedT=8 seedH=8 seedS=4 pat=128,64,0.9945828505,1.0000,1322.3325,0.8293,0.0000,0.170005,0.170852;0.170005;0.169903,49.248262,20305.29,,4.53,0,3452,10,True,nid004343,58031914
SparseHNSW,M=32 efC=1600 ef=800 alpha=0.85 beta=4 q=u8 seedT=8 seedH=8 seedS=4 pat=128,64,0.9949015064,1.0000,1322.3325,0.8293,0.0000,0.176380,0.176383;0.176380;0.175711,51.095017,19571.38,,4.53,0,3452,10,True,nid004343,58031914
SparseHNSW,M=32 efC=1600 ef=400 alpha=0.85 beta=5 q=u8 seedT=8 seedH=8 seedS=4 pat=128,64,0.9951911935,1.0000,1322.3325,0.8293,0.0000,0.183116,0.183035;0.183148;0.183116,53.046350,18851.44,,4.53,0,3452,10,True,nid004343,58031914
SparseHNSW,M=32 efC=1600 ef=800 alpha=0.85 beta=5 q=u8 seedT=8 seedH=8 seedS=4 pat=128,64,0.9956836616,1.0000,1322.3325,0.8293,0.0000,0.192716,0.193068;0.191378;0.192716,55.827346,17912.37,,4.53,0,3452,10,True,nid004343,58031914
SparseHNSW,M=32 efC=1600 ef=400 alpha=0.85 beta=8 q=u8 seedT=8 seedH=8 seedS=4 pat=128,64,0.9957126304,1.0000,1322.3325,0.8293,0.0000,0.216200,0.216745;0.216200;0.215796,62.630359,15966.70,,4.53,0,3452,10,True,nid004343,58031914
SparseHNSW,M=32 efC=1600 ef=800 alpha=0.85 beta=8 q=u8 seedT=8 seedH=8 seedS=4 pat=128,64,0.9963789108,1.0000,1322.3325,0.8293,0.0000,0.235790,0.235407;0.235790;0.236490,68.305330,14640.15,,4.53,0,3452,10,True,nid004343,58031914
SparseHNSW,M=32 efC=1600 ef=800 alpha=0.85 beta=4 q=u8 seedT=8 seedH=8 seedS=4 pat=256,64,0.9964368482,1.0000,1322.3325,0.8293,0.0000,0.276025,0.276670;0.275772;0.276025,79.960892,12506.11,,4.53,0,3452,10,True,nid004343,58031914
SparseHNSW,M=64 efC=1600 ef=400 alpha=0.85 beta=4 q=u8 seedT=8 seedH=8 seedS=4 pat=128,64,0.9964658169,1.0000,2156.9774,0.8770,0.0000,0.281183,0.281601;0.280898;0.281183,81.455098,12276.70,,5.17,0,3452,10,True,nid006537,58031917
SparseHNSW,M=64 efC=1600 ef=800 alpha=0.85 beta=4 q=u8 seedT=8 seedH=8 seedS=4 pat=128,64,0.9964947856,1.0000,2156.9774,0.8770,0.0000,0.287494,0.287494;0.286859;0.287616,83.283314,12007.21,,5.17,0,3452,10,True,nid006537,58031917
SparseHNSW,M=48 efC=800 ef=800 alpha=0.85 beta=8 q=u8 seedT=8 seedH=8 seedS=4 pat=128,64,0.9967265353,1.0000,972.3518,0.8367,0.0000,0.290766,0.291161;0.290766;0.290426,84.231170,11872.09,,4.85,0,3452,10,True,nid004666,58031915
SparseHNSW,M=48 efC=800 ef=1600 alpha=0.85 beta=8 q=u8 seedT=8 seedH=8 seedS=4 pat=128,64,0.9967555041,1.0000,972.3518,0.8367,0.0000,0.296450,0.296508;0.295346;0.296450,85.877752,11644.46,,4.85,0,3452,10,True,nid004666,58031915
SparseHNSW,M=48 efC=1600 ef=400 alpha=0.85 beta=8 q=u8 seedT=8 seedH=8 seedS=4 pat=128,64,0.9967844728,1.0000,1803.0819,0.8380,0.0000,0.298510,0.298487;0.298510;0.300720,86.474508,11564.10,,4.86,0,3452,10,True,nid004666,58031915
SparseHNSW,M=64 efC=1600 ef=400 alpha=0.85 beta=5 q=u8 seedT=8 seedH=8 seedS=4 pat=128,64,0.9970451912,1.0000,2156.9774,0.8770,0.0000,0.302686,0.303415;0.302364;0.302686,87.684241,11404.56,,5.17,0,3452,10,True,nid006537,58031917
SparseHNSW,M=64 efC=1600 ef=800 alpha=0.85 beta=5 q=u8 seedT=8 seedH=8 seedS=4 pat=128,64,0.9970741599,1.0000,2156.9774,0.8770,0.0000,0.310366,0.310366;0.311499;0.310176,89.909038,11122.35,,5.17,0,3452,10,True,nid006537,58031917
SparseHNSW,M=48 efC=1600 ef=800 alpha=0.85 beta=8 q=u8 seedT=8 seedH=8 seedS=4 pat=128,64,0.9972769409,1.0000,1803.0819,0.8380,0.0000,0.317719,0.317676;0.318426;0.317719,92.039108,10864.95,,4.86,0,3452,10,True,nid004666,58031915
SparseHNSW,M=32 efC=1600 ef=800 alpha=0.85 beta=8 q=u8 seedT=8 seedH=8 seedS=4 pat=256,64,0.9973059096,1.0000,1322.3325,0.8293,0.0000,0.346096,0.346096;0.346162;0.345289,100.259560,9974.11,,4.53,0,3452,10,True,nid004343,58031914
SparseHNSW,M=64 efC=1600 ef=400 alpha=0.85 beta=8 q=u8 seedT=8 seedH=8 seedS=4 pat=128,64,0.9975955968,1.0000,2156.9774,0.8770,0.0000,0.357842,0.357105;0.358444;0.357842,103.662225,9646.72,,5.17,0,3452,10,True,nid006537,58031917
SparseHNSW,M=64 efC=1600 ef=800 alpha=0.85 beta=8 q=u8 seedT=8 seedH=8 seedS=4 pat=128,64,0.9976535342,1.0000,2156.9774,0.8770,0.0000,0.372950,0.373454;0.372950;0.372400,108.038818,9255.93,,5.17,0,3452,10,True,nid006537,58031917
SparseHNSW,M=64 efC=1600 ef=1600 alpha=0.85 beta=8 q=u8 seedT=8 seedH=8 seedS=4 pat=128,64,0.9976825029,1.0000,2156.9774,0.8770,0.0000,0.378319,0.378319;0.378566;0.378001,109.594148,9124.57,,5.17,0,3452,10,True,nid006537,58031917
SparseHNSW,M=48 efC=1600 ef=800 alpha=0.85 beta=8 q=u8 seedT=8 seedH=8 seedS=4 pat=256,64,0.9977694090,1.0000,1803.0819,0.8380,0.0000,0.471891,0.471624;0.473406;0.471891,136.700753,7315.25,,4.86,0,3452,10,True,nid004666,58031915
SparseHNSW,M=48 efC=1600 ef=1600 alpha=0.85 beta=8 q=u8 seedT=8 seedH=8 seedS=4 pat=256,64,0.9977983778,1.0000,1803.0819,0.8380,0.0000,0.488426,0.487878;0.488426;0.489554,141.490730,7067.60,,4.86,0,3452,10,True,nid004666,58031915
SparseHNSW,M=64 efC=800 ef=1600 alpha=0.85 beta=8 q=u8 seedT=8 seedH=8 seedS=4 pat=256,64,0.9978273465,1.0000,1100.8119,0.8866,0.0000,0.508664,0.509218;0.508096;0.508664,147.353418,6786.41,,5.17,0,3452,10,True,nid006537,58031917
SparseHNSW,M=64 efC=1600 ef=800 alpha=0.85 beta=8 q=u8 seedT=8 seedH=8 seedS=4 pat=256,64,0.9981460023,1.0000,2156.9774,0.8770,0.0000,0.561086,0.561086;0.560487;0.561165,162.539397,6152.35,,5.17,0,3452,10,True,nid006537,58031917
SparseHNSW,M=64 efC=1600 ef=1600 alpha=0.85 beta=8 q=u8 seedT=8 seedH=8 seedS=4 pat=256,64,0.9981749710,1.0000,2156.9774,0.8770,0.0000,0.573714,0.572508;0.573714;0.575680,166.197567,6016.94,,5.17,0,3452,10,True,nid006537,58031917
SparseHNSW,M=64 efC=800 ef=1600 alpha=0.85 beta=8 q=u8 seedT=8 seedH=8 seedS=4 pat=512,64,0.9982039397,1.0000,1100.8119,0.8866,0.0000,0.802950,0.801950;0.802950;0.805199,232.604287,4299.15,,5.17,0,3452,10,True,nid006537,58031917
SparseHNSW,M=64 efC=1600 ef=800 alpha=0.85 beta=8 q=u8 seedT=8 seedH=8 seedS=4 pat=512,64,0.9982618772,1.0000,2156.9774,0.8770,0.0000,0.828499,0.828499;0.831572;0.828368,240.005504,4166.57,,5.17,0,3452,10,True,nid006537,58031917
SparseHNSW,M=64 efC=1600 ef=1600 alpha=0.85 beta=8 q=u8 seedT=8 seedH=8 seedS=4 pat=512,64,0.9984356895,1.0000,2156.9774,0.8770,0.0000,0.905761,0.905621;0.906805;0.905761,262.387312,3811.16,,5.17,0,3452,10,True,nid006537,58031917
SparseHNSW,M=64 efC=1600 ef=1600 alpha=0.85 beta=8 q=u8 seedT=8 seedH=8 seedS=4 pat=2048,64,0.9984646582,1.0000,2156.9774,0.8770,0.0000,1.776925,1.777168;1.776925;1.776688,514.752317,1942.68,,5.26,0,3452,10,True,nid006537,58031917
SparseHNSW,M=48 efC=800 ef=3200 alpha=0.85 beta=8 q=u8 seedT=8 seedH=8 seedS=4 pat=2048,64,0.9986674392,1.0000,972.3518,0.8367,0.0000,1.869692,1.872608;1.869692;1.869499,541.625724,1846.29,,4.90,0,3452,10,True,nid004666,58031915
kANNolo,m=32 efC=200 ef=10,64,0.7506083429895712,0.8754345307068366,0.0,0.0,0.0,0.03489986597560346,0.033274;0.032135;0.034900;0.035584;0.035576,10.11004228725477,98911.55462926705,,1.9142875671386719,2015860365,3452,10,True,nid005183,57785337
kANNolo,m=32 efC=200 ef=10 eet=0.005,64,0.7635283893395133,0.8818076477404403,0.0,0.0,0.0,0.03678778500761837,0.040237;0.035827;0.036788;0.035856;0.037904,10.65694814820926,93835.49456117368,,1.9256820678710938,2015860365,3452,10,True,nid005183,57785337
kANNolo,m=32 efC=200 ef=10 eet=0.01,64,0.7764484356894554,0.8887601390498262,0.0,0.0,0.0,0.03862539608962834,0.039429;0.039722;0.037939;0.038028;0.038625,11.189280443113654,89371.25180515439,,1.9289474487304688,2015860365,3452,10,True,nid005183,57785337
kANNolo,m=32 efC=400 ef=10,64,0.7813151796060255,0.9093279258400927,835.4954340020195,2.594154716003686,0.0,0.04137064696988091,0.039133;0.041020;0.041556;0.042886;0.041371,11.984544313406984,83440.80290823494,,6.223148345947266,2096886881,3452,10,True,nid004679,58031921
kANNolo,m=32 efC=400 ef=10 eet=0.005,64,0.7955388180764774,0.9168597914252608,835.4954340020195,2.594154716003686,0.0,0.04356506798649207,0.043868;0.046922;0.043565;0.043556;0.042504,12.620239857037099,79237.79669230263,,6.223148345947266,2096886881,3452,10,True,nid004679,58031921
kANNolo,m=32 efC=400 ef=10 eet=0.01,64,0.8081691772885284,0.9235225955967555,835.4954340020195,2.594154716003686,0.0,0.044297642016317695,0.044298;0.047128;0.048525;0.043841;0.042767,12.832457131030619,77927.3984544912,,6.223148345947266,2096886881,3452,10,True,nid004679,58031921
kANNolo,m=32 efC=200 ef=10 eet=0.05,64,0.8543453070683662,0.933082271147161,0.0,0.0,0.0,0.04752733197528869,0.046292;0.048123;0.047126;0.049464;0.047527,13.768056771520477,72631.8910936307,,1.9298057556152344,2015860365,3452,10,True,nid005183,57785337
kANNolo,m=32 efC=200 ef=20,64,0.8582271147161066,0.9351100811123986,0.0,0.0,0.0,0.050747105036862195,0.050747;0.054838;0.057478;0.049178;0.049647,14.700783614386498,68023.58474424307,,1.9617195129394531,2015860365,3452,10,True,nid005183,57785337
kANNolo,m=32 efC=200 ef=20 eet=0.005,64,0.8635283893395134,0.9377172653534183,0.0,0.0,0.0,0.052124156965874135,0.055335;0.049803;0.052124;0.051238;0.060127,15.099697846429356,66226.49076626863,,1.9667396545410156,2015860365,3452,10,True,nid005183,57785337
kANNolo,m=32 efC=200 ef=20 eet=0.01,64,0.8717265353418309,0.9429316338354577,0.0,0.0,0.0,0.05216676997952163,0.052167;0.051957;0.061222;0.051883;0.054916,15.112042288389812,66172.3929113323,,1.9746437072753906,2015860365,3452,10,True,nid005183,57785337
kANNolo,m=32 efC=400 ef=10 eet=0.05,64,0.8815469293163384,0.9565469293163383,835.4954340020195,2.594154716003686,0.0,0.056680429028347135,0.056618;0.056484;0.057179;0.056774;0.056680,16.419591259660237,60902.85587417799,,6.223148345947266,2096886881,3452,10,True,nid004679,58031921
kANNolo,m=32 efC=400 ef=20,64,0.8858053302433372,0.9574159907300116,835.4954340020195,2.594154716003686,0.0,0.058411246980540454,0.058095;0.060267;0.060147;0.058411;0.058160,16.920986958441617,59098.2075960478,,6.223148345947266,2096886881,3452,10,True,nid004679,58031921
kANNolo,m=32 efC=200 ef=10 eet=0.1,64,0.915845886442642,0.966396292004635,0.0,0.0,0.0,0.06199123803526163,0.062282;0.061991;0.063179;0.061552;0.058355,17.95806432075945,55685.28891190148,,1.9350776672363281,2015860365,3452,10,True,nid005183,57785337
kANNolo,m=32 efC=200 ef=20 eet=0.05,64,0.9168018539976825,0.9675550405561993,0.0,0.0,0.0,0.0702565029496327,0.074013;0.070257;0.068580;0.072218;0.064071,20.352405257715155,49134.24174378219,,1.9772796630859375,2015860365,3452,10,True,nid005183,57785337
kANNolo,m=32 efC=400 ef=10 eet=0.1,64,0.9377462340672074,0.9805909617612978,835.4954340020195,2.594154716003686,0.0,0.07806953502586111,0.077337;0.083819;0.084308;0.078070;0.074891,22.615740158128943,44216.9919272159,,6.223148345947266,2096886881,3452,10,True,nid004679,58031921
kANNolo,m=32 efC=400 ef=20 eet=0.05,64,0.9396871378910776,0.9817497103128621,835.4954340020195,2.594154716003686,0.0,0.08136300701880828,0.082180;0.083344;0.080100;0.080155;0.081363,23.56981663349023,42427.14381490373,,6.223148345947266,2096886881,3452,10,True,nid004679,58031921
kANNolo,m=32 efC=800 ef=10 eet=0.1,64,0.9483777520278099,0.9889918887601391,1904.0638737319969,2.723697135981638,0.0,0.0929534409660846,0.085881;0.101070;0.093033;0.087236;0.092953,26.927416270592296,37136.87157917599,,6.225074768066406,2166996309,3452,10,True,nid004364,58031922
kANNolo,m=32 efC=800 ef=20 eet=0.05,64,0.9501738122827347,0.9889918887601391,1904.0638737319969,2.723697135981638,0.0,0.0930874629993923,0.092190;0.095286;0.093087;0.108129;0.091067,26.966240729835548,37083.40402426195,,6.225074768066406,2166996309,3452,10,True,nid004364,58031922
kANNolo,m=32 efC=1600 ef=20 eet=0.05,64,0.9515643105446118,0.9921784472769409,3695.947431525041,2.6440833340166137,0.0,0.09964909998234361,0.098163;0.098468;0.099649;0.102379;0.115237,28.867062567306956,34641.557230438055,,6.22747802734375,2219345745,3452,10,True,nid006600,58031924
kANNolo,m=32 efC=400 ef=50,64,0.9541135573580533,0.9884125144843569,835.4954340020195,2.594154716003686,0.0,0.1025138630066067,0.102514;0.107074;0.099264;0.102096;0.118595,29.696947568541916,33673.49447925428,,6.223148345947266,2096886881,3452,10,True,nid004679,58031921
kANNolo,m=32 efC=400 ef=50 eet=0.005,64,0.9561993047508691,0.9889918887601391,835.4954340020195,2.594154716003686,0.0,0.10650568100390956,0.101717;0.114453;0.104566;0.106506;0.129872,30.853325899162677,32411.416625497055,,6.223148345947266,2096886881,3452,10,True,nid004679,58031921
kANNolo,m=32 efC=400 ef=50 eet=0.01,64,0.9589803012746234,0.9898609501738123,835.4954340020195,2.594154716003686,0.0,0.11165840603644028,0.121825;0.111968;0.108977;0.111658;0.108829,32.346004066176214,30915.719850715246,,6.223148345947266,2096886881,3452,10,True,nid004679,58031921
kANNolo,m=32 efC=400 ef=20 eet=0.1,64,0.9652085747392816,0.9910196987253765,835.4954340020195,2.594154716003686,0.0,0.114889096992556,0.112445;0.122629;0.113922;0.114889;0.122090,33.28189368266396,30046.36723903979,,6.223148345947266,2096886881,3452,10,True,nid004679,58031921
kANNolo,m=32 efC=800 ef=50 eet=0.01,64,0.9671784472769409,0.9930475086906141,1904.0638737319969,2.723697135981638,0.0,0.1296788390027359,0.129679;0.151982;0.128995;0.127283;0.131458,37.56629171574042,26619.609078449346,,6.225074768066406,2166996309,3452,10,True,nid004364,58031922
kANNolo,m=32 efC=1600 ef=50 eet=0.005,64,0.9676419466975666,0.9936268829663963,3695.947431525041,2.6440833340166137,0.0,0.13328802899923176,0.133288;0.133176;0.133014;0.133847;0.141591,38.6118276359304,25898.799959146345,,6.22747802734375,2219345745,3452,10,True,nid006600,58031924
kANNolo,m=32 efC=800 ef=20 eet=0.1,64,0.9730880648899188,0.9947856315179606,1904.0638737319969,2.723697135981638,0.0,0.1353513079811819,0.131447;0.135830;0.132658;0.135351;0.143076,39.20953301888236,25504.001782383493,,6.225074768066406,2166996309,3452,10,True,nid004364,58031922
kANNolo,m=32 efC=400 ef=50 eet=0.05,64,0.9742468134414832,0.9953650057937428,835.4954340020195,2.594154716003686,0.0,0.14421211200533435,0.136214;0.144212;0.156708;0.139406;0.157220,41.77639397605282,23936.963074726427,,6.223148345947266,2096886881,3452,10,True,nid004679,58031921
kANNolo,m=32 efC=1600 ef=20 eet=0.1,64,0.9770567786790266,0.9968134414831982,3695.947431525041,2.6440833340166137,0.0,0.14655811298871413,0.146558;0.141743;0.145274;0.153581;0.160757,42.45600028641777,23553.796713156542,,6.22747802734375,2219345745,3452,10,True,nid006600,58031924
kANNolo,m=32 efC=800 ef=50 eet=0.05,64,0.9785631517960602,0.9959443800695249,1904.0638737319969,2.723697135981638,0.0,0.17817292298423126,0.188700;0.173365;0.194753;0.155000;0.178173,51.614404108989355,19374.436598907403,,6.225074768066406,2166996309,3452,10,True,nid004364,58031922
kANNolo,m=32 efC=1600 ef=50 eet=0.05,64,0.9826187717265353,0.9973928157589803,3695.947431525041,2.6440833340166137,0.0,0.17965066398028284,0.174023;0.175117;0.184885;0.209947;0.179651,52.04248666867985,19215.069532828817,,6.22747802734375,2219345745,3452,10,True,nid006600,58031924
kANNolo,m=32 efC=800 ef=100 eet=0.005,64,0.9827925840092699,0.996523754345307,1904.0638737319969,2.723697135981638,0.0,0.20003424398601055,0.197487;0.220199;0.199193;0.200034;0.203568,57.94734762051291,17257.045249919393,,6.225074768066406,2166996309,3452,10,True,nid004364,58031922
kANNolo,m=32 efC=400 ef=50 eet=0.1,64,0.9844438006952492,0.9973928157589803,835.4954340020195,2.594154716003686,0.0,0.22104741696966812,0.209432;0.205946;0.226122;0.238743;0.221047,64.03459356015878,15616.55886923881,,6.223148345947266,2096886881,3452,10,True,nid004679,58031921
kANNolo,m=32 efC=1600 ef=100 eet=0.01,64,0.987369640787949,0.9985515643105446,3695.947431525041,2.6440833340166137,0.0,0.24042445298982784,0.240424;0.238354;0.241162;0.239872;0.258155,69.64787166565118,14357.94053837798,,6.22747802734375,2219345745,3452,10,True,nid006600,58031924
kANNolo,m=32 efC=800 ef=50 eet=0.1,64,0.9880648899188876,0.9976825028968713,1904.0638737319969,2.723697135981638,0.0,0.2585853019845672,0.272639;0.258585;0.240691;0.240115;0.258700,74.90883603260927,13349.559984681655,,6.225074768066406,2166996309,3452,10,True,nid004364,58031922
kANNolo,m=32 efC=400 ef=10 eet=0.25,64,0.9898609501738123,0.9994206257242179,835.4954340020195,2.594154716003686,0.0,0.2852142740157433,0.272567;0.286935;0.278715;0.289079;0.285214,82.62290672530223,12103.18106242276,,6.223148345947266,2096886881,3452,10,True,nid004679,58031921
kANNolo,m=32 efC=1600 ef=50 eet=0.1,64,0.991657010428737,0.9991309385863267,3695.947431525041,2.6440833340166137,0.0,0.29229684901656583,0.292297;0.298728;0.277254;0.293956;0.289694,84.6746376061894,11809.911778434393,,6.22747802734375,2219345745,3452,10,True,nid006600,58031924
kANNolo,m=32 efC=1600 ef=100 eet=0.05,64,0.9926419466975667,0.9994206257242179,3695.947431525041,2.6440833340166137,0.0,0.32773197698406875,0.324123;0.327732;0.327311;0.355410;0.341784,94.93973840789941,10532.997212438027,,6.22747802734375,2219345745,3452,10,True,nid006600,58031924
kANNolo,m=32 efC=800 ef=10 eet=0.25,64,0.9931633835457706,0.9997103128621089,1904.0638737319969,2.723697135981638,0.0,0.33647639298578724,0.339533;0.326669;0.326567;0.349405;0.336476,97.47288325196617,10259.26356784802,,6.225074768066406,2166996309,3452,10,True,nid004364,58031922
kANNolo,m=32 efC=1600 ef=10 eet=0.25,64,0.9943800695249131,0.9997103128621089,3695.947431525041,2.6440833340166137,0.0,0.3903925409540534,0.369950;0.403918;0.393566;0.366847;0.390393,113.09169784300504,8842.382058745014,,6.22747802734375,2219345745,3452,10,True,nid006600,58031924
kANNolo,m=32 efC=1600 ef=100 eet=0.1,64,0.9954808806488992,0.9997103128621089,3695.947431525041,2.6440833340166137,0.0,0.5072515680221841,0.535843;0.495061;0.507252;0.545427;0.497714,146.9442549311078,6805.301782426488,,6.22747802734375,2219345745,3452,10,True,nid006600,58031924
kANNolo,m=32 efC=1600 ef=200 eet=0.05,64,0.996234067207416,1.0,3695.947431525041,2.6440833340166137,0.0,0.6279572619823739,0.627957;0.611596;0.632752;0.618137;0.633244,181.9111419415915,5497.18939327577,,6.22747802734375,2219345745,3452,10,True,nid006600,58031924
kANNolo,m=32 efC=1600 ef=20 eet=0.25,64,0.9966685979142526,0.9997103128621089,3695.947431525041,2.6440833340166137,0.0,0.6313828190322965,0.631383;0.611775;0.645804;0.616022;0.636547,182.9034817590662,5467.364483073498,,6.22747802734375,2219345745,3452,10,True,nid006600,58031924
kANNolo,m=32 efC=1600 ef=400,64,0.9968424101969873,1.0,3695.947431525041,2.6440833340166137,0.0,0.780606821004767,0.778263;0.817104;0.780607;0.796932;0.776001,226.1317557951237,4422.200661219843,,6.22747802734375,2219345745,3452,10,True,nid006600,58031924
kANNolo,m=32 efC=1600 ef=400 eet=0.005,64,0.9968713789107764,1.0,3695.947431525041,2.6440833340166137,0.0,0.8165340319974348,0.809204;0.806674;0.816534;0.834341;0.817747,236.53940671999848,4227.625383299204,,6.22747802734375,2219345745,3452,10,True,nid006600,58031924
kANNolo,m=32 efC=1600 ef=400 eet=0.01,64,0.9970741599073001,1.0,3695.947431525041,2.6440833340166137,0.0,0.8486755290068686,0.860124;0.837676;0.863090;0.848676;0.845794,245.850384996196,4067.514476397801,,6.22747802734375,2219345745,3452,10,True,nid006600,58031924
kANNolo,m=32 efC=1600 ef=200 eet=0.1,64,0.9977404403244496,1.0,3695.947431525041,2.6440833340166137,0.0,0.9390094340196811,0.939009;0.941921;0.955278;0.919794;0.918105,272.01895539388215,3676.2143967210113,,6.22747802734375,2219345745,3452,10,True,nid006600,58031924
kANNolo,m=32 efC=1600 ef=400 eet=0.05,64,0.9978273464658169,1.0,3695.947431525041,2.6440833340166137,0.0,1.1817968480172567,1.202341;1.175456;1.199437;1.179771;1.181797,342.351346470816,2920.975805436903,,6.22747802734375,2219345745,3452,10,True,nid006600,58031924
kANNolo,m=32 efC=800 ef=800 eet=0.005,64,0.9979142526071842,1.0,1904.0638737319969,2.723697135981638,0.0,1.4497674200101756,1.439958;1.449767;1.472363;1.442160;1.452054,419.9789745104796,2381.071579036982,,6.225074768066406,2166996309,3452,10,True,nid004364,58031922
kANNolo,m=32 efC=1600 ef=800,64,0.9980011587485516,1.0,3695.947431525041,2.6440833340166137,0.0,1.5837940649944358,1.602869;1.583794;1.566402;1.577399;1.612600,458.8047696971135,2179.5762948588444,,6.22747802734375,2219345745,3452,10,True,nid006600,58031924
kANNolo,m=32 efC=1600 ef=800 eet=0.005,64,0.998117033603708,1.0,3695.947431525041,2.6440833340166137,0.0,1.6541056300047785,1.660563;1.635070;1.654106;1.627570;1.657419,479.1731257256021,2086.9283904136323,,6.22747802734375,2219345745,3452,10,True,nid006600,58031924
kANNolo,m=32 efC=1600 ef=400 eet=0.1,64,0.9983487833140209,1.0,3695.947431525041,2.6440833340166137,0.0,1.8001878029899672,1.805233;1.756255;1.767673;1.800188;1.962757,521.4912523145907,1917.5777073183729,,6.22747802734375,2219345745,3452,10,True,nid006600,58031924
kANNolo,m=32 efC=1600 ef=800 eet=0.05,64,0.9984067207415991,1.0,3695.947431525041,2.6440833340166137,0.0,2.2727633559843525,2.326952;2.260034;2.240393;2.276630;2.272763,658.3903116988274,1518.8558856823483,,6.22747802734375,2219345745,3452,10,True,nid006600,58031924
kANNolo,m=32 efC=1600 ef=1600,64,0.9984356894553882,1.0,3695.947431525041,2.6440833340166137,0.0,3.1473050420172513,3.132790;3.160944;3.147305;3.141644;3.212682,911.7337896921354,1096.8113843161054,,6.300907135009766,2219345745,3452,10,True,nid006600,58031924
kANNolo,m=32 efC=1600 ef=800 eet=0.1,64,0.9985225955967555,1.0,3695.947431525041,2.6440833340166137,0.0,3.3377419090247713,3.425418;3.353359;3.337742;3.310388;3.330777,966.9009006444876,1034.232152781583,,6.22747802734375,2219345745,3452,10,True,nid006600,58031924
kANNolo,m=32 efC=1600 ef=1600 eet=0.01,64,0.9985515643105446,1.0,3695.947431525041,2.6440833340166137,0.0,3.400090060022194,3.405177;3.367108;3.400090;3.403202;3.355650,984.9623580597316,1015.2672250032892,,6.307826995849609,2219345745,3452,10,True,nid006600,58031924
kANNolo,m=32 efC=1600 ef=200 eet=0.25,64,0.9986964078794901,1.0,3695.947431525041,2.6440833340166137,0.0,3.8953094930038787,3.900088;3.895309;3.862420;3.893222;3.930038,1128.4210582282383,886.1940254554665,,6.22747802734375,2219345745,3452,10,True,nid006600,58031924
kANNolo,m=32 efC=1600 ef=3200,64,0.9987253765932793,1.0,3695.947431525041,2.6440833340166137,0.0,6.090709859970957,6.090710;6.068546;6.119586;6.020575;6.136609,1764.4003070599526,566.7648072824899,,6.849212646484375,2219345745,3452,10,True,nid006600,58031924
kANNolo,m=32 efC=1600 ef=400 eet=0.25,64,0.9987543453070684,1.0,3695.947431525041,2.6440833340166137,0.0,6.783717437996529,6.783830;6.766626;6.854304;6.763395;6.783717,1965.1556888750083,508.86553450249505,,6.22747802734375,2219345745,3452,10,True,nid006600,58031924
kANNolo,m=32 efC=1600 ef=3200 eet=0.05,64,0.9988122827346466,1.0,3695.947431525041,2.6440833340166137,0.0,8.200740691972896,8.200741;8.178531;8.193726;8.226820;8.325603,2375.649099644524,420.9375871839125,,6.869762420654297,2219345745,3452,10,True,nid006600,58031924
kANNolo,m=32 efC=1600 ef=6400,64,0.9988702201622248,1.0,3695.947431525041,2.6440833340166137,0.0,11.39169956499245,11.391700;11.382974;11.364007;11.443181;11.401253,3300.028842697697,303.0276545045355,,7.538124084472656,2219345745,3452,10,True,nid006600,58031924
kANNolo,m=32 efC=1600 ef=800 eet=0.25,64,0.9989860950173812,1.0,3695.947431525041,2.6440833340166137,0.0,11.402292316954117,11.424346;11.402292;11.449480;11.376621;11.288019,3303.0974266958624,302.7461412182186,,6.293598175048828,2219345745,3452,10,True,nid006600,58031924
kANNolo,m=32 efC=1600 ef=6400 eet=0.05,64,0.9991019698725376,1.0,3695.947431525041,2.6440833340166137,0.0,14.991189402993768,14.903241;15.291804;14.957512;14.991189;15.020035,4342.754751736318,230.2685869148334,,7.557750701904297,2219345745,3452,10,True,nid006600,58031924
kANNolo,m=32 efC=1600 ef=6400 eet=0.1,64,0.9991309385863267,1.0,3695.947431525041,2.6440833340166137,0.0,19.736463461013045,19.733688;19.736463;19.960687;19.754380;19.691945,5717.399612112701,174.90468881717342,,7.564155578613281,2219345745,3452,10,True,nid006600,58031924
