Model,Params,Threads,Recall,RR@10,IndexSec,LoadSec,ConvertSec,SearchSecMedian,SearchSecRuns,AmortizedUsPerQuery,QPS,LatencyUsSingleThread,PeakRSSGB,IndexBytes,NumQueries,K,ResultsOrdered,Host,JobID
GrassRMA,M=32 efC=200 ef=10,64,0.6867621776504298,0.8256446991404012,929.0218729590415,4.334387480979785,0.0,0.06118673796299845,0.060712;0.061349;0.061290;0.060103;0.061187,8.766008304154505,114077.00806375765,,12.637287139892578,0,6980,10,True,nid005171,57783562
GrassRMA,M=32 efC=200 ef=20,64,0.7923925501432665,0.8878223495702006,929.0218729590415,4.334387480979785,0.0,0.08540726196952164,0.085133;0.085407;0.084512;0.085550;0.085520,12.235997416836913,81726.07151943211,,12.652320861816406,0,6980,10,True,nid005171,57783562
GrassRMA,M=32 efC=200 ef=50,64,0.8788825214899714,0.9435530085959886,929.0218729590415,4.334387480979785,0.0,0.14872490096604452,0.148821;0.148725;0.148029;0.147881;0.149063,21.30729240201211,46932.28877384567,,12.680191040039062,0,6980,10,True,nid005171,57783562
GrassRMA,M=32 efC=200 ef=100,64,0.9184527220630373,0.9702005730659026,929.0218729590415,4.334387480979785,0.0,0.24464989197440445,0.243838;0.245140;0.244772;0.243603;0.244650,35.050127790029286,28530.566450159135,,12.708061218261719,0,6980,10,True,nid005171,57783562
GrassRMA,M=32 efC=200 ef=200,64,0.9441547277936962,0.9846704871060172,929.0218729590415,4.334387480979785,0.0,0.4253628649748862,0.425363;0.426211;0.425851;0.425125;0.425056,60.94023853508398,16409.51896544167,,12.734321594238281,0,6980,10,True,nid005171,57783562
GrassRMA,M=32 efC=200 ef=400,64,0.9609885386819484,0.9929799426934097,929.0218729590415,4.334387480979785,0.0,0.7721056870068423,0.772207;0.771516;0.772106;0.772269;0.771567,110.61686060269948,9040.213169597006,,12.740943908691406,0,6980,10,True,nid005171,57783562
GrassRMA,M=32 efC=200 ef=800,64,0.9711318051575931,0.9978510028653295,929.0218729590415,4.334387480979785,0.0,1.4474776440183632,1.447478;1.446390;1.447169;1.447935;1.447514,207.37502063300332,4822.181557583662,,12.773807525634766,0,6980,10,True,nid005171,57783562
GrassRMA,M=32 efC=200 ef=1600,64,0.9792406876790831,0.9994269340974212,929.0218729590415,4.334387480979785,0.0,2.7558214119635522,2.756446;2.762185;2.754348;2.755051;2.755821,394.81682119821664,2532.8201492660132,,12.797218322753906,0,6980,10,True,nid005171,57783562
GrassRMA,M=32 efC=200 ef=3200,64,0.9847277936962751,0.9998567335243553,929.0218729590415,4.334387480979785,0.0,5.2632349990308285,5.264340;5.265504;5.261211;5.263235;5.263071,754.0451288009783,1326.180571698831,,12.80181884765625,0,6980,10,True,nid005171,57783562
GrassRMA,M=32 efC=200 ef=6400,64,0.9890544412607449,0.9998567335243553,929.0218729590415,4.334387480979785,0.0,10.043222477019299,10.043222;10.044586;10.042040;10.038013;10.044792,1438.8570883981802,694.996054898863,,12.828231811523438,0,6980,10,True,nid005171,57783562
GrassRMA,M=32 efC=200 ef=12800,64,0.9918481375358166,1.0,929.0218729590415,4.334387480979785,0.0,18.96526982204523,18.965665;18.959040;18.959293;18.966896;18.965270,2717.0873670551905,368.04116500817975,,12.861026763916016,0,6980,10,True,nid005171,57783562
PyANNS,graph=base_full ef=80 budget=1.0,64,0.0,0.0,7.7608147989958525,4.410523739992641,0.0,0.015571677940897644,0.018796;0.017034;0.015572;0.014540;0.013889,2.230899418466711,448249.70221530483,,27.667465209960938,1204814548,6980,10,True,nid006355,57786387
PyANNS,graph=base_full ef=150 budget=1.0,64,0.0,0.0,7.7608147989958525,4.410523739992641,0.0,0.022211052011698484,0.026456;0.024168;0.022211;0.021176;0.020783,3.182099142077147,314257.9647431224,,27.669418334960938,1204814548,6980,10,True,nid006355,57786387
PyANNS,graph=base_full ef=300 budget=1.0,64,0.0,0.0,7.7608147989958525,4.410523739992641,0.0,0.03685785201378167,0.041246;0.037762;0.036858;0.036224;0.036068,5.280494557848376,189376.2012335955,,27.672199249267578,1204814548,6980,10,True,nid006355,57786387
PyANNS,graph=msmarco_full_R32_L200 ef=80 budget=1.0,64,0.0,0.0,7.588701912027318,4.329449369048234,0.0,0.013373052002862096,0.015692;0.014168;0.013373;0.012541;0.011983,1.9159100290633373,521945.1773990068,,27.66930389404297,1204810388,6980,10,True,nid006824,57786393
PyANNS,graph=msmarco_full_R32_L200 ef=150 budget=1.0,64,0.0,0.0,7.588701912027318,4.329449369048234,0.0,0.018551549001131207,0.021212;0.019548;0.018552;0.017650;0.017239,2.6578150431420067,376248.90512239083,,27.66930389404297,1204810388,6980,10,True,nid006824,57786393
PyANNS,graph=msmarco_full_R32_L800 ef=80 budget=1.0,64,0.0,0.0,2495.6648207139806,4.1820565649541095,0.0,0.014883199997711927,0.017702;0.016192;0.014883;0.014011;0.013437,2.132263609987382,468985.1645528564,,38.37903594970703,1204812692,6980,10,True,nid006819,57786391
PyANNS,graph=msmarco_full_R32_L800 ef=150 budget=1.0,64,0.0,0.0,2495.6648207139806,4.1820565649541095,0.0,0.021762126008979976,0.025455;0.023487;0.021762;0.020873;0.020532,3.117783095842403,320740.72161514714,,38.38098907470703,1204812692,6980,10,True,nid006819,57786391
PyANNS,graph=base_full ef=600 budget=1.0,64,1.4326647564469915e-05,0.00014326647564469913,7.7608147989958525,4.410523739992641,0.0,0.06660319189541042,0.069297;0.066992;0.066304;0.066050;0.066603,9.54200456954304,104799.78213297893,,27.680011749267578,1204814548,6980,10,True,nid006355,57786387
PyANNS,graph=msmarco_full_R32_L200 ef=300 budget=1.0,64,1.4326647564469915e-05,0.00014326647564469913,7.588701912027318,4.329449369048234,0.0,0.028873233997728676,0.032006;0.030114;0.028873;0.028393;0.028079,4.136566475319294,241746.3870015075,,27.67516326904297,1204810388,6980,10,True,nid006824,57786393
PyANNS,graph=msmarco_full_R32_L800 ef=300 budget=1.0,64,1.4326647564469915e-05,0.00014326647564469913,2495.6648207139806,4.1820565649541095,0.0,0.03638185403542593,0.040551;0.037408;0.036382;0.035782;0.035684,5.212300005075349,191853.88389507026,,38.38520812988281,1204812692,6980,10,True,nid006819,57786391
PyANNS,graph=msmarco_full_R32_L800 ef=600 budget=1.0,64,4.297994269340974e-05,0.0004297994269340974,2495.6648207139806,4.1820565649541095,0.0,0.0660811509587802,0.068682;0.066676;0.065980;0.065550;0.066081,9.467213604409771,105627.70016451368,,38.39302062988281,1204812692,6980,10,True,nid006819,57786391
PyANNS,graph=msmarco_full_R32_L200 ef=600 budget=1.0,64,5.730659025787966e-05,0.0004297994269340974,7.588701912027318,4.329449369048234,0.0,0.0524075569701381,0.055328;0.053250;0.052408;0.052151;0.051841,7.508245984260473,133186.89905689008,,27.68297576904297,1204810388,6980,10,True,nid006824,57786393
PyANNS,graph=msmarco_full_R32_L200 ef=1200 budget=1.0,64,7.163323782234957e-05,0.0005730659025787965,7.588701912027318,4.329449369048234,0.0,0.10197311901720241,0.104340;0.103211;0.101973;0.101260;0.101302,14.609329372092034,68449.4116417338,,27.712257385253906,1204810388,6980,10,True,nid006824,57786393
PyANNS,graph=msmarco_full_R32_L400 ef=80 budget=1.0,64,7.163323782234957e-05,0.00028653295128939826,1406.046294759959,4.234330999024678,0.0,0.015560847998131067,0.018268;0.016898;0.015561;0.014480;0.013687,2.22934785073511,448561.67227122403,,38.3782958984375,1204815252,6980,10,True,nid006719,57786389
PyANNS,graph=base_full ef=1200 budget=1.0,64,8.595988538681948e-05,0.0007163323782234957,7.7608147989958525,4.410523739992641,0.0,0.12978000403381884,0.129476;0.129738;0.129780;0.129944;0.129954,18.593123787080064,53783.32395629384,,27.712421417236328,1204814548,6980,10,True,nid006355,57786387
PyANNS,graph=msmarco_full_R32_L400 ef=150 budget=1.0,64,8.595988538681948e-05,0.0004297994269340974,1406.046294759959,4.234330999024678,0.0,0.022054781031329185,0.026027;0.023882;0.022055;0.021080;0.020695,3.1597107494740952,316484.6656189782,,38.3802490234375,1204815252,6980,10,True,nid006719,57786389
PyANNS,graph=msmarco_full_R32_L400 ef=300 budget=1.0,64,8.595988538681948e-05,0.0004297994269340974,1406.046294759959,4.234330999024678,0.0,0.03692645899718627,0.041522;0.038281;0.036926;0.036610;0.036438,5.2903236385653685,189024.35244418815,,38.3841552734375,1204815252,6980,10,True,nid006719,57786389
PyANNS,graph=msmarco_full_R32_L400 ef=600 budget=1.0,64,0.00011461318051575932,0.0007163323782234957,1406.046294759959,4.234330999024678,0.0,0.06809841596987098,0.070060;0.068228;0.067539;0.067167;0.068098,9.756220052990113,102498.7130844304,,38.39286804199219,1204815252,6980,10,True,nid006719,57786389
PyANNS,graph=msmarco_full_R32_L800 ef=1200 budget=1.0,64,0.00012893982808022923,0.0012893982808022922,2495.6648207139806,4.1820565649541095,0.0,0.1292782070231624,0.128831;0.129278;0.129541;0.129809;0.129225,18.52123309787427,53992.0854467715,,38.42428970336914,1204812692,6980,10,True,nid006819,57786391
PyANNS,graph=base_full ef=2400 budget=1.0,64,0.0002005730659025788,0.0018624641833810888,7.7608147989958525,4.410523739992641,0.0,0.27811951807234436,0.277821;0.278006;0.278197;0.278294;0.278120,39.84520316222699,25097.123885366305,,27.759227752685547,1204814548,6980,10,True,nid006355,57786387
PyANNS,graph=msmarco_full_R32_L400 ef=1200 budget=1.0,64,0.00022922636103151864,0.0014326647564469914,1406.046294759959,4.234330999024678,0.0,0.129931828007102,0.129174;0.129710;0.130171;0.130163;0.129932,18.61487507265072,53720.47870840759,,38.42474365234375,1204815252,6980,10,True,nid006719,57786389
PyANNS,graph=msmarco_full_R32_L200 ef=2400 budget=1.0,64,0.00024355300859598854,0.0012893982808022922,7.588701912027318,4.329449369048234,0.0,0.1986691719503142,0.199198;0.198432;0.198669;0.198578;0.198705,28.462632084572235,35133.78513373806,,27.761009216308594,1204810388,6980,10,True,nid006824,57786393
PyANNS,graph=msmarco_full_R32_L800 ef=2400 budget=1.0,64,0.00024355300859598854,0.002292263610315186,2495.6648207139806,4.1820565649541095,0.0,0.2737081529921852,0.273757;0.273708;0.274015;0.273640;0.273470,39.21320243441049,25501.61521932922,,38.471099853515625,1204812692,6980,10,True,nid006819,57786391
PyANNS,graph=msmarco_full_R32_L400 ef=2400 budget=1.0,64,0.0003151862464183381,0.0018624641833810888,1406.046294759959,4.234330999024678,0.0,0.2757732630125247,0.274503;0.275498;0.275773;0.275843;0.275952,39.50906346884308,25310.64804379891,,38.47162628173828,1204815252,6980,10,True,nid006719,57786389
PyANNS,graph=base_full ef=4800 budget=1.0,64,0.0004011461318051576,0.003151862464183381,7.7608147989958525,4.410523739992641,0.0,0.6229346779873595,0.621983;0.622625;0.623057;0.622935;0.623361,89.24565587211453,11205.027182868824,,27.821632385253906,1204814548,6980,10,True,nid006355,57786387
PyANNS,graph=msmarco_full_R32_L200 ef=4800 budget=1.0,64,0.0004011461318051576,0.0020057306590257878,7.588701912027318,4.329449369048234,0.0,0.38030300399987027,0.381379;0.382595;0.380303;0.379716;0.379076,54.48467106015334,18353.7861299733,,27.823413848876953,1204810388,6980,10,True,nid006824,57786393
PyANNS,graph=msmarco_full_R32_L800 ef=4800 budget=1.0,64,0.00045845272206303727,0.004154727793696275,2495.6648207139806,4.1820565649541095,0.0,0.6966540540452115,0.696369;0.696604;0.696798;0.696958;0.696654,99.8071710666492,10019.320148170718,,38.533504486083984,1204812692,6980,10,True,nid006819,57786391
PyANNS,graph=msmarco_full_R32_L400 ef=4800 budget=1.0,64,0.0006017191977077364,0.0037249283667621777,1406.046294759959,4.234330999024678,0.0,0.6730420630192384,0.672914;0.673042;0.672742;0.673775;0.674747,96.42436432940379,10370.822840831097,,38.53403091430664,1204815252,6980,10,True,nid006719,57786389
PyANNS,graph=msmarco_full_R32_L200 ef=80 budget=0.9,64,0.007091690544412607,0.013467048710601719,7.588701912027318,4.329449369048234,0.0,0.014968190982472152,0.017422;0.015949;0.014968;0.014067;0.013825,2.1444399688355515,466322.21677112655,,27.66930389404297,1204810388,6980,10,True,nid006824,57786393
PyANNS,graph=msmarco_full_R32_L200 ef=150 budget=0.9,64,0.010558739255014327,0.017621776504297994,7.588701912027318,4.329449369048234,0.0,0.021032041986472905,0.023954;0.022340;0.021032;0.020370;0.020164,3.01318653101331,331874.5752071672,,27.66930389404297,1204810388,6980,10,True,nid006824,57786393
PyANNS,graph=msmarco_full_R32_L200 ef=300 budget=0.9,64,0.015372492836676218,0.02335243553008596,7.588701912027318,4.329449369048234,0.0,0.034388822969049215,0.037515;0.035460;0.034389;0.034117;0.033879,4.92676546834516,202972.9254264437,,27.67516326904297,1204810388,6980,10,True,nid006824,57786393
PyANNS,graph=msmarco_full_R32_L800 ef=80 budget=0.9,64,0.01674785100286533,0.031232091690544413,2495.6648207139806,4.1820565649541095,0.0,0.017602168023586273,0.020159;0.018669;0.017602;0.016634;0.016200,2.521800576445025,396542.06178733497,,38.37903594970703,1204812692,6980,10,True,nid006819,57786391
PyANNS,graph=base_full ef=80 budget=0.9,64,0.018094555873925503,0.032234957020057305,7.7608147989958525,4.410523739992641,0.0,0.018080432899296284,0.021175;0.019557;0.018080;0.016972;0.016531,2.5903198996126484,386052.70343232056,,27.667465209960938,1204814548,6980,10,True,nid006355,57786387
PyANNS,graph=msmarco_full_R32_L400 ef=80 budget=0.9,64,0.021017191977077365,0.03796561604584527,1406.046294759959,4.234330999024678,0.0,0.0181291300104931,0.020923;0.019438;0.018129;0.017263;0.016931,2.5972965631078937,385015.7175749742,,38.3782958984375,1204815252,6980,10,True,nid006719,57786389
PyANNS,graph=msmarco_full_R32_L200 ef=600 budget=0.9,64,0.025859598853868196,0.03510028653295129,7.588701912027318,4.329449369048234,0.0,0.06546850601444021,0.067205;0.065892;0.065469;0.065401;0.065197,9.379442122412637,106616.14912154006,,27.68297576904297,1204810388,6980,10,True,nid006824,57786393
PyANNS,graph=base_full ef=150 budget=0.9,64,0.02673352435530086,0.042836676217765046,7.7608147989958525,4.410523739992641,0.0,0.027576375985518098,0.031291;0.029210;0.027576;0.027040;0.026725,3.950770198498295,253115.20279769864,,27.669418334960938,1204814548,6980,10,True,nid006355,57786387
PyANNS,graph=msmarco_full_R32_L800 ef=150 budget=0.9,64,0.029169054441260747,0.04684813753581662,2495.6648207139806,4.1820565649541095,0.0,0.027752739959396422,0.031157;0.028903;0.027753;0.027216;0.027282,3.9760372434665356,251506.69844534528,,38.38098907470703,1204812692,6980,10,True,nid006819,57786391
PyANNS,graph=msmarco_full_R32_L400 ef=150 budget=0.9,64,0.031017191977077363,0.04914040114613181,1406.046294759959,4.234330999024678,0.0,0.028350729029625654,0.031620;0.029510;0.028351;0.027803;0.027624,4.061709030032329,246201.78171454114,,38.3802490234375,1204815252,6980,10,True,nid006719,57786389
PyANNS,graph=msmarco_full_R32_L200 ef=1200 budget=0.9,64,0.03555873925501433,0.04340974212034384,7.588701912027318,4.329449369048234,0.0,0.13334484497318044,0.134509;0.133345;0.133541;0.133212;0.133135,19.10384598469634,52345.480632595005,,27.712257385253906,1204810388,6980,10,True,nid006824,57786393
PyANNS,graph=base_full ef=300 budget=0.9,64,0.03691977077363897,0.05272206303724929,7.7608147989958525,4.410523739992641,0.0,0.05065789702348411,0.053374;0.051183;0.050658;0.050443;0.050221,7.257578370126663,137787.00676745808,,27.672199249267578,1204814548,6980,10,True,nid006355,57786387
PyANNS,graph=msmarco_full_R32_L800 ef=300 budget=0.9,64,0.03936962750716332,0.055587392550143264,2495.6648207139806,4.1820565649541095,0.0,0.051312405965290964,0.053349;0.051831;0.051312;0.050915;0.050824,7.351347559497272,136029.48192921322,,38.38520812988281,1204812692,6980,10,True,nid006819,57786391
PyANNS,graph=msmarco_full_R32_L200 ef=2400 budget=0.9,64,0.0423352435530086,0.04899713467048711,7.588701912027318,4.329449369048234,0.0,0.27310508297523484,0.273335;0.273133;0.273105;0.273008;0.272858,39.12680271851502,25557.9278274837,,27.761009216308594,1204810388,6980,10,True,nid006824,57786393
PyANNS,graph=msmarco_full_R32_L400 ef=300 budget=0.9,64,0.042593123209169054,0.06060171919770774,1406.046294759959,4.234330999024678,0.0,0.05097714101430029,0.053445;0.051799;0.050977;0.050770;0.050532,7.303315331561645,136924.11659653383,,38.3841552734375,1204815252,6980,10,True,nid006719,57786389
PyANNS,graph=msmarco_full_R32_L200 ef=80 budget=0.8,64,0.0430945558739255,0.07478510028653296,7.588701912027318,4.329449369048234,0.0,0.02264468400971964,0.024128;0.023186;0.022645;0.022359;0.022285,3.244224070160407,308240.114854507,,27.66930389404297,1204810388,6980,10,True,nid006824,57786393
PyANNS,graph=base_full ef=600 budget=0.9,64,0.04977077363896848,0.06074498567335244,7.7608147989958525,4.410523739992641,0.0,0.09986479103099555,0.100442;0.099865;0.099911;0.099471;0.099382,14.307276652005092,69894.5036377594,,27.680011749267578,1204814548,6980,10,True,nid006355,57786387
PyANNS,graph=msmarco_full_R32_L800 ef=600 budget=0.9,64,0.050616045845272205,0.06246418338108883,2495.6648207139806,4.1820565649541095,0.0,0.09800061897840351,0.099564;0.098339;0.097881;0.097846;0.098001,14.040203292034887,71224.0399373211,,38.39302062988281,1204812692,6980,10,True,nid006819,57786391
PyANNS,graph=msmarco_full_R32_L200 ef=4800 budget=0.9,64,0.051203438395415475,0.05716332378223496,7.588701912027318,4.329449369048234,0.0,0.5540373650146648,0.554037;0.553965;0.553957;0.554077;0.554353,79.37498066112677,12598.42826632324,,27.823413848876953,1204810388,6980,10,True,nid006824,57786393
PyANNS,graph=msmarco_full_R32_L400 ef=600 budget=0.9,64,0.05316618911174785,0.06719197707736389,1406.046294759959,4.234330999024678,0.0,0.09800289798295125,0.099091;0.098317;0.098003;0.097839;0.097491,14.04052979698442,71222.38366067759,,38.39286804199219,1204815252,6980,10,True,nid006719,57786389
PyANNS,graph=msmarco_full_R32_L800 ef=1200 budget=0.9,64,0.06167621776504298,0.07120343839541547,2495.6648207139806,4.1820565649541095,0.0,0.19628242996986955,0.197191;0.196282;0.196208;0.196682;0.196135,28.12069197276068,35561.002587299685,,38.42428970336914,1204812692,6980,10,True,nid006819,57786391
PyANNS,graph=msmarco_full_R32_L400 ef=1200 budget=0.9,64,0.0619054441260745,0.07263610315186246,1406.046294759959,4.234330999024678,0.0,0.1938222169992514,0.193989;0.193904;0.193284;0.193145;0.193822,27.768225931124842,36012.383451516085,,38.42474365234375,1204815252,6980,10,True,nid006719,57786389
PyANNS,graph=msmarco_full_R32_L200 ef=150 budget=0.8,64,0.06318051575931231,0.10286532951289398,7.588701912027318,4.329449369048234,0.0,0.03824025101494044,0.038934;0.038458;0.038240;0.038104;0.037801,5.478545990679146,182530.182588836,,27.66930389404297,1204810388,6980,10,True,nid006824,57786393
PyANNS,graph=base_full ef=1200 budget=0.9,64,0.06393982808022923,0.07263610315186246,7.7608147989958525,4.410523739992641,0.0,0.19950405904091895,0.200058;0.200102;0.199504;0.199415;0.199355,28.582243415604434,34986.75682868376,,27.712421417236328,1204814548,6980,10,True,nid006355,57786387
PyANNS,graph=msmarco_full_R32_L400 ef=2400 budget=0.9,64,0.06706303724928367,0.07607449856733524,1406.046294759959,4.234330999024678,0.0,0.38330497802235186,0.384004;0.382027;0.383305;0.383342;0.382768,54.91475329833121,18210.042655884765,,38.47162628173828,1204815252,6980,10,True,nid006719,57786389
PyANNS,graph=msmarco_full_R32_L800 ef=2400 budget=0.9,64,0.06793696275071633,0.07564469914040114,2495.6648207139806,4.1820565649541095,0.0,0.38824934198055416,0.387662;0.388654;0.388378;0.388249;0.388224,55.62311489692753,17978.13735985572,,38.471099853515625,1204812692,6980,10,True,nid006819,57786391
PyANNS,graph=base_full ef=2400 budget=0.9,64,0.06891117478510028,0.07578796561604585,7.7608147989958525,4.410523739992641,0.0,0.3947931950679049,0.395534;0.394130;0.394793;0.394247;0.395609,56.56062966588895,17680.14263467594,,27.759227752685547,1204814548,6980,10,True,nid006355,57786387
PyANNS,graph=msmarco_full_R32_L400 ef=4800 budget=0.9,64,0.07010028653295129,0.07879656160458452,1406.046294759959,4.234330999024678,0.0,0.9298904489842243,0.929342;0.929890;0.929358;0.932263;0.931637,133.22212736163672,7506.2605574932795,,38.53403091430664,1204815252,6980,10,True,nid006719,57786389
PyANNS,graph=base_full ef=4800 budget=0.9,64,0.07126074498567335,0.07707736389684813,7.7608147989958525,4.410523739992641,0.0,0.9001633590087295,0.901695;0.899540;0.900163;0.894502;0.900675,128.9632319496747,7754.148100058704,,27.821632385253906,1204814548,6980,10,True,nid006355,57786387
PyANNS,graph=msmarco_full_R32_L800 ef=4800 budget=0.9,64,0.07151862464183381,0.07893982808022923,2495.6648207139806,4.1820565649541095,0.0,0.9925030419835821,0.996770;0.991903;0.995298;0.992503;0.991989,142.19241289163065,7032.724036845282,,38.533504486083984,1204812692,6980,10,True,nid006819,57786391
PyANNS,graph=msmarco_full_R32_L200 ef=300 budget=0.8,64,0.09144699140401145,0.13681948424068768,7.588701912027318,4.329449369048234,0.0,0.07100690301740542,0.071614;0.071110;0.071007;0.070994;0.070796,10.172908741748628,98300.30184937149,,27.67516326904297,1204810388,6980,10,True,nid006824,57786393
PyANNS,graph=msmarco_full_R32_L800 ef=80 budget=0.8,64,0.09293696275071633,0.16131805157593124,2495.6648207139806,4.1820565649541095,0.0,0.03584821295225993,0.036610;0.036202;0.035848;0.035848;0.035564,5.135847127830935,194709.84534976576,,38.37903594970703,1204812692,6980,10,True,nid006819,57786391
PyANNS,graph=base_full ef=80 budget=0.8,64,0.09484240687679082,0.16404011461318052,7.7608147989958525,4.410523739992641,0.0,0.03674326301552355,0.037358;0.036947;0.036590;0.036570;0.036743,5.264077795920279,189966.79737047415,,27.667465209960938,1204814548,6980,10,True,nid006355,57786387
PyANNS,graph=msmarco_full_R32_L400 ef=80 budget=0.8,64,0.1010028653295129,0.17507163323782235,1406.046294759959,4.234330999024678,0.0,0.037432734039612114,0.038016;0.037433;0.037519;0.037346;0.037215,5.362855879600589,186467.81163816716,,38.3782958984375,1204815252,6980,10,True,nid006719,57786389
PyANNS,graph=base_full ef=150 budget=0.8,64,0.136189111747851,0.2157593123209169,7.7608147989958525,4.410523739992641,0.0,0.06463360495399684,0.065226;0.064704;0.064634;0.064618;0.064532,9.259828789970893,107993.35740236114,,27.669418334960938,1204814548,6980,10,True,nid006355,57786387
PyANNS,graph=msmarco_full_R32_L800 ef=150 budget=0.8,64,0.14025787965616046,0.22421203438395415,2495.6648207139806,4.1820565649541095,0.0,0.0650066250236705,0.065986;0.065007;0.064953;0.065007;0.064976,9.313270060697779,107373.67149053518,,38.38098907470703,1204812692,6980,10,True,nid006819,57786391
PyANNS,graph=msmarco_full_R32_L400 ef=150 budget=0.8,64,0.14202005730659026,0.22664756446991405,1406.046294759959,4.234330999024678,0.0,0.06402544700540602,0.064462;0.064216;0.064025;0.063771;0.063732,9.172700144040977,109019.15295352237,,38.3802490234375,1204815252,6980,10,True,nid006719,57786389
PyANNS,graph=msmarco_full_R32_L200 ef=600 budget=0.8,64,0.14667621776504297,0.20358166189111748,7.588701912027318,4.329449369048234,0.0,0.1534982779994607,0.153869;0.153498;0.153483;0.153710;0.153492,21.991157306512992,45472.8228288302,,27.68297576904297,1204810388,6980,10,True,nid006824,57786393
PyANNS,graph=base_full ef=300 budget=0.8,64,0.18095988538681948,0.25945558739255015,7.7608147989958525,4.410523739992641,0.0,0.1237430420005694,0.123783;0.123770;0.123322;0.123743;0.123257,17.72822951297556,56407.21197049513,,27.672199249267578,1204814548,6980,10,True,nid006355,57786387
PyANNS,graph=msmarco_full_R32_L800 ef=300 budget=0.8,64,0.18808022922636103,0.26948424068767907,2495.6648207139806,4.1820565649541095,0.0,0.1252003720146604,0.125200;0.125543;0.125283;0.125165;0.125178,17.937016047945615,55750.633066670714,,38.38520812988281,1204812692,6980,10,True,nid006819,57786391
PyANNS,graph=msmarco_full_R32_L400 ef=300 budget=0.8,64,0.19421203438395415,0.2793696275071633,1406.046294759959,4.234330999024678,0.0,0.12485230097081512,0.124933;0.124603;0.124978;0.124590;0.124852,17.887149136219932,55906.058164131166,,38.3841552734375,1204815252,6980,10,True,nid006719,57786389
PyANNS,graph=msmarco_full_R32_L200 ef=1200 budget=0.8,64,0.19742120343839542,0.2502865329512894,7.588701912027318,4.329449369048234,0.0,0.3248614890035242,0.324461;0.324757;0.324861;0.325006;0.325048,46.541760602224095,21486.08017961858,,27.712257385253906,1204810388,6980,10,True,nid006824,57786393
PyANNS,graph=msmarco_full_R32_L200 ef=2400 budget=0.8,64,0.23382521489971347,0.2775071633237822,7.588701912027318,4.329449369048234,0.0,0.6792229730053805,0.678787;0.679223;0.680186;0.680109;0.678746,97.30988151939549,10276.44864412545,,27.761009216308594,1204810388,6980,10,True,nid006824,57786393
PyANNS,graph=base_full ef=600 budget=0.8,64,0.23726361031518625,0.30845272206303725,7.7608147989958525,4.410523739992641,0.0,0.25300588400568813,0.253192;0.253029;0.253006;0.252753;0.252982,36.2472613188665,27588.29118710565,,27.680011749267578,1204814548,6980,10,True,nid006355,57786387
PyANNS,graph=msmarco_full_R32_L800 ef=600 budget=0.8,64,0.23859598853868194,0.31217765042979945,2495.6648207139806,4.1820565649541095,0.0,0.2492408819962293,0.249241;0.249131;0.249362;0.248310;0.249415,35.70786275017612,28005.036509642905,,38.39302062988281,1204812692,6980,10,True,nid006819,57786391
PyANNS,graph=msmarco_full_R32_L400 ef=600 budget=0.8,64,0.24607449856733524,0.32277936962750714,1406.046294759959,4.234330999024678,0.0,0.24542921601096168,0.245429;0.245486;0.244594;0.245552;0.245400,35.16177879813205,28439.971872331003,,38.39286804199219,1204815252,6980,10,True,nid006719,57786389
PyANNS,graph=msmarco_full_R32_L200 ef=4800 budget=0.8,64,0.273810888252149,0.3108882521489971,7.588701912027318,4.329449369048234,0.0,1.4209536479902454,1.420954;1.426973;1.420871;1.419996;1.421117,203.5750212020409,4912.194011305228,,27.823413848876953,1204810388,6980,10,True,nid006824,57786393
PyANNS,graph=msmarco_full_R32_L400 ef=1200 budget=0.8,64,0.29011461318051573,0.352865329512894,1406.046294759959,4.234330999024678,0.0,0.47459988901391625,0.474600;0.474579;0.474165;0.474711;0.475164,67.99425344038914,14707.125226056114,,38.42474365234375,1204815252,6980,10,True,nid006719,57786389
PyANNS,graph=msmarco_full_R32_L800 ef=1200 budget=0.8,64,0.29140401146131806,0.35,2495.6648207139806,4.1820565649541095,0.0,0.4982568410341628,0.498257;0.498851;0.498014;0.497208;0.498865,71.38350158082561,14008.83926754037,,38.42428970336914,1204812692,6980,10,True,nid006819,57786391
PyANNS,graph=base_full ef=1200 budget=0.8,64,0.29416905444126074,0.352865329512894,7.7608147989958525,4.410523739992641,0.0,0.5062724510207772,0.506302;0.506008;0.506272;0.506439;0.506091,72.53186977375033,13787.042897409292,,27.712421417236328,1204814548,6980,10,True,nid006355,57786387
PyANNS,graph=msmarco_full_R32_L400 ef=2400 budget=0.8,64,0.3208595988538682,0.3709169054441261,1406.046294759959,4.234330999024678,0.0,0.9259917379822582,0.925046;0.926645;0.926089;0.925992;0.923592,132.66357277682783,7537.864231066968,,38.47162628173828,1204815252,6980,10,True,nid006719,57786389
PyANNS,graph=msmarco_full_R32_L800 ef=2400 budget=0.8,64,0.32455587392550145,0.36962750716332377,2495.6648207139806,4.1820565649541095,0.0,0.9774542499799281,0.975920;0.977312;0.978445;0.978191;0.977454,140.03642549855704,7140.99918246131,,38.471099853515625,1204812692,6980,10,True,nid006819,57786391
PyANNS,graph=base_full ef=2400 budget=0.8,64,0.32802292263610316,0.37249283667621774,7.7608147989958525,4.410523739992641,0.0,0.9875227559823543,0.988823;0.987331;0.987251;0.987523;0.990441,141.47890486853214,7068.191550742071,,27.759227752685547,1204814548,6980,10,True,nid006355,57786387
PyANNS,graph=msmarco_full_R32_L400 ef=4800 budget=0.8,64,0.34030085959885387,0.3800859598853868,1406.046294759959,4.234330999024678,0.0,1.9484026110148989,1.948403;1.952446;1.951704;1.947367;1.945152,279.1407752170342,3582.421805708936,,38.53403091430664,1204815252,6980,10,True,nid006719,57786389
PyANNS,graph=msmarco_full_R32_L800 ef=4800 budget=0.8,64,0.345702005730659,0.38108882521489973,2495.6648207139806,4.1820565649541095,0.0,2.0590731049887836,2.058290;2.056536;2.062611;2.060294;2.059073,294.9961468465306,3389.874785450137,,38.533504486083984,1204812692,6980,10,True,nid006819,57786391
PyANNS,graph=base_full ef=4800 budget=0.8,64,0.346647564469914,0.3812320916905444,7.7608147989958525,4.410523739992641,0.0,2.0085317760240287,2.008532;2.011715;2.008303;2.008301;2.010898,287.7552687713508,3475.175291384833,,27.821632385253906,1204814548,6980,10,True,nid006355,57786387
PyANNS,graph=msmarco_full_R32_L200 ef=80 budget=0.5,64,0.5319484240687679,0.6391117478510029,7.588701912027318,4.329449369048234,0.0,0.08743549801874906,0.087435;0.087481;0.087222;0.086974;0.087602,12.526575647385252,79830.2766972661,,27.66930389404297,1204810388,6980,10,True,nid006824,57786393
PyANNS,graph=msmarco_full_R32_L200 ef=150 budget=0.5,64,0.6274212034383955,0.7240687679083094,7.588701912027318,4.329449369048234,0.0,0.14258756703929976,0.143025;0.142736;0.142588;0.142328;0.142345,20.428018200472742,48952.37463499313,,27.66930389404297,1204810388,6980,10,True,nid006824,57786393
PyANNS,graph=msmarco_full_R32_L400 ef=80 budget=0.5,64,0.6299283667621777,0.7467048710601719,1406.046294759959,4.234330999024678,0.0,0.10380357998656109,0.104126;0.104162;0.103604;0.103804;0.103203,14.871573063977234,67242.3822078551,,38.3782958984375,1204815252,6980,10,True,nid006719,57786389
PyANNS,graph=msmarco_full_R32_L800 ef=80 budget=0.5,64,0.659756446991404,0.7707736389684814,2495.6648207139806,4.1820565649541095,0.0,0.10784193401923403,0.107952;0.107967;0.107721;0.107842;0.107461,15.450133813643843,64724.35851118072,,38.37903594970703,1204812692,6980,10,True,nid006819,57786391
PyANNS,graph=base_full ef=80 budget=0.5,64,0.6706446991404011,0.7826647564469914,7.7608147989958525,4.410523739992641,0.0,0.10931438801344484,0.110150;0.109314;0.109284;0.109632;0.109241,15.661087107943388,63852.527803947574,,27.667465209960938,1204814548,6980,10,True,nid006355,57786387
PyANNS,graph=msmarco_full_R32_L200 ef=300 budget=0.5,64,0.7167478510028653,0.8027220630372492,7.588701912027318,4.329449369048234,0.0,0.26113569899462163,0.261136;0.260860;0.261545;0.261197;0.261079,37.41199125997444,26729.39788344971,,27.67516326904297,1204810388,6980,10,True,nid006824,57786393
PyANNS,graph=msmarco_full_R32_L400 ef=150 budget=0.5,64,0.7281805157593123,0.8277936962750716,1406.046294759959,4.234330999024678,0.0,0.16967715899227187,0.169929;0.169677;0.170287;0.169585;0.169588,24.309048566228064,41136.94525211795,,38.3802490234375,1204815252,6980,10,True,nid006719,57786389
PyANNS,graph=msmarco_full_R32_L800 ef=150 budget=0.5,64,0.7536962750716333,0.8455587392550143,2495.6648207139806,4.1820565649541095,0.0,0.17773221898823977,0.178453;0.177375;0.177732;0.177519;0.177871,25.46306862295699,39272.56430901735,,38.38098907470703,1204812692,6980,10,True,nid006819,57786391
PyANNS,graph=msmarco_full_R32_L200 ef=80 budget=0.3,64,0.7554154727793696,0.835243553008596,7.588701912027318,4.329449369048234,0.0,0.10462050000205636,0.104621;0.104571;0.104672;0.104304;0.105053,14.988610315480853,66717.32595297102,,27.66930389404297,1204810388,6980,10,True,nid006824,57786393
PyANNS,graph=base_full ef=150 budget=0.5,64,0.7614613180515759,0.8537249283667622,7.7608147989958525,4.410523739992641,0.0,0.18145832896698266,0.181967;0.181458;0.181356;0.181531;0.180983,25.996895267476024,38466.131809634644,,27.669418334960938,1204814548,6980,10,True,nid006355,57786387
PyANNS,graph=msmarco_full_R32_L200 ef=600 budget=0.5,64,0.8028223495702006,0.8806590257879656,7.588701912027318,4.329449369048234,0.0,0.4962016319623217,0.495819;0.496637;0.496202;0.495112;0.496573,71.08905902038993,14066.862239844499,,27.68297576904297,1204810388,6980,10,True,nid006824,57786393
PyANNS,graph=msmarco_full_R32_L400 ef=300 budget=0.5,64,0.8068481375358166,0.8935530085959885,1406.046294759959,4.234330999024678,0.0,0.30512810696382076,0.305292;0.305790;0.305128;0.304894;0.304402,43.71462850484538,22875.63761154138,,38.3841552734375,1204815252,6980,10,True,nid006719,57786389
PyANNS,graph=msmarco_full_R32_L400 ef=80 budget=0.3,64,0.8183954154727794,0.8846704871060171,1406.046294759959,4.234330999024678,0.0,0.11184571299236268,0.111846;0.111723;0.111737;0.112244;0.111855,16.02374111638434,62407.39866781148,,38.3782958984375,1204815252,6980,10,True,nid006719,57786389
PyANNS,graph=msmarco_full_R32_L200 ef=80 budget=0.2,64,0.8221776504297994,0.8965616045845273,7.588701912027318,4.329449369048234,0.0,0.10636886599240825,0.106369;0.106102;0.106505;0.106448;0.106287,15.239092549055622,65620.70522118922,,27.66930389404297,1204810388,6980,10,True,nid006824,57786393
PyANNS,graph=msmarco_full_R32_L200 ef=150 budget=0.3,64,0.8252005730659026,0.8932664756446992,7.588701912027318,4.329449369048234,0.0,0.16515679599251598,0.165157;0.165277;0.164535;0.164977;0.165342,23.661432090618337,42262.86879721435,,27.66930389404297,1204810388,6980,10,True,nid006824,57786393
PyANNS,graph=msmarco_full_R32_L800 ef=300 budget=0.5,64,0.8273065902578797,0.9025787965616046,2495.6648207139806,4.1820565649541095,0.0,0.3206644799793139,0.320664;0.320658;0.320623;0.321937;0.321539,45.94046991107649,21767.30020253656,,38.38520812988281,1204812692,6980,10,True,nid006819,57786391
PyANNS,graph=base_full ef=300 budget=0.5,64,0.833352435530086,0.9077363896848137,7.7608147989958525,4.410523739992641,0.0,0.32713705196511,0.327060;0.326964;0.327137;0.327160;0.327817,46.86777248783811,21336.623161672418,,27.672199249267578,1204814548,6980,10,True,nid006355,57786387
PyANNS,graph=msmarco_full_R32_L200 ef=80 budget=0.15,64,0.841160458452722,0.9156160458452722,7.588701912027318,4.329449369048234,0.0,0.10823087196331471,0.108231;0.107880;0.108468;0.107909;0.108616,15.50585558213678,64491.76536585512,,27.66930389404297,1204810388,6980,10,True,nid006824,57786393
PyANNS,graph=msmarco_full_R32_L800 ef=80 budget=0.3,64,0.845945558739255,0.9038681948424069,2495.6648207139806,4.1820565649541095,0.0,0.11665121803525835,0.116458;0.116878;0.116651;0.116899;0.116265,16.712208887572828,59836.49478816641,,38.37903594970703,1204812692,6980,10,True,nid006819,57786391
PyANNS,graph=msmarco_full_R32_L200 ef=80 budget=0.1,64,0.8535100286532952,0.9287965616045846,7.588701912027318,4.329449369048234,0.0,0.11217268300242722,0.112173;0.112179;0.112046;0.112640;0.112058,16.070584957367796,62225.48853403966,,27.66930389404297,1204810388,6980,10,True,nid006824,57786393
PyANNS,graph=msmarco_full_R32_L400 ef=80 budget=0.2,64,0.8565902578796561,0.916189111747851,1406.046294759959,4.234330999024678,0.0,0.11326717596966773,0.113277;0.113884;0.112620;0.113267;0.112876,16.227389107402253,61624.20789822818,,38.3782958984375,1204815252,6980,10,True,nid006719,57786389
PyANNS,graph=base_full ef=80 budget=0.3,64,0.8584527220630372,0.913323782234957,7.7608147989958525,4.410523739992641,0.0,0.11922569293528795,0.119890;0.119401;0.118977;0.118764;0.119226,17.081044833135813,58544.42803522669,,27.667465209960938,1204814548,6980,10,True,nid006355,57786387
PyANNS,graph=msmarco_full_R32_L200 ef=1200 budget=0.5,64,0.8600143266475645,0.9253581661891117,7.588701912027318,4.329449369048234,0.0,0.9197806480224244,0.918908;0.919781;0.920019;0.919749;0.919815,131.77373180837026,7588.765881308069,,27.712257385253906,1204810388,6980,10,True,nid006824,57786393
PyANNS,graph=msmarco_full_R32_L200 ef=80 budget=0.07,64,0.8605300859598853,0.935243553008596,7.588701912027318,4.329449369048234,0.0,0.11661707796156406,0.116870;0.116702;0.116562;0.116258;0.116617,16.7073177595364,59854.012139633145,,27.66930389404297,1204810388,6980,10,True,nid006824,57786393
PyANNS,graph=msmarco_full_R32_L200 ef=80 budget=0.05,64,0.8636962750716333,0.9373925501432665,7.588701912027318,4.329449369048234,0.0,0.12113169900840148,0.121029;0.121287;0.121171;0.121132;0.120841,17.35411160578818,57623.23204527891,,27.66930389404297,1204810388,6980,10,True,nid006824,57786393
PyANNS,graph=msmarco_full_R32_L400 ef=600 budget=0.5,64,0.8638395415472779,0.9333810888252149,1406.046294759959,4.234330999024678,0.0,0.5551619509933516,0.555487;0.555162;0.554680;0.555479;0.554800,79.53609613085267,12572.907756935938,,38.39286804199219,1204815252,6980,10,True,nid006719,57786389
PyANNS,graph=msmarco_full_R32_L200 ef=80 budget=0.01,64,0.8640544412607449,0.9381088825214899,7.588701912027318,4.329449369048234,0.0,0.13494405196979642,0.135451;0.135059;0.134944;0.134585;0.134816,19.332958734927853,51725.14014594941,,27.66930389404297,1204810388,6980,10,True,nid006824,57786393
PyANNS,graph=msmarco_full_R32_L200 ef=80 budget=0.005,64,0.8642836676217766,0.938538681948424,7.588701912027318,4.329449369048234,0.0,0.1370277560199611,0.137505;0.137003;0.137085;0.137028;0.136536,19.63148367048153,50938.58501910526,,27.66930389404297,1204810388,6980,10,True,nid006824,57786393
PyANNS,graph=msmarco_full_R32_L200 ef=80 budget=0.03,64,0.8643266475644699,0.9382521489971347,7.588701912027318,4.329449369048234,0.0,0.12718447804218158,0.126936;0.126880;0.127184;0.127643;0.127247,18.22127192581398,54880.910842634716,,27.66930389404297,1204810388,6980,10,True,nid006824,57786393
PyANNS,graph=msmarco_full_R32_L200 ef=80 budget=0.02,64,0.8644699140401146,0.9386819484240687,7.588701912027318,4.329449369048234,0.0,0.1305988789536059,0.130659;0.130599;0.130373;0.130397;0.130702,18.71044111083179,53446.0942997802,,27.66930389404297,1204810388,6980,10,True,nid006824,57786393
PyANNS,graph=msmarco_full_R32_L200 ef=150 budget=0.2,64,0.8733094555873926,0.9372492836676217,7.588701912027318,4.329449369048234,0.0,0.1668333139969036,0.166742;0.166594;0.166885;0.166833;0.166937,23.90162091646183,41838.1666873173,,27.66930389404297,1204810388,6980,10,True,nid006824,57786393
PyANNS,graph=msmarco_full_R32_L400 ef=80 budget=0.15,64,0.8768624641833811,0.9353868194842407,1406.046294759959,4.234330999024678,0.0,0.11591109598521143,0.115895;0.115685;0.115911;0.116940;0.116086,16.60617420991568,60218.56614047154,,38.3782958984375,1204815252,6980,10,True,nid006719,57786389
PyANNS,graph=msmarco_full_R32_L400 ef=150 budget=0.3,64,0.8801146131805158,0.9348137535816619,1406.046294759959,4.234330999024678,0.0,0.1781777729629539,0.178382;0.177772;0.178430;0.178178;0.178055,25.526901570623767,39174.358753778215,,38.3802490234375,1204815252,6980,10,True,nid006719,57786389
PyANNS,graph=msmarco_full_R32_L800 ef=600 budget=0.5,64,0.8820630372492837,0.9406876790830946,2495.6648207139806,4.1820565649541095,0.0,0.5853591159684584,0.584515;0.585533;0.584849;0.585359;0.585397,83.86233753129775,11924.303918034671,,38.39302062988281,1204812692,6980,10,True,nid006819,57786391
PyANNS,graph=msmarco_full_R32_L200 ef=300 budget=0.3,64,0.8845702005730659,0.9432664756446991,7.588701912027318,4.329449369048234,0.0,0.291320813994389,0.291321;0.291348;0.291355;0.291215;0.291200,41.736506302921065,23959.839684281666,,27.67516326904297,1204810388,6980,10,True,nid006824,57786393
PyANNS,graph=msmarco_full_R32_L200 ef=150 budget=0.15,64,0.8862464183381089,0.9502865329512894,7.588701912027318,4.329449369048234,0.0,0.17023375700227916,0.170313;0.169819;0.169821;0.170341;0.170234,24.38879040147266,41002.44348074013,,27.66930389404297,1204810388,6980,10,True,nid006824,57786393
PyANNS,graph=msmarco_full_R32_L800 ef=80 budget=0.2,64,0.8867478510028654,0.9363896848137536,2495.6648207139806,4.1820565649541095,0.0,0.11834862601244822,0.118349;0.117921;0.118589;0.118593;0.118206,16.955390546196018,58978.2934976011,,38.37903594970703,1204812692,6980,10,True,nid006819,57786391
PyANNS,graph=base_full ef=600 budget=0.5,64,0.8872063037249284,0.944269340974212,7.7608147989958525,4.410523739992641,0.0,0.594376532942988,0.594493;0.594377;0.594415;0.593650;0.593525,85.1542310806573,11743.397683349513,,27.680011749267578,1204814548,6980,10,True,nid006355,57786387
PyANNS,graph=msmarco_full_R32_L400 ef=80 budget=0.1,64,0.8887249283667622,0.9455587392550143,1406.046294759959,4.234330999024678,0.0,0.12095393799245358,0.120954;0.120933;0.122106;0.120460;0.121220,17.3286444115263,57707.91853371065,,38.3782958984375,1204815252,6980,10,True,nid006719,57786389
PyANNS,graph=msmarco_full_R32_L400 ef=80 budget=0.02,64,0.892406876790831,0.95,1406.046294759959,4.234330999024678,0.0,0.14065831998595968,0.140668;0.140492;0.140600;0.140658;0.141014,20.151621774492792,49623.79758763459,,38.3782958984375,1204815252,6980,10,True,nid006719,57786389
PyANNS,graph=msmarco_full_R32_L400 ef=80 budget=0.07,64,0.8924641833810888,0.95,1406.046294759959,4.234330999024678,0.0,0.1261042800033465,0.126104;0.125789;0.126426;0.125972;0.126316,18.066515759791763,55351.01584034077,,38.3782958984375,1204815252,6980,10,True,nid006719,57786389
PyANNS,graph=msmarco_full_R32_L400 ef=80 budget=0.01,64,0.8925787965616045,0.9498567335243553,1406.046294759959,4.234330999024678,0.0,0.1451881649554707,0.145401;0.144769;0.144543;0.145297;0.145188,20.800596698491503,48075.54391324369,,38.3782958984375,1204815252,6980,10,True,nid006719,57786389
PyANNS,graph=msmarco_full_R32_L400 ef=80 budget=0.005,64,0.8926074498567336,0.9498567335243553,1406.046294759959,4.234330999024678,0.0,0.14785465301247314,0.147855;0.147267;0.148237;0.148178;0.147840,21.182615044766926,47208.524437923246,,38.3782958984375,1204815252,6980,10,True,nid006719,57786389
PyANNS,graph=msmarco_full_R32_L400 ef=80 budget=0.05,64,0.8931661891117478,0.9502865329512894,1406.046294759959,4.234330999024678,0.0,0.1307824929826893,0.130978;0.131008;0.130164;0.130782;0.130647,18.73674684565749,53371.05785958592,,38.3782958984375,1204815252,6980,10,True,nid006719,57786389
PyANNS,graph=msmarco_full_R32_L400 ef=80 budget=0.03,64,0.8936819484240688,0.9507163323782235,1406.046294759959,4.234330999024678,0.0,0.13728252798318863,0.137283;0.137576;0.137178;0.137308;0.137196,19.667983951746223,50844.052062144125,,38.3782958984375,1204815252,6980,10,True,nid006719,57786389
PyANNS,graph=msmarco_full_R32_L200 ef=150 budget=0.1,64,0.8946848137535817,0.9578796561604584,7.588701912027318,4.329449369048234,0.0,0.17701805295655504,0.177412;0.177018;0.176869;0.177198;0.176698,25.360752572572355,39431.00651837516,,27.66930389404297,1204810388,6980,10,True,nid006824,57786393
PyANNS,graph=msmarco_full_R32_L200 ef=2400 budget=0.5,64,0.8954297994269341,0.9508595988538682,7.588701912027318,4.329449369048234,0.0,1.748974489979446,1.750521;1.749899;1.748974;1.748664;1.747424,250.56941117184041,3990.9101247566105,,27.761009216308594,1204810388,6980,10,True,nid006824,57786393
PyANNS,graph=base_full ef=80 budget=0.2,64,0.8960171919770774,0.9422636103151862,7.7608147989958525,4.410523739992641,0.0,0.1209580689901486,0.121124;0.120517;0.121052;0.120944;0.120958,17.32923624500696,57705.947674879666,,27.667465209960938,1204814548,6980,10,True,nid006355,57786387
PyANNS,graph=msmarco_full_R32_L200 ef=150 budget=0.07,64,0.9006160458452722,0.9624641833810889,7.588701912027318,4.329449369048234,0.0,0.1843202819582075,0.185034;0.184532;0.184320;0.184041;0.184146,26.40691718598961,37868.865682305295,,27.66930389404297,1204810388,6980,10,True,nid006824,57786393
PyANNS,graph=msmarco_full_R32_L200 ef=150 budget=0.05,64,0.9020343839541547,0.96432664756447,7.588701912027318,4.329449369048234,0.0,0.19183680502464995,0.192291;0.191677;0.191353;0.191839;0.191837,27.48378295482091,36385.09304355392,,27.66930389404297,1204810388,6980,10,True,nid006824,57786393
PyANNS,graph=msmarco_full_R32_L200 ef=150 budget=0.02,64,0.9023638968481376,0.9653295128939828,7.588701912027318,4.329449369048234,0.0,0.20816524903057143,0.208640;0.207877;0.208170;0.208165;0.207979,29.823101580311093,33531.053009596755,,27.66930389404297,1204810388,6980,10,True,nid006824,57786393
PyANNS,graph=msmarco_full_R32_L200 ef=150 budget=0.01,64,0.9027077363896848,0.9657593123209169,7.588701912027318,4.329449369048234,0.0,0.21491349395364523,0.214913;0.214851;0.215027;0.214839;0.215290,30.78989884722711,32478.183996699245,,27.66930389404297,1204810388,6980,10,True,nid006824,57786393
PyANNS,graph=msmarco_full_R32_L200 ef=150 budget=0.03,64,0.9027650429799426,0.9659025787965616,7.588701912027318,4.329449369048234,0.0,0.20198600395815447,0.201862;0.202028;0.202077;0.201986;0.201779,28.93782291664104,34556.849797603056,,27.66930389404297,1204810388,6980,10,True,nid006824,57786393
PyANNS,graph=msmarco_full_R32_L800 ef=80 budget=0.15,64,0.9029799426934098,0.9505730659025788,2495.6648207139806,4.1820565649541095,0.0,0.12113525398308411,0.121135;0.120853;0.121299;0.120866;0.121639,17.354620914481963,57621.54096754294,,38.37903594970703,1204812692,6980,10,True,nid006819,57786391
PyANNS,graph=msmarco_full_R32_L200 ef=150 budget=0.005,64,0.9034097421203439,0.9664756446991404,7.588701912027318,4.329449369048234,0.0,0.21896914701210335,0.219080;0.218869;0.219041;0.218593;0.218969,31.37093796735005,31876.63693832714,,27.66930389404297,1204810388,6980,10,True,nid006824,57786393
PyANNS,graph=msmarco_full_R32_L800 ef=150 budget=0.3,64,0.9040257879656161,0.9472779369627508,2495.6648207139806,4.1820565649541095,0.0,0.18759801099076867,0.187772;0.187418;0.187626;0.187598;0.187357,26.876505872602962,37207.21751332146,,38.38098907470703,1204812692,6980,10,True,nid006819,57786391
PyANNS,graph=msmarco_full_R32_L400 ef=1200 budget=0.5,64,0.9045272206303725,0.9606017191977078,1406.046294759959,4.234330999024678,0.0,1.0255265479790978,1.025528;1.023933;1.024414;1.026349;1.025527,146.9235742090398,6806.259685577897,,38.42474365234375,1204815252,6980,10,True,nid006719,57786389
PyANNS,graph=msmarco_full_R32_L400 ef=150 budget=0.2,64,0.9057163323782235,0.9554441260744986,1406.046294759959,4.234330999024678,0.0,0.1806493469630368,0.180590;0.180469;0.180649;0.180900;0.180843,25.88099526691072,38638.39043618684,,38.3802490234375,1204815252,6980,10,True,nid006719,57786389
PyANNS,graph=base_full ef=80 budget=0.15,64,0.9110458452722063,0.9553008595988539,7.7608147989958525,4.410523739992641,0.0,0.12305749405641109,0.123609;0.123057;0.123039;0.122997;0.123093,17.63001347513053,56721.45409364733,,27.667465209960938,1204814548,6980,10,True,nid006355,57786387
PyANNS,graph=msmarco_full_R32_L200 ef=300 budget=0.2,64,0.9125644699140402,0.9671919770773639,7.588701912027318,4.329449369048234,0.0,0.2948267820174806,0.294701;0.294827;0.295022;0.294981;0.294700,42.238793985312405,23674.91837829763,,27.67516326904297,1204810388,6980,10,True,nid006824,57786393
PyANNS,graph=msmarco_full_R32_L800 ef=80 budget=0.1,64,0.9129656160458453,0.9594555873925501,2495.6648207139806,4.1820565649541095,0.0,0.12747349200071767,0.127833;0.127853;0.127042;0.127443;0.127473,18.26267793706557,54756.482233660805,,38.37903594970703,1204812692,6980,10,True,nid006819,57786391
PyANNS,graph=msmarco_full_R32_L800 ef=80 budget=0.07,64,0.9135530085959885,0.9608882521489971,2495.6648207139806,4.1820565649541095,0.0,0.13276419101748616,0.133081;0.132507;0.132571;0.132764;0.132822,19.020657738894865,52574.41744273255,,38.37903594970703,1204812692,6980,10,True,nid006819,57786391
PyANNS,graph=base_full ef=150 budget=0.3,64,0.91378223495702,0.9534383954154728,7.7608147989958525,4.410523739992641,0.0,0.19078019494190812,0.190978;0.190780;0.190533;0.190898;0.190465,27.332406152135835,36586.60691758589,,27.669418334960938,1204814548,6980,10,True,nid006355,57786387
PyANNS,graph=msmarco_full_R32_L800 ef=80 budget=0.05,64,0.9160028653295129,0.9624641833810889,2495.6648207139806,4.1820565649541095,0.0,0.13753011304652318,0.137339;0.137405;0.137530;0.137841;0.137697,19.703454591192433,50752.52135973182,,38.37903594970703,1204812692,6980,10,True,nid006819,57786391
PyANNS,graph=msmarco_full_R32_L800 ef=80 budget=0.02,64,0.9163323782234957,0.9627507163323782,2495.6648207139806,4.1820565649541095,0.0,0.14919103198917583,0.149718;0.148911;0.149178;0.149191;0.149479,21.37407335088479,46785.65398291779,,38.37903594970703,1204812692,6980,10,True,nid006819,57786391
PyANNS,graph=msmarco_full_R32_L800 ef=80 budget=0.01,64,0.9171203438395416,0.9634670487106017,2495.6648207139806,4.1820565649541095,0.0,0.15384977601934224,0.153709;0.154392;0.153481;0.153850;0.154045,22.041515189017513,45368.93182816505,,38.37903594970703,1204812692,6980,10,True,nid006819,57786391
PyANNS,graph=msmarco_full_R32_L800 ef=80 budget=0.005,64,0.9171489971346705,0.9634670487106017,2495.6648207139806,4.1820565649541095,0.0,0.1565610480029136,0.156575;0.156332;0.156682;0.156561;0.156280,22.429949570617993,44583.24780676035,,38.37903594970703,1204812692,6980,10,True,nid006819,57786391
PyANNS,graph=msmarco_full_R32_L800 ef=80 budget=0.03,64,0.9172636103151862,0.9636103151862464,2495.6648207139806,4.1820565649541095,0.0,0.14468219800619408,0.145048;0.144697;0.144597;0.144486;0.144682,20.72810859687594,48243.66851062889,,38.37903594970703,1204812692,6980,10,True,nid006819,57786391
PyANNS,graph=msmarco_full_R32_L800 ef=1200 budget=0.5,64,0.9178796561604584,0.9653295128939828,2495.6648207139806,4.1820565649541095,0.0,1.0816634600050747,1.082696;1.081132;1.083284;1.080543;1.081663,154.96611174857804,6453.023752847538,,38.42428970336914,1204812692,6980,10,True,nid006819,57786391
PyANNS,graph=msmarco_full_R32_L400 ef=150 budget=0.15,64,0.9197851002865329,0.9670487106017192,1406.046294759959,4.234330999024678,0.0,0.18633083102758974,0.185729;0.186456;0.186331;0.186073;0.186428,26.694961465270737,37460.252613624,,38.3802490234375,1204815252,6980,10,True,nid006719,57786389
PyANNS,graph=msmarco_full_R32_L200 ef=300 budget=0.15,64,0.9205157593123209,0.974785100286533,7.588701912027318,4.329449369048234,0.0,0.3034765900229104,0.303972;0.303477;0.303138;0.303672;0.303310,43.478021493253635,23000.12663076601,,27.67516326904297,1204810388,6980,10,True,nid006824,57786393
PyANNS,graph=base_full ef=1200 budget=0.5,64,0.9205730659025788,0.9659025787965616,7.7608147989958525,4.410523739992641,0.0,1.0980249939020723,1.097424;1.098025;1.099134;1.097904;1.099260,157.31017104614216,6356.868048326515,,27.712421417236328,1204814548,6980,10,True,nid006355,57786387
PyANNS,graph=base_full ef=80 budget=0.1,64,0.9211604584527221,0.9640401146131805,7.7608147989958525,4.410523739992641,0.0,0.1289213210111484,0.127959;0.128483;0.129351;0.129073;0.128921,18.47010329672613,54141.54885518439,,27.667465209960938,1204814548,6980,10,True,nid006355,57786387
PyANNS,graph=base_full ef=80 budget=0.07,64,0.9212177650429799,0.9644699140401146,7.7608147989958525,4.410523739992641,0.0,0.1342271799221635,0.134227;0.134417;0.134044;0.134233;0.133914,19.230255003175284,52001.390508596,,27.667465209960938,1204814548,6980,10,True,nid006355,57786387
PyANNS,graph=msmarco_full_R32_L200 ef=4800 budget=0.5,64,0.9226790830945558,0.9671919770773639,7.588701912027318,4.329449369048234,0.0,3.527701454993803,3.527701;3.527274;3.526587;3.527722;3.528418,505.40135458363943,1978.6254843416905,,27.823413848876953,1204810388,6980,10,True,nid006824,57786393
PyANNS,graph=msmarco_full_R32_L400 ef=300 budget=0.3,64,0.9246131805157594,0.9680515759312321,1406.046294759959,4.234330999024678,0.0,0.3171290360041894,0.317302;0.317387;0.317129;0.316748;0.316957,45.43395931292112,22009.968207098485,,38.3841552734375,1204815252,6980,10,True,nid006719,57786389
PyANNS,graph=base_full ef=80 budget=0.005,64,0.9252005730659025,0.967621776504298,7.7608147989958525,4.410523739992641,0.0,0.15673299611080438,0.157008;0.156656;0.156425;0.157065;0.156733,22.45458397002928,44534.336567300736,,27.667465209960938,1204814548,6980,10,True,nid006355,57786387
PyANNS,graph=base_full ef=80 budget=0.01,64,0.9255587392550143,0.9680515759312321,7.7608147989958525,4.410523739992641,0.0,0.15451979101635516,0.154883;0.154342;0.154268;0.154786;0.154520,22.137505876268648,45172.20709456695,,27.667465209960938,1204814548,6980,10,True,nid006355,57786387
PyANNS,graph=base_full ef=80 budget=0.05,64,0.9257593123209169,0.9684813753581661,7.7608147989958525,4.410523739992641,0.0,0.1387248740065843,0.138725;0.138614;0.138708;0.138744;0.139092,19.874623783178265,50315.4178368092,,27.667465209960938,1204814548,6980,10,True,nid006355,57786387
PyANNS,graph=base_full ef=80 budget=0.02,64,0.9259025787965616,0.9687679083094556,7.7608147989958525,4.410523739992641,0.0,0.14967104501556605,0.150196;0.149832;0.149517;0.149364;0.149671,21.44284312543926,46635.60676865768,,27.667465209960938,1204814548,6980,10,True,nid006355,57786387
PyANNS,graph=base_full ef=80 budget=0.03,64,0.9260888252148997,0.969054441260745,7.7608147989958525,4.410523739992641,0.0,0.1455615279264748,0.145670;0.145639;0.145471;0.145562;0.145476,20.8540870954835,47952.23091863735,,27.667465209960938,1204814548,6980,10,True,nid006355,57786387
PyANNS,graph=msmarco_full_R32_L200 ef=600 budget=0.3,64,0.9265616045845272,0.9755014326647564,7.588701912027318,4.329449369048234,0.0,0.5326154900249094,0.532535;0.532615;0.531642;0.532896;0.532795,76.30594412964318,13105.138943055448,,27.68297576904297,1204810388,6980,10,True,nid006824,57786393
PyANNS,graph=msmarco_full_R32_L200 ef=300 budget=0.1,64,0.9265902578796562,0.9792263610315186,7.588701912027318,4.329449369048234,0.0,0.31774018600117415,0.317184;0.318107;0.317410;0.317740;0.318085,45.52151661907939,21967.633643841975,,27.67516326904297,1204810388,6980,10,True,nid006824,57786393
PyANNS,graph=msmarco_full_R32_L400 ef=150 budget=0.1,64,0.9267478510028653,0.9749283667621776,1406.046294759959,4.234330999024678,0.0,0.19507014902774245,0.195070;0.194936;0.195291;0.195246;0.194729,27.947012754690896,35781.99962828408,,38.3802490234375,1204815252,6980,10,True,nid006719,57786389
PyANNS,graph=msmarco_full_R32_L200 ef=300 budget=0.07,64,0.9284813753581662,0.9808022922636103,7.588701912027318,4.329449369048234,0.0,0.33079819002887234,0.330766;0.330798;0.330783;0.330808;0.330854,47.392290835082,21100.47820815096,,27.67516326904297,1204810388,6980,10,True,nid006824,57786393
PyANNS,graph=msmarco_full_R32_L800 ef=150 budget=0.2,64,0.9286389684813754,0.966618911174785,2495.6648207139806,4.1820565649541095,0.0,0.19143817899748683,0.191556;0.191551;0.191438;0.190833;0.191159,27.426673208809003,36460.85664078341,,38.38098907470703,1204812692,6980,10,True,nid006819,57786391
PyANNS,graph=msmarco_full_R32_L200 ef=300 budget=0.05,64,0.929054441260745,0.9816618911174785,7.588701912027318,4.329449369048234,0.0,0.3432274350197986,0.343464;0.343246;0.343227;0.342946;0.342992,49.17298495985653,20336.369671606724,,27.67516326904297,1204810388,6980,10,True,nid006824,57786393
PyANNS,graph=msmarco_full_R32_L400 ef=150 budget=0.005,64,0.9292263610315187,0.9753581661891118,1406.046294759959,4.234330999024678,0.0,0.24003317096503451,0.240162;0.239992;0.240033;0.240046;0.239629,34.38870644198202,29079.314212854242,,38.3802490234375,1204815252,6980,10,True,nid006719,57786389
PyANNS,graph=msmarco_full_R32_L400 ef=150 budget=0.03,64,0.9292836676217765,0.9753581661891118,1406.046294759959,4.234330999024678,0.0,0.2221351299667731,0.222112;0.221984;0.222135;0.222300;0.222187,31.824517187216777,31422.31488123498,,38.3802490234375,1204815252,6980,10,True,nid006719,57786389
PyANNS,graph=msmarco_full_R32_L400 ef=150 budget=0.02,64,0.9293266475644699,0.9753581661891118,1406.046294759959,4.234330999024678,0.0,0.22857408598065376,0.229158;0.228574;0.228603;0.228490;0.228457,32.7470037221567,30537.14497010295,,38.3802490234375,1204815252,6980,10,True,nid006719,57786389
PyANNS,graph=msmarco_full_R32_L400 ef=150 budget=0.07,64,0.9293982808022923,0.9759312320916905,1406.046294759959,4.234330999024678,0.0,0.20239963702624664,0.202440;0.202275;0.202850;0.202275;0.202400,28.99708266851671,34486.22785373302,,38.3802490234375,1204815252,6980,10,True,nid006719,57786389
PyANNS,graph=msmarco_full_R32_L400 ef=150 budget=0.01,64,0.9294842406876791,0.9753581661891118,1406.046294759959,4.234330999024678,0.0,0.23644800297915936,0.236456;0.236122;0.236448;0.236103;0.236803,33.87507206005149,29520.2324065102,,38.3802490234375,1204815252,6980,10,True,nid006719,57786389
PyANNS,graph=msmarco_full_R32_L200 ef=300 budget=0.005,64,0.9295558739255014,0.9822349570200573,7.588701912027318,4.329449369048234,0.0,0.3880574450013228,0.388057;0.388069;0.387714;0.388208;0.388043,55.595622493026184,17987.02766796861,,27.67516326904297,1204810388,6980,10,True,nid006824,57786393
PyANNS,graph=msmarco_full_R32_L400 ef=150 budget=0.05,64,0.9295558739255014,0.9753581661891118,1406.046294759959,4.234330999024678,0.0,0.21055720403091982,0.210868;0.210720;0.210557;0.210517;0.210204,30.16578854311172,33150.13624029223,,38.3802490234375,1204815252,6980,10,True,nid006719,57786389
PyANNS,graph=msmarco_full_R32_L200 ef=300 budget=0.01,64,0.9295702005730659,0.9822349570200573,7.588701912027318,4.329449369048234,0.0,0.3815808449871838,0.381485;0.381149;0.382129;0.381581;0.381746,54.667742834840084,18292.322824104125,,27.67516326904297,1204810388,6980,10,True,nid006824,57786393
PyANNS,graph=msmarco_full_R32_L200 ef=300 budget=0.02,64,0.9299856733524355,0.982378223495702,7.588701912027318,4.329449369048234,0.0,0.3699599949759431,0.369968;0.369214;0.369960;0.370228;0.369486,53.00286460973397,18866.904786432053,,27.67516326904297,1204810388,6980,10,True,nid006824,57786393
PyANNS,graph=msmarco_full_R32_L200 ef=300 budget=0.03,64,0.9300573065902579,0.9820916905444126,7.588701912027318,4.329449369048234,0.0,0.3600395260145888,0.360349;0.360040;0.359989;0.360261;0.359839,51.581593984898106,19386.760329523295,,27.67516326904297,1204810388,6980,10,True,nid006824,57786393
PyANNS,graph=msmarco_full_R32_L400 ef=2400 budget=0.5,64,0.9313037249283668,0.9755014326647564,1406.046294759959,4.234330999024678,0.0,1.9671225860365666,1.966727;1.966420;1.967525;1.967123;1.968343,281.8227200625454,3548.32995642817,,38.47162628173828,1204815252,6980,10,True,nid006719,57786389
PyANNS,graph=base_full ef=150 budget=0.2,64,0.9354011461318051,0.9699140401146131,7.7608147989958525,4.410523739992641,0.0,0.19351504801306874,0.193683;0.193515;0.193372;0.193640;0.193305,27.724218913047096,36069.54638240131,,27.669418334960938,1204814548,6980,10,True,nid006355,57786387
PyANNS,graph=msmarco_full_R32_L800 ef=150 budget=0.15,64,0.9366332378223495,0.9732091690544412,2495.6648207139806,4.1820565649541095,0.0,0.19571626494871452,0.195500;0.195716;0.195761;0.195749;0.195566,28.03957950554649,35663.872912294944,,38.38098907470703,1204812692,6980,10,True,nid006819,57786391
PyANNS,graph=msmarco_full_R32_L800 ef=2400 budget=0.5,64,0.9399426934097421,0.9763610315186246,2495.6648207139806,4.1820565649541095,0.0,2.0838815169990994,2.085796;2.083882;2.082972;2.082464;2.084112,298.55036060159017,3349.5186473228923,,38.471099853515625,1204812692,6980,10,True,nid006819,57786391
PyANNS,graph=msmarco_full_R32_L400 ef=300 budget=0.2,64,0.9399570200573066,0.9802292263610315,1406.046294759959,4.234330999024678,0.0,0.3239617859944701,0.324215;0.324169;0.323759;0.323962;0.323864,46.41286332298999,21545.751078552043,,38.3841552734375,1204815252,6980,10,True,nid006719,57786389
PyANNS,graph=msmarco_full_R32_L200 ef=600 budget=0.2,64,0.9412750716332379,0.9872492836676218,7.588701912027318,4.329449369048234,0.0,0.5430500449729152,0.542207;0.543234;0.543050;0.543070;0.541521,77.80086604196492,12853.327358343427,,27.68297576904297,1204810388,6980,10,True,nid006824,57786393
PyANNS,graph=base_full ef=2400 budget=0.5,64,0.9418338108882521,0.9760744985673352,7.7608147989958525,4.410523739992641,0.0,2.1121256169863045,2.108398;2.112126;2.112119;2.113232;2.113781,302.59679326451356,3304.7276846911423,,27.759227752685547,1204814548,6980,10,True,nid006355,57786387
PyANNS,graph=msmarco_full_R32_L800 ef=150 budget=0.1,64,0.9431948424068768,0.9787965616045845,2495.6648207139806,4.1820565649541095,0.0,0.20616128901019692,0.206400;0.205797;0.206161;0.206146;0.206183,29.536001290859158,33856.98660263403,,38.38098907470703,1204812692,6980,10,True,nid006819,57786391
PyANNS,graph=msmarco_full_R32_L800 ef=300 budget=0.3,64,0.9432664756446991,0.9756446991404012,2495.6648207139806,4.1820565649541095,0.0,0.33662249200278893,0.336579;0.336748;0.336843;0.336622;0.336292,48.226718051975496,20735.393997208514,,38.38520812988281,1204812692,6980,10,True,nid006819,57786391
PyANNS,graph=msmarco_full_R32_L800 ef=150 budget=0.07,64,0.943810888252149,0.9786532951289398,2495.6648207139806,4.1820565649541095,0.0,0.21479999303119257,0.214985;0.214800;0.214685;0.214688;0.214803,30.773637970084895,32495.345560771908,,38.38098907470703,1204812692,6980,10,True,nid006819,57786391
PyANNS,graph=base_full ef=150 budget=0.15,64,0.9440687679083094,0.9772206303724928,7.7608147989958525,4.410523739992641,0.0,0.19822416407987475,0.198338;0.198310;0.197775;0.198224;0.197740,28.39887737534022,35212.65952816629,,27.669418334960938,1204814548,6980,10,True,nid006355,57786387
PyANNS,graph=msmarco_full_R32_L800 ef=150 budget=0.05,64,0.9446991404011461,0.9792263610315186,2495.6648207139806,4.1820565649541095,0.0,0.22278029203880578,0.222780;0.223049;0.223144;0.222378;0.222552,31.91694728349653,31331.317218958324,,38.38098907470703,1204812692,6980,10,True,nid006819,57786391
PyANNS,graph=msmarco_full_R32_L200 ef=600 budget=0.15,64,0.944971346704871,0.9896848137535816,7.588701912027318,4.329449369048234,0.0,0.5597832049825229,0.559628;0.560241;0.560236;0.558756;0.559783,80.19816690294024,12469.112931349779,,27.68297576904297,1204810388,6980,10,True,nid006824,57786393
PyANNS,graph=msmarco_full_R32_L800 ef=150 budget=0.03,64,0.9458022922636103,0.9800859598853868,2495.6648207139806,4.1820565649541095,0.0,0.23396523896371946,0.234490;0.234317;0.233965;0.233799;0.233761,33.51937520970193,29833.491637116123,,38.38098907470703,1204812692,6980,10,True,nid006819,57786391
PyANNS,graph=msmarco_full_R32_L800 ef=150 budget=0.02,64,0.9458882521489972,0.9803724928366763,2495.6648207139806,4.1820565649541095,0.0,0.24137481302022934,0.241368;0.241832;0.241435;0.241237;0.241375,34.5809187708065,28917.681644832654,,38.38098907470703,1204812692,6980,10,True,nid006819,57786391
PyANNS,graph=msmarco_full_R32_L800 ef=150 budget=0.01,64,0.9467048710601719,0.9813753581661891,2495.6648207139806,4.1820565649541095,0.0,0.24934328900417313,0.249756;0.249353;0.249281;0.249343;0.249248,35.72253424128555,27993.53464806177,,38.38098907470703,1204812692,6980,10,True,nid006819,57786391
PyANNS,graph=msmarco_full_R32_L800 ef=150 budget=0.005,64,0.946919770773639,0.9815186246418338,2495.6648207139806,4.1820565649541095,0.0,0.25368200498633087,0.253964;0.253780;0.253682;0.253217;0.253404,36.344126788872614,27514.76203594379,,38.38098907470703,1204812692,6980,10,True,nid006819,57786391
PyANNS,graph=msmarco_full_R32_L400 ef=4800 budget=0.5,64,0.9475787965616046,0.9818051575931233,1406.046294759959,4.234330999024678,0.0,3.9441668660147116,3.942904;3.943387;3.946491;3.946209;3.944167,565.066886248526,1769.7020022514344,,38.53403091430664,1204815252,6980,10,True,nid006719,57786389
PyANNS,graph=msmarco_full_R32_L200 ef=600 budget=0.1,64,0.9476790830945558,0.9918338108882522,7.588701912027318,4.329449369048234,0.0,0.5893053190084174,0.589092;0.589305;0.589138;0.589727;0.590418,84.4276961330111,11844.454436190657,,27.68297576904297,1204810388,6980,10,True,nid006824,57786393
PyANNS,graph=msmarco_full_R32_L400 ef=300 budget=0.15,64,0.948567335243553,0.9865329512893983,1406.046294759959,4.234330999024678,0.0,0.33497666800394654,0.335091;0.334707;0.334977;0.335041;0.334740,47.99092664812988,20837.272164632566,,38.3841552734375,1204815252,6980,10,True,nid006719,57786389
PyANNS,graph=msmarco_full_R32_L200 ef=600 budget=0.07,64,0.9487392550143267,0.9921203438395415,7.588701912027318,4.329449369048234,0.0,0.6122915170271881,0.611396;0.612292;0.612461;0.611551;0.612486,87.72084771163154,11399.79863495326,,27.68297576904297,1204810388,6980,10,True,nid006824,57786393
PyANNS,graph=msmarco_full_R32_L200 ef=1200 budget=0.3,64,0.9490830945558739,0.9885386819484241,7.588701912027318,4.329449369048234,0.0,0.9739868380129337,0.974168;0.973286;0.973987;0.972561;0.974280,139.53966160643748,7166.421277560746,,27.712257385253906,1204810388,6980,10,True,nid006824,57786393
PyANNS,graph=msmarco_full_R32_L200 ef=600 budget=0.05,64,0.9493839541547278,0.9926934097421204,7.588701912027318,4.329449369048234,0.0,0.6330690680188127,0.634046;0.633385;0.633069;0.632927;0.632317,90.69757421472961,11025.653206914507,,27.68297576904297,1204810388,6980,10,True,nid006824,57786393
PyANNS,graph=msmarco_full_R32_L200 ef=600 budget=0.03,64,0.9494985673352435,0.992406876790831,7.588701912027318,4.329449369048234,0.0,0.6620141449966468,0.662960;0.661986;0.663134;0.661952;0.662014,94.84443338060842,10543.581361143506,,27.68297576904297,1204810388,6980,10,True,nid006824,57786393
PyANNS,graph=base_full ef=150 budget=0.1,64,0.9495558739255014,0.9820916905444126,7.7608147989958525,4.410523739992641,0.0,0.20630458102095872,0.206570;0.206305;0.206222;0.206539;0.205830,29.556530232229044,33833.47071333764,,27.669418334960938,1204814548,6980,10,True,nid006355,57786387
PyANNS,graph=base_full ef=150 budget=0.07,64,0.9495845272206304,0.9820916905444126,7.7608147989958525,4.410523739992641,0.0,0.2154285260476172,0.215157;0.215680;0.215546;0.215429;0.215236,30.86368568017438,32400.537329291186,,27.669418334960938,1204814548,6980,10,True,nid006355,57786387
PyANNS,graph=msmarco_full_R32_L200 ef=600 budget=0.02,64,0.9496704871060172,0.9928366762177651,7.588701912027318,4.329449369048234,0.0,0.6802235930226743,0.680441;0.679646;0.680996;0.680175;0.680224,97.4532368227327,10261.331820296524,,27.68297576904297,1204810388,6980,10,True,nid006824,57786393
PyANNS,graph=msmarco_full_R32_L200 ef=600 budget=0.005,64,0.9498424068767908,0.9929799426934097,7.588701912027318,4.329449369048234,0.0,0.7124052449944429,0.712574;0.712233;0.712405;0.712648;0.711797,102.06378868115227,9797.794231644726,,27.68297576904297,1204810388,6980,10,True,nid006824,57786393
PyANNS,graph=msmarco_full_R32_L200 ef=600 budget=0.01,64,0.9499140401146132,0.9929799426934097,7.588701912027318,4.329449369048234,0.0,0.7009732099832036,0.700973;0.701069;0.701043;0.700804;0.700690,100.42596131564521,9957.584541878929,,27.68297576904297,1204810388,6980,10,True,nid006824,57786393
PyANNS,graph=base_full ef=300 budget=0.3,64,0.9500429799426934,0.9792263610315186,7.7608147989958525,4.410523739992641,0.0,0.3419781280681491,0.341978;0.341976;0.342194;0.341963;0.342124,48.99400115589528,20410.662048565377,,27.672199249267578,1204814548,6980,10,True,nid006355,57786387
PyANNS,graph=msmarco_full_R32_L400 ef=300 budget=0.1,64,0.9508595988538682,0.98810888252149,1406.046294759959,4.234330999024678,0.0,0.3519394809845835,0.351947;0.351939;0.351653;0.352515;0.350755,50.42112908088589,19832.955315137704,,38.3841552734375,1204815252,6980,10,True,nid006719,57786389
PyANNS,graph=base_full ef=150 budget=0.03,64,0.9517048710601719,0.983810888252149,7.7608147989958525,4.410523739992641,0.0,0.23616365692578256,0.236471;0.235897;0.235952;0.236226;0.236164,33.83433480312071,29555.77539262764,,27.669418334960938,1204814548,6980,10,True,nid006355,57786387
PyANNS,graph=base_full ef=150 budget=0.02,64,0.952134670487106,0.9839541547277937,7.7608147989958525,4.410523739992641,0.0,0.24377093103248626,0.244179;0.243635;0.243771;0.243609;0.243802,34.92420215365133,28633.43865667809,,27.669418334960938,1204814548,6980,10,True,nid006355,57786387
PyANNS,graph=base_full ef=150 budget=0.005,64,0.9523638968481375,0.9840974212034383,7.7608147989958525,4.410523739992641,0.0,0.25580525607801974,0.255927;0.255853;0.255398;0.255805;0.255479,36.64831748968764,27286.382254284577,,27.669418334960938,1204814548,6980,10,True,nid006355,57786387
PyANNS,graph=base_full ef=150 budget=0.01,64,0.9523638968481375,0.9840974212034383,7.7608147989958525,4.410523739992641,0.0,0.25150836596731097,0.252028;0.251505;0.251702;0.251508;0.251225,36.032717187293834,27752.555956358145,,27.669418334960938,1204814548,6980,10,True,nid006355,57786387
PyANNS,graph=msmarco_full_R32_L400 ef=300 budget=0.07,64,0.9525644699140401,0.9891117478510029,1406.046294759959,4.234330999024678,0.0,0.3662808280205354,0.366281;0.366564;0.366530;0.366033;0.365654,52.47576332672427,19056.416459800806,,38.3841552734375,1204815252,6980,10,True,nid006719,57786389
PyANNS,graph=base_full ef=150 budget=0.05,64,0.9526790830945558,0.9848137535816619,7.7608147989958525,4.410523739992641,0.0,0.22456731798592955,0.224374;0.224567;0.224810;0.225374;0.224242,32.17296819282658,31081.993865364406,,27.669418334960938,1204814548,6980,10,True,nid006355,57786387
PyANNS,graph=msmarco_full_R32_L400 ef=300 budget=0.05,64,0.9529656160458453,0.9892550143266475,1406.046294759959,4.234330999024678,0.0,0.37949851201847196,0.379499;0.379149;0.380046;0.379570;0.379282,54.36941432929398,18392.69398679553,,38.3841552734375,1204815252,6980,10,True,nid006719,57786389
PyANNS,graph=msmarco_full_R32_L400 ef=600 budget=0.3,64,0.9530372492836676,0.9865329512893983,1406.046294759959,4.234330999024678,0.0,0.5805187239893712,0.579890;0.579650;0.580519;0.580884;0.580752,83.16887163171508,12023.72931579688,,38.39286804199219,1204815252,6980,10,True,nid006719,57786389
PyANNS,graph=msmarco_full_R32_L400 ef=300 budget=0.03,64,0.9530659025787965,0.9893982808022923,1406.046294759959,4.234330999024678,0.0,0.39726343302754685,0.397608;0.397263;0.397467;0.396960;0.397211,56.91453195237061,17570.20510749097,,38.3841552734375,1204815252,6980,10,True,nid006719,57786389
PyANNS,graph=msmarco_full_R32_L400 ef=300 budget=0.02,64,0.9533094555873926,0.9898280802292264,1406.046294759959,4.234330999024678,0.0,0.40770702401641756,0.408062;0.407537;0.407907;0.407707;0.407703,58.41074842642085,17120.13673749935,,38.3841552734375,1204815252,6980,10,True,nid006719,57786389
PyANNS,graph=msmarco_full_R32_L400 ef=300 budget=0.005,64,0.953595988538682,0.9899713467048711,1406.046294759959,4.234330999024678,0.0,0.4277085739886388,0.428124;0.427804;0.427519;0.427290;0.427709,61.27629999837232,16319.523209243425,,38.3841552734375,1204815252,6980,10,True,nid006719,57786389
PyANNS,graph=msmarco_full_R32_L400 ef=300 budget=0.01,64,0.9536389684813753,0.9899713467048711,1406.046294759959,4.234330999024678,0.0,0.42088917701039463,0.421601;0.421446;0.420889;0.420809;0.420869,60.29930902727717,16583.937961007763,,38.3841552734375,1204815252,6980,10,True,nid006719,57786389
PyANNS,graph=msmarco_full_R32_L800 ef=4800 budget=0.5,64,0.9553724928366762,0.9826647564469914,2495.6648207139806,4.1820565649541095,0.0,4.18544633698184,4.186840;4.185240;4.181606;4.190776;4.185446,599.634145699404,1667.683548663853,,38.533504486083984,1204812692,6980,10,True,nid006819,57786391
PyANNS,graph=base_full ef=4800 budget=0.5,64,0.9564183381088825,0.982378223495702,7.7608147989958525,4.410523739992641,0.0,4.259717314969748,4.254292;4.259717;4.258815;4.263077;4.263282,610.2746869584166,1638.6063872056661,,27.821632385253906,1204814548,6980,10,True,nid006355,57786387
PyANNS,graph=msmarco_full_R32_L800 ef=300 budget=0.2,64,0.9566045845272206,0.9853868194842407,2495.6648207139806,4.1820565649541095,0.0,0.34412566700484604,0.344126;0.344523;0.344068;0.343889;0.344319,49.301671490665626,20283.287964979685,,38.38520812988281,1204812692,6980,10,True,nid006819,57786391
PyANNS,graph=msmarco_full_R32_L200 ef=1200 budget=0.2,64,0.9568767908309456,0.9951289398280803,7.588701912027318,4.329449369048234,0.0,1.0031459649908356,1.003146;1.003768;1.002875;1.003471;1.002486,143.7171869614378,6958.110029444983,,27.712257385253906,1204810388,6980,10,True,nid006824,57786393
PyANNS,graph=msmarco_full_R32_L200 ef=1200 budget=0.15,64,0.9591404011461319,0.9964183381088825,7.588701912027318,4.329449369048234,0.0,1.041361296956893,1.042768;1.041511;1.041045;1.041361;1.040502,149.19216288780703,6702.764948531533,,27.712257385253906,1204810388,6980,10,True,nid006824,57786393
PyANNS,graph=msmarco_full_R32_L400 ef=600 budget=0.2,64,0.9606017191977078,0.9925501432664756,1406.046294759959,4.234330999024678,0.0,0.5962966199731454,0.596274;0.596281;0.596690;0.596297;0.596728,85.42931518239905,11705.583708179242,,38.39286804199219,1204815252,6980,10,True,nid006719,57786389
PyANNS,graph=msmarco_full_R32_L200 ef=1200 budget=0.1,64,0.9615759312320917,0.9974212034383955,7.588701912027318,4.329449369048234,0.0,1.115258795034606,1.115373;1.115172;1.115259;1.114745;1.115308,159.7791969963619,6258.637036602266,,27.712257385253906,1204810388,6980,10,True,nid006824,57786393
PyANNS,graph=msmarco_full_R32_L200 ef=1200 budget=0.07,64,0.9617765042979942,0.9974212034383955,7.588701912027318,4.329449369048234,0.0,1.1779624269693159,1.177962;1.178106;1.178541;1.177248;1.177588,168.76252535377017,5925.486110756756,,27.712257385253906,1204810388,6980,10,True,nid006824,57786393
PyANNS,graph=base_full ef=300 budget=0.2,64,0.9619054441260745,0.9875358166189112,7.7608147989958525,4.410523739992641,0.0,0.3492376790381968,0.349675;0.349219;0.349879;0.349238;0.348898,50.03405143813708,19986.38869443576,,27.672199249267578,1204814548,6980,10,True,nid006355,57786387
PyANNS,graph=msmarco_full_R32_L200 ef=1200 budget=0.02,64,0.9623352435530086,0.9978510028653295,7.588701912027318,4.329449369048234,0.0,1.2984264970291406,1.298426;1.298501;1.298846;1.298114;1.296709,186.0209881130574,5375.737491471839,,27.712257385253906,1204810388,6980,10,True,nid006824,57786393
PyANNS,graph=msmarco_full_R32_L200 ef=1200 budget=0.05,64,0.9623495702005731,0.9977077363896848,7.588701912027318,4.329449369048234,0.0,1.2211537639959715,1.220824;1.221607;1.221154;1.221944;1.219270,174.95039598796154,5715.905896370825,,27.712257385253906,1204810388,6980,10,True,nid006824,57786393
PyANNS,graph=msmarco_full_R32_L200 ef=1200 budget=0.01,64,0.9624068767908309,0.9977077363896848,7.588701912027318,4.329449369048234,0.0,1.3329634660040028,1.334592;1.332913;1.332481;1.332963;1.334447,190.96897793753624,5236.452594552235,,27.712257385253906,1204810388,6980,10,True,nid006824,57786393
PyANNS,graph=msmarco_full_R32_L200 ef=1200 budget=0.005,64,0.9624641833810889,0.9977077363896848,7.588701912027318,4.329449369048234,0.0,1.353913783968892,1.354463;1.352374;1.354006;1.352188;1.353914,193.97045615600172,5155.424283766931,,27.712257385253906,1204810388,6980,10,True,nid006824,57786393
PyANNS,graph=msmarco_full_R32_L200 ef=1200 budget=0.03,64,0.9626361031518624,0.9979942693409742,7.588701912027318,4.329449369048234,0.0,1.2686634130077437,1.269801;1.268895;1.267664;1.268663;1.268265,181.75693596099478,5501.853311471981,,27.712257385253906,1204810388,6980,10,True,nid006824,57786393
PyANNS,graph=msmarco_full_R32_L200 ef=2400 budget=0.3,64,0.9632378223495702,0.9946991404011462,7.588701912027318,4.329449369048234,0.0,1.8310822549974546,1.830592;1.831647;1.830447;1.831082;1.831178,262.3327012890336,3811.9532756925237,,27.761009216308594,1204810388,6980,10,True,nid006824,57786393
PyANNS,graph=msmarco_full_R32_L800 ef=300 budget=0.15,64,0.9634813753581661,0.9905444126074499,2495.6648207139806,4.1820565649541095,0.0,0.35483359795762226,0.355152;0.354834;0.354727;0.354834;0.354815,50.835759019716654,19671.192469303936,,38.38520812988281,1204812692,6980,10,True,nid006819,57786391
PyANNS,graph=msmarco_full_R32_L400 ef=600 budget=0.15,64,0.9644985673352435,0.9955587392550144,1406.046294759959,4.234330999024678,0.0,0.6173949969816022,0.617395;0.616807;0.617356;0.618280;0.618246,88.4520052982238,11305.56618392552,,38.39286804199219,1204815252,6980,10,True,nid006719,57786389
PyANNS,graph=msmarco_full_R32_L800 ef=300 budget=0.05,64,0.9650859598853868,0.9919770773638968,2495.6648207139806,4.1820565649541095,0.0,0.4029667560243979,0.402520;0.403867;0.402967;0.402562;0.403306,57.73162693759282,17321.5281301701,,38.38520812988281,1204812692,6980,10,True,nid006819,57786391
PyANNS,graph=msmarco_full_R32_L800 ef=300 budget=0.1,64,0.9651002865329513,0.9915472779369627,2495.6648207139806,4.1820565649541095,0.0,0.3732904890202917,0.374072;0.373826;0.372900;0.373290;0.373217,53.480012753623456,18698.574448867283,,38.38520812988281,1204812692,6980,10,True,nid006819,57786391
PyANNS,graph=msmarco_full_R32_L800 ef=300 budget=0.03,64,0.9654297994269341,0.9919770773638968,2495.6648207139806,4.1820565649541095,0.0,0.42113946797326207,0.421139;0.421463;0.420994;0.421142;0.420704,60.335167331412904,16574.081820427138,,38.38520812988281,1204812692,6980,10,True,nid006819,57786391
PyANNS,graph=msmarco_full_R32_L800 ef=300 budget=0.07,64,0.9654297994269341,0.9918338108882522,2495.6648207139806,4.1820565649541095,0.0,0.38968297303654253,0.389515;0.390100;0.389683;0.390154;0.389449,55.828506165693774,17911.996373897124,,38.38520812988281,1204812692,6980,10,True,nid006819,57786391
PyANNS,graph=msmarco_full_R32_L800 ef=300 budget=0.01,64,0.965458452722063,0.9921203438395415,2495.6648207139806,4.1820565649541095,0.0,0.44613042898708954,0.446556;0.446906;0.446062;0.446130;0.446040,63.915534238838035,15645.648775510877,,38.38520812988281,1204812692,6980,10,True,nid006819,57786391
PyANNS,graph=msmarco_full_R32_L800 ef=300 budget=0.005,64,0.9656733524355301,0.9922636103151863,2495.6648207139806,4.1820565649541095,0.0,0.4536280310130678,0.454032;0.453400;0.453810;0.453292;0.453628,64.9896892568865,15387.05618436292,,38.38520812988281,1204812692,6980,10,True,nid006819,57786391
PyANNS,graph=msmarco_full_R32_L800 ef=300 budget=0.02,64,0.9656733524355301,0.9922636103151863,2495.6648207139806,4.1820565649541095,0.0,0.43315433303359896,0.433240;0.433462;0.433154;0.432422;0.432962,62.05649470395401,16114.348784451788,,38.38520812988281,1204812692,6980,10,True,nid006819,57786391
PyANNS,graph=msmarco_full_R32_L400 ef=600 budget=0.1,64,0.9660744985673353,0.995702005730659,1406.046294759959,4.234330999024678,0.0,0.6515947580337524,0.651595;0.652925;0.651998;0.651521;0.651247,93.35168453205623,10712.179485701814,,38.39286804199219,1204815252,6980,10,True,nid006719,57786389
PyANNS,graph=msmarco_full_R32_L400 ef=600 budget=0.02,64,0.9662464183381089,0.9958452722063037,1406.046294759959,4.234330999024678,0.0,0.7526903259567916,0.752931;0.753521;0.752261;0.752690;0.752607,107.83529025168934,9273.40203439879,,38.39286804199219,1204815252,6980,10,True,nid006719,57786389
PyANNS,graph=msmarco_full_R32_L400 ef=600 budget=0.07,64,0.9665759312320917,0.9961318051575931,1406.046294759959,4.234330999024678,0.0,0.678860800981056,0.678861;0.679301;0.678522;0.677963;0.679063,97.2579944098934,10281.93112625276,,38.39286804199219,1204815252,6980,10,True,nid006719,57786389
PyANNS,graph=msmarco_full_R32_L400 ef=600 budget=0.01,64,0.966618911174785,0.9961318051575931,1406.046294759959,4.234330999024678,0.0,0.7757456880062819,0.775746;0.775708;0.775819;0.775321;0.775810,111.13835071723236,8997.79413268679,,38.39286804199219,1204815252,6980,10,True,nid006719,57786389
PyANNS,graph=msmarco_full_R32_L400 ef=600 budget=0.005,64,0.9666905444126075,0.9961318051575931,1406.046294759959,4.234330999024678,0.0,0.7880815480020829,0.788937;0.787712;0.787991;0.788436;0.788082,112.90566590287719,8856.951438205164,,38.39286804199219,1204815252,6980,10,True,nid006719,57786389
PyANNS,graph=msmarco_full_R32_L400 ef=600 budget=0.03,64,0.9666905444126075,0.9961318051575931,1406.046294759959,4.234330999024678,0.0,0.7330962539999746,0.733488;0.733181;0.732992;0.732934;0.733096,105.02811661890753,9521.25994631019,,38.39286804199219,1204815252,6980,10,True,nid006719,57786389
PyANNS,graph=msmarco_full_R32_L400 ef=600 budget=0.05,64,0.9666905444126075,0.9962750716332378,1406.046294759959,4.234330999024678,0.0,0.7018645019852556,0.701642;0.701724;0.702218;0.701865;0.703052,100.55365357954952,9944.93948654869,,38.39286804199219,1204815252,6980,10,True,nid006719,57786389
PyANNS,graph=msmarco_full_R32_L800 ef=600 budget=0.3,64,0.9667335243553009,0.9898280802292264,2495.6648207139806,4.1820565649541095,0.0,0.6162982669775374,0.615606;0.616866;0.616298;0.615823;0.617007,88.29488065580766,11325.68493861172,,38.39302062988281,1204812692,6980,10,True,nid006819,57786391
PyANNS,graph=msmarco_full_R32_L200 ef=2400 budget=0.2,64,0.9681375358166189,0.9982808022922636,7.588701912027318,4.329449369048234,0.0,1.886777275998611,1.886777;1.886279;1.886701;1.886862;1.887066,270.3119306588268,3699.4297571798497,,27.761009216308594,1204810388,6980,10,True,nid006824,57786393
PyANNS,graph=base_full ef=300 budget=0.15,64,0.9684097421203438,0.9926934097421204,7.7608147989958525,4.410523739992641,0.0,0.36012703308369964,0.360291;0.360613;0.360127;0.359874;0.360086,51.594130814283616,19382.04955132521,,27.672199249267578,1204814548,6980,10,True,nid006355,57786387
PyANNS,graph=msmarco_full_R32_L400 ef=1200 budget=0.3,64,0.9685530085959886,0.9948424068767908,1406.046294759959,4.234330999024678,0.0,1.0721865380182862,1.071239;1.072187;1.072223;1.071522;1.072755,153.60838653557107,6510.061218359519,,38.42474365234375,1204815252,6980,10,True,nid006719,57786389
PyANNS,graph=msmarco_full_R32_L200 ef=2400 budget=0.15,64,0.9691977077363897,0.9984240687679083,7.588701912027318,4.329449369048234,0.0,1.953318825981114,1.953835;1.953319;1.953679;1.953042;1.952871,279.8451040087556,3573.405379172589,,27.761009216308594,1204810388,6980,10,True,nid006824,57786393
PyANNS,graph=base_full ef=300 budget=0.03,64,0.9697564469914041,0.9935530085959885,7.7608147989958525,4.410523739992641,0.0,0.4267058619298041,0.426637;0.427296;0.426951;0.426104;0.426706,61.13264497561663,16357.872302087699,,27.672199249267578,1204814548,6980,10,True,nid006355,57786387
PyANNS,graph=base_full ef=300 budget=0.01,64,0.9697994269340974,0.9934097421203438,7.7608147989958525,4.410523739992641,0.0,0.4527816269546747,0.453404;0.453612;0.452782;0.452745;0.452272,64.86842793046915,15415.819866513104,,27.672199249267578,1204814548,6980,10,True,nid006355,57786387
PyANNS,graph=base_full ef=300 budget=0.005,64,0.9698567335243553,0.9934097421203438,7.7608147989958525,4.410523739992641,0.0,0.4598796109203249,0.459880;0.459424;0.459959;0.459965;0.459666,65.88533107741046,15177.885329665765,,27.672199249267578,1204814548,6980,10,True,nid006355,57786387
PyANNS,graph=base_full ef=300 budget=0.02,64,0.9699570200573066,0.9935530085959885,7.7608147989958525,4.410523739992641,0.0,0.43901051802095026,0.439277;0.439292;0.438568;0.439011;0.438646,62.89548968781523,15899.391275329088,,27.672199249267578,1204814548,6980,10,True,nid006355,57786387
PyANNS,graph=base_full ef=300 budget=0.07,64,0.9702148997134671,0.9938395415472779,7.7608147989958525,4.410523739992641,0.0,0.39357108098920435,0.392937;0.393837;0.393571;0.394229;0.393313,56.385541688997755,17735.04288591636,,27.672199249267578,1204814548,6980,10,True,nid006355,57786387
PyANNS,graph=base_full ef=300 budget=0.05,64,0.9702578796561605,0.994269340974212,7.7608147989958525,4.410523739992641,0.0,0.4076354359276593,0.407661;0.407777;0.406877;0.407318;0.407635,58.40049225324631,17123.143340361363,,27.672199249267578,1204814548,6980,10,True,nid006355,57786387
PyANNS,graph=msmarco_full_R32_L200 ef=2400 budget=0.1,64,0.9703868194842407,0.9989971346704871,7.588701912027318,4.329449369048234,0.0,2.0931471299845725,2.094461;2.093215;2.093147;2.091089;2.092781,299.8778123187067,3334.691527418546,,27.761009216308594,1204810388,6980,10,True,nid006824,57786393
PyANNS,graph=msmarco_full_R32_L200 ef=2400 budget=0.07,64,0.9705444126074498,0.9989971346704871,7.588701912027318,4.329449369048234,0.0,2.2398302759975195,2.240253;2.240432;2.239830;2.239469;2.239593,320.89258968445836,3116.3075500849823,,27.761009216308594,1204810388,6980,10,True,nid006824,57786393
PyANNS,graph=msmarco_full_R32_L200 ef=2400 budget=0.03,64,0.9706303724928367,0.9989971346704871,7.588701912027318,4.329449369048234,0.0,2.4423458510427736,2.442588;2.441031;2.442346;2.442481;2.441339,349.9062823843515,2857.9081038092327,,27.761009216308594,1204810388,6980,10,True,nid006824,57786393
PyANNS,graph=msmarco_full_R32_L200 ef=2400 budget=0.05,64,0.9707163323782235,0.9989971346704871,7.588701912027318,4.329449369048234,0.0,2.344405404990539,2.344913;2.344423;2.343259;2.343913;2.344405,335.8746998553781,2977.300762548007,,27.761009216308594,1204810388,6980,10,True,nid006824,57786393
PyANNS,graph=base_full ef=300 budget=0.1,64,0.970759312320917,0.9944126074498567,7.7608147989958525,4.410523739992641,0.0,0.37843513500411063,0.378435;0.378177;0.378647;0.378362;0.378641,54.21706805216485,18444.376207098692,,27.672199249267578,1204814548,6980,10,True,nid006355,57786387
PyANNS,graph=msmarco_full_R32_L200 ef=2400 budget=0.02,64,0.9707879656160459,0.9991404011461318,7.588701912027318,4.329449369048234,0.0,2.4895499009871855,2.489634;2.490121;2.489423;2.488342;2.489550,356.6690402560438,2803.7196592171977,,27.761009216308594,1204810388,6980,10,True,nid006824,57786393
PyANNS,graph=base_full ef=600 budget=0.3,64,0.9709169054441261,0.9918338108882522,7.7608147989958525,4.410523739992641,0.0,0.6252020070096478,0.625831;0.624869;0.625554;0.625202;0.624608,89.57048811026473,11164.391543439637,,27.680011749267578,1204814548,6980,10,True,nid006355,57786387
PyANNS,graph=msmarco_full_R32_L200 ef=2400 budget=0.005,64,0.970945558739255,0.9991404011461318,7.588701912027318,4.329449369048234,0.0,2.57733467099024,2.580966;2.577335;2.577357;2.577196;2.577312,369.24565486966185,2708.224150540065,,27.761009216308594,1204810388,6980,10,True,nid006824,57786393
PyANNS,graph=msmarco_full_R32_L200 ef=2400 budget=0.01,64,0.9709598853868194,0.9991404011461318,7.588701912027318,4.329449369048234,0.0,2.5458071539760567,2.544676;2.547056;2.545807;2.546944;2.544991,364.72881862121153,2741.7630550289696,,27.761009216308594,1204810388,6980,10,True,nid006824,57786393
PyANNS,graph=msmarco_full_R32_L200 ef=4800 budget=0.3,64,0.9732521489971346,0.9982808022922636,7.588701912027318,4.329449369048234,0.0,3.657116546994075,3.655445;3.656678;3.657233;3.657117;3.660076,523.9421987097529,1908.6074808682624,,27.823413848876953,1204810388,6980,10,True,nid006824,57786393
PyANNS,graph=msmarco_full_R32_L400 ef=1200 budget=0.2,64,0.973352435530086,0.9981375358166189,1406.046294759959,4.234330999024678,0.0,1.1098818079917692,1.109882;1.110496;1.108327;1.109615;1.110544,159.00885501314744,6288.957932042944,,38.42474365234375,1204815252,6980,10,True,nid006719,57786389
PyANNS,graph=msmarco_full_R32_L800 ef=600 budget=0.2,64,0.9737535816618911,0.9954154727793696,2495.6648207139806,4.1820565649541095,0.0,0.6350704969954677,0.634601;0.635194;0.635070;0.634405;0.635312,90.98431189046815,10990.905786086003,,38.39302062988281,1204812692,6980,10,True,nid006819,57786391
PyANNS,graph=msmarco_full_R32_L400 ef=1200 budget=0.15,64,0.9749570200573066,0.998567335243553,1406.046294759959,4.234330999024678,0.0,1.1523681840044446,1.152064;1.153304;1.151996;1.154142;1.152368,165.09572836739895,6057.091905943386,,38.42474365234375,1204815252,6980,10,True,nid006719,57786389
PyANNS,graph=msmarco_full_R32_L400 ef=1200 budget=0.1,64,0.9751862464183381,0.9987106017191977,1406.046294759959,4.234330999024678,0.0,1.2362014160025865,1.236568;1.236201;1.234932;1.235369;1.236346,177.10622005767715,5646.329076834997,,38.42474365234375,1204815252,6980,10,True,nid006719,57786389
PyANNS,graph=msmarco_full_R32_L400 ef=1200 budget=0.07,64,0.9752148997134671,0.9987106017191977,1406.046294759959,4.234330999024678,0.0,1.3049731759820133,1.304973;1.305762;1.304460;1.305904;1.304014,186.9589077338128,5348.768946723704,,38.42474365234375,1204815252,6980,10,True,nid006719,57786389
PyANNS,graph=msmarco_full_R32_L400 ef=1200 budget=0.05,64,0.9753438395415472,0.9987106017191977,1406.046294759959,4.234330999024678,0.0,1.3518976589548402,1.351288;1.352685;1.352627;1.351898;1.351077,193.6816130307794,5163.112720674639,,38.42474365234375,1204815252,6980,10,True,nid006719,57786389
PyANNS,graph=msmarco_full_R32_L400 ef=1200 budget=0.02,64,0.9753581661891118,0.9987106017191977,1406.046294759959,4.234330999024678,0.0,1.4367205640301108,1.436721;1.438001;1.436416;1.436447;1.437015,205.8338916948583,4858.286416128525,,38.42474365234375,1204815252,6980,10,True,nid006719,57786389
PyANNS,graph=msmarco_full_R32_L400 ef=1200 budget=0.01,64,0.9754154727793696,0.9987106017191977,1406.046294759959,4.234330999024678,0.0,1.475315346964635,1.475068;1.475315;1.474925;1.476761;1.476200,211.36323022415974,4731.191886779254,,38.42474365234375,1204815252,6980,10,True,nid006719,57786389
PyANNS,graph=msmarco_full_R32_L400 ef=1200 budget=0.03,64,0.9754441260744986,0.9987106017191977,1406.046294759959,4.234330999024678,0.0,1.4038138500181958,1.403566;1.404442;1.404437;1.403476;1.403814,201.1194627533232,4972.16920883743,,38.42474365234375,1204815252,6980,10,True,nid006719,57786389
PyANNS,graph=msmarco_full_R32_L400 ef=1200 budget=0.005,64,0.9755730659025788,0.9987106017191977,1406.046294759959,4.234330999024678,0.0,1.498027840978466,1.498509;1.498028;1.496749;1.498255;1.497613,214.61716919462262,4659.459463344071,,38.42474365234375,1204815252,6980,10,True,nid006719,57786389
PyANNS,graph=msmarco_full_R32_L800 ef=600 budget=0.15,64,0.9760888252148997,0.9975644699140401,2495.6648207139806,4.1820565649541095,0.0,0.6569071010453627,0.657790;0.656907;0.655941;0.657065;0.656833,94.11276519274537,10625.551145500553,,38.39302062988281,1204812692,6980,10,True,nid006819,57786391
PyANNS,graph=msmarco_full_R32_L200 ef=4800 budget=0.2,64,0.97621776504298,0.9997134670487106,7.588701912027318,4.329449369048234,0.0,3.7417856890242547,3.741503;3.742370;3.742746;3.739959;3.741786,536.0724482842771,1865.4195029058906,,27.823413848876953,1204810388,6980,10,True,nid006824,57786393
PyANNS,graph=msmarco_full_R32_L200 ef=4800 budget=0.15,64,0.9768194842406877,0.9995702005730659,7.588701912027318,4.329449369048234,0.0,3.8337403549812734,3.833031;3.833740;3.833669;3.835080;3.833993,549.2464691950248,1820.6762466140185,,27.823413848876953,1204810388,6980,10,True,nid006824,57786393
PyANNS,graph=msmarco_full_R32_L800 ef=600 budget=0.02,64,0.9769914040114613,0.997134670487106,2495.6648207139806,4.1820565649541095,0.0,0.8028358719893731,0.802760;0.803585;0.802100;0.802836;0.803354,115.01946590105632,8694.180521236589,,38.39302062988281,1204812692,6980,10,True,nid006819,57786391
PyANNS,graph=msmarco_full_R32_L800 ef=600 budget=0.005,64,0.9770200573065903,0.997134670487106,2495.6648207139806,4.1820565649541095,0.0,0.8397427530144341,0.839996;0.839495;0.839743;0.839563;0.840091,120.30698467255503,8312.06935093374,,38.39302062988281,1204812692,6980,10,True,nid006819,57786391
PyANNS,graph=msmarco_full_R32_L800 ef=600 budget=0.01,64,0.9770343839541548,0.997134670487106,2495.6648207139806,4.1820565649541095,0.0,0.8264960119850002,0.826728;0.826496;0.826766;0.825646;0.826130,118.40917077149001,8445.291808772427,,38.39302062988281,1204812692,6980,10,True,nid006819,57786391
PyANNS,graph=msmarco_full_R32_L800 ef=600 budget=0.07,64,0.9770916905444126,0.9975644699140401,2495.6648207139806,4.1820565649541095,0.0,0.7255501030012965,0.724660;0.725634;0.725550;0.725836;0.724923,103.94700616064421,9620.2866916105,,38.39302062988281,1204812692,6980,10,True,nid006819,57786391
PyANNS,graph=msmarco_full_R32_L800 ef=600 budget=0.1,64,0.9771489971346705,0.9975644699140401,2495.6648207139806,4.1820565649541095,0.0,0.6952850180095993,0.695285;0.695724;0.694804;0.695128;0.696103,99.61103409879647,10039.0484753745,,38.39302062988281,1204812692,6980,10,True,nid006819,57786391
PyANNS,graph=msmarco_full_R32_L800 ef=600 budget=0.03,64,0.9771919770773639,0.9972779369627507,2495.6648207139806,4.1820565649541095,0.0,0.7815408619935624,0.782143;0.781541;0.781395;0.781353;0.781544,111.96860487013788,8931.074930868419,,38.39302062988281,1204812692,6980,10,True,nid006819,57786391
PyANNS,graph=msmarco_full_R32_L800 ef=600 budget=0.05,64,0.9773209169054441,0.9978510028653295,2495.6648207139806,4.1820565649541095,0.0,0.7495255550020374,0.749611;0.749557;0.749526;0.749051;0.749188,107.381884670779,9312.557728576749,,38.39302062988281,1204812692,6980,10,True,nid006819,57786391
PyANNS,graph=msmarco_full_R32_L200 ef=4800 budget=0.1,64,0.9775787965616046,0.9997134670487106,7.588701912027318,4.329449369048234,0.0,4.013691561995074,4.014171;4.014597;4.013692;4.013567;4.012285,575.0274444119018,1739.0474310712782,,27.823413848876953,1204810388,6980,10,True,nid006824,57786393
PyANNS,graph=base_full ef=600 budget=0.2,64,0.977650429799427,0.9967048710601719,7.7608147989958525,4.410523739992641,0.0,0.6439747971016914,0.643975;0.643550;0.644897;0.643093;0.644005,92.25999958476955,10838.933497730928,,27.680011749267578,1204814548,6980,10,True,nid006355,57786387
PyANNS,graph=msmarco_full_R32_L200 ef=4800 budget=0.05,64,0.9777936962750716,0.9995702005730659,7.588701912027318,4.329449369048234,0.0,4.507402198039927,4.509085;4.503499;4.506974;4.507402;4.507755,645.7596272263505,1548.5638275269287,,27.823413848876953,1204810388,6980,10,True,nid006824,57786393
PyANNS,graph=msmarco_full_R32_L200 ef=4800 budget=0.02,64,0.977893982808023,0.9995702005730659,7.588701912027318,4.329449369048234,0.0,4.858042520005256,4.856938;4.856642;4.860125;4.858638;4.858043,695.9946303732459,1436.7926940236925,,27.823413848876953,1204810388,6980,10,True,nid006824,57786393
PyANNS,graph=msmarco_full_R32_L200 ef=4800 budget=0.03,64,0.977893982808023,0.9995702005730659,7.588701912027318,4.329449369048234,0.0,4.756617576000281,4.754966;4.757734;4.756618;4.754517;4.757174,681.4638361031921,1467.4293000172836,,27.823413848876953,1204810388,6980,10,True,nid006824,57786393
PyANNS,graph=msmarco_full_R32_L200 ef=4800 budget=0.005,64,0.9779083094555874,0.9995702005730659,7.588701912027318,4.329449369048234,0.0,5.006933794997167,5.006934;5.010507;5.008319;5.004882;5.005130,717.3257585955826,1394.0667653673158,,27.823413848876953,1204810388,6980,10,True,nid006824,57786393
PyANNS,graph=msmarco_full_R32_L200 ef=4800 budget=0.07,64,0.9779083094555874,0.9997134670487106,7.588701912027318,4.329449369048234,0.0,4.2594639619928785,4.261174;4.258104;4.258151;4.261579;4.259464,610.2383899703265,1638.703851536817,,27.823413848876953,1204810388,6980,10,True,nid006824,57786393
PyANNS,graph=msmarco_full_R32_L200 ef=4800 budget=0.01,64,0.9779656160458453,0.9995702005730659,7.588701912027318,4.329449369048234,0.0,4.954644275014289,4.954861;4.955585;4.954644;4.954529;4.953877,709.8344233544826,1408.7792407619154,,27.823413848876953,1204810388,6980,10,True,nid006824,57786393
PyANNS,graph=msmarco_full_R32_L400 ef=2400 budget=0.3,64,0.9784527220630372,0.9982808022922636,1406.046294759959,4.234330999024678,0.0,2.032850626972504,2.032851;2.034493;2.031776;2.032923;2.032741,291.2393448384676,3433.6020105890498,,38.47162628173828,1204815252,6980,10,True,nid006719,57786389
PyANNS,graph=msmarco_full_R32_L800 ef=1200 budget=0.3,64,0.9787106017191977,0.9964183381088825,2495.6648207139806,4.1820565649541095,0.0,1.1358388110529631,1.136320;1.135839;1.134824;1.137282;1.135683,162.72762336002336,6145.238155341153,,38.42428970336914,1204812692,6980,10,True,nid006819,57786391
PyANNS,graph=base_full ef=600 budget=0.15,64,0.9797707736389685,0.9977077363896848,7.7608147989958525,4.410523739992641,0.0,0.6658038600580767,0.665552;0.665719;0.666024;0.665804;0.666017,95.38737250115712,10483.567937547177,,27.680011749267578,1204814548,6980,10,True,nid006355,57786387
PyANNS,graph=msmarco_full_R32_L400 ef=2400 budget=0.2,64,0.9799713467048711,0.9992836676217765,1406.046294759959,4.234330999024678,0.0,2.094474283978343,2.094474;2.096647;2.096394;2.094378;2.093707,300.06794899403195,3332.57851547447,,38.47162628173828,1204815252,6980,10,True,nid006719,57786389
PyANNS,graph=base_full ef=600 budget=0.03,64,0.9800859598853868,0.9974212034383955,7.7608147989958525,4.410523739992641,0.0,0.7927858380135149,0.792069;0.792676;0.792786;0.792977;0.792867,113.57963295322563,8804.395418427,,27.680011749267578,1204814548,6980,10,True,nid006355,57786387
PyANNS,graph=base_full ef=600 budget=0.07,64,0.9801289398280802,0.9977077363896848,7.7608147989958525,4.410523739992641,0.0,0.7327129179611802,0.732275;0.732505;0.733145;0.732713;0.732842,104.97319741564186,9526.241217941522,,27.680011749267578,1204814548,6980,10,True,nid006355,57786387
PyANNS,graph=base_full ef=600 budget=0.02,64,0.9801719197707737,0.9972779369627507,7.7608147989958525,4.410523739992641,0.0,0.8144527549156919,0.813776;0.814925;0.814453;0.814894;0.814430,116.6837757758871,8570.171759959894,,27.680011749267578,1204814548,6980,10,True,nid006355,57786387
PyANNS,graph=base_full ef=600 budget=0.005,64,0.9802865329512894,0.9974212034383955,7.7608147989958525,4.410523739992641,0.0,0.853085521957837,0.853724;0.853086;0.853066;0.853361;0.852791,122.2185561544179,8182.063603635956,,27.680011749267578,1204814548,6980,10,True,nid006355,57786387
PyANNS,graph=base_full ef=600 budget=0.01,64,0.9803151862464183,0.9974212034383955,7.7608147989958525,4.410523739992641,0.0,0.8391785810235888,0.839257;0.839511;0.839074;0.839179;0.838813,120.22615773976916,8317.657478204626,,27.680011749267578,1204814548,6980,10,True,nid006355,57786387
PyANNS,graph=msmarco_full_R32_L400 ef=2400 budget=0.15,64,0.9806590257879656,0.9991404011461318,1406.046294759959,4.234330999024678,0.0,2.167988067958504,2.167766;2.167688;2.167988;2.168465;2.168959,310.60000973617537,3219.574915175963,,38.47162628173828,1204815252,6980,10,True,nid006719,57786389
PyANNS,graph=base_full ef=600 budget=0.1,64,0.9808022922636103,0.9981375358166189,7.7608147989958525,4.410523739992641,0.0,0.7035831699613482,0.703583;0.703912;0.702921;0.703429;0.703909,100.7998810832877,9920.646624312305,,27.680011749267578,1204814548,6980,10,True,nid006355,57786387
PyANNS,graph=base_full ef=600 budget=0.05,64,0.980945558739255,0.9981375358166189,7.7608147989958525,4.410523739992641,0.0,0.7572944189887494,0.757294;0.756978;0.756340;0.757441;0.757817,108.49490243391826,9217.02289754191,,27.680011749267578,1204814548,6980,10,True,nid006355,57786387
PyANNS,graph=msmarco_full_R32_L400 ef=2400 budget=0.03,64,0.980974212034384,0.9992836676217765,1406.046294759959,4.234330999024678,0.0,2.7002375469892286,2.702941;2.699914;2.699790;2.700238;2.702499,386.8535167606345,2584.9577596544113,,38.47162628173828,1204815252,6980,10,True,nid006719,57786389
PyANNS,graph=msmarco_full_R32_L400 ef=2400 budget=0.05,64,0.9810315186246419,0.9992836676217765,1406.046294759959,4.234330999024678,0.0,2.5990343459998257,2.599034;2.600688;2.599358;2.597895;2.598487,372.3544908309206,2685.61283568373,,38.47162628173828,1204815252,6980,10,True,nid006719,57786389
PyANNS,graph=msmarco_full_R32_L400 ef=2400 budget=0.005,64,0.9811318051575931,0.9994269340974212,1406.046294759959,4.234330999024678,0.0,2.852263787004631,2.851476;2.853711;2.852264;2.851748;2.853054,408.63378037315636,2447.1789852684715,,38.47162628173828,1204815252,6980,10,True,nid006719,57786389
PyANNS,graph=msmarco_full_R32_L400 ef=2400 budget=0.07,64,0.9811318051575931,0.9994269340974212,1406.046294759959,4.234330999024678,0.0,2.487038111023139,2.486164;2.487244;2.486546;2.487038;2.487950,356.30918496033513,2806.5512824524058,,38.47162628173828,1204815252,6980,10,True,nid006719,57786389
PyANNS,graph=msmarco_full_R32_L400 ef=2400 budget=0.01,64,0.9811461318051576,0.9994269340974212,1406.046294759959,4.234330999024678,0.0,2.816300959966611,2.816920;2.816301;2.816627;2.815951;2.815338,403.4815128891993,2478.4282998230246,,38.47162628173828,1204815252,6980,10,True,nid006719,57786389
PyANNS,graph=msmarco_full_R32_L400 ef=2400 budget=0.02,64,0.9811461318051576,0.9994269340974212,1406.046294759959,4.234330999024678,0.0,2.7533010170445777,2.753301;2.753301;2.752875;2.754176;2.752370,394.4557331009424,2535.1387141433615,,38.47162628173828,1204815252,6980,10,True,nid006719,57786389
PyANNS,graph=msmarco_full_R32_L400 ef=2400 budget=0.1,64,0.9813323782234957,0.9995702005730659,1406.046294759959,4.234330999024678,0.0,2.329303207981866,2.328068;2.330305;2.329303;2.327639;2.329489,333.71106131545355,2996.6042961180437,,38.47162628173828,1204815252,6980,10,True,nid006719,57786389
PyANNS,graph=base_full ef=1200 budget=0.3,64,0.9817478510028653,0.9967048710601719,7.7608147989958525,4.410523739992641,0.0,1.157529616029933,1.157024;1.159093;1.159364;1.156887;1.157530,165.83518854297034,6030.083294058457,,27.712421417236328,1204814548,6980,10,True,nid006355,57786387
PyANNS,graph=msmarco_full_R32_L800 ef=1200 budget=0.2,64,0.9822206303724929,0.9988538681948425,2495.6648207139806,4.1820565649541095,0.0,1.1768082329654135,1.176244;1.177703;1.176808;1.177397;1.175719,168.59716804662085,5931.297729292095,,38.42428970336914,1204812692,6980,10,True,nid006819,57786391
PyANNS,graph=msmarco_full_R32_L800 ef=1200 budget=0.15,64,0.9829799426934097,0.9989971346704871,2495.6648207139806,4.1820565649541095,0.0,1.2245640099863522,1.225388;1.225032;1.224464;1.223761;1.224564,175.43896991208484,5699.987867582187,,38.42428970336914,1204812692,6980,10,True,nid006819,57786391
PyANNS,graph=msmarco_full_R32_L800 ef=1200 budget=0.07,64,0.9833954154727794,0.9991404011461318,2495.6648207139806,4.1820565649541095,0.0,1.3925448639784008,1.392967;1.391719;1.392545;1.393253;1.391639,199.50499483931245,5012.405833775898,,38.42428970336914,1204812692,6980,10,True,nid006819,57786391
PyANNS,graph=msmarco_full_R32_L800 ef=1200 budget=0.05,64,0.9834383954154727,0.9991404011461318,2495.6648207139806,4.1820565649541095,0.0,1.4452551690046676,1.445255;1.445140;1.445178;1.445420;1.446399,207.05661447058273,4829.596980308366,,38.42428970336914,1204812692,6980,10,True,nid006819,57786391
PyANNS,graph=msmarco_full_R32_L800 ef=1200 budget=0.03,64,0.9834670487106018,0.9991404011461318,2495.6648207139806,4.1820565649541095,0.0,1.500981273013167,1.500882;1.502231;1.501727;1.500848;1.500981,215.0402969932904,4650.291196497006,,38.42428970336914,1204812692,6980,10,True,nid006819,57786391
PyANNS,graph=msmarco_full_R32_L800 ef=1200 budget=0.005,64,0.9836676217765044,0.9991404011461318,2495.6648207139806,4.1820565649541095,0.0,1.5980593989952467,1.600564;1.598875;1.598059;1.596973;1.596880,228.94833796493506,4367.79759525119,,38.42428970336914,1204812692,6980,10,True,nid006819,57786391
PyANNS,graph=msmarco_full_R32_L800 ef=1200 budget=0.02,64,0.9836676217765044,0.9991404011461318,2495.6648207139806,4.1820565649541095,0.0,1.534666446968913,1.535059;1.534666;1.533771;1.535002;1.534371,219.86625314740874,4548.219591160052,,38.42428970336914,1204812692,6980,10,True,nid006819,57786391
PyANNS,graph=msmarco_full_R32_L800 ef=1200 budget=0.1,64,0.9836676217765044,0.9992836676217765,2495.6648207139806,4.1820565649541095,0.0,1.3152558319852687,1.315483;1.315256;1.314689;1.316440;1.315178,188.43206761966601,5306.952328403117,,38.42428970336914,1204812692,6980,10,True,nid006819,57786391
PyANNS,graph=msmarco_full_R32_L800 ef=1200 budget=0.01,64,0.9836962750716333,0.9991404011461318,2495.6648207139806,4.1820565649541095,0.0,1.5753391030011699,1.575358;1.575431;1.574316;1.575339;1.574861,225.6932812322593,4430.792066738165,,38.42428970336914,1204812692,6980,10,True,nid006819,57786391
PyANNS,graph=msmarco_full_R32_L400 ef=4800 budget=0.3,64,0.9844126074498567,0.9994269340974212,1406.046294759959,4.234330999024678,0.0,4.039862596022431,4.037378;4.038134;4.043563;4.040556;4.039863,578.7768762209786,1727.7815356572698,,38.53403091430664,1204815252,6980,10,True,nid006719,57786389
PyANNS,graph=msmarco_full_R32_L400 ef=4800 budget=0.2,64,0.9854154727793696,0.9997134670487106,1406.046294759959,4.234330999024678,0.0,4.130992208025418,4.130992;4.131356;4.128946;4.131741;4.128445,591.8326945595155,1689.6667068119175,,38.53403091430664,1204815252,6980,10,True,nid006719,57786389
PyANNS,graph=base_full ef=1200 budget=0.2,64,0.9854441260744986,0.9991404011461318,7.7608147989958525,4.410523739992641,0.0,1.1997941219015047,1.199649;1.198496;1.199894;1.199794;1.199904,171.8902753440551,5817.664774801266,,27.712421417236328,1204814548,6980,10,True,nid006355,57786387
PyANNS,graph=msmarco_full_R32_L400 ef=4800 budget=0.15,64,0.9856017191977078,0.9998567335243553,1406.046294759959,4.234330999024678,0.0,4.22930109599838,4.224900;4.229301;4.228934;4.231037;4.231731,605.9170624639513,1650.3908900229962,,38.53403091430664,1204815252,6980,10,True,nid006719,57786389
PyANNS,graph=msmarco_full_R32_L800 ef=2400 budget=0.3,64,0.9856446991404011,0.9988538681948425,2495.6648207139806,4.1820565649541095,0.0,2.160059062996879,2.160059;2.161267;2.160428;2.158997;2.159591,309.46404913995406,3231.393122332454,,38.471099853515625,1204812692,6980,10,True,nid006819,57786391
PyANNS,graph=base_full ef=1200 budget=0.005,64,0.9860601719197708,0.9991404011461318,7.7608147989958525,4.410523739992641,0.0,1.6238857010612264,1.625576;1.623921;1.623294;1.623886;1.623178,232.6483812408634,4298.332078075751,,27.712421417236328,1204814548,6980,10,True,nid006355,57786387
PyANNS,graph=base_full ef=1200 budget=0.02,64,0.9860601719197708,0.9991404011461318,7.7608147989958525,4.410523739992641,0.0,1.556262401980348,1.556866;1.556411;1.556258;1.556043;1.556262,222.9602295100785,4485.1048198028375,,27.712421417236328,1204814548,6980,10,True,nid006355,57786387
PyANNS,graph=base_full ef=1200 budget=0.03,64,0.9860601719197708,0.9991404011461318,7.7608147989958525,4.410523739992641,0.0,1.519140560994856,1.519141;1.519410;1.519110;1.519861;1.519019,217.64191418264414,4594.703202071658,,27.712421417236328,1204814548,6980,10,True,nid006355,57786387
PyANNS,graph=base_full ef=1200 budget=0.15,64,0.9860601719197708,0.9992836676217765,7.7608147989958525,4.410523739992641,0.0,1.2482996869366616,1.248300;1.248300;1.247464;1.249396;1.248142,178.8394966957968,5591.605984560471,,27.712421417236328,1204814548,6980,10,True,nid006355,57786387
PyANNS,graph=base_full ef=1200 budget=0.01,64,0.9860888252148997,0.9991404011461318,7.7608147989958525,4.410523739992641,0.0,1.5985825350508094,1.598933;1.598422;1.599089;1.598557;1.598583,229.0232858238982,4366.368233704085,,27.712421417236328,1204814548,6980,10,True,nid006355,57786387
PyANNS,graph=msmarco_full_R32_L400 ef=4800 budget=0.005,64,0.9861747851002866,0.9998567335243553,1406.046294759959,4.234330999024678,0.0,5.524162649991922,5.522972;5.524163;5.525485;5.525802;5.523235,791.4273137524243,1263.5399140556092,,38.53403091430664,1204815252,6980,10,True,nid006719,57786389
PyANNS,graph=msmarco_full_R32_L400 ef=4800 budget=0.01,64,0.986189111747851,0.9998567335243553,1406.046294759959,4.234330999024678,0.0,5.463897879002616,5.463378;5.463898;5.465262;5.463481;5.465104,782.7933924072516,1277.4762915726628,,38.53403091430664,1204815252,6980,10,True,nid006719,57786389
PyANNS,graph=base_full ef=1200 budget=0.05,64,0.98621776504298,0.9992836676217765,7.7608147989958525,4.410523739992641,0.0,1.4604840140091255,1.460484;1.461373;1.460856;1.459489;1.460059,209.23839742251081,4779.237521977003,,27.712421417236328,1204814548,6980,10,True,nid006355,57786387
PyANNS,graph=msmarco_full_R32_L400 ef=4800 budget=0.02,64,0.9862320916905444,0.9998567335243553,1406.046294759959,4.234330999024678,0.0,5.359351472987328,5.358038;5.359351;5.364172;5.361858;5.359254,767.8153972761214,1302.3963879176813,,38.53403091430664,1204815252,6980,10,True,nid006719,57786389
PyANNS,graph=msmarco_full_R32_L400 ef=4800 budget=0.05,64,0.9862320916905444,0.9998567335243553,1406.046294759959,4.234330999024678,0.0,5.008558350033127,5.012835;5.009934;5.006885;5.008558;5.007065,717.5585028700755,1393.6145917025872,,38.53403091430664,1204815252,6980,10,True,nid006719,57786389
PyANNS,graph=base_full ef=1200 budget=0.07,64,0.9862607449856734,0.9992836676217765,7.7608147989958525,4.410523739992641,0.0,1.4121134689776227,1.413406;1.412113;1.411930;1.411581;1.412224,202.3085199108342,4942.945558796741,,27.712421417236328,1204814548,6980,10,True,nid006355,57786387
PyANNS,graph=msmarco_full_R32_L400 ef=4800 budget=0.1,64,0.9863180515759312,1.0,1406.046294759959,4.234330999024678,0.0,4.444827530998737,4.445991;4.443213;4.442160;4.445916;4.444828,636.7947752147187,1570.3646432444634,,38.53403091430664,1204815252,6980,10,True,nid006719,57786389
PyANNS,graph=msmarco_full_R32_L400 ef=4800 budget=0.03,64,0.9864183381088826,1.0,1406.046294759959,4.234330999024678,0.0,5.2551649489905685,5.253701;5.252945;5.255165;5.255690;5.256822,752.8889611734339,1328.2171097865814,,38.53403091430664,1204815252,6980,10,True,nid006719,57786389
PyANNS,graph=msmarco_full_R32_L400 ef=4800 budget=0.07,64,0.9864183381088826,1.0,1406.046294759959,4.234330999024678,0.0,4.740167538984679,4.740163;4.740016;4.741593;4.740168;4.740828,679.1070972757419,1472.5217922350237,,38.53403091430664,1204815252,6980,10,True,nid006719,57786389
PyANNS,graph=base_full ef=1200 budget=0.1,64,0.9864899713467049,0.9995702005730659,7.7608147989958525,4.410523739992641,0.0,1.3397895200178027,1.339790;1.339455;1.338164;1.339804;1.340313,191.9469226386537,5209.773547047339,,27.712421417236328,1204814548,6980,10,True,nid006355,57786387
PyANNS,graph=msmarco_full_R32_L800 ef=2400 budget=0.2,64,0.9869914040114613,0.9994269340974212,2495.6648207139806,4.1820565649541095,0.0,2.228102578956168,2.227634;2.228289;2.228493;2.225802;2.228103,319.21240386191516,3132.7103455308697,,38.471099853515625,1204812692,6980,10,True,nid006819,57786391
PyANNS,graph=msmarco_full_R32_L800 ef=2400 budget=0.15,64,0.9875214899713467,0.9995702005730659,2495.6648207139806,4.1820565649541095,0.0,2.3067380669526756,2.307609;2.306738;2.306200;2.307147;2.306629,330.47823308777583,3025.9178967904895,,38.471099853515625,1204812692,6980,10,True,nid006819,57786391
PyANNS,graph=base_full ef=2400 budget=0.3,64,0.9880945558739255,0.9989971346704871,7.7608147989958525,4.410523739992641,0.0,2.1884719179943204,2.188291;2.188890;2.188472;2.189820;2.188274,313.5346587384413,3189.4400575160203,,27.759227752685547,1204814548,6980,10,True,nid006355,57786387
PyANNS,graph=msmarco_full_R32_L800 ef=2400 budget=0.01,64,0.9881661891117478,0.9998567335243553,2495.6648207139806,4.1820565649541095,0.0,2.9970911370473914,2.998287;2.995066;2.996166;2.997091;2.997734,429.38268439074375,2328.924841063193,,38.471099853515625,1204812692,6980,10,True,nid006819,57786391
PyANNS,graph=msmarco_full_R32_L800 ef=2400 budget=0.005,64,0.9881805157593123,0.9998567335243553,2495.6648207139806,4.1820565649541095,0.0,3.0355818609823473,3.035854;3.035420;3.035582;3.034705;3.035784,434.89711475391795,2299.394422439063,,38.471099853515625,1204812692,6980,10,True,nid006819,57786391
PyANNS,graph=msmarco_full_R32_L800 ef=2400 budget=0.02,64,0.9881805157593123,0.9998567335243553,2495.6648207139806,4.1820565649541095,0.0,2.927987186005339,2.927454;2.929410;2.929110;2.927363;2.927987,419.48240487182505,2383.890214192786,,38.471099853515625,1204812692,6980,10,True,nid006819,57786391
PyANNS,graph=msmarco_full_R32_L800 ef=2400 budget=0.1,64,0.9882091690544412,0.9998567335243553,2495.6648207139806,4.1820565649541095,0.0,2.4766905329888687,2.478194;2.477106;2.476691;2.475994;2.476624,354.8267239239067,2818.2770140347493,,38.471099853515625,1204812692,6980,10,True,nid006819,57786391
PyANNS,graph=msmarco_full_R32_L800 ef=2400 budget=0.03,64,0.9882234957020057,0.9998567335243553,2495.6648207139806,4.1820565649541095,0.0,2.8730130969779566,2.873148;2.873177;2.871512;2.872967;2.873013,411.60646088509407,2429.505109928691,,38.471099853515625,1204812692,6980,10,True,nid006819,57786391
PyANNS,graph=msmarco_full_R32_L800 ef=2400 budget=0.07,64,0.9882234957020057,0.9998567335243553,2495.6648207139806,4.1820565649541095,0.0,2.647372563020326,2.650637;2.647373;2.645404;2.648245;2.646372,379.2797368223963,2636.576391815695,,38.471099853515625,1204812692,6980,10,True,nid006819,57786391
PyANNS,graph=msmarco_full_R32_L800 ef=2400 budget=0.05,64,0.9882378223495702,0.9998567335243553,2495.6648207139806,4.1820565649541095,0.0,2.76446501002647,2.765919;2.764225;2.765296;2.764465;2.764106,396.05515902958024,2524.900830607064,,38.471099853515625,1204812692,6980,10,True,nid006819,57786391
PyANNS,graph=base_full ef=2400 budget=0.2,64,0.989297994269341,0.9994269340974212,7.7608147989958525,4.410523739992641,0.0,2.257160265929997,2.257160;2.257144;2.258702;2.257540;2.256987,323.3753962650425,3092.3812125162035,,27.759227752685547,1204814548,6980,10,True,nid006355,57786387
PyANNS,graph=msmarco_full_R32_L800 ef=4800 budget=0.3,64,0.9896704871060172,0.9992836676217765,2495.6648207139806,4.1820565649541095,0.0,4.287287614017259,4.287288;4.288681;4.292161;4.284751;4.285003,614.224586535424,1628.0689863630644,,38.533504486083984,1204812692,6980,10,True,nid006819,57786391
PyANNS,graph=base_full ef=2400 budget=0.15,64,0.9899283667621777,0.9995702005730659,7.7608147989958525,4.410523739992641,0.0,2.342328337021172,2.343441;2.342328;2.342239;2.340169;2.343025,335.5771256477324,2979.9408945702,,27.759227752685547,1204814548,6980,10,True,nid006355,57786387
PyANNS,graph=base_full ef=2400 budget=0.1,64,0.9900429799426934,0.9997134670487106,7.7608147989958525,4.410523739992641,0.0,2.5252378419972956,2.524943;2.525238;2.525496;2.522541;2.525806,361.78192578757813,2764.0960720275293,,27.759227752685547,1204814548,6980,10,True,nid006355,57786387
PyANNS,graph=base_full ef=2400 budget=0.02,64,0.9901002865329512,0.9997134670487106,7.7608147989958525,4.410523739992641,0.0,2.9743587860139087,2.976178;2.976279;2.974067;2.974359;2.973347,426.12590057505855,2346.724286532445,,27.759227752685547,1204814548,6980,10,True,nid006355,57786387
PyANNS,graph=base_full ef=2400 budget=0.01,64,0.9901146131805157,0.9997134670487106,7.7608147989958525,4.410523739992641,0.0,3.0478004299802706,3.047497;3.046391;3.047800;3.050237;3.047971,436.647626071672,2290.176197673541,,27.759227752685547,1204814548,6980,10,True,nid006355,57786387
PyANNS,graph=base_full ef=2400 budget=0.005,64,0.9901432664756447,0.9997134670487106,7.7608147989958525,4.410523739992641,0.0,3.0882648930419236,3.089912;3.088135;3.088619;3.088265;3.087066,442.44482708337017,2260.168813797815,,27.759227752685547,1204814548,6980,10,True,nid006355,57786387
PyANNS,graph=base_full ef=2400 budget=0.07,64,0.9901432664756447,0.9997134670487106,7.7608147989958525,4.410523739992641,0.0,2.6939842050196603,2.696323;2.693437;2.695148;2.692894;2.693984,385.95762249565337,2590.958026774719,,27.759227752685547,1204814548,6980,10,True,nid006355,57786387
PyANNS,graph=base_full ef=2400 budget=0.03,64,0.9901575931232092,0.9997134670487106,7.7608147989958525,4.410523739992641,0.0,2.9166441140696406,2.916644;2.916032;2.917175;2.915414;2.919775,417.8573229326133,2393.1613618298784,,27.759227752685547,1204814548,6980,10,True,nid006355,57786387
PyANNS,graph=base_full ef=2400 budget=0.05,64,0.990243553008596,0.9997134670487106,7.7608147989958525,4.410523739992641,0.0,2.808600642019883,2.808801;2.808418;2.808601;2.807483;2.809300,402.37831547562786,2485.22338689638,,27.759227752685547,1204814548,6980,10,True,nid006355,57786387
PyANNS,graph=msmarco_full_R32_L800 ef=4800 budget=0.2,64,0.9906017191977078,0.9997134670487106,2495.6648207139806,4.1820565649541095,0.0,4.377987443993334,4.384134;4.378495;4.377987;4.376408;4.375550,627.2188315176696,1594.3398854596232,,38.533504486083984,1204812692,6980,10,True,nid006819,57786391
PyANNS,graph=msmarco_full_R32_L800 ef=4800 budget=0.15,64,0.9909025787965616,0.9998567335243553,2495.6648207139806,4.1820565649541095,0.0,4.484987812000327,4.484988;4.484318;4.486156;4.486690;4.482435,642.5483971347173,1556.3030029477127,,38.533504486083984,1204812692,6980,10,True,nid006819,57786391
PyANNS,graph=msmarco_full_R32_L800 ef=4800 budget=0.07,64,0.9910888252148997,1.0,2495.6648207139806,4.1820565649541095,0.0,5.048351421020925,5.052541;5.048351;5.048352;5.044591;5.048107,723.2595159055767,1382.629579021747,,38.533504486083984,1204812692,6980,10,True,nid006819,57786391
PyANNS,graph=msmarco_full_R32_L800 ef=4800 budget=0.05,64,0.991160458452722,1.0,2495.6648207139806,4.1820565649541095,0.0,5.3272124750074,5.327936;5.329577;5.325450;5.327212;5.326137,763.2109563047851,1310.2537270188955,,38.533504486083984,1204812692,6980,10,True,nid006819,57786391
PyANNS,graph=msmarco_full_R32_L800 ef=4800 budget=0.005,64,0.9911747851002866,1.0,2495.6648207139806,4.1820565649541095,0.0,5.86706757202046,5.867749;5.867068;5.866881;5.867265;5.864533,840.5540934126733,1189.6914283528997,,38.533504486083984,1204812692,6980,10,True,nid006819,57786391
PyANNS,graph=msmarco_full_R32_L800 ef=4800 budget=0.02,64,0.9911747851002866,1.0,2495.6648207139806,4.1820565649541095,0.0,5.691060657962225,5.690177;5.694324;5.691395;5.690350;5.691061,815.3382031464506,1226.484906681578,,38.533504486083984,1204812692,6980,10,True,nid006819,57786391
PyANNS,graph=msmarco_full_R32_L800 ef=4800 budget=0.1,64,0.9911747851002866,1.0,2495.6648207139806,4.1820565649541095,0.0,4.723253192030825,4.721117;4.723883;4.720176;4.726584;4.723253,676.6838383998316,1477.7950103917376,,38.533504486083984,1204812692,6980,10,True,nid006819,57786391
PyANNS,graph=msmarco_full_R32_L800 ef=4800 budget=0.01,64,0.9912034383954155,1.0,2495.6648207139806,4.1820565649541095,0.0,5.803132503002416,5.805087;5.803775;5.802018;5.801708;5.803133,831.3943414043576,1202.7986602733433,,38.533504486083984,1204812692,6980,10,True,nid006819,57786391
PyANNS,graph=msmarco_full_R32_L800 ef=4800 budget=0.03,64,0.9912320916905444,1.0,2495.6648207139806,4.1820565649541095,0.0,5.583934255992062,5.583934;5.582572;5.585903;5.582497;5.585750,799.990581087688,1250.0147172237628,,38.533504486083984,1204812692,6980,10,True,nid006819,57786391
PyANNS,graph=base_full ef=4800 budget=0.3,64,0.9918767908309456,0.9997134670487106,7.7608147989958525,4.410523739992641,0.0,4.367949267034419,4.368351;4.367949;4.368161;4.361759;4.365107,625.780697282868,1598.0039083052377,,27.821632385253906,1204814548,6980,10,True,nid006355,57786387
PyANNS,graph=base_full ef=4800 budget=0.2,64,0.9922349570200573,0.9997134670487106,7.7608147989958525,4.410523739992641,0.0,4.4522036029957235,4.452060;4.452204;4.457172;4.451034;4.455341,637.8515190538286,1567.7629826505274,,27.821632385253906,1204814548,6980,10,True,nid006355,57786387
PyANNS,graph=base_full ef=4800 budget=0.15,64,0.9925358166189112,0.9998567335243553,7.7608147989958525,4.410523739992641,0.0,4.5551866460591555,4.554979;4.555187;4.553523;4.555719;4.555821,652.6055366846928,1532.319209365138,,27.821632385253906,1204814548,6980,10,True,nid006355,57786387
PyANNS,graph=base_full ef=4800 budget=0.005,64,0.992593123209169,1.0,7.7608147989958525,4.410523739992641,0.0,5.97014886001125,5.972713;5.969702;5.970953;5.970149;5.969087,855.3221862480301,1169.1500771032445,,27.821632385253906,1204814548,6980,10,True,nid006355,57786387
PyANNS,graph=base_full ef=4800 budget=0.01,64,0.992593123209169,1.0,7.7608147989958525,4.410523739992641,0.0,5.9047379600815475,5.904608;5.904559;5.907340;5.905938;5.904738,845.9509971463535,1182.101567789742,,27.821632385253906,1204814548,6980,10,True,nid006355,57786387
PyANNS,graph=base_full ef=4800 budget=0.03,64,0.992593123209169,1.0,7.7608147989958525,4.410523739992641,0.0,5.675693808938377,5.676948;5.671927;5.675694;5.677375;5.674172,813.1366488450396,1229.805594693557,,27.821632385253906,1204814548,6980,10,True,nid006355,57786387
PyANNS,graph=base_full ef=4800 budget=0.07,64,0.992593123209169,1.0,7.7608147989958525,4.410523739992641,0.0,5.118729925015941,5.122928;5.119413;5.118730;5.116089;5.116040,733.342396134089,1363.6195115291735,,27.821632385253906,1204814548,6980,10,True,nid006355,57786387
PyANNS,graph=base_full ef=4800 budget=0.02,64,0.9926074498567335,1.0,7.7608147989958525,4.410523739992641,0.0,5.788235467975028,5.789319;5.788991;5.788235;5.787841;5.787645,829.2600956984281,1205.8942727224437,,27.821632385253906,1204814548,6980,10,True,nid006355,57786387
PyANNS,graph=base_full ef=4800 budget=0.05,64,0.992621776504298,1.0,7.7608147989958525,4.410523739992641,0.0,5.408473849063739,5.412871;5.408474;5.407303;5.407086;5.409689,774.8529869718824,1290.5673938329771,,27.821632385253906,1204814548,6980,10,True,nid006355,57786387
PyANNS,graph=base_full ef=4800 budget=0.1,64,0.9927650429799427,1.0,7.7608147989958525,4.410523739992641,0.0,4.79075662093237,4.801394;4.791156;4.790757;4.786443;4.788128,686.3548167524885,1456.9723641359935,,27.821632385253906,1204814548,6980,10,True,nid006355,57786387
SEISMIC,n_postings=2000 summary_energy=0.4 centroid_fraction=0.2 max_fraction=6.0 doc_cut=15 query_cut=1 heap_factor=1.0,64,0.5715472779369628,0.9169054441260746,128.27128627488855,0.6795510560041294,0.0,0.038922535022720695,0.040476;0.035281;0.038286;0.038923;0.038966,5.576294415862563,179330.55994234406,,10.620685577392578,6502643185,6980,10,False,nid004902,57783767
SEISMIC,n_postings=3000 summary_energy=0.4 centroid_fraction=0.2 max_fraction=6.0 doc_cut=15 query_cut=1 heap_factor=1.0,64,0.5969340974212034,0.9376790830945558,180.09912425896619,0.6869613419985399,0.0,0.04126288602128625,0.042914;0.038047;0.041263;0.041150;0.042223,5.911588255198603,169159.2778168554,,10.626106262207031,7439926880,6980,10,True,nid004902,57783767
SEISMIC,n_postings=6000 summary_energy=0.4 centroid_fraction=0.2 max_fraction=6.0 doc_cut=15 query_cut=1 heap_factor=1.0,64,0.619083094555874,0.9578796561604584,328.1585805430077,0.6130696650361642,0.0,0.04578341997694224,0.047609;0.041912;0.045783;0.046638;0.045453,6.559229223057628,152456.9375445372,,13.605270385742188,10158345607,6980,10,True,nid004902,57783767
SEISMIC,n_postings=2000 summary_energy=0.4 centroid_fraction=0.1 max_fraction=6.0 doc_cut=15 query_cut=1 heap_factor=1.0,64,0.6240114613180516,0.9189111747851003,125.94323570095003,0.6757682339521125,0.0,0.04264810401946306,0.044401;0.038584;0.042401;0.042648;0.042711,6.110043555797,163664.9544095695,,10.62615966796875,6321002584,6980,10,False,nid004902,57783767
SEISMIC,n_postings=3000 summary_energy=0.4 centroid_fraction=0.1 max_fraction=6.0 doc_cut=15 query_cut=1 heap_factor=1.0,64,0.6510888252148997,0.9411174785100287,166.56166284903884,0.6728109989780933,0.0,0.044033207930624485,0.046162;0.040835;0.044033;0.044354;0.043333,6.308482511550786,158516.72698925727,,10.622840881347656,7160610580,6980,10,True,nid004902,57783767
SEISMIC,n_postings=2000 summary_energy=0.5 centroid_fraction=0.2 max_fraction=6.0 doc_cut=15 query_cut=1 heap_factor=1.0,64,0.654756446991404,0.9256446991404012,128.621746613062,0.6751431790180504,0.0,0.04049104999285191,0.042581;0.037215;0.041040;0.040491;0.040478,5.801010027629214,172383.77372857,,10.623363494873047,6960305618,6980,10,False,nid004902,57783767
SEISMIC,n_postings=2000 summary_energy=0.4 centroid_fraction=0.05 max_fraction=6.0 doc_cut=15 query_cut=1 heap_factor=1.0,64,0.67378223495702,0.9232091690544413,121.51062352198642,4.388126604957506,0.0,0.04988020996097475,0.051933;0.046048;0.049880;0.050203;0.049729,7.146161885526469,139935.25699793582,,10.617252349853516,6123040159,6980,10,False,nid004902,57783767
SEISMIC,n_postings=6000 summary_energy=0.4 centroid_fraction=0.1 max_fraction=6.0 doc_cut=15 query_cut=1 heap_factor=1.0,64,0.6813180515759313,0.9621776504297994,286.48011370608583,4.549541249056347,0.0,0.049649802036583424,0.050603;0.045335;0.049996;0.049650;0.049313,7.113152154238312,140584.64915644441,,12.664966583251953,9593816020,6980,10,True,nid004902,57783767
SEISMIC,n_postings=3000 summary_energy=0.5 centroid_fraction=0.2 max_fraction=6.0 doc_cut=15 query_cut=1 heap_factor=1.0,64,0.6855300859598854,0.9449856733524356,177.1851971799042,0.6746510470984504,0.0,0.0433791009709239,0.045171;0.039939;0.043379;0.043625;0.043001,6.214770912739813,160906.97694907387,,10.62612533569336,8135559998,6980,10,True,nid004902,57783767
SEISMIC,n_postings=2000 summary_energy=0.5 centroid_fraction=0.1 max_fraction=6.0 doc_cut=15 query_cut=1 heap_factor=1.0,64,0.7022492836676217,0.9255014326647565,124.30024965305347,0.6756014070706442,0.0,0.0481924710329622,0.049415;0.043646;0.048500;0.048192;0.046962,6.904365477501748,144835.90175788847,,10.624202728271484,6725488309,6980,10,False,nid004902,57783767
SEISMIC,n_postings=3000 summary_energy=0.4 centroid_fraction=0.05 max_fraction=6.0 doc_cut=15 query_cut=1 heap_factor=1.0,64,0.7024928366762178,0.9422636103151862,162.07781643501949,0.6717430209973827,0.0,0.05314607999753207,0.055760;0.049909;0.053318;0.053146;0.052418,7.61405157557766,131336.12112735555,,10.62363052368164,6851761907,6980,10,True,nid004902,57783767
SEISMIC,n_postings=2000 summary_energy=0.4 centroid_fraction=0.2 max_fraction=6.0 doc_cut=15 query_cut=2 heap_factor=1.0,64,0.7150716332378223,0.9810888252148997,128.27128627488855,0.6795510560041294,0.0,0.04441925708670169,0.039841;0.044912;0.045784;0.044419;0.038597,6.363790413567578,157139.0531448056,,10.620685577392578,6502643185,6980,10,True,nid004902,57783767
SEISMIC,n_postings=6000 summary_energy=0.5 centroid_fraction=0.2 max_fraction=6.0 doc_cut=15 query_cut=1 heap_factor=1.0,64,0.7166618911174785,0.9653295128939828,328.95050867891405,0.6148902700515464,0.0,0.04855699499603361,0.050008;0.044693;0.048068;0.048557;0.049022,6.956589540979027,143748.59895201842,,14.865669250488281,11561845608,6980,10,True,nid004902,57783767
SEISMIC,n_postings=2000 summary_energy=0.6 centroid_fraction=0.2 max_fraction=6.0 doc_cut=15 query_cut=1 heap_factor=1.0,64,0.7243982808022923,0.926647564469914,129.7284179100534,0.685932709951885,0.0,0.04570510296616703,0.046132;0.041079;0.044490;0.045705;0.046209,6.548009020940836,152718.17689956655,,10.624176025390625,7498989408,6980,10,False,nid004902,57783767
SEISMIC,n_postings=3000 summary_energy=0.5 centroid_fraction=0.1 max_fraction=6.0 doc_cut=15 query_cut=1 heap_factor=1.0,64,0.7322636103151863,0.9451289398280802,166.68915670190472,0.6707264808937907,0.0,0.05051485600415617,0.052328;0.047177;0.050875;0.050515;0.050401,7.237085387414925,138177.1730562928,,10.623851776123047,7773717347,6980,10,True,nid004902,57783767
SEISMIC,n_postings=6000 summary_energy=0.4 centroid_fraction=0.05 max_fraction=6.0 doc_cut=15 query_cut=1 heap_factor=1.0,64,0.7355014326647564,0.9641833810888252,274.5992281559156,0.6912360879359767,0.0,0.059220500057563186,0.061384;0.056730;0.060670;0.058941;0.059221,8.48431232916378,117864.59069435987,,11.97396469116211,8976504461,6980,10,True,nid004902,57783767
SEISMIC,n_postings=2000 summary_energy=0.5 centroid_fraction=0.05 max_fraction=6.0 doc_cut=15 query_cut=1 heap_factor=1.0,64,0.7393553008595989,0.9260744985673353,121.59595555497799,0.6726014440646395,0.0,0.059987862943671644,0.062252;0.056273;0.060932;0.059988;0.059838,8.594249705397084,116356.87049819046,,10.62054443359375,6466387774,6980,10,False,nid004902,57783767
SEISMIC,n_postings=3000 summary_energy=0.4 centroid_fraction=0.2 max_fraction=6.0 doc_cut=15 query_cut=2 heap_factor=1.0,64,0.7394269340974212,0.9902578796561604,180.09912425896619,0.6869613419985399,0.0,0.04769668902736157,0.044019;0.047697;0.049245;0.047708;0.041969,6.833336536871285,146341.39480826163,,10.626106262207031,7439926880,6980,10,True,nid004902,57783767
SEISMIC,n_postings=2000 summary_energy=0.6 centroid_fraction=0.1 max_fraction=6.0 doc_cut=15 query_cut=1 heap_factor=1.0,64,0.7555014326647564,0.9265042979942694,123.90327531599905,0.6835632720030844,0.0,0.05297381593845785,0.054430;0.049115;0.052974;0.053287;0.052582,7.5893719109538464,131763.20935816652,,10.620681762695312,7198204315,6980,10,False,nid004902,57783767
SEISMIC,n_postings=3000 summary_energy=0.6 centroid_fraction=0.2 max_fraction=6.0 doc_cut=15 query_cut=1 heap_factor=1.0,64,0.7576074498567336,0.9462750716332379,176.91344574803952,0.6696617860579863,0.0,0.047708602040074766,0.049433;0.043944;0.047709;0.048304;0.047521,6.835043272217015,146304.85282584612,,10.714618682861328,8956796707,6980,10,True,nid004902,57783767
SEISMIC,n_postings=6000 summary_energy=0.4 centroid_fraction=0.2 max_fraction=6.0 doc_cut=15 query_cut=2 heap_factor=1.0,64,0.7633524355300859,0.9929799426934097,328.1585805430077,0.6130696650361642,0.0,0.054985927999950945,0.050839;0.054986;0.055689;0.055515;0.048895,7.877640114606153,126941.56948676445,,13.62302017211914,10158345607,6980,10,True,nid004902,57783767
SEISMIC,n_postings=2000 summary_energy=0.4 centroid_fraction=0.2 max_fraction=6.0 doc_cut=15 query_cut=3 heap_factor=1.0,64,0.7639828080229226,0.9916905444126074,128.27128627488855,0.6795510560041294,0.0,0.04719078296329826,0.049764;0.046896;0.042868;0.047191;0.049384,6.760857158065654,147910.23928186492,,10.620685577392578,6502643185,6980,10,True,nid004902,57783767
SEISMIC,n_postings=6000 summary_energy=0.5 centroid_fraction=0.1 max_fraction=6.0 doc_cut=15 query_cut=1 heap_factor=1.0,64,0.7692263610315186,0.9667621776504298,286.3074947820278,0.6164538189768791,0.0,0.056889978935942054,0.058526;0.053348;0.056890;0.056989;0.056348,8.15042678165359,122692.96158220517,,14.090339660644531,10828567151,6980,10,True,nid004902,57783767
SEISMIC,n_postings=3000 summary_energy=0.5 centroid_fraction=0.05 max_fraction=6.0 doc_cut=15 query_cut=1 heap_factor=1.0,64,0.7718767908309455,0.9455587392550143,162.52711232099682,0.6755581670440733,0.0,0.06546615995466709,0.066683;0.061757;0.065825;0.065198;0.065466,9.37910601069729,106619.9698414172,,10.622322082519531,7367556756,6980,10,True,nid004902,57783767
SEISMIC,n_postings=2000 summary_energy=0.4 centroid_fraction=0.1 max_fraction=6.0 doc_cut=15 query_cut=2 heap_factor=1.0,64,0.7727936962750717,0.9835243553008596,125.94323570095003,0.6757682339521125,0.0,0.049333391012623906,0.045627;0.049333;0.051252;0.050319;0.043634,7.067821061980502,141486.32106424408,,10.62615966796875,6321002584,6980,10,True,nid004902,57783767
SEISMIC,n_postings=2000 summary_energy=0.6 centroid_fraction=0.05 max_fraction=6.0 doc_cut=15 query_cut=1 heap_factor=1.0,64,0.775945558739255,0.9270773638968481,122.11319702595938,0.6780578430043533,0.0,0.07015253498684615,0.072107;0.067313;0.070153;0.070325;0.069673,10.050506445106898,99497.4736309782,,10.622798919677734,6863379172,6980,10,False,nid004902,57783767
SEISMIC,n_postings=3000 summary_energy=0.4 centroid_fraction=0.2 max_fraction=6.0 doc_cut=15 query_cut=3 heap_factor=1.0,64,0.7894269340974212,0.9967048710601719,180.09912425896619,0.6869613419985399,0.0,0.05218981602229178,0.053492;0.052190;0.046638;0.051245;0.052437,7.4770510060589945,133742.56764995377,,10.626106262207031,7439926880,6980,10,True,nid004902,57783767
SEISMIC,n_postings=3000 summary_energy=0.6 centroid_fraction=0.1 max_fraction=6.0 doc_cut=15 query_cut=1 heap_factor=1.0,64,0.790214899713467,0.9465616045845272,167.25350571796298,0.6769985699793324,0.0,0.05784606304951012,0.059267;0.053927;0.057846;0.058103;0.057018,8.287401583024373,120665.0830156904,,10.62249755859375,8492482423,6980,10,True,nid004902,57783767
SEISMIC,n_postings=2000 summary_energy=0.4 centroid_fraction=0.2 max_fraction=6.0 doc_cut=15 query_cut=5 heap_factor=1.0,64,0.7938968481375358,0.9948424068767908,128.27128627488855,0.6795510560041294,0.0,0.05126114597078413,0.048499;0.051261;0.054567;0.045610;0.053396,7.344003720742712,136165.50835555245,,10.620685577392578,6502643185,6980,10,True,nid004902,57783767
SEISMIC,n_postings=6000 summary_energy=0.6 centroid_fraction=0.2 max_fraction=6.0 doc_cut=15 query_cut=1 heap_factor=1.0,64,0.7947851002865329,0.9670487106017192,323.33568878204096,0.6166868850123137,0.0,0.05317869991995394,0.055346;0.049436;0.053179;0.053113;0.053264,7.618724916898846,131255.5592841963,,16.573230743408203,13225762086,6980,10,True,nid004902,57783767
SEISMIC,n_postings=3000 summary_energy=0.4 centroid_fraction=0.1 max_fraction=6.0 doc_cut=15 query_cut=2 heap_factor=1.0,64,0.8006590257879657,0.9908309455587393,166.56166284903884,0.6728109989780933,0.0,0.053807365940883756,0.049219;0.053853;0.055373;0.053807;0.048031,7.708791682075036,129722.01626945795,,10.622840881347656,7160610580,6980,10,True,nid004902,57783767
SEISMIC,n_postings=2000 summary_energy=0.5 centroid_fraction=0.2 max_fraction=6.0 doc_cut=15 query_cut=2 heap_factor=1.0,64,0.8045558739255014,0.9875358166189112,128.621746613062,0.6751431790180504,0.0,0.047759938053786755,0.043478;0.047786;0.048769;0.047760;0.042198,6.842398001975179,146147.59324308997,,10.623363494873047,6960305618,6980,10,True,nid004902,57783767
SEISMIC,n_postings=3000 summary_energy=0.6 centroid_fraction=0.05 max_fraction=6.0 doc_cut=15 query_cut=1 heap_factor=1.0,64,0.8105873925501432,0.9467048710601719,162.2555030999938,0.6747279760893434,0.0,0.07972239796072245,0.082239;0.076794;0.080667;0.079656;0.079722,11.421546985776853,87553.81396629463,,10.626129150390625,7966466838,6980,10,True,nid004902,57783767
SEISMIC,n_postings=6000 summary_energy=0.5 centroid_fraction=0.05 max_fraction=6.0 doc_cut=15 query_cut=1 heap_factor=1.0,64,0.8110458452722064,0.9669054441260745,275.6321060321061,0.6137457409640774,0.0,0.07723648496903479,0.079077;0.073265;0.077236;0.077314;0.076418,11.065398992698395,90371.79776887027,,13.093563079833984,10013978196,6980,10,True,nid004902,57783767
SEISMIC,n_postings=6000 summary_energy=0.4 centroid_fraction=0.2 max_fraction=6.0 doc_cut=15 query_cut=3 heap_factor=1.0,64,0.8170630372492836,0.9974212034383955,328.1585805430077,0.6130696650361642,0.0,0.060913741937838495,0.063610;0.060914;0.055857;0.060316;0.061887,8.726897125764827,114588.26494558451,,13.634819030761719,10158345607,6980,10,True,nid004902,57783767
SEISMIC,n_postings=2000 summary_energy=0.4 centroid_fraction=0.1 max_fraction=6.0 doc_cut=15 query_cut=3 heap_factor=1.0,64,0.8213467048710602,0.9936962750716333,125.94323570095003,0.6757682339521125,0.0,0.05292863002978265,0.056735;0.052929;0.049199;0.052808;0.055212,7.582898285069148,131875.69744526528,,10.62615966796875,6321002584,6980,10,True,nid004902,57783767
SEISMIC,n_postings=2000 summary_energy=0.4 centroid_fraction=0.05 max_fraction=6.0 doc_cut=15 query_cut=2 heap_factor=1.0,64,0.8246991404011461,0.9861031518624642,121.51062352198642,4.388126604957506,0.0,0.06278617505449802,0.058823;0.062786;0.064577;0.063308;0.057627,8.995154019269057,111170.97026441574,,10.617252349853516,6123040159,6980,10,True,nid004902,57783767
SEISMIC,n_postings=3000 summary_energy=0.4 centroid_fraction=0.2 max_fraction=6.0 doc_cut=15 query_cut=5 heap_factor=1.0,64,0.8253008595988539,0.9979942693409742,180.09912425896619,0.6869613419985399,0.0,0.05866445496212691,0.054395;0.059120;0.060106;0.051463;0.058664,8.404649708041106,118981.75828116373,,10.626106262207031,7439926880,6980,10,True,nid004902,57783767
SEISMIC,n_postings=6000 summary_energy=0.6 centroid_fraction=0.1 max_fraction=6.0 doc_cut=15 query_cut=1 heap_factor=1.0,64,0.8274355300859599,0.9671919770773639,291.4815624970943,0.6152477239957079,0.0,0.06608653196599334,0.068631;0.063077;0.066696;0.066087;0.065590,9.467984522348615,105619.09957072271,,15.608207702636719,12283379698,6980,10,True,nid004902,57783767
SEISMIC,n_postings=6000 summary_energy=0.4 centroid_fraction=0.1 max_fraction=6.0 doc_cut=15 query_cut=2 heap_factor=1.0,64,0.829785100286533,0.9951289398280803,286.48011370608583,4.549541249056347,0.0,0.06049378600437194,0.057233;0.060494;0.062176;0.060888;0.055723,8.666731519250995,115383.75196909563,,12.682941436767578,9593816020,6980,10,True,nid004902,57783767
SEISMIC,n_postings=3000 summary_energy=0.5 centroid_fraction=0.2 max_fraction=6.0 doc_cut=15 query_cut=2 heap_factor=1.0,64,0.8336962750716332,0.9925501432664756,177.1851971799042,0.6746510470984504,0.0,0.051306606037542224,0.048843;0.051307;0.053334;0.051340;0.046288,7.350516624289717,136044.85930900543,,10.62612533569336,8135559998,6980,10,True,nid004902,57783767
SEISMIC,n_postings=3000 summary_energy=0.4 centroid_fraction=0.1 max_fraction=6.0 doc_cut=15 query_cut=3 heap_factor=1.0,64,0.849727793696275,0.9974212034383955,166.56166284903884,0.6728109989780933,0.0,0.05806054500862956,0.061209;0.058061;0.053470;0.057477;0.059338,8.318129657396785,120219.33309379993,,10.622840881347656,7160610580,6980,10,True,nid004902,57783767
SEISMIC,n_postings=2000 summary_energy=0.4 centroid_fraction=0.1 max_fraction=6.0 doc_cut=15 query_cut=5 heap_factor=1.0,64,0.8500716332378223,0.9964183381088825,125.94323570095003,0.6757682339521125,0.0,0.05933276400901377,0.054862;0.059333;0.061393;0.052972;0.059811,8.500395989830054,117641.57825075544,,10.62615966796875,6321002584,6980,10,True,nid004902,57783767
SEISMIC,n_postings=6000 summary_energy=0.6 centroid_fraction=0.05 max_fraction=6.0 doc_cut=15 query_cut=1 heap_factor=1.0,64,0.8509025787965616,0.9673352435530086,276.41479485097807,0.6214352559763938,0.0,0.09813077293802053,0.100367;0.095008;0.098131;0.097875;0.098173,14.05884999112042,71129.57323192159,,14.671913146972656,11225826025,6980,10,True,nid004902,57783767
SEISMIC,n_postings=3000 summary_energy=0.4 centroid_fraction=0.05 max_fraction=6.0 doc_cut=15 query_cut=2 heap_factor=1.0,64,0.8509885386819485,0.990974212034384,162.07781643501949,0.6717430209973827,0.0,0.06738175405189395,0.065120;0.067715;0.069705;0.067382;0.063756,9.653546425772772,103588.87354912673,,10.62363052368164,6851761907,6980,10,True,nid004902,57783767
SEISMIC,n_postings=2000 summary_energy=0.5 centroid_fraction=0.2 max_fraction=6.0 doc_cut=15 query_cut=3 heap_factor=1.0,64,0.8511318051575931,0.9965616045845272,128.621746613062,0.6751431790180504,0.0,0.050956540973857045,0.053561;0.050957;0.046959;0.050901;0.053153,7.300364036369204,136979.47047820708,,10.623363494873047,6960305618,6980,10,True,nid004902,57783767
SEISMIC,n_postings=2000 summary_energy=0.5 centroid_fraction=0.1 max_fraction=6.0 doc_cut=15 query_cut=2 heap_factor=1.0,64,0.8514899713467049,0.9875358166189112,124.30024965305347,0.6756014070706442,0.0,0.05810148606542498,0.053477;0.058427;0.059456;0.058101;0.051673,8.323995138313034,120134.62086219611,,10.624202728271484,6725488309,6980,10,True,nid004902,57783767
SEISMIC,n_postings=6000 summary_energy=0.4 centroid_fraction=0.2 max_fraction=6.0 doc_cut=15 query_cut=5 heap_factor=1.0,64,0.8590114613180516,0.998567335243553,328.1585805430077,0.6130696650361642,0.0,0.0731052189366892,0.069291;0.073105;0.074152;0.067154;0.074771,10.473527068293581,95478.81945398236,,13.668575286865234,10158345607,6980,10,True,nid004902,57783767
SEISMIC,n_postings=6000 summary_energy=0.5 centroid_fraction=0.2 max_fraction=6.0 doc_cut=15 query_cut=2 heap_factor=1.0,64,0.8597994269340974,0.9962750716332378,328.95050867891405,0.6148902700515464,0.0,0.06086635706014931,0.056502;0.062002;0.061842;0.060866;0.054368,8.720108461339443,114677.47269813156,,14.888988494873047,11561845608,6980,10,True,nid004902,57783767
SEISMIC,n_postings=2000 summary_energy=0.4 centroid_fraction=0.2 max_fraction=6.0 doc_cut=15 query_cut=3 heap_factor=0.9,64,0.8632234957020057,0.9955587392550144,128.27128627488855,0.6795510560041294,0.0,0.0530272510368377,0.049862;0.053027;0.055720;0.046335;0.054314,7.597027369174455,131630.43272130095,,10.620685577392578,6502643185,6980,10,True,nid004902,57783767
SEISMIC,n_postings=2000 summary_energy=0.4 centroid_fraction=0.05 max_fraction=6.0 doc_cut=15 query_cut=3 heap_factor=1.0,64,0.8700573065902579,0.9954154727793696,121.51062352198642,4.388126604957506,0.0,0.06947929400485009,0.072290;0.069479;0.065421;0.069412;0.071550,9.954053582356748,100461.58499412432,,10.617252349853516,6123040159,6980,10,True,nid004902,57783767
SEISMIC,n_postings=2000 summary_energy=0.6 centroid_fraction=0.2 max_fraction=6.0 doc_cut=15 query_cut=2 heap_factor=1.0,64,0.8708739255014326,0.9879656160458453,129.7284179100534,0.685932709951885,0.0,0.053570927935652435,0.049436;0.054495;0.054300;0.053571;0.047966,7.674918042357083,130294.55096212142,,10.624176025390625,7498989408,6980,10,True,nid004902,57783767
SEISMIC,n_postings=2000 summary_energy=0.5 centroid_fraction=0.2 max_fraction=6.0 doc_cut=15 query_cut=5 heap_factor=1.0,64,0.8788252148997134,0.9989971346704871,128.621746613062,0.6751431790180504,0.0,0.056146790040656924,0.051914;0.056147;0.058339;0.049597;0.057378,8.043952727887811,124316.99113957633,,10.623363494873047,6960305618,6980,10,True,nid004902,57783767
SEISMIC,n_postings=6000 summary_energy=0.4 centroid_fraction=0.1 max_fraction=6.0 doc_cut=15 query_cut=3 heap_factor=1.0,64,0.8790687679083095,0.9984240687679083,286.48011370608583,4.549541249056347,0.0,0.06950760190375149,0.071818;0.069508;0.064139;0.068908;0.070259,9.958109155265257,100420.67067232933,,12.688995361328125,9593816020,6980,10,True,nid004902,57783767
SEISMIC,n_postings=3000 summary_energy=0.5 centroid_fraction=0.1 max_fraction=6.0 doc_cut=15 query_cut=2 heap_factor=1.0,64,0.8793982808022922,0.992406876790831,166.68915670190472,0.6707264808937907,0.0,0.06173319008667022,0.058697;0.062285;0.064092;0.061733;0.056512,8.844296574021522,113067.21700596453,,10.623851776123047,7773717347,6980,10,True,nid004902,57783767
SEISMIC,n_postings=3000 summary_energy=0.5 centroid_fraction=0.2 max_fraction=6.0 doc_cut=15 query_cut=3 heap_factor=1.0,64,0.8794126074498567,0.9982808022922636,177.1851971799042,0.6746510470984504,0.0,0.057234392035752535,0.059635;0.057234;0.052171;0.057202;0.057968,8.199769632629303,121954.64565500779,,10.62612533569336,8135559998,6980,10,True,nid004902,57783767
SEISMIC,n_postings=3000 summary_energy=0.4 centroid_fraction=0.1 max_fraction=6.0 doc_cut=15 query_cut=5 heap_factor=1.0,64,0.8806590257879656,0.9988538681948425,166.56166284903884,0.6728109989780933,0.0,0.06592412304598838,0.062328;0.065924;0.068824;0.060251;0.066467,9.444716768766243,105879.29998144659,,10.622840881347656,7160610580,6980,10,True,nid004902,57783767
SEISMIC,n_postings=2000 summary_energy=0.4 centroid_fraction=0.2 max_fraction=6.0 doc_cut=15 query_cut=4 heap_factor=0.9,64,0.8806876790830945,0.9982808022922636,128.27128627488855,0.6795510560041294,0.0,0.055737048969604075,0.060238;0.049944;0.058263;0.055737;0.052189,7.9852505687111845,125230.88554269366,,10.620685577392578,6502643185,6980,10,True,nid004902,57783767
SEISMIC,n_postings=6000 summary_energy=0.4 centroid_fraction=0.05 max_fraction=6.0 doc_cut=15 query_cut=2 heap_factor=1.0,64,0.8811318051575932,0.9968481375358166,274.5992281559156,0.6912360879359767,0.0,0.07864996895659715,0.076665;0.079836;0.081886;0.078650;0.073973,11.26790386197667,88747.65104932083,,11.994293212890625,8976504461,6980,10,True,nid004902,57783767
SEISMIC,n_postings=2000 summary_energy=0.5 centroid_fraction=0.05 max_fraction=6.0 doc_cut=15 query_cut=2 heap_factor=1.0,64,0.8846704871060171,0.9876790830945559,121.59595555497799,0.6726014440646395,0.0,0.07850212103221565,0.075169;0.078524;0.079271;0.078502;0.072865,11.246722210919147,88914.79501726522,,10.62054443359375,6466387774,6980,10,True,nid004902,57783767
SEISMIC,n_postings=2000 summary_energy=0.4 centroid_fraction=0.2 max_fraction=6.0 doc_cut=15 query_cut=5 heap_factor=0.9,64,0.8879942693409743,0.998567335243553,128.27128627488855,0.6795510560041294,0.0,0.05902855296153575,0.062608;0.058839;0.054134;0.059029;0.060886,8.456812745205696,118247.85887176185,,10.620685577392578,6502643185,6980,10,True,nid004902,57783767
SEISMIC,n_postings=3000 summary_energy=0.4 centroid_fraction=0.2 max_fraction=6.0 doc_cut=15 query_cut=3 heap_factor=0.9,64,0.889025787965616,0.9984240687679083,180.09912425896619,0.6869613419985399,0.0,0.05838778894394636,0.055642;0.058388;0.061115;0.052219;0.060219,8.365012742685725,119545.5441325405,,10.626106262207031,7439926880,6980,10,True,nid004902,57783767
SEISMIC,n_postings=2000 summary_energy=0.4 centroid_fraction=0.2 max_fraction=6.0 doc_cut=15 query_cut=6 heap_factor=0.9,64,0.8913753581661891,0.9987106017191977,128.27128627488855,0.6795510560041294,0.0,0.060707611963152885,0.064618;0.055076;0.062690;0.060708;0.055843,8.697365610766889,114977.34426181322,,10.620685577392578,6502643185,6980,10,True,nid004902,57783767
SEISMIC,n_postings=2000 summary_energy=0.4 centroid_fraction=0.2 max_fraction=6.0 doc_cut=15 query_cut=7 heap_factor=0.9,64,0.894025787965616,0.9987106017191977,128.27128627488855,0.6795510560041294,0.0,0.06365666503552347,0.065367;0.063596;0.059368;0.063657;0.064892,9.119866050934595,109650.73329092601,,10.620685577392578,6502643185,6980,10,True,nid004902,57783767
SEISMIC,n_postings=3000 summary_energy=0.4 centroid_fraction=0.05 max_fraction=6.0 doc_cut=15 query_cut=3 heap_factor=1.0,64,0.8943696275071633,0.9977077363896848,162.07781643501949,0.6717430209973827,0.0,0.077167674084194,0.078771;0.077168;0.071203;0.076656;0.077717,11.055540699741263,90452.38285119818,,10.62363052368164,6851761907,6980,10,True,nid004902,57783767
SEISMIC,n_postings=2000 summary_energy=0.5 centroid_fraction=0.1 max_fraction=6.0 doc_cut=15 query_cut=3 heap_factor=1.0,64,0.8949856733524355,0.9965616045845272,124.30024965305347,0.6756014070706442,0.0,0.06290692603215575,0.065728;0.062907;0.058168;0.062176;0.064877,9.012453586268732,110957.5755844766,,10.624202728271484,6725488309,6980,10,True,nid004902,57783767
SEISMIC,n_postings=2000 summary_energy=0.4 centroid_fraction=0.1 max_fraction=6.0 doc_cut=15 query_cut=3 heap_factor=0.9,64,0.8951719197707736,0.9962750716332378,125.94323570095003,0.6757682339521125,0.0,0.06356725702062249,0.060488;0.063567;0.066224;0.056924;0.065008,9.107056879745342,109804.95819940048,,10.62615966796875,6321002584,6980,10,True,nid004902,57783767
SEISMIC,n_postings=2000 summary_energy=0.4 centroid_fraction=0.2 max_fraction=6.0 doc_cut=15 query_cut=8 heap_factor=0.9,64,0.8955014326647565,0.9988538681948425,128.27128627488855,0.6795510560041294,0.0,0.06510451505891979,0.061120;0.065105;0.066414;0.058825;0.066661,9.32729442104868,107212.22627467662,,10.620685577392578,6502643185,6980,10,True,nid004902,57783767
SEISMIC,n_postings=2000 summary_energy=0.4 centroid_fraction=0.05 max_fraction=6.0 doc_cut=15 query_cut=5 heap_factor=1.0,64,0.8956446991404011,0.9981375358166189,121.51062352198642,4.388126604957506,0.0,0.07856444001663476,0.073544;0.078564;0.078990;0.071759;0.079327,11.25565043218263,88844.26591116919,,10.617252349853516,6123040159,6980,10,True,nid004902,57783767
SEISMIC,n_postings=2000 summary_energy=0.6 centroid_fraction=0.1 max_fraction=6.0 doc_cut=15 query_cut=2 heap_factor=1.0,64,0.8970343839541547,0.98810888252149,123.90327531599905,0.6835632720030844,0.0,0.06694894295651466,0.063609;0.066949;0.068377;0.067295;0.061538,9.591539105517858,104258.55423189756,,10.620681762695312,7198204315,6980,10,True,nid004902,57783767
SEISMIC,n_postings=2000 summary_energy=0.4 centroid_fraction=0.2 max_fraction=6.0 doc_cut=15 query_cut=10 heap_factor=0.9,64,0.897378223495702,0.9989971346704871,128.27128627488855,0.6795510560041294,0.0,0.06873051403090358,0.070782;0.062776;0.070695;0.068731;0.063458,9.8467785144561,101556.05699182687,,10.620685577392578,6502643185,6980,10,True,nid004902,57783767
SEISMIC,n_postings=3000 summary_energy=0.6 centroid_fraction=0.2 max_fraction=6.0 doc_cut=15 query_cut=2 heap_factor=1.0,64,0.898567335243553,0.9934097421203438,176.91344574803952,0.6696617860579863,0.0,0.058823234983719885,0.054344;0.059529;0.059949;0.058823;0.052619,8.427397562137518,118660.59392911335,,10.7418212890625,8956796707,6980,10,True,nid004902,57783767
SEISMIC,n_postings=6000 summary_energy=0.5 centroid_fraction=0.2 max_fraction=6.0 doc_cut=15 query_cut=3 heap_factor=1.0,64,0.9039541547277937,0.9987106017191977,328.95050867891405,0.6148902700515464,0.0,0.0685127469478175,0.072771;0.068461;0.064950;0.068513;0.070870,9.815579791950933,101878.85190643856,,14.895389556884766,11561845608,6980,10,True,nid004902,57783767
SEISMIC,n_postings=3000 summary_energy=0.4 centroid_fraction=0.2 max_fraction=6.0 doc_cut=15 query_cut=4 heap_factor=0.9,64,0.9052578796561604,0.9992836676217765,180.09912425896619,0.6869613419985399,0.0,0.06386108894366771,0.066420;0.057452;0.064515;0.063861;0.058075,9.149153143791935,109299.73345987107,,10.626106262207031,7439926880,6980,10,True,nid004902,57783767
SEISMIC,n_postings=6000 summary_energy=0.5 centroid_fraction=0.1 max_fraction=6.0 doc_cut=15 query_cut=2 heap_factor=1.0,64,0.9061174785100287,0.9972779369627507,286.3074947820278,0.6164538189768791,0.0,0.07500451209489256,0.070486;0.075746;0.076523;0.075005;0.068094,10.745632105285466,93061.06799507204,,14.110424041748047,10828567151,6980,10,True,nid004902,57783767
SEISMIC,n_postings=3000 summary_energy=0.5 centroid_fraction=0.2 max_fraction=6.0 doc_cut=15 query_cut=5 heap_factor=1.0,64,0.9070487106017192,0.9991404011461318,177.1851971799042,0.6746510470984504,0.0,0.06521119095850736,0.060270;0.065211;0.065791;0.059572;0.065540,9.34257750121882,107036.84287013316,,10.62612533569336,8135559998,6980,10,True,nid004902,57783767
SEISMIC,n_postings=2000 summary_energy=0.4 centroid_fraction=0.1 max_fraction=6.0 doc_cut=15 query_cut=4 heap_factor=0.9,64,0.9109312320916906,0.9984240687679083,125.94323570095003,0.6757682339521125,0.0,0.06742920202668756,0.070715;0.061846;0.070915;0.067429;0.063685,9.660344129897933,103515.98106169802,,10.62615966796875,6321002584,6980,10,True,nid004902,57783767
SEISMIC,n_postings=3000 summary_energy=0.5 centroid_fraction=0.05 max_fraction=6.0 doc_cut=15 query_cut=2 heap_factor=1.0,64,0.9114469914040114,0.9928366762177651,162.52711232099682,0.6755581670440733,0.0,0.08879443199839443,0.085596;0.089286;0.089984;0.088794;0.083403,12.72126532928287,78608.53257247269,,10.622322082519531,7367556756,6980,10,True,nid004902,57783767
SEISMIC,n_postings=2000 summary_energy=0.6 centroid_fraction=0.2 max_fraction=6.0 doc_cut=15 query_cut=3 heap_factor=1.0,64,0.9125644699140402,0.9967048710601719,129.7284179100534,0.685932709951885,0.0,0.057630831957794726,0.059414;0.057631;0.053247;0.057510;0.059839,8.256566183065146,121115.72508812162,,10.624176025390625,7498989408,6980,10,True,nid004902,57783767
SEISMIC,n_postings=3000 summary_energy=0.4 centroid_fraction=0.2 max_fraction=6.0 doc_cut=15 query_cut=5 heap_factor=0.9,64,0.912621776504298,0.9994269340974212,180.09912425896619,0.6869613419985399,0.0,0.06822896597441286,0.071308;0.068229;0.063151;0.067952;0.068792,9.774923492036226,102302.59099364969,,10.626106262207031,7439926880,6980,10,True,nid004902,57783767
SEISMIC,n_postings=6000 summary_energy=0.4 centroid_fraction=0.2 max_fraction=6.0 doc_cut=15 query_cut=3 heap_factor=0.9,64,0.912621776504298,0.9992836676217765,328.1585805430077,0.6130696650361642,0.0,0.07136935100425035,0.067625;0.071369;0.072688;0.064028;0.071964,10.224835387428417,97801.08550495733,,13.651084899902344,10158345607,6980,10,True,nid004902,57783767
SEISMIC,n_postings=6000 summary_energy=0.4 centroid_fraction=0.1 max_fraction=6.0 doc_cut=15 query_cut=5 heap_factor=1.0,64,0.9130659025787966,0.9989971346704871,286.48011370608583,4.549541249056347,0.0,0.08357781392987818,0.078307;0.084447;0.084627;0.077655;0.083578,11.973898843822088,83514.98647543263,,12.711616516113281,9593816020,6980,10,True,nid004902,57783767
SEISMIC,n_postings=2000 summary_energy=0.6 centroid_fraction=0.05 max_fraction=6.0 doc_cut=15 query_cut=2 heap_factor=1.0,64,0.9138252148997135,0.9882521489971346,122.11319702595938,0.6780578430043533,0.0,0.09518231602851301,0.092625;0.095253;0.096941;0.095182;0.089205,13.636434961105016,73332.94976673037,,10.622798919677734,6863379172,6980,10,True,nid004902,57783767
SEISMIC,n_postings=3000 summary_energy=0.4 centroid_fraction=0.2 max_fraction=6.0 doc_cut=15 query_cut=6 heap_factor=0.9,64,0.9163323782234957,0.9995702005730659,180.09912425896619,0.6869613419985399,0.0,0.07242045004386455,0.074482;0.065524;0.072620;0.072420;0.065237,10.37542264238747,96381.61590783078,,10.626106262207031,7439926880,6980,10,True,nid004902,57783767
SEISMIC,n_postings=2000 summary_energy=0.4 centroid_fraction=0.1 max_fraction=6.0 doc_cut=15 query_cut=5 heap_factor=0.9,64,0.9172063037249284,0.9987106017191977,125.94323570095003,0.6757682339521125,0.0,0.07271184504497796,0.075194;0.072712;0.068057;0.072708;0.073821,10.417169777217474,95995.36355709753,,10.62615966796875,6321002584,6980,10,True,nid004902,57783767
SEISMIC,n_postings=2000 summary_energy=0.5 centroid_fraction=0.1 max_fraction=6.0 doc_cut=15 query_cut=5 heap_factor=1.0,64,0.9180945558739255,0.9989971346704871,124.30024965305347,0.6756014070706442,0.0,0.070730717969127,0.066814;0.070731;0.072545;0.064366;0.072488,10.133340683256018,98684.13894860611,,10.624202728271484,6725488309,6980,10,True,nid004902,57783767
SEISMIC,n_postings=2000 summary_energy=0.4 centroid_fraction=0.05 max_fraction=6.0 doc_cut=15 query_cut=3 heap_factor=0.9,64,0.9182091690544413,0.9965616045845272,121.51062352198642,4.388126604957506,0.0,0.08768254704773426,0.085625;0.087683;0.090842;0.081752;0.089813,12.561969491079408,79605.35174919243,,10.617252349853516,6123040159,6980,10,True,nid004902,57783767
SEISMIC,n_postings=3000 summary_energy=0.4 centroid_fraction=0.2 max_fraction=6.0 doc_cut=15 query_cut=7 heap_factor=0.9,64,0.9188825214899713,0.9995702005730659,180.09912425896619,0.6869613419985399,0.0,0.0753388439770788,0.077881;0.075845;0.069236;0.075339;0.074562,10.793530655741948,92648.09003604576,,10.626106262207031,7439926880,6980,10,True,nid004902,57783767
SEISMIC,n_postings=3000 summary_energy=0.4 centroid_fraction=0.05 max_fraction=6.0 doc_cut=15 query_cut=5 heap_factor=1.0,64,0.9195415472779369,0.9991404011461318,162.07781643501949,0.6717430209973827,0.0,0.09046234004199505,0.085681;0.091470;0.090860;0.085562;0.090462,12.960220636388975,77159.18023743025,,10.62363052368164,6851761907,6980,10,True,nid004902,57783767
SEISMIC,n_postings=3000 summary_energy=0.4 centroid_fraction=0.1 max_fraction=6.0 doc_cut=15 query_cut=3 heap_factor=0.9,64,0.9197851002865329,0.9982808022922636,166.56166284903884,0.6728109989780933,0.0,0.0701311860466376,0.067615;0.070131;0.073150;0.064056;0.072205,10.04744785768447,99527.76209086589,,10.622840881347656,7160610580,6980,10,True,nid004902,57783767
SEISMIC,n_postings=2000 summary_energy=0.4 centroid_fraction=0.1 max_fraction=6.0 doc_cut=15 query_cut=6 heap_factor=0.9,64,0.92,0.9987106017191977,125.94323570095003,0.6757682339521125,0.0,0.07533326500561088,0.077131;0.068647;0.076428;0.075333;0.069458,10.792731376162019,92654.95129515658,,10.62615966796875,6321002584,6980,10,True,nid004902,57783767
SEISMIC,n_postings=3000 summary_energy=0.4 centroid_fraction=0.2 max_fraction=6.0 doc_cut=15 query_cut=8 heap_factor=0.9,64,0.9203295128939828,0.9995702005730659,180.09912425896619,0.6869613419985399,0.0,0.07702933496329933,0.073115;0.077533;0.078287;0.071260;0.077029,11.035721341446896,90614.82879640107,,10.626106262207031,7439926880,6980,10,True,nid004902,57783767
SEISMIC,n_postings=3000 summary_energy=0.5 centroid_fraction=0.1 max_fraction=6.0 doc_cut=15 query_cut=3 heap_factor=1.0,64,0.9206160458452722,0.9979942693409742,166.68915670190472,0.6707264808937907,0.0,0.07030300295446068,0.072522;0.069879;0.065086;0.070303;0.072008,10.072063460524452,99284.52138127513,,10.623851776123047,7773717347,6980,10,True,nid004902,57783767
SEISMIC,n_postings=3000 summary_energy=0.4 centroid_fraction=0.2 max_fraction=6.0 doc_cut=15 query_cut=10 heap_factor=0.9,64,0.9220057306590258,0.9995702005730659,180.09912425896619,0.6869613419985399,0.0,0.08385168795939535,0.085369;0.077075;0.084097;0.083852;0.075793,12.013135810801625,83242.21217085124,,10.626106262207031,7439926880,6980,10,True,nid004902,57783767
SEISMIC,n_postings=2000 summary_energy=0.4 centroid_fraction=0.1 max_fraction=6.0 doc_cut=15 query_cut=7 heap_factor=0.9,64,0.9221919770773639,0.9987106017191977,125.94323570095003,0.6757682339521125,0.0,0.07799949799664319,0.079295;0.078014;0.071727;0.077758;0.077999,11.174713180034841,89487.75542504637,,10.62615966796875,6321002584,6980,10,True,nid004902,57783767
SEISMIC,n_postings=2000 summary_energy=0.4 centroid_fraction=0.1 max_fraction=6.0 doc_cut=15 query_cut=8 heap_factor=0.9,64,0.9235243553008596,0.9989971346704871,125.94323570095003,0.6757682339521125,0.0,0.07949547003954649,0.074707;0.079495;0.081639;0.073531;0.081135,11.389035822284598,87803.74525149257,,10.62615966796875,6321002584,6980,10,True,nid004902,57783767
SEISMIC,n_postings=6000 summary_energy=0.4 centroid_fraction=0.05 max_fraction=6.0 doc_cut=15 query_cut=3 heap_factor=1.0,64,0.9235816618911175,0.9991404011461318,274.5992281559156,0.6912360879359767,0.0,0.09399164107162505,0.095557;0.093259;0.087291;0.094049;0.093992,13.465851156393274,74261.92287334344,,12.004985809326172,8976504461,6980,10,True,nid004902,57783767
SEISMIC,n_postings=2000 summary_energy=0.5 centroid_fraction=0.05 max_fraction=6.0 doc_cut=15 query_cut=3 heap_factor=1.0,64,0.9237392550143266,0.9965616045845272,121.59595555497799,0.6726014440646395,0.0,0.0891216000309214,0.091976;0.089033;0.084864;0.089122;0.090490,12.76813754024662,78319.95832186851,,10.62054443359375,6466387774,6980,10,True,nid004902,57783767
SEISMIC,n_postings=2000 summary_energy=0.5 centroid_fraction=0.2 max_fraction=6.0 doc_cut=15 query_cut=3 heap_factor=0.9,64,0.9246131805157594,0.997134670487106,128.621746613062,0.6751431790180504,0.0,0.0594114710111171,0.057498;0.059411;0.062910;0.053172;0.061860,8.511672064629957,117485.72929113133,,10.623363494873047,6960305618,6980,10,True,nid004902,57783767
SEISMIC,n_postings=6000 summary_energy=0.6 centroid_fraction=0.2 max_fraction=6.0 doc_cut=15 query_cut=2 heap_factor=1.0,64,0.9251146131805158,0.9977077363896848,323.33568878204096,0.6166868850123137,0.0,0.06830305303446949,0.065517;0.068771;0.070617;0.068303;0.062818,9.785537684021417,102191.62526274641,,16.59754180908203,13225762086,6980,10,True,nid004902,57783767
SEISMIC,n_postings=2000 summary_energy=0.4 centroid_fraction=0.1 max_fraction=6.0 doc_cut=15 query_cut=10 heap_factor=0.9,64,0.9254011461318051,0.9992836676217765,125.94323570095003,0.6757682339521125,0.0,0.08436894603073597,0.086190;0.078162;0.085271;0.084369;0.077913,12.087241551681371,82731.86199881122,,10.62615966796875,6321002584,6980,10,True,nid004902,57783767
SEISMIC,n_postings=3000 summary_energy=0.6 centroid_fraction=0.1 max_fraction=6.0 doc_cut=15 query_cut=2 heap_factor=1.0,64,0.9263753581661891,0.9936962750716333,167.25350571796298,0.6769985699793324,0.0,0.07359167095273733,0.071182;0.073866;0.075886;0.073592;0.068151,10.543219334203055,94847.6900936623,,10.62249755859375,8492482423,6980,10,True,nid004902,57783767
SEISMIC,n_postings=6000 summary_energy=0.4 centroid_fraction=0.2 max_fraction=6.0 doc_cut=15 query_cut=4 heap_factor=0.9,64,0.9298710601719198,0.9995702005730659,328.1585805430077,0.6130696650361642,0.0,0.07860497001092881,0.081177;0.072309;0.079463;0.078605;0.072782,11.261457021623038,88798.45637024654,,13.659881591796875,10158345607,6980,10,True,nid004902,57783767
SEISMIC,n_postings=6000 summary_energy=0.5 centroid_fraction=0.2 max_fraction=6.0 doc_cut=15 query_cut=5 heap_factor=1.0,64,0.9329083094555874,0.9989971346704871,328.95050867891405,0.6148902700515464,0.0,0.08556653605774045,0.082834;0.085567;0.088459;0.078865;0.087801,12.258816054117542,81573.94609605189,,14.920848846435547,11561845608,6980,10,True,nid004902,57783767
SEISMIC,n_postings=2000 summary_energy=0.4 centroid_fraction=0.05 max_fraction=6.0 doc_cut=15 query_cut=4 heap_factor=0.9,64,0.9331518624641834,0.9988538681948425,121.51062352198642,4.388126604957506,0.0,0.09665202302858233,0.098864;0.090187;0.097297;0.096652;0.091190,13.846994703235291,72217.83653649801,,10.617252349853516,6123040159,6980,10,True,nid004902,57783767
SEISMIC,n_postings=3000 summary_energy=0.4 centroid_fraction=0.1 max_fraction=6.0 doc_cut=15 query_cut=4 heap_factor=0.9,64,0.9341833810888253,0.9991404011461318,166.56166284903884,0.6728109989780933,0.0,0.0773119559744373,0.080744;0.070732;0.079469;0.077312;0.073019,11.076211457655774,90283.57790233496,,10.622840881347656,7160610580,6980,10,True,nid004902,57783767
SEISMIC,n_postings=2000 summary_energy=0.6 centroid_fraction=0.2 max_fraction=6.0 doc_cut=15 query_cut=5 heap_factor=1.0,64,0.9347421203438395,0.9991404011461318,129.7284179100534,0.685932709951885,0.0,0.06494546099565923,0.060146;0.064945;0.066826;0.058538;0.065083,9.304507305968372,107474.79335725284,,10.624176025390625,7498989408,6980,10,True,nid004902,57783767
SEISMIC,n_postings=2000 summary_energy=0.6 centroid_fraction=0.1 max_fraction=6.0 doc_cut=15 query_cut=3 heap_factor=1.0,64,0.9353581661891117,0.9968481375358166,123.90327531599905,0.6835632720030844,0.0,0.07328347093425691,0.077047;0.073130;0.069502;0.073283;0.075693,10.499064603761735,95246.58031361266,,10.620681762695312,7198204315,6980,10,True,nid004902,57783767
SEISMIC,n_postings=3000 summary_energy=0.6 centroid_fraction=0.2 max_fraction=6.0 doc_cut=15 query_cut=3 heap_factor=1.0,64,0.9362750716332379,0.9988538681948425,176.91344574803952,0.6696617860579863,0.0,0.06549367995467037,0.067550;0.065494;0.059911;0.064400;0.066618,9.383048704107502,106575.16885340713,,10.749095916748047,8956796707,6980,10,True,nid004902,57783767
SEISMIC,n_postings=6000 summary_energy=0.5 centroid_fraction=0.05 max_fraction=6.0 doc_cut=15 query_cut=2 heap_factor=1.0,64,0.9382234957020057,0.9977077363896848,275.6321060321061,0.6137457409640774,0.0,0.109826302039437,0.106609;0.110141;0.111705;0.109826;0.103668,15.734427226280372,63554.903246160335,,13.1114501953125,10013978196,6980,10,True,nid004902,57783767
SEISMIC,n_postings=6000 summary_energy=0.4 centroid_fraction=0.2 max_fraction=6.0 doc_cut=15 query_cut=5 heap_factor=0.9,64,0.9387392550143266,0.9997134670487106,328.1585805430077,0.6130696650361642,0.0,0.08735017897561193,0.089239;0.086575;0.082058;0.087350;0.088249,12.514352288769617,79908.25069687389,,13.665592193603516,10158345607,6980,10,True,nid004902,57783767
SEISMIC,n_postings=2000 summary_energy=0.4 centroid_fraction=0.05 max_fraction=6.0 doc_cut=15 query_cut=5 heap_factor=0.9,64,0.938810888252149,0.9989971346704871,121.51062352198642,4.388126604957506,0.0,0.1023908481001854,0.104650;0.102391;0.098352;0.102175;0.103642,14.6691759455853,68170.15514091989,,10.617252349853516,6123040159,6980,10,True,nid004902,57783767
SEISMIC,n_postings=2000 summary_energy=0.5 centroid_fraction=0.2 max_fraction=6.0 doc_cut=15 query_cut=4 heap_factor=0.9,64,0.9388252148997135,0.9994269340974212,128.621746613062,0.6751431790180504,0.0,0.06374141701962799,0.066383;0.057701;0.065372;0.063741;0.059217,9.132008169001145,109504.93927442245,,10.623363494873047,6960305618,6980,10,True,nid004902,57783767
SEISMIC,n_postings=2000 summary_energy=0.5 centroid_fraction=0.1 max_fraction=6.0 doc_cut=15 query_cut=3 heap_factor=0.9,64,0.9395845272206304,0.9968481375358166,124.30024965305347,0.6756014070706442,0.0,0.07896320696454495,0.075752;0.078963;0.080842;0.072141;0.080377,11.312780367413318,88395.59927111458,,10.624202728271484,6725488309,6980,10,True,nid004902,57783767
SEISMIC,n_postings=3000 summary_energy=0.4 centroid_fraction=0.1 max_fraction=6.0 doc_cut=15 query_cut=5 heap_factor=0.9,64,0.9398567335243553,0.9992836676217765,166.56166284903884,0.6728109989780933,0.0,0.082983850967139,0.085298;0.082984;0.078680;0.082460;0.083899,11.888803863486965,84112.75107929166,,10.622840881347656,7160610580,6980,10,True,nid004902,57783767
SEISMIC,n_postings=3000 summary_energy=0.6 centroid_fraction=0.05 max_fraction=6.0 doc_cut=15 query_cut=2 heap_factor=1.0,64,0.9406160458452723,0.9936962750716333,162.2555030999938,0.6747279760893434,0.0,0.11209595005493611,0.110474;0.113362;0.115111;0.112096;0.108559,16.059591698414916,62268.08369596969,,10.626129150390625,7966466838,6980,10,True,nid004902,57783767
SEISMIC,n_postings=2000 summary_energy=0.4 centroid_fraction=0.05 max_fraction=6.0 doc_cut=15 query_cut=6 heap_factor=0.9,64,0.9413323782234957,0.9991404011461318,121.51062352198642,4.388126604957506,0.0,0.1073036240413785,0.109415;0.101017;0.108244;0.107304;0.101567,15.373012040312107,65049.06113244011,,10.617252349853516,6123040159,6980,10,True,nid004902,57783767
SEISMIC,n_postings=3000 summary_energy=0.4 centroid_fraction=0.05 max_fraction=6.0 doc_cut=15 query_cut=3 heap_factor=0.9,64,0.941919770773639,0.9988538681948425,162.07781643501949,0.6717430209973827,0.0,0.10282026696950197,0.100770;0.102820;0.104686;0.096256;0.104423,14.730697273567618,67885.44910188156,,10.62363052368164,6851761907,6980,10,True,nid004902,57783767
SEISMIC,n_postings=3000 summary_energy=0.5 centroid_fraction=0.1 max_fraction=6.0 doc_cut=15 query_cut=5 heap_factor=1.0,64,0.9420773638968482,0.9991404011461318,166.68915670190472,0.6707264808937907,0.0,0.08260734099894762,0.078510;0.082607;0.083446;0.076157;0.083187,11.834862607299087,84496.12244617488,,10.623851776123047,7773717347,6980,10,True,nid004902,57783767
SEISMIC,n_postings=6000 summary_energy=0.4 centroid_fraction=0.1 max_fraction=6.0 doc_cut=15 query_cut=3 heap_factor=0.9,64,0.9423925501432665,0.9995702005730659,286.48011370608583,4.549541249056347,0.0,0.0882686770055443,0.085633;0.088269;0.090091;0.081749;0.091392,12.645942264404628,79076.74881726815,,12.698688507080078,9593816020,6980,10,True,nid004902,57783767
SEISMIC,n_postings=3000 summary_energy=0.4 centroid_fraction=0.1 max_fraction=6.0 doc_cut=15 query_cut=6 heap_factor=0.9,64,0.9428510028653295,0.9994269340974212,166.56166284903884,0.6728109989780933,0.0,0.08868973003700376,0.090256;0.081718;0.089361;0.088690;0.082196,12.70626504828134,78701.33325569663,,10.622840881347656,7160610580,6980,10,True,nid004902,57783767
SEISMIC,n_postings=2000 summary_energy=0.4 centroid_fraction=0.05 max_fraction=6.0 doc_cut=15 query_cut=7 heap_factor=0.9,64,0.9432234957020057,0.9992836676217765,121.51062352198642,4.388126604957506,0.0,0.11091605899855494,0.111978;0.111404;0.104411;0.110916;0.110645,15.890552865122487,62930.47249443778,,10.617252349853516,6123040159,6980,10,True,nid004902,57783767
SEISMIC,n_postings=6000 summary_energy=0.5 centroid_fraction=0.1 max_fraction=6.0 doc_cut=15 query_cut=3 heap_factor=1.0,64,0.9436962750716332,0.9995702005730659,286.3074947820278,0.6164538189768791,0.0,0.08720044197980314,0.090633;0.087200;0.083911;0.086018;0.089169,12.492899997106468,80045.46584312803,,14.122421264648438,10828567151,6980,10,True,nid004902,57783767
SEISMIC,n_postings=2000 summary_energy=0.5 centroid_fraction=0.2 max_fraction=6.0 doc_cut=15 query_cut=5 heap_factor=0.9,64,0.9443982808022923,0.9995702005730659,128.621746613062,0.6751431790180504,0.0,0.06767265510279685,0.070288;0.067673;0.063679;0.067492;0.069375,9.69522279409697,103143.58125002137,,10.623363494873047,6960305618,6980,10,True,nid004902,57783767
SEISMIC,n_postings=6000 summary_energy=0.4 centroid_fraction=0.2 max_fraction=6.0 doc_cut=15 query_cut=6 heap_factor=0.9,64,0.9445272206303725,0.9997134670487106,328.1585805430077,0.6130696650361642,0.0,0.09406707203015685,0.097117;0.088083;0.094984;0.094067;0.088156,13.476657883976626,74202.37336357498,,13.680122375488281,10158345607,6980,10,True,nid004902,57783767
SEISMIC,n_postings=2000 summary_energy=0.4 centroid_fraction=0.05 max_fraction=6.0 doc_cut=15 query_cut=8 heap_factor=0.9,64,0.944570200573066,0.9994269340974212,121.51062352198642,4.388126604957506,0.0,0.11394625797402114,0.110510;0.113946;0.115281;0.108081;0.114614,16.324678792839705,61256.94800430731,,10.617252349853516,6123040159,6980,10,True,nid004902,57783767
SEISMIC,n_postings=2000 summary_energy=0.5 centroid_fraction=0.05 max_fraction=6.0 doc_cut=15 query_cut=5 heap_factor=1.0,64,0.9446275071633238,0.9991404011461318,121.59595555497799,0.6726014440646395,0.0,0.10311940696556121,0.099878;0.103119;0.105850;0.096251;0.105342,14.773554006527394,67688.51960456978,,10.62054443359375,6466387774,6980,10,True,nid004902,57783767
SEISMIC,n_postings=3000 summary_energy=0.4 centroid_fraction=0.1 max_fraction=6.0 doc_cut=15 query_cut=7 heap_factor=0.9,64,0.944785100286533,0.9994269340974212,166.56166284903884,0.6728109989780933,0.0,0.09201873396523297,0.094621;0.092019;0.086825;0.091451;0.093220,13.183199708486098,75854.11903881685,,10.622840881347656,7160610580,6980,10,True,nid004902,57783767
SEISMIC,n_postings=3000 summary_energy=0.5 centroid_fraction=0.2 max_fraction=6.0 doc_cut=15 query_cut=3 heap_factor=0.9,64,0.9458309455587393,0.9989971346704871,177.1851971799042,0.6746510470984504,0.0,0.06939649500418454,0.066522;0.069396;0.071001;0.062742;0.069601,9.94219126134449,100581.44866796388,,10.62612533569336,8135559998,6980,10,True,nid004902,57783767
SEISMIC,n_postings=2000 summary_energy=0.4 centroid_fraction=0.05 max_fraction=6.0 doc_cut=15 query_cut=10 heap_factor=0.9,64,0.9458739255014327,0.9995702005730659,121.51062352198642,4.388126604957506,0.0,0.12087201897520572,0.121669;0.114206;0.121318;0.120872;0.114182,17.31690816263692,57747.02912368657,,10.617252349853516,6123040159,6980,10,True,nid004902,57783767
SEISMIC,n_postings=3000 summary_energy=0.4 centroid_fraction=0.1 max_fraction=6.0 doc_cut=15 query_cut=8 heap_factor=0.9,64,0.9459742120343839,0.9994269340974212,166.56166284903884,0.6728109989780933,0.0,0.09503181895706803,0.090984;0.095032;0.096766;0.089068;0.096835,13.614873776084245,73449.08343965629,,10.622840881347656,7160610580,6980,10,True,nid004902,57783767
SEISMIC,n_postings=2000 summary_energy=0.5 centroid_fraction=0.2 max_fraction=6.0 doc_cut=15 query_cut=6 heap_factor=0.9,64,0.9468911174785101,0.9995702005730659,128.621746613062,0.6751431790180504,0.0,0.07158836396411061,0.073116;0.064306;0.072267;0.071588;0.065639,10.256212602308112,97501.87898551897,,10.623363494873047,6960305618,6980,10,True,nid004902,57783767
SEISMIC,n_postings=3000 summary_energy=0.5 centroid_fraction=0.05 max_fraction=6.0 doc_cut=15 query_cut=3 heap_factor=1.0,64,0.9471919770773639,0.9984240687679083,162.52711232099682,0.6755581670440733,0.0,0.10238729603588581,0.105993;0.102229;0.098067;0.102387;0.104889,14.668667053851836,68172.52012938767,,10.622322082519531,7367556756,6980,10,True,nid004902,57783767
SEISMIC,n_postings=3000 summary_energy=0.4 centroid_fraction=0.1 max_fraction=6.0 doc_cut=15 query_cut=10 heap_factor=0.9,64,0.9473925501432665,0.9994269340974212,166.56166284903884,0.6728109989780933,0.0,0.10160311101935804,0.103630;0.095318;0.102415;0.101603;0.095948,14.556319630280521,68698.68382937732,,10.622840881347656,7160610580,6980,10,True,nid004902,57783767
SEISMIC,n_postings=6000 summary_energy=0.4 centroid_fraction=0.2 max_fraction=6.0 doc_cut=15 query_cut=7 heap_factor=0.9,64,0.9476934097421204,0.9997134670487106,328.1585805430077,0.6130696650361642,0.0,0.10079460591077805,0.101653;0.100334;0.093876;0.100795;0.101196,14.440487952833532,69249.73749268484,,13.682788848876953,10158345607,6980,10,True,nid004902,57783767
SEISMIC,n_postings=6000 summary_energy=0.6 centroid_fraction=0.1 max_fraction=6.0 doc_cut=15 query_cut=2 heap_factor=1.0,64,0.9484097421203438,0.9977077363896848,291.4815624970943,0.6152477239957079,0.0,0.09038264490664005,0.087485;0.091464;0.091644;0.090383;0.084851,12.948802995220637,77227.21554796198,,15.63186264038086,12283379698,6980,10,True,nid004902,57783767
SEISMIC,n_postings=2000 summary_energy=0.5 centroid_fraction=0.2 max_fraction=6.0 doc_cut=15 query_cut=7 heap_factor=0.9,64,0.9486962750716332,0.9995702005730659,128.621746613062,0.6751431790180504,0.0,0.07384690502658486,0.075489;0.074330;0.068523;0.073202;0.073847,10.579785820427631,94519.87185498433,,10.623363494873047,6960305618,6980,10,True,nid004902,57783767
SEISMIC,n_postings=2000 summary_energy=0.6 centroid_fraction=0.05 max_fraction=6.0 doc_cut=15 query_cut=3 heap_factor=1.0,64,0.949512893982808,0.9969914040114614,122.11319702595938,0.6780578430043533,0.0,0.10982422193046659,0.112318;0.109792;0.105394;0.109824;0.111492,15.734129216399227,63556.1069981381,,10.622798919677734,6863379172,6980,10,True,nid004902,57783767
SEISMIC,n_postings=2000 summary_energy=0.5 centroid_fraction=0.2 max_fraction=6.0 doc_cut=15 query_cut=8 heap_factor=0.9,64,0.949727793696275,0.9997134670487106,128.621746613062,0.6751431790180504,0.0,0.07582905993331224,0.071736;0.075829;0.076993;0.069744;0.076224,10.86376216809631,92049.14324585523,,10.623363494873047,6960305618,6980,10,True,nid004902,57783767
SEISMIC,n_postings=6000 summary_energy=0.4 centroid_fraction=0.2 max_fraction=6.0 doc_cut=15 query_cut=8 heap_factor=0.9,64,0.949756446991404,0.9997134670487106,328.1585805430077,0.6130696650361642,0.0,0.10574895096942782,0.102884;0.105749;0.107624;0.099771;0.106699,15.150279508514014,66005.38289990157,,13.686492919921875,10158345607,6980,10,True,nid004902,57783767
SEISMIC,n_postings=2000 summary_energy=0.5 centroid_fraction=0.05 max_fraction=6.0 doc_cut=15 query_cut=3 heap_factor=0.9,64,0.9499570200573066,0.9969914040114614,121.59595555497799,0.6726014440646395,0.0,0.1165683310246095,0.113733;0.116568;0.119226;0.109865;0.119203,16.700333957680446,59879.042091856034,,10.62054443359375,6466387774,6980,10,True,nid004902,57783767
SEISMIC,n_postings=2000 summary_energy=0.4 centroid_fraction=0.2 max_fraction=6.0 doc_cut=15 query_cut=10 heap_factor=0.8,64,0.9500143266475645,0.9994269340974212,128.27128627488855,0.6795510560041294,0.0,0.08598721807356924,0.086642;0.085998;0.079815;0.085987;0.085382,12.31908568389244,81174.85547710158,,10.620685577392578,6502643185,6980,10,True,nid004902,57783767
SEISMIC,n_postings=6000 summary_energy=0.4 centroid_fraction=0.05 max_fraction=6.0 doc_cut=15 query_cut=5 heap_factor=1.0,64,0.9504297994269341,0.9998567335243553,274.5992281559156,0.6912360879359767,0.0,0.11731015995610505,0.112893;0.118532;0.118095;0.110866;0.117310,16.806613174227085,59500.387712468946,,12.029327392578125,8976504461,6980,10,True,nid004902,57783767
SEISMIC,n_postings=2000 summary_energy=0.4 centroid_fraction=0.2 max_fraction=6.0 doc_cut=15 query_cut=12 heap_factor=0.8,64,0.9508739255014327,0.9994269340974212,128.27128627488855,0.6795510560041294,0.0,0.0910661369562149,0.092251;0.091066;0.084991;0.090855;0.091119,13.0467244922944,76647.59078729805,,10.620685577392578,6502643185,6980,10,True,nid004902,57783767
SEISMIC,n_postings=2000 summary_energy=0.5 centroid_fraction=0.2 max_fraction=6.0 doc_cut=15 query_cut=10 heap_factor=0.9,64,0.9513037249283668,0.9998567335243553,128.621746613062,0.6751431790180504,0.0,0.08014169195666909,0.081816;0.073964;0.081610;0.080142;0.073994,11.481617758835114,87095.74042651779,,10.623363494873047,6960305618,6980,10,True,nid004902,57783767
SEISMIC,n_postings=2000 summary_energy=0.4 centroid_fraction=0.2 max_fraction=6.0 doc_cut=15 query_cut=14 heap_factor=0.8,64,0.9515759312320917,0.9995702005730659,128.27128627488855,0.6795510560041294,0.0,0.09330465004313737,0.088661;0.094019;0.093669;0.087474;0.093305,13.367428372942317,74808.70456909649,,10.620685577392578,6502643185,6980,10,True,nid004902,57783767
SEISMIC,n_postings=6000 summary_energy=0.4 centroid_fraction=0.2 max_fraction=6.0 doc_cut=15 query_cut=10 heap_factor=0.9,64,0.9524785100286532,0.9997134670487106,328.1585805430077,0.6130696650361642,0.0,0.11657577496953309,0.118377;0.111059;0.116576;0.117644;0.110626,16.70140042543454,59875.218516233006,,13.690643310546875,10158345607,6980,10,True,nid004902,57783767
SEISMIC,n_postings=2000 summary_energy=0.6 centroid_fraction=0.2 max_fraction=6.0 doc_cut=15 query_cut=3 heap_factor=0.9,64,0.9528223495702006,0.997134670487106,129.7284179100534,0.685932709951885,0.0,0.07006966695189476,0.067724;0.070070;0.073240;0.063631;0.072988,10.03863423379581,99615.14452169454,,10.624176025390625,7498989408,6980,10,True,nid004902,57783767
SEISMIC,n_postings=2000 summary_energy=0.5 centroid_fraction=0.1 max_fraction=6.0 doc_cut=15 query_cut=4 heap_factor=0.9,64,0.9529226361031519,0.9991404011461318,124.30024965305347,0.6756014070706442,0.0,0.08585782500449568,0.088944;0.078919;0.087096;0.085858;0.080701,12.30054799491342,81297.19102055652,,10.624202728271484,6725488309,6980,10,True,nid004902,57783767
SEISMIC,n_postings=2000 summary_energy=0.4 centroid_fraction=0.2 max_fraction=6.0 doc_cut=15 query_cut=20 heap_factor=0.8,64,0.9534383954154728,0.9995702005730659,128.27128627488855,0.6795510560041294,0.0,0.10461523698177189,0.106101;0.100108;0.106512;0.098694;0.104615,14.987856301113451,66720.68239176471,,10.620685577392578,6502643185,6980,10,True,nid004902,57783767
SEISMIC,n_postings=3000 summary_energy=0.4 centroid_fraction=0.05 max_fraction=6.0 doc_cut=15 query_cut=4 heap_factor=0.9,64,0.9543696275071634,0.9997134670487106,162.07781643501949,0.6717430209973827,0.0,0.11481964099220932,0.116454;0.109007;0.114881;0.114820;0.108407,16.449805299743456,60790.993071242956,,10.62363052368164,6851761907,6980,10,True,nid004902,57783767
SEISMIC,n_postings=2000 summary_energy=0.6 centroid_fraction=0.1 max_fraction=6.0 doc_cut=15 query_cut=5 heap_factor=1.0,64,0.9544412607449857,0.9992836676217765,123.90327531599905,0.6835632720030844,0.0,0.08574286801740527,0.081036;0.085743;0.087503;0.079204;0.087012,12.284078512522244,81406.18760948261,,10.620681762695312,7198204315,6980,10,True,nid004902,57783767
SEISMIC,n_postings=3000 summary_energy=0.6 centroid_fraction=0.2 max_fraction=6.0 doc_cut=15 query_cut=5 heap_factor=1.0,64,0.9552148997134671,0.9997134670487106,176.91344574803952,0.6696617860579863,0.0,0.07546811597421765,0.071555;0.075468;0.076877;0.069105;0.076508,10.812050999171584,92489.38985550658,,10.777881622314453,8956796707,6980,10,True,nid004902,57783767
SEISMIC,n_postings=2000 summary_energy=0.4 centroid_fraction=0.2 max_fraction=6.0 doc_cut=15 query_cut=30 heap_factor=0.8,64,0.9552578796561605,0.9997134670487106,128.27128627488855,0.6795510560041294,0.0,0.12362655496690422,0.118709;0.124039;0.123627;0.123880;0.116854,17.711540826204043,56460.36162593546,,10.620685577392578,6502643185,6980,10,True,nid004902,57783767
SEISMIC,n_postings=6000 summary_energy=0.4 centroid_fraction=0.1 max_fraction=6.0 doc_cut=15 query_cut=4 heap_factor=0.9,64,0.9563896848137535,0.9998567335243553,286.48011370608583,4.549541249056347,0.0,0.1000989240128547,0.103400;0.093580;0.101925;0.100099;0.094389,14.340820059148237,69731.0192775262,,12.703571319580078,9593816020,6980,10,True,nid004902,57783767
SEISMIC,n_postings=6000 summary_energy=0.6 centroid_fraction=0.2 max_fraction=6.0 doc_cut=15 query_cut=3 heap_factor=1.0,64,0.956432664756447,0.9998567335243553,323.33568878204096,0.6166868850123137,0.0,0.08096151903737336,0.083061;0.081135;0.075142;0.080962;0.080844,11.599071495325697,86213.79740636908,,16.608200073242188,13225762086,6980,10,True,nid004902,57783767
SEISMIC,n_postings=2000 summary_energy=0.6 centroid_fraction=0.1 max_fraction=6.0 doc_cut=15 query_cut=3 heap_factor=0.9,64,0.9572206303724928,0.997134670487106,123.90327531599905,0.6835632720030844,0.0,0.0964664249913767,0.092986;0.096466;0.098059;0.088933;0.097649,13.820404726558268,72356.78113523907,,10.620681762695312,7198204315,6980,10,True,nid004902,57783767
SEISMIC,n_postings=3000 summary_energy=0.5 centroid_fraction=0.2 max_fraction=6.0 doc_cut=15 query_cut=4 heap_factor=0.9,64,0.9575501432664757,0.9997134670487106,177.1851971799042,0.6746510470984504,0.0,0.07540406298357993,0.078548;0.069417;0.076572;0.075404;0.069331,10.802874352948415,92567.95620575474,,10.62612533569336,8135559998,6980,10,True,nid004902,57783767
SEISMIC,n_postings=2000 summary_energy=0.5 centroid_fraction=0.1 max_fraction=6.0 doc_cut=15 query_cut=5 heap_factor=0.9,64,0.9578223495702006,0.9992836676217765,124.30024965305347,0.6756014070706442,0.0,0.0903566520428285,0.092840;0.090357;0.086062;0.090163;0.092236,12.945079089230443,77249.4314717584,,10.624202728271484,6725488309,6980,10,True,nid004902,57783767
SEISMIC,n_postings=3000 summary_energy=0.6 centroid_fraction=0.1 max_fraction=6.0 doc_cut=15 query_cut=3 heap_factor=1.0,64,0.9592263610315186,0.9991404011461318,167.25350571796298,0.6769985699793324,0.0,0.08417434908915311,0.087439;0.084174;0.079010;0.083891;0.087468,12.059362333689558,82923.12415278847,,10.62249755859375,8492482423,6980,10,True,nid004902,57783767
SEISMIC,n_postings=3000 summary_energy=0.4 centroid_fraction=0.05 max_fraction=6.0 doc_cut=15 query_cut=5 heap_factor=0.9,64,0.9593982808022923,0.9998567335243553,162.07781643501949,0.6717430209973827,0.0,0.12471512996125966,0.127157;0.124377;0.119530;0.124715;0.126016,17.867497129120295,55967.547820125765,,10.62363052368164,6851761907,6980,10,True,nid004902,57783767
SEISMIC,n_postings=2000 summary_energy=0.5 centroid_fraction=0.1 max_fraction=6.0 doc_cut=15 query_cut=6 heap_factor=0.9,64,0.9599856733524356,0.9992836676217765,124.30024965305347,0.6756014070706442,0.0,0.0948750659590587,0.097034;0.087581;0.096242;0.094875;0.089506,13.592416326512708,73570.43633584476,,10.624202728271484,6725488309,6980,10,True,nid004902,57783767
SEISMIC,n_postings=2000 summary_energy=0.6 centroid_fraction=0.05 max_fraction=6.0 doc_cut=15 query_cut=3 heap_factor=0.9,64,0.9604297994269341,0.9969914040114614,122.11319702595938,0.6780578430043533,0.0,0.1474126729881391,0.143678;0.147413;0.149656;0.140259;0.149642,21.119294124375227,47350.067389128846,,10.622798919677734,6863379172,6980,10,True,nid004902,57783767
SEISMIC,n_postings=2000 summary_energy=0.4 centroid_fraction=0.1 max_fraction=6.0 doc_cut=15 query_cut=10 heap_factor=0.8,64,0.9606446991404012,0.9995702005730659,125.94323570095003,0.6757682339521125,0.0,0.11108040111139417,0.112077;0.111080;0.105157;0.110523;0.112569,15.914097580428963,62837.36761987638,,10.62615966796875,6321002584,6980,10,True,nid004902,57783767
SEISMIC,n_postings=3000 summary_energy=0.5 centroid_fraction=0.1 max_fraction=6.0 doc_cut=15 query_cut=3 heap_factor=0.9,64,0.9609742120343839,0.9988538681948425,166.68915670190472,0.6707264808937907,0.0,0.090736094978638,0.087265;0.090736;0.093815;0.084126;0.091766,12.999440541352149,76926.38747174763,,10.623851776123047,7773717347,6980,10,True,nid004902,57783767
SEISMIC,n_postings=3000 summary_energy=0.4 centroid_fraction=0.05 max_fraction=6.0 doc_cut=15 query_cut=6 heap_factor=0.9,64,0.9614183381088826,0.9998567335243553,162.07781643501949,0.6717430209973827,0.0,0.1309031950077042,0.133215;0.125143;0.132283;0.130903;0.125579,18.754039399384556,53321.8459609729,,10.62363052368164,6851761907,6980,10,True,nid004902,57783767
SEISMIC,n_postings=2000 summary_energy=0.5 centroid_fraction=0.1 max_fraction=6.0 doc_cut=15 query_cut=7 heap_factor=0.9,64,0.9614899713467049,0.9992836676217765,124.30024965305347,0.6756014070706442,0.0,0.09851743502076715,0.099607;0.098517;0.092702;0.097748;0.098988,14.114245704980968,70850.403266474,,10.624202728271484,6725488309,6980,10,True,nid004902,57783767
SEISMIC,n_postings=2000 summary_energy=0.4 centroid_fraction=0.1 max_fraction=6.0 doc_cut=15 query_cut=12 heap_factor=0.8,64,0.9615329512893983,0.9995702005730659,125.94323570095003,0.6757682339521125,0.0,0.11809926305431873,0.119665;0.118367;0.111376;0.118099;0.117801,16.919665194028468,59102.82434861266,,10.62615966796875,6321002584,6980,10,True,nid004902,57783767
SEISMIC,n_postings=3000 summary_energy=0.5 centroid_fraction=0.2 max_fraction=6.0 doc_cut=15 query_cut=5 heap_factor=0.9,64,0.9619914040114613,0.9997134670487106,177.1851971799042,0.6746510470984504,0.0,0.0814204280031845,0.084609;0.081420;0.076493;0.080367;0.082666,11.664817765499212,85727.8716310236,,10.62612533569336,8135559998,6980,10,True,nid004902,57783767
SEISMIC,n_postings=2000 summary_energy=0.4 centroid_fraction=0.1 max_fraction=6.0 doc_cut=15 query_cut=14 heap_factor=0.8,64,0.9621203438395416,0.9995702005730659,125.94323570095003,0.6757682339521125,0.0,0.1208840620238334,0.116343;0.121942;0.120884;0.115971;0.122350,17.31863352776983,57741.27608835505,,10.62615966796875,6321002584,6980,10,True,nid004902,57783767
SEISMIC,n_postings=2000 summary_energy=0.5 centroid_fraction=0.1 max_fraction=6.0 doc_cut=15 query_cut=8 heap_factor=0.9,64,0.9624355300859598,0.9994269340974212,124.30024965305347,0.6756014070706442,0.0,0.10165550699457526,0.097032;0.101656;0.102381;0.095016;0.102298,14.56382621698786,68663.27468488726,,10.624202728271484,6725488309,6980,10,True,nid004902,57783767
SEISMIC,n_postings=2000 summary_energy=0.5 centroid_fraction=0.05 max_fraction=6.0 doc_cut=15 query_cut=4 heap_factor=0.9,64,0.9625644699140401,0.9992836676217765,121.59595555497799,0.6726014440646395,0.0,0.12909474200569093,0.133854;0.122965;0.132138;0.129095;0.124688,18.494948711417038,54068.81714587801,,10.62054443359375,6466387774,6980,10,True,nid004902,57783767
SEISMIC,n_postings=6000 summary_energy=0.5 centroid_fraction=0.1 max_fraction=6.0 doc_cut=15 query_cut=5 heap_factor=1.0,64,0.9626934097421204,0.9997134670487106,286.3074947820278,0.6164538189768791,0.0,0.10730136802885681,0.104645;0.107301;0.109962;0.100682;0.110080,15.372688829349116,65050.42878971359,,14.148651123046875,10828567151,6980,10,True,nid004902,57783767
SEISMIC,n_postings=3000 summary_energy=0.4 centroid_fraction=0.05 max_fraction=6.0 doc_cut=15 query_cut=7 heap_factor=0.9,64,0.9629226361031519,0.9998567335243553,162.07781643501949,0.6717430209973827,0.0,0.13713719707448035,0.137137;0.137578;0.130820;0.137067;0.137438,19.647162904653346,50897.93395885949,,10.62363052368164,6851761907,6980,10,True,nid004902,57783767
SEISMIC,n_postings=6000 summary_energy=0.4 centroid_fraction=0.1 max_fraction=6.0 doc_cut=15 query_cut=5 heap_factor=0.9,64,0.9629512893982808,1.0,286.48011370608583,4.549541249056347,0.0,0.11059109796769917,0.113499;0.110591;0.105290;0.110010;0.111700,15.843996843509908,63115.38747936727,,12.705322265625,9593816020,6980,10,True,nid004902,57783767
SEISMIC,n_postings=6000 summary_energy=0.4 centroid_fraction=0.05 max_fraction=6.0 doc_cut=15 query_cut=3 heap_factor=0.9,64,0.9629656160458453,0.9998567335243553,274.5992281559156,0.6912360879359767,0.0,0.1315694759832695,0.128664;0.131569;0.132930;0.123686;0.131692,18.84949512654291,53051.8188039875,,12.012203216552734,8976504461,6980,10,True,nid004902,57783767
SEISMIC,n_postings=2000 summary_energy=0.4 centroid_fraction=0.1 max_fraction=6.0 doc_cut=15 query_cut=20 heap_factor=0.8,64,0.9636676217765043,0.9997134670487106,125.94323570095003,0.6757682339521125,0.0,0.13564108998980373,0.137495;0.130132;0.135728;0.130229;0.135641,19.432820915444662,51459.332865319004,,10.62615966796875,6321002584,6980,10,True,nid004902,57783767
SEISMIC,n_postings=6000 summary_energy=0.6 centroid_fraction=0.05 max_fraction=6.0 doc_cut=15 query_cut=2 heap_factor=1.0,64,0.9636819484240687,0.9978510028653295,276.41479485097807,0.6214352559763938,0.0,0.14863348996732384,0.144452;0.148633;0.149061;0.150314;0.144310,21.294196270390238,46961.1525742584,,14.69158935546875,11225826025,6980,10,True,nid004902,57783767
SEISMIC,n_postings=2000 summary_energy=0.5 centroid_fraction=0.1 max_fraction=6.0 doc_cut=15 query_cut=10 heap_factor=0.9,64,0.9639111747851002,0.9995702005730659,124.30024965305347,0.6756014070706442,0.0,0.10747005301527679,0.108266;0.101022;0.107790;0.107470;0.099823,15.396855732847676,64948.32564200743,,10.624202728271484,6725488309,6980,10,True,nid004902,57783767
SEISMIC,n_postings=3000 summary_energy=0.5 centroid_fraction=0.2 max_fraction=6.0 doc_cut=15 query_cut=6 heap_factor=0.9,64,0.9639255014326648,0.9998567335243553,177.1851971799042,0.6746510470984504,0.0,0.08689590194262564,0.087978;0.080887;0.087176;0.086896;0.081150,12.44926961928734,80325.99747464102,,10.62612533569336,8135559998,6980,10,True,nid004902,57783767
SEISMIC,n_postings=3000 summary_energy=0.4 centroid_fraction=0.05 max_fraction=6.0 doc_cut=15 query_cut=8 heap_factor=0.9,64,0.9639541547277937,0.9998567335243553,162.07781643501949,0.6717430209973827,0.0,0.14217293402180076,0.138245;0.142173;0.144371;0.136567;0.144736,20.368615189369738,49095.139296553374,,10.62363052368164,6851761907,6980,10,True,nid004902,57783767
SEISMIC,n_postings=6000 summary_energy=0.5 centroid_fraction=0.2 max_fraction=6.0 doc_cut=15 query_cut=3 heap_factor=0.9,64,0.9643982808022923,0.9998567335243553,328.95050867891405,0.6148902700515464,0.0,0.0844319500029087,0.083191;0.084432;0.088399;0.078684;0.087729,12.096267908726176,82670.12664944417,,14.901554107666016,11561845608,6980,10,True,nid004902,57783767
SEISMIC,n_postings=3000 summary_energy=0.5 centroid_fraction=0.05 max_fraction=6.0 doc_cut=15 query_cut=5 heap_factor=1.0,64,0.9645558739255015,0.9995702005730659,162.52711232099682,0.6755581670440733,0.0,0.1252295250305906,0.120746;0.125230;0.125991;0.118667;0.126126,17.941192697792346,55737.65450515725,,10.622322082519531,7367556756,6980,10,True,nid004902,57783767
SEISMIC,n_postings=2000 summary_energy=0.6 centroid_fraction=0.2 max_fraction=6.0 doc_cut=15 query_cut=4 heap_factor=0.9,64,0.9648280802292264,0.9994269340974212,129.7284179100534,0.685932709951885,0.0,0.07701653696130961,0.079032;0.069716;0.077564;0.077017;0.070718,11.033887816806535,90629.88645550897,,10.624176025390625,7498989408,6980,10,True,nid004902,57783767
SEISMIC,n_postings=3000 summary_energy=0.4 centroid_fraction=0.05 max_fraction=6.0 doc_cut=15 query_cut=10 heap_factor=0.9,64,0.9650143266475645,0.9998567335243553,162.07781643501949,0.6717430209973827,0.0,0.1517676009098068,0.152496;0.145948;0.152984;0.151768;0.145474,21.74320929939925,45991.37074155972,,10.62363052368164,6851761907,6980,10,True,nid004902,57783767
SEISMIC,n_postings=3000 summary_energy=0.5 centroid_fraction=0.2 max_fraction=6.0 doc_cut=15 query_cut=7 heap_factor=0.9,64,0.965243553008596,0.9998567335243553,177.1851971799042,0.6746510470984504,0.0,0.09048170794267207,0.091195;0.091484;0.084061;0.090482;0.089905,12.96299540725961,77142.6640666689,,10.62612533569336,8135559998,6980,10,True,nid004902,57783767
SEISMIC,n_postings=2000 summary_energy=0.4 centroid_fraction=0.1 max_fraction=6.0 doc_cut=15 query_cut=30 heap_factor=0.8,64,0.9652578796561605,0.9997134670487106,125.94323570095003,0.6757682339521125,0.0,0.15624977299012244,0.151073;0.156250;0.157292;0.157120;0.150737,22.385354296579145,44672.0649023999,,10.62615966796875,6321002584,6980,10,True,nid004902,57783767
SEISMIC,n_postings=3000 summary_energy=0.4 centroid_fraction=0.2 max_fraction=6.0 doc_cut=15 query_cut=10 heap_factor=0.8,64,0.9652722063037249,0.9998567335243553,180.09912425896619,0.6869613419985399,0.0,0.10626481904182583,0.108274;0.106265;0.100514;0.106286;0.105991,15.224186109144103,65684.95634714884,,10.626106262207031,7439926880,6980,10,True,nid004902,57783767
SEISMIC,n_postings=3000 summary_energy=0.4 centroid_fraction=0.2 max_fraction=6.0 doc_cut=15 query_cut=12 heap_factor=0.8,64,0.9660601719197708,0.9998567335243553,180.09912425896619,0.6869613419985399,0.0,0.1132381489733234,0.114330;0.112814;0.106648;0.113238;0.113431,16.223230511937448,61640.0043914913,,10.626106262207031,7439926880,6980,10,True,nid004902,57783767
SEISMIC,n_postings=3000 summary_energy=0.5 centroid_fraction=0.2 max_fraction=6.0 doc_cut=15 query_cut=8 heap_factor=0.9,64,0.96621776504298,0.9998567335243553,177.1851971799042,0.6746510470984504,0.0,0.09437280206475407,0.089567;0.095104;0.095638;0.088700;0.094373,13.520458748532102,73961.98742949966,,10.62612533569336,8135559998,6980,10,True,nid004902,57783767
SEISMIC,n_postings=3000 summary_energy=0.4 centroid_fraction=0.2 max_fraction=6.0 doc_cut=15 query_cut=14 heap_factor=0.8,64,0.9664899713467049,0.9998567335243553,180.09912425896619,0.6869613419985399,0.0,0.11799171997699887,0.112856;0.120073;0.119603;0.111949;0.117992,16.90425787636087,59156.69337950723,,10.626106262207031,7439926880,6980,10,True,nid004902,57783767
SEISMIC,n_postings=6000 summary_energy=0.4 centroid_fraction=0.1 max_fraction=6.0 doc_cut=15 query_cut=6 heap_factor=0.9,64,0.9667191977077364,1.0,286.48011370608583,4.549541249056347,0.0,0.11979100794997066,0.121418;0.114299;0.120884;0.119791;0.113231,17.162035522918433,58268.14649489481,,12.716957092285156,9593816020,6980,10,True,nid004902,57783767
SEISMIC,n_postings=2000 summary_energy=0.6 centroid_fraction=0.05 max_fraction=6.0 doc_cut=15 query_cut=5 heap_factor=1.0,64,0.9667478510028653,0.9994269340974212,122.11319702595938,0.6780578430043533,0.0,0.13008675700984895,0.125567;0.130087;0.133052;0.123851;0.131871,18.63707120484942,53656.49940425173,,10.622798919677734,6863379172,6980,10,True,nid004902,57783767
SEISMIC,n_postings=2000 summary_energy=0.5 centroid_fraction=0.05 max_fraction=6.0 doc_cut=15 query_cut=5 heap_factor=0.9,64,0.9668767908309456,0.9994269340974212,121.59595555497799,0.6726014440646395,0.0,0.13815822394099087,0.141852;0.138158;0.134350;0.138061;0.140107,19.793441825356858,50521.78437804214,,10.62054443359375,6466387774,6980,10,True,nid004902,57783767
SEISMIC,n_postings=3000 summary_energy=0.5 centroid_fraction=0.2 max_fraction=6.0 doc_cut=15 query_cut=10 heap_factor=0.9,64,0.9674355300859598,0.9998567335243553,177.1851971799042,0.6746510470984504,0.0,0.10059524700045586,0.100933;0.095175;0.100595;0.100763;0.093851,14.411926504363302,69386.97610602189,,10.62612533569336,8135559998,6980,10,True,nid004902,57783767
SEISMIC,n_postings=6000 summary_energy=0.5 centroid_fraction=0.05 max_fraction=6.0 doc_cut=15 query_cut=3 heap_factor=1.0,64,0.9674785100286533,0.9998567335243553,275.6321060321061,0.6137457409640774,0.0,0.13561422389466316,0.136812;0.135614;0.129775;0.133730;0.136400,19.428971904679532,51469.52730726563,,13.119834899902344,10013978196,6980,10,True,nid004902,57783767
SEISMIC,n_postings=3000 summary_energy=0.4 centroid_fraction=0.2 max_fraction=6.0 doc_cut=15 query_cut=20 heap_factor=0.8,64,0.9677793696275072,0.9998567335243553,180.09912425896619,0.6869613419985399,0.0,0.1337325859349221,0.135849;0.128738;0.135315;0.128407;0.133733,19.15939626574815,52193.71143691678,,10.626106262207031,7439926880,6980,10,True,nid004902,57783767
SEISMIC,n_postings=2000 summary_energy=0.4 centroid_fraction=0.05 max_fraction=6.0 doc_cut=15 query_cut=10 heap_factor=0.8,64,0.9685100286532952,0.9997134670487106,121.51062352198642,4.388126604957506,0.0,0.1687723359791562,0.169264;0.168358;0.162189;0.168772;0.169457,24.17941776205676,41357.48882957955,,10.617252349853516,6123040159,6980,10,True,nid004902,57783767
SEISMIC,n_postings=3000 summary_energy=0.4 centroid_fraction=0.2 max_fraction=6.0 doc_cut=15 query_cut=30 heap_factor=0.8,64,0.9688681948424068,0.9998567335243553,180.09912425896619,0.6869613419985399,0.0,0.16000599099788815,0.154092;0.160967;0.160491;0.160006;0.153057,22.923494412304894,43623.366578143476,,10.626106262207031,7439926880,6980,10,True,nid004902,57783767
SEISMIC,n_postings=2000 summary_energy=0.5 centroid_fraction=0.05 max_fraction=6.0 doc_cut=15 query_cut=6 heap_factor=0.9,64,0.9689828080229226,0.9995702005730659,121.59595555497799,0.6726014440646395,0.0,0.1448632141109556,0.147399;0.137750;0.145482;0.144863;0.139028,20.754042136240056,48183.38487681064,,10.62054443359375,6466387774,6980,10,True,nid004902,57783767
SEISMIC,n_postings=6000 summary_energy=0.4 centroid_fraction=0.1 max_fraction=6.0 doc_cut=15 query_cut=7 heap_factor=0.9,64,0.9690114613180516,1.0,286.48011370608583,4.549541249056347,0.0,0.1282385679660365,0.128543;0.128239;0.121502;0.128469;0.128024,18.372287674217265,54429.803067113375,,12.718963623046875,9593816020,6980,10,True,nid004902,57783767
SEISMIC,n_postings=2000 summary_energy=0.6 centroid_fraction=0.1 max_fraction=6.0 doc_cut=15 query_cut=4 heap_factor=0.9,64,0.969054441260745,0.9994269340974212,123.90327531599905,0.6835632720030844,0.0,0.10465436498634517,0.107555;0.098696;0.106173;0.104654;0.099438,14.993462032427674,66695.73697103527,,10.620681762695312,7198204315,6980,10,True,nid004902,57783767
SEISMIC,n_postings=2000 summary_energy=0.6 centroid_fraction=0.2 max_fraction=6.0 doc_cut=15 query_cut=5 heap_factor=0.9,64,0.9691690544412608,0.9995702005730659,129.7284179100534,0.685932709951885,0.0,0.08140024601016194,0.083248;0.081385;0.077173;0.081400;0.083727,11.661926362487383,85749.12659512875,,10.624176025390625,7498989408,6980,10,True,nid004902,57783767
SEISMIC,n_postings=2000 summary_energy=0.4 centroid_fraction=0.05 max_fraction=6.0 doc_cut=15 query_cut=12 heap_factor=0.8,64,0.9692836676217765,0.9997134670487106,121.51062352198642,4.388126604957506,0.0,0.1761784409172833,0.176178;0.176355;0.169043;0.175545;0.177020,25.240464314797034,39618.92251775089,,10.617252349853516,6123040159,6980,10,True,nid004902,57783767
SEISMIC,n_postings=2000 summary_energy=0.4 centroid_fraction=0.05 max_fraction=6.0 doc_cut=15 query_cut=14 heap_factor=0.8,64,0.9699426934097422,0.9997134670487106,121.51062352198642,4.388126604957506,0.0,0.18314379698131233,0.177499;0.183994;0.183144;0.177291;0.183302,26.238366329700906,38112.12891208228,,10.617252349853516,6123040159,6980,10,True,nid004902,57783767
SEISMIC,n_postings=3000 summary_energy=0.5 centroid_fraction=0.05 max_fraction=6.0 doc_cut=15 query_cut=3 heap_factor=0.9,64,0.9703868194842407,0.9992836676217765,162.52711232099682,0.6755581670440733,0.0,0.141195127973333,0.139106;0.141195;0.143157;0.135365;0.142934,20.228528362941688,49435.1334935458,,10.622322082519531,7367556756,6980,10,True,nid004902,57783767
SEISMIC,n_postings=2000 summary_energy=0.5 centroid_fraction=0.05 max_fraction=6.0 doc_cut=15 query_cut=7 heap_factor=0.9,64,0.9704727793696275,0.9995702005730659,121.59595555497799,0.6726014440646395,0.0,0.15068186109419912,0.153321;0.150682;0.146495;0.149840;0.152441,21.587659182550016,46322.76207178272,,10.62054443359375,6466387774,6980,10,True,nid004902,57783767
SEISMIC,n_postings=6000 summary_energy=0.4 centroid_fraction=0.1 max_fraction=6.0 doc_cut=15 query_cut=8 heap_factor=0.9,64,0.970487106017192,1.0,286.48011370608583,4.549541249056347,0.0,0.1351453100796789,0.130582;0.135995;0.135834;0.128629;0.135145,19.36179227502563,51648.11117666411,,12.724815368652344,9593816020,6980,10,True,nid004902,57783767
SEISMIC,n_postings=3000 summary_energy=0.6 centroid_fraction=0.05 max_fraction=6.0 doc_cut=15 query_cut=3 heap_factor=1.0,64,0.970702005730659,0.9992836676217765,162.2555030999938,0.6747279760893434,0.0,0.13435402198228985,0.136387;0.135522;0.128030;0.134256;0.134354,19.248427218093102,51952.29660426603,,10.626129150390625,7966466838,6980,10,True,nid004902,57783767
SEISMIC,n_postings=2000 summary_energy=0.6 centroid_fraction=0.2 max_fraction=6.0 doc_cut=15 query_cut=6 heap_factor=0.9,64,0.9710888252148997,0.9995702005730659,129.7284179100534,0.685932709951885,0.0,0.08558927499689162,0.087243;0.079403;0.087031;0.085589;0.080147,12.26207378178963,81552.27392980599,,10.624176025390625,7498989408,6980,10,True,nid004902,57783767
SEISMIC,n_postings=3000 summary_energy=0.5 centroid_fraction=0.1 max_fraction=6.0 doc_cut=15 query_cut=4 heap_factor=0.9,64,0.9712607449856734,0.9997134670487106,166.68915670190472,0.6707264808937907,0.0,0.0997811600100249,0.104386;0.094399;0.101435;0.099781;0.095203,14.295295130376061,69953.0853249123,,10.623851776123047,7773717347,6980,10,True,nid004902,57783767
SEISMIC,n_postings=2000 summary_energy=0.5 centroid_fraction=0.05 max_fraction=6.0 doc_cut=15 query_cut=8 heap_factor=0.9,64,0.9715329512893983,0.9997134670487106,121.59595555497799,0.6726014440646395,0.0,0.15603404899593443,0.149949;0.156034;0.156043;0.148678;0.156199,22.35444828021983,44733.82601371749,,10.62054443359375,6466387774,6980,10,True,nid004902,57783767
SEISMIC,n_postings=2000 summary_energy=0.4 centroid_fraction=0.05 max_fraction=6.0 doc_cut=15 query_cut=20 heap_factor=0.8,64,0.9717048710601719,0.9997134670487106,121.51062352198642,4.388126604957506,0.0,0.2045667270431295,0.205468;0.199170;0.204567;0.198913;0.204846,29.307554017640328,34120.8959095698,,10.617252349853516,6123040159,6980,10,True,nid004902,57783767
SEISMIC,n_postings=6000 summary_energy=0.6 centroid_fraction=0.2 max_fraction=6.0 doc_cut=15 query_cut=5 heap_factor=1.0,64,0.9719627507163324,1.0,323.33568878204096,0.6166868850123137,0.0,0.10173247696366161,0.097695;0.101774;0.103471;0.095403;0.101732,14.574853433189343,68611.3246067254,,16.631271362304688,13225762086,6980,10,True,nid004902,57783767
SEISMIC,n_postings=2000 summary_energy=0.6 centroid_fraction=0.05 max_fraction=6.0 doc_cut=15 query_cut=4 heap_factor=0.9,64,0.9719770773638968,0.9992836676217765,122.11319702595938,0.6780578430043533,0.0,0.16381862002890557,0.166819;0.157684;0.165714;0.163819;0.159449,23.469716336519426,42608.09912065179,,10.622798919677734,6863379172,6980,10,True,nid004902,57783767
SEISMIC,n_postings=6000 summary_energy=0.4 centroid_fraction=0.1 max_fraction=6.0 doc_cut=15 query_cut=10 heap_factor=0.9,64,0.9720773638968482,1.0,286.48011370608583,4.549541249056347,0.0,0.14753985905554146,0.147540;0.141832;0.148856;0.148336;0.141991,21.137515624003072,47309.2494779487,,12.730518341064453,9593816020,6980,10,True,nid004902,57783767
SEISMIC,n_postings=3000 summary_energy=0.6 centroid_fraction=0.2 max_fraction=6.0 doc_cut=15 query_cut=3 heap_factor=0.9,64,0.9724928366762178,0.9991404011461318,176.91344574803952,0.6696617860579863,0.0,0.08138388791121542,0.079717;0.081384;0.084813;0.075322;0.083261,11.65958279530307,85766.36210369712,,10.753227233886719,8956796707,6980,10,True,nid004902,57783767
SEISMIC,n_postings=2000 summary_energy=0.6 centroid_fraction=0.2 max_fraction=6.0 doc_cut=15 query_cut=7 heap_factor=0.9,64,0.9725358166189112,0.9995702005730659,129.7284179100534,0.685932709951885,0.0,0.08807204803451896,0.088971;0.088072;0.082214;0.087742;0.088658,12.617771924716182,79253.29495306229,,10.624176025390625,7498989408,6980,10,True,nid004902,57783767
SEISMIC,n_postings=2000 summary_energy=0.5 centroid_fraction=0.05 max_fraction=6.0 doc_cut=15 query_cut=10 heap_factor=0.9,64,0.9729226361031519,0.9998567335243553,121.59595555497799,0.6726014440646395,0.0,0.165647285990417,0.166478;0.158886;0.166817;0.165647;0.159851,23.731702863956592,42137.72630360998,,10.62054443359375,6466387774,6980,10,True,nid004902,57783767
SEISMIC,n_postings=2000 summary_energy=0.6 centroid_fraction=0.1 max_fraction=6.0 doc_cut=15 query_cut=5 heap_factor=0.9,64,0.9731375358166189,0.9995702005730659,123.90327531599905,0.6835632720030844,0.0,0.1126158139668405,0.113873;0.110983;0.107722;0.112616;0.113948,16.134070768888325,61980.63801283936,,10.620681762695312,7198204315,6980,10,True,nid004902,57783767
SEISMIC,n_postings=2000 summary_energy=0.4 centroid_fraction=0.05 max_fraction=6.0 doc_cut=15 query_cut=30 heap_factor=0.8,64,0.9731948424068768,0.9997134670487106,121.51062352198642,4.388126604957506,0.0,0.23160411801654845,0.226018;0.231604;0.232073;0.233446;0.225768,33.18110573302986,30137.633388285733,,10.617252349853516,6123040159,6980,10,True,nid004902,57783767
SEISMIC,n_postings=6000 summary_energy=0.5 centroid_fraction=0.2 max_fraction=6.0 doc_cut=15 query_cut=4 heap_factor=0.9,64,0.9732808022922637,1.0,328.95050867891405,0.6148902700515464,0.0,0.09626263205427676,0.100518;0.091438;0.101250;0.096263;0.092696,13.791208030698678,72509.96415789248,,14.912700653076172,11561845608,6980,10,True,nid004902,57783767
SEISMIC,n_postings=2000 summary_energy=0.6 centroid_fraction=0.2 max_fraction=6.0 doc_cut=15 query_cut=8 heap_factor=0.9,64,0.9734527220630372,0.9997134670487106,129.7284179100534,0.685932709951885,0.0,0.09201972896698862,0.088522;0.092020;0.093492;0.084233;0.092355,13.183342258880892,75853.29883447083,,10.624176025390625,7498989408,6980,10,True,nid004902,57783767
SEISMIC,n_postings=6000 summary_energy=0.4 centroid_fraction=0.05 max_fraction=6.0 doc_cut=15 query_cut=4 heap_factor=0.9,64,0.9737535816618911,1.0,274.5992281559156,0.6912360879359767,0.0,0.15140175097621977,0.154524;0.146190;0.152786;0.151402;0.145757,21.690795268799395,46102.50512291848,,12.020729064941406,8976504461,6980,10,True,nid004902,57783767
SEISMIC,n_postings=3000 summary_energy=0.6 centroid_fraction=0.1 max_fraction=6.0 doc_cut=15 query_cut=5 heap_factor=1.0,64,0.974025787965616,1.0,167.25350571796298,0.6769985699793324,0.0,0.10149744502268732,0.097600;0.101497;0.102209;0.094660;0.102138,14.541181235342023,68770.2040030642,,10.62249755859375,8492482423,6980,10,True,nid004902,57783767
SEISMIC,n_postings=6000 summary_energy=0.6 centroid_fraction=0.1 max_fraction=6.0 doc_cut=15 query_cut=3 heap_factor=1.0,64,0.9740401146131805,0.9997134670487106,291.4815624970943,0.6152477239957079,0.0,0.10840796795673668,0.111274;0.108408;0.104094;0.107802;0.110466,15.531227500965139,64386.41117953221,,15.643089294433594,12283379698,6980,10,True,nid004902,57783767
SEISMIC,n_postings=3000 summary_energy=0.5 centroid_fraction=0.1 max_fraction=6.0 doc_cut=15 query_cut=5 heap_factor=0.9,64,0.9747421203438396,0.9997134670487106,166.68915670190472,0.6707264808937907,0.0,0.10921194904949516,0.111800;0.109212;0.103967;0.108289;0.110980,15.646411038609621,63912.42039675205,,10.623851776123047,7773717347,6980,10,True,nid004902,57783767
SEISMIC,n_postings=2000 summary_energy=0.6 centroid_fraction=0.2 max_fraction=6.0 doc_cut=15 query_cut=10 heap_factor=0.9,64,0.9748424068767908,0.9998567335243553,129.7284179100534,0.685932709951885,0.0,0.09586980391759425,0.098035;0.090627;0.095870;0.096087;0.090256,13.7349289280221,72807.07495761357,,10.624176025390625,7498989408,6980,10,True,nid004902,57783767
SEISMIC,n_postings=2000 summary_energy=0.6 centroid_fraction=0.1 max_fraction=6.0 doc_cut=15 query_cut=6 heap_factor=0.9,64,0.975,0.9995702005730659,123.90327531599905,0.6835632720030844,0.0,0.11692447296809405,0.119659;0.111459;0.118528;0.116924;0.112054,16.75135715875273,59696.65565141934,,10.620681762695312,7198204315,6980,10,True,nid004902,57783767
SEISMIC,n_postings=2000 summary_energy=0.5 centroid_fraction=0.2 max_fraction=6.0 doc_cut=15 query_cut=10 heap_factor=0.8,64,0.9753868194842407,0.9998567335243553,128.621746613062,0.6751431790180504,0.0,0.10478581709321588,0.106064;0.104586;0.098627;0.105238;0.104786,15.012294712495112,66612.06825147622,,10.623363494873047,6960305618,6980,10,True,nid004902,57783767
SEISMIC,n_postings=2000 summary_energy=0.4 centroid_fraction=0.2 max_fraction=6.0 doc_cut=15 query_cut=20 heap_factor=0.7,64,0.9755157593123209,0.9998567335243553,128.27128627488855,0.6795510560041294,0.0,0.14455998502671719,0.144908;0.144281;0.137857;0.144795;0.144560,20.71059957402825,48284.45436480901,,10.620685577392578,6502643185,6980,10,True,nid004902,57783767
SEISMIC,n_postings=2000 summary_energy=0.6 centroid_fraction=0.05 max_fraction=6.0 doc_cut=15 query_cut=5 heap_factor=0.9,64,0.9760458452722063,0.9994269340974212,122.11319702595938,0.6780578430043533,0.0,0.17674564803019166,0.179281;0.176746;0.172678;0.176463;0.178322,25.32172607882402,39491.77859704742,,10.622798919677734,6863379172,6980,10,True,nid004902,57783767
SEISMIC,n_postings=2000 summary_energy=0.5 centroid_fraction=0.2 max_fraction=6.0 doc_cut=15 query_cut=12 heap_factor=0.8,64,0.9760744985673352,0.9998567335243553,128.621746613062,0.6751431790180504,0.0,0.11089023505337536,0.110890;0.111560;0.105128;0.111482;0.110805,15.886853159509366,62945.127644830776,,10.623363494873047,6960305618,6980,10,True,nid004902,57783767
SEISMIC,n_postings=3000 summary_energy=0.5 centroid_fraction=0.1 max_fraction=6.0 doc_cut=15 query_cut=6 heap_factor=0.9,64,0.9763037249283668,0.9997134670487106,166.68915670190472,0.6707264808937907,0.0,0.11590085795614868,0.117690;0.110533;0.117630;0.115901;0.109442,16.604707443574313,60223.88550946617,,10.623851776123047,7773717347,6980,10,True,nid004902,57783767
SEISMIC,n_postings=3000 summary_energy=0.4 centroid_fraction=0.1 max_fraction=6.0 doc_cut=15 query_cut=10 heap_factor=0.8,64,0.9763610315186246,0.9998567335243553,166.56166284903884,0.6728109989780933,0.0,0.14063162205275148,0.140747;0.141389;0.134485;0.140416;0.140632,20.147796855695056,49633.21831971599,,10.622840881347656,7160610580,6980,10,True,nid004902,57783767
SEISMIC,n_postings=2000 summary_energy=0.6 centroid_fraction=0.1 max_fraction=6.0 doc_cut=15 query_cut=7 heap_factor=0.9,64,0.9763753581661891,0.9995702005730659,123.90327531599905,0.6835632720030844,0.0,0.1214427079539746,0.123429;0.121443;0.116230;0.121145;0.123398,17.398668761314415,57475.6617140433,,10.620681762695312,7198204315,6980,10,True,nid004902,57783767
SEISMIC,n_postings=6000 summary_energy=0.5 centroid_fraction=0.1 max_fraction=6.0 doc_cut=15 query_cut=3 heap_factor=0.9,64,0.9765472779369627,0.9997134670487106,286.3074947820278,0.6164538189768791,0.0,0.11631301790475845,0.115936;0.116313;0.119516;0.110084;0.119415,16.663756146813533,60010.47970155405,,14.126655578613281,10828567151,6980,10,True,nid004902,57783767
SEISMIC,n_postings=2000 summary_energy=0.5 centroid_fraction=0.2 max_fraction=6.0 doc_cut=15 query_cut=14 heap_factor=0.8,64,0.9766905444126075,0.9998567335243553,128.621746613062,0.6751431790180504,0.0,0.11597391101531684,0.110578;0.116158;0.116179;0.109956;0.115974,16.615173497896397,60185.94991659927,,10.623363494873047,6960305618,6980,10,True,nid004902,57783767
SEISMIC,n_postings=2000 summary_energy=0.4 centroid_fraction=0.2 max_fraction=6.0 doc_cut=15 query_cut=30 heap_factor=0.7,64,0.9769484240687679,0.9998567335243553,128.27128627488855,0.6795510560041294,0.0,0.16704026190564036,0.168938;0.167031;0.160152;0.167789;0.167040,23.93126961398859,41786.33294973485,,10.620685577392578,6502643185,6980,10,True,nid004902,57783767
SEISMIC,n_postings=3000 summary_energy=0.4 centroid_fraction=0.1 max_fraction=6.0 doc_cut=15 query_cut=12 heap_factor=0.8,64,0.9769914040114613,0.9998567335243553,166.56166284903884,0.6728109989780933,0.0,0.14895559498108923,0.149474;0.148956;0.143210;0.148682;0.151211,21.34034312049989,46859.60269492496,,10.622840881347656,7160610580,6980,10,True,nid004902,57783767
SEISMIC,n_postings=6000 summary_energy=0.5 centroid_fraction=0.2 max_fraction=6.0 doc_cut=15 query_cut=5 heap_factor=0.9,64,0.9770630372492837,1.0,328.95050867891405,0.6148902700515464,0.0,0.10780940495897084,0.109809;0.107049;0.103445;0.107809;0.109714,15.445473489823902,64743.887628879755,,14.915870666503906,11561845608,6980,10,True,nid004902,57783767
SEISMIC,n_postings=3000 summary_energy=0.5 centroid_fraction=0.1 max_fraction=6.0 doc_cut=15 query_cut=7 heap_factor=0.9,64,0.9772492836676218,0.9997134670487106,166.68915670190472,0.6707264808937907,0.0,0.12270546599756926,0.122481;0.123410;0.115815;0.122836;0.122705,17.579579655812218,56884.1815093899,,10.623851776123047,7773717347,6980,10,True,nid004902,57783767
SEISMIC,n_postings=2000 summary_energy=0.6 centroid_fraction=0.1 max_fraction=6.0 doc_cut=15 query_cut=8 heap_factor=0.9,64,0.9772779369627507,0.9997134670487106,123.90327531599905,0.6835632720030844,0.0,0.12513994402252138,0.121083;0.125140;0.128082;0.119761;0.127333,17.92835874248157,55777.55411768294,,10.620681762695312,7198204315,6980,10,True,nid004902,57783767
SEISMIC,n_postings=3000 summary_energy=0.4 centroid_fraction=0.1 max_fraction=6.0 doc_cut=15 query_cut=14 heap_factor=0.8,64,0.9772922636103152,0.9998567335243553,166.56166284903884,0.6728109989780933,0.0,0.1548876630840823,0.151084;0.154888;0.156671;0.150781;0.156144,22.190209610900045,45064.91905821342,,10.622840881347656,7160610580,6980,10,True,nid004902,57783767
SEISMIC,n_postings=2000 summary_energy=0.6 centroid_fraction=0.05 max_fraction=6.0 doc_cut=15 query_cut=6 heap_factor=0.9,64,0.977893982808023,0.9995702005730659,122.11319702595938,0.6780578430043533,0.0,0.18496142607182264,0.187372;0.179646;0.187551;0.184961;0.180544,26.498771643527597,37737.59831030707,,10.622798919677734,6863379172,6980,10,True,nid004902,57783767
SEISMIC,n_postings=3000 summary_energy=0.5 centroid_fraction=0.1 max_fraction=6.0 doc_cut=15 query_cut=8 heap_factor=0.9,64,0.9779512893982808,0.9997134670487106,166.68915670190472,0.6707264808937907,0.0,0.12691245810128748,0.122029;0.127430;0.128911;0.121322;0.126912,18.182300587577004,54998.54076129655,,10.623851776123047,7773717347,6980,10,True,nid004902,57783767
SEISMIC,n_postings=3000 summary_energy=0.6 centroid_fraction=0.1 max_fraction=6.0 doc_cut=15 query_cut=3 heap_factor=0.9,64,0.9780229226361031,0.9992836676217765,167.25350571796298,0.6769985699793324,0.0,0.11497522401623428,0.111571;0.114975;0.116605;0.107537;0.115848,16.472095131265654,60708.73146561069,,10.62249755859375,8492482423,6980,10,True,nid004902,57783767
SEISMIC,n_postings=6000 summary_energy=0.4 centroid_fraction=0.05 max_fraction=6.0 doc_cut=15 query_cut=5 heap_factor=0.9,64,0.9781232091690545,1.0,274.5992281559156,0.6912360879359767,0.0,0.17012218304444104,0.172961;0.170122;0.164762;0.169596;0.170799,24.372805593759463,41029.33477039037,,12.023494720458984,8976504461,6980,10,True,nid004902,57783767
SEISMIC,n_postings=2000 summary_energy=0.4 centroid_fraction=0.2 max_fraction=6.0 doc_cut=15 query_cut=50 heap_factor=0.7,64,0.9782234957020057,1.0,128.27128627488855,0.6795510560041294,0.0,0.19939669303130358,0.200018;0.199856;0.194250;0.199397;0.199214,28.566861465802805,35005.595598840744,,10.620685577392578,6502643185,6980,10,True,nid004902,57783767
SEISMIC,n_postings=2000 summary_energy=0.5 centroid_fraction=0.2 max_fraction=6.0 doc_cut=15 query_cut=20 heap_factor=0.8,64,0.9783094555873926,0.9998567335243553,128.621746613062,0.6751431790180504,0.0,0.13048052904196084,0.130654;0.125280;0.130528;0.124478;0.130481,18.693485536097544,53494.57157516063,,10.623363494873047,6960305618,6980,10,True,nid004902,57783767
SEISMIC,n_postings=2000 summary_energy=0.5 centroid_fraction=0.1 max_fraction=6.0 doc_cut=15 query_cut=10 heap_factor=0.8,64,0.978352435530086,0.9998567335243553,124.30024965305347,0.6756014070706442,0.0,0.14864564407616854,0.148646;0.148437;0.141837;0.149160;0.148892,21.295937546729014,46957.31276473416,,10.624202728271484,6725488309,6980,10,True,nid004902,57783767
SEISMIC,n_postings=3000 summary_energy=0.4 centroid_fraction=0.1 max_fraction=6.0 doc_cut=15 query_cut=20 heap_factor=0.8,64,0.9783954154727794,0.9998567335243553,166.56166284903884,0.6728109989780933,0.0,0.17471702198963612,0.175075;0.168818;0.175334;0.170082;0.174717,25.03109197559257,39950.314631702226,,10.622840881347656,7160610580,6980,10,True,nid004902,57783767
SEISMIC,n_postings=2000 summary_energy=0.6 centroid_fraction=0.1 max_fraction=6.0 doc_cut=15 query_cut=10 heap_factor=0.9,64,0.9785100286532952,0.9998567335243553,123.90327531599905,0.6835632720030844,0.0,0.13405516499187797,0.134855;0.126468;0.134055;0.134080;0.127773,19.20561103035501,52068.116886230375,,10.620681762695312,7198204315,6980,10,True,nid004902,57783767
SEISMIC,n_postings=3000 summary_energy=0.5 centroid_fraction=0.1 max_fraction=6.0 doc_cut=15 query_cut=10 heap_factor=0.9,64,0.9787965616045845,0.9997134670487106,166.68915670190472,0.6707264808937907,0.0,0.13469302305020392,0.137661;0.128471;0.135186;0.134693;0.127605,19.29699470633294,51821.54087816676,,10.623851776123047,7773717347,6980,10,True,nid004902,57783767
SEISMIC,n_postings=2000 summary_energy=0.4 centroid_fraction=0.1 max_fraction=6.0 doc_cut=15 query_cut=20 heap_factor=0.7,64,0.9790114613180516,0.9998567335243553,125.94323570095003,0.6757682339521125,0.0,0.19511411001440138,0.195875;0.196093;0.188755;0.195114;0.194789,27.953310890315386,35773.937617760224,,10.62615966796875,6321002584,6980,10,True,nid004902,57783767
SEISMIC,n_postings=2000 summary_energy=0.5 centroid_fraction=0.1 max_fraction=6.0 doc_cut=15 query_cut=12 heap_factor=0.8,64,0.979083094555874,0.9998567335243553,124.30024965305347,0.6756014070706442,0.0,0.15656578994821757,0.156727;0.156953;0.149515;0.156566;0.155008,22.430628932409395,44581.89750333428,,10.624202728271484,6725488309,6980,10,True,nid004902,57783767
SEISMIC,n_postings=2000 summary_energy=0.6 centroid_fraction=0.05 max_fraction=6.0 doc_cut=15 query_cut=7 heap_factor=0.9,64,0.9792550143266475,0.9995702005730659,122.11319702595938,0.6780578430043533,0.0,0.19492207991424948,0.194922;0.195381;0.189555;0.194766;0.195574,27.925799414648925,35809.18079198958,,10.622798919677734,6863379172,6980,10,True,nid004902,57783767
SEISMIC,n_postings=3000 summary_energy=0.4 centroid_fraction=0.1 max_fraction=6.0 doc_cut=15 query_cut=30 heap_factor=0.8,64,0.9794126074498567,0.9998567335243553,166.56166284903884,0.6728109989780933,0.0,0.20292958698701113,0.197519;0.204529;0.202930;0.204341;0.198702,29.073006731663487,34396.16718111572,,10.622840881347656,7160610580,6980,10,True,nid004902,57783767
SEISMIC,n_postings=3000 summary_energy=0.5 centroid_fraction=0.05 max_fraction=6.0 doc_cut=15 query_cut=4 heap_factor=0.9,64,0.979512893982808,1.0,162.52711232099682,0.6755581670440733,0.0,0.1599342810222879,0.162455;0.154934;0.161432;0.159934;0.155579,22.913220776832077,43642.92605302856,,10.622322082519531,7367556756,6980,10,True,nid004902,57783767
SEISMIC,n_postings=2000 summary_energy=0.5 centroid_fraction=0.2 max_fraction=6.0 doc_cut=15 query_cut=30 heap_factor=0.8,64,0.9795845272206304,0.9998567335243553,128.621746613062,0.6751431790180504,0.0,0.1533550029853359,0.147574;0.153355;0.153879;0.154800;0.146780,21.970630800191387,45515.30673353671,,10.623363494873047,6960305618,6980,10,True,nid004902,57783767
SEISMIC,n_postings=2000 summary_energy=0.5 centroid_fraction=0.1 max_fraction=6.0 doc_cut=15 query_cut=14 heap_factor=0.8,64,0.9796704871060172,0.9998567335243553,124.30024965305347,0.6756014070706442,0.0,0.16269210795871913,0.157989;0.162692;0.163706;0.156447;0.164256,23.3083249224526,42903.12595722884,,10.624202728271484,6725488309,6980,10,True,nid004902,57783767
SEISMIC,n_postings=6000 summary_energy=0.5 centroid_fraction=0.2 max_fraction=6.0 doc_cut=15 query_cut=6 heap_factor=0.9,64,0.979756446991404,1.0,328.95050867891405,0.6148902700515464,0.0,0.1175609560450539,0.119771;0.111435;0.119550;0.117561;0.112351,16.84254384599626,59373.45386443603,,14.930660247802734,11561845608,6980,10,True,nid004902,57783767
SEISMIC,n_postings=3000 summary_energy=0.6 centroid_fraction=0.05 max_fraction=6.0 doc_cut=15 query_cut=3 heap_factor=0.9,64,0.9801289398280802,0.9992836676217765,162.2555030999938,0.6747279760893434,0.0,0.1875849940115586,0.185779;0.187585;0.189818;0.181714;0.189590,26.874640975867994,37209.799412686,,10.626129150390625,7966466838,6980,10,True,nid004902,57783767
SEISMIC,n_postings=2000 summary_energy=0.6 centroid_fraction=0.05 max_fraction=6.0 doc_cut=15 query_cut=8 heap_factor=0.9,64,0.9801575931232092,0.9997134670487106,122.11319702595938,0.6780578430043533,0.0,0.2021489799953997,0.197764;0.202149;0.202972;0.196245;0.202884,28.961171919111706,34528.98946192478,,10.622798919677734,6863379172,6980,10,True,nid004902,57783767
SEISMIC,n_postings=2000 summary_energy=0.4 centroid_fraction=0.1 max_fraction=6.0 doc_cut=15 query_cut=30 heap_factor=0.7,64,0.9803295128939828,0.9998567335243553,125.94323570095003,0.6757682339521125,0.0,0.2242397799855098,0.224523;0.224240;0.216725;0.223033;0.224538,32.12604297786673,31127.394079904298,,10.62615966796875,6321002584,6980,10,True,nid004902,57783767
SEISMIC,n_postings=6000 summary_energy=0.5 centroid_fraction=0.05 max_fraction=6.0 doc_cut=15 query_cut=5 heap_factor=1.0,64,0.9803581661891118,1.0,275.6321060321061,0.6137457409640774,0.0,0.17310840100981295,0.170755;0.173108;0.175599;0.165835;0.173364,24.800630517165178,40321.555506738965,,13.1343994140625,10013978196,6980,10,True,nid004902,57783767
SEISMIC,n_postings=6000 summary_energy=0.4 centroid_fraction=0.05 max_fraction=6.0 doc_cut=15 query_cut=6 heap_factor=0.9,64,0.9807449856733524,1.0,274.5992281559156,0.6912360879359767,0.0,0.1875016780104488,0.189603;0.180647;0.189428;0.187502;0.180732,26.862704586024186,37226.33351372476,,12.03628921508789,8976504461,6980,10,True,nid004902,57783767
SEISMIC,n_postings=6000 summary_energy=0.5 centroid_fraction=0.2 max_fraction=6.0 doc_cut=15 query_cut=7 heap_factor=0.9,64,0.980759312320917,1.0,328.95050867891405,0.6148902700515464,0.0,0.1257633949862793,0.128027;0.125763;0.121213;0.124778;0.127299,18.017678364796463,55501.046236558046,,14.937049865722656,11561845608,6980,10,True,nid004902,57783767
SEISMIC,n_postings=3000 summary_energy=0.6 centroid_fraction=0.2 max_fraction=6.0 doc_cut=15 query_cut=4 heap_factor=0.9,64,0.980916905444126,0.9998567335243553,176.91344574803952,0.6696617860579863,0.0,0.09048202796839178,0.093199;0.083921;0.092884;0.090482;0.085278,12.963041256216588,77142.39122092107,,10.763965606689453,8956796707,6980,10,True,nid004902,57783767
SEISMIC,n_postings=2000 summary_energy=0.5 centroid_fraction=0.1 max_fraction=6.0 doc_cut=15 query_cut=20 heap_factor=0.8,64,0.9811747851002866,0.9998567335243553,124.30024965305347,0.6756014070706442,0.0,0.18274690699763596,0.183726;0.177716;0.183501;0.176823;0.182747,26.18150530052091,38194.90088601223,,10.624202728271484,6725488309,6980,10,True,nid004902,57783767
SEISMIC,n_postings=2000 summary_energy=0.5 centroid_fraction=0.05 max_fraction=6.0 doc_cut=15 query_cut=10 heap_factor=0.8,64,0.981189111747851,0.9998567335243553,121.59595555497799,0.6726014440646395,0.0,0.23214030894450843,0.235124;0.234523;0.226580;0.232140;0.231823,33.25792391755135,30068.02235999661,,10.62054443359375,6466387774,6980,10,True,nid004902,57783767
SEISMIC,n_postings=2000 summary_energy=0.6 centroid_fraction=0.05 max_fraction=6.0 doc_cut=15 query_cut=10 heap_factor=0.9,64,0.9813610315186246,0.9998567335243553,122.11319702595938,0.6780578430043533,0.0,0.2164859160548076,0.217690;0.209340;0.216486;0.216791;0.210191,31.015174219886475,32242.282210325764,,10.622798919677734,6863379172,6980,10,True,nid004902,57783767
SEISMIC,n_postings=6000 summary_energy=0.5 centroid_fraction=0.2 max_fraction=6.0 doc_cut=15 query_cut=8 heap_factor=0.9,64,0.9814756446991404,1.0,328.95050867891405,0.6148902700515464,0.0,0.1341624860651791,0.129548;0.134162;0.135443;0.127341;0.134770,19.220986542289268,52026.46585282387,,14.943744659423828,11561845608,6980,10,True,nid004902,57783767
SEISMIC,n_postings=2000 summary_energy=0.4 centroid_fraction=0.1 max_fraction=6.0 doc_cut=15 query_cut=50 heap_factor=0.7,64,0.9815472779369627,1.0,125.94323570095003,0.6757682339521125,0.0,0.2635691810864955,0.264082;0.264570;0.257041;0.262614;0.263569,37.760627662821705,26482.610642210755,,10.62615966796875,6321002584,6980,10,True,nid004902,57783767
SEISMIC,n_postings=2000 summary_energy=0.5 centroid_fraction=0.05 max_fraction=6.0 doc_cut=15 query_cut=12 heap_factor=0.8,64,0.9818767908309456,0.9998567335243553,121.59595555497799,0.6726014440646395,0.0,0.24595669202972203,0.245792;0.246953;0.238775;0.246007;0.245957,35.23734842832694,28378.979821197623,,10.62054443359375,6466387774,6980,10,True,nid004902,57783767
SEISMIC,n_postings=6000 summary_energy=0.4 centroid_fraction=0.05 max_fraction=6.0 doc_cut=15 query_cut=7 heap_factor=0.9,64,0.9820773638968482,1.0,274.5992281559156,0.6912360879359767,0.0,0.19957889593206346,0.200680;0.199579;0.194604;0.199470;0.200954,28.592965033246912,34973.63770554171,,12.042259216308594,8976504461,6980,10,True,nid004902,57783767
SEISMIC,n_postings=2000 summary_energy=0.4 centroid_fraction=0.05 max_fraction=6.0 doc_cut=15 query_cut=20 heap_factor=0.7,64,0.982134670487106,0.9998567335243553,121.51062352198642,4.388126604957506,0.0,0.30041845003142953,0.300871;0.301708;0.294011;0.300418;0.299968,43.039892554646066,23234.25874565879,,10.617252349853516,6123040159,6980,10,True,nid004902,57783767
SEISMIC,n_postings=2000 summary_energy=0.5 centroid_fraction=0.1 max_fraction=6.0 doc_cut=15 query_cut=30 heap_factor=0.8,64,0.9824068767908309,0.9998567335243553,124.30024965305347,0.6756014070706442,0.0,0.2084688019240275,0.202259;0.209274;0.208469;0.210452;0.203099,29.866590533528296,33482.22820671138,,10.624202728271484,6725488309,6980,10,True,nid004902,57783767
SEISMIC,n_postings=2000 summary_energy=0.5 centroid_fraction=0.05 max_fraction=6.0 doc_cut=15 query_cut=14 heap_factor=0.8,64,0.9825358166189112,0.9998567335243553,121.59595555497799,0.6726014440646395,0.0,0.2565930709242821,0.252102;0.258263;0.256593;0.251388;0.258002,36.761184946172214,27202.605178920538,,10.62054443359375,6466387774,6980,10,True,nid004902,57783767
SEISMIC,n_postings=3000 summary_energy=0.4 centroid_fraction=0.05 max_fraction=6.0 doc_cut=15 query_cut=10 heap_factor=0.8,64,0.9826074498567335,1.0,162.07781643501949,0.6717430209973827,0.0,0.22174189903307706,0.224678;0.221742;0.216007;0.221583;0.222475,31.76818037723167,31478.03834294212,,10.62363052368164,6851761907,6980,10,True,nid004902,57783767
SEISMIC,n_postings=6000 summary_energy=0.5 centroid_fraction=0.2 max_fraction=6.0 doc_cut=15 query_cut=10 heap_factor=0.9,64,0.9826074498567335,1.0,328.95050867891405,0.6148902700515464,0.0,0.14914469700306654,0.150437;0.142068;0.150184;0.149145;0.143418,21.367435100725864,46800.18894574901,,14.949970245361328,11561845608,6980,10,True,nid004902,57783767
SEISMIC,n_postings=3000 summary_energy=0.5 centroid_fraction=0.05 max_fraction=6.0 doc_cut=15 query_cut=5 heap_factor=0.9,64,0.9826217765042979,1.0,162.52711232099682,0.6755581670440733,0.0,0.1750921190250665,0.176766;0.175092;0.169322;0.174130;0.176618,25.084830805883453,39864.72971408114,,10.622322082519531,7367556756,6980,10,True,nid004902,57783767
SEISMIC,n_postings=2000 summary_energy=0.6 centroid_fraction=0.2 max_fraction=6.0 doc_cut=15 query_cut=10 heap_factor=0.8,64,0.9829083094555874,0.9998567335243553,129.7284179100534,0.685932709951885,0.0,0.13123592000920326,0.132539;0.131197;0.125862;0.131236;0.131819,18.801707737708202,53186.658039281545,,10.624176025390625,7498989408,6980,10,True,nid004902,57783767
SEISMIC,n_postings=6000 summary_energy=0.4 centroid_fraction=0.05 max_fraction=6.0 doc_cut=15 query_cut=8 heap_factor=0.9,64,0.983051575931232,1.0,274.5992281559156,0.6912360879359767,0.0,0.21083671902306378,0.205413;0.211673;0.212010;0.205651;0.210837,30.205833670926044,33106.18772831713,,12.042259216308594,8976504461,6980,10,True,nid004902,57783767
SEISMIC,n_postings=3000 summary_energy=0.4 centroid_fraction=0.05 max_fraction=6.0 doc_cut=15 query_cut=12 heap_factor=0.8,64,0.9830659025787966,1.0,162.07781643501949,0.6717430209973827,0.0,0.23484952002763748,0.236219;0.235161;0.229065;0.234850;0.234791,33.646063041208805,29721.159315882705,,10.62363052368164,6851761907,6980,10,True,nid004902,57783767
SEISMIC,n_postings=6000 summary_energy=0.4 centroid_fraction=0.2 max_fraction=6.0 doc_cut=15 query_cut=10 heap_factor=0.8,64,0.9831232091690545,1.0,328.1585805430077,0.6130696650361642,0.0,0.15528452198486775,0.156581;0.155503;0.149008;0.155208;0.155285,22.247066186943805,44949.747153036864,,13.69614028930664,10158345607,6980,10,True,nid004902,57783767
SEISMIC,n_postings=3000 summary_energy=0.4 centroid_fraction=0.05 max_fraction=6.0 doc_cut=15 query_cut=14 heap_factor=0.8,64,0.9832664756446992,1.0,162.07781643501949,0.6717430209973827,0.0,0.24689255794510245,0.240973;0.246893;0.247727;0.240510;0.247028,35.37142663969949,28271.40703670797,,10.62363052368164,6851761907,6980,10,True,nid004902,57783767
SEISMIC,n_postings=3000 summary_energy=0.6 centroid_fraction=0.05 max_fraction=6.0 doc_cut=15 query_cut=5 heap_factor=1.0,64,0.9833810888252149,1.0,162.2555030999938,0.6747279760893434,0.0,0.16516661795321852,0.161593;0.166517;0.166577;0.160200;0.165167,23.66283924831211,42260.3555518525,,10.626129150390625,7966466838,6980,10,True,nid004902,57783767
SEISMIC,n_postings=2000 summary_energy=0.4 centroid_fraction=0.05 max_fraction=6.0 doc_cut=15 query_cut=30 heap_factor=0.7,64,0.9834240687679083,0.9998567335243553,121.51062352198642,4.388126604957506,0.0,0.3462350070476532,0.347678;0.347952;0.338817;0.346235;0.345621,49.603869204534845,20159.717700178495,,10.617252349853516,6123040159,6980,10,True,nid004902,57783767
SEISMIC,n_postings=2000 summary_energy=0.6 centroid_fraction=0.2 max_fraction=6.0 doc_cut=15 query_cut=12 heap_factor=0.8,64,0.9835386819484241,0.9998567335243553,129.7284179100534,0.685932709951885,0.0,0.13855902396608144,0.139717;0.140215;0.132110;0.138559;0.138422,19.850863032389892,50375.64353591773,,10.624176025390625,7498989408,6980,10,True,nid004902,57783767
SEISMIC,n_postings=6000 summary_energy=0.5 centroid_fraction=0.1 max_fraction=6.0 doc_cut=15 query_cut=4 heap_factor=0.9,64,0.9835530085959885,0.9998567335243553,286.3074947820278,0.6164538189768791,0.0,0.13538660504855216,0.138764;0.129034;0.137624;0.135387;0.130470,19.396361754806897,51556.06049429219,,14.131420135498047,10828567151,6980,10,True,nid004902,57783767
SEISMIC,n_postings=3000 summary_energy=0.5 centroid_fraction=0.05 max_fraction=6.0 doc_cut=15 query_cut=6 heap_factor=0.9,64,0.9837106017191977,1.0,162.52711232099682,0.6755581670440733,0.0,0.18405479798093438,0.186142;0.178237;0.184976;0.184055;0.177925,26.368882232225555,37923.48842067695,,10.622322082519531,7367556756,6980,10,True,nid004902,57783767
SEISMIC,n_postings=3000 summary_energy=0.6 centroid_fraction=0.2 max_fraction=6.0 doc_cut=15 query_cut=5 heap_factor=0.9,64,0.9838538681948424,0.9998567335243553,176.91344574803952,0.6696617860579863,0.0,0.09711042291019112,0.099617;0.096434;0.092400;0.097110;0.098607,13.91266803870933,71876.93957892849,,10.76776123046875,8956796707,6980,10,True,nid004902,57783767
SEISMIC,n_postings=6000 summary_energy=0.4 centroid_fraction=0.2 max_fraction=6.0 doc_cut=15 query_cut=12 heap_factor=0.8,64,0.9839111747851003,1.0,328.1585805430077,0.6130696650361642,0.0,0.16841349098831415,0.170518;0.168413;0.162692;0.169110;0.167962,24.128007304916068,41445.61079423457,,13.699481964111328,10158345607,6980,10,True,nid004902,57783767
SEISMIC,n_postings=2000 summary_energy=0.5 centroid_fraction=0.05 max_fraction=6.0 doc_cut=15 query_cut=20 heap_factor=0.8,64,0.9839541547277937,0.9998567335243553,121.59595555497799,0.6726014440646395,0.0,0.29217931895982474,0.293599;0.284928;0.292384;0.284445;0.292179,41.85950128364251,23889.438940610868,,10.62054443359375,6466387774,6980,10,True,nid004902,57783767
SEISMIC,n_postings=2000 summary_energy=0.6 centroid_fraction=0.1 max_fraction=6.0 doc_cut=15 query_cut=10 heap_factor=0.8,64,0.9839684813753582,0.9998567335243553,123.90327531599905,0.6835632720030844,0.0,0.18747163307853043,0.187874;0.185823;0.181048;0.187490;0.187472,26.858400154517255,37232.299550493226,,10.620681762695312,7198204315,6980,10,True,nid004902,57783767
SEISMIC,n_postings=3000 summary_energy=0.4 centroid_fraction=0.05 max_fraction=6.0 doc_cut=15 query_cut=20 heap_factor=0.8,64,0.9840401146131805,1.0,162.07781643501949,0.6717430209973827,0.0,0.2746047219261527,0.276346;0.270694;0.274848;0.267122;0.274605,39.341650705752535,25418.35388350342,,10.62363052368164,6851761907,6980,10,True,nid004902,57783767
SEISMIC,n_postings=2000 summary_energy=0.6 centroid_fraction=0.2 max_fraction=6.0 doc_cut=15 query_cut=14 heap_factor=0.8,64,0.9841260744985674,0.9998567335243553,129.7284179100534,0.685932709951885,0.0,0.14641037199180573,0.139697;0.146410;0.146883;0.138999;0.146597,20.975697993095377,47674.21805601761,,10.624176025390625,7498989408,6980,10,True,nid004902,57783767
SEISMIC,n_postings=6000 summary_energy=0.5 centroid_fraction=0.05 max_fraction=6.0 doc_cut=15 query_cut=3 heap_factor=0.9,64,0.9841690544412608,0.9998567335243553,275.6321060321061,0.6137457409640774,0.0,0.19535089598502964,0.192877;0.195351;0.198812;0.189719;0.197542,27.987234381809404,35730.57581745056,,13.1273193359375,10013978196,6980,10,True,nid004902,57783767
SEISMIC,n_postings=6000 summary_energy=0.4 centroid_fraction=0.05 max_fraction=6.0 doc_cut=15 query_cut=10 heap_factor=0.9,64,0.9842406876790831,1.0,274.5992281559156,0.6912360879359767,0.0,0.2303573410026729,0.232934;0.223643;0.231132;0.230357;0.224565,33.00248438433709,30300.749130104818,,12.044025421142578,8976504461,6980,10,True,nid004902,57783767
SEISMIC,n_postings=3000 summary_energy=0.5 centroid_fraction=0.05 max_fraction=6.0 doc_cut=15 query_cut=7 heap_factor=0.9,64,0.9844269340974212,1.0,162.52711232099682,0.6755581670440733,0.0,0.1939914069371298,0.195756;0.193991;0.188325;0.193049;0.195014,27.792465177239226,35980.97518959761,,10.622322082519531,7367556756,6980,10,True,nid004902,57783767
SEISMIC,n_postings=2000 summary_energy=0.4 centroid_fraction=0.05 max_fraction=6.0 doc_cut=15 query_cut=50 heap_factor=0.7,64,0.9844555873925501,1.0,121.51062352198642,4.388126604957506,0.0,0.40459182497579604,0.406685;0.404592;0.398310;0.405711;0.403994,57.96444483893926,17251.955104178305,,10.617252349853516,6123040159,6980,10,True,nid004902,57783767
SEISMIC,n_postings=2000 summary_energy=0.6 centroid_fraction=0.05 max_fraction=6.0 doc_cut=15 query_cut=10 heap_factor=0.8,64,0.9845272206303725,0.9998567335243553,122.11319702595938,0.6780578430043533,0.0,0.3052176769124344,0.305750;0.305218;0.298595;0.303910;0.305830,43.72746087570693,22868.924469281414,,10.622798919677734,6863379172,6980,10,True,nid004902,57783767
SEISMIC,n_postings=6000 summary_energy=0.4 centroid_fraction=0.2 max_fraction=6.0 doc_cut=15 query_cut=14 heap_factor=0.8,64,0.9845558739255015,1.0,328.1585805430077,0.6130696650361642,0.0,0.18072432500775903,0.174197;0.180767;0.181042;0.173923;0.180724,25.891737107128804,38622.3603253205,,13.700202941894531,10158345607,6980,10,True,nid004902,57783767
SEISMIC,n_postings=2000 summary_energy=0.6 centroid_fraction=0.1 max_fraction=6.0 doc_cut=15 query_cut=12 heap_factor=0.8,64,0.9845702005730659,0.9998567335243553,123.90327531599905,0.6835632720030844,0.0,0.19966804992873222,0.201277;0.199668;0.193991;0.200035;0.199288,28.605737812139285,34958.0215887889,,10.620681762695312,7198204315,6980,10,True,nid004902,57783767
SEISMIC,n_postings=6000 summary_energy=0.6 centroid_fraction=0.1 max_fraction=6.0 doc_cut=15 query_cut=5 heap_factor=1.0,64,0.9846991404011461,0.9998567335243553,291.4815624970943,0.6152477239957079,0.0,0.13886199495755136,0.135454;0.138862;0.140800;0.133288;0.144169,19.894268618560368,50265.73327089037,,15.665851593017578,12283379698,6980,10,True,nid004902,57783767
SEISMIC,n_postings=3000 summary_energy=0.6 centroid_fraction=0.2 max_fraction=6.0 doc_cut=15 query_cut=6 heap_factor=0.9,64,0.9848424068767908,0.9998567335243553,176.91344574803952,0.6696617860579863,0.0,0.10456986899953336,0.106732;0.098632;0.104811;0.104570;0.099330,14.981356590191025,66749.62937967484,,10.777881622314453,8956796707,6980,10,True,nid004902,57783767
SEISMIC,n_postings=3000 summary_energy=0.4 centroid_fraction=0.05 max_fraction=6.0 doc_cut=15 query_cut=30 heap_factor=0.8,64,0.9849856733524355,1.0,162.07781643501949,0.6717430209973827,0.0,0.3149040279677138,0.309380;0.315767;0.316087;0.314904;0.308216,45.11519025325412,22165.483385673426,,10.62363052368164,6851761907,6980,10,True,nid004902,57783767
SEISMIC,n_postings=3000 summary_energy=0.5 centroid_fraction=0.05 max_fraction=6.0 doc_cut=15 query_cut=8 heap_factor=0.9,64,0.9851146131805157,1.0,162.52711232099682,0.6755581670440733,0.0,0.201632684096694,0.197623;0.202563;0.203009;0.197277;0.201633,28.887204025314325,34617.403578542384,,10.622322082519531,7367556756,6980,10,True,nid004902,57783767
SEISMIC,n_postings=2000 summary_energy=0.5 centroid_fraction=0.05 max_fraction=6.0 doc_cut=15 query_cut=30 heap_factor=0.8,64,0.9851289398280803,0.9998567335243553,121.59595555497799,0.6726014440646395,0.0,0.3388405899750069,0.334783;0.339262;0.339345;0.338841;0.333387,48.544497131089805,20599.657203155177,,10.62054443359375,6466387774,6980,10,True,nid004902,57783767
SEISMIC,n_postings=2000 summary_energy=0.6 centroid_fraction=0.05 max_fraction=6.0 doc_cut=15 query_cut=12 heap_factor=0.8,64,0.9851289398280803,0.9998567335243553,122.11319702595938,0.6780578430043533,0.0,0.3276996180647984,0.328467;0.327867;0.322064;0.326891;0.327700,46.94836935025765,21299.994309483125,,10.622798919677734,6863379172,6980,10,True,nid004902,57783767
SEISMIC,n_postings=6000 summary_energy=0.6 centroid_fraction=0.05 max_fraction=6.0 doc_cut=15 query_cut=3 heap_factor=1.0,64,0.9851289398280803,0.9998567335243553,276.41479485097807,0.6214352559763938,0.0,0.18517550395336002,0.188732;0.185176;0.180899;0.183410;0.185857,26.52944182712894,37693.97058996554,,14.70245361328125,11225826025,6980,10,True,nid004902,57783767
SEISMIC,n_postings=2000 summary_energy=0.5 centroid_fraction=0.2 max_fraction=6.0 doc_cut=15 query_cut=20 heap_factor=0.7,64,0.9851862464183381,0.9998567335243553,128.621746613062,0.6751431790180504,0.0,0.1849950390169397,0.184995;0.184471;0.178375;0.185031;0.185085,26.503587251710556,37730.74152199753,,10.623363494873047,6960305618,6980,10,True,nid004902,57783767
SEISMIC,n_postings=2000 summary_energy=0.6 centroid_fraction=0.1 max_fraction=6.0 doc_cut=15 query_cut=14 heap_factor=0.8,64,0.9851862464183381,0.9998567335243553,123.90327531599905,0.6835632720030844,0.0,0.20956821297295392,0.203964;0.209923;0.209568;0.203933;0.209847,30.024099279792825,33306.57784871608,,10.620681762695312,7198204315,6980,10,True,nid004902,57783767
SEISMIC,n_postings=3000 summary_energy=0.6 centroid_fraction=0.2 max_fraction=6.0 doc_cut=15 query_cut=7 heap_factor=0.9,64,0.985487106017192,0.9998567335243553,176.91344574803952,0.6696617860579863,0.0,0.11046572297345847,0.110966;0.111329;0.103626;0.109709;0.110466,15.826034809951071,63187.0213865081,,10.780330657958984,8956796707,6980,10,True,nid004902,57783767
SEISMIC,n_postings=6000 summary_energy=0.4 centroid_fraction=0.2 max_fraction=6.0 doc_cut=15 query_cut=20 heap_factor=0.8,64,0.9855444126074498,1.0,328.1585805430077,0.6130696650361642,0.0,0.21079567703418434,0.212110;0.205644;0.210796;0.205304;0.211152,30.199953729825836,33112.63351414966,,13.711708068847656,10158345607,6980,10,True,nid004902,57783767
SEISMIC,n_postings=2000 summary_energy=0.6 centroid_fraction=0.2 max_fraction=6.0 doc_cut=15 query_cut=20 heap_factor=0.8,64,0.9855587392550144,0.9998567335243553,129.7284179100534,0.685932709951885,0.0,0.16325243201572448,0.164822;0.157898;0.163482;0.157423;0.163252,23.388600575318694,42755.871467370765,,10.624176025390625,7498989408,6980,10,True,nid004902,57783767
SEISMIC,n_postings=2000 summary_energy=0.6 centroid_fraction=0.05 max_fraction=6.0 doc_cut=15 query_cut=14 heap_factor=0.8,64,0.9857163323782235,0.9998567335243553,122.11319702595938,0.6780578430043533,0.0,0.3439665819751099,0.338653;0.343967;0.345353;0.338436;0.345039,49.278879939127485,20292.669014297113,,10.622798919677734,6863379172,6980,10,True,nid004902,57783767
SEISMIC,n_postings=3000 summary_energy=0.5 centroid_fraction=0.05 max_fraction=6.0 doc_cut=15 query_cut=10 heap_factor=0.9,64,0.9857879656160459,1.0,162.52711232099682,0.6755581670440733,0.0,0.21718270797282457,0.219001;0.211797;0.217648;0.217183;0.210371,31.11500114223848,32138.83860805984,,10.622322082519531,7367556756,6980,10,True,nid004902,57783767
SEISMIC,n_postings=3000 summary_energy=0.6 centroid_fraction=0.1 max_fraction=6.0 doc_cut=15 query_cut=4 heap_factor=0.9,64,0.9858739255014327,1.0,167.25350571796298,0.6769985699793324,0.0,0.12864864408038557,0.129892;0.120948;0.128963;0.128649;0.121854,18.431037833866128,54256.30444762851,,10.62249755859375,8492482423,6980,10,True,nid004902,57783767
SEISMIC,n_postings=6000 summary_energy=0.6 centroid_fraction=0.2 max_fraction=6.0 doc_cut=15 query_cut=3 heap_factor=0.9,64,0.9859885386819485,0.9998567335243553,323.33568878204096,0.6166868850123137,0.0,0.1044791879830882,0.102954;0.104479;0.107194;0.098742;0.106426,14.968365040557048,66807.56363774417,,16.61251449584961,13225762086,6980,10,True,nid004902,57783767
SEISMIC,n_postings=3000 summary_energy=0.6 centroid_fraction=0.2 max_fraction=6.0 doc_cut=15 query_cut=8 heap_factor=0.9,64,0.9860171919770774,0.9998567335243553,176.91344574803952,0.6696617860579863,0.0,0.1142230030382052,0.109223;0.114223;0.116101;0.107565;0.116187,16.364327082837423,61108.531682233355,,10.785663604736328,8956796707,6980,10,True,nid004902,57783767
SEISMIC,n_postings=6000 summary_energy=0.5 centroid_fraction=0.1 max_fraction=6.0 doc_cut=15 query_cut=5 heap_factor=0.9,64,0.9860458452722063,0.9998567335243553,286.3074947820278,0.6164538189768791,0.0,0.15060308307874948,0.152113;0.148750;0.144900;0.150603;0.152047,21.57637293391826,46346.99275279908,,14.137569427490234,10828567151,6980,10,True,nid004902,57783767
SEISMIC,n_postings=2000 summary_energy=0.5 centroid_fraction=0.1 max_fraction=6.0 doc_cut=15 query_cut=20 heap_factor=0.7,64,0.9861174785100286,0.9998567335243553,124.30024965305347,0.6756014070706442,0.0,0.2689504980808124,0.268950;0.269764;0.262188;0.269164;0.266112,38.531589982924416,25952.731263961807,,10.624202728271484,6725488309,6980,10,True,nid004902,57783767
SEISMIC,n_postings=6000 summary_energy=0.4 centroid_fraction=0.2 max_fraction=6.0 doc_cut=15 query_cut=30 heap_factor=0.8,64,0.9863323782234957,1.0,328.1585805430077,0.6130696650361642,0.0,0.25635469192638993,0.250494;0.256394;0.256355;0.256961;0.251351,36.72703322727649,27227.900326490795,,13.722541809082031,10158345607,6980,10,True,nid004902,57783767
SEISMIC,n_postings=2000 summary_energy=0.5 centroid_fraction=0.2 max_fraction=6.0 doc_cut=15 query_cut=30 heap_factor=0.7,64,0.9863467048710601,0.9998567335243553,128.621746613062,0.6751431790180504,0.0,0.21395566500723362,0.213956;0.214462;0.207439;0.213118;0.214775,30.652674069804245,32623.581150627695,,10.623363494873047,6960305618,6980,10,True,nid004902,57783767
SEISMIC,n_postings=2000 summary_energy=0.6 centroid_fraction=0.1 max_fraction=6.0 doc_cut=15 query_cut=20 heap_factor=0.8,64,0.9866189111747851,0.9998567335243553,123.90327531599905,0.6835632720030844,0.0,0.23507526493631303,0.235681;0.229578;0.235075;0.230621;0.235623,33.67840471866949,29692.617817068218,,10.620681762695312,7198204315,6980,10,True,nid004902,57783767
SEISMIC,n_postings=3000 summary_energy=0.6 centroid_fraction=0.2 max_fraction=6.0 doc_cut=15 query_cut=10 heap_factor=0.9,64,0.9866618911174785,0.9998567335243553,176.91344574803952,0.6696617860579863,0.0,0.12331768602598459,0.125833;0.117439;0.123318;0.123855;0.117408,17.66729026160238,56601.77566524583,,10.805496215820312,8956796707,6980,10,True,nid004902,57783767
SEISMIC,n_postings=2000 summary_energy=0.6 centroid_fraction=0.2 max_fraction=6.0 doc_cut=15 query_cut=30 heap_factor=0.8,64,0.9867335243553008,0.9998567335243553,129.7284179100534,0.685932709951885,0.0,0.19099340995308012,0.185967;0.191904;0.190993;0.191830;0.185536,27.36295271534099,36545.763551290715,,10.624176025390625,7498989408,6980,10,True,nid004902,57783767
SEISMIC,n_postings=3000 summary_energy=0.5 centroid_fraction=0.2 max_fraction=6.0 doc_cut=15 query_cut=10 heap_factor=0.8,64,0.9869484240687679,1.0,177.1851971799042,0.6746510470984504,0.0,0.13512085191905499,0.137711;0.135486;0.129153;0.134753;0.135121,19.35828824055229,51657.45997650617,,10.62612533569336,8135559998,6980,10,True,nid004902,57783767
SEISMIC,n_postings=2000 summary_energy=0.5 centroid_fraction=0.05 max_fraction=6.0 doc_cut=15 query_cut=20 heap_factor=0.7,64,0.9870200573065903,0.9998567335243553,121.59595555497799,0.6726014440646395,0.0,0.4302555770846084,0.429893;0.430256;0.422895;0.432576;0.431872,61.64120015538802,16222.915801106294,,10.62054443359375,6466387774,6980,10,True,nid004902,57783767
SEISMIC,n_postings=2000 summary_energy=0.6 centroid_fraction=0.05 max_fraction=6.0 doc_cut=15 query_cut=20 heap_factor=0.8,64,0.9871203438395415,0.9998567335243553,122.11319702595938,0.6780578430043533,0.0,0.39520223799627274,0.396295;0.389615;0.397307;0.388542;0.395202,56.6192318046236,17661.843301772573,,10.622798919677734,6863379172,6980,10,True,nid004902,57783767
SEISMIC,n_postings=3000 summary_energy=0.4 centroid_fraction=0.2 max_fraction=6.0 doc_cut=15 query_cut=20 heap_factor=0.7,64,0.987134670487106,1.0,180.09912425896619,0.6869613419985399,0.0,0.18959654995705932,0.188952;0.190387;0.182692;0.191492;0.189597,27.162829506742025,36815.01589338446,,10.626106262207031,7439926880,6980,10,True,nid004902,57783767
SEISMIC,n_postings=2000 summary_energy=0.5 centroid_fraction=0.1 max_fraction=6.0 doc_cut=15 query_cut=30 heap_factor=0.7,64,0.9872922636103152,0.9998567335243553,124.30024965305347,0.6756014070706442,0.0,0.30442583200056106,0.304336;0.304426;0.297994;0.306228;0.305375,43.61401604592565,22928.409045087657,,10.624202728271484,6725488309,6980,10,True,nid004902,57783767
SEISMIC,n_postings=3000 summary_energy=0.5 centroid_fraction=0.2 max_fraction=6.0 doc_cut=15 query_cut=12 heap_factor=0.8,64,0.9872922636103152,1.0,177.1851971799042,0.6746510470984504,0.0,0.1447042649379,0.144974;0.144461;0.137237;0.144780;0.144704,20.731270048409744,48236.31150744226,,10.62612533569336,8135559998,6980,10,True,nid004902,57783767
SEISMIC,n_postings=3000 summary_energy=0.5 centroid_fraction=0.2 max_fraction=6.0 doc_cut=15 query_cut=14 heap_factor=0.8,64,0.9874785100286533,1.0,177.1851971799042,0.6746510470984504,0.0,0.1519671380519867,0.146854;0.152126;0.152408;0.145919;0.151967,21.77179628251958,45930.98277347435,,10.62612533569336,8135559998,6980,10,True,nid004902,57783767
SEISMIC,n_postings=6000 summary_energy=0.5 centroid_fraction=0.1 max_fraction=6.0 doc_cut=15 query_cut=6 heap_factor=0.9,64,0.9874928366762178,0.9998567335243553,286.3074947820278,0.6164538189768791,0.0,0.16593581100460142,0.168943;0.159745;0.167529;0.165936;0.160518,23.77303882587413,42064.45828505605,,14.155742645263672,10828567151,6980,10,True,nid004902,57783767
SEISMIC,n_postings=2000 summary_energy=0.5 centroid_fraction=0.2 max_fraction=6.0 doc_cut=15 query_cut=50 heap_factor=0.7,64,0.9875071633237822,1.0,128.621746613062,0.6751431790180504,0.0,0.25670361204538494,0.256704;0.257920;0.250843;0.255846;0.257089,36.77702178300644,27190.891255421615,,10.623363494873047,6960305618,6980,10,True,nid004902,57783767
SEISMIC,n_postings=2000 summary_energy=0.6 centroid_fraction=0.2 max_fraction=6.0 doc_cut=15 query_cut=20 heap_factor=0.7,64,0.987650429799427,0.9998567335243553,129.7284179100534,0.685932709951885,0.0,0.23505044996272773,0.236018;0.236784;0.228231;0.235050;0.234905,33.67484956486071,29695.75255485292,,10.624176025390625,7498989408,6980,10,True,nid004902,57783767
SEISMIC,n_postings=3000 summary_energy=0.6 centroid_fraction=0.05 max_fraction=6.0 doc_cut=15 query_cut=4 heap_factor=0.9,64,0.9878080229226361,1.0,162.2555030999938,0.6747279760893434,0.0,0.2139312729705125,0.215804;0.209204;0.213931;0.216287;0.208285,30.649179508669416,32627.300829281266,,10.626129150390625,7966466838,6980,10,True,nid004902,57783767
SEISMIC,n_postings=2000 summary_energy=0.6 centroid_fraction=0.1 max_fraction=6.0 doc_cut=15 query_cut=30 heap_factor=0.8,64,0.9878223495702005,0.9998567335243553,123.90327531599905,0.6835632720030844,0.0,0.27392624295316637,0.267701;0.273926;0.274507;0.275017;0.268634,39.24444741449375,25481.31177483927,,10.620681762695312,7198204315,6980,10,True,nid004902,57783767
SEISMIC,n_postings=2000 summary_energy=0.6 centroid_fraction=0.1 max_fraction=6.0 doc_cut=15 query_cut=20 heap_factor=0.7,64,0.987836676217765,0.9998567335243553,123.90327531599905,0.6835632720030844,0.0,0.3496271170442924,0.350717;0.349627;0.343419;0.349150;0.350319,50.08984484875249,19964.126521444105,,10.620681762695312,7198204315,6980,10,True,nid004902,57783767
SEISMIC,n_postings=3000 summary_energy=0.4 centroid_fraction=0.2 max_fraction=6.0 doc_cut=15 query_cut=30 heap_factor=0.7,64,0.9878796561604585,1.0,180.09912425896619,0.6869613419985399,0.0,0.22095862403512,0.221048;0.221234;0.212939;0.218816;0.220959,31.655963328813755,31589.624666066768,,10.626106262207031,7439926880,6980,10,True,nid004902,57783767
SEISMIC,n_postings=2000 summary_energy=0.6 centroid_fraction=0.05 max_fraction=6.0 doc_cut=15 query_cut=20 heap_factor=0.7,64,0.9879083094555874,0.9998567335243553,122.11319702595938,0.6780578430043533,0.0,0.5829556889366359,0.583833;0.582956;0.576735;0.582877;0.585659,83.51800701097935,11973.465792455263,,10.622798919677734,6863379172,6980,10,True,nid004902,57783767
SEISMIC,n_postings=2000 summary_energy=0.5 centroid_fraction=0.05 max_fraction=6.0 doc_cut=15 query_cut=30 heap_factor=0.7,64,0.9882091690544412,0.9998567335243553,121.59595555497799,0.6726014440646395,0.0,0.5034043570049107,0.503537;0.503404;0.497011;0.504093;0.502595,72.12096805227947,13865.593141721478,,10.62054443359375,6466387774,6980,10,True,nid004902,57783767
SEISMIC,n_postings=3000 summary_energy=0.5 centroid_fraction=0.2 max_fraction=6.0 doc_cut=15 query_cut=20 heap_factor=0.8,64,0.9882521489971346,1.0,177.1851971799042,0.6746510470984504,0.0,0.17228790593799204,0.173260;0.166479;0.173620;0.166143;0.172288,24.68308107994155,40513.58081113462,,10.62612533569336,8135559998,6980,10,True,nid004902,57783767
SEISMIC,n_postings=6000 summary_energy=0.5 centroid_fraction=0.1 max_fraction=6.0 doc_cut=15 query_cut=7 heap_factor=0.9,64,0.9882521489971346,0.9998567335243553,286.3074947820278,0.6164538189768791,0.0,0.1786077549913898,0.180453;0.178608;0.174247;0.177234;0.179216,25.58850358042834,39080.050025467746,,14.161415100097656,10828567151,6980,10,True,nid004902,57783767
SEISMIC,n_postings=2000 summary_energy=0.6 centroid_fraction=0.05 max_fraction=6.0 doc_cut=15 query_cut=30 heap_factor=0.8,64,0.9882951289398281,0.9998567335243553,122.11319702595938,0.6780578430043533,0.0,0.47038974706083536,0.463392;0.471304;0.470579;0.470390;0.464544,67.39108124080735,14838.758802915147,,10.622798919677734,6863379172,6980,10,True,nid004902,57783767
SEISMIC,n_postings=2000 summary_energy=0.5 centroid_fraction=0.1 max_fraction=6.0 doc_cut=15 query_cut=50 heap_factor=0.7,64,0.9883381088825215,1.0,124.30024965305347,0.6756014070706442,0.0,0.3656082811066881,0.365698;0.366933;0.358413;0.363630;0.365608,52.37940990067165,19091.47128416155,,10.624202728271484,6725488309,6980,10,True,nid004902,57783767
SEISMIC,n_postings=3000 summary_energy=0.4 centroid_fraction=0.2 max_fraction=6.0 doc_cut=15 query_cut=50 heap_factor=0.7,64,0.9885243553008596,1.0,180.09912425896619,0.6869613419985399,0.0,0.2676618649857119,0.267662;0.268743;0.261065;0.267242;0.269035,38.34697206099024,26077.678269082528,,10.626106262207031,7439926880,6980,10,True,nid004902,57783767
SEISMIC,n_postings=3000 summary_energy=0.6 centroid_fraction=0.1 max_fraction=6.0 doc_cut=15 query_cut=5 heap_factor=0.9,64,0.9885959885386819,1.0,167.25350571796298,0.6769985699793324,0.0,0.139373222948052,0.141808;0.139491;0.134021;0.138958;0.139373,19.967510451010316,50081.356033516044,,10.62249755859375,8492482423,6980,10,True,nid004902,57783767
SEISMIC,n_postings=6000 summary_energy=0.5 centroid_fraction=0.1 max_fraction=6.0 doc_cut=15 query_cut=8 heap_factor=0.9,64,0.9887822349570201,0.9998567335243553,286.3074947820278,0.6164538189768791,0.0,0.1879776860587299,0.183301;0.188145;0.188769;0.181914;0.187978,26.930900581479925,37132.066823182606,,14.1705322265625,10828567151,6980,10,True,nid004902,57783767
SEISMIC,n_postings=2000 summary_energy=0.6 centroid_fraction=0.2 max_fraction=6.0 doc_cut=15 query_cut=30 heap_factor=0.7,64,0.9888395415472779,0.9998567335243553,129.7284179100534,0.685932709951885,0.0,0.2728703370084986,0.274152;0.273030;0.266512;0.271962;0.272870,39.09317149118891,25579.914902155913,,10.624176025390625,7498989408,6980,10,True,nid004902,57783767
SEISMIC,n_postings=3000 summary_energy=0.5 centroid_fraction=0.2 max_fraction=6.0 doc_cut=15 query_cut=30 heap_factor=0.8,64,0.9888681948424068,1.0,177.1851971799042,0.6746510470984504,0.0,0.22378740005660802,0.216833;0.223787;0.224676;0.226122;0.218429,32.06123209980058,31190.317230703684,,10.62612533569336,8135559998,6980,10,True,nid004902,57783767
SEISMIC,n_postings=2000 summary_energy=0.6 centroid_fraction=0.1 max_fraction=6.0 doc_cut=15 query_cut=30 heap_factor=0.7,64,0.989025787965616,0.9998567335243553,123.90327531599905,0.6835632720030844,0.0,0.4065582740586251,0.409634;0.408250;0.399640;0.404762;0.406558,58.24617106857094,17168.51050728707,,10.620681762695312,7198204315,6980,10,True,nid004902,57783767
SEISMIC,n_postings=2000 summary_energy=0.6 centroid_fraction=0.05 max_fraction=6.0 doc_cut=15 query_cut=30 heap_factor=0.7,64,0.989083094555874,0.9998567335243553,122.11319702595938,0.6780578430043533,0.0,0.7016865910263732,0.701687;0.703038;0.694545;0.699345;0.703591,100.52816490349186,9947.461002197851,,10.622798919677734,6863379172,6980,10,True,nid004902,57783767
SEISMIC,n_postings=6000 summary_energy=0.4 centroid_fraction=0.1 max_fraction=6.0 doc_cut=15 query_cut=10 heap_factor=0.8,64,0.9890974212034384,1.0,286.48011370608583,4.549541249056347,0.0,0.2173657959792763,0.217366;0.217976;0.209530;0.217452;0.215577,31.14123151565563,32111.7679465332,,12.733036041259766,9593816020,6980,10,True,nid004902,57783767
SEISMIC,n_postings=2000 summary_energy=0.5 centroid_fraction=0.05 max_fraction=6.0 doc_cut=15 query_cut=50 heap_factor=0.7,64,0.9892120343839541,1.0,121.59595555497799,0.6726014440646395,0.0,0.6028711129911244,0.602338;0.605140;0.600050;0.602871;0.604515,86.37121962623559,11577.930754334819,,10.62054443359375,6466387774,6980,10,True,nid004902,57783767
SEISMIC,n_postings=6000 summary_energy=0.5 centroid_fraction=0.1 max_fraction=6.0 doc_cut=15 query_cut=10 heap_factor=0.9,64,0.9893553008595989,0.9998567335243553,286.3074947820278,0.6164538189768791,0.0,0.20704957796260715,0.208193;0.201332;0.208781;0.207050;0.200845,29.66326331842509,33711.73256513751,,14.176013946533203,10828567151,6980,10,True,nid004902,57783767
SEISMIC,n_postings=3000 summary_energy=0.6 centroid_fraction=0.1 max_fraction=6.0 doc_cut=15 query_cut=6 heap_factor=0.9,64,0.9893696275071633,1.0,167.25350571796298,0.6769985699793324,0.0,0.14911309897433966,0.151422;0.142065;0.149113;0.150397;0.143013,21.362908162512845,46810.10620804791,,10.62249755859375,8492482423,6980,10,True,nid004902,57783767
SEISMIC,n_postings=6000 summary_energy=0.6 centroid_fraction=0.1 max_fraction=6.0 doc_cut=15 query_cut=3 heap_factor=0.9,64,0.9894699140401146,0.9998567335243553,291.4815624970943,0.6152477239957079,0.0,0.15323440602514893,0.150948;0.153234;0.157203;0.148764;0.155883,21.95335329873194,45551.12772032697,,15.657623291015625,12283379698,6980,10,True,nid004902,57783767
SEISMIC,n_postings=6000 summary_energy=0.4 centroid_fraction=0.1 max_fraction=6.0 doc_cut=15 query_cut=12 heap_factor=0.8,64,0.9897277936962751,1.0,286.48011370608583,4.549541249056347,0.0,0.2365265900734812,0.237339;0.236839;0.230609;0.236527;0.235179,33.886330956086134,29510.424167665624,,12.736591339111328,9593816020,6980,10,True,nid004902,57783767
SEISMIC,n_postings=2000 summary_energy=0.6 centroid_fraction=0.2 max_fraction=6.0 doc_cut=15 query_cut=50 heap_factor=0.7,64,0.9898280802292264,1.0,129.7284179100534,0.685932709951885,0.0,0.3337664200225845,0.333133;0.333766;0.327639;0.334798;0.335920,47.817538685184026,20912.82879664076,,10.624176025390625,7498989408,6980,10,True,nid004902,57783767
SEISMIC,n_postings=6000 summary_energy=0.5 centroid_fraction=0.05 max_fraction=6.0 doc_cut=15 query_cut=4 heap_factor=0.9,64,0.9899713467048711,1.0,275.6321060321061,0.6137457409640774,0.0,0.22947972803376615,0.234063;0.223858;0.233722;0.229480;0.226965,32.87675186730174,30416.630086701807,,13.12960433959961,10013978196,6980,10,True,nid004902,57783767
SEISMIC,n_postings=2000 summary_energy=0.6 centroid_fraction=0.1 max_fraction=6.0 doc_cut=15 query_cut=50 heap_factor=0.7,64,0.9900143266475645,1.0,123.90327531599905,0.6835632720030844,0.0,0.4918477199971676,0.491598;0.492883;0.484951;0.493050;0.491848,70.46528939787503,14191.384276499637,,10.620681762695312,7198204315,6980,10,True,nid004902,57783767
SEISMIC,n_postings=3000 summary_energy=0.6 centroid_fraction=0.1 max_fraction=6.0 doc_cut=15 query_cut=7 heap_factor=0.9,64,0.9900286532951289,1.0,167.25350571796298,0.6769985699793324,0.0,0.15596244297921658,0.157505;0.155962;0.149620;0.155886;0.156631,22.344189538569708,44754.364362772576,,10.62249755859375,8492482423,6980,10,True,nid004902,57783767
SEISMIC,n_postings=2000 summary_energy=0.6 centroid_fraction=0.05 max_fraction=6.0 doc_cut=15 query_cut=50 heap_factor=0.7,64,0.9900716332378223,1.0,122.11319702595938,0.6780578430043533,0.0,0.8663200290175155,0.867717;0.866320;0.856928;0.862579;0.867505,124.11461733775292,8057.068711566031,,10.622798919677734,6863379172,6980,10,True,nid004902,57783767
SEISMIC,n_postings=6000 summary_energy=0.4 centroid_fraction=0.1 max_fraction=6.0 doc_cut=15 query_cut=14 heap_factor=0.8,64,0.9900859598853868,1.0,286.48011370608583,4.549541249056347,0.0,0.24955686798784882,0.246088;0.249557;0.250210;0.244927;0.249622,35.753132949548544,27969.576859491055,,12.740020751953125,9593816020,6980,10,True,nid004902,57783767
SEISMIC,n_postings=3000 summary_energy=0.5 centroid_fraction=0.1 max_fraction=6.0 doc_cut=15 query_cut=10 heap_factor=0.8,64,0.9903008595988538,1.0,166.68915670190472,0.6707264808937907,0.0,0.19291772693395615,0.193296;0.193175;0.185505;0.192332;0.192918,27.638642827214348,36181.22663444789,,10.623851776123047,7773717347,6980,10,True,nid004902,57783767
SEISMIC,n_postings=3000 summary_energy=0.4 centroid_fraction=0.1 max_fraction=6.0 doc_cut=15 query_cut=20 heap_factor=0.7,64,0.9903295128939829,1.0,166.56166284903884,0.6728109989780933,0.0,0.2644322810228914,0.264646;0.264997;0.257115;0.262803;0.264432,37.88428094883831,26396.17210500769,,10.622840881347656,7160610580,6980,10,True,nid004902,57783767
SEISMIC,n_postings=3000 summary_energy=0.6 centroid_fraction=0.05 max_fraction=6.0 doc_cut=15 query_cut=5 heap_factor=0.9,64,0.9904154727793696,1.0,162.2555030999938,0.6747279760893434,0.0,0.23665820702444762,0.237661;0.235862;0.230401;0.236658;0.236724,33.90518725278619,29494.01200896845,,10.626129150390625,7966466838,6980,10,True,nid004902,57783767
SEISMIC,n_postings=3000 summary_energy=0.6 centroid_fraction=0.1 max_fraction=6.0 doc_cut=15 query_cut=8 heap_factor=0.9,64,0.9905587392550144,1.0,167.25350571796298,0.6769985699793324,0.0,0.1618127500405535,0.158561;0.161813;0.163910;0.156302;0.162778,23.182342412686747,43136.279423288164,,10.62249755859375,8492482423,6980,10,True,nid004902,57783767
SEISMIC,n_postings=3000 summary_energy=0.5 centroid_fraction=0.1 max_fraction=6.0 doc_cut=15 query_cut=12 heap_factor=0.8,64,0.9905873925501433,1.0,166.68915670190472,0.6707264808937907,0.0,0.20772538194432855,0.207725;0.207840;0.199696;0.207781;0.206709,29.760083373112973,33602.05640093937,,10.623851776123047,7773717347,6980,10,True,nid004902,57783767
SEISMIC,n_postings=6000 summary_energy=0.4 centroid_fraction=0.1 max_fraction=6.0 doc_cut=15 query_cut=20 heap_factor=0.8,64,0.9906446991404011,1.0,286.48011370608583,4.549541249056347,0.0,0.28509435697924346,0.285094;0.280243;0.288905;0.278337;0.286660,40.84446375060795,24483.122268562423,,12.742877960205078,9593816020,6980,10,True,nid004902,57783767
SEISMIC,n_postings=6000 summary_energy=0.6 centroid_fraction=0.2 max_fraction=6.0 doc_cut=15 query_cut=4 heap_factor=0.9,64,0.9906733524355301,1.0,323.33568878204096,0.6166868850123137,0.0,0.11946238309610635,0.124288;0.114151;0.121075;0.119462;0.113830,17.114954598296038,58428.43428282069,,16.618938446044922,13225762086,6980,10,True,nid004902,57783767
SEISMIC,n_postings=3000 summary_energy=0.5 centroid_fraction=0.1 max_fraction=6.0 doc_cut=15 query_cut=14 heap_factor=0.8,64,0.9908309455587393,1.0,166.68915670190472,0.6707264808937907,0.0,0.21656918292865157,0.210992;0.217309;0.217687;0.210617;0.216569,31.02710357144005,32229.8856449006,,10.623851776123047,7773717347,6980,10,True,nid004902,57783767
SEISMIC,n_postings=3000 summary_energy=0.4 centroid_fraction=0.1 max_fraction=6.0 doc_cut=15 query_cut=30 heap_factor=0.7,64,0.9910888252148997,1.0,166.56166284903884,0.6728109989780933,0.0,0.3025387410307303,0.303853;0.302288;0.296942;0.302539;0.304277,43.34365917345706,23071.425418839197,,10.622840881347656,7160610580,6980,10,True,nid004902,57783767
SEISMIC,n_postings=3000 summary_energy=0.6 centroid_fraction=0.1 max_fraction=6.0 doc_cut=15 query_cut=10 heap_factor=0.9,64,0.9910888252148997,1.0,167.25350571796298,0.6769985699793324,0.0,0.17470728105399758,0.175713;0.168139;0.175438;0.174707;0.168178,25.029696426074153,39952.54209149222,,10.62249755859375,8492482423,6980,10,True,nid004902,57783767
SEISMIC,n_postings=3000 summary_energy=0.6 centroid_fraction=0.05 max_fraction=6.0 doc_cut=15 query_cut=6 heap_factor=0.9,64,0.991160458452722,1.0,162.2555030999938,0.6747279760893434,0.0,0.25084243796300143,0.252134;0.244564;0.250842;0.252121;0.245805,35.9373120290833,27826.23250149375,,10.626129150390625,7966466838,6980,10,True,nid004902,57783767
SEISMIC,n_postings=6000 summary_energy=0.4 centroid_fraction=0.1 max_fraction=6.0 doc_cut=15 query_cut=30 heap_factor=0.8,64,0.9913180515759312,1.0,286.48011370608583,4.549541249056347,0.0,0.3361619940260425,0.329833;0.336162;0.337173;0.343923;0.330739,48.160744129805515,20763.798775715433,,12.752681732177734,9593816020,6980,10,True,nid004902,57783767
SEISMIC,n_postings=3000 summary_energy=0.5 centroid_fraction=0.1 max_fraction=6.0 doc_cut=15 query_cut=20 heap_factor=0.8,64,0.9915042979942693,1.0,166.68915670190472,0.6707264808937907,0.0,0.24465631903149188,0.245970;0.238456;0.244656;0.238996;0.244778,35.05104857184697,28529.816959690066,,10.623851776123047,7773717347,6980,10,True,nid004902,57783767
SEISMIC,n_postings=6000 summary_energy=0.6 centroid_fraction=0.05 max_fraction=6.0 doc_cut=15 query_cut=3 heap_factor=0.9,64,0.9916618911174785,0.9998567335243553,276.41479485097807,0.6214352559763938,0.0,0.272486130008474,0.271198;0.272486;0.275454;0.266642;0.273952,39.038127508377364,25615.982728305953,,14.7198486328125,11225826025,6980,10,True,nid004902,57783767
SEISMIC,n_postings=3000 summary_energy=0.6 centroid_fraction=0.05 max_fraction=6.0 doc_cut=15 query_cut=7 heap_factor=0.9,64,0.9917048710601719,1.0,162.2555030999938,0.6747279760893434,0.0,0.2649586800253019,0.264930;0.264959;0.258232;0.267733;0.265113,37.95969627869655,26343.73027271065,,10.626129150390625,7966466838,6980,10,True,nid004902,57783767
SEISMIC,n_postings=6000 summary_energy=0.5 centroid_fraction=0.05 max_fraction=6.0 doc_cut=15 query_cut=5 heap_factor=0.9,64,0.9917478510028653,1.0,275.6321060321061,0.6137457409640774,0.0,0.26152574096340686,0.261526;0.261616;0.253156;0.259660;0.261547,37.46787119819582,26689.53340610802,,13.133338928222656,10013978196,6980,10,True,nid004902,57783767
SEISMIC,n_postings=3000 summary_energy=0.4 centroid_fraction=0.1 max_fraction=6.0 doc_cut=15 query_cut=50 heap_factor=0.7,64,0.9918051575931232,1.0,166.56166284903884,0.6728109989780933,0.0,0.3629837550688535,0.362984;0.363404;0.355684;0.361156;0.363130,52.00340330499334,19229.51069442758,,10.622840881347656,7160610580,6980,10,True,nid004902,57783767
SEISMIC,n_postings=3000 summary_energy=0.4 centroid_fraction=0.05 max_fraction=6.0 doc_cut=15 query_cut=20 heap_factor=0.7,64,0.9919770773638968,1.0,162.07781643501949,0.6717430209973827,0.0,0.4285525439772755,0.428049;0.429062;0.421130;0.428835;0.428553,61.3972126041942,16287.384354834498,,10.62363052368164,6851761907,6980,10,True,nid004902,57783767
SEISMIC,n_postings=3000 summary_energy=0.5 centroid_fraction=0.1 max_fraction=6.0 doc_cut=15 query_cut=30 heap_factor=0.8,64,0.9921060171919771,1.0,166.68915670190472,0.6707264808937907,0.0,0.29329161799978465,0.288972;0.293292;0.294950;0.295272;0.289066,42.01885644696055,23798.83901082071,,10.623851776123047,7773717347,6980,10,True,nid004902,57783767
SEISMIC,n_postings=6000 summary_energy=0.6 centroid_fraction=0.05 max_fraction=6.0 doc_cut=15 query_cut=5 heap_factor=1.0,64,0.9921060171919771,1.0,276.41479485097807,0.6214352559763938,0.0,0.24174999597016722,0.239087;0.241750;0.246434;0.235130;0.243543,34.634669909766075,28872.80296319573,,14.746688842773438,11225826025,6980,10,True,nid004902,57783767
SEISMIC,n_postings=6000 summary_energy=0.6 centroid_fraction=0.2 max_fraction=6.0 doc_cut=15 query_cut=5 heap_factor=0.9,64,0.9921060171919771,1.0,323.33568878204096,0.6166868850123137,0.0,0.13532127300277352,0.136992;0.135321;0.129587;0.133502;0.136413,19.387001862861535,51580.95135461029,,16.625709533691406,13225762086,6980,10,True,nid004902,57783767
SEISMIC,n_postings=3000 summary_energy=0.6 centroid_fraction=0.05 max_fraction=6.0 doc_cut=15 query_cut=8 heap_factor=0.9,64,0.9922492836676218,1.0,162.2555030999938,0.6747279760893434,0.0,0.279141507926397,0.273619;0.280325;0.279142;0.273241;0.281838,39.99162004676175,25005.23856824783,,10.626129150390625,7966466838,6980,10,True,nid004902,57783767
SEISMIC,n_postings=3000 summary_energy=0.5 centroid_fraction=0.05 max_fraction=6.0 doc_cut=15 query_cut=10 heap_factor=0.8,64,0.9925501432664756,1.0,162.52711232099682,0.6755581670440733,0.0,0.3210566899506375,0.324937;0.321057;0.313725;0.320955;0.321918,45.996660451380734,21740.708785956696,,10.622322082519531,7367556756,6980,10,True,nid004902,57783767
SEISMIC,n_postings=3000 summary_energy=0.4 centroid_fraction=0.05 max_fraction=6.0 doc_cut=15 query_cut=30 heap_factor=0.7,64,0.992593123209169,1.0,162.07781643501949,0.6717430209973827,0.0,0.49218818091321737,0.496349;0.491479;0.486805;0.496472;0.492188,70.51406603341223,14181.56768220063,,10.62363052368164,6851761907,6980,10,True,nid004902,57783767
SEISMIC,n_postings=3000 summary_energy=0.6 centroid_fraction=0.05 max_fraction=6.0 doc_cut=15 query_cut=10 heap_factor=0.9,64,0.9927077363896848,1.0,162.2555030999938,0.6747279760893434,0.0,0.2992151490179822,0.300283;0.294350;0.299215;0.300157;0.294483,42.86749985930977,23327.695883407683,,10.626129150390625,7966466838,6980,10,True,nid004902,57783767
SEISMIC,n_postings=6000 summary_energy=0.5 centroid_fraction=0.05 max_fraction=6.0 doc_cut=15 query_cut=6 heap_factor=0.9,64,0.9927507163323782,1.0,275.6321060321061,0.6137457409640774,0.0,0.288744593039155,0.290801;0.282738;0.288745;0.288885;0.281012,41.367420206182665,24173.612833863463,,13.137588500976562,10013978196,6980,10,True,nid004902,57783767
SEISMIC,n_postings=3000 summary_energy=0.5 centroid_fraction=0.05 max_fraction=6.0 doc_cut=15 query_cut=12 heap_factor=0.8,64,0.9928510028653296,1.0,162.52711232099682,0.6755581670440733,0.0,0.3468006011098623,0.348584;0.346801;0.340770;0.347638;0.345672,49.68489987247312,20126.83939319015,,10.622322082519531,7367556756,6980,10,True,nid004902,57783767
SEISMIC,n_postings=3000 summary_energy=0.5 centroid_fraction=0.05 max_fraction=6.0 doc_cut=15 query_cut=14 heap_factor=0.8,64,0.9929942693409742,1.0,162.52711232099682,0.6755581670440733,0.0,0.36405971099156886,0.360001;0.366725;0.366286;0.357360;0.364060,52.15755171798981,19172.679066818375,,10.622322082519531,7367556756,6980,10,True,nid004902,57783767
SEISMIC,n_postings=6000 summary_energy=0.6 centroid_fraction=0.2 max_fraction=6.0 doc_cut=15 query_cut=6 heap_factor=0.9,64,0.9930372492836677,1.0,323.33568878204096,0.6166868850123137,0.0,0.1500465580029413,0.152522;0.142888;0.150047;0.150718;0.142187,21.49664154769933,46518.894487824065,,16.635055541992188,13225762086,6980,10,True,nid004902,57783767
SEISMIC,n_postings=3000 summary_energy=0.4 centroid_fraction=0.05 max_fraction=6.0 doc_cut=15 query_cut=50 heap_factor=0.7,64,0.9932808022922636,1.0,162.07781643501949,0.6717430209973827,0.0,0.5815197040792555,0.581520;0.584542;0.578351;0.580904;0.584319,83.3122785213833,12003.03265914562,,10.62363052368164,6851761907,6980,10,True,nid004902,57783767
SEISMIC,n_postings=6000 summary_energy=0.5 centroid_fraction=0.05 max_fraction=6.0 doc_cut=15 query_cut=7 heap_factor=0.9,64,0.9934240687679083,1.0,275.6321060321061,0.6137457409640774,0.0,0.30825989600270987,0.311892;0.310557;0.304385;0.306566;0.308260,44.163308882909725,22643.23089221648,,13.140045166015625,10013978196,6980,10,True,nid004902,57783767
SEISMIC,n_postings=6000 summary_energy=0.6 centroid_fraction=0.1 max_fraction=6.0 doc_cut=15 query_cut=4 heap_factor=0.9,64,0.9934957020057307,1.0,291.4815624970943,0.6152477239957079,0.0,0.17932580201886594,0.181810;0.174669;0.181174;0.179326;0.174827,25.691375647401998,38923.56772655432,,15.657623291015625,12283379698,6980,10,True,nid004902,57783767
SEISMIC,n_postings=6000 summary_energy=0.6 centroid_fraction=0.2 max_fraction=6.0 doc_cut=15 query_cut=7 heap_factor=0.9,64,0.9935386819484241,1.0,323.33568878204096,0.6166868850123137,0.0,0.1601290759863332,0.162997;0.160294;0.155144;0.159639;0.160129,22.941128364804182,43589.83499408773,,16.640945434570312,13225762086,6980,10,True,nid004902,57783767
SEISMIC,n_postings=3000 summary_energy=0.5 centroid_fraction=0.05 max_fraction=6.0 doc_cut=15 query_cut=20 heap_factor=0.8,64,0.993567335243553,1.0,162.52711232099682,0.6755581670440733,0.0,0.41347965493332595,0.414222;0.408880;0.415383;0.407928;0.413480,59.237772913083944,16881.12079208718,,10.622322082519531,7367556756,6980,10,True,nid004902,57783767
SEISMIC,n_postings=6000 summary_energy=0.5 centroid_fraction=0.05 max_fraction=6.0 doc_cut=15 query_cut=8 heap_factor=0.9,64,0.99378223495702,1.0,275.6321060321061,0.6137457409640774,0.0,0.3265541590517387,0.324088;0.326554;0.330533;0.320091;0.329135,46.784263474461135,21374.70862496074,,13.144062042236328,10013978196,6980,10,True,nid004902,57783767
SEISMIC,n_postings=6000 summary_energy=0.6 centroid_fraction=0.2 max_fraction=6.0 doc_cut=15 query_cut=8 heap_factor=0.9,64,0.99378223495702,1.0,323.33568878204096,0.6166868850123137,0.0,0.17107905296143144,0.167325;0.171361;0.172720;0.164809;0.171079,24.509892974417113,40799.851759604906,,16.648338317871094,13225762086,6980,10,True,nid004902,57783767
SEISMIC,n_postings=6000 summary_energy=0.6 centroid_fraction=0.2 max_fraction=6.0 doc_cut=15 query_cut=10 heap_factor=0.9,64,0.9939684813753582,1.0,323.33568878204096,0.6166868850123137,0.0,0.19014360709115863,0.192165;0.185262;0.190722;0.190144;0.183939,27.24120445432072,36709.09638657296,,16.657577514648438,13225762086,6980,10,True,nid004902,57783767
SEISMIC,n_postings=6000 summary_energy=0.4 centroid_fraction=0.05 max_fraction=6.0 doc_cut=15 query_cut=10 heap_factor=0.8,64,0.9940114613180516,1.0,274.5992281559156,0.6912360879359767,0.0,0.3596617031143978,0.359828;0.362280;0.356550;0.359662;0.359502,51.52746462956989,19407.12602859434,,12.051811218261719,8976504461,6980,10,True,nid004902,57783767
SEISMIC,n_postings=3000 summary_energy=0.5 centroid_fraction=0.05 max_fraction=6.0 doc_cut=15 query_cut=30 heap_factor=0.8,64,0.9940687679083094,1.0,162.52711232099682,0.6755581670440733,0.0,0.4850294829811901,0.480169;0.485029;0.486524;0.486642;0.479740,69.48846461048569,14390.877760869418,,10.622322082519531,7367556756,6980,10,True,nid004902,57783767
SEISMIC,n_postings=3000 summary_energy=0.6 centroid_fraction=0.2 max_fraction=6.0 doc_cut=15 query_cut=10 heap_factor=0.8,64,0.9941117478510029,1.0,176.91344574803952,0.6696617860579863,0.0,0.17197774699889123,0.172492;0.171978;0.166260;0.171984;0.171271,24.638645701846883,40586.64636445668,,10.813060760498047,8956796707,6980,10,True,nid004902,57783767
SEISMIC,n_postings=6000 summary_energy=0.5 centroid_fraction=0.05 max_fraction=6.0 doc_cut=15 query_cut=10 heap_factor=0.9,64,0.9941547277936963,1.0,275.6321060321061,0.6137457409640774,0.0,0.36193951789755374,0.363496;0.354745;0.363488;0.361940;0.354272,51.85379912572403,19284.990046253184,,13.148151397705078,10013978196,6980,10,True,nid004902,57783767
SEISMIC,n_postings=6000 summary_energy=0.4 centroid_fraction=0.05 max_fraction=6.0 doc_cut=15 query_cut=12 heap_factor=0.8,64,0.994269340974212,1.0,274.5992281559156,0.6912360879359767,0.0,0.39708137698471546,0.397424;0.397081;0.390469;0.400106;0.396666,56.88844942474434,17578.2607912853,,12.053810119628906,8976504461,6980,10,True,nid004902,57783767
SEISMIC,n_postings=3000 summary_energy=0.6 centroid_fraction=0.2 max_fraction=6.0 doc_cut=15 query_cut=12 heap_factor=0.8,64,0.9943409742120344,1.0,176.91344574803952,0.6696617860579863,0.0,0.18437977402936667,0.184955;0.184396;0.179877;0.184380;0.184179,26.41544040535339,37856.64689494779,,10.813644409179688,8956796707,6980,10,True,nid004902,57783767
SEISMIC,n_postings=6000 summary_energy=0.4 centroid_fraction=0.05 max_fraction=6.0 doc_cut=15 query_cut=14 heap_factor=0.8,64,0.9944555873925501,1.0,274.5992281559156,0.6912360879359767,0.0,0.4189668030012399,0.418334;0.422269;0.418967;0.414576;0.420436,60.023897278114596,16660.03117669288,,12.053810119628906,8976504461,6980,10,True,nid004902,57783767
SEISMIC,n_postings=3000 summary_energy=0.6 centroid_fraction=0.2 max_fraction=6.0 doc_cut=15 query_cut=14 heap_factor=0.8,64,0.9945128939828081,1.0,176.91344574803952,0.6696617860579863,0.0,0.19388145196717232,0.189858;0.193881;0.193997;0.187950;0.194321,27.7767123162138,36001.380891153225,,10.820011138916016,8956796707,6980,10,True,nid004902,57783767
SEISMIC,n_postings=6000 summary_energy=0.5 centroid_fraction=0.2 max_fraction=6.0 doc_cut=15 query_cut=10 heap_factor=0.8,64,0.9945558739255015,1.0,328.95050867891405,0.6148902700515464,0.0,0.20756387407891452,0.208858;0.208737;0.201842;0.207564;0.207099,29.73694471044621,33628.202551982846,,14.960968017578125,11561845608,6980,10,True,nid004902,57783767
SEISMIC,n_postings=3000 summary_energy=0.6 centroid_fraction=0.1 max_fraction=6.0 doc_cut=15 query_cut=10 heap_factor=0.8,64,0.9947134670487106,1.0,167.25350571796298,0.6769985699793324,0.0,0.256279575987719,0.258692;0.256933;0.251126;0.256043;0.256280,36.71627163147837,27235.880866037034,,10.62249755859375,8492482423,6980,10,True,nid004902,57783767
SEISMIC,n_postings=6000 summary_energy=0.6 centroid_fraction=0.1 max_fraction=6.0 doc_cut=15 query_cut=5 heap_factor=0.9,64,0.994756446991404,1.0,291.4815624970943,0.6152477239957079,0.0,0.20143793406896293,0.203173;0.200653;0.196345;0.201438;0.202774,28.85930287520959,34650.8716556355,,15.65908432006836,12283379698,6980,10,True,nid004902,57783767
SEISMIC,n_postings=6000 summary_energy=0.4 centroid_fraction=0.05 max_fraction=6.0 doc_cut=15 query_cut=20 heap_factor=0.8,64,0.9947707736389685,1.0,274.5992281559156,0.6912360879359767,0.0,0.47649250202812254,0.476493;0.469432;0.476707;0.468486;0.482869,68.26540143669378,14648.708993930908,,12.059112548828125,8976504461,6980,10,True,nid004902,57783767
SEISMIC,n_postings=6000 summary_energy=0.5 centroid_fraction=0.2 max_fraction=6.0 doc_cut=15 query_cut=12 heap_factor=0.8,64,0.9948424068767908,1.0,328.95050867891405,0.6148902700515464,0.0,0.22775988292414695,0.228542;0.228163;0.223194;0.227760;0.227503,32.63035571979183,30646.310098098427,,14.962398529052734,11561845608,6980,10,True,nid004902,57783767
SEISMIC,n_postings=3000 summary_energy=0.6 centroid_fraction=0.1 max_fraction=6.0 doc_cut=15 query_cut=12 heap_factor=0.8,64,0.9949570200573066,1.0,167.25350571796298,0.6769985699793324,0.0,0.2805345320375636,0.280535;0.281117;0.275040;0.279897;0.280715,40.19119370165668,24881.07239170605,,10.62249755859375,8492482423,6980,10,True,nid004902,57783767
SEISMIC,n_postings=3000 summary_energy=0.5 centroid_fraction=0.2 max_fraction=6.0 doc_cut=15 query_cut=20 heap_factor=0.7,64,0.9949856733524355,1.0,177.1851971799042,0.6746510470984504,0.0,0.2547567159635946,0.254868;0.254757;0.246921;0.255042;0.254504,36.49809684292187,27398.688876949804,,10.62612533569336,8135559998,6980,10,True,nid004902,57783767
SEISMIC,n_postings=6000 summary_energy=0.5 centroid_fraction=0.2 max_fraction=6.0 doc_cut=15 query_cut=14 heap_factor=0.8,64,0.9950429799426934,1.0,328.95050867891405,0.6148902700515464,0.0,0.24266645195893943,0.237302;0.242666;0.243026;0.235606;0.242715,34.76596732936095,28763.761713469386,,14.967731475830078,11561845608,6980,10,True,nid004902,57783767
SEISMIC,n_postings=3000 summary_energy=0.6 centroid_fraction=0.05 max_fraction=6.0 doc_cut=15 query_cut=10 heap_factor=0.8,64,0.9950859598853868,1.0,162.2555030999938,0.6747279760893434,0.0,0.4429011018946767,0.444885;0.444161;0.435616;0.442205;0.442901,63.4528799276041,15759.725975258167,,10.626129150390625,7966466838,6980,10,True,nid004902,57783767
SEISMIC,n_postings=3000 summary_energy=0.6 centroid_fraction=0.1 max_fraction=6.0 doc_cut=15 query_cut=14 heap_factor=0.8,64,0.9950859598853868,1.0,167.25350571796298,0.6769985699793324,0.0,0.2957052680430934,0.291165;0.296156;0.297156;0.289409;0.295705,42.36465158210507,23604.584545253347,,10.62249755859375,8492482423,6980,10,True,nid004902,57783767
SEISMIC,n_postings=3000 summary_energy=0.6 centroid_fraction=0.2 max_fraction=6.0 doc_cut=15 query_cut=20 heap_factor=0.8,64,0.9951002865329512,1.0,176.91344574803952,0.6696617860579863,0.0,0.2208280999911949,0.221924;0.215026;0.221415;0.215018;0.220828,31.637263609053708,31608.29622805392,,10.822673797607422,8956796707,6980,10,True,nid004902,57783767
SEISMIC,n_postings=6000 summary_energy=0.4 centroid_fraction=0.05 max_fraction=6.0 doc_cut=15 query_cut=30 heap_factor=0.8,64,0.9952292263610315,1.0,274.5992281559156,0.6912360879359767,0.0,0.5572251899866387,0.552793;0.557340;0.557225;0.559701;0.550335,79.83168910983362,12526.354022450723,,12.073436737060547,8976504461,6980,10,True,nid004902,57783767
SEISMIC,n_postings=6000 summary_energy=0.5 centroid_fraction=0.2 max_fraction=6.0 doc_cut=15 query_cut=20 heap_factor=0.8,64,0.995243553008596,1.0,328.95050867891405,0.6148902700515464,0.0,0.28379347699228674,0.284949;0.277789;0.283883;0.275698;0.283793,40.65809125963994,24595.350372305104,,14.972606658935547,11561845608,6980,10,True,nid004902,57783767
SEISMIC,n_postings=3000 summary_energy=0.6 centroid_fraction=0.05 max_fraction=6.0 doc_cut=15 query_cut=12 heap_factor=0.8,64,0.9953008595988538,1.0,162.2555030999938,0.6747279760893434,0.0,0.4847448479849845,0.484534;0.486615;0.476139;0.485342;0.484745,69.44768595773417,14399.327871177731,,10.626129150390625,7966466838,6980,10,True,nid004902,57783767
SEISMIC,n_postings=6000 summary_energy=0.6 centroid_fraction=0.1 max_fraction=6.0 doc_cut=15 query_cut=6 heap_factor=0.9,64,0.9953724928366762,1.0,291.4815624970943,0.6152477239957079,0.0,0.2257114329840988,0.227957;0.218309;0.228582;0.225711;0.221244,32.33688151634654,30924.44147697089,,15.673099517822266,12283379698,6980,10,True,nid004902,57783767
SEISMIC,n_postings=6000 summary_energy=0.6 centroid_fraction=0.05 max_fraction=6.0 doc_cut=15 query_cut=4 heap_factor=0.9,64,0.9953868194842407,1.0,276.41479485097807,0.6214352559763938,0.0,0.32189102098345757,0.326019;0.316251;0.322530;0.321891;0.316911,46.11619211797386,21684.35757752532,,14.73333740234375,11225826025,6980,10,True,nid004902,57783767
SEISMIC,n_postings=3000 summary_energy=0.5 centroid_fraction=0.2 max_fraction=6.0 doc_cut=15 query_cut=30 heap_factor=0.7,64,0.9954297994269341,1.0,177.1851971799042,0.6746510470984504,0.0,0.31805319793056697,0.318053;0.319916;0.311261;0.317361;0.319295,45.566360735038245,21946.01420584923,,10.62612533569336,8135559998,6980,10,True,nid004902,57783767
SEISMIC,n_postings=3000 summary_energy=0.6 centroid_fraction=0.05 max_fraction=6.0 doc_cut=15 query_cut=14 heap_factor=0.8,64,0.9954297994269341,1.0,162.2555030999938,0.6747279760893434,0.0,0.5135416240664199,0.507894;0.516559;0.513542;0.506652;0.514176,73.57329857685099,13591.887537235401,,10.626129150390625,7966466838,6980,10,True,nid004902,57783767
SEISMIC,n_postings=6000 summary_energy=0.4 centroid_fraction=0.2 max_fraction=6.0 doc_cut=15 query_cut=20 heap_factor=0.7,64,0.995515759312321,1.0,328.1585805430077,0.6130696650361642,0.0,0.30846497497987,0.313449;0.308465;0.302155;0.308404;0.310054,44.19268982519628,22628.176830953027,,13.714988708496094,10158345607,6980,10,True,nid004902,57783767
SEISMIC,n_postings=6000 summary_energy=0.5 centroid_fraction=0.2 max_fraction=6.0 doc_cut=15 query_cut=30 heap_factor=0.8,64,0.995515759312321,1.0,328.95050867891405,0.6148902700515464,0.0,0.3511881730519235,0.345452;0.351188;0.351316;0.351938;0.345782,50.313491841249785,19875.38458183784,,14.973037719726562,11561845608,6980,10,True,nid004902,57783767
SEISMIC,n_postings=3000 summary_energy=0.6 centroid_fraction=0.2 max_fraction=6.0 doc_cut=15 query_cut=30 heap_factor=0.8,64,0.9955587392550144,1.0,176.91344574803952,0.6696617860579863,0.0,0.26936300308443606,0.265095;0.269363;0.270443;0.269895;0.263744,38.59068812097937,25912.987010365374,,10.833263397216797,8956796707,6980,10,True,nid004902,57783767
SEISMIC,n_postings=3000 summary_energy=0.5 centroid_fraction=0.1 max_fraction=6.0 doc_cut=15 query_cut=20 heap_factor=0.7,64,0.9955730659025788,1.0,166.68915670190472,0.6707264808937907,0.0,0.37834187503904104,0.378342;0.378273;0.372888;0.379466;0.379828,54.20370702565058,18448.92268211055,,10.623851776123047,7773717347,6980,10,True,nid004902,57783767
SEISMIC,n_postings=3000 summary_energy=0.6 centroid_fraction=0.1 max_fraction=6.0 doc_cut=15 query_cut=20 heap_factor=0.8,64,0.9956590257879656,1.0,167.25350571796298,0.6769985699793324,0.0,0.3356255709659308,0.336934;0.328094;0.335626;0.327892;0.336239,48.08389268852877,20796.985104298077,,10.62249755859375,8492482423,6980,10,True,nid004902,57783767
SEISMIC,n_postings=6000 summary_energy=0.6 centroid_fraction=0.1 max_fraction=6.0 doc_cut=15 query_cut=7 heap_factor=0.9,64,0.9956733524355301,1.0,291.4815624970943,0.6152477239957079,0.0,0.24316987104248255,0.243490;0.242756;0.237010;0.243170;0.244376,34.83809040723246,28704.213931094167,,15.67801284790039,12283379698,6980,10,True,nid004902,57783767
SEISMIC,n_postings=6000 summary_energy=0.4 centroid_fraction=0.2 max_fraction=6.0 doc_cut=15 query_cut=30 heap_factor=0.7,64,0.9957163323782235,1.0,328.1585805430077,0.6130696650361642,0.0,0.36713218898512423,0.367345;0.366217;0.359159;0.367132;0.367475,52.59773481162238,19012.225594533258,,13.716354370117188,10158345607,6980,10,True,nid004902,57783767
SEISMIC,n_postings=6000 summary_energy=0.6 centroid_fraction=0.1 max_fraction=6.0 doc_cut=15 query_cut=8 heap_factor=0.9,64,0.9957736389684814,1.0,291.4815624970943,0.6152477239957079,0.0,0.2585964830359444,0.256151;0.258596;0.259444;0.251981;0.258787,37.04820673867398,26991.85974246136,,15.685009002685547,12283379698,6980,10,True,nid004902,57783767
SEISMIC,n_postings=3000 summary_energy=0.5 centroid_fraction=0.2 max_fraction=6.0 doc_cut=15 query_cut=50 heap_factor=0.7,64,0.9958452722063037,1.0,177.1851971799042,0.6746510470984504,0.0,0.42269099899567664,0.428304;0.423784;0.418903;0.422691;0.416758,60.55744971284765,16513.24493917457,,10.62612533569336,8135559998,6980,10,True,nid004902,57783767
SEISMIC,n_postings=6000 summary_energy=0.4 centroid_fraction=0.2 max_fraction=6.0 doc_cut=15 query_cut=50 heap_factor=0.7,64,0.9958739255014326,1.0,328.1585805430077,0.6130696650361642,0.0,0.45389600296039134,0.453791;0.454830;0.450067;0.453896;0.454032,65.0280806533512,15377.971946162083,,13.730323791503906,10158345607,6980,10,True,nid004902,57783767
SEISMIC,n_postings=3000 summary_energy=0.5 centroid_fraction=0.05 max_fraction=6.0 doc_cut=15 query_cut=20 heap_factor=0.7,64,0.9959025787965616,1.0,162.52711232099682,0.6755581670440733,0.0,0.6449828909244388,0.645080;0.648783;0.638267;0.644749;0.644983,92.40442563387376,10821.992487266956,,10.622322082519531,7367556756,6980,10,True,nid004902,57783767
SEISMIC,n_postings=6000 summary_energy=0.6 centroid_fraction=0.1 max_fraction=6.0 doc_cut=15 query_cut=10 heap_factor=0.9,64,0.9959598853868195,1.0,291.4815624970943,0.6152477239957079,0.0,0.28581693791784346,0.287622;0.279344;0.286331;0.285817;0.279522,40.94798537504921,24421.225875725962,,15.695831298828125,12283379698,6980,10,True,nid004902,57783767
SEISMIC,n_postings=3000 summary_energy=0.5 centroid_fraction=0.1 max_fraction=6.0 doc_cut=15 query_cut=30 heap_factor=0.7,64,0.9960171919770774,1.0,166.68915670190472,0.6707264808937907,0.0,0.4546305800322443,0.454470;0.454649;0.450648;0.455213;0.454631,65.13332092152498,15353.12472712449,,10.623851776123047,7773717347,6980,10,True,nid004902,57783767
SEISMIC,n_postings=3000 summary_energy=0.6 centroid_fraction=0.05 max_fraction=6.0 doc_cut=15 query_cut=20 heap_factor=0.8,64,0.9960171919770774,1.0,162.2555030999938,0.6747279760893434,0.0,0.5908461790531874,0.593771;0.587273;0.596248;0.584644;0.590846,84.648449721087,11813.565437937219,,10.626129150390625,7966466838,6980,10,True,nid004902,57783767
SEISMIC,n_postings=3000 summary_energy=0.6 centroid_fraction=0.1 max_fraction=6.0 doc_cut=15 query_cut=30 heap_factor=0.8,64,0.9961318051575931,1.0,167.25350571796298,0.6769985699793324,0.0,0.4429755159653723,0.437711;0.444620;0.442976;0.443188;0.434928,63.463540969251056,15757.078548209493,,10.62249755859375,8492482423,6980,10,True,nid004902,57783767
SEISMIC,n_postings=6000 summary_energy=0.5 centroid_fraction=0.1 max_fraction=6.0 doc_cut=15 query_cut=10 heap_factor=0.8,64,0.9961747851002866,1.0,286.3074947820278,0.6164538189768791,0.0,0.31831828400027007,0.318984;0.318318;0.311412;0.317982;0.319420,45.604338681987116,21927.738213096418,,14.189037322998047,10828567151,6980,10,True,nid004902,57783767
SEISMIC,n_postings=3000 summary_energy=0.5 centroid_fraction=0.05 max_fraction=6.0 doc_cut=15 query_cut=30 heap_factor=0.7,64,0.9963323782234957,1.0,162.52711232099682,0.6755581670440733,0.0,0.7616977390134707,0.763170;0.764680;0.755809;0.761698;0.761339,109.1257505749958,9163.739948920287,,10.622322082519531,7367556756,6980,10,True,nid004902,57783767
SEISMIC,n_postings=6000 summary_energy=0.5 centroid_fraction=0.1 max_fraction=6.0 doc_cut=15 query_cut=12 heap_factor=0.8,64,0.9963323782234957,1.0,286.3074947820278,0.6164538189768791,0.0,0.35325729101896286,0.353257;0.355017;0.346691;0.351828;0.353626,50.60992708008064,19758.969389892405,,14.190364837646484,10828567151,6980,10,True,nid004902,57783767
SEISMIC,n_postings=6000 summary_energy=0.5 centroid_fraction=0.1 max_fraction=6.0 doc_cut=15 query_cut=14 heap_factor=0.8,64,0.9963753581661892,1.0,286.3074947820278,0.6164538189768791,0.0,0.37437867594417185,0.369155;0.376674;0.374379;0.370743;0.374548,53.63591345905041,18644.224280126662,,14.190364837646484,10828567151,6980,10,True,nid004902,57783767
SEISMIC,n_postings=3000 summary_energy=0.5 centroid_fraction=0.1 max_fraction=6.0 doc_cut=15 query_cut=50 heap_factor=0.7,64,0.9964183381088825,1.0,166.68915670190472,0.6707264808937907,0.0,0.5514647749951109,0.551075;0.552891;0.541124;0.551465;0.553638,79.00641475574655,12657.2000905441,,10.623851776123047,7773717347,6980,10,True,nid004902,57783767
SEISMIC,n_postings=3000 summary_energy=0.6 centroid_fraction=0.05 max_fraction=6.0 doc_cut=15 query_cut=30 heap_factor=0.8,64,0.996432664756447,1.0,162.2555030999938,0.6747279760893434,0.0,0.7240643630502746,0.725216;0.723692;0.724064;0.726354;0.717929,103.73414943413675,9640.026986820993,,10.626129150390625,7966466838,6980,10,True,nid004902,57783767
SEISMIC,n_postings=6000 summary_energy=0.6 centroid_fraction=0.05 max_fraction=6.0 doc_cut=15 query_cut=5 heap_factor=0.9,64,0.9964469914040115,1.0,276.41479485097807,0.6214352559763938,0.0,0.36458856996614486,0.366419;0.364589;0.360978;0.363109;0.367967,52.23331947939038,19144.867872978444,,14.742687225341797,11225826025,6980,10,True,nid004902,57783767
SEISMIC,n_postings=6000 summary_energy=0.4 centroid_fraction=0.1 max_fraction=6.0 doc_cut=15 query_cut=20 heap_factor=0.7,64,0.9965042979942693,1.0,286.48011370608583,4.549541249056347,0.0,0.4599130649585277,0.458477;0.462892;0.453603;0.461742;0.459913,65.89012391955984,15176.781291545645,,12.748050689697266,9593816020,6980,10,True,nid004902,57783767
SEISMIC,n_postings=6000 summary_energy=0.5 centroid_fraction=0.1 max_fraction=6.0 doc_cut=15 query_cut=20 heap_factor=0.8,64,0.9966332378223496,1.0,286.3074947820278,0.6164538189768791,0.0,0.43130742793437093,0.431307;0.426236;0.434197;0.424629;0.432076,61.79189511953739,16183.352170466442,,14.197895050048828,10828567151,6980,10,True,nid004902,57783767
SEISMIC,n_postings=3000 summary_energy=0.6 centroid_fraction=0.1 max_fraction=6.0 doc_cut=15 query_cut=20 heap_factor=0.7,64,0.996676217765043,1.0,167.25350571796298,0.6769985699793324,0.0,0.5232145169284195,0.525455;0.522439;0.518998;0.523215;0.524514,74.95909984647842,13340.608439109743,,10.62249755859375,8492482423,6980,10,True,nid004902,57783767
SEISMIC,n_postings=3000 summary_energy=0.6 centroid_fraction=0.2 max_fraction=6.0 doc_cut=15 query_cut=20 heap_factor=0.7,64,0.996676217765043,1.0,176.91344574803952,0.6696617860579863,0.0,0.33652258897200227,0.336784;0.336880;0.330136;0.336277;0.336523,48.212405296848466,20741.54968711689,,10.825515747070312,8956796707,6980,10,True,nid004902,57783767
SEISMIC,n_postings=3000 summary_energy=0.5 centroid_fraction=0.05 max_fraction=6.0 doc_cut=15 query_cut=50 heap_factor=0.7,64,0.9967335243553008,1.0,162.52711232099682,0.6755581670440733,0.0,0.9192477399483323,0.912236;0.919248;0.907145;0.920023;0.920113,131.69738394675247,7593.165255312264,,10.622322082519531,7367556756,6980,10,True,nid004902,57783767
SEISMIC,n_postings=3000 summary_energy=0.6 centroid_fraction=0.05 max_fraction=6.0 doc_cut=15 query_cut=20 heap_factor=0.7,64,0.9967621776504298,1.0,162.2555030999938,0.6747279760893434,0.0,0.910961891990155,0.913378;0.912541;0.904160;0.910962;0.910859,130.5102997120566,7662.2305075253735,,10.626129150390625,7966466838,6980,10,True,nid004902,57783767
SEISMIC,n_postings=6000 summary_energy=0.4 centroid_fraction=0.1 max_fraction=6.0 doc_cut=15 query_cut=30 heap_factor=0.7,64,0.9967765042979942,1.0,286.48011370608583,4.549541249056347,0.0,0.538460542098619,0.538461;0.538811;0.532439;0.538128;0.541511,77.1433441402033,12962.881129220445,,12.752681732177734,9593816020,6980,10,True,nid004902,57783767
SEISMIC,n_postings=6000 summary_energy=0.6 centroid_fraction=0.05 max_fraction=6.0 doc_cut=15 query_cut=6 heap_factor=0.9,64,0.9968051575931232,1.0,276.41479485097807,0.6214352559763938,0.0,0.4116513120243326,0.416068;0.407292;0.413606;0.411651;0.408897,58.97583266824249,16956.098027904292,,14.757987976074219,11225826025,6980,10,True,nid004902,57783767
SEISMIC,n_postings=6000 summary_energy=0.5 centroid_fraction=0.1 max_fraction=6.0 doc_cut=15 query_cut=30 heap_factor=0.8,64,0.9968194842406877,1.0,286.3074947820278,0.6164538189768791,0.0,0.5150505020283163,0.510410;0.519066;0.515797;0.515051;0.507639,73.78947020462984,13552.069112663938,,14.197895050048828,10828567151,6980,10,True,nid004902,57783767
SEISMIC,n_postings=6000 summary_energy=0.4 centroid_fraction=0.1 max_fraction=6.0 doc_cut=15 query_cut=50 heap_factor=0.7,64,0.9969914040114614,1.0,286.48011370608583,4.549541249056347,0.0,0.647289602085948,0.648087;0.647290;0.640831;0.651077;0.646607,92.73490001231346,10783.426734349405,,12.798358917236328,9593816020,6980,10,True,nid004902,57783767
SEISMIC,n_postings=6000 summary_energy=0.6 centroid_fraction=0.05 max_fraction=6.0 doc_cut=15 query_cut=7 heap_factor=0.9,64,0.9970487106017192,1.0,276.41479485097807,0.6214352559763938,0.0,0.4471303770551458,0.447130;0.446069;0.441099;0.447551;0.449234,64.05879327437619,15610.659347215718,,14.758480072021484,11225826025,6980,10,True,nid004902,57783767
SEISMIC,n_postings=3000 summary_energy=0.6 centroid_fraction=0.1 max_fraction=6.0 doc_cut=15 query_cut=30 heap_factor=0.7,64,0.9970916905444126,1.0,167.25350571796298,0.6769985699793324,0.0,0.6652045119553804,0.662643;0.669480;0.661449;0.665205;0.665914,95.30150601079949,10493.013613936811,,10.62249755859375,8492482423,6980,10,True,nid004902,57783767
SEISMIC,n_postings=3000 summary_energy=0.6 centroid_fraction=0.2 max_fraction=6.0 doc_cut=15 query_cut=30 heap_factor=0.7,64,0.9971060171919771,1.0,176.91344574803952,0.6696617860579863,0.0,0.40360625204630196,0.403670;0.401512;0.398737;0.403606;0.405284,57.82324527883982,17294.082944976904,,10.825515747070312,8956796707,6980,10,True,nid004902,57783767
SEISMIC,n_postings=3000 summary_energy=0.6 centroid_fraction=0.05 max_fraction=6.0 doc_cut=15 query_cut=30 heap_factor=0.7,64,0.9971776504297994,1.0,162.2555030999938,0.6747279760893434,0.0,1.117890106048435,1.119611;1.117485;1.112457;1.117890;1.119643,160.15617565163825,6243.905337594585,,10.626129150390625,7966466838,6980,10,True,nid004902,57783767
SEISMIC,n_postings=6000 summary_energy=0.6 centroid_fraction=0.05 max_fraction=6.0 doc_cut=15 query_cut=8 heap_factor=0.9,64,0.9971776504297994,1.0,276.41479485097807,0.6214352559763938,0.0,0.47924658202100545,0.473623;0.481303;0.480657;0.472172;0.479247,68.65996877091769,14564.527451745218,,14.758480072021484,11225826025,6980,10,True,nid004902,57783767
SEISMIC,n_postings=6000 summary_energy=0.6 centroid_fraction=0.05 max_fraction=6.0 doc_cut=15 query_cut=10 heap_factor=0.9,64,0.9973065902578797,1.0,276.41479485097807,0.6214352559763938,0.0,0.5326373159186915,0.536077;0.528838;0.537631;0.532637;0.525635,76.30907104852314,13104.60193342052,,14.762580871582031,11225826025,6980,10,True,nid004902,57783767
SEISMIC,n_postings=3000 summary_energy=0.6 centroid_fraction=0.1 max_fraction=6.0 doc_cut=15 query_cut=50 heap_factor=0.7,64,0.9974785100286533,1.0,167.25350571796298,0.6769985699793324,0.0,0.8062144339783117,0.816392;0.802108;0.799685;0.806214;0.811175,115.5035005699587,8657.74625933796,,10.62249755859375,8492482423,6980,10,True,nid004902,57783767
SEISMIC,n_postings=6000 summary_energy=0.5 centroid_fraction=0.05 max_fraction=6.0 doc_cut=15 query_cut=10 heap_factor=0.8,64,0.9974785100286533,1.0,275.6321060321061,0.6137457409640774,0.0,0.567278834991157,0.569699;0.567279;0.562147;0.568098;0.565517,81.27203939701391,12304.354700821523,,13.150581359863281,10013978196,6980,10,True,nid004902,57783767
SEISMIC,n_postings=3000 summary_energy=0.6 centroid_fraction=0.2 max_fraction=6.0 doc_cut=15 query_cut=50 heap_factor=0.7,64,0.9975071633237822,1.0,176.91344574803952,0.6696617860579863,0.0,0.49238395993597806,0.492384;0.492288;0.484917;0.493172;0.492920,70.54211460400832,14175.928884660601,,10.860786437988281,8956796707,6980,10,True,nid004902,57783767
SEISMIC,n_postings=3000 summary_energy=0.6 centroid_fraction=0.05 max_fraction=6.0 doc_cut=15 query_cut=50 heap_factor=0.7,64,0.9975358166189112,1.0,162.2555030999938,0.6747279760893434,0.0,1.4418189409188926,1.441819;1.439516;1.443544;1.443987;1.440424,206.56431818322244,4841.1071611748575,,10.626129150390625,7966466838,6980,10,True,nid004902,57783767
SEISMIC,n_postings=6000 summary_energy=0.5 centroid_fraction=0.05 max_fraction=6.0 doc_cut=15 query_cut=12 heap_factor=0.8,64,0.9975787965616045,1.0,275.6321060321061,0.6137457409640774,0.0,0.6376608849968761,0.638017;0.637484;0.629871;0.638473;0.637661,91.35542764998225,10946.257116012683,,13.150581359863281,10013978196,6980,10,True,nid004902,57783767
SEISMIC,n_postings=6000 summary_energy=0.5 centroid_fraction=0.05 max_fraction=6.0 doc_cut=15 query_cut=14 heap_factor=0.8,64,0.9976074498567336,1.0,275.6321060321061,0.6137457409640774,0.0,0.6806837969925255,0.673378;0.680684;0.682557;0.672741;0.680918,97.51916862357099,10254.39422950837,,13.150581359863281,10013978196,6980,10,True,nid004902,57783767
SEISMIC,n_postings=6000 summary_energy=0.5 centroid_fraction=0.05 max_fraction=6.0 doc_cut=15 query_cut=20 heap_factor=0.8,64,0.9977936962750716,1.0,275.6321060321061,0.6137457409640774,0.0,0.7840719550149515,0.787623;0.779001;0.786640;0.777047;0.784072,112.33122564684119,8902.244182253526,,13.153942108154297,10013978196,6980,10,True,nid004902,57783767
SEISMIC,n_postings=6000 summary_energy=0.6 centroid_fraction=0.2 max_fraction=6.0 doc_cut=15 query_cut=10 heap_factor=0.8,64,0.9978510028653295,1.0,323.33568878204096,0.6166868850123137,0.0,0.27674454695079476,0.277781;0.275880;0.272322;0.276745;0.277345,39.64821589552933,25221.81584752615,,16.661399841308594,13225762086,6980,10,True,nid004902,57783767
SEISMIC,n_postings=6000 summary_energy=0.4 centroid_fraction=0.05 max_fraction=6.0 doc_cut=15 query_cut=20 heap_factor=0.7,64,0.9978939828080229,1.0,274.5992281559156,0.6912360879359767,0.0,0.7939065569080412,0.799611;0.791012;0.788035;0.800284;0.793907,113.74019439943284,8791.966685833151,,12.061454772949219,8976504461,6980,10,True,nid004902,57783767
SEISMIC,n_postings=6000 summary_energy=0.6 centroid_fraction=0.2 max_fraction=6.0 doc_cut=15 query_cut=12 heap_factor=0.8,64,0.9979083094555874,1.0,323.33568878204096,0.6166868850123137,0.0,0.3064461030298844,0.306868;0.306446;0.299676;0.307125;0.304266,43.9034531561439,22777.25163083348,,16.66574478149414,13225762086,6980,10,True,nid004902,57783767
SEISMIC,n_postings=6000 summary_energy=0.5 centroid_fraction=0.05 max_fraction=6.0 doc_cut=15 query_cut=30 heap_factor=0.8,64,0.9979512893982808,1.0,275.6321060321061,0.6137457409640774,0.0,0.9353887129109353,0.935169;0.943214;0.935389;0.938601;0.931625,134.009844256581,7462.138364144034,,13.165142059326172,10013978196,6980,10,True,nid004902,57783767
SEISMIC,n_postings=6000 summary_energy=0.6 centroid_fraction=0.2 max_fraction=6.0 doc_cut=15 query_cut=14 heap_factor=0.8,64,0.9979512893982808,1.0,323.33568878204096,0.6166868850123137,0.0,0.32638976897578686,0.324870;0.327730;0.326442;0.320832;0.326390,46.76071188764855,21385.474250321276,,16.668834686279297,13225762086,6980,10,True,nid004902,57783767
SEISMIC,n_postings=6000 summary_energy=0.4 centroid_fraction=0.05 max_fraction=6.0 doc_cut=15 query_cut=30 heap_factor=0.7,64,0.9980229226361031,1.0,274.5992281559156,0.6912360879359767,0.0,0.9262583890231326,0.925671;0.927538;0.926258;0.926015;0.931714,132.7017749316809,7535.694232536316,,12.069416046142578,8976504461,6980,10,True,nid004902,57783767
SEISMIC,n_postings=6000 summary_energy=0.6 centroid_fraction=0.2 max_fraction=6.0 doc_cut=15 query_cut=20 heap_factor=0.8,64,0.9980515759312321,1.0,323.33568878204096,0.6166868850123137,0.0,0.38106216804590076,0.383373;0.377353;0.382142;0.375430;0.381062,54.59343381746429,18317.22113951555,,16.67718505859375,13225762086,6980,10,True,nid004902,57783767
SEISMIC,n_postings=6000 summary_energy=0.5 centroid_fraction=0.2 max_fraction=6.0 doc_cut=15 query_cut=20 heap_factor=0.7,64,0.9980945558739255,1.0,328.95050867891405,0.6148902700515464,0.0,0.4384980449685827,0.439309;0.438383;0.431672;0.438498;0.439124,62.822069479739646,15917.972907952417,,14.972606658935547,11561845608,6980,10,True,nid004902,57783767
SEISMIC,n_postings=6000 summary_energy=0.6 centroid_fraction=0.2 max_fraction=6.0 doc_cut=15 query_cut=30 heap_factor=0.8,64,0.9981232091690544,1.0,323.33568878204096,0.6166868850123137,0.0,0.46941397595219314,0.464446;0.470879;0.470660;0.469414;0.464028,67.25128595303627,14869.60413958972,,16.692169189453125,13225762086,6980,10,True,nid004902,57783767
SEISMIC,n_postings=6000 summary_energy=0.5 centroid_fraction=0.2 max_fraction=6.0 doc_cut=15 query_cut=30 heap_factor=0.7,64,0.9981518624641834,1.0,328.95050867891405,0.6148902700515464,0.0,0.5313251330517232,0.531144;0.531325;0.524935;0.533528;0.535004,76.12107923377124,13136.96560881586,,14.973037719726562,11561845608,6980,10,True,nid004902,57783767
SEISMIC,n_postings=6000 summary_energy=0.4 centroid_fraction=0.05 max_fraction=6.0 doc_cut=15 query_cut=50 heap_factor=0.7,64,0.9981805157593123,1.0,274.5992281559156,0.6912360879359767,0.0,1.0938005500938743,1.093801;1.097435;1.086022;1.094340;1.091178,156.70494987018256,6381.419354196657,,12.115238189697266,8976504461,6980,10,True,nid004902,57783767
SEISMIC,n_postings=6000 summary_energy=0.5 centroid_fraction=0.2 max_fraction=6.0 doc_cut=15 query_cut=50 heap_factor=0.7,64,0.9982091690544412,1.0,328.95050867891405,0.6148902700515464,0.0,0.656741633079946,0.659215;0.657945;0.651477;0.654957;0.656742,94.08905918050803,10628.22828402949,,14.981937408447266,11561845608,6980,10,True,nid004902,57783767
SEISMIC,n_postings=6000 summary_energy=0.6 centroid_fraction=0.1 max_fraction=6.0 doc_cut=15 query_cut=10 heap_factor=0.8,64,0.998323782234957,1.0,291.4815624970943,0.6152477239957079,0.0,0.44854587700683624,0.452961;0.446303;0.441605;0.448546;0.449663,64.26158696373011,15561.395963725732,,15.697334289550781,12283379698,6980,10,True,nid004902,57783767
SEISMIC,n_postings=6000 summary_energy=0.6 centroid_fraction=0.1 max_fraction=6.0 doc_cut=15 query_cut=12 heap_factor=0.8,64,0.9983667621776504,1.0,291.4815624970943,0.6152477239957079,0.0,0.5004448930267245,0.503321;0.500789;0.495654;0.499459;0.500445,71.69697607832728,13947.589629268648,,15.704574584960938,12283379698,6980,10,True,nid004902,57783767
SEISMIC,n_postings=6000 summary_energy=0.6 centroid_fraction=0.1 max_fraction=6.0 doc_cut=15 query_cut=14 heap_factor=0.8,64,0.9983954154727793,1.0,291.4815624970943,0.6152477239957079,0.0,0.5331012770766392,0.533815;0.533101;0.533021;0.528008;0.535157,76.37554112845834,13093.196921748411,,15.712570190429688,12283379698,6980,10,True,nid004902,57783767
SEISMIC,n_postings=6000 summary_energy=0.5 centroid_fraction=0.1 max_fraction=6.0 doc_cut=15 query_cut=20 heap_factor=0.7,64,0.9984383954154727,1.0,286.3074947820278,0.6164538189768791,0.0,0.7079048220766708,0.707905;0.706318;0.700338;0.712887;0.713549,101.41902895081243,9860.082573705113,,14.197895050048828,10828567151,6980,10,True,nid004902,57783767
SEISMIC,n_postings=6000 summary_energy=0.6 centroid_fraction=0.1 max_fraction=6.0 doc_cut=15 query_cut=20 heap_factor=0.8,64,0.9984527220630373,1.0,291.4815624970943,0.6152477239957079,0.0,0.6179373519262299,0.621312;0.614982;0.621573;0.614442;0.617937,88.52970657968909,11295.643447093777,,15.719257354736328,12283379698,6980,10,True,nid004902,57783767
SEISMIC,n_postings=6000 summary_energy=0.5 centroid_fraction=0.1 max_fraction=6.0 doc_cut=15 query_cut=30 heap_factor=0.7,64,0.9984670487106018,1.0,286.3074947820278,0.6164538189768791,0.0,0.8423161440296099,0.842316;0.842637;0.837102;0.843947;0.838496,120.67566533375499,8286.67484230794,,14.197895050048828,10828567151,6980,10,True,nid004902,57783767
SEISMIC,n_postings=6000 summary_energy=0.6 centroid_fraction=0.1 max_fraction=6.0 doc_cut=15 query_cut=30 heap_factor=0.8,64,0.9984670487106018,1.0,291.4815624970943,0.6152477239957079,0.0,0.754118888056837,0.759427;0.754362;0.754119;0.754076;0.747139,108.03995530900244,9255.835002337093,,15.728645324707031,12283379698,6980,10,True,nid004902,57783767
SEISMIC,n_postings=6000 summary_energy=0.5 centroid_fraction=0.1 max_fraction=6.0 doc_cut=15 query_cut=50 heap_factor=0.7,64,0.9984957020057307,1.0,286.3074947820278,0.6164538189768791,0.0,1.0121259349398315,1.011754;1.016731;1.006555;1.013633;1.012126,145.0037156074257,6896.3750053642725,,14.235298156738281,10828567151,6980,10,True,nid004902,57783767
SEISMIC,n_postings=6000 summary_energy=0.6 centroid_fraction=0.05 max_fraction=6.0 doc_cut=15 query_cut=10 heap_factor=0.8,64,0.9986532951289399,1.0,276.41479485097807,0.6214352559763938,0.0,0.8284973830450326,0.832736;0.828206;0.827206;0.828497;0.831584,118.69590014971814,8424.8908238502,,14.765670776367188,11225826025,6980,10,True,nid004902,57783767
SEISMIC,n_postings=6000 summary_energy=0.6 centroid_fraction=0.05 max_fraction=6.0 doc_cut=15 query_cut=12 heap_factor=0.8,64,0.9986532951289399,1.0,276.41479485097807,0.6214352559763938,0.0,0.9468076439807191,0.946808;0.946941;0.940847;0.943577;0.948667,135.64579426657866,7372.141579522505,,14.770477294921875,11225826025,6980,10,True,nid004902,57783767
SEISMIC,n_postings=6000 summary_energy=0.6 centroid_fraction=0.05 max_fraction=6.0 doc_cut=15 query_cut=14 heap_factor=0.8,64,0.9986532951289399,1.0,276.41479485097807,0.6214352559763938,0.0,1.0155332919675857,1.013134;1.018256;1.023232;1.015533;1.015081,145.49187564005527,6873.236018167676,,14.775657653808594,11225826025,6980,10,True,nid004902,57783767
SEISMIC,n_postings=6000 summary_energy=0.6 centroid_fraction=0.05 max_fraction=6.0 doc_cut=15 query_cut=20 heap_factor=0.8,64,0.9986676217765043,1.0,276.41479485097807,0.6214352559763938,0.0,1.1973118109162897,1.202418;1.197312;1.196915;1.193008;1.201332,171.53464339774925,5829.726171880224,,14.7774658203125,11225826025,6980,10,True,nid004902,57783767
SEISMIC,n_postings=6000 summary_energy=0.6 centroid_fraction=0.05 max_fraction=6.0 doc_cut=15 query_cut=30 heap_factor=0.8,64,0.9986962750716333,1.0,276.41479485097807,0.6214352559763938,0.0,1.4512186689535156,1.448244;1.450227;1.456505;1.451219;1.460411,207.91098409076156,4809.750693900134,,14.789501190185547,11225826025,6980,10,True,nid004902,57783767
SEISMIC,n_postings=6000 summary_energy=0.5 centroid_fraction=0.05 max_fraction=6.0 doc_cut=15 query_cut=20 heap_factor=0.7,64,0.9987679083094556,1.0,275.6321060321061,0.6137457409640774,0.0,1.2871352380607277,1.286913;1.288575;1.287135;1.289350;1.285841,184.40332923506128,5422.895585172908,,13.15850830078125,10013978196,6980,10,True,nid004902,57783767
SEISMIC,n_postings=6000 summary_energy=0.5 centroid_fraction=0.05 max_fraction=6.0 doc_cut=15 query_cut=30 heap_factor=0.7,64,0.9987965616045845,1.0,275.6321060321061,0.6137457409640774,0.0,1.5397871749009937,1.539631;1.539787;1.537648;1.540756;1.540309,220.5998817909733,4533.093997518718,,13.159210205078125,10013978196,6980,10,True,nid004902,57783767
SEISMIC,n_postings=6000 summary_energy=0.5 centroid_fraction=0.05 max_fraction=6.0 doc_cut=15 query_cut=50 heap_factor=0.7,64,0.9988538681948425,1.0,275.6321060321061,0.6137457409640774,0.0,1.8377598529914394,1.841401;1.837760;1.837544;1.835502;1.849452,263.28937721940395,3798.102341085647,,13.191413879394531,10013978196,6980,10,True,nid004902,57783767
SEISMIC,n_postings=6000 summary_energy=0.6 centroid_fraction=0.05 max_fraction=6.0 doc_cut=15 query_cut=20 heap_factor=0.7,64,0.9989255014326648,1.0,276.41479485097807,0.6214352559763938,0.0,1.9304985590279102,1.925169;1.930741;1.915687;1.937033;1.930499,276.5757247890989,3615.646314449845,,14.779621124267578,11225826025,6980,10,True,nid004902,57783767
SEISMIC,n_postings=6000 summary_energy=0.6 centroid_fraction=0.05 max_fraction=6.0 doc_cut=15 query_cut=30 heap_factor=0.7,64,0.9989255014326648,1.0,276.41479485097807,0.6214352559763938,0.0,2.3280782849760726,2.328168;2.327069;2.322640;2.328078;2.330167,333.53557091347744,2998.180965410164,,14.789215087890625,11225826025,6980,10,True,nid004902,57783767
SEISMIC,n_postings=6000 summary_energy=0.6 centroid_fraction=0.2 max_fraction=6.0 doc_cut=15 query_cut=20 heap_factor=0.7,64,0.9989255014326648,1.0,323.33568878204096,0.6166868850123137,0.0,0.6100151869468391,0.610015;0.610130;0.602948;0.607480;0.610070,87.39472592361592,11442.338075114652,,16.685138702392578,13225762086,6980,10,True,nid004902,57783767
SEISMIC,n_postings=6000 summary_energy=0.6 centroid_fraction=0.2 max_fraction=6.0 doc_cut=15 query_cut=30 heap_factor=0.7,64,0.9989255014326648,1.0,323.33568878204096,0.6166868850123137,0.0,0.7307445390615612,0.730745;0.737024;0.724606;0.730112;0.737310,104.69119470796007,9551.901693256408,,16.690143585205078,13225762086,6980,10,True,nid004902,57783767
SEISMIC,n_postings=6000 summary_energy=0.6 centroid_fraction=0.2 max_fraction=6.0 doc_cut=15 query_cut=50 heap_factor=0.7,64,0.9989398280802292,1.0,323.33568878204096,0.6166868850123137,0.0,0.897415412007831,0.898846;0.897415;0.888771;0.894486;0.898421,128.5695432675976,7777.891828694258,,16.69507598876953,13225762086,6980,10,True,nid004902,57783767
SEISMIC,n_postings=6000 summary_energy=0.6 centroid_fraction=0.05 max_fraction=6.0 doc_cut=15 query_cut=50 heap_factor=0.7,64,0.9989541547277937,1.0,276.41479485097807,0.6214352559763938,0.0,2.8523604770889506,2.864301;2.850692;2.860114;2.839942;2.852360,408.64763282076655,2447.09603013558,,14.818286895751953,11225826025,6980,10,True,nid004902,57783767
SEISMIC,n_postings=6000 summary_energy=0.6 centroid_fraction=0.1 max_fraction=6.0 doc_cut=15 query_cut=20 heap_factor=0.7,64,0.9989541547277937,1.0,291.4815624970943,0.6152477239957079,0.0,1.018787935958244,1.020816;1.017781;1.011188;1.018959;1.018788,145.95815701407506,6851.278616128099,,15.7227783203125,12283379698,6980,10,True,nid004902,57783767
SEISMIC,n_postings=6000 summary_energy=0.6 centroid_fraction=0.1 max_fraction=6.0 doc_cut=15 query_cut=30 heap_factor=0.7,64,0.9989684813753582,1.0,291.4815624970943,0.6152477239957079,0.0,1.2363574820337817,1.239311;1.236313;1.224678;1.236406;1.236357,177.12857908793436,5645.616337855657,,15.724479675292969,12283379698,6980,10,True,nid004902,57783767
SEISMIC,n_postings=6000 summary_energy=0.6 centroid_fraction=0.1 max_fraction=6.0 doc_cut=15 query_cut=50 heap_factor=0.7,64,0.9989684813753582,1.0,291.4815624970943,0.6152477239957079,0.0,1.5104142440250143,1.518786;1.509454;1.510414;1.516935;1.508704,216.39172550501638,4621.248791589391,,15.75784683227539,12283379698,6980,10,True,nid004902,57783767
SINDI,doc_prune=0.9 query_prune=0.9 n_cand=10,64,0.1672922636,0.6000,48.8276,8.1033,0.0000,0.036688,0.036841;0.036688;0.036645;0.036782;0.036456,5.256160,190252.94,,27.40,0,6980,10,True,nid004910,57783809
SINDI,doc_prune=0.9 query_prune=0.5 n_cand=10,64,0.1726217765,0.6426,48.8276,8.1033,0.0000,0.127204,0.127319;0.127004;0.127204;0.126535;0.127520,18.224069,54872.49,,27.40,0,6980,10,True,nid004910,57783809
SINDI,doc_prune=0.9 query_prune=0.7 n_cand=10,64,0.1727650430,0.6405,48.8276,8.1033,0.0000,0.081457,0.081907;0.081457;0.081436;0.081366;0.081859,11.670057,85689.38,,27.40,0,6980,10,True,nid004910,57783809
SINDI,doc_prune=0.9 query_prune=0.3 n_cand=10,64,0.1728223496,0.6438,48.8276,8.1033,0.0000,0.169181,0.169001;0.168996;0.170157;0.169225;0.169181,24.237966,41257.59,,27.40,0,6980,10,True,nid004910,57783809
SINDI,doc_prune=0.9 query_prune=0 n_cand=10,64,0.1728796562,0.6448,48.8276,8.1033,0.0000,0.236278,0.236278;0.236795;0.237004;0.236189;0.236002,33.850716,29541.47,,27.40,0,6980,10,True,nid004910,57783809
SINDI,doc_prune=0.9 query_prune=0.1 n_cand=10,64,0.1729083095,0.6448,48.8276,8.1033,0.0000,0.212555,0.212566;0.212199;0.212555;0.212390;0.212691,30.452006,32838.56,,27.40,0,6980,10,True,nid004910,57783809
SINDI,doc_prune=0.9 query_prune=0.2 n_cand=10,64,0.1729226361,0.6448,48.8276,8.1033,0.0000,0.190461,0.190192;0.190815;0.191467;0.190335;0.190461,27.286676,36647.92,,27.40,0,6980,10,True,nid004910,57783809
SINDI,doc_prune=0.9 query_prune=0.9 n_cand=10,64,0.2109169054,0.6451,48.8365,8.0123,0.0000,0.046656,0.046624;0.046656;0.046892;0.046661;0.046575,6.684241,149605.62,,27.37,0,6980,10,True,nid004909,57783808
SINDI,doc_prune=0.9 query_prune=0.9 n_cand=20,64,0.2132664756,0.6642,48.8276,8.1033,0.0000,0.037210,0.037308;0.037224;0.037210;0.037197;0.037084,5.330946,187583.98,,27.40,0,6980,10,True,nid004910,57783809
SINDI,doc_prune=0.9 query_prune=0.5 n_cand=10,64,0.2166905444,0.6900,48.8365,8.0123,0.0000,0.162151,0.161770;0.161839;0.162546;0.162151;0.166491,23.230802,43046.30,,27.37,0,6980,10,True,nid004909,57783808
SINDI,doc_prune=0.9 query_prune=0 n_cand=10,64,0.2168481375,0.6921,48.8365,8.0123,0.0000,0.277614,0.277614;0.277416;0.278469;0.278315;0.276637,39.772779,25142.82,,27.37,0,6980,10,True,nid004909,57783808
SINDI,doc_prune=0.9 query_prune=0.1 n_cand=10,64,0.2168624642,0.6923,48.8365,8.0123,0.0000,0.249073,0.249073;0.249021;0.249909;0.249139;0.248432,35.683811,28023.91,,27.37,0,6980,10,True,nid004909,57783808
SINDI,doc_prune=0.9 query_prune=0.3 n_cand=10,64,0.2168624642,0.6917,48.8365,8.0123,0.0000,0.211742,0.211648;0.211263;0.212385;0.211742;0.212096,30.335530,32964.65,,27.37,0,6980,10,True,nid004909,57783808
SINDI,doc_prune=0.9 query_prune=0.2 n_cand=10,64,0.2168911175,0.6923,48.8365,8.0123,0.0000,0.232127,0.232007;0.231711;0.232431;0.232127;0.232428,33.256017,30069.75,,27.37,0,6980,10,True,nid004909,57783808
SINDI,doc_prune=0.9 query_prune=0.7 n_cand=10,64,0.2170057307,0.6895,48.8365,8.0123,0.0000,0.107848,0.107832;0.108347;0.108183;0.107787;0.107848,15.451003,64720.72,,27.37,0,6980,10,True,nid004909,57783808
SINDI,doc_prune=0.9 query_prune=0.5 n_cand=20,64,0.2234383954,0.7189,48.8276,8.1033,0.0000,0.128677,0.129363;0.128353;0.128677;0.128845;0.128555,18.435100,54244.35,,27.40,0,6980,10,True,nid004910,57783809
SINDI,doc_prune=0.9 query_prune=0.7 n_cand=20,64,0.2235386819,0.7183,48.8276,8.1033,0.0000,0.083329,0.083261;0.083062;0.083329;0.083444;0.083510,11.938252,83764.36,,27.40,0,6980,10,True,nid004910,57783809
SINDI,doc_prune=0.9 query_prune=0.3 n_cand=20,64,0.2236819484,0.7185,48.8276,8.1033,0.0000,0.171074,0.171110;0.171074;0.170874;0.170907;0.171369,24.509169,40801.06,,27.40,0,6980,10,True,nid004910,57783809
SINDI,doc_prune=0.9 query_prune=0.2 n_cand=20,64,0.2237249284,0.7188,48.8276,8.1033,0.0000,0.192660,0.192633;0.193009;0.192405;0.193231;0.192660,27.601719,36229.63,,27.40,0,6980,10,True,nid004910,57783809
SINDI,doc_prune=0.9 query_prune=0 n_cand=20,64,0.2237392550,0.7186,48.8276,8.1033,0.0000,0.238412,0.238421;0.238213;0.238412;0.238199;0.239007,34.156447,29277.05,,27.40,0,6980,10,True,nid004910,57783809
SINDI,doc_prune=0.9 query_prune=0.1 n_cand=20,64,0.2237822350,0.7188,48.8276,8.1033,0.0000,0.214508,0.215322;0.214076;0.214508;0.214500;0.214522,30.731805,32539.58,,27.40,0,6980,10,True,nid004910,57783809
SINDI,doc_prune=0.9 query_prune=0.9 n_cand=10,64,0.2352865330,0.6696,48.8573,8.0978,0.0000,0.032734,0.033300;0.032955;0.032607;0.032603;0.032734,4.689685,213233.95,,23.08,0,6980,10,True,nid004905,57783804
SINDI,doc_prune=0.9 query_prune=0.9 n_cand=10,64,0.2353724928,0.6699,49.4823,8.1851,0.0000,0.041107,0.041578;0.041142;0.041107;0.041005;0.041064,5.889255,169800.76,,27.38,0,6980,10,True,nid004904,57783803
SINDI,doc_prune=0.9 query_prune=0.9 n_cand=10,64,0.2353724928,0.6698,48.6364,8.1487,0.0000,0.059853,0.060402;0.060070;0.059853;0.059088;0.059012,8.574928,116619.05,,24.55,0,6980,10,True,nid004906,57783805
SINDI,doc_prune=0.9 query_prune=0.9 n_cand=10,64,0.2353868195,0.6699,48.4949,8.0498,0.0000,0.043136,0.043091;0.043243;0.043157;0.042875;0.043136,6.179943,161813.80,,27.16,0,6980,10,True,nid004908,57783807
SINDI,doc_prune=0.9 query_prune=0.5 n_cand=10,64,0.2418481375,0.7165,48.8573,8.0978,0.0000,0.117656,0.117876;0.117534;0.117736;0.117656;0.117474,16.856160,59325.49,,23.08,0,6980,10,True,nid004905,57783804
SINDI,doc_prune=0.9 query_prune=0.5 n_cand=10,64,0.2420200573,0.7169,48.4949,8.0498,0.0000,0.157650,0.158164;0.157650;0.158152;0.157577;0.157611,22.585960,44275.29,,27.16,0,6980,10,True,nid004908,57783807
SINDI,doc_prune=0.9 query_prune=0.5 n_cand=10,64,0.2420343840,0.7169,49.4823,8.1851,0.0000,0.145094,0.145177;0.145094;0.144635;0.144910;0.145405,20.787106,48106.74,,27.38,0,6980,10,True,nid004904,57783803
SINDI,doc_prune=0.9 query_prune=0.5 n_cand=10,64,0.2421346705,0.7170,48.6364,8.1487,0.0000,0.231398,0.231727;0.231394;0.231658;0.231398;0.230725,33.151576,30164.48,,24.55,0,6980,10,True,nid004906,57783805
SINDI,doc_prune=0.9 query_prune=0.3 n_cand=10,64,0.2421489971,0.7182,48.8573,8.0978,0.0000,0.156657,0.156805;0.157091;0.156557;0.156535;0.156657,22.443696,44555.94,,23.08,0,6980,10,True,nid004905,57783804
SINDI,doc_prune=0.9 query_prune=0 n_cand=10,64,0.2421633238,0.7182,48.8573,8.0978,0.0000,0.218616,0.218264;0.218568;0.218616;0.218728;0.218789,31.320344,31928.13,,23.08,0,6980,10,True,nid004905,57783804
SINDI,doc_prune=0.9 query_prune=0.1 n_cand=10,64,0.2421919771,0.7183,48.8573,8.0978,0.0000,0.196443,0.196443;0.197072;0.196815;0.196288;0.196197,28.143696,35531.94,,23.08,0,6980,10,True,nid004905,57783804
SINDI,doc_prune=0.9 query_prune=0.2 n_cand=10,64,0.2422206304,0.7186,48.8573,8.0978,0.0000,0.176330,0.176318;0.176330;0.176671;0.176000;0.176338,25.262178,39584.87,,23.08,0,6980,10,True,nid004905,57783804
SINDI,doc_prune=0.9 query_prune=0.7 n_cand=10,64,0.2423638968,0.7163,48.8573,8.0978,0.0000,0.075978,0.075978;0.076143;0.076122;0.075965;0.075973,10.885100,91868.70,,23.08,0,6980,10,True,nid004905,57783804
SINDI,doc_prune=0.9 query_prune=0 n_cand=10,64,0.2423782235,0.7182,49.4823,8.1851,0.0000,0.275052,0.274941;0.275183;0.275052;0.274990;0.275793,39.405731,25377.02,,27.38,0,6980,10,True,nid004904,57783803
SINDI,doc_prune=0.9 query_prune=0 n_cand=10,64,0.2423782235,0.7182,48.4949,8.0498,0.0000,0.293996,0.293747;0.294733;0.294807;0.293996;0.293750,42.119771,23741.82,,27.16,0,6980,10,True,nid004908,57783807
SINDI,doc_prune=0.9 query_prune=0.1 n_cand=10,64,0.2424355301,0.7185,49.4823,8.1851,0.0000,0.246945,0.247042;0.246729;0.246629;0.246945;0.247033,35.378940,28265.40,,27.38,0,6980,10,True,nid004904,57783803
SINDI,doc_prune=0.9 query_prune=0.3 n_cand=10,64,0.2424355301,0.7185,49.4823,8.1851,0.0000,0.195231,0.195306;0.195231;0.195121;0.195475;0.194895,27.970057,35752.52,,27.38,0,6980,10,True,nid004904,57783803
SINDI,doc_prune=0.9 query_prune=0.1 n_cand=10,64,0.2424355301,0.7185,48.4949,8.0498,0.0000,0.264453,0.264759;0.264424;0.264467;0.264453;0.264033,37.887249,26394.10,,27.16,0,6980,10,True,nid004908,57783807
SINDI,doc_prune=0.9 query_prune=0.3 n_cand=10,64,0.2424355301,0.7185,48.4949,8.0498,0.0000,0.210172,0.210684;0.209637;0.209517;0.210172;0.210319,30.110602,33210.89,,27.16,0,6980,10,True,nid004908,57783807
SINDI,doc_prune=0.9 query_prune=0 n_cand=10,64,0.2424641834,0.7183,48.6364,8.1487,0.0000,0.440283,0.440355;0.440948;0.440158;0.440283;0.440200,63.077794,15853.44,,24.55,0,6980,10,True,nid004906,57783805
SINDI,doc_prune=0.9 query_prune=0.2 n_cand=10,64,0.2424928367,0.7189,49.4823,8.1851,0.0000,0.221262,0.221262;0.221825;0.220806;0.220984;0.221403,31.699427,31546.31,,27.38,0,6980,10,True,nid004904,57783803
SINDI,doc_prune=0.9 query_prune=0.2 n_cand=10,64,0.2424928367,0.7189,48.4949,8.0498,0.0000,0.237314,0.237501;0.237820;0.237314;0.236423;0.236985,33.999140,29412.51,,27.16,0,6980,10,True,nid004908,57783807
SINDI,doc_prune=0.9 query_prune=0.1 n_cand=10,64,0.2425358166,0.7186,48.6364,8.1487,0.0000,0.395594,0.395594;0.396099;0.395370;0.394123;0.396943,56.675358,17644.35,,24.55,0,6980,10,True,nid004906,57783805
SINDI,doc_prune=0.9 query_prune=0.3 n_cand=10,64,0.2425358166,0.7186,48.6364,8.1487,0.0000,0.313192,0.312640;0.314564;0.313940;0.312778;0.313192,44.869914,22286.65,,24.55,0,6980,10,True,nid004906,57783805
SINDI,doc_prune=0.9 query_prune=0.7 n_cand=10,64,0.2425358166,0.7169,48.4949,8.0498,0.0000,0.101970,0.101891;0.101934;0.102264;0.102102;0.101970,14.608883,68451.51,,27.16,0,6980,10,True,nid004908,57783807
SINDI,doc_prune=0.9 query_prune=0.7 n_cand=10,64,0.2425501433,0.7169,49.4823,8.1851,0.0000,0.093093,0.093031;0.093383;0.093093;0.093350;0.093021,13.337106,74978.78,,27.38,0,6980,10,True,nid004904,57783803
SINDI,doc_prune=0.9 query_prune=0.2 n_cand=10,64,0.2425931232,0.7191,48.6364,8.1487,0.0000,0.354715,0.355304;0.354715;0.354564;0.354562;0.355088,50.818768,19677.77,,24.55,0,6980,10,True,nid004906,57783805
SINDI,doc_prune=0.9 query_prune=0.7 n_cand=10,64,0.2425931232,0.7169,48.6364,8.1487,0.0000,0.143815,0.143815;0.144379;0.144948;0.143372;0.143297,20.603868,48534.58,,24.55,0,6980,10,True,nid004906,57783805
SINDI,doc_prune=0.8 query_prune=0.9 n_cand=10,64,0.2597994269,0.7624,50.5954,8.1033,0.0000,0.058389,0.058350;0.058906;0.058366;0.058778;0.058389,8.365186,119543.06,,27.40,0,6980,10,True,nid004910,57783809
SINDI,doc_prune=0.9 query_prune=0.9 n_cand=20,64,0.2747277937,0.7034,48.8365,8.0123,0.0000,0.048099,0.048209;0.048247;0.047893;0.048099;0.048088,6.890974,145117.36,,27.37,0,6980,10,True,nid004909,57783808
SINDI,doc_prune=0.9 query_prune=0.9 n_cand=50,64,0.2772636103,0.7457,48.8276,8.1033,0.0000,0.041670,0.041670;0.041714;0.041765;0.041630;0.041512,5.969914,167506.60,,27.40,0,6980,10,True,nid004910,57783809
SINDI,doc_prune=0.8 query_prune=0.7 n_cand=10,64,0.2808309456,0.8428,50.5954,8.1033,0.0000,0.146306,0.146057;0.146319;0.146387;0.146306;0.146194,20.960745,47708.23,,27.40,0,6980,10,True,nid004910,57783809
SINDI,doc_prune=0.8 query_prune=0.5 n_cand=10,64,0.2813610315,0.8461,50.5954,8.1033,0.0000,0.226014,0.225925;0.226014;0.226019;0.225335;0.226959,32.380229,30883.04,,27.40,0,6980,10,True,nid004910,57783809
SINDI,doc_prune=0.8 query_prune=0.3 n_cand=10,64,0.2815329513,0.8474,50.5954,8.1033,0.0000,0.301314,0.301314;0.300945;0.302154;0.301027;0.301429,43.168195,23165.20,,27.40,0,6980,10,True,nid004910,57783809
SINDI,doc_prune=0.8 query_prune=0.1 n_cand=10,64,0.2816045845,0.8474,50.5954,8.1033,0.0000,0.379487,0.378811;0.378768;0.379544;0.379487;0.379807,54.367765,18393.25,,27.40,0,6980,10,True,nid004910,57783809
SINDI,doc_prune=0.8 query_prune=0 n_cand=10,64,0.2816189112,0.8476,50.5954,8.1033,0.0000,0.421805,0.421848;0.421805;0.421195;0.420726;0.423030,60.430516,16547.93,,27.40,0,6980,10,True,nid004910,57783809
SINDI,doc_prune=0.8 query_prune=0.2 n_cand=10,64,0.2816905444,0.8477,50.5954,8.1033,0.0000,0.340230,0.340736;0.340772;0.339768;0.340230;0.339430,48.743553,20515.53,,27.40,0,6980,10,True,nid004910,57783809
SINDI,doc_prune=0.9 query_prune=0.5 n_cand=20,64,0.2868624642,0.7630,48.8365,8.0123,0.0000,0.169661,0.169715;0.169661;0.169867;0.169458;0.169071,24.306734,41140.86,,27.37,0,6980,10,True,nid004909,57783808
SINDI,doc_prune=0.9 query_prune=0.1 n_cand=20,64,0.2870057307,0.7630,48.8365,8.0123,0.0000,0.250494,0.250569;0.250494;0.251598;0.249776;0.250481,35.887393,27864.94,,27.37,0,6980,10,True,nid004909,57783808
SINDI,doc_prune=0.9 query_prune=0.2 n_cand=20,64,0.2870057307,0.7633,48.8365,8.0123,0.0000,0.233158,0.233158;0.232594;0.232977;0.233311;0.233653,33.403725,29936.78,,27.37,0,6980,10,True,nid004909,57783808
SINDI,doc_prune=0.9 query_prune=0 n_cand=20,64,0.2870200573,0.7632,48.8365,8.0123,0.0000,0.279253,0.278940;0.279466;0.279253;0.280250;0.278791,40.007593,24995.26,,27.37,0,6980,10,True,nid004909,57783808
SINDI,doc_prune=0.9 query_prune=0.7 n_cand=20,64,0.2870487106,0.7623,48.8365,8.0123,0.0000,0.110074,0.110210;0.109990;0.110240;0.110074;0.109827,15.769914,63411.89,,27.37,0,6980,10,True,nid004909,57783808
SINDI,doc_prune=0.9 query_prune=0.3 n_cand=20,64,0.2870773639,0.7632,48.8365,8.0123,0.0000,0.212544,0.212684;0.212544;0.212404;0.212911;0.211968,30.450430,32840.26,,27.37,0,6980,10,True,nid004909,57783808
SINDI,doc_prune=0.9 query_prune=0.5 n_cand=50,64,0.2926934097,0.8082,48.8276,8.1033,0.0000,0.134169,0.134062;0.134169;0.134406;0.134298;0.134126,19.221920,52023.94,,27.40,0,6980,10,True,nid004910,57783809
SINDI,doc_prune=0.9 query_prune=0.7 n_cand=50,64,0.2927507163,0.8069,48.8276,8.1033,0.0000,0.089086,0.089142;0.088923;0.089086;0.088954;0.089393,12.763037,78351.26,,27.40,0,6980,10,True,nid004910,57783809
SINDI,doc_prune=0.9 query_prune=0.2 n_cand=50,64,0.2930945559,0.8086,48.8276,8.1033,0.0000,0.198615,0.198564;0.198758;0.199307;0.197870;0.198615,28.454871,35143.37,,27.40,0,6980,10,True,nid004910,57783809
SINDI,doc_prune=0.9 query_prune=0 n_cand=50,64,0.2931088825,0.8085,48.8276,8.1033,0.0000,0.243474,0.244107;0.244073;0.243474;0.243466;0.243388,34.881662,28668.36,,27.40,0,6980,10,True,nid004910,57783809
SINDI,doc_prune=0.9 query_prune=0.1 n_cand=50,64,0.2931232092,0.8086,48.8276,8.1033,0.0000,0.220303,0.220475;0.219583;0.220303;0.220109;0.220536,31.562034,31683.64,,27.40,0,6980,10,True,nid004910,57783809
SINDI,doc_prune=0.9 query_prune=0.3 n_cand=50,64,0.2931661891,0.8086,48.8276,8.1033,0.0000,0.176669,0.177056;0.176669;0.176389;0.176758;0.176547,25.310745,39508.91,,27.40,0,6980,10,True,nid004910,57783809
SINDI,doc_prune=0.9 query_prune=0.9 n_cand=20,64,0.3123782235,0.7292,48.4949,8.0498,0.0000,0.044412,0.044283;0.044528;0.044565;0.044139;0.044412,6.362751,157164.73,,27.16,0,6980,10,True,nid004908,57783807
SINDI,doc_prune=0.9 query_prune=0.9 n_cand=20,64,0.3123925501,0.7292,49.4823,8.1851,0.0000,0.042048,0.042029;0.042013;0.042054;0.042158;0.042048,6.024069,166000.76,,27.38,0,6980,10,True,nid004904,57783803
SINDI,doc_prune=0.9 query_prune=0.9 n_cand=20,64,0.3123925501,0.7287,48.8573,8.0978,0.0000,0.034630,0.034579;0.034692;0.034630;0.034631;0.034612,4.961318,201559.34,,23.08,0,6980,10,True,nid004905,57783804
SINDI,doc_prune=0.9 query_prune=0.9 n_cand=20,64,0.3124068768,0.7292,48.6364,8.1487,0.0000,0.060093,0.060093;0.060300;0.060035;0.060049;0.060319,8.609312,116153.30,,24.55,0,6980,10,True,nid004906,57783805
SINDI,doc_prune=0.7 query_prune=0.9 n_cand=10,64,0.3179369628,0.8341,52.1434,8.1033,0.0000,0.087649,0.087726;0.088068;0.087649;0.087373;0.087234,12.557163,79635.82,,27.40,0,6980,10,True,nid004910,57783809
SINDI,doc_prune=0.8 query_prune=0.9 n_cand=20,64,0.3237106017,0.8164,50.5954,8.1033,0.0000,0.059428,0.059476;0.059428;0.059512;0.059315;0.059089,8.514040,117453.05,,27.40,0,6980,10,True,nid004910,57783809
SINDI,doc_prune=0.9 query_prune=0.5 n_cand=20,64,0.3257306590,0.7898,48.8573,8.0978,0.0000,0.119558,0.119576;0.119558;0.119484;0.119489;0.119684,17.128653,58381.71,,23.08,0,6980,10,True,nid004905,57783804
SINDI,doc_prune=0.9 query_prune=0.5 n_cand=20,64,0.3257306590,0.7901,48.4949,8.0498,0.0000,0.159655,0.159241;0.159680;0.159609;0.159890;0.159655,22.873209,43719.27,,27.16,0,6980,10,True,nid004908,57783807
SINDI,doc_prune=0.9 query_prune=0.5 n_cand=20,64,0.3257449857,0.7901,49.4823,8.1851,0.0000,0.147479,0.147071;0.147410;0.147716;0.147628;0.147479,21.128797,47328.77,,27.38,0,6980,10,True,nid004904,57783803
SINDI,doc_prune=0.9 query_prune=0.5 n_cand=20,64,0.3258022923,0.7901,48.6364,8.1487,0.0000,0.232714,0.233763;0.232714;0.232450;0.232211;0.233937,33.340115,29993.90,,24.55,0,6980,10,True,nid004906,57783805
SINDI,doc_prune=0.9 query_prune=0.3 n_cand=20,64,0.3259885387,0.7901,49.4823,8.1851,0.0000,0.198036,0.198080;0.198153;0.198036;0.197998;0.197965,28.371920,35246.12,,27.38,0,6980,10,True,nid004904,57783803
SINDI,doc_prune=0.9 query_prune=0.3 n_cand=20,64,0.3260171920,0.7901,48.4949,8.0498,0.0000,0.212020,0.212213;0.211964;0.212020;0.212473;0.211890,30.375358,32921.42,,27.16,0,6980,10,True,nid004908,57783807
SINDI,doc_prune=0.9 query_prune=0.3 n_cand=20,64,0.3260601719,0.7904,48.6364,8.1487,0.0000,0.314645,0.314626;0.315459;0.314242;0.314645;0.315133,45.078080,22183.73,,24.55,0,6980,10,True,nid004906,57783805
SINDI,doc_prune=0.9 query_prune=0.2 n_cand=20,64,0.3261461318,0.7904,49.4823,8.1851,0.0000,0.224018,0.224018;0.223432;0.223933;0.224320;0.224141,32.094269,31158.21,,27.38,0,6980,10,True,nid004904,57783803
SINDI,doc_prune=0.9 query_prune=0.3 n_cand=20,64,0.3261461318,0.7903,48.8573,8.0978,0.0000,0.158414,0.158414;0.158185;0.158579;0.158527;0.158213,22.695415,44061.76,,23.08,0,6980,10,True,nid004905,57783804
SINDI,doc_prune=0.9 query_prune=0.7 n_cand=20,64,0.3261461318,0.7870,48.8573,8.0978,0.0000,0.077795,0.077910;0.077795;0.077541;0.077676;0.078019,11.145415,89722.99,,23.08,0,6980,10,True,nid004905,57783804
SINDI,doc_prune=0.9 query_prune=0.7 n_cand=20,64,0.3261461318,0.7874,48.4949,8.0498,0.0000,0.103812,0.103871;0.103812;0.103767;0.103997;0.103714,14.872779,67236.93,,27.16,0,6980,10,True,nid004908,57783807
SINDI,doc_prune=0.9 query_prune=0.7 n_cand=20,64,0.3261747851,0.7874,49.4823,8.1851,0.0000,0.095256,0.095406;0.095197;0.095334;0.095256;0.095117,13.646991,73276.22,,27.38,0,6980,10,True,nid004904,57783803
SINDI,doc_prune=0.9 query_prune=0.2 n_cand=20,64,0.3261747851,0.7904,48.4949,8.0498,0.0000,0.238958,0.238839;0.238958;0.239348;0.239094;0.238431,34.234670,29210.15,,27.16,0,6980,10,True,nid004908,57783807
SINDI,doc_prune=0.9 query_prune=0.2 n_cand=20,64,0.3261891117,0.7905,48.6364,8.1487,0.0000,0.356130,0.357274;0.356130;0.355888;0.356799;0.355595,51.021490,19599.58,,24.55,0,6980,10,True,nid004906,57783805
SINDI,doc_prune=0.9 query_prune=0 n_cand=20,64,0.3262034384,0.7905,49.4823,8.1851,0.0000,0.278033,0.278176;0.277558;0.277432;0.278206;0.278033,39.832808,25104.93,,27.38,0,6980,10,True,nid004904,57783803
SINDI,doc_prune=0.9 query_prune=0.1 n_cand=20,64,0.3262177650,0.7904,49.4823,8.1851,0.0000,0.249463,0.249463;0.249360;0.249705;0.249669;0.249116,35.739685,27980.10,,27.38,0,6980,10,True,nid004904,57783803
SINDI,doc_prune=0.9 query_prune=0 n_cand=20,64,0.3262177650,0.7905,48.4949,8.0498,0.0000,0.296115,0.296139;0.296136;0.296115;0.295995;0.295455,42.423352,23571.92,,27.16,0,6980,10,True,nid004908,57783807
SINDI,doc_prune=0.9 query_prune=0 n_cand=20,64,0.3262320917,0.7905,48.6364,8.1487,0.0000,0.442256,0.442256;0.442925;0.441963;0.441513;0.442468,63.360458,15782.71,,24.55,0,6980,10,True,nid004906,57783805
SINDI,doc_prune=0.9 query_prune=0.1 n_cand=20,64,0.3262320917,0.7904,48.6364,8.1487,0.0000,0.397440,0.397774;0.397129;0.395913;0.397440;0.397525,56.939828,17562.40,,24.55,0,6980,10,True,nid004906,57783805
SINDI,doc_prune=0.9 query_prune=0.1 n_cand=20,64,0.3262320917,0.7904,48.4949,8.0498,0.0000,0.265643,0.266897;0.266528;0.265643;0.265337;0.265317,38.057736,26275.87,,27.16,0,6980,10,True,nid004908,57783807
SINDI,doc_prune=0.9 query_prune=0 n_cand=20,64,0.3262464183,0.7904,48.8573,8.0978,0.0000,0.220797,0.221052;0.221208;0.220797;0.220390;0.220448,31.632808,31612.75,,23.08,0,6980,10,True,nid004905,57783804
SINDI,doc_prune=0.9 query_prune=0.7 n_cand=20,64,0.3262464183,0.7875,48.6364,8.1487,0.0000,0.145600,0.145797;0.145600;0.146195;0.145338;0.145136,20.859599,47939.56,,24.55,0,6980,10,True,nid004906,57783805
SINDI,doc_prune=0.9 query_prune=0.1 n_cand=20,64,0.3262893983,0.7904,48.8573,8.0978,0.0000,0.198479,0.198479;0.198940;0.198588;0.198456;0.198458,28.435387,35167.45,,23.08,0,6980,10,True,nid004905,57783804
SINDI,doc_prune=0.9 query_prune=0.2 n_cand=20,64,0.3262893983,0.7904,48.8573,8.0978,0.0000,0.178463,0.178463;0.178205;0.178507;0.178298;0.178683,25.567765,39111.75,,23.08,0,6980,10,True,nid004905,57783804
SINDI,doc_prune=0.8 query_prune=0.9 n_cand=10,64,0.3276361032,0.8067,50.6618,8.0123,0.0000,0.069476,0.069578;0.069102;0.069476;0.069642;0.068996,9.953582,100466.35,,27.37,0,6980,10,True,nid004909,57783808
SINDI,doc_prune=0.8 query_prune=0.5 n_cand=20,64,0.3534240688,0.8968,50.5954,8.1033,0.0000,0.227677,0.227827;0.227722;0.227068;0.227677;0.226913,32.618481,30657.47,,27.40,0,6980,10,True,nid004910,57783809
SINDI,doc_prune=0.8 query_prune=0.7 n_cand=20,64,0.3534813754,0.8951,50.5954,8.1033,0.0000,0.148159,0.148270;0.147656;0.148789;0.148159;0.147777,21.226218,47111.55,,27.40,0,6980,10,True,nid004910,57783809
SINDI,doc_prune=0.8 query_prune=0.5 n_cand=10,64,0.3535673352,0.8918,50.6618,8.0123,0.0000,0.264907,0.264907;0.265560;0.264431;0.266859;0.264613,37.952292,26348.87,,27.37,0,6980,10,True,nid004909,57783808
SINDI,doc_prune=0.8 query_prune=0.2 n_cand=10,64,0.3537965616,0.8917,50.6618,8.0123,0.0000,0.399833,0.397933;0.399833;0.401254;0.400886;0.399596,57.282665,17457.29,,27.37,0,6980,10,True,nid004909,57783808
SINDI,doc_prune=0.8 query_prune=0.7 n_cand=10,64,0.3537965616,0.8900,50.6618,8.0123,0.0000,0.172467,0.172467;0.172393;0.173184;0.171451;0.174341,24.708739,40471.51,,27.37,0,6980,10,True,nid004909,57783808
SINDI,doc_prune=0.8 query_prune=0.3 n_cand=20,64,0.3537965616,0.8973,50.5954,8.1033,0.0000,0.302420,0.303756;0.303045;0.302335;0.302003;0.302420,43.326648,23080.48,,27.40,0,6980,10,True,nid004910,57783809
SINDI,doc_prune=0.8 query_prune=0.1 n_cand=10,64,0.3538252149,0.8917,50.6618,8.0123,0.0000,0.444784,0.445489;0.444571;0.444784;0.444071;0.446116,63.722636,15693.01,,27.37,0,6980,10,True,nid004909,57783808
SINDI,doc_prune=0.8 query_prune=0.2 n_cand=20,64,0.3538968481,0.8974,50.5954,8.1033,0.0000,0.341554,0.340859;0.342650;0.341554;0.342268;0.341455,48.933238,20436.01,,27.40,0,6980,10,True,nid004910,57783809
SINDI,doc_prune=0.8 query_prune=0.1 n_cand=20,64,0.3539111748,0.8973,50.5954,8.1033,0.0000,0.381008,0.380791;0.381008;0.381513;0.381356;0.379610,54.585673,18319.83,,27.40,0,6980,10,True,nid004910,57783809
SINDI,doc_prune=0.8 query_prune=0.3 n_cand=10,64,0.3539684814,0.8926,50.6618,8.0123,0.0000,0.354324,0.354601;0.354063;0.352872;0.355056;0.354324,50.762751,19699.48,,27.37,0,6980,10,True,nid004909,57783808
SINDI,doc_prune=0.8 query_prune=0 n_cand=20,64,0.3539684814,0.8971,50.5954,8.1033,0.0000,0.423139,0.423042;0.421718;0.423139;0.423613;0.423812,60.621633,16495.76,,27.40,0,6980,10,True,nid004910,57783809
SINDI,doc_prune=0.8 query_prune=0 n_cand=10,64,0.3540114613,0.8918,50.6618,8.0123,0.0000,0.485715,0.485555;0.484968;0.486798;0.485913;0.485715,69.586676,14370.57,,27.37,0,6980,10,True,nid004909,57783808
SINDI,doc_prune=0.6 query_prune=0.9 n_cand=10,64,0.3546561605,0.8617,53.7108,8.1033,0.0000,0.115203,0.115203;0.115164;0.114922;0.115906;0.115465,16.504728,60588.70,,27.40,0,6980,10,True,nid004910,57783809
SINDI,doc_prune=0.9 query_prune=0.9 n_cand=50,64,0.3584383954,0.7814,48.8365,8.0123,0.0000,0.052531,0.052531;0.052637;0.052545;0.052448;0.052265,7.525931,132873.92,,27.37,0,6980,10,True,nid004909,57783808
SINDI,doc_prune=0.8 query_prune=0.9 n_cand=10,64,0.3616475645,0.8218,50.5467,8.0978,0.0000,0.052789,0.052841;0.052789;0.052673;0.052867;0.052440,7.562894,132224.52,,23.08,0,6980,10,True,nid004905,57783804
SINDI,doc_prune=0.8 query_prune=0.9 n_cand=10,64,0.3618767908,0.8226,51.2584,8.1851,0.0000,0.068425,0.068425;0.068094;0.068324;0.068548;0.068663,9.803009,102009.50,,27.38,0,6980,10,True,nid004904,57783803
SINDI,doc_prune=0.8 query_prune=0.9 n_cand=10,64,0.3618767908,0.8228,50.3306,8.1487,0.0000,0.102771,0.103162;0.102902;0.102698;0.102771;0.102744,14.723639,67917.99,,24.55,0,6980,10,True,nid004906,57783805
SINDI,doc_prune=0.8 query_prune=0.9 n_cand=10,64,0.3618767908,0.8226,50.2061,8.0498,0.0000,0.072312,0.072362;0.072892;0.072312;0.071925;0.071850,10.359885,96526.16,,27.16,0,6980,10,True,nid004908,57783807
SINDI,doc_prune=0.7 query_prune=0.5 n_cand=10,64,0.3624212034,0.9340,52.1434,8.1033,0.0000,0.389369,0.389369;0.389467;0.388994;0.389400;0.388422,55.783524,17926.44,,27.40,0,6980,10,True,nid004910,57783809
SINDI,doc_prune=0.7 query_prune=0.7 n_cand=10,64,0.3626790831,0.9312,52.1434,8.1033,0.0000,0.244780,0.244330;0.245463;0.244433;0.245650;0.244780,35.068768,28515.40,,27.40,0,6980,10,True,nid004910,57783809
SINDI,doc_prune=0.7 query_prune=0.3 n_cand=10,64,0.3629656160,0.9332,52.1434,8.1033,0.0000,0.522421,0.521756;0.521771;0.522421;0.523254;0.522755,74.845415,13360.87,,27.40,0,6980,10,True,nid004910,57783809
SINDI,doc_prune=0.7 query_prune=0.2 n_cand=10,64,0.3630945559,0.9334,52.1434,8.1033,0.0000,0.592044,0.591420;0.592267;0.591451;0.592044;0.592821,84.820057,11789.66,,27.40,0,6980,10,True,nid004910,57783809
SINDI,doc_prune=0.7 query_prune=0.1 n_cand=10,64,0.3631948424,0.9331,52.1434,8.1033,0.0000,0.660067,0.660214;0.659910;0.660067;0.659935;0.662061,94.565473,10574.68,,27.40,0,6980,10,True,nid004910,57783809
SINDI,doc_prune=0.7 query_prune=0 n_cand=10,64,0.3632091691,0.9332,52.1434,8.1033,0.0000,0.735714,0.737286;0.735154;0.734789;0.735856;0.735714,105.403152,9487.38,,27.40,0,6980,10,True,nid004910,57783809
SINDI,doc_prune=0.9 query_prune=0.9 n_cand=200,64,0.3740114613,0.8413,48.8276,8.1033,0.0000,0.066896,0.066907;0.066896;0.066979;0.066842;0.066845,9.583954,104341.07,,27.40,0,6980,10,True,nid004910,57783809
SINDI,doc_prune=0.9 query_prune=0.7 n_cand=50,64,0.3788825215,0.8447,48.8365,8.0123,0.0000,0.114986,0.114794;0.114986;0.115120;0.114867;0.115168,16.473639,60703.04,,27.37,0,6980,10,True,nid004909,57783808
SINDI,doc_prune=0.9 query_prune=0.5 n_cand=50,64,0.3789828080,0.8474,48.8365,8.0123,0.0000,0.174134,0.173839;0.173926;0.174134;0.174219;0.174205,24.947564,40084.07,,27.37,0,6980,10,True,nid004909,57783808
SINDI,doc_prune=0.9 query_prune=0.3 n_cand=50,64,0.3794842407,0.8476,48.8365,8.0123,0.0000,0.217217,0.217225;0.217033;0.216957;0.217217;0.217784,31.119914,32133.76,,27.37,0,6980,10,True,nid004909,57783808
SINDI,doc_prune=0.5 query_prune=0.9 n_cand=10,64,0.3795128940,0.8756,55.5593,8.1033,0.0000,0.142088,0.142329;0.142088;0.141877;0.142975;0.141670,20.356447,49124.49,,27.40,0,6980,10,True,nid004910,57783809
SINDI,doc_prune=0.9 query_prune=0.2 n_cand=50,64,0.3795415473,0.8471,48.8365,8.0123,0.0000,0.237757,0.237056;0.237383;0.238023;0.237757;0.238082,34.062607,29357.71,,27.37,0,6980,10,True,nid004909,57783808
SINDI,doc_prune=0.9 query_prune=0 n_cand=50,64,0.3796131805,0.8476,48.8365,8.0123,0.0000,0.284196,0.284196;0.284854;0.283393;0.284453;0.283270,40.715759,24560.51,,27.37,0,6980,10,True,nid004909,57783808
SINDI,doc_prune=0.9 query_prune=0.1 n_cand=50,64,0.3796418338,0.8474,48.8365,8.0123,0.0000,0.255345,0.255066;0.255877;0.255345;0.255160;0.255931,36.582378,27335.57,,27.37,0,6980,10,True,nid004909,57783808
SINDI,doc_prune=0.8 query_prune=0.5 n_cand=10,64,0.3919627507,0.9064,51.2584,8.1851,0.0000,0.273564,0.273815;0.274000;0.273564;0.273562;0.273532,39.192550,25515.05,,27.38,0,6980,10,True,nid004904,57783803
SINDI,doc_prune=0.8 query_prune=0.5 n_cand=10,64,0.3919627507,0.9064,50.2061,8.0498,0.0000,0.281180,0.281816;0.281180;0.280777;0.281100;0.281255,40.283668,24823.96,,27.16,0,6980,10,True,nid004908,57783807
SINDI,doc_prune=0.8 query_prune=0.5 n_cand=10,64,0.3919914040,0.9067,50.3306,8.1487,0.0000,0.421350,0.421350;0.421458;0.421279;0.423396;0.419698,60.365330,16565.80,,24.55,0,6980,10,True,nid004906,57783805
SINDI,doc_prune=0.8 query_prune=0.3 n_cand=10,64,0.3920343840,0.9066,51.2584,8.1851,0.0000,0.363237,0.363895;0.363561;0.363237;0.363203;0.362944,52.039685,19216.10,,27.38,0,6980,10,True,nid004904,57783803
SINDI,doc_prune=0.8 query_prune=0.3 n_cand=10,64,0.3920343840,0.9066,50.3306,8.1487,0.0000,0.572730,0.570397;0.572804;0.571245;0.572730;0.573845,82.053009,12187.24,,24.55,0,6980,10,True,nid004906,57783805
SINDI,doc_prune=0.8 query_prune=0.3 n_cand=10,64,0.3920343840,0.9066,50.2061,8.0498,0.0000,0.377137,0.376168;0.377670;0.376099;0.377199;0.377137,54.031089,18507.86,,27.16,0,6980,10,True,nid004908,57783807
SINDI,doc_prune=0.7 query_prune=0.9 n_cand=20,64,0.3920487106,0.8779,52.1434,8.1033,0.0000,0.088788,0.088788;0.089235;0.088447;0.088801;0.088588,12.720344,78614.23,,27.40,0,6980,10,True,nid004910,57783809
SINDI,doc_prune=0.8 query_prune=0.2 n_cand=10,64,0.3920916905,0.9067,50.5467,8.0978,0.0000,0.314493,0.314493;0.314162;0.314639;0.313996;0.315101,45.056304,22194.45,,23.08,0,6980,10,True,nid004905,57783804
SINDI,doc_prune=0.8 query_prune=0.3 n_cand=10,64,0.3920916905,0.9066,50.5467,8.0978,0.0000,0.278550,0.278625;0.278550;0.278617;0.278322;0.278206,39.906877,25058.34,,23.08,0,6980,10,True,nid004905,57783804
SINDI,doc_prune=0.8 query_prune=0.2 n_cand=10,64,0.3921203438,0.9066,51.2584,8.1851,0.0000,0.409638,0.409511;0.409638;0.409789;0.410329;0.409402,58.687393,17039.43,,27.38,0,6980,10,True,nid004904,57783803
SINDI,doc_prune=0.8 query_prune=0.2 n_cand=10,64,0.3921203438,0.9066,50.3306,8.1487,0.0000,0.649878,0.649280;0.651401;0.651432;0.649878;0.649186,93.105731,10740.48,,24.55,0,6980,10,True,nid004906,57783805
SINDI,doc_prune=0.8 query_prune=0.2 n_cand=10,64,0.3921203438,0.9066,50.2061,8.0498,0.0000,0.427655,0.427655;0.426734;0.428305;0.427558;0.428303,61.268625,16321.57,,27.16,0,6980,10,True,nid004908,57783807
SINDI,doc_prune=0.8 query_prune=0.5 n_cand=10,64,0.3921346705,0.9066,50.5467,8.0978,0.0000,0.208714,0.208714;0.208761;0.208528;0.208621;0.208753,29.901719,33442.89,,23.08,0,6980,10,True,nid004905,57783804
SINDI,doc_prune=0.8 query_prune=0.1 n_cand=10,64,0.3921633238,0.9067,50.5467,8.0978,0.0000,0.349489,0.349260;0.349253;0.349650;0.349621;0.349489,50.070057,19972.02,,23.08,0,6980,10,True,nid004905,57783804
SINDI,doc_prune=0.8 query_prune=0.1 n_cand=10,64,0.3921919771,0.9064,51.2584,8.1851,0.0000,0.455121,0.455728;0.455342;0.454520;0.455121;0.454826,65.203582,15336.58,,27.38,0,6980,10,True,nid004904,57783803
SINDI,doc_prune=0.8 query_prune=0.1 n_cand=10,64,0.3921919771,0.9064,50.2061,8.0498,0.0000,0.475542,0.476330;0.474263;0.475969;0.475542;0.475308,68.129226,14677.99,,27.16,0,6980,10,True,nid004908,57783807
SINDI,doc_prune=0.8 query_prune=0.1 n_cand=10,64,0.3922492837,0.9064,50.3306,8.1487,0.0000,0.725285,0.725285;0.725958;0.728274;0.722610;0.724331,103.909026,9623.80,,24.55,0,6980,10,True,nid004906,57783805
SINDI,doc_prune=0.8 query_prune=0 n_cand=10,64,0.3922636103,0.9070,50.5467,8.0978,0.0000,0.387813,0.386576;0.387478;0.387813;0.387950;0.388741,55.560602,17998.37,,23.08,0,6980,10,True,nid004905,57783804
SINDI,doc_prune=0.8 query_prune=0 n_cand=10,64,0.3923209169,0.9067,51.2584,8.1851,0.0000,0.505355,0.505399;0.504580;0.505355;0.506257;0.504976,72.400430,13812.07,,27.38,0,6980,10,True,nid004904,57783803
SINDI,doc_prune=0.8 query_prune=0 n_cand=10,64,0.3923209169,0.9067,50.2061,8.0498,0.0000,0.529320,0.529856;0.529320;0.529185;0.528507;0.529678,75.833811,13186.73,,27.16,0,6980,10,True,nid004908,57783807
SINDI,doc_prune=0.8 query_prune=0 n_cand=10,64,0.3923782235,0.9067,50.3306,8.1487,0.0000,0.811519,0.808656;0.810102;0.812413;0.813537;0.811519,116.263467,8601.15,,24.55,0,6980,10,True,nid004906,57783805
SINDI,doc_prune=0.8 query_prune=0.7 n_cand=10,64,0.3928939828,0.9040,50.5467,8.0978,0.0000,0.134574,0.134574;0.134698;0.134416;0.134342;0.134716,19.279943,51867.37,,23.08,0,6980,10,True,nid004905,57783804
SINDI,doc_prune=0.8 query_prune=0.7 n_cand=10,64,0.3929226361,0.9046,51.2584,8.1851,0.0000,0.175866,0.175866;0.175385;0.175837;0.176077;0.176336,25.195702,39689.31,,27.38,0,6980,10,True,nid004904,57783803
SINDI,doc_prune=0.8 query_prune=0.7 n_cand=10,64,0.3929226361,0.9046,50.2061,8.0498,0.0000,0.183756,0.183756;0.183415;0.184247;0.183738;0.184491,26.326074,37985.15,,27.16,0,6980,10,True,nid004908,57783807
SINDI,doc_prune=0.8 query_prune=0.7 n_cand=10,64,0.3929369628,0.9046,50.3306,8.1487,0.0000,0.264075,0.264075;0.264377;0.265626;0.263346;0.262089,37.833095,26431.88,,24.55,0,6980,10,True,nid004906,57783805
SINDI,doc_prune=0.4 query_prune=0.9 n_cand=10,64,0.3953581662,0.8815,57.5676,8.1033,0.0000,0.171752,0.172319;0.172551;0.170892;0.171752;0.171147,24.606304,40639.99,,27.40,0,6980,10,True,nid004910,57783809
SINDI,doc_prune=0.9 query_prune=0.5 n_cand=200,64,0.3970773639,0.8930,48.8276,8.1033,0.0000,0.160531,0.160482;0.160531;0.160841;0.160474;0.160558,22.998711,43480.70,,27.40,0,6980,10,True,nid004910,57783809
SINDI,doc_prune=0.9 query_prune=0.3 n_cand=200,64,0.3972922636,0.8933,48.8276,8.1033,0.0000,0.203023,0.202959;0.203272;0.203023;0.203350;0.202969,29.086390,34380.34,,27.40,0,6980,10,True,nid004910,57783809
SINDI,doc_prune=0.9 query_prune=0.2 n_cand=200,64,0.3974355301,0.8934,48.8276,8.1033,0.0000,0.224831,0.225354;0.224831;0.224532;0.224708;0.225612,32.210745,31045.54,,27.40,0,6980,10,True,nid004910,57783809
SINDI,doc_prune=0.9 query_prune=0.1 n_cand=200,64,0.3974641834,0.8934,48.8276,8.1033,0.0000,0.246773,0.246586;0.246939;0.247035;0.246737;0.246773,35.354298,28285.10,,27.40,0,6980,10,True,nid004910,57783809
SINDI,doc_prune=0.9 query_prune=0.7 n_cand=200,64,0.3974641834,0.8930,48.8276,8.1033,0.0000,0.115442,0.115273;0.115559;0.115515;0.115442;0.115010,16.538968,60463.26,,27.40,0,6980,10,True,nid004910,57783809
SINDI,doc_prune=0.9 query_prune=0 n_cand=200,64,0.3975214900,0.8934,48.8276,8.1033,0.0000,0.270733,0.271200;0.270971;0.270733;0.270416;0.270471,38.786963,25781.86,,27.40,0,6980,10,True,nid004910,57783809
SINDI,doc_prune=0.7 query_prune=0.9 n_cand=10,64,0.3986246418,0.8686,52.1485,8.0123,0.0000,0.113741,0.114275;0.113741;0.113735;0.112816;0.114449,16.295272,61367.49,,27.37,0,6980,10,True,nid004909,57783808
SINDI,doc_prune=0.8 query_prune=0.9 n_cand=50,64,0.3992263610,0.8708,50.5954,8.1033,0.0000,0.063747,0.063914;0.063747;0.063977;0.063590;0.063527,9.132808,109495.35,,27.40,0,6980,10,True,nid004910,57783809
SINDI,doc_prune=0.3 query_prune=0.9 n_cand=10,64,0.4037679083,0.8861,60.1421,8.1033,0.0000,0.203319,0.203302;0.203319;0.204277;0.203888;0.203307,29.128797,34330.29,,27.40,0,6980,10,True,nid004910,57783809
SINDI,doc_prune=0.9 query_prune=0.9 n_cand=50,64,0.4082521490,0.7980,49.4823,8.1851,0.0000,0.047288,0.047288;0.047187;0.047139;0.047430;0.047356,6.774785,147606.16,,27.38,0,6980,10,True,nid004904,57783803
SINDI,doc_prune=0.9 query_prune=0.9 n_cand=50,64,0.4082664756,0.7980,48.4949,8.0498,0.0000,0.048786,0.048786;0.048752;0.048787;0.048861;0.048744,6.989398,143073.83,,27.16,0,6980,10,True,nid004908,57783807
SINDI,doc_prune=0.9 query_prune=0.9 n_cand=50,64,0.4083381089,0.7983,48.6364,8.1487,0.0000,0.064290,0.064744;0.064290;0.064353;0.063900;0.064165,9.210602,108570.54,,24.55,0,6980,10,True,nid004906,57783805
SINDI,doc_prune=0.9 query_prune=0.9 n_cand=50,64,0.4084240688,0.7994,48.8573,8.0978,0.0000,0.039552,0.039688;0.039552;0.039558;0.039498;0.039467,5.666476,176476.54,,23.08,0,6980,10,True,nid004905,57783804
SINDI,doc_prune=0.2 query_prune=0.9 n_cand=10,64,0.4089828080,0.8877,63.7566,8.1033,0.0000,0.250266,0.250717;0.250266;0.249208;0.250660;0.249992,35.854728,27890.32,,27.40,0,6980,10,True,nid004910,57783809
SINDI,doc_prune=0.1 query_prune=0.9 n_cand=10,64,0.4133381089,0.8877,70.2506,8.1033,0.0000,0.294151,0.294118;0.294661;0.293444;0.294704;0.294151,42.141977,23729.31,,27.40,0,6980,10,True,nid004910,57783809
SINDI,doc_prune=0 query_prune=0.9 n_cand=10,64,0.4194126074,0.8881,89.6565,8.1033,0.0000,0.405029,0.404213;0.406700;0.406070;0.405029;0.403839,58.027077,17233.33,,27.40,0,6980,10,True,nid004910,57783809
SINDI,doc_prune=0.8 query_prune=0.9 n_cand=20,64,0.4197994269,0.8524,50.6618,8.0123,0.0000,0.070513,0.070726;0.070513;0.070495;0.070447;0.070893,10.102149,98988.84,,27.37,0,6980,10,True,nid004909,57783808
SINDI,doc_prune=0.6 query_prune=0.7 n_cand=10,64,0.4290257880,0.9676,53.7108,8.1033,0.0000,0.349222,0.349817;0.349162;0.349222;0.348414;0.350360,50.031805,19987.29,,27.40,0,6980,10,True,nid004910,57783809
SINDI,doc_prune=0.6 query_prune=0.5 n_cand=10,64,0.4304584527,0.9689,53.7108,8.1033,0.0000,0.565890,0.565621;0.567116;0.565794;0.565890;0.566180,81.073066,12334.55,,27.40,0,6980,10,True,nid004910,57783809
SINDI,doc_prune=0.6 query_prune=0.3 n_cand=10,64,0.4311031519,0.9698,53.7108,8.1033,0.0000,0.769912,0.769414;0.772573;0.771606;0.769860;0.769912,110.302579,9065.97,,27.40,0,6980,10,True,nid004910,57783809
SINDI,doc_prune=0.6 query_prune=0 n_cand=10,64,0.4316189112,0.9701,53.7108,8.1033,0.0000,1.093491,1.095893;1.093491;1.095519;1.090100;1.092099,156.660602,6383.23,,27.40,0,6980,10,True,nid004910,57783809
SINDI,doc_prune=0.6 query_prune=0.1 n_cand=10,64,0.4316762178,0.9703,53.7108,8.1033,0.0000,0.978781,0.978282;0.978781;0.980703;0.983227;0.977556,140.226504,7131.32,,27.40,0,6980,10,True,nid004910,57783809
SINDI,doc_prune=0.6 query_prune=0.2 n_cand=10,64,0.4316762178,0.9702,53.7108,8.1033,0.0000,0.878834,0.879514;0.876222;0.878834;0.875177;0.878995,125.907450,7942.34,,27.40,0,6980,10,True,nid004910,57783809
SINDI,doc_prune=0.9 query_prune=0.7 n_cand=50,64,0.4325644699,0.8629,48.6364,8.1487,0.0000,0.150904,0.151483;0.150525;0.150783;0.150904;0.151358,21.619484,46254.57,,24.55,0,6980,10,True,nid004906,57783805
SINDI,doc_prune=0.9 query_prune=0.7 n_cand=50,64,0.4325787966,0.8632,49.4823,8.1851,0.0000,0.101638,0.101914;0.102023;0.101638;0.101501;0.101474,14.561318,68675.10,,27.38,0,6980,10,True,nid004904,57783803
SINDI,doc_prune=0.9 query_prune=0.7 n_cand=50,64,0.4325787966,0.8632,48.4949,8.0498,0.0000,0.109011,0.109072;0.109011;0.109025;0.108740;0.108911,15.617622,64030.24,,27.16,0,6980,10,True,nid004908,57783807
SINDI,doc_prune=0.9 query_prune=0.5 n_cand=50,64,0.4326790831,0.8648,48.6364,8.1487,0.0000,0.238264,0.237792;0.238104;0.238264;0.238583;0.238528,34.135244,29295.24,,24.55,0,6980,10,True,nid004906,57783805
SINDI,doc_prune=0.6 query_prune=0.9 n_cand=20,64,0.4327077364,0.9009,53.7108,8.1033,0.0000,0.116717,0.116602;0.116698;0.116717;0.116737;0.116848,16.721633,59802.77,,27.40,0,6980,10,True,nid004910,57783809
SINDI,doc_prune=0.9 query_prune=0.5 n_cand=50,64,0.4327507163,0.8649,49.4823,8.1851,0.0000,0.154183,0.154183;0.154168;0.154655;0.154628;0.154147,22.089255,45270.88,,27.38,0,6980,10,True,nid004904,57783803
SINDI,doc_prune=0.9 query_prune=0.5 n_cand=50,64,0.4327650430,0.8649,48.4949,8.0498,0.0000,0.164084,0.164640;0.163872;0.164291;0.164084;0.163828,23.507736,42539.19,,27.16,0,6980,10,True,nid004908,57783807
SINDI,doc_prune=0.9 query_prune=0.7 n_cand=50,64,0.4327936963,0.8632,48.8573,8.0978,0.0000,0.082833,0.082833;0.082922;0.082749;0.082941;0.082799,11.867192,84265.93,,23.08,0,6980,10,True,nid004905,57783804
SINDI,doc_prune=0.9 query_prune=0.5 n_cand=50,64,0.4329799427,0.8643,48.8573,8.0978,0.0000,0.124679,0.124614;0.124365;0.124700;0.124716;0.124679,17.862321,55983.77,,23.08,0,6980,10,True,nid004905,57783804
SINDI,doc_prune=0.9 query_prune=0.3 n_cand=50,64,0.4332091691,0.8648,48.6364,8.1487,0.0000,0.319310,0.320168;0.319106;0.319310;0.319027;0.319557,45.746418,21859.63,,24.55,0,6980,10,True,nid004906,57783805
SINDI,doc_prune=0.9 query_prune=0.3 n_cand=50,64,0.4332091691,0.8649,48.4949,8.0498,0.0000,0.216168,0.216525;0.215565;0.216168;0.216580;0.216043,30.969628,32289.70,,27.16,0,6980,10,True,nid004908,57783807
SINDI,doc_prune=0.9 query_prune=0.3 n_cand=50,64,0.4332234957,0.8649,49.4823,8.1851,0.0000,0.205017,0.205017;0.204598;0.205241;0.205119;0.204697,29.372063,34045.96,,27.38,0,6980,10,True,nid004904,57783803
SINDI,doc_prune=0.9 query_prune=0 n_cand=50,64,0.4332664756,0.8646,48.6364,8.1487,0.0000,0.446515,0.446425;0.446626;0.446845;0.446232;0.446515,63.970630,15632.17,,24.55,0,6980,10,True,nid004906,57783805
SINDI,doc_prune=0.9 query_prune=0.3 n_cand=50,64,0.4332951289,0.8646,48.8573,8.0978,0.0000,0.163935,0.163639;0.163935;0.164206;0.164002;0.163862,23.486390,42577.85,,23.08,0,6980,10,True,nid004905,57783804
SINDI,doc_prune=0.9 query_prune=0.1 n_cand=50,64,0.4332951289,0.8646,48.6364,8.1487,0.0000,0.400764,0.400764;0.402494;0.401577;0.400762;0.400398,57.416046,17416.73,,24.55,0,6980,10,True,nid004906,57783805
SINDI,doc_prune=0.9 query_prune=0 n_cand=50,64,0.4333094556,0.8648,48.4949,8.0498,0.0000,0.299778,0.300693;0.299778;0.300661;0.299512;0.299697,42.948138,23283.90,,27.16,0,6980,10,True,nid004908,57783807
SINDI,doc_prune=0.9 query_prune=0 n_cand=50,64,0.4333381089,0.8648,49.4823,8.1851,0.0000,0.285120,0.285120;0.285323;0.285140;0.285054;0.285102,40.848138,24480.92,,27.38,0,6980,10,True,nid004904,57783803
SINDI,doc_prune=0.9 query_prune=0.2 n_cand=50,64,0.4333381089,0.8648,48.6364,8.1487,0.0000,0.360210,0.360947;0.360693;0.359911;0.360056;0.360210,51.606017,19377.59,,24.55,0,6980,10,True,nid004906,57783805
SINDI,doc_prune=0.9 query_prune=0.1 n_cand=50,64,0.4333381089,0.8648,48.4949,8.0498,0.0000,0.269508,0.269383;0.269508;0.270588;0.269480;0.270293,38.611461,25899.05,,27.16,0,6980,10,True,nid004908,57783807
SINDI,doc_prune=0.9 query_prune=0.2 n_cand=50,64,0.4333524355,0.8649,48.4949,8.0498,0.0000,0.242744,0.242744;0.243123;0.242721;0.242842;0.242576,34.777077,28754.57,,27.16,0,6980,10,True,nid004908,57783807
SINDI,doc_prune=0.9 query_prune=0.1 n_cand=50,64,0.4333667622,0.8648,49.4823,8.1851,0.0000,0.256853,0.256476;0.256953;0.256853;0.257062;0.256486,36.798424,27175.08,,27.38,0,6980,10,True,nid004904,57783803
SINDI,doc_prune=0.9 query_prune=0.2 n_cand=50,64,0.4333667622,0.8649,49.4823,8.1851,0.0000,0.231233,0.230507;0.231233;0.231023;0.231298;0.231515,33.127937,30186.00,,27.38,0,6980,10,True,nid004904,57783803
SINDI,doc_prune=0.9 query_prune=0.1 n_cand=50,64,0.4334097421,0.8645,48.8573,8.0978,0.0000,0.204657,0.204048;0.204661;0.204929;0.204657;0.204404,29.320487,34105.85,,23.08,0,6980,10,True,nid004905,57783804
SINDI,doc_prune=0.9 query_prune=0.2 n_cand=50,64,0.4334097421,0.8648,48.8573,8.0978,0.0000,0.184198,0.184479;0.184198;0.184121;0.184387;0.184009,26.389398,37894.01,,23.08,0,6980,10,True,nid004905,57783804
SINDI,doc_prune=0.9 query_prune=0 n_cand=50,64,0.4334957020,0.8645,48.8573,8.0978,0.0000,0.226903,0.226921;0.227150;0.226626;0.226903;0.226382,32.507593,30762.04,,23.08,0,6980,10,True,nid004905,57783804
SINDI,doc_prune=0.7 query_prune=0.9 n_cand=10,64,0.4365329513,0.8774,51.8677,8.0978,0.0000,0.076962,0.077048;0.076954;0.076691;0.077028;0.076962,11.026074,90694.11,,23.08,0,6980,10,True,nid004905,57783804
SINDI,doc_prune=0.7 query_prune=0.9 n_cand=10,64,0.4365759312,0.8774,51.9159,8.1487,0.0000,0.132822,0.133426;0.132822;0.132461;0.132518;0.133610,19.028940,52551.54,,24.55,0,6980,10,True,nid004906,57783805
SINDI,doc_prune=0.7 query_prune=0.9 n_cand=10,64,0.4366045845,0.8772,52.9532,8.1851,0.0000,0.098335,0.098256;0.098335;0.098755;0.097948;0.098404,14.088109,70981.85,,27.38,0,6980,10,True,nid004904,57783803
SINDI,doc_prune=0.7 query_prune=0.9 n_cand=10,64,0.4366045845,0.8772,51.9309,8.0498,0.0000,0.095224,0.095276;0.095224;0.095744;0.094894;0.095210,13.642407,73300.85,,27.16,0,6980,10,True,nid004908,57783807
SINDI,doc_prune=0.8 query_prune=0.5 n_cand=50,64,0.4388108883,0.9393,50.5954,8.1033,0.0000,0.232827,0.232827;0.232812;0.232954;0.232999;0.231965,33.356304,29979.34,,27.40,0,6980,10,True,nid004910,57783809
SINDI,doc_prune=0.8 query_prune=0.7 n_cand=50,64,0.4390544413,0.9397,50.5954,8.1033,0.0000,0.152505,0.152524;0.153286;0.152143;0.152505;0.152206,21.848854,45768.99,,27.40,0,6980,10,True,nid004910,57783809
SINDI,doc_prune=0.8 query_prune=0.3 n_cand=50,64,0.4394699140,0.9403,50.5954,8.1033,0.0000,0.308389,0.308842;0.308612;0.308127;0.308267;0.308389,44.181805,22633.75,,27.40,0,6980,10,True,nid004910,57783809
SINDI,doc_prune=0.8 query_prune=0.2 n_cand=50,64,0.4395415473,0.9405,50.5954,8.1033,0.0000,0.347247,0.346972;0.347582;0.347247;0.347782;0.345798,49.748854,20100.97,,27.40,0,6980,10,True,nid004910,57783809
SINDI,doc_prune=0.8 query_prune=0 n_cand=50,64,0.4395845272,0.9408,50.5954,8.1033,0.0000,0.428437,0.428437;0.428251;0.429800;0.428201;0.429270,61.380659,16291.78,,27.40,0,6980,10,True,nid004910,57783809
SINDI,doc_prune=0.8 query_prune=0.1 n_cand=50,64,0.4395845272,0.9410,50.5954,8.1033,0.0000,0.386513,0.386513;0.387577;0.386273;0.386638;0.385938,55.374355,18058.90,,27.40,0,6980,10,True,nid004910,57783809
SINDI,doc_prune=0.6 query_prune=0.9 n_cand=10,64,0.4441547278,0.8891,53.6786,8.0123,0.0000,0.196695,0.196423;0.196695;0.197889;0.196228;0.199434,28.179799,35486.41,,27.37,0,6980,10,True,nid004909,57783808
SINDI,doc_prune=0.7 query_prune=0.7 n_cand=20,64,0.4460458453,0.9574,52.1434,8.1033,0.0000,0.246220,0.245833;0.246387;0.245960;0.246641;0.246220,35.275072,28348.63,,27.40,0,6980,10,True,nid004910,57783809
SINDI,doc_prune=0.7 query_prune=0.5 n_cand=20,64,0.4465616046,0.9609,52.1434,8.1033,0.0000,0.390450,0.390259;0.390303;0.390450;0.390524;0.391459,55.938395,17876.81,,27.40,0,6980,10,True,nid004910,57783809
SINDI,doc_prune=0.7 query_prune=0.3 n_cand=20,64,0.4469340974,0.9612,52.1434,8.1033,0.0000,0.525251,0.525277;0.525527;0.525251;0.523830;0.525122,75.250860,13288.88,,27.40,0,6980,10,True,nid004910,57783809
SINDI,doc_prune=0.7 query_prune=0 n_cand=20,64,0.4472636103,0.9610,52.1434,8.1033,0.0000,0.737539,0.738874;0.735178;0.736553;0.737539;0.738326,105.664613,9463.91,,27.40,0,6980,10,True,nid004910,57783809
SINDI,doc_prune=0.7 query_prune=0.2 n_cand=20,64,0.4473352436,0.9613,52.1434,8.1033,0.0000,0.593598,0.593865;0.592592;0.592800;0.593598;0.593911,85.042693,11758.80,,27.40,0,6980,10,True,nid004910,57783809
SINDI,doc_prune=0.7 query_prune=0.1 n_cand=20,64,0.4473495702,0.9613,52.1434,8.1033,0.0000,0.662754,0.662878;0.661922;0.663501;0.662754;0.661728,94.950430,10531.81,,27.40,0,6980,10,True,nid004910,57783809
SINDI,doc_prune=0.8 query_prune=0.7 n_cand=20,64,0.4561031519,0.9322,50.6618,8.0123,0.0000,0.174618,0.174818;0.174618;0.175007;0.173877;0.173948,25.016905,39972.97,,27.37,0,6980,10,True,nid004909,57783808
SINDI,doc_prune=0.8 query_prune=0.5 n_cand=20,64,0.4565759312,0.9332,50.6618,8.0123,0.0000,0.267169,0.265870;0.266322;0.267288;0.268622;0.267169,38.276361,26125.79,,27.37,0,6980,10,True,nid004909,57783808
SINDI,doc_prune=0.7 query_prune=0.5 n_cand=10,64,0.4566045845,0.9642,52.1485,8.0123,0.0000,0.501122,0.500525;0.499335;0.501122;0.501865;0.501911,71.793983,13928.74,,27.37,0,6980,10,True,nid004909,57783808
SINDI,doc_prune=0.7 query_prune=0.7 n_cand=10,64,0.4570343840,0.9640,52.1485,8.0123,0.0000,0.314522,0.315503;0.313993;0.313788;0.316082;0.314522,45.060458,22192.41,,27.37,0,6980,10,True,nid004909,57783808
SINDI,doc_prune=0.8 query_prune=0 n_cand=20,64,0.4573065903,0.9331,50.6618,8.0123,0.0000,0.488160,0.488306;0.488583;0.487793;0.488160;0.487148,69.936963,14298.59,,27.37,0,6980,10,True,nid004909,57783808
SINDI,doc_prune=0.8 query_prune=0.1 n_cand=20,64,0.4573782235,0.9331,50.6618,8.0123,0.0000,0.447483,0.447483;0.448360;0.448018;0.445981;0.446338,64.109312,15598.36,,27.37,0,6980,10,True,nid004909,57783808
SINDI,doc_prune=0.8 query_prune=0.3 n_cand=20,64,0.4574068768,0.9335,50.6618,8.0123,0.0000,0.355703,0.357076;0.355703;0.355502;0.356658;0.355389,50.960315,19623.11,,27.37,0,6980,10,True,nid004909,57783808
SINDI,doc_prune=0.8 query_prune=0.2 n_cand=20,64,0.4574641834,0.9331,50.6618,8.0123,0.0000,0.401741,0.402101;0.401415;0.401937;0.401323;0.401741,57.556017,17374.38,,27.37,0,6980,10,True,nid004909,57783808
SINDI,doc_prune=0.7 query_prune=0.3 n_cand=10,64,0.4575501433,0.9639,52.1485,8.0123,0.0000,0.677854,0.678104;0.678032;0.675930;0.677511;0.677854,97.113754,10297.20,,27.37,0,6980,10,True,nid004909,57783808
SINDI,doc_prune=0.7 query_prune=0.2 n_cand=10,64,0.4576790831,0.9639,52.1485,8.0123,0.0000,0.769656,0.769983;0.767570;0.770247;0.769656;0.768984,110.265903,9068.99,,27.37,0,6980,10,True,nid004909,57783808
SINDI,doc_prune=0.7 query_prune=0.1 n_cand=10,64,0.4577793696,0.9640,52.1485,8.0123,0.0000,0.857245,0.856825;0.857245;0.856925;0.860932;0.858525,122.814470,8142.36,,27.37,0,6980,10,True,nid004909,57783808
SINDI,doc_prune=0.7 query_prune=0 n_cand=10,64,0.4578366762,0.9643,52.1485,8.0123,0.0000,0.956758,0.956793;0.956758;0.956677;0.958438;0.955707,137.071347,7295.47,,27.37,0,6980,10,True,nid004909,57783808
SINDI,doc_prune=0.5 query_prune=0.9 n_cand=20,64,0.4590114613,0.9090,55.5593,8.1033,0.0000,0.144057,0.144435;0.142906;0.143853;0.144057;0.144131,20.638539,48453.04,,27.40,0,6980,10,True,nid004910,57783809
SINDI,doc_prune=0.7 query_prune=0.9 n_cand=50,64,0.4699856734,0.9155,52.1434,8.1033,0.0000,0.093419,0.093419;0.093357;0.093424;0.093081;0.093925,13.383811,74717.13,,27.40,0,6980,10,True,nid004910,57783809
SINDI,doc_prune=0.8 query_prune=0.9 n_cand=20,64,0.4715759312,0.8632,50.5467,8.0978,0.0000,0.054567,0.054567;0.054738;0.054838;0.054559;0.054408,7.817622,127916.14,,23.08,0,6980,10,True,nid004905,57783804
SINDI,doc_prune=0.8 query_prune=0.9 n_cand=20,64,0.4719197708,0.8636,50.3306,8.1487,0.0000,0.103682,0.103797;0.102876;0.103760;0.103682;0.103630,14.854155,67321.23,,24.55,0,6980,10,True,nid004906,57783805
SINDI,doc_prune=0.8 query_prune=0.9 n_cand=20,64,0.4719484241,0.8635,50.2061,8.0498,0.0000,0.073581,0.073581;0.073443;0.073730;0.073565;0.073582,10.541691,94861.45,,27.16,0,6980,10,True,nid004908,57783807
SINDI,doc_prune=0.8 query_prune=0.9 n_cand=20,64,0.4719627507,0.8635,51.2584,8.1851,0.0000,0.069759,0.069759;0.070030;0.069561;0.069713;0.070039,9.994126,100058.77,,27.38,0,6980,10,True,nid004904,57783803
SINDI,doc_prune=0.5 query_prune=0.9 n_cand=10,64,0.4731375358,0.8997,55.6074,8.0123,0.0000,0.182542,0.182542;0.182431;0.182096;0.183284;0.183070,26.152149,38237.78,,27.37,0,6980,10,True,nid004909,57783808
SINDI,doc_prune=0.4 query_prune=0.9 n_cand=20,64,0.4756446991,0.9132,57.5676,8.1033,0.0000,0.173432,0.174237;0.172841;0.173300;0.173432;0.173706,24.846991,40246.32,,27.40,0,6980,10,True,nid004910,57783809
SINDI,doc_prune=0.5 query_prune=0.7 n_cand=10,64,0.4823782235,0.9838,55.5593,8.1033,0.0000,0.466080,0.465250;0.466898;0.466080;0.468808;0.465667,66.773639,14975.97,,27.40,0,6980,10,True,nid004910,57783809
SINDI,doc_prune=0.9 query_prune=0.9 n_cand=200,64,0.4850429799,0.8652,48.8365,8.0123,0.0000,0.076100,0.076171;0.076064;0.076100;0.075930;0.076302,10.902579,91721.42,,27.37,0,6980,10,True,nid004909,57783808
SINDI,doc_prune=0.3 query_prune=0.9 n_cand=20,64,0.4855730659,0.9160,60.1421,8.1033,0.0000,0.205938,0.206800;0.205467;0.205383;0.206057;0.205938,29.504011,33893.70,,27.40,0,6980,10,True,nid004910,57783809
SINDI,doc_prune=0.6 query_prune=0.9 n_cand=10,64,0.4863610315,0.8938,54.5728,8.1851,0.0000,0.129461,0.129461;0.129466;0.130610;0.129239;0.128937,18.547421,53915.85,,27.38,0,6980,10,True,nid004904,57783803
SINDI,doc_prune=0.6 query_prune=0.9 n_cand=10,64,0.4863610315,0.8938,53.5121,8.0498,0.0000,0.131332,0.131332;0.131874;0.131092;0.131975;0.131205,18.815473,53147.75,,27.16,0,6980,10,True,nid004908,57783807
SINDI,doc_prune=0.6 query_prune=0.9 n_cand=10,64,0.4864183381,0.8938,53.2876,8.1487,0.0000,0.174431,0.174616;0.173968;0.174431;0.174809;0.174266,24.990115,40015.82,,24.55,0,6980,10,True,nid004906,57783805
SINDI,doc_prune=0.6 query_prune=0.9 n_cand=10,64,0.4864326648,0.8938,53.0723,8.0978,0.0000,0.103341,0.103898;0.103624;0.103341;0.103190;0.103168,14.805301,67543.38,,23.08,0,6980,10,True,nid004905,57783804
SINDI,doc_prune=0.5 query_prune=0.5 n_cand=10,64,0.4868624642,0.9864,55.5593,8.1033,0.0000,0.765722,0.768749;0.765517;0.766148;0.765454;0.765722,109.702292,9115.58,,27.40,0,6980,10,True,nid004910,57783809
SINDI,doc_prune=0.5 query_prune=0.3 n_cand=10,64,0.4877077364,0.9865,55.5593,8.1033,0.0000,1.044160,1.043984;1.044160;1.046829;1.045832;1.038285,149.593123,6684.80,,27.40,0,6980,10,True,nid004910,57783809
SINDI,doc_prune=0.5 query_prune=0.2 n_cand=10,64,0.4879226361,0.9868,55.5593,8.1033,0.0000,1.184617,1.183131;1.184232;1.184617;1.185104;1.190747,169.715903,5892.20,,27.40,0,6980,10,True,nid004910,57783809
SINDI,doc_prune=0.5 query_prune=0 n_cand=10,64,0.4881232092,0.9871,55.5593,8.1033,0.0000,1.471411,1.467700;1.471411;1.471803;1.467004;1.471987,210.803868,4743.75,,27.40,0,6980,10,True,nid004910,57783809
SINDI,doc_prune=0.5 query_prune=0.1 n_cand=10,64,0.4881232092,0.9870,55.5593,8.1033,0.0000,1.320121,1.320577;1.318788;1.320121;1.321180;1.318099,189.129083,5287.39,,27.40,0,6980,10,True,nid004910,57783809
SINDI,doc_prune=0.2 query_prune=0.9 n_cand=20,64,0.4921489971,0.9181,63.7566,8.1033,0.0000,0.252020,0.251222;0.252020;0.251613;0.252879;0.253035,36.106017,27696.21,,27.40,0,6980,10,True,nid004910,57783809
SINDI,doc_prune=0.4 query_prune=0.9 n_cand=10,64,0.4926647564,0.9047,57.6367,8.0123,0.0000,0.247186,0.244750;0.245979;0.247858;0.247565;0.247186,35.413467,28237.85,,27.37,0,6980,10,True,nid004909,57783808
SINDI,doc_prune=0.1 query_prune=0.9 n_cand=20,64,0.4959885387,0.9176,70.2506,8.1033,0.0000,0.295881,0.296397;0.295480;0.295881;0.295511;0.296939,42.389828,23590.57,,27.40,0,6980,10,True,nid004910,57783809
SINDI,doc_prune=0.8 query_prune=0.9 n_cand=200,64,0.4982378223,0.9284,50.5954,8.1033,0.0000,0.087660,0.087614;0.087539;0.087773;0.087679;0.087660,12.558739,79625.83,,27.40,0,6980,10,True,nid004910,57783809
SINDI,doc_prune=0.3 query_prune=0.9 n_cand=10,64,0.5024641834,0.9064,60.6069,8.0123,0.0000,0.267186,0.266803;0.267019;0.267186;0.268221;0.268731,38.278797,26124.12,,27.37,0,6980,10,True,nid004909,57783808
SINDI,doc_prune=0 query_prune=0.9 n_cand=20,64,0.5033954155,0.9181,89.6565,8.1033,0.0000,0.407491,0.406015;0.407482;0.408645;0.407908;0.407491,58.379799,17129.21,,27.40,0,6980,10,True,nid004910,57783809
SINDI,doc_prune=0.7 query_prune=0.5 n_cand=10,64,0.5055587393,0.9708,51.8677,8.0978,0.0000,0.329100,0.329371;0.329304;0.328888;0.329100;0.328935,47.148997,21209.36,,23.08,0,6980,10,True,nid004905,57783804
SINDI,doc_prune=0.7 query_prune=0.7 n_cand=10,64,0.5056876791,0.9698,51.8677,8.0978,0.0000,0.210421,0.210291;0.210434;0.210189;0.210421;0.210672,30.146275,33171.59,,23.08,0,6980,10,True,nid004905,57783804
SINDI,doc_prune=0.7 query_prune=0.5 n_cand=10,64,0.5057593123,0.9705,51.9159,8.1487,0.0000,0.568111,0.570129;0.568111;0.568123;0.567845;0.567845,81.391261,12286.33,,24.55,0,6980,10,True,nid004906,57783805
SINDI,doc_prune=0.7 query_prune=0.5 n_cand=10,64,0.5057879656,0.9705,52.9532,8.1851,0.0000,0.436510,0.436384;0.435504;0.436514;0.436560;0.436510,62.537249,15990.47,,27.38,0,6980,10,True,nid004904,57783803
SINDI,doc_prune=0.7 query_prune=0.5 n_cand=10,64,0.5057879656,0.9705,51.9309,8.0498,0.0000,0.413395,0.413402;0.413309;0.412973;0.413550;0.413395,59.225645,16884.58,,27.16,0,6980,10,True,nid004908,57783807
SINDI,doc_prune=0.7 query_prune=0.7 n_cand=10,64,0.5059742120,0.9698,51.9159,8.1487,0.0000,0.373543,0.373543;0.373304;0.373849;0.372722;0.374417,53.516189,18685.93,,24.55,0,6980,10,True,nid004906,57783805
SINDI,doc_prune=0.7 query_prune=0.7 n_cand=10,64,0.5059885387,0.9698,52.9532,8.1851,0.0000,0.275844,0.276290;0.274359;0.275563;0.276128;0.275844,39.519198,25304.16,,27.38,0,6980,10,True,nid004904,57783803
SINDI,doc_prune=0.7 query_prune=0.7 n_cand=10,64,0.5059885387,0.9698,51.9309,8.0498,0.0000,0.261305,0.261244;0.261704;0.261273;0.261305;0.262009,37.436246,26712.08,,27.16,0,6980,10,True,nid004908,57783807
SINDI,doc_prune=0.9 query_prune=0.9 n_cand=1000,64,0.5064183381,0.9266,48.8276,8.1033,0.0000,0.168646,0.168804;0.168646;0.168635;0.168716;0.168627,24.161318,41388.47,,27.40,0,6980,10,True,nid004910,57783809
SINDI,doc_prune=0.7 query_prune=0.3 n_cand=10,64,0.5070343840,0.9705,51.8677,8.0978,0.0000,0.441514,0.441619;0.441496;0.441514;0.441725;0.441403,63.254155,15809.24,,23.08,0,6980,10,True,nid004905,57783804
SINDI,doc_prune=0.7 query_prune=0.3 n_cand=10,64,0.5072492837,0.9696,51.9159,8.1487,0.0000,0.764442,0.765286;0.762606;0.764442;0.763755;0.765077,109.518911,9130.84,,24.55,0,6980,10,True,nid004906,57783805
SINDI,doc_prune=0.7 query_prune=0.3 n_cand=10,64,0.5072636103,0.9698,52.9532,8.1851,0.0000,0.592744,0.591788;0.594394;0.593151;0.592744;0.592467,84.920344,11775.74,,27.38,0,6980,10,True,nid004904,57783803
SINDI,doc_prune=0.7 query_prune=0.3 n_cand=10,64,0.5072636103,0.9698,51.9309,8.0498,0.0000,0.558147,0.559690;0.556256;0.557968;0.558147;0.559222,79.963754,12505.67,,27.16,0,6980,10,True,nid004908,57783807
SINDI,doc_prune=0.7 query_prune=0.2 n_cand=10,64,0.5074498567,0.9711,51.8677,8.0978,0.0000,0.499334,0.499176;0.498472;0.499511;0.499832;0.499334,71.537822,13978.62,,23.08,0,6980,10,True,nid004905,57783804
SINDI,doc_prune=0.7 query_prune=0.1 n_cand=10,64,0.5074785100,0.9711,51.8677,8.0978,0.0000,0.555856,0.555856;0.555984;0.556506;0.555180;0.555801,79.635530,12557.21,,23.08,0,6980,10,True,nid004905,57783804
SINDI,doc_prune=0.2 query_prune=0.9 n_cand=10,64,0.5075071633,0.9083,64.5137,8.0123,0.0000,0.306382,0.306382;0.304252;0.305156;0.307444;0.307023,43.894269,22782.02,,27.37,0,6980,10,True,nid004909,57783808
SINDI,doc_prune=0.7 query_prune=0 n_cand=10,64,0.5075787966,0.9712,51.8677,8.0978,0.0000,0.618168,0.614750;0.616979;0.618168;0.618218;0.618381,88.562751,11291.43,,23.08,0,6980,10,True,nid004905,57783804
SINDI,doc_prune=0.7 query_prune=0.1 n_cand=10,64,0.5075931232,0.9702,51.9159,8.1487,0.0000,0.960429,0.959473;0.960301;0.960429;0.961604;0.962519,137.597278,7267.59,,24.55,0,6980,10,True,nid004906,57783805
SINDI,doc_prune=0.7 query_prune=0.1 n_cand=10,64,0.5076074499,0.9703,52.9532,8.1851,0.0000,0.753093,0.753093;0.753395;0.752942;0.754515;0.752168,107.892980,9268.44,,27.38,0,6980,10,True,nid004904,57783803
SINDI,doc_prune=0.7 query_prune=0.2 n_cand=10,64,0.5076074499,0.9702,51.9159,8.1487,0.0000,0.862390,0.861734;0.862390;0.863581;0.861964;0.863129,123.551576,8093.79,,24.55,0,6980,10,True,nid004906,57783805
SINDI,doc_prune=0.7 query_prune=0.1 n_cand=10,64,0.5076074499,0.9703,51.9309,8.0498,0.0000,0.706603,0.706900;0.707601;0.705990;0.706603;0.706043,101.232521,9878.25,,27.16,0,6980,10,True,nid004908,57783807
SINDI,doc_prune=0.7 query_prune=0.2 n_cand=10,64,0.5076504298,0.9703,52.9532,8.1851,0.0000,0.674043,0.675381;0.674884;0.674043;0.673571;0.673625,96.567765,10355.42,,27.38,0,6980,10,True,nid004904,57783803
SINDI,doc_prune=0.7 query_prune=0.2 n_cand=10,64,0.5076504298,0.9703,51.9309,8.0498,0.0000,0.632841,0.633186;0.632841;0.630178;0.632415;0.634376,90.664900,11029.63,,27.16,0,6980,10,True,nid004908,57783807
SINDI,doc_prune=0.7 query_prune=0.9 n_cand=20,64,0.5077077364,0.9029,52.1485,8.0123,0.0000,0.114711,0.114518;0.114459;0.114711;0.114747;0.114848,16.434241,60848.57,,27.37,0,6980,10,True,nid004909,57783808
SINDI,doc_prune=0.7 query_prune=0 n_cand=10,64,0.5077507163,0.9703,51.9159,8.1487,0.0000,1.068874,1.071216;1.067343;1.068874;1.067432;1.069917,153.133811,6530.24,,24.55,0,6980,10,True,nid004906,57783805
SINDI,doc_prune=0.7 query_prune=0 n_cand=10,64,0.5077793696,0.9705,52.9532,8.1851,0.0000,0.843991,0.841313;0.840986;0.843991;0.845195;0.845455,120.915616,8270.23,,27.38,0,6980,10,True,nid004904,57783803
SINDI,doc_prune=0.7 query_prune=0 n_cand=10,64,0.5077793696,0.9705,51.9309,8.0498,0.0000,0.790597,0.788865;0.790913;0.791083;0.790597;0.790442,113.266046,8828.77,,27.16,0,6980,10,True,nid004908,57783807
SINDI,doc_prune=0.6 query_prune=0.9 n_cand=50,64,0.5095702006,0.9319,53.7108,8.1033,0.0000,0.121336,0.121703;0.121396;0.121030;0.121336;0.121009,17.383381,57526.21,,27.40,0,6980,10,True,nid004910,57783809
SINDI,doc_prune=0.1 query_prune=0.9 n_cand=10,64,0.5108452722,0.9074,71.1279,8.0123,0.0000,0.344492,0.344460;0.345666;0.344593;0.344492;0.343349,49.354155,20261.72,,27.37,0,6980,10,True,nid004909,57783808
SINDI,doc_prune=0.8 query_prune=0.7 n_cand=20,64,0.5120200573,0.9418,50.5467,8.0978,0.0000,0.136100,0.136613;0.135730;0.136100;0.135945;0.136219,19.498567,51285.82,,23.08,0,6980,10,True,nid004905,57783804
SINDI,doc_prune=0.8 query_prune=0.7 n_cand=20,64,0.5121633238,0.9415,50.2061,8.0498,0.0000,0.185134,0.185134;0.185144;0.184913;0.185019;0.185717,26.523496,37702.42,,27.16,0,6980,10,True,nid004908,57783807
SINDI,doc_prune=0.8 query_prune=0.7 n_cand=20,64,0.5121776504,0.9415,51.2584,8.1851,0.0000,0.177981,0.178477;0.177622;0.177826;0.177981;0.178073,25.498711,39217.67,,27.38,0,6980,10,True,nid004904,57783803
SINDI,doc_prune=0.8 query_prune=0.7 n_cand=20,64,0.5122349570,0.9417,50.3306,8.1487,0.0000,0.265261,0.265261;0.266402;0.264870;0.264904;0.266046,38.003009,26313.71,,24.55,0,6980,10,True,nid004906,57783805
SINDI,doc_prune=0.6 query_prune=0.7 n_cand=20,64,0.5123065903,0.9812,53.7108,8.1033,0.0000,0.351166,0.350858;0.352152;0.351166;0.352645;0.350581,50.310315,19876.64,,27.40,0,6980,10,True,nid004910,57783809
SINDI,doc_prune=0.8 query_prune=0.5 n_cand=20,64,0.5128939828,0.9441,50.2061,8.0498,0.0000,0.283749,0.283749;0.282505;0.283197;0.286793;0.287777,40.651719,24599.21,,27.16,0,6980,10,True,nid004908,57783807
SINDI,doc_prune=0.8 query_prune=0.5 n_cand=20,64,0.5129226361,0.9441,51.2584,8.1851,0.0000,0.276229,0.276527;0.277111;0.275977;0.275545;0.276229,39.574355,25268.89,,27.38,0,6980,10,True,nid004904,57783803
SINDI,doc_prune=0.8 query_prune=0.5 n_cand=20,64,0.5129369628,0.9447,50.5467,8.0978,0.0000,0.210736,0.210768;0.210134;0.210736;0.210300;0.210790,30.191404,33122.01,,23.08,0,6980,10,True,nid004905,57783804
SINDI,doc_prune=0.8 query_prune=0.5 n_cand=20,64,0.5129369628,0.9441,50.3306,8.1487,0.0000,0.422834,0.421895;0.425771;0.423697;0.422834;0.422690,60.577937,16507.66,,24.55,0,6980,10,True,nid004906,57783805
SINDI,doc_prune=0.6 query_prune=0.5 n_cand=20,64,0.5130802292,0.9822,53.7108,8.1033,0.0000,0.567780,0.567298;0.568920;0.566870;0.567780;0.568028,81.343840,12293.49,,27.40,0,6980,10,True,nid004910,57783809
SINDI,doc_prune=0 query_prune=0.9 n_cand=10,64,0.5133237822,0.9073,90.4895,8.0123,0.0000,0.473738,0.474049;0.473568;0.474301;0.473738;0.471168,67.870774,14733.88,,27.37,0,6980,10,True,nid004909,57783808
SINDI,doc_prune=0.8 query_prune=0.3 n_cand=20,64,0.5136962751,0.9454,51.2584,8.1851,0.0000,0.365956,0.364925;0.366666;0.365281;0.365956;0.366199,52.429226,19073.33,,27.38,0,6980,10,True,nid004904,57783803
SINDI,doc_prune=0.8 query_prune=0.3 n_cand=20,64,0.5136962751,0.9454,50.2061,8.0498,0.0000,0.379166,0.379166;0.379200;0.378713;0.379738;0.378901,54.321777,18408.82,,27.16,0,6980,10,True,nid004908,57783807
SINDI,doc_prune=0.8 query_prune=0.3 n_cand=20,64,0.5137106017,0.9457,50.5467,8.0978,0.0000,0.280144,0.279737;0.280488;0.280144;0.279870;0.280281,40.135244,24915.76,,23.08,0,6980,10,True,nid004905,57783804
SINDI,doc_prune=0.8 query_prune=0.3 n_cand=20,64,0.5137535817,0.9454,50.3306,8.1487,0.0000,0.572946,0.573096;0.571579;0.572946;0.571913;0.573902,82.083954,12182.65,,24.55,0,6980,10,True,nid004906,57783805
SINDI,doc_prune=0.8 query_prune=0.2 n_cand=20,64,0.5138968481,0.9451,51.2584,8.1851,0.0000,0.412533,0.412332;0.412735;0.412930;0.412140;0.412533,59.102149,16919.86,,27.38,0,6980,10,True,nid004904,57783803
SINDI,doc_prune=0.8 query_prune=0.2 n_cand=20,64,0.5138968481,0.9451,50.2061,8.0498,0.0000,0.428892,0.428892;0.430258;0.428816;0.428437;0.429663,61.445845,16274.49,,27.16,0,6980,10,True,nid004908,57783807
SINDI,doc_prune=0.8 query_prune=0.2 n_cand=20,64,0.5139398281,0.9451,50.3306,8.1487,0.0000,0.651220,0.651267;0.651220;0.649958;0.650950;0.654315,93.297994,10718.34,,24.55,0,6980,10,True,nid004906,57783805
SINDI,doc_prune=0.8 query_prune=0.1 n_cand=20,64,0.5139684814,0.9450,51.2584,8.1851,0.0000,0.457319,0.457319;0.458130;0.457785;0.456891;0.456543,65.518481,15262.87,,27.38,0,6980,10,True,nid004904,57783803
SINDI,doc_prune=0.8 query_prune=0.1 n_cand=20,64,0.5139684814,0.9450,50.2061,8.0498,0.0000,0.477404,0.477586;0.477404;0.478873;0.477246;0.477274,68.395989,14620.74,,27.16,0,6980,10,True,nid004908,57783807
SINDI,doc_prune=0.8 query_prune=0.2 n_cand=20,64,0.5139828080,0.9456,50.5467,8.0978,0.0000,0.315706,0.315691;0.315355;0.315706;0.316546;0.316112,45.230086,22109.18,,23.08,0,6980,10,True,nid004905,57783804
SINDI,doc_prune=0.8 query_prune=0.1 n_cand=20,64,0.5140257880,0.9456,50.5467,8.0978,0.0000,0.351472,0.351076;0.351124;0.352067;0.351840;0.351472,50.354155,19859.33,,23.08,0,6980,10,True,nid004905,57783804
SINDI,doc_prune=0.8 query_prune=0.1 n_cand=20,64,0.5140401146,0.9450,50.3306,8.1487,0.0000,0.728465,0.728425;0.728772;0.728465;0.727898;0.729203,104.364613,9581.79,,24.55,0,6980,10,True,nid004906,57783805
SINDI,doc_prune=0.8 query_prune=0 n_cand=20,64,0.5140830946,0.9448,51.2584,8.1851,0.0000,0.508208,0.508208;0.508732;0.509101;0.507763;0.507709,72.809169,13734.53,,27.38,0,6980,10,True,nid004904,57783803
SINDI,doc_prune=0.8 query_prune=0 n_cand=20,64,0.5140830946,0.9448,50.2061,8.0498,0.0000,0.529859,0.530283;0.530224;0.529859;0.527445;0.529157,75.911032,13173.32,,27.16,0,6980,10,True,nid004908,57783807
SINDI,doc_prune=0.8 query_prune=0 n_cand=20,64,0.5141117479,0.9448,50.3306,8.1487,0.0000,0.813007,0.811957;0.813007;0.813331;0.814447;0.811171,116.476648,8585.41,,24.55,0,6980,10,True,nid004906,57783805
SINDI,doc_prune=0.8 query_prune=0 n_cand=20,64,0.5141260745,0.9456,50.5467,8.0978,0.0000,0.389966,0.389966;0.389113;0.389651;0.390636;0.390367,55.869054,17899.00,,23.08,0,6980,10,True,nid004905,57783804
SINDI,doc_prune=0.6 query_prune=0.3 n_cand=20,64,0.5144555874,0.9822,53.7108,8.1033,0.0000,0.771933,0.771636;0.776193;0.769830;0.772343;0.771933,110.592120,9042.24,,27.40,0,6980,10,True,nid004910,57783809
SINDI,doc_prune=0.6 query_prune=0.2 n_cand=20,64,0.5146561605,0.9822,53.7108,8.1033,0.0000,0.877842,0.880724;0.880376;0.877011;0.877842;0.875691,125.765330,7951.32,,27.40,0,6980,10,True,nid004910,57783809
SINDI,doc_prune=0.6 query_prune=0.1 n_cand=20,64,0.5147851003,0.9821,53.7108,8.1033,0.0000,0.982281,0.979849;0.982784;0.985513;0.979472;0.982281,140.727937,7105.91,,27.40,0,6980,10,True,nid004910,57783809
SINDI,doc_prune=0.6 query_prune=0 n_cand=20,64,0.5149426934,0.9819,53.7108,8.1033,0.0000,1.097387,1.097782;1.097387;1.099723;1.092670;1.095119,157.218768,6360.56,,27.40,0,6980,10,True,nid004910,57783809
SINDI,doc_prune=0.9 query_prune=0.5 n_cand=200,64,0.5167478510,0.9241,48.8365,8.0123,0.0000,0.196244,0.196242;0.196714;0.196305;0.196244;0.195154,28.115186,35567.97,,27.37,0,6980,10,True,nid004909,57783808
SINDI,doc_prune=0.9 query_prune=0.3 n_cand=200,64,0.5172063037,0.9246,48.8365,8.0123,0.0000,0.243383,0.238000;0.238831;0.243383;0.245630;0.244817,34.868625,28679.08,,27.37,0,6980,10,True,nid004909,57783808
SINDI,doc_prune=0.9 query_prune=0.7 n_cand=200,64,0.5172206304,0.9235,48.8365,8.0123,0.0000,0.139619,0.139484;0.139619;0.139837;0.139510;0.139637,20.002722,49993.20,,27.37,0,6980,10,True,nid004909,57783808
SINDI,doc_prune=0.9 query_prune=0.2 n_cand=200,64,0.5172922636,0.9245,48.8365,8.0123,0.0000,0.260494,0.260494;0.260262;0.260763;0.260810;0.260347,37.320057,26795.24,,27.37,0,6980,10,True,nid004909,57783808
SINDI,doc_prune=0.9 query_prune=0.1 n_cand=200,64,0.5173638968,0.9245,48.8365,8.0123,0.0000,0.280914,0.280914;0.280581;0.281414;0.280933;0.280505,40.245559,24847.46,,27.37,0,6980,10,True,nid004909,57783808
SINDI,doc_prune=0.9 query_prune=0 n_cand=200,64,0.5173782235,0.9245,48.8365,8.0123,0.0000,0.309119,0.309119;0.309969;0.309796;0.309020;0.308895,44.286390,22580.30,,27.37,0,6980,10,True,nid004909,57783808
SINDI,doc_prune=0.5 query_prune=0.9 n_cand=10,64,0.5179083095,0.9042,54.5847,8.0978,0.0000,0.132162,0.132162;0.131643;0.131953;0.132422;0.132474,18.934384,52813.97,,23.08,0,6980,10,True,nid004905,57783804
SINDI,doc_prune=0.5 query_prune=0.9 n_cand=10,64,0.5179369628,0.9040,56.6646,8.1851,0.0000,0.156646,0.157166;0.156404;0.157536;0.156457;0.156646,22.442120,44559.07,,27.38,0,6980,10,True,nid004904,57783803
SINDI,doc_prune=0.5 query_prune=0.9 n_cand=10,64,0.5179369628,0.9040,61.3069,8.1156,0.0000,0.446609,0.447349;0.446784;0.445835;0.446221;0.446609,63.984097,15628.88,,30.23,0,6980,10,True,nid004907,57783806
SINDI,doc_prune=0.5 query_prune=0.9 n_cand=10,64,0.5179369628,0.9040,55.3873,8.0498,0.0000,0.157759,0.157561;0.159039;0.159317;0.157759;0.157632,22.601576,44244.70,,27.16,0,6980,10,True,nid004908,57783807
SINDI,doc_prune=0.5 query_prune=0.9 n_cand=10,64,0.5180229226,0.9042,55.0151,8.1487,0.0000,0.213075,0.213075;0.213505;0.212930;0.211242;0.213262,30.526504,32758.42,,24.55,0,6980,10,True,nid004906,57783805
SINDI,doc_prune=0.8 query_prune=0.9 n_cand=50,64,0.5216762178,0.8967,50.6618,8.0123,0.0000,0.074929,0.074820;0.074929;0.075335;0.074826;0.074959,10.734814,93154.85,,27.37,0,6980,10,True,nid004909,57783808
SINDI,doc_prune=0.9 query_prune=0.7 n_cand=1000,64,0.5232664756,0.9597,48.8276,8.1033,0.0000,0.231253,0.231048;0.230728;0.231704;0.231253;0.231491,33.130802,30183.39,,27.40,0,6980,10,True,nid004910,57783809
SINDI,doc_prune=0.9 query_prune=0.5 n_cand=1000,64,0.5243553009,0.9613,48.8276,8.1033,0.0000,0.284470,0.284807;0.284470;0.284253;0.284229;0.284527,40.755014,24536.86,,27.40,0,6980,10,True,nid004910,57783809
SINDI,doc_prune=0.9 query_prune=0.3 n_cand=1000,64,0.5247134670,0.9610,48.8276,8.1033,0.0000,0.330975,0.331840;0.331093;0.330490;0.330975;0.330680,47.417622,21089.21,,27.40,0,6980,10,True,nid004910,57783809
SINDI,doc_prune=0.9 query_prune=0.2 n_cand=1000,64,0.5247564470,0.9610,48.8276,8.1033,0.0000,0.354162,0.354162;0.354118;0.354446;0.353797;0.354705,50.739542,19708.49,,27.40,0,6980,10,True,nid004910,57783809
SINDI,doc_prune=0.9 query_prune=0.1 n_cand=1000,64,0.5248280802,0.9610,48.8276,8.1033,0.0000,0.376953,0.376953;0.376897;0.376346;0.377234;0.377084,54.004728,18516.90,,27.40,0,6980,10,True,nid004910,57783809
SINDI,doc_prune=0.9 query_prune=0 n_cand=1000,64,0.5248567335,0.9610,48.8276,8.1033,0.0000,0.402295,0.402735;0.402393;0.402153;0.402295;0.401489,57.635387,17350.45,,27.40,0,6980,10,True,nid004910,57783809
SINDI,doc_prune=0.4 query_prune=0.7 n_cand=10,64,0.5266189112,0.9880,57.5676,8.1033,0.0000,0.607332,0.606111;0.607745;0.606492;0.609657;0.607332,87.010315,11492.89,,27.40,0,6980,10,True,nid004910,57783809
SINDI,doc_prune=0.7 query_prune=0.7 n_cand=50,64,0.5276504298,0.9791,52.1434,8.1033,0.0000,0.250684,0.250271;0.251251;0.250684;0.251499;0.249982,35.914613,27843.82,,27.40,0,6980,10,True,nid004910,57783809
SINDI,doc_prune=0.7 query_prune=0.5 n_cand=50,64,0.5284097421,0.9797,52.1434,8.1033,0.0000,0.395439,0.395439;0.395650;0.395731;0.394671;0.395043,56.653152,17651.27,,27.40,0,6980,10,True,nid004910,57783809
SINDI,doc_prune=0.7 query_prune=0.3 n_cand=50,64,0.5290114613,0.9798,52.1434,8.1033,0.0000,0.529341,0.529121;0.530146;0.529146;0.529341;0.531193,75.836819,13186.21,,27.40,0,6980,10,True,nid004910,57783809
SINDI,doc_prune=0.7 query_prune=0.1 n_cand=50,64,0.5290830946,0.9801,52.1434,8.1033,0.0000,0.667078,0.667078;0.666728;0.667547;0.666311;0.667623,95.569914,10463.54,,27.40,0,6980,10,True,nid004910,57783809
SINDI,doc_prune=0.7 query_prune=0 n_cand=50,64,0.5291117479,0.9801,52.1434,8.1033,0.0000,0.742349,0.741066;0.744607;0.742349;0.742344;0.743330,106.353725,9402.59,,27.40,0,6980,10,True,nid004910,57783809
SINDI,doc_prune=0.7 query_prune=0.2 n_cand=50,64,0.5291260745,0.9798,52.1434,8.1033,0.0000,0.599425,0.598826;0.599631;0.597902;0.599425;0.599823,85.877507,11644.49,,27.40,0,6980,10,True,nid004910,57783809
SINDI,doc_prune=0.5 query_prune=0.9 n_cand=50,64,0.5315472779,0.9370,55.5593,8.1033,0.0000,0.148370,0.148210;0.148417;0.147848;0.149091;0.148370,21.256447,47044.55,,27.40,0,6980,10,True,nid004910,57783809
SINDI,doc_prune=0.4 query_prune=0.5 n_cand=10,64,0.5333810888,0.9908,57.5676,8.1033,0.0000,1.020987,1.018354;1.020987;1.021891;1.020491;1.029755,146.273209,6836.52,,27.40,0,6980,10,True,nid004910,57783809
SINDI,doc_prune=0.4 query_prune=0.3 n_cand=10,64,0.5348997135,0.9905,57.5676,8.1033,0.0000,1.395164,1.395164;1.404101;1.397875;1.395062;1.389817,199.880229,5003.00,,27.40,0,6980,10,True,nid004910,57783809
SINDI,doc_prune=0.4 query_prune=0.1 n_cand=10,64,0.5350716332,0.9903,57.5676,8.1033,0.0000,1.752280,1.747985;1.752280;1.747954;1.752302;1.762295,251.042980,3983.38,,27.40,0,6980,10,True,nid004910,57783809
SINDI,doc_prune=0.4 query_prune=0 n_cand=10,64,0.5351002865,0.9903,57.5676,8.1033,0.0000,1.942137,1.950806;1.942137;1.937982;1.944907;1.931224,278.243123,3593.98,,27.40,0,6980,10,True,nid004910,57783809
SINDI,doc_prune=0.4 query_prune=0.2 n_cand=10,64,0.5352435530,0.9903,57.5676,8.1033,0.0000,1.581366,1.580634;1.581366;1.588552;1.586135;1.579120,226.556734,4413.91,,27.40,0,6980,10,True,nid004910,57783809
SINDI,doc_prune=0.4 query_prune=0.9 n_cand=10,64,0.5369914040,0.9086,58.8358,8.1851,0.0000,0.192192,0.192555;0.192192;0.191518;0.192287;0.191844,27.534670,36317.85,,27.38,0,6980,10,True,nid004904,57783803
SINDI,doc_prune=0.4 query_prune=0.9 n_cand=10,64,0.5369914040,0.9086,63.7468,8.1156,0.0000,0.566276,0.563763;0.567672;0.565537;0.568543;0.566276,81.128367,12326.14,,30.23,0,6980,10,True,nid004907,57783806
SINDI,doc_prune=0.4 query_prune=0.9 n_cand=10,64,0.5369914040,0.9086,57.5599,8.0498,0.0000,0.202568,0.203152;0.201683;0.203099;0.202568;0.202182,29.021203,34457.56,,27.16,0,6980,10,True,nid004908,57783807
SINDI,doc_prune=0.4 query_prune=0.9 n_cand=10,64,0.5370487106,0.9086,57.0267,8.1487,0.0000,0.248605,0.249038;0.248605;0.247365;0.248678;0.247120,35.616762,28076.67,,24.55,0,6980,10,True,nid004906,57783805
SINDI,doc_prune=0.4 query_prune=0.9 n_cand=10,64,0.5373352436,0.9087,56.1978,8.0978,0.0000,0.164834,0.164777;0.165253;0.164793;0.165672;0.164834,23.615186,42345.63,,23.08,0,6980,10,True,nid004905,57783804
SINDI,doc_prune=0.8 query_prune=0.7 n_cand=200,64,0.5417335244,0.9755,50.5954,8.1033,0.0000,0.176916,0.176903;0.177034;0.177293;0.176837;0.176916,25.346132,39453.75,,27.40,0,6980,10,True,nid004910,57783809
SINDI,doc_prune=0.8 query_prune=0.5 n_cand=200,64,0.5421489971,0.9765,50.5954,8.1033,0.0000,0.258133,0.258133;0.257986;0.257625;0.258289;0.258955,36.981805,27040.32,,27.40,0,6980,10,True,nid004910,57783809
SINDI,doc_prune=0.8 query_prune=0.3 n_cand=200,64,0.5423925501,0.9768,50.5954,8.1033,0.0000,0.334785,0.334152;0.335127;0.334892;0.334785;0.334467,47.963467,20849.20,,27.40,0,6980,10,True,nid004910,57783809
SINDI,doc_prune=0.8 query_prune=0.2 n_cand=200,64,0.5424641834,0.9769,50.5954,8.1033,0.0000,0.373709,0.373487;0.373551;0.373709;0.373977;0.373714,53.539971,18677.63,,27.40,0,6980,10,True,nid004910,57783809
SINDI,doc_prune=0.8 query_prune=0.1 n_cand=200,64,0.5424785100,0.9772,50.5954,8.1033,0.0000,0.412800,0.412840;0.413030;0.412384;0.412800;0.411988,59.140401,16908.91,,27.40,0,6980,10,True,nid004910,57783809
SINDI,doc_prune=0.8 query_prune=0 n_cand=200,64,0.5425644699,0.9772,50.5954,8.1033,0.0000,0.455705,0.454708;0.455705;0.454406;0.455834;0.455988,65.287249,15316.93,,27.40,0,6980,10,True,nid004910,57783809
SINDI,doc_prune=0.6 query_prune=0.7 n_cand=10,64,0.5434240688,0.9883,53.6786,8.0123,0.0000,0.594193,0.594193;0.592973;0.597400;0.593878;0.595095,85.127937,11747.02,,27.37,0,6980,10,True,nid004909,57783808
SINDI,doc_prune=0.4 query_prune=0.9 n_cand=50,64,0.5456303725,0.9401,57.5676,8.1033,0.0000,0.177884,0.177961;0.176958;0.178048;0.177884;0.177681,25.484814,39239.05,,27.40,0,6980,10,True,nid004910,57783809
SINDI,doc_prune=0.3 query_prune=0.9 n_cand=10,64,0.5460315186,0.9107,58.4104,8.0978,0.0000,0.197911,0.198416;0.197911;0.197831;0.197424;0.198224,28.354011,35268.38,,23.08,0,6980,10,True,nid004905,57783804
SINDI,doc_prune=0.6 query_prune=0.5 n_cand=10,64,0.5460315186,0.9900,53.6786,8.0123,0.0000,0.960511,0.955007;0.955199;0.960511;0.962772;0.962879,137.609026,7266.97,,27.37,0,6980,10,True,nid004909,57783808
SINDI,doc_prune=0.3 query_prune=0.9 n_cand=10,64,0.5460458453,0.9107,61.5150,8.1851,0.0000,0.251189,0.251189;0.248653;0.252159;0.252888;0.250798,35.986963,27787.84,,27.38,0,6980,10,True,nid004904,57783803
SINDI,doc_prune=0.3 query_prune=0.9 n_cand=10,64,0.5460458453,0.9107,66.8358,8.1156,0.0000,0.575903,0.575903;0.574656;0.577626;0.576393;0.574574,82.507593,12120.10,,30.23,0,6980,10,True,nid004907,57783806
SINDI,doc_prune=0.3 query_prune=0.9 n_cand=10,64,0.5460458453,0.9107,60.3300,8.0498,0.0000,0.233510,0.234392;0.234575;0.233207;0.233510;0.233091,33.454155,29891.65,,27.16,0,6980,10,True,nid004908,57783807
SINDI,doc_prune=0.3 query_prune=0.9 n_cand=10,64,0.5461031519,0.9107,59.3424,8.1487,0.0000,0.289513,0.289513;0.287977;0.287696;0.290531;0.289972,41.477507,24109.45,,24.55,0,6980,10,True,nid004906,57783805
SINDI,doc_prune=0.6 query_prune=0.3 n_cand=10,64,0.5474785100,0.9907,53.6786,8.0123,0.0000,1.279888,1.278427;1.285039;1.279888;1.285729;1.278331,183.365043,5453.60,,27.37,0,6980,10,True,nid004909,57783808
SINDI,doc_prune=0.6 query_prune=0.2 n_cand=10,64,0.5476504298,0.9909,53.6786,8.0123,0.0000,1.444331,1.441206;1.444331;1.446552;1.445928;1.441562,206.924212,4832.69,,27.37,0,6980,10,True,nid004909,57783808
SINDI,doc_prune=0.6 query_prune=0 n_cand=10,64,0.5478510029,0.9908,53.6786,8.0123,0.0000,1.754101,1.746762;1.754885;1.757925;1.754101;1.751285,251.303868,3979.25,,27.37,0,6980,10,True,nid004909,57783808
SINDI,doc_prune=0.6 query_prune=0.1 n_cand=10,64,0.5479942693,0.9911,53.6786,8.0123,0.0000,1.593093,1.597474;1.593093;1.594852;1.592189;1.591588,228.236819,4381.41,,27.37,0,6980,10,True,nid004909,57783808
SINDI,doc_prune=0.9 query_prune=0.9 n_cand=200,64,0.5482664756,0.8778,48.4949,8.0498,0.0000,0.071286,0.071559;0.071286;0.071372;0.071121;0.071042,10.212894,97915.44,,27.16,0,6980,10,True,nid004908,57783807
SINDI,doc_prune=0.9 query_prune=0.9 n_cand=200,64,0.5482808023,0.8781,48.6364,8.1487,0.0000,0.100117,0.100117;0.099681;0.099936;0.100449;0.100763,14.343410,69718.43,,24.55,0,6980,10,True,nid004906,57783805
SINDI,doc_prune=0.9 query_prune=0.9 n_cand=200,64,0.5483237822,0.8778,49.4823,8.1851,0.0000,0.072941,0.072941;0.072995;0.072847;0.072839;0.072949,10.450000,95693.78,,27.38,0,6980,10,True,nid004904,57783803
SINDI,doc_prune=0.9 query_prune=0.9 n_cand=200,64,0.5485959885,0.8777,48.8573,8.0978,0.0000,0.065607,0.065663;0.065553;0.065546;0.065607;0.065693,9.399284,106391.09,,23.08,0,6980,10,True,nid004905,57783804
SINDI,doc_prune=0.2 query_prune=0.9 n_cand=10,64,0.5512464183,0.9112,65.3485,8.1851,0.0000,0.293890,0.294103;0.293210;0.293890;0.293927;0.293292,42.104585,23750.38,,27.38,0,6980,10,True,nid004904,57783803
SINDI,doc_prune=0.2 query_prune=0.9 n_cand=10,64,0.5512464183,0.9112,71.0080,8.1156,0.0000,0.595094,0.595094;0.599306;0.594242;0.594851;0.596412,85.257020,11729.24,,30.23,0,6980,10,True,nid004907,57783806
SINDI,doc_prune=0.2 query_prune=0.9 n_cand=10,64,0.5512464183,0.9112,64.3194,8.0498,0.0000,0.286184,0.286207;0.286184;0.286012;0.284487;0.287055,41.000573,24389.90,,27.16,0,6980,10,True,nid004908,57783807
SINDI,doc_prune=0.2 query_prune=0.9 n_cand=10,64,0.5513037249,0.9112,63.0529,8.1487,0.0000,0.328562,0.327300;0.328562;0.329546;0.327649;0.328872,47.071920,21244.09,,24.55,0,6980,10,True,nid004906,57783805
SINDI,doc_prune=0.2 query_prune=0.9 n_cand=10,64,0.5514326648,0.9113,61.3432,8.0978,0.0000,0.238845,0.238136;0.238626;0.238845;0.239848;0.239371,34.218481,29223.97,,23.08,0,6980,10,True,nid004905,57783804
SINDI,doc_prune=0.3 query_prune=0.9 n_cand=50,64,0.5530085960,0.9420,60.1421,8.1033,0.0000,0.209890,0.209890;0.210807;0.209024;0.210134;0.209495,30.070201,33255.51,,27.40,0,6980,10,True,nid004910,57783809
SINDI,doc_prune=0.1 query_prune=0.9 n_cand=10,64,0.5541260745,0.9112,65.8598,8.0978,0.0000,0.290128,0.290115;0.290692;0.288985;0.290128;0.291142,41.565616,24058.35,,23.08,0,6980,10,True,nid004905,57783804
SINDI,doc_prune=0.1 query_prune=0.9 n_cand=10,64,0.5542406877,0.9107,77.9615,8.1156,0.0000,0.592103,0.590052;0.592952;0.591356;0.592103;0.592257,84.828510,11788.49,,30.23,0,6980,10,True,nid004907,57783806
SINDI,doc_prune=0.1 query_prune=0.9 n_cand=10,64,0.5542550143,0.9107,71.9417,8.1851,0.0000,0.363327,0.363327;0.363327;0.360025;0.363961;0.362064,52.052579,19211.34,,27.38,0,6980,10,True,nid004904,57783803
SINDI,doc_prune=0.1 query_prune=0.9 n_cand=10,64,0.5542550143,0.9107,71.1817,8.0498,0.0000,0.368503,0.368160;0.372101;0.369505;0.368503;0.368498,52.794126,18941.50,,27.16,0,6980,10,True,nid004908,57783807
SINDI,doc_prune=0.1 query_prune=0.9 n_cand=10,64,0.5543409742,0.9109,68.8096,8.1487,0.0000,0.355741,0.355786;0.355731;0.355556;0.355741;0.356384,50.965759,19621.02,,24.55,0,6980,10,True,nid004906,57783805
SINDI,doc_prune=0 query_prune=0.9 n_cand=10,64,0.5554584527,0.9115,77.5082,8.0978,0.0000,0.413631,0.413631;0.413560;0.413505;0.413917;0.413732,59.259456,16874.94,,23.08,0,6980,10,True,nid004905,57783804
SINDI,doc_prune=0 query_prune=0.9 n_cand=10,64,0.5556876791,0.9113,91.4632,8.1851,0.0000,0.513725,0.512320;0.513055;0.514506;0.513725;0.513821,73.599570,13587.04,,27.38,0,6980,10,True,nid004904,57783803
SINDI,doc_prune=0 query_prune=0.9 n_cand=10,64,0.5556876791,0.9113,96.6554,8.1156,0.0000,0.731636,0.730767;0.732371;0.731520;0.732550;0.731636,104.818911,9540.26,,30.23,0,6980,10,True,nid004907,57783806
SINDI,doc_prune=0 query_prune=0.9 n_cand=10,64,0.5556876791,0.9113,91.1434,8.0498,0.0000,0.491754,0.491624;0.491754;0.493627;0.492220;0.489356,70.451862,14194.09,,27.16,0,6980,10,True,nid004908,57783807
SINDI,doc_prune=0 query_prune=0.9 n_cand=10,64,0.5557736390,0.9115,84.4698,8.1487,0.0000,0.498860,0.498860;0.497733;0.498227;0.498899;0.499028,71.469914,13991.90,,24.55,0,6980,10,True,nid004906,57783805
SINDI,doc_prune=0.7 query_prune=0.9 n_cand=200,64,0.5578223496,0.9516,52.1434,8.1033,0.0000,0.113819,0.114154;0.114005;0.112999;0.113648;0.113819,16.306447,61325.44,,27.40,0,6980,10,True,nid004910,57783809
SINDI,doc_prune=0.2 query_prune=0.9 n_cand=50,64,0.5587106017,0.9430,63.7566,8.1033,0.0000,0.256919,0.257373;0.256919;0.256845;0.256587;0.257256,36.807880,27168.10,,27.40,0,6980,10,True,nid004910,57783809
SINDI,doc_prune=0.3 query_prune=0.7 n_cand=10,64,0.5598997135,0.9904,60.1421,8.1033,0.0000,0.778817,0.777517;0.781495;0.781605;0.777600;0.778817,111.578367,8962.31,,27.40,0,6980,10,True,nid004910,57783809
SINDI,doc_prune=0.5 query_prune=0.7 n_cand=20,64,0.5602005731,0.9887,55.5593,8.1033,0.0000,0.468443,0.468443;0.468727;0.467447;0.469910;0.468221,67.112178,14900.43,,27.40,0,6980,10,True,nid004910,57783809
SINDI,doc_prune=0.6 query_prune=0.9 n_cand=20,64,0.5627650430,0.9191,53.6786,8.0123,0.0000,0.198032,0.196665;0.197407;0.198032;0.199159;0.198079,28.371347,35246.83,,27.37,0,6980,10,True,nid004909,57783808
SINDI,doc_prune=0.1 query_prune=0.9 n_cand=50,64,0.5629656160,0.9436,70.2506,8.1033,0.0000,0.300159,0.299614;0.301268;0.299917;0.300695;0.300159,43.002722,23254.34,,27.40,0,6980,10,True,nid004910,57783809
SINDI,doc_prune=0.5 query_prune=0.5 n_cand=20,64,0.5635100287,0.9903,55.5593,8.1033,0.0000,0.765991,0.765991;0.765801;0.769683;0.762985;0.768389,109.740831,9112.38,,27.40,0,6980,10,True,nid004910,57783809
SINDI,doc_prune=0.5 query_prune=0.3 n_cand=20,64,0.5644985673,0.9903,55.5593,8.1033,0.0000,1.044735,1.044169;1.047810;1.044735;1.047161;1.044644,149.675501,6681.12,,27.40,0,6980,10,True,nid004910,57783809
SINDI,doc_prune=0.5 query_prune=0.1 n_cand=20,64,0.5648853868,0.9904,55.5593,8.1033,0.0000,1.319116,1.319106;1.322201;1.318643;1.320656;1.319116,188.985100,5291.42,,27.40,0,6980,10,True,nid004910,57783809
SINDI,doc_prune=0.5 query_prune=0 n_cand=20,64,0.5649140401,0.9904,55.5593,8.1033,0.0000,1.468323,1.468061;1.471243;1.468334;1.465491;1.468323,210.361461,4753.72,,27.40,0,6980,10,True,nid004910,57783809
SINDI,doc_prune=0.5 query_prune=0.2 n_cand=20,64,0.5649283668,0.9904,55.5593,8.1033,0.0000,1.187453,1.187289;1.192611;1.187453;1.181845;1.188458,170.122206,5878.13,,27.40,0,6980,10,True,nid004910,57783809
SINDI,doc_prune=0.7 query_prune=0.9 n_cand=20,64,0.5684097421,0.9077,51.9159,8.1487,0.0000,0.134495,0.134495;0.134401;0.134425;0.134885;0.134557,19.268625,51897.84,,24.55,0,6980,10,True,nid004906,57783805
SINDI,doc_prune=0.7 query_prune=0.9 n_cand=20,64,0.5684957020,0.9080,51.8677,8.0978,0.0000,0.078722,0.078722;0.078551;0.078880;0.078971;0.078587,11.278223,88666.45,,23.08,0,6980,10,True,nid004905,57783804
SINDI,doc_prune=0.7 query_prune=0.9 n_cand=20,64,0.5685100287,0.9079,51.9309,8.0498,0.0000,0.096301,0.096459;0.096155;0.096301;0.096535;0.096170,13.796705,72481.07,,27.16,0,6980,10,True,nid004908,57783807
SINDI,doc_prune=0.7 query_prune=0.9 n_cand=20,64,0.5685243553,0.9079,52.9532,8.1851,0.0000,0.099812,0.099875;0.099424;0.099812;0.100172;0.099486,14.299713,69931.47,,27.38,0,6980,10,True,nid004904,57783803
SINDI,doc_prune=0 query_prune=0.9 n_cand=50,64,0.5699856734,0.9426,89.6565,8.1033,0.0000,0.410495,0.410495;0.411252;0.411697;0.409934;0.409619,58.810172,17003.86,,27.40,0,6980,10,True,nid004910,57783809
SINDI,doc_prune=0.3 query_prune=0.5 n_cand=10,64,0.5724641834,0.9920,60.1421,8.1033,0.0000,1.288000,1.290855;1.288000;1.287542;1.286691;1.291760,184.527221,5419.25,,27.40,0,6980,10,True,nid004910,57783809
SINDI,doc_prune=0.8 query_prune=0.7 n_cand=50,64,0.5729226361,0.9658,50.6618,8.0123,0.0000,0.179063,0.179733;0.178725;0.180046;0.178598;0.179063,25.653725,38980.69,,27.37,0,6980,10,True,nid004909,57783808
SINDI,doc_prune=0.8 query_prune=0.5 n_cand=50,64,0.5734383954,0.9663,50.6618,8.0123,0.0000,0.272569,0.272432;0.272569;0.273067;0.271755;0.272930,39.050000,25608.19,,27.37,0,6980,10,True,nid004909,57783808
SINDI,doc_prune=0.8 query_prune=0 n_cand=50,64,0.5743409742,0.9675,50.6618,8.0123,0.0000,0.493741,0.493637;0.494588;0.493741;0.492909;0.494089,70.736533,14136.97,,27.37,0,6980,10,True,nid004909,57783808
SINDI,doc_prune=0.8 query_prune=0.3 n_cand=50,64,0.5743409742,0.9672,50.6618,8.0123,0.0000,0.360813,0.360900;0.360946;0.360754;0.360617;0.360813,51.692407,19345.20,,27.37,0,6980,10,True,nid004909,57783808
SINDI,doc_prune=0.8 query_prune=0.1 n_cand=50,64,0.5743696275,0.9673,50.6618,8.0123,0.0000,0.452643,0.454330;0.454173;0.451300;0.452643;0.452376,64.848567,15420.54,,27.37,0,6980,10,True,nid004909,57783808
SINDI,doc_prune=0.8 query_prune=0.2 n_cand=50,64,0.5744269341,0.9670,50.6618,8.0123,0.0000,0.406831,0.406831;0.406286;0.408479;0.408151;0.406512,58.285244,17157.00,,27.37,0,6980,10,True,nid004909,57783808
SINDI,doc_prune=0.3 query_prune=0.3 n_cand=10,64,0.5744842407,0.9920,60.1421,8.1033,0.0000,1.735525,1.735525;1.730388;1.732354;1.751046;1.736620,248.642550,4021.84,,27.40,0,6980,10,True,nid004910,57783809
SINDI,doc_prune=0.3 query_prune=0.2 n_cand=10,64,0.5748137536,0.9918,60.1421,8.1033,0.0000,1.950232,1.957411;1.947807;1.950232;1.953999;1.943720,279.402865,3579.06,,27.40,0,6980,10,True,nid004910,57783809
SINDI,doc_prune=0.3 query_prune=0 n_cand=10,64,0.5751862464,0.9918,60.1421,8.1033,0.0000,2.338759,2.338759;2.338510;2.335438;2.341892;2.343408,335.065759,2984.49,,27.40,0,6980,10,True,nid004910,57783809
SINDI,doc_prune=0.3 query_prune=0.1 n_cand=10,64,0.5751862464,0.9918,60.1421,8.1033,0.0000,2.143200,2.155058;2.143200;2.141376;2.157869;2.133586,307.048711,3256.81,,27.40,0,6980,10,True,nid004910,57783809
SINDI,doc_prune=0.7 query_prune=0.7 n_cand=20,64,0.5797134670,0.9814,52.1485,8.0123,0.0000,0.315642,0.315552;0.314950;0.315642;0.315823;0.316686,45.220917,22113.66,,27.37,0,6980,10,True,nid004909,57783808
SINDI,doc_prune=0.7 query_prune=0.5 n_cand=20,64,0.5799283668,0.9819,52.1485,8.0123,0.0000,0.501933,0.502712;0.501796;0.501660;0.502186;0.501933,71.910172,13906.24,,27.37,0,6980,10,True,nid004909,57783808
SINDI,doc_prune=0.7 query_prune=0.1 n_cand=20,64,0.5808452722,0.9824,52.1485,8.0123,0.0000,0.859365,0.859929;0.857459;0.860302;0.859365;0.857337,123.118195,8122.28,,27.37,0,6980,10,True,nid004909,57783808
SINDI,doc_prune=0.7 query_prune=0.2 n_cand=20,64,0.5808452722,0.9824,52.1485,8.0123,0.0000,0.770527,0.770527;0.770133;0.767633;0.770598;0.771745,110.390688,9058.74,,27.37,0,6980,10,True,nid004909,57783808
SINDI,doc_prune=0.7 query_prune=0 n_cand=20,64,0.5808882521,0.9824,52.1485,8.0123,0.0000,0.957806,0.958104;0.958275;0.957806;0.957232;0.956481,137.221490,7287.49,,27.37,0,6980,10,True,nid004909,57783808
SINDI,doc_prune=0.7 query_prune=0.3 n_cand=20,64,0.5808882521,0.9824,52.1485,8.0123,0.0000,0.678474,0.678135;0.678474;0.680558;0.677414;0.679604,97.202579,10287.79,,27.37,0,6980,10,True,nid004909,57783808
SINDI,doc_prune=0.2 query_prune=0.7 n_cand=10,64,0.5810171920,0.9907,63.7566,8.1033,0.0000,1.033658,1.029992;1.036304;1.029628;1.034831;1.033658,148.088539,6752.72,,27.40,0,6980,10,True,nid004910,57783809
SINDI,doc_prune=0.6 query_prune=0.7 n_cand=50,64,0.5829512894,0.9891,53.7108,8.1033,0.0000,0.357002,0.357160;0.356164;0.357002;0.356080;0.357650,51.146418,19551.71,,27.40,0,6980,10,True,nid004910,57783809
SINDI,doc_prune=0.6 query_prune=0 n_cand=50,64,0.5847707736,0.9903,53.7108,8.1033,0.0000,1.097060,1.098240;1.096896;1.101188;1.093362;1.097060,157.171920,6362.46,,27.40,0,6980,10,True,nid004910,57783809
SINDI,doc_prune=0.6 query_prune=0.5 n_cand=50,64,0.5848280802,0.9903,53.7108,8.1033,0.0000,0.571960,0.571306;0.572669;0.570830;0.571960;0.573263,81.942693,12203.65,,27.40,0,6980,10,True,nid004910,57783809
SINDI,doc_prune=0.6 query_prune=0.1 n_cand=50,64,0.5848424069,0.9903,53.7108,8.1033,0.0000,0.983968,0.986816;0.983968;0.983598;0.984390;0.983675,140.969628,7093.73,,27.40,0,6980,10,True,nid004910,57783809
SINDI,doc_prune=0.6 query_prune=0.3 n_cand=50,64,0.5848567335,0.9903,53.7108,8.1033,0.0000,0.775385,0.775385;0.778349;0.775045;0.775461;0.773954,111.086676,9001.98,,27.40,0,6980,10,True,nid004910,57783809
SINDI,doc_prune=0.6 query_prune=0.2 n_cand=50,64,0.5849140401,0.9903,53.7108,8.1033,0.0000,0.881329,0.881934;0.881329;0.878430;0.880993;0.882473,126.264900,7919.86,,27.40,0,6980,10,True,nid004910,57783809
SINDI,doc_prune=0.9 query_prune=0.5 n_cand=200,64,0.5856590258,0.9362,49.4823,8.1851,0.0000,0.182034,0.182070;0.181941;0.181953;0.182093;0.182034,26.079370,38344.49,,27.38,0,6980,10,True,nid004904,57783803
SINDI,doc_prune=0.9 query_prune=0.5 n_cand=200,64,0.5856733524,0.9362,48.4949,8.0498,0.0000,0.186134,0.186194;0.186284;0.185931;0.186134;0.186016,26.666762,37499.87,,27.16,0,6980,10,True,nid004908,57783807
SINDI,doc_prune=0.9 query_prune=0.5 n_cand=200,64,0.5857163324,0.9361,48.8573,8.0978,0.0000,0.153725,0.153745;0.154055;0.153725;0.153516;0.153634,22.023639,45405.76,,23.08,0,6980,10,True,nid004905,57783804
SINDI,doc_prune=0.9 query_prune=0.5 n_cand=200,64,0.5857163324,0.9364,48.6364,8.1487,0.0000,0.266858,0.266546;0.267149;0.265866;0.266858;0.267527,38.231805,26156.23,,24.55,0,6980,10,True,nid004906,57783805
SINDI,doc_prune=0.9 query_prune=0.7 n_cand=200,64,0.5859742120,0.9358,48.6364,8.1487,0.0000,0.180996,0.181091;0.180946;0.180996;0.180741;0.181372,25.930659,38564.39,,24.55,0,6980,10,True,nid004906,57783805
SINDI,doc_prune=0.9 query_prune=0.7 n_cand=200,64,0.5860315186,0.9355,48.8573,8.0978,0.0000,0.111186,0.111186;0.111120;0.111051;0.111224;0.111348,15.929226,62777.69,,23.08,0,6980,10,True,nid004905,57783804
SINDI,doc_prune=0.9 query_prune=0.7 n_cand=200,64,0.5860315186,0.9357,48.4949,8.0498,0.0000,0.131323,0.131406;0.131364;0.131270;0.131078;0.131323,18.814183,53151.39,,27.16,0,6980,10,True,nid004908,57783807
SINDI,doc_prune=0.9 query_prune=0.7 n_cand=200,64,0.5860601719,0.9357,49.4823,8.1851,0.0000,0.129093,0.129114;0.129093;0.128982;0.129186;0.128922,18.494699,54069.55,,27.38,0,6980,10,True,nid004904,57783803
SINDI,doc_prune=0.9 query_prune=0.1 n_cand=200,64,0.5861747851,0.9362,49.4823,8.1851,0.0000,0.284185,0.284597;0.284036;0.283845;0.284185;0.284597,40.714183,24561.47,,27.38,0,6980,10,True,nid004904,57783803
SINDI,doc_prune=0.9 query_prune=0.1 n_cand=200,64,0.5861747851,0.9362,48.4949,8.0498,0.0000,0.291080,0.291732;0.291195;0.291003;0.290646;0.291080,41.702006,23979.66,,27.16,0,6980,10,True,nid004908,57783807
SINDI,doc_prune=0.9 query_prune=0.3 n_cand=200,64,0.5861747851,0.9365,48.4949,8.0498,0.0000,0.237503,0.237186;0.236633;0.238177;0.238251;0.237503,34.026218,29389.10,,27.16,0,6980,10,True,nid004908,57783807
SINDI,doc_prune=0.9 query_prune=0.3 n_cand=200,64,0.5861891117,0.9365,49.4823,8.1851,0.0000,0.232368,0.232375;0.232368;0.232359;0.232862;0.231928,33.290544,30038.56,,27.38,0,6980,10,True,nid004904,57783803
SINDI,doc_prune=0.9 query_prune=0 n_cand=200,64,0.5862034384,0.9362,49.4823,8.1851,0.0000,0.312829,0.313102;0.312829;0.313026;0.312577;0.312502,44.817908,22312.51,,27.38,0,6980,10,True,nid004904,57783803
SINDI,doc_prune=0.9 query_prune=0.2 n_cand=200,64,0.5862034384,0.9362,49.4823,8.1851,0.0000,0.258826,0.258826;0.258644;0.258640;0.258869;0.258922,37.081089,26967.92,,27.38,0,6980,10,True,nid004904,57783803
SINDI,doc_prune=0.9 query_prune=0.1 n_cand=200,64,0.5862034384,0.9365,48.6364,8.1487,0.0000,0.427551,0.426731;0.426738;0.428447;0.427551;0.428673,61.253725,16325.54,,24.55,0,6980,10,True,nid004906,57783805
SINDI,doc_prune=0.9 query_prune=0.2 n_cand=200,64,0.5862034384,0.9362,48.4949,8.0498,0.0000,0.264370,0.264046;0.264783;0.264356;0.264500;0.264370,37.875358,26402.39,,27.16,0,6980,10,True,nid004908,57783807
SINDI,doc_prune=0.9 query_prune=0.3 n_cand=200,64,0.5862177650,0.9367,48.6364,8.1487,0.0000,0.346853,0.346853;0.347949;0.347239;0.346672;0.345640,49.692407,20123.80,,24.55,0,6980,10,True,nid004906,57783805
SINDI,doc_prune=0.9 query_prune=0 n_cand=200,64,0.5862177650,0.9362,48.4949,8.0498,0.0000,0.321364,0.320436;0.320460;0.321364;0.321767;0.321755,46.040688,21719.92,,27.16,0,6980,10,True,nid004908,57783807
SINDI,doc_prune=0.9 query_prune=0 n_cand=200,64,0.5862320917,0.9365,48.6364,8.1487,0.0000,0.472073,0.471557;0.472073;0.471836;0.472151;0.473446,67.632235,14785.85,,24.55,0,6980,10,True,nid004906,57783805
SINDI,doc_prune=0.9 query_prune=0.2 n_cand=200,64,0.5862464183,0.9365,48.6364,8.1487,0.0000,0.388400,0.388593;0.388400;0.389218;0.386964;0.387699,55.644699,17971.16,,24.55,0,6980,10,True,nid004906,57783805
SINDI,doc_prune=0.9 query_prune=0.3 n_cand=200,64,0.5862607450,0.9364,48.8573,8.0978,0.0000,0.194146,0.194222;0.194159;0.194146;0.194085;0.194126,27.814613,35952.32,,23.08,0,6980,10,True,nid004905,57783804
SINDI,doc_prune=0.9 query_prune=0.1 n_cand=200,64,0.5863180516,0.9364,48.8573,8.0978,0.0000,0.235505,0.235414;0.235125;0.235505;0.235509;0.235811,33.739971,29638.44,,23.08,0,6980,10,True,nid004905,57783804
SINDI,doc_prune=0.9 query_prune=0.2 n_cand=200,64,0.5863467049,0.9364,48.8573,8.0978,0.0000,0.214804,0.214804;0.215111;0.214777;0.214908;0.214716,30.774212,32494.74,,23.08,0,6980,10,True,nid004905,57783804
SINDI,doc_prune=0.9 query_prune=0 n_cand=200,64,0.5864756447,0.9364,48.8573,8.0978,0.0000,0.258162,0.257562;0.258162;0.257577;0.258443;0.258558,36.985960,27037.29,,23.08,0,6980,10,True,nid004905,57783804
SINDI,doc_prune=0.8 query_prune=0.9 n_cand=50,64,0.5877077364,0.9039,50.3306,8.1487,0.0000,0.107219,0.107322;0.106969;0.107306;0.107031;0.107219,15.360888,65100.40,,24.55,0,6980,10,True,nid004906,57783805
SINDI,doc_prune=0.8 query_prune=0.9 n_cand=50,64,0.5877363897,0.9036,51.2584,8.1851,0.0000,0.074811,0.074811;0.074911;0.074563;0.074688;0.074867,10.717908,93301.79,,27.38,0,6980,10,True,nid004904,57783803
SINDI,doc_prune=0.8 query_prune=0.9 n_cand=50,64,0.5877363897,0.9036,50.2061,8.0498,0.0000,0.077379,0.077416;0.077254;0.077220;0.077379;0.077612,11.085817,90205.35,,27.16,0,6980,10,True,nid004908,57783807
SINDI,doc_prune=0.8 query_prune=0.9 n_cand=50,64,0.5877793696,0.9040,50.5467,8.0978,0.0000,0.059218,0.059218;0.060840;0.059284;0.058985;0.059186,8.483954,117869.57,,23.08,0,6980,10,True,nid004905,57783804
SINDI,doc_prune=0.6 query_prune=0.9 n_cand=200,64,0.5897994269,0.9610,53.7108,8.1033,0.0000,0.142360,0.142012;0.142108;0.142440;0.143249;0.142360,20.395415,49030.63,,27.40,0,6980,10,True,nid004910,57783809
SINDI,doc_prune=0.1 query_prune=0.7 n_cand=10,64,0.5944555874,0.9910,70.2506,8.1033,0.0000,1.273343,1.272885;1.272208;1.281411;1.275438;1.273343,182.427364,5481.63,,27.40,0,6980,10,True,nid004910,57783809
SINDI,doc_prune=0.8 query_prune=0.9 n_cand=1000,64,0.5951289398,0.9652,50.5954,8.1033,0.0000,0.196280,0.196280;0.196206;0.196383;0.196048;0.196479,28.120344,35561.44,,27.40,0,6980,10,True,nid004910,57783809
SINDI,doc_prune=0.5 query_prune=0.9 n_cand=20,64,0.5951575931,0.9245,55.6074,8.0123,0.0000,0.184563,0.185272;0.183131;0.184528;0.185502;0.184563,26.441691,37819.06,,27.37,0,6980,10,True,nid004909,57783808
SINDI,doc_prune=0.4 query_prune=0.7 n_cand=20,64,0.5953438395,0.9915,57.5676,8.1033,0.0000,0.611637,0.611637;0.611291;0.612008;0.607358;0.612222,87.627077,11412.00,,27.40,0,6980,10,True,nid004910,57783809
SINDI,doc_prune=0.4 query_prune=0.5 n_cand=20,64,0.6001146132,0.9920,57.5676,8.1033,0.0000,1.023328,1.025046;1.023328;1.023322;1.019472;1.024903,146.608596,6820.88,,27.40,0,6980,10,True,nid004910,57783809
SINDI,doc_prune=0.4 query_prune=0 n_cand=20,64,0.6012034384,0.9920,57.5676,8.1033,0.0000,1.950952,1.950952;1.948675;1.951621;1.954662;1.941827,279.506017,3577.74,,27.40,0,6980,10,True,nid004910,57783809
SINDI,doc_prune=0.4 query_prune=0.1 n_cand=20,64,0.6012034384,0.9920,57.5676,8.1033,0.0000,1.761145,1.752193;1.764536;1.763349;1.756228;1.761145,252.313037,3963.33,,27.40,0,6980,10,True,nid004910,57783809
SINDI,doc_prune=0.4 query_prune=0.3 n_cand=20,64,0.6012177650,0.9920,57.5676,8.1033,0.0000,1.394669,1.394669;1.395795;1.393648;1.397148;1.391709,199.809312,5004.77,,27.40,0,6980,10,True,nid004910,57783809
SINDI,doc_prune=0.4 query_prune=0.2 n_cand=20,64,0.6012607450,0.9920,57.5676,8.1033,0.0000,1.581902,1.588118;1.581902;1.580464;1.580387;1.582708,226.633524,4412.41,,27.40,0,6980,10,True,nid004910,57783809
SINDI,doc_prune=0.2 query_prune=0.5 n_cand=10,64,0.6013896848,0.9921,63.7566,8.1033,0.0000,1.724246,1.727690;1.724246;1.710744;1.722250;1.726533,247.026648,4048.15,,27.40,0,6980,10,True,nid004910,57783809
SINDI,doc_prune=0.6 query_prune=0.7 n_cand=10,64,0.6017048711,0.9911,54.5728,8.1851,0.0000,0.394897,0.394897;0.394790;0.395382;0.396417;0.394439,56.575501,17675.50,,27.38,0,6980,10,True,nid004904,57783803
SINDI,doc_prune=0.6 query_prune=0.7 n_cand=10,64,0.6017048711,0.9911,53.5121,8.0498,0.0000,0.393284,0.393786;0.393540;0.391935;0.392007;0.393284,56.344413,17747.99,,27.16,0,6980,10,True,nid004908,57783807
SINDI,doc_prune=0.6 query_prune=0.7 n_cand=10,64,0.6017765043,0.9913,53.2876,8.1487,0.0000,0.540979,0.540979;0.539460;0.541748;0.541569;0.536389,77.504155,12902.53,,24.55,0,6980,10,True,nid004906,57783805
SINDI,doc_prune=0.6 query_prune=0.7 n_cand=10,64,0.6019197708,0.9911,53.0723,8.0978,0.0000,0.304750,0.304750;0.303852;0.304833;0.304563;0.306612,43.660458,22904.02,,23.08,0,6980,10,True,nid004905,57783804
SINDI,doc_prune=0.2 query_prune=0.3 n_cand=10,64,0.6048567335,0.9921,63.7566,8.1033,0.0000,2.282478,2.275723;2.282478;2.282660;2.284052;2.280564,327.002579,3058.08,,27.40,0,6980,10,True,nid004910,57783809
SINDI,doc_prune=0.2 query_prune=0.2 n_cand=10,64,0.6050859599,0.9920,63.7566,8.1033,0.0000,2.546147,2.547607;2.546147;2.542604;2.560093;2.544061,364.777507,2741.40,,27.40,0,6980,10,True,nid004910,57783809
SINDI,doc_prune=0.2 query_prune=0 n_cand=10,64,0.6051146132,0.9920,63.7566,8.1033,0.0000,3.038195,3.038195;3.033307;3.054033;3.038780;3.030741,435.271490,2297.42,,27.40,0,6980,10,True,nid004910,57783809
SINDI,doc_prune=0.2 query_prune=0.1 n_cand=10,64,0.6051862464,0.9920,63.7566,8.1033,0.0000,2.783427,2.785270;2.779564;2.781970;2.783427;2.784734,398.771777,2507.70,,27.40,0,6980,10,True,nid004910,57783809
SINDI,doc_prune=0 query_prune=0.7 n_cand=10,64,0.6055444126,0.9904,89.6565,8.1033,0.0000,1.882644,1.877387;1.882644;1.885234;1.881678;1.884420,269.719771,3707.55,,27.39,0,6980,10,True,nid004910,57783809
SINDI,doc_prune=0.5 query_prune=0.9 n_cand=200,64,0.6058595989,0.9638,55.5593,8.1033,0.0000,0.169221,0.169221;0.169166;0.169176;0.170143;0.169278,24.243696,41247.84,,27.40,0,6980,10,True,nid004910,57783809
SINDI,doc_prune=0.6 query_prune=0.5 n_cand=10,64,0.6058739255,0.9924,54.5728,8.1851,0.0000,0.645518,0.644000;0.645518;0.642150;0.647730;0.646148,92.481089,10813.02,,27.38,0,6980,10,True,nid004904,57783803
SINDI,doc_prune=0.6 query_prune=0.5 n_cand=10,64,0.6058739255,0.9924,53.2876,8.1487,0.0000,0.861572,0.853435;0.855456;0.861572;0.863266;0.865597,123.434384,8101.47,,24.55,0,6980,10,True,nid004906,57783805
SINDI,doc_prune=0.6 query_prune=0.5 n_cand=10,64,0.6058739255,0.9924,53.5121,8.0498,0.0000,0.633062,0.630540;0.631700;0.633062;0.633280;0.634043,90.696562,11025.78,,27.16,0,6980,10,True,nid004908,57783807
SINDI,doc_prune=0.6 query_prune=0.5 n_cand=10,64,0.6059169054,0.9923,53.0723,8.0978,0.0000,0.482767,0.482167;0.482901;0.482463;0.482767;0.483469,69.164327,14458.32,,23.08,0,6980,10,True,nid004905,57783804
SINDI,doc_prune=0.6 query_prune=0.2 n_cand=10,64,0.6075644699,0.9932,54.5728,8.1851,0.0000,1.007611,1.009627;1.007611;1.004937;1.006391;1.011036,144.356877,6927.28,,27.38,0,6980,10,True,nid004904,57783803
SINDI,doc_prune=0.6 query_prune=0.2 n_cand=10,64,0.6075644699,0.9933,53.5121,8.0498,0.0000,0.974940,0.973364;0.976235;0.980712;0.973707;0.974940,139.676218,7159.41,,27.16,0,6980,10,True,nid004908,57783807
SINDI,doc_prune=0.6 query_prune=0.2 n_cand=10,64,0.6076361032,0.9933,53.2876,8.1487,0.0000,1.289172,1.280747;1.290126;1.289172;1.294986;1.286962,184.695129,5414.33,,24.55,0,6980,10,True,nid004906,57783805
SINDI,doc_prune=0.6 query_prune=0 n_cand=10,64,0.6077077364,0.9933,53.0723,8.0978,0.0000,0.874462,0.869950;0.872195;0.874462;0.876250;0.876630,125.281089,7982.05,,23.08,0,6980,10,True,nid004905,57783804
SINDI,doc_prune=0.6 query_prune=0.2 n_cand=10,64,0.6077220630,0.9928,53.0723,8.0978,0.0000,0.717379,0.715942;0.716879;0.717673;0.717379;0.718138,102.776361,9729.86,,23.08,0,6980,10,True,nid004905,57783804
SINDI,doc_prune=0.6 query_prune=0 n_cand=10,64,0.6077793696,0.9936,54.5728,8.1851,0.0000,1.255953,1.255953;1.250852;1.255584;1.258562;1.265741,179.935960,5557.53,,27.38,0,6980,10,True,nid004904,57783803
SINDI,doc_prune=0.6 query_prune=0.1 n_cand=10,64,0.6077793696,0.9936,54.5728,8.1851,0.0000,1.122945,1.125204;1.119903;1.121615;1.128480;1.122945,160.880372,6215.80,,27.38,0,6980,10,True,nid004904,57783803
SINDI,doc_prune=0.6 query_prune=0 n_cand=10,64,0.6077793696,0.9936,58.8702,8.1156,0.0000,3.989951,3.981255;3.989951;3.983954;3.993238;4.012317,571.626218,1749.39,,30.23,0,6980,10,True,nid004907,57783806
SINDI,doc_prune=0.6 query_prune=0 n_cand=10,64,0.6077793696,0.9936,53.5121,8.0498,0.0000,1.212841,1.211375;1.212841;1.210894;1.215488;1.216468,173.759456,5755.08,,27.16,0,6980,10,True,nid004908,57783807
SINDI,doc_prune=0.6 query_prune=0.1 n_cand=10,64,0.6077793696,0.9936,53.5121,8.0498,0.0000,1.090835,1.085134;1.091223;1.092764;1.089638;1.090835,156.280086,6398.77,,27.16,0,6980,10,True,nid004908,57783807
SINDI,doc_prune=0.6 query_prune=0.3 n_cand=10,64,0.6078510029,0.9934,54.5728,8.1851,0.0000,0.882806,0.880660;0.881928;0.890844;0.884962;0.882806,126.476504,7906.61,,27.38,0,6980,10,True,nid004904,57783803
SINDI,doc_prune=0.6 query_prune=0 n_cand=10,64,0.6078510029,0.9936,53.2876,8.1487,0.0000,1.560502,1.560502;1.564103;1.558875;1.565108;1.560209,223.567622,4472.92,,24.55,0,6980,10,True,nid004906,57783805
SINDI,doc_prune=0.6 query_prune=0.3 n_cand=10,64,0.6078510029,0.9933,53.5121,8.0498,0.0000,0.859739,0.864108;0.863415;0.859739;0.857835;0.858072,123.171777,8118.74,,27.16,0,6980,10,True,nid004908,57783807
SINDI,doc_prune=0.6 query_prune=0.1 n_cand=10,64,0.6078653295,0.9933,53.0723,8.0978,0.0000,0.794905,0.793878;0.795835;0.794905;0.793698;0.796383,113.883238,8780.92,,23.08,0,6980,10,True,nid004905,57783804
SINDI,doc_prune=0.6 query_prune=0.1 n_cand=10,64,0.6078653295,0.9936,53.2876,8.1487,0.0000,1.424158,1.425381;1.419476;1.424158;1.421418;1.428257,204.034097,4901.14,,24.55,0,6980,10,True,nid004906,57783805
SINDI,doc_prune=0.6 query_prune=0.3 n_cand=10,64,0.6078939828,0.9934,53.2876,8.1487,0.0000,1.147769,1.147769;1.148108;1.145695;1.146887;1.151957,164.436819,6081.36,,24.55,0,6980,10,True,nid004906,57783805
SINDI,doc_prune=0.6 query_prune=0.3 n_cand=10,64,0.6079799427,0.9930,53.0723,8.0978,0.0000,0.639107,0.638857;0.639987;0.639107;0.638079;0.640440,91.562607,10921.49,,23.08,0,6980,10,True,nid004905,57783804
SINDI,doc_prune=0.7 query_prune=0.7 n_cand=200,64,0.6121633238,0.9918,52.1434,8.1033,0.0000,0.272225,0.272225;0.272699;0.272336;0.270892;0.271971,39.000716,25640.55,,27.40,0,6980,10,True,nid004910,57783809
SINDI,doc_prune=0.7 query_prune=0.5 n_cand=200,64,0.6133237822,0.9917,52.1434,8.1033,0.0000,0.417330,0.416702;0.415508;0.417330;0.417498;0.417925,59.789398,16725.37,,27.40,0,6980,10,True,nid004910,57783809
SINDI,doc_prune=0.7 query_prune=0.3 n_cand=200,64,0.6135959885,0.9918,52.1434,8.1033,0.0000,0.552506,0.552614;0.552106;0.552207;0.553018;0.552506,79.155587,12633.35,,27.40,0,6980,10,True,nid004910,57783809
SINDI,doc_prune=0.7 query_prune=0 n_cand=200,64,0.6136246418,0.9917,52.1434,8.1033,0.0000,0.764983,0.765641;0.763841;0.763503;0.764983;0.766896,109.596418,9124.39,,27.40,0,6980,10,True,nid004910,57783809
SINDI,doc_prune=0.7 query_prune=0.1 n_cand=200,64,0.6136819484,0.9917,52.1434,8.1033,0.0000,0.690521,0.689230;0.691191;0.690868;0.690521;0.690484,98.928510,10108.31,,27.40,0,6980,10,True,nid004910,57783809
SINDI,doc_prune=0.7 query_prune=0.2 n_cand=200,64,0.6137679083,0.9917,52.1434,8.1033,0.0000,0.621418,0.620453;0.621721;0.621418;0.622552;0.620513,89.028367,11232.37,,27.40,0,6980,10,True,nid004910,57783809
SINDI,doc_prune=0.5 query_prune=0.7 n_cand=10,64,0.6141404011,0.9968,55.6074,8.0123,0.0000,0.618866,0.620030;0.618866;0.616425;0.623107;0.617179,88.662751,11278.69,,27.37,0,6980,10,True,nid004909,57783808
SINDI,doc_prune=0.4 query_prune=0.9 n_cand=200,64,0.6156876791,0.9648,57.5676,8.1033,0.0000,0.199931,0.199566;0.200535;0.199931;0.199702;0.201009,28.643410,34912.04,,27.40,0,6980,10,True,nid004910,57783809
SINDI,doc_prune=0.7 query_prune=0.9 n_cand=50,64,0.6160601719,0.9357,52.1485,8.0123,0.0000,0.118019,0.118402;0.118097;0.117262;0.118019;0.117331,16.908166,59143.02,,27.37,0,6980,10,True,nid004909,57783808
SINDI,doc_prune=0.3 query_prune=0.7 n_cand=20,64,0.6162177650,0.9915,60.1421,8.1033,0.0000,0.780223,0.779069;0.780967;0.776650;0.780223;0.780403,111.779799,8946.16,,27.40,0,6980,10,True,nid004910,57783809
SINDI,doc_prune=0.4 query_prune=0.9 n_cand=20,64,0.6164613181,0.9261,57.6367,8.0123,0.0000,0.248595,0.249530;0.248607;0.248595;0.247879;0.247987,35.615330,28077.80,,27.37,0,6980,10,True,nid004909,57783808
SINDI,doc_prune=0.5 query_prune=0.7 n_cand=50,64,0.6172922636,0.9923,55.5593,8.1033,0.0000,0.471304,0.470923;0.472699;0.471304;0.471945;0.470216,67.522063,14809.97,,27.40,0,6980,10,True,nid004910,57783809
SINDI,doc_prune=0.5 query_prune=0.5 n_cand=50,64,0.6187679083,0.9927,55.5593,8.1033,0.0000,0.770277,0.770277;0.771750;0.767623;0.769835;0.771068,110.354871,9061.68,,27.40,0,6980,10,True,nid004910,57783809
SINDI,doc_prune=0.5 query_prune=0.2 n_cand=50,64,0.6190830946,0.9926,55.5593,8.1033,0.0000,1.189450,1.189450;1.188327;1.192428;1.192958;1.189068,170.408309,5868.26,,27.40,0,6980,10,True,nid004910,57783809
SINDI,doc_prune=0.5 query_prune=0 n_cand=50,64,0.6191260745,0.9926,55.5593,8.1033,0.0000,1.474924,1.475721;1.474989;1.468585;1.474924;1.471169,211.307163,4732.45,,27.40,0,6980,10,True,nid004910,57783809
SINDI,doc_prune=0.5 query_prune=0.5 n_cand=10,64,0.6192263610,0.9980,55.6074,8.0123,0.0000,1.013449,1.005075;1.006828;1.018333;1.014426;1.013449,145.193266,6887.37,,27.37,0,6980,10,True,nid004909,57783808
SINDI,doc_prune=0.5 query_prune=0.3 n_cand=50,64,0.6192263610,0.9927,55.5593,8.1033,0.0000,1.048547,1.048425;1.048547;1.043930;1.051109;1.049517,150.221633,6656.83,,27.40,0,6980,10,True,nid004910,57783809
SINDI,doc_prune=0.5 query_prune=0.1 n_cand=50,64,0.6192550143,0.9926,55.5593,8.1033,0.0000,1.325272,1.322615;1.325272;1.326649;1.327563;1.318261,189.867049,5266.84,,27.40,0,6980,10,True,nid004910,57783809
SINDI,doc_prune=0.1 query_prune=0.5 n_cand=10,64,0.6194412607,0.9924,70.2506,8.1033,0.0000,2.121001,2.117071;2.109879;2.125055;2.121001;2.126104,303.868338,3290.90,,27.40,0,6980,10,True,nid004910,57783809
SINDI,doc_prune=0.3 query_prune=0.9 n_cand=200,64,0.6196275072,0.9655,60.1421,8.1033,0.0000,0.231778,0.231456;0.231369;0.231805;0.232187;0.231778,33.206017,30115.02,,27.40,0,6980,10,True,nid004910,57783809
SINDI,doc_prune=0.5 query_prune=0.3 n_cand=10,64,0.6205444126,0.9981,55.6074,8.0123,0.0000,1.365903,1.363681;1.368688;1.368674;1.362965;1.365903,195.688109,5110.17,,27.37,0,6980,10,True,nid004909,57783808
SINDI,doc_prune=0.5 query_prune=0 n_cand=10,64,0.6206303725,0.9980,55.6074,8.0123,0.0000,1.853924,1.847413;1.854174;1.853924;1.855156;1.853419,265.605158,3764.99,,27.37,0,6980,10,True,nid004909,57783808
SINDI,doc_prune=0.5 query_prune=0.1 n_cand=10,64,0.6206446991,0.9980,55.6074,8.0123,0.0000,1.687535,1.682451;1.687535;1.692807;1.691356;1.682040,241.767192,4136.21,,27.37,0,6980,10,True,nid004909,57783808
SINDI,doc_prune=0.5 query_prune=0.2 n_cand=10,64,0.6206590258,0.9981,55.6074,8.0123,0.0000,1.523966,1.515002;1.523966;1.510172;1.527410;1.525233,218.333238,4580.15,,27.37,0,6980,10,True,nid004909,57783808
SINDI,doc_prune=0.2 query_prune=0.9 n_cand=200,64,0.6228653295,0.9656,63.7566,8.1033,0.0000,0.279029,0.279074;0.279314;0.279029;0.278815;0.277961,39.975501,25015.32,,27.40,0,6980,10,True,nid004910,57783809
SINDI,doc_prune=0.3 query_prune=0.5 n_cand=20,64,0.6229799427,0.9924,60.1421,8.1033,0.0000,1.290971,1.290971;1.285321;1.286943;1.292781;1.297900,184.952865,5406.78,,27.40,0,6980,10,True,nid004910,57783809
SINDI,doc_prune=0.3 query_prune=0.2 n_cand=20,64,0.6234670487,0.9923,60.1421,8.1033,0.0000,1.950213,1.951907;1.949258;1.951882;1.950213;1.944632,279.400143,3579.10,,27.40,0,6980,10,True,nid004910,57783809
SINDI,doc_prune=0.3 query_prune=0.3 n_cand=20,64,0.6235959885,0.9923,60.1421,8.1033,0.0000,1.744369,1.746867;1.737901;1.740683;1.744369;1.746453,249.909599,4001.45,,27.40,0,6980,10,True,nid004910,57783809
SINDI,doc_prune=0.3 query_prune=0.1 n_cand=20,64,0.6236103152,0.9923,60.1421,8.1033,0.0000,2.143108,2.144871;2.160728;2.136294;2.143108;2.143010,307.035530,3256.95,,27.40,0,6980,10,True,nid004910,57783809
SINDI,doc_prune=0.3 query_prune=0 n_cand=20,64,0.6236819484,0.9923,60.1421,8.1033,0.0000,2.343106,2.338190;2.343106;2.350868;2.345627;2.331353,335.688539,2978.95,,27.40,0,6980,10,True,nid004910,57783809
SINDI,doc_prune=0.1 query_prune=0.3 n_cand=10,64,0.6249713467,0.9924,70.2506,8.1033,0.0000,2.778853,2.777649;2.780369;2.778853;2.779000;2.772848,398.116476,2511.83,,27.40,0,6980,10,True,nid004910,57783809
SINDI,doc_prune=0.1 query_prune=0.9 n_cand=200,64,0.6250286533,0.9658,70.2506,8.1033,0.0000,0.322487,0.321595;0.322487;0.322668;0.323024;0.322301,46.201576,21644.28,,27.40,0,6980,10,True,nid004910,57783809
SINDI,doc_prune=0.1 query_prune=0.2 n_cand=10,64,0.6256160458,0.9924,70.2506,8.1033,0.0000,3.050949,3.049664;3.055897;3.050949;3.050247;3.063878,437.098711,2287.81,,27.40,0,6980,10,True,nid004910,57783809
SINDI,doc_prune=0.1 query_prune=0.1 n_cand=10,64,0.6259169054,0.9923,70.2506,8.1033,0.0000,3.366834,3.364844;3.366834;3.396813;3.398430;3.366773,482.354441,2073.16,,27.40,0,6980,10,True,nid004910,57783809
SINDI,doc_prune=0.1 query_prune=0 n_cand=10,64,0.6260171920,0.9923,70.2506,8.1033,0.0000,3.655443,3.678668;3.676336;3.655443;3.637057;3.653330,523.702436,1909.48,,27.40,0,6980,10,True,nid004910,57783809
SINDI,doc_prune=0.6 query_prune=0.9 n_cand=20,64,0.6275501433,0.9225,54.5728,8.1851,0.0000,0.131261,0.130566;0.131415;0.131676;0.131261;0.130706,18.805301,53176.50,,27.38,0,6980,10,True,nid004904,57783803
SINDI,doc_prune=0.6 query_prune=0.9 n_cand=20,64,0.6275644699,0.9225,53.5121,8.0498,0.0000,0.132436,0.132718;0.132370;0.132153;0.132436;0.132996,18.973639,52704.70,,27.16,0,6980,10,True,nid004908,57783807
SINDI,doc_prune=0.6 query_prune=0.9 n_cand=20,64,0.6275931232,0.9226,53.2876,8.1487,0.0000,0.176748,0.176002;0.177378;0.175891;0.177608;0.176748,25.322063,39491.25,,24.55,0,6980,10,True,nid004906,57783805
SINDI,doc_prune=0.6 query_prune=0.9 n_cand=20,64,0.6278653295,0.9232,53.0723,8.0978,0.0000,0.104834,0.105147;0.104605;0.104602;0.104834;0.105180,15.019198,66581.45,,23.08,0,6980,10,True,nid004905,57783804
SINDI,doc_prune=0.9 query_prune=0.9 n_cand=5000,64,0.6281948424,0.9701,48.8276,8.1033,0.0000,0.679859,0.680273;0.679859;0.680509;0.679597;0.679615,97.401003,10266.83,,27.40,0,6980,10,True,nid004910,57783809
SINDI,doc_prune=0.3 query_prune=0.9 n_cand=20,64,0.6283810888,0.9295,60.6069,8.0123,0.0000,0.269868,0.269753;0.269868;0.270447;0.269076;0.269976,38.663037,25864.50,,27.37,0,6980,10,True,nid004909,57783808
SINDI,doc_prune=0.2 query_prune=0.7 n_cand=20,64,0.6287249284,0.9917,63.7566,8.1033,0.0000,1.033271,1.031229;1.028776;1.037604;1.037487;1.033271,148.033095,6755.25,,27.40,0,6980,10,True,nid004910,57783809
SINDI,doc_prune=0 query_prune=0.9 n_cand=200,64,0.6296704871,0.9652,89.6565,8.1033,0.0000,0.431543,0.431729;0.432008;0.430746;0.431419;0.431543,61.825645,16174.52,,27.40,0,6980,10,True,nid004910,57783809
SINDI,doc_prune=0.8 query_prune=0.7 n_cand=1000,64,0.6319484241,0.9934,50.5954,8.1033,0.0000,0.299358,0.300063;0.299065;0.299358;0.298842;0.299811,42.887966,23316.56,,27.40,0,6980,10,True,nid004910,57783809
SINDI,doc_prune=0.8 query_prune=0.5 n_cand=1000,64,0.6331661891,0.9938,50.5954,8.1033,0.0000,0.385667,0.385667;0.386146;0.385572;0.384569;0.385847,55.253152,18098.52,,27.40,0,6980,10,True,nid004910,57783809
SINDI,doc_prune=0.8 query_prune=0.3 n_cand=1000,64,0.6334527221,0.9937,50.5954,8.1033,0.0000,0.462890,0.463440;0.462890;0.462957;0.462294;0.461673,66.316619,15079.18,,27.40,0,6980,10,True,nid004910,57783809
SINDI,doc_prune=0.8 query_prune=0.2 n_cand=1000,64,0.6335243553,0.9937,50.5954,8.1033,0.0000,0.502601,0.502401;0.502178;0.502660;0.502654;0.502601,72.005874,13887.76,,27.40,0,6980,10,True,nid004910,57783809
SINDI,doc_prune=0.8 query_prune=0.1 n_cand=1000,64,0.6336389685,0.9937,50.5954,8.1033,0.0000,0.541579,0.541843;0.541282;0.541571;0.542076;0.541579,77.590115,12888.24,,27.40,0,6980,10,True,nid004910,57783809
SINDI,doc_prune=0.8 query_prune=0 n_cand=1000,64,0.6336532951,0.9937,50.5954,8.1033,0.0000,0.584804,0.584888;0.584150;0.584832;0.584292;0.584804,83.782808,11935.62,,27.40,0,6980,10,True,nid004910,57783809
SINDI,doc_prune=0 query_prune=0.5 n_cand=10,64,0.6338825215,0.9920,89.6565,8.1033,0.0000,3.202760,3.201100;3.205007;3.201253;3.202760;3.219013,458.848138,2179.37,,27.39,0,6980,10,True,nid004910,57783809
SINDI,doc_prune=0.2 query_prune=0.9 n_cand=20,64,0.6351719198,0.9305,64.5137,8.0123,0.0000,0.307152,0.307152;0.306798;0.308354;0.305479;0.308168,44.004585,22724.90,,27.37,0,6980,10,True,nid004909,57783808
SINDI,doc_prune=0.2 query_prune=0.5 n_cand=20,64,0.6358022923,0.9927,63.7566,8.1033,0.0000,1.728794,1.728794;1.721983;1.724347;1.733348;1.729231,247.678223,4037.50,,27.40,0,6980,10,True,nid004910,57783809
SINDI,doc_prune=0.1 query_prune=0.7 n_cand=20,64,0.6360744986,0.9920,70.2506,8.1033,0.0000,1.276816,1.273645;1.278031;1.273057;1.276816;1.280654,182.924928,5466.72,,27.40,0,6980,10,True,nid004910,57783809
SINDI,doc_prune=0.2 query_prune=0 n_cand=20,64,0.6367478510,0.9928,63.7566,8.1033,0.0000,3.047129,3.045978;3.038688;3.048846;3.047129;3.054105,436.551433,2290.68,,27.40,0,6980,10,True,nid004910,57783809
SINDI,doc_prune=0.2 query_prune=0.1 n_cand=20,64,0.6367478510,0.9928,63.7566,8.1033,0.0000,2.790334,2.790334;2.792652;2.779316;2.791166;2.778162,399.761318,2501.49,,27.40,0,6980,10,True,nid004910,57783809
SINDI,doc_prune=0.2 query_prune=0.3 n_cand=20,64,0.6367621777,0.9928,63.7566,8.1033,0.0000,2.290105,2.284669;2.292355;2.287673;2.290105;2.291874,328.095272,3047.90,,27.40,0,6980,10,True,nid004910,57783809
SINDI,doc_prune=0.7 query_prune=0.9 n_cand=1000,64,0.6367908309,0.9749,52.1434,8.1033,0.0000,0.228277,0.228425;0.228491;0.228161;0.227951;0.228277,32.704441,30576.89,,27.40,0,6980,10,True,nid004910,57783809
SINDI,doc_prune=0.2 query_prune=0.2 n_cand=20,64,0.6368481375,0.9928,63.7566,8.1033,0.0000,2.543404,2.544734;2.539250;2.543404;2.535805;2.549796,364.384527,2744.35,,27.40,0,6980,10,True,nid004910,57783809
SINDI,doc_prune=0.4 query_prune=0.7 n_cand=50,64,0.6378939828,0.9930,57.5676,8.1033,0.0000,0.613916,0.614390;0.614667;0.613916;0.610944;0.612536,87.953582,11369.63,,27.40,0,6980,10,True,nid004910,57783809
SINDI,doc_prune=0.9 query_prune=0.9 n_cand=1000,64,0.6380229226,0.9383,48.8365,8.0123,0.0000,0.202200,0.203018;0.202200;0.202391;0.201904;0.202076,28.968481,34520.28,,27.37,0,6980,10,True,nid004909,57783808
SINDI,doc_prune=0.1 query_prune=0.9 n_cand=20,64,0.6386103152,0.9301,71.1279,8.0123,0.0000,0.347134,0.348354;0.347134;0.346087;0.347743;0.345438,49.732665,20107.51,,27.37,0,6980,10,True,nid004909,57783808
SINDI,doc_prune=0.4 query_prune=0.5 n_cand=50,64,0.6405300860,0.9934,57.5676,8.1033,0.0000,1.022905,1.020139;1.022905;1.027158;1.021935;1.026885,146.547994,6823.70,,27.40,0,6980,10,True,nid004910,57783809
SINDI,doc_prune=0.4 query_prune=0.3 n_cand=50,64,0.6406733524,0.9933,57.5676,8.1033,0.0000,1.400923,1.397314;1.392823;1.402496;1.407062;1.400923,200.705301,4982.43,,27.40,0,6980,10,True,nid004910,57783809
SINDI,doc_prune=0.4 query_prune=0 n_cand=50,64,0.6406876791,0.9933,57.5676,8.1033,0.0000,1.946111,1.943201;1.943918;1.957852;1.949338;1.946111,278.812464,3586.64,,27.40,0,6980,10,True,nid004910,57783809
SINDI,doc_prune=0.4 query_prune=0.1 n_cand=50,64,0.6407020057,0.9933,57.5676,8.1033,0.0000,1.763242,1.763429;1.767337;1.754510;1.760860;1.763242,252.613467,3958.62,,27.40,0,6980,10,True,nid004910,57783809
SINDI,doc_prune=0.4 query_prune=0.2 n_cand=50,64,0.6407879656,0.9933,57.5676,8.1033,0.0000,1.587380,1.587636;1.586959;1.587380;1.584345;1.592031,227.418338,4397.18,,27.40,0,6980,10,True,nid004910,57783809
SINDI,doc_prune=0 query_prune=0.3 n_cand=10,64,0.6408739255,0.9920,89.6565,8.1033,0.0000,4.344158,4.349102;4.341665;4.334326;4.344158;4.347895,622.372206,1606.76,,27.38,0,6980,10,True,nid004910,57783809
SINDI,doc_prune=0 query_prune=0.9 n_cand=20,64,0.6415902579,0.9285,90.4895,8.0123,0.0000,0.474258,0.474258;0.473956;0.475405;0.472463;0.474888,67.945272,14717.73,,27.37,0,6980,10,True,nid004909,57783808
SINDI,doc_prune=0 query_prune=0.2 n_cand=10,64,0.6417048711,0.9918,89.6565,8.1033,0.0000,4.866020,4.863871;4.871095;4.858975;4.866020;4.873357,697.137536,1434.44,,27.37,0,6980,10,True,nid004910,57783809
SINDI,doc_prune=0 query_prune=0.1 n_cand=10,64,0.6420773639,0.9918,89.6565,8.1033,0.0000,5.011948,5.025533;4.994477;5.002818;5.032849;5.011948,718.044126,1392.67,,27.37,0,6980,10,True,nid004910,57783809
SINDI,doc_prune=0 query_prune=0 n_cand=10,64,0.6422779370,0.9918,89.6565,8.1033,0.0000,5.529538,5.524501;5.526242;5.539649;5.529538;5.532427,792.197421,1262.31,,27.37,0,6980,10,True,nid004910,57783809
SINDI,doc_prune=0.1 query_prune=0.5 n_cand=20,64,0.6433954155,0.9928,70.2506,8.1033,0.0000,2.123016,2.125455;2.123016;2.121553;2.125930;2.119221,304.157020,3287.78,,27.40,0,6980,10,True,nid004910,57783809
SINDI,doc_prune=0.1 query_prune=0.3 n_cand=20,64,0.6438681948,0.9927,70.2506,8.1033,0.0000,2.784565,2.786767;2.780609;2.786172;2.775480;2.784565,398.934814,2506.68,,27.40,0,6980,10,True,nid004910,57783809
SINDI,doc_prune=0.1 query_prune=0.2 n_cand=20,64,0.6439111748,0.9927,70.2506,8.1033,0.0000,3.061705,3.067648;3.061705;3.059926;3.049514;3.065383,438.639685,2279.78,,27.40,0,6980,10,True,nid004910,57783809
SINDI,doc_prune=0.9 query_prune=0.7 n_cand=5000,64,0.6439255014,0.9872,48.8276,8.1033,0.0000,0.788168,0.789125;0.787859;0.788609;0.787580;0.788168,112.918052,8855.98,,27.40,0,6980,10,True,nid004910,57783809
SINDI,doc_prune=0.1 query_prune=0 n_cand=20,64,0.6439684814,0.9927,70.2506,8.1033,0.0000,3.675532,3.677145;3.675532;3.639363;3.663303;3.691220,526.580516,1899.04,,27.40,0,6980,10,True,nid004910,57783809
SINDI,doc_prune=0.1 query_prune=0.1 n_cand=20,64,0.6439684814,0.9927,70.2506,8.1033,0.0000,3.393907,3.405537;3.410174;3.388681;3.393907;3.371914,486.233095,2056.63,,27.40,0,6980,10,True,nid004910,57783809
SINDI,doc_prune=0 query_prune=0.7 n_cand=20,64,0.6453151862,0.9914,89.6565,8.1033,0.0000,1.886766,1.896248;1.886766;1.883402;1.880116;1.886832,270.310315,3699.45,,27.39,0,6980,10,True,nid004910,57783809
SINDI,doc_prune=0.9 query_prune=0.5 n_cand=5000,64,0.6453581662,0.9877,48.8276,8.1033,0.0000,0.856098,0.856098;0.855384;0.855717;0.856726;0.857038,122.650143,8153.27,,27.40,0,6980,10,True,nid004910,57783809
SINDI,doc_prune=0.9 query_prune=0.3 n_cand=5000,64,0.6456446991,0.9880,48.8276,8.1033,0.0000,0.916439,0.915515;0.916130;0.916935;0.916439;0.917217,131.294986,7616.44,,27.40,0,6980,10,True,nid004910,57783809
SINDI,doc_prune=0.9 query_prune=0 n_cand=5000,64,0.6457020057,0.9881,48.8276,8.1033,0.0000,1.009049,1.009049;1.008482;1.008237;1.009919;1.010280,144.562894,6917.40,,27.40,0,6980,10,True,nid004910,57783809
SINDI,doc_prune=0.9 query_prune=0.2 n_cand=5000,64,0.6457163324,0.9881,48.8276,8.1033,0.0000,0.946068,0.946044;0.946003;0.946068;0.948363;0.947569,135.539828,7377.91,,27.40,0,6980,10,True,nid004910,57783809
SINDI,doc_prune=0.9 query_prune=0.1 n_cand=5000,64,0.6457306590,0.9881,48.8276,8.1033,0.0000,0.976470,0.975801;0.976530;0.977627;0.976470;0.976004,139.895415,7148.20,,27.40,0,6980,10,True,nid004910,57783809
SINDI,doc_prune=0.3 query_prune=0.7 n_cand=50,64,0.6466762178,0.9934,60.1421,8.1033,0.0000,0.784676,0.783362;0.785723;0.783569;0.784676;0.785545,112.417765,8895.39,,27.40,0,6980,10,True,nid004910,57783809
SINDI,doc_prune=0.8 query_prune=0.9 n_cand=200,64,0.6480372493,0.9418,50.6618,8.0123,0.0000,0.098073,0.098073;0.097758;0.098144;0.098139;0.097726,14.050573,71171.47,,27.37,0,6980,10,True,nid004909,57783808
SINDI,doc_prune=0.8 query_prune=0.7 n_cand=50,64,0.6481661891,0.9742,51.2584,8.1851,0.0000,0.183635,0.183452;0.183635;0.184417;0.183833;0.183457,26.308739,38010.18,,27.38,0,6980,10,True,nid004904,57783803
SINDI,doc_prune=0.8 query_prune=0.7 n_cand=50,64,0.6481661891,0.9739,50.5467,8.0978,0.0000,0.140546,0.140527;0.140546;0.140449;0.140575;0.140713,20.135530,49663.46,,23.08,0,6980,10,True,nid004905,57783804
SINDI,doc_prune=0.8 query_prune=0.7 n_cand=50,64,0.6481805158,0.9742,50.2061,8.0498,0.0000,0.190000,0.190455;0.189488;0.190000;0.189436;0.190297,27.220630,36736.84,,27.16,0,6980,10,True,nid004908,57783807
SINDI,doc_prune=0.8 query_prune=0.7 n_cand=50,64,0.6482664756,0.9742,50.3306,8.1487,0.0000,0.270818,0.270655;0.270818;0.271819;0.270880;0.269077,38.799140,25773.77,,24.55,0,6980,10,True,nid004906,57783805
SINDI,doc_prune=0.6 query_prune=0.7 n_cand=200,64,0.6486532951,0.9948,53.7108,8.1033,0.0000,0.380476,0.380682;0.381802;0.379537;0.380290;0.380476,54.509456,18345.44,,27.40,0,6980,10,True,nid004910,57783809
SINDI,doc_prune=0.8 query_prune=0.5 n_cand=50,64,0.6486676218,0.9748,51.2584,8.1851,0.0000,0.282943,0.282784;0.282943;0.283102;0.283539;0.282700,40.536246,24669.28,,27.38,0,6980,10,True,nid004904,57783803
SINDI,doc_prune=0.8 query_prune=0.5 n_cand=50,64,0.6486819484,0.9748,50.2061,8.0498,0.0000,0.292044,0.291794;0.292044;0.292142;0.292500;0.291230,41.840115,23900.51,,27.16,0,6980,10,True,nid004908,57783807
SINDI,doc_prune=0.8 query_prune=0.5 n_cand=50,64,0.6487965616,0.9749,50.3306,8.1487,0.0000,0.428144,0.428265;0.428856;0.428144;0.427020;0.426931,61.338682,16302.93,,24.55,0,6980,10,True,nid004906,57783805
SINDI,doc_prune=0.8 query_prune=0.5 n_cand=50,64,0.6488252149,0.9752,50.5467,8.0978,0.0000,0.215099,0.215296;0.215161;0.215099;0.214984;0.215002,30.816476,32450.17,,23.08,0,6980,10,True,nid004905,57783804
SINDI,doc_prune=0.3 query_prune=0 n_cand=50,64,0.6491690544,0.9934,60.1421,8.1033,0.0000,2.351952,2.342039;2.353058;2.343333;2.354131;2.351952,336.955874,2967.75,,27.40,0,6980,10,True,nid004910,57783809
SINDI,doc_prune=0.3 query_prune=0.1 n_cand=50,64,0.6491977077,0.9934,60.1421,8.1033,0.0000,2.149443,2.160472;2.149443;2.140814;2.145517;2.150040,307.943123,3247.35,,27.40,0,6980,10,True,nid004910,57783809
SINDI,doc_prune=0.3 query_prune=0.2 n_cand=50,64,0.6492406877,0.9934,60.1421,8.1033,0.0000,1.957768,1.964742;1.957768;1.950525;1.953909;1.958403,280.482521,3565.28,,27.40,0,6980,10,True,nid004910,57783809
SINDI,doc_prune=0.3 query_prune=0.3 n_cand=50,64,0.6493553009,0.9936,60.1421,8.1033,0.0000,1.742802,1.741510;1.745812;1.742802;1.741783;1.764232,249.685100,4005.04,,27.40,0,6980,10,True,nid004910,57783809
SINDI,doc_prune=0.8 query_prune=0.3 n_cand=50,64,0.6494269341,0.9746,50.2061,8.0498,0.0000,0.383519,0.384394;0.382651;0.382631;0.384240;0.383519,54.945415,18199.88,,27.16,0,6980,10,True,nid004908,57783807
SINDI,doc_prune=0.8 query_prune=0.3 n_cand=50,64,0.6494699140,0.9746,51.2584,8.1851,0.0000,0.372934,0.373338;0.373315;0.372526;0.372934;0.372616,53.428940,18716.45,,27.38,0,6980,10,True,nid004904,57783803
SINDI,doc_prune=0.8 query_prune=0.3 n_cand=50,64,0.6494842407,0.9746,50.3306,8.1487,0.0000,0.579995,0.582882;0.578791;0.579995;0.579323;0.580903,83.093840,12034.59,,24.55,0,6980,10,True,nid004906,57783805
SINDI,doc_prune=0.3 query_prune=0.5 n_cand=50,64,0.6494842407,0.9936,60.1421,8.1033,0.0000,1.297056,1.297056;1.298070;1.301847;1.296084;1.295404,185.824642,5381.42,,27.40,0,6980,10,True,nid004910,57783809
SINDI,doc_prune=0.8 query_prune=0.2 n_cand=50,64,0.6496561605,0.9746,51.2584,8.1851,0.0000,0.419168,0.418893;0.419885;0.419168;0.418303;0.419657,60.052722,16652.03,,27.38,0,6980,10,True,nid004904,57783803
SINDI,doc_prune=0.8 query_prune=0.2 n_cand=50,64,0.6496561605,0.9746,50.2061,8.0498,0.0000,0.433189,0.435222;0.433871;0.433189;0.433150;0.432995,62.061461,16113.06,,27.16,0,6980,10,True,nid004908,57783807
SINDI,doc_prune=0.8 query_prune=0.2 n_cand=50,64,0.6496991404,0.9746,50.3306,8.1487,0.0000,0.657044,0.656931;0.657044;0.658753;0.656855;0.657622,94.132378,10623.34,,24.55,0,6980,10,True,nid004906,57783805
SINDI,doc_prune=0.6 query_prune=0.5 n_cand=200,64,0.6496991404,0.9947,53.7108,8.1033,0.0000,0.593150,0.593150;0.594086;0.594948;0.591145;0.593032,84.978510,11767.68,,27.40,0,6980,10,True,nid004910,57783809
SINDI,doc_prune=0.8 query_prune=0.1 n_cand=50,64,0.6497851003,0.9748,51.2584,8.1851,0.0000,0.464840,0.465773;0.464840;0.465206;0.464145;0.464621,66.595989,15015.92,,27.38,0,6980,10,True,nid004904,57783803
SINDI,doc_prune=0.8 query_prune=0.1 n_cand=50,64,0.6497851003,0.9748,50.2061,8.0498,0.0000,0.483309,0.483688;0.483501;0.482284;0.483309;0.480917,69.241977,14442.11,,27.16,0,6980,10,True,nid004908,57783807
SINDI,doc_prune=0.8 query_prune=0 n_cand=50,64,0.6498137536,0.9748,50.2061,8.0498,0.0000,0.534281,0.534607;0.533135;0.534281;0.535013;0.534044,76.544556,13064.29,,27.16,0,6980,10,True,nid004908,57783807
SINDI,doc_prune=0.8 query_prune=0 n_cand=50,64,0.6498280802,0.9748,51.2584,8.1851,0.0000,0.514672,0.514921;0.514383;0.514758;0.514672;0.514079,73.735244,13562.04,,27.38,0,6980,10,True,nid004904,57783803
SINDI,doc_prune=0.8 query_prune=0.3 n_cand=50,64,0.6498424069,0.9751,50.5467,8.0978,0.0000,0.284517,0.284517;0.284013;0.284911;0.284671;0.284408,40.761748,24532.80,,23.08,0,6980,10,True,nid004905,57783804
SINDI,doc_prune=0.8 query_prune=0.1 n_cand=50,64,0.6498710602,0.9748,50.3306,8.1487,0.0000,0.734210,0.733389;0.734210;0.736357;0.735008;0.733035,105.187679,9506.82,,24.55,0,6980,10,True,nid004906,57783805
SINDI,doc_prune=0.8 query_prune=0.2 n_cand=50,64,0.6498997135,0.9749,50.5467,8.0978,0.0000,0.320538,0.320380;0.320935;0.320538;0.320615;0.320518,45.922350,21775.89,,23.08,0,6980,10,True,nid004905,57783804
SINDI,doc_prune=0.8 query_prune=0 n_cand=50,64,0.6499140401,0.9748,50.3306,8.1487,0.0000,0.818317,0.817862;0.818339;0.819468;0.818317;0.817856,117.237393,8529.70,,24.55,0,6980,10,True,nid004906,57783805
SINDI,doc_prune=0.6 query_prune=0.2 n_cand=200,64,0.6499140401,0.9948,53.7108,8.1033,0.0000,0.897194,0.897194;0.897010;0.896612;0.898726;0.897462,128.537822,7779.81,,27.40,0,6980,10,True,nid004910,57783809
SINDI,doc_prune=0.6 query_prune=0.1 n_cand=200,64,0.6499283668,0.9948,53.7108,8.1033,0.0000,0.999707,0.999337;0.999414;1.001342;0.999707;1.001762,143.224499,6982.05,,27.40,0,6980,10,True,nid004910,57783809
SINDI,doc_prune=0.6 query_prune=0 n_cand=200,64,0.6499570201,0.9948,53.7108,8.1033,0.0000,1.112202,1.109437;1.112202;1.119279;1.110871;1.114970,159.341261,6275.84,,27.40,0,6980,10,True,nid004910,57783809
SINDI,doc_prune=0.8 query_prune=0.1 n_cand=50,64,0.6500286533,0.9751,50.5467,8.0978,0.0000,0.356092,0.356136;0.355953;0.355757;0.356390;0.356092,51.016046,19601.68,,23.08,0,6980,10,True,nid004905,57783804
SINDI,doc_prune=0.6 query_prune=0.3 n_cand=200,64,0.6500429799,0.9948,53.7108,8.1033,0.0000,0.794815,0.793319;0.794815;0.796856;0.794082;0.794927,113.870344,8781.92,,27.40,0,6980,10,True,nid004910,57783809
SINDI,doc_prune=0.8 query_prune=0 n_cand=50,64,0.6501146132,0.9751,50.5467,8.0978,0.0000,0.394814,0.394814;0.394352;0.394775;0.394840;0.394922,56.563610,17679.21,,23.08,0,6980,10,True,nid004905,57783804
SINDI,doc_prune=0.7 query_prune=0.7 n_cand=20,64,0.6520916905,0.9854,52.9532,8.1851,0.0000,0.277086,0.277617;0.277723;0.276945;0.276454;0.277086,39.697135,25190.74,,27.38,0,6980,10,True,nid004904,57783803
SINDI,doc_prune=0.7 query_prune=0.7 n_cand=20,64,0.6520916905,0.9854,51.9309,8.0498,0.0000,0.263363,0.263327;0.264502;0.263343;0.264038;0.263363,37.731089,26503.34,,27.16,0,6980,10,True,nid004908,57783807
SINDI,doc_prune=0.7 query_prune=0.7 n_cand=20,64,0.6521060172,0.9852,51.9159,8.1487,0.0000,0.374833,0.375659;0.373232;0.375055;0.374519;0.374833,53.701003,18621.63,,24.55,0,6980,10,True,nid004906,57783805
SINDI,doc_prune=0.7 query_prune=0.7 n_cand=20,64,0.6523638968,0.9854,51.8677,8.0978,0.0000,0.212070,0.212070;0.211945;0.212094;0.211721;0.212094,30.382521,32913.66,,23.08,0,6980,10,True,nid004905,57783804
SINDI,doc_prune=0.2 query_prune=0.7 n_cand=50,64,0.6524068768,0.9931,63.7566,8.1033,0.0000,1.037992,1.040293;1.039430;1.030262;1.036434;1.037992,148.709456,6724.52,,27.40,0,6980,10,True,nid004910,57783809
SINDI,doc_prune=0 query_prune=0.5 n_cand=20,64,0.6525931232,0.9920,89.6565,8.1033,0.0000,3.222978,3.222978;3.225265;3.209778;3.227920;3.216674,461.744699,2165.70,,27.39,0,6980,10,True,nid004910,57783809
SINDI,doc_prune=0 query_prune=0 n_cand=20,64,0.6530945559,0.9921,89.6565,8.1033,0.0000,5.524475,5.514565;5.532917;5.510058;5.547407;5.524475,791.472063,1263.47,,27.37,0,6980,10,True,nid004910,57783809
SINDI,doc_prune=0 query_prune=0.1 n_cand=20,64,0.6531088825,0.9921,89.6565,8.1033,0.0000,5.007568,5.007199;5.030048;5.028164;5.005432;5.007568,717.416619,1393.89,,27.37,0,6980,10,True,nid004910,57783809
SINDI,doc_prune=0 query_prune=0.2 n_cand=20,64,0.6531518625,0.9921,89.6565,8.1033,0.0000,4.884546,4.878304;4.880086;4.884546;4.887616;4.887488,699.791691,1429.00,,27.37,0,6980,10,True,nid004910,57783809
SINDI,doc_prune=0 query_prune=0.3 n_cand=20,64,0.6532091691,0.9921,89.6565,8.1033,0.0000,4.365642,4.355918;4.365642;4.375022;4.358977;4.366868,625.450143,1598.85,,27.38,0,6980,10,True,nid004910,57783809
SINDI,doc_prune=0.7 query_prune=0.5 n_cand=20,64,0.6532521490,0.9850,51.9159,8.1487,0.0000,0.569595,0.569394;0.568506;0.570506;0.569595;0.572477,81.603868,12254.32,,24.55,0,6980,10,True,nid004906,57783805
SINDI,doc_prune=0.7 query_prune=0.5 n_cand=20,64,0.6532951289,0.9851,52.9532,8.1851,0.0000,0.438131,0.436540;0.436478;0.438131;0.438306;0.438521,62.769484,15931.31,,27.38,0,6980,10,True,nid004904,57783803
SINDI,doc_prune=0.7 query_prune=0.5 n_cand=20,64,0.6532951289,0.9851,51.9309,8.0498,0.0000,0.414969,0.415569;0.415810;0.414969;0.414537;0.414561,59.451146,16820.53,,27.16,0,6980,10,True,nid004908,57783807
SINDI,doc_prune=0.7 query_prune=0.5 n_cand=20,64,0.6534383954,0.9852,51.8677,8.0978,0.0000,0.331641,0.331365;0.332189;0.331565;0.331641;0.331785,47.513037,21046.85,,23.08,0,6980,10,True,nid004905,57783804
SINDI,doc_prune=0.7 query_prune=0.3 n_cand=20,64,0.6540687679,0.9852,51.9159,8.1487,0.0000,0.766307,0.767914;0.766153;0.765428;0.768212;0.766307,109.786103,9108.62,,24.55,0,6980,10,True,nid004906,57783805
SINDI,doc_prune=0.7 query_prune=0.3 n_cand=20,64,0.6541117479,0.9854,52.9532,8.1851,0.0000,0.592857,0.592781;0.592757;0.594031;0.592857;0.594829,84.936533,11773.50,,27.38,0,6980,10,True,nid004904,57783803
SINDI,doc_prune=0.7 query_prune=0.3 n_cand=20,64,0.6541260745,0.9854,51.9309,8.0498,0.0000,0.560176,0.561105;0.560217;0.560176;0.559355;0.559242,80.254441,12460.37,,27.16,0,6980,10,True,nid004908,57783807
SINDI,doc_prune=0.7 query_prune=0.2 n_cand=20,64,0.6541977077,0.9855,51.9159,8.1487,0.0000,0.864382,0.864382;0.865230;0.862501;0.861273;0.865536,123.836963,8075.13,,24.55,0,6980,10,True,nid004906,57783805
SINDI,doc_prune=0.7 query_prune=0.2 n_cand=20,64,0.6541977077,0.9857,51.9309,8.0498,0.0000,0.635149,0.635149;0.635084;0.632519;0.635562;0.635295,90.995559,10989.55,,27.16,0,6980,10,True,nid004908,57783807
SINDI,doc_prune=0.7 query_prune=0.2 n_cand=20,64,0.6542120344,0.9857,52.9532,8.1851,0.0000,0.674491,0.674549;0.673799;0.674491;0.675017;0.674079,96.631948,10348.54,,27.38,0,6980,10,True,nid004904,57783803
SINDI,doc_prune=0.7 query_prune=0.3 n_cand=20,64,0.6542836676,0.9854,51.8677,8.0978,0.0000,0.443794,0.442530;0.444087;0.443485;0.444115;0.443794,63.580802,15728.02,,23.08,0,6980,10,True,nid004905,57783804
SINDI,doc_prune=0.7 query_prune=0.2 n_cand=20,64,0.6543409742,0.9857,51.8677,8.0978,0.0000,0.502624,0.501669;0.502624;0.502636;0.502620;0.503207,72.009169,13887.12,,23.08,0,6980,10,True,nid004905,57783804
SINDI,doc_prune=0.7 query_prune=0 n_cand=20,64,0.6543553009,0.9858,51.9159,8.1487,0.0000,1.071181,1.072713;1.071006;1.070241;1.073396;1.071181,153.464327,6516.17,,24.55,0,6980,10,True,nid004906,57783805
SINDI,doc_prune=0.7 query_prune=0 n_cand=20,64,0.6543982808,0.9858,51.8677,8.0978,0.0000,0.620795,0.621204;0.619014;0.620795;0.620869;0.619424,88.939112,11243.65,,23.08,0,6980,10,True,nid004905,57783804
SINDI,doc_prune=0.7 query_prune=0 n_cand=20,64,0.6544126074,0.9860,51.9309,8.0498,0.0000,0.792652,0.789203;0.793708;0.792652;0.793638;0.790866,113.560458,8805.88,,27.16,0,6980,10,True,nid004908,57783807
SINDI,doc_prune=0.7 query_prune=0 n_cand=20,64,0.6544269341,0.9860,52.9532,8.1851,0.0000,0.841936,0.840527;0.843887;0.843887;0.839729;0.841936,120.621203,8290.42,,27.38,0,6980,10,True,nid004904,57783803
SINDI,doc_prune=0.7 query_prune=0.1 n_cand=20,64,0.6544555874,0.9858,51.8677,8.0978,0.0000,0.558440,0.557737;0.558537;0.558440;0.558450;0.557875,80.005731,12499.10,,23.08,0,6980,10,True,nid004905,57783804
SINDI,doc_prune=0.7 query_prune=0.1 n_cand=20,64,0.6544555874,0.9857,51.9159,8.1487,0.0000,0.962224,0.962218;0.962224;0.962248;0.963314;0.961929,137.854441,7254.03,,24.55,0,6980,10,True,nid004906,57783805
SINDI,doc_prune=0.7 query_prune=0.1 n_cand=20,64,0.6544842407,0.9858,51.9309,8.0498,0.0000,0.707866,0.708619;0.710028;0.706795;0.707866;0.707494,101.413467,9860.62,,27.16,0,6980,10,True,nid004908,57783807
SINDI,doc_prune=0.7 query_prune=0.1 n_cand=20,64,0.6544985673,0.9858,52.9532,8.1851,0.0000,0.753970,0.754667;0.753970;0.753733;0.754428;0.752966,108.018625,9257.66,,27.38,0,6980,10,True,nid004904,57783803
SINDI,doc_prune=0.2 query_prune=0.5 n_cand=50,64,0.6545128940,0.9931,63.7566,8.1033,0.0000,1.734538,1.738481;1.729665;1.739801;1.732288;1.734538,248.501146,4024.13,,27.40,0,6980,10,True,nid004910,57783809
SINDI,doc_prune=0.2 query_prune=0 n_cand=50,64,0.6545272206,0.9931,63.7566,8.1033,0.0000,3.047477,3.041901;3.047477;3.057659;3.047457;3.060116,436.601289,2290.42,,27.40,0,6980,10,True,nid004910,57783809
SINDI,doc_prune=0.2 query_prune=0.1 n_cand=50,64,0.6545415473,0.9931,63.7566,8.1033,0.0000,2.791959,2.806052;2.791959;2.793183;2.788826;2.781755,399.994126,2500.04,,27.40,0,6980,10,True,nid004910,57783809
SINDI,doc_prune=0.2 query_prune=0.2 n_cand=50,64,0.6546275072,0.9931,63.7566,8.1033,0.0000,2.558239,2.561991;2.547309;2.558239;2.552370;2.558502,366.509885,2728.44,,27.40,0,6980,10,True,nid004910,57783809
SINDI,doc_prune=0.2 query_prune=0.3 n_cand=50,64,0.6546991404,0.9931,63.7566,8.1033,0.0000,2.291399,2.290492;2.288287;2.295153;2.291897;2.291399,328.280659,3046.17,,27.40,0,6980,10,True,nid004910,57783809
SINDI,doc_prune=0.1 query_prune=0.7 n_cand=50,64,0.6562750716,0.9931,70.2506,8.1033,0.0000,1.281063,1.277664;1.286501;1.281063;1.287581;1.273176,183.533381,5448.60,,27.40,0,6980,10,True,nid004910,57783809
SINDI,doc_prune=0.6 query_prune=0.9 n_cand=1000,64,0.6567478510,0.9781,53.7108,8.1033,0.0000,0.258726,0.258812;0.258726;0.258887;0.258201;0.258717,37.066762,26978.35,,27.40,0,6980,10,True,nid004910,57783809
SINDI,doc_prune=0.1 query_prune=0.1 n_cand=50,64,0.6578223496,0.9931,70.2506,8.1033,0.0000,3.405180,3.411253;3.409053;3.405180;3.400147;3.399493,487.848138,2049.82,,27.40,0,6980,10,True,nid004910,57783809
SINDI,doc_prune=0.1 query_prune=0 n_cand=50,64,0.6578510029,0.9931,70.2506,8.1033,0.0000,3.705082,3.689565;3.701654;3.705818;3.705082;3.709955,530.814040,1883.90,,27.40,0,6980,10,True,nid004910,57783809
SINDI,doc_prune=0.1 query_prune=0.2 n_cand=50,64,0.6578796562,0.9931,70.2506,8.1033,0.0000,3.084406,3.073282;3.080733;3.085560;3.084406;3.086317,441.891977,2263.00,,27.40,0,6980,10,True,nid004910,57783809
SINDI,doc_prune=0.1 query_prune=0.3 n_cand=50,64,0.6579369628,0.9931,70.2506,8.1033,0.0000,2.785933,2.781310;2.785933;2.789838;2.781222;2.792015,399.130802,2505.44,,27.40,0,6980,10,True,nid004910,57783809
SINDI,doc_prune=0.1 query_prune=0.5 n_cand=50,64,0.6579942693,0.9931,70.2506,8.1033,0.0000,2.125965,2.127543;2.124417;2.118518;2.125965;2.130343,304.579513,3283.21,,27.40,0,6980,10,True,nid004910,57783809
SINDI,doc_prune=0 query_prune=0.7 n_cand=50,64,0.6631948424,0.9928,89.6565,8.1033,0.0000,1.898041,1.898041;1.894357;1.899671;1.896491;1.903632,271.925645,3677.48,,27.39,0,6980,10,True,nid004910,57783809
SINDI,doc_prune=0.5 query_prune=0.7 n_cand=200,64,0.6645415473,0.9954,55.5593,8.1033,0.0000,0.493676,0.492039;0.495564;0.493676;0.492661;0.494897,70.727221,14138.83,,27.40,0,6980,10,True,nid004910,57783809
SINDI,doc_prune=0 query_prune=0 n_cand=50,64,0.6652292264,0.9926,89.6565,8.1033,0.0000,5.536173,5.536173;5.525101;5.555920;5.509437;5.560067,793.147994,1260.80,,27.37,0,6980,10,True,nid004910,57783809
SINDI,doc_prune=0 query_prune=0.1 n_cand=50,64,0.6652292264,0.9927,89.6565,8.1033,0.0000,5.018671,5.018671;5.025905;5.026869;5.011601;5.016544,719.007307,1390.81,,27.37,0,6980,10,True,nid004910,57783809
SINDI,doc_prune=0 query_prune=0.2 n_cand=50,64,0.6652292264,0.9926,89.6565,8.1033,0.0000,4.899011,4.901903;4.897230;4.894057;4.901120;4.899011,701.864040,1424.78,,27.38,0,6980,10,True,nid004910,57783809
SINDI,doc_prune=0 query_prune=0.3 n_cand=50,64,0.6652292264,0.9926,89.6565,8.1033,0.0000,4.393770,4.383382;4.387955;4.396840;4.395266;4.393770,629.479943,1588.61,,27.38,0,6980,10,True,nid004910,57783809
SINDI,doc_prune=0.5 query_prune=0.3 n_cand=200,64,0.6652292264,0.9953,55.5593,8.1033,0.0000,1.063284,1.063284;1.065244;1.062711;1.061926;1.066549,152.332951,6564.57,,27.40,0,6980,10,True,nid004910,57783809
SINDI,doc_prune=0.5 query_prune=0.5 n_cand=200,64,0.6652722063,0.9954,55.5593,8.1033,0.0000,0.786852,0.784213;0.784855;0.786852;0.787547;0.787719,112.729513,8870.79,,27.40,0,6980,10,True,nid004910,57783809
SINDI,doc_prune=0.5 query_prune=0.2 n_cand=200,64,0.6653295129,0.9951,55.5593,8.1033,0.0000,1.204089,1.202970;1.207677;1.204149;1.204089;1.198863,172.505587,5796.91,,27.40,0,6980,10,True,nid004910,57783809
SINDI,doc_prune=0.5 query_prune=0.9 n_cand=20,64,0.6653868195,0.9278,55.0151,8.1487,0.0000,0.214428,0.214837;0.214682;0.213976;0.214428;0.213714,30.720344,32551.72,,24.55,0,6980,10,True,nid004906,57783805
SINDI,doc_prune=0 query_prune=0.5 n_cand=50,64,0.6653868195,0.9927,89.6565,8.1033,0.0000,3.239447,3.221311;3.249333;3.239447;3.234144;3.250927,464.104155,2154.69,,27.39,0,6980,10,True,nid004910,57783809
SINDI,doc_prune=0.5 query_prune=0.1 n_cand=200,64,0.6653868195,0.9951,55.5593,8.1033,0.0000,1.337984,1.344595;1.338419;1.335248;1.337984;1.336183,191.688252,5216.80,,27.40,0,6980,10,True,nid004910,57783809
SINDI,doc_prune=0.5 query_prune=0.9 n_cand=20,64,0.6653868195,0.9277,55.3873,8.0498,0.0000,0.159778,0.159592;0.159778;0.159854;0.159869;0.158897,22.890831,43685.61,,27.16,0,6980,10,True,nid004908,57783807
SINDI,doc_prune=0.5 query_prune=0.9 n_cand=20,64,0.6654011461,0.9277,56.6646,8.1851,0.0000,0.158106,0.158953;0.158313;0.158106;0.157905;0.157442,22.651289,44147.60,,27.38,0,6980,10,True,nid004904,57783803
SINDI,doc_prune=0.5 query_prune=0 n_cand=200,64,0.6654011461,0.9950,55.5593,8.1033,0.0000,1.486499,1.490719;1.486499;1.484771;1.487531;1.485618,212.965473,4695.60,,27.40,0,6980,10,True,nid004910,57783809
SINDI,doc_prune=0.5 query_prune=0.9 n_cand=20,64,0.6654011461,0.9277,61.3069,8.1156,0.0000,0.447054,0.447825;0.447054;0.446633;0.447027;0.447845,64.047851,15613.33,,30.23,0,6980,10,True,nid004907,57783806
SINDI,doc_prune=0.5 query_prune=0.9 n_cand=20,64,0.6654154728,0.9284,54.5847,8.0978,0.0000,0.133765,0.134109;0.133634;0.133745;0.134479;0.133765,19.164040,52181.06,,23.08,0,6980,10,True,nid004905,57783804
SINDI,doc_prune=0.5 query_prune=0.9 n_cand=1000,64,0.6655587393,0.9805,55.5593,8.1033,0.0000,0.288009,0.287648;0.287872;0.288009;0.288830;0.288873,41.262034,24235.35,,27.40,0,6980,10,True,nid004910,57783809
SINDI,doc_prune=0.9 query_prune=0.7 n_cand=1000,64,0.6665042980,0.9736,48.8365,8.0123,0.0000,0.267571,0.268002;0.268016;0.267571;0.267326;0.266104,38.333954,26086.53,,27.37,0,6980,10,True,nid004909,57783808
SINDI,doc_prune=0.9 query_prune=0.5 n_cand=1000,64,0.6685243553,0.9752,48.8365,8.0123,0.0000,0.324158,0.325406;0.323926;0.324698;0.324155;0.324158,46.440974,21532.71,,27.37,0,6980,10,True,nid004909,57783808
SINDI,doc_prune=0.9 query_prune=0.2 n_cand=1000,64,0.6688968481,0.9754,48.8365,8.0123,0.0000,0.393935,0.393454;0.394529;0.393935;0.394114;0.393754,56.437679,17718.66,,27.37,0,6980,10,True,nid004909,57783808
SINDI,doc_prune=0.9 query_prune=0.1 n_cand=1000,64,0.6689398281,0.9754,48.8365,8.0123,0.0000,0.416455,0.417501;0.416455;0.417373;0.416265;0.416074,59.664040,16760.51,,27.37,0,6980,10,True,nid004909,57783808
SINDI,doc_prune=0.9 query_prune=0.3 n_cand=1000,64,0.6689684814,0.9755,48.8365,8.0123,0.0000,0.374855,0.374684;0.374894;0.374855;0.375423;0.373962,53.704155,18620.53,,27.37,0,6980,10,True,nid004909,57783808
SINDI,doc_prune=0.9 query_prune=0 n_cand=1000,64,0.6690114613,0.9754,48.8365,8.0123,0.0000,0.445322,0.445800;0.445516;0.445143;0.444566;0.445322,63.799713,15674.05,,27.37,0,6980,10,True,nid004909,57783808
SINDI,doc_prune=0.4 query_prune=0.9 n_cand=1000,64,0.6699713467,0.9808,57.5676,8.1033,0.0000,0.319407,0.319376;0.319162;0.319579;0.319616;0.319407,45.760315,21853.00,,27.40,0,6980,10,True,nid004910,57783809
SINDI,doc_prune=0.6 query_prune=0.9 n_cand=50,64,0.6703724928,0.9468,53.6786,8.0123,0.0000,0.203553,0.203572;0.202761;0.201533;0.203567;0.203553,29.162321,34290.82,,27.37,0,6980,10,True,nid004909,57783808
SINDI,doc_prune=0.3 query_prune=0.9 n_cand=1000,64,0.6712464183,0.9805,60.1421,8.1033,0.0000,0.351816,0.351816;0.351491;0.351999;0.351392;0.351890,50.403438,19839.92,,27.40,0,6980,10,True,nid004910,57783809
SINDI,doc_prune=0.6 query_prune=0.7 n_cand=20,64,0.6715902579,0.9946,53.6786,8.0123,0.0000,0.595635,0.595547;0.597003;0.595635;0.594874;0.598777,85.334527,11718.59,,27.37,0,6980,10,True,nid004909,57783808
SINDI,doc_prune=0 query_prune=0.9 n_cand=1000,64,0.6718194842,0.9792,89.6565,8.1033,0.0000,0.536267,0.537456;0.535663;0.535466;0.537387;0.536267,76.829083,13015.90,,27.40,0,6980,10,True,nid004910,57783809
SINDI,doc_prune=0.1 query_prune=0.9 n_cand=1000,64,0.6721346705,0.9801,70.2506,8.1033,0.0000,0.439364,0.439018;0.438567;0.439364;0.439848;0.439813,62.946132,15886.60,,27.40,0,6980,10,True,nid004910,57783809
SINDI,doc_prune=0.2 query_prune=0.9 n_cand=1000,64,0.6721776504,0.9804,63.7566,8.1033,0.0000,0.395812,0.394184;0.396014;0.395812;0.396173;0.394980,56.706590,17634.63,,27.40,0,6980,10,True,nid004910,57783809
SINDI,doc_prune=0.4 query_prune=0.7 n_cand=200,64,0.6729656160,0.9954,57.5676,8.1033,0.0000,0.638373,0.638853;0.633454;0.641923;0.638373;0.637451,91.457450,10934.05,,27.40,0,6980,10,True,nid004910,57783809
SINDI,doc_prune=0.4 query_prune=0 n_cand=200,64,0.6731518625,0.9953,57.5676,8.1033,0.0000,1.957037,1.955470;1.973516;1.954452;1.958994;1.957037,280.377794,3566.62,,27.40,0,6980,10,True,nid004910,57783809
SINDI,doc_prune=0.4 query_prune=0.1 n_cand=200,64,0.6731661891,0.9953,57.5676,8.1033,0.0000,1.773881,1.775174;1.776135;1.770033;1.773881;1.771037,254.137679,3934.88,,27.40,0,6980,10,True,nid004910,57783809
SINDI,doc_prune=0.4 query_prune=0.2 n_cand=200,64,0.6732378223,0.9953,57.5676,8.1033,0.0000,1.598727,1.599695;1.597649;1.599203;1.595568;1.598727,229.043983,4365.97,,27.40,0,6980,10,True,nid004910,57783809
SINDI,doc_prune=0.4 query_prune=0.3 n_cand=200,64,0.6732378223,0.9953,57.5676,8.1033,0.0000,1.411775,1.405359;1.418357;1.407147;1.419933;1.411775,202.260029,4944.13,,27.40,0,6980,10,True,nid004910,57783809
SINDI,doc_prune=0.4 query_prune=0.5 n_cand=200,64,0.6734097421,0.9951,57.5676,8.1033,0.0000,1.038217,1.039827;1.039927;1.034719;1.032612;1.038217,148.741691,6723.06,,27.40,0,6980,10,True,nid004910,57783809
SINDI,doc_prune=0.4 query_prune=0.7 n_cand=10,64,0.6736962751,0.9986,57.6367,8.0123,0.0000,0.890726,0.888851;0.890726;0.891911;0.888198;0.893105,127.611175,7836.30,,27.37,0,6980,10,True,nid004909,57783808
SINDI,doc_prune=0.6 query_prune=0.5 n_cand=20,64,0.6740257880,0.9961,53.6786,8.0123,0.0000,0.961886,0.961886;0.963080;0.962443;0.959884;0.959937,137.806017,7256.58,,27.37,0,6980,10,True,nid004909,57783808
SINDI,doc_prune=0.6 query_prune=0.3 n_cand=20,64,0.6748424069,0.9963,53.6786,8.0123,0.0000,1.283978,1.284260;1.283978;1.283495;1.285956;1.281212,183.951003,5436.23,,27.37,0,6980,10,True,nid004909,57783808
SINDI,doc_prune=0.6 query_prune=0.2 n_cand=20,64,0.6750859599,0.9963,53.6786,8.0123,0.0000,1.458167,1.463882;1.455306;1.458167;1.458932;1.456808,208.906447,4786.83,,27.37,0,6980,10,True,nid004909,57783808
SINDI,doc_prune=0.6 query_prune=0.1 n_cand=20,64,0.6753581662,0.9964,53.6786,8.0123,0.0000,1.597792,1.599852;1.595536;1.597792;1.598639;1.595656,228.910029,4368.53,,27.37,0,6980,10,True,nid004909,57783808
SINDI,doc_prune=0.6 query_prune=0 n_cand=20,64,0.6753868195,0.9964,53.6786,8.0123,0.0000,1.752731,1.744800;1.752731;1.755896;1.752657;1.756227,251.107593,3982.36,,27.37,0,6980,10,True,nid004909,57783808
SINDI,doc_prune=0.3 query_prune=0 n_cand=200,64,0.6763323782,0.9953,60.1421,8.1033,0.0000,2.367672,2.367672;2.364608;2.372162;2.354123;2.370223,339.208023,2948.04,,27.40,0,6980,10,True,nid004910,57783809
SINDI,doc_prune=0.3 query_prune=0.1 n_cand=200,64,0.6763896848,0.9953,60.1421,8.1033,0.0000,2.163290,2.150831;2.163290;2.155415;2.179155;2.163859,309.926934,3226.57,,27.40,0,6980,10,True,nid004910,57783809
SINDI,doc_prune=0.3 query_prune=0.2 n_cand=200,64,0.6764756447,0.9953,60.1421,8.1033,0.0000,1.973953,1.976378;1.961606;1.980653;1.973953;1.963926,282.801289,3536.05,,27.40,0,6980,10,True,nid004910,57783809
SINDI,doc_prune=0.3 query_prune=0.3 n_cand=200,64,0.6765329513,0.9953,60.1421,8.1033,0.0000,1.760259,1.762115;1.760259;1.763689;1.751802;1.758979,252.186103,3965.33,,27.40,0,6980,10,True,nid004910,57783809
SINDI,doc_prune=0.3 query_prune=0.7 n_cand=200,64,0.6766045845,0.9956,60.1421,8.1033,0.0000,0.807858,0.806014;0.806469;0.809048;0.809894;0.807858,115.738968,8640.13,,27.40,0,6980,10,True,nid004910,57783809
SINDI,doc_prune=0.3 query_prune=0.5 n_cand=200,64,0.6766189112,0.9954,60.1421,8.1033,0.0000,1.317631,1.316939;1.317631;1.322166;1.318445;1.316629,188.772350,5297.39,,27.40,0,6980,10,True,nid004910,57783809
SINDI,doc_prune=0.7 query_prune=0.7 n_cand=1000,64,0.6769914040,0.9970,52.1434,8.1033,0.0000,0.388595,0.388156;0.388400;0.388679;0.388595;0.389070,55.672636,17962.15,,27.40,0,6980,10,True,nid004910,57783809
SINDI,doc_prune=0.7 query_prune=0.5 n_cand=1000,64,0.6776217765,0.9973,52.1434,8.1033,0.0000,0.529455,0.528948;0.529455;0.529419;0.531017;0.530073,75.853152,13183.37,,27.40,0,6980,10,True,nid004910,57783809
SINDI,doc_prune=0.2 query_prune=0.7 n_cand=200,64,0.6777793696,0.9947,63.7566,8.1033,0.0000,1.061771,1.051693;1.055986;1.063210;1.061771;1.062030,152.116189,6573.92,,27.40,0,6980,10,True,nid004910,57783809
SINDI,doc_prune=0.7 query_prune=0.3 n_cand=1000,64,0.6778366762,0.9973,52.1434,8.1033,0.0000,0.664714,0.665785;0.663557;0.664956;0.664516;0.664714,95.231232,10500.76,,27.40,0,6980,10,True,nid004910,57783809
SINDI,doc_prune=0.7 query_prune=0.1 n_cand=1000,64,0.6779083095,0.9973,52.1434,8.1033,0.0000,0.807153,0.800188;0.814840;0.807862;0.807153;0.806720,115.637966,8647.68,,27.40,0,6980,10,True,nid004910,57783809
SINDI,doc_prune=0.7 query_prune=0 n_cand=1000,64,0.6779226361,0.9973,52.1434,8.1033,0.0000,0.877218,0.877218;0.877929;0.875614;0.877290;0.876650,125.675931,7956.97,,27.40,0,6980,10,True,nid004910,57783809
SINDI,doc_prune=0.7 query_prune=0.2 n_cand=1000,64,0.6779226361,0.9973,52.1434,8.1033,0.0000,0.733425,0.734173;0.733201;0.733425;0.732850;0.734551,105.075215,9516.99,,27.40,0,6980,10,True,nid004910,57783809
SINDI,doc_prune=0.2 query_prune=0 n_cand=200,64,0.6782378223,0.9944,63.7566,8.1033,0.0000,3.073731,3.073731;3.068300;3.069308;3.074481;3.079931,440.362607,2270.86,,27.40,0,6980,10,True,nid004910,57783809
SINDI,doc_prune=0.2 query_prune=0.1 n_cand=200,64,0.6782808023,0.9944,63.7566,8.1033,0.0000,2.818993,2.812683;2.827053;2.815966;2.818993;2.823754,403.867192,2476.06,,27.40,0,6980,10,True,nid004910,57783809
SINDI,doc_prune=0.2 query_prune=0.2 n_cand=200,64,0.6783237822,0.9944,63.7566,8.1033,0.0000,2.565440,2.559911;2.577157;2.574424;2.560147;2.565440,367.541547,2720.78,,27.40,0,6980,10,True,nid004910,57783809
SINDI,doc_prune=0.2 query_prune=0.5 n_cand=200,64,0.6784097421,0.9946,63.7566,8.1033,0.0000,1.754245,1.750822;1.754245;1.754632;1.758272;1.740684,251.324499,3978.92,,27.40,0,6980,10,True,nid004910,57783809
SINDI,doc_prune=0.2 query_prune=0.3 n_cand=200,64,0.6784670487,0.9944,63.7566,8.1033,0.0000,2.309828,2.309828;2.303779;2.313852;2.301742;2.314401,330.920917,3021.87,,27.40,0,6980,10,True,nid004910,57783809
SINDI,doc_prune=0.8 query_prune=0.9 n_cand=5000,64,0.6787106017,0.9838,50.5954,8.1033,0.0000,0.768623,0.768623;0.769471;0.769124;0.768394;0.768180,110.117908,9081.18,,27.40,0,6980,10,True,nid004910,57783809
SINDI,doc_prune=0.1 query_prune=0.7 n_cand=200,64,0.6791117479,0.9946,70.2506,8.1033,0.0000,1.303254,1.301179;1.306873;1.304382;1.303063;1.303254,186.712607,5355.82,,27.40,0,6980,10,True,nid004910,57783809
SINDI,doc_prune=0.1 query_prune=0.1 n_cand=200,64,0.6796275072,0.9946,70.2506,8.1033,0.0000,3.439925,3.462586;3.423558;3.462981;3.439925;3.435719,492.825931,2029.11,,27.40,0,6980,10,True,nid004910,57783809
SINDI,doc_prune=0.1 query_prune=0 n_cand=200,64,0.6796418338,0.9946,70.2506,8.1033,0.0000,3.724461,3.694807;3.678902;3.725041;3.728281;3.724461,533.590401,1874.10,,27.40,0,6980,10,True,nid004910,57783809
SINDI,doc_prune=0.1 query_prune=0.3 n_cand=200,64,0.6796418338,0.9946,70.2506,8.1033,0.0000,2.811473,2.809692;2.806692;2.811473;2.819512;2.813859,402.789828,2482.68,,27.40,0,6980,10,True,nid004910,57783809
SINDI,doc_prune=0.1 query_prune=0.2 n_cand=200,64,0.6797134670,0.9946,70.2506,8.1033,0.0000,3.127122,3.127122;3.116070;3.109094;3.129685;3.137709,448.011748,2232.08,,27.40,0,6980,10,True,nid004910,57783809
SINDI,doc_prune=0.1 query_prune=0.5 n_cand=200,64,0.6798137536,0.9946,70.2506,8.1033,0.0000,2.141282,2.143448;2.139007;2.141282;2.147801;2.139917,306.773926,3259.73,,27.40,0,6980,10,True,nid004910,57783809
SINDI,doc_prune=0.5 query_prune=0.7 n_cand=10,64,0.6804871060,0.9977,55.0151,8.1487,0.0000,0.684641,0.687497;0.683690;0.684641;0.685203;0.684499,98.086103,10195.12,,24.55,0,6980,10,True,nid004906,57783805
SINDI,doc_prune=0.5 query_prune=0.7 n_cand=10,64,0.6806017192,0.9977,61.3069,8.1156,0.0000,1.501378,1.501378;1.505279;1.499580;1.500271;1.502980,215.097135,4649.06,,30.23,0,6980,10,True,nid004907,57783806
SINDI,doc_prune=0.5 query_prune=0.7 n_cand=10,64,0.6806017192,0.9977,55.3873,8.0498,0.0000,0.523302,0.523745;0.520057;0.523302;0.523547;0.521505,74.971633,13338.38,,27.16,0,6980,10,True,nid004908,57783807
SINDI,doc_prune=0.5 query_prune=0.7 n_cand=10,64,0.6806160458,0.9977,56.6646,8.1851,0.0000,0.534536,0.534536;0.531874;0.535286;0.532452;0.535682,76.581089,13058.05,,27.38,0,6980,10,True,nid004904,57783803
SINDI,doc_prune=0.5 query_prune=0.7 n_cand=10,64,0.6808309456,0.9979,54.5847,8.0978,0.0000,0.426657,0.426751;0.426657;0.426404;0.427026;0.425487,61.125645,16359.75,,23.08,0,6980,10,True,nid004905,57783804
SINDI,doc_prune=0 query_prune=0.7 n_cand=200,64,0.6816905444,0.9941,89.6565,8.1033,0.0000,1.919340,1.918304;1.919340;1.919769;1.924449;1.917814,274.977077,3636.67,,27.39,0,6980,10,True,nid004910,57783809
SINDI,doc_prune=0 query_prune=0.3 n_cand=200,64,0.6826217765,0.9940,89.6565,8.1033,0.0000,4.425982,4.417746;4.413357;4.425982;4.442352;4.437813,634.094842,1577.05,,27.38,0,6980,10,True,nid004910,57783809
SINDI,doc_prune=0 query_prune=0.2 n_cand=200,64,0.6826790831,0.9940,89.6565,8.1033,0.0000,4.944577,4.940085;4.936642;4.945956;4.944577;4.949418,708.392120,1411.65,,27.38,0,6980,10,True,nid004910,57783809
SINDI,doc_prune=0 query_prune=0.5 n_cand=200,64,0.6826790831,0.9941,89.6565,8.1033,0.0000,3.273280,3.274024;3.264514;3.275745;3.252629;3.273280,468.951289,2132.42,,27.39,0,6980,10,True,nid004910,57783809
SINDI,doc_prune=0 query_prune=0.1 n_cand=200,64,0.6827077364,0.9940,89.6565,8.1033,0.0000,5.044629,5.043351;5.044629;5.035000;5.050268;5.056820,722.726218,1383.65,,27.37,0,6980,10,True,nid004910,57783809
SINDI,doc_prune=0 query_prune=0 n_cand=200,64,0.6827363897,0.9940,89.6565,8.1033,0.0000,5.556247,5.557250;5.550906;5.584626;5.556247;5.549921,796.023926,1256.24,,27.37,0,6980,10,True,nid004910,57783809
SINDI,doc_prune=0.4 query_prune=0.5 n_cand=10,64,0.6863610315,0.9990,57.6367,8.0123,0.0000,1.470200,1.468412;1.477174;1.470374;1.470200;1.465427,210.630372,4747.65,,27.37,0,6980,10,True,nid004909,57783808
SINDI,doc_prune=0.4 query_prune=0.3 n_cand=10,64,0.6878510029,0.9991,57.6367,8.0123,0.0000,1.961217,1.961384;1.961217;1.950220;1.962158;1.955545,280.976648,3559.01,,27.37,0,6980,10,True,nid004909,57783808
SINDI,doc_prune=0.5 query_prune=0.5 n_cand=10,64,0.6880372493,0.9986,55.0151,8.1487,0.0000,1.091140,1.089071;1.092906;1.093676;1.089877;1.091140,156.323782,6396.98,,24.55,0,6980,10,True,nid004906,57783805
SINDI,doc_prune=0.5 query_prune=0.5 n_cand=10,64,0.6880659026,0.9986,56.6646,8.1851,0.0000,0.860886,0.860886;0.860584;0.866535;0.861587;0.858951,123.336103,8107.93,,27.38,0,6980,10,True,nid004904,57783803
SINDI,doc_prune=0.5 query_prune=0.5 n_cand=10,64,0.6880659026,0.9986,61.3069,8.1156,0.0000,2.440366,2.445641;2.435833;2.434567;2.440366;2.442792,349.622636,2860.23,,30.23,0,6980,10,True,nid004907,57783806
SINDI,doc_prune=0.5 query_prune=0.5 n_cand=10,64,0.6880659026,0.9986,55.3873,8.0498,0.0000,0.841825,0.846392;0.842648;0.839987;0.841825;0.841082,120.605301,8291.51,,27.16,0,6980,10,True,nid004908,57783807
SINDI,doc_prune=0.5 query_prune=0.5 n_cand=10,64,0.6882234957,0.9986,54.5847,8.0978,0.0000,0.676264,0.677677;0.676264;0.675327;0.678343;0.675396,96.885960,10321.41,,23.08,0,6980,10,True,nid004905,57783804
SINDI,doc_prune=0.4 query_prune=0.2 n_cand=10,64,0.6882378223,0.9991,57.6367,8.0123,0.0000,2.198668,2.198668;2.190312;2.202879;2.191574;2.203393,314.995415,3174.65,,27.37,0,6980,10,True,nid004909,57783808
SINDI,doc_prune=0.4 query_prune=0 n_cand=10,64,0.6882521490,0.9991,57.6367,8.0123,0.0000,2.572077,2.568131;2.579370;2.576568;2.568999;2.572077,368.492407,2713.76,,27.37,0,6980,10,True,nid004909,57783808
SINDI,doc_prune=0.4 query_prune=0.1 n_cand=10,64,0.6883810888,0.9991,57.6367,8.0123,0.0000,2.385965,2.380856;2.372763;2.385965;2.391652;2.387030,341.828797,2925.44,,27.37,0,6980,10,True,nid004909,57783808
SINDI,doc_prune=0.5 query_prune=0.3 n_cand=10,64,0.6891547278,0.9991,56.6646,8.1851,0.0000,1.182448,1.182448;1.179347;1.184113;1.187858;1.181799,169.405158,5903.01,,27.38,0,6980,10,True,nid004904,57783803
SINDI,doc_prune=0.5 query_prune=0.3 n_cand=10,64,0.6891547278,0.9991,55.0151,8.1487,0.0000,1.437455,1.438789;1.437312;1.438386;1.436742;1.437455,205.939112,4855.80,,24.55,0,6980,10,True,nid004906,57783805
SINDI,doc_prune=0.5 query_prune=0.3 n_cand=10,64,0.6891547278,0.9991,61.3069,8.1156,0.0000,3.251341,3.257597;3.251341;3.241909;3.254200;3.248928,465.808166,2146.81,,30.23,0,6980,10,True,nid004907,57783806
SINDI,doc_prune=0.5 query_prune=0.3 n_cand=10,64,0.6891547278,0.9991,55.3873,8.0498,0.0000,1.141422,1.136790;1.147201;1.141422;1.148386;1.138144,163.527507,6115.18,,27.16,0,6980,10,True,nid004908,57783807
SINDI,doc_prune=0.4 query_prune=0.9 n_cand=20,64,0.6892550143,0.9302,58.8358,8.1851,0.0000,0.194174,0.193944;0.194174;0.194420;0.193192;0.195424,27.818625,35947.14,,27.38,0,6980,10,True,nid004904,57783803
SINDI,doc_prune=0.4 query_prune=0.9 n_cand=20,64,0.6892550143,0.9302,63.7468,8.1156,0.0000,0.567684,0.567684;0.569637;0.567662;0.569406;0.567317,81.330086,12295.57,,30.23,0,6980,10,True,nid004907,57783806
SINDI,doc_prune=0.4 query_prune=0.9 n_cand=20,64,0.6892550143,0.9302,57.5599,8.0498,0.0000,0.203881,0.203881;0.203810;0.203766;0.205394;0.205270,29.209312,34235.66,,27.16,0,6980,10,True,nid004908,57783807
SINDI,doc_prune=0.4 query_prune=0.9 n_cand=20,64,0.6893409742,0.9304,57.0267,8.1487,0.0000,0.249341,0.249195;0.249341;0.249405;0.248529;0.249582,35.722206,27993.79,,24.55,0,6980,10,True,nid004906,57783805
SINDI,doc_prune=0.5 query_prune=0.2 n_cand=10,64,0.6895558739,0.9991,56.6646,8.1851,0.0000,1.346425,1.345493;1.346425;1.343146;1.353980;1.350552,192.897564,5184.10,,27.38,0,6980,10,True,nid004904,57783803
SINDI,doc_prune=0.5 query_prune=0.2 n_cand=10,64,0.6895558739,0.9991,55.0151,8.1487,0.0000,1.623344,1.617713;1.624279;1.623344;1.621051;1.625453,232.570774,4299.77,,24.55,0,6980,10,True,nid004906,57783805
SINDI,doc_prune=0.5 query_prune=0.2 n_cand=10,64,0.6895558739,0.9991,61.3069,8.1156,0.0000,3.580947,3.566990;3.584056;3.588560;3.580947;3.568109,513.029656,1949.21,,30.23,0,6980,10,True,nid004907,57783806
SINDI,doc_prune=0.5 query_prune=0.2 n_cand=10,64,0.6895558739,0.9991,55.3873,8.0498,0.0000,1.291771,1.289676;1.291771;1.281016;1.298425;1.294212,185.067479,5403.43,,27.16,0,6980,10,True,nid004908,57783807
SINDI,doc_prune=0.4 query_prune=0.9 n_cand=20,64,0.6895988539,0.9302,56.1978,8.0978,0.0000,0.166992,0.165942;0.167625;0.167011;0.166739;0.166992,23.924355,41798.41,,23.08,0,6980,10,True,nid004905,57783804
SINDI,doc_prune=0.5 query_prune=0.3 n_cand=10,64,0.6897851003,0.9993,54.5847,8.0978,0.0000,0.888718,0.887787;0.890635;0.888718;0.887083;0.892641,127.323496,7854.01,,23.08,0,6980,10,True,nid004905,57783804
SINDI,doc_prune=0.5 query_prune=0 n_cand=10,64,0.6900000000,0.9991,55.0151,8.1487,0.0000,1.947498,1.942690;1.944617;1.948521;1.954291;1.947498,279.011175,3584.09,,24.55,0,6980,10,True,nid004906,57783805
SINDI,doc_prune=0.5 query_prune=0.1 n_cand=10,64,0.6900143266,0.9991,55.0151,8.1487,0.0000,1.777664,1.772908;1.783748;1.777664;1.780289;1.775042,254.679656,3926.50,,24.55,0,6980,10,True,nid004906,57783805
SINDI,doc_prune=0.5 query_prune=0.1 n_cand=10,64,0.6900716332,0.9991,56.6646,8.1851,0.0000,1.494023,1.502505;1.490307;1.489120;1.496996;1.494023,214.043410,4671.95,,27.38,0,6980,10,True,nid004904,57783803
SINDI,doc_prune=0.5 query_prune=0.2 n_cand=10,64,0.6900716332,0.9993,54.5847,8.0978,0.0000,0.994335,0.994335;0.995159;0.996126;0.993871;0.993896,142.454871,7019.77,,23.08,0,6980,10,True,nid004905,57783804
SINDI,doc_prune=0.5 query_prune=0.1 n_cand=10,64,0.6900716332,0.9991,61.3069,8.1156,0.0000,3.982197,3.973179;3.968680;3.987246;3.983547;3.982197,570.515330,1752.80,,30.23,0,6980,10,True,nid004907,57783806
SINDI,doc_prune=0.5 query_prune=0.1 n_cand=10,64,0.6900716332,0.9991,55.3873,8.0498,0.0000,1.432400,1.434801;1.427915;1.422106;1.439825;1.432400,205.214900,4872.94,,27.16,0,6980,10,True,nid004908,57783807
SINDI,doc_prune=0.5 query_prune=0 n_cand=10,64,0.6901002865,0.9991,56.6646,8.1851,0.0000,1.657030,1.657743;1.656518;1.657030;1.658809;1.652589,237.396848,4212.36,,27.38,0,6980,10,True,nid004904,57783803
SINDI,doc_prune=0.5 query_prune=0 n_cand=10,64,0.6901002865,0.9991,61.3069,8.1156,0.0000,4.406636,4.401314;4.409542;4.406636;4.395534;4.424534,631.323209,1583.97,,30.23,0,6980,10,True,nid004907,57783806
SINDI,doc_prune=0.5 query_prune=0 n_cand=10,64,0.6901002865,0.9991,55.3873,8.0498,0.0000,1.574158,1.583356;1.580375;1.574158;1.573205;1.570965,225.524069,4434.12,,27.16,0,6980,10,True,nid004908,57783807
SINDI,doc_prune=0.5 query_prune=0 n_cand=10,64,0.6903438395,0.9993,54.5847,8.0978,0.0000,1.206401,1.201259;1.204635;1.207904;1.206401;1.206718,172.836819,5785.80,,23.08,0,6980,10,True,nid004905,57783804
SINDI,doc_prune=0.5 query_prune=0.1 n_cand=10,64,0.6904297994,0.9993,54.5847,8.0978,0.0000,1.095927,1.098487;1.095737;1.095927;1.094833;1.096059,157.009599,6369.04,,23.08,0,6980,10,True,nid004905,57783804
SINDI,doc_prune=0.7 query_prune=0.9 n_cand=50,64,0.6929226361,0.9397,51.9159,8.1487,0.0000,0.139100,0.139725;0.138413;0.137840;0.139535;0.139100,19.928367,50179.73,,24.55,0,6980,10,True,nid004906,57783805
SINDI,doc_prune=0.7 query_prune=0.9 n_cand=50,64,0.6929799427,0.9395,52.9532,8.1851,0.0000,0.104529,0.104411;0.105008;0.104529;0.104730;0.104415,14.975501,66775.73,,27.38,0,6980,10,True,nid004904,57783803
SINDI,doc_prune=0.7 query_prune=0.9 n_cand=50,64,0.6929799427,0.9395,51.9309,8.0498,0.0000,0.100173,0.100696;0.100083;0.100125;0.100229;0.100173,14.351433,69679.45,,27.16,0,6980,10,True,nid004908,57783807
SINDI,doc_prune=0.7 query_prune=0.9 n_cand=50,64,0.6931232092,0.9395,51.8677,8.0978,0.0000,0.082713,0.082713;0.082810;0.082551;0.082833;0.082655,11.850000,84388.19,,23.08,0,6980,10,True,nid004905,57783804
SINDI,doc_prune=0.6 query_prune=0.7 n_cand=1000,64,0.6953581662,0.9976,53.7108,8.1033,0.0000,0.493129,0.493129;0.492908;0.493181;0.492841;0.493947,70.648854,14154.51,,27.40,0,6980,10,True,nid004910,57783809
SINDI,doc_prune=0.6 query_prune=0.1 n_cand=1000,64,0.6957020057,0.9973,53.7108,8.1033,0.0000,1.102588,1.104517;1.102016;1.102751;1.102187;1.102588,157.963897,6330.56,,27.40,0,6980,10,True,nid004910,57783809
SINDI,doc_prune=0.6 query_prune=0 n_cand=1000,64,0.6957306590,0.9973,53.7108,8.1033,0.0000,1.210908,1.209921;1.211439;1.212012;1.210515;1.210908,173.482521,5764.27,,27.40,0,6980,10,True,nid004910,57783809
SINDI,doc_prune=0.6 query_prune=0.2 n_cand=1000,64,0.6957593123,0.9973,53.7108,8.1033,0.0000,1.005454,1.005454;1.003807;1.007102;1.004678;1.006889,144.047851,6942.14,,27.40,0,6980,10,True,nid004910,57783809
SINDI,doc_prune=0.6 query_prune=0.3 n_cand=1000,64,0.6958595989,0.9973,53.7108,8.1033,0.0000,0.906090,0.906090;0.906788;0.905280;0.907052;0.903765,129.812321,7703.43,,27.40,0,6980,10,True,nid004910,57783809
SINDI,doc_prune=0.7 query_prune=0.7 n_cand=50,64,0.6959025788,0.9933,52.1485,8.0123,0.0000,0.320378,0.320817;0.320378;0.319467;0.320269;0.321356,45.899427,21786.76,,27.37,0,6980,10,True,nid004909,57783808
SINDI,doc_prune=0.6 query_prune=0.5 n_cand=1000,64,0.6959312321,0.9971,53.7108,8.1033,0.0000,0.706654,0.710648;0.706525;0.706654;0.705967;0.708762,101.239828,9877.54,,27.40,0,6980,10,True,nid004910,57783809
SINDI,doc_prune=0.7 query_prune=0.9 n_cand=5000,64,0.6972636103,0.9871,52.1434,8.1033,0.0000,0.829889,0.830082;0.829315;0.829642;0.830093;0.829889,118.895272,8410.76,,27.40,0,6980,10,True,nid004910,57783809
SINDI,doc_prune=0.7 query_prune=0.5 n_cand=50,64,0.6975358166,0.9941,52.1485,8.0123,0.0000,0.506058,0.505450;0.505660;0.506058;0.507047;0.506374,72.501146,13792.89,,27.37,0,6980,10,True,nid004909,57783808
SINDI,doc_prune=0.7 query_prune=0.3 n_cand=50,64,0.6982234957,0.9943,52.1485,8.0123,0.0000,0.681879,0.681879;0.680074;0.682365;0.682948;0.680410,97.690401,10236.42,,27.37,0,6980,10,True,nid004909,57783808
SINDI,doc_prune=0.7 query_prune=0.2 n_cand=50,64,0.6984097421,0.9943,52.1485,8.0123,0.0000,0.772481,0.772481;0.771651;0.772072;0.772812;0.774173,110.670630,9035.82,,27.37,0,6980,10,True,nid004909,57783808
SINDI,doc_prune=0.7 query_prune=0 n_cand=50,64,0.6985673352,0.9940,52.1485,8.0123,0.0000,0.960736,0.960736;0.961831;0.961935;0.959418;0.959956,137.641261,7265.26,,27.37,0,6980,10,True,nid004909,57783808
SINDI,doc_prune=0.7 query_prune=0.1 n_cand=50,64,0.6986246418,0.9940,52.1485,8.0123,0.0000,0.862676,0.861833;0.861878;0.864078;0.870857;0.862676,123.592550,8091.10,,27.37,0,6980,10,True,nid004909,57783808
SINDI,doc_prune=0 query_prune=0 n_cand=1000,64,0.6991260745,0.9948,89.6565,8.1033,0.0000,5.651882,5.651882;5.624530;5.660400;5.641079;5.669642,809.725215,1234.99,,27.37,0,6980,10,True,nid004910,57783809
SINDI,doc_prune=0 query_prune=0.1 n_cand=1000,64,0.6991404011,0.9948,89.6565,8.1033,0.0000,5.133985,5.108563;5.119508;5.144133;5.133985;5.153814,735.527937,1359.57,,27.37,0,6980,10,True,nid004910,57783809
SINDI,doc_prune=0 query_prune=0.2 n_cand=1000,64,0.6991547278,0.9948,89.6565,8.1033,0.0000,5.076436,5.073528;5.068886;5.076436;5.080918;5.081004,727.283095,1374.98,,27.38,0,6980,10,True,nid004910,57783809
SINDI,doc_prune=0 query_prune=0.3 n_cand=1000,64,0.6992836676,0.9948,89.6565,8.1033,0.0000,4.551532,4.539608;4.550155;4.551532;4.552198;4.566251,652.081948,1533.55,,27.39,0,6980,10,True,nid004910,57783809
SINDI,doc_prune=0 query_prune=0.5 n_cand=1000,64,0.6994699140,0.9950,89.6565,8.1033,0.0000,3.383433,3.383364;3.386334;3.383433;3.382381;3.392581,484.732521,2062.99,,27.39,0,6980,10,True,nid004910,57783809
SINDI,doc_prune=0.5 query_prune=0.9 n_cand=50,64,0.6995845272,0.9511,55.6074,8.0123,0.0000,0.189549,0.190075;0.188428;0.187998;0.189549;0.189851,27.156017,36824.25,,27.37,0,6980,10,True,nid004909,57783808
SINDI,doc_prune=0 query_prune=0.7 n_cand=1000,64,0.7000429799,0.9956,89.6565,8.1033,0.0000,2.010302,2.009067;2.007901;2.010302;2.018535;2.011915,288.008883,3472.12,,27.40,0,6980,10,True,nid004910,57783809
SINDI,doc_prune=0.1 query_prune=0 n_cand=1000,64,0.7004154728,0.9958,70.2506,8.1033,0.0000,3.824306,3.824306;3.826436;3.806779;3.830963;3.814508,547.894842,1825.17,,27.40,0,6980,10,True,nid004910,57783809
SINDI,doc_prune=0.1 query_prune=0.1 n_cand=1000,64,0.7004727794,0.9958,70.2506,8.1033,0.0000,3.525843,3.527381;3.525843;3.558406;3.525132;3.519513,505.135100,1979.67,,27.40,0,6980,10,True,nid004910,57783809
SINDI,doc_prune=0.1 query_prune=0.2 n_cand=1000,64,0.7005157593,0.9958,70.2506,8.1033,0.0000,3.253342,3.243210;3.243109;3.258994;3.253342;3.267955,466.094842,2145.49,,27.40,0,6980,10,True,nid004910,57783809
SINDI,doc_prune=0 query_prune=0.9 n_cand=5000,64,0.7005873926,0.9887,89.6565,8.1033,0.0000,1.123352,1.122661;1.123525;1.123794;1.123352;1.122593,160.938682,6213.55,,27.40,0,6980,10,True,nid004910,57783809
SINDI,doc_prune=0.1 query_prune=0.3 n_cand=1000,64,0.7007020057,0.9958,70.2506,8.1033,0.0000,2.928811,2.916568;2.921477;2.930620;2.928811;2.934850,419.600430,2383.22,,27.40,0,6980,10,True,nid004910,57783809
SINDI,doc_prune=0.5 query_prune=0.3 n_cand=1000,64,0.7007736390,0.9970,55.5593,8.1033,0.0000,1.151559,1.148423;1.151956;1.150887;1.151559;1.154416,164.979799,6061.35,,27.40,0,6980,10,True,nid004910,57783809
SINDI,doc_prune=0.5 query_prune=0.2 n_cand=1000,64,0.7008595989,0.9970,55.5593,8.1033,0.0000,1.286178,1.291184;1.283666;1.288066;1.286178;1.283604,184.266189,5426.93,,27.40,0,6980,10,True,nid004910,57783809
SINDI,doc_prune=0.5 query_prune=0 n_cand=1000,64,0.7008739255,0.9970,55.5593,8.1033,0.0000,1.563349,1.564841;1.562430;1.563349;1.565474;1.562903,223.975501,4464.77,,27.40,0,6980,10,True,nid004910,57783809
SINDI,doc_prune=0.5 query_prune=0.1 n_cand=1000,64,0.7008882521,0.9970,55.5593,8.1033,0.0000,1.417834,1.417834;1.412033;1.415028;1.422151;1.418024,203.128080,4923.00,,27.40,0,6980,10,True,nid004910,57783809
SINDI,doc_prune=0.5 query_prune=0.5 n_cand=1000,64,0.7010744986,0.9971,55.5593,8.1033,0.0000,0.894567,0.894296;0.896257;0.890850;0.894983;0.894567,128.161461,7802.66,,27.40,0,6980,10,True,nid004910,57783809
SINDI,doc_prune=0.1 query_prune=0.5 n_cand=1000,64,0.7011604585,0.9960,70.2506,8.1033,0.0000,2.248120,2.246137;2.249531;2.248120;2.246907;2.248156,322.080229,3104.82,,27.40,0,6980,10,True,nid004910,57783809
SINDI,doc_prune=0.5 query_prune=0.7 n_cand=1000,64,0.7014899713,0.9973,55.5593,8.1033,0.0000,0.607370,0.607370;0.608015;0.606119;0.608030;0.605645,87.015759,11492.17,,27.40,0,6980,10,True,nid004910,57783809
SINDI,doc_prune=0.3 query_prune=0.9 n_cand=20,64,0.7015759312,0.9330,58.4104,8.0978,0.0000,0.199421,0.199078;0.200157;0.200103;0.199421;0.199226,28.570344,35001.33,,23.08,0,6980,10,True,nid004905,57783804
SINDI,doc_prune=0.1 query_prune=0.7 n_cand=1000,64,0.7016189112,0.9961,70.2506,8.1033,0.0000,1.405575,1.412101;1.406414;1.400974;1.405575;1.401750,201.371777,4965.94,,27.40,0,6980,10,True,nid004910,57783809
SINDI,doc_prune=0.3 query_prune=0.9 n_cand=20,64,0.7017478510,0.9330,61.5150,8.1851,0.0000,0.252842,0.252407;0.252842;0.255423;0.251409;0.254293,36.223782,27606.17,,27.38,0,6980,10,True,nid004904,57783803
SINDI,doc_prune=0.3 query_prune=0.9 n_cand=20,64,0.7017478510,0.9330,66.8358,8.1156,0.0000,0.576355,0.576355;0.575780;0.574089;0.580959;0.577305,82.572350,12110.59,,30.23,0,6980,10,True,nid004907,57783806
SINDI,doc_prune=0.3 query_prune=0.9 n_cand=20,64,0.7017621777,0.9330,60.3300,8.0498,0.0000,0.235855,0.233954;0.235855;0.235359;0.237786;0.237139,33.790115,29594.45,,27.16,0,6980,10,True,nid004908,57783807
SINDI,doc_prune=0.3 query_prune=0.9 n_cand=20,64,0.7017908309,0.9331,59.3424,8.1487,0.0000,0.290492,0.290492;0.290690;0.291206;0.290159;0.289599,41.617765,24028.20,,24.55,0,6980,10,True,nid004906,57783805
SINDI,doc_prune=0.2 query_prune=0 n_cand=1000,64,0.7020057307,0.9958,63.7566,8.1033,0.0000,3.179982,3.178483;3.183145;3.179092;3.179982;3.185719,455.584814,2194.98,,27.40,0,6980,10,True,nid004910,57783809
SINDI,doc_prune=0.2 query_prune=0.1 n_cand=1000,64,0.7020630372,0.9957,63.7566,8.1033,0.0000,2.916497,2.916497;2.916627;2.904010;2.915982;2.925706,417.836246,2393.28,,27.40,0,6980,10,True,nid004910,57783809
SINDI,doc_prune=0.2 query_prune=0.3 n_cand=1000,64,0.7021346705,0.9958,63.7566,8.1033,0.0000,2.403386,2.404650;2.400359;2.399238;2.406470;2.403386,344.324642,2904.24,,27.40,0,6980,10,True,nid004910,57783809
SINDI,doc_prune=0.2 query_prune=0.2 n_cand=1000,64,0.7021489971,0.9958,63.7566,8.1033,0.0000,2.669879,2.678595;2.669085;2.655784;2.669917;2.669879,382.504155,2614.35,,27.40,0,6980,10,True,nid004910,57783809
SINDI,doc_prune=0.2 query_prune=0.5 n_cand=1000,64,0.7024212034,0.9958,63.7566,8.1033,0.0000,1.840836,1.839252;1.835140;1.844735;1.840836;1.843437,263.730086,3791.76,,27.40,0,6980,10,True,nid004910,57783809
SINDI,doc_prune=0.8 query_prune=0.7 n_cand=5000,64,0.7024641834,0.9981,50.5954,8.1033,0.0000,0.897275,0.897960;0.897271;0.896793;0.898486;0.897275,128.549427,7779.11,,27.40,0,6980,10,True,nid004910,57783809
SINDI,doc_prune=0.3 query_prune=0.1 n_cand=1000,64,0.7028366762,0.9966,60.1421,8.1033,0.0000,2.254290,2.254290;2.261498;2.252098;2.254142;2.266305,322.964183,3096.32,,27.40,0,6980,10,True,nid004910,57783809
SINDI,doc_prune=0.3 query_prune=0 n_cand=1000,64,0.7028510029,0.9966,60.1421,8.1033,0.0000,2.454923,2.450934;2.459291;2.446732;2.457057;2.454923,351.708166,2843.27,,27.40,0,6980,10,True,nid004910,57783809
SINDI,doc_prune=0.2 query_prune=0.7 n_cand=1000,64,0.7028796562,0.9963,63.7566,8.1033,0.0000,1.156260,1.157883;1.156151;1.156260;1.154689;1.157722,165.653295,6036.70,,27.40,0,6980,10,True,nid004910,57783809
SINDI,doc_prune=0.3 query_prune=0.2 n_cand=1000,64,0.7029942693,0.9966,60.1421,8.1033,0.0000,2.061569,2.065884;2.061569;2.063995;2.057235;2.061194,295.353725,3385.77,,27.40,0,6980,10,True,nid004910,57783809
SINDI,doc_prune=0.3 query_prune=0.3 n_cand=1000,64,0.7030085960,0.9966,60.1421,8.1033,0.0000,1.859218,1.861824;1.854476;1.859218;1.862695;1.853365,266.363610,3754.27,,27.40,0,6980,10,True,nid004910,57783809
SINDI,doc_prune=0.3 query_prune=0.5 n_cand=1000,64,0.7032234957,0.9966,60.1421,8.1033,0.0000,1.421882,1.426657;1.419455;1.421882;1.421468;1.423737,203.708023,4908.99,,27.40,0,6980,10,True,nid004910,57783809
SINDI,doc_prune=0.4 query_prune=0 n_cand=1000,64,0.7032378223,0.9976,57.5676,8.1033,0.0000,2.019598,2.019473;2.019598;2.012218;2.022854;2.024525,289.340688,3456.13,,27.40,0,6980,10,True,nid004910,57783809
SINDI,doc_prune=0.4 query_prune=0.2 n_cand=1000,64,0.7032521490,0.9976,57.5676,8.1033,0.0000,1.665083,1.667608;1.664586;1.665083;1.661195;1.673542,238.550573,4191.98,,27.40,0,6980,10,True,nid004910,57783809
SINDI,doc_prune=0.4 query_prune=0.3 n_cand=1000,64,0.7032521490,0.9976,57.5676,8.1033,0.0000,1.488184,1.493892;1.481397;1.490612;1.482321;1.488184,213.206877,4690.28,,27.40,0,6980,10,True,nid004910,57783809
SINDI,doc_prune=0.4 query_prune=0.1 n_cand=1000,64,0.7032664756,0.9976,57.5676,8.1033,0.0000,1.840030,1.840030;1.836810;1.844811;1.850744;1.835253,263.614613,3793.42,,27.40,0,6980,10,True,nid004910,57783809
SINDI,doc_prune=0.4 query_prune=0.5 n_cand=1000,64,0.7035816619,0.9976,57.5676,8.1033,0.0000,1.135866,1.131726;1.135866;1.137900;1.135125;1.138932,162.731519,6145.09,,27.40,0,6980,10,True,nid004910,57783809
SINDI,doc_prune=0.8 query_prune=0.5 n_cand=5000,64,0.7036389685,0.9983,50.5954,8.1033,0.0000,0.996510,0.995028;0.996510;0.995635;0.997282;0.996796,142.766476,7004.45,,27.40,0,6980,10,True,nid004910,57783809
SINDI,doc_prune=0.4 query_prune=0.7 n_cand=1000,64,0.7038681948,0.9976,57.5676,8.1033,0.0000,0.751824,0.749733;0.754517;0.753365;0.751824;0.749826,107.711175,9284.09,,27.40,0,6980,10,True,nid004910,57783809
SINDI,doc_prune=0.8 query_prune=0.2 n_cand=5000,64,0.7039255014,0.9983,50.5954,8.1033,0.0000,1.132297,1.131517;1.130586;1.132297;1.133112;1.132653,162.220201,6164.46,,27.40,0,6980,10,True,nid004910,57783809
SINDI,doc_prune=0.8 query_prune=0.3 n_cand=5000,64,0.7039255014,0.9983,50.5954,8.1033,0.0000,1.086011,1.086011;1.086573;1.087882;1.085922;1.085626,155.588968,6427.19,,27.40,0,6980,10,True,nid004910,57783809
SINDI,doc_prune=0.8 query_prune=0 n_cand=5000,64,0.7039398281,0.9983,50.5954,8.1033,0.0000,1.230536,1.230897;1.230961;1.228709;1.230536;1.227889,176.294556,5672.32,,27.40,0,6980,10,True,nid004910,57783809
SINDI,doc_prune=0.8 query_prune=0.1 n_cand=5000,64,0.7039398281,0.9983,50.5954,8.1033,0.0000,1.179834,1.179551;1.179834;1.180319;1.179800;1.180897,169.030659,5916.09,,27.40,0,6980,10,True,nid004910,57783809
SINDI,doc_prune=0.3 query_prune=0.7 n_cand=1000,64,0.7040257880,0.9970,60.1421,8.1033,0.0000,0.913555,0.913555;0.913498;0.914913;0.914253;0.911542,130.881805,7640.48,,27.40,0,6980,10,True,nid004910,57783809
SINDI,doc_prune=0.1 query_prune=0.9 n_cand=5000,64,0.7045702006,0.9890,70.2506,8.1033,0.0000,1.055722,1.053597;1.055722;1.055692;1.057766;1.056674,151.249570,6611.59,,27.40,0,6980,10,True,nid004910,57783809
SINDI,doc_prune=0.6 query_prune=0.9 n_cand=5000,64,0.7047421203,0.9888,53.7108,8.1033,0.0000,0.864789,0.865309;0.864789;0.864859;0.864404;0.864435,123.895272,8071.33,,27.40,0,6980,10,True,nid004910,57783809
SINDI,doc_prune=0.9 query_prune=0.9 n_cand=1000,64,0.7067048711,0.9438,48.8573,8.0978,0.0000,0.166574,0.166589;0.166513;0.166574;0.166678;0.166414,23.864470,41903.30,,23.08,0,6980,10,True,nid004905,57783804
SINDI,doc_prune=0.9 query_prune=0.9 n_cand=1000,64,0.7068767908,0.9438,49.4823,8.1851,0.0000,0.173787,0.173862;0.173921;0.173787;0.173690;0.173629,24.897851,40164.11,,27.38,0,6980,10,True,nid004904,57783803
SINDI,doc_prune=0.9 query_prune=0.9 n_cand=1000,64,0.7068767908,0.9438,48.4949,8.0498,0.0000,0.188402,0.188517;0.188689;0.188147;0.188402;0.188090,26.991691,37048.44,,27.16,0,6980,10,True,nid004908,57783807
SINDI,doc_prune=0.9 query_prune=0.9 n_cand=1000,64,0.7069197708,0.9440,48.6364,8.1487,0.0000,0.271196,0.271196;0.270405;0.271550;0.271491;0.270937,38.853295,25737.84,,24.55,0,6980,10,True,nid004906,57783805
SINDI,doc_prune=0.2 query_prune=0.9 n_cand=5000,64,0.7069340974,0.9893,63.7566,8.1033,0.0000,1.016629,1.013861;1.015661;1.016629;1.017591;1.017578,145.648854,6865.83,,27.40,0,6980,10,True,nid004910,57783809
SINDI,doc_prune=0.5 query_prune=0.9 n_cand=5000,64,0.7072779370,0.9900,55.5593,8.1033,0.0000,0.905674,0.905794;0.905674;0.905006;0.905838;0.905392,129.752722,7706.97,,27.40,0,6980,10,True,nid004910,57783809
SINDI,doc_prune=0.2 query_prune=0.9 n_cand=20,64,0.7077650430,0.9332,61.3432,8.0978,0.0000,0.239888,0.239515;0.241508;0.239888;0.239942;0.239798,34.367908,29096.91,,23.08,0,6980,10,True,nid004905,57783804
SINDI,doc_prune=0.2 query_prune=0.9 n_cand=20,64,0.7078796562,0.9331,64.3194,8.0498,0.0000,0.286127,0.287277;0.287253;0.286100;0.285516;0.286127,40.992407,24394.76,,27.16,0,6980,10,True,nid004908,57783807
SINDI,doc_prune=0.2 query_prune=0.9 n_cand=20,64,0.7078939828,0.9331,65.3485,8.1851,0.0000,0.295734,0.296140;0.295676;0.295734;0.292732;0.295915,42.368768,23602.29,,27.38,0,6980,10,True,nid004904,57783803
SINDI,doc_prune=0.2 query_prune=0.9 n_cand=20,64,0.7079226361,0.9332,63.0529,8.1487,0.0000,0.329364,0.330402;0.329154;0.329355;0.329364;0.330883,47.186819,21192.36,,24.55,0,6980,10,True,nid004906,57783805
SINDI,doc_prune=0.2 query_prune=0.9 n_cand=20,64,0.7079226361,0.9331,71.0080,8.1156,0.0000,0.597562,0.596944;0.597768;0.597562;0.597197;0.599476,85.610602,11680.80,,30.23,0,6980,10,True,nid004907,57783806
SINDI,doc_prune=0.3 query_prune=0.9 n_cand=5000,64,0.7079942693,0.9898,60.1421,8.1033,0.0000,0.981830,0.977654;0.979510;0.981830;0.981955;0.982346,140.663324,7109.17,,27.40,0,6980,10,True,nid004910,57783809
SINDI,doc_prune=0.4 query_prune=0.9 n_cand=5000,64,0.7086246418,0.9900,57.5676,8.1033,0.0000,0.940074,0.938396;0.939183;0.940074;0.941251;0.940094,134.681089,7424.95,,27.40,0,6980,10,True,nid004910,57783809
SINDI,doc_prune=0.8 query_prune=0.7 n_cand=200,64,0.7089255014,0.9891,50.6618,8.0123,0.0000,0.202225,0.202345;0.202008;0.202301;0.202225;0.201834,28.972063,34516.01,,27.37,0,6980,10,True,nid004909,57783808
SINDI,doc_prune=0.8 query_prune=0.5 n_cand=200,64,0.7096418338,0.9901,50.6618,8.0123,0.0000,0.297027,0.297108;0.296925;0.297070;0.297027;0.296986,42.554011,23499.55,,27.37,0,6980,10,True,nid004909,57783808
SINDI,doc_prune=0.8 query_prune=0.3 n_cand=200,64,0.7100143266,0.9904,50.6618,8.0123,0.0000,0.385999,0.385065;0.385999;0.386673;0.387225;0.385555,55.300716,18082.95,,27.37,0,6980,10,True,nid004909,57783808
SINDI,doc_prune=0.8 query_prune=0.2 n_cand=200,64,0.7102005731,0.9904,50.6618,8.0123,0.0000,0.432344,0.432106;0.432344;0.432536;0.432065;0.432511,61.940401,16144.55,,27.37,0,6980,10,True,nid004909,57783808
SINDI,doc_prune=0.8 query_prune=0.1 n_cand=200,64,0.7102578797,0.9904,50.6618,8.0123,0.0000,0.477666,0.478619;0.477666;0.478652;0.477163;0.477407,68.433524,14612.72,,27.37,0,6980,10,True,nid004909,57783808
SINDI,doc_prune=0.8 query_prune=0 n_cand=200,64,0.7103008596,0.9904,50.6618,8.0123,0.0000,0.526414,0.520894;0.526414;0.526978;0.527247;0.525981,75.417479,13259.53,,27.37,0,6980,10,True,nid004909,57783808
SINDI,doc_prune=0.1 query_prune=0.9 n_cand=20,64,0.7106446991,0.9331,65.8598,8.0978,0.0000,0.291568,0.292849;0.291073;0.291308;0.291717;0.291568,41.771920,23939.53,,23.08,0,6980,10,True,nid004905,57783804
SINDI,doc_prune=0.1 query_prune=0.9 n_cand=20,64,0.7107449857,0.9332,68.8096,8.1487,0.0000,0.357736,0.358431;0.358430;0.357493;0.357736;0.357677,51.251576,19511.60,,24.55,0,6980,10,True,nid004906,57783805
SINDI,doc_prune=0.1 query_prune=0.9 n_cand=20,64,0.7107736390,0.9331,77.9615,8.1156,0.0000,0.596196,0.594383;0.594136;0.596196;0.597768;0.596426,85.414900,11707.56,,30.23,0,6980,10,True,nid004907,57783806
SINDI,doc_prune=0.1 query_prune=0.9 n_cand=20,64,0.7107879656,0.9331,71.9417,8.1851,0.0000,0.364491,0.363694;0.366240;0.364007;0.365156;0.364491,52.219341,19149.99,,27.38,0,6980,10,True,nid004904,57783803
SINDI,doc_prune=0.1 query_prune=0.9 n_cand=20,64,0.7107879656,0.9331,71.1817,8.0498,0.0000,0.370296,0.370296;0.366071;0.371264;0.370820;0.370175,53.051003,18849.79,,27.16,0,6980,10,True,nid004908,57783807
SINDI,doc_prune=0 query_prune=0.9 n_cand=20,64,0.7121060172,0.9330,91.4632,8.1851,0.0000,0.514787,0.518095;0.517976;0.514008;0.514787;0.514146,73.751719,13559.01,,27.38,0,6980,10,True,nid004904,57783803
SINDI,doc_prune=0 query_prune=0.9 n_cand=20,64,0.7121060172,0.9330,96.6554,8.1156,0.0000,0.734353,0.732761;0.734930;0.734445;0.733024;0.734353,105.208166,9504.97,,30.23,0,6980,10,True,nid004907,57783806
SINDI,doc_prune=0 query_prune=0.9 n_cand=20,64,0.7121203438,0.9330,91.1434,8.0498,0.0000,0.492685,0.492819;0.492685;0.492003;0.493773;0.491763,70.585244,14167.27,,27.16,0,6980,10,True,nid004908,57783807
SINDI,doc_prune=0 query_prune=0.9 n_cand=20,64,0.7121346705,0.9331,84.4698,8.1487,0.0000,0.500808,0.501599;0.500808;0.501096;0.500450;0.500714,71.748997,13937.48,,24.55,0,6980,10,True,nid004906,57783805
SINDI,doc_prune=0 query_prune=0.9 n_cand=20,64,0.7121489971,0.9331,77.5082,8.0978,0.0000,0.415721,0.415506;0.415721;0.415747;0.415474;0.416020,59.558883,16790.11,,23.08,0,6980,10,True,nid004905,57783804
SINDI,doc_prune=0 query_prune=0 n_cand=5000,64,0.7148997135,0.9961,89.6565,8.1033,0.0000,6.147072,6.147072;6.156301;6.143616;6.130098;6.155184,880.669341,1135.50,,27.37,0,6980,10,True,nid004910,57783809
SINDI,doc_prune=0 query_prune=0.1 n_cand=5000,64,0.7149140401,0.9961,89.6565,8.1033,0.0000,5.631940,5.630687;5.634386;5.630131;5.631940;5.641046,806.868195,1239.36,,27.37,0,6980,10,True,nid004910,57783809
SINDI,doc_prune=0 query_prune=0.2 n_cand=5000,64,0.7149426934,0.9961,89.6565,8.1033,0.0000,5.688917,5.677005;5.688917;5.698917;5.687265;5.701802,815.031089,1226.95,,27.38,0,6980,10,True,nid004910,57783809
SINDI,doc_prune=0 query_prune=0.3 n_cand=5000,64,0.7151146132,0.9963,89.6565,8.1033,0.0000,5.156770,5.148276;5.155084;5.168013;5.156770;5.157788,738.792264,1353.56,,27.39,0,6980,10,True,nid004910,57783809
SINDI,doc_prune=0 query_prune=0.5 n_cand=5000,64,0.7158166189,0.9964,89.6565,8.1033,0.0000,3.965909,3.961533;3.963509;3.971268;3.965909;3.968869,568.181805,1760.00,,27.39,0,6980,10,True,nid004910,57783809
SINDI,doc_prune=0.4 query_prune=0.9 n_cand=50,64,0.7168481375,0.9527,57.6367,8.0123,0.0000,0.254466,0.255683;0.254466;0.253776;0.253857;0.254754,36.456447,27429.99,,27.37,0,6980,10,True,nid004909,57783808
SINDI,doc_prune=0 query_prune=0.7 n_cand=5000,64,0.7169197708,0.9966,89.6565,8.1033,0.0000,2.542592,2.543410;2.542592;2.538653;2.538535;2.546902,364.268195,2745.23,,27.40,0,6980,10,True,nid004910,57783809
SINDI,doc_prune=0.3 query_prune=0.7 n_cand=10,64,0.7202148997,0.9991,60.6069,8.0123,0.0000,1.032618,1.032618;1.031777;1.034694;1.033427;1.031065,147.939542,6759.52,,27.37,0,6980,10,True,nid004909,57783808
SINDI,doc_prune=0.1 query_prune=0 n_cand=5000,64,0.7205587393,0.9966,70.2506,8.1033,0.0000,4.262301,4.263511;4.259771;4.268143;4.253149;4.262301,610.644842,1637.61,,27.40,0,6980,10,True,nid004910,57783809
SINDI,doc_prune=0.1 query_prune=0.1 n_cand=5000,64,0.7205873926,0.9964,70.2506,8.1033,0.0000,4.011878,4.011878;3.998516;3.998911;4.013207;4.014366,574.767622,1739.83,,27.40,0,6980,10,True,nid004910,57783809
SINDI,doc_prune=0.1 query_prune=0.2 n_cand=5000,64,0.7206017192,0.9964,70.2506,8.1033,0.0000,3.869008,3.869008;3.869502;3.864703;3.861457;3.869487,554.299140,1804.08,,27.40,0,6980,10,True,nid004910,57783809
SINDI,doc_prune=0.1 query_prune=0.3 n_cand=5000,64,0.7208595989,0.9966,70.2506,8.1033,0.0000,3.542918,3.536601;3.537641;3.556113;3.554326;3.542918,507.581375,1970.13,,27.40,0,6980,10,True,nid004910,57783809
SINDI,doc_prune=0.1 query_prune=0.5 n_cand=5000,64,0.7210315186,0.9968,70.2506,8.1033,0.0000,2.827663,2.827879;2.826053;2.827663;2.824209;2.827743,405.109312,2468.47,,27.40,0,6980,10,True,nid004910,57783809
SINDI,doc_prune=0.1 query_prune=0.7 n_cand=5000,64,0.7221060172,0.9971,70.2506,8.1033,0.0000,1.990880,1.992100;1.990880;1.992234;1.989627;1.990529,285.226361,3505.99,,27.40,0,6980,10,True,nid004910,57783809
SINDI,doc_prune=0.7 query_prune=0.7 n_cand=5000,64,0.7235100287,0.9986,52.1434,8.1033,0.0000,1.018897,1.018897;1.019516;1.020213;1.018374;1.017408,145.973782,6850.55,,27.40,0,6980,10,True,nid004910,57783809
SINDI,doc_prune=0.7 query_prune=0.5 n_cand=5000,64,0.7242979943,0.9987,52.1434,8.1033,0.0000,1.170309,1.169425;1.170309;1.170601;1.171896;1.169727,167.666046,5964.24,,27.40,0,6980,10,True,nid004910,57783809
SINDI,doc_prune=0.2 query_prune=0 n_cand=5000,64,0.7243409742,0.9974,63.7566,8.1033,0.0000,3.760278,3.763266;3.747119;3.760278;3.759076;3.760782,538.721777,1856.25,,27.40,0,6980,10,True,nid004910,57783809
SINDI,doc_prune=0.2 query_prune=0.1 n_cand=5000,64,0.7243409742,0.9974,63.7566,8.1033,0.0000,3.487321,3.487163;3.480674;3.487321;3.490247;3.495811,499.616189,2001.54,,27.40,0,6980,10,True,nid004910,57783809
SINDI,doc_prune=0.2 query_prune=0.2 n_cand=5000,64,0.7243553009,0.9974,63.7566,8.1033,0.0000,3.232998,3.227843;3.232998;3.233499;3.232254;3.233288,463.180229,2158.99,,27.40,0,6980,10,True,nid004910,57783809
SINDI,doc_prune=0.2 query_prune=0.3 n_cand=5000,64,0.7245272206,0.9974,63.7566,8.1033,0.0000,2.957529,2.961137;2.950663;2.949676;2.957529;2.962461,423.714756,2360.08,,27.40,0,6980,10,True,nid004910,57783809
SINDI,doc_prune=0.7 query_prune=0.2 n_cand=5000,64,0.7245988539,0.9987,52.1434,8.1033,0.0000,1.375550,1.374025;1.375550;1.375808;1.374312;1.376137,197.070201,5074.33,,27.40,0,6980,10,True,nid004910,57783809
SINDI,doc_prune=0.7 query_prune=0.1 n_cand=5000,64,0.7246131805,0.9987,52.1434,8.1033,0.0000,1.442351,1.444115;1.441933;1.438183;1.443229;1.442351,206.640544,4839.32,,27.40,0,6980,10,True,nid004910,57783809
SINDI,doc_prune=0.7 query_prune=0 n_cand=5000,64,0.7246275072,0.9987,52.1434,8.1033,0.0000,1.506643,1.505681;1.507851;1.506643;1.505088;1.507281,215.851433,4632.82,,27.40,0,6980,10,True,nid004910,57783809
SINDI,doc_prune=0.7 query_prune=0.3 n_cand=5000,64,0.7246275072,0.9987,52.1434,8.1033,0.0000,1.306958,1.306853;1.307756;1.305469;1.306958;1.307392,187.243266,5340.65,,27.40,0,6980,10,True,nid004910,57783809
SINDI,doc_prune=0.2 query_prune=0.5 n_cand=5000,64,0.7248280802,0.9974,63.7566,8.1033,0.0000,2.389921,2.389537;2.389921;2.397901;2.393365;2.387927,342.395559,2920.60,,27.40,0,6980,10,True,nid004910,57783809
SINDI,doc_prune=0.8 query_prune=0.9 n_cand=200,64,0.7257593123,0.9468,50.5467,8.0978,0.0000,0.086314,0.086152;0.086314;0.086519;0.086522;0.086307,12.365903,80867.53,,23.08,0,6980,10,True,nid004905,57783804
SINDI,doc_prune=0.8 query_prune=0.9 n_cand=200,64,0.7258452722,0.9466,50.2061,8.0498,0.0000,0.100757,0.100806;0.100481;0.100757;0.100869;0.100744,14.435100,69275.58,,27.16,0,6980,10,True,nid004908,57783807
SINDI,doc_prune=0.8 query_prune=0.9 n_cand=200,64,0.7258739255,0.9466,51.2584,8.1851,0.0000,0.098674,0.098621;0.098527;0.098685;0.098703;0.098674,14.136676,70737.99,,27.38,0,6980,10,True,nid004904,57783803
SINDI,doc_prune=0.8 query_prune=0.9 n_cand=200,64,0.7259312321,0.9466,50.3306,8.1487,0.0000,0.136313,0.136313;0.135252;0.135207;0.136484;0.136399,19.529083,51205.68,,24.55,0,6980,10,True,nid004906,57783805
SINDI,doc_prune=0.2 query_prune=0.7 n_cand=5000,64,0.7260315186,0.9977,63.7566,8.1033,0.0000,1.749512,1.747223;1.749512;1.748670;1.750469;1.752360,250.646418,3989.68,,27.40,0,6980,10,True,nid004910,57783809
SINDI,doc_prune=0.3 query_prune=0 n_cand=5000,64,0.7270487106,0.9979,60.1421,8.1033,0.0000,3.014325,3.010434;3.016185;3.023856;3.007784;3.014325,431.851719,2315.61,,27.40,0,6980,10,True,nid004910,57783809
SINDI,doc_prune=0.3 query_prune=0.1 n_cand=5000,64,0.7270916905,0.9979,60.1421,8.1033,0.0000,2.805699,2.808449;2.804201;2.807182;2.805699;2.799033,401.962607,2487.79,,27.40,0,6980,10,True,nid004910,57783809
SINDI,doc_prune=0.3 query_prune=0.9 n_cand=50,64,0.7271346705,0.9539,60.6069,8.0123,0.0000,0.274123,0.274123;0.274964;0.274054;0.274956;0.272767,39.272636,25463.02,,27.37,0,6980,10,True,nid004909,57783808
SINDI,doc_prune=0.3 query_prune=0.2 n_cand=5000,64,0.7271776504,0.9979,60.1421,8.1033,0.0000,2.613460,2.611932;2.613460;2.616492;2.616541;2.610400,374.421203,2670.79,,27.40,0,6980,10,True,nid004910,57783809
SINDI,doc_prune=0.3 query_prune=0.3 n_cand=5000,64,0.7272779370,0.9979,60.1421,8.1033,0.0000,2.410967,2.413496;2.407062;2.410967;2.410730;2.411685,345.410745,2895.10,,27.40,0,6980,10,True,nid004910,57783809
SINDI,doc_prune=0.3 query_prune=0.5 n_cand=5000,64,0.7276504298,0.9979,60.1421,8.1033,0.0000,1.998996,2.000481;1.997988;1.996970;1.998996;2.000132,286.389112,3491.75,,27.40,0,6980,10,True,nid004910,57783809
SINDI,doc_prune=0.3 query_prune=0.7 n_cand=5000,64,0.7287392550,0.9980,60.1421,8.1033,0.0000,1.537110,1.536999;1.538633;1.538359;1.537110;1.536922,220.216332,4540.99,,27.40,0,6980,10,True,nid004910,57783809
SINDI,doc_prune=0.7 query_prune=0.9 n_cand=200,64,0.7294555874,0.9632,52.1485,8.0123,0.0000,0.143394,0.142825;0.143715;0.143394;0.143309;0.143444,20.543553,48677.07,,27.37,0,6980,10,True,nid004909,57783808
SINDI,doc_prune=0.4 query_prune=0.2 n_cand=5000,64,0.7296848138,0.9984,57.5676,8.1033,0.0000,2.235746,2.236847;2.235746;2.229648;2.233455;2.236404,320.307450,3122.00,,27.40,0,6980,10,True,nid004910,57783809
SINDI,doc_prune=0.4 query_prune=0.3 n_cand=5000,64,0.7296991404,0.9984,57.5676,8.1033,0.0000,2.065025,2.064813;2.071766;2.065025;2.064651;2.069660,295.848854,3380.10,,27.40,0,6980,10,True,nid004910,57783809
SINDI,doc_prune=0.4 query_prune=0 n_cand=5000,64,0.7297134670,0.9984,57.5676,8.1033,0.0000,2.559441,2.565765;2.557057;2.559593;2.555960;2.559441,366.682092,2727.16,,27.40,0,6980,10,True,nid004910,57783809
SINDI,doc_prune=0.4 query_prune=0.1 n_cand=5000,64,0.7297134670,0.9984,57.5676,8.1033,0.0000,2.389742,2.392950;2.389742;2.385629;2.394488;2.381753,342.369914,2920.82,,27.40,0,6980,10,True,nid004910,57783809
SINDI,doc_prune=0.4 query_prune=0.5 n_cand=5000,64,0.7300716332,0.9984,57.5676,8.1033,0.0000,1.743084,1.743084;1.742030;1.736929;1.743098;1.745282,249.725501,4004.40,,27.40,0,6980,10,True,nid004910,57783809
SINDI,doc_prune=0.5 query_prune=0 n_cand=5000,64,0.7301002865,0.9986,55.5593,8.1033,0.0000,2.129338,2.126216;2.129338;2.131356;2.132414;2.125377,305.062751,3278.01,,27.40,0,6980,10,True,nid004910,57783809
SINDI,doc_prune=0.5 query_prune=0.1 n_cand=5000,64,0.7301002865,0.9986,55.5593,8.1033,0.0000,1.998386,1.997839;2.003204;1.995586;2.002658;1.998386,286.301719,3492.82,,27.40,0,6980,10,True,nid004910,57783809
SINDI,doc_prune=0.5 query_prune=0.2 n_cand=5000,64,0.7301432665,0.9986,55.5593,8.1033,0.0000,1.877452,1.873727;1.879332;1.877452;1.879531;1.875820,268.975931,3717.80,,27.40,0,6980,10,True,nid004910,57783809
SINDI,doc_prune=0.5 query_prune=0.3 n_cand=5000,64,0.7301862464,0.9986,55.5593,8.1033,0.0000,1.751977,1.751488;1.755997;1.754442;1.751977;1.750751,250.999570,3984.07,,27.40,0,6980,10,True,nid004910,57783809
SINDI,doc_prune=0.5 query_prune=0.5 n_cand=5000,64,0.7304011461,0.9986,55.5593,8.1033,0.0000,1.512580,1.511500;1.514201;1.512580;1.511798;1.516336,216.702006,4614.63,,27.40,0,6980,10,True,nid004910,57783809
SINDI,doc_prune=0.6 query_prune=0.5 n_cand=5000,64,0.7304871060,0.9987,53.7108,8.1033,0.0000,1.334582,1.334435;1.337575;1.334582;1.334667;1.332536,191.200860,5230.10,,27.40,0,6980,10,True,nid004910,57783809
SINDI,doc_prune=0.6 query_prune=0.1 n_cand=5000,64,0.7305587393,0.9987,53.7108,8.1033,0.0000,1.703093,1.703093;1.701153;1.702844;1.707987;1.707485,243.996132,4098.43,,27.40,0,6980,10,True,nid004910,57783809
SINDI,doc_prune=0.6 query_prune=0 n_cand=5000,64,0.7305730659,0.9987,53.7108,8.1033,0.0000,1.811880,1.812859;1.809413;1.811880;1.803977;1.812706,259.581662,3852.35,,27.40,0,6980,10,True,nid004910,57783809
SINDI,doc_prune=0.6 query_prune=0.2 n_cand=5000,64,0.7305873926,0.9987,53.7108,8.1033,0.0000,1.613283,1.615156;1.610368;1.613283;1.615678;1.610261,231.129370,4326.58,,27.40,0,6980,10,True,nid004910,57783809
SINDI,doc_prune=0.6 query_prune=0.3 n_cand=5000,64,0.7306017192,0.9987,53.7108,8.1033,0.0000,1.518467,1.518467;1.518477;1.517439;1.515668;1.518868,217.545415,4596.74,,27.40,0,6980,10,True,nid004910,57783809
SINDI,doc_prune=0.6 query_prune=0.7 n_cand=5000,64,0.7306017192,0.9987,53.7108,8.1033,0.0000,1.128087,1.129420;1.126033;1.128265;1.127249;1.128087,161.617049,6187.47,,27.40,0,6980,10,True,nid004910,57783809
SINDI,doc_prune=0.5 query_prune=0.7 n_cand=5000,64,0.7307449857,0.9986,55.5593,8.1033,0.0000,1.247960,1.246256;1.248741;1.247960;1.247737;1.248380,178.790831,5593.13,,27.40,0,6980,10,True,nid004910,57783809
SINDI,doc_prune=0.4 query_prune=0.7 n_cand=5000,64,0.7309312321,0.9984,57.5676,8.1033,0.0000,1.384201,1.382947;1.382059;1.385669;1.384201;1.384452,198.309599,5042.62,,27.40,0,6980,10,True,nid004910,57783809
SINDI,doc_prune=0.2 query_prune=0.9 n_cand=50,64,0.7323495702,0.9556,64.5137,8.0123,0.0000,0.312504,0.311133;0.310944;0.312504;0.312894;0.313349,44.771347,22335.71,,27.37,0,6980,10,True,nid004909,57783808
SINDI,doc_prune=0.1 query_prune=0.9 n_cand=50,64,0.7359885387,0.9546,71.1279,8.0123,0.0000,0.352229,0.349593;0.349545;0.354250;0.352229;0.353586,50.462607,19816.65,,27.37,0,6980,10,True,nid004909,57783808
SINDI,doc_prune=0 query_prune=0.9 n_cand=50,64,0.7386676218,0.9543,90.4895,8.0123,0.0000,0.478133,0.477115;0.477833;0.478749;0.478405;0.478133,68.500430,14598.45,,27.37,0,6980,10,True,nid004909,57783808
SINDI,doc_prune=0.5 query_prune=0.7 n_cand=20,64,0.7401432665,0.9986,55.6074,8.0123,0.0000,0.619770,0.619863;0.619659;0.619770;0.620823;0.618927,88.792264,11262.24,,27.37,0,6980,10,True,nid004909,57783808
SINDI,doc_prune=0.3 query_prune=0.5 n_cand=10,64,0.7428653295,0.9996,60.6069,8.0123,0.0000,1.674005,1.683486;1.672383;1.672183;1.674005;1.676829,239.828797,4169.64,,27.37,0,6980,10,True,nid004909,57783808
SINDI,doc_prune=0.9 query_prune=0.7 n_cand=1000,64,0.7433954155,0.9782,49.4823,8.1851,0.0000,0.244224,0.244528;0.244443;0.243783;0.244224;0.244072,34.989112,28580.32,,27.38,0,6980,10,True,nid004904,57783803
SINDI,doc_prune=0.9 query_prune=0.7 n_cand=1000,64,0.7433954155,0.9782,48.6364,8.1487,0.0000,0.364760,0.364995;0.364760;0.364670;0.364929;0.364176,52.257880,19135.87,,24.55,0,6980,10,True,nid004906,57783805
SINDI,doc_prune=0.9 query_prune=0.7 n_cand=1000,64,0.7433954155,0.9782,48.4949,8.0498,0.0000,0.253780,0.253869;0.253780;0.254123;0.253618;0.253150,36.358166,27504.14,,27.16,0,6980,10,True,nid004908,57783807
SINDI,doc_prune=0.9 query_prune=0.7 n_cand=1000,64,0.7436103152,0.9777,48.8573,8.0978,0.0000,0.223621,0.224151;0.223674;0.223621;0.223415;0.223368,32.037393,31213.53,,23.08,0,6980,10,True,nid004905,57783804
SINDI,doc_prune=0.5 query_prune=0.5 n_cand=20,64,0.7444555874,0.9996,55.6074,8.0123,0.0000,1.019027,1.019027;1.016891;1.017539;1.019184;1.019639,145.992407,6849.67,,27.37,0,6980,10,True,nid004909,57783808
SINDI,doc_prune=0.9 query_prune=0.5 n_cand=1000,64,0.7453295129,0.9785,48.6364,8.1487,0.0000,0.449743,0.450226;0.449743;0.449474;0.449855;0.448651,64.433095,15519.97,,24.55,0,6980,10,True,nid004906,57783805
SINDI,doc_prune=0.9 query_prune=0.5 n_cand=1000,64,0.7453295129,0.9785,48.4949,8.0498,0.0000,0.311789,0.311789;0.310823;0.311829;0.311219;0.312254,44.668911,22386.93,,27.16,0,6980,10,True,nid004908,57783807
SINDI,doc_prune=0.9 query_prune=0.5 n_cand=1000,64,0.7453438395,0.9785,49.4823,8.1851,0.0000,0.305139,0.305215;0.304904;0.305139;0.305277;0.304807,43.716189,22874.82,,27.38,0,6980,10,True,nid004904,57783803
SINDI,doc_prune=0.9 query_prune=0.5 n_cand=1000,64,0.7453581662,0.9787,48.8573,8.0978,0.0000,0.275262,0.274738;0.275721;0.275038;0.275563;0.275262,39.435817,25357.66,,23.08,0,6980,10,True,nid004905,57783804
SINDI,doc_prune=0.5 query_prune=0.2 n_cand=20,64,0.7456446991,0.9996,55.6074,8.0123,0.0000,1.531589,1.527886;1.526990;1.531589;1.542393;1.541058,219.425358,4557.36,,27.37,0,6980,10,True,nid004909,57783808
SINDI,doc_prune=0.5 query_prune=0.3 n_cand=20,64,0.7456590258,0.9994,55.6074,8.0123,0.0000,1.365118,1.360371;1.366609;1.365118;1.362394;1.366553,195.575645,5113.11,,27.37,0,6980,10,True,nid004909,57783808
SINDI,doc_prune=0.9 query_prune=0.3 n_cand=1000,64,0.7458166189,0.9787,48.4949,8.0498,0.0000,0.364649,0.365202;0.365138;0.364247;0.364253;0.364649,52.241977,19141.70,,27.16,0,6980,10,True,nid004908,57783807
SINDI,doc_prune=0.9 query_prune=0.3 n_cand=1000,64,0.7458309456,0.9787,49.4823,8.1851,0.0000,0.358543,0.358814;0.358714;0.358543;0.358221;0.358319,51.367192,19467.68,,27.38,0,6980,10,True,nid004904,57783803
SINDI,doc_prune=0.5 query_prune=0 n_cand=20,64,0.7458309456,0.9996,55.6074,8.0123,0.0000,1.852529,1.852529;1.849404;1.858897;1.852737;1.845362,265.405301,3767.82,,27.37,0,6980,10,True,nid004909,57783808
SINDI,doc_prune=0.9 query_prune=0.3 n_cand=1000,64,0.7458595989,0.9787,48.6364,8.1487,0.0000,0.527856,0.528253;0.526935;0.528144;0.527856;0.527822,75.624069,13223.30,,24.55,0,6980,10,True,nid004906,57783805
SINDI,doc_prune=0.9 query_prune=0.2 n_cand=1000,64,0.7459169054,0.9785,48.8573,8.0978,0.0000,0.342643,0.342818;0.342611;0.342580;0.342643;0.343077,49.089255,20371.06,,23.08,0,6980,10,True,nid004905,57783804
SINDI,doc_prune=0.9 query_prune=0.3 n_cand=1000,64,0.7459169054,0.9787,48.8573,8.0978,0.0000,0.320440,0.320357;0.320440;0.320098;0.320544;0.320447,45.908309,21782.55,,23.08,0,6980,10,True,nid004905,57783804
SINDI,doc_prune=0.9 query_prune=0.2 n_cand=1000,64,0.7459169054,0.9785,48.6364,8.1487,0.0000,0.567390,0.569066;0.567390;0.567057;0.567081;0.567765,81.287966,12301.94,,24.55,0,6980,10,True,nid004906,57783805
SINDI,doc_prune=0.9 query_prune=0.2 n_cand=1000,64,0.7459312321,0.9785,49.4823,8.1851,0.0000,0.385688,0.385869;0.385688;0.385742;0.385297;0.385117,55.256160,18097.53,,27.38,0,6980,10,True,nid004904,57783803
SINDI,doc_prune=0.9 query_prune=0.2 n_cand=1000,64,0.7459312321,0.9785,48.4949,8.0498,0.0000,0.392082,0.391768;0.391917;0.392459;0.392791;0.392082,56.172206,17802.40,,27.16,0,6980,10,True,nid004908,57783807
SINDI,doc_prune=0.5 query_prune=0.1 n_cand=20,64,0.7459455587,0.9996,55.6074,8.0123,0.0000,1.686781,1.688752;1.686781;1.682471;1.686702;1.696657,241.659169,4138.06,,27.37,0,6980,10,True,nid004909,57783808
SINDI,doc_prune=0.9 query_prune=0.1 n_cand=1000,64,0.7460744986,0.9785,48.6364,8.1487,0.0000,0.607247,0.605966;0.605479;0.608243;0.607514;0.607247,86.998138,11494.50,,24.55,0,6980,10,True,nid004906,57783805
SINDI,doc_prune=0.9 query_prune=0.1 n_cand=1000,64,0.7460888252,0.9785,49.4823,8.1851,0.0000,0.412463,0.411917;0.412359;0.412593;0.412463;0.412622,59.092120,16922.73,,27.38,0,6980,10,True,nid004904,57783803
SINDI,doc_prune=0.9 query_prune=0.1 n_cand=1000,64,0.7460888252,0.9785,48.8573,8.0978,0.0000,0.364539,0.364517;0.364402;0.364539;0.365008;0.364757,52.226218,19147.47,,23.08,0,6980,10,True,nid004905,57783804
SINDI,doc_prune=0.9 query_prune=0.1 n_cand=1000,64,0.7460888252,0.9785,48.4949,8.0498,0.0000,0.417992,0.417992;0.417357;0.418879;0.417873;0.418729,59.884241,16698.88,,27.16,0,6980,10,True,nid004908,57783807
SINDI,doc_prune=0.9 query_prune=0 n_cand=1000,64,0.7461031519,0.9787,48.6364,8.1487,0.0000,0.650771,0.650274;0.649913;0.650844;0.650771;0.650819,93.233668,10725.74,,24.55,0,6980,10,True,nid004906,57783805
SINDI,doc_prune=0.9 query_prune=0 n_cand=1000,64,0.7461461318,0.9788,48.8573,8.0978,0.0000,0.388897,0.388441;0.388897;0.388200;0.389178;0.389276,55.715903,17948.20,,23.08,0,6980,10,True,nid004905,57783804
SINDI,doc_prune=0.9 query_prune=0 n_cand=1000,64,0.7461461318,0.9787,48.4949,8.0498,0.0000,0.448033,0.448033;0.447836;0.446944;0.449206;0.448366,64.188109,15579.21,,27.16,0,6980,10,True,nid004908,57783807
SINDI,doc_prune=0.9 query_prune=0 n_cand=1000,64,0.7461604585,0.9787,49.4823,8.1851,0.0000,0.441114,0.441401;0.440717;0.441114;0.441474;0.440681,63.196848,15823.57,,27.38,0,6980,10,True,nid004904,57783803
SINDI,doc_prune=0.4 query_prune=0.7 n_cand=10,64,0.7469914040,0.9989,58.8358,8.1851,0.0000,0.718093,0.718093;0.718975;0.717413;0.716789;0.720204,102.878653,9720.19,,27.38,0,6980,10,True,nid004904,57783803
SINDI,doc_prune=0.4 query_prune=0.7 n_cand=10,64,0.7469914040,0.9989,63.7468,8.1156,0.0000,2.007505,2.007505;2.008079;2.008691;2.003378;2.002080,287.608166,3476.95,,30.23,0,6980,10,True,nid004907,57783806
SINDI,doc_prune=0.4 query_prune=0.7 n_cand=10,64,0.7469914040,0.9989,57.5599,8.0498,0.0000,0.728987,0.730128;0.728601;0.729203;0.728458;0.728987,104.439398,9574.93,,27.16,0,6980,10,True,nid004908,57783807
SINDI,doc_prune=0.4 query_prune=0.7 n_cand=10,64,0.7470487106,0.9989,57.0267,8.1487,0.0000,0.875092,0.874617;0.876534;0.870566;0.875092;0.875885,125.371347,7976.30,,24.55,0,6980,10,True,nid004906,57783805
SINDI,doc_prune=0.4 query_prune=0.7 n_cand=10,64,0.7474498567,0.9990,56.1978,8.0978,0.0000,0.572574,0.574672;0.574619;0.572134;0.572574;0.572309,82.030659,12190.56,,23.08,0,6980,10,True,nid004905,57783804
SINDI,doc_prune=0.3 query_prune=0.2 n_cand=10,64,0.7477077364,0.9996,60.6069,8.0123,0.0000,2.443802,2.420985;2.422153;2.443802;2.449797;2.450937,350.114900,2856.21,,27.37,0,6980,10,True,nid004909,57783808
SINDI,doc_prune=0.3 query_prune=0.3 n_cand=10,64,0.7477507163,0.9996,60.6069,8.0123,0.0000,2.207480,2.181603;2.207480;2.210040;2.207331;2.207932,316.257880,3161.98,,27.37,0,6980,10,True,nid004909,57783808
SINDI,doc_prune=0.3 query_prune=0 n_cand=10,64,0.7478653295,0.9996,60.6069,8.0123,0.0000,2.822078,2.817375;2.822078;2.828240;2.809466;2.827161,404.309169,2473.35,,27.37,0,6980,10,True,nid004909,57783808
SINDI,doc_prune=0.3 query_prune=0.1 n_cand=10,64,0.7478939828,0.9996,60.6069,8.0123,0.0000,2.623418,2.624149;2.623418;2.633992;2.612889;2.619298,375.847851,2660.65,,27.37,0,6980,10,True,nid004909,57783808
SINDI,doc_prune=0.2 query_prune=0.7 n_cand=10,64,0.7509885387,0.9990,64.5137,8.0123,0.0000,1.263610,1.263610;1.266426;1.259290;1.264774;1.262392,181.032951,5523.86,,27.37,0,6980,10,True,nid004909,57783808
SINDI,doc_prune=0.6 query_prune=0.9 n_cand=50,64,0.7540544413,0.9490,53.2876,8.1487,0.0000,0.181147,0.181147;0.181995;0.181515;0.180674;0.180476,25.952292,38532.24,,24.55,0,6980,10,True,nid004906,57783805
SINDI,doc_prune=0.6 query_prune=0.9 n_cand=50,64,0.7540974212,0.9489,53.5121,8.0498,0.0000,0.137441,0.137506;0.136314;0.137441;0.137626;0.136480,19.690688,50785.43,,27.16,0,6980,10,True,nid004908,57783807
SINDI,doc_prune=0.6 query_prune=0.9 n_cand=50,64,0.7541117479,0.9489,54.5728,8.1851,0.0000,0.135076,0.135076;0.135652;0.135656;0.134727;0.134641,19.351862,51674.61,,27.38,0,6980,10,True,nid004904,57783803
SINDI,doc_prune=0.6 query_prune=0.9 n_cand=50,64,0.7541547278,0.9491,53.0723,8.0978,0.0000,0.108974,0.108958;0.108969;0.109115;0.109327;0.108974,15.612321,64051.98,,23.08,0,6980,10,True,nid004905,57783804
SINDI,doc_prune=0.6 query_prune=0.7 n_cand=20,64,0.7582234957,0.9966,53.2876,8.1487,0.0000,0.542568,0.541704;0.542659;0.542998;0.542568;0.540794,77.731805,12864.75,,24.55,0,6980,10,True,nid004906,57783805
SINDI,doc_prune=0.6 query_prune=0.7 n_cand=20,64,0.7582664756,0.9966,54.5728,8.1851,0.0000,0.396392,0.396392;0.395788;0.397437;0.396749;0.395570,56.789685,17608.83,,27.38,0,6980,10,True,nid004904,57783803
SINDI,doc_prune=0.6 query_prune=0.7 n_cand=20,64,0.7582664756,0.9966,53.5121,8.0498,0.0000,0.395026,0.395026;0.394611;0.394439;0.395061;0.395305,56.593983,17669.72,,27.16,0,6980,10,True,nid004908,57783807
SINDI,doc_prune=0.6 query_prune=0.7 n_cand=20,64,0.7585673352,0.9963,53.0723,8.0978,0.0000,0.306565,0.306565;0.306868;0.307445;0.306537;0.305713,43.920487,22768.42,,23.08,0,6980,10,True,nid004905,57783804
SINDI,doc_prune=0.6 query_prune=0.5 n_cand=20,64,0.7619197708,0.9977,53.5121,8.0498,0.0000,0.633701,0.634838;0.633701;0.632113;0.633799;0.632619,90.788109,11014.66,,27.16,0,6980,10,True,nid004908,57783807
SINDI,doc_prune=0.6 query_prune=0.5 n_cand=20,64,0.7619340974,0.9977,54.5728,8.1851,0.0000,0.645146,0.643029;0.645146;0.647002;0.642390;0.646106,92.427794,10819.26,,27.38,0,6980,10,True,nid004904,57783803
SINDI,doc_prune=0.8 query_prune=0.9 n_cand=1000,64,0.7619340974,0.9715,50.6618,8.0123,0.0000,0.226311,0.226275;0.226701;0.226863;0.226161;0.226311,32.422779,30842.51,,27.37,0,6980,10,True,nid004909,57783808
SINDI,doc_prune=0.6 query_prune=0.5 n_cand=20,64,0.7619770774,0.9977,53.2876,8.1487,0.0000,0.863667,0.864703;0.860728;0.863984;0.863667;0.863416,123.734527,8081.82,,24.55,0,6980,10,True,nid004906,57783805
SINDI,doc_prune=0.6 query_prune=0.5 n_cand=20,64,0.7621776504,0.9976,53.0723,8.0978,0.0000,0.485506,0.486147;0.484881;0.486270;0.485506;0.484148,69.556734,14376.75,,23.08,0,6980,10,True,nid004905,57783804
SINDI,doc_prune=0.4 query_prune=0.5 n_cand=10,64,0.7626217765,0.9996,58.8358,8.1851,0.0000,1.161732,1.159692;1.161732;1.159966;1.164213;1.165509,166.437249,6008.27,,27.38,0,6980,10,True,nid004904,57783803
SINDI,doc_prune=0.6 query_prune=0.3 n_cand=20,64,0.7626217765,0.9976,54.5728,8.1851,0.0000,0.885826,0.885826;0.883461;0.885000;0.887191;0.889643,126.909169,7879.65,,27.38,0,6980,10,True,nid004904,57783803
SINDI,doc_prune=0.4 query_prune=0.5 n_cand=10,64,0.7626217765,0.9996,63.7468,8.1156,0.0000,3.251419,3.246309;3.253541;3.240136;3.254149;3.251419,465.819341,2146.76,,30.23,0,6980,10,True,nid004907,57783806
SINDI,doc_prune=0.4 query_prune=0.5 n_cand=10,64,0.7626217765,0.9996,57.5599,8.0498,0.0000,1.161317,1.161866;1.160679;1.161317;1.155981;1.164006,166.377794,6010.42,,27.16,0,6980,10,True,nid004908,57783807
SINDI,doc_prune=0.6 query_prune=0.3 n_cand=20,64,0.7626217765,0.9976,53.5121,8.0498,0.0000,0.861101,0.858888;0.861067;0.861101;0.862860;0.862556,123.366905,8105.90,,27.16,0,6980,10,True,nid004908,57783807
SINDI,doc_prune=0.6 query_prune=0.3 n_cand=20,64,0.7626790831,0.9976,53.2876,8.1487,0.0000,1.147422,1.147422;1.148146;1.145800;1.148302;1.146143,164.387106,6083.20,,24.55,0,6980,10,True,nid004906,57783805
SINDI,doc_prune=0.4 query_prune=0.5 n_cand=10,64,0.7627363897,0.9996,57.0267,8.1487,0.0000,1.427521,1.425436;1.427521;1.423888;1.428288;1.431559,204.515903,4889.60,,24.55,0,6980,10,True,nid004906,57783805
SINDI,doc_prune=0.6 query_prune=0.3 n_cand=20,64,0.7628510029,0.9976,53.0723,8.0978,0.0000,0.643046,0.644750;0.642222;0.643046;0.643505;0.642118,92.126934,10854.59,,23.08,0,6980,10,True,nid004905,57783804
SINDI,doc_prune=0.6 query_prune=0.2 n_cand=20,64,0.7628653295,0.9976,54.5728,8.1851,0.0000,1.005996,1.010576;1.010628;1.005996;1.003961;1.005533,144.125501,6938.40,,27.38,0,6980,10,True,nid004904,57783803
SINDI,doc_prune=0.6 query_prune=0.2 n_cand=20,64,0.7628653295,0.9976,53.5121,8.0498,0.0000,0.976312,0.972750;0.976125;0.979506;0.978790;0.976312,139.872779,7149.35,,27.16,0,6980,10,True,nid004908,57783807
SINDI,doc_prune=0.6 query_prune=0.2 n_cand=20,64,0.7629083095,0.9976,53.2876,8.1487,0.0000,1.294578,1.294578;1.288845;1.291182;1.297894;1.297819,185.469628,5391.72,,24.55,0,6980,10,True,nid004906,57783805
SINDI,doc_prune=0.6 query_prune=0 n_cand=20,64,0.7631088825,0.9980,58.8702,8.1156,0.0000,4.021932,4.021932;4.012113;4.029920;4.033003;4.013890,576.208023,1735.48,,30.23,0,6980,10,True,nid004907,57783806
SINDI,doc_prune=0.6 query_prune=0 n_cand=20,64,0.7631232092,0.9980,54.5728,8.1851,0.0000,1.254237,1.257001;1.260265;1.253859;1.253554;1.254237,179.690115,5565.14,,27.38,0,6980,10,True,nid004904,57783803
SINDI,doc_prune=0.6 query_prune=0 n_cand=20,64,0.7631232092,0.9980,53.2876,8.1487,0.0000,1.562497,1.562467;1.564083;1.561228;1.562497;1.566417,223.853438,4467.21,,24.55,0,6980,10,True,nid004906,57783805
SINDI,doc_prune=0.6 query_prune=0 n_cand=20,64,0.7631232092,0.9980,53.5121,8.0498,0.0000,1.213834,1.209191;1.221013;1.219368;1.213755;1.213834,173.901719,5750.37,,27.16,0,6980,10,True,nid004908,57783807
SINDI,doc_prune=0.6 query_prune=0.1 n_cand=20,64,0.7631948424,0.9980,54.5728,8.1851,0.0000,1.128474,1.130674;1.125705;1.130008;1.128474;1.124210,161.672493,6185.34,,27.38,0,6980,10,True,nid004904,57783803
SINDI,doc_prune=0.6 query_prune=0.1 n_cand=20,64,0.7631948424,0.9980,53.2876,8.1487,0.0000,1.423731,1.420085;1.424496;1.423731;1.423671;1.427413,203.972923,4902.61,,24.55,0,6980,10,True,nid004906,57783805
SINDI,doc_prune=0.6 query_prune=0.1 n_cand=20,64,0.7631948424,0.9980,53.5121,8.0498,0.0000,1.093668,1.096493;1.093668;1.091547;1.094611;1.093144,156.685960,6382.19,,27.16,0,6980,10,True,nid004908,57783807
SINDI,doc_prune=0.6 query_prune=0.2 n_cand=20,64,0.7633094556,0.9976,53.0723,8.0978,0.0000,0.721119,0.720468;0.720415;0.721119;0.721762;0.721842,103.312178,9679.40,,23.08,0,6980,10,True,nid004905,57783804
SINDI,doc_prune=0.4 query_prune=0.5 n_cand=10,64,0.7633810888,0.9997,56.1978,8.0978,0.0000,0.928049,0.928368;0.926965;0.928049;0.930164;0.927162,132.958309,7521.15,,23.08,0,6980,10,True,nid004905,57783804
SINDI,doc_prune=0.6 query_prune=0 n_cand=20,64,0.7636532951,0.9979,53.0723,8.0978,0.0000,0.880028,0.881130;0.879046;0.880839;0.880028;0.877449,126.078510,7931.57,,23.08,0,6980,10,True,nid004905,57783804
SINDI,doc_prune=0.6 query_prune=0.1 n_cand=20,64,0.7637392550,0.9979,53.0723,8.0978,0.0000,0.798021,0.799389;0.797418;0.795874;0.798021;0.799057,114.329656,8746.64,,23.08,0,6980,10,True,nid004905,57783804
SINDI,doc_prune=0.4 query_prune=0.3 n_cand=10,64,0.7658022923,0.9997,58.8358,8.1851,0.0000,1.552229,1.557745;1.551839;1.551998;1.565736;1.552229,222.382378,4496.76,,27.38,0,6980,10,True,nid004904,57783803
SINDI,doc_prune=0.4 query_prune=0.3 n_cand=10,64,0.7658022923,0.9997,57.5599,8.0498,0.0000,1.514482,1.520798;1.514482;1.512930;1.513173;1.515687,216.974499,4608.84,,27.16,0,6980,10,True,nid004908,57783807
SINDI,doc_prune=0.4 query_prune=0.3 n_cand=10,64,0.7658166189,0.9997,63.7468,8.1156,0.0000,4.317326,4.291883;4.312285;4.326154;4.317326;4.322905,618.528080,1616.74,,30.23,0,6980,10,True,nid004907,57783806
SINDI,doc_prune=0.4 query_prune=0.2 n_cand=10,64,0.7658595989,0.9997,58.8358,8.1851,0.0000,1.746245,1.748081;1.746245;1.737124;1.750310;1.740112,250.178367,3997.15,,27.38,0,6980,10,True,nid004904,57783803
SINDI,doc_prune=0.4 query_prune=0.2 n_cand=10,64,0.7658595989,0.9997,57.5599,8.0498,0.0000,1.691368,1.692435;1.682930;1.676408;1.691368;1.691614,242.316332,4126.84,,27.16,0,6980,10,True,nid004908,57783807
SINDI,doc_prune=0.4 query_prune=0.2 n_cand=10,64,0.7658739255,0.9997,63.7468,8.1156,0.0000,4.758862,4.743909;4.758862;4.769300;4.746125;4.759442,681.785387,1466.74,,30.23,0,6980,10,True,nid004907,57783806
SINDI,doc_prune=0.4 query_prune=0.3 n_cand=10,64,0.7659455587,0.9997,57.0267,8.1487,0.0000,1.885173,1.885330;1.880088;1.883352;1.888216;1.885173,270.082092,3702.58,,24.55,0,6980,10,True,nid004906,57783805
SINDI,doc_prune=0.4 query_prune=0.3 n_cand=10,64,0.7660601719,0.9999,56.1978,8.0978,0.0000,1.238426,1.236576;1.241180;1.238426;1.240698;1.236288,177.424928,5636.19,,23.08,0,6980,10,True,nid004905,57783804
SINDI,doc_prune=0.4 query_prune=0.2 n_cand=10,64,0.7661031519,0.9997,57.0267,8.1487,0.0000,2.093126,2.084123;2.102244;2.089417;2.093126;2.099635,299.874785,3334.73,,24.55,0,6980,10,True,nid004906,57783805
SINDI,doc_prune=0.4 query_prune=0.1 n_cand=10,64,0.7664326648,0.9997,58.8358,8.1851,0.0000,1.909090,1.904655;1.905522;1.909090;1.914016;1.913421,273.508596,3656.19,,27.38,0,6980,10,True,nid004904,57783803
SINDI,doc_prune=0.4 query_prune=0.1 n_cand=10,64,0.7664326648,0.9997,57.5599,8.0498,0.0000,1.844000,1.836213;1.844000;1.839029;1.844012;1.845417,264.183381,3785.25,,27.16,0,6980,10,True,nid004908,57783807
SINDI,doc_prune=0.4 query_prune=0.1 n_cand=10,64,0.7664469914,0.9997,63.7468,8.1156,0.0000,5.206585,5.214129;5.214087;5.206585;5.188021;5.192680,745.929083,1340.61,,30.23,0,6980,10,True,nid004907,57783806
SINDI,doc_prune=0.4 query_prune=0.1 n_cand=10,64,0.7665186246,0.9997,57.0267,8.1487,0.0000,2.301552,2.294399;2.303699;2.296087;2.301552;2.317411,329.735244,3032.74,,24.55,0,6980,10,True,nid004906,57783805
SINDI,doc_prune=0.4 query_prune=0 n_cand=10,64,0.7665472779,0.9997,57.0267,8.1487,0.0000,2.517289,2.500277;2.527181;2.518059;2.514850;2.517289,360.643123,2772.82,,24.55,0,6980,10,True,nid004906,57783805
SINDI,doc_prune=0.4 query_prune=0 n_cand=10,64,0.7665616046,0.9997,58.8358,8.1851,0.0000,2.085730,2.095578;2.084037;2.085730;2.090857;2.085625,298.815186,3346.55,,27.38,0,6980,10,True,nid004904,57783803
SINDI,doc_prune=0.4 query_prune=0 n_cand=10,64,0.7665616046,0.9997,57.5599,8.0498,0.0000,2.006263,1.999648;2.006263;2.001779;2.009265;2.013221,287.430229,3479.11,,27.16,0,6980,10,True,nid004908,57783807
SINDI,doc_prune=0.4 query_prune=0 n_cand=10,64,0.7665759312,0.9997,63.7468,8.1156,0.0000,5.634508,5.627611;5.639788;5.634508;5.629383;5.658741,807.236103,1238.79,,30.23,0,6980,10,True,nid004907,57783806
SINDI,doc_prune=0.4 query_prune=0.2 n_cand=10,64,0.7666189112,0.9999,56.1978,8.0978,0.0000,1.391513,1.394402;1.389736;1.391513;1.391948;1.390852,199.357163,5016.12,,23.08,0,6980,10,True,nid004905,57783804
SINDI,doc_prune=0.1 query_prune=0.7 n_cand=10,64,0.7666905444,0.9993,71.1279,8.0123,0.0000,1.513409,1.515953;1.511344;1.511640;1.513516;1.513409,216.820774,4612.10,,27.37,0,6980,10,True,nid004909,57783808
SINDI,doc_prune=0.4 query_prune=0.1 n_cand=10,64,0.7668338109,0.9997,56.1978,8.0978,0.0000,1.533059,1.532112;1.533059;1.534257;1.538044;1.532432,219.635960,4552.99,,23.08,0,6980,10,True,nid004905,57783804
SINDI,doc_prune=0.4 query_prune=0 n_cand=10,64,0.7668767908,0.9997,56.1978,8.0978,0.0000,1.693519,1.691394;1.694337;1.693519;1.689929;1.694542,242.624499,4121.60,,23.08,0,6980,10,True,nid004905,57783804
SINDI,doc_prune=0.6 query_prune=0.9 n_cand=200,64,0.7729512894,0.9683,53.6786,8.0123,0.0000,0.220586,0.221725;0.219667;0.220304;0.220586;0.220749,31.602579,31642.99,,27.37,0,6980,10,True,nid004909,57783808
SINDI,doc_prune=0.6 query_prune=0.7 n_cand=50,64,0.7742979943,0.9984,53.6786,8.0123,0.0000,0.601838,0.603119;0.601478;0.600389;0.604693;0.601838,86.223209,11597.81,,27.37,0,6980,10,True,nid004909,57783808
SINDI,doc_prune=0 query_prune=0.7 n_cand=10,64,0.7752148997,0.9991,90.4895,8.0123,0.0000,2.147860,2.146089;2.149434;2.147867;2.147621;2.147860,307.716332,3249.75,,27.37,0,6980,10,True,nid004909,57783808
SINDI,doc_prune=0.9 query_prune=0.9 n_cand=5000,64,0.7765902579,0.9758,48.8365,8.0123,0.0000,0.831062,0.829515;0.831387;0.830327;0.831739;0.831062,119.063324,8398.89,,27.37,0,6980,10,True,nid004909,57783808
SINDI,doc_prune=0.6 query_prune=0.3 n_cand=50,64,0.7780659026,0.9993,53.6786,8.0123,0.0000,1.289663,1.291240;1.288501;1.289663;1.294654;1.288203,184.765473,5412.27,,27.37,0,6980,10,True,nid004909,57783808
SINDI,doc_prune=0.6 query_prune=0.5 n_cand=50,64,0.7781518625,0.9993,53.6786,8.0123,0.0000,0.967177,0.969137;0.967177;0.963195;0.969054;0.965389,138.564040,7216.88,,27.37,0,6980,10,True,nid004909,57783808
SINDI,doc_prune=0.6 query_prune=0.2 n_cand=50,64,0.7782521490,0.9991,53.6786,8.0123,0.0000,1.460113,1.461175;1.462628;1.457407;1.458869;1.460113,209.185244,4780.45,,27.37,0,6980,10,True,nid004909,57783808
SINDI,doc_prune=0.6 query_prune=0.1 n_cand=50,64,0.7783667622,0.9991,53.6786,8.0123,0.0000,1.602343,1.604039;1.602343;1.605189;1.597341;1.598889,229.562034,4356.12,,27.37,0,6980,10,True,nid004909,57783808
SINDI,doc_prune=0.6 query_prune=0 n_cand=50,64,0.7783810888,0.9991,53.6786,8.0123,0.0000,1.763255,1.763255;1.760315;1.758216;1.772427;1.774272,252.615330,3958.59,,27.37,0,6980,10,True,nid004909,57783808
SINDI,doc_prune=0.7 query_prune=0.7 n_cand=50,64,0.7869627507,0.9944,51.9159,8.1487,0.0000,0.379539,0.379274;0.380268;0.378798;0.379539;0.380835,54.375215,18390.73,,24.55,0,6980,10,True,nid004906,57783805
SINDI,doc_prune=0.7 query_prune=0.7 n_cand=50,64,0.7870487106,0.9944,51.9309,8.0498,0.0000,0.268694,0.269097;0.268694;0.268138;0.268513;0.268828,38.494842,25977.51,,27.16,0,6980,10,True,nid004908,57783807
SINDI,doc_prune=0.7 query_prune=0.7 n_cand=50,64,0.7870630372,0.9944,52.9532,8.1851,0.0000,0.283159,0.283389;0.283726;0.283159;0.282957;0.282715,40.567192,24650.46,,27.38,0,6980,10,True,nid004904,57783803
SINDI,doc_prune=0.7 query_prune=0.7 n_cand=50,64,0.7872779370,0.9941,51.8677,8.0978,0.0000,0.216429,0.216206;0.216197;0.216785;0.216429;0.216738,31.007020,32250.76,,23.08,0,6980,10,True,nid004905,57783804
SINDI,doc_prune=0.5 query_prune=0.9 n_cand=50,64,0.7875071633,0.9520,55.0151,8.1487,0.0000,0.218782,0.218255;0.219763;0.218541;0.218782;0.219704,31.344126,31903.90,,24.55,0,6980,10,True,nid004906,57783805
SINDI,doc_prune=0.5 query_prune=0.9 n_cand=50,64,0.7875071633,0.9520,61.3069,8.1156,0.0000,0.451629,0.452963;0.454289;0.450145;0.451629;0.449597,64.703295,15455.16,,30.23,0,6980,10,True,nid004907,57783806
SINDI,doc_prune=0.5 query_prune=0.9 n_cand=50,64,0.7875358166,0.9520,56.6646,8.1851,0.0000,0.161674,0.161810;0.161434;0.161289;0.161674;0.162060,23.162464,43173.30,,27.38,0,6980,10,True,nid004904,57783803
SINDI,doc_prune=0.5 query_prune=0.9 n_cand=50,64,0.7875358166,0.9520,55.3873,8.0498,0.0000,0.163877,0.163545;0.164289;0.163371;0.163877;0.165171,23.478080,42592.92,,27.16,0,6980,10,True,nid004908,57783807
SINDI,doc_prune=0.5 query_prune=0.9 n_cand=50,64,0.7876934097,0.9520,54.5847,8.0978,0.0000,0.137702,0.137492;0.137712;0.137909;0.137532;0.137702,19.728080,50689.17,,23.08,0,6980,10,True,nid004905,57783804
SINDI,doc_prune=0.2 query_prune=0.5 n_cand=10,64,0.7885243553,0.9997,64.5137,8.0123,0.0000,2.056724,2.054205;2.067723;2.056724;2.048379;2.058244,294.659599,3393.75,,27.37,0,6980,10,True,nid004909,57783808
SINDI,doc_prune=0.7 query_prune=0.5 n_cand=50,64,0.7893123209,0.9956,52.9532,8.1851,0.0000,0.441254,0.441471;0.441254;0.440852;0.441301;0.440975,63.216905,15818.55,,27.38,0,6980,10,True,nid004904,57783803
SINDI,doc_prune=0.7 query_prune=0.5 n_cand=50,64,0.7893123209,0.9956,51.9309,8.0498,0.0000,0.419279,0.419752;0.419279;0.418876;0.419621;0.418490,60.068625,16647.63,,27.16,0,6980,10,True,nid004908,57783807
SINDI,doc_prune=0.7 query_prune=0.5 n_cand=50,64,0.7893266476,0.9956,51.9159,8.1487,0.0000,0.587489,0.588633;0.588703;0.587489;0.584835;0.585652,84.167479,11881.07,,24.55,0,6980,10,True,nid004906,57783805
SINDI,doc_prune=0.7 query_prune=0.5 n_cand=50,64,0.7895272206,0.9953,51.8677,8.0978,0.0000,0.335930,0.335615;0.336059;0.336382;0.335930;0.335503,48.127507,20778.14,,23.08,0,6980,10,True,nid004905,57783804
SINDI,doc_prune=0.7 query_prune=0.3 n_cand=50,64,0.7906017192,0.9954,51.9159,8.1487,0.0000,0.771186,0.771186;0.772189;0.768223;0.769886;0.771650,110.485100,9050.99,,24.55,0,6980,10,True,nid004906,57783805
SINDI,doc_prune=0.7 query_prune=0.3 n_cand=50,64,0.7906017192,0.9954,51.9309,8.0498,0.0000,0.562596,0.562830;0.562773;0.562596;0.562446;0.561891,80.601146,12406.77,,27.16,0,6980,10,True,nid004908,57783807
SINDI,doc_prune=0.7 query_prune=0.3 n_cand=50,64,0.7906160458,0.9954,52.9532,8.1851,0.0000,0.595693,0.595693;0.595199;0.594821;0.595784;0.595783,85.342837,11717.45,,27.38,0,6980,10,True,nid004904,57783803
SINDI,doc_prune=0.7 query_prune=0.3 n_cand=50,64,0.7906876791,0.9954,51.8677,8.0978,0.0000,0.447653,0.447908;0.447653;0.448091;0.447447;0.446975,64.133668,15592.43,,23.08,0,6980,10,True,nid004905,57783804
SINDI,doc_prune=0.7 query_prune=0.2 n_cand=50,64,0.7908166189,0.9954,51.9159,8.1487,0.0000,0.869477,0.866284;0.869976;0.870117;0.869477;0.866208,124.566905,8027.81,,24.55,0,6980,10,True,nid004906,57783805
SINDI,doc_prune=0.7 query_prune=0.2 n_cand=50,64,0.7908166189,0.9954,51.9309,8.0498,0.0000,0.638505,0.637442;0.638912;0.637843;0.638925;0.638505,91.476361,10931.79,,27.16,0,6980,10,True,nid004908,57783807
SINDI,doc_prune=0.7 query_prune=0.2 n_cand=50,64,0.7908309456,0.9954,52.9532,8.1851,0.0000,0.678667,0.679225;0.678406;0.678195;0.678667;0.678862,97.230229,10284.87,,27.38,0,6980,10,True,nid004904,57783803
SINDI,doc_prune=0.7 query_prune=0.2 n_cand=50,64,0.7908739255,0.9954,51.8677,8.0978,0.0000,0.506261,0.505540;0.507405;0.506599;0.506261;0.505661,72.530229,13787.35,,23.08,0,6980,10,True,nid004905,57783804
SINDI,doc_prune=0.7 query_prune=0 n_cand=50,64,0.7909885387,0.9954,51.9159,8.1487,0.0000,1.075187,1.073165;1.073411;1.076651;1.077137;1.075187,154.038252,6491.89,,24.55,0,6980,10,True,nid004906,57783805
SINDI,doc_prune=0.7 query_prune=0 n_cand=50,64,0.7910028653,0.9954,51.9309,8.0498,0.0000,0.793248,0.793248;0.792933;0.793517;0.793150;0.794890,113.645845,8799.27,,27.16,0,6980,10,True,nid004908,57783807
SINDI,doc_prune=0.7 query_prune=0 n_cand=50,64,0.7910171920,0.9954,52.9532,8.1851,0.0000,0.844741,0.846312;0.845443;0.843115;0.844741;0.843761,121.023066,8262.89,,27.38,0,6980,10,True,nid004904,57783803
SINDI,doc_prune=0.7 query_prune=0.1 n_cand=50,64,0.7910315186,0.9954,51.9309,8.0498,0.0000,0.711712,0.713379;0.709784;0.710673;0.711712;0.712041,101.964470,9807.34,,27.16,0,6980,10,True,nid004908,57783807
SINDI,doc_prune=0.7 query_prune=0.1 n_cand=50,64,0.7910458453,0.9954,52.9532,8.1851,0.0000,0.756209,0.756209;0.756613;0.755217;0.756459;0.756022,108.339398,9230.25,,27.38,0,6980,10,True,nid004904,57783803
SINDI,doc_prune=0.7 query_prune=0.1 n_cand=50,64,0.7910458453,0.9954,51.9159,8.1487,0.0000,0.966598,0.967007;0.966225;0.966598;0.968472;0.965986,138.481089,7221.20,,24.55,0,6980,10,True,nid004906,57783805
SINDI,doc_prune=0.7 query_prune=0.1 n_cand=50,64,0.7910888252,0.9954,51.8677,8.0978,0.0000,0.562657,0.562653;0.562970;0.562684;0.561250;0.562657,80.609885,12405.43,,23.08,0,6980,10,True,nid004905,57783804
SINDI,doc_prune=0.7 query_prune=0 n_cand=50,64,0.7911174785,0.9954,51.8677,8.0978,0.0000,0.625919,0.626083;0.626750;0.624795;0.625322;0.625919,89.673209,11151.60,,23.08,0,6980,10,True,nid004905,57783804
SINDI,doc_prune=0.4 query_prune=0.7 n_cand=20,64,0.7914756447,0.9994,57.6367,8.0123,0.0000,0.888386,0.894655;0.887953;0.891752;0.887469;0.888386,127.275931,7856.95,,27.37,0,6980,10,True,nid004909,57783808
SINDI,doc_prune=0.5 query_prune=0.9 n_cand=200,64,0.7948710602,0.9712,55.6074,8.0123,0.0000,0.214154,0.214091;0.214498;0.214154;0.213896;0.214646,30.681089,32593.37,,27.37,0,6980,10,True,nid004909,57783808
SINDI,doc_prune=0.2 query_prune=0.3 n_cand=10,64,0.7960888252,0.9997,64.5137,8.0123,0.0000,2.577516,2.576782;2.559470;2.578690;2.588699;2.577516,369.271633,2708.03,,27.37,0,6980,10,True,nid004909,57783808
SINDI,doc_prune=0.2 query_prune=0.2 n_cand=10,64,0.7967765043,0.9997,64.5137,8.0123,0.0000,2.826771,2.816905;2.831442;2.826771;2.821892;2.835367,404.981519,2469.25,,27.37,0,6980,10,True,nid004909,57783808
SINDI,doc_prune=0.2 query_prune=0 n_cand=10,64,0.7968624642,0.9997,64.5137,8.0123,0.0000,3.286652,3.288190;3.281262;3.282603;3.291140;3.286652,470.867049,2123.74,,27.37,0,6980,10,True,nid004909,57783808
SINDI,doc_prune=0.2 query_prune=0.1 n_cand=10,64,0.7969197708,0.9997,64.5137,8.0123,0.0000,3.054671,3.043383;3.066571;3.056281;3.054671;3.050288,437.631948,2285.03,,27.37,0,6980,10,True,nid004909,57783808
SINDI,doc_prune=0.8 query_prune=0.7 n_cand=200,64,0.7970630372,0.9913,50.2061,8.0498,0.0000,0.212264,0.211702;0.212630;0.212264;0.212188;0.212433,30.410315,32883.58,,27.16,0,6980,10,True,nid004908,57783807
SINDI,doc_prune=0.8 query_prune=0.7 n_cand=200,64,0.7970916905,0.9913,50.5467,8.0978,0.0000,0.168422,0.168392;0.168088;0.168422;0.168685;0.168675,24.129226,41443.52,,23.08,0,6980,10,True,nid004905,57783804
SINDI,doc_prune=0.8 query_prune=0.7 n_cand=200,64,0.7971060172,0.9913,51.2584,8.1851,0.0000,0.210121,0.209623;0.210121;0.210471;0.210400;0.209958,30.103295,33218.95,,27.38,0,6980,10,True,nid004904,57783803
SINDI,doc_prune=0.8 query_prune=0.7 n_cand=200,64,0.7971203438,0.9913,50.3306,8.1487,0.0000,0.299480,0.300076;0.299480;0.298720;0.299513;0.299252,42.905444,23307.07,,24.55,0,6980,10,True,nid004906,57783805
SINDI,doc_prune=0.4 query_prune=0.5 n_cand=20,64,0.7983524355,0.9996,57.6367,8.0123,0.0000,1.477098,1.473165;1.478417;1.470230;1.478910;1.477098,211.618625,4725.48,,27.37,0,6980,10,True,nid004909,57783808
SINDI,doc_prune=0.8 query_prune=0.5 n_cand=200,64,0.7986819484,0.9921,50.5467,8.0978,0.0000,0.242493,0.242493;0.242438;0.242662;0.242467;0.242569,34.741117,28784.34,,23.08,0,6980,10,True,nid004905,57783804
SINDI,doc_prune=0.8 query_prune=0.5 n_cand=200,64,0.7987106017,0.9921,51.2584,8.1851,0.0000,0.311196,0.311185;0.311144;0.311774;0.311707;0.311196,44.583954,22429.59,,27.38,0,6980,10,True,nid004904,57783803
SINDI,doc_prune=0.8 query_prune=0.5 n_cand=200,64,0.7987106017,0.9921,50.2061,8.0498,0.0000,0.314087,0.314100;0.314087;0.313615;0.313597;0.314312,44.998138,22223.14,,27.16,0,6980,10,True,nid004908,57783807
SINDI,doc_prune=0.8 query_prune=0.5 n_cand=200,64,0.7987249284,0.9921,50.3306,8.1487,0.0000,0.458505,0.457582;0.459211;0.457787;0.458952;0.458505,65.688395,15223.39,,24.55,0,6980,10,True,nid004906,57783805
SINDI,doc_prune=0.9 query_prune=0.7 n_cand=5000,64,0.7995272206,0.9933,48.8365,8.0123,0.0000,0.941009,0.941281;0.941009;0.939567;0.943182;0.940008,134.815043,7417.57,,27.37,0,6980,10,True,nid004909,57783808
SINDI,doc_prune=0.8 query_prune=0.3 n_cand=200,64,0.7996418338,0.9921,50.3306,8.1487,0.0000,0.609386,0.608071;0.609386;0.609003;0.609661;0.611255,87.304585,11454.15,,24.55,0,6980,10,True,nid004906,57783805
SINDI,doc_prune=0.8 query_prune=0.3 n_cand=200,64,0.7996704871,0.9921,50.2061,8.0498,0.0000,0.406431,0.405813;0.407065;0.406431;0.406763;0.406004,58.227937,17173.89,,27.16,0,6980,10,True,nid004908,57783807
SINDI,doc_prune=0.8 query_prune=0.3 n_cand=200,64,0.7996848138,0.9921,51.2584,8.1851,0.0000,0.404123,0.403619;0.403860;0.404344;0.404203;0.404123,57.897278,17271.97,,27.38,0,6980,10,True,nid004904,57783803
SINDI,doc_prune=0.8 query_prune=0.3 n_cand=200,64,0.7997134670,0.9923,50.5467,8.0978,0.0000,0.311691,0.312098;0.311691;0.311563;0.311884;0.311606,44.654871,22393.97,,23.08,0,6980,10,True,nid004905,57783804
SINDI,doc_prune=0.8 query_prune=0.2 n_cand=200,64,0.7997707736,0.9923,50.5467,8.0978,0.0000,0.347563,0.347706;0.347330;0.347704;0.347563;0.347218,49.794126,20082.69,,23.08,0,6980,10,True,nid004905,57783804
SINDI,doc_prune=0.8 query_prune=0.2 n_cand=200,64,0.7997707736,0.9921,50.3306,8.1487,0.0000,0.686973,0.686554;0.686536;0.688611;0.688093;0.686973,98.420201,10160.52,,24.55,0,6980,10,True,nid004906,57783805
SINDI,doc_prune=0.3 query_prune=0.7 n_cand=10,64,0.7997994269,0.9997,59.3424,8.1487,0.0000,1.097293,1.095157;1.096920;1.101436;1.097293;1.099674,157.205301,6361.11,,24.55,0,6980,10,True,nid004906,57783805
SINDI,doc_prune=0.8 query_prune=0.2 n_cand=200,64,0.7998137536,0.9921,51.2584,8.1851,0.0000,0.451408,0.452595;0.451406;0.451408;0.450981;0.452496,64.671633,15462.73,,27.38,0,6980,10,True,nid004904,57783803
SINDI,doc_prune=0.8 query_prune=0.2 n_cand=200,64,0.7998137536,0.9921,50.2061,8.0498,0.0000,0.455906,0.455906;0.456062;0.455392;0.457405;0.455440,65.316046,15310.17,,27.16,0,6980,10,True,nid004908,57783807
SINDI,doc_prune=0.3 query_prune=0.7 n_cand=10,64,0.7998280802,0.9997,61.5150,8.1851,0.0000,0.994421,0.994421;0.990211;0.992934;1.000764;0.996371,142.467192,7019.16,,27.38,0,6980,10,True,nid004904,57783803
SINDI,doc_prune=0.3 query_prune=0.7 n_cand=10,64,0.7998280802,0.9997,66.8358,8.1156,0.0000,2.195590,2.195590;2.190606;2.186198;2.207519;2.202709,314.554441,3179.10,,30.23,0,6980,10,True,nid004907,57783806
SINDI,doc_prune=0.3 query_prune=0.7 n_cand=10,64,0.7998280802,0.9997,60.3300,8.0498,0.0000,0.952478,0.952478;0.955675;0.948376;0.951305;0.955702,136.458166,7328.25,,27.16,0,6980,10,True,nid004908,57783807
SINDI,doc_prune=0.8 query_prune=0 n_cand=200,64,0.7998424069,0.9923,50.5467,8.0978,0.0000,0.421118,0.420114;0.421255;0.421118;0.420861;0.421332,60.332092,16574.93,,23.08,0,6980,10,True,nid004905,57783804
SINDI,doc_prune=0.8 query_prune=0.1 n_cand=200,64,0.7998710602,0.9923,50.5467,8.0978,0.0000,0.382517,0.382176;0.382123;0.382552;0.382525;0.382517,54.801862,18247.56,,23.08,0,6980,10,True,nid004905,57783804
SINDI,doc_prune=0.4 query_prune=0.3 n_cand=20,64,0.7998853868,0.9996,57.6367,8.0123,0.0000,1.969011,1.960420;1.974723;1.958092;1.969011;1.972839,282.093266,3544.93,,27.37,0,6980,10,True,nid004909,57783808
SINDI,doc_prune=0.8 query_prune=0.1 n_cand=200,64,0.7998997135,0.9921,50.3306,8.1487,0.0000,0.763120,0.762519;0.764349;0.763120;0.765308;0.759900,109.329513,9146.66,,24.55,0,6980,10,True,nid004906,57783805
SINDI,doc_prune=0.8 query_prune=0.1 n_cand=200,64,0.7999426934,0.9921,51.2584,8.1851,0.0000,0.497668,0.497448;0.497079;0.498830;0.497668;0.497680,71.299140,14025.41,,27.38,0,6980,10,True,nid004904,57783803
SINDI,doc_prune=0.8 query_prune=0 n_cand=200,64,0.7999426934,0.9921,50.3306,8.1487,0.0000,0.846514,0.845492;0.847524;0.846514;0.850727;0.845411,121.277077,8245.58,,24.55,0,6980,10,True,nid004906,57783805
SINDI,doc_prune=0.8 query_prune=0.1 n_cand=200,64,0.7999426934,0.9921,50.2061,8.0498,0.0000,0.504906,0.505234;0.505608;0.504171;0.503225;0.504906,72.336103,13824.36,,27.16,0,6980,10,True,nid004908,57783807
SINDI,doc_prune=0.8 query_prune=0 n_cand=200,64,0.8000000000,0.9921,51.2584,8.1851,0.0000,0.548134,0.548027;0.548134;0.547835;0.548706;0.549079,78.529226,12734.11,,27.38,0,6980,10,True,nid004904,57783803
SINDI,doc_prune=0.8 query_prune=0 n_cand=200,64,0.8000143266,0.9921,50.2061,8.0498,0.0000,0.560223,0.561656;0.560223;0.559990;0.558295;0.560470,80.261175,12459.32,,27.16,0,6980,10,True,nid004908,57783807
SINDI,doc_prune=0.3 query_prune=0.7 n_cand=10,64,0.8000859599,0.9997,58.4104,8.0978,0.0000,0.753817,0.753817;0.756898;0.756569;0.752053;0.753052,107.996705,9259.54,,23.08,0,6980,10,True,nid004905,57783804
SINDI,doc_prune=0.4 query_prune=0.1 n_cand=20,64,0.8001002865,0.9996,57.6367,8.0123,0.0000,2.414016,2.395597;2.414016;2.409071;2.414945;2.415367,345.847564,2891.45,,27.37,0,6980,10,True,nid004909,57783808
SINDI,doc_prune=0.4 query_prune=0 n_cand=20,64,0.8001146132,0.9996,57.6367,8.0123,0.0000,2.576928,2.572341;2.580916;2.577280;2.576928;2.575636,369.187393,2708.65,,27.37,0,6980,10,True,nid004909,57783808
SINDI,doc_prune=0.4 query_prune=0.2 n_cand=20,64,0.8001432665,0.9996,57.6367,8.0123,0.0000,2.197982,2.196437;2.197982;2.196596;2.202859;2.208478,314.897135,3175.64,,27.37,0,6980,10,True,nid004909,57783808
SINDI,doc_prune=0.9 query_prune=0.5 n_cand=5000,64,0.8013896848,0.9933,48.8365,8.0123,0.0000,1.015046,1.015874;1.015046;1.014179;1.014803;1.017541,145.422063,6876.54,,27.37,0,6980,10,True,nid004909,57783808
SINDI,doc_prune=0.9 query_prune=0.2 n_cand=5000,64,0.8019484241,0.9934,48.8365,8.0123,0.0000,1.109013,1.112447;1.109013;1.111769;1.107216;1.108479,158.884384,6293.88,,27.37,0,6980,10,True,nid004909,57783808
SINDI,doc_prune=0.9 query_prune=0.3 n_cand=5000,64,0.8019770774,0.9934,48.8365,8.0123,0.0000,1.078726,1.077464;1.078726;1.079612;1.079639;1.078476,154.545272,6470.60,,27.37,0,6980,10,True,nid004909,57783808
SINDI,doc_prune=0.9 query_prune=0 n_cand=5000,64,0.8020630372,0.9934,48.8365,8.0123,0.0000,1.168276,1.170501;1.168276;1.169303;1.166880;1.167308,167.374785,5974.62,,27.37,0,6980,10,True,nid004909,57783808
SINDI,doc_prune=0.9 query_prune=0.1 n_cand=5000,64,0.8020630372,0.9934,48.8365,8.0123,0.0000,1.134214,1.134214;1.133900;1.133494;1.134362;1.137636,162.494842,6154.04,,27.37,0,6980,10,True,nid004909,57783808
SINDI,doc_prune=0.7 query_prune=0.7 n_cand=200,64,0.8053581662,0.9986,52.1485,8.0123,0.0000,0.344009,0.344182;0.343173;0.344009;0.344445;0.343550,49.284957,20290.17,,27.37,0,6980,10,True,nid004909,57783808
SINDI,doc_prune=0.7 query_prune=0.5 n_cand=200,64,0.8068624642,0.9986,52.1485,8.0123,0.0000,0.527435,0.526759;0.526517;0.527831;0.527435;0.528205,75.563754,13233.86,,27.37,0,6980,10,True,nid004909,57783808
SINDI,doc_prune=0.4 query_prune=0.9 n_cand=200,64,0.8069770774,0.9716,57.6367,8.0123,0.0000,0.278044,0.278980;0.275762;0.276769;0.278044;0.278368,39.834384,25103.94,,27.37,0,6980,10,True,nid004909,57783808
SINDI,doc_prune=0.7 query_prune=0.3 n_cand=200,64,0.8074928367,0.9986,52.1485,8.0123,0.0000,0.701813,0.701534;0.701540;0.702489;0.701813;0.703231,100.546275,9945.67,,27.37,0,6980,10,True,nid004909,57783808
SINDI,doc_prune=0.7 query_prune=0.1 n_cand=200,64,0.8075787966,0.9986,52.1485,8.0123,0.0000,0.879959,0.879959;0.877764;0.877724;0.880420;0.882857,126.068625,7932.19,,27.37,0,6980,10,True,nid004909,57783808
SINDI,doc_prune=0.7 query_prune=0 n_cand=200,64,0.8075931232,0.9986,52.1485,8.0123,0.0000,0.978965,0.976088;0.978965;0.978941;0.979102;0.979329,140.252865,7129.98,,27.37,0,6980,10,True,nid004909,57783808
SINDI,doc_prune=0.7 query_prune=0.2 n_cand=200,64,0.8076504298,0.9986,52.1485,8.0123,0.0000,0.791151,0.791374;0.792614;0.791144;0.791151;0.790616,113.345415,8822.59,,27.37,0,6980,10,True,nid004909,57783808
SINDI,doc_prune=0.4 query_prune=0.9 n_cand=50,64,0.8077793696,0.9536,58.8358,8.1851,0.0000,0.198789,0.197418;0.199248;0.198789;0.198453;0.199212,28.479799,35112.61,,27.38,0,6980,10,True,nid004904,57783803
SINDI,doc_prune=0.4 query_prune=0.9 n_cand=50,64,0.8077936963,0.9536,63.7468,8.1156,0.0000,0.574235,0.572302;0.574708;0.574268;0.572290;0.574235,82.268625,12155.30,,30.23,0,6980,10,True,nid004907,57783806
SINDI,doc_prune=0.4 query_prune=0.9 n_cand=50,64,0.8078080229,0.9536,57.5599,8.0498,0.0000,0.208600,0.209643;0.208442;0.208999;0.208600;0.208273,29.885387,33461.17,,27.16,0,6980,10,True,nid004908,57783807
SINDI,doc_prune=0.4 query_prune=0.9 n_cand=50,64,0.8078939828,0.9537,57.0267,8.1487,0.0000,0.254928,0.253922;0.254362;0.255047;0.254928;0.255646,36.522636,27380.28,,24.55,0,6980,10,True,nid004906,57783805
SINDI,doc_prune=0.4 query_prune=0.9 n_cand=50,64,0.8080945559,0.9536,56.1978,8.0978,0.0000,0.170308,0.171090;0.170056;0.170459;0.170308;0.170019,24.399427,40984.57,,23.08,0,6980,10,True,nid004905,57783804
SINDI,doc_prune=0.3 query_prune=0.9 n_cand=200,64,0.8129512894,0.9725,60.6069,8.0123,0.0000,0.296503,0.296465;0.296943;0.298039;0.296029;0.296503,42.478940,23541.08,,27.37,0,6980,10,True,nid004909,57783808
SINDI,doc_prune=0.8 query_prune=0.7 n_cand=1000,64,0.8154584527,0.9981,50.6618,8.0123,0.0000,0.332877,0.332877;0.333203;0.332608;0.332904;0.332440,47.690115,20968.71,,27.37,0,6980,10,True,nid004909,57783808
SINDI,doc_prune=0.2 query_prune=0.9 n_cand=200,64,0.8162177650,0.9731,64.5137,8.0123,0.0000,0.333968,0.334714;0.332685;0.333968;0.335000;0.333529,47.846418,20900.21,,27.37,0,6980,10,True,nid004909,57783808
SINDI,doc_prune=0.7 query_prune=0.9 n_cand=200,64,0.8165472779,0.9655,51.8677,8.0978,0.0000,0.108578,0.108740;0.108530;0.108578;0.108848;0.108510,15.555587,64285.58,,23.08,0,6980,10,True,nid004905,57783804
SINDI,doc_prune=0.7 query_prune=0.9 n_cand=200,64,0.8166762178,0.9649,52.9532,8.1851,0.0000,0.127514,0.127554;0.127523;0.126938;0.127318;0.127514,18.268481,54739.09,,27.38,0,6980,10,True,nid004904,57783803
SINDI,doc_prune=0.7 query_prune=0.9 n_cand=200,64,0.8166905444,0.9649,51.9159,8.1487,0.0000,0.167423,0.167423;0.167350;0.167219;0.167857;0.167591,23.986103,41690.81,,24.55,0,6980,10,True,nid004906,57783805
SINDI,doc_prune=0.7 query_prune=0.9 n_cand=200,64,0.8166905444,0.9649,51.9309,8.0498,0.0000,0.122906,0.122697;0.122902;0.122906;0.123080;0.123175,17.608309,56791.37,,27.16,0,6980,10,True,nid004908,57783807
SINDI,doc_prune=0.8 query_prune=0.5 n_cand=1000,64,0.8171346705,0.9987,50.6618,8.0123,0.0000,0.426245,0.426425;0.426993;0.425986;0.426125;0.426245,61.066619,16375.56,,27.37,0,6980,10,True,nid004909,57783808
SINDI,doc_prune=0.3 query_prune=0.9 n_cand=50,64,0.8174212034,0.9553,66.8358,8.1156,0.0000,0.582034,0.582034;0.581993;0.579978;0.582757;0.582777,83.385960,11992.43,,30.23,0,6980,10,True,nid004907,57783806
SINDI,doc_prune=0.3 query_prune=0.9 n_cand=50,64,0.8174355301,0.9553,61.5150,8.1851,0.0000,0.258753,0.258888;0.257212;0.258791;0.256971;0.258753,37.070630,26975.53,,27.38,0,6980,10,True,nid004904,57783803
SINDI,doc_prune=0.3 query_prune=0.9 n_cand=50,64,0.8174498567,0.9553,60.3300,8.0498,0.0000,0.240234,0.242245;0.239672;0.240117;0.240234;0.240775,34.417479,29055.00,,27.16,0,6980,10,True,nid004908,57783807
SINDI,doc_prune=0.3 query_prune=0.9 n_cand=50,64,0.8174785100,0.9554,58.4104,8.0978,0.0000,0.203887,0.204158;0.203898;0.203541;0.203536;0.203887,29.210172,34234.65,,23.08,0,6980,10,True,nid004905,57783804
SINDI,doc_prune=0.3 query_prune=0.9 n_cand=50,64,0.8175358166,0.9554,59.3424,8.1487,0.0000,0.295443,0.295309;0.295443;0.294022;0.295732;0.296088,42.327077,23625.54,,24.55,0,6980,10,True,nid004906,57783805
SINDI,doc_prune=0.8 query_prune=0.3 n_cand=1000,64,0.8177220630,0.9987,50.6618,8.0123,0.0000,0.513946,0.513428;0.513665;0.515061;0.513946;0.514615,73.631232,13581.19,,27.37,0,6980,10,True,nid004909,57783808
SINDI,doc_prune=0.8 query_prune=0.1 n_cand=1000,64,0.8178366762,0.9987,50.6618,8.0123,0.0000,0.604826,0.604806;0.605688;0.604835;0.604652;0.604826,86.651289,11540.51,,27.37,0,6980,10,True,nid004909,57783808
SINDI,doc_prune=0.8 query_prune=0.2 n_cand=1000,64,0.8178366762,0.9987,50.6618,8.0123,0.0000,0.560035,0.560785;0.560035;0.560013;0.560720;0.559715,80.234241,12463.51,,27.37,0,6980,10,True,nid004909,57783808
SINDI,doc_prune=0.8 query_prune=0 n_cand=1000,64,0.8178653295,0.9987,50.6618,8.0123,0.0000,0.654095,0.655152;0.655076;0.652908;0.652736;0.654095,93.709885,10671.23,,27.37,0,6980,10,True,nid004909,57783808
SINDI,doc_prune=0.1 query_prune=0.5 n_cand=10,64,0.8186389685,0.9997,71.1279,8.0123,0.0000,2.420305,2.413644;2.423888;2.422218;2.419763;2.420305,346.748567,2883.93,,27.37,0,6980,10,True,nid004909,57783808
SINDI,doc_prune=0.1 query_prune=0.9 n_cand=200,64,0.8186962751,0.9725,71.1279,8.0123,0.0000,0.373835,0.373835;0.373349;0.375975;0.372935;0.374773,53.558023,18671.34,,27.37,0,6980,10,True,nid004909,57783808
SINDI,doc_prune=0.7 query_prune=0.9 n_cand=1000,64,0.8192120344,0.9808,52.1485,8.0123,0.0000,0.279157,0.279396;0.278989;0.279157;0.279739;0.277938,39.993840,25003.85,,27.37,0,6980,10,True,nid004909,57783808
SINDI,doc_prune=0 query_prune=0.9 n_cand=200,64,0.8198137536,0.9723,90.4895,8.0123,0.0000,0.500967,0.501119;0.498991;0.499863;0.500967;0.502726,71.771777,13933.05,,27.37,0,6980,10,True,nid004909,57783808
SINDI,doc_prune=0.2 query_prune=0.9 n_cand=50,64,0.8226217765,0.9557,71.0080,8.1156,0.0000,0.603451,0.599986;0.604538;0.601138;0.606553;0.603451,86.454298,11566.80,,30.23,0,6980,10,True,nid004907,57783806
SINDI,doc_prune=0.2 query_prune=0.9 n_cand=50,64,0.8226361032,0.9557,65.3485,8.1851,0.0000,0.299683,0.298550;0.299608;0.299683;0.299762;0.299796,42.934527,23291.28,,27.38,0,6980,10,True,nid004904,57783803
SINDI,doc_prune=0.2 query_prune=0.9 n_cand=50,64,0.8226504298,0.9557,64.3194,8.0498,0.0000,0.291828,0.291828;0.291234;0.291195;0.293177;0.291907,41.809169,23918.20,,27.16,0,6980,10,True,nid004908,57783807
SINDI,doc_prune=0.2 query_prune=0.9 n_cand=50,64,0.8227220630,0.9559,61.3432,8.0978,0.0000,0.245522,0.245014;0.245589;0.245522;0.245868;0.245419,35.175072,28429.22,,23.08,0,6980,10,True,nid004905,57783804
SINDI,doc_prune=0.2 query_prune=0.9 n_cand=50,64,0.8227507163,0.9559,63.0529,8.1487,0.0000,0.335384,0.336338;0.335908;0.335384;0.335297;0.334176,48.049284,20811.96,,24.55,0,6980,10,True,nid004906,57783805
SINDI,doc_prune=0.5 query_prune=0.7 n_cand=50,64,0.8235673352,0.9997,55.6074,8.0123,0.0000,0.622219,0.621837;0.624298;0.623173;0.622095;0.622219,89.143123,11217.92,,27.37,0,6980,10,True,nid004909,57783808
SINDI,doc_prune=0.3 query_prune=0.7 n_cand=20,64,0.8255157593,0.9991,60.6069,8.0123,0.0000,1.039958,1.040962;1.031760;1.039958;1.042535;1.037310,148.991117,6711.81,,27.37,0,6980,10,True,nid004909,57783808
SINDI,doc_prune=0.1 query_prune=0.9 n_cand=50,64,0.8255873926,0.9559,65.8598,8.0978,0.0000,0.296615,0.296634;0.296608;0.296082;0.296913;0.296615,42.494986,23532.19,,23.08,0,6980,10,True,nid004905,57783804
SINDI,doc_prune=0.1 query_prune=0.9 n_cand=50,64,0.8257163324,0.9556,71.1817,8.0498,0.0000,0.376457,0.376004;0.375319;0.376982;0.376457;0.378437,53.933668,18541.29,,27.16,0,6980,10,True,nid004908,57783807
SINDI,doc_prune=0.1 query_prune=0.9 n_cand=50,64,0.8257306590,0.9556,71.9417,8.1851,0.0000,0.369418,0.369237;0.368038;0.369418;0.370347;0.370176,52.925215,18894.59,,27.38,0,6980,10,True,nid004904,57783803
SINDI,doc_prune=0.1 query_prune=0.9 n_cand=50,64,0.8257306590,0.9556,77.9615,8.1156,0.0000,0.601439,0.600874;0.600481;0.602684;0.601439;0.604763,86.166046,11605.50,,30.23,0,6980,10,True,nid004907,57783806
SINDI,doc_prune=0.1 query_prune=0.9 n_cand=50,64,0.8257593123,0.9557,68.8096,8.1487,0.0000,0.363258,0.363258;0.361394;0.364315;0.363055;0.365557,52.042693,19214.99,,24.55,0,6980,10,True,nid004906,57783805
SINDI,doc_prune=0 query_prune=0.9 n_cand=50,64,0.8266905444,0.9560,77.5082,8.0978,0.0000,0.421474,0.421355;0.421675;0.421527;0.421474;0.421364,60.383095,16560.93,,23.08,0,6980,10,True,nid004905,57783804
SINDI,doc_prune=0 query_prune=0.9 n_cand=50,64,0.8269627507,0.9559,91.4632,8.1851,0.0000,0.521047,0.521524;0.519163;0.521505;0.520723;0.521047,74.648567,13396.10,,27.38,0,6980,10,True,nid004904,57783803
SINDI,doc_prune=0 query_prune=0.9 n_cand=50,64,0.8269627507,0.9559,96.6554,8.1156,0.0000,0.739225,0.740049;0.739014;0.739225;0.739234;0.738887,105.906160,9442.32,,30.23,0,6980,10,True,nid004907,57783806
SINDI,doc_prune=0 query_prune=0.9 n_cand=50,64,0.8269770774,0.9560,84.4698,8.1487,0.0000,0.506342,0.506651;0.506342;0.505856;0.506470;0.505005,72.541834,13785.15,,24.55,0,6980,10,True,nid004906,57783805
SINDI,doc_prune=0 query_prune=0.9 n_cand=50,64,0.8269770774,0.9559,91.1434,8.0498,0.0000,0.496425,0.497033;0.498037;0.496425;0.496059;0.496422,71.121060,14060.53,,27.16,0,6980,10,True,nid004908,57783807
SINDI,doc_prune=0.5 query_prune=0.5 n_cand=50,64,0.8274068768,0.9999,55.6074,8.0123,0.0000,1.030999,1.030999;1.028294;1.028645;1.031261;1.031530,147.707593,6770.13,,27.37,0,6980,10,True,nid004909,57783808
SINDI,doc_prune=0.5 query_prune=0.3 n_cand=50,64,0.8279369628,0.9999,55.6074,8.0123,0.0000,1.372208,1.372208;1.374625;1.372066;1.373783;1.370507,196.591404,5086.69,,27.37,0,6980,10,True,nid004909,57783808
SINDI,doc_prune=0.3 query_prune=0.5 n_cand=10,64,0.8281518625,0.9999,61.5150,8.1851,0.0000,1.612200,1.612267;1.611969;1.620057;1.612200;1.612172,230.974212,4329.49,,27.38,0,6980,10,True,nid004904,57783803
SINDI,doc_prune=0.3 query_prune=0.5 n_cand=10,64,0.8281518625,0.9999,66.8358,8.1156,0.0000,3.606128,3.606128;3.581505;3.616399;3.613485;3.599090,516.637249,1935.59,,30.23,0,6980,10,True,nid004907,57783806
SINDI,doc_prune=0.3 query_prune=0.5 n_cand=10,64,0.8281518625,0.9999,60.3300,8.0498,0.0000,1.534366,1.546085;1.526658;1.534366;1.530904;1.542982,219.823209,4549.11,,27.16,0,6980,10,True,nid004908,57783807
SINDI,doc_prune=0.3 query_prune=0.5 n_cand=10,64,0.8282234957,0.9999,59.3424,8.1487,0.0000,1.823228,1.816043;1.824445;1.815302;1.823228;1.823990,261.207450,3828.37,,24.55,0,6980,10,True,nid004906,57783805
SINDI,doc_prune=0.5 query_prune=0.2 n_cand=50,64,0.8282521490,0.9999,55.6074,8.0123,0.0000,1.547993,1.542701;1.550985;1.547993;1.544880;1.552593,221.775501,4509.06,,27.37,0,6980,10,True,nid004909,57783808
SINDI,doc_prune=0.5 query_prune=0 n_cand=50,64,0.8282808023,0.9999,55.6074,8.0123,0.0000,1.855139,1.862614;1.854625;1.853367;1.855139;1.857940,265.779226,3762.52,,27.37,0,6980,10,True,nid004909,57783808
SINDI,doc_prune=0.5 query_prune=0.1 n_cand=50,64,0.8283094556,0.9999,55.6074,8.0123,0.0000,1.698321,1.698321;1.694961;1.698668;1.700455;1.697429,243.312464,4109.94,,27.37,0,6980,10,True,nid004909,57783808
SINDI,doc_prune=0.3 query_prune=0.5 n_cand=10,64,0.8283810888,0.9999,58.4104,8.0978,0.0000,1.253323,1.258466;1.251346;1.253323;1.252195;1.255055,179.559169,5569.19,,23.08,0,6980,10,True,nid004905,57783804
SINDI,doc_prune=0.1 query_prune=0.3 n_cand=10,64,0.8328080229,0.9997,71.1279,8.0123,0.0000,3.138039,3.138544;3.136951;3.132318;3.138039;3.142831,449.575788,2224.32,,27.37,0,6980,10,True,nid004909,57783808
SINDI,doc_prune=0.2 query_prune=0.7 n_cand=10,64,0.8336246418,0.9997,63.0529,8.1487,0.0000,1.330274,1.333277;1.333832;1.330274;1.329578;1.328853,190.583668,5247.04,,24.55,0,6980,10,True,nid004906,57783805
SINDI,doc_prune=0.2 query_prune=0.7 n_cand=10,64,0.8337392550,0.9997,65.3485,8.1851,0.0000,1.251481,1.258403;1.251481;1.256179;1.251213;1.248893,179.295272,5577.39,,27.38,0,6980,10,True,nid004904,57783803
SINDI,doc_prune=0.2 query_prune=0.7 n_cand=10,64,0.8337392550,0.9997,71.0080,8.1156,0.0000,2.412110,2.407248;2.419027;2.412110;2.412086;2.414154,345.574499,2893.73,,30.23,0,6980,10,True,nid004907,57783806
SINDI,doc_prune=0.2 query_prune=0.7 n_cand=10,64,0.8337535817,0.9997,64.3194,8.0498,0.0000,1.218599,1.216490;1.212847;1.218599;1.219296;1.219315,174.584384,5727.89,,27.16,0,6980,10,True,nid004908,57783807
SINDI,doc_prune=0.2 query_prune=0.7 n_cand=10,64,0.8338108883,0.9997,61.3432,8.0978,0.0000,1.007283,0.997647;1.009811;1.007405;1.002736;1.007283,144.309885,6929.53,,23.08,0,6980,10,True,nid004905,57783804
SINDI,doc_prune=0.3 query_prune=0.3 n_cand=10,64,0.8342550143,1.0000,61.5150,8.1851,0.0000,2.090233,2.091614;2.092427;2.081418;2.090233;2.088212,299.460315,3339.34,,27.38,0,6980,10,True,nid004904,57783803
SINDI,doc_prune=0.3 query_prune=0.3 n_cand=10,64,0.8342550143,1.0000,66.8358,8.1156,0.0000,4.730789,4.725474;4.730789;4.764519;4.723871;4.738858,677.763467,1475.44,,30.23,0,6980,10,True,nid004907,57783806
SINDI,doc_prune=0.3 query_prune=0.3 n_cand=10,64,0.8342550143,1.0000,60.3300,8.0498,0.0000,1.927604,1.927604;1.927131;1.926247;1.933857;1.937320,276.161032,3621.08,,27.16,0,6980,10,True,nid004908,57783807
SINDI,doc_prune=0.3 query_prune=0.3 n_cand=10,64,0.8343696275,1.0000,59.3424,8.1487,0.0000,2.432171,2.440587;2.432171;2.434041;2.425966;2.429191,348.448567,2869.86,,24.55,0,6980,10,True,nid004906,57783805
SINDI,doc_prune=0.3 query_prune=0.2 n_cand=10,64,0.8346131805,1.0000,61.5150,8.1851,0.0000,2.296393,2.296756;2.291615;2.294863;2.310152;2.296393,328.996132,3039.55,,27.38,0,6980,10,True,nid004904,57783803
SINDI,doc_prune=0.3 query_prune=0.3 n_cand=10,64,0.8346131805,1.0000,58.4104,8.0978,0.0000,1.695979,1.697267;1.698266;1.695979;1.691266;1.690598,242.976934,4115.62,,23.08,0,6980,10,True,nid004905,57783804
SINDI,doc_prune=0.3 query_prune=0.2 n_cand=10,64,0.8346131805,1.0000,66.8358,8.1156,0.0000,5.303147,5.303147;5.282356;5.283671;5.317698;5.312170,759.763181,1316.20,,30.23,0,6980,10,True,nid004907,57783806
SINDI,doc_prune=0.3 query_prune=0.2 n_cand=10,64,0.8346131805,1.0000,60.3300,8.0498,0.0000,2.112645,2.115238;2.105882;2.112645;2.129660;2.112172,302.671203,3303.92,,27.16,0,6980,10,True,nid004908,57783807
SINDI,doc_prune=0.3 query_prune=0.2 n_cand=10,64,0.8347564470,1.0000,59.3424,8.1487,0.0000,2.706074,2.705138;2.704584;2.706074;2.728369;2.706428,387.689685,2579.38,,24.55,0,6980,10,True,nid004906,57783805
SINDI,doc_prune=0.3 query_prune=0 n_cand=10,64,0.8348567335,1.0000,61.5150,8.1851,0.0000,2.682873,2.675114;2.675321;2.685556;2.686903;2.682873,384.365759,2601.69,,27.38,0,6980,10,True,nid004904,57783803
SINDI,doc_prune=0.3 query_prune=0.1 n_cand=10,64,0.8348567335,1.0000,61.5150,8.1851,0.0000,2.478955,2.478933;2.474126;2.478955;2.484390;2.486422,355.151146,2815.70,,27.38,0,6980,10,True,nid004904,57783803
SINDI,doc_prune=0.3 query_prune=0 n_cand=10,64,0.8348567335,1.0000,66.8358,8.1156,0.0000,6.290501,6.263362;6.280060;6.290501;6.354274;6.348699,901.217908,1109.61,,30.23,0,6980,10,True,nid004907,57783806
SINDI,doc_prune=0.3 query_prune=0.1 n_cand=10,64,0.8348567335,1.0000,66.8358,8.1156,0.0000,5.864061,5.864061;5.877401;5.844540;5.867434;5.820533,840.123352,1190.30,,30.23,0,6980,10,True,nid004907,57783806
SINDI,doc_prune=0.3 query_prune=0 n_cand=10,64,0.8348567335,1.0000,60.3300,8.0498,0.0000,2.490614,2.484525;2.490614;2.493534;2.487086;2.499288,356.821490,2802.52,,27.16,0,6980,10,True,nid004908,57783807
SINDI,doc_prune=0.3 query_prune=0.1 n_cand=10,64,0.8348567335,1.0000,60.3300,8.0498,0.0000,2.300701,2.292302;2.300701;2.302120;2.296587;2.302914,329.613324,3033.86,,27.16,0,6980,10,True,nid004908,57783807
SINDI,doc_prune=0.1 query_prune=0.2 n_cand=10,64,0.8349283668,0.9997,71.1279,8.0123,0.0000,3.503738,3.506104;3.501766;3.510680;3.501556;3.503738,501.968195,1992.16,,27.37,0,6980,10,True,nid004909,57783808
SINDI,doc_prune=0.3 query_prune=0.2 n_cand=10,64,0.8349713467,1.0000,58.4104,8.0978,0.0000,1.899424,1.898539;1.897730;1.899943;1.907293;1.899424,272.123782,3674.80,,23.08,0,6980,10,True,nid004905,57783804
SINDI,doc_prune=0.3 query_prune=0 n_cand=10,64,0.8349713467,1.0000,59.3424,8.1487,0.0000,3.237815,3.231236;3.237815;3.237662;3.240407;3.238510,463.870344,2155.77,,24.55,0,6980,10,True,nid004906,57783805
SINDI,doc_prune=0.3 query_prune=0.1 n_cand=10,64,0.8350286533,1.0000,59.3424,8.1487,0.0000,2.977994,2.974756;2.978020;2.977994;2.973508;2.991771,426.646705,2343.86,,24.55,0,6980,10,True,nid004906,57783805
SINDI,doc_prune=0.3 query_prune=0 n_cand=10,64,0.8351289398,1.0000,58.4104,8.0978,0.0000,2.290394,2.287051;2.297262;2.293518;2.290394;2.285034,328.136676,3047.51,,23.08,0,6980,10,True,nid004905,57783804
SINDI,doc_prune=0.3 query_prune=0.1 n_cand=10,64,0.8351432665,1.0000,58.4104,8.0978,0.0000,2.085562,2.087385;2.084844;2.089238;2.085562;2.085417,298.791117,3346.82,,23.08,0,6980,10,True,nid004905,57783804
SINDI,doc_prune=0 query_prune=0.5 n_cand=10,64,0.8354297994,0.9996,90.4895,8.0123,0.0000,3.769674,3.768767;3.769852;3.772868;3.768613;3.769674,540.067908,1851.62,,27.37,0,6980,10,True,nid004909,57783808
SINDI,doc_prune=0.1 query_prune=0 n_cand=10,64,0.8359312321,0.9997,71.1279,8.0123,0.0000,4.270450,4.296090;4.238394;4.270450;4.276395;4.253197,611.812321,1634.49,,27.37,0,6980,10,True,nid004909,57783808
SINDI,doc_prune=0.1 query_prune=0.1 n_cand=10,64,0.8359598854,0.9997,71.1279,8.0123,0.0000,3.906983,3.906983;3.913342;3.941564;3.883662;3.893847,559.739685,1786.54,,27.37,0,6980,10,True,nid004909,57783808
SINDI,doc_prune=0.3 query_prune=0.5 n_cand=20,64,0.8372779370,0.9997,60.6069,8.0123,0.0000,1.685043,1.685500;1.685043;1.673798;1.684888;1.685069,241.410172,4142.33,,27.37,0,6980,10,True,nid004909,57783808
SINDI,doc_prune=0.5 query_prune=0.7 n_cand=20,64,0.8381232092,0.9991,56.6646,8.1851,0.0000,0.535756,0.534450;0.535770;0.535138;0.536806;0.535756,76.755874,13028.32,,27.38,0,6980,10,True,nid004904,57783803
SINDI,doc_prune=0.5 query_prune=0.7 n_cand=20,64,0.8381375358,0.9991,55.3873,8.0498,0.0000,0.524118,0.522835;0.524118;0.525727;0.525076;0.521761,75.088539,13317.61,,27.16,0,6980,10,True,nid004908,57783807
SINDI,doc_prune=0.5 query_prune=0.7 n_cand=20,64,0.8381518625,0.9991,55.0151,8.1487,0.0000,0.688450,0.688108;0.686229;0.688707;0.688450;0.689926,98.631805,10138.72,,24.55,0,6980,10,True,nid004906,57783805
SINDI,doc_prune=0.5 query_prune=0.7 n_cand=20,64,0.8381518625,0.9991,61.3069,8.1156,0.0000,1.503127,1.499335;1.503127;1.504975;1.502411;1.505286,215.347708,4643.65,,30.23,0,6980,10,True,nid004907,57783806
SINDI,doc_prune=0.5 query_prune=0.7 n_cand=20,64,0.8382808023,0.9991,54.5847,8.0978,0.0000,0.428523,0.429173;0.428523;0.427264;0.429417;0.427470,61.392980,16288.51,,23.08,0,6980,10,True,nid004905,57783804
SINDI,doc_prune=0.3 query_prune=0.1 n_cand=20,64,0.8384670487,0.9997,60.6069,8.0123,0.0000,2.628795,2.621921;2.628795;2.635140;2.621204;2.635825,376.618195,2655.21,,27.37,0,6980,10,True,nid004909,57783808
SINDI,doc_prune=0.3 query_prune=0.2 n_cand=20,64,0.8385100287,0.9997,60.6069,8.0123,0.0000,2.450025,2.450025;2.457939;2.446319;2.446821;2.452143,351.006447,2848.95,,27.37,0,6980,10,True,nid004909,57783808
SINDI,doc_prune=0.3 query_prune=0 n_cand=20,64,0.8385673352,0.9997,60.6069,8.0123,0.0000,2.823865,2.819824;2.827651;2.817809;2.823865;2.833892,404.565186,2471.79,,27.37,0,6980,10,True,nid004909,57783808
SINDI,doc_prune=0.3 query_prune=0.3 n_cand=20,64,0.8387392550,0.9997,60.6069,8.0123,0.0000,2.221145,2.199449;2.223618;2.234524;2.218789;2.221145,318.215616,3142.52,,27.37,0,6980,10,True,nid004909,57783808
SINDI,doc_prune=0.8 query_prune=0.9 n_cand=1000,64,0.8397134670,0.9732,50.5467,8.0978,0.0000,0.197227,0.197141;0.197227;0.197274;0.197178;0.197411,28.256017,35390.69,,23.08,0,6980,10,True,nid004905,57783804
SINDI,doc_prune=0.8 query_prune=0.9 n_cand=1000,64,0.8398137536,0.9732,50.2061,8.0498,0.0000,0.216995,0.217539;0.217312;0.216905;0.216899;0.216995,31.088109,32166.64,,27.16,0,6980,10,True,nid004908,57783807
SINDI,doc_prune=0.8 query_prune=0.9 n_cand=1000,64,0.8398280802,0.9732,51.2584,8.1851,0.0000,0.203710,0.203671;0.203710;0.203727;0.203629;0.203720,29.184814,34264.40,,27.38,0,6980,10,True,nid004904,57783803
SINDI,doc_prune=0.8 query_prune=0.9 n_cand=1000,64,0.8398280802,0.9731,50.3306,8.1487,0.0000,0.308933,0.307592;0.307865;0.310378;0.309834;0.308933,44.259742,22593.90,,24.55,0,6980,10,True,nid004906,57783805
SINDI,doc_prune=0.2 query_prune=0.7 n_cand=20,64,0.8435243553,0.9991,64.5137,8.0123,0.0000,1.264870,1.266989;1.270553;1.257869;1.264870;1.264404,181.213467,5518.35,,27.37,0,6980,10,True,nid004909,57783808
SINDI,doc_prune=0.9 query_prune=0.9 n_cand=5000,64,0.8439971347,0.9774,48.8573,8.0978,0.0000,0.675080,0.675080;0.674574;0.674388;0.675354;0.675220,96.716332,10339.52,,23.08,0,6980,10,True,nid004905,57783804
SINDI,doc_prune=0.9 query_prune=0.9 n_cand=5000,64,0.8440544413,0.9774,49.4823,8.1851,0.0000,0.691725,0.691431;0.691785;0.691438;0.692005;0.691725,99.101003,10090.72,,27.38,0,6980,10,True,nid004904,57783803
SINDI,doc_prune=0.9 query_prune=0.9 n_cand=5000,64,0.8440687679,0.9774,48.6364,8.1487,0.0000,1.092037,1.092037;1.092192;1.093170;1.090971;1.091465,156.452292,6391.72,,24.55,0,6980,10,True,nid004906,57783805
SINDI,doc_prune=0.9 query_prune=0.9 n_cand=5000,64,0.8440687679,0.9774,48.4949,8.0498,0.0000,0.800241,0.801619;0.799930;0.800241;0.801053;0.799629,114.647708,8722.37,,27.16,0,6980,10,True,nid004908,57783807
SINDI,doc_prune=0.5 query_prune=0.5 n_cand=20,64,0.8450573066,0.9999,61.3069,8.1156,0.0000,2.451624,2.451979;2.445947;2.451624;2.447633;2.453664,351.235530,2847.09,,30.23,0,6980,10,True,nid004907,57783806
SINDI,doc_prune=0.5 query_prune=0.5 n_cand=20,64,0.8450573066,0.9999,55.3873,8.0498,0.0000,0.841760,0.840784;0.840967;0.841760;0.846186;0.845221,120.595989,8292.15,,27.16,0,6980,10,True,nid004908,57783807
SINDI,doc_prune=0.5 query_prune=0.5 n_cand=20,64,0.8450716332,0.9999,56.6646,8.1851,0.0000,0.864613,0.864297;0.864613;0.858548;0.864684;0.867115,123.870057,8072.98,,27.38,0,6980,10,True,nid004904,57783803
SINDI,doc_prune=0.5 query_prune=0.5 n_cand=20,64,0.8450859599,0.9999,55.0151,8.1487,0.0000,1.094521,1.094482;1.094611;1.094521;1.094317;1.095844,156.808166,6377.22,,24.55,0,6980,10,True,nid004906,57783805
SINDI,doc_prune=0.5 query_prune=0.5 n_cand=20,64,0.8453151862,0.9999,54.5847,8.0978,0.0000,0.677960,0.677960;0.677179;0.677668;0.679738;0.680255,97.128940,10295.59,,23.08,0,6980,10,True,nid004905,57783804
SINDI,doc_prune=0.6 query_prune=0.9 n_cand=1000,64,0.8455730659,0.9831,53.6786,8.0123,0.0000,0.357178,0.355641;0.358636;0.356254;0.357851;0.357178,51.171633,19542.08,,27.37,0,6980,10,True,nid004909,57783808
SINDI,doc_prune=0.5 query_prune=0.2 n_cand=20,64,0.8470200573,0.9997,56.6646,8.1851,0.0000,1.343167,1.343167;1.340876;1.344812;1.343734;1.336337,192.430802,5196.67,,27.38,0,6980,10,True,nid004904,57783803
SINDI,doc_prune=0.5 query_prune=0.2 n_cand=20,64,0.8470343840,0.9997,61.3069,8.1156,0.0000,3.585415,3.587792;3.580528;3.587867;3.584325;3.585415,513.669771,1946.78,,30.23,0,6980,10,True,nid004907,57783806
SINDI,doc_prune=0.5 query_prune=0.2 n_cand=20,64,0.8470343840,0.9997,55.3873,8.0498,0.0000,1.289683,1.297185;1.287880;1.294536;1.289683;1.289266,184.768338,5412.18,,27.16,0,6980,10,True,nid004908,57783807
SINDI,doc_prune=0.5 query_prune=0.3 n_cand=20,64,0.8470487106,0.9999,55.0151,8.1487,0.0000,1.446637,1.441656;1.445700;1.446637;1.457076;1.452025,207.254585,4824.98,,24.55,0,6980,10,True,nid004906,57783805
SINDI,doc_prune=0.5 query_prune=0.2 n_cand=20,64,0.8470630372,0.9997,55.0151,8.1487,0.0000,1.624038,1.629468;1.624038;1.623902;1.627394;1.621895,232.670201,4297.93,,24.55,0,6980,10,True,nid004906,57783805
SINDI,doc_prune=0.5 query_prune=0 n_cand=20,64,0.8470916905,0.9997,55.0151,8.1487,0.0000,1.944978,1.947158;1.944978;1.943965;1.943724;1.948520,278.650143,3588.73,,24.55,0,6980,10,True,nid004906,57783805
SINDI,doc_prune=0.5 query_prune=0 n_cand=20,64,0.8471060172,0.9997,56.6646,8.1851,0.0000,1.655276,1.654584;1.655823;1.655276;1.653523;1.660379,237.145559,4216.82,,27.38,0,6980,10,True,nid004904,57783803
SINDI,doc_prune=0.5 query_prune=0.1 n_cand=20,64,0.8471203438,0.9997,55.0151,8.1487,0.0000,1.779976,1.783050;1.776764;1.779976;1.782217;1.779656,255.010888,3921.40,,24.55,0,6980,10,True,nid004906,57783805
SINDI,doc_prune=0.5 query_prune=0 n_cand=20,64,0.8471203438,0.9997,55.3873,8.0498,0.0000,1.572522,1.587978;1.572522;1.569450;1.568430;1.582437,225.289685,4438.73,,27.16,0,6980,10,True,nid004908,57783807
SINDI,doc_prune=0.5 query_prune=0.1 n_cand=20,64,0.8471346705,0.9997,56.6646,8.1851,0.0000,1.499130,1.501354;1.499130;1.493813;1.492066;1.504097,214.775072,4656.03,,27.38,0,6980,10,True,nid004904,57783803
SINDI,doc_prune=0.5 query_prune=0.3 n_cand=20,64,0.8471346705,0.9999,56.6646,8.1851,0.0000,1.184292,1.184292;1.184235;1.189123;1.177408;1.188276,169.669341,5893.82,,27.38,0,6980,10,True,nid004904,57783803
SINDI,doc_prune=0.5 query_prune=0.3 n_cand=20,64,0.8471346705,0.9999,54.5847,8.0978,0.0000,0.891918,0.892524;0.890757;0.891918;0.890557;0.892516,127.781948,7825.83,,23.08,0,6980,10,True,nid004905,57783804
SINDI,doc_prune=0.5 query_prune=0 n_cand=20,64,0.8471346705,0.9997,61.3069,8.1156,0.0000,4.417190,4.413457;4.405339;4.420962;4.417190;4.424507,632.835244,1580.19,,30.23,0,6980,10,True,nid004907,57783806
SINDI,doc_prune=0.5 query_prune=0.3 n_cand=20,64,0.8471346705,0.9999,61.3069,8.1156,0.0000,3.274633,3.270027;3.266051;3.283943;3.276387;3.274633,469.145129,2131.54,,30.23,0,6980,10,True,nid004907,57783806
SINDI,doc_prune=0.5 query_prune=0.1 n_cand=20,64,0.8471346705,0.9997,55.3873,8.0498,0.0000,1.432791,1.424643;1.433842;1.439895;1.432791;1.428344,205.270917,4871.61,,27.16,0,6980,10,True,nid004908,57783807
SINDI,doc_prune=0.5 query_prune=0.1 n_cand=20,64,0.8471489971,0.9997,61.3069,8.1156,0.0000,3.978891,3.967455;3.983135;3.978891;3.973058;3.981568,570.041691,1754.26,,30.23,0,6980,10,True,nid004907,57783806
SINDI,doc_prune=0.5 query_prune=0.3 n_cand=20,64,0.8471633238,0.9999,55.3873,8.0498,0.0000,1.146387,1.146387;1.143624;1.147329;1.138761;1.149415,164.238825,6088.69,,27.16,0,6980,10,True,nid004908,57783807
SINDI,doc_prune=0.5 query_prune=0.2 n_cand=20,64,0.8473065903,0.9997,54.5847,8.0978,0.0000,0.997195,0.996944;0.997278;0.997424;0.997195;0.996926,142.864613,6999.63,,23.08,0,6980,10,True,nid004905,57783804
SINDI,doc_prune=0.5 query_prune=0.1 n_cand=20,64,0.8473925501,0.9997,54.5847,8.0978,0.0000,1.099124,1.098638;1.099124;1.100905;1.102421;1.097700,157.467622,6350.51,,23.08,0,6980,10,True,nid004905,57783804
SINDI,doc_prune=0.5 query_prune=0 n_cand=20,64,0.8474068768,0.9997,54.5847,8.0978,0.0000,1.208548,1.209826;1.206534;1.205764;1.208548;1.209751,173.144413,5775.53,,23.08,0,6980,10,True,nid004905,57783804
SINDI,doc_prune=0.8 query_prune=0.9 n_cand=5000,64,0.8494126074,0.9867,50.6618,8.0123,0.0000,0.889520,0.889023;0.887633;0.889520;0.890243;0.889565,127.438395,7846.93,,27.37,0,6980,10,True,nid004909,57783808
SINDI,doc_prune=0.1 query_prune=0.7 n_cand=10,64,0.8499570201,0.9997,65.8598,8.0978,0.0000,1.256522,1.266198;1.246510;1.256490;1.261814;1.256522,180.017479,5555.02,,23.08,0,6980,10,True,nid004905,57783804
SINDI,doc_prune=0.1 query_prune=0.7 n_cand=10,64,0.8503868195,0.9997,71.1817,8.0498,0.0000,1.555379,1.558458;1.551225;1.565635;1.555379;1.551669,222.833668,4487.65,,27.16,0,6980,10,True,nid004908,57783807
SINDI,doc_prune=0.1 query_prune=0.7 n_cand=10,64,0.8504011461,0.9997,71.9417,8.1851,0.0000,1.570126,1.572344;1.565686;1.566418;1.588623;1.570126,224.946418,4445.50,,27.38,0,6980,10,True,nid004904,57783803
SINDI,doc_prune=0.1 query_prune=0.7 n_cand=10,64,0.8504011461,0.9997,77.9615,8.1156,0.0000,2.481078,2.499936;2.481078;2.477566;2.478449;2.490829,355.455301,2813.29,,30.23,0,6980,10,True,nid004907,57783806
SINDI,doc_prune=0.1 query_prune=0.7 n_cand=10,64,0.8504154728,0.9997,68.8096,8.1487,0.0000,1.518239,1.525163;1.517402;1.523160;1.518239;1.514766,217.512751,4597.43,,24.55,0,6980,10,True,nid004906,57783805
SINDI,doc_prune=0.1 query_prune=0.7 n_cand=20,64,0.8515902579,0.9993,71.1279,8.0123,0.0000,1.516322,1.514875;1.511522;1.516322;1.525774;1.523013,217.238109,4603.24,,27.37,0,6980,10,True,nid004909,57783808
SINDI,doc_prune=0.4 query_prune=0.7 n_cand=50,64,0.8522206304,0.9997,57.6367,8.0123,0.0000,0.894780,0.891939;0.893725;0.894780;0.897790;0.894960,128.191977,7800.80,,27.37,0,6980,10,True,nid004909,57783808
SINDI,doc_prune=0.6 query_prune=0.7 n_cand=200,64,0.8537249284,0.9999,53.6786,8.0123,0.0000,0.620572,0.620572;0.619525;0.620606;0.617256;0.623318,88.907163,11247.69,,27.37,0,6980,10,True,nid004909,57783808
SINDI,doc_prune=0.6 query_prune=0.5 n_cand=200,64,0.8562464183,0.9999,53.6786,8.0123,0.0000,0.991809,0.991339;0.992459;0.990464;0.991809;0.995652,142.092980,7037.65,,27.37,0,6980,10,True,nid004909,57783808
SINDI,doc_prune=0.4 query_prune=0.5 n_cand=50,64,0.8566189112,0.9999,57.6367,8.0123,0.0000,1.480751,1.478556;1.483615;1.475481;1.486458;1.480751,212.141977,4713.82,,27.37,0,6980,10,True,nid004909,57783808
SINDI,doc_prune=0.6 query_prune=0 n_cand=200,64,0.8567191977,0.9999,53.6786,8.0123,0.0000,1.800978,1.791900;1.796768;1.800978;1.807973;1.807109,258.019771,3875.67,,27.37,0,6980,10,True,nid004909,57783808
SINDI,doc_prune=0.6 query_prune=0.1 n_cand=200,64,0.8567191977,0.9999,53.6786,8.0123,0.0000,1.623388,1.624467;1.623718;1.621806;1.623388;1.621410,232.577077,4299.65,,27.37,0,6980,10,True,nid004909,57783808
SINDI,doc_prune=0 query_prune=0.7 n_cand=10,64,0.8567335244,0.9997,77.5082,8.0978,0.0000,1.858155,1.858155;1.858566;1.858139;1.858027;1.859081,266.211318,3756.41,,23.08,0,6980,10,True,nid004905,57783804
SINDI,doc_prune=0.6 query_prune=0.3 n_cand=200,64,0.8567621777,0.9999,53.6786,8.0123,0.0000,1.313668,1.309671;1.314023;1.313674;1.305704;1.313668,188.204585,5313.37,,27.37,0,6980,10,True,nid004909,57783808
SINDI,doc_prune=0 query_prune=0.3 n_cand=10,64,0.8568194842,0.9996,90.4895,8.0123,0.0000,5.226543,5.231805;5.222905;5.225288;5.226543;5.227114,748.788395,1335.49,,27.37,0,6980,10,True,nid004909,57783808
SINDI,doc_prune=0.6 query_prune=0.2 n_cand=200,64,0.8568338109,0.9999,53.6786,8.0123,0.0000,1.483033,1.481010;1.482496;1.483033;1.484300;1.484752,212.468911,4706.57,,27.37,0,6980,10,True,nid004909,57783808
SINDI,doc_prune=0.4 query_prune=0.1 n_cand=50,64,0.8570343840,0.9997,57.6367,8.0123,0.0000,2.439114,2.439720;2.436765;2.436448;2.439114;2.445454,349.443266,2861.69,,27.37,0,6980,10,True,nid004909,57783808
SINDI,doc_prune=0.4 query_prune=0.2 n_cand=50,64,0.8570487106,0.9997,57.6367,8.0123,0.0000,2.209130,2.198468;2.204588;2.215641;2.210351;2.209130,316.494269,3159.61,,27.37,0,6980,10,True,nid004909,57783808
SINDI,doc_prune=0.4 query_prune=0.3 n_cand=50,64,0.8570630372,0.9997,57.6367,8.0123,0.0000,1.967578,1.967578;1.962874;1.968743;1.965418;1.968892,281.887966,3547.51,,27.37,0,6980,10,True,nid004909,57783808
SINDI,doc_prune=0.4 query_prune=0 n_cand=50,64,0.8571060172,0.9997,57.6367,8.0123,0.0000,2.579966,2.579966;2.563944;2.581494;2.585175;2.577423,369.622636,2705.46,,27.37,0,6980,10,True,nid004909,57783808
SINDI,doc_prune=0.5 query_prune=0.9 n_cand=1000,64,0.8573352436,0.9844,55.6074,8.0123,0.0000,0.348664,0.348664;0.349075;0.348278;0.349253;0.347976,49.951862,20019.27,,27.37,0,6980,10,True,nid004909,57783808
SINDI,doc_prune=0 query_prune=0.7 n_cand=20,64,0.8573495702,0.9993,90.4895,8.0123,0.0000,2.145379,2.145896;2.141566;2.143531;2.145379;2.146223,307.360888,3253.50,,27.37,0,6980,10,True,nid004909,57783808
SINDI,doc_prune=0 query_prune=0.7 n_cand=10,64,0.8573782235,0.9997,84.4698,8.1487,0.0000,2.239840,2.237638;2.242145;2.241770;2.236838;2.239840,320.893983,3116.29,,24.55,0,6980,10,True,nid004906,57783805
SINDI,doc_prune=0 query_prune=0.7 n_cand=10,64,0.8574785100,0.9997,91.4632,8.1851,0.0000,2.319476,2.323161;2.314754;2.323308;2.318541;2.319476,332.303152,3009.30,,27.38,0,6980,10,True,nid004904,57783803
SINDI,doc_prune=0 query_prune=0.7 n_cand=10,64,0.8574785100,0.9997,96.6554,8.1156,0.0000,3.117386,3.118709;3.107195;3.117386;3.115244;3.130022,446.616905,2239.06,,30.23,0,6980,10,True,nid004907,57783806
SINDI,doc_prune=0 query_prune=0.7 n_cand=10,64,0.8574785100,0.9997,91.1434,8.0498,0.0000,2.243658,2.245900;2.247811;2.243355;2.243658;2.241973,321.440974,3110.99,,27.16,0,6980,10,True,nid004908,57783807
SINDI,doc_prune=0.2 query_prune=0.5 n_cand=20,64,0.8580659026,0.9997,64.5137,8.0123,0.0000,2.060875,2.059841;2.055385;2.060875;2.065829;2.075667,295.254298,3386.91,,27.37,0,6980,10,True,nid004909,57783808
SINDI,doc_prune=0.2 query_prune=0.2 n_cand=20,64,0.8593123209,0.9997,64.5137,8.0123,0.0000,2.839528,2.839528;2.859050;2.839839;2.839448;2.832313,406.809169,2458.16,,27.37,0,6980,10,True,nid004909,57783808
SINDI,doc_prune=0.2 query_prune=0.3 n_cand=20,64,0.8593696275,0.9997,64.5137,8.0123,0.0000,2.592181,2.575886;2.587042;2.605059;2.592181;2.594337,371.372636,2692.71,,27.37,0,6980,10,True,nid004909,57783808
SINDI,doc_prune=0.2 query_prune=0 n_cand=20,64,0.8594412607,0.9997,64.5137,8.0123,0.0000,3.280224,3.278343;3.287695;3.278158;3.280224;3.282949,469.946132,2127.90,,27.37,0,6980,10,True,nid004909,57783808
SINDI,doc_prune=0.2 query_prune=0.1 n_cand=20,64,0.8594842407,0.9997,64.5137,8.0123,0.0000,3.057841,3.060906;3.062135;3.056376;3.051455;3.057841,438.086103,2282.66,,27.37,0,6980,10,True,nid004909,57783808
SINDI,doc_prune=0 query_prune=0.2 n_cand=10,64,0.8619197708,0.9996,90.4895,8.0123,0.0000,5.957513,5.961789;5.957925;5.955130;5.957513;5.951377,853.511891,1171.63,,27.37,0,6980,10,True,nid004909,57783808
SINDI,doc_prune=0.4 query_prune=0.9 n_cand=1000,64,0.8644555874,0.9848,57.6367,8.0123,0.0000,0.408341,0.408114;0.409024;0.407762;0.409207;0.408341,58.501576,17093.56,,27.37,0,6980,10,True,nid004909,57783808
SINDI,doc_prune=0 query_prune=0.1 n_cand=10,64,0.8650000000,0.9996,90.4895,8.0123,0.0000,6.142343,6.115092;6.121706;6.166599;6.157854;6.142343,879.991834,1136.37,,27.37,0,6980,10,True,nid004909,57783808
SINDI,doc_prune=0.6 query_prune=0.9 n_cand=200,64,0.8652292264,0.9693,53.2876,8.1487,0.0000,0.208543,0.209011;0.208149;0.208543;0.208569;0.207951,29.877221,33470.32,,24.55,0,6980,10,True,nid004906,57783805
SINDI,doc_prune=0.6 query_prune=0.9 n_cand=200,64,0.8652578797,0.9693,54.5728,8.1851,0.0000,0.156679,0.156256;0.156745;0.156685;0.156631;0.156679,22.446848,44549.68,,27.38,0,6980,10,True,nid004904,57783803
SINDI,doc_prune=0.6 query_prune=0.9 n_cand=200,64,0.8652578797,0.9693,53.0723,8.0978,0.0000,0.134188,0.134224;0.134188;0.134912;0.134160;0.134179,19.224642,52016.57,,23.08,0,6980,10,True,nid004905,57783804
SINDI,doc_prune=0.6 query_prune=0.9 n_cand=200,64,0.8652722063,0.9693,53.5121,8.0498,0.0000,0.159351,0.159819;0.159179;0.159351;0.160160;0.158902,22.829656,43802.67,,27.16,0,6980,10,True,nid004908,57783807
SINDI,doc_prune=0.3 query_prune=0.7 n_cand=50,64,0.8657879656,0.9999,60.6069,8.0123,0.0000,1.042130,1.040815;1.044475;1.042996;1.037371;1.042130,149.302292,6697.82,,27.37,0,6980,10,True,nid004909,57783808
SINDI,doc_prune=0 query_prune=0 n_cand=10,64,0.8666475645,0.9996,90.4895,8.0123,0.0000,6.800966,6.800966;6.820843;6.808848;6.788475;6.800727,974.350430,1026.32,,27.37,0,6980,10,True,nid004909,57783808
SINDI,doc_prune=0.1 query_prune=0.5 n_cand=20,64,0.8668051576,0.9997,71.1279,8.0123,0.0000,2.429942,2.421930;2.430129;2.439168;2.429942;2.429621,348.129226,2872.50,,27.37,0,6980,10,True,nid004909,57783808
SINDI,doc_prune=0.3 query_prune=0.9 n_cand=1000,64,0.8672492837,0.9850,60.6069,8.0123,0.0000,0.418903,0.418903;0.418551;0.419133;0.419593;0.418448,60.014756,16662.57,,27.37,0,6980,10,True,nid004909,57783808
SINDI,doc_prune=0 query_prune=0.9 n_cand=1000,64,0.8679799427,0.9852,90.4895,8.0123,0.0000,0.603944,0.603554;0.604330;0.603944;0.605211;0.603500,86.524928,11557.36,,27.37,0,6980,10,True,nid004909,57783808
SINDI,doc_prune=0.2 query_prune=0.9 n_cand=1000,64,0.8682951289,0.9852,64.5137,8.0123,0.0000,0.448761,0.449498;0.448761;0.448385;0.448290;0.450085,64.292407,15553.94,,27.37,0,6980,10,True,nid004909,57783808
SINDI,doc_prune=0.1 query_prune=0.3 n_cand=20,64,0.8683810888,0.9997,71.1279,8.0123,0.0000,3.146398,3.145436;3.143978;3.146398;3.146965;3.153126,450.773352,2218.41,,27.37,0,6980,10,True,nid004909,57783808
SINDI,doc_prune=0.1 query_prune=0 n_cand=20,64,0.8683954155,0.9997,71.1279,8.0123,0.0000,4.294876,4.249747;4.296912;4.294876;4.295430;4.263283,615.311748,1625.19,,27.37,0,6980,10,True,nid004909,57783808
SINDI,doc_prune=0.1 query_prune=0.2 n_cand=20,64,0.8684383954,0.9997,71.1279,8.0123,0.0000,3.510676,3.510676;3.510187;3.508690;3.519903;3.517071,502.962178,1988.22,,27.37,0,6980,10,True,nid004909,57783808
SINDI,doc_prune=0.1 query_prune=0.1 n_cand=20,64,0.8684670487,0.9997,71.1279,8.0123,0.0000,3.889230,3.872104;3.887287;3.921842;3.889230;3.926310,557.196275,1794.70,,27.37,0,6980,10,True,nid004909,57783808
SINDI,doc_prune=0.1 query_prune=0.9 n_cand=1000,64,0.8685243553,0.9854,71.1279,8.0123,0.0000,0.482645,0.482645;0.481894;0.482665;0.481267;0.483806,69.146848,14461.98,,27.37,0,6980,10,True,nid004909,57783808
SINDI,doc_prune=0.3 query_prune=0.5 n_cand=50,64,0.8698280802,0.9999,60.6069,8.0123,0.0000,1.689946,1.687186;1.688433;1.689946;1.693465;1.696938,242.112607,4130.31,,27.37,0,6980,10,True,nid004909,57783808
SINDI,doc_prune=0.3 query_prune=0.3 n_cand=50,64,0.8700429799,0.9999,60.6069,8.0123,0.0000,2.234264,2.229180;2.229256;2.235773;2.234264;2.242300,320.095129,3124.07,,27.37,0,6980,10,True,nid004909,57783808
SINDI,doc_prune=0.3 query_prune=0 n_cand=50,64,0.8701575931,0.9999,60.6069,8.0123,0.0000,2.829411,2.830566;2.831296;2.825417;2.829411;2.822608,405.359742,2466.94,,27.37,0,6980,10,True,nid004909,57783808
SINDI,doc_prune=0.3 query_prune=0.1 n_cand=50,64,0.8702578797,0.9999,60.6069,8.0123,0.0000,2.632745,2.637768;2.636284;2.632745;2.631073;2.624336,377.184097,2651.23,,27.37,0,6980,10,True,nid004909,57783808
SINDI,doc_prune=0.3 query_prune=0.2 n_cand=50,64,0.8703008596,0.9999,60.6069,8.0123,0.0000,2.454765,2.464650;2.465759;2.450309;2.454765;2.451851,351.685530,2843.45,,27.37,0,6980,10,True,nid004909,57783808
SINDI,doc_prune=0.9 query_prune=0.7 n_cand=5000,64,0.8717908309,0.9948,48.6364,8.1487,0.0000,1.250760,1.249424;1.250760;1.252306;1.251631;1.249852,179.191977,5580.61,,24.55,0,6980,10,True,nid004906,57783805
SINDI,doc_prune=0.9 query_prune=0.7 n_cand=5000,64,0.8718338109,0.9948,48.4949,8.0498,0.0000,0.896039,0.896039;0.895348;0.895189;0.898254;0.898596,128.372350,7789.84,,27.16,0,6980,10,True,nid004908,57783807
SINDI,doc_prune=0.9 query_prune=0.7 n_cand=5000,64,0.8718481375,0.9948,49.4823,8.1851,0.0000,0.800714,0.800565;0.800851;0.801772;0.800714;0.800686,114.715473,8717.22,,27.38,0,6980,10,True,nid004904,57783803
SINDI,doc_prune=0.9 query_prune=0.7 n_cand=5000,64,0.8719054441,0.9948,48.8573,8.0978,0.0000,0.771757,0.772786;0.771757;0.771482;0.770969;0.771863,110.566905,9044.30,,23.08,0,6980,10,True,nid004905,57783804
SINDI,doc_prune=0 query_prune=0.5 n_cand=20,64,0.8719627507,0.9996,90.4895,8.0123,0.0000,3.778846,3.783764;3.778846;3.774637;3.787134;3.776748,541.381948,1847.12,,27.37,0,6980,10,True,nid004909,57783808
SINDI,doc_prune=0.2 query_prune=0.7 n_cand=50,64,0.8720343840,0.9999,64.5137,8.0123,0.0000,1.271940,1.263643;1.274129;1.271940;1.272817;1.271168,182.226361,5487.68,,27.37,0,6980,10,True,nid004909,57783808
SINDI,doc_prune=0 query_prune=0 n_cand=20,64,0.8730229226,0.9996,90.4895,8.0123,0.0000,6.795574,6.795574;6.787120;6.796460;6.778545;6.800926,973.577937,1027.14,,27.37,0,6980,10,True,nid004909,57783808
SINDI,doc_prune=0 query_prune=0.3 n_cand=20,64,0.8730229226,0.9996,90.4895,8.0123,0.0000,5.238402,5.250632;5.246564;5.238168;5.230078;5.238402,750.487393,1332.47,,27.37,0,6980,10,True,nid004909,57783808
SINDI,doc_prune=0 query_prune=0.1 n_cand=20,64,0.8730515759,0.9996,90.4895,8.0123,0.0000,6.154265,6.167459;6.160645;6.142372;6.154265;6.137935,881.699857,1134.17,,27.37,0,6980,10,True,nid004909,57783808
SINDI,doc_prune=0 query_prune=0.2 n_cand=20,64,0.8730802292,0.9996,90.4895,8.0123,0.0000,5.962347,5.960406;5.966883;5.967635;5.962347;5.960769,854.204441,1170.68,,27.37,0,6980,10,True,nid004909,57783808
SINDI,doc_prune=0.9 query_prune=0.5 n_cand=5000,64,0.8739684814,0.9951,48.6364,8.1487,0.0000,1.364015,1.362521;1.371080;1.372334;1.362171;1.364015,195.417622,5117.25,,24.55,0,6980,10,True,nid004906,57783805
SINDI,doc_prune=0.7 query_prune=0.7 n_cand=1000,64,0.8739971347,1.0000,52.1485,8.0123,0.0000,0.481746,0.481891;0.482079;0.481281;0.481148;0.481746,69.018052,14488.96,,27.37,0,6980,10,True,nid004909,57783808
SINDI,doc_prune=0.9 query_prune=0.5 n_cand=5000,64,0.8740257880,0.9951,48.8573,8.0978,0.0000,0.837467,0.837943;0.837207;0.837467;0.837314;0.838705,119.980946,8334.66,,23.08,0,6980,10,True,nid004905,57783804
SINDI,doc_prune=0.9 query_prune=0.5 n_cand=5000,64,0.8740401146,0.9951,49.4823,8.1851,0.0000,0.875317,0.875317;0.876464;0.875282;0.874626;0.876195,125.403582,7974.25,,27.38,0,6980,10,True,nid004904,57783803
SINDI,doc_prune=0.9 query_prune=0.5 n_cand=5000,64,0.8740544413,0.9951,48.4949,8.0498,0.0000,0.969615,0.968713;0.965766;0.969615;0.970803;0.970307,138.913324,7198.73,,27.16,0,6980,10,True,nid004908,57783807
SINDI,doc_prune=0.9 query_prune=0.3 n_cand=5000,64,0.8747851003,0.9954,49.4823,8.1851,0.0000,0.940199,0.940003;0.940199;0.940739;0.940566;0.939099,134.698997,7423.96,,27.38,0,6980,10,True,nid004904,57783803
SINDI,doc_prune=0.9 query_prune=0.3 n_cand=5000,64,0.8747851003,0.9954,48.6364,8.1487,0.0000,1.465275,1.468939;1.465275;1.460924;1.467984;1.463384,209.924785,4763.61,,24.55,0,6980,10,True,nid004906,57783805
SINDI,doc_prune=0.9 query_prune=0.3 n_cand=5000,64,0.8747851003,0.9954,48.4949,8.0498,0.0000,1.034542,1.033647;1.034604;1.034542;1.034190;1.035132,148.215186,6746.95,,27.16,0,6980,10,True,nid004908,57783807
SINDI,doc_prune=0.9 query_prune=0.2 n_cand=5000,64,0.8748710602,0.9954,48.8573,8.0978,0.0000,0.923376,0.923193;0.923512;0.923224;0.924307;0.923376,132.288825,7559.22,,23.08,0,6980,10,True,nid004905,57783804
SINDI,doc_prune=0.9 query_prune=0.2 n_cand=5000,64,0.8748710602,0.9954,48.6364,8.1487,0.0000,1.517741,1.515913;1.515290;1.521615;1.517741;1.523028,217.441404,4598.94,,24.55,0,6980,10,True,nid004906,57783805
SINDI,doc_prune=0.9 query_prune=0.2 n_cand=5000,64,0.8748710602,0.9954,48.4949,8.0498,0.0000,1.066878,1.065301;1.066984;1.066560;1.066878;1.067842,152.847851,6542.45,,27.16,0,6980,10,True,nid004908,57783807
SINDI,doc_prune=0.9 query_prune=0.1 n_cand=5000,64,0.8748853868,0.9954,48.8573,8.0978,0.0000,0.950849,0.951771;0.950849;0.949610;0.952996;0.950795,136.224785,7340.81,,23.08,0,6980,10,True,nid004905,57783804
SINDI,doc_prune=0.9 query_prune=0.1 n_cand=5000,64,0.8748997135,0.9954,49.4823,8.1851,0.0000,1.003780,1.003992;1.003694;1.006162;1.003780;1.003298,143.808023,6953.71,,27.38,0,6980,10,True,nid004904,57783803
SINDI,doc_prune=0.9 query_prune=0.2 n_cand=5000,64,0.8748997135,0.9954,49.4823,8.1851,0.0000,0.973028,0.972783;0.972615;0.973524;0.973028;0.974572,139.402292,7173.48,,27.38,0,6980,10,True,nid004904,57783803
SINDI,doc_prune=0.9 query_prune=0.3 n_cand=5000,64,0.8748997135,0.9954,48.8573,8.0978,0.0000,0.894764,0.894538;0.893923;0.896254;0.894764;0.894821,128.189685,7800.94,,23.08,0,6980,10,True,nid004905,57783804
SINDI,doc_prune=0.9 query_prune=0.1 n_cand=5000,64,0.8748997135,0.9954,48.6364,8.1487,0.0000,1.565319,1.565319;1.573205;1.566441;1.561973;1.562120,224.257736,4459.15,,24.55,0,6980,10,True,nid004906,57783805
SINDI,doc_prune=0.9 query_prune=0 n_cand=5000,64,0.8748997135,0.9954,48.4949,8.0498,0.0000,1.130506,1.130891;1.131382;1.129322;1.130048;1.130506,161.963610,6174.23,,27.16,0,6980,10,True,nid004908,57783807
SINDI,doc_prune=0.9 query_prune=0.1 n_cand=5000,64,0.8748997135,0.9954,48.4949,8.0498,0.0000,1.098582,1.096199;1.096508;1.099800;1.100543;1.098582,157.389971,6353.64,,27.16,0,6980,10,True,nid004908,57783807
SINDI,doc_prune=0.9 query_prune=0 n_cand=5000,64,0.8749283668,0.9954,49.4823,8.1851,0.0000,1.040658,1.041091;1.039751;1.039772;1.042116;1.040658,149.091404,6707.29,,27.38,0,6980,10,True,nid004904,57783803
SINDI,doc_prune=0.9 query_prune=0 n_cand=5000,64,0.8749283668,0.9954,48.6364,8.1487,0.0000,1.618132,1.616211;1.618132;1.618848;1.615077;1.624828,231.824069,4313.62,,24.55,0,6980,10,True,nid004906,57783805
SINDI,doc_prune=0.9 query_prune=0 n_cand=5000,64,0.8749426934,0.9954,48.8573,8.0978,0.0000,0.979567,0.980212;0.978623;0.980148;0.979567;0.979302,140.339112,7125.60,,23.08,0,6980,10,True,nid004905,57783804
SINDI,doc_prune=0.1 query_prune=0.7 n_cand=50,64,0.8752722063,0.9999,71.1279,8.0123,0.0000,1.524945,1.520398;1.526407;1.530067;1.523026;1.524945,218.473496,4577.21,,27.37,0,6980,10,True,nid004909,57783808
SINDI,doc_prune=0.7 query_prune=0.5 n_cand=1000,64,0.8755157593,1.0000,52.1485,8.0123,0.0000,0.662694,0.662650;0.663631;0.661778;0.663144;0.662694,94.941834,10532.76,,27.37,0,6980,10,True,nid004909,57783808
SINDI,doc_prune=0.2 query_prune=0.2 n_cand=50,64,0.8756733524,0.9999,64.5137,8.0123,0.0000,2.848392,2.848392;2.855803;2.844038;2.851547;2.845703,408.079083,2450.51,,27.37,0,6980,10,True,nid004909,57783808
SINDI,doc_prune=0.2 query_prune=0 n_cand=50,64,0.8757163324,0.9999,64.5137,8.0123,0.0000,3.293968,3.292526;3.288903;3.298685;3.296055;3.293968,471.915186,2119.02,,27.37,0,6980,10,True,nid004909,57783808
SINDI,doc_prune=0.7 query_prune=0.3 n_cand=1000,64,0.8757163324,1.0000,52.1485,8.0123,0.0000,0.830480,0.830480;0.831523;0.830905;0.829359;0.830182,118.979943,8404.78,,27.37,0,6980,10,True,nid004909,57783808
SINDI,doc_prune=0.7 query_prune=0.2 n_cand=1000,64,0.8757306590,1.0000,52.1485,8.0123,0.0000,0.917542,0.919385;0.917542;0.916005;0.917859;0.916544,131.453009,7607.28,,27.37,0,6980,10,True,nid004909,57783808
SINDI,doc_prune=0.2 query_prune=0.1 n_cand=50,64,0.8757593123,0.9999,64.5137,8.0123,0.0000,3.064372,3.060380;3.064372;3.068999;3.067966;3.061801,439.021777,2277.79,,27.37,0,6980,10,True,nid004909,57783808
SINDI,doc_prune=0.7 query_prune=0.1 n_cand=1000,64,0.8757593123,1.0000,52.1485,8.0123,0.0000,1.001697,1.001662;1.001697;1.001606;1.002961;1.002507,143.509599,6968.18,,27.37,0,6980,10,True,nid004909,57783808
SINDI,doc_prune=0.7 query_prune=0 n_cand=1000,64,0.8757879656,1.0000,52.1485,8.0123,0.0000,1.098130,1.100127;1.097856;1.097499;1.099144;1.098130,157.325215,6356.26,,27.37,0,6980,10,True,nid004909,57783808
SINDI,doc_prune=0.2 query_prune=0.3 n_cand=50,64,0.8758022923,0.9999,64.5137,8.0123,0.0000,2.612717,2.612717;2.597013;2.621348;2.607314;2.620255,374.314756,2671.55,,27.37,0,6980,10,True,nid004909,57783808
SINDI,doc_prune=0.2 query_prune=0.5 n_cand=50,64,0.8758166189,0.9999,64.5137,8.0123,0.0000,2.079963,2.076831;2.079963;2.088875;2.077343;2.087169,297.988968,3355.83,,27.37,0,6980,10,True,nid004909,57783808
SINDI,doc_prune=0.5 query_prune=0.7 n_cand=200,64,0.8764899713,0.9999,55.6074,8.0123,0.0000,0.639999,0.639999;0.638149;0.640848;0.637313;0.640191,91.690401,10906.27,,27.37,0,6980,10,True,nid004909,57783808
SINDI,doc_prune=0.7 query_prune=0.9 n_cand=5000,64,0.8772636103,0.9897,52.1485,8.0123,0.0000,0.997611,0.998547;0.996878;0.998709;0.997611;0.997032,142.924212,6996.72,,27.37,0,6980,10,True,nid004909,57783808
SINDI,doc_prune=0.6 query_prune=0.7 n_cand=50,64,0.8777793696,0.9990,53.2876,8.1487,0.0000,0.547946,0.547946;0.546148;0.546716;0.548211;0.550030,78.502292,12738.48,,24.55,0,6980,10,True,nid004906,57783805
SINDI,doc_prune=0.6 query_prune=0.7 n_cand=50,64,0.8777936963,0.9990,54.5728,8.1851,0.0000,0.400774,0.401313;0.400047;0.400591;0.401201;0.400774,57.417479,17416.30,,27.38,0,6980,10,True,nid004904,57783803
SINDI,doc_prune=0.6 query_prune=0.7 n_cand=50,64,0.8778080229,0.9990,53.5121,8.0498,0.0000,0.400340,0.399549;0.400178;0.400340;0.400599;0.400358,57.355301,17435.18,,27.16,0,6980,10,True,nid004908,57783807
SINDI,doc_prune=0 query_prune=0.7 n_cand=50,64,0.8779799427,0.9996,90.4895,8.0123,0.0000,2.154799,2.154887;2.151789;2.156521;2.154799;2.154724,308.710458,3239.28,,27.37,0,6980,10,True,nid004909,57783808
SINDI,doc_prune=0.6 query_prune=0.7 n_cand=50,64,0.8781232092,0.9990,53.0723,8.0978,0.0000,0.310834,0.310312;0.310834;0.311277;0.310362;0.311382,44.532092,22455.72,,23.08,0,6980,10,True,nid004905,57783804
SINDI,doc_prune=0.1 query_prune=0 n_cand=50,64,0.8781661891,0.9999,71.1279,8.0123,0.0000,4.270396,4.340479;4.289526;4.270396;4.265288;4.252235,611.804585,1634.51,,27.37,0,6980,10,True,nid004909,57783808
SINDI,doc_prune=0.1 query_prune=0.1 n_cand=50,64,0.8781805158,0.9999,71.1279,8.0123,0.0000,3.877546,3.877546;3.852846;3.870761;3.881447;3.894688,555.522350,1800.11,,27.37,0,6980,10,True,nid004909,57783808
SINDI,doc_prune=0.1 query_prune=0.2 n_cand=50,64,0.8782521490,0.9999,71.1279,8.0123,0.0000,3.526392,3.525379;3.532667;3.530285;3.525908;3.526392,505.213754,1979.36,,27.37,0,6980,10,True,nid004909,57783808
SINDI,doc_prune=0.5 query_prune=0.5 n_cand=200,64,0.8782664756,0.9999,55.6074,8.0123,0.0000,1.044344,1.044344;1.041059;1.048481;1.041761;1.052498,149.619484,6683.62,,27.37,0,6980,10,True,nid004909,57783808
SINDI,doc_prune=0.1 query_prune=0.5 n_cand=50,64,0.8782951289,0.9999,71.1279,8.0123,0.0000,2.438128,2.439596;2.437090;2.438128;2.440882;2.432030,349.302006,2862.85,,27.37,0,6980,10,True,nid004909,57783808
SINDI,doc_prune=0.5 query_prune=0 n_cand=200,64,0.8782951289,0.9999,55.6074,8.0123,0.0000,1.874674,1.874674;1.872494;1.871179;1.890406;1.892426,268.577937,3723.31,,27.37,0,6980,10,True,nid004909,57783808
SINDI,doc_prune=0.1 query_prune=0.3 n_cand=50,64,0.8783237822,0.9999,71.1279,8.0123,0.0000,3.158666,3.157991;3.157898;3.164761;3.161207;3.158666,452.530946,2209.79,,27.37,0,6980,10,True,nid004909,57783808
SINDI,doc_prune=0.5 query_prune=0.1 n_cand=200,64,0.8783524355,0.9999,55.6074,8.0123,0.0000,1.713568,1.715631;1.714111;1.713568;1.712896;1.709764,245.496848,4073.37,,27.37,0,6980,10,True,nid004909,57783808
SINDI,doc_prune=0.5 query_prune=0.2 n_cand=200,64,0.8783524355,0.9999,55.6074,8.0123,0.0000,1.565821,1.565821;1.565653;1.565335;1.572327;1.567356,224.329656,4457.73,,27.37,0,6980,10,True,nid004909,57783808
SINDI,doc_prune=0.5 query_prune=0.3 n_cand=200,64,0.8783954155,0.9999,55.6074,8.0123,0.0000,1.388618,1.386750;1.381907;1.390494;1.388618;1.389686,198.942407,5026.58,,27.37,0,6980,10,True,nid004909,57783808
SINDI,doc_prune=0 query_prune=0.2 n_cand=50,64,0.8809885387,0.9996,90.4895,8.0123,0.0000,5.967129,5.958218;5.965117;5.967129;5.967278;5.970497,854.889542,1169.74,,27.37,0,6980,10,True,nid004909,57783808
SINDI,doc_prune=0 query_prune=0.1 n_cand=50,64,0.8810315186,0.9996,90.4895,8.0123,0.0000,6.159620,6.173983;6.154388;6.176694;6.159620;6.148535,882.467049,1133.19,,27.37,0,6980,10,True,nid004909,57783808
SINDI,doc_prune=0 query_prune=0 n_cand=50,64,0.8810458453,0.9996,90.4895,8.0123,0.0000,6.777531,6.776498;6.756299;6.787355;6.813378;6.777531,970.992980,1029.87,,27.37,0,6980,10,True,nid004909,57783808
SINDI,doc_prune=0 query_prune=0.3 n_cand=50,64,0.8810458453,0.9996,90.4895,8.0123,0.0000,5.234751,5.229591;5.234751;5.241606;5.238353;5.230120,749.964327,1333.40,,27.37,0,6980,10,True,nid004909,57783808
SINDI,doc_prune=0 query_prune=0.5 n_cand=50,64,0.8810888252,0.9996,90.4895,8.0123,0.0000,3.782921,3.779081;3.782921;3.786010;3.777466;3.785279,541.965759,1845.14,,27.37,0,6980,10,True,nid004909,57783808
SINDI,doc_prune=0.6 query_prune=0.5 n_cand=50,64,0.8822779370,0.9996,53.2876,8.1487,0.0000,0.869399,0.870581;0.869338;0.867944;0.869399;0.872751,124.555731,8028.53,,24.55,0,6980,10,True,nid004906,57783805
SINDI,doc_prune=0.6 query_prune=0.5 n_cand=50,64,0.8823065903,0.9996,54.5728,8.1851,0.0000,0.646415,0.646415;0.644987;0.650187;0.647091;0.644733,92.609599,10798.02,,27.38,0,6980,10,True,nid004904,57783803
SINDI,doc_prune=0.6 query_prune=0.5 n_cand=50,64,0.8823352436,0.9996,53.5121,8.0498,0.0000,0.637600,0.639569;0.638118;0.636565;0.635438;0.637600,91.346705,10947.30,,27.16,0,6980,10,True,nid004908,57783807
SINDI,doc_prune=0.6 query_prune=0.5 n_cand=50,64,0.8824068768,0.9996,53.0723,8.0978,0.0000,0.491175,0.491728;0.491138;0.491175;0.491421;0.489764,70.368911,14210.82,,23.08,0,6980,10,True,nid004905,57783804
SINDI,doc_prune=0.8 query_prune=0.7 n_cand=5000,64,0.8830515759,0.9999,50.6618,8.0123,0.0000,1.028009,1.026231;1.026074;1.028674;1.028210;1.028009,147.279226,6789.82,,27.37,0,6980,10,True,nid004909,57783808
SINDI,doc_prune=0.2 query_prune=0.5 n_cand=10,64,0.8834383954,1.0000,63.0529,8.1487,0.0000,2.181191,2.176449;2.184135;2.173480;2.189874;2.181191,312.491547,3200.09,,24.55,0,6980,10,True,nid004906,57783805
SINDI,doc_prune=0.2 query_prune=0.5 n_cand=10,64,0.8834813754,1.0000,64.3194,8.0498,0.0000,1.894471,1.888218;1.894471;1.890930;1.898706;1.896003,271.414183,3684.41,,27.16,0,6980,10,True,nid004908,57783807
SINDI,doc_prune=0.2 query_prune=0.5 n_cand=10,64,0.8834957020,1.0000,65.3485,8.1851,0.0000,1.974113,1.976397;1.974113;1.969581;1.983415;1.968554,282.824212,3535.77,,27.38,0,6980,10,True,nid004904,57783803
SINDI,doc_prune=0.2 query_prune=0.5 n_cand=10,64,0.8834957020,1.0000,71.0080,8.1156,0.0000,3.995923,3.983774;3.981352;4.000798;3.995923;3.999649,572.481805,1746.78,,30.23,0,6980,10,True,nid004907,57783806
SINDI,doc_prune=0.6 query_prune=0.2 n_cand=50,64,0.8836389685,0.9996,53.2876,8.1487,0.0000,1.301575,1.301575;1.300972;1.302462;1.299725;1.304098,186.472063,5362.73,,24.55,0,6980,10,True,nid004906,57783805
SINDI,doc_prune=0.6 query_prune=0.2 n_cand=50,64,0.8836532951,0.9996,54.5728,8.1851,0.0000,1.007510,1.013559;1.006895;1.004578;1.007510;1.015344,144.342407,6927.97,,27.38,0,6980,10,True,nid004904,57783803
SINDI,doc_prune=0.2 query_prune=0.5 n_cand=10,64,0.8836532951,1.0000,61.3432,8.0978,0.0000,1.688332,1.687910;1.691700;1.688332;1.692856;1.684779,241.881375,4134.26,,23.08,0,6980,10,True,nid004905,57783804
SINDI,doc_prune=0.6 query_prune=0.3 n_cand=50,64,0.8836676218,0.9996,54.5728,8.1851,0.0000,0.885241,0.884956;0.890128;0.889358;0.885241;0.885178,126.825358,7884.86,,27.38,0,6980,10,True,nid004904,57783803
SINDI,doc_prune=0.6 query_prune=0.2 n_cand=50,64,0.8836676218,0.9996,53.0723,8.0978,0.0000,0.728539,0.730950;0.728539;0.727353;0.725472;0.729302,104.375215,9580.82,,23.08,0,6980,10,True,nid004905,57783804
SINDI,doc_prune=0.6 query_prune=0.2 n_cand=50,64,0.8836819484,0.9996,53.5121,8.0498,0.0000,0.978950,0.980908;0.978950;0.983707;0.977027;0.978325,140.250716,7130.09,,27.16,0,6980,10,True,nid004908,57783807
SINDI,doc_prune=0.6 query_prune=0.3 n_cand=50,64,0.8836819484,0.9996,53.5121,8.0498,0.0000,0.863558,0.864116;0.865753;0.861712;0.863558;0.862776,123.718911,8082.84,,27.16,0,6980,10,True,nid004908,57783807
SINDI,doc_prune=0.6 query_prune=0.3 n_cand=50,64,0.8837535817,0.9996,53.2876,8.1487,0.0000,1.151559,1.153238;1.151559;1.149762;1.152606;1.149318,164.979799,6061.35,,24.55,0,6980,10,True,nid004906,57783805
SINDI,doc_prune=0.6 query_prune=0.1 n_cand=50,64,0.8838108883,0.9996,53.2876,8.1487,0.0000,1.429202,1.426739;1.429202;1.430541;1.429785;1.427743,204.756734,4883.84,,24.55,0,6980,10,True,nid004906,57783805
SINDI,doc_prune=0.6 query_prune=0.1 n_cand=50,64,0.8838108883,0.9996,53.5121,8.0498,0.0000,1.093639,1.094204;1.091902;1.092134;1.100136;1.093639,156.681805,6382.36,,27.16,0,6980,10,True,nid004908,57783807
SINDI,doc_prune=0.6 query_prune=0.1 n_cand=50,64,0.8838395415,0.9996,53.0723,8.0978,0.0000,0.805489,0.803195;0.804110;0.806839;0.806607;0.805489,115.399570,8665.54,,23.08,0,6980,10,True,nid004905,57783804
SINDI,doc_prune=0.6 query_prune=0.1 n_cand=50,64,0.8838538682,0.9996,54.5728,8.1851,0.0000,1.127601,1.127601;1.129631;1.118229;1.125149;1.130340,161.547421,6190.13,,27.38,0,6980,10,True,nid004904,57783803
SINDI,doc_prune=0.6 query_prune=0.3 n_cand=50,64,0.8838538682,0.9996,53.0723,8.0978,0.0000,0.648988,0.648924;0.648168;0.649674;0.649596;0.648988,92.978223,10755.21,,23.08,0,6980,10,True,nid004905,57783804
SINDI,doc_prune=0.6 query_prune=0 n_cand=50,64,0.8839255014,0.9996,53.0723,8.0978,0.0000,0.888487,0.888487;0.889888;0.886703;0.889935;0.887943,127.290401,7856.05,,23.08,0,6980,10,True,nid004905,57783804
SINDI,doc_prune=0.6 query_prune=0 n_cand=50,64,0.8839971347,0.9996,53.5121,8.0498,0.0000,1.220229,1.218489;1.216642;1.221742;1.221514;1.220229,174.817908,5720.24,,27.16,0,6980,10,True,nid004908,57783807
SINDI,doc_prune=0.6 query_prune=0 n_cand=50,64,0.8840114613,0.9996,54.5728,8.1851,0.0000,1.255506,1.253584;1.255506;1.258680;1.262106;1.253705,179.871920,5559.51,,27.38,0,6980,10,True,nid004904,57783803
SINDI,doc_prune=0.6 query_prune=0 n_cand=50,64,0.8840114613,0.9996,58.8702,8.1156,0.0000,4.043428,4.030721;4.043428;4.053259;4.036415;4.050223,579.287679,1726.26,,30.23,0,6980,10,True,nid004907,57783806
SINDI,doc_prune=0.6 query_prune=0 n_cand=50,64,0.8840257880,0.9996,53.2876,8.1487,0.0000,1.574037,1.568512;1.577921;1.574174;1.572992;1.574037,225.506734,4434.46,,24.55,0,6980,10,True,nid004906,57783805
SINDI,doc_prune=0.8 query_prune=0.5 n_cand=5000,64,0.8845128940,0.9999,50.6618,8.0123,0.0000,1.133422,1.132693;1.133461;1.133689;1.130974;1.133422,162.381375,6158.34,,27.37,0,6980,10,True,nid004909,57783808
SINDI,doc_prune=0.8 query_prune=0.3 n_cand=5000,64,0.8850429799,0.9999,50.6618,8.0123,0.0000,1.229940,1.231001;1.230037;1.229940;1.226260;1.227835,176.209169,5675.07,,27.37,0,6980,10,True,nid004909,57783808
SINDI,doc_prune=0.8 query_prune=0.1 n_cand=5000,64,0.8852435530,1.0000,50.6618,8.0123,0.0000,1.323354,1.323354;1.323944;1.323976;1.319897;1.322507,189.592264,5274.48,,27.37,0,6980,10,True,nid004909,57783808
SINDI,doc_prune=0.8 query_prune=0.2 n_cand=5000,64,0.8852435530,1.0000,50.6618,8.0123,0.0000,1.275763,1.278560;1.274039;1.275592;1.275763;1.277447,182.774069,5471.24,,27.37,0,6980,10,True,nid004909,57783808
SINDI,doc_prune=0.8 query_prune=0 n_cand=5000,64,0.8853295129,1.0000,50.6618,8.0123,0.0000,1.372128,1.368995;1.369955;1.376350;1.372837;1.372128,196.579943,5086.99,,27.37,0,6980,10,True,nid004909,57783808
SINDI,doc_prune=0.4 query_prune=0.7 n_cand=200,64,0.8871060172,0.9999,57.6367,8.0123,0.0000,0.920518,0.915535;0.921157;0.920518;0.920659;0.911368,131.879370,7582.69,,27.37,0,6980,10,True,nid004909,57783808
SINDI,doc_prune=0.4 query_prune=0 n_cand=200,64,0.8879656160,0.9999,57.6367,8.0123,0.0000,2.588811,2.588811;2.597686;2.588072;2.577846;2.603518,370.889828,2696.22,,27.37,0,6980,10,True,nid004909,57783808
SINDI,doc_prune=0.4 query_prune=0.1 n_cand=200,64,0.8879656160,0.9999,57.6367,8.0123,0.0000,2.454738,2.458611;2.453098;2.447175;2.454738;2.455475,351.681662,2843.48,,27.37,0,6980,10,True,nid004909,57783808
SINDI,doc_prune=0.4 query_prune=0.2 n_cand=200,64,0.8880945559,0.9999,57.6367,8.0123,0.0000,2.233956,2.240227;2.233956;2.237339;2.227686;2.227789,320.051003,3124.50,,27.37,0,6980,10,True,nid004909,57783808
SINDI,doc_prune=0.4 query_prune=0.3 n_cand=200,64,0.8881661891,0.9999,57.6367,8.0123,0.0000,1.994097,1.983601;1.994097;1.998175;1.996195;1.993520,285.687249,3500.33,,27.37,0,6980,10,True,nid004909,57783808
SINDI,doc_prune=0.4 query_prune=0.5 n_cand=200,64,0.8883381089,0.9999,57.6367,8.0123,0.0000,1.498392,1.498363;1.498046;1.498392;1.505158;1.500193,214.669341,4658.33,,27.37,0,6980,10,True,nid004909,57783808
SINDI,doc_prune=0.6 query_prune=0.9 n_cand=5000,64,0.8895845272,0.9913,53.6786,8.0123,0.0000,1.080157,1.079947;1.080157;1.082549;1.081860;1.080048,154.750287,6462.02,,27.37,0,6980,10,True,nid004909,57783808
SINDI,doc_prune=0.5 query_prune=0.9 n_cand=200,64,0.8902435530,0.9721,55.0151,8.1487,0.0000,0.244574,0.244392;0.244727;0.244574;0.244619;0.243309,35.039255,28539.42,,24.55,0,6980,10,True,nid004906,57783805
SINDI,doc_prune=0.5 query_prune=0.9 n_cand=200,64,0.8902578797,0.9721,61.3069,8.1156,0.0000,0.468284,0.470207;0.468268;0.467214;0.468284;0.468388,67.089398,14905.48,,30.23,0,6980,10,True,nid004907,57783806
SINDI,doc_prune=0.5 query_prune=0.9 n_cand=200,64,0.8902578797,0.9721,55.3873,8.0498,0.0000,0.187146,0.187146;0.186400;0.186886;0.187491;0.187995,26.811748,37297.08,,27.16,0,6980,10,True,nid004908,57783807
SINDI,doc_prune=0.5 query_prune=0.9 n_cand=200,64,0.8902722063,0.9721,56.6646,8.1851,0.0000,0.185005,0.185005;0.184546;0.185575;0.185430;0.184793,26.505014,37728.71,,27.38,0,6980,10,True,nid004904,57783803
SINDI,doc_prune=0.5 query_prune=0.9 n_cand=200,64,0.8904011461,0.9723,54.5847,8.0978,0.0000,0.162931,0.162626;0.162780;0.163046;0.163116;0.162931,23.342550,42840.22,,23.08,0,6980,10,True,nid004905,57783804
SINDI,doc_prune=0.3 query_prune=0.7 n_cand=200,64,0.8908166189,0.9999,60.6069,8.0123,0.0000,1.065552,1.063559;1.067467;1.066162;1.065552;1.064779,152.657880,6550.60,,27.37,0,6980,10,True,nid004909,57783808
SINDI,doc_prune=0.3 query_prune=0 n_cand=200,64,0.8911318052,0.9999,60.6069,8.0123,0.0000,2.855555,2.845846;2.857932;2.845195;2.860472;2.855555,409.105301,2444.36,,27.37,0,6980,10,True,nid004909,57783808
SINDI,doc_prune=0.3 query_prune=0.1 n_cand=200,64,0.8911604585,0.9999,60.6069,8.0123,0.0000,2.647121,2.646149;2.661800;2.647121;2.655688;2.641744,379.243696,2636.83,,27.37,0,6980,10,True,nid004909,57783808
SINDI,doc_prune=0.3 query_prune=0.2 n_cand=200,64,0.8912464183,0.9999,60.6069,8.0123,0.0000,2.476490,2.483649;2.473423;2.461033;2.476880;2.476490,354.797994,2818.51,,27.37,0,6980,10,True,nid004909,57783808
SINDI,doc_prune=0.2 query_prune=0.7 n_cand=200,64,0.8913180516,0.9999,64.5137,8.0123,0.0000,1.289973,1.292120;1.286600;1.286155;1.290698;1.289973,184.809885,5410.97,,27.37,0,6980,10,True,nid004909,57783808
SINDI,doc_prune=0.3 query_prune=0.3 n_cand=200,64,0.8913323782,0.9999,60.6069,8.0123,0.0000,2.256317,2.248473;2.256317;2.258583;2.265131;2.248534,323.254585,3093.54,,27.37,0,6980,10,True,nid004909,57783808
SINDI,doc_prune=0 query_prune=0.7 n_cand=200,64,0.8915759312,0.9996,90.4895,8.0123,0.0000,2.175170,2.175170;2.176040;2.175190;2.169412;2.173548,311.628940,3208.94,,27.37,0,6980,10,True,nid004909,57783808
SINDI,doc_prune=0.3 query_prune=0.5 n_cand=200,64,0.8916045845,0.9999,60.6069,8.0123,0.0000,1.715299,1.707022;1.715299;1.715782;1.713114;1.715776,245.744842,4069.26,,27.37,0,6980,10,True,nid004909,57783808
SINDI,doc_prune=0.1 query_prune=0.7 n_cand=200,64,0.8916189112,0.9999,71.1279,8.0123,0.0000,1.546200,1.546200;1.553270;1.554238;1.544655;1.537871,221.518625,4514.29,,27.37,0,6980,10,True,nid004909,57783808
SINDI,doc_prune=0.2 query_prune=0.1 n_cand=200,64,0.8916189112,0.9999,64.5137,8.0123,0.0000,3.090641,3.088785;3.090524;3.091573;3.090641;3.099851,442.785244,2258.43,,27.37,0,6980,10,True,nid004909,57783808
SINDI,doc_prune=0.2 query_prune=0 n_cand=200,64,0.8916475645,0.9999,64.5137,8.0123,0.0000,3.318272,3.318272;3.320225;3.314817;3.313239;3.325443,475.397135,2103.50,,27.37,0,6980,10,True,nid004909,57783808
SINDI,doc_prune=0.2 query_prune=0.2 n_cand=200,64,0.8916475645,0.9999,64.5137,8.0123,0.0000,2.874149,2.874250;2.880505;2.870088;2.874149;2.854907,411.769198,2428.54,,27.37,0,6980,10,True,nid004909,57783808
SINDI,doc_prune=0.2 query_prune=0.3 n_cand=200,64,0.8916475645,0.9999,64.5137,8.0123,0.0000,2.650015,2.650015;2.641330;2.640750;2.655765;2.656512,379.658309,2633.95,,27.37,0,6980,10,True,nid004909,57783808
SINDI,doc_prune=0.1 query_prune=0.2 n_cand=200,64,0.8918767908,0.9999,71.1279,8.0123,0.0000,3.558003,3.558003;3.556914;3.552373;3.562886;3.558975,509.742550,1961.77,,27.37,0,6980,10,True,nid004909,57783808
SINDI,doc_prune=0.1 query_prune=0 n_cand=200,64,0.8919054441,0.9999,71.1279,8.0123,0.0000,4.303708,4.311741;4.275750;4.308539;4.303708;4.292093,616.577077,1621.86,,27.37,0,6980,10,True,nid004909,57783808
SINDI,doc_prune=0.1 query_prune=0.1 n_cand=200,64,0.8919054441,0.9999,71.1279,8.0123,0.0000,3.925042,3.900682;3.886473;3.925042;3.938907;3.937496,562.326934,1778.32,,27.37,0,6980,10,True,nid004909,57783808
SINDI,doc_prune=0.1 query_prune=0.3 n_cand=200,64,0.8920200573,0.9999,71.1279,8.0123,0.0000,3.197361,3.198378;3.197361;3.196523;3.190444;3.199083,458.074642,2183.05,,27.37,0,6980,10,True,nid004909,57783808
SINDI,doc_prune=0.2 query_prune=0.5 n_cand=200,64,0.8920200573,0.9999,64.5137,8.0123,0.0000,2.098223,2.093995;2.087061;2.104892;2.109472;2.098223,300.605014,3326.62,,27.37,0,6980,10,True,nid004909,57783808
SINDI,doc_prune=0.1 query_prune=0.5 n_cand=200,64,0.8921489971,0.9999,71.1279,8.0123,0.0000,2.464202,2.456160;2.465239;2.464202;2.459368;2.471106,353.037536,2832.56,,27.37,0,6980,10,True,nid004909,57783808
SINDI,doc_prune=0 query_prune=0.2 n_cand=200,64,0.8924068768,0.9996,90.4895,8.0123,0.0000,5.995673,6.000171;5.996210;5.990796;5.995673;5.992992,858.978940,1164.17,,27.37,0,6980,10,True,nid004909,57783808
SINDI,doc_prune=0 query_prune=0 n_cand=200,64,0.8924498567,0.9996,90.4895,8.0123,0.0000,6.816166,6.799761;6.816166;6.809865;6.834652;6.844437,976.528080,1024.04,,27.37,0,6980,10,True,nid004909,57783808
SINDI,doc_prune=0 query_prune=0.1 n_cand=200,64,0.8924641834,0.9996,90.4895,8.0123,0.0000,6.170473,6.170473;6.185887;6.189344;6.142758;6.164668,884.021920,1131.19,,27.37,0,6980,10,True,nid004909,57783808
SINDI,doc_prune=0 query_prune=0.3 n_cand=200,64,0.8924928367,0.9996,90.4895,8.0123,0.0000,5.265844,5.253938;5.266686;5.260915;5.269545;5.265844,754.418911,1325.52,,27.37,0,6980,10,True,nid004909,57783808
SINDI,doc_prune=0 query_prune=0.5 n_cand=200,64,0.8925214900,0.9996,90.4895,8.0123,0.0000,3.803974,3.803974;3.803299;3.805227;3.807152;3.803117,544.981948,1834.92,,27.37,0,6980,10,True,nid004909,57783808
SINDI,doc_prune=0.2 query_prune=0.3 n_cand=10,64,0.8938825215,1.0000,63.0529,8.1487,0.0000,2.815465,2.808008;2.812107;2.825119;2.815465;2.819770,403.361748,2479.16,,24.55,0,6980,10,True,nid004906,57783805
SINDI,doc_prune=0 query_prune=0.9 n_cand=5000,64,0.8940544413,0.9924,90.4895,8.0123,0.0000,1.215788,1.216125;1.215537;1.216251;1.215788;1.215712,174.181662,5741.13,,27.37,0,6980,10,True,nid004909,57783808
SINDI,doc_prune=0.2 query_prune=0.3 n_cand=10,64,0.8940687679,1.0000,64.3194,8.0498,0.0000,2.438835,2.440621;2.441410;2.437239;2.436178;2.438835,349.403295,2862.02,,27.16,0,6980,10,True,nid004908,57783807
SINDI,doc_prune=0.2 query_prune=0.3 n_cand=10,64,0.8940830946,1.0000,65.3485,8.1851,0.0000,2.539229,2.529426;2.540898;2.543154;2.537351;2.539229,363.786390,2748.87,,27.38,0,6980,10,True,nid004904,57783803
SINDI,doc_prune=0.2 query_prune=0.3 n_cand=10,64,0.8940830946,1.0000,61.3432,8.0978,0.0000,2.224410,2.214338;2.214179;2.225908;2.228247;2.224410,318.683381,3137.91,,23.08,0,6980,10,True,nid004905,57783804
SINDI,doc_prune=0.2 query_prune=0.3 n_cand=10,64,0.8940830946,1.0000,71.0080,8.1156,0.0000,5.289794,5.322461;5.289794;5.292999;5.286175;5.286112,757.850143,1319.52,,30.23,0,6980,10,True,nid004907,57783806
SINDI,doc_prune=0.5 query_prune=0.9 n_cand=5000,64,0.8942263610,0.9918,55.6074,8.0123,0.0000,1.060381,1.060381;1.061377;1.058754;1.060624;1.060158,151.917049,6582.54,,27.37,0,6980,10,True,nid004909,57783808
SINDI,doc_prune=0.2 query_prune=0.2 n_cand=10,64,0.8955157593,1.0000,63.0529,8.1487,0.0000,3.083943,3.080508;3.082839;3.090133;3.084721;3.083943,441.825645,2263.34,,24.55,0,6980,10,True,nid004906,57783805
SINDI,doc_prune=0.2 query_prune=0.2 n_cand=10,64,0.8955444126,1.0000,61.3432,8.0978,0.0000,2.449265,2.448643;2.456668;2.444134;2.449265;2.460936,350.897564,2849.83,,23.08,0,6980,10,True,nid004905,57783804
SINDI,doc_prune=0.2 query_prune=0.2 n_cand=10,64,0.8956160458,1.0000,71.0080,8.1156,0.0000,5.755530,5.728000;5.755530;5.713769;5.770274;5.778995,824.574499,1212.75,,30.23,0,6980,10,True,nid004907,57783806
SINDI,doc_prune=0.2 query_prune=0.2 n_cand=10,64,0.8956303725,1.0000,65.3485,8.1851,0.0000,2.820506,2.820506;2.814490;2.819597;2.827740;2.823093,404.083954,2474.73,,27.38,0,6980,10,True,nid004904,57783803
SINDI,doc_prune=0.2 query_prune=0.2 n_cand=10,64,0.8956303725,1.0000,64.3194,8.0498,0.0000,2.710004,2.707295;2.710004;2.714880;2.705158;2.713728,388.252722,2575.64,,27.16,0,6980,10,True,nid004908,57783807
SINDI,doc_prune=0.2 query_prune=0.1 n_cand=10,64,0.8960888252,1.0000,63.0529,8.1487,0.0000,3.328342,3.337519;3.323130;3.328342;3.338588;3.325636,476.839828,2097.14,,24.55,0,6980,10,True,nid004906,57783805
SINDI,doc_prune=0.2 query_prune=0.1 n_cand=10,64,0.8961031519,1.0000,61.3432,8.0978,0.0000,2.639670,2.651187;2.624725;2.621598;2.642679;2.639670,378.176218,2644.27,,23.08,0,6980,10,True,nid004905,57783804
SINDI,doc_prune=0.2 query_prune=0 n_cand=10,64,0.8961891117,1.0000,61.3432,8.0978,0.0000,2.798872,2.798731;2.820542;2.808808;2.798872;2.796254,400.984527,2493.86,,23.08,0,6980,10,True,nid004905,57783804
SINDI,doc_prune=0.2 query_prune=0.1 n_cand=10,64,0.8962177650,1.0000,65.3485,8.1851,0.0000,3.090254,3.083946;3.090262;3.090254;3.092222;3.088442,442.729799,2258.71,,27.38,0,6980,10,True,nid004904,57783803
SINDI,doc_prune=0.2 query_prune=0.1 n_cand=10,64,0.8962177650,1.0000,71.0080,8.1156,0.0000,6.214843,6.234182;6.241865;6.214843;6.198022;6.190299,890.378653,1123.12,,30.23,0,6980,10,True,nid004907,57783806
SINDI,doc_prune=0.2 query_prune=0.1 n_cand=10,64,0.8962177650,1.0000,64.3194,8.0498,0.0000,2.981201,2.984567;2.981201;2.980488;2.977095;2.981362,427.106160,2341.34,,27.16,0,6980,10,True,nid004908,57783807
SINDI,doc_prune=0.2 query_prune=0 n_cand=10,64,0.8963037249,1.0000,63.0529,8.1487,0.0000,3.581798,3.578438;3.587510;3.580879;3.581798;3.584447,513.151576,1948.74,,24.55,0,6980,10,True,nid004906,57783805
SINDI,doc_prune=0.2 query_prune=0 n_cand=10,64,0.8963467049,1.0000,71.0080,8.1156,0.0000,6.584329,6.587035;6.590948;6.584329;6.579300;6.579481,943.313610,1060.09,,30.23,0,6980,10,True,nid004907,57783806
SINDI,doc_prune=0.2 query_prune=0 n_cand=10,64,0.8963610315,1.0000,65.3485,8.1851,0.0000,3.378380,3.374154;3.374222;3.378380;3.384280;3.378850,484.008596,2066.08,,27.38,0,6980,10,True,nid004904,57783803
SINDI,doc_prune=0.2 query_prune=0 n_cand=10,64,0.8963610315,1.0000,64.3194,8.0498,0.0000,3.271268,3.266997;3.271268;3.273062;3.272711;3.265465,468.663037,2133.73,,27.16,0,6980,10,True,nid004908,57783807
SINDI,doc_prune=0.1 query_prune=0.9 n_cand=5000,64,0.8966332378,0.9923,71.1279,8.0123,0.0000,1.098300,1.098421;1.098230;1.099111;1.097796;1.098300,157.349570,6355.28,,27.37,0,6980,10,True,nid004909,57783808
SINDI,doc_prune=0.4 query_prune=0.9 n_cand=5000,64,0.8974785100,0.9923,57.6367,8.0123,0.0000,1.094976,1.091536;1.094497;1.094976;1.097219;1.095305,156.873352,6374.57,,27.37,0,6980,10,True,nid004909,57783808
SINDI,doc_prune=0.2 query_prune=0.9 n_cand=5000,64,0.8975358166,0.9923,64.5137,8.0123,0.0000,1.071359,1.070680;1.071359;1.071191;1.075311;1.074718,153.489828,6515.09,,27.37,0,6980,10,True,nid004909,57783808
SINDI,doc_prune=0.3 query_prune=0.9 n_cand=5000,64,0.8978223496,0.9924,60.6069,8.0123,0.0000,1.086022,1.083407;1.086436;1.085167;1.086022;1.088159,155.590544,6427.13,,27.37,0,6980,10,True,nid004909,57783808
SINDI,doc_prune=0.6 query_prune=0.7 n_cand=1000,64,0.8978223496,0.9999,53.6786,8.0123,0.0000,0.722134,0.718282;0.721089;0.722945;0.723217;0.722134,103.457593,9665.80,,27.37,0,6980,10,True,nid004909,57783808
SINDI,doc_prune=0.6 query_prune=0.5 n_cand=1000,64,0.8984097421,0.9999,53.6786,8.0123,0.0000,1.093471,1.091247;1.091703;1.094013;1.093471;1.094195,156.657736,6383.34,,27.37,0,6980,10,True,nid004909,57783808
SINDI,doc_prune=0.6 query_prune=0.2 n_cand=1000,64,0.8985816619,0.9999,53.6786,8.0123,0.0000,1.590444,1.587927;1.590444;1.591483;1.593447;1.589185,227.857307,4388.71,,27.37,0,6980,10,True,nid004909,57783808
SINDI,doc_prune=0.6 query_prune=0.1 n_cand=1000,64,0.8985959885,0.9999,53.6786,8.0123,0.0000,1.730635,1.730324;1.731408;1.728855;1.730635;1.731994,247.941977,4033.20,,27.37,0,6980,10,True,nid004909,57783808
SINDI,doc_prune=0.6 query_prune=0.3 n_cand=1000,64,0.8986103152,0.9999,53.6786,8.0123,0.0000,1.415684,1.414830;1.415684;1.421828;1.418843;1.415477,202.820057,4930.48,,27.37,0,6980,10,True,nid004909,57783808
SINDI,doc_prune=0.6 query_prune=0 n_cand=1000,64,0.8986246418,0.9999,53.6786,8.0123,0.0000,1.912351,1.912351;1.915068;1.913734;1.910590;1.909219,273.975788,3649.96,,27.37,0,6980,10,True,nid004909,57783808
SINDI,doc_prune=0.8 query_prune=0.7 n_cand=1000,64,0.9002865330,0.9987,50.3306,8.1487,0.0000,0.476416,0.474654;0.476416;0.476196;0.476438;0.476586,68.254441,14651.06,,24.55,0,6980,10,True,nid004906,57783805
SINDI,doc_prune=0.8 query_prune=0.7 n_cand=1000,64,0.9003008596,0.9987,51.2584,8.1851,0.0000,0.324076,0.324327;0.323733;0.323489;0.324076;0.324600,46.429226,21538.16,,27.38,0,6980,10,True,nid004904,57783803
SINDI,doc_prune=0.8 query_prune=0.7 n_cand=1000,64,0.9003008596,0.9987,50.5467,8.0978,0.0000,0.291626,0.292138;0.291626;0.291486;0.291850;0.291592,41.780229,23934.77,,23.08,0,6980,10,True,nid004905,57783804
SINDI,doc_prune=0.8 query_prune=0.7 n_cand=1000,64,0.9003151862,0.9987,50.2061,8.0498,0.0000,0.333011,0.332411;0.332362;0.333045;0.333011;0.333585,47.709312,20960.27,,27.16,0,6980,10,True,nid004908,57783807
SINDI,doc_prune=0.4 query_prune=0.7 n_cand=20,64,0.9003581662,0.9999,58.8358,8.1851,0.0000,0.719494,0.717997;0.723392;0.715291;0.720906;0.719494,103.079370,9701.26,,27.38,0,6980,10,True,nid004904,57783803
SINDI,doc_prune=0.4 query_prune=0.7 n_cand=20,64,0.9003581662,0.9999,63.7468,8.1156,0.0000,2.009184,2.009870;2.013396;2.005688;2.009184;2.007839,287.848711,3474.05,,30.23,0,6980,10,True,nid004907,57783806
SINDI,doc_prune=0.4 query_prune=0.7 n_cand=20,64,0.9003581662,0.9999,57.5599,8.0498,0.0000,0.731543,0.731543;0.730736;0.726228;0.732100;0.731745,104.805587,9541.48,,27.16,0,6980,10,True,nid004908,57783807
SINDI,doc_prune=0.4 query_prune=0.7 n_cand=20,64,0.9003724928,0.9999,57.0267,8.1487,0.0000,0.877667,0.877667;0.876488;0.881830;0.880202;0.877253,125.740258,7952.90,,24.55,0,6980,10,True,nid004906,57783805
SINDI,doc_prune=0.4 query_prune=0.7 n_cand=20,64,0.9008309456,0.9999,56.1978,8.0978,0.0000,0.574982,0.575587;0.574859;0.575398;0.574486;0.574982,82.375645,12139.51,,23.08,0,6980,10,True,nid004905,57783804
SINDI,doc_prune=0.7 query_prune=0.9 n_cand=1000,64,0.9026790831,0.9818,51.9309,8.0498,0.0000,0.233763,0.233514;0.233929;0.234482;0.233429;0.233763,33.490401,29859.30,,27.16,0,6980,10,True,nid004908,57783807
SINDI,doc_prune=0.7 query_prune=0.9 n_cand=1000,64,0.9026934097,0.9818,52.9532,8.1851,0.0000,0.233021,0.233021;0.233451;0.233266;0.232950;0.232758,33.384097,29954.38,,27.38,0,6980,10,True,nid004904,57783803
SINDI,doc_prune=0.7 query_prune=0.9 n_cand=1000,64,0.9027077364,0.9818,51.9159,8.1487,0.0000,0.340761,0.341416;0.340761;0.340312;0.341978;0.340384,48.819628,20483.56,,24.55,0,6980,10,True,nid004906,57783805
SINDI,doc_prune=0.7 query_prune=0.9 n_cand=1000,64,0.9027507163,0.9817,51.8677,8.0978,0.0000,0.217526,0.217032;0.217396;0.217681;0.217526;0.217570,31.164183,32088.12,,23.08,0,6980,10,True,nid004905,57783804
SINDI,doc_prune=0.8 query_prune=0.5 n_cand=1000,64,0.9030945559,0.9990,50.3306,8.1487,0.0000,0.628710,0.629254;0.628901;0.627309;0.626628;0.628710,90.073066,11102.10,,24.55,0,6980,10,True,nid004906,57783805
SINDI,doc_prune=0.8 query_prune=0.5 n_cand=1000,64,0.9031232092,0.9990,51.2584,8.1851,0.0000,0.429851,0.430485;0.429646;0.428971;0.429851;0.429986,61.583238,16238.18,,27.38,0,6980,10,True,nid004904,57783803
SINDI,doc_prune=0.8 query_prune=0.5 n_cand=1000,64,0.9031518625,0.9990,50.5467,8.0978,0.0000,0.371426,0.370956;0.371519;0.371125;0.371426;0.371708,53.212894,18792.44,,23.08,0,6980,10,True,nid004905,57783804
SINDI,doc_prune=0.8 query_prune=0.5 n_cand=1000,64,0.9031518625,0.9990,50.2061,8.0498,0.0000,0.433182,0.434148;0.433182;0.433102;0.433125;0.433442,62.060458,16113.32,,27.16,0,6980,10,True,nid004908,57783807
SINDI,doc_prune=0 query_prune=0 n_cand=1000,64,0.9034383954,0.9997,90.4895,8.0123,0.0000,6.901813,6.897323;6.910004;6.894159;6.905889;6.901813,988.798424,1011.33,,27.37,0,6980,10,True,nid004909,57783808
SINDI,doc_prune=0 query_prune=0.1 n_cand=1000,64,0.9034527221,0.9997,90.4895,8.0123,0.0000,6.254922,6.269642;6.292714;6.254922;6.245464;6.248917,896.120630,1115.92,,27.37,0,6980,10,True,nid004909,57783808
SINDI,doc_prune=0 query_prune=0.2 n_cand=1000,64,0.9035243553,0.9997,90.4895,8.0123,0.0000,6.104334,6.104334;6.104379;6.105937;6.097590;6.099774,874.546418,1143.45,,27.37,0,6980,10,True,nid004909,57783808
SINDI,doc_prune=0 query_prune=0.3 n_cand=1000,64,0.9036103152,0.9997,90.4895,8.0123,0.0000,5.370096,5.369727;5.356848;5.371771;5.372875;5.370096,769.354728,1299.79,,27.37,0,6980,10,True,nid004909,57783808
SINDI,doc_prune=0.4 query_prune=0.9 n_cand=200,64,0.9036532951,0.9729,58.8358,8.1851,0.0000,0.222453,0.222855;0.221647;0.222453;0.221691;0.223018,31.870057,31377.41,,27.38,0,6980,10,True,nid004904,57783803
SINDI,doc_prune=0.4 query_prune=0.9 n_cand=200,64,0.9036532951,0.9729,57.5599,8.0498,0.0000,0.233011,0.231263;0.233792;0.231290;0.233391;0.233011,33.382665,29955.67,,27.16,0,6980,10,True,nid004908,57783807
SINDI,doc_prune=0.4 query_prune=0.9 n_cand=200,64,0.9036676218,0.9729,63.7468,8.1156,0.0000,0.596744,0.596744;0.595765;0.599307;0.597991;0.596498,85.493410,11696.81,,30.23,0,6980,10,True,nid004907,57783806
SINDI,doc_prune=0.4 query_prune=0.9 n_cand=200,64,0.9037106017,0.9729,57.0267,8.1487,0.0000,0.279472,0.279070;0.280203;0.279244;0.280207;0.279472,40.038968,24975.67,,24.55,0,6980,10,True,nid004906,57783805
SINDI,doc_prune=0.4 query_prune=0.9 n_cand=200,64,0.9038681948,0.9729,56.1978,8.0978,0.0000,0.195542,0.195542;0.196246;0.195911;0.195191;0.195102,28.014613,35695.66,,23.08,0,6980,10,True,nid004905,57783804
SINDI,doc_prune=0 query_prune=0.5 n_cand=1000,64,0.9039398281,0.9997,90.4895,8.0123,0.0000,3.904811,3.904811;3.904651;3.903425;3.907250;3.909076,559.428510,1787.54,,27.37,0,6980,10,True,nid004909,57783808
SINDI,doc_prune=0.8 query_prune=0.3 n_cand=1000,64,0.9039971347,0.9990,50.2061,8.0498,0.0000,0.525742,0.526247;0.524713;0.524864;0.525742;0.525784,75.321203,13276.47,,27.16,0,6980,10,True,nid004908,57783807
SINDI,doc_prune=0.8 query_prune=0.3 n_cand=1000,64,0.9040401146,0.9990,50.3306,8.1487,0.0000,0.772045,0.771083;0.772045;0.773194;0.772227;0.769938,110.608166,9040.92,,24.55,0,6980,10,True,nid004906,57783805
SINDI,doc_prune=0.8 query_prune=0.3 n_cand=1000,64,0.9040544413,0.9990,51.2584,8.1851,0.0000,0.525301,0.525301;0.524309;0.524851;0.525358;0.525847,75.258023,13287.62,,27.38,0,6980,10,True,nid004904,57783803
SINDI,doc_prune=0.8 query_prune=0.3 n_cand=1000,64,0.9040830946,0.9990,50.5467,8.0978,0.0000,0.442589,0.442487;0.442589;0.442806;0.442360;0.442733,63.408166,15770.84,,23.08,0,6980,10,True,nid004905,57783804
SINDI,doc_prune=0.8 query_prune=0.2 n_cand=1000,64,0.9042120344,0.9990,50.2061,8.0498,0.0000,0.573998,0.573529;0.573402;0.574433;0.574242;0.573998,82.234670,12160.32,,27.16,0,6980,10,True,nid004908,57783807
SINDI,doc_prune=0.8 query_prune=0.2 n_cand=1000,64,0.9042406877,0.9990,51.2584,8.1851,0.0000,0.574617,0.574564;0.574532;0.574617;0.575297;0.575327,82.323352,12147.22,,27.38,0,6980,10,True,nid004904,57783803
SINDI,doc_prune=0.8 query_prune=0.2 n_cand=1000,64,0.9042406877,0.9990,50.5467,8.0978,0.0000,0.478494,0.478854;0.478494;0.478936;0.478311;0.478256,68.552149,14587.43,,23.08,0,6980,10,True,nid004905,57783804
SINDI,doc_prune=0.8 query_prune=0 n_cand=1000,64,0.9042406877,0.9990,50.3306,8.1487,0.0000,1.001002,1.000998;1.001002;1.003174;1.000478;1.002118,143.410029,6973.01,,24.55,0,6980,10,True,nid004906,57783805
SINDI,doc_prune=0.8 query_prune=0.1 n_cand=1000,64,0.9042550143,0.9990,50.3306,8.1487,0.0000,0.919750,0.919728;0.919750;0.921362;0.920165;0.919571,131.769341,7589.02,,24.55,0,6980,10,True,nid004906,57783805
SINDI,doc_prune=0.8 query_prune=0.2 n_cand=1000,64,0.9042550143,0.9990,50.3306,8.1487,0.0000,0.848088,0.849877;0.846671;0.847182;0.849812;0.848088,121.502579,8230.28,,24.55,0,6980,10,True,nid004906,57783805
SINDI,doc_prune=0.8 query_prune=0.1 n_cand=1000,64,0.9042836676,0.9990,50.5467,8.0978,0.0000,0.514313,0.514873;0.514254;0.514313;0.513984;0.514468,73.683811,13571.50,,23.08,0,6980,10,True,nid004905,57783804
SINDI,doc_prune=0.8 query_prune=0 n_cand=1000,64,0.9042979943,0.9990,50.2061,8.0498,0.0000,0.676472,0.676392;0.677336;0.676472;0.676223;0.677180,96.915759,10318.24,,27.16,0,6980,10,True,nid004908,57783807
SINDI,doc_prune=0.8 query_prune=0.1 n_cand=1000,64,0.9042979943,0.9990,50.2061,8.0498,0.0000,0.622738,0.623043;0.622738;0.622820;0.622422;0.621798,89.217479,11208.57,,27.16,0,6980,10,True,nid004908,57783807
SINDI,doc_prune=0.8 query_prune=0 n_cand=1000,64,0.9043266476,0.9990,51.2584,8.1851,0.0000,0.676489,0.677665;0.675863;0.676152;0.676489;0.676722,96.918195,10317.98,,27.38,0,6980,10,True,nid004904,57783803
SINDI,doc_prune=0.8 query_prune=0.1 n_cand=1000,64,0.9043266476,0.9990,51.2584,8.1851,0.0000,0.623351,0.623351;0.623547;0.622785;0.623868;0.623282,89.305301,11197.54,,27.38,0,6980,10,True,nid004904,57783803
SINDI,doc_prune=0.8 query_prune=0 n_cand=1000,64,0.9043266476,0.9990,50.5467,8.0978,0.0000,0.553623,0.552965;0.565837;0.551878;0.554195;0.553623,79.315616,12607.86,,23.08,0,6980,10,True,nid004905,57783804
SINDI,doc_prune=0 query_prune=0.7 n_cand=1000,64,0.9045702006,0.9997,90.4895,8.0123,0.0000,2.258982,2.263993;2.258982;2.253959;2.258105;2.260926,323.636390,3089.89,,27.37,0,6980,10,True,nid004909,57783808
SINDI,doc_prune=0.7 query_prune=0.7 n_cand=200,64,0.9047421203,0.9990,51.9159,8.1487,0.0000,0.404430,0.405265;0.404430;0.403014;0.404171;0.410966,57.941261,17258.86,,24.55,0,6980,10,True,nid004906,57783805
SINDI,doc_prune=0.7 query_prune=0.7 n_cand=200,64,0.9047707736,0.9990,51.8677,8.0978,0.0000,0.242890,0.242308;0.242856;0.242991;0.242890;0.243168,34.797994,28737.29,,23.08,0,6980,10,True,nid004905,57783804
SINDI,doc_prune=0.7 query_prune=0.7 n_cand=200,64,0.9047707736,0.9990,51.9309,8.0498,0.0000,0.294689,0.295277;0.294512;0.295855;0.294318;0.294689,42.219054,23685.99,,27.16,0,6980,10,True,nid004908,57783807
SINDI,doc_prune=0.7 query_prune=0.7 n_cand=200,64,0.9047851003,0.9990,52.9532,8.1851,0.0000,0.311223,0.311227;0.311471;0.310828;0.311223;0.310586,44.587822,22427.65,,27.38,0,6980,10,True,nid004904,57783803
SINDI,doc_prune=0.5 query_prune=0 n_cand=1000,64,0.9050143266,0.9999,55.6074,8.0123,0.0000,1.961611,1.956646;1.948146;1.973519;1.965655;1.961611,281.033095,3558.30,,27.37,0,6980,10,True,nid004909,57783808
SINDI,doc_prune=0.5 query_prune=0.7 n_cand=1000,64,0.9050429799,0.9999,55.6074,8.0123,0.0000,0.759162,0.759162;0.761620;0.760654;0.757627;0.758655,108.762464,9194.35,,27.37,0,6980,10,True,nid004909,57783808
SINDI,doc_prune=0.5 query_prune=0.1 n_cand=1000,64,0.9050859599,0.9999,55.6074,8.0123,0.0000,1.788003,1.789104;1.786794;1.783705;1.788003;1.788594,256.160888,3903.80,,27.37,0,6980,10,True,nid004909,57783808
SINDI,doc_prune=0.5 query_prune=0.2 n_cand=1000,64,0.9051289398,0.9999,55.6074,8.0123,0.0000,1.648604,1.649334;1.643535;1.650509;1.648604;1.648259,236.189685,4233.89,,27.37,0,6980,10,True,nid004909,57783808
SINDI,doc_prune=0.5 query_prune=0.3 n_cand=1000,64,0.9051289398,0.9999,55.6074,8.0123,0.0000,1.466012,1.466012;1.469700;1.463146;1.465921;1.469144,210.030372,4761.22,,27.37,0,6980,10,True,nid004909,57783808
SINDI,doc_prune=0.5 query_prune=0.5 n_cand=1000,64,0.9052578797,0.9999,55.6074,8.0123,0.0000,1.129483,1.131346;1.126613;1.129483;1.127524;1.132247,161.817049,6179.82,,27.37,0,6980,10,True,nid004909,57783808
SINDI,doc_prune=0.1 query_prune=0 n_cand=1000,64,0.9054297994,0.9999,71.1279,8.0123,0.0000,4.348583,4.385349;4.329503;4.356058;4.304518;4.348583,623.006160,1605.12,,27.37,0,6980,10,True,nid004909,57783808
SINDI,doc_prune=0.1 query_prune=0.1 n_cand=1000,64,0.9054871060,0.9999,71.1279,8.0123,0.0000,3.988846,3.969914;3.957627;3.997970;4.017671;3.988846,571.467908,1749.88,,27.37,0,6980,10,True,nid004909,57783808
SINDI,doc_prune=0.1 query_prune=0.2 n_cand=1000,64,0.9055014327,0.9999,71.1279,8.0123,0.0000,3.678946,3.678946;3.676276;3.679406;3.679545;3.675828,527.069628,1897.28,,27.37,0,6980,10,True,nid004909,57783808
SINDI,doc_prune=0.1 query_prune=0.3 n_cand=1000,64,0.9055300860,0.9999,71.1279,8.0123,0.0000,3.318480,3.311364;3.318480;3.321536;3.317641;3.322882,475.426934,2103.37,,27.37,0,6980,10,True,nid004909,57783808
SINDI,doc_prune=0.1 query_prune=0.5 n_cand=1000,64,0.9056446991,0.9999,71.1279,8.0123,0.0000,2.557898,2.557813;2.555372;2.557898;2.564207;2.565993,366.461032,2728.80,,27.37,0,6980,10,True,nid004909,57783808
SINDI,doc_prune=0.1 query_prune=0.7 n_cand=1000,64,0.9062464183,0.9999,71.1279,8.0123,0.0000,1.636975,1.627962;1.636975;1.637194;1.629543;1.637435,234.523639,4263.96,,27.37,0,6980,10,True,nid004909,57783808
SINDI,doc_prune=0.2 query_prune=0 n_cand=1000,64,0.9066475645,0.9999,64.5137,8.0123,0.0000,3.427170,3.429928;3.419215;3.426384;3.430148;3.427170,490.998567,2036.67,,27.37,0,6980,10,True,nid004909,57783808
SINDI,doc_prune=0.2 query_prune=0.1 n_cand=1000,64,0.9067048711,0.9999,64.5137,8.0123,0.0000,3.193950,3.193950;3.191395;3.192104;3.200342;3.194705,457.585960,2185.38,,27.37,0,6980,10,True,nid004909,57783808
SINDI,doc_prune=0.2 query_prune=0.3 n_cand=1000,64,0.9067335244,0.9999,64.5137,8.0123,0.0000,2.758739,2.742114;2.758739;2.756367;2.760157;2.763279,395.234814,2530.14,,27.37,0,6980,10,True,nid004909,57783808
SINDI,doc_prune=0.2 query_prune=0.2 n_cand=1000,64,0.9067478510,0.9999,64.5137,8.0123,0.0000,2.969153,2.965488;2.971135;2.969153;2.972955;2.964609,425.380086,2350.84,,27.37,0,6980,10,True,nid004909,57783808
SINDI,doc_prune=0.2 query_prune=0.5 n_cand=1000,64,0.9068624642,0.9999,64.5137,8.0123,0.0000,2.183109,2.177743;2.171792;2.184481;2.187801;2.183109,312.766332,3197.28,,27.37,0,6980,10,True,nid004909,57783808
SINDI,doc_prune=0.7 query_prune=0.5 n_cand=200,64,0.9073352436,0.9993,52.9532,8.1851,0.0000,0.469421,0.469050;0.469372;0.469679;0.469421;0.470202,67.252292,14869.38,,27.38,0,6980,10,True,nid004904,57783803
SINDI,doc_prune=0.7 query_prune=0.5 n_cand=200,64,0.9073352436,0.9993,51.9309,8.0498,0.0000,0.446019,0.446019;0.445358;0.445155;0.446216;0.447955,63.899570,15649.56,,27.16,0,6980,10,True,nid004908,57783807
SINDI,doc_prune=0.7 query_prune=0.5 n_cand=200,64,0.9073495702,0.9993,51.9159,8.1487,0.0000,0.609815,0.615386;0.609815;0.610735;0.609597;0.607708,87.366046,11446.09,,24.55,0,6980,10,True,nid004906,57783805
SINDI,doc_prune=0.3 query_prune=0 n_cand=1000,64,0.9073782235,0.9999,60.6069,8.0123,0.0000,2.954748,2.932019;2.950757;2.954748;2.973413;2.968281,423.316332,2362.30,,27.37,0,6980,10,True,nid004909,57783808
SINDI,doc_prune=0.3 query_prune=0.1 n_cand=1000,64,0.9073925501,0.9999,60.6069,8.0123,0.0000,2.748358,2.738442;2.747765;2.750988;2.748358;2.762915,393.747564,2539.70,,27.37,0,6980,10,True,nid004909,57783808
SINDI,doc_prune=0.3 query_prune=0.2 n_cand=1000,64,0.9073925501,0.9999,60.6069,8.0123,0.0000,2.565840,2.556852;2.573039;2.563744;2.571290;2.565840,367.598854,2720.36,,27.37,0,6980,10,True,nid004909,57783808
SINDI,doc_prune=0.2 query_prune=0.7 n_cand=1000,64,0.9074355301,0.9999,64.5137,8.0123,0.0000,1.383281,1.386907;1.383281;1.381321;1.385592;1.381870,198.177794,5045.97,,27.37,0,6980,10,True,nid004909,57783808
SINDI,doc_prune=0.7 query_prune=0.5 n_cand=200,64,0.9074498567,0.9993,51.8677,8.0978,0.0000,0.360337,0.360730;0.360334;0.360337;0.359974;0.360615,51.624212,19370.76,,23.08,0,6980,10,True,nid004905,57783804
SINDI,doc_prune=0.4 query_prune=0 n_cand=1000,64,0.9075358166,0.9999,57.6367,8.0123,0.0000,2.679230,2.670211;2.685174;2.671261;2.679230;2.687910,383.843840,2605.23,,27.37,0,6980,10,True,nid004909,57783808
SINDI,doc_prune=0.4 query_prune=0.1 n_cand=1000,64,0.9075787966,0.9999,57.6367,8.0123,0.0000,2.538906,2.538906;2.548034;2.540271;2.530725;2.534852,363.740115,2749.22,,27.37,0,6980,10,True,nid004909,57783808
SINDI,doc_prune=0.3 query_prune=0.3 n_cand=1000,64,0.9076217765,0.9999,60.6069,8.0123,0.0000,2.351753,2.344472;2.352066;2.351753;2.347157;2.354694,336.927364,2968.00,,27.37,0,6980,10,True,nid004909,57783808
SINDI,doc_prune=0.4 query_prune=0.2 n_cand=1000,64,0.9076217765,0.9999,57.6367,8.0123,0.0000,2.321053,2.316652;2.321053;2.326239;2.335080;2.315526,332.529083,3007.26,,27.37,0,6980,10,True,nid004909,57783808
SINDI,doc_prune=0.4 query_prune=0.3 n_cand=1000,64,0.9076647564,0.9999,57.6367,8.0123,0.0000,2.093486,2.088802;2.094386;2.093486;2.088169;2.095522,299.926361,3334.15,,27.37,0,6980,10,True,nid004909,57783808
SINDI,doc_prune=0.4 query_prune=0.5 n_cand=1000,64,0.9076647564,0.9999,57.6367,8.0123,0.0000,1.585468,1.588616;1.583031;1.581653;1.585468;1.591088,227.144413,4402.49,,27.37,0,6980,10,True,nid004909,57783808
SINDI,doc_prune=0.3 query_prune=0.5 n_cand=1000,64,0.9077507163,0.9999,60.6069,8.0123,0.0000,1.821763,1.817008;1.824246;1.830640;1.821763;1.821050,260.997564,3831.45,,27.37,0,6980,10,True,nid004909,57783808
SINDI,doc_prune=0.4 query_prune=0.7 n_cand=1000,64,0.9078939828,0.9999,57.6367,8.0123,0.0000,1.014802,1.013689;1.013611;1.014802;1.017343;1.018998,145.387106,6878.19,,27.37,0,6980,10,True,nid004909,57783808
SINDI,doc_prune=0.3 query_prune=0.7 n_cand=1000,64,0.9079083095,0.9999,60.6069,8.0123,0.0000,1.174909,1.178149;1.174029;1.170029;1.174909;1.178539,168.325072,5940.89,,27.37,0,6980,10,True,nid004909,57783808
SINDI,doc_prune=0.7 query_prune=0.3 n_cand=200,64,0.9081948424,0.9993,51.9159,8.1487,0.0000,0.793775,0.793775;0.793655;0.796479;0.794031;0.792502,113.721347,8793.42,,24.55,0,6980,10,True,nid004906,57783805
SINDI,doc_prune=0.7 query_prune=0.3 n_cand=200,64,0.9082091691,0.9993,52.9532,8.1851,0.0000,0.618308,0.618308;0.618820;0.617683;0.618342;0.617908,88.582808,11288.87,,27.38,0,6980,10,True,nid004904,57783803
SINDI,doc_prune=0.7 query_prune=0.3 n_cand=200,64,0.9082091691,0.9993,51.9309,8.0498,0.0000,0.586532,0.586532;0.587426;0.584990;0.586908;0.585898,84.030372,11900.46,,27.16,0,6980,10,True,nid004908,57783807
SINDI,doc_prune=0.7 query_prune=0.2 n_cand=200,64,0.9082664756,0.9993,52.9532,8.1851,0.0000,0.698173,0.698173;0.698377;0.696752;0.700553;0.695503,100.024785,9997.52,,27.38,0,6980,10,True,nid004904,57783803
SINDI,doc_prune=0.7 query_prune=0.2 n_cand=200,64,0.9082664756,0.9993,51.9309,8.0498,0.0000,0.658642,0.659588;0.658803;0.657456;0.657654;0.658642,94.361318,10597.56,,27.16,0,6980,10,True,nid004908,57783807
SINDI,doc_prune=0.7 query_prune=0.2 n_cand=200,64,0.9082808023,0.9993,51.9159,8.1487,0.0000,0.892699,0.890693;0.892643;0.892699;0.897884;0.895977,127.893840,7818.98,,24.55,0,6980,10,True,nid004906,57783805
SINDI,doc_prune=0.7 query_prune=0 n_cand=200,64,0.9083524355,0.9993,51.9159,8.1487,0.0000,1.099253,1.099698;1.101962;1.099023;1.098908;1.099253,157.486103,6349.77,,24.55,0,6980,10,True,nid004906,57783805
SINDI,doc_prune=0.7 query_prune=0.3 n_cand=200,64,0.9083667622,0.9993,51.8677,8.0978,0.0000,0.470678,0.470863;0.470678;0.470179;0.470562;0.470822,67.432378,14829.67,,23.08,0,6980,10,True,nid004905,57783804
SINDI,doc_prune=0.7 query_prune=0 n_cand=200,64,0.9083810888,0.9993,51.9309,8.0498,0.0000,0.812363,0.814043;0.812363;0.811408;0.813318;0.811140,116.384384,8592.22,,27.16,0,6980,10,True,nid004908,57783807
SINDI,doc_prune=0.7 query_prune=0 n_cand=200,64,0.9084097421,0.9993,52.9532,8.1851,0.0000,0.861896,0.861955;0.861896;0.862186;0.861244;0.861157,123.480802,8098.42,,27.38,0,6980,10,True,nid004904,57783803
SINDI,doc_prune=0.7 query_prune=0.1 n_cand=200,64,0.9084097421,0.9993,51.9159,8.1487,0.0000,0.990511,0.986659;0.988600;0.991359;0.990511;0.992065,141.907020,7046.87,,24.55,0,6980,10,True,nid004906,57783805
SINDI,doc_prune=0.7 query_prune=0.1 n_cand=200,64,0.9084097421,0.9993,51.9309,8.0498,0.0000,0.730177,0.729747;0.730177;0.731015;0.730194;0.728943,104.609885,9559.33,,27.16,0,6980,10,True,nid004908,57783807
SINDI,doc_prune=0.7 query_prune=0.1 n_cand=200,64,0.9084240688,0.9993,52.9532,8.1851,0.0000,0.774511,0.773095;0.775116;0.774511;0.773967;0.774976,110.961461,9012.14,,27.38,0,6980,10,True,nid004904,57783803
SINDI,doc_prune=0.7 query_prune=0.2 n_cand=200,64,0.9084240688,0.9993,51.8677,8.0978,0.0000,0.528970,0.528599;0.529312;0.528935;0.529043;0.528970,75.783668,13195.46,,23.08,0,6980,10,True,nid004905,57783804
SINDI,doc_prune=0.7 query_prune=0 n_cand=200,64,0.9084813754,0.9993,51.8677,8.0978,0.0000,0.647117,0.646991;0.647117;0.645384;0.647253;0.647372,92.710172,10786.30,,23.08,0,6980,10,True,nid004905,57783804
SINDI,doc_prune=0.7 query_prune=0.1 n_cand=200,64,0.9084813754,0.9993,51.8677,8.0978,0.0000,0.584320,0.584003;0.584198;0.584320;0.585332;0.584511,83.713467,11945.51,,23.08,0,6980,10,True,nid004905,57783804
SINDI,doc_prune=0.3 query_prune=0.9 n_cand=200,64,0.9101719198,0.9741,66.8358,8.1156,0.0000,0.600646,0.600646;0.600911;0.599305;0.601615;0.600207,86.052436,11620.82,,30.23,0,6980,10,True,nid004907,57783806
SINDI,doc_prune=0.3 query_prune=0.9 n_cand=200,64,0.9102005731,0.9741,60.3300,8.0498,0.0000,0.264797,0.264115;0.265419;0.264797;0.263731;0.264938,37.936533,26359.82,,27.16,0,6980,10,True,nid004908,57783807
SINDI,doc_prune=0.3 query_prune=0.9 n_cand=200,64,0.9102148997,0.9741,61.5150,8.1851,0.0000,0.281494,0.281969;0.281887;0.280890;0.281494;0.281172,40.328653,24796.27,,27.38,0,6980,10,True,nid004904,57783803
SINDI,doc_prune=0.3 query_prune=0.9 n_cand=200,64,0.9102148997,0.9742,58.4104,8.0978,0.0000,0.230181,0.230068;0.230514;0.230115;0.230181;0.230292,32.977221,30323.96,,23.08,0,6980,10,True,nid004905,57783804
SINDI,doc_prune=0.3 query_prune=0.9 n_cand=200,64,0.9102148997,0.9741,59.3424,8.1487,0.0000,0.318262,0.318142;0.318262;0.319243;0.319126;0.317683,45.596275,21931.62,,24.55,0,6980,10,True,nid004906,57783805
SINDI,doc_prune=0.4 query_prune=0.5 n_cand=20,64,0.9113467049,1.0000,58.8358,8.1851,0.0000,1.162764,1.162764;1.165600;1.156506;1.167297;1.159849,166.585100,6002.94,,27.38,0,6980,10,True,nid004904,57783803
SINDI,doc_prune=0.4 query_prune=0.5 n_cand=20,64,0.9113467049,1.0000,63.7468,8.1156,0.0000,3.247283,3.247283;3.240651;3.249075;3.260199;3.242854,465.226791,2149.49,,30.23,0,6980,10,True,nid004907,57783806
SINDI,doc_prune=0.4 query_prune=0.5 n_cand=20,64,0.9113467049,1.0000,57.5599,8.0498,0.0000,1.165996,1.168249;1.158904;1.169997;1.163023;1.165996,167.048138,5986.30,,27.16,0,6980,10,True,nid004908,57783807
SINDI,doc_prune=0.4 query_prune=0.5 n_cand=20,64,0.9113610315,1.0000,57.0267,8.1487,0.0000,1.428388,1.423091;1.428388;1.433545;1.430565;1.425713,204.640115,4886.63,,24.55,0,6980,10,True,nid004906,57783805
SINDI,doc_prune=0.4 query_prune=0.5 n_cand=20,64,0.9114469914,1.0000,56.1978,8.0978,0.0000,0.929923,0.930209;0.934093;0.927346;0.929923;0.928163,133.226791,7506.00,,23.08,0,6980,10,True,nid004905,57783804
SINDI,doc_prune=0.7 query_prune=0.7 n_cand=5000,64,0.9120773639,1.0000,52.1485,8.0123,0.0000,1.215804,1.212681;1.215804;1.216408;1.215339;1.217186,174.183954,5741.06,,27.37,0,6980,10,True,nid004909,57783808
SINDI,doc_prune=0.7 query_prune=0.5 n_cand=5000,64,0.9126790831,1.0000,52.1485,8.0123,0.0000,1.399358,1.397902;1.399358;1.400601;1.401093;1.398873,200.481089,4988.00,,27.37,0,6980,10,True,nid004909,57783808
SINDI,doc_prune=0.7 query_prune=0.2 n_cand=5000,64,0.9128510029,1.0000,52.1485,8.0123,0.0000,1.660532,1.660532;1.661911;1.660122;1.658399;1.661900,237.898567,4203.47,,27.37,0,6980,10,True,nid004909,57783808
SINDI,doc_prune=0.7 query_prune=0.3 n_cand=5000,64,0.9128510029,1.0000,52.1485,8.0123,0.0000,1.570306,1.571862;1.570306;1.568068;1.568210;1.577134,224.972206,4444.99,,27.37,0,6980,10,True,nid004909,57783808
SINDI,doc_prune=0.7 query_prune=0 n_cand=5000,64,0.9128939828,1.0000,52.1485,8.0123,0.0000,1.847299,1.844307;1.846536;1.847299;1.850583;1.849877,264.656017,3778.49,,27.37,0,6980,10,True,nid004909,57783808
SINDI,doc_prune=0.7 query_prune=0.1 n_cand=5000,64,0.9129083095,1.0000,52.1485,8.0123,0.0000,1.748219,1.747228;1.751370;1.748219;1.745843;1.750909,250.461175,3992.63,,27.37,0,6980,10,True,nid004909,57783808
SINDI,doc_prune=0.2 query_prune=0.9 n_cand=200,64,0.9131661891,0.9745,61.3432,8.0978,0.0000,0.272812,0.272305;0.272916;0.272812;0.272749;0.273484,39.084814,25585.38,,23.08,0,6980,10,True,nid004905,57783804
SINDI,doc_prune=0.2 query_prune=0.9 n_cand=200,64,0.9131805158,0.9744,65.3485,8.1851,0.0000,0.322887,0.323139;0.322887;0.322776;0.324279;0.322326,46.258883,21617.47,,27.38,0,6980,10,True,nid004904,57783803
SINDI,doc_prune=0.2 query_prune=0.9 n_cand=200,64,0.9131805158,0.9744,64.3194,8.0498,0.0000,0.315595,0.315595;0.314822;0.315586;0.316840;0.316304,45.214183,22116.95,,27.16,0,6980,10,True,nid004908,57783807
SINDI,doc_prune=0.2 query_prune=0.9 n_cand=200,64,0.9131948424,0.9744,63.0529,8.1487,0.0000,0.359508,0.356781;0.360183;0.359887;0.359508;0.358711,51.505444,19415.42,,24.55,0,6980,10,True,nid004906,57783805
SINDI,doc_prune=0.2 query_prune=0.9 n_cand=200,64,0.9131948424,0.9744,71.0080,8.1156,0.0000,0.624789,0.625919;0.624789;0.625247;0.622158;0.621215,89.511318,11171.77,,30.23,0,6980,10,True,nid004907,57783806
SINDI,doc_prune=0 query_prune=0 n_cand=5000,64,0.9133954155,0.9999,90.4895,8.0123,0.0000,7.378624,7.406181;7.381875;7.369521;7.378624;7.376469,1057.109456,945.98,,27.37,0,6980,10,True,nid004909,57783808
SINDI,doc_prune=0 query_prune=0.1 n_cand=5000,64,0.9134097421,0.9999,90.4895,8.0123,0.0000,6.730408,6.723473;6.734996;6.729141;6.730408;6.749145,964.241834,1037.08,,27.37,0,6980,10,True,nid004909,57783808
SINDI,doc_prune=0 query_prune=0.2 n_cand=5000,64,0.9134383954,0.9999,90.4895,8.0123,0.0000,6.716112,6.717024;6.716112;6.710685;6.717709;6.715332,962.193696,1039.29,,27.37,0,6980,10,True,nid004909,57783808
SINDI,doc_prune=0 query_prune=0.3 n_cand=5000,64,0.9135386819,0.9999,90.4895,8.0123,0.0000,5.972539,5.970186;5.972539;5.974674;5.963932;5.973661,855.664613,1168.68,,27.37,0,6980,10,True,nid004909,57783808
SINDI,doc_prune=0.4 query_prune=0.3 n_cand=20,64,0.9136103152,1.0000,57.0267,8.1487,0.0000,1.887134,1.888048;1.892445;1.884056;1.879352;1.887134,270.363037,3698.73,,24.55,0,6980,10,True,nid004906,57783805
SINDI,doc_prune=0.4 query_prune=0.3 n_cand=20,64,0.9136103152,1.0000,63.7468,8.1156,0.0000,4.314665,4.316659;4.314665;4.315784;4.303570;4.309448,618.146848,1617.74,,30.23,0,6980,10,True,nid004907,57783806
SINDI,doc_prune=0.4 query_prune=0.3 n_cand=20,64,0.9136246418,1.0000,58.8358,8.1851,0.0000,1.558258,1.558258;1.559463;1.560582;1.545954;1.552490,223.246132,4479.36,,27.38,0,6980,10,True,nid004904,57783803
SINDI,doc_prune=0.4 query_prune=0.3 n_cand=20,64,0.9136246418,1.0000,57.5599,8.0498,0.0000,1.520168,1.520168;1.517097;1.523557;1.517818;1.525991,217.789112,4591.60,,27.16,0,6980,10,True,nid004908,57783807
SINDI,doc_prune=0.4 query_prune=0.3 n_cand=20,64,0.9139111748,1.0000,56.1978,8.0978,0.0000,1.242031,1.242011;1.242165;1.240694;1.246214;1.242031,177.941404,5619.83,,23.08,0,6980,10,True,nid004905,57783804
SINDI,doc_prune=0.4 query_prune=0.2 n_cand=20,64,0.9140257880,1.0000,63.7468,8.1156,0.0000,4.798296,4.755966;4.779087;4.800972;4.800229;4.798296,687.434957,1454.68,,30.23,0,6980,10,True,nid004907,57783806
SINDI,doc_prune=0.4 query_prune=0.2 n_cand=20,64,0.9140401146,1.0000,58.8358,8.1851,0.0000,1.737874,1.725540;1.737874;1.746712;1.741862;1.735232,248.979083,4016.40,,27.38,0,6980,10,True,nid004904,57783803
SINDI,doc_prune=0.4 query_prune=0.2 n_cand=20,64,0.9140401146,1.0000,57.5599,8.0498,0.0000,1.682599,1.681689;1.689478;1.682599;1.682928;1.682167,241.060029,4148.34,,27.16,0,6980,10,True,nid004908,57783807
SINDI,doc_prune=0.4 query_prune=0.2 n_cand=20,64,0.9140687679,1.0000,57.0267,8.1487,0.0000,2.104004,2.104851;2.104004;2.095862;2.103072;2.112258,301.433238,3317.48,,24.55,0,6980,10,True,nid004906,57783805
SINDI,doc_prune=0 query_prune=0.5 n_cand=5000,64,0.9141260745,0.9999,90.4895,8.0123,0.0000,4.485569,4.485544;4.488962;4.491303;4.485569;4.484229,642.631662,1556.10,,27.37,0,6980,10,True,nid004909,57783808
SINDI,doc_prune=0.4 query_prune=0.1 n_cand=20,64,0.9142836676,1.0000,58.8358,8.1851,0.0000,1.911247,1.911247;1.903885;1.911318;1.907249;1.927451,273.817622,3652.07,,27.38,0,6980,10,True,nid004904,57783803
SINDI,doc_prune=0.4 query_prune=0.1 n_cand=20,64,0.9142979943,1.0000,63.7468,8.1156,0.0000,5.204740,5.198285;5.204740;5.220939;5.197997;5.210853,745.664756,1341.09,,30.23,0,6980,10,True,nid004907,57783806
SINDI,doc_prune=0.4 query_prune=0.1 n_cand=20,64,0.9142979943,1.0000,57.5599,8.0498,0.0000,1.844708,1.851040;1.842222;1.850060;1.837536;1.844708,264.284814,3783.80,,27.16,0,6980,10,True,nid004908,57783807
SINDI,doc_prune=0.4 query_prune=0.1 n_cand=20,64,0.9143123209,1.0000,57.0267,8.1487,0.0000,2.317012,2.311527;2.307597;2.335792;2.321372;2.317012,331.950143,3012.50,,24.55,0,6980,10,True,nid004906,57783805
SINDI,doc_prune=0.4 query_prune=0 n_cand=20,64,0.9144126074,1.0000,58.8358,8.1851,0.0000,2.082812,2.084069;2.094198;2.080229;2.082812;2.081985,298.397135,3351.24,,27.38,0,6980,10,True,nid004904,57783803
SINDI,doc_prune=0.4 query_prune=0.2 n_cand=20,64,0.9144269341,1.0000,56.1978,8.0978,0.0000,1.393573,1.398451;1.391643;1.396068;1.392040;1.393573,199.652292,5008.71,,23.08,0,6980,10,True,nid004905,57783804
SINDI,doc_prune=0.4 query_prune=0 n_cand=20,64,0.9144269341,1.0000,57.0267,8.1487,0.0000,2.533485,2.540362;2.530671;2.531870;2.533485;2.535807,362.963467,2755.10,,24.55,0,6980,10,True,nid004906,57783805
SINDI,doc_prune=0.4 query_prune=0 n_cand=20,64,0.9144269341,1.0000,63.7468,8.1156,0.0000,5.696947,5.666064;5.653987;5.698443;5.700767;5.696947,816.181519,1225.22,,30.23,0,6980,10,True,nid004907,57783806
SINDI,doc_prune=0.4 query_prune=0 n_cand=20,64,0.9144269341,1.0000,57.5599,8.0498,0.0000,2.007308,2.003102;2.008330;2.009703;2.002686;2.007308,287.579943,3477.29,,27.16,0,6980,10,True,nid004908,57783807
SINDI,doc_prune=0.4 query_prune=0.1 n_cand=20,64,0.9145558739,1.0000,56.1978,8.0978,0.0000,1.539725,1.541067;1.537476;1.537455;1.539725;1.541319,220.590974,4533.28,,23.08,0,6980,10,True,nid004905,57783804
SINDI,doc_prune=0.4 query_prune=0 n_cand=20,64,0.9145702006,1.0000,56.1978,8.0978,0.0000,1.695873,1.695873;1.695057;1.701288;1.696670;1.693539,242.961748,4115.87,,23.08,0,6980,10,True,nid004905,57783804
SINDI,doc_prune=0.1 query_prune=0.9 n_cand=200,64,0.9150429799,0.9745,65.8598,8.0978,0.0000,0.324800,0.325473;0.324388;0.324207;0.325010;0.324800,46.532951,21490.15,,23.08,0,6980,10,True,nid004905,57783804
SINDI,doc_prune=0 query_prune=0.7 n_cand=5000,64,0.9150716332,0.9999,90.4895,8.0123,0.0000,2.828765,2.832942;2.826469;2.828799;2.828765;2.828452,405.267192,2467.51,,27.37,0,6980,10,True,nid004909,57783808
SINDI,doc_prune=0.1 query_prune=0.9 n_cand=200,64,0.9151862464,0.9744,77.9615,8.1156,0.0000,0.627205,0.625875;0.627464;0.626521;0.627205;0.627521,89.857450,11128.74,,30.23,0,6980,10,True,nid004907,57783806
SINDI,doc_prune=0.1 query_prune=0.9 n_cand=200,64,0.9152148997,0.9744,68.8096,8.1487,0.0000,0.389871,0.389755;0.389945;0.389871;0.388651;0.391896,55.855444,17903.36,,24.55,0,6980,10,True,nid004906,57783805
SINDI,doc_prune=0.1 query_prune=0.9 n_cand=200,64,0.9152148997,0.9744,71.1817,8.0498,0.0000,0.396676,0.397031;0.396676;0.398937;0.396625;0.395891,56.830372,17596.22,,27.16,0,6980,10,True,nid004908,57783807
SINDI,doc_prune=0.1 query_prune=0.9 n_cand=200,64,0.9152292264,0.9744,71.9417,8.1851,0.0000,0.391820,0.390428;0.391447;0.391820;0.391964;0.393508,56.134670,17814.30,,27.38,0,6980,10,True,nid004904,57783803
SINDI,doc_prune=0 query_prune=0.9 n_cand=200,64,0.9157449857,0.9745,77.5082,8.0978,0.0000,0.448669,0.448749;0.448669;0.448230;0.448890;0.448648,64.279226,15557.13,,23.08,0,6980,10,True,nid004905,57783804
SINDI,doc_prune=0 query_prune=0.9 n_cand=200,64,0.9158739255,0.9744,84.4698,8.1487,0.0000,0.529952,0.528742;0.530592;0.530498;0.529952;0.529916,75.924355,13171.00,,24.55,0,6980,10,True,nid004906,57783805
SINDI,doc_prune=0 query_prune=0.9 n_cand=200,64,0.9159312321,0.9744,96.6554,8.1156,0.0000,0.760848,0.760839;0.761630;0.762932;0.760848;0.757905,109.004011,9173.97,,30.23,0,6980,10,True,nid004907,57783806
SINDI,doc_prune=0 query_prune=0.9 n_cand=200,64,0.9159455587,0.9744,91.4632,8.1851,0.0000,0.540793,0.540040;0.546717;0.540793;0.541455;0.539486,77.477507,12906.97,,27.38,0,6980,10,True,nid004904,57783803
SINDI,doc_prune=0 query_prune=0.9 n_cand=200,64,0.9159455587,0.9744,91.1434,8.0498,0.0000,0.520359,0.518336;0.520733;0.519006;0.520359;0.520528,74.550000,13413.82,,27.16,0,6980,10,True,nid004908,57783807
SINDI,doc_prune=0.8 query_prune=0.9 n_cand=5000,64,0.9169340974,0.9870,50.3306,8.1487,0.0000,1.149701,1.152193;1.146758;1.155504;1.146656;1.149701,164.713610,6071.14,,24.55,0,6980,10,True,nid004906,57783805
SINDI,doc_prune=0.8 query_prune=0.9 n_cand=5000,64,0.9169770774,0.9871,51.2584,8.1851,0.0000,0.762195,0.762621;0.762195;0.761982;0.762145;0.762868,109.196991,9157.76,,27.38,0,6980,10,True,nid004904,57783803
SINDI,doc_prune=0.8 query_prune=0.9 n_cand=5000,64,0.9169914040,0.9871,50.2061,8.0498,0.0000,0.843023,0.842333;0.845019;0.843023;0.842300;0.843465,120.776934,8279.73,,27.16,0,6980,10,True,nid004908,57783807
SINDI,doc_prune=0.8 query_prune=0.9 n_cand=5000,64,0.9170200573,0.9871,50.5467,8.0978,0.0000,0.740174,0.741486;0.741210;0.740170;0.739947;0.740174,106.042120,9430.22,,23.08,0,6980,10,True,nid004905,57783804
SINDI,doc_prune=0.1 query_prune=0.1 n_cand=5000,64,0.9171489971,0.9999,71.1279,8.0123,0.0000,4.462967,4.470834;4.480106;4.452993;4.459814;4.462967,639.393553,1563.98,,27.37,0,6980,10,True,nid004909,57783808
SINDI,doc_prune=0.1 query_prune=0 n_cand=5000,64,0.9171633238,0.9999,71.1279,8.0123,0.0000,4.804214,4.798499;4.838143;4.804214;4.803569;4.824891,688.282808,1452.89,,27.37,0,6980,10,True,nid004909,57783808
SINDI,doc_prune=0.1 query_prune=0.2 n_cand=5000,64,0.9172206304,0.9999,71.1279,8.0123,0.0000,4.286284,4.284024;4.286284;4.289071;4.291471;4.282967,614.080802,1628.45,,27.37,0,6980,10,True,nid004909,57783808
SINDI,doc_prune=0.1 query_prune=0.3 n_cand=5000,64,0.9173638968,0.9999,71.1279,8.0123,0.0000,3.945602,3.945602;3.947289;3.940272;3.941989;3.951502,565.272493,1769.06,,27.37,0,6980,10,True,nid004909,57783808
SINDI,doc_prune=0.1 query_prune=0.5 n_cand=5000,64,0.9176361032,0.9999,71.1279,8.0123,0.0000,3.130436,3.134221;3.125814;3.134915;3.125804;3.130436,448.486533,2229.72,,27.37,0,6980,10,True,nid004909,57783808
SINDI,doc_prune=0.1 query_prune=0.7 n_cand=5000,64,0.9183667622,0.9999,71.1279,8.0123,0.0000,2.156766,2.156766;2.156149;2.164073;2.155611;2.161973,308.992264,3236.33,,27.37,0,6980,10,True,nid004909,57783808
SINDI,doc_prune=0.2 query_prune=0 n_cand=5000,64,0.9195128940,0.9999,64.5137,8.0123,0.0000,4.057161,4.045310;4.057161;4.055564;4.064703;4.064211,581.255158,1720.41,,27.37,0,6980,10,True,nid004909,57783808
SINDI,doc_prune=0.2 query_prune=0.1 n_cand=5000,64,0.9195415473,0.9999,64.5137,8.0123,0.0000,3.796801,3.792253;3.785712;3.796801;3.805919;3.804964,543.954298,1838.39,,27.37,0,6980,10,True,nid004909,57783808
SINDI,doc_prune=0.2 query_prune=0.2 n_cand=5000,64,0.9196418338,0.9999,64.5137,8.0123,0.0000,3.551757,3.555956;3.551610;3.551757;3.553051;3.548194,508.847708,1965.22,,27.37,0,6980,10,True,nid004909,57783808
SINDI,doc_prune=0.2 query_prune=0.3 n_cand=5000,64,0.9196991404,0.9999,64.5137,8.0123,0.0000,3.340809,3.329282;3.330858;3.346239;3.355360;3.340809,478.625931,2089.31,,27.37,0,6980,10,True,nid004909,57783808
SINDI,doc_prune=0.2 query_prune=0.5 n_cand=5000,64,0.9200143266,0.9999,64.5137,8.0123,0.0000,2.725847,2.719094;2.724394;2.725847;2.727655;2.726158,390.522493,2560.67,,27.37,0,6980,10,True,nid004909,57783808
SINDI,doc_prune=0.2 query_prune=0.7 n_cand=5000,64,0.9205014327,0.9999,64.5137,8.0123,0.0000,1.955331,1.958239;1.954856;1.954798;1.960597;1.955331,280.133381,3569.73,,27.37,0,6980,10,True,nid004909,57783808
SINDI,doc_prune=0.1 query_prune=0.5 n_cand=10,64,0.9207736390,1.0000,65.8598,8.0978,0.0000,2.005065,2.003970;2.013144;2.005065;2.006302;2.004048,287.258596,3481.18,,23.08,0,6980,10,True,nid004905,57783804
SINDI,doc_prune=0.1 query_prune=0.5 n_cand=10,64,0.9212464183,1.0000,68.8096,8.1487,0.0000,2.452684,2.445009;2.445569;2.452684;2.456215;2.455318,351.387393,2845.86,,24.55,0,6980,10,True,nid004906,57783805
SINDI,doc_prune=0.3 query_prune=0 n_cand=5000,64,0.9213180516,0.9999,60.6069,8.0123,0.0000,3.537227,3.534518;3.537227;3.536248;3.550875;3.537621,506.766046,1973.30,,27.37,0,6980,10,True,nid004909,57783808
SINDI,doc_prune=0.3 query_prune=0.1 n_cand=5000,64,0.9213180516,0.9999,60.6069,8.0123,0.0000,3.321404,3.308587;3.321404;3.324997;3.317133;3.330407,475.845845,2101.52,,27.37,0,6980,10,True,nid004909,57783808
SINDI,doc_prune=0.1 query_prune=0.5 n_cand=10,64,0.9213323782,1.0000,71.9417,8.1851,0.0000,2.502618,2.504050;2.502618;2.501631;2.497613;2.507968,358.541261,2789.08,,27.38,0,6980,10,True,nid004904,57783803
SINDI,doc_prune=0.1 query_prune=0.5 n_cand=10,64,0.9213467049,1.0000,77.9615,8.1156,0.0000,4.239317,4.234454;4.239317;4.252040;4.229879;4.243344,607.352006,1646.49,,30.23,0,6980,10,True,nid004907,57783806
SINDI,doc_prune=0.1 query_prune=0.5 n_cand=10,64,0.9213467049,1.0000,71.1817,8.0498,0.0000,2.459792,2.459792;2.454253;2.461876;2.461705;2.451611,352.405731,2837.64,,27.16,0,6980,10,True,nid004908,57783807
SINDI,doc_prune=0.3 query_prune=0.2 n_cand=5000,64,0.9213896848,0.9999,60.6069,8.0123,0.0000,3.123761,3.125640;3.123761;3.120679;3.124211;3.121334,447.530229,2234.49,,27.37,0,6980,10,True,nid004909,57783808
SINDI,doc_prune=0.3 query_prune=0.3 n_cand=5000,64,0.9214613181,0.9999,60.6069,8.0123,0.0000,2.909456,2.912208;2.911717;2.909456;2.903916;2.907271,416.827507,2399.07,,27.37,0,6980,10,True,nid004909,57783808
SINDI,doc_prune=0.3 query_prune=0.5 n_cand=5000,64,0.9216189112,0.9999,60.6069,8.0123,0.0000,2.399553,2.399553;2.397420;2.399597;2.397089;2.408158,343.775501,2908.88,,27.37,0,6980,10,True,nid004909,57783808
SINDI,doc_prune=0.3 query_prune=0.7 n_cand=5000,64,0.9221203438,0.9999,60.6069,8.0123,0.0000,1.796325,1.793907;1.789866;1.797478;1.797702;1.796325,257.353152,3885.71,,27.37,0,6980,10,True,nid004909,57783808
SINDI,doc_prune=0.6 query_prune=0.7 n_cand=5000,64,0.9222492837,0.9999,53.6786,8.0123,0.0000,1.480770,1.478255;1.482627;1.480631;1.480770;1.483055,212.144699,4713.76,,27.37,0,6980,10,True,nid004909,57783808
SINDI,doc_prune=0.6 query_prune=0.5 n_cand=5000,64,0.9222922636,0.9999,53.6786,8.0123,0.0000,1.776432,1.782579;1.780086;1.776432;1.776229;1.774661,254.503152,3929.22,,27.37,0,6980,10,True,nid004909,57783808
SINDI,doc_prune=0.6 query_prune=0 n_cand=5000,64,0.9224498567,0.9999,53.6786,8.0123,0.0000,2.447318,2.443117;2.458744;2.441204;2.455153;2.447318,350.618625,2852.10,,27.37,0,6980,10,True,nid004909,57783808
SINDI,doc_prune=0.6 query_prune=0.3 n_cand=5000,64,0.9224641834,0.9999,53.6786,8.0123,0.0000,2.042578,2.033380;2.040781;2.043814;2.044085;2.042578,292.632951,3417.25,,27.37,0,6980,10,True,nid004909,57783808
SINDI,doc_prune=0.6 query_prune=0.1 n_cand=5000,64,0.9224928367,0.9999,53.6786,8.0123,0.0000,2.295762,2.288622;2.298054;2.295762;2.286053;2.297198,328.905731,3040.38,,27.37,0,6980,10,True,nid004909,57783808
SINDI,doc_prune=0.6 query_prune=0.2 n_cand=5000,64,0.9224928367,0.9999,53.6786,8.0123,0.0000,2.170217,2.170217;2.173517;2.179089;2.167451;2.166123,310.919341,3216.27,,27.37,0,6980,10,True,nid004909,57783808
SINDI,doc_prune=0.4 query_prune=0 n_cand=5000,64,0.9229942693,0.9999,57.6367,8.0123,0.0000,3.186100,3.166630;3.177622;3.186100;3.194139;3.201535,456.461318,2190.77,,27.37,0,6980,10,True,nid004909,57783808
SINDI,doc_prune=0.4 query_prune=0.1 n_cand=5000,64,0.9230515759,0.9999,57.6367,8.0123,0.0000,3.023328,3.025162;3.036179;3.023328;3.013588;3.022197,433.141547,2308.71,,27.37,0,6980,10,True,nid004909,57783808
SINDI,doc_prune=0.4 query_prune=0.3 n_cand=5000,64,0.9230945559,0.9999,57.6367,8.0123,0.0000,2.644919,2.644919;2.650333;2.641768;2.633941;2.645473,378.928223,2639.02,,27.37,0,6980,10,True,nid004909,57783808
SINDI,doc_prune=0.4 query_prune=0.2 n_cand=5000,64,0.9231088825,0.9999,57.6367,8.0123,0.0000,2.834035,2.834628;2.823190;2.832524;2.834035;2.835031,406.022206,2462.92,,27.37,0,6980,10,True,nid004909,57783808
SINDI,doc_prune=0.4 query_prune=0.5 n_cand=5000,64,0.9233810888,0.9999,57.6367,8.0123,0.0000,2.206333,2.206333;2.205054;2.204215;2.217063;2.214302,316.093553,3163.62,,27.37,0,6980,10,True,nid004909,57783808
SINDI,doc_prune=0.5 query_prune=0.7 n_cand=5000,64,0.9237106017,0.9999,55.6074,8.0123,0.0000,1.475596,1.475651;1.473929;1.474122;1.475596;1.475870,211.403438,4730.29,,27.37,0,6980,10,True,nid004909,57783808
SINDI,doc_prune=0.5 query_prune=0.3 n_cand=5000,64,0.9238538682,0.9999,55.6074,8.0123,0.0000,2.124516,2.124516;2.122114;2.125401;2.125408;2.124334,304.371920,3285.45,,27.37,0,6980,10,True,nid004909,57783808
SINDI,doc_prune=0.5 query_prune=0.1 n_cand=5000,64,0.9238681948,0.9999,55.6074,8.0123,0.0000,2.394758,2.394758;2.390304;2.405416;2.400621;2.394596,343.088539,2914.70,,27.37,0,6980,10,True,nid004909,57783808
SINDI,doc_prune=0.5 query_prune=0.2 n_cand=5000,64,0.9238681948,0.9999,55.6074,8.0123,0.0000,2.275337,2.275337;2.274796;2.279628;2.272558;2.275885,325.979513,3067.68,,27.37,0,6980,10,True,nid004909,57783808
SINDI,doc_prune=0.5 query_prune=0 n_cand=5000,64,0.9238825215,0.9999,55.6074,8.0123,0.0000,2.551132,2.547063;2.551132;2.552309;2.547973;2.560310,365.491691,2736.04,,27.37,0,6980,10,True,nid004909,57783808
SINDI,doc_prune=0.5 query_prune=0.5 n_cand=5000,64,0.9238825215,0.9999,55.6074,8.0123,0.0000,1.832643,1.833455;1.829924;1.833856;1.832643;1.830032,262.556304,3808.71,,27.37,0,6980,10,True,nid004909,57783808
SINDI,doc_prune=0.4 query_prune=0.7 n_cand=5000,64,0.9239541547,0.9999,57.6367,8.0123,0.0000,1.702305,1.702305;1.701732;1.703361;1.702558;1.701194,243.883238,4100.32,,27.37,0,6980,10,True,nid004909,57783808
SINDI,doc_prune=0.6 query_prune=0.9 n_cand=1000,64,0.9327220630,0.9835,53.0723,8.0978,0.0000,0.242889,0.242840;0.242959;0.242980;0.242889;0.242770,34.797851,28737.41,,23.08,0,6980,10,True,nid004905,57783804
SINDI,doc_prune=0.6 query_prune=0.9 n_cand=1000,64,0.9327363897,0.9837,54.5728,8.1851,0.0000,0.262741,0.262398;0.262741;0.262551;0.263050;0.263140,37.641977,26566.09,,27.38,0,6980,10,True,nid004904,57783803
SINDI,doc_prune=0.6 query_prune=0.9 n_cand=1000,64,0.9327793696,0.9837,53.5121,8.0498,0.0000,0.270368,0.270412;0.270136;0.269542;0.270368;0.271504,38.734670,25816.66,,27.16,0,6980,10,True,nid004908,57783807
SINDI,doc_prune=0.6 query_prune=0.9 n_cand=1000,64,0.9328080229,0.9837,53.2876,8.1487,0.0000,0.365112,0.364850;0.365073;0.366088;0.365112;0.365545,52.308309,19117.42,,24.55,0,6980,10,True,nid004906,57783805
SINDI,doc_prune=0.5 query_prune=0.7 n_cand=50,64,0.9356733524,0.9996,61.3069,8.1156,0.0000,1.509249,1.509249;1.512707;1.511427;1.508924;1.502203,216.224785,4624.82,,30.23,0,6980,10,True,nid004907,57783806
SINDI,doc_prune=0.5 query_prune=0.7 n_cand=50,64,0.9356733524,0.9996,55.3873,8.0498,0.0000,0.529828,0.529828;0.526311;0.531594;0.531967;0.528489,75.906590,13174.09,,27.16,0,6980,10,True,nid004908,57783807
SINDI,doc_prune=0.5 query_prune=0.7 n_cand=50,64,0.9356876791,0.9996,56.6646,8.1851,0.0000,0.541849,0.542822;0.543431;0.541214;0.541334;0.541849,77.628797,12881.82,,27.38,0,6980,10,True,nid004904,57783803
SINDI,doc_prune=0.5 query_prune=0.7 n_cand=50,64,0.9357163324,0.9996,55.0151,8.1487,0.0000,0.697643,0.697764;0.698578;0.697643;0.697443;0.696948,99.948854,10005.12,,24.55,0,6980,10,True,nid004906,57783805
SINDI,doc_prune=0.5 query_prune=0.7 n_cand=50,64,0.9359025788,0.9996,54.5847,8.0978,0.0000,0.431988,0.432883;0.431343;0.431988;0.431643;0.432684,61.889398,16157.86,,23.08,0,6980,10,True,nid004905,57783804
SINDI,doc_prune=0 query_prune=0.5 n_cand=10,64,0.9366045845,1.0000,77.5082,8.0978,0.0000,3.340176,3.341853;3.337450;3.341899;3.340176;3.336662,478.535244,2089.71,,23.08,0,6980,10,True,nid004905,57783804
SINDI,doc_prune=0 query_prune=0.5 n_cand=10,64,0.9380515759,1.0000,84.4698,8.1487,0.0000,3.934788,3.931876;3.930602;3.934788;3.937526;3.935977,563.723209,1773.92,,24.55,0,6980,10,True,nid004906,57783805
SINDI,doc_prune=0 query_prune=0.5 n_cand=10,64,0.9380802292,1.0000,91.4632,8.1851,0.0000,4.119912,4.118603;4.116687;4.123022;4.119912;4.121301,590.245272,1694.21,,27.38,0,6980,10,True,nid004904,57783803
SINDI,doc_prune=0 query_prune=0.5 n_cand=10,64,0.9380802292,1.0000,96.6554,8.1156,0.0000,5.375029,5.375029;5.379325;5.371715;5.363454;5.376598,770.061461,1298.60,,30.23,0,6980,10,True,nid004907,57783806
SINDI,doc_prune=0 query_prune=0.5 n_cand=10,64,0.9380802292,1.0000,91.1434,8.0498,0.0000,4.013787,4.021610;4.013008;4.013787;4.012911;4.018074,575.041117,1739.01,,27.16,0,6980,10,True,nid004908,57783807
SINDI,doc_prune=0.5 query_prune=0.5 n_cand=50,64,0.9405873926,1.0000,56.6646,8.1851,0.0000,0.870813,0.871352;0.868028;0.872232;0.868040;0.870813,124.758309,8015.50,,27.38,0,6980,10,True,nid004904,57783803
SINDI,doc_prune=0.5 query_prune=0.5 n_cand=50,64,0.9405873926,1.0000,61.3069,8.1156,0.0000,2.449762,2.449762;2.453300;2.449642;2.448384;2.450815,350.968768,2849.26,,30.23,0,6980,10,True,nid004907,57783806
SINDI,doc_prune=0.5 query_prune=0.5 n_cand=50,64,0.9405873926,1.0000,55.3873,8.0498,0.0000,0.848848,0.846225;0.849042;0.848848;0.849875;0.844648,121.611461,8222.91,,27.16,0,6980,10,True,nid004908,57783807
SINDI,doc_prune=0.5 query_prune=0.5 n_cand=50,64,0.9406876791,1.0000,55.0151,8.1487,0.0000,1.099336,1.099336;1.101393;1.098873;1.096964;1.103125,157.497994,6349.29,,24.55,0,6980,10,True,nid004906,57783805
SINDI,doc_prune=0.5 query_prune=0.5 n_cand=50,64,0.9408022923,1.0000,54.5847,8.0978,0.0000,0.685408,0.685970;0.685408;0.684259;0.685830;0.683978,98.195989,10183.72,,23.08,0,6980,10,True,nid004905,57783804
SINDI,doc_prune=0.5 query_prune=0.3 n_cand=50,64,0.9413323782,1.0000,55.3873,8.0498,0.0000,1.138929,1.136889;1.141100;1.146815;1.138111;1.138929,163.170344,6128.56,,27.16,0,6980,10,True,nid004908,57783807
SINDI,doc_prune=0.5 query_prune=0.3 n_cand=50,64,0.9413467049,1.0000,56.6646,8.1851,0.0000,1.188027,1.188716;1.188027;1.189131;1.186127;1.180208,170.204441,5875.29,,27.38,0,6980,10,True,nid004904,57783803
SINDI,doc_prune=0.5 query_prune=0.3 n_cand=50,64,0.9413467049,1.0000,55.0151,8.1487,0.0000,1.457548,1.453317;1.457548;1.460205;1.457410;1.464073,208.817765,4788.86,,24.55,0,6980,10,True,nid004906,57783805
SINDI,doc_prune=0.5 query_prune=0.3 n_cand=50,64,0.9413610315,1.0000,61.3069,8.1156,0.0000,3.301466,3.285622;3.312074;3.301466;3.302183;3.292795,472.989398,2114.21,,30.23,0,6980,10,True,nid004907,57783806
SINDI,doc_prune=0.5 query_prune=0.2 n_cand=50,64,0.9414613181,1.0000,56.6646,8.1851,0.0000,1.342494,1.342221;1.342494;1.345689;1.350505;1.342023,192.334384,5199.28,,27.38,0,6980,10,True,nid004904,57783803
SINDI,doc_prune=0.5 query_prune=0.2 n_cand=50,64,0.9414613181,1.0000,55.0151,8.1487,0.0000,1.628962,1.629462;1.628962;1.626563;1.622293;1.629478,233.375645,4284.94,,24.55,0,6980,10,True,nid004906,57783805
SINDI,doc_prune=0.5 query_prune=0.2 n_cand=50,64,0.9414613181,1.0000,55.3873,8.0498,0.0000,1.289784,1.297489;1.288404;1.287058;1.289784;1.295359,184.782808,5411.76,,27.16,0,6980,10,True,nid004908,57783807
SINDI,doc_prune=0.5 query_prune=0.2 n_cand=50,64,0.9414899713,1.0000,61.3069,8.1156,0.0000,3.584308,3.595437;3.581936;3.593275;3.580839;3.584308,513.511175,1947.38,,30.23,0,6980,10,True,nid004907,57783806
SINDI,doc_prune=0.5 query_prune=0.1 n_cand=50,64,0.9415042980,1.0000,55.0151,8.1487,0.0000,1.781586,1.775100;1.781586;1.783210;1.778330;1.784346,255.241547,3917.86,,24.55,0,6980,10,True,nid004906,57783805
SINDI,doc_prune=0.5 query_prune=0.1 n_cand=50,64,0.9415042980,1.0000,55.3873,8.0498,0.0000,1.432154,1.424476;1.432154;1.434715;1.443208;1.430359,205.179656,4873.78,,27.16,0,6980,10,True,nid004908,57783807
SINDI,doc_prune=0.5 query_prune=0.1 n_cand=50,64,0.9415186246,1.0000,56.6646,8.1851,0.0000,1.501286,1.501225;1.501286;1.499589;1.505688;1.501606,215.083954,4649.35,,27.38,0,6980,10,True,nid004904,57783803
SINDI,doc_prune=0.5 query_prune=0.1 n_cand=50,64,0.9415186246,1.0000,61.3069,8.1156,0.0000,3.974382,3.995039;3.979747;3.974382;3.972830;3.969545,569.395702,1756.25,,30.23,0,6980,10,True,nid004907,57783806
SINDI,doc_prune=0.5 query_prune=0 n_cand=50,64,0.9416045845,1.0000,55.0151,8.1487,0.0000,1.968157,1.956668;1.955065;1.974529;1.968157;1.972196,281.970917,3546.47,,24.55,0,6980,10,True,nid004906,57783805
SINDI,doc_prune=0.5 query_prune=0 n_cand=50,64,0.9416332378,1.0000,56.6646,8.1851,0.0000,1.656163,1.653552;1.657161;1.656163;1.659531;1.654302,237.272636,4214.56,,27.38,0,6980,10,True,nid004904,57783803
SINDI,doc_prune=0.5 query_prune=0.3 n_cand=50,64,0.9416332378,1.0000,54.5847,8.0978,0.0000,0.898119,0.897974;0.897591;0.898751;0.898119;0.901948,128.670344,7771.80,,23.08,0,6980,10,True,nid004905,57783804
SINDI,doc_prune=0.5 query_prune=0 n_cand=50,64,0.9416332378,1.0000,61.3069,8.1156,0.0000,4.420743,4.439611;4.405973;4.420743;4.425832;4.418986,633.344269,1578.92,,30.23,0,6980,10,True,nid004907,57783806
SINDI,doc_prune=0.5 query_prune=0 n_cand=50,64,0.9416475645,1.0000,55.3873,8.0498,0.0000,1.575471,1.572842;1.582620;1.580433;1.575471;1.574693,225.712178,4430.42,,27.16,0,6980,10,True,nid004908,57783807
SINDI,doc_prune=0.5 query_prune=0.2 n_cand=50,64,0.9417335244,1.0000,54.5847,8.0978,0.0000,1.003448,1.002373;1.002171;1.003922;1.003896;1.003448,143.760458,6956.02,,23.08,0,6980,10,True,nid004905,57783804
SINDI,doc_prune=0.5 query_prune=0.1 n_cand=50,64,0.9418194842,1.0000,54.5847,8.0978,0.0000,1.107387,1.106455;1.108211;1.105471;1.107891;1.107387,158.651433,6303.13,,23.08,0,6980,10,True,nid004905,57783804
SINDI,doc_prune=0.5 query_prune=0 n_cand=50,64,0.9418481375,1.0000,54.5847,8.0978,0.0000,1.216927,1.218706;1.213844;1.220438;1.216064;1.216927,174.344842,5735.76,,23.08,0,6980,10,True,nid004905,57783804
SINDI,doc_prune=0.1 query_prune=0.3 n_cand=10,64,0.9429369628,1.0000,65.8598,8.0978,0.0000,2.694941,2.696142;2.694941;2.693332;2.695624;2.693914,386.094699,2590.04,,23.08,0,6980,10,True,nid004905,57783804
SINDI,doc_prune=0.3 query_prune=0.7 n_cand=20,64,0.9430229226,0.9997,59.3424,8.1487,0.0000,1.099198,1.104659;1.099321;1.095714;1.099198;1.097132,157.478223,6350.08,,24.55,0,6980,10,True,nid004906,57783805
SINDI,doc_prune=0.3 query_prune=0.7 n_cand=20,64,0.9430515759,0.9997,66.8358,8.1156,0.0000,2.197474,2.195261;2.207823;2.197474;2.195569;2.209775,314.824355,3176.37,,30.23,0,6980,10,True,nid004907,57783806
SINDI,doc_prune=0.3 query_prune=0.7 n_cand=20,64,0.9430659026,0.9997,61.5150,8.1851,0.0000,0.998021,0.999184;0.994995;0.998321;0.998021;0.997565,142.982951,6993.84,,27.38,0,6980,10,True,nid004904,57783803
SINDI,doc_prune=0.3 query_prune=0.7 n_cand=20,64,0.9430659026,0.9997,60.3300,8.0498,0.0000,0.957349,0.961607;0.954278;0.954080;0.957349;0.963088,137.156017,7290.97,,27.16,0,6980,10,True,nid004908,57783807
SINDI,doc_prune=0.3 query_prune=0.7 n_cand=20,64,0.9431661891,0.9997,58.4104,8.0978,0.0000,0.757772,0.758740;0.758307;0.757772;0.754305;0.757649,108.563324,9211.21,,23.08,0,6980,10,True,nid004905,57783804
SINDI,doc_prune=0.1 query_prune=0.3 n_cand=10,64,0.9437106017,1.0000,71.9417,8.1851,0.0000,3.340320,3.342212;3.333295;3.344610;3.334741;3.340320,478.555874,2089.62,,27.38,0,6980,10,True,nid004904,57783803
SINDI,doc_prune=0.1 query_prune=0.3 n_cand=10,64,0.9437106017,1.0000,77.9615,8.1156,0.0000,5.653177,5.672313;5.642322;5.653177;5.650793;5.657684,809.910745,1234.70,,30.23,0,6980,10,True,nid004907,57783806
SINDI,doc_prune=0.1 query_prune=0.3 n_cand=10,64,0.9437106017,1.0000,71.1817,8.0498,0.0000,3.296685,3.296685;3.293473;3.296282;3.297192;3.298924,472.304441,2117.28,,27.16,0,6980,10,True,nid004908,57783807
SINDI,doc_prune=0.1 query_prune=0.3 n_cand=10,64,0.9438252149,1.0000,68.8096,8.1487,0.0000,3.258911,3.259178;3.257864;3.262757;3.258911;3.257528,466.892693,2141.82,,24.55,0,6980,10,True,nid004906,57783805
SINDI,doc_prune=0.5 query_prune=0.9 n_cand=1000,64,0.9465329513,0.9845,54.5847,8.0978,0.0000,0.272955,0.273176;0.273029;0.272695;0.272955;0.272874,39.105301,25571.98,,23.08,0,6980,10,True,nid004905,57783804
SINDI,doc_prune=0.5 query_prune=0.9 n_cand=1000,64,0.9465616046,0.9845,55.3873,8.0498,0.0000,0.300014,0.300655;0.299567;0.300445;0.299744;0.300014,42.981948,23265.58,,27.16,0,6980,10,True,nid004908,57783807
SINDI,doc_prune=0.5 query_prune=0.9 n_cand=1000,64,0.9465759312,0.9845,56.6646,8.1851,0.0000,0.295607,0.294937;0.295607;0.295690;0.295893;0.295261,42.350573,23612.43,,27.38,0,6980,10,True,nid004904,57783803
SINDI,doc_prune=0.5 query_prune=0.9 n_cand=1000,64,0.9465902579,0.9845,55.0151,8.1487,0.0000,0.387900,0.388048;0.387882;0.388684;0.387900;0.386818,55.573066,17994.33,,24.55,0,6980,10,True,nid004906,57783805
SINDI,doc_prune=0.5 query_prune=0.9 n_cand=1000,64,0.9465902579,0.9845,61.3069,8.1156,0.0000,0.605980,0.605303;0.606758;0.609191;0.605382;0.605980,86.816619,11518.53,,30.23,0,6980,10,True,nid004907,57783806
SINDI,doc_prune=0.1 query_prune=0.2 n_cand=10,64,0.9466332378,1.0000,65.8598,8.0978,0.0000,3.047663,3.047962;3.047663;3.048217;3.044888;3.046914,436.627937,2290.28,,23.08,0,6980,10,True,nid004905,57783804
SINDI,doc_prune=0.1 query_prune=0.2 n_cand=10,64,0.9469627507,1.0000,77.9615,8.1156,0.0000,6.216150,6.240236;6.216150;6.214776;6.202014;6.220059,890.565903,1122.88,,30.23,0,6980,10,True,nid004907,57783806
SINDI,doc_prune=0.1 query_prune=0.2 n_cand=10,64,0.9469627507,1.0000,71.1817,8.0498,0.0000,3.720698,3.720698;3.721889;3.718141;3.726257;3.720014,533.051289,1875.99,,27.16,0,6980,10,True,nid004908,57783807
SINDI,doc_prune=0.1 query_prune=0.2 n_cand=10,64,0.9469770774,1.0000,71.9417,8.1851,0.0000,3.763375,3.763375;3.766335;3.762209;3.762574;3.764908,539.165473,1854.72,,27.38,0,6980,10,True,nid004904,57783803
SINDI,doc_prune=0.1 query_prune=0.2 n_cand=10,64,0.9470057307,1.0000,68.8096,8.1487,0.0000,3.610698,3.610698;3.609195;3.606824;3.623330;3.619000,517.291977,1933.14,,24.55,0,6980,10,True,nid004906,57783805
SINDI,doc_prune=0.1 query_prune=0.1 n_cand=10,64,0.9482234957,1.0000,65.8598,8.0978,0.0000,3.268949,3.257351;3.268949;3.266299;3.269229;3.281456,468.330802,2135.24,,23.08,0,6980,10,True,nid004905,57783804
SINDI,doc_prune=0.1 query_prune=0 n_cand=10,64,0.9482664756,1.0000,65.8598,8.0978,0.0000,3.571964,3.566477;3.584347;3.571964;3.580034;3.571435,511.742693,1954.11,,23.08,0,6980,10,True,nid004905,57783804
SINDI,doc_prune=0.1 query_prune=0.1 n_cand=10,64,0.9482664756,1.0000,68.8096,8.1487,0.0000,3.956842,3.932994;3.956842;3.940446;3.960804;3.970898,566.882808,1764.03,,24.55,0,6980,10,True,nid004906,57783805
SINDI,doc_prune=0.1 query_prune=0.1 n_cand=10,64,0.9484527221,1.0000,71.9417,8.1851,0.0000,4.074502,4.088140;4.060301;4.074502;4.053334;4.111324,583.739542,1713.09,,27.38,0,6980,10,True,nid004904,57783803
SINDI,doc_prune=0.1 query_prune=0.1 n_cand=10,64,0.9484527221,1.0000,77.9615,8.1156,0.0000,6.443273,6.437531;6.437524;6.462230;6.452493;6.443273,923.105014,1083.30,,30.23,0,6980,10,True,nid004907,57783806
SINDI,doc_prune=0.1 query_prune=0.1 n_cand=10,64,0.9484527221,1.0000,71.1817,8.0498,0.0000,4.111993,4.090196;4.127829;4.111993;4.107081;4.136079,589.110745,1697.47,,27.16,0,6980,10,True,nid004908,57783807
SINDI,doc_prune=0.1 query_prune=0 n_cand=10,64,0.9484670487,1.0000,68.8096,8.1487,0.0000,4.294448,4.294448;4.297099;4.281065;4.313478;4.285968,615.250430,1625.35,,24.55,0,6980,10,True,nid004906,57783805
SINDI,doc_prune=0.1 query_prune=0 n_cand=10,64,0.9485816619,1.0000,71.9417,8.1851,0.0000,4.468234,4.495101;4.462816;4.450673;4.481746;4.468234,640.148138,1562.14,,27.38,0,6980,10,True,nid004904,57783803
SINDI,doc_prune=0.1 query_prune=0 n_cand=10,64,0.9485816619,1.0000,77.9615,8.1156,0.0000,6.835771,6.849243;6.806414;6.835771;6.837671;6.813833,979.336819,1021.10,,30.23,0,6980,10,True,nid004907,57783806
SINDI,doc_prune=0.1 query_prune=0 n_cand=10,64,0.9485816619,1.0000,71.1817,8.0498,0.0000,4.493189,4.493189;4.492280;4.512459;4.479619;4.527645,643.723352,1553.46,,27.16,0,6980,10,True,nid004908,57783807
SINDI,doc_prune=0.7 query_prune=0.9 n_cand=5000,64,0.9494842407,0.9900,51.9159,8.1487,0.0000,1.192815,1.191803;1.195961;1.195049;1.192815;1.191234,170.890401,5851.70,,24.55,0,6980,10,True,nid004906,57783805
SINDI,doc_prune=0.7 query_prune=0.9 n_cand=5000,64,0.9494985673,0.9900,51.9309,8.0498,0.0000,0.849401,0.848719;0.849345;0.849401;0.849696;0.851503,121.690688,8217.56,,27.16,0,6980,10,True,nid004908,57783807
SINDI,doc_prune=0.7 query_prune=0.9 n_cand=5000,64,0.9495272206,0.9900,52.9532,8.1851,0.0000,0.817317,0.817317;0.816306;0.817392;0.817327;0.816763,117.094126,8540.14,,27.38,0,6980,10,True,nid004904,57783803
SINDI,doc_prune=0.7 query_prune=0.9 n_cand=5000,64,0.9495415473,0.9901,51.8677,8.0978,0.0000,0.786172,0.786607;0.785741;0.786046;0.786172;0.786747,112.632092,8878.46,,23.08,0,6980,10,True,nid004905,57783804
SINDI,doc_prune=0.4 query_prune=0.9 n_cand=1000,64,0.9533810888,0.9850,57.0267,8.1487,0.0000,0.416867,0.415861;0.415909;0.417390;0.418574;0.416867,59.723066,16743.95,,24.55,0,6980,10,True,nid004906,57783805
SINDI,doc_prune=0.4 query_prune=0.9 n_cand=1000,64,0.9533954155,0.9850,56.1978,8.0978,0.0000,0.307600,0.307886;0.307600;0.307468;0.307795;0.307557,44.068768,22691.81,,23.08,0,6980,10,True,nid004905,57783804
SINDI,doc_prune=0.4 query_prune=0.9 n_cand=1000,64,0.9534097421,0.9850,58.8358,8.1851,0.0000,0.335745,0.335745;0.335310;0.335648;0.335950;0.335853,48.101003,20789.59,,27.38,0,6980,10,True,nid004904,57783803
SINDI,doc_prune=0.4 query_prune=0.9 n_cand=1000,64,0.9534097421,0.9850,57.5599,8.0498,0.0000,0.341961,0.341627;0.341745;0.342731;0.341961;0.342056,48.991547,20411.68,,27.16,0,6980,10,True,nid004908,57783807
SINDI,doc_prune=0.4 query_prune=0.9 n_cand=1000,64,0.9534240688,0.9850,63.7468,8.1156,0.0000,0.719027,0.719870;0.719219;0.719027;0.716634;0.718440,103.012464,9707.56,,30.23,0,6980,10,True,nid004907,57783806
SINDI,doc_prune=0.8 query_prune=0.7 n_cand=5000,64,0.9551575931,0.9999,51.2584,8.1851,0.0000,0.911402,0.911402;0.911421;0.911250;0.910872;0.912517,130.573352,7658.53,,27.38,0,6980,10,True,nid004904,57783803
SINDI,doc_prune=0.8 query_prune=0.7 n_cand=5000,64,0.9551719198,0.9999,50.3306,8.1487,0.0000,1.371533,1.371533;1.372040;1.371385;1.368963;1.372667,196.494699,5089.20,,24.55,0,6980,10,True,nid004906,57783805
SINDI,doc_prune=0.8 query_prune=0.7 n_cand=5000,64,0.9551719198,0.9999,50.2061,8.0498,0.0000,0.981324,0.977191;0.981612;0.981264;0.981324;0.981834,140.590831,7112.84,,27.16,0,6980,10,True,nid004908,57783807
SINDI,doc_prune=0.8 query_prune=0.7 n_cand=5000,64,0.9552292264,0.9999,50.5467,8.0978,0.0000,0.873516,0.874368;0.873516;0.876331;0.873461;0.873404,125.145559,7990.70,,23.08,0,6980,10,True,nid004905,57783804
SINDI,doc_prune=0.3 query_prune=0.9 n_cand=1000,64,0.9565329513,0.9852,58.4104,8.0978,0.0000,0.346980,0.347274;0.346980;0.346664;0.347056;0.346853,49.710602,20116.43,,23.08,0,6980,10,True,nid004905,57783804
SINDI,doc_prune=0.3 query_prune=0.9 n_cand=1000,64,0.9565472779,0.9852,59.3424,8.1487,0.0000,0.449493,0.449987;0.449493;0.449684;0.447929;0.449004,64.397278,15528.61,,24.55,0,6980,10,True,nid004906,57783805
SINDI,doc_prune=0.3 query_prune=0.9 n_cand=1000,64,0.9565616046,0.9852,66.8358,8.1156,0.0000,0.733105,0.733698;0.732963;0.733105;0.731666;0.733328,105.029370,9521.15,,30.23,0,6980,10,True,nid004907,57783806
SINDI,doc_prune=0.3 query_prune=0.9 n_cand=1000,64,0.9565902579,0.9852,61.5150,8.1851,0.0000,0.385157,0.386038;0.385157;0.384784;0.384020;0.385303,55.180086,18122.48,,27.38,0,6980,10,True,nid004904,57783803
SINDI,doc_prune=0.3 query_prune=0.9 n_cand=1000,64,0.9565902579,0.9852,60.3300,8.0498,0.0000,0.376116,0.375676;0.376258;0.376116;0.376174;0.375951,53.884814,18558.10,,27.16,0,6980,10,True,nid004908,57783807
SINDI,doc_prune=0.8 query_prune=0.5 n_cand=5000,64,0.9567765043,0.9997,50.2061,8.0498,0.0000,1.092119,1.090118;1.091407;1.092962;1.092119;1.092894,156.464040,6391.24,,27.16,0,6980,10,True,nid004908,57783807
SINDI,doc_prune=0.8 query_prune=0.5 n_cand=5000,64,0.9567908309,0.9997,51.2584,8.1851,0.0000,1.021682,1.021375;1.021232;1.021682;1.022501;1.022123,146.372779,6831.87,,27.38,0,6980,10,True,nid004904,57783803
SINDI,doc_prune=0.8 query_prune=0.5 n_cand=5000,64,0.9568481375,0.9999,50.5467,8.0978,0.0000,0.968633,0.969396;0.968208;0.968633;0.968479;0.969057,138.772636,7206.03,,23.08,0,6980,10,True,nid004905,57783804
SINDI,doc_prune=0.8 query_prune=0.5 n_cand=5000,64,0.9568624642,0.9997,50.3306,8.1487,0.0000,1.541521,1.543136;1.542236;1.539323;1.541160;1.541521,220.848281,4528.00,,24.55,0,6980,10,True,nid004906,57783805
SINDI,doc_prune=0.8 query_prune=0.3 n_cand=5000,64,0.9572922636,0.9997,51.2584,8.1851,0.0000,1.121096,1.121293;1.120826;1.121945;1.120742;1.121096,160.615473,6226.05,,27.38,0,6980,10,True,nid004904,57783803
SINDI,doc_prune=0.8 query_prune=0.3 n_cand=5000,64,0.9572922636,0.9997,50.2061,8.0498,0.0000,1.187901,1.188489;1.188309;1.187558;1.187901;1.187309,170.186390,5875.91,,27.16,0,6980,10,True,nid004908,57783807
SINDI,doc_prune=0.8 query_prune=0.3 n_cand=5000,64,0.9573209169,0.9997,50.5467,8.0978,0.0000,1.051804,1.052129;1.052763;1.051804;1.051380;1.051219,150.688252,6636.22,,23.08,0,6980,10,True,nid004905,57783804
SINDI,doc_prune=0.8 query_prune=0.3 n_cand=5000,64,0.9573209169,0.9997,50.3306,8.1487,0.0000,1.694711,1.690902;1.694711;1.696038;1.695598;1.691487,242.795272,4118.70,,24.55,0,6980,10,True,nid004906,57783805
SINDI,doc_prune=0.8 query_prune=0.2 n_cand=5000,64,0.9574928367,0.9997,51.2584,8.1851,0.0000,1.172399,1.173315;1.172399;1.171403;1.174094;1.171599,167.965473,5953.60,,27.38,0,6980,10,True,nid004904,57783803
SINDI,doc_prune=0.8 query_prune=0.1 n_cand=5000,64,0.9575071633,0.9997,50.2061,8.0498,0.0000,1.287677,1.287708;1.287621;1.287178;1.287677;1.288713,184.480946,5420.61,,27.16,0,6980,10,True,nid004908,57783807
SINDI,doc_prune=0.8 query_prune=0.2 n_cand=5000,64,0.9575071633,0.9997,50.2061,8.0498,0.0000,1.237272,1.236200;1.237272;1.239025;1.238281;1.236712,177.259599,5641.44,,27.16,0,6980,10,True,nid004908,57783807
SINDI,doc_prune=0.8 query_prune=0.1 n_cand=5000,64,0.9575358166,0.9997,51.2584,8.1851,0.0000,1.225065,1.225065;1.225664;1.225804;1.223793;1.223740,175.510745,5697.66,,27.38,0,6980,10,True,nid004904,57783803
SINDI,doc_prune=0.8 query_prune=0.1 n_cand=5000,64,0.9575358166,0.9997,50.3306,8.1487,0.0000,1.847360,1.850178;1.844853;1.846710;1.847703;1.847360,264.664756,3778.36,,24.55,0,6980,10,True,nid004906,57783805
SINDI,doc_prune=0.8 query_prune=0.2 n_cand=5000,64,0.9575358166,0.9997,50.3306,8.1487,0.0000,1.772122,1.772019;1.772283;1.772122;1.772454;1.770849,253.885673,3938.78,,24.55,0,6980,10,True,nid004906,57783805
SINDI,doc_prune=0.8 query_prune=0 n_cand=5000,64,0.9575358166,0.9997,50.2061,8.0498,0.0000,1.342182,1.342676;1.340883;1.344071;1.340523;1.342182,192.289685,5200.49,,27.16,0,6980,10,True,nid004908,57783807
SINDI,doc_prune=0.8 query_prune=0 n_cand=5000,64,0.9575501433,0.9997,50.3306,8.1487,0.0000,1.928308,1.928308;1.927761;1.928866;1.925435;1.931737,276.261891,3619.75,,24.55,0,6980,10,True,nid004906,57783805
SINDI,doc_prune=0.8 query_prune=0.2 n_cand=5000,64,0.9575644699,0.9997,50.5467,8.0978,0.0000,1.093863,1.093877;1.095042;1.093863;1.093323;1.093551,156.713897,6381.06,,23.08,0,6980,10,True,nid004905,57783804
SINDI,doc_prune=0.8 query_prune=0 n_cand=5000,64,0.9575787966,0.9997,51.2584,8.1851,0.0000,1.282677,1.282677;1.281302;1.286359;1.282941;1.281924,183.764613,5441.74,,27.38,0,6980,10,True,nid004904,57783803
SINDI,doc_prune=0.8 query_prune=0.1 n_cand=5000,64,0.9575931232,0.9997,50.5467,8.0978,0.0000,1.136126,1.135618;1.135016;1.136566;1.136889;1.136126,162.768768,6143.68,,23.08,0,6980,10,True,nid004905,57783804
SINDI,doc_prune=0.8 query_prune=0 n_cand=5000,64,0.9576217765,0.9997,50.5467,8.0978,0.0000,1.180946,1.178128;1.182331;1.180687;1.181558;1.180946,169.189971,5910.52,,23.08,0,6980,10,True,nid004905,57783804
SINDI,doc_prune=0.2 query_prune=0.9 n_cand=1000,64,0.9580802292,0.9852,61.3432,8.0978,0.0000,0.392648,0.392407;0.392300;0.392648;0.392666;0.392756,56.253295,17776.74,,23.08,0,6980,10,True,nid004905,57783804
SINDI,doc_prune=0.2 query_prune=0.9 n_cand=1000,64,0.9581518625,0.9852,65.3485,8.1851,0.0000,0.431512,0.431740;0.430955;0.431196;0.432191;0.431512,61.821203,16175.68,,27.38,0,6980,10,True,nid004904,57783803
SINDI,doc_prune=0.2 query_prune=0.9 n_cand=1000,64,0.9581805158,0.9852,71.0080,8.1156,0.0000,0.759103,0.762658;0.758436;0.760413;0.758784;0.759103,108.754011,9195.06,,30.23,0,6980,10,True,nid004907,57783806
SINDI,doc_prune=0.2 query_prune=0.9 n_cand=1000,64,0.9581805158,0.9852,64.3194,8.0498,0.0000,0.425160,0.426032;0.425074;0.425160;0.425407;0.425067,60.911175,16417.35,,27.16,0,6980,10,True,nid004908,57783807
SINDI,doc_prune=0.2 query_prune=0.9 n_cand=1000,64,0.9581948424,0.9852,63.0529,8.1487,0.0000,0.484850,0.483469;0.482713;0.485097;0.484850;0.485095,69.462751,14396.21,,24.55,0,6980,10,True,nid004906,57783805
SINDI,doc_prune=0.3 query_prune=0.5 n_cand=20,64,0.9588538682,1.0000,59.3424,8.1487,0.0000,1.824850,1.817046;1.819773;1.827093;1.824902;1.824850,261.439828,3824.97,,24.55,0,6980,10,True,nid004906,57783805
SINDI,doc_prune=0.6 query_prune=0.7 n_cand=200,64,0.9588538682,0.9999,53.2876,8.1487,0.0000,0.573450,0.573450;0.572624;0.572366;0.575448;0.574229,82.156160,12171.94,,24.55,0,6980,10,True,nid004906,57783805
SINDI,doc_prune=0.3 query_prune=0.5 n_cand=20,64,0.9588968481,1.0000,60.3300,8.0498,0.0000,1.538894,1.537604;1.540618;1.544642;1.527433;1.538894,220.471920,4535.73,,27.16,0,6980,10,True,nid004908,57783807
SINDI,doc_prune=0.3 query_prune=0.5 n_cand=20,64,0.9589111748,1.0000,61.5150,8.1851,0.0000,1.616449,1.616362;1.616449;1.618436;1.620878;1.612924,231.582951,4318.11,,27.38,0,6980,10,True,nid004904,57783803
SINDI,doc_prune=0.6 query_prune=0.7 n_cand=200,64,0.9589111748,0.9999,54.5728,8.1851,0.0000,0.427132,0.427260;0.427132;0.427322;0.426451;0.427062,61.193696,16341.55,,27.38,0,6980,10,True,nid004904,57783803
SINDI,doc_prune=0.6 query_prune=0.7 n_cand=200,64,0.9589111748,0.9999,53.5121,8.0498,0.0000,0.424074,0.425350;0.425885;0.424074;0.423747;0.423565,60.755587,16459.39,,27.16,0,6980,10,True,nid004908,57783807
SINDI,doc_prune=0.3 query_prune=0.5 n_cand=20,64,0.9589255014,1.0000,66.8358,8.1156,0.0000,3.620537,3.620537;3.617701;3.632558;3.614446;3.628650,518.701576,1927.89,,30.23,0,6980,10,True,nid004907,57783806
SINDI,doc_prune=0.1 query_prune=0.9 n_cand=1000,64,0.9589684814,0.9854,65.8598,8.0978,0.0000,0.448330,0.448330;0.448322;0.448242;0.448485;0.448531,64.230659,15568.89,,23.08,0,6980,10,True,nid004905,57783804
SINDI,doc_prune=0.6 query_prune=0.7 n_cand=200,64,0.9589684814,0.9999,53.0723,8.0978,0.0000,0.334846,0.334846;0.334267;0.335042;0.334889;0.334090,47.972206,20845.40,,23.08,0,6980,10,True,nid004905,57783804
SINDI,doc_prune=0.1 query_prune=0.9 n_cand=1000,64,0.9589971347,0.9854,77.9615,8.1156,0.0000,0.754260,0.751020;0.754260;0.754859;0.752849;0.756039,108.060172,9254.10,,30.23,0,6980,10,True,nid004907,57783806
SINDI,doc_prune=0.1 query_prune=0.9 n_cand=1000,64,0.9590114613,0.9854,71.9417,8.1851,0.0000,0.495967,0.495967;0.495353;0.496072;0.496520;0.495519,71.055444,14073.52,,27.38,0,6980,10,True,nid004904,57783803
SINDI,doc_prune=0.1 query_prune=0.9 n_cand=1000,64,0.9590114613,0.9854,71.1817,8.0498,0.0000,0.497201,0.497131;0.497201;0.496819;0.497787;0.497844,71.232235,14038.59,,27.16,0,6980,10,True,nid004908,57783807
SINDI,doc_prune=0.1 query_prune=0.9 n_cand=1000,64,0.9590401146,0.9854,68.8096,8.1487,0.0000,0.515377,0.514788;0.515377;0.515573;0.514545;0.515444,73.836246,13543.48,,24.55,0,6980,10,True,nid004906,57783805
SINDI,doc_prune=0.3 query_prune=0.5 n_cand=20,64,0.9593696275,1.0000,58.4104,8.0978,0.0000,1.258608,1.258608;1.263224;1.256686;1.260639;1.255340,180.316332,5545.81,,23.08,0,6980,10,True,nid004905,57783804
SINDI,doc_prune=0 query_prune=0.9 n_cand=1000,64,0.9593982808,0.9855,91.4632,8.1851,0.0000,0.642647,0.642647;0.643235;0.642289;0.641918;0.642732,92.069771,10861.33,,27.38,0,6980,10,True,nid004904,57783803
SINDI,doc_prune=0 query_prune=0.9 n_cand=1000,64,0.9593982808,0.9855,77.5082,8.0978,0.0000,0.573662,0.573396;0.573662;0.573316;0.573979;0.574154,82.186533,12167.44,,23.08,0,6980,10,True,nid004905,57783804
SINDI,doc_prune=0 query_prune=0.9 n_cand=1000,64,0.9594126074,0.9855,91.1434,8.0498,0.0000,0.629045,0.629254;0.628082;0.630026;0.629045;0.628468,90.121060,11096.19,,27.16,0,6980,10,True,nid004908,57783807
SINDI,doc_prune=0 query_prune=0.9 n_cand=1000,64,0.9594269341,0.9855,96.6554,8.1156,0.0000,0.876103,0.875256;0.876265;0.875378;0.876103;0.876240,125.516189,7967.10,,30.23,0,6980,10,True,nid004907,57783806
SINDI,doc_prune=0 query_prune=0.9 n_cand=1000,64,0.9594412607,0.9855,84.4698,8.1487,0.0000,0.648053,0.647443;0.649341;0.647869;0.648053;0.648717,92.844269,10770.72,,24.55,0,6980,10,True,nid004906,57783805
SINDI,doc_prune=0.3 query_prune=0.3 n_cand=20,64,0.9615186246,1.0000,60.3300,8.0498,0.0000,1.929665,1.927663;1.932231;1.927072;1.940852;1.929665,276.456304,3617.21,,27.16,0,6980,10,True,nid004908,57783807
SINDI,doc_prune=0.3 query_prune=0.3 n_cand=20,64,0.9615329513,1.0000,61.5150,8.1851,0.0000,2.091723,2.087934;2.094053;2.091723;2.076457;2.098546,299.673782,3336.96,,27.38,0,6980,10,True,nid004904,57783803
SINDI,doc_prune=0.3 query_prune=0.3 n_cand=20,64,0.9615329513,1.0000,59.3424,8.1487,0.0000,2.435114,2.437819;2.435114;2.428216;2.436382;2.434926,348.870201,2866.40,,24.55,0,6980,10,True,nid004906,57783805
SINDI,doc_prune=0.3 query_prune=0.3 n_cand=20,64,0.9615329513,1.0000,66.8358,8.1156,0.0000,4.779377,4.762112;4.763612;4.784261;4.779377;4.787496,684.724499,1460.44,,30.23,0,6980,10,True,nid004907,57783806
SINDI,doc_prune=0.3 query_prune=0.3 n_cand=20,64,0.9615902579,1.0000,58.4104,8.0978,0.0000,1.691458,1.691458;1.685220;1.695109;1.692116;1.690120,242.329226,4126.62,,23.08,0,6980,10,True,nid004905,57783804
SINDI,doc_prune=0.3 query_prune=0.2 n_cand=20,64,0.9618051576,1.0000,59.3424,8.1487,0.0000,2.709652,2.709652;2.708907;2.704217;2.714170;2.718430,388.202292,2575.98,,24.55,0,6980,10,True,nid004906,57783805
SINDI,doc_prune=0.3 query_prune=0.2 n_cand=20,64,0.9618194842,1.0000,61.5150,8.1851,0.0000,2.295957,2.287522;2.283920;2.299152;2.306093;2.295957,328.933668,3040.13,,27.38,0,6980,10,True,nid004904,57783803
SINDI,doc_prune=0.3 query_prune=0.2 n_cand=20,64,0.9618338109,1.0000,66.8358,8.1156,0.0000,5.287652,5.287652;5.269441;5.304640;5.283296;5.293299,757.543266,1320.06,,30.23,0,6980,10,True,nid004907,57783806
SINDI,doc_prune=0.3 query_prune=0.2 n_cand=20,64,0.9618338109,1.0000,60.3300,8.0498,0.0000,2.116160,2.125619;2.113188;2.116160;2.115111;2.129413,303.174785,3298.43,,27.16,0,6980,10,True,nid004908,57783807
SINDI,doc_prune=0.3 query_prune=0.2 n_cand=20,64,0.9619914040,1.0000,58.4104,8.0978,0.0000,1.900671,1.900671;1.894527;1.895394;1.904505;1.906155,272.302436,3672.39,,23.08,0,6980,10,True,nid004905,57783804
SINDI,doc_prune=0.3 query_prune=0 n_cand=20,64,0.9620057307,1.0000,59.3424,8.1487,0.0000,3.259804,3.245768;3.266366;3.259804;3.273639;3.257221,467.020630,2141.23,,24.55,0,6980,10,True,nid004906,57783805
SINDI,doc_prune=0.3 query_prune=0.1 n_cand=20,64,0.9620343840,1.0000,60.3300,8.0498,0.0000,2.299186,2.304164;2.307822;2.291756;2.297919;2.299186,329.396275,3035.86,,27.16,0,6980,10,True,nid004908,57783807
SINDI,doc_prune=0.3 query_prune=0.1 n_cand=20,64,0.9620487106,1.0000,61.5150,8.1851,0.0000,2.483577,2.476989;2.483577;2.470050;2.488075;2.485119,355.813324,2810.46,,27.38,0,6980,10,True,nid004904,57783803
SINDI,doc_prune=0.3 query_prune=0 n_cand=20,64,0.9620630372,1.0000,61.5150,8.1851,0.0000,2.673051,2.678380;2.665866;2.673051;2.678154;2.663602,382.958596,2611.25,,27.38,0,6980,10,True,nid004904,57783803
SINDI,doc_prune=0.3 query_prune=0.1 n_cand=20,64,0.9620630372,1.0000,59.3424,8.1487,0.0000,2.976340,2.983766;2.968517;2.972000;2.976340;2.982528,426.409742,2345.16,,24.55,0,6980,10,True,nid004906,57783805
SINDI,doc_prune=0.3 query_prune=0 n_cand=20,64,0.9620630372,1.0000,66.8358,8.1156,0.0000,6.373090,6.373090;6.346987;6.380139;6.411168;6.361595,913.050143,1095.23,,30.23,0,6980,10,True,nid004907,57783806
SINDI,doc_prune=0.3 query_prune=0.1 n_cand=20,64,0.9620630372,1.0000,66.8358,8.1156,0.0000,5.836563,5.836563;5.859317;5.828400;5.842084;5.826373,836.183811,1195.91,,30.23,0,6980,10,True,nid004907,57783806
SINDI,doc_prune=0.3 query_prune=0 n_cand=20,64,0.9620773639,1.0000,60.3300,8.0498,0.0000,2.496818,2.494873;2.499358;2.498699;2.496818;2.490180,357.710315,2795.56,,27.16,0,6980,10,True,nid004908,57783807
SINDI,doc_prune=0.3 query_prune=0.1 n_cand=20,64,0.9621633238,1.0000,58.4104,8.0978,0.0000,2.087120,2.077076;2.085713;2.087120;2.091095;2.093636,299.014327,3344.32,,23.08,0,6980,10,True,nid004905,57783804
SINDI,doc_prune=0.3 query_prune=0 n_cand=20,64,0.9622636103,1.0000,58.4104,8.0978,0.0000,2.288466,2.297585;2.279291;2.279359;2.292976;2.288466,327.860458,3050.08,,23.08,0,6980,10,True,nid004905,57783804
SINDI,doc_prune=0.6 query_prune=0.5 n_cand=200,64,0.9625644699,1.0000,53.0723,8.0978,0.0000,0.514501,0.515010;0.514501;0.514012;0.514459;0.514700,73.710745,13566.54,,23.08,0,6980,10,True,nid004905,57783804
SINDI,doc_prune=0.6 query_prune=0.5 n_cand=200,64,0.9625931232,1.0000,54.5728,8.1851,0.0000,0.664591,0.664591;0.664886;0.664084;0.666737;0.663348,95.213610,10502.70,,27.38,0,6980,10,True,nid004904,57783803
SINDI,doc_prune=0.6 query_prune=0.5 n_cand=200,64,0.9626074499,1.0000,53.5121,8.0498,0.0000,0.657231,0.655309;0.659440;0.657231;0.655607;0.659367,94.159169,10620.31,,27.16,0,6980,10,True,nid004908,57783807
SINDI,doc_prune=0.6 query_prune=0.5 n_cand=200,64,0.9626217765,1.0000,53.2876,8.1487,0.0000,0.894707,0.896711;0.897671;0.894707;0.893106;0.893070,128.181519,7801.44,,24.55,0,6980,10,True,nid004906,57783805
SINDI,doc_prune=0.6 query_prune=0.3 n_cand=200,64,0.9630802292,1.0000,53.0723,8.0978,0.0000,0.676020,0.676436;0.675105;0.676020;0.676552;0.674742,96.851003,10325.14,,23.08,0,6980,10,True,nid004905,57783804
SINDI,doc_prune=0.6 query_prune=0.3 n_cand=200,64,0.9630945559,1.0000,53.5121,8.0498,0.0000,0.880824,0.877702;0.880824;0.883460;0.883948;0.878468,126.192550,7924.40,,27.16,0,6980,10,True,nid004908,57783807
SINDI,doc_prune=0.6 query_prune=0.3 n_cand=200,64,0.9631088825,1.0000,54.5728,8.1851,0.0000,0.900371,0.894874;0.900950;0.897568;0.900371;0.901813,128.992980,7752.36,,27.38,0,6980,10,True,nid004904,57783803
SINDI,doc_prune=0.6 query_prune=0.3 n_cand=200,64,0.9631088825,1.0000,53.2876,8.1487,0.0000,1.177518,1.179776;1.177387;1.177830;1.177518;1.176716,168.698854,5927.72,,24.55,0,6980,10,True,nid004906,57783805
SINDI,doc_prune=0.6 query_prune=0.2 n_cand=200,64,0.9632091691,1.0000,53.2876,8.1487,0.0000,1.326151,1.328146;1.326151;1.326691;1.324892;1.325301,189.992980,5263.35,,24.55,0,6980,10,True,nid004906,57783805
SINDI,doc_prune=0.6 query_prune=0.2 n_cand=200,64,0.9632091691,1.0000,53.5121,8.0498,0.0000,0.996918,0.995070;0.996918;0.996995;0.995908;0.999380,142.824928,7001.58,,27.16,0,6980,10,True,nid004908,57783807
SINDI,doc_prune=0.6 query_prune=0.1 n_cand=200,64,0.9632521490,1.0000,54.5728,8.1851,0.0000,1.138731,1.134980;1.137994;1.140560;1.138731;1.143024,163.141977,6129.63,,27.38,0,6980,10,True,nid004904,57783803
SINDI,doc_prune=0.6 query_prune=0.2 n_cand=200,64,0.9632664756,1.0000,54.5728,8.1851,0.0000,1.022524,1.015249;1.025407;1.019463;1.023961;1.022524,146.493410,6826.25,,27.38,0,6980,10,True,nid004904,57783803
SINDI,doc_prune=0.6 query_prune=0.2 n_cand=200,64,0.9632664756,1.0000,53.0723,8.0978,0.0000,0.756617,0.756174;0.755140;0.756736;0.756617;0.757804,108.397851,9225.28,,23.08,0,6980,10,True,nid004905,57783804
SINDI,doc_prune=0.6 query_prune=0 n_cand=200,64,0.9632664756,1.0000,53.5121,8.0498,0.0000,1.234181,1.234181;1.237758;1.232721;1.236231;1.234170,176.816762,5655.57,,27.16,0,6980,10,True,nid004908,57783807
SINDI,doc_prune=0.6 query_prune=0.1 n_cand=200,64,0.9632664756,1.0000,53.5121,8.0498,0.0000,1.109272,1.109272;1.113060;1.101310;1.107952;1.112509,158.921490,6292.42,,27.16,0,6980,10,True,nid004908,57783807
SINDI,doc_prune=0.6 query_prune=0 n_cand=200,64,0.9632808023,1.0000,54.5728,8.1851,0.0000,1.270138,1.270287;1.270138;1.266198;1.271650;1.265226,181.968195,5495.47,,27.38,0,6980,10,True,nid004904,57783803
SINDI,doc_prune=0.6 query_prune=0.1 n_cand=200,64,0.9633094556,1.0000,53.0723,8.0978,0.0000,0.835539,0.835759;0.835963;0.835539;0.834202;0.835142,119.704728,8353.89,,23.08,0,6980,10,True,nid004905,57783804
SINDI,doc_prune=0.6 query_prune=0 n_cand=200,64,0.9633237822,1.0000,53.2876,8.1487,0.0000,1.612975,1.594421;1.615720;1.612975;1.614649;1.607970,231.085244,4327.41,,24.55,0,6980,10,True,nid004906,57783805
SINDI,doc_prune=0.6 query_prune=0.1 n_cand=200,64,0.9633237822,1.0000,53.2876,8.1487,0.0000,1.455364,1.454841;1.455364;1.458994;1.457197;1.452968,208.504871,4796.05,,24.55,0,6980,10,True,nid004906,57783805
SINDI,doc_prune=0.6 query_prune=0 n_cand=200,64,0.9633381089,1.0000,53.0723,8.0978,0.0000,0.918791,0.918791;0.921048;0.918131;0.918500;0.920644,131.631948,7596.94,,23.08,0,6980,10,True,nid004905,57783804
SINDI,doc_prune=0.7 query_prune=0.7 n_cand=1000,64,0.9637822350,1.0000,51.8677,8.0978,0.0000,0.361259,0.361852;0.361007;0.361259;0.361695;0.361052,51.756304,19321.32,,23.08,0,6980,10,True,nid004905,57783804
SINDI,doc_prune=0.7 query_prune=0.7 n_cand=1000,64,0.9638395415,1.0000,51.9309,8.0498,0.0000,0.405699,0.405785;0.405526;0.405699;0.406579;0.405441,58.123066,17204.87,,27.16,0,6980,10,True,nid004908,57783807
SINDI,doc_prune=0.7 query_prune=0.7 n_cand=1000,64,0.9638538682,1.0000,52.9532,8.1851,0.0000,0.422774,0.422057;0.422774;0.421495;0.423000;0.422892,60.569341,16510.00,,27.38,0,6980,10,True,nid004904,57783803
SINDI,doc_prune=0.7 query_prune=0.7 n_cand=1000,64,0.9638538682,1.0000,51.9159,8.1487,0.0000,0.568819,0.567760;0.568720;0.568819;0.569613;0.570989,81.492693,12271.04,,24.55,0,6980,10,True,nid004906,57783805
SINDI,doc_prune=0.6 query_prune=0.9 n_cand=5000,64,0.9639971347,0.9913,54.5728,8.1851,0.0000,0.864191,0.864390;0.863932;0.864749;0.863554;0.864191,123.809599,8076.92,,27.38,0,6980,10,True,nid004904,57783803
SINDI,doc_prune=0.6 query_prune=0.9 n_cand=5000,64,0.9639971347,0.9914,53.0723,8.0978,0.0000,0.827619,0.827573;0.827762;0.827619;0.828024;0.827459,118.570057,8433.83,,23.08,0,6980,10,True,nid004905,57783804
SINDI,doc_prune=0.6 query_prune=0.9 n_cand=5000,64,0.9639971347,0.9913,53.2876,8.1487,0.0000,1.187862,1.187173;1.183742;1.188136;1.189001;1.187862,170.180802,5876.10,,24.55,0,6980,10,True,nid004906,57783805
SINDI,doc_prune=0.6 query_prune=0.9 n_cand=5000,64,0.9639971347,0.9913,53.5121,8.0498,0.0000,0.882866,0.882830;0.883728;0.882866;0.883218;0.882731,126.485100,7906.07,,27.16,0,6980,10,True,nid004908,57783807
SINDI,doc_prune=0.2 query_prune=0.7 n_cand=20,64,0.9644269341,0.9997,61.3432,8.0978,0.0000,1.010717,1.003930;1.013236;1.011437;1.010717;1.008684,144.801862,6905.99,,23.08,0,6980,10,True,nid004905,57783804
SINDI,doc_prune=0.2 query_prune=0.7 n_cand=20,64,0.9645272206,0.9997,63.0529,8.1487,0.0000,1.339051,1.339057;1.339051;1.331463;1.333770;1.350011,191.841117,5212.65,,24.55,0,6980,10,True,nid004906,57783805
SINDI,doc_prune=0.2 query_prune=0.7 n_cand=20,64,0.9645415473,0.9997,64.3194,8.0498,0.0000,1.224885,1.227375;1.224885;1.215693;1.213170;1.229537,175.484957,5698.49,,27.16,0,6980,10,True,nid004908,57783807
SINDI,doc_prune=0.2 query_prune=0.7 n_cand=20,64,0.9645558739,0.9997,65.3485,8.1851,0.0000,1.258031,1.263971;1.245704;1.258766;1.258031;1.246043,180.233668,5548.35,,27.38,0,6980,10,True,nid004904,57783803
SINDI,doc_prune=0.2 query_prune=0.7 n_cand=20,64,0.9645558739,0.9997,71.0080,8.1156,0.0000,2.411049,2.414446;2.414004;2.410536;2.411049;2.407887,345.422493,2895.01,,30.23,0,6980,10,True,nid004907,57783806
SINDI,doc_prune=0.7 query_prune=0.5 n_cand=1000,64,0.9657449857,1.0000,51.9159,8.1487,0.0000,0.760742,0.757776;0.760742;0.760107;0.768619;0.767294,108.988825,9175.25,,24.55,0,6980,10,True,nid004906,57783805
SINDI,doc_prune=0.7 query_prune=0.5 n_cand=1000,64,0.9657593123,1.0000,51.9309,8.0498,0.0000,0.559464,0.559464;0.559531;0.559349;0.559367;0.559578,80.152436,12476.23,,27.16,0,6980,10,True,nid004908,57783807
SINDI,doc_prune=0.7 query_prune=0.5 n_cand=1000,64,0.9657736390,1.0000,52.9532,8.1851,0.0000,0.591047,0.590382;0.591149;0.590856;0.591335;0.591047,84.677221,11809.55,,27.38,0,6980,10,True,nid004904,57783803
SINDI,doc_prune=0.7 query_prune=0.5 n_cand=1000,64,0.9658166189,1.0000,51.8677,8.0978,0.0000,0.484022,0.484148;0.484022;0.484783;0.483426;0.483863,69.344126,14420.83,,23.08,0,6980,10,True,nid004905,57783804
SINDI,doc_prune=0.7 query_prune=0.3 n_cand=1000,64,0.9661174785,1.0000,51.8677,8.0978,0.0000,0.592559,0.592559;0.593023;0.591834;0.592115;0.592887,84.893840,11779.42,,23.08,0,6980,10,True,nid004905,57783804
SINDI,doc_prune=0.7 query_prune=0.3 n_cand=1000,64,0.9661461318,1.0000,51.9309,8.0498,0.0000,0.702023,0.702450;0.701388;0.702023;0.702095;0.700919,100.576361,9942.69,,27.16,0,6980,10,True,nid004908,57783807
SINDI,doc_prune=0.7 query_prune=0.3 n_cand=1000,64,0.9661604585,1.0000,51.9159,8.1487,0.0000,0.937367,0.937367;0.937988;0.940938;0.936746;0.935446,134.293266,7446.39,,24.55,0,6980,10,True,nid004906,57783805
SINDI,doc_prune=0.7 query_prune=0.3 n_cand=1000,64,0.9661891117,1.0000,52.9532,8.1851,0.0000,0.740684,0.741531;0.740309;0.740684;0.741825;0.740601,106.115186,9423.72,,27.38,0,6980,10,True,nid004904,57783803
SINDI,doc_prune=0.7 query_prune=0.2 n_cand=1000,64,0.9662320917,1.0000,52.9532,8.1851,0.0000,0.816867,0.816954;0.816757;0.815888;0.816867;0.817668,117.029656,8544.84,,27.38,0,6980,10,True,nid004904,57783803
SINDI,doc_prune=0.7 query_prune=0.2 n_cand=1000,64,0.9662464183,1.0000,51.8677,8.0978,0.0000,0.649347,0.650228;0.649823;0.649311;0.649225;0.649347,93.029656,10749.26,,23.08,0,6980,10,True,nid004905,57783804
SINDI,doc_prune=0.7 query_prune=0.2 n_cand=1000,64,0.9662464183,1.0000,51.9309,8.0498,0.0000,0.771065,0.771535;0.771065;0.771820;0.770839;0.771058,110.467765,9052.41,,27.16,0,6980,10,True,nid004908,57783807
SINDI,doc_prune=0.7 query_prune=0 n_cand=1000,64,0.9662607450,1.0000,51.8677,8.0978,0.0000,0.765105,0.764948;0.764833;0.765212;0.766466;0.765105,109.613897,9122.93,,23.08,0,6980,10,True,nid004905,57783804
SINDI,doc_prune=0.7 query_prune=0.2 n_cand=1000,64,0.9662607450,1.0000,51.9159,8.1487,0.0000,1.038688,1.038688;1.039755;1.035870;1.039326;1.036329,148.809169,6720.02,,24.55,0,6980,10,True,nid004906,57783805
SINDI,doc_prune=0.7 query_prune=0 n_cand=1000,64,0.9662750716,1.0000,52.9532,8.1851,0.0000,0.970373,0.971018;0.970136;0.971999;0.969679;0.970373,139.021920,7193.11,,27.38,0,6980,10,True,nid004904,57783803
SINDI,doc_prune=0.7 query_prune=0.1 n_cand=1000,64,0.9662750716,1.0000,52.9532,8.1851,0.0000,0.889313,0.888902;0.889401;0.888123;0.889313;0.890244,127.408739,7848.76,,27.38,0,6980,10,True,nid004904,57783803
SINDI,doc_prune=0.7 query_prune=0.1 n_cand=1000,64,0.9662750716,1.0000,51.8677,8.0978,0.0000,0.704006,0.703918;0.703918;0.704642;0.704006;0.704748,100.860458,9914.69,,23.08,0,6980,10,True,nid004905,57783804
SINDI,doc_prune=0.7 query_prune=0 n_cand=1000,64,0.9662750716,1.0000,51.9159,8.1487,0.0000,1.233729,1.236826;1.231837;1.236269;1.233231;1.233729,176.752006,5657.64,,24.55,0,6980,10,True,nid004906,57783805
SINDI,doc_prune=0.7 query_prune=0.1 n_cand=1000,64,0.9663037249,1.0000,51.9159,8.1487,0.0000,1.128034,1.130366;1.127930;1.127874;1.128034;1.130753,161.609456,6187.76,,24.55,0,6980,10,True,nid004906,57783805
SINDI,doc_prune=0.7 query_prune=0 n_cand=1000,64,0.9663037249,1.0000,51.9309,8.0498,0.0000,0.917788,0.917788;0.917930;0.918557;0.916905;0.916602,131.488252,7605.24,,27.16,0,6980,10,True,nid004908,57783807
SINDI,doc_prune=0.7 query_prune=0.1 n_cand=1000,64,0.9663037249,1.0000,51.9309,8.0498,0.0000,0.840540,0.840701;0.838388;0.840601;0.839609;0.840540,120.421203,8304.19,,27.16,0,6980,10,True,nid004908,57783807
SINDI,doc_prune=0.4 query_prune=0.7 n_cand=50,64,0.9702578797,0.9999,63.7468,8.1156,0.0000,2.015611,2.015611;2.015944;2.019218;2.013950;2.012331,288.769484,3462.97,,30.23,0,6980,10,True,nid004907,57783806
SINDI,doc_prune=0.4 query_prune=0.7 n_cand=50,64,0.9702722063,0.9999,58.8358,8.1851,0.0000,0.723620,0.723620;0.723641;0.721211;0.723706;0.722087,103.670487,9645.95,,27.38,0,6980,10,True,nid004904,57783803
SINDI,doc_prune=0.4 query_prune=0.7 n_cand=50,64,0.9702865330,0.9999,57.0267,8.1487,0.0000,0.880962,0.883196;0.880962;0.879678;0.880328;0.889296,126.212321,7923.16,,24.55,0,6980,10,True,nid004906,57783805
SINDI,doc_prune=0.4 query_prune=0.7 n_cand=50,64,0.9703008596,0.9999,57.5599,8.0498,0.0000,0.735081,0.735081;0.734503;0.740319;0.730669;0.736323,105.312464,9495.55,,27.16,0,6980,10,True,nid004908,57783807
SINDI,doc_prune=0.5 query_prune=0.9 n_cand=5000,64,0.9703151862,0.9921,55.0151,8.1487,0.0000,1.173320,1.171629;1.174123;1.173551;1.171624;1.173320,168.097421,5948.93,,24.55,0,6980,10,True,nid004906,57783805
SINDI,doc_prune=0.5 query_prune=0.9 n_cand=5000,64,0.9703151862,0.9921,55.3873,8.0498,0.0000,0.922219,0.919229;0.919945;0.922535;0.922773;0.922219,132.123066,7568.70,,27.16,0,6980,10,True,nid004908,57783807
SINDI,doc_prune=0.5 query_prune=0.9 n_cand=5000,64,0.9703438395,0.9921,56.6646,8.1851,0.0000,0.909843,0.909846;0.909586;0.910251;0.909535;0.909843,130.350000,7671.65,,27.38,0,6980,10,True,nid004904,57783803
SINDI,doc_prune=0.5 query_prune=0.9 n_cand=5000,64,0.9703581662,0.9923,54.5847,8.0978,0.0000,0.870640,0.865894;0.867048;0.870640;0.870876;0.871552,124.733524,8017.09,,23.08,0,6980,10,True,nid004905,57783804
SINDI,doc_prune=0.5 query_prune=0.9 n_cand=5000,64,0.9703724928,0.9921,61.3069,8.1156,0.0000,1.488762,1.487610;1.486773;1.488762;1.490676;1.492949,213.289685,4688.46,,30.23,0,6980,10,True,nid004907,57783806
SINDI,doc_prune=0.4 query_prune=0.7 n_cand=50,64,0.9704727794,0.9999,56.1978,8.0978,0.0000,0.579432,0.580658;0.580505;0.577994;0.577554;0.579432,83.013181,12046.28,,23.08,0,6980,10,True,nid004905,57783804
SINDI,doc_prune=0 query_prune=0.3 n_cand=10,64,0.9722922636,1.0000,77.5082,8.0978,0.0000,4.640043,4.637968;4.640043;4.640486;4.647567;4.638438,664.762607,1504.30,,23.08,0,6980,10,True,nid004905,57783804
SINDI,doc_prune=0.1 query_prune=0.7 n_cand=20,64,0.9734383954,0.9997,65.8598,8.0978,0.0000,1.265407,1.268221;1.253547;1.265407;1.255239;1.269043,181.290401,5516.01,,23.08,0,6980,10,True,nid004905,57783804
SINDI,doc_prune=0.4 query_prune=0.9 n_cand=5000,64,0.9734527221,0.9923,56.1978,8.0978,0.0000,0.911310,0.907538;0.910827;0.911331;0.911310;0.913711,130.560172,7659.30,,23.08,0,6980,10,True,nid004905,57783804
SINDI,doc_prune=0.4 query_prune=0.9 n_cand=5000,64,0.9734527221,0.9921,57.0267,8.1487,0.0000,1.160248,1.158321;1.157138;1.162267;1.160248;1.162887,166.224642,6015.96,,24.55,0,6980,10,True,nid004906,57783805
SINDI,doc_prune=0.4 query_prune=0.9 n_cand=5000,64,0.9734670487,0.9921,63.7468,8.1156,0.0000,1.593072,1.593072;1.595480;1.592816;1.596574;1.591289,228.233811,4381.47,,30.23,0,6980,10,True,nid004907,57783806
SINDI,doc_prune=0.4 query_prune=0.9 n_cand=5000,64,0.9734957020,0.9921,58.8358,8.1851,0.0000,0.959087,0.958482;0.959087;0.961870;0.959329;0.957656,137.405014,7277.75,,27.38,0,6980,10,True,nid004904,57783803
SINDI,doc_prune=0.4 query_prune=0.9 n_cand=5000,64,0.9734957020,0.9921,57.5599,8.0498,0.0000,0.962971,0.959476;0.960485;0.962971;0.965689;0.964375,137.961461,7248.40,,27.16,0,6980,10,True,nid004908,57783807
SINDI,doc_prune=0.1 query_prune=0.7 n_cand=20,64,0.9736103152,0.9997,71.9417,8.1851,0.0000,1.572337,1.571155;1.576938;1.563863;1.576443;1.572337,225.263181,4439.25,,27.38,0,6980,10,True,nid004904,57783803
SINDI,doc_prune=0.1 query_prune=0.7 n_cand=20,64,0.9736246418,0.9997,68.8096,8.1487,0.0000,1.516899,1.519937;1.516899;1.516028;1.518135;1.514500,217.320774,4601.49,,24.55,0,6980,10,True,nid004906,57783805
SINDI,doc_prune=0.1 query_prune=0.7 n_cand=20,64,0.9736246418,0.9997,77.9615,8.1156,0.0000,2.484378,2.485852;2.493838;2.483654;2.483664;2.484378,355.928080,2809.56,,30.23,0,6980,10,True,nid004907,57783806
SINDI,doc_prune=0.1 query_prune=0.7 n_cand=20,64,0.9736246418,0.9997,71.1817,8.0498,0.0000,1.556651,1.543272;1.556651;1.557573;1.563063;1.554243,223.015903,4483.99,,27.16,0,6980,10,True,nid004908,57783807
SINDI,doc_prune=0.3 query_prune=0.9 n_cand=5000,64,0.9751432665,0.9924,58.4104,8.0978,0.0000,0.955608,0.954656;0.954617;0.957307;0.955620;0.955608,136.906590,7304.25,,23.08,0,6980,10,True,nid004905,57783804
SINDI,doc_prune=0.3 query_prune=0.9 n_cand=5000,64,0.9751575931,0.9923,61.5150,8.1851,0.0000,1.010258,1.006702;1.008500;1.010258;1.011958;1.010373,144.736103,6909.13,,27.38,0,6980,10,True,nid004904,57783803
SINDI,doc_prune=0.3 query_prune=0.9 n_cand=5000,64,0.9751575931,0.9923,60.3300,8.0498,0.0000,1.007394,1.008082;1.007022;1.007394;1.008506;1.006868,144.325788,6928.77,,27.16,0,6980,10,True,nid004908,57783807
SINDI,doc_prune=0.3 query_prune=0.9 n_cand=5000,64,0.9751719198,0.9923,59.3424,8.1487,0.0000,1.168083,1.164858;1.165282;1.169740;1.168680;1.168083,167.347135,5975.60,,24.55,0,6980,10,True,nid004906,57783805
SINDI,doc_prune=0.3 query_prune=0.9 n_cand=5000,64,0.9751719198,0.9923,66.8358,8.1156,0.0000,1.531273,1.531585;1.530605;1.529913;1.531273;1.532046,219.380086,4558.30,,30.23,0,6980,10,True,nid004907,57783806
SINDI,doc_prune=0 query_prune=0.3 n_cand=10,64,0.9755014327,1.0000,84.4698,8.1487,0.0000,5.404184,5.402133;5.407282;5.404184;5.401749;5.405030,774.238395,1291.59,,24.55,0,6980,10,True,nid004906,57783805
SINDI,doc_prune=0 query_prune=0.3 n_cand=10,64,0.9755444126,1.0000,91.4632,8.1851,0.0000,5.693087,5.697425;5.690881;5.693087;5.691338;5.703510,815.628510,1226.05,,27.38,0,6980,10,True,nid004904,57783803
SINDI,doc_prune=0 query_prune=0.3 n_cand=10,64,0.9755444126,1.0000,91.1434,8.0498,0.0000,5.579037,5.586333;5.577740;5.579090;5.579037;5.577106,799.288968,1251.11,,27.16,0,6980,10,True,nid004908,57783807
SINDI,doc_prune=0 query_prune=0.7 n_cand=20,64,0.9755587393,0.9997,77.5082,8.0978,0.0000,1.862131,1.863369;1.861834;1.862117;1.862131;1.865817,266.780946,3748.39,,23.08,0,6980,10,True,nid004905,57783804
SINDI,doc_prune=0 query_prune=0.3 n_cand=10,64,0.9755587393,1.0000,96.6554,8.1156,0.0000,7.392051,7.392097;7.396361;7.382951;7.392051;7.368449,1059.033095,944.26,,30.23,0,6980,10,True,nid004907,57783806
SINDI,doc_prune=0.2 query_prune=0.9 n_cand=5000,64,0.9761174785,0.9924,61.3432,8.0978,0.0000,1.001447,1.001767;1.001910;1.001175;1.001212;1.001447,143.473782,6969.91,,23.08,0,6980,10,True,nid004905,57783804
SINDI,doc_prune=0.2 query_prune=0.9 n_cand=5000,64,0.9761318052,0.9923,65.3485,8.1851,0.0000,1.054232,1.055105;1.054232;1.054560;1.053593;1.053847,151.036103,6620.93,,27.38,0,6980,10,True,nid004904,57783803
SINDI,doc_prune=0.2 query_prune=0.9 n_cand=5000,64,0.9761318052,0.9923,64.3194,8.0498,0.0000,1.053468,1.052696;1.053944;1.053468;1.053488;1.052486,150.926648,6625.74,,27.16,0,6980,10,True,nid004908,57783807
SINDI,doc_prune=0.2 query_prune=0.9 n_cand=5000,64,0.9761604585,0.9923,71.0080,8.1156,0.0000,1.453701,1.450764;1.454772;1.452687;1.453701;1.454384,208.266619,4801.54,,30.23,0,6980,10,True,nid004907,57783806
SINDI,doc_prune=0.2 query_prune=0.9 n_cand=5000,64,0.9761747851,0.9923,63.0529,8.1487,0.0000,1.168892,1.168892;1.168431;1.168262;1.169991;1.173575,167.463037,5971.47,,24.55,0,6980,10,True,nid004906,57783805
SINDI,doc_prune=0 query_prune=0.7 n_cand=20,64,0.9762893983,0.9997,96.6554,8.1156,0.0000,3.128904,3.121542;3.129516;3.134905;3.117103;3.128904,448.267049,2230.81,,30.23,0,6980,10,True,nid004907,57783806
SINDI,doc_prune=0 query_prune=0.7 n_cand=20,64,0.9763037249,0.9997,91.1434,8.0498,0.0000,2.247062,2.247062;2.252544;2.244806;2.249499;2.246672,321.928653,3106.28,,27.16,0,6980,10,True,nid004908,57783807
SINDI,doc_prune=0 query_prune=0.7 n_cand=20,64,0.9763180516,0.9997,91.4632,8.1851,0.0000,2.325609,2.330157;2.325609;2.326652;2.323500;2.319748,333.181805,3001.36,,27.38,0,6980,10,True,nid004904,57783803
SINDI,doc_prune=0 query_prune=0.7 n_cand=20,64,0.9763753582,0.9997,84.4698,8.1487,0.0000,2.251579,2.240959;2.247706;2.252300;2.251579;2.251747,322.575788,3100.05,,24.55,0,6980,10,True,nid004906,57783805
SINDI,doc_prune=0.4 query_prune=0.5 n_cand=50,64,0.9764040115,1.0000,57.0267,8.1487,0.0000,1.432449,1.435265;1.434949;1.432449;1.431618;1.429924,205.221920,4872.77,,24.55,0,6980,10,True,nid004906,57783805
SINDI,doc_prune=0.4 query_prune=0.5 n_cand=50,64,0.9764469914,1.0000,63.7468,8.1156,0.0000,3.253487,3.253487;3.255514;3.246902;3.249009;3.256002,466.115616,2145.39,,30.23,0,6980,10,True,nid004907,57783806
SINDI,doc_prune=0.4 query_prune=0.5 n_cand=50,64,0.9764613181,1.0000,57.5599,8.0498,0.0000,1.174049,1.168360;1.174102;1.174049;1.173203;1.175914,168.201862,5945.24,,27.16,0,6980,10,True,nid004908,57783807
SINDI,doc_prune=0.4 query_prune=0.5 n_cand=50,64,0.9764756447,1.0000,58.8358,8.1851,0.0000,1.167236,1.166894;1.166920;1.167377;1.167236;1.167832,167.225788,5979.94,,27.38,0,6980,10,True,nid004904,57783803
SINDI,doc_prune=0.1 query_prune=0.9 n_cand=5000,64,0.9764899713,0.9924,65.8598,8.0978,0.0000,1.062175,1.062415;1.062743;1.061963;1.062175;1.062068,152.174069,6571.42,,23.08,0,6980,10,True,nid004905,57783804
SINDI,doc_prune=0.1 query_prune=0.9 n_cand=5000,64,0.9765186246,0.9923,68.8096,8.1487,0.0000,1.169147,1.165796;1.165620;1.169465;1.169293;1.169147,167.499570,5970.16,,24.55,0,6980,10,True,nid004906,57783805
SINDI,doc_prune=0.1 query_prune=0.9 n_cand=5000,64,0.9765186246,0.9923,71.1817,8.0498,0.0000,1.121996,1.121996;1.120804;1.122010;1.122339;1.120830,160.744413,6221.06,,27.16,0,6980,10,True,nid004908,57783807
SINDI,doc_prune=0.4 query_prune=0.5 n_cand=50,64,0.9765329513,1.0000,56.1978,8.0978,0.0000,0.936197,0.936457;0.936197;0.935665;0.935524;0.936598,134.125645,7455.70,,23.08,0,6980,10,True,nid004905,57783804
SINDI,doc_prune=0.1 query_prune=0.9 n_cand=5000,64,0.9765329513,0.9923,77.9615,8.1156,0.0000,1.405864,1.405937;1.405864;1.402830;1.402987;1.406861,201.413181,4964.92,,30.23,0,6980,10,True,nid004907,57783806
SINDI,doc_prune=0.1 query_prune=0.9 n_cand=5000,64,0.9765472779,0.9923,71.9417,8.1851,0.0000,1.113960,1.113960;1.113652;1.114375;1.114136;1.113768,159.593123,6265.93,,27.38,0,6980,10,True,nid004904,57783803
SINDI,doc_prune=0 query_prune=0.9 n_cand=5000,64,0.9766905444,0.9924,77.5082,8.0978,0.0000,1.188868,1.187498;1.189152;1.190034;1.188868;1.188436,170.324928,5871.13,,23.08,0,6980,10,True,nid004905,57783804
SINDI,doc_prune=0 query_prune=0.9 n_cand=5000,64,0.9767478510,0.9921,84.4698,8.1487,0.0000,1.264032,1.263893;1.263436;1.264126;1.264595;1.264032,181.093410,5522.01,,24.55,0,6980,10,True,nid004906,57783805
SINDI,doc_prune=0 query_prune=0.9 n_cand=5000,64,0.9767621777,0.9923,91.1434,8.0498,0.0000,1.254852,1.254066;1.255397;1.254852;1.255322;1.254204,179.778223,5562.41,,27.16,0,6980,10,True,nid004908,57783807
SINDI,doc_prune=0 query_prune=0.9 n_cand=5000,64,0.9767908309,0.9923,96.6554,8.1156,0.0000,1.482167,1.481702;1.481361;1.482428;1.482167;1.483528,212.344842,4709.32,,30.23,0,6980,10,True,nid004907,57783806
SINDI,doc_prune=0 query_prune=0.9 n_cand=5000,64,0.9768051576,0.9923,91.4632,8.1851,0.0000,1.250418,1.250418;1.250494;1.250762;1.249862;1.249839,179.142980,5582.13,,27.38,0,6980,10,True,nid004904,57783803
SINDI,doc_prune=0.4 query_prune=0.3 n_cand=50,64,0.9774641834,1.0000,58.8358,8.1851,0.0000,1.560660,1.559567;1.562648;1.561526;1.559197;1.560660,223.590258,4472.47,,27.38,0,6980,10,True,nid004904,57783803
SINDI,doc_prune=0.4 query_prune=0.3 n_cand=50,64,0.9774785100,1.0000,57.0267,8.1487,0.0000,1.891547,1.880413;1.888384;1.898103;1.895934;1.891547,270.995272,3690.10,,24.55,0,6980,10,True,nid004906,57783805
SINDI,doc_prune=0.4 query_prune=0.3 n_cand=50,64,0.9774785100,1.0000,63.7468,8.1156,0.0000,4.327026,4.328109;4.328753;4.323674;4.325778;4.327026,619.917765,1613.12,,30.23,0,6980,10,True,nid004907,57783806
SINDI,doc_prune=0.4 query_prune=0.3 n_cand=50,64,0.9774928367,1.0000,57.5599,8.0498,0.0000,1.526777,1.524008;1.525787;1.527430;1.526777;1.529983,218.735960,4571.72,,27.16,0,6980,10,True,nid004908,57783807
SINDI,doc_prune=0.4 query_prune=0.3 n_cand=50,64,0.9776217765,1.0000,56.1978,8.0978,0.0000,1.244989,1.242809;1.248599;1.244989;1.251344;1.244618,178.365186,5606.48,,23.08,0,6980,10,True,nid004905,57783804
SINDI,doc_prune=0.4 query_prune=0.1 n_cand=50,64,0.9777220630,1.0000,63.7468,8.1156,0.0000,5.220178,5.212613;5.222943;5.230188;5.220053;5.220178,747.876504,1337.12,,30.23,0,6980,10,True,nid004907,57783806
SINDI,doc_prune=0.4 query_prune=0.1 n_cand=50,64,0.9777363897,1.0000,58.8358,8.1851,0.0000,1.909939,1.909939;1.912553;1.912334;1.905366;1.900022,273.630229,3654.57,,27.38,0,6980,10,True,nid004904,57783803
SINDI,doc_prune=0.4 query_prune=0.1 n_cand=50,64,0.9777507163,1.0000,57.0267,8.1487,0.0000,2.328673,2.322205;2.336825;2.328673;2.318335;2.336134,333.620774,2997.42,,24.55,0,6980,10,True,nid004906,57783805
SINDI,doc_prune=0.4 query_prune=0.1 n_cand=50,64,0.9777507163,1.0000,57.5599,8.0498,0.0000,1.846942,1.847743;1.846942;1.846220;1.845498;1.848925,264.604871,3779.22,,27.16,0,6980,10,True,nid004908,57783807
SINDI,doc_prune=0.4 query_prune=0 n_cand=50,64,0.9777793696,1.0000,58.8358,8.1851,0.0000,2.093132,2.090597;2.086667;2.093132;2.096540;2.100739,299.875645,3334.72,,27.38,0,6980,10,True,nid004904,57783803
SINDI,doc_prune=0.4 query_prune=0 n_cand=50,64,0.9777936963,1.0000,63.7468,8.1156,0.0000,5.699393,5.708704;5.700729;5.675067;5.686118;5.699393,816.531948,1224.69,,30.23,0,6980,10,True,nid004907,57783806
SINDI,doc_prune=0.4 query_prune=0.2 n_cand=50,64,0.9777936963,1.0000,57.5599,8.0498,0.0000,1.691320,1.689557;1.691320;1.692332;1.692498;1.690545,242.309456,4126.95,,27.16,0,6980,10,True,nid004908,57783807
SINDI,doc_prune=0.4 query_prune=0.2 n_cand=50,64,0.9778080229,1.0000,58.8358,8.1851,0.0000,1.743014,1.739230;1.739003;1.745387;1.743573;1.743014,249.715473,4004.56,,27.38,0,6980,10,True,nid004904,57783803
SINDI,doc_prune=0.4 query_prune=0 n_cand=50,64,0.9778080229,1.0000,57.0267,8.1487,0.0000,2.536099,2.526893;2.529824;2.538938;2.537530;2.536099,363.337966,2752.26,,24.55,0,6980,10,True,nid004906,57783805
SINDI,doc_prune=0.4 query_prune=0.2 n_cand=50,64,0.9778080229,1.0000,63.7468,8.1156,0.0000,4.813282,4.813282;4.828443;4.810825;4.818124;4.809079,689.581948,1450.15,,30.23,0,6980,10,True,nid004907,57783806
SINDI,doc_prune=0.4 query_prune=0 n_cand=50,64,0.9778080229,1.0000,57.5599,8.0498,0.0000,2.013473,2.013473;2.016780;2.008865;2.013330;2.017730,288.463181,3466.65,,27.16,0,6980,10,True,nid004908,57783807
SINDI,doc_prune=0.4 query_prune=0.2 n_cand=50,64,0.9778510029,1.0000,57.0267,8.1487,0.0000,2.123219,2.123219;2.118231;2.125483;2.122901;2.125536,304.186103,3287.46,,24.55,0,6980,10,True,nid004906,57783805
SINDI,doc_prune=0.4 query_prune=0.2 n_cand=50,64,0.9778653295,1.0000,56.1978,8.0978,0.0000,1.397190,1.395944;1.397190;1.396753;1.402293;1.401116,200.170487,4995.74,,23.08,0,6980,10,True,nid004905,57783804
SINDI,doc_prune=0.4 query_prune=0.1 n_cand=50,64,0.9778939828,1.0000,56.1978,8.0978,0.0000,1.546569,1.541781;1.546569;1.545937;1.546816;1.546745,221.571490,4513.22,,23.08,0,6980,10,True,nid004905,57783804
SINDI,doc_prune=0.4 query_prune=0 n_cand=50,64,0.9779369628,1.0000,56.1978,8.0978,0.0000,1.705323,1.706308;1.704684;1.705323;1.704695;1.707606,244.315616,4093.07,,23.08,0,6980,10,True,nid004905,57783804
SINDI,doc_prune=0 query_prune=0.2 n_cand=10,64,0.9826504298,1.0000,77.5082,8.0978,0.0000,5.302296,5.302463;5.302720;5.300440;5.299561;5.302296,759.641261,1316.41,,23.08,0,6980,10,True,nid004905,57783804
SINDI,doc_prune=0.5 query_prune=0.7 n_cand=200,64,0.9842120344,1.0000,55.3873,8.0498,0.0000,0.556487,0.553338;0.556487;0.554427;0.557507;0.558278,79.725931,12542.97,,27.16,0,6980,10,True,nid004908,57783807
SINDI,doc_prune=0.5 query_prune=0.7 n_cand=200,64,0.9842406877,1.0000,56.6646,8.1851,0.0000,0.567670,0.567759;0.569919;0.567670;0.567003;0.566382,81.328080,12295.88,,27.38,0,6980,10,True,nid004904,57783803
SINDI,doc_prune=0.5 query_prune=0.7 n_cand=200,64,0.9842406877,1.0000,61.3069,8.1156,0.0000,1.537827,1.535782;1.540699;1.539681;1.537827;1.535623,220.319054,4538.87,,30.23,0,6980,10,True,nid004907,57783806
SINDI,doc_prune=0.5 query_prune=0.7 n_cand=200,64,0.9843123209,1.0000,55.0151,8.1487,0.0000,0.721149,0.721149;0.725068;0.722647;0.720163;0.719748,103.316476,9679.00,,24.55,0,6980,10,True,nid004906,57783805
SINDI,doc_prune=0.5 query_prune=0.7 n_cand=200,64,0.9843266476,1.0000,54.5847,8.0978,0.0000,0.454221,0.454715;0.453700;0.454221;0.455393;0.453719,65.074642,15366.97,,23.08,0,6980,10,True,nid004905,57783804
SINDI,doc_prune=0.2 query_prune=0.5 n_cand=20,64,0.9853581662,1.0000,64.3194,8.0498,0.0000,1.892302,1.890951;1.897670;1.897031;1.892302;1.884760,271.103438,3688.63,,27.16,0,6980,10,True,nid004908,57783807
SINDI,doc_prune=0.2 query_prune=0.5 n_cand=20,64,0.9853724928,1.0000,65.3485,8.1851,0.0000,1.980021,1.980021;1.980009;1.977375;1.983984;1.983703,283.670630,3525.22,,27.38,0,6980,10,True,nid004904,57783803
SINDI,doc_prune=0.2 query_prune=0.5 n_cand=20,64,0.9853724928,1.0000,63.0529,8.1487,0.0000,2.179656,2.171250;2.180944;2.179656;2.184745;2.175983,312.271633,3202.34,,24.55,0,6980,10,True,nid004906,57783805
SINDI,doc_prune=0.2 query_prune=0.5 n_cand=20,64,0.9853724928,1.0000,71.0080,8.1156,0.0000,4.002050,3.986316;3.998450;4.006753;4.002050;4.013912,573.359599,1744.11,,30.23,0,6980,10,True,nid004907,57783806
SINDI,doc_prune=0.2 query_prune=0.5 n_cand=20,64,0.9854871060,1.0000,61.3432,8.0978,0.0000,1.692452,1.692452;1.699453;1.691301;1.690356;1.695804,242.471633,4124.19,,23.08,0,6980,10,True,nid004905,57783804
SINDI,doc_prune=0.5 query_prune=0.5 n_cand=200,64,0.9863180516,1.0000,55.3873,8.0498,0.0000,0.869912,0.867229;0.868692;0.869912;0.870493;0.870577,124.629226,8023.80,,27.16,0,6980,10,True,nid004908,57783807
SINDI,doc_prune=0.5 query_prune=0.5 n_cand=200,64,0.9863323782,1.0000,56.6646,8.1851,0.0000,0.884964,0.887083;0.884132;0.888423;0.884964;0.884481,126.785673,7887.33,,27.38,0,6980,10,True,nid004904,57783803
SINDI,doc_prune=0.5 query_prune=0.5 n_cand=200,64,0.9863323782,1.0000,54.5847,8.0978,0.0000,0.710653,0.710774;0.710081;0.710485;0.711150;0.710653,101.812751,9821.95,,23.08,0,6980,10,True,nid004905,57783804
SINDI,doc_prune=0.5 query_prune=0.5 n_cand=200,64,0.9863323782,1.0000,55.0151,8.1487,0.0000,1.123612,1.120746;1.124196;1.127007;1.121699;1.123612,160.975931,6212.11,,24.55,0,6980,10,True,nid004906,57783805
SINDI,doc_prune=0.5 query_prune=0.5 n_cand=200,64,0.9863610315,1.0000,61.3069,8.1156,0.0000,2.468273,2.471485;2.468273;2.467148;2.466627;2.470097,353.620774,2827.89,,30.23,0,6980,10,True,nid004907,57783806
SINDI,doc_prune=0.5 query_prune=0.3 n_cand=200,64,0.9867621777,1.0000,56.6646,8.1851,0.0000,1.200598,1.201708;1.203917;1.193555;1.200598;1.195724,172.005444,5813.77,,27.38,0,6980,10,True,nid004904,57783803
SINDI,doc_prune=0.5 query_prune=0.3 n_cand=200,64,0.9867765043,1.0000,55.0151,8.1487,0.0000,1.488615,1.489366;1.488615;1.487672;1.493436;1.488148,213.268625,4688.92,,24.55,0,6980,10,True,nid004906,57783805
SINDI,doc_prune=0.5 query_prune=0.3 n_cand=200,64,0.9867765043,1.0000,61.3069,8.1156,0.0000,3.313692,3.319697;3.313136;3.315201;3.313692;3.311641,474.740974,2106.41,,30.23,0,6980,10,True,nid004907,57783806
SINDI,doc_prune=0.5 query_prune=0.3 n_cand=200,64,0.9867765043,1.0000,55.3873,8.0498,0.0000,1.161384,1.161946;1.162893;1.161384;1.155238;1.159967,166.387393,6010.07,,27.16,0,6980,10,True,nid004908,57783807
SINDI,doc_prune=0.5 query_prune=0.3 n_cand=200,64,0.9868911175,1.0000,54.5847,8.0978,0.0000,0.929901,0.927314;0.930342;0.929901;0.928986;0.930940,133.223639,7506.18,,23.08,0,6980,10,True,nid004905,57783804
SINDI,doc_prune=0.5 query_prune=0.2 n_cand=200,64,0.9868911175,1.0000,55.0151,8.1487,0.0000,1.653064,1.649798;1.659942;1.650765;1.654675;1.653064,236.828653,4222.46,,24.55,0,6980,10,True,nid004906,57783805
SINDI,doc_prune=0.5 query_prune=0.1 n_cand=200,64,0.9869054441,1.0000,54.5847,8.0978,0.0000,1.140069,1.142445;1.140439;1.139066;1.140069;1.139032,163.333668,6122.44,,23.08,0,6980,10,True,nid004905,57783804
SINDI,doc_prune=0.5 query_prune=0.2 n_cand=200,64,0.9869197708,1.0000,56.6646,8.1851,0.0000,1.353723,1.357781;1.351843;1.353723;1.363459;1.350043,193.943123,5156.15,,27.38,0,6980,10,True,nid004904,57783803
SINDI,doc_prune=0.5 query_prune=0.2 n_cand=200,64,0.9869197708,1.0000,61.3069,8.1156,0.0000,3.604651,3.604911;3.594055;3.604651;3.592116;3.615625,516.425645,1936.39,,30.23,0,6980,10,True,nid004907,57783806
SINDI,doc_prune=0.5 query_prune=0.2 n_cand=200,64,0.9869197708,1.0000,55.3873,8.0498,0.0000,1.305007,1.306980;1.305007;1.303016;1.308124;1.303002,186.963754,5348.63,,27.16,0,6980,10,True,nid004908,57783807
SINDI,doc_prune=0.5 query_prune=0.2 n_cand=200,64,0.9869340974,1.0000,54.5847,8.0978,0.0000,1.036607,1.036767;1.035326;1.036125;1.037532;1.036607,148.511032,6733.51,,23.08,0,6980,10,True,nid004905,57783804
SINDI,doc_prune=0.5 query_prune=0 n_cand=200,64,0.9869484241,1.0000,54.5847,8.0978,0.0000,1.250808,1.250114;1.250808;1.251247;1.249016;1.253144,179.198854,5580.39,,23.08,0,6980,10,True,nid004905,57783804
SINDI,doc_prune=0.5 query_prune=0.1 n_cand=200,64,0.9869484241,1.0000,55.0151,8.1487,0.0000,1.810289,1.813667;1.808639;1.810289;1.806944;1.812084,259.353725,3855.74,,24.55,0,6980,10,True,nid004906,57783805
SINDI,doc_prune=0.5 query_prune=0.1 n_cand=200,64,0.9869484241,1.0000,61.3069,8.1156,0.0000,3.989927,3.993726;3.989927;3.986035;3.993150;3.986930,571.622779,1749.41,,30.23,0,6980,10,True,nid004907,57783806
SINDI,doc_prune=0.5 query_prune=0 n_cand=200,64,0.9869484241,1.0000,55.3873,8.0498,0.0000,1.594288,1.585132;1.594288;1.593647;1.597563;1.596398,228.408023,4378.13,,27.16,0,6980,10,True,nid004908,57783807
SINDI,doc_prune=0.7 query_prune=0.7 n_cand=5000,64,0.9869627507,1.0000,52.9532,8.1851,0.0000,1.019507,1.019974;1.019659;1.019507;1.019269;1.018808,146.061175,6846.45,,27.38,0,6980,10,True,nid004904,57783803
SINDI,doc_prune=0.7 query_prune=0.7 n_cand=5000,64,0.9869627507,1.0000,51.8677,8.0978,0.0000,0.962790,0.959309;0.960968;0.963736;0.965144;0.962790,137.935530,7249.76,,23.08,0,6980,10,True,nid004905,57783804
SINDI,doc_prune=0.7 query_prune=0.7 n_cand=5000,64,0.9869627507,1.0000,51.9159,8.1487,0.0000,1.455152,1.451090;1.451079;1.455194;1.455152;1.458296,208.474499,4796.75,,24.55,0,6980,10,True,nid004906,57783805
SINDI,doc_prune=0.5 query_prune=0 n_cand=200,64,0.9869627507,1.0000,61.3069,8.1156,0.0000,4.432869,4.432869;4.434982;4.430240;4.433846;4.424794,635.081519,1574.60,,30.23,0,6980,10,True,nid004907,57783806
SINDI,doc_prune=0.7 query_prune=0.7 n_cand=5000,64,0.9869627507,1.0000,51.9309,8.0498,0.0000,1.039130,1.037046;1.039130;1.038719;1.041050;1.039585,148.872493,6717.16,,27.16,0,6980,10,True,nid004908,57783807
SINDI,doc_prune=0 query_prune=0.2 n_cand=10,64,0.9869770774,1.0000,84.4698,8.1487,0.0000,6.164357,6.159457;6.164357;6.166169;6.164287;6.166374,883.145702,1132.32,,24.55,0,6980,10,True,nid004906,57783805
SINDI,doc_prune=0.5 query_prune=0 n_cand=200,64,0.9869770774,1.0000,55.0151,8.1487,0.0000,2.000618,1.999118;2.003844;2.002988;2.000618;1.995061,286.621490,3488.92,,24.55,0,6980,10,True,nid004906,57783805
SINDI,doc_prune=0.5 query_prune=0.1 n_cand=200,64,0.9869914040,1.0000,55.3873,8.0498,0.0000,1.448540,1.444890;1.451394;1.446106;1.449442;1.448540,207.527221,4818.64,,27.16,0,6980,10,True,nid004908,57783807
SINDI,doc_prune=0.5 query_prune=0.1 n_cand=200,64,0.9870057307,1.0000,56.6646,8.1851,0.0000,1.514067,1.512391;1.515031;1.514067;1.502831;1.516162,216.915043,4610.10,,27.38,0,6980,10,True,nid004904,57783803
SINDI,doc_prune=0.5 query_prune=0 n_cand=200,64,0.9870200573,1.0000,56.6646,8.1851,0.0000,1.666071,1.678935;1.666071;1.665096;1.671145;1.660453,238.692120,4189.50,,27.38,0,6980,10,True,nid004904,57783803
SINDI,doc_prune=0.3 query_prune=0.7 n_cand=50,64,0.9871489971,0.9999,61.5150,8.1851,0.0000,0.997572,0.997572;0.993814;0.999864;0.998293;0.994946,142.918625,6996.99,,27.38,0,6980,10,True,nid004904,57783803
SINDI,doc_prune=0.3 query_prune=0.7 n_cand=50,64,0.9871489971,0.9999,59.3424,8.1487,0.0000,1.100010,1.100010;1.104591;1.096802;1.106398;1.099240,157.594556,6345.40,,24.55,0,6980,10,True,nid004906,57783805
SINDI,doc_prune=0.3 query_prune=0.7 n_cand=50,64,0.9871489971,0.9999,66.8358,8.1156,0.0000,2.217455,2.217455;2.218108;2.222000;2.212743;2.209692,317.686963,3147.75,,30.23,0,6980,10,True,nid004907,57783806
SINDI,doc_prune=0.3 query_prune=0.7 n_cand=50,64,0.9871633238,0.9999,60.3300,8.0498,0.0000,0.961953,0.960247;0.961953;0.955876;0.962034;0.961977,137.815616,7256.07,,27.16,0,6980,10,True,nid004908,57783807
SINDI,doc_prune=0 query_prune=0.2 n_cand=10,64,0.9872349570,1.0000,91.4632,8.1851,0.0000,6.495346,6.498626;6.496106;6.495346;6.487658;6.493206,930.565330,1074.62,,27.38,0,6980,10,True,nid004904,57783803
SINDI,doc_prune=0.3 query_prune=0.7 n_cand=50,64,0.9872349570,0.9999,58.4104,8.0978,0.0000,0.762368,0.761767;0.761651;0.763588;0.762368;0.764171,109.221777,9155.68,,23.08,0,6980,10,True,nid004905,57783804
SINDI,doc_prune=0 query_prune=0.2 n_cand=10,64,0.9872349570,1.0000,96.6554,8.1156,0.0000,8.407853,8.407853;8.408200;8.408777;8.404475;8.406962,1204.563467,830.18,,30.23,0,6980,10,True,nid004907,57783806
SINDI,doc_prune=0 query_prune=0.2 n_cand=10,64,0.9872349570,1.0000,91.1434,8.0498,0.0000,6.368819,6.368819;6.359876;6.367346;6.383031;6.378820,912.438252,1095.96,,27.16,0,6980,10,True,nid004908,57783807
SINDI,doc_prune=0.7 query_prune=0.5 n_cand=5000,64,0.9879369628,1.0000,52.9532,8.1851,0.0000,1.174728,1.173591;1.173988;1.175224;1.174728;1.174741,168.299140,5941.80,,27.38,0,6980,10,True,nid004904,57783803
SINDI,doc_prune=0.7 query_prune=0.5 n_cand=5000,64,0.9879512894,1.0000,51.9309,8.0498,0.0000,1.184668,1.183068;1.185354;1.184719;1.184668;1.183467,169.723209,5891.95,,27.16,0,6980,10,True,nid004908,57783807
SINDI,doc_prune=0.7 query_prune=0.5 n_cand=5000,64,0.9879656160,1.0000,51.9159,8.1487,0.0000,1.651466,1.649144;1.651466;1.652866;1.651375;1.656486,236.599713,4226.55,,24.55,0,6980,10,True,nid004906,57783805
SINDI,doc_prune=0.7 query_prune=0.5 n_cand=5000,64,0.9879799427,1.0000,51.8677,8.0978,0.0000,1.089506,1.086141;1.087280;1.089506;1.091503;1.090714,156.089685,6406.57,,23.08,0,6980,10,True,nid004905,57783804
SINDI,doc_prune=0.7 query_prune=0.3 n_cand=5000,64,0.9880945559,1.0000,51.8677,8.0978,0.0000,1.202006,1.198838;1.199196;1.202953;1.202006;1.205353,172.207163,5806.96,,23.08,0,6980,10,True,nid004905,57783804
SINDI,doc_prune=0.7 query_prune=0.3 n_cand=5000,64,0.9881088825,1.0000,52.9532,8.1851,0.0000,1.322992,1.322992;1.323708;1.322458;1.322463;1.323984,189.540401,5275.92,,27.38,0,6980,10,True,nid004904,57783803
SINDI,doc_prune=0.7 query_prune=0.1 n_cand=5000,64,0.9881088825,1.0000,51.8677,8.0978,0.0000,1.318845,1.316282;1.317387;1.318845;1.319110;1.321131,188.946275,5292.51,,23.08,0,6980,10,True,nid004905,57783804
SINDI,doc_prune=0.7 query_prune=0.3 n_cand=5000,64,0.9881088825,1.0000,51.9159,8.1487,0.0000,1.820594,1.819776;1.817462;1.824141;1.821622;1.820594,260.830086,3833.91,,24.55,0,6980,10,True,nid004906,57783805
SINDI,doc_prune=0.7 query_prune=0.3 n_cand=5000,64,0.9881088825,1.0000,51.9309,8.0498,0.0000,1.317807,1.316654;1.318195;1.318379;1.317807;1.317518,188.797564,5296.68,,27.16,0,6980,10,True,nid004908,57783807
SINDI,doc_prune=0.7 query_prune=0 n_cand=5000,64,0.9881375358,1.0000,52.9532,8.1851,0.0000,1.565070,1.566559;1.561162;1.565070;1.563068;1.565317,224.222063,4459.86,,27.38,0,6980,10,True,nid004904,57783803
SINDI,doc_prune=0.7 query_prune=0.2 n_cand=5000,64,0.9881375358,1.0000,51.9309,8.0498,0.0000,1.381719,1.380047;1.379277;1.382070;1.381719;1.385868,197.954011,5051.68,,27.16,0,6980,10,True,nid004908,57783807
SINDI,doc_prune=0.7 query_prune=0.2 n_cand=5000,64,0.9881518625,1.0000,52.9532,8.1851,0.0000,1.401854,1.401854;1.402745;1.403703;1.400634;1.401299,200.838682,4979.12,,27.38,0,6980,10,True,nid004904,57783803
SINDI,doc_prune=0.7 query_prune=0.1 n_cand=5000,64,0.9881518625,1.0000,51.9159,8.1487,0.0000,2.001844,2.002871;2.001844;2.001073;1.996276;2.002006,286.797135,3486.79,,24.55,0,6980,10,True,nid004906,57783805
SINDI,doc_prune=0.7 query_prune=0.1 n_cand=5000,64,0.9881661891,1.0000,52.9532,8.1851,0.0000,1.479893,1.479893;1.480581;1.477441;1.481087;1.478847,212.019054,4716.56,,27.38,0,6980,10,True,nid004904,57783803
SINDI,doc_prune=0.7 query_prune=0 n_cand=5000,64,0.9881805158,1.0000,51.8677,8.0978,0.0000,1.383159,1.383159;1.381011;1.383096;1.386597;1.385383,198.160315,5046.42,,23.08,0,6980,10,True,nid004905,57783804
SINDI,doc_prune=0.7 query_prune=0.2 n_cand=5000,64,0.9881805158,1.0000,51.8677,8.0978,0.0000,1.259643,1.257278;1.259643;1.259236;1.261059;1.261858,180.464613,5541.25,,23.08,0,6980,10,True,nid004905,57783804
SINDI,doc_prune=0.7 query_prune=0 n_cand=5000,64,0.9881805158,1.0000,51.9159,8.1487,0.0000,2.100460,2.103740;2.100460;2.100571;2.096172;2.099405,300.925501,3323.08,,24.55,0,6980,10,True,nid004906,57783805
SINDI,doc_prune=0.7 query_prune=0.2 n_cand=5000,64,0.9881805158,1.0000,51.9159,8.1487,0.0000,1.912521,1.913743;1.912143;1.919176;1.909705;1.912521,274.000143,3649.63,,24.55,0,6980,10,True,nid004906,57783805
SINDI,doc_prune=0.7 query_prune=0 n_cand=5000,64,0.9881805158,1.0000,51.9309,8.0498,0.0000,1.521122,1.518703;1.519761;1.521122;1.523373;1.522238,217.925788,4588.72,,27.16,0,6980,10,True,nid004908,57783807
SINDI,doc_prune=0.7 query_prune=0.1 n_cand=5000,64,0.9881805158,1.0000,51.9309,8.0498,0.0000,1.445882,1.445367;1.447656;1.445882;1.444630;1.446639,207.146418,4827.50,,27.16,0,6980,10,True,nid004908,57783807
SINDI,doc_prune=0 query_prune=0.1 n_cand=10,64,0.9883237822,1.0000,77.5082,8.0978,0.0000,4.953300,4.943097;4.968601;4.953300;4.978081;4.911889,709.641834,1409.16,,23.08,0,6980,10,True,nid004905,57783804
SINDI,doc_prune=0.2 query_prune=0.3 n_cand=20,64,0.9885816619,1.0000,63.0529,8.1487,0.0000,2.819798,2.835201;2.821276;2.812935;2.819798;2.815123,403.982521,2475.35,,24.55,0,6980,10,True,nid004906,57783805
SINDI,doc_prune=0.2 query_prune=0.3 n_cand=20,64,0.9885959885,1.0000,65.3485,8.1851,0.0000,2.543686,2.550633;2.541857;2.540560;2.543686;2.546247,364.424928,2744.05,,27.38,0,6980,10,True,nid004904,57783803
SINDI,doc_prune=0.2 query_prune=0.3 n_cand=20,64,0.9885959885,1.0000,61.3432,8.0978,0.0000,2.215971,2.213750;2.222877;2.220058;2.215971;2.208441,317.474355,3149.86,,23.08,0,6980,10,True,nid004905,57783804
SINDI,doc_prune=0.2 query_prune=0.3 n_cand=20,64,0.9886103152,1.0000,71.0080,8.1156,0.0000,5.294131,5.294558;5.307629;5.294131;5.291034;5.277745,758.471490,1318.44,,30.23,0,6980,10,True,nid004907,57783806
SINDI,doc_prune=0.2 query_prune=0.3 n_cand=20,64,0.9886103152,1.0000,64.3194,8.0498,0.0000,2.433078,2.440387;2.437633;2.433078;2.429191;2.432467,348.578510,2868.79,,27.16,0,6980,10,True,nid004908,57783807
SINDI,doc_prune=0.6 query_prune=0.7 n_cand=1000,64,0.9886819484,1.0000,54.5728,8.1851,0.0000,0.536579,0.537163;0.533663;0.536874;0.536004;0.536579,76.873782,13008.34,,27.38,0,6980,10,True,nid004904,57783803
SINDI,doc_prune=0.6 query_prune=0.7 n_cand=1000,64,0.9887106017,1.0000,53.2876,8.1487,0.0000,0.717566,0.717566;0.714226;0.718931;0.721220;0.715171,102.803152,9727.33,,24.55,0,6980,10,True,nid004906,57783805
SINDI,doc_prune=0.6 query_prune=0.7 n_cand=1000,64,0.9887392550,1.0000,53.0723,8.0978,0.0000,0.448652,0.449251;0.449159;0.448100;0.448652;0.448419,64.276791,15557.72,,23.08,0,6980,10,True,nid004905,57783804
SINDI,doc_prune=0.6 query_prune=0.7 n_cand=1000,64,0.9887392550,1.0000,53.5121,8.0498,0.0000,0.531020,0.532231;0.530640;0.530873;0.531020;0.532513,76.077364,13144.51,,27.16,0,6980,10,True,nid004908,57783807
SINDI,doc_prune=0.2 query_prune=0.1 n_cand=20,64,0.9888108883,1.0000,63.0529,8.1487,0.0000,3.336007,3.330917;3.336392;3.336007;3.340001;3.331464,477.937966,2092.32,,24.55,0,6980,10,True,nid004906,57783805
SINDI,doc_prune=0.2 query_prune=0 n_cand=20,64,0.9888252149,1.0000,64.3194,8.0498,0.0000,3.275306,3.278756;3.269510;3.270908;3.275306;3.277511,469.241547,2131.10,,27.16,0,6980,10,True,nid004908,57783807
SINDI,doc_prune=0.2 query_prune=0 n_cand=20,64,0.9888395415,1.0000,65.3485,8.1851,0.0000,3.385017,3.388135;3.377025;3.385017;3.382283;3.386831,484.959456,2062.03,,27.38,0,6980,10,True,nid004904,57783803
SINDI,doc_prune=0.2 query_prune=0 n_cand=20,64,0.9888395415,1.0000,71.0080,8.1156,0.0000,6.607736,6.581564;6.600097;6.632515;6.607736;6.671262,946.667049,1056.34,,30.23,0,6980,10,True,nid004907,57783806
SINDI,doc_prune=0.2 query_prune=0 n_cand=20,64,0.9888538682,1.0000,63.0529,8.1487,0.0000,3.594823,3.594823;3.599783;3.581494;3.594128;3.598522,515.017622,1941.68,,24.55,0,6980,10,True,nid004906,57783805
SINDI,doc_prune=0.2 query_prune=0.1 n_cand=20,64,0.9888681948,1.0000,65.3485,8.1851,0.0000,3.093012,3.100646;3.090352;3.093012;3.093014;3.089265,443.124928,2256.70,,27.38,0,6980,10,True,nid004904,57783803
SINDI,doc_prune=0.2 query_prune=0.2 n_cand=20,64,0.9888681948,1.0000,63.0529,8.1487,0.0000,3.085946,3.086546;3.089537;3.079827;3.085946;3.068176,442.112607,2261.87,,24.55,0,6980,10,True,nid004906,57783805
SINDI,doc_prune=0.2 query_prune=0.1 n_cand=20,64,0.9888681948,1.0000,64.3194,8.0498,0.0000,2.983619,2.988286;2.978744;2.983660;2.983619;2.981143,427.452579,2339.44,,27.16,0,6980,10,True,nid004908,57783807
SINDI,doc_prune=0.2 query_prune=0.1 n_cand=20,64,0.9888825215,1.0000,71.0080,8.1156,0.0000,6.228892,6.241034;6.213999;6.199378;6.252797;6.228892,892.391404,1120.58,,30.23,0,6980,10,True,nid004907,57783806
SINDI,doc_prune=0.2 query_prune=0.2 n_cand=20,64,0.9888968481,1.0000,71.0080,8.1156,0.0000,5.814679,5.788939;5.829901;5.809300;5.814679;5.828105,833.048567,1200.41,,30.23,0,6980,10,True,nid004907,57783806
SINDI,doc_prune=0.2 query_prune=0.2 n_cand=20,64,0.9889111748,1.0000,65.3485,8.1851,0.0000,2.823108,2.824618;2.820970;2.822229;2.829094;2.823108,404.456734,2472.45,,27.38,0,6980,10,True,nid004904,57783803
SINDI,doc_prune=0.2 query_prune=0.2 n_cand=20,64,0.9889111748,1.0000,64.3194,8.0498,0.0000,2.714050,2.720076;2.710398;2.708829;2.719806;2.714050,388.832378,2571.80,,27.16,0,6980,10,True,nid004908,57783807
SINDI,doc_prune=0.2 query_prune=0.2 n_cand=20,64,0.9889971347,1.0000,61.3432,8.0978,0.0000,2.448756,2.439905;2.448597;2.448756;2.449511;2.454955,350.824642,2850.43,,23.08,0,6980,10,True,nid004905,57783804
SINDI,doc_prune=0.2 query_prune=0.1 n_cand=20,64,0.9890974212,1.0000,61.3432,8.0978,0.0000,2.634933,2.618316;2.634933;2.646006;2.651870;2.611493,377.497564,2649.02,,23.08,0,6980,10,True,nid004905,57783804
SINDI,doc_prune=0.2 query_prune=0 n_cand=20,64,0.9891404011,1.0000,61.3432,8.0978,0.0000,2.799337,2.805463;2.797553;2.791754;2.799337;2.801652,401.051146,2493.45,,23.08,0,6980,10,True,nid004905,57783804
SINDI,doc_prune=0 query_prune=0 n_cand=10,64,0.9898853868,1.0000,77.5082,8.0978,0.0000,5.449126,5.410598;5.469104;5.452812;5.449036;5.449126,780.677077,1280.94,,23.07,0,6980,10,True,nid004905,57783804
SINDI,doc_prune=0.6 query_prune=0.5 n_cand=1000,64,0.9900286533,1.0000,54.5728,8.1851,0.0000,0.779263,0.779174;0.779263;0.779846;0.780366;0.778969,111.642264,8957.18,,27.38,0,6980,10,True,nid004904,57783803
SINDI,doc_prune=0.6 query_prune=0.5 n_cand=1000,64,0.9900286533,1.0000,53.5121,8.0498,0.0000,0.768008,0.767974;0.768816;0.768008;0.766281;0.770049,110.029799,9088.45,,27.16,0,6980,10,True,nid004908,57783807
SINDI,doc_prune=0.6 query_prune=0.5 n_cand=1000,64,0.9900716332,1.0000,53.2876,8.1487,0.0000,1.034326,1.034326;1.035179;1.033119;1.035849;1.032455,148.184241,6748.36,,24.55,0,6980,10,True,nid004906,57783805
SINDI,doc_prune=0.6 query_prune=0.5 n_cand=1000,64,0.9900859599,1.0000,53.0723,8.0978,0.0000,0.626215,0.626509;0.625995;0.626215;0.626288;0.626136,89.715616,11146.33,,23.08,0,6980,10,True,nid004905,57783804
SINDI,doc_prune=0.6 query_prune=0.3 n_cand=1000,64,0.9903581662,1.0000,54.5728,8.1851,0.0000,0.986527,0.986527;0.988221;0.986527;0.985558;0.987766,141.336246,7075.33,,27.38,0,6980,10,True,nid004904,57783803
SINDI,doc_prune=0.6 query_prune=0.3 n_cand=1000,64,0.9903581662,1.0000,53.2876,8.1487,0.0000,1.314401,1.314401;1.317257;1.314527;1.310456;1.312019,188.309599,5310.40,,24.55,0,6980,10,True,nid004906,57783805
SINDI,doc_prune=0.6 query_prune=0.3 n_cand=1000,64,0.9903581662,1.0000,53.5121,8.0498,0.0000,0.983153,0.986123;0.984081;0.982174;0.983153;0.982163,140.852865,7099.61,,27.16,0,6980,10,True,nid004908,57783807
SINDI,doc_prune=0.6 query_prune=0 n_cand=1000,64,0.9903868195,1.0000,53.5121,8.0498,0.0000,1.317238,1.313359;1.320968;1.318678;1.317238;1.315601,188.716046,5298.97,,27.16,0,6980,10,True,nid004908,57783807
SINDI,doc_prune=0.6 query_prune=0.3 n_cand=1000,64,0.9904154728,1.0000,53.0723,8.0978,0.0000,0.788901,0.789090;0.788901;0.788547;0.787971;0.789949,113.023066,8847.75,,23.08,0,6980,10,True,nid004905,57783804
SINDI,doc_prune=0.6 query_prune=0 n_cand=1000,64,0.9904154728,1.0000,53.2876,8.1487,0.0000,1.744491,1.745099;1.745397;1.742584;1.744491;1.743773,249.927077,4001.17,,24.55,0,6980,10,True,nid004906,57783805
SINDI,doc_prune=0.6 query_prune=0 n_cand=1000,64,0.9904441261,1.0000,54.5728,8.1851,0.0000,1.325299,1.320702;1.326737;1.325299;1.326514;1.324839,189.870917,5266.74,,27.38,0,6980,10,True,nid004904,57783803
SINDI,doc_prune=0.6 query_prune=0.1 n_cand=1000,64,0.9904584527,1.0000,53.2876,8.1487,0.0000,1.588715,1.588643;1.583549;1.591068;1.588715;1.593186,227.609599,4393.49,,24.55,0,6980,10,True,nid004906,57783805
SINDI,doc_prune=0.6 query_prune=0.1 n_cand=1000,64,0.9904727794,1.0000,54.5728,8.1851,0.0000,1.203001,1.203001;1.200199;1.203315;1.201100;1.205612,172.349713,5802.16,,27.38,0,6980,10,True,nid004904,57783803
SINDI,doc_prune=0.6 query_prune=0.1 n_cand=1000,64,0.9904727794,1.0000,53.5121,8.0498,0.0000,1.200038,1.201671;1.197599;1.200524;1.200038;1.198477,171.925215,5816.48,,27.16,0,6980,10,True,nid004908,57783807
SINDI,doc_prune=0.6 query_prune=0.1 n_cand=1000,64,0.9904871060,1.0000,53.0723,8.0978,0.0000,0.955471,0.955471;0.956065;0.954840;0.953931;0.955817,136.886963,7305.30,,23.08,0,6980,10,True,nid004905,57783804
SINDI,doc_prune=0.6 query_prune=0.2 n_cand=1000,64,0.9905014327,1.0000,54.5728,8.1851,0.0000,1.096647,1.093949;1.097123;1.096647;1.096303;1.097153,157.112751,6364.86,,27.38,0,6980,10,True,nid004904,57783803
SINDI,doc_prune=0.6 query_prune=0 n_cand=1000,64,0.9905014327,1.0000,53.0723,8.0978,0.0000,1.043093,1.044214;1.042390;1.041987;1.043093;1.044204,149.440258,6691.64,,23.08,0,6980,10,True,nid004905,57783804
SINDI,doc_prune=0.6 query_prune=0.2 n_cand=1000,64,0.9905014327,1.0000,53.5121,8.0498,0.0000,1.091622,1.089571;1.091622;1.090733;1.095920;1.093847,156.392837,6394.15,,27.16,0,6980,10,True,nid004908,57783807
SINDI,doc_prune=0.6 query_prune=0.2 n_cand=1000,64,0.9905444126,1.0000,53.0723,8.0978,0.0000,0.871732,0.871732;0.873376;0.871665;0.871405;0.872342,124.889971,8007.05,,23.08,0,6980,10,True,nid004905,57783804
SINDI,doc_prune=0.6 query_prune=0.2 n_cand=1000,64,0.9905444126,1.0000,53.2876,8.1487,0.0000,1.460637,1.457580;1.462529;1.460637;1.461986;1.460383,209.260315,4778.74,,24.55,0,6980,10,True,nid004906,57783805
SINDI,doc_prune=0.3 query_prune=0.5 n_cand=50,64,0.9929083095,1.0000,58.4104,8.0978,0.0000,1.262572,1.262161;1.262592;1.262670;1.258620;1.262572,180.884241,5528.40,,23.08,0,6980,10,True,nid004905,57783804
SINDI,doc_prune=0.3 query_prune=0.5 n_cand=50,64,0.9929369628,1.0000,59.3424,8.1487,0.0000,1.825701,1.828571;1.832412;1.825701;1.820357;1.825689,261.561748,3823.19,,24.55,0,6980,10,True,nid004906,57783805
SINDI,doc_prune=0.3 query_prune=0.5 n_cand=50,64,0.9929512894,1.0000,61.5150,8.1851,0.0000,1.618152,1.617032;1.615872;1.619260;1.620010;1.618152,231.826934,4313.56,,27.38,0,6980,10,True,nid004904,57783803
SINDI,doc_prune=0.3 query_prune=0.5 n_cand=50,64,0.9929656160,1.0000,66.8358,8.1156,0.0000,3.623866,3.636932;3.635274;3.606588;3.612146;3.623866,519.178510,1926.12,,30.23,0,6980,10,True,nid004907,57783806
SINDI,doc_prune=0.3 query_prune=0.5 n_cand=50,64,0.9929799427,1.0000,60.3300,8.0498,0.0000,1.534429,1.540898;1.534359;1.544114;1.534429;1.530113,219.832235,4548.92,,27.16,0,6980,10,True,nid004908,57783807
SINDI,doc_prune=0.2 query_prune=0.7 n_cand=50,64,0.9933237822,0.9999,61.3432,8.0978,0.0000,1.011267,1.009581;1.009357;1.011267;1.012744;1.013425,144.880659,6902.23,,23.08,0,6980,10,True,nid004905,57783804
SINDI,doc_prune=0.2 query_prune=0.7 n_cand=50,64,0.9933667622,0.9999,64.3194,8.0498,0.0000,1.223754,1.223754;1.223671;1.226467;1.235367;1.220718,175.322923,5703.76,,27.16,0,6980,10,True,nid004908,57783807
SINDI,doc_prune=0.2 query_prune=0.7 n_cand=50,64,0.9933810888,0.9999,65.3485,8.1851,0.0000,1.256468,1.256468;1.259342;1.255847;1.252355;1.263167,180.009742,5555.25,,27.38,0,6980,10,True,nid004904,57783803
SINDI,doc_prune=0.2 query_prune=0.7 n_cand=50,64,0.9934097421,0.9999,71.0080,8.1156,0.0000,2.416152,2.412873;2.411937;2.423727;2.421304;2.416152,346.153582,2888.89,,30.23,0,6980,10,True,nid004907,57783806
SINDI,doc_prune=0.2 query_prune=0.7 n_cand=50,64,0.9934240688,0.9999,63.0529,8.1487,0.0000,1.341945,1.346501;1.341223;1.341945;1.344242;1.340019,192.255731,5201.41,,24.55,0,6980,10,True,nid004906,57783805
SINDI,doc_prune=0.3 query_prune=0.3 n_cand=50,64,0.9935100287,1.0000,58.4104,8.0978,0.0000,1.698596,1.698596;1.703468;1.694740;1.698993;1.691855,243.351862,4109.28,,23.08,0,6980,10,True,nid004905,57783804
SINDI,doc_prune=0.3 query_prune=0.3 n_cand=50,64,0.9935386819,1.0000,61.5150,8.1851,0.0000,2.091966,2.091966;2.099352;2.092851;2.082772;2.082280,299.708596,3336.57,,27.38,0,6980,10,True,nid004904,57783803
SINDI,doc_prune=0.3 query_prune=0.1 n_cand=50,64,0.9935386819,1.0000,60.3300,8.0498,0.0000,2.302107,2.302107;2.301988;2.312578;2.298850;2.309240,329.814756,3032.01,,27.16,0,6980,10,True,nid004908,57783807
SINDI,doc_prune=0.3 query_prune=0.1 n_cand=50,64,0.9935530086,1.0000,66.8358,8.1156,0.0000,5.860383,5.874860;5.860383;5.846672;5.877195;5.852271,839.596418,1191.05,,30.23,0,6980,10,True,nid004907,57783806
SINDI,doc_prune=0.3 query_prune=0.3 n_cand=50,64,0.9935530086,1.0000,66.8358,8.1156,0.0000,4.792112,4.802538;4.792112;4.789547;4.775446;4.825926,686.548997,1456.56,,30.23,0,6980,10,True,nid004907,57783806
SINDI,doc_prune=0.3 query_prune=0.3 n_cand=50,64,0.9935530086,1.0000,60.3300,8.0498,0.0000,1.939589,1.940398;1.934051;1.954747;1.935593;1.939589,277.878080,3598.70,,27.16,0,6980,10,True,nid004908,57783807
SINDI,doc_prune=0.3 query_prune=0 n_cand=50,64,0.9935673352,1.0000,61.5150,8.1851,0.0000,2.679364,2.677390;2.689152;2.679364;2.671963;2.687630,383.863037,2605.10,,27.38,0,6980,10,True,nid004904,57783803
SINDI,doc_prune=0.3 query_prune=0.3 n_cand=50,64,0.9935673352,1.0000,59.3424,8.1487,0.0000,2.433931,2.445986;2.433931;2.434851;2.431847;2.429578,348.700716,2867.79,,24.55,0,6980,10,True,nid004906,57783805
SINDI,doc_prune=0.3 query_prune=0 n_cand=50,64,0.9935816619,1.0000,59.3424,8.1487,0.0000,3.261616,3.267225;3.255405;3.264848;3.258132;3.261616,467.280229,2140.04,,24.55,0,6980,10,True,nid004906,57783805
SINDI,doc_prune=0.3 query_prune=0.1 n_cand=50,64,0.9935816619,1.0000,59.3424,8.1487,0.0000,2.991905,2.987463;2.992452;2.991905;2.988224;2.997882,428.639685,2332.96,,24.55,0,6980,10,True,nid004906,57783805
SINDI,doc_prune=0.3 query_prune=0.1 n_cand=50,64,0.9935959885,1.0000,61.5150,8.1851,0.0000,2.484158,2.484158;2.480823;2.478512;2.494820;2.490892,355.896562,2809.81,,27.38,0,6980,10,True,nid004904,57783803
SINDI,doc_prune=0.3 query_prune=0 n_cand=50,64,0.9935959885,1.0000,60.3300,8.0498,0.0000,2.503497,2.502506;2.505559;2.495621;2.503497;2.505476,358.667192,2788.10,,27.16,0,6980,10,True,nid004908,57783807
SINDI,doc_prune=0.3 query_prune=0.2 n_cand=50,64,0.9936103152,1.0000,61.5150,8.1851,0.0000,2.301617,2.290126;2.306466;2.301617;2.298087;2.305689,329.744556,3032.65,,27.38,0,6980,10,True,nid004904,57783803
SINDI,doc_prune=0.3 query_prune=0 n_cand=50,64,0.9936103152,1.0000,66.8358,8.1156,0.0000,6.374766,6.388961;6.402075;6.332878;6.374766;6.371809,913.290258,1094.94,,30.23,0,6980,10,True,nid004907,57783806
SINDI,doc_prune=0.3 query_prune=0.2 n_cand=50,64,0.9936103152,1.0000,66.8358,8.1156,0.0000,5.296295,5.296295;5.312903;5.278537;5.299363;5.277028,758.781519,1317.90,,30.23,0,6980,10,True,nid004907,57783806
SINDI,doc_prune=0.3 query_prune=0.2 n_cand=50,64,0.9936246418,1.0000,58.4104,8.0978,0.0000,1.904765,1.903942;1.904765;1.908013;1.906728;1.903461,272.888968,3664.49,,23.08,0,6980,10,True,nid004905,57783804
SINDI,doc_prune=0.3 query_prune=0.2 n_cand=50,64,0.9936246418,1.0000,60.3300,8.0498,0.0000,2.122742,2.130948;2.127529;2.116709;2.122742;2.122160,304.117765,3288.20,,27.16,0,6980,10,True,nid004908,57783807
SINDI,doc_prune=0.3 query_prune=0.2 n_cand=50,64,0.9936389685,1.0000,59.3424,8.1487,0.0000,2.722510,2.727035;2.718173;2.714447;2.722783;2.722510,390.044413,2563.81,,24.55,0,6980,10,True,nid004906,57783805
SINDI,doc_prune=0.3 query_prune=0.1 n_cand=50,64,0.9936819484,1.0000,58.4104,8.0978,0.0000,2.097811,2.097358;2.097811;2.099081;2.099319;2.092428,300.545989,3327.28,,23.08,0,6980,10,True,nid004905,57783804
SINDI,doc_prune=0.3 query_prune=0 n_cand=50,64,0.9937249284,1.0000,58.4104,8.0978,0.0000,2.290470,2.293743;2.284412;2.294766;2.288011;2.290470,328.147564,3047.41,,23.08,0,6980,10,True,nid004905,57783804
SINDI,doc_prune=0.4 query_prune=0.7 n_cand=200,64,0.9949856734,1.0000,58.8358,8.1851,0.0000,0.746345,0.746254;0.746682;0.746345;0.745756;0.747497,106.926218,9352.24,,27.38,0,6980,10,True,nid004904,57783803
SINDI,doc_prune=0.4 query_prune=0.7 n_cand=200,64,0.9949856734,1.0000,56.1978,8.0978,0.0000,0.603033,0.601426;0.602151;0.603828;0.603910;0.603033,86.394413,11574.82,,23.08,0,6980,10,True,nid004905,57783804
SINDI,doc_prune=0.4 query_prune=0.7 n_cand=200,64,0.9949856734,1.0000,57.5599,8.0498,0.0000,0.759048,0.758242;0.759296;0.755994;0.762145;0.759048,108.746132,9195.73,,27.16,0,6980,10,True,nid004908,57783807
SINDI,doc_prune=0.4 query_prune=0.7 n_cand=200,64,0.9950000000,1.0000,57.0267,8.1487,0.0000,0.910510,0.913052;0.910510;0.915498;0.909860;0.908801,130.445559,7666.03,,24.55,0,6980,10,True,nid004906,57783805
SINDI,doc_prune=0.4 query_prune=0.7 n_cand=200,64,0.9950000000,1.0000,63.7468,8.1156,0.0000,2.041359,2.045427;2.034759;2.041359;2.035223;2.041845,292.458309,3419.29,,30.23,0,6980,10,True,nid004907,57783806
SINDI,doc_prune=0 query_prune=0.1 n_cand=10,64,0.9950429799,1.0000,84.4698,8.1487,0.0000,5.833550,5.833550;5.874071;5.780216;5.879878;5.823614,835.752149,1196.53,,24.55,0,6980,10,True,nid004906,57783805
SINDI,doc_prune=0 query_prune=0.1 n_cand=10,64,0.9952292264,1.0000,91.4632,8.1851,0.0000,6.733807,6.733807;6.757274;6.725605;6.699910;6.745160,964.728797,1036.56,,27.38,0,6980,10,True,nid004904,57783803
SINDI,doc_prune=0 query_prune=0.1 n_cand=10,64,0.9952292264,1.0000,96.6554,8.1156,0.0000,8.353579,8.353579;8.374489;8.368184;8.349132;8.351797,1196.787822,835.57,,30.23,0,6980,10,True,nid004907,57783806
SINDI,doc_prune=0 query_prune=0.1 n_cand=10,64,0.9952292264,1.0000,91.1434,8.0498,0.0000,6.646493,6.646493;6.583087;6.648506;6.654534;6.630286,952.219628,1050.18,,27.16,0,6980,10,True,nid004908,57783807
SINDI,doc_prune=0.1 query_prune=0.7 n_cand=50,64,0.9954011461,0.9999,65.8598,8.0978,0.0000,1.258303,1.261890;1.255114;1.258303;1.258084;1.272828,180.272636,5547.15,,23.08,0,6980,10,True,nid004905,57783804
SINDI,doc_prune=0.1 query_prune=0.7 n_cand=50,64,0.9954154728,0.9999,77.9615,8.1156,0.0000,2.490850,2.500662;2.488714;2.482092;2.496567;2.490850,356.855301,2802.26,,30.23,0,6980,10,True,nid004907,57783806
SINDI,doc_prune=0.1 query_prune=0.7 n_cand=50,64,0.9954297994,0.9999,68.8096,8.1487,0.0000,1.521717,1.521717;1.521371;1.529399;1.526533;1.516167,218.011032,4586.92,,24.55,0,6980,10,True,nid004906,57783805
SINDI,doc_prune=0.1 query_prune=0.7 n_cand=50,64,0.9954441261,0.9999,71.9417,8.1851,0.0000,1.572886,1.570552;1.572886;1.583325;1.579102;1.570728,225.341834,4437.70,,27.38,0,6980,10,True,nid004904,57783803
SINDI,doc_prune=0.1 query_prune=0.7 n_cand=50,64,0.9954584527,0.9999,71.1817,8.0498,0.0000,1.563039,1.558730;1.560017;1.563039;1.563074;1.565195,223.931089,4465.66,,27.16,0,6980,10,True,nid004908,57783807
SINDI,doc_prune=0.1 query_prune=0.5 n_cand=20,64,0.9956303725,1.0000,68.8096,8.1487,0.0000,2.469726,2.463509;2.469726;2.464311;2.471119;2.471616,353.828940,2826.22,,24.55,0,6980,10,True,nid004906,57783805
SINDI,doc_prune=0.1 query_prune=0.5 n_cand=20,64,0.9956446991,1.0000,77.9615,8.1156,0.0000,4.245262,4.243092;4.245262;4.227643;4.258204;4.253608,608.203725,1644.19,,30.23,0,6980,10,True,nid004907,57783806
SINDI,doc_prune=0.1 query_prune=0.5 n_cand=20,64,0.9956446991,1.0000,71.1817,8.0498,0.0000,2.459413,2.459413;2.460788;2.455849;2.460016;2.454864,352.351433,2838.08,,27.16,0,6980,10,True,nid004908,57783807
SINDI,doc_prune=0.1 query_prune=0.5 n_cand=20,64,0.9956590258,1.0000,71.9417,8.1851,0.0000,2.506430,2.506430;2.502777;2.505834;2.507832;2.506769,359.087393,2784.84,,27.38,0,6980,10,True,nid004904,57783803
SINDI,doc_prune=0 query_prune=0.7 n_cand=50,64,0.9956876791,0.9999,77.5082,8.0978,0.0000,1.869223,1.868972;1.869878;1.869165;1.869619;1.869223,267.796991,3734.17,,23.08,0,6980,10,True,nid004905,57783804
SINDI,doc_prune=0.1 query_prune=0.5 n_cand=20,64,0.9956876791,1.0000,65.8598,8.0978,0.0000,2.005478,2.002055;2.005478;2.005705;2.003494;2.005775,287.317765,3480.47,,23.08,0,6980,10,True,nid004905,57783804
SINDI,doc_prune=0 query_prune=0.7 n_cand=50,64,0.9957449857,0.9999,91.4632,8.1851,0.0000,2.329089,2.324799;2.329089;2.329243;2.322028;2.331548,333.680372,2996.88,,27.38,0,6980,10,True,nid004904,57783803
SINDI,doc_prune=0 query_prune=0.7 n_cand=50,64,0.9957736390,0.9999,91.1434,8.0498,0.0000,2.252493,2.249903;2.251715;2.254447;2.252493;2.254548,322.706734,3098.79,,27.16,0,6980,10,True,nid004908,57783807
SINDI,doc_prune=0 query_prune=0.7 n_cand=50,64,0.9958022923,0.9999,84.4698,8.1487,0.0000,2.258962,2.259291;2.252609;2.263635;2.252896;2.258962,323.633524,3089.91,,24.55,0,6980,10,True,nid004906,57783805
SINDI,doc_prune=0 query_prune=0.7 n_cand=50,64,0.9958022923,0.9999,96.6554,8.1156,0.0000,3.142155,3.132068;3.136711;3.147882;3.144636;3.142155,450.165473,2221.41,,30.23,0,6980,10,True,nid004907,57783806
SINDI,doc_prune=0.5 query_prune=0.7 n_cand=1000,64,0.9966189112,1.0000,54.5847,8.0978,0.0000,0.562896,0.562327;0.563270;0.562522;0.562896;0.563524,80.644126,12400.16,,23.08,0,6980,10,True,nid004905,57783804
SINDI,doc_prune=0.4 query_prune=0.5 n_cand=200,64,0.9966475645,1.0000,57.0267,8.1487,0.0000,1.458837,1.467418;1.456326;1.459039;1.458837;1.458288,209.002436,4784.63,,24.55,0,6980,10,True,nid004906,57783805
SINDI,doc_prune=0.5 query_prune=0.7 n_cand=1000,64,0.9966475645,1.0000,55.0151,8.1487,0.0000,0.856648,0.857116;0.854076;0.856648;0.856938;0.851079,122.728940,8148.04,,24.55,0,6980,10,True,nid004906,57783805
SINDI,doc_prune=0.4 query_prune=0.5 n_cand=200,64,0.9966618911,1.0000,63.7468,8.1156,0.0000,3.282343,3.282343;3.271571;3.282164;3.282918;3.286002,470.249713,2126.53,,30.23,0,6980,10,True,nid004907,57783806
SINDI,doc_prune=0.5 query_prune=0.7 n_cand=1000,64,0.9966618911,1.0000,61.3069,8.1156,0.0000,1.635782,1.640854;1.637423;1.634511;1.634060;1.635782,234.352722,4267.07,,30.23,0,6980,10,True,nid004907,57783806
SINDI,doc_prune=0.4 query_prune=0.5 n_cand=200,64,0.9966618911,1.0000,57.5599,8.0498,0.0000,1.197700,1.202580;1.197308;1.198783;1.196466;1.197700,171.590258,5827.84,,27.16,0,6980,10,True,nid004908,57783807
SINDI,doc_prune=0.4 query_prune=0.5 n_cand=200,64,0.9966762178,1.0000,58.8358,8.1851,0.0000,1.193966,1.193966;1.189020;1.194733;1.196115;1.192838,171.055301,5846.06,,27.38,0,6980,10,True,nid004904,57783803
SINDI,doc_prune=0.5 query_prune=0.7 n_cand=1000,64,0.9966762178,1.0000,56.6646,8.1851,0.0000,0.667537,0.669202;0.668118;0.667234;0.667083;0.667537,95.635673,10456.35,,27.38,0,6980,10,True,nid004904,57783803
SINDI,doc_prune=0.5 query_prune=0.7 n_cand=1000,64,0.9966762178,1.0000,55.3873,8.0498,0.0000,0.659495,0.658753;0.659495;0.658993;0.660506;0.661730,94.483524,10583.86,,27.16,0,6980,10,True,nid004908,57783807
SINDI,doc_prune=0.4 query_prune=0.5 n_cand=200,64,0.9967191977,1.0000,56.1978,8.0978,0.0000,0.959105,0.959105;0.957398;0.959478;0.959166;0.956892,137.407593,7277.62,,23.08,0,6980,10,True,nid004905,57783804
SINDI,doc_prune=0.6 query_prune=0.7 n_cand=5000,64,0.9967765043,1.0000,53.0723,8.0978,0.0000,1.058844,1.057574;1.055656;1.058844;1.062019;1.061431,151.696848,6592.09,,23.08,0,6980,10,True,nid004905,57783804
SINDI,doc_prune=0.6 query_prune=0.7 n_cand=5000,64,0.9967765043,1.0000,53.2876,8.1487,0.0000,1.546914,1.548327;1.544788;1.544748;1.546914;1.551542,221.620917,4512.21,,24.55,0,6980,10,True,nid004906,57783805
SINDI,doc_prune=0.6 query_prune=0.7 n_cand=5000,64,0.9967908309,1.0000,54.5728,8.1851,0.0000,1.134808,1.130098;1.134808;1.134923;1.135585;1.134327,162.579943,6150.82,,27.38,0,6980,10,True,nid004904,57783803
SINDI,doc_prune=0.6 query_prune=0.7 n_cand=5000,64,0.9968194842,1.0000,53.5121,8.0498,0.0000,1.150665,1.149025;1.148960;1.150665;1.152921;1.154927,164.851719,6066.06,,27.16,0,6980,10,True,nid004908,57783807
SINDI,doc_prune=0.4 query_prune=0.3 n_cand=200,64,0.9968481375,1.0000,56.1978,8.0978,0.0000,1.271706,1.276186;1.271127;1.273366;1.271706;1.271445,182.192837,5488.69,,23.08,0,6980,10,True,nid004905,57783804
SINDI,doc_prune=0.4 query_prune=0.3 n_cand=200,64,0.9968624642,1.0000,63.7468,8.1156,0.0000,4.354760,4.350410;4.355714;4.353202;4.354760;4.359995,623.891117,1602.84,,30.23,0,6980,10,True,nid004907,57783806
SINDI,doc_prune=0.4 query_prune=0.3 n_cand=200,64,0.9968911175,1.0000,58.8358,8.1851,0.0000,1.577802,1.577802;1.577826;1.571227;1.574303;1.579170,226.046132,4423.88,,27.38,0,6980,10,True,nid004904,57783803
SINDI,doc_prune=0.4 query_prune=0.3 n_cand=200,64,0.9968911175,1.0000,57.0267,8.1487,0.0000,1.918042,1.920949;1.916640;1.918042;1.911590;1.926719,274.791117,3639.13,,24.55,0,6980,10,True,nid004906,57783805
SINDI,doc_prune=0.4 query_prune=0.3 n_cand=200,64,0.9969054441,1.0000,57.5599,8.0498,0.0000,1.553274,1.553511;1.551609;1.555109;1.553274;1.549765,222.532092,4493.73,,27.16,0,6980,10,True,nid004908,57783807
SINDI,doc_prune=0.4 query_prune=0 n_cand=200,64,0.9969340974,1.0000,58.8358,8.1851,0.0000,2.111935,2.111935;2.127006;2.115937;2.102002;2.108365,302.569484,3305.03,,27.38,0,6980,10,True,nid004904,57783803
SINDI,doc_prune=0.4 query_prune=0.1 n_cand=200,64,0.9969340974,1.0000,58.8358,8.1851,0.0000,1.936382,1.948233;1.933152;1.936382;1.939744;1.930116,277.418625,3604.66,,27.38,0,6980,10,True,nid004904,57783803
SINDI,doc_prune=0.4 query_prune=0 n_cand=200,64,0.9969340974,1.0000,56.1978,8.0978,0.0000,1.733645,1.732353;1.735491;1.733645;1.735490;1.731151,248.373209,4026.20,,23.08,0,6980,10,True,nid004905,57783804
SINDI,doc_prune=0.4 query_prune=0 n_cand=200,64,0.9969340974,1.0000,63.7468,8.1156,0.0000,5.726743,5.726743;5.728633;5.691445;5.748561;5.723739,820.450287,1218.84,,30.23,0,6980,10,True,nid004907,57783806
SINDI,doc_prune=0.4 query_prune=0.1 n_cand=200,64,0.9969340974,1.0000,57.5599,8.0498,0.0000,1.873975,1.873996;1.869739;1.871114;1.873975;1.875471,268.477794,3724.70,,27.16,0,6980,10,True,nid004908,57783807
SINDI,doc_prune=0.4 query_prune=0.2 n_cand=200,64,0.9969627507,1.0000,58.8358,8.1851,0.0000,1.762604,1.763535;1.761079;1.764319;1.762604;1.760526,252.522063,3960.05,,27.38,0,6980,10,True,nid004904,57783803
SINDI,doc_prune=0.4 query_prune=0.1 n_cand=200,64,0.9969627507,1.0000,56.1978,8.0978,0.0000,1.572803,1.571556;1.570228;1.573696;1.572803;1.575549,225.329943,4437.94,,23.08,0,6980,10,True,nid004905,57783804
SINDI,doc_prune=0.4 query_prune=0.2 n_cand=200,64,0.9969627507,1.0000,56.1978,8.0978,0.0000,1.425990,1.425611;1.428716;1.425620;1.425990;1.428622,204.296562,4894.84,,23.08,0,6980,10,True,nid004905,57783804
SINDI,doc_prune=0.4 query_prune=0.2 n_cand=200,64,0.9969627507,1.0000,57.0267,8.1487,0.0000,2.149265,2.148615;2.153519;2.149265;2.148681;2.153968,307.917622,3247.62,,24.55,0,6980,10,True,nid004906,57783805
SINDI,doc_prune=0.4 query_prune=0.2 n_cand=200,64,0.9969627507,1.0000,63.7468,8.1156,0.0000,4.841446,4.843334;4.841446;4.826482;4.849410;4.831336,693.616905,1441.72,,30.23,0,6980,10,True,nid004907,57783806
SINDI,doc_prune=0.4 query_prune=0 n_cand=200,64,0.9969627507,1.0000,57.5599,8.0498,0.0000,2.035222,2.032420;2.035222;2.032950;2.035476;2.038520,291.579083,3429.60,,27.16,0,6980,10,True,nid004908,57783807
SINDI,doc_prune=0.4 query_prune=0.2 n_cand=200,64,0.9969627507,1.0000,57.5599,8.0498,0.0000,1.717453,1.717453;1.722204;1.715387;1.720045;1.717069,246.053438,4064.16,,27.16,0,6980,10,True,nid004908,57783807
SINDI,doc_prune=0.4 query_prune=0 n_cand=200,64,0.9969770774,1.0000,57.0267,8.1487,0.0000,2.563494,2.563807;2.570333;2.562952;2.563494;2.559917,367.262751,2722.85,,24.55,0,6980,10,True,nid004906,57783805
SINDI,doc_prune=0.4 query_prune=0.1 n_cand=200,64,0.9969770774,1.0000,57.0267,8.1487,0.0000,2.347985,2.347851;2.352203;2.347537;2.359183;2.347985,336.387536,2972.76,,24.55,0,6980,10,True,nid004906,57783805
SINDI,doc_prune=0.4 query_prune=0.1 n_cand=200,64,0.9969914040,1.0000,63.7468,8.1156,0.0000,5.288664,5.261216;5.288664;5.282953;5.298697;5.290057,757.688252,1319.80,,30.23,0,6980,10,True,nid004907,57783806
SINDI,doc_prune=0.6 query_prune=0.5 n_cand=5000,64,0.9971489971,1.0000,53.0723,8.0978,0.0000,1.226809,1.225512;1.226809;1.226437;1.228935;1.228785,175.760602,5689.56,,23.08,0,6980,10,True,nid004905,57783804
SINDI,doc_prune=0.6 query_prune=0.5 n_cand=5000,64,0.9971919771,1.0000,54.5728,8.1851,0.0000,1.348018,1.344136;1.346749;1.351183;1.349093;1.348018,193.125788,5177.97,,27.38,0,6980,10,True,nid004904,57783803
SINDI,doc_prune=0.6 query_prune=0.5 n_cand=5000,64,0.9971919771,1.0000,53.2876,8.1487,0.0000,1.846139,1.848354;1.844990;1.841853;1.848907;1.846139,264.489828,3780.86,,24.55,0,6980,10,True,nid004906,57783805
SINDI,doc_prune=0.6 query_prune=0.5 n_cand=5000,64,0.9971919771,1.0000,53.5121,8.0498,0.0000,1.372931,1.372931;1.369490;1.370788;1.373931;1.373636,196.694986,5084.01,,27.16,0,6980,10,True,nid004908,57783807
SINDI,doc_prune=0.6 query_prune=0.1 n_cand=5000,64,0.9973065903,1.0000,53.5121,8.0498,0.0000,1.770786,1.770786;1.774554;1.772444;1.768667;1.767910,253.694269,3941.75,,27.16,0,6980,10,True,nid004908,57783807
SINDI,doc_prune=0.6 query_prune=0 n_cand=5000,64,0.9973209169,1.0000,53.2876,8.1487,0.0000,2.505893,2.506489;2.507496;2.505893;2.500952;2.502065,359.010458,2785.43,,24.55,0,6980,10,True,nid004906,57783805
SINDI,doc_prune=0.6 query_prune=0.1 n_cand=5000,64,0.9973209169,1.0000,53.2876,8.1487,0.0000,2.363331,2.361850;2.365011;2.363331;2.364153;2.360674,338.586103,2953.46,,24.55,0,6980,10,True,nid004906,57783805
SINDI,doc_prune=0.6 query_prune=0.3 n_cand=5000,64,0.9973209169,1.0000,53.2876,8.1487,0.0000,2.114205,2.117227;2.114662;2.114205;2.112423;2.112822,302.894699,3301.48,,24.55,0,6980,10,True,nid004906,57783805
SINDI,doc_prune=0.6 query_prune=0 n_cand=5000,64,0.9973209169,1.0000,53.5121,8.0498,0.0000,1.879860,1.882514;1.877382;1.879860;1.879582;1.880359,269.320917,3713.04,,27.16,0,6980,10,True,nid004908,57783807
SINDI,doc_prune=0.6 query_prune=0.3 n_cand=5000,64,0.9973209169,1.0000,53.5121,8.0498,0.0000,1.575103,1.572278;1.575118;1.575103;1.573632;1.577284,225.659456,4431.46,,27.16,0,6980,10,True,nid004908,57783807
SINDI,doc_prune=0.6 query_prune=0 n_cand=5000,64,0.9973352436,1.0000,54.5728,8.1851,0.0000,1.867731,1.867731;1.870564;1.869240;1.865402;1.860137,267.583238,3737.15,,27.38,0,6980,10,True,nid004904,57783803
SINDI,doc_prune=0.6 query_prune=0.3 n_cand=5000,64,0.9973352436,1.0000,54.5728,8.1851,0.0000,1.550176,1.546503;1.552208;1.550176;1.549339;1.550875,222.088252,4502.71,,27.38,0,6980,10,True,nid004904,57783803
SINDI,doc_prune=0.6 query_prune=0.1 n_cand=5000,64,0.9973495702,1.0000,54.5728,8.1851,0.0000,1.756178,1.755658;1.756597;1.760688;1.756178;1.754995,251.601433,3974.54,,27.38,0,6980,10,True,nid004904,57783803
SINDI,doc_prune=0.6 query_prune=0.1 n_cand=5000,64,0.9973495702,1.0000,53.0723,8.0978,0.0000,1.541774,1.543374;1.541774;1.543004;1.540281;1.540700,220.884527,4527.25,,23.08,0,6980,10,True,nid004905,57783804
SINDI,doc_prune=0.6 query_prune=0.2 n_cand=5000,64,0.9973495702,1.0000,53.5121,8.0498,0.0000,1.673875,1.673875;1.674686;1.670747;1.671286;1.674860,239.810172,4169.96,,27.16,0,6980,10,True,nid004908,57783807
SINDI,doc_prune=0.6 query_prune=0.2 n_cand=5000,64,0.9973638968,1.0000,54.5728,8.1851,0.0000,1.654283,1.649568;1.654283;1.654395;1.655600;1.653042,237.003295,4219.35,,27.38,0,6980,10,True,nid004904,57783803
SINDI,doc_prune=0.6 query_prune=0 n_cand=5000,64,0.9973638968,1.0000,53.0723,8.0978,0.0000,1.632123,1.635135;1.632123;1.634228;1.629963;1.630616,233.828510,4276.64,,23.08,0,6980,10,True,nid004905,57783804
SINDI,doc_prune=0.6 query_prune=0.3 n_cand=5000,64,0.9973638968,1.0000,53.0723,8.0978,0.0000,1.380154,1.382301;1.380154;1.379573;1.382834;1.379376,197.729799,5057.41,,23.08,0,6980,10,True,nid004905,57783804
SINDI,doc_prune=0.6 query_prune=0.2 n_cand=5000,64,0.9973925501,1.0000,53.2876,8.1487,0.0000,2.245685,2.241538;2.245917;2.247589;2.244886;2.245685,321.731375,3108.18,,24.55,0,6980,10,True,nid004906,57783805
SINDI,doc_prune=0.6 query_prune=0.2 n_cand=5000,64,0.9974068768,1.0000,53.0723,8.0978,0.0000,1.460749,1.460749;1.460159;1.461625;1.460397;1.463149,209.276361,4778.37,,23.08,0,6980,10,True,nid004905,57783804
SINDI,doc_prune=0.5 query_prune=0.5 n_cand=1000,64,0.9974498567,1.0000,61.3069,8.1156,0.0000,2.559341,2.551212;2.565312;2.557214;2.565887;2.559341,366.667765,2727.26,,30.23,0,6980,10,True,nid004907,57783806
SINDI,doc_prune=0.5 query_prune=0.5 n_cand=1000,64,0.9974785100,1.0000,54.5847,8.0978,0.0000,0.816304,0.816204;0.816304;0.819466;0.814663;0.816992,116.948997,8550.74,,23.08,0,6980,10,True,nid004905,57783804
SINDI,doc_prune=0.5 query_prune=0.5 n_cand=1000,64,0.9974928367,1.0000,55.0151,8.1487,0.0000,1.252909,1.250289;1.255715;1.249166;1.252909;1.253413,179.499857,5571.04,,24.55,0,6980,10,True,nid004906,57783805
SINDI,doc_prune=0.5 query_prune=0.1 n_cand=1000,64,0.9974928367,1.0000,61.3069,8.1156,0.0000,4.072266,4.069152;4.065924;4.081774;4.093565;4.072266,583.419198,1714.03,,30.23,0,6980,10,True,nid004907,57783806
SINDI,doc_prune=0.5 query_prune=0.5 n_cand=1000,64,0.9975071633,1.0000,56.6646,8.1851,0.0000,1.004661,1.001901;1.001616;1.005792;1.004769;1.004661,143.934241,6947.62,,27.38,0,6980,10,True,nid004904,57783803
SINDI,doc_prune=0.5 query_prune=0 n_cand=1000,64,0.9975071633,1.0000,55.3873,8.0498,0.0000,1.659742,1.653020;1.660366;1.666963;1.650901;1.659742,237.785387,4205.47,,27.16,0,6980,10,True,nid004908,57783807
SINDI,doc_prune=0.5 query_prune=0 n_cand=1000,64,0.9975214900,1.0000,61.3069,8.1156,0.0000,4.507361,4.511030;4.507361;4.507705;4.493703;4.497587,645.753725,1548.58,,30.23,0,6980,10,True,nid004907,57783806
SINDI,doc_prune=0.5 query_prune=0.3 n_cand=1000,64,0.9975214900,1.0000,61.3069,8.1156,0.0000,3.405685,3.392293;3.399523;3.407791;3.416807;3.405685,487.920487,2049.51,,30.23,0,6980,10,True,nid004907,57783806
SINDI,doc_prune=0.5 query_prune=0 n_cand=1000,64,0.9975358166,1.0000,54.5847,8.0978,0.0000,1.395324,1.395324;1.396896;1.392878;1.396900;1.395267,199.903152,5002.42,,23.08,0,6980,10,True,nid004905,57783804
SINDI,doc_prune=0.5 query_prune=0.1 n_cand=1000,64,0.9975358166,1.0000,55.0151,8.1487,0.0000,1.942724,1.942724;1.944214;1.937637;1.945095;1.938386,278.327221,3592.89,,24.55,0,6980,10,True,nid004906,57783805
SINDI,doc_prune=0.5 query_prune=0.2 n_cand=1000,64,0.9975358166,1.0000,61.3069,8.1156,0.0000,3.733439,3.703727;3.713482;3.739502;3.733439;3.739725,534.876648,1869.59,,30.23,0,6980,10,True,nid004907,57783806
SINDI,doc_prune=0.5 query_prune=0.1 n_cand=1000,64,0.9975358166,1.0000,55.3873,8.0498,0.0000,1.523171,1.527846;1.521906;1.523171;1.527264;1.522462,218.219341,4582.55,,27.16,0,6980,10,True,nid004908,57783807
SINDI,doc_prune=0.5 query_prune=0.3 n_cand=1000,64,0.9975358166,1.0000,55.3873,8.0498,0.0000,1.254378,1.253570;1.253874;1.258162;1.254378;1.261175,179.710315,5564.51,,27.16,0,6980,10,True,nid004908,57783807
SINDI,doc_prune=0.5 query_prune=0 n_cand=1000,64,0.9975501433,1.0000,56.6646,8.1851,0.0000,1.721225,1.712290;1.724621;1.726881;1.720918;1.721225,246.593840,4055.25,,27.38,0,6980,10,True,nid004904,57783803
SINDI,doc_prune=0.5 query_prune=0.1 n_cand=1000,64,0.9975501433,1.0000,56.6646,8.1851,0.0000,1.565281,1.567892;1.564106;1.571894;1.565281;1.565189,224.252292,4459.26,,27.38,0,6980,10,True,nid004904,57783803
SINDI,doc_prune=0.5 query_prune=0.1 n_cand=1000,64,0.9975501433,1.0000,54.5847,8.0978,0.0000,1.276471,1.276106;1.276471;1.277743;1.276353;1.277272,182.875501,5468.20,,23.08,0,6980,10,True,nid004905,57783804
SINDI,doc_prune=0.5 query_prune=0 n_cand=1000,64,0.9975501433,1.0000,55.0151,8.1487,0.0000,2.121373,2.126597;2.118917;2.121373;2.120090;2.129989,303.921633,3290.32,,24.55,0,6980,10,True,nid004906,57783805
SINDI,doc_prune=0.5 query_prune=0.3 n_cand=1000,64,0.9975501433,1.0000,55.0151,8.1487,0.0000,1.614552,1.612473;1.616114;1.621040;1.612824;1.614552,231.311175,4323.18,,24.55,0,6980,10,True,nid004906,57783805
SINDI,doc_prune=0.5 query_prune=0.2 n_cand=1000,64,0.9975501433,1.0000,55.3873,8.0498,0.0000,1.384687,1.388347;1.384687;1.384452;1.385783;1.382822,198.379226,5040.85,,27.16,0,6980,10,True,nid004908,57783807
SINDI,doc_prune=0.5 query_prune=0.5 n_cand=1000,64,0.9975501433,1.0000,55.3873,8.0498,0.0000,0.978092,0.977216;0.977553;0.978992;0.978092;0.978741,140.127794,7136.34,,27.16,0,6980,10,True,nid004908,57783807
SINDI,doc_prune=0.5 query_prune=0.3 n_cand=1000,64,0.9975644699,1.0000,56.6646,8.1851,0.0000,1.285641,1.287132;1.283913;1.285641;1.285999;1.285051,184.189255,5429.20,,27.38,0,6980,10,True,nid004904,57783803
SINDI,doc_prune=0.5 query_prune=0.3 n_cand=1000,64,0.9975644699,1.0000,54.5847,8.0978,0.0000,1.049531,1.048221;1.050759;1.047946;1.049645;1.049531,150.362607,6650.59,,23.08,0,6980,10,True,nid004905,57783804
SINDI,doc_prune=0.5 query_prune=0.2 n_cand=1000,64,0.9975787966,1.0000,56.6646,8.1851,0.0000,1.427621,1.430328;1.426112;1.427621;1.421165;1.433935,204.530229,4889.25,,27.38,0,6980,10,True,nid004904,57783803
SINDI,doc_prune=0.5 query_prune=0.2 n_cand=1000,64,0.9975787966,1.0000,54.5847,8.0978,0.0000,1.165201,1.165146;1.163567;1.165201;1.165430;1.166305,166.934241,5990.38,,23.08,0,6980,10,True,nid004905,57783804
SINDI,doc_prune=0.5 query_prune=0.2 n_cand=1000,64,0.9975787966,1.0000,55.0151,8.1487,0.0000,1.778169,1.776126;1.780521;1.778169;1.781293;1.777271,254.752006,3925.39,,24.55,0,6980,10,True,nid004906,57783805
SINDI,doc_prune=0 query_prune=0.5 n_cand=20,64,0.9976074499,1.0000,77.5082,8.0978,0.0000,3.342055,3.342055;3.339698;3.342521;3.340071;3.343131,478.804441,2088.54,,23.08,0,6980,10,True,nid004905,57783804
SINDI,doc_prune=0 query_prune=0.5 n_cand=20,64,0.9976790831,1.0000,84.4698,8.1487,0.0000,3.942482,3.938361;3.941236;3.942482;3.945837;3.948147,564.825501,1770.46,,24.55,0,6980,10,True,nid004906,57783805
SINDI,doc_prune=0 query_prune=0.5 n_cand=20,64,0.9976934097,1.0000,96.6554,8.1156,0.0000,5.398215,5.399699;5.390310;5.401870;5.395902;5.398215,773.383238,1293.02,,30.23,0,6980,10,True,nid004907,57783806
SINDI,doc_prune=0 query_prune=0.5 n_cand=20,64,0.9976934097,1.0000,91.1434,8.0498,0.0000,4.017094,4.013557;4.018820;4.020502;4.017094;4.015258,575.514900,1737.57,,27.16,0,6980,10,True,nid004908,57783807
SINDI,doc_prune=0 query_prune=0.5 n_cand=20,64,0.9977077364,1.0000,91.4632,8.1851,0.0000,4.120799,4.120096;4.114314;4.120799;4.122290;4.121808,590.372350,1693.85,,27.38,0,6980,10,True,nid004904,57783803
SINDI,doc_prune=0.3 query_prune=0.7 n_cand=200,64,0.9982951289,1.0000,61.5150,8.1851,0.0000,1.019370,1.018375;1.022521;1.019370;1.018942;1.025838,146.041547,6847.37,,27.38,0,6980,10,True,nid004904,57783803
SINDI,doc_prune=0.3 query_prune=0.7 n_cand=200,64,0.9982951289,1.0000,60.3300,8.0498,0.0000,0.981458,0.981458;0.978034;0.989875;0.978552;0.985534,140.610029,7111.87,,27.16,0,6980,10,True,nid004908,57783807
SINDI,doc_prune=0.3 query_prune=0.7 n_cand=200,64,0.9983381089,1.0000,58.4104,8.0978,0.0000,0.785509,0.780573;0.785909;0.785509;0.786448;0.781276,112.537106,8885.96,,23.08,0,6980,10,True,nid004905,57783804
SINDI,doc_prune=0.3 query_prune=0.7 n_cand=200,64,0.9983381089,1.0000,59.3424,8.1487,0.0000,1.124936,1.124773;1.127451;1.124936;1.125533;1.122808,161.165616,6204.80,,24.55,0,6980,10,True,nid004906,57783805
SINDI,doc_prune=0.3 query_prune=0.7 n_cand=200,64,0.9983524355,1.0000,66.8358,8.1156,0.0000,2.246273,2.245834;2.246273;2.251780;2.255012;2.229800,321.815616,3107.37,,30.23,0,6980,10,True,nid004907,57783806
SINDI,doc_prune=0.1 query_prune=0.3 n_cand=20,64,0.9985530086,1.0000,71.9417,8.1851,0.0000,3.341185,3.341841;3.338830;3.341513;3.341185;3.339684,478.679799,2089.08,,27.38,0,6980,10,True,nid004904,57783803
SINDI,doc_prune=0.1 query_prune=0.3 n_cand=20,64,0.9985530086,1.0000,68.8096,8.1487,0.0000,3.269630,3.260657;3.259289;3.269722;3.270190;3.269630,468.428367,2134.80,,24.55,0,6980,10,True,nid004906,57783805
SINDI,doc_prune=0.1 query_prune=0.3 n_cand=20,64,0.9985530086,1.0000,71.1817,8.0498,0.0000,3.296190,3.295036;3.295986;3.296190;3.296230;3.302183,472.233524,2117.60,,27.16,0,6980,10,True,nid004908,57783807
SINDI,doc_prune=0.1 query_prune=0.3 n_cand=20,64,0.9985816619,1.0000,65.8598,8.0978,0.0000,2.699084,2.697607;2.699143;2.699084;2.698697;2.699772,386.688252,2586.06,,23.08,0,6980,10,True,nid004905,57783804
SINDI,doc_prune=0.1 query_prune=0.3 n_cand=20,64,0.9985816619,1.0000,77.9615,8.1156,0.0000,5.665614,5.663931;5.665614;5.638224;5.699969;5.709921,811.692550,1231.99,,30.23,0,6980,10,True,nid004907,57783806
SINDI,doc_prune=0.1 query_prune=0.2 n_cand=20,64,0.9986819484,1.0000,65.8598,8.0978,0.0000,3.051999,3.051137;3.051103;3.051999;3.052108;3.052454,437.249140,2287.03,,23.08,0,6980,10,True,nid004905,57783804
SINDI,doc_prune=0.1 query_prune=0.2 n_cand=20,64,0.9986819484,1.0000,77.9615,8.1156,0.0000,6.247363,6.198593;6.250253;6.233230;6.247363;6.249071,895.037679,1117.27,,30.23,0,6980,10,True,nid004907,57783806
SINDI,doc_prune=0.1 query_prune=0.2 n_cand=20,64,0.9986962751,1.0000,68.8096,8.1487,0.0000,3.637337,3.636981;3.631074;3.637337;3.650493;3.638727,521.108453,1918.99,,24.55,0,6980,10,True,nid004906,57783805
SINDI,doc_prune=0.1 query_prune=0.2 n_cand=20,64,0.9986962751,1.0000,71.1817,8.0498,0.0000,3.724932,3.724481;3.730446;3.724932;3.727216;3.722644,533.657880,1873.86,,27.16,0,6980,10,True,nid004908,57783807
SINDI,doc_prune=0.1 query_prune=0.2 n_cand=20,64,0.9987106017,1.0000,71.9417,8.1851,0.0000,3.768737,3.770870;3.763361;3.768737;3.766281;3.769851,539.933668,1852.08,,27.38,0,6980,10,True,nid004904,57783803
SINDI,doc_prune=0.2 query_prune=0.5 n_cand=50,64,0.9987392550,1.0000,61.3432,8.0978,0.0000,1.693378,1.695242;1.698175;1.690922;1.690490;1.693378,242.604298,4121.94,,23.08,0,6980,10,True,nid004905,57783804
SINDI,doc_prune=0.2 query_prune=0.5 n_cand=50,64,0.9987392550,1.0000,63.0529,8.1487,0.0000,2.185040,2.196586;2.185040;2.189512;2.178747;2.178661,313.042980,3194.45,,24.55,0,6980,10,True,nid004906,57783805
SINDI,doc_prune=0.2 query_prune=0.5 n_cand=50,64,0.9987535817,1.0000,65.3485,8.1851,0.0000,1.984220,1.984220;1.985190;1.991986;1.980713;1.984088,284.272206,3517.76,,27.38,0,6980,10,True,nid004904,57783803
SINDI,doc_prune=0.2 query_prune=0.5 n_cand=50,64,0.9987679083,1.0000,71.0080,8.1156,0.0000,4.031223,4.013688;4.036374;4.018621;4.031223;4.041337,577.539112,1731.48,,30.23,0,6980,10,True,nid004907,57783806
SINDI,doc_prune=0.2 query_prune=0.5 n_cand=50,64,0.9987679083,1.0000,64.3194,8.0498,0.0000,1.899603,1.900559;1.899328;1.896515;1.899603;1.900044,272.149427,3674.45,,27.16,0,6980,10,True,nid004908,57783807
SINDI,doc_prune=0.1 query_prune=0.1 n_cand=20,64,0.9987965616,1.0000,68.8096,8.1487,0.0000,3.970327,3.958913;3.952564;3.970327;3.984551;3.970530,568.814756,1758.04,,24.55,0,6980,10,True,nid004906,57783805
SINDI,doc_prune=0.1 query_prune=0.1 n_cand=20,64,0.9988252149,1.0000,71.9417,8.1851,0.0000,4.084124,4.072959;4.084124;4.072605;4.100115;4.094289,585.118052,1709.06,,27.38,0,6980,10,True,nid004904,57783803
SINDI,doc_prune=0.1 query_prune=0 n_cand=20,64,0.9988252149,1.0000,65.8598,8.0978,0.0000,3.570107,3.577393;3.569837;3.580600;3.564011;3.570107,511.476648,1955.12,,23.08,0,6980,10,True,nid004905,57783804
SINDI,doc_prune=0.1 query_prune=0.1 n_cand=20,64,0.9988252149,1.0000,77.9615,8.1156,0.0000,6.493703,6.493703;6.495823;6.490383;6.464344;6.531933,930.329943,1074.89,,30.23,0,6980,10,True,nid004907,57783806
SINDI,doc_prune=0.1 query_prune=0.1 n_cand=20,64,0.9988252149,1.0000,71.1817,8.0498,0.0000,4.108467,4.090569;4.114043;4.102323;4.108467;4.118215,588.605587,1698.93,,27.16,0,6980,10,True,nid004908,57783807
SINDI,doc_prune=0.1 query_prune=0 n_cand=20,64,0.9988538682,1.0000,68.8096,8.1487,0.0000,4.309234,4.322707;4.286365;4.273644;4.324349;4.309234,617.368768,1619.78,,24.55,0,6980,10,True,nid004906,57783805
SINDI,doc_prune=0.1 query_prune=0 n_cand=20,64,0.9988681948,1.0000,71.9417,8.1851,0.0000,4.466408,4.466397;4.489335;4.485122;4.466408;4.452355,639.886533,1562.78,,27.38,0,6980,10,True,nid004904,57783803
SINDI,doc_prune=0.1 query_prune=0 n_cand=20,64,0.9988681948,1.0000,77.9615,8.1156,0.0000,6.829719,6.829719;6.807234;6.842585;6.822806;6.856546,978.469771,1022.00,,30.23,0,6980,10,True,nid004907,57783806
SINDI,doc_prune=0.1 query_prune=0 n_cand=20,64,0.9988681948,1.0000,71.1817,8.0498,0.0000,4.498751,4.498751;4.469296;4.469828;4.539452;4.518757,644.520201,1551.54,,27.16,0,6980,10,True,nid004908,57783807
SINDI,doc_prune=0.1 query_prune=0.1 n_cand=20,64,0.9988968481,1.0000,65.8598,8.0978,0.0000,3.277719,3.280347;3.277006;3.261817;3.277719;3.286952,469.587249,2129.53,,23.08,0,6980,10,True,nid004905,57783804
SINDI,doc_prune=0 query_prune=0 n_cand=10,64,0.9989828080,1.0000,84.4698,8.1487,0.0000,6.398291,6.388073;6.425569;6.403114;6.398291;6.397848,916.660602,1090.92,,24.55,0,6980,10,True,nid004906,57783805
SINDI,doc_prune=0.2 query_prune=0.3 n_cand=50,64,0.9990114613,1.0000,64.3194,8.0498,0.0000,2.439045,2.439045;2.438752;2.440315;2.445128;2.438758,349.433381,2861.78,,27.16,0,6980,10,True,nid004908,57783807
SINDI,doc_prune=0.2 query_prune=0.1 n_cand=50,64,0.9990257880,1.0000,61.3432,8.0978,0.0000,2.631615,2.594634;2.631615;2.625709;2.644805;2.638528,377.022206,2652.36,,23.08,0,6980,10,True,nid004905,57783804
SINDI,doc_prune=0.2 query_prune=0.3 n_cand=50,64,0.9990257880,1.0000,63.0529,8.1487,0.0000,2.821835,2.816380;2.821835;2.825885;2.816114;2.830660,404.274355,2473.57,,24.55,0,6980,10,True,nid004906,57783805
SINDI,doc_prune=0.2 query_prune=0.3 n_cand=50,64,0.9990401146,1.0000,61.3432,8.0978,0.0000,2.228451,2.228451;2.228859;2.231212;2.226261;2.219582,319.262321,3132.22,,23.08,0,6980,10,True,nid004905,57783804
SINDI,doc_prune=0.2 query_prune=0 n_cand=50,64,0.9990544413,1.0000,61.3432,8.0978,0.0000,2.794989,2.799709;2.806635;2.792979;2.788575;2.794989,400.428223,2497.33,,23.08,0,6980,10,True,nid004905,57783804
SINDI,doc_prune=0.2 query_prune=0.1 n_cand=50,64,0.9990544413,1.0000,64.3194,8.0498,0.0000,2.986239,2.987436;2.989122;2.984411;2.978929;2.986239,427.827937,2337.39,,27.16,0,6980,10,True,nid004908,57783807
SINDI,doc_prune=0.2 query_prune=0.2 n_cand=50,64,0.9990687679,1.0000,71.0080,8.1156,0.0000,5.826001,5.826001;5.835561;5.824353;5.858946;5.816165,834.670630,1198.08,,30.23,0,6980,10,True,nid004907,57783806
SINDI,doc_prune=0.2 query_prune=0.3 n_cand=50,64,0.9990687679,1.0000,71.0080,8.1156,0.0000,5.295894,5.280713;5.267309;5.298846;5.315356;5.295894,758.724069,1318.00,,30.23,0,6980,10,True,nid004907,57783806
SINDI,doc_prune=0.2 query_prune=0 n_cand=50,64,0.9990830946,1.0000,65.3485,8.1851,0.0000,3.386396,3.393910;3.386396;3.384522;3.381326;3.390885,485.157020,2061.19,,27.38,0,6980,10,True,nid004904,57783803
SINDI,doc_prune=0.2 query_prune=0.3 n_cand=50,64,0.9990830946,1.0000,65.3485,8.1851,0.0000,2.545232,2.545930;2.548629;2.545232;2.539916;2.539405,364.646418,2742.38,,27.38,0,6980,10,True,nid004904,57783803
SINDI,doc_prune=0.2 query_prune=0.2 n_cand=50,64,0.9990830946,1.0000,61.3432,8.0978,0.0000,2.451205,2.435697;2.462232;2.451205;2.447842;2.457223,351.175501,2847.58,,23.08,0,6980,10,True,nid004905,57783804
SINDI,doc_prune=0.2 query_prune=0.2 n_cand=50,64,0.9990830946,1.0000,63.0529,8.1487,0.0000,3.083818,3.083818;3.080935;3.076727;3.088588;3.093272,441.807736,2263.43,,24.55,0,6980,10,True,nid004906,57783805
SINDI,doc_prune=0.2 query_prune=0.7 n_cand=200,64,0.9990830946,1.0000,63.0529,8.1487,0.0000,1.366731,1.372283;1.366731;1.363721;1.374755;1.365252,195.806734,5107.08,,24.55,0,6980,10,True,nid004906,57783805
SINDI,doc_prune=0.2 query_prune=0.1 n_cand=50,64,0.9990974212,1.0000,65.3485,8.1851,0.0000,3.097439,3.097439;3.091803;3.098802;3.101843;3.092896,443.759169,2253.47,,27.38,0,6980,10,True,nid004904,57783803
SINDI,doc_prune=0.2 query_prune=0.2 n_cand=50,64,0.9990974212,1.0000,65.3485,8.1851,0.0000,2.826659,2.828586;2.827570;2.825180;2.823411;2.826659,404.965473,2469.35,,27.38,0,6980,10,True,nid004904,57783803
SINDI,doc_prune=0.2 query_prune=0.1 n_cand=50,64,0.9990974212,1.0000,63.0529,8.1487,0.0000,3.329693,3.322666;3.326620;3.340332;3.335445;3.329693,477.033381,2096.29,,24.55,0,6980,10,True,nid004906,57783805
SINDI,doc_prune=0.2 query_prune=0.7 n_cand=200,64,0.9991117479,1.0000,61.3432,8.0978,0.0000,1.034445,1.033066;1.034445;1.038640;1.033776;1.034750,148.201289,6747.58,,23.08,0,6980,10,True,nid004905,57783804
SINDI,doc_prune=0.2 query_prune=0 n_cand=50,64,0.9991117479,1.0000,64.3194,8.0498,0.0000,3.277097,3.275896;3.278507;3.280207;3.277097;3.275154,469.498138,2129.93,,27.16,0,6980,10,True,nid004908,57783807
SINDI,doc_prune=0.2 query_prune=0 n_cand=50,64,0.9991260745,1.0000,63.0529,8.1487,0.0000,3.588789,3.588789;3.587513;3.588597;3.599314;3.601063,514.153152,1944.95,,24.55,0,6980,10,True,nid004906,57783805
SINDI,doc_prune=0.2 query_prune=0 n_cand=50,64,0.9991260745,1.0000,71.0080,8.1156,0.0000,6.704614,6.704614;6.725467;6.715142;6.701753;6.670842,960.546418,1041.07,,30.23,0,6980,10,True,nid004907,57783806
SINDI,doc_prune=0.2 query_prune=0.1 n_cand=50,64,0.9991260745,1.0000,71.0080,8.1156,0.0000,6.221857,6.196424;6.192194;6.221857;6.237826;6.223556,891.383524,1121.85,,30.23,0,6980,10,True,nid004907,57783806
SINDI,doc_prune=0.2 query_prune=0.2 n_cand=50,64,0.9991260745,1.0000,64.3194,8.0498,0.0000,2.720945,2.720945;2.721278;2.727255;2.716552;2.713274,389.820201,2565.29,,27.16,0,6980,10,True,nid004908,57783807
SINDI,doc_prune=0.2 query_prune=0.7 n_cand=200,64,0.9991404011,1.0000,64.3194,8.0498,0.0000,1.249493,1.251294;1.245717;1.253434;1.242282;1.249493,179.010458,5586.27,,27.16,0,6980,10,True,nid004908,57783807
SINDI,doc_prune=0.2 query_prune=0.7 n_cand=200,64,0.9991547278,1.0000,65.3485,8.1851,0.0000,1.278942,1.280865;1.276818;1.280370;1.278942;1.278828,183.229513,5457.64,,27.38,0,6980,10,True,nid004904,57783803
SINDI,doc_prune=0.2 query_prune=0.7 n_cand=200,64,0.9991547278,1.0000,71.0080,8.1156,0.0000,2.435703,2.432156;2.452738;2.431361;2.436969;2.435703,348.954585,2865.70,,30.23,0,6980,10,True,nid004907,57783806
SINDI,doc_prune=0.5 query_prune=0.7 n_cand=5000,64,0.9991833811,1.0000,56.6646,8.1851,0.0000,1.259660,1.258041;1.258188;1.259660;1.262401;1.261456,180.467049,5541.18,,27.38,0,6980,10,True,nid004904,57783803
SINDI,doc_prune=0.5 query_prune=0.7 n_cand=5000,64,0.9991833811,1.0000,54.5847,8.0978,0.0000,1.172281,1.172861;1.172157;1.172281;1.171053;1.172515,167.948567,5954.20,,23.08,0,6980,10,True,nid004905,57783804
SINDI,doc_prune=0.5 query_prune=0.7 n_cand=5000,64,0.9991833811,1.0000,55.3873,8.0498,0.0000,1.270960,1.268792;1.269637;1.271695;1.270960;1.274744,182.085960,5491.91,,27.16,0,6980,10,True,nid004908,57783807
SINDI,doc_prune=0.1 query_prune=0.7 n_cand=200,64,0.9992120344,1.0000,71.9417,8.1851,0.0000,1.596766,1.594000;1.597018;1.596766;1.598798;1.592483,228.763037,4371.34,,27.38,0,6980,10,True,nid004904,57783803
SINDI,doc_prune=0.5 query_prune=0.7 n_cand=5000,64,0.9992120344,1.0000,55.0151,8.1487,0.0000,1.629266,1.634091;1.629266;1.628371;1.633652;1.628791,233.419198,4284.14,,24.55,0,6980,10,True,nid004906,57783805
SINDI,doc_prune=0.4 query_prune=0.7 n_cand=1000,64,0.9992120344,1.0000,63.7468,8.1156,0.0000,2.176753,2.176753;2.176382;2.170468;2.177592;2.177089,311.855731,3206.61,,30.23,0,6980,10,True,nid004907,57783806
SINDI,doc_prune=0.5 query_prune=0.7 n_cand=5000,64,0.9992120344,1.0000,61.3069,8.1156,0.0000,2.410168,2.410476;2.403655;2.410168;2.413231;2.401290,345.296275,2896.06,,30.23,0,6980,10,True,nid004907,57783806
SINDI,doc_prune=0 query_prune=0.7 n_cand=200,64,0.9992263610,1.0000,91.4632,8.1851,0.0000,2.348050,2.344694;2.346881;2.348753;2.350126;2.348050,336.396848,2972.68,,27.38,0,6980,10,True,nid004904,57783803
SINDI,doc_prune=0.4 query_prune=0.7 n_cand=1000,64,0.9992263610,1.0000,58.8358,8.1851,0.0000,0.837748,0.837748;0.835966;0.838114;0.839848;0.836628,120.021203,8331.86,,27.38,0,6980,10,True,nid004904,57783803
SINDI,doc_prune=0 query_prune=0.7 n_cand=200,64,0.9992263610,1.0000,77.5082,8.0978,0.0000,1.903080,1.902928;1.903490;1.902641;1.908033;1.903080,272.647564,3667.74,,23.08,0,6980,10,True,nid004905,57783804
SINDI,doc_prune=0.1 query_prune=0.7 n_cand=200,64,0.9992263610,1.0000,65.8598,8.0978,0.0000,1.286448,1.291265;1.286448;1.276061;1.276748;1.296203,184.304871,5425.79,,23.08,0,6980,10,True,nid004905,57783804
SINDI,doc_prune=0.4 query_prune=0.7 n_cand=1000,64,0.9992263610,1.0000,57.0267,8.1487,0.0000,1.037747,1.037747;1.032554;1.036924;1.038288;1.040994,148.674355,6726.11,,24.55,0,6980,10,True,nid004906,57783805
SINDI,doc_prune=0.1 query_prune=0.7 n_cand=200,64,0.9992263610,1.0000,77.9615,8.1156,0.0000,2.500467,2.508365;2.488187;2.504965;2.500467;2.498434,358.233095,2791.48,,30.23,0,6980,10,True,nid004907,57783806
SINDI,doc_prune=0.1 query_prune=0.7 n_cand=200,64,0.9992263610,1.0000,71.1817,8.0498,0.0000,1.584066,1.574583;1.580560;1.584066;1.584830;1.584597,226.943553,4406.38,,27.16,0,6980,10,True,nid004908,57783807
SINDI,doc_prune=0.1 query_prune=0.7 n_cand=200,64,0.9992406877,1.0000,68.8096,8.1487,0.0000,1.547102,1.543290;1.547102;1.553290;1.545329;1.558349,221.647851,4511.66,,24.55,0,6980,10,True,nid004906,57783805
SINDI,doc_prune=0 query_prune=0.7 n_cand=200,64,0.9992406877,1.0000,96.6554,8.1156,0.0000,3.164911,3.160549;3.158960;3.164911;3.177747;3.165702,453.425645,2205.43,,30.23,0,6980,10,True,nid004907,57783806
SINDI,doc_prune=0.4 query_prune=0.7 n_cand=1000,64,0.9992550143,1.0000,56.1978,8.0978,0.0000,0.702912,0.702912;0.703787;0.700746;0.703399;0.701808,100.703725,9930.12,,23.08,0,6980,10,True,nid004905,57783804
SINDI,doc_prune=0 query_prune=0.7 n_cand=200,64,0.9992550143,1.0000,84.4698,8.1487,0.0000,2.290684,2.288107;2.289980;2.291567;2.290684;2.292126,328.178223,3047.12,,24.55,0,6980,10,True,nid004906,57783805
SINDI,doc_prune=0 query_prune=0.7 n_cand=200,64,0.9992550143,1.0000,91.1434,8.0498,0.0000,2.272548,2.271764;2.267555;2.272548;2.276638;2.273636,325.579943,3071.44,,27.16,0,6980,10,True,nid004908,57783807
SINDI,doc_prune=0.4 query_prune=0.7 n_cand=1000,64,0.9992550143,1.0000,57.5599,8.0498,0.0000,0.856780,0.855562;0.858708;0.856780;0.857433;0.855303,122.747851,8146.78,,27.16,0,6980,10,True,nid004908,57783807
SINDI,doc_prune=0.5 query_prune=0.5 n_cand=5000,64,0.9994126074,1.0000,55.0151,8.1487,0.0000,1.997074,1.992675;1.997074;1.995024;2.001619;1.999468,286.113754,3495.11,,24.55,0,6980,10,True,nid004906,57783805
SINDI,doc_prune=0.5 query_prune=0.1 n_cand=5000,64,0.9994269341,1.0000,54.5847,8.0978,0.0000,1.818967,1.818750;1.819541;1.818294;1.818967;1.819864,260.596991,3837.34,,23.08,0,6980,10,True,nid004905,57783804
SINDI,doc_prune=0.5 query_prune=0.3 n_cand=5000,64,0.9994269341,1.0000,54.5847,8.0978,0.0000,1.605969,1.605969;1.605957;1.605803;1.607382;1.606342,230.081519,4346.29,,23.08,0,6980,10,True,nid004905,57783804
SINDI,doc_prune=0.3 query_prune=0.5 n_cand=200,64,0.9994412607,1.0000,61.5150,8.1851,0.0000,1.644288,1.655367;1.643981;1.653659;1.644288;1.638290,235.571347,4245.00,,27.38,0,6980,10,True,nid004904,57783803
SINDI,doc_prune=0.5 query_prune=0.3 n_cand=5000,64,0.9994412607,1.0000,56.6646,8.1851,0.0000,1.800831,1.797956;1.801325;1.800831;1.802203;1.799598,257.998711,3875.99,,27.38,0,6980,10,True,nid004904,57783803
SINDI,doc_prune=0.5 query_prune=0.5 n_cand=5000,64,0.9994412607,1.0000,61.3069,8.1156,0.0000,3.188283,3.192222;3.194976;3.188283;3.186654;3.188118,456.774069,2189.27,,30.23,0,6980,10,True,nid004907,57783806
SINDI,doc_prune=0.5 query_prune=0.5 n_cand=5000,64,0.9994555874,1.0000,56.6646,8.1851,0.0000,1.540328,1.540065;1.540328;1.539857;1.541806;1.543626,220.677364,4531.50,,27.38,0,6980,10,True,nid004904,57783803
SINDI,doc_prune=0.5 query_prune=0 n_cand=5000,64,0.9994555874,1.0000,54.5847,8.0978,0.0000,1.934911,1.934911;1.932994;1.935494;1.932976;1.935258,277.207880,3607.40,,23.08,0,6980,10,True,nid004905,57783804
SINDI,doc_prune=0.3 query_prune=0.3 n_cand=200,64,0.9994699140,1.0000,58.4104,8.0978,0.0000,1.721510,1.719729;1.715248;1.721510;1.722075;1.722047,246.634670,4054.58,,23.08,0,6980,10,True,nid004905,57783804
SINDI,doc_prune=0.3 query_prune=0.5 n_cand=200,64,0.9994699140,1.0000,58.4104,8.0978,0.0000,1.283490,1.281370;1.283490;1.284915;1.277842;1.285939,183.881089,5438.30,,23.08,0,6980,10,True,nid004905,57783804
SINDI,doc_prune=0.5 query_prune=0.2 n_cand=5000,64,0.9994699140,1.0000,54.5847,8.0978,0.0000,1.714360,1.714360;1.715300;1.714990;1.712976;1.713077,245.610315,4071.49,,23.08,0,6980,10,True,nid004905,57783804
SINDI,doc_prune=0.5 query_prune=0.5 n_cand=5000,64,0.9994699140,1.0000,54.5847,8.0978,0.0000,1.400542,1.399812;1.400542;1.403231;1.400047;1.403433,200.650716,4983.78,,23.08,0,6980,10,True,nid004905,57783804
SINDI,doc_prune=0.5 query_prune=0.3 n_cand=5000,64,0.9994699140,1.0000,55.0151,8.1487,0.0000,2.337416,2.339489;2.337416;2.335907;2.337656;2.332025,334.873352,2986.20,,24.55,0,6980,10,True,nid004906,57783805
SINDI,doc_prune=0.3 query_prune=0.3 n_cand=200,64,0.9994699140,1.0000,66.8358,8.1156,0.0000,4.832838,4.840408;4.835052;4.832838;4.806656;4.829737,692.383668,1444.29,,30.23,0,6980,10,True,nid004907,57783806
SINDI,doc_prune=0.3 query_prune=0.5 n_cand=200,64,0.9994699140,1.0000,66.8358,8.1156,0.0000,3.652365,3.654882;3.652100;3.656095;3.652365;3.651476,523.261461,1911.09,,30.23,0,6980,10,True,nid004907,57783806
SINDI,doc_prune=0.5 query_prune=0.1 n_cand=5000,64,0.9994699140,1.0000,61.3069,8.1156,0.0000,4.600449,4.597736;4.600449;4.610992;4.602495;4.596715,659.090115,1517.24,,30.23,0,6980,10,True,nid004907,57783806
SINDI,doc_prune=0.3 query_prune=0.3 n_cand=200,64,0.9994699140,1.0000,60.3300,8.0498,0.0000,1.954500,1.954500;1.945523;1.958749;1.964447;1.951849,280.014327,3571.25,,27.16,0,6980,10,True,nid004908,57783807
SINDI,doc_prune=0.5 query_prune=0 n_cand=5000,64,0.9994699140,1.0000,55.3873,8.0498,0.0000,2.175864,2.170535;2.167912;2.175864;2.176160;2.177502,311.728367,3207.92,,27.16,0,6980,10,True,nid004908,57783807
SINDI,doc_prune=0.5 query_prune=0.1 n_cand=5000,64,0.9994699140,1.0000,55.3873,8.0498,0.0000,2.051091,2.052409;2.046814;2.051225;2.047746;2.051091,293.852579,3403.07,,27.16,0,6980,10,True,nid004908,57783807
SINDI,doc_prune=0.5 query_prune=0.2 n_cand=5000,64,0.9994699140,1.0000,55.3873,8.0498,0.0000,1.922015,1.922015;1.923519;1.920390;1.922492;1.921900,275.360315,3631.61,,27.16,0,6980,10,True,nid004908,57783807
SINDI,doc_prune=0.5 query_prune=0.3 n_cand=5000,64,0.9994699140,1.0000,55.3873,8.0498,0.0000,1.805713,1.805713;1.803808;1.805497;1.807522;1.809426,258.698138,3865.51,,27.16,0,6980,10,True,nid004908,57783807
SINDI,doc_prune=0.3 query_prune=0 n_cand=200,64,0.9994842407,1.0000,61.5150,8.1851,0.0000,2.693610,2.693639;2.693610;2.689110;2.692031;2.694304,385.904011,2591.32,,27.38,0,6980,10,True,nid004904,57783803
SINDI,doc_prune=0.3 query_prune=0.3 n_cand=200,64,0.9994842407,1.0000,61.5150,8.1851,0.0000,2.125534,2.126749;2.120639;2.128849;2.125534;2.116911,304.517765,3283.88,,27.38,0,6980,10,True,nid004904,57783803
SINDI,doc_prune=0.5 query_prune=0 n_cand=5000,64,0.9994842407,1.0000,56.6646,8.1851,0.0000,2.193470,2.188720;2.214558;2.202187;2.190769;2.193470,314.250716,3182.17,,27.38,0,6980,10,True,nid004904,57783803
SINDI,doc_prune=0.3 query_prune=0 n_cand=200,64,0.9994842407,1.0000,58.4104,8.0978,0.0000,2.310330,2.310330;2.315912;2.311666;2.307000;2.305457,330.992837,3021.21,,23.08,0,6980,10,True,nid004905,57783804
SINDI,doc_prune=0.3 query_prune=0.5 n_cand=200,64,0.9994842407,1.0000,59.3424,8.1487,0.0000,1.841975,1.844182;1.839212;1.840955;1.841975;1.854389,263.893266,3789.41,,24.55,0,6980,10,True,nid004906,57783805
SINDI,doc_prune=0.5 query_prune=0 n_cand=5000,64,0.9994842407,1.0000,55.0151,8.1487,0.0000,2.791242,2.788082;2.791242;2.795284;2.788013;2.798772,399.891404,2500.68,,24.55,0,6980,10,True,nid004906,57783805
SINDI,doc_prune=0.5 query_prune=0.1 n_cand=5000,64,0.9994842407,1.0000,55.0151,8.1487,0.0000,2.648591,2.643946;2.648591;2.648987;2.651781;2.644404,379.454298,2635.36,,24.55,0,6980,10,True,nid004906,57783805
SINDI,doc_prune=0.5 query_prune=0.2 n_cand=5000,64,0.9994842407,1.0000,55.0151,8.1487,0.0000,2.486977,2.486977;2.495961;2.484974;2.485829;2.491231,356.300430,2806.62,,24.55,0,6980,10,True,nid004906,57783805
SINDI,doc_prune=0.5 query_prune=0 n_cand=5000,64,0.9994842407,1.0000,61.3069,8.1156,0.0000,5.003467,4.999662;5.003883;5.003467;4.989967;5.011342,716.829083,1395.03,,30.23,0,6980,10,True,nid004907,57783806
SINDI,doc_prune=0.5 query_prune=0.3 n_cand=5000,64,0.9994842407,1.0000,61.3069,8.1156,0.0000,3.960685,3.956223;3.960685;3.956520;3.962033;3.970296,567.433381,1762.32,,30.23,0,6980,10,True,nid004907,57783806
SINDI,doc_prune=0.3 query_prune=0.5 n_cand=200,64,0.9994842407,1.0000,60.3300,8.0498,0.0000,1.557778,1.560050;1.556373;1.565037;1.557778;1.549743,223.177364,4480.74,,27.16,0,6980,10,True,nid004908,57783807
SINDI,doc_prune=0.5 query_prune=0.5 n_cand=5000,64,0.9994842407,1.0000,55.3873,8.0498,0.0000,1.549164,1.549088;1.549164;1.550158;1.549962;1.548432,221.943266,4505.66,,27.16,0,6980,10,True,nid004908,57783807
SINDI,doc_prune=0.3 query_prune=0.2 n_cand=200,64,0.9994985673,1.0000,61.5150,8.1851,0.0000,2.323267,2.319961;2.325717;2.324670;2.323267;2.313283,332.846275,3004.39,,27.38,0,6980,10,True,nid004904,57783803
SINDI,doc_prune=0.5 query_prune=0.1 n_cand=5000,64,0.9994985673,1.0000,56.6646,8.1851,0.0000,2.055354,2.055999;2.055354;2.055279;2.051545;2.056043,294.463324,3396.01,,27.38,0,6980,10,True,nid004904,57783803
SINDI,doc_prune=0.5 query_prune=0.2 n_cand=5000,64,0.9994985673,1.0000,56.6646,8.1851,0.0000,1.928956,1.931024;1.933559;1.928775;1.925643;1.928956,276.354728,3618.54,,27.38,0,6980,10,True,nid004904,57783803
SINDI,doc_prune=0.3 query_prune=0 n_cand=200,64,0.9994985673,1.0000,66.8358,8.1156,0.0000,6.400128,6.405183;6.390503;6.400128;6.388717;6.407620,916.923782,1090.60,,30.23,0,6980,10,True,nid004907,57783806
SINDI,doc_prune=0.3 query_prune=0 n_cand=200,64,0.9994985673,1.0000,60.3300,8.0498,0.0000,2.526302,2.525884;2.529851;2.524764;2.526302;2.527289,361.934384,2762.93,,27.16,0,6980,10,True,nid004908,57783807
SINDI,doc_prune=0.3 query_prune=0.1 n_cand=200,64,0.9994985673,1.0000,60.3300,8.0498,0.0000,2.328648,2.332602;2.328648;2.325469;2.327259;2.331266,333.617192,2997.45,,27.16,0,6980,10,True,nid004908,57783807
SINDI,doc_prune=0.3 query_prune=0.1 n_cand=200,64,0.9995128940,1.0000,59.3424,8.1487,0.0000,3.004930,3.004930;3.012946;2.993569;2.991678;3.004949,430.505731,2322.85,,24.55,0,6980,10,True,nid004906,57783805
SINDI,doc_prune=0.3 query_prune=0.3 n_cand=200,64,0.9995128940,1.0000,59.3424,8.1487,0.0000,2.457041,2.451361;2.463246;2.457041;2.453260;2.469464,352.011605,2840.82,,24.55,0,6980,10,True,nid004906,57783805
SINDI,doc_prune=0.3 query_prune=0.1 n_cand=200,64,0.9995128940,1.0000,66.8358,8.1156,0.0000,5.888272,5.906644;5.876440;5.899940;5.880917;5.888272,843.591977,1185.41,,30.23,0,6980,10,True,nid004907,57783806
SINDI,doc_prune=0.5 query_prune=0.2 n_cand=5000,64,0.9995128940,1.0000,61.3069,8.1156,0.0000,4.284666,4.271814;4.266179;4.285605;4.284666;4.285185,613.848997,1629.07,,30.23,0,6980,10,True,nid004907,57783806
SINDI,doc_prune=0.3 query_prune=0.2 n_cand=200,64,0.9995128940,1.0000,60.3300,8.0498,0.0000,2.146094,2.151379;2.146094;2.145242;2.146499;2.141421,307.463324,3252.42,,27.16,0,6980,10,True,nid004908,57783807
SINDI,doc_prune=0.3 query_prune=0.1 n_cand=200,64,0.9995272206,1.0000,58.4104,8.0978,0.0000,2.113004,2.121900;2.110460;2.121380;2.113004;2.111712,302.722636,3303.35,,23.08,0,6980,10,True,nid004905,57783804
SINDI,doc_prune=0.3 query_prune=0.2 n_cand=200,64,0.9995272206,1.0000,58.4104,8.0978,0.0000,1.927491,1.925491;1.934447;1.927491;1.922293;1.929751,276.144842,3621.29,,23.08,0,6980,10,True,nid004905,57783804
SINDI,doc_prune=0.3 query_prune=0 n_cand=200,64,0.9995272206,1.0000,59.3424,8.1487,0.0000,3.275349,3.299875;3.273964;3.275349;3.272573;3.283766,469.247708,2131.07,,24.55,0,6980,10,True,nid004906,57783805
SINDI,doc_prune=0.3 query_prune=0.2 n_cand=200,64,0.9995272206,1.0000,59.3424,8.1487,0.0000,2.745872,2.736224;2.745872;2.734301;2.749140;2.751770,393.391404,2542.00,,24.55,0,6980,10,True,nid004906,57783805
SINDI,doc_prune=0.3 query_prune=0.2 n_cand=200,64,0.9995415473,1.0000,66.8358,8.1156,0.0000,5.337010,5.329626;5.337010;5.312736;5.371251;5.348610,764.614613,1307.85,,30.23,0,6980,10,True,nid004907,57783806
SINDI,doc_prune=0.3 query_prune=0.1 n_cand=200,64,0.9995558739,1.0000,61.5150,8.1851,0.0000,2.508771,2.519719;2.508771;2.502738;2.510390;2.497390,359.422779,2782.24,,27.38,0,6980,10,True,nid004904,57783803
SINDI,doc_prune=0.4 query_prune=0 n_cand=1000,64,0.9995702006,1.0000,58.8358,8.1851,0.0000,2.202965,2.202965;2.206216;2.203989;2.202286;2.200481,315.611032,3168.46,,27.38,0,6980,10,True,nid004904,57783803
SINDI,doc_prune=0.4 query_prune=0.5 n_cand=1000,64,0.9995988539,1.0000,57.0267,8.1487,0.0000,1.583789,1.583789;1.570841;1.583361;1.587654;1.585139,226.903868,4407.15,,24.55,0,6980,10,True,nid004906,57783805
SINDI,doc_prune=0.4 query_prune=0.3 n_cand=1000,64,0.9995988539,1.0000,63.7468,8.1156,0.0000,4.492610,4.486319;4.492610;4.504821;4.499300;4.487183,643.640401,1553.66,,30.23,0,6980,10,True,nid004907,57783806
SINDI,doc_prune=0.4 query_prune=0.5 n_cand=1000,64,0.9995988539,1.0000,57.5599,8.0498,0.0000,1.304588,1.302135;1.304588;1.305071;1.304306;1.306776,186.903725,5350.35,,27.16,0,6980,10,True,nid004908,57783807
SINDI,doc_prune=0.4 query_prune=0.1 n_cand=1000,64,0.9996131805,1.0000,58.8358,8.1851,0.0000,2.025148,2.019492;2.025148;2.026480;2.027828;2.024335,290.135817,3446.66,,27.38,0,6980,10,True,nid004904,57783803
SINDI,doc_prune=0.4 query_prune=0.3 n_cand=1000,64,0.9996131805,1.0000,58.8358,8.1851,0.0000,1.679460,1.680417;1.677435;1.675062;1.680561;1.679460,240.610315,4156.10,,27.38,0,6980,10,True,nid004904,57783803
SINDI,doc_prune=0.4 query_prune=0.5 n_cand=1000,64,0.9996131805,1.0000,58.8358,8.1851,0.0000,1.297613,1.304993;1.300149;1.297613;1.295700;1.296385,185.904441,5379.11,,27.38,0,6980,10,True,nid004904,57783803
SINDI,doc_prune=0.4 query_prune=0.2 n_cand=1000,64,0.9996131805,1.0000,56.1978,8.0978,0.0000,1.532004,1.533375;1.532004;1.531438;1.529982;1.536260,219.484814,4556.12,,23.08,0,6980,10,True,nid004905,57783804
SINDI,doc_prune=0.4 query_prune=0.3 n_cand=1000,64,0.9996131805,1.0000,57.0267,8.1487,0.0000,2.046795,2.046795;2.046783;2.044467;2.055430;2.062538,293.237106,3410.21,,24.55,0,6980,10,True,nid004906,57783805
SINDI,doc_prune=0.4 query_prune=0 n_cand=1000,64,0.9996131805,1.0000,63.7468,8.1156,0.0000,5.856722,5.856722;5.833251;5.853013;5.866043;5.880339,839.071920,1191.79,,30.23,0,6980,10,True,nid004907,57783806
SINDI,doc_prune=0.4 query_prune=0.1 n_cand=1000,64,0.9996131805,1.0000,63.7468,8.1156,0.0000,5.398690,5.390060;5.398690;5.423103;5.391039;5.423474,773.451289,1292.91,,30.23,0,6980,10,True,nid004907,57783806
SINDI,doc_prune=0.4 query_prune=0.3 n_cand=1000,64,0.9996131805,1.0000,57.5599,8.0498,0.0000,1.661342,1.663396;1.661120;1.663971;1.661079;1.661342,238.014613,4201.42,,27.16,0,6980,10,True,nid004908,57783807
SINDI,doc_prune=0.4 query_prune=0 n_cand=1000,64,0.9996275072,1.0000,57.0267,8.1487,0.0000,2.678521,2.678556;2.670054;2.680702;2.674658;2.678521,383.742264,2605.92,,24.55,0,6980,10,True,nid004906,57783805
SINDI,doc_prune=0.4 query_prune=0.1 n_cand=1000,64,0.9996275072,1.0000,57.0267,8.1487,0.0000,2.469478,2.472550;2.469478;2.465108;2.471056;2.464269,353.793410,2826.51,,24.55,0,6980,10,True,nid004906,57783805
SINDI,doc_prune=0.4 query_prune=0.5 n_cand=1000,64,0.9996275072,1.0000,63.7468,8.1156,0.0000,3.427438,3.419366;3.427438;3.431337;3.423785;3.431044,491.036963,2036.51,,30.23,0,6980,10,True,nid004907,57783806
SINDI,doc_prune=0.4 query_prune=0 n_cand=1000,64,0.9996275072,1.0000,57.5599,8.0498,0.0000,2.122448,2.121537;2.132482;2.122448;2.113793;2.130566,304.075645,3288.66,,27.16,0,6980,10,True,nid004908,57783807
SINDI,doc_prune=0.4 query_prune=0.2 n_cand=1000,64,0.9996275072,1.0000,57.5599,8.0498,0.0000,1.823541,1.829300;1.836336;1.821322;1.823541;1.820358,261.252292,3827.72,,27.16,0,6980,10,True,nid004908,57783807
SINDI,doc_prune=0.4 query_prune=0.1 n_cand=1000,64,0.9996418338,1.0000,56.1978,8.0978,0.0000,1.679919,1.679919;1.685037;1.681464;1.676545;1.678299,240.676074,4154.96,,23.08,0,6980,10,True,nid004905,57783804
SINDI,doc_prune=0.4 query_prune=0.3 n_cand=1000,64,0.9996418338,1.0000,56.1978,8.0978,0.0000,1.372637,1.372128;1.374551;1.374305;1.372637;1.372417,196.652865,5085.10,,23.08,0,6980,10,True,nid004905,57783804
SINDI,doc_prune=0.4 query_prune=0.5 n_cand=1000,64,0.9996418338,1.0000,56.1978,8.0978,0.0000,1.056247,1.055020;1.058417;1.054948;1.056247;1.056824,151.324785,6608.30,,23.08,0,6980,10,True,nid004905,57783804
SINDI,doc_prune=0.4 query_prune=0.2 n_cand=1000,64,0.9996418338,1.0000,63.7468,8.1156,0.0000,4.961145,4.980843;4.946858;4.950509;4.961145;4.963341,710.765759,1406.93,,30.23,0,6980,10,True,nid004907,57783806
SINDI,doc_prune=0.4 query_prune=0.2 n_cand=1000,64,0.9996561605,1.0000,58.8358,8.1851,0.0000,1.859084,1.868077;1.857969;1.859084;1.856334;1.866456,266.344413,3754.54,,27.38,0,6980,10,True,nid004904,57783803
SINDI,doc_prune=0.4 query_prune=0 n_cand=1000,64,0.9996561605,1.0000,56.1978,8.0978,0.0000,1.839112,1.841537;1.837891;1.840642;1.839112;1.838102,263.483095,3795.31,,23.08,0,6980,10,True,nid004905,57783804
SINDI,doc_prune=0.4 query_prune=0.1 n_cand=1000,64,0.9996561605,1.0000,57.5599,8.0498,0.0000,1.973642,1.982922;1.971400;1.973642;1.970854;1.974709,282.756734,3536.61,,27.16,0,6980,10,True,nid004908,57783807
SINDI,doc_prune=0.4 query_prune=0.2 n_cand=1000,64,0.9996704871,1.0000,57.0267,8.1487,0.0000,2.270696,2.270696;2.272752;2.268936;2.275102;2.268606,325.314613,3073.95,,24.55,0,6980,10,True,nid004906,57783805
SINDI,doc_prune=0.3 query_prune=0.7 n_cand=1000,64,0.9997134670,1.0000,59.3424,8.1487,0.0000,1.236584,1.241010;1.232452;1.236584;1.232478;1.241820,177.161032,5644.58,,24.55,0,6980,10,True,nid004906,57783805
SINDI,doc_prune=0.3 query_prune=0.7 n_cand=1000,64,0.9997134670,1.0000,66.8358,8.1156,0.0000,2.352934,2.349652;2.352934;2.346878;2.356589;2.357438,337.096562,2966.51,,30.23,0,6980,10,True,nid004907,57783806
SINDI,doc_prune=0.1 query_prune=0.7 n_cand=1000,64,0.9997134670,1.0000,71.1817,8.0498,0.0000,1.654308,1.656490;1.651199;1.654308;1.651328;1.658480,237.006877,4219.29,,27.16,0,6980,10,True,nid004908,57783807
SINDI,doc_prune=0.3 query_prune=0.7 n_cand=1000,64,0.9997134670,1.0000,60.3300,8.0498,0.0000,1.066546,1.065317;1.064614;1.066546;1.072454;1.072736,152.800287,6544.49,,27.16,0,6980,10,True,nid004908,57783807
SINDI,doc_prune=0 query_prune=0.7 n_cand=1000,64,0.9997277937,1.0000,91.4632,8.1851,0.0000,2.437123,2.437123;2.433389;2.434187;2.442309;2.441283,349.158023,2864.03,,27.38,0,6980,10,True,nid004904,57783803
SINDI,doc_prune=0.3 query_prune=0.7 n_cand=1000,64,0.9997277937,1.0000,61.5150,8.1851,0.0000,1.106382,1.109376;1.108273;1.106382;1.104719;1.105968,158.507450,6308.85,,27.38,0,6980,10,True,nid004904,57783803
SINDI,doc_prune=0.1 query_prune=0.7 n_cand=1000,64,0.9997277937,1.0000,68.8096,8.1487,0.0000,1.648732,1.649198;1.648013;1.648732;1.647941;1.649463,236.208023,4233.56,,24.55,0,6980,10,True,nid004906,57783805
SINDI,doc_prune=0.2 query_prune=0.7 n_cand=1000,64,0.9997421203,1.0000,65.3485,8.1851,0.0000,1.363638,1.367440;1.366980;1.363638;1.356442;1.356385,195.363610,5118.66,,27.38,0,6980,10,True,nid004904,57783803
SINDI,doc_prune=0.3 query_prune=0.7 n_cand=1000,64,0.9997421203,1.0000,58.4104,8.0978,0.0000,0.876196,0.878916;0.876196;0.877170;0.875353;0.874592,125.529513,7966.25,,23.08,0,6980,10,True,nid004905,57783804
SINDI,doc_prune=0 query_prune=0.7 n_cand=1000,64,0.9997421203,1.0000,84.4698,8.1487,0.0000,2.407690,2.403438;2.409651;2.407690;2.410958;2.404398,344.941261,2899.04,,24.55,0,6980,10,True,nid004906,57783805
SINDI,doc_prune=0.2 query_prune=0.7 n_cand=1000,64,0.9997421203,1.0000,71.0080,8.1156,0.0000,2.541860,2.543435;2.536892;2.531746;2.558836;2.541860,364.163324,2746.02,,30.23,0,6980,10,True,nid004907,57783806
SINDI,doc_prune=0.2 query_prune=0.7 n_cand=1000,64,0.9997421203,1.0000,64.3194,8.0498,0.0000,1.317869,1.309765;1.318424;1.315854;1.317869;1.319710,188.806447,5296.43,,27.16,0,6980,10,True,nid004908,57783807
SINDI,doc_prune=0.2 query_prune=0.7 n_cand=1000,64,0.9997564470,1.0000,61.3432,8.0978,0.0000,1.102227,1.107178;1.109887;1.102227;1.099484;1.098566,157.912178,6332.63,,23.08,0,6980,10,True,nid004905,57783804
SINDI,doc_prune=0.2 query_prune=0.7 n_cand=1000,64,0.9997564470,1.0000,63.0529,8.1487,0.0000,1.473108,1.471790;1.480512;1.475216;1.464842;1.473108,211.046991,4738.28,,24.55,0,6980,10,True,nid004906,57783805
SINDI,doc_prune=0 query_prune=0.7 n_cand=1000,64,0.9997707736,1.0000,77.5082,8.0978,0.0000,2.038695,2.038861;2.038402;2.039770;2.038695;2.038185,292.076648,3423.76,,23.08,0,6980,10,True,nid004905,57783804
SINDI,doc_prune=0.1 query_prune=0.7 n_cand=1000,64,0.9997707736,1.0000,65.8598,8.0978,0.0000,1.349356,1.351216;1.346696;1.348779;1.349356;1.350416,193.317479,5172.84,,23.08,0,6980,10,True,nid004905,57783804
SINDI,doc_prune=0 query_prune=0.7 n_cand=1000,64,0.9997707736,1.0000,96.6554,8.1156,0.0000,3.283843,3.283223;3.285804;3.282210;3.283843;3.285603,470.464613,2125.56,,30.23,0,6980,10,True,nid004907,57783806
SINDI,doc_prune=0 query_prune=0.7 n_cand=1000,64,0.9997707736,1.0000,91.1434,8.0498,0.0000,2.363988,2.362555;2.366357;2.369059;2.361365;2.363988,338.680229,2952.64,,27.16,0,6980,10,True,nid004908,57783807
SINDI,doc_prune=0.1 query_prune=0.7 n_cand=1000,64,0.9997851003,1.0000,71.9417,8.1851,0.0000,1.672424,1.671585;1.670512;1.675022;1.678762;1.672424,239.602292,4173.58,,27.38,0,6980,10,True,nid004904,57783803
SINDI,doc_prune=0.1 query_prune=0.7 n_cand=1000,64,0.9997851003,1.0000,77.9615,8.1156,0.0000,2.591512,2.590077;2.591512;2.591420;2.606682;2.599027,371.276791,2693.41,,30.23,0,6980,10,True,nid004907,57783806
SINDI,doc_prune=0.1 query_prune=0.5 n_cand=50,64,0.9997994269,1.0000,68.8096,8.1487,0.0000,2.487222,2.487222;2.484278;2.484913;2.488167;2.491470,356.335530,2806.34,,24.55,0,6980,10,True,nid004906,57783805
SINDI,doc_prune=0.4 query_prune=0.7 n_cand=5000,64,0.9998137536,1.0000,63.7468,8.1156,0.0000,2.813884,2.811838;2.816598;2.813884;2.812300;2.820907,403.135244,2480.56,,30.23,0,6980,10,True,nid004907,57783806
SINDI,doc_prune=0.4 query_prune=0.7 n_cand=5000,64,0.9998137536,1.0000,57.5599,8.0498,0.0000,1.435402,1.435402;1.435370;1.434306;1.436612;1.436011,205.644986,4862.75,,27.16,0,6980,10,True,nid004908,57783807
SINDI,doc_prune=0.1 query_prune=0.5 n_cand=50,64,0.9998280802,1.0000,65.8598,8.0978,0.0000,2.012785,2.015093;2.012785;2.011040;2.018718;2.012619,288.364613,3467.83,,23.08,0,6980,10,True,nid004905,57783804
SINDI,doc_prune=0 query_prune=0.5 n_cand=50,64,0.9998280802,1.0000,91.1434,8.0498,0.0000,4.023496,4.025600;4.023387;4.023496;4.025656;4.022532,576.432092,1734.81,,27.16,0,6980,10,True,nid004908,57783807
SINDI,doc_prune=0.1 query_prune=0.5 n_cand=50,64,0.9998280802,1.0000,71.1817,8.0498,0.0000,2.466417,2.470531;2.465413;2.463164;2.470073;2.466417,353.354871,2830.02,,27.16,0,6980,10,True,nid004908,57783807
SINDI,doc_prune=0.1 query_prune=0.5 n_cand=50,64,0.9998424069,1.0000,71.9417,8.1851,0.0000,2.511717,2.507401;2.505434;2.511717;2.511804;2.512142,359.844842,2778.98,,27.38,0,6980,10,True,nid004904,57783803
SINDI,doc_prune=0.4 query_prune=0.7 n_cand=5000,64,0.9998424069,1.0000,58.8358,8.1851,0.0000,1.419819,1.420615;1.420446;1.419819;1.418901;1.418997,203.412464,4916.12,,27.38,0,6980,10,True,nid004904,57783803
SINDI,doc_prune=0.2 query_prune=0.7 n_cand=5000,64,0.9998424069,1.0000,61.3432,8.0978,0.0000,1.710962,1.711725;1.711198;1.710962;1.709627;1.709481,245.123496,4079.58,,23.08,0,6980,10,True,nid004905,57783804
SINDI,doc_prune=0.4 query_prune=0.7 n_cand=5000,64,0.9998424069,1.0000,56.1978,8.0978,0.0000,1.314980,1.315624;1.316611;1.314980;1.313838;1.314628,188.392550,5308.07,,23.08,0,6980,10,True,nid004905,57783804
SINDI,doc_prune=0 query_prune=0.5 n_cand=50,64,0.9998424069,1.0000,84.4698,8.1487,0.0000,3.962452,3.961023;3.958143;3.964999;3.962452;3.962809,567.686533,1761.54,,24.55,0,6980,10,True,nid004906,57783805
SINDI,doc_prune=0 query_prune=0.3 n_cand=20,64,0.9998424069,1.0000,96.6554,8.1156,0.0000,7.381191,7.396573;7.384629;7.379094;7.379795;7.381191,1057.477221,945.65,,30.23,0,6980,10,True,nid004907,57783806
SINDI,doc_prune=0.1 query_prune=0.5 n_cand=50,64,0.9998424069,1.0000,77.9615,8.1156,0.0000,4.255218,4.240219;4.255218;4.238431;4.264223;4.261458,609.630086,1640.34,,30.23,0,6980,10,True,nid004907,57783806
SINDI,doc_prune=0.3 query_prune=0.7 n_cand=5000,64,0.9998424069,1.0000,60.3300,8.0498,0.0000,1.611238,1.612795;1.612331;1.611152;1.609635;1.611238,230.836390,4332.07,,27.16,0,6980,10,True,nid004908,57783807
SINDI,doc_prune=0.4 query_prune=0.7 n_cand=5000,64,0.9998567335,1.0000,57.0267,8.1487,0.0000,1.756586,1.755382;1.758269;1.756263;1.759418;1.756586,251.659885,3973.62,,24.55,0,6980,10,True,nid004906,57783805
SINDI,doc_prune=0 query_prune=0.3 n_cand=20,64,0.9998567335,1.0000,91.1434,8.0498,0.0000,5.579280,5.579280;5.583459;5.583133;5.572841;5.573646,799.323782,1251.06,,27.16,0,6980,10,True,nid004908,57783807
SINDI,doc_prune=0 query_prune=0.3 n_cand=20,64,0.9998710602,1.0000,91.4632,8.1851,0.0000,5.701735,5.701735;5.711057;5.701027;5.697013;5.703120,816.867479,1224.19,,27.38,0,6980,10,True,nid004904,57783803
SINDI,doc_prune=0 query_prune=0.5 n_cand=50,64,0.9998710602,1.0000,91.4632,8.1851,0.0000,4.126859,4.128169;4.124217;4.134840;4.123793;4.126859,591.240544,1691.36,,27.38,0,6980,10,True,nid004904,57783803
SINDI,doc_prune=0.1 query_prune=0.3 n_cand=50,64,0.9998710602,1.0000,71.9417,8.1851,0.0000,3.350811,3.342526;3.346978;3.350811;3.350917;3.359860,480.058883,2083.08,,27.38,0,6980,10,True,nid004904,57783803
SINDI,doc_prune=0.1 query_prune=0.3 n_cand=200,64,0.9998710602,1.0000,71.9417,8.1851,0.0000,3.377357,3.374038;3.374324;3.378856;3.377934;3.377357,483.862034,2066.70,,27.38,0,6980,10,True,nid004904,57783803
SINDI,doc_prune=0.3 query_prune=0.7 n_cand=5000,64,0.9998710602,1.0000,61.5150,8.1851,0.0000,1.625883,1.629718;1.625883;1.625504;1.625311;1.626234,232.934527,4293.05,,27.38,0,6980,10,True,nid004904,57783803
SINDI,doc_prune=0.4 query_prune=0.1 n_cand=5000,64,0.9998710602,1.0000,58.8358,8.1851,0.0000,2.472305,2.463911;2.473651;2.468885;2.472305;2.475509,354.198424,2823.28,,27.38,0,6980,10,True,nid004904,57783803
SINDI,doc_prune=0.4 query_prune=0.3 n_cand=5000,64,0.9998710602,1.0000,58.8358,8.1851,0.0000,2.143911,2.142901;2.144456;2.143911;2.144225;2.140131,307.150573,3255.73,,27.38,0,6980,10,True,nid004904,57783803
SINDI,doc_prune=0 query_prune=0.5 n_cand=50,64,0.9998710602,1.0000,77.5082,8.0978,0.0000,3.351169,3.350091;3.350916;3.351169;3.353200;3.353113,480.110172,2082.86,,23.08,0,6980,10,True,nid004905,57783804
SINDI,doc_prune=0.1 query_prune=0.7 n_cand=5000,64,0.9998710602,1.0000,65.8598,8.0978,0.0000,2.007757,2.008120;2.006777;2.006732;2.007757;2.008167,287.644269,3476.52,,23.08,0,6980,10,True,nid004905,57783804
SINDI,doc_prune=0.2 query_prune=0.5 n_cand=200,64,0.9998710602,1.0000,61.3432,8.0978,0.0000,1.712849,1.716814;1.714421;1.707553;1.712290;1.712849,245.393840,4075.08,,23.08,0,6980,10,True,nid004905,57783804
SINDI,doc_prune=0.3 query_prune=0.7 n_cand=5000,64,0.9998710602,1.0000,58.4104,8.0978,0.0000,1.489198,1.488395;1.489318;1.489104;1.489198;1.489580,213.352149,4687.09,,23.08,0,6980,10,True,nid004905,57783804
SINDI,doc_prune=0.4 query_prune=0 n_cand=5000,64,0.9998710602,1.0000,56.1978,8.0978,0.0000,2.297748,2.297748;2.302313;2.293353;2.294954;2.299115,329.190258,3037.76,,23.08,0,6980,10,True,nid004905,57783804
SINDI,doc_prune=0 query_prune=0.3 n_cand=20,64,0.9998710602,1.0000,84.4698,8.1487,0.0000,5.413794,5.409509;5.411010;5.414092;5.413794;5.421876,775.615186,1289.30,,24.55,0,6980,10,True,nid004906,57783805
SINDI,doc_prune=0.4 query_prune=0.5 n_cand=5000,64,0.9998710602,1.0000,57.0267,8.1487,0.0000,2.252223,2.251390;2.246729;2.252223;2.253103;2.252355,322.668052,3099.16,,24.55,0,6980,10,True,nid004906,57783805
SINDI,doc_prune=0.3 query_prune=0.7 n_cand=5000,64,0.9998710602,1.0000,66.8358,8.1156,0.0000,2.974386,2.973449;2.977402;2.974012;2.982991;2.974386,426.129799,2346.70,,30.23,0,6980,10,True,nid004907,57783806
SINDI,doc_prune=0.4 query_prune=0 n_cand=5000,64,0.9998710602,1.0000,63.7468,8.1156,0.0000,6.379679,6.356561;6.364031;6.379679;6.386036;6.395785,913.994126,1094.10,,30.23,0,6980,10,True,nid004907,57783806
SINDI,doc_prune=0.3 query_prune=0 n_cand=5000,64,0.9998710602,1.0000,60.3300,8.0498,0.0000,3.152941,3.150399;3.156670;3.149486;3.152941;3.154703,451.710745,2213.81,,27.16,0,6980,10,True,nid004908,57783807
SINDI,doc_prune=0.4 query_prune=0.1 n_cand=5000,64,0.9998710602,1.0000,57.5599,8.0498,0.0000,2.418769,2.422760;2.422812;2.418769;2.417479;2.417979,346.528510,2885.77,,27.16,0,6980,10,True,nid004908,57783807
SINDI,doc_prune=0.2 query_prune=0.5 n_cand=5000,64,0.9998853868,1.0000,65.3485,8.1851,0.0000,2.574085,2.574085;2.570259;2.574660;2.573805;2.574308,368.780086,2711.64,,27.38,0,6980,10,True,nid004904,57783803
SINDI,doc_prune=0.3 query_prune=0.5 n_cand=5000,64,0.9998853868,1.0000,61.5150,8.1851,0.0000,2.149977,2.146240;2.149977;2.150575;2.153898;2.147998,308.019628,3246.55,,27.38,0,6980,10,True,nid004904,57783803
SINDI,doc_prune=0.4 query_prune=0.2 n_cand=5000,64,0.9998853868,1.0000,58.8358,8.1851,0.0000,2.312688,2.313139;2.312688;2.312242;2.307067;2.313318,331.330659,3018.13,,27.38,0,6980,10,True,nid004904,57783803
SINDI,doc_prune=0 query_prune=0.3 n_cand=20,64,0.9998853868,1.0000,77.5082,8.0978,0.0000,4.644224,4.643989;4.644224;4.646384;4.643761;4.645416,665.361605,1502.94,,23.08,0,6980,10,True,nid004905,57783804
SINDI,doc_prune=0.2 query_prune=0.2 n_cand=200,64,0.9998853868,1.0000,61.3432,8.0978,0.0000,2.465689,2.490389;2.465689;2.453061;2.491528;2.456268,353.250573,2830.85,,23.08,0,6980,10,True,nid004905,57783804
SINDI,doc_prune=0.2 query_prune=0.5 n_cand=5000,64,0.9998853868,1.0000,61.3432,8.0978,0.0000,2.292913,2.296131;2.295554;2.292913;2.291646;2.292103,328.497564,3044.16,,23.08,0,6980,10,True,nid004905,57783804
SINDI,doc_prune=0.4 query_prune=0.1 n_cand=5000,64,0.9998853868,1.0000,56.1978,8.0978,0.0000,2.151294,2.151697;2.149162;2.151294;2.152155;2.150991,308.208309,3244.56,,23.08,0,6980,10,True,nid004905,57783804
SINDI,doc_prune=0 query_prune=0 n_cand=5000,64,0.9998853868,1.0000,84.4698,8.1487,0.0000,6.777321,6.784335;6.777321;6.779099;6.776615;6.773451,970.962894,1029.91,,24.55,0,6980,10,True,nid004906,57783805
SINDI,doc_prune=0 query_prune=0.2 n_cand=200,64,0.9998853868,1.0000,84.4698,8.1487,0.0000,6.224318,6.219481;6.226256;6.224318;6.227578;6.218057,891.736103,1121.41,,24.55,0,6980,10,True,nid004906,57783805
SINDI,doc_prune=0 query_prune=0.5 n_cand=1000,64,0.9998853868,1.0000,84.4698,8.1487,0.0000,4.143942,4.132831;4.143942;4.139009;4.145624;4.156329,593.687966,1684.39,,24.55,0,6980,10,True,nid004906,57783805
SINDI,doc_prune=0.4 query_prune=0 n_cand=5000,64,0.9998853868,1.0000,57.0267,8.1487,0.0000,3.264254,3.261630;3.263502;3.267011;3.264254;3.268173,467.658166,2138.31,,24.55,0,6980,10,True,nid004906,57783805
SINDI,doc_prune=0 query_prune=0.5 n_cand=50,64,0.9998853868,1.0000,96.6554,8.1156,0.0000,5.413662,5.409704;5.413662;5.413228;5.417995;5.421183,775.596275,1289.33,,30.23,0,6980,10,True,nid004907,57783806
SINDI,doc_prune=0.1 query_prune=0.7 n_cand=5000,64,0.9998853868,1.0000,77.9615,8.1156,0.0000,3.215228,3.212700;3.215228;3.225000;3.214731;3.223413,460.634384,2170.92,,30.23,0,6980,10,True,nid004907,57783806
SINDI,doc_prune=0.2 query_prune=0 n_cand=200,64,0.9998853868,1.0000,71.0080,8.1156,0.0000,6.700481,6.697548;6.708679;6.732288;6.700481;6.689398,959.954298,1041.72,,30.23,0,6980,10,True,nid004907,57783806
SINDI,doc_prune=0.2 query_prune=0.1 n_cand=200,64,0.9998853868,1.0000,71.0080,8.1156,0.0000,6.288470,6.288470;6.266689;6.269790;6.370287;6.329210,900.926934,1109.97,,30.23,0,6980,10,True,nid004907,57783806
SINDI,doc_prune=0.4 query_prune=0.3 n_cand=5000,64,0.9998853868,1.0000,63.7468,8.1156,0.0000,5.103457,5.068022;5.101933;5.109219;5.103457;5.105650,731.154298,1367.70,,30.23,0,6980,10,True,nid004907,57783806
SINDI,doc_prune=0 query_prune=0.7 n_cand=5000,64,0.9998853868,1.0000,91.1434,8.0498,0.0000,2.973397,2.972938;2.973397;2.973277;2.976132;2.974995,425.988109,2347.48,,27.16,0,6980,10,True,nid004908,57783807
SINDI,doc_prune=0.1 query_prune=0.7 n_cand=5000,64,0.9998853868,1.0000,71.1817,8.0498,0.0000,2.187484,2.189115;2.187610;2.185475;2.187484;2.186488,313.393123,3190.88,,27.16,0,6980,10,True,nid004908,57783807
SINDI,doc_prune=0.2 query_prune=0.1 n_cand=5000,64,0.9998853868,1.0000,64.3194,8.0498,0.0000,3.676962,3.676711;3.682682;3.676962;3.675298;3.682607,526.785387,1898.31,,27.16,0,6980,10,True,nid004908,57783807
SINDI,doc_prune=0.2 query_prune=0.5 n_cand=200,64,0.9998853868,1.0000,64.3194,8.0498,0.0000,1.920202,1.911736;1.920202;1.914533;1.922597;1.927616,275.100573,3635.03,,27.16,0,6980,10,True,nid004908,57783807
SINDI,doc_prune=0.2 query_prune=0.7 n_cand=5000,64,0.9998853868,1.0000,64.3194,8.0498,0.0000,1.849406,1.849406;1.849442;1.851107;1.849232;1.849031,264.957880,3774.18,,27.16,0,6980,10,True,nid004908,57783807
SINDI,doc_prune=0.4 query_prune=0 n_cand=5000,64,0.9998853868,1.0000,57.5599,8.0498,0.0000,2.574827,2.574827;2.572499;2.576061;2.575797;2.572255,368.886390,2710.86,,27.16,0,6980,10,True,nid004908,57783807
SINDI,doc_prune=0 query_prune=0 n_cand=5000,64,0.9998997135,1.0000,91.4632,8.1851,0.0000,7.997000,7.971452;8.021633;8.002642;7.992766;7.997000,1145.702006,872.83,,27.38,0,6980,10,True,nid004904,57783803
SINDI,doc_prune=0 query_prune=0.1 n_cand=50,64,0.9998997135,1.0000,91.4632,8.1851,0.0000,6.743941,6.736479;6.746560;6.743941;6.756312;6.734566,966.180659,1035.00,,27.38,0,6980,10,True,nid004904,57783803
SINDI,doc_prune=0 query_prune=0.3 n_cand=5000,64,0.9998997135,1.0000,91.4632,8.1851,0.0000,6.437352,6.433512;6.437352;6.435359;6.437908;6.441612,922.256734,1084.30,,27.38,0,6980,10,True,nid004904,57783803
SINDI,doc_prune=0 query_prune=0.7 n_cand=5000,64,0.9998997135,1.0000,91.4632,8.1851,0.0000,3.007897,3.011714;3.007897;3.005007;3.006890;3.007952,430.930802,2320.56,,27.38,0,6980,10,True,nid004904,57783803
SINDI,doc_prune=0.1 query_prune=0.3 n_cand=1000,64,0.9998997135,1.0000,71.9417,8.1851,0.0000,3.483670,3.492637;3.483348;3.483670;3.482079;3.488423,499.093123,2003.63,,27.38,0,6980,10,True,nid004904,57783803
SINDI,doc_prune=0.1 query_prune=0.5 n_cand=5000,64,0.9998997135,1.0000,71.9417,8.1851,0.0000,3.198221,3.197259;3.199714;3.197418;3.198221;3.198758,458.197851,2182.46,,27.38,0,6980,10,True,nid004904,57783803
SINDI,doc_prune=0.1 query_prune=0.7 n_cand=5000,64,0.9998997135,1.0000,71.9417,8.1851,0.0000,2.197903,2.197272;2.197903;2.198970;2.198319;2.195995,314.885817,3175.75,,27.38,0,6980,10,True,nid004904,57783803
SINDI,doc_prune=0.3 query_prune=0.5 n_cand=1000,64,0.9998997135,1.0000,61.5150,8.1851,0.0000,1.716300,1.723985;1.715218;1.716300;1.717302;1.710019,245.888252,4066.89,,27.38,0,6980,10,True,nid004904,57783803
SINDI,doc_prune=0.4 query_prune=0 n_cand=5000,64,0.9998997135,1.0000,58.8358,8.1851,0.0000,2.641303,2.643107;2.639392;2.644178;2.637873;2.641303,378.410172,2642.64,,27.38,0,6980,10,True,nid004904,57783803
SINDI,doc_prune=0.4 query_prune=0.5 n_cand=5000,64,0.9998997135,1.0000,58.8358,8.1851,0.0000,1.802592,1.802239;1.801751;1.802592;1.803413;1.803691,258.251003,3872.20,,27.38,0,6980,10,True,nid004904,57783803
SINDI,doc_prune=0 query_prune=0 n_cand=200,64,0.9998997135,1.0000,77.5082,8.0978,0.0000,5.471276,5.485993;5.445002;5.471276;5.506203;5.462005,783.850430,1275.75,,23.07,0,6980,10,True,nid004905,57783804
SINDI,doc_prune=0 query_prune=0.3 n_cand=50,64,0.9998997135,1.0000,77.5082,8.0978,0.0000,4.655321,4.655135;4.654243;4.657277;4.656371;4.655321,666.951433,1499.36,,23.08,0,6980,10,True,nid004905,57783804
SINDI,doc_prune=0 query_prune=0.3 n_cand=5000,64,0.9998997135,1.0000,77.5082,8.0978,0.0000,5.554496,5.554496;5.549716;5.555925;5.555493;5.548167,795.773066,1256.64,,23.08,0,6980,10,True,nid004905,57783804
SINDI,doc_prune=0 query_prune=0.5 n_cand=200,64,0.9998997135,1.0000,77.5082,8.0978,0.0000,3.389482,3.389155;3.391638;3.389482;3.389801;3.388004,485.599140,2059.31,,23.08,0,6980,10,True,nid004905,57783804
SINDI,doc_prune=0 query_prune=0.7 n_cand=5000,64,0.9998997135,1.0000,77.5082,8.0978,0.0000,2.709635,2.708947;2.709305;2.709635;2.711750;2.710898,388.199857,2575.99,,23.08,0,6980,10,True,nid004905,57783804
SINDI,doc_prune=0.2 query_prune=0.2 n_cand=5000,64,0.9998997135,1.0000,61.3432,8.0978,0.0000,3.042047,3.041158;3.040547;3.042068;3.043639;3.042047,435.823352,2294.51,,23.08,0,6980,10,True,nid004905,57783804
SINDI,doc_prune=0.3 query_prune=0 n_cand=1000,64,0.9998997135,1.0000,58.4104,8.0978,0.0000,2.378265,2.378265;2.377144;2.390493;2.379372;2.368625,340.725645,2934.91,,23.08,0,6980,10,True,nid004905,57783804
SINDI,doc_prune=0.3 query_prune=0.2 n_cand=1000,64,0.9998997135,1.0000,58.4104,8.0978,0.0000,2.006581,2.005415;2.002805;2.010545;2.006581;2.007678,287.475788,3478.55,,23.08,0,6980,10,True,nid004905,57783804
SINDI,doc_prune=0.3 query_prune=0.3 n_cand=1000,64,0.9998997135,1.0000,58.4104,8.0978,0.0000,1.799813,1.799813;1.798900;1.798766;1.803576;1.799825,257.852865,3878.18,,23.08,0,6980,10,True,nid004905,57783804
SINDI,doc_prune=0.3 query_prune=0.5 n_cand=1000,64,0.9998997135,1.0000,58.4104,8.0978,0.0000,1.372800,1.372800;1.370975;1.371733;1.377875;1.376888,196.676218,5084.50,,23.08,0,6980,10,True,nid004905,57783804
SINDI,doc_prune=0.4 query_prune=0.2 n_cand=5000,64,0.9998997135,1.0000,56.1978,8.0978,0.0000,2.019890,2.020203;2.018049;2.021883;2.019890;2.019580,289.382521,3455.63,,23.08,0,6980,10,True,nid004905,57783804
SINDI,doc_prune=0 query_prune=0.7 n_cand=5000,64,0.9998997135,1.0000,84.4698,8.1487,0.0000,3.050577,3.049580;3.047729;3.050577;3.060343;3.052492,437.045415,2288.09,,24.55,0,6980,10,True,nid004906,57783805
SINDI,doc_prune=0.1 query_prune=0 n_cand=50,64,0.9998997135,1.0000,68.8096,8.1487,0.0000,4.302043,4.293172;4.306341;4.302043;4.306092;4.298072,616.338539,1622.48,,24.55,0,6980,10,True,nid004906,57783805
SINDI,doc_prune=0.1 query_prune=0.1 n_cand=1000,64,0.9998997135,1.0000,68.8096,8.1487,0.0000,4.070181,4.070181;4.060192;4.077574;4.076226;4.064291,583.120487,1714.91,,24.55,0,6980,10,True,nid004906,57783805
SINDI,doc_prune=0.1 query_prune=0.2 n_cand=50,64,0.9998997135,1.0000,68.8096,8.1487,0.0000,3.662721,3.662721;3.660836;3.658664;3.672252;3.668802,524.745129,1905.69,,24.55,0,6980,10,True,nid004906,57783805
SINDI,doc_prune=0.1 query_prune=0.2 n_cand=1000,64,0.9998997135,1.0000,68.8096,8.1487,0.0000,3.848699,3.847852;3.847211;3.851079;3.848699;3.849171,551.389542,1813.60,,24.55,0,6980,10,True,nid004906,57783805
SINDI,doc_prune=0.1 query_prune=0.3 n_cand=50,64,0.9998997135,1.0000,68.8096,8.1487,0.0000,3.294768,3.294793;3.294411;3.294454;3.294768;3.296371,472.029799,2118.51,,24.55,0,6980,10,True,nid004906,57783805
SINDI,doc_prune=0.1 query_prune=0.7 n_cand=5000,64,0.9998997135,1.0000,68.8096,8.1487,0.0000,2.300884,2.300884;2.296891;2.301940;2.303930;2.300152,329.639542,3033.62,,24.55,0,6980,10,True,nid004906,57783805
SINDI,doc_prune=0.2 query_prune=0.1 n_cand=5000,64,0.9998997135,1.0000,63.0529,8.1487,0.0000,4.133998,4.136585;4.127556;4.129915;4.133998;4.136137,592.263324,1688.44,,24.55,0,6980,10,True,nid004906,57783805
SINDI,doc_prune=0.2 query_prune=0.5 n_cand=5000,64,0.9998997135,1.0000,63.0529,8.1487,0.0000,2.902921,2.896727;2.902921;2.904521;2.908650;2.901548,415.891261,2404.47,,24.55,0,6980,10,True,nid004906,57783805
SINDI,doc_prune=0.2 query_prune=0.7 n_cand=5000,64,0.9998997135,1.0000,63.0529,8.1487,0.0000,2.106608,2.101477;2.106608;2.109029;2.107189;2.103267,301.806304,3313.38,,24.55,0,6980,10,True,nid004906,57783805
SINDI,doc_prune=0.3 query_prune=0.2 n_cand=5000,64,0.9998997135,1.0000,59.3424,8.1487,0.0000,3.371865,3.361073;3.374123;3.371865;3.369488;3.378471,483.075215,2070.07,,24.55,0,6980,10,True,nid004906,57783805
SINDI,doc_prune=0.4 query_prune=0.1 n_cand=5000,64,0.9998997135,1.0000,57.0267,8.1487,0.0000,3.066438,3.066438;3.064454;3.072791;3.062660;3.070707,439.317765,2276.26,,24.55,0,6980,10,True,nid004906,57783805
SINDI,doc_prune=0.4 query_prune=0.2 n_cand=5000,64,0.9998997135,1.0000,57.0267,8.1487,0.0000,2.891869,2.891869;2.877856;2.890861;2.892850;2.894205,414.307880,2413.66,,24.55,0,6980,10,True,nid004906,57783805
SINDI,doc_prune=0.4 query_prune=0.3 n_cand=5000,64,0.9998997135,1.0000,57.0267,8.1487,0.0000,2.706308,2.698818;2.706308;2.708030;2.709285;2.694364,387.723209,2579.16,,24.55,0,6980,10,True,nid004906,57783805
SINDI,doc_prune=0 query_prune=0.1 n_cand=50,64,0.9998997135,1.0000,96.6554,8.1156,0.0000,8.368244,8.368244;8.366891;8.367199;8.376590;8.377743,1198.888825,834.11,,30.23,0,6980,10,True,nid004907,57783806
SINDI,doc_prune=0 query_prune=0.2 n_cand=1000,64,0.9998997135,1.0000,96.6554,8.1156,0.0000,8.570660,8.570982;8.571189;8.548581;8.570660;8.563798,1227.888252,814.41,,30.23,0,6980,10,True,nid004907,57783806
SINDI,doc_prune=0.2 query_prune=0.2 n_cand=200,64,0.9998997135,1.0000,71.0080,8.1156,0.0000,5.837005,5.854037;5.845094;5.837005;5.832352;5.835507,836.247135,1195.82,,30.23,0,6980,10,True,nid004907,57783806
SINDI,doc_prune=0.2 query_prune=0.2 n_cand=1000,64,0.9998997135,1.0000,71.0080,8.1156,0.0000,5.966097,5.973405;5.944044;5.924734;5.966097;5.972181,854.741691,1169.94,,30.23,0,6980,10,True,nid004907,57783806
SINDI,doc_prune=0.2 query_prune=0.7 n_cand=5000,64,0.9998997135,1.0000,71.0080,8.1156,0.0000,3.151953,3.149673;3.152153;3.148706;3.154205;3.151953,451.569198,2214.50,,30.23,0,6980,10,True,nid004907,57783806
SINDI,doc_prune=0.3 query_prune=0 n_cand=5000,64,0.9998997135,1.0000,66.8358,8.1156,0.0000,7.034587,7.034587;7.037748;7.046649;7.012217;7.016567,1007.820487,992.24,,30.23,0,6980,10,True,nid004907,57783806
SINDI,doc_prune=0.4 query_prune=0.5 n_cand=5000,64,0.9998997135,1.0000,63.7468,8.1156,0.0000,4.038247,4.021698;4.037564;4.038247;4.047953;4.058621,578.545415,1728.47,,30.23,0,6980,10,True,nid004907,57783806
SINDI,doc_prune=0 query_prune=0 n_cand=5000,64,0.9998997135,1.0000,91.1434,8.0498,0.0000,7.911263,7.912800;7.903720;7.907709;7.932379;7.911263,1133.418768,882.29,,27.16,0,6980,10,True,nid004908,57783807
SINDI,doc_prune=0 query_prune=0.1 n_cand=50,64,0.9998997135,1.0000,91.1434,8.0498,0.0000,6.655163,6.640924;6.623506;6.655163;6.665321;6.656363,953.461748,1048.81,,27.16,0,6980,10,True,nid004908,57783807
SINDI,doc_prune=0 query_prune=0.2 n_cand=200,64,0.9998997135,1.0000,91.1434,8.0498,0.0000,6.393662,6.391768;6.393662;6.394742;6.384277;6.399941,915.997421,1091.71,,27.16,0,6980,10,True,nid004908,57783807
SINDI,doc_prune=0 query_prune=0.3 n_cand=200,64,0.9998997135,1.0000,91.1434,8.0498,0.0000,5.605589,5.606157;5.614629;5.604418;5.605589;5.601536,803.092980,1245.19,,27.16,0,6980,10,True,nid004908,57783807
SINDI,doc_prune=0 query_prune=0.3 n_cand=5000,64,0.9998997135,1.0000,91.1434,8.0498,0.0000,6.337540,6.335568;6.338401;6.333845;6.337540;6.338700,907.957020,1101.37,,27.16,0,6980,10,True,nid004908,57783807
SINDI,doc_prune=0 query_prune=0.5 n_cand=1000,64,0.9998997135,1.0000,91.1434,8.0498,0.0000,4.145180,4.140442;4.144972;4.148916;4.145180;4.150862,593.865330,1683.88,,27.16,0,6980,10,True,nid004908,57783807
SINDI,doc_prune=0.1 query_prune=0.3 n_cand=50,64,0.9998997135,1.0000,71.1817,8.0498,0.0000,3.306222,3.302816;3.305487;3.306360;3.307827;3.306222,473.670774,2111.17,,27.16,0,6980,10,True,nid004908,57783807
SINDI,doc_prune=0.2 query_prune=0.1 n_cand=200,64,0.9998997135,1.0000,64.3194,8.0498,0.0000,3.009620,3.008799;3.010430;3.009588;3.009620;3.012207,431.177650,2319.23,,27.16,0,6980,10,True,nid004908,57783807
SINDI,doc_prune=0.3 query_prune=0 n_cand=1000,64,0.9998997135,1.0000,60.3300,8.0498,0.0000,2.621051,2.621666;2.624235;2.621051;2.620306;2.619331,375.508739,2663.05,,27.16,0,6980,10,True,nid004908,57783807
SINDI,doc_prune=0.4 query_prune=0.2 n_cand=5000,64,0.9998997135,1.0000,57.5599,8.0498,0.0000,2.274789,2.273392;2.275397;2.274789;2.278343;2.271821,325.901003,3068.42,,27.16,0,6980,10,True,nid004908,57783807
SINDI,doc_prune=0 query_prune=0 n_cand=10,64,0.9999140401,1.0000,91.4632,8.1851,0.0000,7.420496,7.410737;7.420496;7.459508;7.414705;7.485525,1063.108309,940.64,,27.38,0,6980,10,True,nid004904,57783803
SINDI,doc_prune=0 query_prune=0.2 n_cand=5000,64,0.9999140401,1.0000,91.4632,8.1851,0.0000,7.248349,7.248349;7.248695;7.252798;7.240434;7.239799,1038.445415,962.98,,27.38,0,6980,10,True,nid004904,57783803
SINDI,doc_prune=0 query_prune=0.5 n_cand=200,64,0.9999140401,1.0000,91.4632,8.1851,0.0000,4.143399,4.145056;4.145663;4.143041;4.143399;4.141595,593.610172,1684.61,,27.38,0,6980,10,True,nid004904,57783803
SINDI,doc_prune=0.1 query_prune=0 n_cand=50,64,0.9999140401,1.0000,71.9417,8.1851,0.0000,4.481663,4.491779;4.481663;4.460416;4.464419;4.509483,642.072063,1557.46,,27.38,0,6980,10,True,nid004904,57783803
SINDI,doc_prune=0.1 query_prune=0.2 n_cand=200,64,0.9999140401,1.0000,71.9417,8.1851,0.0000,3.803971,3.806755;3.800445;3.803878;3.808520;3.803971,544.981519,1834.92,,27.38,0,6980,10,True,nid004904,57783803
SINDI,doc_prune=0.1 query_prune=0.2 n_cand=1000,64,0.9999140401,1.0000,71.9417,8.1851,0.0000,3.912464,3.911326;3.912464;3.918936;3.906817;3.917242,560.524928,1784.04,,27.38,0,6980,10,True,nid004904,57783803
SINDI,doc_prune=0.1 query_prune=0.3 n_cand=5000,64,0.9999140401,1.0000,71.9417,8.1851,0.0000,4.076522,4.074683;4.078731;4.081971;4.076522;4.074911,584.028940,1712.24,,27.38,0,6980,10,True,nid004904,57783803
SINDI,doc_prune=0.1 query_prune=0.5 n_cand=200,64,0.9999140401,1.0000,71.9417,8.1851,0.0000,2.534548,2.542753;2.538361;2.533164;2.534548;2.528421,363.115759,2753.94,,27.38,0,6980,10,True,nid004904,57783803
SINDI,doc_prune=0.2 query_prune=0 n_cand=5000,64,0.9999140401,1.0000,65.3485,8.1851,0.0000,4.086310,4.089992;4.085992;4.087504;4.086310;4.084761,585.431232,1708.14,,27.38,0,6980,10,True,nid004904,57783803
SINDI,doc_prune=0.2 query_prune=0.1 n_cand=1000,64,0.9999140401,1.0000,65.3485,8.1851,0.0000,3.219755,3.218598;3.220708;3.220669;3.217425;3.219755,461.282951,2167.87,,27.38,0,6980,10,True,nid004904,57783803
SINDI,doc_prune=0.2 query_prune=0.1 n_cand=5000,64,0.9999140401,1.0000,65.3485,8.1851,0.0000,3.776536,3.778843;3.776536;3.776372;3.779535;3.774040,541.051003,1848.25,,27.38,0,6980,10,True,nid004904,57783803
SINDI,doc_prune=0.2 query_prune=0.5 n_cand=200,64,0.9999140401,1.0000,65.3485,8.1851,0.0000,2.010697,2.004220;2.011023;2.017726;2.010472;2.010697,288.065473,3471.43,,27.38,0,6980,10,True,nid004904,57783803
SINDI,doc_prune=0 query_prune=0.2 n_cand=200,64,0.9999140401,1.0000,77.5082,8.0978,0.0000,5.361732,5.361219;5.361732;5.361577;5.362102;5.362103,768.156447,1301.82,,23.08,0,6980,10,True,nid004905,57783804
SINDI,doc_prune=0 query_prune=0.2 n_cand=5000,64,0.9999140401,1.0000,77.5082,8.0978,0.0000,6.226303,6.227430;6.228402;6.226058;6.226303;6.222954,892.020487,1121.05,,23.08,0,6980,10,True,nid004905,57783804
SINDI,doc_prune=0.1 query_prune=0 n_cand=5000,64,0.9999140401,1.0000,65.8598,8.0978,0.0000,3.997268,3.998249;3.997127;3.997268;3.990443;4.001530,572.674499,1746.19,,23.08,0,6980,10,True,nid004905,57783804
SINDI,doc_prune=0.1 query_prune=0.1 n_cand=50,64,0.9999140401,1.0000,65.8598,8.0978,0.0000,3.270788,3.264774;3.270788;3.288192;3.266157;3.280662,468.594269,2134.04,,23.08,0,6980,10,True,nid004905,57783804
SINDI,doc_prune=0.1 query_prune=0.2 n_cand=5000,64,0.9999140401,1.0000,65.8598,8.0978,0.0000,3.930209,3.928333;3.927691;3.930209;3.930758;3.930687,563.067192,1775.99,,23.08,0,6980,10,True,nid004905,57783804
SINDI,doc_prune=0.1 query_prune=0.5 n_cand=200,64,0.9999140401,1.0000,65.8598,8.0978,0.0000,2.049121,2.051040;2.045238;2.045695;2.049863;2.049121,293.570344,3406.34,,23.08,0,6980,10,True,nid004905,57783804
SINDI,doc_prune=0.1 query_prune=0.5 n_cand=1000,64,0.9999140401,1.0000,65.8598,8.0978,0.0000,2.171308,2.171075;2.170970;2.171584;2.172880;2.171308,311.075645,3214.65,,23.08,0,6980,10,True,nid004905,57783804
SINDI,doc_prune=0.3 query_prune=0.1 n_cand=1000,64,0.9999140401,1.0000,58.4104,8.0978,0.0000,2.188628,2.188699;2.185767;2.188628;2.190644;2.186779,313.557020,3189.21,,23.08,0,6980,10,True,nid004905,57783804
SINDI,doc_prune=0.3 query_prune=0.1 n_cand=5000,64,0.9999140401,1.0000,58.4104,8.0978,0.0000,2.610617,2.613609;2.608921;2.610312;2.610978;2.610617,374.013897,2673.70,,23.08,0,6980,10,True,nid004905,57783804
SINDI,doc_prune=0.3 query_prune=0.5 n_cand=5000,64,0.9999140401,1.0000,58.4104,8.0978,0.0000,1.906647,1.912741;1.907826;1.906230;1.906647;1.905023,273.158596,3660.88,,23.08,0,6980,10,True,nid004905,57783804
SINDI,doc_prune=0.4 query_prune=0.3 n_cand=5000,64,0.9999140401,1.0000,56.1978,8.0978,0.0000,1.887266,1.888683;1.889030;1.887266;1.887128;1.884548,270.381948,3698.47,,23.08,0,6980,10,True,nid004905,57783804
SINDI,doc_prune=0 query_prune=0 n_cand=200,64,0.9999140401,1.0000,84.4698,8.1487,0.0000,6.398907,6.466247;6.456492;6.386523;6.391043;6.398907,916.748854,1090.81,,24.55,0,6980,10,True,nid004906,57783805
SINDI,doc_prune=0 query_prune=0.2 n_cand=50,64,0.9999140401,1.0000,84.4698,8.1487,0.0000,6.179223,6.181483;6.179506;6.176661;6.179223;6.174406,885.275501,1129.59,,24.55,0,6980,10,True,nid004906,57783805
SINDI,doc_prune=0 query_prune=0.2 n_cand=1000,64,0.9999140401,1.0000,84.4698,8.1487,0.0000,6.367689,6.369883;6.362683;6.369366;6.367689;6.365026,912.276361,1096.16,,24.55,0,6980,10,True,nid004906,57783805
SINDI,doc_prune=0 query_prune=0.3 n_cand=5000,64,0.9999140401,1.0000,84.4698,8.1487,0.0000,6.325589,6.325589;6.323125;6.325060;6.332012;6.334641,906.244842,1103.45,,24.55,0,6980,10,True,nid004906,57783805
SINDI,doc_prune=0.1 query_prune=0.2 n_cand=5000,64,0.9999140401,1.0000,68.8096,8.1487,0.0000,4.554235,4.547688;4.548698;4.554235;4.555218;4.557615,652.469198,1532.64,,24.55,0,6980,10,True,nid004906,57783805
SINDI,doc_prune=0.1 query_prune=0.3 n_cand=1000,64,0.9999140401,1.0000,68.8096,8.1487,0.0000,3.453471,3.453471;3.456062;3.448790;3.451078;3.455198,494.766619,2021.15,,24.55,0,6980,10,True,nid004906,57783805
SINDI,doc_prune=0.2 query_prune=0.1 n_cand=200,64,0.9999140401,1.0000,63.0529,8.1487,0.0000,3.362421,3.362421;3.351926;3.354459;3.364574;3.377655,481.722206,2075.89,,24.55,0,6980,10,True,nid004906,57783805
SINDI,doc_prune=0.2 query_prune=0.5 n_cand=200,64,0.9999140401,1.0000,63.0529,8.1487,0.0000,2.206301,2.206301;2.209469;2.204948;2.206419;2.199900,316.088968,3163.67,,24.55,0,6980,10,True,nid004906,57783805
SINDI,doc_prune=0.3 query_prune=0.1 n_cand=5000,64,0.9999140401,1.0000,59.3424,8.1487,0.0000,3.631884,3.631884;3.634234;3.639170;3.630281;3.621676,520.327221,1921.87,,24.55,0,6980,10,True,nid004906,57783805
SINDI,doc_prune=0 query_prune=0 n_cand=10,64,0.9999140401,1.0000,96.6554,8.1156,0.0000,9.232853,9.231060;9.232853;9.255277;9.224576;9.280629,1322.758309,756.00,,30.23,0,6980,10,True,nid004907,57783806
SINDI,doc_prune=0 query_prune=0 n_cand=5000,64,0.9999140401,1.0000,96.6554,8.1156,0.0000,10.021102,10.021102;10.018561;10.024029;10.009177;10.025048,1435.687966,696.53,,30.23,0,6980,10,True,nid004907,57783806
SINDI,doc_prune=0 query_prune=0.1 n_cand=5000,64,0.9999140401,1.0000,96.6554,8.1156,0.0000,9.144039,9.144039;9.146079;9.139059;9.148320;9.143883,1310.034241,763.34,,30.23,0,6980,10,True,nid004907,57783806
SINDI,doc_prune=0 query_prune=0.2 n_cand=200,64,0.9999140401,1.0000,96.6554,8.1156,0.0000,8.443489,8.443489;8.443309;8.448455;8.446507;8.440002,1209.668911,826.67,,30.23,0,6980,10,True,nid004907,57783806
SINDI,doc_prune=0 query_prune=0.3 n_cand=1000,64,0.9999140401,1.0000,96.6554,8.1156,0.0000,7.556536,7.544717;7.556536;7.549873;7.567491;7.564056,1082.598281,923.70,,30.23,0,6980,10,True,nid004907,57783806
SINDI,doc_prune=0 query_prune=0.7 n_cand=5000,64,0.9999140401,1.0000,96.6554,8.1156,0.0000,3.881346,3.887040;3.874203;3.881346;3.879386;3.887516,556.066762,1798.35,,30.23,0,6980,10,True,nid004907,57783806
SINDI,doc_prune=0.1 query_prune=0 n_cand=50,64,0.9999140401,1.0000,77.9615,8.1156,0.0000,6.892335,6.862266;6.859589;6.898904;6.894155;6.892335,987.440544,1012.72,,30.23,0,6980,10,True,nid004907,57783806
SINDI,doc_prune=0.1 query_prune=0.2 n_cand=5000,64,0.9999140401,1.0000,77.9615,8.1156,0.0000,7.083497,7.083497;7.087314;7.061750;7.076168;7.087825,1014.827650,985.39,,30.23,0,6980,10,True,nid004907,57783806
SINDI,doc_prune=0.1 query_prune=0.3 n_cand=50,64,0.9999140401,1.0000,77.9615,8.1156,0.0000,5.721096,5.714578;5.703459;5.721096;5.749066;5.740684,819.641261,1220.05,,30.23,0,6980,10,True,nid004907,57783806
SINDI,doc_prune=0.1 query_prune=0.3 n_cand=5000,64,0.9999140401,1.0000,77.9615,8.1156,0.0000,6.462263,6.462263;6.446967;6.459299;6.462305;6.466510,925.825645,1080.12,,30.23,0,6980,10,True,nid004907,57783806
SINDI,doc_prune=0.1 query_prune=0.5 n_cand=1000,64,0.9999140401,1.0000,77.9615,8.1156,0.0000,4.343883,4.355907;4.350311;4.340764;4.337230;4.343883,622.332808,1606.86,,30.23,0,6980,10,True,nid004907,57783806
SINDI,doc_prune=0.1 query_prune=0.5 n_cand=5000,64,0.9999140401,1.0000,77.9615,8.1156,0.0000,4.938501,4.945135;4.948002;4.938501;4.937981;4.937592,707.521633,1413.38,,30.23,0,6980,10,True,nid004907,57783806
SINDI,doc_prune=0.2 query_prune=0.3 n_cand=5000,64,0.9999140401,1.0000,71.0080,8.1156,0.0000,5.995059,5.996534;5.995059;6.010081;5.993632;5.965075,858.890974,1164.29,,30.23,0,6980,10,True,nid004907,57783806
SINDI,doc_prune=0.3 query_prune=0.1 n_cand=5000,64,0.9999140401,1.0000,66.8358,8.1156,0.0000,6.428501,6.425543;6.445830;6.434224;6.427993;6.428501,920.988682,1085.79,,30.23,0,6980,10,True,nid004907,57783806
SINDI,doc_prune=0.3 query_prune=0.5 n_cand=5000,64,0.9999140401,1.0000,66.8358,8.1156,0.0000,4.292944,4.283370;4.286238;4.303645;4.292944;4.296744,615.034957,1625.92,,30.23,0,6980,10,True,nid004907,57783806
SINDI,doc_prune=0.4 query_prune=0.2 n_cand=5000,64,0.9999140401,1.0000,63.7468,8.1156,0.0000,5.536235,5.536235;5.520574;5.523047;5.553365;5.536733,793.156877,1260.78,,30.23,0,6980,10,True,nid004907,57783806
SINDI,doc_prune=0 query_prune=0 n_cand=10,64,0.9999140401,1.0000,91.1434,8.0498,0.0000,7.340775,7.326600;7.346046;7.356179;7.340775;7.320001,1051.686963,950.85,,27.16,0,6980,10,True,nid004908,57783807
SINDI,doc_prune=0 query_prune=0.3 n_cand=1000,64,0.9999140401,1.0000,91.1434,8.0498,0.0000,5.715564,5.716773;5.709017;5.717859;5.709033;5.715564,818.848711,1221.23,,27.16,0,6980,10,True,nid004908,57783807
SINDI,doc_prune=0 query_prune=0.5 n_cand=200,64,0.9999140401,1.0000,91.1434,8.0498,0.0000,4.046095,4.041167;4.051426;4.043142;4.046095;4.047906,579.669771,1725.12,,27.16,0,6980,10,True,nid004908,57783807
SINDI,doc_prune=0.1 query_prune=0 n_cand=50,64,0.9999140401,1.0000,71.1817,8.0498,0.0000,4.495212,4.449006;4.495212;4.464761;4.510836;4.529181,644.013181,1552.76,,27.16,0,6980,10,True,nid004908,57783807
SINDI,doc_prune=0.1 query_prune=0.2 n_cand=200,64,0.9999140401,1.0000,71.1817,8.0498,0.0000,3.761000,3.761810;3.761000;3.752514;3.753350;3.761171,538.825215,1855.89,,27.16,0,6980,10,True,nid004908,57783807
SINDI,doc_prune=0.1 query_prune=0.5 n_cand=5000,64,0.9999140401,1.0000,71.1817,8.0498,0.0000,3.161765,3.161765;3.159855;3.162761;3.160212;3.162009,452.974928,2207.63,,27.16,0,6980,10,True,nid004908,57783807
SINDI,doc_prune=0.2 query_prune=0.2 n_cand=1000,64,0.9999140401,1.0000,64.3194,8.0498,0.0000,2.829028,2.829028;2.828295;2.823208;2.836721;2.830883,405.304871,2467.28,,27.16,0,6980,10,True,nid004908,57783807
SINDI,doc_prune=0.2 query_prune=0.2 n_cand=5000,64,0.9999140401,1.0000,64.3194,8.0498,0.0000,3.402508,3.402628;3.402467;3.406453;3.402508;3.400655,487.465330,2051.43,,27.16,0,6980,10,True,nid004908,57783807
SINDI,doc_prune=0.2 query_prune=0.3 n_cand=200,64,0.9999140401,1.0000,64.3194,8.0498,0.0000,2.460360,2.464351;2.460571;2.457896;2.460360;2.459011,352.487106,2836.98,,27.16,0,6980,10,True,nid004908,57783807
SINDI,doc_prune=0.3 query_prune=0.2 n_cand=1000,64,0.9999140401,1.0000,60.3300,8.0498,0.0000,2.232037,2.236575;2.221199;2.236802;2.229846;2.232037,319.776074,3127.19,,27.16,0,6980,10,True,nid004908,57783807
SINDI,doc_prune=0.3 query_prune=0.5 n_cand=1000,64,0.9999140401,1.0000,60.3300,8.0498,0.0000,1.626911,1.618790;1.626678;1.633085;1.639022;1.626911,233.081805,4290.34,,27.16,0,6980,10,True,nid004908,57783807
SINDI,doc_prune=0.4 query_prune=0.3 n_cand=5000,64,0.9999140401,1.0000,57.5599,8.0498,0.0000,2.140137,2.140508;2.140188;2.137719;2.140137;2.137130,306.609885,3261.47,,27.16,0,6980,10,True,nid004908,57783807
SINDI,doc_prune=0.4 query_prune=0.5 n_cand=5000,64,0.9999140401,1.0000,57.5599,8.0498,0.0000,1.824187,1.828899;1.823570;1.826523;1.823485;1.824187,261.344842,3826.36,,27.16,0,6980,10,True,nid004908,57783807
SINDI,doc_prune=0 query_prune=0 n_cand=50,64,0.9999283668,1.0000,91.4632,8.1851,0.0000,7.420313,7.471586;7.420313;7.419405;7.439106;7.376410,1063.082092,940.66,,27.38,0,6980,10,True,nid004904,57783803
SINDI,doc_prune=0 query_prune=0.1 n_cand=20,64,0.9999283668,1.0000,91.4632,8.1851,0.0000,6.737666,6.724121;6.756806;6.751960;6.722285;6.737666,965.281662,1035.97,,27.38,0,6980,10,True,nid004904,57783803
SINDI,doc_prune=0 query_prune=0.1 n_cand=200,64,0.9999283668,1.0000,91.4632,8.1851,0.0000,6.763355,6.738624;6.763355;6.753888;6.779971;6.783759,968.962034,1032.03,,27.38,0,6980,10,True,nid004904,57783803
SINDI,doc_prune=0 query_prune=0.1 n_cand=5000,64,0.9999283668,1.0000,91.4632,8.1851,0.0000,7.284974,7.309119;7.300907;7.257774;7.278201;7.284974,1043.692550,958.14,,27.38,0,6980,10,True,nid004904,57783803
SINDI,doc_prune=0 query_prune=0.3 n_cand=50,64,0.9999283668,1.0000,91.4632,8.1851,0.0000,5.703723,5.695316;5.698383;5.705695;5.709369;5.703723,817.152292,1223.76,,27.38,0,6980,10,True,nid004904,57783803
SINDI,doc_prune=0 query_prune=0.5 n_cand=5000,64,0.9999283668,1.0000,91.4632,8.1851,0.0000,4.819174,4.826968;4.819174;4.815317;4.819905;4.817772,690.426074,1448.38,,27.38,0,6980,10,True,nid004904,57783803
SINDI,doc_prune=0.1 query_prune=0 n_cand=1000,64,0.9999283668,1.0000,71.9417,8.1851,0.0000,4.560159,4.583010;4.560159;4.536130;4.533673;4.571943,653.317908,1530.65,,27.38,0,6980,10,True,nid004904,57783803
SINDI,doc_prune=0.1 query_prune=0.1 n_cand=50,64,0.9999283668,1.0000,71.9417,8.1851,0.0000,4.086564,4.115690;4.086564;4.054333;4.117829;4.084137,585.467622,1708.04,,27.38,0,6980,10,True,nid004904,57783803
SINDI,doc_prune=0.1 query_prune=0.1 n_cand=200,64,0.9999283668,1.0000,71.9417,8.1851,0.0000,4.107814,4.111479;4.106860;4.072206;4.118994;4.107814,588.512034,1699.20,,27.38,0,6980,10,True,nid004904,57783803
SINDI,doc_prune=0.1 query_prune=0.2 n_cand=50,64,0.9999283668,1.0000,71.9417,8.1851,0.0000,3.776057,3.776057;3.779331;3.772180;3.776217;3.775373,540.982378,1848.49,,27.38,0,6980,10,True,nid004904,57783803
SINDI,doc_prune=0.2 query_prune=0 n_cand=1000,64,0.9999283668,1.0000,65.3485,8.1851,0.0000,3.515701,3.512323;3.526102;3.524488;3.506523;3.515701,503.682092,1985.38,,27.38,0,6980,10,True,nid004904,57783803
SINDI,doc_prune=0.2 query_prune=0.1 n_cand=200,64,0.9999283668,1.0000,65.3485,8.1851,0.0000,3.120710,3.120710;3.125349;3.119779;3.113746;3.123105,447.093123,2236.67,,27.38,0,6980,10,True,nid004904,57783803
SINDI,doc_prune=0.2 query_prune=0.3 n_cand=1000,64,0.9999283668,1.0000,65.3485,8.1851,0.0000,2.653775,2.649388;2.658972;2.653775;2.652448;2.659948,380.196991,2630.22,,27.38,0,6980,10,True,nid004904,57783803
SINDI,doc_prune=0.2 query_prune=0.7 n_cand=5000,64,0.9999283668,1.0000,65.3485,8.1851,0.0000,1.863952,1.867001;1.865253;1.863752;1.863156;1.863952,267.041834,3744.73,,27.38,0,6980,10,True,nid004904,57783803
SINDI,doc_prune=0.3 query_prune=0 n_cand=1000,64,0.9999283668,1.0000,61.5150,8.1851,0.0000,2.775919,2.775919;2.762222;2.776949;2.776905;2.760603,397.696132,2514.48,,27.38,0,6980,10,True,nid004904,57783803
SINDI,doc_prune=0.3 query_prune=0.1 n_cand=5000,64,0.9999283668,1.0000,61.5150,8.1851,0.0000,3.033484,3.038403;3.033126;3.033484;3.031863;3.033752,434.596562,2300.98,,27.38,0,6980,10,True,nid004904,57783803
SINDI,doc_prune=0.3 query_prune=0.2 n_cand=1000,64,0.9999283668,1.0000,61.5150,8.1851,0.0000,2.376737,2.395626;2.368199;2.376737;2.371433;2.377585,340.506734,2936.80,,27.38,0,6980,10,True,nid004904,57783803
SINDI,doc_prune=0 query_prune=0 n_cand=5000,64,0.9999283668,1.0000,77.5082,8.0978,0.0000,5.697021,5.690280;5.701881;5.691607;5.697143;5.697021,816.192120,1225.20,,23.07,0,6980,10,True,nid004905,57783804
SINDI,doc_prune=0 query_prune=0.1 n_cand=1000,64,0.9999283668,1.0000,77.5082,8.0978,0.0000,4.989588,5.017218;4.990052;4.929218;4.989588;4.919722,714.840688,1398.91,,23.08,0,6980,10,True,nid004905,57783804
SINDI,doc_prune=0 query_prune=0.2 n_cand=1000,64,0.9999283668,1.0000,77.5082,8.0978,0.0000,5.517978,5.517978;5.520651;5.517517;5.519673;5.513987,790.541261,1264.96,,23.08,0,6980,10,True,nid004905,57783804
SINDI,doc_prune=0 query_prune=0.5 n_cand=5000,64,0.9999283668,1.0000,77.5082,8.0978,0.0000,4.221356,4.222201;4.221356;4.220665;4.219157;4.229175,604.778797,1653.50,,23.08,0,6980,10,True,nid004905,57783804
SINDI,doc_prune=0.1 query_prune=0 n_cand=50,64,0.9999283668,1.0000,65.8598,8.0978,0.0000,3.584634,3.588304;3.584634;3.566043;3.577436;3.591693,513.557880,1947.20,,23.08,0,6980,10,True,nid004905,57783804
SINDI,doc_prune=0.1 query_prune=0.1 n_cand=200,64,0.9999283668,1.0000,65.8598,8.0978,0.0000,3.288744,3.282053;3.288744;3.286649;3.295353;3.307875,471.166762,2122.39,,23.08,0,6980,10,True,nid004905,57783804
SINDI,doc_prune=0.1 query_prune=0.2 n_cand=50,64,0.9999283668,1.0000,65.8598,8.0978,0.0000,3.060655,3.060468;3.061347;3.062960;3.060655;3.058702,438.489255,2280.56,,23.08,0,6980,10,True,nid004905,57783804
SINDI,doc_prune=0.1 query_prune=0.5 n_cand=5000,64,0.9999283668,1.0000,65.8598,8.0978,0.0000,2.847858,2.847534;2.847858;2.847683;2.848011;2.848743,408.002579,2450.96,,23.08,0,6980,10,True,nid004905,57783804
SINDI,doc_prune=0.2 query_prune=0 n_cand=1000,64,0.9999283668,1.0000,61.3432,8.0978,0.0000,2.871149,2.871356;2.870478;2.871149;2.872200;2.869020,411.339398,2431.08,,23.08,0,6980,10,True,nid004905,57783804
SINDI,doc_prune=0.2 query_prune=0.2 n_cand=1000,64,0.9999283668,1.0000,61.3432,8.0978,0.0000,2.438825,2.429088;2.436829;2.444121;2.446143;2.438825,349.401862,2862.03,,23.08,0,6980,10,True,nid004905,57783804
SINDI,doc_prune=0.2 query_prune=0.3 n_cand=200,64,0.9999283668,1.0000,61.3432,8.0978,0.0000,2.249868,2.255269;2.257502;2.239678;2.247414;2.249868,322.330659,3102.40,,23.08,0,6980,10,True,nid004905,57783804
SINDI,doc_prune=0.2 query_prune=0.3 n_cand=1000,64,0.9999283668,1.0000,61.3432,8.0978,0.0000,2.244688,2.244688;2.237981;2.259756;2.250071;2.239012,321.588539,3109.56,,23.08,0,6980,10,True,nid004905,57783804
SINDI,doc_prune=0.3 query_prune=0.2 n_cand=5000,64,0.9999283668,1.0000,58.4104,8.0978,0.0000,2.439722,2.442747;2.439722;2.441678;2.436940;2.438031,349.530372,2860.98,,23.08,0,6980,10,True,nid004905,57783804
SINDI,doc_prune=0.3 query_prune=0.3 n_cand=5000,64,0.9999283668,1.0000,58.4104,8.0978,0.0000,2.263958,2.264749;2.264266;2.262331;2.262898;2.263958,324.349284,3083.10,,23.08,0,6980,10,True,nid004905,57783804
SINDI,doc_prune=0.4 query_prune=0.5 n_cand=5000,64,0.9999283668,1.0000,56.1978,8.0978,0.0000,1.619327,1.619327;1.619499;1.619791;1.618428;1.619189,231.995272,4310.43,,23.08,0,6980,10,True,nid004905,57783804
SINDI,doc_prune=0 query_prune=0.1 n_cand=20,64,0.9999283668,1.0000,84.4698,8.1487,0.0000,5.813616,5.822938;5.813616;5.792408;5.863674;5.802150,832.896275,1200.63,,24.55,0,6980,10,True,nid004906,57783805
SINDI,doc_prune=0 query_prune=0.1 n_cand=50,64,0.9999283668,1.0000,84.4698,8.1487,0.0000,5.814554,5.753842;5.845948;5.814554;5.843044;5.807924,833.030659,1200.44,,24.55,0,6980,10,True,nid004906,57783805
SINDI,doc_prune=0 query_prune=0.1 n_cand=1000,64,0.9999283668,1.0000,84.4698,8.1487,0.0000,5.837098,5.837098;5.838322;5.892190;5.831016;5.828914,836.260458,1195.80,,24.55,0,6980,10,True,nid004906,57783805
SINDI,doc_prune=0 query_prune=0.3 n_cand=50,64,0.9999283668,1.0000,84.4698,8.1487,0.0000,5.430960,5.425802;5.426160;5.437855;5.430960;5.435568,778.074499,1285.22,,24.55,0,6980,10,True,nid004906,57783805
SINDI,doc_prune=0.1 query_prune=0 n_cand=200,64,0.9999283668,1.0000,68.8096,8.1487,0.0000,4.331901,4.331901;4.324905;4.322118;4.354747;4.347997,620.616189,1611.30,,24.55,0,6980,10,True,nid004906,57783805
SINDI,doc_prune=0.1 query_prune=0.1 n_cand=50,64,0.9999283668,1.0000,68.8096,8.1487,0.0000,3.988040,3.988704;3.972685;4.002152;3.988040;3.974534,571.352436,1750.23,,24.55,0,6980,10,True,nid004906,57783805
SINDI,doc_prune=0.2 query_prune=0 n_cand=1000,64,0.9999283668,1.0000,63.0529,8.1487,0.0000,3.734981,3.719170;3.723833;3.736709;3.734981;3.747960,535.097564,1868.82,,24.55,0,6980,10,True,nid004906,57783805
SINDI,doc_prune=0.2 query_prune=0.1 n_cand=1000,64,0.9999283668,1.0000,63.0529,8.1487,0.0000,3.483763,3.480975;3.483763;3.479734;3.493464;3.499441,499.106447,2003.58,,24.55,0,6980,10,True,nid004906,57783805
SINDI,doc_prune=0.2 query_prune=0.3 n_cand=200,64,0.9999283668,1.0000,63.0529,8.1487,0.0000,2.846137,2.853573;2.845861;2.848719;2.846137;2.845840,407.756017,2452.45,,24.55,0,6980,10,True,nid004906,57783805
SINDI,doc_prune=0.3 query_prune=0 n_cand=1000,64,0.9999283668,1.0000,59.3424,8.1487,0.0000,3.378106,3.388024;3.372601;3.378106;3.379104;3.375249,483.969341,2066.25,,24.55,0,6980,10,True,nid004906,57783805
SINDI,doc_prune=0.3 query_prune=0.1 n_cand=1000,64,0.9999283668,1.0000,59.3424,8.1487,0.0000,3.096104,3.097336;3.092162;3.101249;3.085611;3.096104,443.567908,2254.45,,24.55,0,6980,10,True,nid004906,57783805
SINDI,doc_prune=0.3 query_prune=0.2 n_cand=1000,64,0.9999283668,1.0000,59.3424,8.1487,0.0000,2.838585,2.844639;2.842450;2.837902;2.838585;2.837519,406.674069,2458.97,,24.55,0,6980,10,True,nid004906,57783805
SINDI,doc_prune=0.3 query_prune=0.3 n_cand=5000,64,0.9999283668,1.0000,59.3424,8.1487,0.0000,3.107179,3.099294;3.107179;3.110228;3.102142;3.111059,445.154585,2246.41,,24.55,0,6980,10,True,nid004906,57783805
SINDI,doc_prune=0.3 query_prune=0.5 n_cand=5000,64,0.9999283668,1.0000,59.3424,8.1487,0.0000,2.546132,2.548115;2.545151;2.545175;2.550195;2.546132,364.775358,2741.41,,24.55,0,6980,10,True,nid004906,57783805
SINDI,doc_prune=0.3 query_prune=0.7 n_cand=5000,64,0.9999283668,1.0000,59.3424,8.1487,0.0000,1.911028,1.909474;1.912349;1.911028;1.908832;1.912223,273.786246,3652.48,,24.55,0,6980,10,True,nid004906,57783805
SINDI,doc_prune=0 query_prune=0 n_cand=50,64,0.9999283668,1.0000,96.6554,8.1156,0.0000,9.249733,9.247935;9.260803;9.249733;9.274175;9.224573,1325.176648,754.62,,30.23,0,6980,10,True,nid004907,57783806
SINDI,doc_prune=0 query_prune=0.1 n_cand=20,64,0.9999283668,1.0000,96.6554,8.1156,0.0000,8.364000,8.370299;8.364000;8.363866;8.367018;8.362595,1198.280802,834.53,,30.23,0,6980,10,True,nid004907,57783806
SINDI,doc_prune=0 query_prune=0.1 n_cand=200,64,0.9999283668,1.0000,96.6554,8.1156,0.0000,8.415869,8.415869;8.405247;8.415890;8.417191;8.400778,1205.711891,829.39,,30.23,0,6980,10,True,nid004907,57783806
SINDI,doc_prune=0 query_prune=0.2 n_cand=5000,64,0.9999283668,1.0000,96.6554,8.1156,0.0000,9.187234,9.198481;9.187234;9.184661;9.194001;9.177391,1316.222636,759.75,,30.23,0,6980,10,True,nid004907,57783806
SINDI,doc_prune=0 query_prune=0.3 n_cand=5000,64,0.9999283668,1.0000,96.6554,8.1156,0.0000,8.218803,8.206494;8.216456;8.218803;8.227155;8.226048,1177.478940,849.27,,30.23,0,6980,10,True,nid004907,57783806
SINDI,doc_prune=0 query_prune=0.5 n_cand=200,64,0.9999283668,1.0000,96.6554,8.1156,0.0000,5.462299,5.444913;5.462299;5.469183;5.451152;5.464622,782.564327,1277.85,,30.23,0,6980,10,True,nid004907,57783806
SINDI,doc_prune=0 query_prune=0.5 n_cand=5000,64,0.9999283668,1.0000,96.6554,8.1156,0.0000,6.219377,6.219377;6.218367;6.216317;6.232281;6.242409,891.028223,1122.30,,30.23,0,6980,10,True,nid004907,57783806
SINDI,doc_prune=0.1 query_prune=0 n_cand=1000,64,0.9999283668,1.0000,77.9615,8.1156,0.0000,7.185010,7.144058;7.179709;7.192314;7.185010;7.200736,1029.371060,971.47,,30.23,0,6980,10,True,nid004907,57783806
SINDI,doc_prune=0.1 query_prune=0.1 n_cand=50,64,0.9999283668,1.0000,77.9615,8.1156,0.0000,6.560159,6.571085;6.514308;6.594997;6.493341;6.560159,939.850860,1064.00,,30.23,0,6980,10,True,nid004907,57783806
SINDI,doc_prune=0.1 query_prune=0.1 n_cand=200,64,0.9999283668,1.0000,77.9615,8.1156,0.0000,6.555842,6.555842;6.558444;6.551280;6.581390;6.555116,939.232378,1064.70,,30.23,0,6980,10,True,nid004907,57783806
SINDI,doc_prune=0.1 query_prune=0.2 n_cand=200,64,0.9999283668,1.0000,77.9615,8.1156,0.0000,6.304176,6.297541;6.302319;6.304176;6.313532;6.334583,903.177077,1107.20,,30.23,0,6980,10,True,nid004907,57783806
SINDI,doc_prune=0.1 query_prune=0.3 n_cand=200,64,0.9999283668,1.0000,77.9615,8.1156,0.0000,5.791011,5.791011;5.802083;5.785383;5.790670;5.792521,829.657736,1205.32,,30.23,0,6980,10,True,nid004907,57783806
SINDI,doc_prune=0.1 query_prune=0.3 n_cand=1000,64,0.9999283668,1.0000,77.9615,8.1156,0.0000,5.880106,5.884340;5.861888;5.876205;5.884334;5.880106,842.422063,1187.05,,30.23,0,6980,10,True,nid004907,57783806
SINDI,doc_prune=0.1 query_prune=0.5 n_cand=200,64,0.9999283668,1.0000,77.9615,8.1156,0.0000,4.265801,4.254613;4.273685;4.265801;4.279598;4.265590,611.146275,1636.27,,30.23,0,6980,10,True,nid004907,57783806
SINDI,doc_prune=0.2 query_prune=0.3 n_cand=200,64,0.9999283668,1.0000,71.0080,8.1156,0.0000,5.348183,5.328543;5.348183;5.366209;5.335632;5.400642,766.215330,1305.12,,30.23,0,6980,10,True,nid004907,57783806
SINDI,doc_prune=0.3 query_prune=0.1 n_cand=1000,64,0.9999283668,1.0000,66.8358,8.1156,0.0000,5.970160,5.970160;5.965820;5.979176;5.984627;5.952082,855.323782,1169.15,,30.23,0,6980,10,True,nid004907,57783806
SINDI,doc_prune=0.3 query_prune=0.2 n_cand=1000,64,0.9999283668,1.0000,66.8358,8.1156,0.0000,5.451792,5.449649;5.471425;5.451792;5.452790;5.432295,781.059026,1280.31,,30.23,0,6980,10,True,nid004907,57783806
SINDI,doc_prune=0.3 query_prune=0.2 n_cand=5000,64,0.9999283668,1.0000,66.8358,8.1156,0.0000,5.914213,5.911373;5.895650;5.914213;5.934176;5.927698,847.308453,1180.21,,30.23,0,6980,10,True,nid004907,57783806
SINDI,doc_prune=0.4 query_prune=0.1 n_cand=5000,64,0.9999283668,1.0000,63.7468,8.1156,0.0000,5.932026,5.922021;5.947819;5.932026;5.922483;5.948373,849.860458,1176.66,,30.23,0,6980,10,True,nid004907,57783806
SINDI,doc_prune=0 query_prune=0 n_cand=50,64,0.9999283668,1.0000,91.1434,8.0498,0.0000,7.333501,7.323245;7.345163;7.326557;7.333501;7.333605,1050.644842,951.80,,27.16,0,6980,10,True,nid004908,57783807
SINDI,doc_prune=0 query_prune=0.1 n_cand=20,64,0.9999283668,1.0000,91.1434,8.0498,0.0000,6.625421,6.605181;6.636405;6.617572;6.628739;6.625421,949.200716,1053.52,,27.16,0,6980,10,True,nid004908,57783807
SINDI,doc_prune=0 query_prune=0.1 n_cand=200,64,0.9999283668,1.0000,91.1434,8.0498,0.0000,6.666843,6.722524;6.657418;6.666843;6.665483;6.670539,955.135100,1046.97,,27.16,0,6980,10,True,nid004908,57783807
SINDI,doc_prune=0 query_prune=0.1 n_cand=5000,64,0.9999283668,1.0000,91.1434,8.0498,0.0000,7.219972,7.219972;7.211207;7.230110;7.233942;7.210175,1034.379943,966.76,,27.16,0,6980,10,True,nid004908,57783807
SINDI,doc_prune=0.1 query_prune=0 n_cand=1000,64,0.9999283668,1.0000,71.1817,8.0498,0.0000,4.603105,4.566459;4.603492;4.564147;4.603105;4.611387,659.470630,1516.37,,27.16,0,6980,10,True,nid004908,57783807
SINDI,doc_prune=0.1 query_prune=0.1 n_cand=50,64,0.9999283668,1.0000,71.1817,8.0498,0.0000,4.117069,4.098935;4.117069;4.094620;4.156340;4.130062,589.837966,1695.38,,27.16,0,6980,10,True,nid004908,57783807
SINDI,doc_prune=0.1 query_prune=0.1 n_cand=200,64,0.9999283668,1.0000,71.1817,8.0498,0.0000,4.127032,4.118635;4.127032;4.138049;4.168937;4.095066,591.265330,1691.29,,27.16,0,6980,10,True,nid004908,57783807
SINDI,doc_prune=0.1 query_prune=0.2 n_cand=1000,64,0.9999283668,1.0000,71.1817,8.0498,0.0000,3.856188,3.856188;3.854056;3.851460;3.856694;3.856286,552.462464,1810.08,,27.16,0,6980,10,True,nid004908,57783807
SINDI,doc_prune=0.1 query_prune=0.3 n_cand=1000,64,0.9999283668,1.0000,71.1817,8.0498,0.0000,3.423989,3.419403;3.423989;3.427752;3.428895;3.423405,490.542837,2038.56,,27.16,0,6980,10,True,nid004908,57783807
SINDI,doc_prune=0.1 query_prune=0.3 n_cand=5000,64,0.9999283668,1.0000,71.1817,8.0498,0.0000,4.013929,4.013929;4.011187;4.017085;4.014655;4.012761,575.061461,1738.94,,27.16,0,6980,10,True,nid004908,57783807
SINDI,doc_prune=0.1 query_prune=0.5 n_cand=200,64,0.9999283668,1.0000,71.1817,8.0498,0.0000,2.489754,2.490808;2.489754;2.490086;2.485416;2.488038,356.698281,2803.49,,27.16,0,6980,10,True,nid004908,57783807
SINDI,doc_prune=0.2 query_prune=0 n_cand=1000,64,0.9999283668,1.0000,64.3194,8.0498,0.0000,3.395329,3.395329;3.398629;3.389969;3.399203;3.393593,486.436819,2055.77,,27.16,0,6980,10,True,nid004908,57783807
SINDI,doc_prune=0.2 query_prune=0 n_cand=5000,64,0.9999283668,1.0000,64.3194,8.0498,0.0000,3.976190,3.979616;3.976190;3.973030;3.973709;3.979624,569.654728,1755.45,,27.16,0,6980,10,True,nid004908,57783807
SINDI,doc_prune=0.2 query_prune=0.3 n_cand=5000,64,0.9999283668,1.0000,64.3194,8.0498,0.0000,3.109863,3.107442;3.112482;3.109524;3.109863;3.113362,445.539112,2244.47,,27.16,0,6980,10,True,nid004908,57783807
SINDI,doc_prune=0.3 query_prune=0.1 n_cand=1000,64,0.9999283668,1.0000,60.3300,8.0498,0.0000,2.416587,2.416587;2.422527;2.414192;2.410875;2.419785,346.215903,2888.37,,27.16,0,6980,10,True,nid004908,57783807
SINDI,doc_prune=0.3 query_prune=0.2 n_cand=5000,64,0.9999283668,1.0000,60.3300,8.0498,0.0000,2.739652,2.739652;2.741068;2.741685;2.736413;2.739178,392.500287,2547.77,,27.16,0,6980,10,True,nid004908,57783807
SINDI,doc_prune=0.3 query_prune=0.3 n_cand=1000,64,0.9999283668,1.0000,60.3300,8.0498,0.0000,2.034589,2.027091;2.039170;2.034589;2.035729;2.032928,291.488395,3430.67,,27.16,0,6980,10,True,nid004908,57783807
SINDI,doc_prune=0.3 query_prune=0.3 n_cand=5000,64,0.9999283668,1.0000,60.3300,8.0498,0.0000,2.530716,2.532919;2.530716;2.531089;2.528566;2.529693,362.566762,2758.11,,27.16,0,6980,10,True,nid004908,57783807
SINDI,doc_prune=0 query_prune=0.2 n_cand=20,64,0.9999426934,1.0000,91.4632,8.1851,0.0000,6.496268,6.499964;6.495770;6.495935;6.496268;6.500196,930.697421,1074.46,,27.38,0,6980,10,True,nid004904,57783803
SINDI,doc_prune=0 query_prune=0.2 n_cand=50,64,0.9999426934,1.0000,91.4632,8.1851,0.0000,6.499845,6.497789;6.498190;6.499845;6.501857;6.500541,931.209885,1073.87,,27.38,0,6980,10,True,nid004904,57783803
SINDI,doc_prune=0 query_prune=0.3 n_cand=200,64,0.9999426934,1.0000,91.4632,8.1851,0.0000,5.728775,5.721931;5.726400;5.731381;5.729084;5.728775,820.741404,1218.41,,27.38,0,6980,10,True,nid004904,57783803
SINDI,doc_prune=0 query_prune=0.3 n_cand=1000,64,0.9999426934,1.0000,91.4632,8.1851,0.0000,5.834850,5.842601;5.834058;5.834850;5.830747;5.836131,835.938395,1196.26,,27.38,0,6980,10,True,nid004904,57783803
SINDI,doc_prune=0 query_prune=0.5 n_cand=1000,64,0.9999426934,1.0000,91.4632,8.1851,0.0000,4.247519,4.249751;4.247519;4.253264;4.245430;4.239610,608.527077,1643.31,,27.38,0,6980,10,True,nid004904,57783803
SINDI,doc_prune=0.1 query_prune=0 n_cand=200,64,0.9999426934,1.0000,71.9417,8.1851,0.0000,4.466946,4.505963;4.492107;4.466946;4.466301;4.451550,639.963610,1562.59,,27.38,0,6980,10,True,nid004904,57783803
SINDI,doc_prune=0.1 query_prune=0.2 n_cand=5000,64,0.9999426934,1.0000,71.9417,8.1851,0.0000,4.512692,4.512319;4.512692;4.516357;4.513547;4.512575,646.517479,1546.75,,27.38,0,6980,10,True,nid004904,57783803
SINDI,doc_prune=0.1 query_prune=0.5 n_cand=1000,64,0.9999426934,1.0000,71.9417,8.1851,0.0000,2.632273,2.632402;2.634178;2.626434;2.632273;2.630543,377.116476,2651.70,,27.38,0,6980,10,True,nid004904,57783803
SINDI,doc_prune=0.2 query_prune=0 n_cand=200,64,0.9999426934,1.0000,65.3485,8.1851,0.0000,3.418043,3.418043;3.411622;3.408810;3.419872;3.418321,489.690974,2042.10,,27.38,0,6980,10,True,nid004904,57783803
SINDI,doc_prune=0.2 query_prune=0.2 n_cand=200,64,0.9999426934,1.0000,65.3485,8.1851,0.0000,2.855432,2.843646;2.853531;2.858144;2.857841;2.855432,409.087679,2444.46,,27.38,0,6980,10,True,nid004904,57783803
SINDI,doc_prune=0.2 query_prune=0.2 n_cand=1000,64,0.9999426934,1.0000,65.3485,8.1851,0.0000,2.941854,2.941854;2.954809;2.939704;2.944977;2.932331,421.469054,2372.65,,27.38,0,6980,10,True,nid004904,57783803
SINDI,doc_prune=0.2 query_prune=0.2 n_cand=5000,64,0.9999426934,1.0000,65.3485,8.1851,0.0000,3.491556,3.490946;3.491556;3.495603;3.490726;3.492301,500.222923,1999.11,,27.38,0,6980,10,True,nid004904,57783803
SINDI,doc_prune=0.3 query_prune=0.1 n_cand=1000,64,0.9999426934,1.0000,61.5150,8.1851,0.0000,2.560902,2.558303;2.560902;2.558736;2.572791;2.575440,366.891404,2725.60,,27.38,0,6980,10,True,nid004904,57783803
SINDI,doc_prune=0.3 query_prune=0.2 n_cand=5000,64,0.9999426934,1.0000,61.5150,8.1851,0.0000,2.823771,2.832649;2.825090;2.821609;2.823771;2.823617,404.551719,2471.87,,27.38,0,6980,10,True,nid004904,57783803
SINDI,doc_prune=0.3 query_prune=0.3 n_cand=1000,64,0.9999426934,1.0000,61.5150,8.1851,0.0000,2.181536,2.179774;2.166025;2.181536;2.187561;2.183676,312.540974,3199.58,,27.38,0,6980,10,True,nid004904,57783803
SINDI,doc_prune=0 query_prune=0 n_cand=20,64,0.9999426934,1.0000,77.5082,8.0978,0.0000,5.485049,5.433202;5.485049;5.402702;5.516045;5.502837,785.823639,1272.55,,23.07,0,6980,10,True,nid004905,57783804
SINDI,doc_prune=0 query_prune=0 n_cand=50,64,0.9999426934,1.0000,77.5082,8.0978,0.0000,5.443850,5.443850;5.398233;5.452777;5.498702;5.380902,779.921203,1282.18,,23.07,0,6980,10,True,nid004905,57783804
SINDI,doc_prune=0 query_prune=0.1 n_cand=50,64,0.9999426934,1.0000,77.5082,8.0978,0.0000,4.971462,4.968697;5.001136;4.971462;4.973351;4.950734,712.243840,1404.01,,23.08,0,6980,10,True,nid004905,57783804
SINDI,doc_prune=0 query_prune=0.1 n_cand=200,64,0.9999426934,1.0000,77.5082,8.0978,0.0000,4.938609,5.048189;4.924026;4.930457;4.938609;4.942945,707.537106,1413.35,,23.08,0,6980,10,True,nid004905,57783804
SINDI,doc_prune=0 query_prune=0.2 n_cand=20,64,0.9999426934,1.0000,77.5082,8.0978,0.0000,5.306636,5.306173;5.307701;5.306636;5.307963;5.306071,760.263037,1315.33,,23.08,0,6980,10,True,nid004905,57783804
SINDI,doc_prune=0 query_prune=0.2 n_cand=50,64,0.9999426934,1.0000,77.5082,8.0978,0.0000,5.318446,5.318446;5.316290;5.322274;5.320946;5.317958,761.955014,1312.41,,23.08,0,6980,10,True,nid004905,57783804
SINDI,doc_prune=0 query_prune=0.5 n_cand=1000,64,0.9999426934,1.0000,77.5082,8.0978,0.0000,3.535693,3.536392;3.536306;3.535693;3.535083;3.535267,506.546275,1974.15,,23.08,0,6980,10,True,nid004905,57783804
SINDI,doc_prune=0.1 query_prune=0 n_cand=1000,64,0.9999426934,1.0000,65.8598,8.0978,0.0000,3.691736,3.679232;3.693107;3.691736;3.682910;3.695964,528.902006,1890.71,,23.08,0,6980,10,True,nid004905,57783804
SINDI,doc_prune=0.1 query_prune=0.1 n_cand=1000,64,0.9999426934,1.0000,65.8598,8.0978,0.0000,3.375176,3.375107;3.374115;3.383974;3.381636;3.375176,483.549570,2068.04,,23.08,0,6980,10,True,nid004905,57783804
SINDI,doc_prune=0.1 query_prune=0.1 n_cand=5000,64,0.9999426934,1.0000,65.8598,8.0978,0.0000,3.741245,3.738602;3.741382;3.741245;3.743594;3.740414,535.994986,1865.69,,23.08,0,6980,10,True,nid004905,57783804
SINDI,doc_prune=0.1 query_prune=0.2 n_cand=200,64,0.9999426934,1.0000,65.8598,8.0978,0.0000,3.098521,3.100435;3.098521;3.097492;3.097669;3.098657,443.914183,2252.69,,23.08,0,6980,10,True,nid004905,57783804
SINDI,doc_prune=0.1 query_prune=0.2 n_cand=1000,64,0.9999426934,1.0000,65.8598,8.0978,0.0000,3.239487,3.239487;3.243755;3.243717;3.237888;3.235785,464.109885,2154.66,,23.08,0,6980,10,True,nid004905,57783804
SINDI,doc_prune=0.1 query_prune=0.3 n_cand=50,64,0.9999426934,1.0000,65.8598,8.0978,0.0000,2.708545,2.706980;2.708545;2.710446;2.709359;2.707427,388.043696,2577.03,,23.08,0,6980,10,True,nid004905,57783804
SINDI,doc_prune=0.1 query_prune=0.3 n_cand=200,64,0.9999426934,1.0000,65.8598,8.0978,0.0000,2.746548,2.745294;2.749443;2.746876;2.745480;2.746548,393.488252,2541.37,,23.08,0,6980,10,True,nid004905,57783804
SINDI,doc_prune=0.2 query_prune=0 n_cand=5000,64,0.9999426934,1.0000,61.3432,8.0978,0.0000,3.520299,3.518814;3.520299;3.518493;3.525139;3.520898,504.340831,1982.79,,23.08,0,6980,10,True,nid004905,57783804
SINDI,doc_prune=0.2 query_prune=0.1 n_cand=200,64,0.9999426934,1.0000,61.3432,8.0978,0.0000,2.643948,2.669586;2.640130;2.652201;2.643948;2.642542,378.789112,2639.99,,23.08,0,6980,10,True,nid004905,57783804
SINDI,doc_prune=0.2 query_prune=0.1 n_cand=5000,64,0.9999426934,1.0000,61.3432,8.0978,0.0000,3.273290,3.274254;3.273290;3.269865;3.274693;3.272809,468.952722,2132.41,,23.08,0,6980,10,True,nid004905,57783804
SINDI,doc_prune=0.2 query_prune=0.3 n_cand=5000,64,0.9999426934,1.0000,61.3432,8.0978,0.0000,2.790439,2.790439;2.791526;2.791003;2.789446;2.789207,399.776361,2501.40,,23.08,0,6980,10,True,nid004905,57783804
SINDI,doc_prune=0.3 query_prune=0 n_cand=5000,64,0.9999426934,1.0000,58.4104,8.0978,0.0000,2.794160,2.792401;2.796987;2.796189;2.791251;2.794160,400.309456,2498.07,,23.08,0,6980,10,True,nid004905,57783804
SINDI,doc_prune=0 query_prune=0.1 n_cand=5000,64,0.9999426934,1.0000,84.4698,8.1487,0.0000,6.246722,6.252901;6.244235;6.241248;6.246722;6.250547,894.945845,1117.39,,24.55,0,6980,10,True,nid004906,57783805
SINDI,doc_prune=0 query_prune=0.2 n_cand=20,64,0.9999426934,1.0000,84.4698,8.1487,0.0000,6.168730,6.164828;6.162600;6.168761;6.174439;6.168730,883.772206,1131.51,,24.55,0,6980,10,True,nid004906,57783805
SINDI,doc_prune=0 query_prune=0.2 n_cand=5000,64,0.9999426934,1.0000,84.4698,8.1487,0.0000,7.066524,7.066739;7.065302;7.066524;7.066067;7.069250,1012.395989,987.76,,24.55,0,6980,10,True,nid004906,57783805
SINDI,doc_prune=0 query_prune=0.5 n_cand=5000,64,0.9999426934,1.0000,84.4698,8.1487,0.0000,4.812561,4.814284;4.811399;4.812561;4.810928;4.818049,689.478653,1450.37,,24.55,0,6980,10,True,nid004906,57783805
SINDI,doc_prune=0.1 query_prune=0 n_cand=1000,64,0.9999426934,1.0000,68.8096,8.1487,0.0000,4.412792,4.395399;4.422499;4.412792;4.413138;4.381106,632.205158,1581.77,,24.55,0,6980,10,True,nid004906,57783805
SINDI,doc_prune=0.1 query_prune=0 n_cand=5000,64,0.9999426934,1.0000,68.8096,8.1487,0.0000,4.786364,4.796715;4.772780;4.779991;4.786364;4.791077,685.725501,1458.31,,24.55,0,6980,10,True,nid004906,57783805
SINDI,doc_prune=0.1 query_prune=0.1 n_cand=200,64,0.9999426934,1.0000,68.8096,8.1487,0.0000,3.987357,3.987357;3.977851;3.990482;3.972712;4.004158,571.254585,1750.53,,24.55,0,6980,10,True,nid004906,57783805
SINDI,doc_prune=0.1 query_prune=0.1 n_cand=5000,64,0.9999426934,1.0000,68.8096,8.1487,0.0000,4.486945,4.488489;4.483966;4.480972;4.486945;4.497368,642.828797,1555.62,,24.55,0,6980,10,True,nid004906,57783805
SINDI,doc_prune=0.1 query_prune=0.2 n_cand=200,64,0.9999426934,1.0000,68.8096,8.1487,0.0000,3.716363,3.715368;3.716363;3.716158;3.716735;3.720459,532.430229,1878.18,,24.55,0,6980,10,True,nid004906,57783805
SINDI,doc_prune=0.1 query_prune=0.3 n_cand=200,64,0.9999426934,1.0000,68.8096,8.1487,0.0000,3.324139,3.320312;3.324139;3.326592;3.320284;3.326185,476.237679,2099.79,,24.55,0,6980,10,True,nid004906,57783805
SINDI,doc_prune=0.1 query_prune=0.5 n_cand=200,64,0.9999426934,1.0000,68.8096,8.1487,0.0000,2.518148,2.513753;2.518148;2.525396;2.514412;2.521554,360.766189,2771.88,,24.55,0,6980,10,True,nid004906,57783805
SINDI,doc_prune=0.1 query_prune=0.5 n_cand=1000,64,0.9999426934,1.0000,68.8096,8.1487,0.0000,2.628125,2.623951;2.626305;2.628125;2.630039;2.632826,376.522206,2655.89,,24.55,0,6980,10,True,nid004906,57783805
SINDI,doc_prune=0.1 query_prune=0.5 n_cand=5000,64,0.9999426934,1.0000,68.8096,8.1487,0.0000,3.306381,3.302002;3.309986;3.306381;3.308437;3.301814,473.693553,2111.07,,24.55,0,6980,10,True,nid004906,57783805
SINDI,doc_prune=0.2 query_prune=0 n_cand=200,64,0.9999426934,1.0000,63.0529,8.1487,0.0000,3.623661,3.616318;3.623765;3.623661;3.625355;3.615220,519.149140,1926.23,,24.55,0,6980,10,True,nid004906,57783805
SINDI,doc_prune=0.2 query_prune=0.2 n_cand=1000,64,0.9999426934,1.0000,63.0529,8.1487,0.0000,3.251320,3.227325;3.242817;3.253043;3.255831;3.251320,465.805158,2146.82,,24.55,0,6980,10,True,nid004906,57783805
SINDI,doc_prune=0.2 query_prune=0.2 n_cand=5000,64,0.9999426934,1.0000,63.0529,8.1487,0.0000,3.868387,3.865404;3.872959;3.877576;3.864475;3.868387,554.210172,1804.37,,24.55,0,6980,10,True,nid004906,57783805
SINDI,doc_prune=0.2 query_prune=0.3 n_cand=1000,64,0.9999426934,1.0000,63.0529,8.1487,0.0000,2.966451,2.951024;2.950318;2.966451;2.968719;2.976498,424.992980,2352.98,,24.55,0,6980,10,True,nid004906,57783805
SINDI,doc_prune=0.3 query_prune=0 n_cand=5000,64,0.9999426934,1.0000,59.3424,8.1487,0.0000,3.905334,3.905334;3.898123;3.913317;3.912424;3.902373,559.503438,1787.30,,24.55,0,6980,10,True,nid004906,57783805
SINDI,doc_prune=0.3 query_prune=0.3 n_cand=1000,64,0.9999426934,1.0000,59.3424,8.1487,0.0000,2.547693,2.534363;2.547693;2.548643;2.547672;2.547942,364.998997,2739.73,,24.55,0,6980,10,True,nid004906,57783805
SINDI,doc_prune=0.3 query_prune=0.5 n_cand=1000,64,0.9999426934,1.0000,59.3424,8.1487,0.0000,1.952636,1.952255;1.957190;1.954719;1.948396;1.952636,279.747278,3574.65,,24.55,0,6980,10,True,nid004906,57783805
SINDI,doc_prune=0 query_prune=0.2 n_cand=20,64,0.9999426934,1.0000,96.6554,8.1156,0.0000,8.416038,8.416038;8.415662;8.419969;8.420019;8.413042,1205.736103,829.37,,30.23,0,6980,10,True,nid004907,57783806
SINDI,doc_prune=0 query_prune=0.2 n_cand=50,64,0.9999426934,1.0000,96.6554,8.1156,0.0000,8.412294,8.418313;8.409600;8.422533;8.411872;8.412294,1205.199713,829.74,,30.23,0,6980,10,True,nid004907,57783806
SINDI,doc_prune=0 query_prune=0.3 n_cand=200,64,0.9999426934,1.0000,96.6554,8.1156,0.0000,7.425476,7.418590;7.428810;7.428166;7.425476;7.420125,1063.821777,940.01,,30.23,0,6980,10,True,nid004907,57783806
SINDI,doc_prune=0 query_prune=0.5 n_cand=1000,64,0.9999426934,1.0000,96.6554,8.1156,0.0000,5.598616,5.598754;5.598616;5.580582;5.608161;5.592421,802.093983,1246.74,,30.23,0,6980,10,True,nid004907,57783806
SINDI,doc_prune=0.1 query_prune=0 n_cand=200,64,0.9999426934,1.0000,77.9615,8.1156,0.0000,6.964648,6.946065;6.964648;6.944398;6.994366;7.002531,997.800573,1002.20,,30.23,0,6980,10,True,nid004907,57783806
SINDI,doc_prune=0.1 query_prune=0.2 n_cand=50,64,0.9999426934,1.0000,77.9615,8.1156,0.0000,6.226837,6.194433;6.194817;6.229359;6.226837;6.250998,892.096991,1120.95,,30.23,0,6980,10,True,nid004907,57783806
SINDI,doc_prune=0.2 query_prune=0 n_cand=5000,64,0.9999426934,1.0000,71.0080,8.1156,0.0000,7.426252,7.397819;7.408774;7.433679;7.447213;7.426252,1063.932951,939.91,,30.23,0,6980,10,True,nid004907,57783806
SINDI,doc_prune=0.2 query_prune=0.1 n_cand=1000,64,0.9999426934,1.0000,71.0080,8.1156,0.0000,6.411172,6.400000;6.418468;6.411172;6.395236;6.444796,918.506017,1088.72,,30.23,0,6980,10,True,nid004907,57783806
SINDI,doc_prune=0.2 query_prune=0.1 n_cand=5000,64,0.9999426934,1.0000,71.0080,8.1156,0.0000,6.923420,6.911715;6.929629;6.927537;6.923420;6.919161,991.893983,1008.17,,30.23,0,6980,10,True,nid004907,57783806
SINDI,doc_prune=0.2 query_prune=0.2 n_cand=5000,64,0.9999426934,1.0000,71.0080,8.1156,0.0000,6.497514,6.484118;6.497514;6.480726;6.522431;6.525484,930.875931,1074.26,,30.23,0,6980,10,True,nid004907,57783806
SINDI,doc_prune=0.2 query_prune=0.3 n_cand=1000,64,0.9999426934,1.0000,71.0080,8.1156,0.0000,5.498903,5.455836;5.503053;5.498903;5.476271;5.516900,787.808453,1269.34,,30.23,0,6980,10,True,nid004907,57783806
SINDI,doc_prune=0.2 query_prune=0.5 n_cand=200,64,0.9999426934,1.0000,71.0080,8.1156,0.0000,4.074780,4.069004;4.074780;4.098692;4.077064;4.073789,583.779370,1712.98,,30.23,0,6980,10,True,nid004907,57783806
SINDI,doc_prune=0.2 query_prune=0.5 n_cand=5000,64,0.9999426934,1.0000,71.0080,8.1156,0.0000,4.693006,4.688046;4.693832;4.693006;4.691682;4.695834,672.350430,1487.32,,30.23,0,6980,10,True,nid004907,57783806
SINDI,doc_prune=0.3 query_prune=0 n_cand=1000,64,0.9999426934,1.0000,66.8358,8.1156,0.0000,6.518968,6.496078;6.530633;6.514620;6.565996;6.518968,933.949570,1070.72,,30.23,0,6980,10,True,nid004907,57783806
SINDI,doc_prune=0.3 query_prune=0.3 n_cand=1000,64,0.9999426934,1.0000,66.8358,8.1156,0.0000,4.940147,4.942118;4.935292;4.957203;4.919558;4.940147,707.757450,1412.91,,30.23,0,6980,10,True,nid004907,57783806
SINDI,doc_prune=0.3 query_prune=0.5 n_cand=1000,64,0.9999426934,1.0000,66.8358,8.1156,0.0000,3.747464,3.746359;3.742206;3.747464;3.759393;3.757112,536.885960,1862.59,,30.23,0,6980,10,True,nid004907,57783806
SINDI,doc_prune=0 query_prune=0.2 n_cand=5000,64,0.9999426934,1.0000,91.1434,8.0498,0.0000,7.139331,7.140682;7.139331;7.135655;7.156667;7.136720,1022.826791,977.68,,27.16,0,6980,10,True,nid004908,57783807
SINDI,doc_prune=0 query_prune=0.3 n_cand=50,64,0.9999426934,1.0000,91.1434,8.0498,0.0000,5.579816,5.579816;5.576924;5.579379;5.581704;5.584538,799.400573,1250.94,,27.16,0,6980,10,True,nid004908,57783807
SINDI,doc_prune=0.1 query_prune=0 n_cand=200,64,0.9999426934,1.0000,71.1817,8.0498,0.0000,4.498777,4.549647;4.493323;4.498777;4.522656;4.482188,644.523926,1551.53,,27.16,0,6980,10,True,nid004908,57783807
SINDI,doc_prune=0.1 query_prune=0.2 n_cand=50,64,0.9999426934,1.0000,71.1817,8.0498,0.0000,3.733636,3.735561;3.724680;3.730169;3.733636;3.738876,534.904871,1869.49,,27.16,0,6980,10,True,nid004908,57783807
SINDI,doc_prune=0.1 query_prune=0.5 n_cand=1000,64,0.9999426934,1.0000,71.1817,8.0498,0.0000,2.574921,2.575426;2.574921;2.570372;2.573671;2.575934,368.899857,2710.76,,27.16,0,6980,10,True,nid004908,57783807
SINDI,doc_prune=0.2 query_prune=0 n_cand=200,64,0.9999426934,1.0000,64.3194,8.0498,0.0000,3.299909,3.299440;3.299909;3.301832;3.299263;3.304977,472.766332,2115.21,,27.16,0,6980,10,True,nid004908,57783807
SINDI,doc_prune=0.2 query_prune=0.3 n_cand=1000,64,0.9999426934,1.0000,64.3194,8.0498,0.0000,2.546342,2.546227;2.547692;2.546342;2.546819;2.546171,364.805444,2741.19,,27.16,0,6980,10,True,nid004908,57783807
SINDI,doc_prune=0.2 query_prune=0.5 n_cand=1000,64,0.9999426934,1.0000,64.3194,8.0498,0.0000,1.987365,1.990801;1.976020;1.981565;1.987365;1.988161,284.722779,3512.19,,27.16,0,6980,10,True,nid004908,57783807
SINDI,doc_prune=0.2 query_prune=0.5 n_cand=5000,64,0.9999426934,1.0000,64.3194,8.0498,0.0000,2.528769,2.528034;2.528769;2.525443;2.531052;2.529115,362.287822,2760.24,,27.16,0,6980,10,True,nid004908,57783807
SINDI,doc_prune=0.3 query_prune=0.5 n_cand=5000,64,0.9999426934,1.0000,60.3300,8.0498,0.0000,2.105355,2.108955;2.107783;2.105355;2.103783;2.104032,301.626791,3315.36,,27.16,0,6980,10,True,nid004908,57783807
SINDI,doc_prune=0 query_prune=0 n_cand=200,64,0.9999570201,1.0000,91.4632,8.1851,0.0000,7.440067,7.439745;7.448564;7.438096;7.440067;7.465743,1065.912178,938.16,,27.38,0,6980,10,True,nid004904,57783803
SINDI,doc_prune=0 query_prune=0.1 n_cand=1000,64,0.9999570201,1.0000,91.4632,8.1851,0.0000,6.833011,6.821266;6.840120;6.826155;6.843207;6.833011,978.941404,1021.51,,27.38,0,6980,10,True,nid004904,57783803
SINDI,doc_prune=0 query_prune=0.2 n_cand=200,64,0.9999570201,1.0000,91.4632,8.1851,0.0000,6.525728,6.524786;6.532033;6.525728;6.533873;6.517434,934.918052,1069.61,,27.38,0,6980,10,True,nid004904,57783803
SINDI,doc_prune=0.2 query_prune=0.3 n_cand=200,64,0.9999570201,1.0000,65.3485,8.1851,0.0000,2.568836,2.568836;2.576130;2.566977;2.567686;2.571947,368.028080,2717.18,,27.38,0,6980,10,True,nid004904,57783803
SINDI,doc_prune=0.2 query_prune=0.3 n_cand=5000,64,0.9999570201,1.0000,65.3485,8.1851,0.0000,3.189940,3.188602;3.192485;3.189039;3.189940;3.194762,457.011461,2188.13,,27.38,0,6980,10,True,nid004904,57783803
SINDI,doc_prune=0.2 query_prune=0.5 n_cand=1000,64,0.9999570201,1.0000,65.3485,8.1851,0.0000,2.080186,2.080658;2.078680;2.080186;2.077845;2.091818,298.020917,3355.47,,27.38,0,6980,10,True,nid004904,57783803
SINDI,doc_prune=0.3 query_prune=0 n_cand=5000,64,0.9999570201,1.0000,61.5150,8.1851,0.0000,3.257099,3.258025;3.257099;3.256799;3.258525;3.254005,466.633095,2143.01,,27.38,0,6980,10,True,nid004904,57783803
SINDI,doc_prune=0.3 query_prune=0.3 n_cand=5000,64,0.9999570201,1.0000,61.5150,8.1851,0.0000,2.606389,2.608537;2.606389;2.603279;2.598619;2.606700,373.408166,2678.03,,27.38,0,6980,10,True,nid004904,57783803
SINDI,doc_prune=0 query_prune=0 n_cand=1000,64,0.9999570201,1.0000,77.5082,8.0978,0.0000,5.479487,5.502304;5.469374;5.493440;5.463491;5.479487,785.026791,1273.84,,23.07,0,6980,10,True,nid004905,57783804
SINDI,doc_prune=0 query_prune=0.1 n_cand=5000,64,0.9999570201,1.0000,77.5082,8.0978,0.0000,5.273196,5.273845;5.268754;5.272605;5.273196;5.273963,755.472206,1323.68,,23.08,0,6980,10,True,nid004905,57783804
SINDI,doc_prune=0 query_prune=0.3 n_cand=200,64,0.9999570201,1.0000,77.5082,8.0978,0.0000,4.696642,4.696642;4.696898;4.695444;4.695966;4.697628,672.871347,1486.17,,23.08,0,6980,10,True,nid004905,57783804
SINDI,doc_prune=0 query_prune=0.3 n_cand=1000,64,0.9999570201,1.0000,77.5082,8.0978,0.0000,4.850121,4.849584;4.851737;4.849868;4.850121;4.850182,694.859742,1439.14,,23.08,0,6980,10,True,nid004905,57783804
SINDI,doc_prune=0.1 query_prune=0 n_cand=200,64,0.9999570201,1.0000,65.8598,8.0978,0.0000,3.596111,3.596111;3.601253;3.612503;3.588177;3.592937,515.202149,1940.99,,23.08,0,6980,10,True,nid004905,57783804
SINDI,doc_prune=0.1 query_prune=0.3 n_cand=1000,64,0.9999570201,1.0000,65.8598,8.0978,0.0000,2.884397,2.884047;2.885577;2.883350;2.886219;2.884397,413.237393,2419.92,,23.08,0,6980,10,True,nid004905,57783804
SINDI,doc_prune=0.1 query_prune=0.3 n_cand=5000,64,0.9999570201,1.0000,65.8598,8.0978,0.0000,3.573186,3.573105;3.573186;3.572795;3.575450;3.573986,511.917765,1953.44,,23.08,0,6980,10,True,nid004905,57783804
SINDI,doc_prune=0.2 query_prune=0 n_cand=200,64,0.9999570201,1.0000,61.3432,8.0978,0.0000,2.804031,2.823685;2.799859;2.804031;2.798515;2.808270,401.723639,2489.27,,23.08,0,6980,10,True,nid004905,57783804
SINDI,doc_prune=0 query_prune=0 n_cand=1000,64,0.9999570201,1.0000,84.4698,8.1487,0.0000,6.410700,6.410700;6.448896;6.353602;6.408893;6.411356,918.438395,1088.80,,24.55,0,6980,10,True,nid004906,57783805
SINDI,doc_prune=0 query_prune=0.1 n_cand=200,64,0.9999570201,1.0000,84.4698,8.1487,0.0000,5.848669,5.832493;5.870326;5.857281;5.848669;5.783020,837.918195,1193.43,,24.55,0,6980,10,True,nid004906,57783805
SINDI,doc_prune=0 query_prune=0.3 n_cand=200,64,0.9999570201,1.0000,84.4698,8.1487,0.0000,5.471753,5.467856;5.468152;5.471753;5.476030;5.489044,783.918768,1275.64,,24.55,0,6980,10,True,nid004906,57783805
SINDI,doc_prune=0 query_prune=0.3 n_cand=1000,64,0.9999570201,1.0000,84.4698,8.1487,0.0000,5.623242,5.618586;5.620563;5.624134;5.623242;5.630815,805.622063,1241.28,,24.55,0,6980,10,True,nid004906,57783805
SINDI,doc_prune=0 query_prune=0.5 n_cand=200,64,0.9999570201,1.0000,84.4698,8.1487,0.0000,3.998242,4.001618;3.998242;4.000046;3.997689;3.998203,572.814040,1745.77,,24.55,0,6980,10,True,nid004906,57783805
SINDI,doc_prune=0.1 query_prune=0.3 n_cand=5000,64,0.9999570201,1.0000,68.8096,8.1487,0.0000,4.151990,4.151990;4.149103;4.156325;4.148827;4.156001,594.840974,1681.12,,24.55,0,6980,10,True,nid004906,57783805
SINDI,doc_prune=0.2 query_prune=0.2 n_cand=200,64,0.9999570201,1.0000,63.0529,8.1487,0.0000,3.116442,3.116442;3.110454;3.109468;3.116912;3.127648,446.481662,2239.73,,24.55,0,6980,10,True,nid004906,57783805
SINDI,doc_prune=0.2 query_prune=0.3 n_cand=5000,64,0.9999570201,1.0000,63.0529,8.1487,0.0000,3.582691,3.578416;3.581088;3.586321;3.587336;3.582691,513.279513,1948.26,,24.55,0,6980,10,True,nid004906,57783805
SINDI,doc_prune=0 query_prune=0 n_cand=200,64,0.9999570201,1.0000,96.6554,8.1156,0.0000,9.279842,9.258682;9.269148;9.295756;9.297239;9.279842,1329.490258,752.17,,30.23,0,6980,10,True,nid004907,57783806
SINDI,doc_prune=0 query_prune=0.1 n_cand=1000,64,0.9999570201,1.0000,96.6554,8.1156,0.0000,8.503463,8.503463;8.506698;8.501421;8.514680;8.491791,1218.261175,820.84,,30.23,0,6980,10,True,nid004907,57783806
SINDI,doc_prune=0 query_prune=0.3 n_cand=50,64,0.9999570201,1.0000,96.6554,8.1156,0.0000,7.390212,7.390212;7.390778;7.388370;7.389738;7.392115,1058.769628,944.49,,30.23,0,6980,10,True,nid004907,57783806
SINDI,doc_prune=0.1 query_prune=0.1 n_cand=5000,64,0.9999570201,1.0000,77.9615,8.1156,0.0000,7.311768,7.302935;7.311768;7.336702;7.297748;7.326198,1047.531232,954.63,,30.23,0,6980,10,True,nid004907,57783806
SINDI,doc_prune=0.2 query_prune=0 n_cand=1000,64,0.9999570201,1.0000,71.0080,8.1156,0.0000,6.816750,6.816750;6.791361;6.803656;6.845791;6.860440,976.611748,1023.95,,30.23,0,6980,10,True,nid004907,57783806
SINDI,doc_prune=0.3 query_prune=0.3 n_cand=5000,64,0.9999570201,1.0000,66.8358,8.1156,0.0000,5.439148,5.409322;5.439148;5.412771;5.462985;5.453317,779.247564,1283.29,,30.23,0,6980,10,True,nid004907,57783806
SINDI,doc_prune=0 query_prune=0 n_cand=200,64,0.9999570201,1.0000,91.1434,8.0498,0.0000,7.346938,7.376060;7.320871;7.348516;7.330315;7.346938,1052.569914,950.06,,27.16,0,6980,10,True,nid004908,57783807
SINDI,doc_prune=0 query_prune=0.1 n_cand=1000,64,0.9999570201,1.0000,91.1434,8.0498,0.0000,6.742302,6.742302;6.707796;6.779715;6.747137;6.717951,965.945845,1035.25,,27.16,0,6980,10,True,nid004908,57783807
SINDI,doc_prune=0 query_prune=0.2 n_cand=50,64,0.9999570201,1.0000,91.1434,8.0498,0.0000,6.376803,6.379626;6.376803;6.372605;6.386516;6.372824,913.582092,1094.59,,27.16,0,6980,10,True,nid004908,57783807
SINDI,doc_prune=0 query_prune=0.2 n_cand=1000,64,0.9999570201,1.0000,91.1434,8.0498,0.0000,6.508688,6.505922;6.508836;6.500881;6.508688;6.509647,932.476791,1072.41,,27.16,0,6980,10,True,nid004908,57783807
SINDI,doc_prune=0.1 query_prune=0 n_cand=5000,64,0.9999570201,1.0000,71.1817,8.0498,0.0000,5.057366,5.057366;5.058708;5.045344;5.035908;5.057555,724.551003,1380.17,,27.16,0,6980,10,True,nid004908,57783807
SINDI,doc_prune=0.1 query_prune=0.2 n_cand=5000,64,0.9999570201,1.0000,71.1817,8.0498,0.0000,4.442532,4.442532;4.440966;4.444664;4.442470;4.447910,636.465903,1571.18,,27.16,0,6980,10,True,nid004908,57783807
SINDI,doc_prune=0.1 query_prune=0.3 n_cand=200,64,0.9999570201,1.0000,71.1817,8.0498,0.0000,3.330969,3.326247;3.335200;3.330969;3.328595;3.330973,477.216189,2095.49,,27.16,0,6980,10,True,nid004908,57783807
SINDI,doc_prune=0.2 query_prune=0.2 n_cand=200,64,0.9999570201,1.0000,64.3194,8.0498,0.0000,2.743992,2.743992;2.745608;2.736863;2.740737;2.744321,393.122063,2543.74,,27.16,0,6980,10,True,nid004908,57783807
SINDI,doc_prune=0 query_prune=0 n_cand=20,64,0.9999713467,1.0000,91.4632,8.1851,0.0000,7.438614,7.462381;7.407094;7.461644;7.438614;7.433116,1065.704011,938.35,,27.38,0,6980,10,True,nid004904,57783803
SINDI,doc_prune=0 query_prune=0 n_cand=1000,64,0.9999713467,1.0000,91.4632,8.1851,0.0000,7.543295,7.543295;7.554279;7.504023;7.552399;7.531340,1080.701289,925.33,,27.38,0,6980,10,True,nid004904,57783803
SINDI,doc_prune=0.1 query_prune=0.1 n_cand=1000,64,0.9999713467,1.0000,71.9417,8.1851,0.0000,4.179234,4.173577;4.179234;4.193419;4.195408;4.161944,598.744126,1670.16,,27.38,0,6980,10,True,nid004904,57783803
SINDI,doc_prune=0.1 query_prune=0.1 n_cand=5000,64,0.9999713467,1.0000,71.9417,8.1851,0.0000,4.655344,4.655344;4.648709;4.659545;4.667491;4.650354,666.954728,1499.35,,27.38,0,6980,10,True,nid004904,57783803
SINDI,doc_prune=0 query_prune=0.1 n_cand=20,64,0.9999713467,1.0000,77.5082,8.0978,0.0000,4.973612,4.996361;4.938002;5.001745;4.973612;4.970229,712.551862,1403.41,,23.08,0,6980,10,True,nid004905,57783804
SINDI,doc_prune=0.2 query_prune=0.1 n_cand=1000,64,0.9999713467,1.0000,61.3432,8.0978,0.0000,2.639227,2.640842;2.635331;2.640728;2.638600;2.639227,378.112751,2644.71,,23.08,0,6980,10,True,nid004905,57783804
SINDI,doc_prune=0.2 query_prune=0.5 n_cand=1000,64,0.9999713467,1.0000,61.3432,8.0978,0.0000,1.777216,1.778886;1.777032;1.777216;1.798425;1.776711,254.615473,3927.49,,23.08,0,6980,10,True,nid004905,57783804
SINDI,doc_prune=0 query_prune=0 n_cand=20,64,0.9999713467,1.0000,84.4698,8.1487,0.0000,6.414589,6.372180;6.366568;6.427641;6.451305;6.414589,918.995559,1088.14,,24.55,0,6980,10,True,nid004906,57783805
SINDI,doc_prune=0 query_prune=0 n_cand=50,64,0.9999713467,1.0000,84.4698,8.1487,0.0000,6.397639,6.404673;6.397639;6.458424;6.346917;6.352710,916.567192,1091.03,,24.55,0,6980,10,True,nid004906,57783805
SINDI,doc_prune=0.2 query_prune=0 n_cand=5000,64,0.9999713467,1.0000,63.0529,8.1487,0.0000,4.399486,4.380075;4.403873;4.396116;4.407123;4.399486,630.298854,1586.55,,24.55,0,6980,10,True,nid004906,57783805
SINDI,doc_prune=0 query_prune=0 n_cand=20,64,0.9999713467,1.0000,96.6554,8.1156,0.0000,9.225920,9.279443;9.243494;9.225920;9.220932;9.225634,1321.765043,756.56,,30.23,0,6980,10,True,nid004907,57783806
SINDI,doc_prune=0 query_prune=0 n_cand=1000,64,0.9999713467,1.0000,96.6554,8.1156,0.0000,9.386091,9.399443;9.379308;9.403258;9.380406;9.386091,1344.712178,743.65,,30.23,0,6980,10,True,nid004907,57783806
SINDI,doc_prune=0.1 query_prune=0 n_cand=5000,64,0.9999713467,1.0000,77.9615,8.1156,0.0000,7.756551,7.760876;7.756551;7.745957;7.778371;7.741856,1111.253725,899.88,,30.23,0,6980,10,True,nid004907,57783806
SINDI,doc_prune=0.1 query_prune=0.1 n_cand=1000,64,0.9999713467,1.0000,77.9615,8.1156,0.0000,6.694647,6.678936;6.669001;6.695170;6.760758;6.694647,959.118481,1042.62,,30.23,0,6980,10,True,nid004907,57783806
SINDI,doc_prune=0.1 query_prune=0.2 n_cand=1000,64,0.9999713467,1.0000,77.9615,8.1156,0.0000,6.470135,6.453264;6.465043;6.483780;6.470135;6.479916,926.953438,1078.80,,30.23,0,6980,10,True,nid004907,57783806
SINDI,doc_prune=0 query_prune=0 n_cand=20,64,0.9999713467,1.0000,91.1434,8.0498,0.0000,7.328646,7.328646;7.292379;7.356136;7.336552;7.320836,1049.949284,952.43,,27.16,0,6980,10,True,nid004908,57783807
SINDI,doc_prune=0 query_prune=0 n_cand=1000,64,0.9999713467,1.0000,91.1434,8.0498,0.0000,7.434824,7.410761;7.434824;7.430651;7.434902;7.442446,1065.161032,938.83,,27.16,0,6980,10,True,nid004908,57783807
SINDI,doc_prune=0 query_prune=0.2 n_cand=20,64,0.9999713467,1.0000,91.1434,8.0498,0.0000,6.373008,6.369108;6.373008;6.370432;6.382615;6.383314,913.038395,1095.24,,27.16,0,6980,10,True,nid004908,57783807
SINDI,doc_prune=0.1 query_prune=0.1 n_cand=1000,64,0.9999713467,1.0000,71.1817,8.0498,0.0000,4.178780,4.178780;4.161422;4.212553;4.182252;4.170732,598.679083,1670.34,,27.16,0,6980,10,True,nid004908,57783807
SINDI,doc_prune=0.1 query_prune=0.1 n_cand=5000,64,0.9999713467,1.0000,71.1817,8.0498,0.0000,4.665783,4.654308;4.665783;4.654256;4.677848;4.674250,668.450287,1496.00,,27.16,0,6980,10,True,nid004908,57783807
SINDI,doc_prune=0.2 query_prune=0.1 n_cand=1000,64,0.9999713467,1.0000,64.3194,8.0498,0.0000,3.105199,3.108441;3.105871;3.102570;3.105199;3.103604,444.870917,2247.84,,27.16,0,6980,10,True,nid004908,57783807
SINDI,doc_prune=0.3 query_prune=0.1 n_cand=5000,64,0.9999713467,1.0000,60.3300,8.0498,0.0000,2.938543,2.939339;2.937690;2.937125;2.938543;2.939602,420.994699,2375.33,,27.16,0,6980,10,True,nid004908,57783807
SINDI,doc_prune=0 query_prune=0.2 n_cand=1000,64,0.9999856734,1.0000,91.4632,8.1851,0.0000,6.635487,6.635487;6.631047;6.640204;6.636368;6.634917,950.642837,1051.92,,27.38,0,6980,10,True,nid004904,57783803
SINDI,doc_prune=0.1 query_prune=0 n_cand=5000,64,0.9999856734,1.0000,71.9417,8.1851,0.0000,5.033139,5.031004;5.031569;5.033139;5.040613;5.035571,721.080086,1386.81,,27.38,0,6980,10,True,nid004904,57783803
SINDI,doc_prune=0.2 query_prune=0.5 n_cand=1000,64,0.9999856734,1.0000,63.0529,8.1487,0.0000,2.301543,2.291365;2.302866;2.295968;2.308786;2.301543,329.733954,3032.75,,24.55,0,6980,10,True,nid004906,57783805
SINDI,doc_prune=0.2 query_prune=0.5 n_cand=1000,64,0.9999856734,1.0000,71.0080,8.1156,0.0000,4.180163,4.177759;4.192317;4.180163;4.177608;4.186692,598.877221,1669.79,,30.23,0,6980,10,True,nid004907,57783806
SINDI,doc_prune=0 query_prune=0.5 n_cand=5000,64,0.9999856734,1.0000,91.1434,8.0498,0.0000,4.754054,4.753887;4.754054;4.751390;4.756785;4.758122,681.096562,1468.22,,27.16,0,6980,10,True,nid004908,57783807
SparseHNSW,M=32 efC=200 ef=20 alpha=0.8 beta=2 q=u8,64,0.8232808023,0.8936,382.5750,2.1566,0.0000,0.021331,0.021388;0.021331;0.021345;0.021242;0.021251,3.056017,327223.29,,12.53,0,6980,10,True,nid007080,57240768
SparseHNSW,M=32 efC=200 ef=20 alpha=0.775 beta=2 q=u8,64,0.8241547278,0.8938,362.4608,2.1495,0.0000,0.021339,0.021421;0.021403;0.021274;0.021276;0.021339,3.057163,327100.61,,12.48,0,6980,10,True,nid007080,57240768
SparseHNSW,M=32 efC=200 ef=20 alpha=0.825 beta=2 q=u8,64,0.8332521490,0.8998,404.6071,2.1488,0.0000,0.021594,0.021724;0.021629;0.021594;0.021555;0.021556,3.093696,323237.94,,12.66,0,6980,10,True,nid007080,57240768
SparseHNSW,M=32 efC=200 ef=20 alpha=0.85 beta=2 q=u8,64,0.8336103152,0.8986,428.7092,2.1512,0.0000,0.021727,0.021832;0.021807;0.021727;0.021723;0.021686,3.112751,321259.26,,12.74,0,6980,10,True,nid007080,57240768
SparseHNSW,M=32 efC=200 ef=20 alpha=0.9 beta=2 q=u8,64,0.8362750716,0.9006,486.3459,2.1523,0.0000,0.022197,0.022321;0.022289;0.022197;0.022118;0.022187,3.180086,314456.91,,13.03,0,6980,10,True,nid007080,57240768
SparseHNSW,M=32 efC=200 ef=25 alpha=0.8 beta=2 q=u8,64,0.8474355301,0.9115,382.5750,2.1566,0.0000,0.024617,0.024638;0.024708;0.024564;0.024606;0.024617,3.526791,283543.89,,12.53,0,6980,10,True,nid007080,57240768
SparseHNSW,M=32 efC=200 ef=25 alpha=0.825 beta=2 q=u8,64,0.8536103152,0.9138,404.6071,2.1488,0.0000,0.024788,0.024859;0.024875;0.024788;0.024732;0.024758,3.551289,281587.87,,12.66,0,6980,10,True,nid007080,57240768
SparseHNSW,M=32 efC=200 ef=25 alpha=0.85 beta=2 q=u8,64,0.8562750716,0.9149,428.7092,2.1512,0.0000,0.025010,0.025084;0.025067;0.024998;0.024960;0.025010,3.583095,279088.36,,12.74,0,6980,10,True,nid007080,57240768
SparseHNSW,M=32 efC=200 ef=25 alpha=0.9 beta=2 q=u8,64,0.8596418338,0.9168,486.3459,2.1523,0.0000,0.025660,0.025660;0.025694;0.025684;0.025585;0.025544,3.676218,272018.71,,13.03,0,6980,10,True,nid007080,57240768
SparseHNSW,M=32 efC=200 ef=30 alpha=0.75 beta=2 q=u8 seedT=8 seedH=8 seedS=4,64,0.9023925501,0.9673,343.9666,2.1519,0.0000,0.026761,0.026819;0.026808;0.026761;0.026643;0.026716,3.833954,260827.32,,12.37,0,6980,10,True,nid007080,57240768
SparseHNSW,M=32 efC=200 ef=30 alpha=0.8 beta=2 q=u8 seedT=8 seedH=8 seedS=4,64,0.9096418338,0.9681,382.5750,2.1566,0.0000,0.026763,0.026763;0.026804;0.026689;0.026773;0.026674,3.834241,260807.83,,12.53,0,6980,10,True,nid007080,57240768
SparseHNSW,M=32 efC=200 ef=30 alpha=0.825 beta=2 q=u8 seedT=8 seedH=8 seedS=4,64,0.9149713467,0.9693,404.6071,2.1488,0.0000,0.026946,0.027028;0.026924;0.026946;0.026984;0.026942,3.860458,259036.59,,12.66,0,6980,10,True,nid007080,57240768
SparseHNSW,M=32 efC=200 ef=30 alpha=0.8 beta=3 q=u8 seedT=8 seedH=8 seedS=4,64,0.9155157593,0.9681,382.5750,2.1566,0.0000,0.027114,0.027107;0.027114;0.027116;0.027118;0.027106,3.884527,257431.59,,12.53,0,6980,10,True,nid007080,57240768
SparseHNSW,M=32 efC=200 ef=30 alpha=0.85 beta=2 q=u8 seedT=8 seedH=8 seedS=4,64,0.9161747851,0.9685,428.7092,2.1512,0.0000,0.027162,0.027234;0.027162;0.027126;0.027165;0.027150,3.891404,256976.66,,12.74,0,6980,10,True,nid007080,57240768
SparseHNSW,M=32 efC=200 ef=30 alpha=0.775 beta=3 q=u8 seedT=8 seedH=8 seedS=4,64,0.9165759312,0.9686,362.4608,2.1495,0.0000,0.027232,0.027194;0.027232;0.027232;0.027259;0.027282,3.901433,256316.10,,12.48,0,6980,10,True,nid007080,57240768
SparseHNSW,M=32 efC=200 ef=30 alpha=0.825 beta=3 q=u8 seedT=8 seedH=8 seedS=4,64,0.9185243553,0.9693,404.6071,2.1488,0.0000,0.027360,0.027501;0.027360;0.027479;0.027331;0.027341,3.919771,255116.96,,12.66,0,6980,10,True,nid007080,57240768
SparseHNSW,M=32 efC=200 ef=35 alpha=0.775 beta=3 q=u8 seedT=8 seedH=8 seedS=4,64,0.9202578797,0.9710,362.4608,2.1495,0.0000,0.028505,0.028505;0.028557;0.028537;0.028477;0.028456,4.083811,244869.32,,12.48,0,6980,10,True,nid007080,57240768
SparseHNSW,M=32 efC=200 ef=35 alpha=0.825 beta=3 q=u8 seedT=8 seedH=8 seedS=4,64,0.9216905444,0.9715,404.6071,2.1488,0.0000,0.028859,0.028796;0.028859;0.028867;0.028697;0.028880,4.134527,241865.62,,12.66,0,6980,10,True,nid007080,57240768
SparseHNSW,M=32 efC=200 ef=40 alpha=0.75 beta=3 q=u8 seedT=8 seedH=8 seedS=4,64,0.9227650430,0.9732,343.9666,2.1519,0.0000,0.031504,0.031501;0.031596;0.031519;0.031483;0.031504,4.513467,221559.17,,12.37,0,6980,10,True,nid007080,57240768
SparseHNSW,M=32 efC=200 ef=40 alpha=0.825 beta=2 q=u8 seedT=8 seedH=8 seedS=4,64,0.9242263610,0.9745,404.6071,2.1488,0.0000,0.031537,0.031537;0.031580;0.031537;0.031462;0.031483,4.518195,221327.33,,12.66,0,6980,10,True,nid007080,57240768
SparseHNSW,M=32 efC=200 ef=40 alpha=0.775 beta=3 q=u8 seedT=8 seedH=8 seedS=4,64,0.9261604585,0.9739,362.4608,2.1495,0.0000,0.031544,0.031640;0.031612;0.031526;0.031377;0.031544,4.519198,221278.21,,12.48,0,6980,10,True,nid007080,57240768
SparseHNSW,M=32 efC=200 ef=30 alpha=0.775 beta=4 q=u8 seedT=8 seedH=8 seedS=4,64,0.9280515759,0.9739,362.4608,2.1495,0.0000,0.031806,0.031806;0.032008;0.032070;0.031733;0.031695,4.556734,219455.45,,12.48,0,6980,10,True,nid007080,57240768
SparseHNSW,M=32 efC=200 ef=40 alpha=0.825 beta=4 q=u8 seedT=8 seedH=8 seedS=4,64,0.9287249284,0.9745,404.6071,2.1488,0.0000,0.032252,0.032361;0.032252;0.032190;0.032235;0.032337,4.620630,216420.69,,12.66,0,6980,10,True,nid007080,57240768
SparseHNSW,M=32 efC=200 ef=50 alpha=0.775 beta=3 q=u8 seedT=8 seedH=8 seedS=4,64,0.9365902579,0.9801,362.4608,2.1495,0.0000,0.037358,0.037507;0.037545;0.037351;0.037358;0.037202,5.352149,186840.84,,12.48,0,6980,10,True,nid007080,57240768
SparseHNSW,M=32 efC=200 ef=50 alpha=0.775 beta=4 q=u8 seedT=8 seedH=8 seedS=4,64,0.9386389685,0.9801,362.4608,2.1495,0.0000,0.037644,0.037744;0.037703;0.037644;0.037623;0.037637,5.393123,185421.32,,12.48,0,6980,10,True,nid007080,57240768
SparseHNSW,M=32 efC=200 ef=40 alpha=0.775 beta=5 q=u8 seedT=8 seedH=8 seedS=4,64,0.9393123209,0.9801,362.4608,2.1495,0.0000,0.038075,0.038143;0.038102;0.038035;0.038075;0.037993,5.454871,183322.39,,12.48,0,6980,10,True,nid007080,57240768
SparseHNSW,M=32 efC=200 ef=60 alpha=0.775 beta=3 q=u8 seedT=8 seedH=8 seedS=4,64,0.9425358166,0.9835,362.4608,2.1495,0.0000,0.043032,0.043072;0.043034;0.042868;0.042908;0.043032,6.165043,162204.87,,12.48,0,6980,10,True,nid007080,57240768
SparseHNSW,M=32 efC=200 ef=60 alpha=0.775 beta=4 q=u8 seedT=8 seedH=8 seedS=4,64,0.9446275072,0.9835,362.4608,2.1495,0.0000,0.043412,0.043448;0.043538;0.043311;0.043412;0.043227,6.219484,160785.04,,12.48,0,6980,10,True,nid007080,57240768
SparseHNSW,M=32 efC=200 ef=60 alpha=0.775 beta=5 q=u8 seedT=8 seedH=8 seedS=4,64,0.9453008596,0.9835,362.4608,2.1495,0.0000,0.043727,0.043627;0.043727;0.043762;0.043684;0.043888,6.264613,159626.78,,12.48,0,6980,10,True,nid007080,57240768
SparseHNSW,M=32 efC=200 ef=75 alpha=0.775 beta=3 q=u8 seedT=8 seedH=8 seedS=4,64,0.9482664756,0.9864,362.4608,2.1495,0.0000,0.051252,0.051262;0.051120;0.051252;0.051436;0.051210,7.342693,136189.81,,12.48,0,6980,10,True,nid007080,57240768
SparseHNSW,M=32 efC=200 ef=75 alpha=0.775 beta=4 q=u8 seedT=8 seedH=8 seedS=4,64,0.9503868195,0.9864,362.4608,2.1495,0.0000,0.051728,0.051342;0.051899;0.051844;0.051728;0.051594,7.410888,134936.59,,12.48,0,6980,10,True,nid007080,57240768
SparseHNSW,M=32 efC=200 ef=75 alpha=0.775 beta=5 q=u8 seedT=8 seedH=8 seedS=4,64,0.9511461318,0.9864,362.4608,2.1495,0.0000,0.052000,0.051926;0.052114;0.052000;0.052077;0.051942,7.449857,134230.77,,12.48,0,6980,10,True,nid007080,57240768
SparseHNSW,M=32 efC=200 ef=75 alpha=0.85 beta=3 q=u8 seedT=8 seedH=8 seedS=4,64,0.9512893983,0.9857,428.7092,2.1512,0.0000,0.052683,0.052720;0.052424;0.052683;0.052818;0.052340,7.547708,132490.56,,12.74,0,6980,10,True,nid007080,57240768
SparseHNSW,M=32 efC=200 ef=75 alpha=0.85 beta=4 q=u8 seedT=8 seedH=8 seedS=4,64,0.9518338109,0.9857,428.7092,2.1512,0.0000,0.052922,0.053367;0.052810;0.053154;0.052922;0.052860,7.581948,131892.22,,12.74,0,6980,10,True,nid007080,57240768
SparseHNSW,M=32 efC=200 ef=75 alpha=0.85 beta=5 q=u8 seedT=8 seedH=8 seedS=4,64,0.9519340974,0.9857,428.7092,2.1512,0.0000,0.053547,0.053547;0.053589;0.053627;0.053090;0.053294,7.671490,130352.77,,12.74,0,6980,10,True,nid007080,57240768
SparseHNSW,M=32 efC=200 ef=50 alpha=0.75 beta=8 q=u8 seedT=8 seedH=8 seedS=4,64,0.9542693410,0.9876,333.7254,2.1960,0.0000,0.057113,0.057113;0.057403;0.057106,8.182378,122213.86,,12.41,0,6980,10,True,nid006971,57248608
SparseHNSW,M=32 efC=200 ef=100 alpha=0.85 beta=2 q=u8 seedT=8 seedH=8 seedS=4 pat=64,64,0.9554154728,0.9895,415.7936,2.1825,0.0000,0.061367,0.061367;0.061314;0.062072,8.791834,113741.91,,12.81,0,6980,10,True,nid006971,57248608
SparseHNSW,M=32 efC=200 ef=100 alpha=0.9 beta=2 q=u8 seedT=8 seedH=8 seedS=4 pat=64,64,0.9571776504,0.9884,472.9634,2.1764,0.0000,0.063893,0.063893;0.064299;0.063675,9.153725,109245.14,,13.09,0,6980,10,True,nid006971,57248608
SparseHNSW,M=32 efC=200 ef=100 alpha=0.85 beta=3 q=u8 seedT=8 seedH=8 seedS=4 pat=64,64,0.9596418338,0.9905,415.7936,2.1825,0.0000,0.065167,0.064853;0.065557;0.065167,9.336246,107109.43,,12.81,0,6980,10,True,nid006971,57248608
SparseHNSW,M=32 efC=200 ef=100 alpha=0.825 beta=5 q=u8 seedT=8 seedH=8 seedS=4,64,0.9597277937,0.9907,404.6071,2.1488,0.0000,0.066928,0.066858;0.067083;0.067496;0.066876;0.066928,9.588539,104291.18,,12.66,0,6980,10,True,nid007080,57240768
SparseHNSW,M=32 efC=200 ef=100 alpha=0.85 beta=4 q=u8 seedT=8 seedH=8 seedS=4,64,0.9601002865,0.9903,428.7092,2.1512,0.0000,0.067408,0.067432;0.067653;0.067313;0.067408;0.067251,9.657307,103548.54,,12.74,0,6980,10,True,nid007080,57240768
SparseHNSW,M=32 efC=200 ef=100 alpha=0.85 beta=5 q=u8 seedT=8 seedH=8 seedS=4,64,0.9602148997,0.9903,428.7092,2.1512,0.0000,0.067444,0.067205;0.068063;0.067788;0.067407;0.067444,9.662464,103493.27,,12.74,0,6980,10,True,nid007080,57240768
SparseHNSW,M=32 efC=200 ef=100 alpha=0.85 beta=4 q=u8 seedT=8 seedH=8 seedS=4 pat=64,64,0.9604871060,0.9905,415.7936,2.1825,0.0000,0.067840,0.067840;0.067786;0.068444,9.719198,102889.15,,12.81,0,6980,10,True,nid006971,57248608
SparseHNSW,M=32 efC=200 ef=200 alpha=0.85 beta=2 q=u8 seedT=8 seedH=8 seedS=4 pat=64,64,0.9610171920,0.9928,415.7936,2.1825,0.0000,0.068500,0.068500;0.069036;0.068240,9.813754,101897.81,,12.81,0,6980,10,True,nid006971,57248608
SparseHNSW,M=32 efC=200 ef=400 alpha=0.85 beta=2 q=u8 seedT=8 seedH=8 seedS=4 pat=64,64,0.9613323782,0.9930,415.7936,2.1825,0.0000,0.070421,0.071100;0.070421;0.070334,10.088968,99118.16,,12.81,0,6980,10,True,nid006971,57248608
SparseHNSW,M=32 efC=200 ef=200 alpha=0.9 beta=2 q=u8 seedT=8 seedH=8 seedS=4 pat=64,64,0.9623065903,0.9915,472.9634,2.1764,0.0000,0.070900,0.071079;0.070726;0.070900,10.157593,98448.52,,13.09,0,6980,10,True,nid006971,57248608
SparseHNSW,M=32 efC=200 ef=400 alpha=0.9 beta=2 q=u8 seedT=8 seedH=8 seedS=4 pat=64,64,0.9628796562,0.9920,472.9634,2.1764,0.0000,0.072791,0.072442;0.073470;0.072791,10.428510,95890.98,,13.09,0,6980,10,True,nid006971,57248608
SparseHNSW,M=32 efC=200 ef=200 alpha=0.8 beta=3 q=u8 seedT=8 seedH=8 seedS=4 pat=64,64,0.9631375358,0.9923,371.2342,2.1806,0.0000,0.074124,0.074083;0.074124;0.074343,10.619484,94166.53,,12.60,0,6980,10,True,nid006971,57248608
SparseHNSW,M=32 efC=200 ef=200 alpha=0.85 beta=3 q=u8 seedT=8 seedH=8 seedS=4 pat=64,64,0.9665759312,0.9943,415.7936,2.1825,0.0000,0.076704,0.076667;0.076704;0.077048,10.989112,90999.17,,12.81,0,6980,10,True,nid006971,57248608
SparseHNSW,M=32 efC=200 ef=400 alpha=0.85 beta=3 q=u8 seedT=8 seedH=8 seedS=4 pat=64,64,0.9670773639,0.9944,415.7936,2.1825,0.0000,0.078817,0.078817;0.078927;0.078599,11.291834,88559.57,,12.81,0,6980,10,True,nid006971,57248608
SparseHNSW,M=32 efC=200 ef=200 alpha=0.85 beta=4 q=u8 seedT=8 seedH=8 seedS=4 pat=64,64,0.9684240688,0.9947,415.7936,2.1825,0.0000,0.083617,0.083629;0.083617;0.083297,11.979513,83475.85,,12.81,0,6980,10,True,nid006971,57248608
SparseHNSW,M=32 efC=200 ef=400 alpha=0.85 beta=4 q=u8 seedT=8 seedH=8 seedS=4 pat=64,64,0.9692263610,0.9950,415.7936,2.1825,0.0000,0.087303,0.087303;0.087591;0.086976,12.507593,79951.43,,12.81,0,6980,10,True,nid006971,57248608
SparseHNSW,M=32 efC=200 ef=200 alpha=0.85 beta=5 q=u8 seedT=8 seedH=8 seedS=4 pat=64,64,0.9696561605,0.9951,415.7936,2.1825,0.0000,0.089296,0.089289;0.089296;0.089837,12.793123,78167.00,,12.81,0,6980,10,True,nid006971,57248608
SparseHNSW,M=32 efC=200 ef=400 alpha=0.85 beta=5 q=u8 seedT=8 seedH=8 seedS=4 pat=64,64,0.9708309456,0.9956,415.7936,2.1825,0.0000,0.094150,0.094150;0.094787;0.094107,13.488539,74137.02,,12.81,0,6980,10,True,nid006971,57248608
SparseHNSW,M=32 efC=200 ef=800 alpha=0.85 beta=5 q=u8 seedT=8 seedH=8 seedS=4 pat=64,64,0.9708452722,0.9956,415.7936,2.1825,0.0000,0.097297,0.097297;0.096846;0.098029,13.939398,71739.11,,12.81,0,6980,10,True,nid006971,57248608
SparseHNSW,M=32 efC=200 ef=400 alpha=0.85 beta=6 q=u8 seedT=8 seedH=8 seedS=4 pat=64,64,0.9717765043,0.9956,415.7936,2.1825,0.0000,0.100653,0.100653;0.100814;0.099359,14.420201,69347.16,,12.81,0,6980,10,True,nid006971,57248608
SparseHNSW,M=32 efC=200 ef=800 alpha=0.85 beta=6 q=u8 seedT=8 seedH=8 seedS=4 pat=64,64,0.9717908309,0.9956,415.7936,2.1825,0.0000,0.104896,0.105206;0.104128;0.104896,15.028080,66542.10,,12.81,0,6980,10,True,nid006971,57248608
SparseHNSW,M=32 efC=200 ef=200 alpha=0.85 beta=4 q=u8 seedT=8 seedH=8 seedS=4 pat=128,64,0.9722922636,0.9956,415.7936,2.1825,0.0000,0.111558,0.111082;0.111558;0.111700,15.982521,62568.35,,12.81,0,6980,10,True,nid006971,57248608
SparseHNSW,M=32 efC=200 ef=400 alpha=0.75 beta=8 q=u8 seedT=8 seedH=8 seedS=4 pat=64,64,0.9734527221,0.9964,333.7254,2.1960,0.0000,0.112453,0.112526;0.112231;0.112453,16.110745,62070.38,,12.41,0,6980,10,True,nid006971,57248608
SparseHNSW,M=32 efC=200 ef=800 alpha=0.75 beta=8 q=u8 seedT=8 seedH=8 seedS=4 pat=64,64,0.9735386819,0.9964,333.7254,2.1960,0.0000,0.116603,0.116738;0.116603;0.115868,16.705301,59861.24,,12.41,0,6980,10,True,nid006971,57248608
SparseHNSW,M=32 efC=200 ef=400 alpha=0.85 beta=3 q=u8 seedT=8 seedH=8 seedS=4 pat=128,64,0.9740114613,0.9964,415.7936,2.1825,0.0000,0.117035,0.117035;0.115579;0.117285,16.767192,59640.28,,12.81,0,6980,10,True,nid006971,57248608
SparseHNSW,M=32 efC=200 ef=400 alpha=0.9 beta=3 q=u8 seedT=8 seedH=8 seedS=4 pat=128,64,0.9746848138,0.9967,472.9634,2.1764,0.0000,0.121624,0.121731;0.121624;0.121579,17.424642,57389.99,,13.09,0,6980,10,True,nid006971,57248608
SparseHNSW,M=32 efC=200 ef=800 alpha=0.9 beta=3 q=u8 seedT=8 seedH=8 seedS=4 pat=128,64,0.9747851003,0.9967,472.9634,2.1764,0.0000,0.123952,0.124399;0.123094;0.123952,17.758166,56312.12,,13.09,0,6980,10,True,nid006971,57248608
SparseHNSW,M=32 efC=200 ef=400 alpha=0.85 beta=4 q=u8 seedT=8 seedH=8 seedS=4 pat=128,64,0.9761031519,0.9970,415.7936,2.1825,0.0000,0.124613,0.124613;0.125129;0.124131,17.852865,56013.42,,12.81,0,6980,10,True,nid006971,57248608
SparseHNSW,M=32 efC=200 ef=800 alpha=0.85 beta=4 q=u8 seedT=8 seedH=8 seedS=4 pat=128,64,0.9763323782,0.9970,415.7936,2.1825,0.0000,0.129119,0.128573;0.129689;0.129119,18.498424,54058.66,,12.81,0,6980,10,True,nid006971,57248608
SparseHNSW,M=32 efC=200 ef=400 alpha=0.85 beta=5 q=u8 seedT=8 seedH=8 seedS=4 pat=128,64,0.9768767908,0.9973,415.7936,2.1825,0.0000,0.132710,0.132710;0.133020;0.132217,19.012894,52595.89,,12.81,0,6980,10,True,nid006971,57248608
SparseHNSW,M=32 efC=200 ef=800 alpha=0.85 beta=5 q=u8 seedT=8 seedH=8 seedS=4 pat=128,64,0.9772636103,0.9973,415.7936,2.1825,0.0000,0.139290,0.139349;0.139290;0.138481,19.955587,50111.28,,12.81,0,6980,10,True,nid006971,57248608
SparseHNSW,M=32 efC=200 ef=400 alpha=0.85 beta=6 q=u8 seedT=8 seedH=8 seedS=4 pat=128,64,0.9774498567,0.9977,415.7936,2.1825,0.0000,0.139791,0.139791;0.140294;0.139197,20.027364,49931.68,,12.81,0,6980,10,True,nid006971,57248608
SparseHNSW,M=32 efC=200 ef=800 alpha=0.85 beta=6 q=u8 seedT=8 seedH=8 seedS=4 pat=128,64,0.9779942693,0.9977,415.7936,2.1825,0.0000,0.146424,0.146424;0.149208;0.146041,20.977650,47669.78,,12.81,0,6980,10,True,nid006971,57248608
SparseHNSW,M=32 efC=200 ef=400 alpha=0.85 beta=8 q=u8 seedT=8 seedH=8 seedS=4 pat=128,64,0.9780372493,0.9981,415.7936,2.1825,0.0000,0.152125,0.152758;0.152125;0.151864,21.794413,45883.32,,12.81,0,6980,10,True,nid006971,57248608
SparseHNSW,M=32 efC=200 ef=800 alpha=0.85 beta=8 q=u8 seedT=8 seedH=8 seedS=4 pat=128,64,0.9787822350,0.9981,415.7936,2.1825,0.0000,0.162526,0.164383;0.162526;0.162503,23.284527,42946.97,,12.81,0,6980,10,True,nid006971,57248608
SparseHNSW,M=32 efC=200 ef=1600 alpha=0.85 beta=8 q=u8 seedT=8 seedH=8 seedS=4 pat=128,64,0.9788108883,0.9981,415.7936,2.1825,0.0000,0.169490,0.169598;0.169490;0.167803,24.282235,41182.37,,12.81,0,6980,10,True,nid006971,57248608
SparseHNSW,M=32 efC=200 ef=400 alpha=0.85 beta=4 q=u8 seedT=8 seedH=8 seedS=4 pat=256,64,0.9795558739,0.9986,415.7936,2.1825,0.0000,0.177580,0.177580;0.177046;0.177967,25.441261,39306.23,,12.81,0,6980,10,True,nid006971,57248608
SparseHNSW,M=32 efC=200 ef=400 alpha=0.85 beta=5 q=u8 seedT=8 seedH=8 seedS=4 pat=256,64,0.9797707736,0.9986,415.7936,2.1825,0.0000,0.182126,0.182227;0.182126;0.181354,26.092550,38325.12,,12.81,0,6980,10,True,nid006971,57248608
SparseHNSW,M=32 efC=200 ef=800 alpha=0.85 beta=3 q=u8 seedT=8 seedH=8 seedS=4 pat=256,64,0.9801002865,0.9989,415.7936,2.1825,0.0000,0.184693,0.186058;0.184693;0.184330,26.460315,37792.44,,12.81,0,6980,10,True,nid006971,57248608
SparseHNSW,M=32 efC=200 ef=1600 alpha=0.85 beta=3 q=u8 seedT=8 seedH=8 seedS=4 pat=256,64,0.9801289398,0.9989,415.7936,2.1825,0.0000,0.188402,0.188938;0.187468;0.188402,26.991691,37048.44,,12.81,0,6980,10,True,nid006971,57248608
SparseHNSW,M=32 efC=200 ef=800 alpha=0.85 beta=4 q=u8 seedT=8 seedH=8 seedS=4 pat=256,64,0.9808022923,0.9987,414.5083,8.6717,0.0000,0.195417,0.195594;0.194567;0.195417,27.996705,35718.49,,12.80,0,6980,10,True,nid004377,57367321
SparseHNSW,M=32 efC=200 ef=800 alpha=0.85 beta=4 q=u8 seedT=8 seedH=8 seedS=4 pat=256,64,0.9813323782,0.9989,415.7936,2.1825,0.0000,0.197057,0.197403;0.195682;0.197057,28.231662,35421.22,,12.81,0,6980,10,True,nid006971,57248608
SparseHNSW,M=32 efC=200 ef=1600 alpha=0.85 beta=4 q=u8 seedT=8 seedH=8 seedS=4 pat=256,64,0.9814183381,0.9989,415.7936,2.1825,0.0000,0.202313,0.201848;0.202313;0.202358,28.984670,34501.00,,12.81,0,6980,10,True,nid006971,57248608
SparseHNSW,M=32 efC=200 ef=800 alpha=0.85 beta=5 q=u8 seedT=8 seedH=8 seedS=4 pat=256,64,0.9818051576,0.9989,415.7936,2.1825,0.0000,0.205777,0.205311;0.205865;0.205777,29.480946,33920.21,,12.81,0,6980,10,True,nid006971,57248608
SparseHNSW,M=32 efC=200 ef=1600 alpha=0.85 beta=5 q=u8 seedT=8 seedH=8 seedS=4 pat=256,64,0.9819914040,0.9989,415.7936,2.1825,0.0000,0.213118,0.213785;0.212975;0.213118,30.532665,32751.81,,12.81,0,6980,10,True,nid006971,57248608
SparseHNSW,M=32 efC=200 ef=800 alpha=0.85 beta=6 q=u8 seedT=8 seedH=8 seedS=4 pat=256,64,0.9822063037,0.9990,415.7936,2.1825,0.0000,0.216935,0.216935;0.216806;0.217067,31.079513,32175.54,,12.81,0,6980,10,True,nid006971,57248608
SparseHNSW,M=32 efC=200 ef=1600 alpha=0.85 beta=6 q=u8 seedT=8 seedH=8 seedS=4 pat=256,64,0.9825071633,0.9990,415.7936,2.1825,0.0000,0.225257,0.225130;0.225257;0.226458,32.271777,30986.83,,12.81,0,6980,10,True,nid006971,57248608
SparseHNSW,M=32 efC=200 ef=800 alpha=0.85 beta=8 q=u8 seedT=8 seedH=8 seedS=4 pat=256,64,0.9825644699,0.9990,415.7936,2.1825,0.0000,0.235474,0.235474;0.234605;0.235508,33.735530,29642.34,,12.81,0,6980,10,True,nid006971,57248608
SparseHNSW,M=32 efC=200 ef=1600 alpha=0.85 beta=8 q=u8 seedT=8 seedH=8 seedS=4 pat=256,64,0.9829512894,0.9990,415.7936,2.1825,0.0000,0.250257,0.250195;0.250257;0.251068,35.853438,27891.33,,12.81,0,6980,10,True,nid006971,57248608
SparseHNSW,M=32 efC=200 ef=800 alpha=0.85 beta=4 q=u8 seedT=8 seedH=8 seedS=4 pat=512,64,0.9838681948,0.9990,414.5083,8.6717,0.0000,0.301996,0.301996;0.301535;0.306781,43.265903,23112.89,,12.80,0,6980,10,True,nid004377,57367321
SparseHNSW,M=32 efC=200 ef=800 alpha=0.85 beta=6 q=u8 seedT=8 seedH=8 seedS=4 pat=512,64,0.9841404011,0.9990,414.5083,8.6717,0.0000,0.318985,0.319137;0.318505;0.318985,45.699857,21881.91,,12.80,0,6980,10,True,nid004377,57367321
SparseHNSW,M=32 efC=200 ef=1600 alpha=0.85 beta=4 q=u8 seedT=8 seedH=8 seedS=4 pat=512,64,0.9853008596,0.9993,414.5083,8.6717,0.0000,0.330021,0.330021;0.330722;0.328918,47.280946,21150.17,,12.80,0,6980,10,True,nid004377,57367321
SparseHNSW,M=32 efC=200 ef=3200 alpha=0.85 beta=4 q=u8 seedT=8 seedH=8 seedS=4 pat=512,64,0.9853581662,0.9993,414.5083,8.6717,0.0000,0.347086,0.347594;0.345962;0.347086,49.725788,20110.29,,12.80,0,6980,10,True,nid004377,57367321
SparseHNSW,M=32 efC=200 ef=1600 alpha=0.85 beta=6 q=u8 seedT=8 seedH=8 seedS=4 pat=512,64,0.9858166189,0.9993,414.5083,8.6717,0.0000,0.364023,0.365664;0.364023;0.363293,52.152292,19174.61,,12.80,0,6980,10,True,nid004377,57367321
SparseHNSW,M=32 efC=200 ef=3200 alpha=0.85 beta=6 q=u8 seedT=8 seedH=8 seedS=4 pat=512,64,0.9858739255,0.9993,414.5083,8.6717,0.0000,0.381489,0.381489;0.382787;0.381296,54.654585,18296.73,,12.80,0,6980,10,True,nid004377,57367321
SparseHNSW,M=32 efC=200 ef=1600 alpha=0.85 beta=8 q=u8 seedT=8 seedH=8 seedS=4 pat=512,64,0.9862750716,0.9994,414.5083,8.6717,0.0000,0.394881,0.395211;0.394716;0.394881,56.573209,17676.21,,12.80,0,6980,10,True,nid004377,57367321
SparseHNSW,M=32 efC=200 ef=3200 alpha=0.85 beta=8 q=u8 seedT=8 seedH=8 seedS=4 pat=512,64,0.9864899713,0.9994,414.5083,8.6717,0.0000,0.420928,0.421224;0.420765;0.420928,60.304871,16582.41,,12.80,0,6980,10,True,nid004377,57367321
SparseHNSW,M=32 efC=200 ef=1600 alpha=0.85 beta=4 q=u8 seedT=8 seedH=8 seedS=4 pat=1024,64,0.9874785100,0.9999,414.5083,8.6717,0.0000,0.557595,0.557696;0.557595;0.556198,79.884670,12518.05,,12.80,0,6980,10,True,nid004377,57367321
SparseHNSW,M=32 efC=200 ef=1600 alpha=0.9 beta=4 q=u8 seedT=8 seedH=8 seedS=4 pat=1024,64,0.9875644699,0.9999,471.4283,2.6971,0.0000,0.582473,0.581208;0.583807;0.582473,83.448854,11983.39,,13.07,0,6980,10,True,nid004377,57367321
SparseHNSW,M=32 efC=200 ef=1600 alpha=0.85 beta=6 q=u8 seedT=8 seedH=8 seedS=4 pat=1024,64,0.9878510029,0.9999,414.5083,8.6717,0.0000,0.586298,0.588496;0.585651;0.586298,83.996848,11905.21,,12.80,0,6980,10,True,nid004377,57367321
SparseHNSW,M=32 efC=200 ef=3200 alpha=0.85 beta=4 q=u8 seedT=8 seedH=8 seedS=4 pat=1024,64,0.9882234957,0.9999,414.5083,8.6717,0.0000,0.604765,0.604765;0.605817;0.603450,86.642550,11541.67,,12.80,0,6980,10,True,nid004377,57367321
SparseHNSW,M=32 efC=200 ef=3200 alpha=0.9 beta=4 q=u8 seedT=8 seedH=8 seedS=4 pat=1024,64,0.9884383954,0.9999,471.4283,2.6971,0.0000,0.632114,0.627945;0.632114;0.633286,90.560745,11042.31,,13.07,0,6980,10,True,nid004377,57367321
SparseHNSW,M=32 efC=200 ef=3200 alpha=0.85 beta=6 q=u8 seedT=8 seedH=8 seedS=4 pat=1024,64,0.9887249284,0.9999,414.5083,8.6717,0.0000,0.654305,0.654630;0.654305;0.653849,93.739971,10667.81,,12.80,0,6980,10,True,nid004377,57367321
SparseHNSW,M=32 efC=200 ef=3200 alpha=0.85 beta=8 q=u8 seedT=8 seedH=8 seedS=4 pat=1024,64,0.9891117479,0.9999,414.5083,8.6717,0.0000,0.708082,0.708082;0.705428;0.711664,101.444413,9857.62,,12.80,0,6980,10,True,nid004377,57367321
SparseHNSW,M=32 efC=200 ef=3200 alpha=0.85 beta=3 q=u8 seedT=8 seedH=8 seedS=4 pat=2048,64,0.9895845272,1.0000,418.9176,8.6514,0.0000,1.063198,1.066750;1.061479;1.063198,152.320630,6565.10,,12.79,0,6980,10,True,nid005728,57786575
SparseHNSW,M=32 efC=200 ef=3200 alpha=0.85 beta=4 q=u8 seedT=8 seedH=8 seedS=4 pat=2048,64,0.9904584527,1.0000,414.5083,8.6717,0.0000,1.065245,1.068084;1.063635;1.065245,152.613897,6552.48,,12.80,0,6980,10,True,nid004377,57367321
SparseHNSW,M=32 efC=200 ef=3200 alpha=0.85 beta=5 q=u8 seedT=8 seedH=8 seedS=4 pat=2048,64,0.9905300860,1.0000,418.9176,8.6514,0.0000,1.109296,1.106897;1.109296;1.114213,158.924928,6292.28,,12.81,0,6980,10,True,nid005728,57786575
SparseHNSW,M=32 efC=200 ef=3200 alpha=0.85 beta=6 q=u8 seedT=8 seedH=8 seedS=4 pat=2048,64,0.9907020057,1.0000,414.5083,8.6717,0.0000,1.114451,1.114451;1.113374;1.115357,159.663467,6263.17,,12.80,0,6980,10,True,nid004377,57367321
SparseHNSW,M=32 efC=200 ef=3200 alpha=0.85 beta=8 q=u8 seedT=8 seedH=8 seedS=4 pat=2048,64,0.9908022923,1.0000,414.5083,8.6717,0.0000,1.155718,1.155588;1.155718;1.159245,165.575645,6039.54,,12.80,0,6980,10,True,nid004377,57367321
SparseHNSW,M=32 efC=200 ef=6400 alpha=0.85 beta=5 q=u8 seedT=8 seedH=8 seedS=4 pat=2048,64,0.9911891117,1.0000,418.9176,8.6514,0.0000,1.199628,1.203867;1.199628;1.198774,171.866476,5818.47,,12.81,0,6980,10,True,nid005728,57786575
SparseHNSW,M=32 efC=200 ef=6400 alpha=0.85 beta=10 q=u8 seedT=8 seedH=8 seedS=4 pat=2048,64,0.9918767908,1.0000,418.9176,8.6514,0.0000,1.401139,1.401139;1.400388;1.402305,200.736246,4981.66,,12.83,0,6980,10,True,nid005728,57786575
SparseHNSW,M=32 efC=200 ef=12800 alpha=0.85 beta=10 q=u8 seedT=8 seedH=8 seedS=4 pat=2048,64,0.9920200573,1.0000,418.9176,8.6514,0.0000,1.447637,1.447637;1.448786;1.445375,207.397851,4821.65,,12.85,0,6980,10,True,nid005728,57786575
SparseHNSW,M=32 efC=200 ef=6400 alpha=0.85 beta=20 q=u8 seedT=8 seedH=8 seedS=4 pat=2048,64,0.9924355301,1.0000,418.9176,8.6514,0.0000,1.715495,1.715495;1.722960;1.712925,245.772923,4068.80,,12.85,0,6980,10,True,nid005728,57786575
SparseHNSW,M=32 efC=200 ef=12800 alpha=0.85 beta=20 q=u8 seedT=8 seedH=8 seedS=4 pat=2048,64,0.9926790831,1.0000,418.9176,8.6514,0.0000,1.828305,1.828305;1.830759;1.820857,261.934814,3817.74,,12.87,0,6980,10,True,nid005728,57786575
SparseHNSW,M=32 efC=200 ef=6400 alpha=0.85 beta=40 q=u8 seedT=8 seedH=8 seedS=4 pat=2048,64,0.9928796562,1.0000,418.9176,8.6514,0.0000,2.154589,2.154589;2.157464;2.152868,308.680372,3239.60,,12.88,0,6980,10,True,nid005728,57786575
SparseHNSW,M=32 efC=200 ef=12800 alpha=0.85 beta=40 q=u8 seedT=8 seedH=8 seedS=4 pat=2048,64,0.9934240688,1.0000,418.9176,8.6514,0.0000,2.470030,2.469099;2.470030;2.472190,353.872493,2825.88,,12.90,0,6980,10,True,nid005728,57786575
SparseHNSW,M=32 efC=200 ef=12800 alpha=0.85 beta=5 q=u8 seedT=8 seedH=8 seedS=4 pat=8192,64,0.9941547278,1.0000,418.9176,8.6514,0.0000,3.888626,3.888626;3.891405;3.880491,557.109742,1794.98,,12.91,0,6980,10,True,nid005728,57786575
SparseHNSW,M=32 efC=200 ef=12800 alpha=0.85 beta=10 q=u8 seedT=8 seedH=8 seedS=4 pat=8192,64,0.9944842407,1.0000,418.9176,8.6514,0.0000,4.165937,4.167134;4.165323;4.165937,596.839112,1675.49,,12.91,0,6980,10,True,nid005728,57786575
SparseHNSW,M=32 efC=200 ef=12800 alpha=0.85 beta=20 q=u8 seedT=8 seedH=8 seedS=4 pat=8192,64,0.9945558739,1.0000,418.9176,8.6514,0.0000,4.503097,4.499497;4.511332;4.503097,645.142837,1550.04,,12.92,0,6980,10,True,nid005728,57786575
SparseHNSW,M=32 efC=200 ef=12800 alpha=0.85 beta=40 q=u8 seedT=8 seedH=8 seedS=4 pat=8192,64,0.9946131805,1.0000,418.9176,8.6514,0.0000,4.890504,4.886139;4.890504;4.890844,700.645272,1427.26,,12.93,0,6980,10,True,nid005728,57786575
kANNolo,m=32 efC=200 ef=10,64,0.7436676217765043,0.8432664756446991,0.0,0.0,0.0,0.0398977649747394,0.041927;0.039808;0.039898;0.040463;0.039537,5.716012174031433,174947.14313995457,,5.187339782714844,5535371801,6980,10,True,nid005181,57785335
kANNolo,m=32 efC=200 ef=10 eet=0.005,64,0.7577936962750716,0.8505730659025788,0.0,0.0,0.0,0.0412470800220035,0.039964;0.041247;0.041673;0.040388;0.041555,5.909323785387321,169224.10013694246,,5.1925048828125,5535371801,6980,10,True,nid005181,57785335
kANNolo,m=32 efC=200 ef=10 eet=0.01,64,0.7733524355300859,0.859025787965616,0.0,0.0,0.0,0.04246835701633245,0.042046;0.042825;0.042468;0.039820;0.044421,6.08429183615078,164357.66510382394,,5.197444915771484,5535371801,6980,10,True,nid005181,57785335
kANNolo,m=32 efC=200 ef=20,64,0.841160458452722,0.901432664756447,0.0,0.0,0.0,0.05487132602138445,0.054871;0.055758;0.055072;0.054115;0.054604,7.861221493035021,127206.6943904318,,5.229427337646484,5535371801,6980,10,True,nid005181,57785335
kANNolo,m=32 efC=200 ef=20 eet=0.005,64,0.8499283667621776,0.9070200573065903,0.0,0.0,0.0,0.0566100119613111,0.055640;0.057409;0.057222;0.056610;0.056068,8.110316899901305,123299.7443061897,,5.235374450683594,5535371801,6980,10,True,nid005181,57785335
kANNolo,m=32 efC=200 ef=20 eet=0.01,64,0.8587106017191977,0.9137535816618911,0.0,0.0,0.0,0.06321749999187887,0.062548;0.054380;0.066186;0.063217;0.064450,9.05694842290528,110412.46491709849,,5.238437652587891,5535371801,6980,10,True,nid005181,57785335
kANNolo,m=32 efC=200 ef=10 eet=0.05,64,0.8597134670487107,0.9137535816618911,0.0,0.0,0.0,0.05428840999957174,0.052273;0.054288;0.054767;0.055112;0.053087,7.777709168993086,128572.56272664944,,5.198738098144531,5535371801,6980,10,True,nid005181,57785335
kANNolo,m=32 efC=200 ef=20 eet=0.05,64,0.9124355300859599,0.951002865329513,0.0,0.0,0.0,0.0727416499867104,0.072742;0.071471;0.069594;0.074548;0.082212,10.421439826176275,95956.0307097133,,5.248981475830078,5535371801,6980,10,True,nid005181,57785335
kANNolo,m=32 efC=200 ef=50,64,0.9161747851002865,0.9531518624641834,0.0,0.0,0.0,0.08629247400676832,0.081815;0.087113;0.085090;0.087374;0.086292,12.362818625611506,80887.7029004004,,5.273349761962891,5535371801,6980,10,True,nid005181,57785335
kANNolo,m=32 efC=200 ef=10 eet=0.1,64,0.9197994269340974,0.957163323782235,0.0,0.0,0.0,0.07618930598255247,0.078778;0.071654;0.079396;0.076189;0.073468,10.915373349935884,91613.9070960751,,5.205440521240234,5535371801,6980,10,True,nid005181,57785335
kANNolo,m=32 efC=200 ef=50 eet=0.005,64,0.920730659025788,0.9567335243553009,0.0,0.0,0.0,0.09081668895669281,0.091806;0.089630;0.094203;0.090817;0.088331,13.010986956546247,76858.12024405018,,5.278709411621094,5535371801,6980,10,True,nid005181,57785335
kANNolo,m=32 efC=200 ef=50 eet=0.01,64,0.9246848137535817,0.9597421203438395,0.0,0.0,0.0,0.08813840796938166,0.088138;0.090370;0.088609;0.088071;0.087318,12.627279078707975,79193.62467296638,,5.285579681396484,5535371801,6980,10,True,nid005181,57785335
kANNolo,m=32 efC=200 ef=20 eet=0.1,64,0.9452722063037249,0.9760744985673352,0.0,0.0,0.0,0.10681779298465699,0.106818;0.102877;0.100535;0.112403;0.126186,15.303408737056875,65344.918715953885,,5.251670837402344,5535371801,6980,10,True,nid005181,57785335
kANNolo,m=32 efC=200 ef=100,64,0.9462607449856734,0.9744985673352435,0.0,0.0,0.0,0.13600574003066868,0.139193;0.136006;0.136835;0.134946;0.129101,19.485063041643077,51321.3633367683,,5.3732147216796875,5535371801,6980,10,True,nid005181,57785335
kANNolo,m=32 efC=200 ef=50 eet=0.05,64,0.9489398280802293,0.9779369627507163,0.0,0.0,0.0,0.11905830801697448,0.117184;0.119863;0.127788;0.118014;0.119058,17.057064185812962,58626.7360611646,,5.285579681396484,5535371801,6980,10,True,nid005181,57785335
kANNolo,m=32 efC=200 ef=100 eet=0.005,64,0.9494126074498568,0.9775071633237822,0.0,0.0,0.0,0.14677976199891418,0.150890;0.134414;0.150836;0.138416;0.146780,21.028619197552175,47554.23980079512,,5.382198333740234,5535371801,6980,10,True,nid005181,57785335
kANNolo,m=32 efC=200 ef=100 eet=0.01,64,0.9526361031518624,0.9802292263610315,0.0,0.0,0.0,0.13866211799904704,0.138379;0.138495;0.148614;0.138662;0.144038,19.86563295115287,50338.189699712864,,5.3865814208984375,5535371801,6980,10,True,nid005181,57785335
kANNolo,m=32 efC=200 ef=100 eet=0.05,64,0.9649426934097421,0.9889684813753582,0.0,0.0,0.0,0.19085120497038588,0.195878;0.187933;0.190851;0.198119;0.183571,27.342579508651273,36572.994134792476,,5.393287658691406,5535371801,6980,10,True,nid005181,57785335
kANNolo,m=32 efC=200 ef=200,64,0.9659169054441261,0.9889684813753582,0.0,0.0,0.0,0.2281153440126218,0.222722;0.228115;0.231754;0.232429;0.226864,32.68128137716645,30598.55543787441,,5.441925048828125,5535371801,6980,10,True,nid005181,57785335
kANNolo,m=32 efC=200 ef=50 eet=0.1,64,0.9663896848137535,0.9902578796561604,0.0,0.0,0.0,0.17467236699303612,0.177729;0.174310;0.174672;0.177632;0.168022,25.02469441160976,39960.52793100514,,5.286228179931641,5535371801,6980,10,True,nid005181,57785335
kANNolo,m=32 efC=200 ef=200 eet=0.005,64,0.9676934097421204,0.9904011461318052,0.0,0.0,0.0,0.2367136970278807,0.233737;0.232535;0.243974;0.236714;0.236889,33.91313711001156,29487.098075181846,,5.441925048828125,5535371801,6980,10,True,nid005181,57785335
kANNolo,m=32 efC=200 ef=200 eet=0.01,64,0.9688681948424068,0.990974212034384,0.0,0.0,0.0,0.24022026697639376,0.242571;0.240220;0.236630;0.238997;0.246507,34.41551102813664,29056.665733728114,,5.442951202392578,5535371801,6980,10,True,nid005181,57785335
kANNolo,m=32 efC=200 ef=10 eet=0.25,64,0.9756446991404012,0.9954154727793696,0.0,0.0,0.0,0.253325680969283,0.255146;0.252451;0.253326;0.252579;0.254376,36.2930775027626,27553.463878170172,,5.223567962646484,5535371801,6980,10,True,nid005181,57785335
kANNolo,m=32 efC=200 ef=100 eet=0.1,64,0.9763753581661891,0.9959885386819485,0.0,0.0,0.0,0.2892769359750673,0.291174;0.289277;0.288120;0.271361;0.290186,41.443687102445175,24129.127254727297,,5.398048400878906,5535371801,6980,10,True,nid005181,57785335
kANNolo,m=32 efC=200 ef=200 eet=0.05,64,0.9767191977077364,0.995702005730659,0.0,0.0,0.0,0.3323322369833477,0.332332;0.317986;0.332611;0.337747;0.331724,47.612068335723166,21003.078315119186,,5.447116851806641,5535371801,6980,10,True,nid005181,57785335
kANNolo,m=32 efC=200 ef=400,64,0.9781518624641834,0.9964183381088825,0.0,0.0,0.0,0.4182225560070947,0.426363;0.390830;0.418588;0.418223;0.402091,59.91727163425425,16689.678497114804,,5.57928466796875,5535371801,6980,10,True,nid005181,57785335
kANNolo,m=32 efC=200 ef=400 eet=0.005,64,0.9786389684813753,0.9967048710601719,0.0,0.0,0.0,0.426218634005636,0.430160;0.404178;0.412217;0.436399;0.426219,61.06284154808539,16376.571653851488,,5.57928466796875,5535371801,6980,10,True,nid005181,57785335
kANNolo,m=32 efC=200 ef=400 eet=0.01,64,0.9793839541547278,0.9974212034383955,0.0,0.0,0.0,0.44517638796241954,0.426121;0.444198;0.477633;0.455442;0.445176,63.778852143613115,15679.178385780044,,5.5792999267578125,5535371801,6980,10,True,nid005181,57785335
kANNolo,m=32 efC=200 ef=20 eet=0.25,64,0.9810888252148997,0.9975644699140401,0.0,0.0,0.0,0.36663637100718915,0.366636;0.386323;0.393107;0.364685;0.360475,52.52670071736234,19037.936636851377,,5.269981384277344,5535371801,6980,10,True,nid005181,57785335
kANNolo,m=32 efC=200 ef=200 eet=0.1,64,0.9824068767908309,0.998567335243553,0.0,0.0,0.0,0.5037430470110849,0.501540;0.489080;0.517163;0.519684;0.503743,72.16949097580012,13856.270655079445,,5.4490509033203125,5535371801,6980,10,True,nid005181,57785335
kANNolo,m=32 efC=200 ef=400 eet=0.05,64,0.9829656160458453,0.9991404011461318,0.0,0.0,0.0,0.5998624609783292,0.609653;0.606229;0.599862;0.565842;0.589474,85.94018065592108,11636.000673581342,,5.582366943359375,5535371801,6980,10,True,nid005181,57785335
kANNolo,m=32 efC=200 ef=800,64,0.9837535816618911,0.9989971346704871,0.0,0.0,0.0,0.7849322169786319,0.792829;0.783345;0.796721;0.777559;0.784932,112.45447234650888,8892.487591944535,,5.733180999755859,5535371801,6980,10,True,nid005181,57785335
kANNolo,m=32 efC=200 ef=800 eet=0.005,64,0.9841117478510029,0.9989971346704871,0.0,0.0,0.0,0.8189022979931906,0.812984;0.785464;0.818902;0.821623;0.824004,117.32124613082959,8523.605339861973,,5.733180999755859,5535371801,6980,10,True,nid005181,57785335
kANNolo,m=32 efC=200 ef=800 eet=0.01,64,0.9845988538681948,0.9991404011461318,0.0,0.0,0.0,0.8316682869917713,0.870082;0.831668;0.835244;0.815768;0.826345,119.15018438277527,8392.769219621647,,5.733180999755859,5535371801,6980,10,True,nid005181,57785335
kANNolo,m=32 efC=200 ef=50 eet=0.25,64,0.9857449856733524,0.9988538681948425,0.0,0.0,0.0,0.7210444109514356,0.703343;0.724592;0.721044;0.757063;0.717454,103.30149154032028,9680.40233581413,,5.363792419433594,5535371801,6980,10,True,nid005181,57785335
kANNolo,m=32 efC=200 ef=400 eet=0.1,64,0.9861747851002866,0.9995702005730659,0.0,0.0,0.0,0.9091240409761667,0.909942;0.917573;0.889271;0.907346;0.909124,130.24699727452244,7677.7201849213725,,5.588436126708984,5535371801,6980,10,True,nid005181,57785335
kANNolo,m=32 efC=200 ef=800 eet=0.05,64,0.987349570200573,0.9995702005730659,0.0,0.0,0.0,1.116103412990924,1.102731;1.118874;1.116103;1.102209;1.119213,159.90020243422978,6253.900775462247,,5.733180999755859,5535371801,6980,10,True,nid005181,57785335
kANNolo,m=32 efC=200 ef=1600,64,0.9886532951289398,0.9995702005730659,0.0,0.0,0.0,1.580051131953951,1.584159;1.613169;1.580051;1.564124;1.559005,226.36835701346,4417.578557326982,,5.782867431640625,5535371801,6980,10,True,nid005181,57785335
kANNolo,m=32 efC=200 ef=100 eet=0.25,64,0.9888825214899714,0.9995702005730659,0.0,0.0,0.0,1.2630691420054063,1.257084;1.263069;1.208551;1.295099;1.268068,180.95546447068858,5526.221619916769,,5.441925048828125,5535371801,6980,10,True,nid005181,57785335
kANNolo,m=32 efC=200 ef=1600 eet=0.005,64,0.9888825214899714,0.9995702005730659,0.0,0.0,0.0,1.6149085190263577,1.604628;1.614909;1.611452;1.634350;1.622425,231.36225200950685,4322.226254777765,,5.782867431640625,5535371801,6980,10,True,nid005181,57785335
kANNolo,m=32 efC=200 ef=1600 eet=0.01,64,0.9891547277936963,0.9995702005730659,0.0,0.0,0.0,1.7000262989895418,1.678842;1.847665;1.700026;1.678212;1.701487,243.55677635953322,4105.818835949043,,5.782867431640625,5535371801,6980,10,True,nid005181,57785335
kANNolo,m=32 efC=200 ef=800 eet=0.1,64,0.990243553008596,1.0,0.0,0.0,0.0,1.7292406650376506,1.746503;1.745156;1.681216;1.682636;1.729241,247.74221562143993,4036.453769058239,,5.733180999755859,5535371801,6980,10,True,nid005181,57785335
kANNolo,m=32 efC=200 ef=1600 eet=0.05,64,0.9910315186246418,1.0,0.0,0.0,0.0,2.265841257001739,2.277083;2.232039;2.265841;2.273800;2.258282,324.6190912609941,3080.533545071133,,5.782867431640625,5535371801,6980,10,True,nid005181,57785335
kANNolo,m=32 efC=200 ef=200 eet=0.25,64,0.9913180515759312,1.0,0.0,0.0,0.0,2.278231517004315,2.278232;2.299444;2.288040;2.211298;2.208818,326.39420014388463,3063.7799310133855,,5.57928466796875,5535371801,6980,10,True,nid005181,57785335
kANNolo,m=32 efC=200 ef=3200,64,0.9916475644699141,0.9998567335243553,0.0,0.0,0.0,3.2619862540159374,3.261986;3.251483;3.399416;3.246309;3.795675,467.3332742143177,2139.800555997652,,5.820529937744141,5535371801,6980,10,True,nid005181,57785335
kANNolo,m=32 efC=200 ef=3200 eet=0.005,64,0.9917478510028653,1.0,0.0,0.0,0.0,3.3714939229539596,3.392724;3.366785;3.371494;3.356424;3.408427,483.0220519991346,2070.2988525289766,,5.820529937744141,5535371801,6980,10,True,nid005181,57785335
kANNolo,m=32 efC=200 ef=3200 eet=0.01,64,0.9919054441260745,1.0,0.0,0.0,0.0,3.4749471090035513,3.466348;3.524711;3.474947;3.462282;3.614066,497.843425358675,2008.6636662511764,,5.820529937744141,5535371801,6980,10,True,nid005181,57785335
kANNolo,m=32 efC=200 ef=1600 eet=0.1,64,0.9922206303724929,1.0,0.0,0.0,0.0,3.39146782894386,3.366556;3.391468;3.406977;3.365141;3.409464,485.88364311516614,2058.1059152118355,,5.782867431640625,5535371801,6980,10,True,nid005181,57785335
kANNolo,m=32 efC=200 ef=3200 eet=0.05,64,0.992650429799427,1.0,0.0,0.0,0.0,4.639670185977593,4.647376;4.671652;4.639670;4.627547;4.636474,664.7091956987956,1504.4172797229319,,5.820529937744141,5535371801,6980,10,True,nid005181,57785335
kANNolo,m=32 efC=200 ef=400 eet=0.25,64,0.9928366762177651,1.0,0.0,0.0,0.0,3.9306039639632218,3.870101;3.930604;4.119569;3.879642;3.967610,563.1237770720949,1775.808517976987,,5.733180999755859,5535371801,6980,10,True,nid005181,57785335
kANNolo,m=32 efC=200 ef=6400,64,0.9934957020057307,1.0,0.0,0.0,0.0,6.780782042944338,6.766401;6.811794;6.646238;6.824487;6.780782,971.4587454074983,1029.3797906781203,,6.030193328857422,5535371801,6980,10,True,nid005181,57785335
kANNolo,m=32 efC=200 ef=6400 eet=0.005,64,0.9935530085959885,1.0,0.0,0.0,0.0,6.9733639329788275,6.973364;7.077164;6.918581;6.952106;7.083802,999.0492740657346,1000.9516306742272,,6.030193328857422,5535371801,6980,10,True,nid005181,57785335
kANNolo,m=32 efC=200 ef=6400 eet=0.01,64,0.9937249283667622,1.0,0.0,0.0,0.0,7.213073594029993,7.213074;7.214239;7.247208;7.119035;7.172286,1033.3916323825206,967.6873400788674,,6.030193328857422,5535371801,6980,10,True,nid005181,57785335
kANNolo,m=32 efC=200 ef=3200 eet=0.1,64,0.9937679083094556,1.0,0.0,0.0,0.0,6.720964595035184,6.719365;6.720965;6.755255;6.689424;6.758952,962.8889104634934,1038.5414029938747,,5.820529937744141,5535371801,6980,10,True,nid005181,57785335
kANNolo,m=32 efC=200 ef=800 eet=0.25,64,0.9941117478510029,1.0,0.0,0.0,0.0,7.0179990180186,6.929910;7.046915;7.017999;7.111322;7.010927,1005.4439853894842,994.585491117762,,5.782867431640625,5535371801,6980,10,True,nid005181,57785335
kANNolo,m=32 efC=200 ef=6400 eet=0.05,64,0.9943123209169055,1.0,0.0,0.0,0.0,9.188504498975817,9.338198;9.164661;9.188504;9.175024;9.221658,1316.4046560137274,759.6448367389944,,6.030193328857422,5535371801,6980,10,True,nid005181,57785335
kANNolo,m=32 efC=200 ef=12800,64,0.9947707736389685,1.0,0.0,0.0,0.0,13.867753226018976,13.754713;13.913985;13.867753;13.776308;13.903131,1986.7841298021458,503.3259451793513,,7.11163330078125,5535371801,6980,10,True,nid005181,57785335
kANNolo,m=32 efC=200 ef=1600 eet=0.25,64,0.9949283667621777,1.0,0.0,0.0,0.0,12.133897622989025,12.133898;12.044708;12.095068;12.144342;12.185984,1738.38074827923,575.2479719934022,,5.820529937744141,5535371801,6980,10,True,nid005181,57785335
kANNolo,m=32 efC=200 ef=12800 eet=0.005,64,0.9949426934097422,1.0,0.0,0.0,0.0,14.292011326004285,14.386217;14.319825;14.177133;14.292011;14.174285,2047.5660925507573,488.38472352032807,,7.11163330078125,5535371801,6980,10,True,nid005181,57785335
kANNolo,m=32 efC=200 ef=12800 eet=0.01,64,0.9949856733524355,1.0,0.0,0.0,0.0,14.570932767004706,14.532826;14.556822;14.570933;14.579937;14.674319,2087.5261843846283,479.03590742014336,,7.11163330078125,5535371801,6980,10,True,nid005181,57785335
kANNolo,m=32 efC=200 ef=6400 eet=0.1,64,0.9950573065902579,1.0,0.0,0.0,0.0,12.701899913023226,12.679029;12.841390;12.701900;12.625107;12.755738,1819.7564345305482,549.5240907105104,,6.030193328857422,5535371801,6980,10,True,nid005181,57785335
kANNolo,m=32 efC=200 ef=12800 eet=0.05,64,0.9954297994269341,1.0,0.0,0.0,0.0,17.96784455003217,17.961044;18.055175;17.967845;17.958192;17.975864,2574.1897636149242,388.47174910512587,,7.11163330078125,5535371801,6980,10,True,nid005181,57785335
kANNolo,m=32 efC=200 ef=3200 eet=0.25,64,0.9959025787965616,1.0,0.0,0.0,0.0,20.136220827000216,20.154231;20.355149;20.136221;20.013050;19.914940,2884.8453906877103,346.63902725186006,,6.030193328857422,5535371801,6980,10,True,nid005181,57785335
kANNolo,m=32 efC=200 ef=12800 eet=0.1,64,0.9959885386819485,1.0,0.0,0.0,0.0,23.61735191603657,23.432705;23.498193;23.780622;23.617352;23.636641,3383.574773071142,295.54541189948,,7.11163330078125,5535371801,6980,10,True,nid005181,57785335
kANNolo,m=32 efC=200 ef=25600,64,0.9960171919770774,1.0,0.0,0.0,0.0,28.78501855500508,28.785019;28.798640;28.673991;28.758252;28.830972,4123.928159742848,242.48725032648386,,7.383617401123047,5535371801,6980,10,True,nid005181,57785335
kANNolo,m=32 efC=200 ef=25600 eet=0.005,64,0.9961461318051575,1.0,0.0,0.0,0.0,29.195142106036656,30.626700;29.342546;29.148962;29.107475;29.195142,4182.685115478031,239.08087087395103,,7.3862762451171875,5535371801,6980,10,True,nid005181,57785335
kANNolo,m=32 efC=200 ef=25600 eet=0.01,64,0.9962034383954155,1.0,0.0,0.0,0.0,29.84358850301942,29.843589;29.823213;29.878069;29.732385;29.886629,4275.585745418255,233.88608240908428,,7.389495849609375,5535371801,6980,10,True,nid005181,57785335
kANNolo,m=32 efC=200 ef=6400 eet=0.25,64,0.9965759312320916,1.0,0.0,0.0,0.0,33.11912356101675,33.443525;33.100064;33.118272;33.164745;33.119124,4744.860109028187,210.75436936428747,,7.11163330078125,5535371801,6980,10,True,nid005181,57785335
kANNolo,m=32 efC=200 ef=25600 eet=0.05,64,0.9965759312320916,1.0,0.0,0.0,0.0,35.44395440502558,35.412711;35.443954;35.534690;35.252073;35.618511,5077.930430519424,196.93062236335317,,7.391761779785156,5535371801,6980,10,True,nid005181,57785335
kANNolo,m=32 efC=200 ef=25600 eet=0.1,64,0.99689111747851,1.0,0.0,0.0,0.0,44.36578085605288,44.409261;44.398992;44.278547;44.365781;44.304583,6356.1290624717585,157.32846047829022,,7.396518707275391,5535371801,6980,10,True,nid005181,57785335
kANNolo,m=32 efC=200 ef=12800 eet=0.25,64,0.9970630372492837,1.0,0.0,0.0,0.0,53.424358227988705,53.256849;53.413310;53.424358;53.847978;53.438545,7653.919516903826,130.652014016019,,7.375762939453125,5535371801,6980,10,True,nid005181,57785335
kANNolo,m=32 efC=200 ef=25600 eet=0.25,64,0.9974212034383955,1.0,0.0,0.0,0.0,86.39106464001816,86.283606;86.314410;86.391065;86.593898;87.122225,12376.943358168792,80.79539277684417,,7.398983001708984,5535371801,6980,10,True,nid005181,57785335
