Model,Params,Threads,Recall,RR@10,IndexSec,LoadSec,ConvertSec,SearchSecMedian,SearchSecRuns,AmortizedUsPerQuery,QPS,LatencyUsSingleThread,PeakRSSGB,IndexBytes,NumQueries,K,ResultsOrdered,Host,JobID
GrassRMA,M=32 efC=200 ef=10,64,0.6867621776504298,0.8256446991404012,929.0218729590415,4.334387480979785,0.0,0.06118673796299845,0.060712;0.061349;0.061290;0.060103;0.061187,8.766008304154505,114077.00806375765,,12.637287139892578,0,6980,10,True,nid005171,57783562
GrassRMA,M=32 efC=400 ef=10,64,0.7345128939828081,0.8693409742120344,2079.667238048991,4.227830376010388,0.0,0.07284508099837694,0.073864;0.072570;0.072391;0.073335;0.072845,10.436258022690108,95819.7850058746,,12.59255599975586,0,6980,10,True,nid006513,57921981
GrassRMA,M=32 efC=800 ef=10,64,0.7641404011461318,0.893839541547278,4267.157965791994,4.848774956990383,0.0,0.0790566710056737,0.079820;0.078628;0.079145;0.079057;0.078162,11.326170631185345,88291.09436569954,,12.612464904785156,0,6980,10,True,nid006647,57921982
GrassRMA,M=32 efC=1600 ef=10,64,0.7762893982808023,0.9061604584527221,8279.140936284995,4.096376411995152,0.0,0.0837508459953824,0.084371;0.084301;0.083751;0.082895;0.082857,11.998688538020401,83342.44170363176,,12.606136322021484,0,6980,10,True,nid006596,57921983
GrassRMA,M=32 efC=200 ef=20,64,0.7923925501432665,0.8878223495702006,929.0218729590415,4.334387480979785,0.0,0.08540726196952164,0.085133;0.085407;0.084512;0.085550;0.085520,12.235997416836913,81726.07151943211,,12.652320861816406,0,6980,10,True,nid005171,57783562
GrassRMA,M=32 efC=400 ef=20,64,0.8393982808022923,0.9212034383954155,2079.667238048991,4.227830376010388,0.0,0.10363572499773,0.104089;0.102531;0.103636;0.103839;0.103108,14.847525071308022,67351.29223202605,,12.640907287597656,0,6980,10,True,nid006513,57921981
GrassRMA,M=32 efC=800 ef=20,64,0.8659025787965616,0.939971346704871,4267.157965791994,4.848774956990383,0.0,0.11362523899879307,0.113391;0.113625;0.113758;0.112612;0.113787,16.278687535643705,61430.01380242766,,12.65658950805664,0,6980,10,True,nid006647,57921982
GrassRMA,M=32 efC=1600 ef=20,64,0.8764899713467049,0.9474212034383954,8279.140936284995,4.096376411995152,0.0,0.12141347299620975,0.121271;0.121478;0.121413;0.120489;0.121509,17.39448037194982,57489.5011875486,,12.654964447021484,0,6980,10,True,nid006596,57921983
GrassRMA,M=32 efC=200 ef=50,64,0.8788825214899714,0.9435530085959886,929.0218729590415,4.334387480979785,0.0,0.14872490096604452,0.148821;0.148725;0.148029;0.147881;0.149063,21.30729240201211,46932.28877384567,,12.680191040039062,0,6980,10,True,nid005171,57783562
GrassRMA,M=32 efC=400 ef=50,64,0.918323782234957,0.966189111747851,2079.667238048991,4.227830376010388,0.0,0.18541087899939157,0.185411;0.185115;0.185739;0.185702;0.184675,26.563163180428592,37646.118920685905,,12.66793441772461,0,6980,10,True,nid006513,57921981
GrassRMA,M=32 efC=800 ef=50,64,0.9403581661891117,0.9765042979942693,4267.157965791994,4.848774956990383,0.0,0.20641865000652615,0.206316;0.207297;0.207307;0.206397;0.206419,29.572872493771655,33814.77400312094,,12.690914154052734,0,6980,10,True,nid006647,57921982
GrassRMA,M=32 efC=1600 ef=50,64,0.9494555873925501,0.9816618911174785,8279.140936284995,4.096376411995152,0.0,0.22489077498903498,0.224243;0.225039;0.224975;0.224229;0.224891,32.219308737684095,31037.289103300587,,12.684852600097656,0,6980,10,True,nid006596,57921983
GrassRMA,M=32 efC=800 ef=100,64,0.9663753581661891,0.989541547277937,4267.157965791994,4.848774956990383,0.0,0.3544090820068959,0.355108;0.354408;0.354612;0.354409;0.353844,50.77494011560113,19694.754887416195,,12.7137451171875,0,6980,10,True,nid006647,57921982
GrassRMA,M=32 efC=1600 ef=100,64,0.9733810888252149,0.9912607449856734,8279.140936284995,4.096376411995152,0.0,0.38750228700519074,0.387478;0.387502;0.388549;0.388514;0.387467,55.51608696349438,18012.796915199884,,12.705894470214844,0,6980,10,True,nid006596,57921983
GrassRMA,M=32 efC=800 ef=200,64,0.9807163323782235,0.9961318051575931,4267.157965791994,4.848774956990383,0.0,0.6376382839953294,0.637652;0.636838;0.637638;0.638326;0.637207,91.35218968414462,10946.645104595269,,12.726787567138672,0,6980,10,True,nid006647,57921982
GrassRMA,M=32 efC=1600 ef=200,64,0.985243553008596,0.9962750716332378,8279.140936284995,4.096376411995152,0.0,0.7032514510065084,0.703083;0.702390;0.703758;0.703719;0.703251,100.75235687772327,9925.326126252674,,12.724372863769531,0,6980,10,True,nid006596,57921983
GrassRMA,M=32 efC=800 ef=400,64,0.9877650429799427,0.9987106017191977,4267.157965791994,4.848774956990383,0.0,1.183634601009544,1.183441;1.183635;1.182738;1.183853;1.183908,169.575157737757,5897.09019493569,,12.73470687866211,0,6980,10,True,nid006647,57921982
GrassRMA,M=32 efC=1600 ef=400,64,0.9917621776504298,0.9988538681948425,8279.140936284995,4.096376411995152,0.0,1.3134444650058867,1.314075;1.312698;1.312022;1.313444;1.314037,188.17255945643078,5314.2711290566185,,12.731128692626953,0,6980,10,True,nid006596,57921983
GrassRMA,M=32 efC=800 ef=800,64,0.9919914040114614,1.0,4267.157965791994,4.848774956990383,0.0,2.233994772002916,2.233251;2.233995;2.233065;2.234443;2.234354,320.05655759354096,3124.447777351777,,12.756473541259766,0,6980,10,True,nid006647,57921982
GrassRMA,M=32 efC=1600 ef=800,64,0.995214899713467,1.0,8279.140936284995,4.096376411995152,0.0,2.4830827110126847,2.482977;2.483576;2.483083;2.483887;2.482949,355.7425087410723,2811.0219482593557,,12.752777099609375,0,6980,10,True,nid006596,57921983
GrassRMA,M=32 efC=1600 ef=1600,64,0.9967621776504298,1.0,8279.140936284995,4.096376411995152,0.0,4.721808910995605,4.720894;4.722384;4.721809;4.721652;4.722705,676.4769213460753,1478.247030231524,,12.777843475341797,0,6980,10,True,nid006596,57921983
GrassRMA,M=32 efC=1600 ef=3200,64,0.997650429799427,1.0,8279.140936284995,4.096376411995152,0.0,8.973376944006304,8.977820;8.973214;8.973377;8.972199;8.973628,1285.584089399184,777.8565464880237,,12.804054260253906,0,6980,10,True,nid006596,57921983
GrassRMA,M=32 efC=1600 ef=6400,64,0.9984813753581662,1.0,8279.140936284995,4.096376411995152,0.0,16.99349525499565,16.991465;16.996206;16.989982;16.994937;16.993495,2434.598174068145,410.74539965214393,,12.81863784790039,0,6980,10,True,nid006596,57921983
GrassRMA,M=32 efC=1600 ef=12800,64,0.9989971346704871,1.0,8279.140936284995,4.096376411995152,0.0,31.912269968001056,31.917805;31.912270;31.912080;31.921073;31.908377,4571.958448137687,218.72464751015698,,12.869453430175781,0,6980,10,True,nid006596,57921983
PyANNS,graph=msmarco_full_R64_L800 ef=80 budget=0.9,64,0.0,0.0,4419.485620453008,4.220018399006221,0.0,0.009298211996792816,0.012462;0.010107;0.009298;0.008882;0.008192,1.3321220625777672,750681.9593280489,,31.28998565673828,2335387668,6980,10,True,nid004376,57922191
PyANNS,graph=msmarco_full_R32_L200 ef=80 budget=0.9,64,0.007091690544412607,0.013467048710601719,7.588701912027318,4.329449369048234,0.0,0.014968190982472152,0.017422;0.015949;0.014968;0.014067;0.013825,2.1444399688355515,466322.21677112655,,27.66930389404297,1204810388,6980,10,True,nid006824,57786393
PyANNS,graph=msmarco_full_R32_L1600 ef=80 budget=0.9,64,0.014240687679083094,0.02679083094555874,4531.984033315006,4.150178167998092,0.0,0.017588610004168004,0.020802;0.019175;0.017589;0.016766;0.016260,2.5198581667862467,396847.73261479655,,29.96778106689453,1204815572,6980,10,True,nid006720,57922189
PyANNS,graph=msmarco_full_R32_L800 ef=80 budget=0.9,64,0.01674785100286533,0.031232091690544413,2495.6648207139806,4.1820565649541095,0.0,0.017602168023586273,0.020159;0.018669;0.017602;0.016634;0.016200,2.521800576445025,396542.06178733497,,38.37903594970703,1204812692,6980,10,True,nid006819,57786391
PyANNS,graph=base_full ef=80 budget=0.9,64,0.018094555873925503,0.032234957020057305,7.7608147989958525,4.410523739992641,0.0,0.018080432899296284,0.021175;0.019557;0.018080;0.016972;0.016531,2.5903198996126484,386052.70343232056,,27.667465209960938,1204814548,6980,10,True,nid006355,57786387
PyANNS,graph=msmarco_full_R32_L400 ef=80 budget=0.9,64,0.021017191977077365,0.03796561604584527,1406.046294759959,4.234330999024678,0.0,0.0181291300104931,0.020923;0.019438;0.018129;0.017263;0.016931,2.5972965631078937,385015.7175749742,,38.3782958984375,1204815252,6980,10,True,nid006719,57786389
PyANNS,graph=msmarco_full_R48_L800 ef=80 budget=0.9,64,0.022206303724928367,0.040687679083094556,3558.734296978,4.60015053099778,0.0,0.019777534995228052,0.021930;0.020995;0.019778;0.019365;0.018924,2.8334577357060247,352925.68066162657,,38.38728332519531,1769947924,6980,10,True,nid004375,57922190
PyANNS,graph=msmarco_full_R32_L200 ef=80 budget=0.8,64,0.0430945558739255,0.07478510028653296,7.588701912027318,4.329449369048234,0.0,0.02264468400971964,0.024128;0.023186;0.022645;0.022359;0.022285,3.244224070160407,308240.114854507,,27.66930389404297,1204810388,6980,10,True,nid006824,57786393
PyANNS,graph=msmarco_full_R32_L1600 ef=80 budget=0.8,64,0.08340974212034384,0.14169054441260745,4531.984033315006,4.150178167998092,0.0,0.034436133995768614,0.035582;0.035048;0.034436;0.034109;0.034243,4.93354355240238,202694.06550856368,,29.96778106689453,1204815572,6980,10,True,nid006720,57922189
PyANNS,graph=msmarco_full_R32_L800 ef=80 budget=0.8,64,0.09293696275071633,0.16131805157593124,2495.6648207139806,4.1820565649541095,0.0,0.03584821295225993,0.036610;0.036202;0.035848;0.035848;0.035564,5.135847127830935,194709.84534976576,,38.37903594970703,1204812692,6980,10,True,nid006819,57786391
PyANNS,graph=base_full ef=80 budget=0.8,64,0.09484240687679082,0.16404011461318052,7.7608147989958525,4.410523739992641,0.0,0.03674326301552355,0.037358;0.036947;0.036590;0.036570;0.036743,5.264077795920279,189966.79737047415,,27.667465209960938,1204814548,6980,10,True,nid006355,57786387
PyANNS,graph=msmarco_full_R32_L400 ef=80 budget=0.8,64,0.1010028653295129,0.17507163323782235,1406.046294759959,4.234330999024678,0.0,0.037432734039612114,0.038016;0.037433;0.037519;0.037346;0.037215,5.362855879600589,186467.81163816716,,38.3782958984375,1204815252,6980,10,True,nid006719,57786389
PyANNS,graph=msmarco_full_R48_L800 ef=80 budget=0.8,64,0.10600286532951289,0.1815186246418338,3558.734296978,4.60015053099778,0.0,0.047611242000130005,0.048127;0.047725;0.047611;0.047303;0.047457,6.821094842425502,146604.03103915963,,38.38728332519531,1769947924,6980,10,True,nid004375,57922190
PyANNS,graph=msmarco_full_R32_L1600 ef=150 budget=0.8,64,0.12078796561604585,0.19025787965616045,4531.984033315006,4.150178167998092,0.0,0.0626946720003616,0.063800;0.062566;0.062436;0.062695;0.062975,8.982044699192208,111333.22461531885,,29.96973419189453,1204815572,6980,10,True,nid006720,57922189
PyANNS,graph=msmarco_full_R32_L400 ef=150 budget=0.8,64,0.14202005730659026,0.22664756446991405,1406.046294759959,4.234330999024678,0.0,0.06402544700540602,0.064462;0.064216;0.064025;0.063771;0.063732,9.172700144040977,109019.15295352237,,38.3802490234375,1204815252,6980,10,True,nid006719,57786389
PyANNS,graph=msmarco_full_R32_L200 ef=80 budget=0.5,64,0.5319484240687679,0.6391117478510029,7.588701912027318,4.329449369048234,0.0,0.08743549801874906,0.087435;0.087481;0.087222;0.086974;0.087602,12.526575647385252,79830.2766972661,,27.66930389404297,1204810388,6980,10,True,nid006824,57786393
PyANNS,graph=msmarco_full_R32_L400 ef=80 budget=0.5,64,0.6299283667621777,0.7467048710601719,1406.046294759959,4.234330999024678,0.0,0.10380357998656109,0.104126;0.104162;0.103604;0.103804;0.103203,14.871573063977234,67242.3822078551,,38.3782958984375,1204815252,6980,10,True,nid006719,57786389
PyANNS,graph=msmarco_full_R32_L200 ef=80 budget=0.3,64,0.7554154727793696,0.835243553008596,7.588701912027318,4.329449369048234,0.0,0.10462050000205636,0.104621;0.104571;0.104672;0.104304;0.105053,14.988610315480853,66717.32595297102,,27.66930389404297,1204810388,6980,10,True,nid006824,57786393
PyANNS,graph=msmarco_full_R32_L200 ef=80 budget=0.2,64,0.8221776504297994,0.8965616045845273,7.588701912027318,4.329449369048234,0.0,0.10636886599240825,0.106369;0.106102;0.106505;0.106448;0.106287,15.239092549055622,65620.70522118922,,27.66930389404297,1204810388,6980,10,True,nid006824,57786393
PyANNS,graph=msmarco_full_R32_L200 ef=80 budget=0.15,64,0.841160458452722,0.9156160458452722,7.588701912027318,4.329449369048234,0.0,0.10823087196331471,0.108231;0.107880;0.108468;0.107909;0.108616,15.50585558213678,64491.76536585512,,27.66930389404297,1204810388,6980,10,True,nid006824,57786393
PyANNS,graph=msmarco_full_R32_L200 ef=80 budget=0.1,64,0.8535100286532952,0.9287965616045846,7.588701912027318,4.329449369048234,0.0,0.11217268300242722,0.112173;0.112179;0.112046;0.112640;0.112058,16.070584957367796,62225.48853403966,,27.66930389404297,1204810388,6980,10,True,nid006824,57786393
PyANNS,graph=msmarco_full_R32_L400 ef=80 budget=0.2,64,0.8565902578796561,0.916189111747851,1406.046294759959,4.234330999024678,0.0,0.11326717596966773,0.113277;0.113884;0.112620;0.113267;0.112876,16.227389107402253,61624.20789822818,,38.3782958984375,1204815252,6980,10,True,nid006719,57786389
PyANNS,graph=msmarco_full_R32_L400 ef=80 budget=0.15,64,0.8768624641833811,0.9353868194842407,1406.046294759959,4.234330999024678,0.0,0.11591109598521143,0.115895;0.115685;0.115911;0.116940;0.116086,16.60617420991568,60218.56614047154,,38.3782958984375,1204815252,6980,10,True,nid006719,57786389
PyANNS,graph=msmarco_full_R32_L800 ef=80 budget=0.2,64,0.8867478510028654,0.9363896848137536,2495.6648207139806,4.1820565649541095,0.0,0.11834862601244822,0.118349;0.117921;0.118589;0.118593;0.118206,16.955390546196018,58978.2934976011,,38.37903594970703,1204812692,6980,10,True,nid006819,57786391
PyANNS,graph=msmarco_full_R32_L400 ef=80 budget=0.1,64,0.8887249283667622,0.9455587392550143,1406.046294759959,4.234330999024678,0.0,0.12095393799245358,0.120954;0.120933;0.122106;0.120460;0.121220,17.3286444115263,57707.91853371065,,38.3782958984375,1204815252,6980,10,True,nid006719,57786389
PyANNS,graph=base_full ef=80 budget=0.2,64,0.8960171919770774,0.9422636103151862,7.7608147989958525,4.410523739992641,0.0,0.1209580689901486,0.121124;0.120517;0.121052;0.120944;0.120958,17.32923624500696,57705.947674879666,,27.667465209960938,1204814548,6980,10,True,nid006355,57786387
PyANNS,graph=msmarco_full_R32_L800 ef=80 budget=0.15,64,0.9029799426934098,0.9505730659025788,2495.6648207139806,4.1820565649541095,0.0,0.12113525398308411,0.121135;0.120853;0.121299;0.120866;0.121639,17.354620914481963,57621.54096754294,,38.37903594970703,1204812692,6980,10,True,nid006819,57786391
PyANNS,graph=base_full ef=80 budget=0.15,64,0.9110458452722063,0.9553008595988539,7.7608147989958525,4.410523739992641,0.0,0.12305749405641109,0.123609;0.123057;0.123039;0.122997;0.123093,17.63001347513053,56721.45409364733,,27.667465209960938,1204814548,6980,10,True,nid006355,57786387
PyANNS,graph=msmarco_full_R32_L800 ef=80 budget=0.1,64,0.9129656160458453,0.9594555873925501,2495.6648207139806,4.1820565649541095,0.0,0.12747349200071767,0.127833;0.127853;0.127042;0.127443;0.127473,18.26267793706557,54756.482233660805,,38.37903594970703,1204812692,6980,10,True,nid006819,57786391
PyANNS,graph=base_full ef=80 budget=0.1,64,0.9211604584527221,0.9640401146131805,7.7608147989958525,4.410523739992641,0.0,0.1289213210111484,0.127959;0.128483;0.129351;0.129073;0.128921,18.47010329672613,54141.54885518439,,27.667465209960938,1204814548,6980,10,True,nid006355,57786387
PyANNS,graph=base_full ef=80 budget=0.07,64,0.9212177650429799,0.9644699140401146,7.7608147989958525,4.410523739992641,0.0,0.1342271799221635,0.134227;0.134417;0.134044;0.134233;0.133914,19.230255003175284,52001.390508596,,27.667465209960938,1204814548,6980,10,True,nid006355,57786387
PyANNS,graph=msmarco_full_R32_L1600 ef=80 budget=0.1,64,0.9223352435530086,0.9621776504297994,4531.984033315006,4.150178167998092,0.0,0.13494193699443713,0.135168;0.133897;0.134942;0.135504;0.134215,19.33265572986205,51725.950845716296,,29.96778106689453,1204815572,6980,10,True,nid006720,57922189
PyANNS,graph=base_full ef=80 budget=0.05,64,0.9257593123209169,0.9684813753581661,7.7608147989958525,4.410523739992641,0.0,0.1387248740065843,0.138725;0.138614;0.138708;0.138744;0.139092,19.874623783178265,50315.4178368092,,27.667465209960938,1204814548,6980,10,True,nid006355,57786387
PyANNS,graph=msmarco_full_R32_L1600 ef=80 budget=0.07,64,0.9280085959885387,0.967621776504298,4531.984033315006,4.150178167998092,0.0,0.1407875909935683,0.140939;0.141442;0.140558;0.140722;0.140788,20.170141976155918,49578.233072536,,29.96778106689453,1204815572,6980,10,True,nid006720,57922189
PyANNS,graph=msmarco_full_R32_L1600 ef=80 budget=0.05,64,0.9297277936962751,0.9700573065902579,4531.984033315006,4.150178167998092,0.0,0.1474321220011916,0.148042;0.147529;0.146504;0.147052;0.147432,21.12208051593003,47343.82104290397,,29.96778106689453,1204815572,6980,10,True,nid006720,57922189
PyANNS,graph=msmarco_full_R32_L1600 ef=80 budget=0.03,64,0.9304011461318051,0.9703438395415472,4531.984033315006,4.150178167998092,0.0,0.15352578500460368,0.153457;0.154487;0.153275;0.153563;0.153526,21.99509813819537,45464.6755252917,,29.96778106689453,1204815572,6980,10,True,nid006720,57922189
PyANNS,graph=msmarco_full_R32_L1600 ef=80 budget=0.02,64,0.9306160458452722,0.9702005730659026,4531.984033315006,4.150178167998092,0.0,0.15853799400792923,0.158538;0.158600;0.157717;0.157605;0.158719,22.71317965729645,44027.30111275974,,29.96778106689453,1204815572,6980,10,True,nid006720,57922189
PyANNS,graph=msmarco_full_R48_L800 ef=80 budget=0.15,64,0.9338395415472779,0.9689111747851002,3558.734296978,4.60015053099778,0.0,0.16454812600568403,0.164548;0.163292;0.163752;0.164953;0.164608,23.574230086774218,42419.20081033854,,38.38728332519531,1769947924,6980,10,True,nid004375,57922190
PyANNS,graph=msmarco_full_R48_L800 ef=80 budget=0.1,64,0.9402148997134671,0.9736389684813753,3558.734296978,4.60015053099778,0.0,0.17185346900078002,0.171729;0.171853;0.172236;0.172410;0.171000,24.620840831057308,40615.99710837562,,38.38728332519531,1769947924,6980,10,True,nid004375,57922190
PyANNS,graph=msmarco_full_R48_L800 ef=80 budget=0.07,64,0.9429369627507164,0.9765042979942693,3558.734296978,4.60015053099778,0.0,0.18057373199553695,0.180574;0.181371;0.180224;0.178982;0.182080,25.870162177011025,38654.570201675386,,38.38728332519531,1769947924,6980,10,True,nid004375,57922190
PyANNS,graph=msmarco_full_R48_L800 ef=80 budget=0.05,64,0.9436246418338109,0.9770773638968482,3558.734296978,4.60015053099778,0.0,0.18897637900954578,0.189401;0.189013;0.188976;0.187108;0.188371,27.073979800794525,36935.833126781516,,38.38728332519531,1769947924,6980,10,True,nid004375,57922190
PyANNS,graph=base_full ef=150 budget=0.15,64,0.9440687679083094,0.9772206303724928,7.7608147989958525,4.410523739992641,0.0,0.19822416407987475,0.198338;0.198310;0.197775;0.198224;0.197740,28.39887737534022,35212.65952816629,,27.669418334960938,1204814548,6980,10,True,nid006355,57786387
PyANNS,graph=base_full ef=150 budget=0.1,64,0.9495558739255014,0.9820916905444126,7.7608147989958525,4.410523739992641,0.0,0.20630458102095872,0.206570;0.206305;0.206222;0.206539;0.205830,29.556530232229044,33833.47071333764,,27.669418334960938,1204814548,6980,10,True,nid006355,57786387
PyANNS,graph=base_full ef=150 budget=0.07,64,0.9495845272206304,0.9820916905444126,7.7608147989958525,4.410523739992641,0.0,0.2154285260476172,0.215157;0.215680;0.215546;0.215429;0.215236,30.86368568017438,32400.537329291186,,27.669418334960938,1204814548,6980,10,True,nid006355,57786387
PyANNS,graph=msmarco_full_R32_L1600 ef=150 budget=0.1,64,0.9532091690544413,0.9826647564469914,4531.984033315006,4.150178167998092,0.0,0.21719685800781008,0.218561;0.216632;0.218636;0.216856;0.217197,31.117028367881097,32136.744813081088,,29.96973419189453,1204815572,6980,10,True,nid006720,57922189
PyANNS,graph=msmarco_full_R32_L1600 ef=150 budget=0.07,64,0.9538968481375358,0.9825214899713467,4531.984033315006,4.150178167998092,0.0,0.22833724800148048,0.229582;0.228337;0.228052;0.229580;0.228333,32.71307277958173,30568.81897759731,,29.96973419189453,1204815572,6980,10,True,nid006720,57922189
PyANNS,graph=msmarco_full_R32_L1600 ef=150 budget=0.05,64,0.9556733524355301,0.9845272206303725,4531.984033315006,4.150178167998092,0.0,0.23846787100774236,0.238591;0.238832;0.238468;0.238062;0.237974,34.164451433773976,29270.190447472814,,29.96973419189453,1204815572,6980,10,True,nid006720,57922189
PyANNS,graph=msmarco_full_R48_L800 ef=150 budget=0.15,64,0.9592406876790831,0.9846704871060172,3558.734296978,4.60015053099778,0.0,0.27507179298845585,0.275072;0.275047;0.275028;0.277179;0.275598,39.408566330724334,25375.193596432968,,38.38923645019531,1769947924,6980,10,True,nid004375,57922190
PyANNS,graph=msmarco_full_R48_L800 ef=150 budget=0.1,64,0.9624785100286533,0.9872492836676218,3558.734296978,4.60015053099778,0.0,0.28809966800326947,0.287584;0.287419;0.288100;0.288106;0.289137,41.275024069236316,24227.726634939365,,38.38923645019531,1769947924,6980,10,True,nid004375,57922190
PyANNS,graph=msmarco_full_R48_L800 ef=150 budget=0.07,64,0.9644126074498567,0.9888252148997134,3558.734296978,4.60015053099778,0.0,0.30253367900149897,0.302340;0.302585;0.302171;0.302801;0.302534,43.342933954369485,23071.8114526529,,38.38923645019531,1769947924,6980,10,True,nid004375,57922190
PyANNS,graph=msmarco_full_R48_L800 ef=150 budget=0.03,64,0.9652148997134671,0.9893982808022923,3558.734296978,4.60015053099778,0.0,0.3310863509977935,0.329906;0.331454;0.330038;0.331086;0.331450,47.43357464151769,21082.113409279496,,38.38923645019531,1769947924,6980,10,True,nid004375,57922190
PyANNS,graph=msmarco_full_R48_L800 ef=150 budget=0.02,64,0.9655730659025787,0.9899713467048711,3558.734296978,4.60015053099778,0.0,0.3391206020023674,0.338289;0.339121;0.340165;0.340098;0.337511,48.58461346738788,20582.648057316415,,38.38923645019531,1769947924,6980,10,True,nid004375,57922190
PyANNS,graph=msmarco_full_R48_L800 ef=150 budget=0.01,64,0.9656303724928367,0.9899713467048711,3558.734296978,4.60015053099778,0.0,0.34999493999930564,0.350406;0.349557;0.348739;0.349995;0.350110,50.14254154717846,19943.145463799698,,38.38923645019531,1769947924,6980,10,True,nid004375,57922190
PyANNS,graph=base_full ef=300 budget=0.15,64,0.9684097421203438,0.9926934097421204,7.7608147989958525,4.410523739992641,0.0,0.36012703308369964,0.360291;0.360613;0.360127;0.359874;0.360086,51.594130814283616,19382.04955132521,,27.672199249267578,1204814548,6980,10,True,nid006355,57786387
PyANNS,graph=base_full ef=300 budget=0.1,64,0.970759312320917,0.9944126074498567,7.7608147989958525,4.410523739992641,0.0,0.37843513500411063,0.378435;0.378177;0.378647;0.378362;0.378641,54.21706805216485,18444.376207098692,,27.672199249267578,1204814548,6980,10,True,nid006355,57786387
PyANNS,graph=msmarco_full_R32_L1600 ef=300 budget=0.1,64,0.97189111747851,0.9928366762177651,4531.984033315006,4.150178167998092,0.0,0.39680174000386614,0.396802;0.396580;0.395538;0.398047;0.397005,56.84838682003813,17590.648669867205,,29.974884033203125,1204815572,6980,10,True,nid006720,57922189
PyANNS,graph=msmarco_full_R32_L1600 ef=300 budget=0.07,64,0.9728510028653296,0.9938395415472779,4531.984033315006,4.150178167998092,0.0,0.415119061988662,0.415964;0.416259;0.415119;0.414727;0.414271,59.472644984049,16814.453103072974,,29.974884033203125,1204815572,6980,10,True,nid006720,57922189
PyANNS,graph=msmarco_full_R32_L1600 ef=300 budget=0.05,64,0.9730802292263611,0.9941260744985674,4531.984033315006,4.150178167998092,0.0,0.43205705100263003,0.432875;0.431076;0.432850;0.432057;0.431490,61.89929097458884,16155.273901449444,,29.972930908203125,1204815572,6980,10,True,nid006720,57922189
PyANNS,graph=msmarco_full_R48_L800 ef=300 budget=0.2,64,0.9756160458452722,0.9945558739255015,3558.734296978,4.60015053099778,0.0,0.49014303799776826,0.490143;0.489445;0.489782;0.490828;0.491358,70.22106561572612,14240.740883545472,,38.393455505371094,1769947924,6980,10,True,nid004375,57922190
PyANNS,graph=msmarco_full_R48_L800 ef=300 budget=0.15,64,0.9767335243553008,0.9948424068767908,3558.734296978,4.60015053099778,0.0,0.5030848480091663,0.503085;0.502838;0.503642;0.502993;0.505538,72.0751931245224,13874.399174655371,,38.393455505371094,1769947924,6980,10,True,nid004375,57922190
PyANNS,graph=msmarco_full_R48_L800 ef=300 budget=0.1,64,0.9771489971346705,0.9954154727793696,3558.734296978,4.60015053099778,0.0,0.5271691579982871,0.527897;0.527169;0.525869;0.527016;0.527375,75.52566733499815,13240.531799135866,,38.393455505371094,1769947924,6980,10,True,nid004375,57922190
PyANNS,graph=msmarco_full_R48_L800 ef=300 budget=0.07,64,0.9779942693409742,0.995702005730659,3558.734296978,4.60015053099778,0.0,0.5508406890003243,0.552546;0.551098;0.549130;0.550841;0.549640,78.91700415477426,12671.540318975765,,38.393455505371094,1769947924,6980,10,True,nid004375,57922190
PyANNS,graph=msmarco_full_R48_L800 ef=300 budget=0.05,64,0.9780945558739255,0.9958452722063037,3558.734296978,4.60015053099778,0.0,0.5728096179955173,0.572504;0.572810;0.573147;0.573230;0.572053,82.0644151856042,12185.549580025774,,38.393455505371094,1769947924,6980,10,True,nid004375,57922190
PyANNS,graph=msmarco_full_R48_L800 ef=300 budget=0.03,64,0.9786532951289398,0.9962750716332378,3558.734296978,4.60015053099778,0.0,0.6002932599949418,0.600293;0.600114;0.602052;0.600550;0.599267,86.00189971274237,11627.650125638285,,38.393455505371094,1769947924,6980,10,True,nid004375,57922190
PyANNS,graph=msmarco_full_R48_L800 ef=300 budget=0.02,64,0.9787535816618911,0.9962750716332378,3558.734296978,4.60015053099778,0.0,0.6179686849936843,0.618420;0.616697;0.617969;0.615791;0.618257,88.53419555783442,11295.070720406062,,38.393455505371094,1769947924,6980,10,True,nid004375,57922190
PyANNS,graph=msmarco_full_R48_L800 ef=300 budget=0.01,64,0.9788538681948424,0.9964183381088825,3558.734296978,4.60015053099778,0.0,0.6350391289888648,0.634023;0.637190;0.635039;0.634912;0.635558,90.97981790671416,10991.448686183858,,38.393455505371094,1769947924,6980,10,True,nid004375,57922190
PyANNS,graph=base_full ef=600 budget=0.15,64,0.9797707736389685,0.9977077363896848,7.7608147989958525,4.410523739992641,0.0,0.6658038600580767,0.665552;0.665719;0.666024;0.665804;0.666017,95.38737250115712,10483.567937547177,,27.680011749267578,1204814548,6980,10,True,nid006355,57786387
PyANNS,graph=base_full ef=600 budget=0.1,64,0.9808022922636103,0.9981375358166189,7.7608147989958525,4.410523739992641,0.0,0.7035831699613482,0.703583;0.703912;0.702921;0.703429;0.703909,100.7998810832877,9920.646624312305,,27.680011749267578,1204814548,6980,10,True,nid006355,57786387
PyANNS,graph=msmarco_full_R32_L1600 ef=600 budget=0.15,64,0.9818338108882522,0.9975644699140401,4531.984033315006,4.150178167998092,0.0,0.7133410200040089,0.712640;0.709715;0.713726;0.715284;0.713341,102.19785386876919,9784.941289315975,,29.983417510986328,1204815572,6980,10,True,nid006720,57922189
PyANNS,graph=msmarco_full_R32_L1600 ef=600 budget=0.1,64,0.9821203438395415,0.9977077363896848,4531.984033315006,4.150178167998092,0.0,0.7482102179928916,0.745754;0.748210;0.748455;0.748591;0.746220,107.19344097319363,9328.928999024061,,29.983417510986328,1204815572,6980,10,True,nid006720,57922189
PyANNS,graph=msmarco_full_R32_L1600 ef=600 budget=0.05,64,0.9826934097421204,0.9981375358166189,4531.984033315006,4.150178167998092,0.0,0.8124444630084326,0.812444;0.813259;0.812236;0.812831;0.812139,116.39605487226828,8591.356477652002,,29.983417510986328,1204815572,6980,10,True,nid006720,57922189
PyANNS,graph=msmarco_full_R48_L800 ef=600 budget=0.2,64,0.9836532951289398,0.9977077363896848,3558.734296978,4.60015053099778,0.0,0.9117690889979713,0.912412;0.910443;0.912043;0.911316;0.911769,130.62594398251736,7655.447069028166,,38.401268005371094,1769947924,6980,10,True,nid004375,57922190
PyANNS,graph=msmarco_full_R48_L800 ef=600 budget=0.15,64,0.9846275071633238,0.9984240687679083,3558.734296978,4.60015053099778,0.0,0.9398983060091268,0.939867;0.939898;0.936519;0.940539;0.943862,134.65591776635054,7426.335333699624,,38.401268005371094,1769947924,6980,10,True,nid004375,57922190
PyANNS,graph=msmarco_full_R48_L800 ef=600 budget=0.1,64,0.9849283667621777,0.9987106017191977,3558.734296978,4.60015053099778,0.0,0.9869049260014435,0.987833;0.986905;0.986701;0.990472;0.982947,141.3903905446194,7072.616435587424,,38.401268005371094,1769947924,6980,10,True,nid004375,57922190
PyANNS,graph=msmarco_full_R48_L800 ef=600 budget=0.07,64,0.9855873925501433,0.9992836676217765,3558.734296978,4.60015053099778,0.0,1.0364669740083627,1.039068;1.036791;1.036467;1.035672;1.032111,148.49097048830413,6734.416218787963,,38.401268005371094,1769947924,6980,10,True,nid004375,57922190
PyANNS,graph=msmarco_full_R48_L800 ef=600 budget=0.05,64,0.9858739255014327,0.9992836676217765,3558.734296978,4.60015053099778,0.0,1.07903707800142,1.079810;1.078558;1.079037;1.077003;1.081142,154.58983925521775,6468.730447083686,,38.401268005371094,1769947924,6980,10,True,nid004375,57922190
PyANNS,graph=msmarco_full_R48_L800 ef=600 budget=0.03,64,0.98621776504298,0.9995702005730659,3558.734296978,4.60015053099778,0.0,1.1394268959993497,1.138631;1.139427;1.140683;1.135977;1.139879,163.24167564460598,6125.886640474725,,38.401268005371094,1769947924,6980,10,True,nid004375,57922190
PyANNS,graph=msmarco_full_R32_L1600 ef=1200 budget=0.2,64,0.9869770773638968,0.9992836676217765,4531.984033315006,4.150178167998092,0.0,1.3312012030073674,1.329098;1.331201;1.328071;1.333050;1.332284,190.7165047288492,5243.3846846225915,,30.014415740966797,1204815572,6980,10,True,nid006720,57922189
PyANNS,graph=msmarco_full_R32_L1600 ef=1200 budget=0.15,64,0.9877077363896848,0.9995702005730659,4531.984033315006,4.150178167998092,0.0,1.3768431290081935,1.374468;1.373612;1.376843;1.378819;1.377481,197.2554626086237,5069.568095987835,,30.014415740966797,1204815572,6980,10,True,nid006720,57922189
PyANNS,graph=msmarco_full_R32_L1600 ef=1200 budget=0.1,64,0.9879799426934097,0.9994269340974212,4531.984033315006,4.150178167998092,0.0,1.4586248800042085,1.455699;1.458625;1.460363;1.457313;1.459889,208.97204584587513,4785.329042227678,,30.014415740966797,1204815572,6980,10,True,nid006720,57922189
PyANNS,graph=msmarco_full_R32_L1600 ef=1200 budget=0.07,64,0.9882521489971346,0.9992836676217765,4531.984033315006,4.150178167998092,0.0,1.5328016089915764,1.532992;1.531039;1.532802;1.530445;1.535101,219.59908438274732,4553.753048701529,,30.014415740966797,1204815572,6980,10,True,nid006720,57922189
PyANNS,graph=msmarco_full_R48_L800 ef=1200 budget=0.2,64,0.9890974212034384,0.9994269340974212,3558.734296978,4.60015053099778,0.0,1.7666450039978372,1.766645;1.766295;1.765166;1.766858;1.768273,253.10100343808557,3950.991842845947,,38.43256759643555,1769947924,6980,10,True,nid004375,57922190
PyANNS,graph=msmarco_full_R48_L800 ef=1200 budget=0.15,64,0.9894412607449856,0.9994269340974212,3558.734296978,4.60015053099778,0.0,1.850141701012035,2.030613;2.033030;1.850142;1.824043;1.822346,265.0632809472829,3772.6840037073443,,38.43256759643555,1769947924,6980,10,True,nid004375,57922190
PyANNS,graph=msmarco_full_R48_L800 ef=1200 budget=0.1,64,0.9896418338108882,0.9995702005730659,3558.734296978,4.60015053099778,0.0,1.9143804049963364,1.914265;1.914380;1.912538;2.077572;2.136703,274.2665336670969,3646.0883018771588,,38.43256759643555,1769947924,6980,10,True,nid004375,57922190
PyANNS,graph=msmarco_full_R48_L800 ef=1200 budget=0.07,64,0.9900716332378223,0.9998567335243553,3558.734296978,4.60015053099778,0.0,1.999389983000583,1.998457;1.999390;2.002121;1.998850;2.000251,286.4455563038084,3491.064804438387,,38.43256759643555,1769947924,6980,10,True,nid004375,57922190
PyANNS,graph=msmarco_full_R48_L800 ef=1200 budget=0.05,64,0.9901575931232092,1.0,3558.734296978,4.60015053099778,0.0,2.0707096100086346,2.071481;2.070641;2.071967;2.069607;2.070710,296.6632679095465,3370.825134660429,,38.43256759643555,1769947924,6980,10,True,nid004375,57922190
PyANNS,graph=msmarco_full_R32_L1600 ef=2400 budget=0.2,64,0.9907163323782235,0.9995702005730659,4531.984033315006,4.150178167998092,0.0,2.571052476996556,2.571035;2.570810;2.571830;2.574205;2.571052,368.34562707687047,2714.841514302296,,30.06122589111328,1204815572,6980,10,True,nid006720,57922189
PyANNS,graph=msmarco_full_R32_L1600 ef=2400 budget=0.15,64,0.9911174785100286,0.9995702005730659,4531.984033315006,4.150178167998092,0.0,2.6403163579961983,2.638614;2.638907;2.641102;2.640316;2.640940,378.2688191971631,2643.622601837492,,30.06122589111328,1204815572,6980,10,True,nid006720,57922189
PyANNS,graph=msmarco_full_R32_L1600 ef=2400 budget=0.1,64,0.9913323782234957,0.9998567335243553,4531.984033315006,4.150178167998092,0.0,2.7786336409917567,2.780361;2.777806;2.779992;2.778634;2.776801,398.0850488526872,2512.026017761982,,30.06122589111328,1204815572,6980,10,True,nid006720,57922189
PyANNS,graph=msmarco_full_R32_L1600 ef=2400 budget=0.07,64,0.9915329512893983,0.9998567335243553,4531.984033315006,4.150178167998092,0.0,2.9080001910042483,2.907209;2.908874;2.906970;2.908219;2.908000,416.61893853929064,2400.2749455080084,,30.06122589111328,1204815572,6980,10,True,nid006720,57922189
PyANNS,graph=msmarco_full_R32_L1600 ef=2400 budget=0.05,64,0.9916332378223496,0.9998567335243553,4531.984033315006,4.150178167998092,0.0,3.0081574840005487,3.008157;3.009078;3.009695;3.005405;3.006648,430.96812091698405,2320.3572409770572,,30.06122589111328,1204815572,6980,10,True,nid006720,57922189
PyANNS,graph=msmarco_full_R48_L800 ef=2400 budget=0.3,64,0.9920200573065903,0.9997134670487106,3558.734296978,4.60015053099778,0.0,3.2384768159972737,3.236496;3.241077;3.238477;3.239098;3.238430,463.96515988499624,2155.3342502007513,,38.43256759643555,1769947924,6980,10,True,nid004375,57922190
PyANNS,graph=msmarco_full_R48_L800 ef=2400 budget=0.2,64,0.9924212034383955,0.9998567335243553,3558.734296978,4.60015053099778,0.0,3.3335063510021428,3.330678;3.334165;3.335265;3.333506;3.332961,477.5797064472984,2093.8913159417325,,38.43256759643555,1769947924,6980,10,True,nid004375,57922190
PyANNS,graph=msmarco_full_R48_L800 ef=2400 budget=0.15,64,0.9925071633237822,0.9998567335243553,3558.734296978,4.60015053099778,0.0,3.4367965459969128,3.437246;3.437091;3.436797;3.434644;3.436548,492.3777286528528,2030.9610727845134,,38.43256759643555,1769947924,6980,10,True,nid004375,57922190
PyANNS,graph=msmarco_full_R48_L800 ef=2400 budget=0.1,64,0.9929226361031519,1.0,3558.734296978,4.60015053099778,0.0,3.6030292789946543,3.600551;3.602275;3.603029;3.603083;3.603528,516.1933064462256,1937.2587507664148,,38.43256759643555,1769947924,6980,10,True,nid004375,57922190
PyANNS,graph=msmarco_full_R48_L800 ef=2400 budget=0.07,64,0.9929942693409742,1.0,3558.734296978,4.60015053099778,0.0,3.740970134997042,3.738621;3.741310;3.740970;3.739450;3.741633,535.9556067331006,1865.8261755958977,,38.43256759643555,1769947924,6980,10,True,nid004375,57922190
PyANNS,graph=msmarco_full_R32_L1600 ef=4800 budget=0.2,64,0.9934670487106018,1.0,4531.984033315006,4.150178167998092,0.0,5.079752539997571,5.079753;5.080814;5.080035;5.079380;5.078743,727.7582435526606,1374.0826831701013,,30.12363052368164,1204815572,6980,10,True,nid006720,57922189
PyANNS,graph=msmarco_full_R32_L1600 ef=4800 budget=0.15,64,0.9936103151862464,1.0,4531.984033315006,4.150178167998092,0.0,5.171079995998298,5.173210;5.172451;5.171080;5.166623;5.169855,740.8424063034811,1349.8147399385732,,30.12363052368164,1204815572,6980,10,True,nid006720,57922189
PyANNS,graph=msmarco_full_R32_L1600 ef=4800 budget=0.1,64,0.9937392550143267,1.0,4531.984033315006,4.150178167998092,0.0,5.318576730991481,5.318577;5.317956;5.319114;5.318110;5.322343,761.9737436950545,1312.3811788457172,,30.12363052368164,1204815572,6980,10,True,nid006720,57922189
PyANNS,graph=msmarco_full_R48_L800 ef=4800 budget=0.3,64,0.9941690544412607,1.0,3558.734296978,4.60015053099778,0.0,6.268961598005262,6.267607;6.268962;6.271333;6.270490;6.268267,898.132034098175,1113.422038224159,,38.43256759643555,1769947924,6980,10,True,nid004375,57922190
PyANNS,graph=msmarco_full_R48_L800 ef=4800 budget=0.2,64,0.9944985673352436,1.0,3558.734296978,4.60015053099778,0.0,6.3631921329943,6.363192;6.365935;6.367191;6.361820;6.362203,911.632110744169,1096.933717246638,,38.43256759643555,1769947924,6980,10,True,nid004375,57922190
PyANNS,graph=msmarco_full_R48_L800 ef=4800 budget=0.15,64,0.9946418338108882,1.0,3558.734296978,4.60015053099778,0.0,6.521172784006922,6.522200;6.520725;6.521492;6.521173;6.518569,934.2654418348026,1070.3596164662813,,38.43256759643555,1769947924,6980,10,True,nid004375,57922190
PyANNS,graph=msmarco_full_R48_L800 ef=4800 budget=0.1,64,0.9947277936962751,1.0,3558.734296978,4.60015053099778,0.0,6.843705926003167,6.845498;6.843258;6.844959;6.842080;6.843706,980.4736283672161,1019.9152440900439,,38.43256759643555,1769947924,6980,10,True,nid004375,57922190
SEISMIC,n_postings=500 summary_energy=0.6 centroid_fraction=0.2 max_fraction=6.0 doc_cut=15 nknn=0 n_knn=0 sorted=True query_cut=1 heap_factor=1.0,64,0.5384670487106017,0.7865329512893983,53.92733528709505,4.486205623019487,0.0,0.03677599295042455,0.039287;0.033093;0.036882;0.036776;0.036593,5.268766898341626,189797.73053060204,,10.620960235595703,5331486845,6980,10,False,nid007096,57842801
SEISMIC,n_postings=500 summary_energy=0.7 centroid_fraction=0.4 max_fraction=6.0 doc_cut=15 nknn=0 n_knn=0 sorted=True query_cut=1 heap_factor=1.0,64,0.5642263610315186,0.7869627507163324,55.37567996804137,0.5722912009805441,0.0,0.03725124802440405,0.039320;0.033987;0.037441;0.037251;0.037229,5.336855017822929,187376.27247890487,,10.619270324707031,5519252423,6980,10,False,nid007096,57842801
SEISMIC,n_postings=500 summary_energy=0.6 centroid_fraction=0.3 max_fraction=6.0 doc_cut=15 nknn=0 n_knn=0 sorted=True query_cut=2 heap_factor=1.0,64,0.6330659025787966,0.8833810888252149,53.8415893020574,0.5728073429781944,0.0,0.03804225998464972,0.042551;0.038042;0.035002;0.037958;0.041085,5.450180513560132,183480.16134731408,,10.620758056640625,5353974711,6980,10,False,nid007096,57842801
SEISMIC,n_postings=1000 summary_energy=0.6 centroid_fraction=0.3 max_fraction=6.0 doc_cut=15 nknn=0 n_knn=0 sorted=True query_cut=1 heap_factor=1.0,64,0.6348280802292263,0.8744985673352436,82.55893686495256,0.5718228279147297,0.0,0.038714690948836505,0.040388;0.034714;0.038816;0.038715;0.038395,5.54651732791354,180293.31576543994,,10.62088394165039,6103290375,6980,10,False,nid007096,57842801
SEISMIC,n_postings=500 summary_energy=0.6 centroid_fraction=0.2 max_fraction=6.0 doc_cut=15 nknn=0 n_knn=0 sorted=True query_cut=2 heap_factor=1.0,64,0.6437249283667622,0.883810888252149,53.92733528709505,4.486205623019487,0.0,0.03967365704011172,0.042782;0.039674;0.035794;0.039077;0.042231,5.683905020073312,175935.38183139832,,10.620960235595703,5331486845,6980,10,False,nid007096,57842801
SEISMIC,n_postings=1000 summary_energy=0.7 centroid_fraction=0.4 max_fraction=6.0 doc_cut=15 nknn=0 n_knn=0 sorted=True query_cut=1 heap_factor=1.0,64,0.6817335243553009,0.8750716332378223,84.15632387402002,0.5665872269310057,0.0,0.04009700706228614,0.042019;0.036361;0.041110;0.040097;0.039694,5.7445568857143465,174077.83052628752,,10.619895935058594,6438023231,6980,10,False,nid007096,57842801
SEISMIC,n_postings=1000 summary_energy=0.7 centroid_fraction=0.3 max_fraction=6.0 doc_cut=15 nknn=0 n_knn=0 sorted=True query_cut=1 heap_factor=1.0,64,0.6826361031518625,0.8750716332378223,81.66580296191387,0.5683800029801205,0.0,0.04056930402293801,0.042420;0.036971;0.040569;0.040888;0.040295,5.812221206724644,172051.26309422232,,10.623462677001953,6440263893,6980,10,False,nid007096,57842801
SEISMIC,n_postings=2000 summary_energy=0.6 centroid_fraction=0.4 max_fraction=6.0 doc_cut=15 nknn=0 n_knn=0 sorted=True query_cut=1 heap_factor=1.0,64,0.7055157593123209,0.9269340974212035,143.33740126609337,0.5662727790186182,0.0,0.04135029297322035,0.043345;0.038463;0.041287;0.042202;0.041350,5.924110741149047,168801.70606095708,,10.621589660644531,7584893449,6980,10,False,nid007096,57842801
SEISMIC,n_postings=1000 summary_energy=0.6 centroid_fraction=0.3 max_fraction=6.0 doc_cut=15 nknn=0 n_knn=0 sorted=True query_cut=2 heap_factor=1.0,64,0.775,0.959025787965616,82.55893686495256,0.5718228279147297,0.0,0.04198779503349215,0.045970;0.041988;0.038368;0.041864;0.044419,6.015443414540423,166238.78425700386,,10.62088394165039,6103290375,6980,10,False,nid007096,57842801
SEISMIC,n_postings=2000 summary_energy=0.6 centroid_fraction=0.2 max_fraction=6.0 doc_cut=15 nknn=16 n_knn=4 sorted=True query_cut=1 heap_factor=1.0,64,0.7836103151862465,0.9389684813753582,129.56544244500037,4.160973928002932,0.0,0.04481899600068573,0.047806;0.044029;0.040863;0.044819;0.047381,6.421059598952111,155737.5359299259,,12.966533660888672,7498990536,6980,10,True,nid006044,57842802
SEISMIC,n_postings=2000 summary_energy=0.6 centroid_fraction=0.2 max_fraction=6.0 doc_cut=15 nknn=16 n_knn=8 sorted=True query_cut=1 heap_factor=1.0,64,0.814054441260745,0.9431232091690545,129.56544244500037,4.160973928002932,0.0,0.04484609900100622,0.048216;0.038555;0.047294;0.044846;0.040759,6.424942550287424,155643.41504583013,,12.966533660888672,7498990536,6980,10,True,nid006044,57842802
SEISMIC,n_postings=1000 summary_energy=0.7 centroid_fraction=0.3 max_fraction=6.0 doc_cut=15 nknn=0 n_knn=0 sorted=True query_cut=2 heap_factor=1.0,64,0.8198280802292264,0.9595988538681949,81.66580296191387,0.5683800029801205,0.0,0.04500468203332275,0.046936;0.044553;0.039802;0.045005;0.046462,6.447662182424463,155094.97422583296,,10.623462677001953,6440263893,6980,10,False,nid007096,57842801
SEISMIC,n_postings=2000 summary_energy=0.6 centroid_fraction=0.2 max_fraction=6.0 doc_cut=15 nknn=16 n_knn=16 sorted=True query_cut=1 heap_factor=1.0,64,0.8435100286532952,0.9497134670487106,129.56544244500037,4.160973928002932,0.0,0.046542814998247195,0.043507;0.046543;0.049624;0.040434;0.048931,6.66802507138212,149969.44212039746,,12.966533660888672,7498990536,6980,10,True,nid006044,57842802
SEISMIC,n_postings=2000 summary_energy=0.6 centroid_fraction=0.4 max_fraction=6.0 doc_cut=15 nknn=0 n_knn=0 sorted=True query_cut=2 heap_factor=1.0,64,0.8530372492836676,0.98810888252149,143.33740126609337,0.5662727790186182,0.0,0.047298639081418514,0.050673;0.047118;0.043683;0.047299;0.050168,6.776309323985461,147572.95633780982,,10.621589660644531,7584893449,6980,10,True,nid007096,57842801
SEISMIC,n_postings=1000 summary_energy=0.7 centroid_fraction=0.3 max_fraction=6.0 doc_cut=15 nknn=0 n_knn=0 sorted=True query_cut=3 heap_factor=1.0,64,0.858352435530086,0.9779369627507163,81.66580296191387,0.5683800029801205,0.0,0.04850186000112444,0.049314;0.041888;0.048595;0.048502;0.042598,6.948690544573702,143912.00667022212,,10.623462677001953,6440263893,6980,10,True,nid007096,57842801
SEISMIC,n_postings=2000 summary_energy=0.6 centroid_fraction=0.2 max_fraction=6.0 doc_cut=15 nknn=16 n_knn=0 sorted=True query_cut=2 heap_factor=1.0,64,0.8707163323782235,0.9879656160458453,129.56544244500037,4.160973928002932,0.0,0.050230796998221194,0.051843;0.050231;0.045817;0.050161;0.051352,7.196389254759484,138958.57555768386,,12.966533660888672,7498990536,6980,10,True,nid006044,57842802
SEISMIC,n_postings=2000 summary_energy=0.6 centroid_fraction=0.2 max_fraction=6.0 doc_cut=15 nknn=16 n_knn=4 sorted=True query_cut=2 heap_factor=1.0,64,0.9065042979942693,0.9912607449856734,129.56544244500037,4.160973928002932,0.0,0.05192461899787304,0.052269;0.045199;0.052879;0.051925;0.045129,7.4390571630190605,134425.63729328313,,12.966533660888672,7498990536,6980,10,True,nid006044,57842802
SEISMIC,n_postings=2000 summary_energy=0.6 centroid_fraction=0.2 max_fraction=6.0 doc_cut=15 nknn=16 n_knn=8 sorted=True query_cut=2 heap_factor=1.0,64,0.923839541547278,0.9921203438395415,129.56544244500037,4.160973928002932,0.0,0.05206467899915879,0.052482;0.052077;0.045528;0.052065;0.051848,7.459123065782061,134064.01679942705,,12.966533660888672,7498990536,6980,10,True,nid006044,57842802
SEISMIC,n_postings=2000 summary_energy=0.6 centroid_fraction=0.2 max_fraction=6.0 doc_cut=15 nknn=16 n_knn=16 sorted=True query_cut=2 heap_factor=1.0,64,0.9402005730659025,0.9935530085959885,129.56544244500037,4.160973928002932,0.0,0.05316502099958598,0.053797;0.047415;0.053305;0.047007;0.053165,7.616765186187103,131289.33025446103,,12.966533660888672,7498990536,6980,10,True,nid006044,57842802
SEISMIC,n_postings=2000 summary_energy=0.6 centroid_fraction=0.2 max_fraction=6.0 doc_cut=15 nknn=16 n_knn=8 sorted=True query_cut=3 heap_factor=1.0,64,0.9498997134670487,0.9982808022922636,129.56544244500037,4.160973928002932,0.0,0.05744494000100531,0.057998;0.051862;0.057621;0.057445;0.051278,8.229934097565229,121507.65585059098,,12.966533660888672,7498990536,6980,10,True,nid006044,57842802
SEISMIC,n_postings=2000 summary_energy=0.6 centroid_fraction=0.2 max_fraction=6.0 doc_cut=15 nknn=16 n_knn=16 sorted=True query_cut=3 heap_factor=1.0,64,0.9611461318051576,0.998567335243553,129.56544244500037,4.160973928002932,0.0,0.05918309600019711,0.059455;0.059183;0.052356;0.058659;0.059403,8.47895358169013,117939.08179417909,,12.966533660888672,7498990536,6980,10,True,nid006044,57842802
SEISMIC,n_postings=2000 summary_energy=0.6 centroid_fraction=0.2 max_fraction=6.0 doc_cut=15 nknn=16 n_knn=8 sorted=True query_cut=5 heap_factor=1.0,64,0.9624355300859598,0.9995702005730659,129.56544244500037,4.160973928002932,0.0,0.06528626799990889,0.065286;0.065298;0.059998;0.065252;0.065516,9.353333524342247,106913.75405329865,,12.966533660888672,7498990536,6980,10,True,nid006044,57842802
SEISMIC,n_postings=2000 summary_energy=0.6 centroid_fraction=0.2 max_fraction=6.0 doc_cut=15 nknn=16 n_knn=16 sorted=True query_cut=5 heap_factor=1.0,64,0.9706017191977078,0.9995702005730659,129.56544244500037,4.160973928002932,0.0,0.0672404409997398,0.067655;0.067978;0.060895;0.067178;0.067240,9.633301002828052,103806.5767597659,,12.966533660888672,7498990536,6980,10,True,nid006044,57842802
SEISMIC,n_postings=2000 summary_energy=0.6 centroid_fraction=0.2 max_fraction=6.0 doc_cut=15 nknn=16 n_knn=8 sorted=True query_cut=3 heap_factor=0.9,64,0.9712750716332378,0.998567335243553,129.56544244500037,4.160973928002932,0.0,0.0706280330014124,0.070189;0.070861;0.064046;0.071063;0.070628,10.118629369829858,98827.61424009097,,12.966533660888672,7498990536,6980,10,True,nid006044,57842802
SEISMIC,n_postings=2000 summary_energy=0.6 centroid_fraction=0.2 max_fraction=6.0 doc_cut=15 nknn=16 n_knn=16 sorted=True query_cut=3 heap_factor=0.9,64,0.9763323782234957,0.9988538681948425,129.56544244500037,4.160973928002932,0.0,0.07259650499690906,0.072597;0.072667;0.065956;0.072072;0.073235,10.400645415029953,96147.87929938483,,12.966533660888672,7498990536,6980,10,True,nid006044,57842802
SEISMIC,n_postings=2000 summary_energy=0.8 centroid_fraction=0.3 max_fraction=6.0 doc_cut=15 nknn=0 n_knn=0 sorted=True query_cut=5 heap_factor=1.0,64,0.9764469914040115,0.9995702005730659,136.92216933798045,0.5682152169756591,0.0,0.07609163201414049,0.076723;0.076092;0.069622;0.075545;0.076122,10.901379944719269,91731.50601767711,,10.616497039794922,9186680581,6980,10,True,nid007096,57842801
SEISMIC,n_postings=2000 summary_energy=0.6 centroid_fraction=0.2 max_fraction=6.0 doc_cut=15 nknn=16 n_knn=8 sorted=True query_cut=4 heap_factor=0.9,64,0.9784240687679083,0.9998567335243553,129.56544244500037,4.160973928002932,0.0,0.07679250299770501,0.076580;0.076918;0.071080;0.077039;0.076793,11.00179126041619,90894.28951428502,,12.966533660888672,7498990536,6980,10,True,nid006044,57842802
SEISMIC,n_postings=2000 summary_energy=0.6 centroid_fraction=0.2 max_fraction=6.0 doc_cut=15 nknn=16 n_knn=16 sorted=True query_cut=4 heap_factor=0.9,64,0.9819484240687679,0.9998567335243553,129.56544244500037,4.160973928002932,0.0,0.07805735199872288,0.078604;0.072680;0.078057;0.078624;0.071968,11.18300171901474,89421.42951652013,,12.966533660888672,7498990536,6980,10,True,nid006044,57842802
SEISMIC,n_postings=6000 summary_energy=0.6 centroid_fraction=0.2 max_fraction=6.0 doc_cut=15 nknn=16 n_knn=16 sorted=True query_cut=3 heap_factor=1.0,64,0.9825501432664756,0.9998567335243553,328.17109394100044,0.577138927001215,0.0,0.0828730249995715,0.082873;0.083560;0.076684;0.082977;0.082671,11.872926217703654,84225.23493061935,,19.46176528930664,13225761964,6980,10,True,nid006044,57842802
SEISMIC,n_postings=2000 summary_energy=0.6 centroid_fraction=0.2 max_fraction=6.0 doc_cut=15 nknn=16 n_knn=16 sorted=True query_cut=5 heap_factor=0.9,64,0.9838681948424068,0.9998567335243553,129.56544244500037,4.160973928002932,0.0,0.08298339699831558,0.082983;0.084460;0.076548;0.083582;0.082857,11.88873882497358,84113.21122635751,,12.966533660888672,7498990536,6980,10,True,nid006044,57842802
SEISMIC,n_postings=2000 summary_energy=0.6 centroid_fraction=0.2 max_fraction=6.0 doc_cut=15 nknn=16 n_knn=16 sorted=True query_cut=6 heap_factor=0.9,64,0.9847277936962751,0.9998567335243553,129.56544244500037,4.160973928002932,0.0,0.08667836300082854,0.088061;0.080073;0.087114;0.086678;0.080999,12.418103581780592,80527.59371947622,,12.966533660888672,7498990536,6980,10,True,nid006044,57842802
SEISMIC,n_postings=2000 summary_energy=0.6 centroid_fraction=0.2 max_fraction=6.0 doc_cut=15 nknn=16 n_knn=16 sorted=True query_cut=7 heap_factor=0.9,64,0.9852005730659026,0.9998567335243553,129.56544244500037,4.160973928002932,0.0,0.09001920200171298,0.089699;0.091074;0.083988;0.090019;0.090750,12.896733811133664,77539.0121750599,,12.966533660888672,7498990536,6980,10,True,nid006044,57842802
SEISMIC,n_postings=2000 summary_energy=0.6 centroid_fraction=0.2 max_fraction=6.0 doc_cut=15 nknn=16 n_knn=16 sorted=True query_cut=8 heap_factor=0.9,64,0.9856303724928367,0.9998567335243553,129.56544244500037,4.160973928002932,0.0,0.09292945900233462,0.092929;0.094047;0.086405;0.092753;0.093442,13.31367607483304,75110.73533554784,,12.966533660888672,7498990536,6980,10,True,nid006044,57842802
SEISMIC,n_postings=6000 summary_energy=0.6 centroid_fraction=0.2 max_fraction=6.0 doc_cut=15 nknn=16 n_knn=16 sorted=False query_cut=3 heap_factor=1.0,64,0.9866332378223496,0.9998567335243553,328.17109394100044,0.577138927001215,0.0,0.09509500300191576,0.089260;0.095095;0.095580;0.096032;0.089817,13.623925931506555,73400.28160953298,,19.46390151977539,13225761964,6980,10,True,nid006044,57842802
SEISMIC,n_postings=6000 summary_energy=0.8 centroid_fraction=0.4 max_fraction=6.0 doc_cut=15 nknn=0 n_knn=0 sorted=True query_cut=3 heap_factor=1.0,64,0.9912607449856734,0.9998567335243553,462.6953429400455,0.5798363740323111,0.0,0.10053244605660439,0.102949;0.093451;0.102994;0.100532;0.095167,14.402929234470543,69430.32099378084,,22.564537048339844,18404725614,6980,10,True,nid007096,57842801
SEISMIC,n_postings=6000 summary_energy=0.8 centroid_fraction=0.3 max_fraction=6.0 doc_cut=15 nknn=0 n_knn=0 sorted=True query_cut=3 heap_factor=1.0,64,0.9917621776504298,0.9998567335243553,384.18830052996054,0.5739379489095882,0.0,0.10299114102963358,0.105207;0.096196;0.103341;0.102991;0.096933,14.755177797941773,67772.81939221984,,22.65694808959961,18459337548,6980,10,True,nid007096,57842801
SEISMIC,n_postings=6000 summary_energy=0.6 centroid_fraction=0.2 max_fraction=6.0 doc_cut=15 nknn=16 n_knn=8 sorted=True query_cut=3 heap_factor=0.9,64,0.9919627507163323,0.9998567335243553,328.17109394100044,0.577138927001215,0.0,0.10663280600056169,0.105236;0.106633;0.099929;0.106697;0.106744,15.276906303805397,65458.27932131162,,19.465621948242188,13225761964,6980,10,True,nid006044,57842802
SEISMIC,n_postings=6000 summary_energy=0.6 centroid_fraction=0.2 max_fraction=6.0 doc_cut=15 nknn=16 n_knn=16 sorted=True query_cut=3 heap_factor=0.9,64,0.9936389684813753,0.9998567335243553,328.17109394100044,0.577138927001215,0.0,0.1069637570035411,0.107347;0.107514;0.101639;0.106432;0.106964,15.32432048761334,65255.74826030954,,19.46758270263672,13225761964,6980,10,True,nid006044,57842802
SEISMIC,n_postings=6000 summary_energy=0.6 centroid_fraction=0.2 max_fraction=6.0 doc_cut=15 nknn=16 n_knn=8 sorted=True query_cut=4 heap_factor=0.9,64,0.9944269340974212,1.0,328.17109394100044,0.577138927001215,0.0,0.12092355099957786,0.120924;0.121066;0.114806;0.120189;0.121980,17.324290974151555,57722.420010841124,,19.476341247558594,13225761964,6980,10,True,nid006044,57842802
SEISMIC,n_postings=6000 summary_energy=0.6 centroid_fraction=0.2 max_fraction=6.0 doc_cut=15 nknn=16 n_knn=16 sorted=True query_cut=4 heap_factor=0.9,64,0.9955873925501433,1.0,328.17109394100044,0.577138927001215,0.0,0.12243811400185223,0.123122;0.116541;0.122438;0.122659;0.116388,17.54127707762926,57008.39201014161,,19.476341247558594,13225761964,6980,10,True,nid006044,57842802
SEISMIC,n_postings=6000 summary_energy=0.8 centroid_fraction=0.4 max_fraction=6.0 doc_cut=15 nknn=0 n_knn=0 sorted=True query_cut=5 heap_factor=1.0,64,0.9963323782234957,1.0,462.6953429400455,0.5798363740323111,0.0,0.13044014398474246,0.131698;0.130440;0.124822;0.130122;0.131835,18.687699711281155,53511.133817948314,,22.59768295288086,18404725614,6980,10,True,nid007096,57842801
SEISMIC,n_postings=6000 summary_energy=0.7 centroid_fraction=0.3 max_fraction=6.0 doc_cut=15 nknn=0 n_knn=0 sorted=True query_cut=4 heap_factor=0.9,64,0.9964613180515759,1.0,382.6417979520047,0.5737897879444063,0.0,0.13352553197182715,0.134684;0.133475;0.127346;0.133543;0.133526,19.129732374187274,52274.64663067379,,19.43520736694336,15636670049,6980,10,True,nid007096,57842801
SEISMIC,n_postings=6000 summary_energy=0.8 centroid_fraction=0.3 max_fraction=6.0 doc_cut=15 nknn=0 n_knn=0 sorted=True query_cut=5 heap_factor=1.0,64,0.9966332378223496,1.0,384.18830052996054,0.5739379489095882,0.0,0.13483668002299964,0.136185;0.135711;0.128032;0.133699;0.134837,19.31757593452717,51766.32944988999,,22.693103790283203,18459337548,6980,10,True,nid007096,57842801
SEISMIC,n_postings=6000 summary_energy=0.6 centroid_fraction=0.2 max_fraction=6.0 doc_cut=15 nknn=16 n_knn=16 sorted=False query_cut=4 heap_factor=0.9,64,0.9967191977077364,1.0,328.17109394100044,0.577138927001215,0.0,0.143284573998244,0.142789;0.143573;0.136554;0.144660;0.143285,20.527875930980517,48714.246099412914,,19.476341247558594,13225761964,6980,10,True,nid006044,57842802
SEISMIC,n_postings=6000 summary_energy=0.8 centroid_fraction=0.4 max_fraction=6.0 doc_cut=15 nknn=0 n_knn=0 sorted=False query_cut=5 heap_factor=1.0,64,0.9977220630372493,1.0,462.6953429400455,0.5798363740323111,0.0,0.1468264349969104,0.140560;0.147058;0.148384;0.140917;0.146826,21.035305873482866,47539.123320312705,,22.604320526123047,18404725614,6980,10,True,nid007096,57842801
SEISMIC,n_postings=6000 summary_energy=0.8 centroid_fraction=0.3 max_fraction=6.0 doc_cut=15 nknn=0 n_knn=0 sorted=False query_cut=5 heap_factor=1.0,64,0.9978939828080229,1.0,384.18830052996054,0.5739379489095882,0.0,0.15090824093203992,0.148747;0.151389;0.154128;0.145438;0.150908,21.620091824074485,46253.272564109844,,22.702800750732422,18459337548,6980,10,True,nid007096,57842801
SEISMIC,n_postings=6000 summary_energy=0.8 centroid_fraction=0.3 max_fraction=6.0 doc_cut=15 nknn=0 n_knn=0 sorted=True query_cut=4 heap_factor=0.9,64,0.9979369627507163,1.0,384.18830052996054,0.5739379489095882,0.0,0.16171428107190877,0.161689;0.162758;0.154886;0.161916;0.161714,23.16823511058865,43162.545408690494,,22.675922393798828,18459337548,6980,10,True,nid007096,57842801
SEISMIC,n_postings=6000 summary_energy=0.8 centroid_fraction=0.2 max_fraction=6.0 doc_cut=15 nknn=0 n_knn=0 sorted=False query_cut=5 heap_factor=1.0,64,0.9979512893982808,1.0,329.5900831500767,0.5760581979993731,0.0,0.1708258579019457,0.166564;0.172265;0.171619;0.164340;0.170826,24.47361861059394,40860.32457689474,,21.95319366455078,18002311236,6980,10,True,nid007096,57842801
SEISMIC,n_postings=6000 summary_energy=0.7 centroid_fraction=0.3 max_fraction=6.0 doc_cut=15 nknn=0 n_knn=0 sorted=False query_cut=5 heap_factor=0.9,64,0.99810888252149,1.0,382.6417979520047,0.5737897879444063,0.0,0.17144786100834608,0.172196;0.171791;0.166291;0.170908;0.171448,24.562730803487977,40712.085639028264,,19.44710922241211,15636670049,6980,10,True,nid007096,57842801
SEISMIC,n_postings=6000 summary_energy=0.8 centroid_fraction=0.4 max_fraction=6.0 doc_cut=15 nknn=0 n_knn=0 sorted=True query_cut=5 heap_factor=0.9,64,0.9985530085959885,1.0,462.6953429400455,0.5798363740323111,0.0,0.17571142700035125,0.176903;0.170076;0.175711;0.176827;0.170131,25.173556876841154,39724.22351328378,,22.594947814941406,18404725614,6980,10,True,nid007096,57842801
SEISMIC,n_postings=6000 summary_energy=0.8 centroid_fraction=0.3 max_fraction=6.0 doc_cut=15 nknn=0 n_knn=0 sorted=True query_cut=5 heap_factor=0.9,64,0.9986389684813753,1.0,384.18830052996054,0.5739379489095882,0.0,0.1806580260163173,0.182026;0.175241;0.180658;0.180865;0.174691,25.882238684286147,38636.53419621421,,22.684940338134766,18459337548,6980,10,True,nid007096,57842801
SEISMIC,n_postings=6000 summary_energy=0.8 centroid_fraction=0.4 max_fraction=6.0 doc_cut=15 nknn=0 n_knn=0 sorted=True query_cut=6 heap_factor=0.9,64,0.9987249283667622,1.0,462.6953429400455,0.5798363740323111,0.0,0.19704520504456013,0.197045;0.191317;0.198449;0.190235;0.197242,28.229972069421223,35423.34358464359,,22.615516662597656,18404725614,6980,10,True,nid007096,57842801
SEISMIC,n_postings=6000 summary_energy=0.8 centroid_fraction=0.3 max_fraction=6.0 doc_cut=15 nknn=0 n_knn=0 sorted=True query_cut=6 heap_factor=0.9,64,0.998810888252149,1.0,384.18830052996054,0.5739379489095882,0.0,0.2024069189792499,0.202407;0.196155;0.203199;0.196094;0.208872,28.9981259282593,34484.98714965158,,22.71151351928711,18459337548,6980,10,True,nid007096,57842801
SEISMIC,n_postings=6000 summary_energy=0.8 centroid_fraction=0.4 max_fraction=6.0 doc_cut=15 nknn=0 n_knn=0 sorted=True query_cut=7 heap_factor=0.9,64,0.9988538681948425,1.0,462.6953429400455,0.5798363740323111,0.0,0.2131561819696799,0.214018;0.213156;0.207726;0.211680;0.219005,30.538134952676202,32745.942132669934,,22.615516662597656,18404725614,6980,10,True,nid007096,57842801
SEISMIC,n_postings=6000 summary_energy=0.8 centroid_fraction=0.3 max_fraction=6.0 doc_cut=15 nknn=0 n_knn=0 sorted=True query_cut=7 heap_factor=0.9,64,0.9989111747851003,1.0,384.18830052996054,0.5739379489095882,0.0,0.22001910104881972,0.220019;0.221836;0.219484;0.219792;0.220327,31.521361181779326,31724.518311031632,,22.71417236328125,18459337548,6980,10,True,nid007096,57842801
SEISMIC,n_postings=6000 summary_energy=0.8 centroid_fraction=0.3 max_fraction=6.0 doc_cut=15 nknn=0 n_knn=0 sorted=True query_cut=8 heap_factor=0.9,64,0.9989541547277937,1.0,384.18830052996054,0.5739379489095882,0.0,0.23660199507139623,0.236602;0.237580;0.232854;0.236581;0.238803,33.897133964383414,29501.0192027068,,22.715702056884766,18459337548,6980,10,True,nid007096,57842801
SEISMIC,n_postings=6000 summary_energy=0.8 centroid_fraction=0.4 max_fraction=6.0 doc_cut=15 nknn=0 n_knn=0 sorted=False query_cut=8 heap_factor=0.9,64,0.9989684813753582,1.0,462.6953429400455,0.5798363740323111,0.0,0.25655307492706925,0.255289;0.259482;0.256553;0.249900;0.257589,36.75545486061164,27206.845998568584,,22.615516662597656,18404725614,6980,10,True,nid007096,57842801
SEISMIC,n_postings=6000 summary_energy=0.8 centroid_fraction=0.3 max_fraction=6.0 doc_cut=15 nknn=0 n_knn=0 sorted=True query_cut=10 heap_factor=0.9,64,0.9989971346704871,1.0,384.18830052996054,0.5739379489095882,0.0,0.26598720205947757,0.266726;0.259512;0.265987;0.266582;0.261464,38.10704900565581,26241.864066975664,,22.717269897460938,18459337548,6980,10,True,nid007096,57842801
SEISMIC,n_postings=6000 summary_energy=0.8 centroid_fraction=0.2 max_fraction=6.0 doc_cut=15 nknn=0 n_knn=0 sorted=False query_cut=10 heap_factor=0.9,64,0.999025787965616,1.0,329.5900831500767,0.5760581979993731,0.0,0.3364727139705792,0.339068;0.336954;0.331875;0.336473;0.336101,48.20525988117181,20744.624185515153,,21.973392486572266,18002311236,6980,10,True,nid007096,57842801
SINDI,doc_prune=0.9 query_prune=0.9 n_cand=10,64,0.2352865330,0.6696,48.8573,8.0978,0.0000,0.032734,0.033300;0.032955;0.032607;0.032603;0.032734,4.689685,213233.95,,23.08,0,6980,10,True,nid004905,57783804
SINDI,doc_prune=0.9 query_prune=0.9 n_cand=20,64,0.3123925501,0.7287,48.8573,8.0978,0.0000,0.034630,0.034579;0.034692;0.034630;0.034631;0.034612,4.961318,201559.34,,23.08,0,6980,10,True,nid004905,57783804
SINDI,doc_prune=0.9 query_prune=0.9 n_cand=50,64,0.4084240688,0.7994,48.8573,8.0978,0.0000,0.039552,0.039688;0.039552;0.039558;0.039498;0.039467,5.666476,176476.54,,23.08,0,6980,10,True,nid004905,57783804
SINDI,doc_prune=0.8 query_prune=0.9 n_cand=20,64,0.4715759312,0.8632,50.5467,8.0978,0.0000,0.054567,0.054567;0.054738;0.054838;0.054559;0.054408,7.817622,127916.14,,23.08,0,6980,10,True,nid004905,57783804
SINDI,doc_prune=0.8 query_prune=0.9 n_cand=50,64,0.5877793696,0.9040,50.5467,8.0978,0.0000,0.059218,0.059218;0.060840;0.059284;0.058985;0.059186,8.483954,117869.57,,23.08,0,6980,10,True,nid004905,57783804
SINDI,doc_prune=0.7 query_prune=0.9 n_cand=50,64,0.6931232092,0.9395,51.8677,8.0978,0.0000,0.082713,0.082713;0.082810;0.082551;0.082833;0.082655,11.850000,84388.19,,23.08,0,6980,10,True,nid004905,57783804
SINDI,doc_prune=0.8 query_prune=0.9 n_cand=200,64,0.7257593123,0.9468,50.5467,8.0978,0.0000,0.086314,0.086152;0.086314;0.086519;0.086522;0.086307,12.365903,80867.53,,23.08,0,6980,10,True,nid004905,57783804
SINDI,doc_prune=0.8 query_prune=0.9 n_cand=200,64,0.7258739255,0.9466,51.2584,8.1851,0.0000,0.098674,0.098621;0.098527;0.098685;0.098703;0.098674,14.136676,70737.99,,27.38,0,6980,10,True,nid004904,57783803
SINDI,doc_prune=0.7 query_prune=0.9 n_cand=200,64,0.8165472779,0.9655,51.8677,8.0978,0.0000,0.108578,0.108740;0.108530;0.108578;0.108848;0.108510,15.555587,64285.58,,23.08,0,6980,10,True,nid004905,57783804
SINDI,doc_prune=0.7 query_prune=0.9 n_cand=200,64,0.8166905444,0.9649,51.9309,8.0498,0.0000,0.122906,0.122697;0.122902;0.122906;0.123080;0.123175,17.608309,56791.37,,27.16,0,6980,10,True,nid004908,57783807
SINDI,doc_prune=0.6 query_prune=0.9 n_cand=200,64,0.8652578797,0.9693,53.0723,8.0978,0.0000,0.134188,0.134224;0.134188;0.134912;0.134160;0.134179,19.224642,52016.57,,23.08,0,6980,10,True,nid004905,57783804
SINDI,doc_prune=0.6 query_prune=0.9 n_cand=200,64,0.8652722063,0.9693,53.5121,8.0498,0.0000,0.159351,0.159819;0.159179;0.159351;0.160160;0.158902,22.829656,43802.67,,27.16,0,6980,10,True,nid004908,57783807
SINDI,doc_prune=0.5 query_prune=0.9 n_cand=200,64,0.8904011461,0.9723,54.5847,8.0978,0.0000,0.162931,0.162626;0.162780;0.163046;0.163116;0.162931,23.342550,42840.22,,23.08,0,6980,10,True,nid004905,57783804
SINDI,doc_prune=0.4 query_prune=0.9 n_cand=200,64,0.9038681948,0.9729,56.1978,8.0978,0.0000,0.195542,0.195542;0.196246;0.195911;0.195191;0.195102,28.014613,35695.66,,23.08,0,6980,10,True,nid004905,57783804
SINDI,doc_prune=0.3 query_prune=0.9 n_cand=200,64,0.9102148997,0.9742,58.4104,8.0978,0.0000,0.230181,0.230068;0.230514;0.230115;0.230181;0.230292,32.977221,30323.96,,23.08,0,6980,10,True,nid004905,57783804
SINDI,doc_prune=0.6 query_prune=0.9 n_cand=1000,64,0.9327220630,0.9835,53.0723,8.0978,0.0000,0.242889,0.242840;0.242959;0.242980;0.242889;0.242770,34.797851,28737.41,,23.08,0,6980,10,True,nid004905,57783804
SINDI,doc_prune=0.6 query_prune=0.9 n_cand=1000,64,0.9327363897,0.9837,54.5728,8.1851,0.0000,0.262741,0.262398;0.262741;0.262551;0.263050;0.263140,37.641977,26566.09,,27.38,0,6980,10,True,nid004904,57783803
SINDI,doc_prune=0.6 query_prune=0.9 n_cand=1000,64,0.9327793696,0.9837,53.5121,8.0498,0.0000,0.270368,0.270412;0.270136;0.269542;0.270368;0.271504,38.734670,25816.66,,27.16,0,6980,10,True,nid004908,57783807
SINDI,doc_prune=0.5 query_prune=0.9 n_cand=1000,64,0.9465329513,0.9845,54.5847,8.0978,0.0000,0.272955,0.273176;0.273029;0.272695;0.272955;0.272874,39.105301,25571.98,,23.08,0,6980,10,True,nid004905,57783804
SINDI,doc_prune=0.5 query_prune=0.9 n_cand=1000,64,0.9465759312,0.9845,56.6646,8.1851,0.0000,0.295607,0.294937;0.295607;0.295690;0.295893;0.295261,42.350573,23612.43,,27.38,0,6980,10,True,nid004904,57783803
SINDI,doc_prune=0.4 query_prune=0.9 n_cand=1000,64,0.9533954155,0.9850,56.1978,8.0978,0.0000,0.307600,0.307886;0.307600;0.307468;0.307795;0.307557,44.068768,22691.81,,23.08,0,6980,10,True,nid004905,57783804
SINDI,doc_prune=0.6 query_prune=0.7 n_cand=200,64,0.9589684814,0.9999,53.0723,8.0978,0.0000,0.334846,0.334846;0.334267;0.335042;0.334889;0.334090,47.972206,20845.40,,23.08,0,6980,10,True,nid004905,57783804
SINDI,doc_prune=0.7 query_prune=0.7 n_cand=1000,64,0.9637822350,1.0000,51.8677,8.0978,0.0000,0.361259,0.361852;0.361007;0.361259;0.361695;0.361052,51.756304,19321.32,,23.08,0,6980,10,True,nid004905,57783804
SINDI,doc_prune=0.7 query_prune=0.7 n_cand=1000,64,0.9638395415,1.0000,51.9309,8.0498,0.0000,0.405699,0.405785;0.405526;0.405699;0.406579;0.405441,58.123066,17204.87,,27.16,0,6980,10,True,nid004908,57783807
SINDI,doc_prune=0.7 query_prune=0.7 n_cand=1000,64,0.9638538682,1.0000,52.9532,8.1851,0.0000,0.422774,0.422057;0.422774;0.421495;0.423000;0.422892,60.569341,16510.00,,27.38,0,6980,10,True,nid004904,57783803
SINDI,doc_prune=0.6 query_prune=0.7 n_cand=1000,64,0.9887392550,1.0000,53.0723,8.0978,0.0000,0.448652,0.449251;0.449159;0.448100;0.448652;0.448419,64.276791,15557.72,,23.08,0,6980,10,True,nid004905,57783804
SINDI,doc_prune=0.5 query_prune=0.7 n_cand=1000,64,0.9966189112,1.0000,54.5847,8.0978,0.0000,0.562896,0.562327;0.563270;0.562522;0.562896;0.563524,80.644126,12400.16,,23.08,0,6980,10,True,nid004905,57783804
SINDI,doc_prune=0.5 query_prune=0.7 n_cand=1000,64,0.9966762178,1.0000,55.3873,8.0498,0.0000,0.659495,0.658753;0.659495;0.658993;0.660506;0.661730,94.483524,10583.86,,27.16,0,6980,10,True,nid004908,57783807
SINDI,doc_prune=0.4 query_prune=0.7 n_cand=1000,64,0.9992550143,1.0000,56.1978,8.0978,0.0000,0.702912,0.702912;0.703787;0.700746;0.703399;0.701808,100.703725,9930.12,,23.08,0,6980,10,True,nid004905,57783804
SINDI,doc_prune=0.3 query_prune=0.7 n_cand=1000,64,0.9997421203,1.0000,58.4104,8.0978,0.0000,0.876196,0.878916;0.876196;0.877170;0.875353;0.874592,125.529513,7966.25,,23.08,0,6980,10,True,nid004905,57783804
SINDI,doc_prune=0.2 query_prune=0.7 n_cand=1000,64,0.9997564470,1.0000,61.3432,8.0978,0.0000,1.102227,1.107178;1.109887;1.102227;1.099484;1.098566,157.912178,6332.63,,23.08,0,6980,10,True,nid004905,57783804
SINDI,doc_prune=0.4 query_prune=0.7 n_cand=5000,64,0.9998424069,1.0000,56.1978,8.0978,0.0000,1.314980,1.315624;1.316611;1.314980;1.313838;1.314628,188.392550,5308.07,,23.08,0,6980,10,True,nid004905,57783804
SINDI,doc_prune=0.3 query_prune=0.5 n_cand=1000,64,0.9998997135,1.0000,58.4104,8.0978,0.0000,1.372800,1.372800;1.370975;1.371733;1.377875;1.376888,196.676218,5084.50,,23.08,0,6980,10,True,nid004905,57783804
SINDI,doc_prune=0.4 query_prune=0.5 n_cand=5000,64,0.9999283668,1.0000,56.1978,8.0978,0.0000,1.619327,1.619327;1.619499;1.619791;1.618428;1.619189,231.995272,4310.43,,23.08,0,6980,10,True,nid004905,57783804
SINDI,doc_prune=0.2 query_prune=0.5 n_cand=1000,64,0.9999713467,1.0000,61.3432,8.0978,0.0000,1.777216,1.778886;1.777032;1.777216;1.798425;1.776711,254.615473,3927.49,,23.08,0,6980,10,True,nid004905,57783804
SINDI,doc_prune=0.2 query_prune=0.5 n_cand=1000,64,0.9999856734,1.0000,63.0529,8.1487,0.0000,2.301543,2.291365;2.302866;2.295968;2.308786;2.301543,329.733954,3032.75,,24.55,0,6980,10,True,nid004906,57783805
SparseHNSW,M=32 efC=200 ef=20 alpha=0.8 beta=2 q=u8,64,0.8232808023,0.8936,382.5750,2.1566,0.0000,0.021331,0.021388;0.021331;0.021345;0.021242;0.021251,3.056017,327223.29,,12.53,0,6980,10,True,nid007080,57240768
SparseHNSW,M=32 efC=200 ef=20 alpha=0.775 beta=2 q=u8,64,0.8241547278,0.8938,362.4608,2.1495,0.0000,0.021339,0.021421;0.021403;0.021274;0.021276;0.021339,3.057163,327100.61,,12.48,0,6980,10,True,nid007080,57240768
SparseHNSW,M=32 efC=200 ef=20 alpha=0.825 beta=2 q=u8,64,0.8332521490,0.8998,404.6071,2.1488,0.0000,0.021594,0.021724;0.021629;0.021594;0.021555;0.021556,3.093696,323237.94,,12.66,0,6980,10,True,nid007080,57240768
SparseHNSW,M=32 efC=200 ef=20 alpha=0.85 beta=2 q=u8,64,0.8336103152,0.8986,428.7092,2.1512,0.0000,0.021727,0.021832;0.021807;0.021727;0.021723;0.021686,3.112751,321259.26,,12.74,0,6980,10,True,nid007080,57240768
SparseHNSW,M=32 efC=200 ef=20 alpha=0.9 beta=2 q=u8,64,0.8362750716,0.9006,486.3459,2.1523,0.0000,0.022197,0.022321;0.022289;0.022197;0.022118;0.022187,3.180086,314456.91,,13.03,0,6980,10,True,nid007080,57240768
SparseHNSW,M=32 efC=200 ef=25 alpha=0.8 beta=2 q=u8,64,0.8474355301,0.9115,382.5750,2.1566,0.0000,0.024617,0.024638;0.024708;0.024564;0.024606;0.024617,3.526791,283543.89,,12.53,0,6980,10,True,nid007080,57240768
SparseHNSW,M=32 efC=200 ef=25 alpha=0.825 beta=2 q=u8,64,0.8536103152,0.9138,404.6071,2.1488,0.0000,0.024788,0.024859;0.024875;0.024788;0.024732;0.024758,3.551289,281587.87,,12.66,0,6980,10,True,nid007080,57240768
SparseHNSW,M=32 efC=200 ef=25 alpha=0.85 beta=2 q=u8,64,0.8562750716,0.9149,428.7092,2.1512,0.0000,0.025010,0.025084;0.025067;0.024998;0.024960;0.025010,3.583095,279088.36,,12.74,0,6980,10,True,nid007080,57240768
SparseHNSW,M=32 efC=200 ef=25 alpha=0.9 beta=2 q=u8,64,0.8596418338,0.9168,486.3459,2.1523,0.0000,0.025660,0.025660;0.025694;0.025684;0.025585;0.025544,3.676218,272018.71,,13.03,0,6980,10,True,nid007080,57240768
SparseHNSW,M=32 efC=200 ef=30 alpha=0.75 beta=2 q=u8 seedT=8 seedH=8 seedS=4,64,0.9023925501,0.9673,343.9666,2.1519,0.0000,0.026761,0.026819;0.026808;0.026761;0.026643;0.026716,3.833954,260827.32,,12.37,0,6980,10,True,nid007080,57240768
SparseHNSW,M=32 efC=200 ef=30 alpha=0.8 beta=2 q=u8 seedT=8 seedH=8 seedS=4,64,0.9096418338,0.9681,382.5750,2.1566,0.0000,0.026763,0.026763;0.026804;0.026689;0.026773;0.026674,3.834241,260807.83,,12.53,0,6980,10,True,nid007080,57240768
SparseHNSW,M=32 efC=200 ef=30 alpha=0.825 beta=2 q=u8 seedT=8 seedH=8 seedS=4,64,0.9149713467,0.9693,404.6071,2.1488,0.0000,0.026946,0.027028;0.026924;0.026946;0.026984;0.026942,3.860458,259036.59,,12.66,0,6980,10,True,nid007080,57240768
SparseHNSW,M=32 efC=200 ef=30 alpha=0.8 beta=3 q=u8 seedT=8 seedH=8 seedS=4,64,0.9155157593,0.9681,382.5750,2.1566,0.0000,0.027114,0.027107;0.027114;0.027116;0.027118;0.027106,3.884527,257431.59,,12.53,0,6980,10,True,nid007080,57240768
SparseHNSW,M=32 efC=200 ef=30 alpha=0.85 beta=2 q=u8 seedT=8 seedH=8 seedS=4,64,0.9161747851,0.9685,428.7092,2.1512,0.0000,0.027162,0.027234;0.027162;0.027126;0.027165;0.027150,3.891404,256976.66,,12.74,0,6980,10,True,nid007080,57240768
SparseHNSW,M=32 efC=200 ef=30 alpha=0.775 beta=3 q=u8 seedT=8 seedH=8 seedS=4,64,0.9165759312,0.9686,362.4608,2.1495,0.0000,0.027232,0.027194;0.027232;0.027232;0.027259;0.027282,3.901433,256316.10,,12.48,0,6980,10,True,nid007080,57240768
SparseHNSW,M=32 efC=200 ef=30 alpha=0.825 beta=3 q=u8 seedT=8 seedH=8 seedS=4,64,0.9185243553,0.9693,404.6071,2.1488,0.0000,0.027360,0.027501;0.027360;0.027479;0.027331;0.027341,3.919771,255116.96,,12.66,0,6980,10,True,nid007080,57240768
SparseHNSW,M=32 efC=200 ef=35 alpha=0.775 beta=3 q=u8 seedT=8 seedH=8 seedS=4,64,0.9202578797,0.9710,362.4608,2.1495,0.0000,0.028505,0.028505;0.028557;0.028537;0.028477;0.028456,4.083811,244869.32,,12.48,0,6980,10,True,nid007080,57240768
SparseHNSW,M=32 efC=200 ef=35 alpha=0.825 beta=3 q=u8 seedT=8 seedH=8 seedS=4,64,0.9216905444,0.9715,404.6071,2.1488,0.0000,0.028859,0.028796;0.028859;0.028867;0.028697;0.028880,4.134527,241865.62,,12.66,0,6980,10,True,nid007080,57240768
SparseHNSW,M=32 efC=200 ef=40 alpha=0.75 beta=3 q=u8 seedT=8 seedH=8 seedS=4,64,0.9227650430,0.9732,343.9666,2.1519,0.0000,0.031504,0.031501;0.031596;0.031519;0.031483;0.031504,4.513467,221559.17,,12.37,0,6980,10,True,nid007080,57240768
SparseHNSW,M=32 efC=200 ef=40 alpha=0.825 beta=2 q=u8 seedT=8 seedH=8 seedS=4,64,0.9242263610,0.9745,404.6071,2.1488,0.0000,0.031537,0.031537;0.031580;0.031537;0.031462;0.031483,4.518195,221327.33,,12.66,0,6980,10,True,nid007080,57240768
SparseHNSW,M=32 efC=200 ef=40 alpha=0.775 beta=3 q=u8 seedT=8 seedH=8 seedS=4,64,0.9261604585,0.9739,362.4608,2.1495,0.0000,0.031544,0.031640;0.031612;0.031526;0.031377;0.031544,4.519198,221278.21,,12.48,0,6980,10,True,nid007080,57240768
SparseHNSW,M=32 efC=200 ef=30 alpha=0.775 beta=4 q=u8 seedT=8 seedH=8 seedS=4,64,0.9280515759,0.9739,362.4608,2.1495,0.0000,0.031806,0.031806;0.032008;0.032070;0.031733;0.031695,4.556734,219455.45,,12.48,0,6980,10,True,nid007080,57240768
SparseHNSW,M=32 efC=200 ef=40 alpha=0.825 beta=4 q=u8 seedT=8 seedH=8 seedS=4,64,0.9287249284,0.9745,404.6071,2.1488,0.0000,0.032252,0.032361;0.032252;0.032190;0.032235;0.032337,4.620630,216420.69,,12.66,0,6980,10,True,nid007080,57240768
SparseHNSW,M=32 efC=400 ef=20 alpha=0.85 beta=2 q=u8 seedT=8 seedH=8 seedS=4 pat=256,64,0.9453151862,0.9822,878.9311,8.7765,0.0000,0.034637,0.034789;0.034616;0.034637,4.962321,201518.61,,12.76,0,6980,10,True,nid006328,57921975
SparseHNSW,M=32 efC=400 ef=20 alpha=0.85 beta=3 q=u8 seedT=8 seedH=8 seedS=4 pat=256,64,0.9478366762,0.9822,878.9311,8.7765,0.0000,0.034991,0.035072;0.034873;0.034991,5.013037,199479.87,,12.76,0,6980,10,True,nid006328,57921975
SparseHNSW,M=32 efC=800 ef=20 alpha=0.85 beta=2 q=u8 seedT=8 seedH=8 seedS=4 pat=512,64,0.9559455587,0.9869,1720.4041,2.7716,0.0000,0.039690,0.039708;0.039666;0.039690,5.686246,175862.94,,12.77,0,6980,10,True,nid006328,57921975
SparseHNSW,M=32 efC=800 ef=20 alpha=0.85 beta=3 q=u8 seedT=8 seedH=8 seedS=4 pat=128,64,0.9584957020,0.9869,1720.4041,2.7716,0.0000,0.039922,0.040317;0.039729;0.039922,5.719484,174840.94,,12.77,0,6980,10,True,nid006328,57921975
SparseHNSW,M=32 efC=1600 ef=20 alpha=0.85 beta=2 q=u8 seedT=8 seedH=8 seedS=4 pat=256,64,0.9619054441,0.9903,3240.9990,2.2145,0.0000,0.042500,0.042500;0.042473;0.042736,6.088825,164235.29,,12.76,0,6980,10,True,nid006328,57921975
SparseHNSW,M=32 efC=1600 ef=20 alpha=0.85 beta=3 q=u8 seedT=8 seedH=8 seedS=4 pat=256,64,0.9644699140,0.9903,3240.9990,2.2145,0.0000,0.042924,0.042978;0.042924;0.042792,6.149570,162612.99,,12.76,0,6980,10,True,nid006328,57921975
SparseHNSW,M=32 efC=800 ef=20 alpha=0.85 beta=4 q=u8 seedT=8 seedH=8 seedS=4 pat=2048,64,0.9669197708,0.9897,1720.4041,2.7716,0.0000,0.046595,0.046934;0.046267;0.046595,6.675501,149801.48,,12.81,0,6980,10,True,nid006328,57921975
SparseHNSW,M=32 efC=1600 ef=20 alpha=0.85 beta=4 q=u8 seedT=8 seedH=8 seedS=4 pat=128,64,0.9729083095,0.9931,3240.9990,2.2145,0.0000,0.050435,0.050688;0.050435;0.050324,7.225645,138395.96,,12.76,0,6980,10,True,nid006328,57921975
SparseHNSW,M=32 efC=800 ef=50 alpha=0.85 beta=4 q=u8 seedT=8 seedH=8 seedS=4 pat=128,64,0.9730085960,0.9915,1720.4041,2.7716,0.0000,0.055507,0.055645;0.055507;0.055348,7.952292,125749.91,,12.77,0,6980,10,True,nid006328,57921975
SparseHNSW,M=32 efC=800 ef=20 alpha=0.85 beta=5 q=u8 seedT=8 seedH=8 seedS=4 pat=512,64,0.9731088825,0.9915,1720.4041,2.7716,0.0000,0.055782,0.055782;0.056031;0.055515,7.991691,125129.97,,12.77,0,6980,10,True,nid006328,57921975
SparseHNSW,M=48 efC=1600 ef=20 alpha=0.85 beta=3 q=u8 seedT=8 seedH=8 seedS=4 pat=512,64,0.9737965616,0.9938,4302.6533,2.7897,0.0000,0.057931,0.057783;0.057993;0.057931,8.299570,120488.17,,13.83,0,6980,10,True,nid006331,57921976
SparseHNSW,M=32 efC=1600 ef=50 alpha=0.85 beta=2 q=u8 seedT=8 seedH=8 seedS=4 pat=512,64,0.9756733524,0.9950,3240.9990,2.2145,0.0000,0.059403,0.059403;0.059115;0.059622,8.510458,117502.48,,12.76,0,6980,10,True,nid006328,57921975
SparseHNSW,M=32 efC=1600 ef=50 alpha=0.85 beta=3 q=u8 seedT=8 seedH=8 seedS=4 pat=2048,64,0.9784670487,0.9950,3240.9990,2.2145,0.0000,0.059756,0.059722;0.060003;0.059756,8.561032,116808.35,,12.79,0,6980,10,True,nid006328,57921975
SparseHNSW,M=32 efC=1600 ef=50 alpha=0.85 beta=4 q=u8 seedT=8 seedH=8 seedS=4 pat=2048,64,0.9789541547,0.9950,3240.9990,2.2145,0.0000,0.060091,0.060091;0.060068;0.060192,8.609026,116157.16,,12.80,0,6980,10,True,nid006328,57921975
SparseHNSW,M=32 efC=1600 ef=20 alpha=0.85 beta=5 q=u8 seedT=8 seedH=8 seedS=4 pat=512,64,0.9790544413,0.9950,3240.9990,2.2145,0.0000,0.060309,0.060551;0.060309;0.060094,8.640258,115737.29,,12.76,0,6980,10,True,nid006328,57921975
SparseHNSW,M=48 efC=1600 ef=10 alpha=0.85 beta=4 q=u8 seedT=8 seedH=8 seedS=4 pat=128,64,0.9805300860,0.9958,4302.6533,2.7897,0.0000,0.067665,0.067369;0.067665;0.068258,9.694126,103155.25,,13.81,0,6980,10,True,nid006331,57921976
SparseHNSW,M=64 efC=1600 ef=10 alpha=0.85 beta=4 q=u8 seedT=8 seedH=8 seedS=4 pat=256,64,0.9823209169,0.9960,5033.5404,2.6696,0.0000,0.079257,0.078926;0.079738;0.079257,11.354871,88067.93,,14.88,0,6980,10,True,nid005966,57921977
SparseHNSW,M=48 efC=1600 ef=50 alpha=0.85 beta=3 q=u8 seedT=8 seedH=8 seedS=4 pat=512,64,0.9845415473,0.9970,4302.6533,2.7897,0.0000,0.080545,0.080545;0.081019;0.080523,11.539398,86659.63,,13.83,0,6980,10,True,nid006331,57921976
SparseHNSW,M=48 efC=1600 ef=50 alpha=0.85 beta=4 q=u8 seedT=8 seedH=8 seedS=4 pat=512,64,0.9850573066,0.9970,4302.6533,2.7897,0.0000,0.080743,0.080716;0.080743;0.081807,11.567765,86447.12,,13.83,0,6980,10,True,nid006331,57921976
SparseHNSW,M=48 efC=1600 ef=10 alpha=0.85 beta=5 q=u8 seedT=8 seedH=8 seedS=4 pat=128,64,0.9851719198,0.9970,4302.6533,2.7897,0.0000,0.080851,0.080574;0.080851;0.082091,11.583238,86331.65,,13.81,0,6980,10,True,nid006331,57921976
SparseHNSW,M=32 efC=1600 ef=20 alpha=0.85 beta=8 q=u8 seedT=8 seedH=8 seedS=4 pat=128,64,0.9865616046,0.9970,3240.9990,2.2145,0.0000,0.089109,0.089109;0.089994;0.088416,12.766332,78331.03,,12.76,0,6980,10,True,nid006328,57921975
SparseHNSW,M=32 efC=800 ef=100 alpha=0.85 beta=5 q=u8 seedT=8 seedH=8 seedS=4 pat=512,64,0.9866475645,0.9971,1720.4041,2.7716,0.0000,0.097146,0.097146;0.097318;0.097109,13.917765,71850.62,,12.77,0,6980,10,True,nid006328,57921975
SparseHNSW,M=32 efC=800 ef=100 alpha=0.85 beta=8 q=u8 seedT=8 seedH=8 seedS=4 pat=256,64,0.9867478510,0.9971,1720.4041,2.7716,0.0000,0.098207,0.098710;0.098132;0.098207,14.069771,71074.36,,12.77,0,6980,10,True,nid006328,57921975
SparseHNSW,M=48 efC=800 ef=10 alpha=0.85 beta=8 q=u8 seedT=8 seedH=8 seedS=4 pat=256,64,0.9871633238,0.9970,2151.5487,8.8345,0.0000,0.104115,0.103691;0.104115;0.105488,14.916189,67041.25,,13.80,0,6980,10,True,nid006331,57921976
SparseHNSW,M=32 efC=1600 ef=100 alpha=0.85 beta=3 q=u8 seedT=8 seedH=8 seedS=4 pat=256,64,0.9882664756,0.9977,3240.9990,2.2145,0.0000,0.105753,0.105753;0.104838;0.106584,15.150860,66002.86,,12.76,0,6980,10,True,nid006328,57921975
SparseHNSW,M=32 efC=1600 ef=100 alpha=0.85 beta=4 q=u8 seedT=8 seedH=8 seedS=4 pat=128,64,0.9889111748,0.9977,3240.9990,2.2145,0.0000,0.106237,0.106743;0.106180;0.106237,15.220201,65702.16,,12.76,0,6980,10,True,nid006328,57921975
SparseHNSW,M=32 efC=1600 ef=100 alpha=0.85 beta=5 q=u8 seedT=8 seedH=8 seedS=4 pat=256,64,0.9890544413,0.9977,3240.9990,2.2145,0.0000,0.106552,0.107324;0.106552;0.105900,15.265330,65507.92,,12.76,0,6980,10,True,nid006328,57921975
SparseHNSW,M=32 efC=1600 ef=100 alpha=0.85 beta=8 q=u8 seedT=8 seedH=8 seedS=4 pat=2048,64,0.9891547278,0.9977,3240.9990,2.2145,0.0000,0.107007,0.107800;0.107007;0.106922,15.330516,65229.38,,12.80,0,6980,10,True,nid006328,57921975
SparseHNSW,M=48 efC=1600 ef=50 alpha=0.85 beta=8 q=u8 seedT=8 seedH=8 seedS=4 pat=128,64,0.9913467049,0.9983,4302.6533,2.7897,0.0000,0.119907,0.119907;0.120438;0.119881,17.178653,58211.78,,13.81,0,6980,10,True,nid006331,57921976
SparseHNSW,M=64 efC=1600 ef=50 alpha=0.85 beta=8 q=u8 seedT=8 seedH=8 seedS=4 pat=512,64,0.9921060172,0.9983,5033.5404,2.6696,0.0000,0.138609,0.139487;0.138609;0.138296,19.858023,50357.48,,14.91,0,6980,10,True,nid005966,57921977
SparseHNSW,M=48 efC=1600 ef=100 alpha=0.85 beta=4 q=u8 seedT=8 seedH=8 seedS=4 pat=512,64,0.9924928367,0.9986,4302.6533,2.7897,0.0000,0.143009,0.142852;0.143009;0.143675,20.488395,48808.12,,13.83,0,6980,10,True,nid006331,57921976
SparseHNSW,M=48 efC=1600 ef=100 alpha=0.85 beta=5 q=u8 seedT=8 seedH=8 seedS=4 pat=128,64,0.9926361032,0.9986,4302.6533,2.7897,0.0000,0.143865,0.143865;0.144275;0.143598,20.611032,48517.71,,13.81,0,6980,10,True,nid006331,57921976
SparseHNSW,M=48 efC=1600 ef=100 alpha=0.85 beta=8 q=u8 seedT=8 seedH=8 seedS=4 pat=256,64,0.9927220630,0.9986,4302.6533,2.7897,0.0000,0.144578,0.144578;0.144560;0.144845,20.713181,48278.44,,13.82,0,6980,10,True,nid006331,57921976
SparseHNSW,M=32 efC=1600 ef=200 alpha=0.85 beta=3 q=u8 seedT=8 seedH=8 seedS=4 pat=128,64,0.9932521490,0.9990,3240.9990,2.2145,0.0000,0.163675,0.162504;0.163675;0.164589,23.449140,42645.49,,12.76,0,6980,10,True,nid006328,57921975
SparseHNSW,M=64 efC=1600 ef=100 alpha=0.85 beta=4 q=u8 seedT=8 seedH=8 seedS=4 pat=2048,64,0.9934383954,0.9987,5033.5404,2.6696,0.0000,0.166386,0.166598;0.166386;0.165731,23.837536,41950.64,,14.95,0,6980,10,True,nid005966,57921977
SparseHNSW,M=64 efC=1600 ef=100 alpha=0.85 beta=5 q=u8 seedT=8 seedH=8 seedS=4 pat=128,64,0.9935959885,0.9987,5033.5404,2.6696,0.0000,0.166613,0.166434;0.166613;0.167468,23.870057,41893.49,,14.87,0,6980,10,True,nid005966,57921977
SparseHNSW,M=64 efC=1600 ef=100 alpha=0.85 beta=8 q=u8 seedT=8 seedH=8 seedS=4 pat=512,64,0.9936819484,0.9987,5033.5404,2.6696,0.0000,0.167200,0.167200;0.166781;0.169635,23.954155,41746.41,,14.91,0,6980,10,True,nid005966,57921977
SparseHNSW,M=32 efC=1600 ef=200 alpha=0.85 beta=4 q=u8 seedT=8 seedH=8 seedS=4 pat=128,64,0.9941117479,0.9990,3240.9990,2.2145,0.0000,0.170425,0.169986;0.170425;0.170761,24.416189,40956.43,,12.76,0,6980,10,True,nid006328,57921975
SparseHNSW,M=32 efC=1600 ef=400 alpha=0.85 beta=3 q=u8 seedT=8 seedH=8 seedS=4 pat=128,64,0.9944269341,0.9996,3240.9990,2.2145,0.0000,0.175814,0.174110;0.175814;0.176482,25.188252,39701.05,,12.76,0,6980,10,True,nid006328,57921975
SparseHNSW,M=32 efC=1600 ef=200 alpha=0.85 beta=5 q=u8 seedT=8 seedH=8 seedS=4 pat=128,64,0.9944412607,0.9991,3240.9990,2.2145,0.0000,0.176666,0.176742;0.176666;0.175136,25.310315,39509.58,,12.76,0,6980,10,True,nid006328,57921975
SparseHNSW,M=32 efC=1600 ef=400 alpha=0.85 beta=4 q=u8 seedT=8 seedH=8 seedS=4 pat=128,64,0.9953581662,0.9996,3240.9990,2.2145,0.0000,0.184817,0.185722;0.184817;0.183840,26.478080,37767.09,,12.76,0,6980,10,True,nid006328,57921975
SparseHNSW,M=32 efC=1600 ef=800 alpha=0.85 beta=4 q=u8 seedT=8 seedH=8 seedS=4 pat=128,64,0.9953724928,0.9996,3240.9990,2.2145,0.0000,0.189905,0.189905;0.191890;0.187596,27.207020,36755.22,,12.76,0,6980,10,True,nid006328,57921975
SparseHNSW,M=32 efC=1600 ef=400 alpha=0.85 beta=5 q=u8 seedT=8 seedH=8 seedS=4 pat=128,64,0.9958739255,0.9997,3240.9990,2.2145,0.0000,0.198825,0.199492;0.198825;0.196356,28.484957,35106.25,,12.76,0,6980,10,True,nid006328,57921975
SparseHNSW,M=32 efC=1600 ef=800 alpha=0.85 beta=5 q=u8 seedT=8 seedH=8 seedS=4 pat=128,64,0.9959455587,0.9997,3240.9990,2.2145,0.0000,0.204444,0.204444;0.204621;0.203412,29.289971,34141.38,,12.76,0,6980,10,True,nid006328,57921975
SparseHNSW,M=32 efC=1600 ef=400 alpha=0.85 beta=8 q=u8 seedT=8 seedH=8 seedS=4 pat=128,64,0.9962607450,0.9997,3240.9990,2.2145,0.0000,0.230075,0.231415;0.230075;0.228084,32.962034,30337.93,,12.76,0,6980,10,True,nid006328,57921975
SparseHNSW,M=32 efC=1600 ef=800 alpha=0.85 beta=8 q=u8 seedT=8 seedH=8 seedS=4 pat=128,64,0.9964613181,0.9999,3240.9990,2.2145,0.0000,0.238396,0.238396;0.241956;0.238188,34.154155,29279.01,,12.76,0,6980,10,True,nid006328,57921975
SparseHNSW,M=48 efC=1600 ef=400 alpha=0.85 beta=4 q=u8 seedT=8 seedH=8 seedS=4 pat=128,64,0.9965902579,0.9997,4302.6533,2.7897,0.0000,0.248747,0.249573;0.248747;0.248180,35.637106,28060.64,,13.81,0,6980,10,True,nid006331,57921976
SparseHNSW,M=48 efC=1600 ef=800 alpha=0.85 beta=4 q=u8 seedT=8 seedH=8 seedS=4 pat=128,64,0.9966045845,0.9997,4302.6533,2.7897,0.0000,0.255105,0.255105;0.253869;0.257042,36.547994,27361.28,,13.81,0,6980,10,True,nid006331,57921976
SparseHNSW,M=48 efC=1600 ef=400 alpha=0.85 beta=5 q=u8 seedT=8 seedH=8 seedS=4 pat=128,64,0.9968481375,0.9997,4302.6533,2.7897,0.0000,0.263205,0.263205;0.265296;0.262179,37.708453,26519.25,,13.81,0,6980,10,True,nid006331,57921976
SparseHNSW,M=48 efC=1600 ef=800 alpha=0.85 beta=5 q=u8 seedT=8 seedH=8 seedS=4 pat=128,64,0.9968624642,0.9997,4302.6533,2.7897,0.0000,0.271990,0.271990;0.271885;0.275397,38.967049,25662.71,,13.81,0,6980,10,True,nid006331,57921976
SparseHNSW,M=64 efC=1600 ef=400 alpha=0.85 beta=4 q=u8 seedT=8 seedH=8 seedS=4 pat=128,64,0.9969340974,0.9997,5033.5404,2.6696,0.0000,0.279667,0.279667;0.281462;0.277994,40.066905,24958.25,,14.87,0,6980,10,True,nid005966,57921977
SparseHNSW,M=64 efC=1600 ef=800 alpha=0.85 beta=4 q=u8 seedT=8 seedH=8 seedS=4 pat=128,64,0.9969484241,0.9997,5033.5404,2.6696,0.0000,0.288362,0.286673;0.288984;0.288362,41.312607,24205.69,,14.87,0,6980,10,True,nid005966,57921977
SparseHNSW,M=64 efC=1600 ef=400 alpha=0.85 beta=5 q=u8 seedT=8 seedH=8 seedS=4 pat=128,64,0.9973065903,0.9999,5033.5404,2.6696,0.0000,0.301800,0.301800;0.303222;0.297731,43.237822,23127.90,,14.87,0,6980,10,True,nid005966,57921977
SparseHNSW,M=64 efC=1600 ef=800 alpha=0.85 beta=5 q=u8 seedT=8 seedH=8 seedS=4 pat=128,64,0.9973209169,0.9999,5033.5404,2.6696,0.0000,0.308123,0.306130;0.308123;0.310446,44.143696,22653.29,,14.87,0,6980,10,True,nid005966,57921977
SparseHNSW,M=48 efC=1600 ef=400 alpha=0.85 beta=8 q=u8 seedT=8 seedH=8 seedS=4 pat=128,64,0.9973352436,0.9999,4302.6533,2.7897,0.0000,0.308164,0.308842;0.307955;0.308164,44.149570,22650.28,,13.81,0,6980,10,True,nid006331,57921976
SparseHNSW,M=48 efC=1600 ef=800 alpha=0.85 beta=8 q=u8 seedT=8 seedH=8 seedS=4 pat=128,64,0.9973495702,0.9999,4302.6533,2.7897,0.0000,0.318156,0.320923;0.317632;0.318156,45.581089,21938.92,,13.81,0,6980,10,True,nid006331,57921976
SparseHNSW,M=64 efC=1600 ef=400 alpha=0.85 beta=8 q=u8 seedT=8 seedH=8 seedS=4 pat=128,64,0.9976361032,0.9999,5033.5404,2.6696,0.0000,0.349928,0.349928;0.349403;0.350660,50.132951,19946.96,,14.87,0,6980,10,True,nid005966,57921977
SparseHNSW,M=64 efC=1600 ef=800 alpha=0.85 beta=8 q=u8 seedT=8 seedH=8 seedS=4 pat=128,64,0.9976790831,0.9999,5033.5404,2.6696,0.0000,0.360598,0.359135;0.361168;0.360598,51.661605,19356.74,,14.87,0,6980,10,True,nid005966,57921977
SparseHNSW,M=48 efC=1600 ef=400 alpha=0.85 beta=5 q=u8 seedT=8 seedH=8 seedS=4 pat=256,64,0.9977077364,0.9999,4302.6533,2.7897,0.0000,0.396506,0.396506;0.396324;0.399968,56.806017,17603.77,,13.82,0,6980,10,True,nid006331,57921976
SparseHNSW,M=48 efC=1600 ef=800 alpha=0.85 beta=5 q=u8 seedT=8 seedH=8 seedS=4 pat=256,64,0.9978366762,0.9999,4302.6533,2.7897,0.0000,0.422623,0.424388;0.420657;0.422623,60.547708,16515.90,,13.82,0,6980,10,True,nid006331,57921976
SparseHNSW,M=64 efC=1600 ef=800 alpha=0.85 beta=4 q=u8 seedT=8 seedH=8 seedS=4 pat=256,64,0.9979226361,0.9999,5033.5404,2.6696,0.0000,0.464215,0.466955;0.464215;0.463562,66.506447,15036.14,,14.88,0,6980,10,True,nid005966,57921977
SparseHNSW,M=64 efC=1600 ef=400 alpha=0.85 beta=5 q=u8 seedT=8 seedH=8 seedS=4 pat=256,64,0.9979942693,0.9999,5033.5404,2.6696,0.0000,0.464218,0.464837;0.463991;0.464218,66.506877,15036.04,,14.88,0,6980,10,True,nid005966,57921977
SparseHNSW,M=64 efC=1600 ef=800 alpha=0.85 beta=5 q=u8 seedT=8 seedH=8 seedS=4 pat=256,64,0.9981232092,0.9999,5033.5404,2.6696,0.0000,0.484158,0.483774;0.486166;0.484158,69.363610,14416.78,,14.88,0,6980,10,True,nid005966,57921977
SparseHNSW,M=64 efC=1600 ef=800 alpha=0.85 beta=8 q=u8 seedT=8 seedH=8 seedS=4 pat=256,64,0.9984097421,1.0000,5033.5404,2.6696,0.0000,0.547157,0.551248;0.544466;0.547157,78.389255,12756.85,,14.88,0,6980,10,True,nid005966,57921977
SparseHNSW,M=48 efC=1600 ef=3200 alpha=0.85 beta=8 q=u8 seedT=8 seedH=8 seedS=4 pat=512,64,0.9984240688,1.0000,4302.6533,2.7897,0.0000,0.813842,0.816238;0.813842;0.813654,116.596275,8576.60,,13.85,0,6980,10,True,nid006331,57921976
SparseHNSW,M=64 efC=1600 ef=800 alpha=0.85 beta=5 q=u8 seedT=8 seedH=8 seedS=4 pat=512,64,0.9984383954,1.0000,5033.5404,2.6696,0.0000,0.824112,0.824112;0.826262;0.823654,118.067622,8469.72,,14.90,0,6980,10,True,nid005966,57921977
SparseHNSW,M=64 efC=1600 ef=800 alpha=0.85 beta=8 q=u8 seedT=8 seedH=8 seedS=4 pat=512,64,0.9985386819,1.0000,5033.5404,2.6696,0.0000,0.884987,0.887636;0.884987;0.883898,126.788968,7887.12,,14.91,0,6980,10,True,nid005966,57921977
SparseHNSW,M=64 efC=1600 ef=1600 alpha=0.85 beta=8 q=u8 seedT=8 seedH=8 seedS=4 pat=512,64,0.9985530086,1.0000,5033.5404,2.6696,0.0000,0.928821,0.928821;0.926475;0.929026,133.068911,7514.90,,14.91,0,6980,10,True,nid005966,57921977
SparseHNSW,M=64 efC=1600 ef=1600 alpha=0.85 beta=8 q=u8 seedT=8 seedH=8 seedS=4 pat=2048,64,0.9986532951,1.0000,5033.5404,2.6696,0.0000,2.099761,2.100570;2.096913;2.099761,300.825358,3324.19,,14.96,0,6980,10,True,nid005966,57921977
SparseHNSW,M=64 efC=1600 ef=3200 alpha=0.85 beta=8 q=u8 seedT=8 seedH=8 seedS=4 pat=2048,64,0.9987392550,1.0000,5033.5404,2.6696,0.0000,2.838454,2.834990;2.838454;2.838490,406.655301,2459.09,,14.96,0,6980,10,True,nid005966,57921977
kANNolo,m=32 efC=200 ef=10,64,0.7436676217765043,0.8432664756446991,0.0,0.0,0.0,0.0398977649747394,0.041927;0.039808;0.039898;0.040463;0.039537,5.716012174031433,174947.14313995457,,5.187339782714844,5535371801,6980,10,True,nid005181,57785335
kANNolo,m=32 efC=200 ef=10 eet=0.005,64,0.7577936962750716,0.8505730659025788,0.0,0.0,0.0,0.0412470800220035,0.039964;0.041247;0.041673;0.040388;0.041555,5.909323785387321,169224.10013694246,,5.1925048828125,5535371801,6980,10,True,nid005181,57785335
kANNolo,m=32 efC=200 ef=10 eet=0.01,64,0.7733524355300859,0.859025787965616,0.0,0.0,0.0,0.04246835701633245,0.042046;0.042825;0.042468;0.039820;0.044421,6.08429183615078,164357.66510382394,,5.197444915771484,5535371801,6980,10,True,nid005181,57785335
kANNolo,m=32 efC=400 ef=10,64,0.7927507163323783,0.8842406876790831,1372.5851802319994,7.746011482999165,0.0,0.04392421199918317,0.042491;0.043924;0.048183;0.042781;0.045373,6.292867048593577,158910.0790272527,,16.935253143310547,5783114589,6980,10,True,nid006026,57921978
kANNolo,m=32 efC=400 ef=10 eet=0.005,64,0.8091977077363897,0.8928366762177651,1372.5851802319994,7.746011482999165,0.0,0.046209293001084006,0.051747;0.045535;0.047786;0.045752;0.046209,6.620242550298569,151051.86742061298,,16.935253143310547,5783114589,6980,10,True,nid006026,57921978
kANNolo,m=32 efC=400 ef=10 eet=0.01,64,0.8268481375358167,0.9018624641833811,1372.5851802319994,7.746011482999165,0.0,0.0469486970014259,0.050177;0.045074;0.045668;0.047196;0.046949,6.726174355505143,148672.9226966194,,16.935253143310547,5783114589,6980,10,True,nid006026,57921978
kANNolo,m=32 efC=800 ef=10 eet=0.005,64,0.8391547277936963,0.9242120343839542,3389.0054620320007,8.097141100995941,0.0,0.04962658399017528,0.049634;0.052044;0.049163;0.049584;0.049627,7.109825786558063,140650.42239018207,,16.931007385253906,6017106077,6980,10,True,nid007086,57921979
kANNolo,m=32 efC=800 ef=10 eet=0.01,64,0.8560458452722063,0.9326647564469914,3389.0054620320007,8.097141100995941,0.0,0.050858796006650664,0.051561;0.049161;0.050859;0.050129;0.051722,7.286360459405539,137242.72983354237,,16.931007385253906,6017106077,6980,10,True,nid007086,57921979
kANNolo,m=32 efC=200 ef=10 eet=0.05,64,0.8597134670487107,0.9137535816618911,0.0,0.0,0.0,0.05428840999957174,0.052273;0.054288;0.054767;0.055112;0.053087,7.777709168993086,128572.56272664944,,5.198738098144531,5535371801,6980,10,True,nid005181,57785335
kANNolo,m=32 efC=1600 ef=10 eet=0.01,64,0.8647134670487105,0.9455587392550143,7290.581777906991,7.799198053005966,0.0,0.05570735399669502,0.055707;0.054519;0.055133;0.057557;0.056181,7.98099627459814,125297.64024358627,,16.935138702392578,6215056785,6980,10,True,nid004729,57921980
kANNolo,m=32 efC=400 ef=10 eet=0.05,64,0.9067191977077363,0.9484240687679083,1372.5851802319994,7.746011482999165,0.0,0.05926549000105297,0.064216;0.058795;0.059265;0.059265;0.069610,8.490757879807015,117775.1166804828,,16.935253143310547,5783114589,6980,10,True,nid006026,57921978
kANNolo,m=32 efC=800 ef=20,64,0.9150716332378224,0.9587392550143267,3389.0054620320007,8.097141100995941,0.0,0.06521649600472301,0.065216;0.065544;0.062494;0.065933;0.062896,9.343337536493268,107028.13594116594,,16.931007385253906,6017106077,6980,10,True,nid007086,57921979
kANNolo,m=32 efC=800 ef=10 eet=0.05,64,0.9330085959885387,0.9706303724928367,3389.0054620320007,8.097141100995941,0.0,0.06573164599831216,0.067097;0.064347;0.066602;0.065732;0.062546,9.417141260503174,106189.33839233588,,16.931007385253906,6017106077,6980,10,True,nid007086,57921979
kANNolo,m=32 efC=1600 ef=10 eet=0.05,64,0.9388252148997135,0.9763610315186246,7290.581777906991,7.799198053005966,0.0,0.07743729199864902,0.077682;0.071761;0.077968;0.077437;0.073557,11.094167908115905,90137.44953945154,,16.935138702392578,6215056785,6980,10,True,nid004729,57921980
kANNolo,m=32 efC=400 ef=20 eet=0.05,64,0.9468051575931232,0.9720630372492837,1372.5851802319994,7.746011482999165,0.0,0.0818123770004604,0.080628;0.081812;0.081782;0.083123;0.083600,11.720970916971403,85317.16417383545,,16.935253143310547,5783114589,6980,10,True,nid006026,57921978
kANNolo,m=32 efC=400 ef=10 eet=0.1,64,0.9523209169054442,0.97621776504298,1372.5851802319994,7.746011482999165,0.0,0.08823293400018883,0.091734;0.088920;0.088233;0.083372;0.086901,12.6408214899984,79108.78266821617,,16.935253143310547,5783114589,6980,10,True,nid006026,57921978
kANNolo,m=32 efC=800 ef=10 eet=0.1,64,0.9708882521489971,0.9892550143266475,3389.0054620320007,8.097141100995941,0.0,0.09438672900432721,0.097033;0.096305;0.093749;0.094387;0.094069,13.522454012081262,73951.07419900098,,16.931007385253906,6017106077,6980,10,True,nid007086,57921979
kANNolo,m=32 efC=1600 ef=20 eet=0.05,64,0.9715902578796561,0.9888252148997134,7290.581777906991,7.799198053005966,0.0,0.1071232649992453,0.107123;0.103495;0.117497;0.104552;0.118081,15.347172635995028,65158.58156535068,,16.935138702392578,6215056785,6980,10,True,nid004729,57921980
kANNolo,m=32 efC=1600 ef=10 eet=0.1,64,0.9765759312320917,0.9925501432664756,7290.581777906991,7.799198053005966,0.0,0.1077410290017724,0.105514;0.111282;0.108917;0.107527;0.107741,15.435677507417251,64784.97620331039,,16.935138702392578,6215056785,6980,10,True,nid004729,57921980
kANNolo,m=32 efC=800 ef=20 eet=0.1,64,0.9841260744985674,0.995702005730659,3389.0054620320007,8.097141100995941,0.0,0.1317511579982238,0.138003;0.131751;0.131280;0.131674;0.132153,18.875524068513435,52978.66148617913,,16.931007385253906,6017106077,6980,10,True,nid007086,57921979
kANNolo,m=32 efC=1600 ef=20 eet=0.1,64,0.9888681948424068,0.9974212034383955,7290.581777906991,7.799198053005966,0.0,0.15823666799406055,0.158237;0.153860;0.157775;0.168109;0.166256,22.67000974126942,44111.14116901145,,16.935138702392578,6215056785,6980,10,True,nid004729,57921980
kANNolo,m=32 efC=1600 ef=50 eet=0.05,64,0.9902722063037249,0.9977077363896848,7290.581777906991,7.799198053005966,0.0,0.1885385519999545,0.211115;0.181860;0.186309;0.188539;0.199705,27.011253868188327,37021.60606389766,,16.935138702392578,6215056785,6980,10,True,nid004729,57921980
kANNolo,m=32 efC=1600 ef=100 eet=0.01,64,0.9904297994269341,0.9972779369627507,7290.581777906991,7.799198053005966,0.0,0.2339087139989715,0.242666;0.230321;0.232821;0.242760;0.233909,33.51127707721655,29840.701018221538,,16.935138702392578,6215056785,6980,10,True,nid004729,57921980
kANNolo,m=32 efC=800 ef=50 eet=0.1,64,0.99189111747851,0.998567335243553,3389.0054620320007,8.097141100995941,0.0,0.2540756380039966,0.249610;0.244972;0.254076;0.261373;0.262636,36.40052120401097,27472.134104766887,,16.931007385253906,6017106077,6980,10,True,nid007086,57921979
kANNolo,m=32 efC=1600 ef=50 eet=0.1,64,0.995458452722063,0.9997134670487106,7290.581777906991,7.799198053005966,0.0,0.2923675830097636,0.282609;0.274060;0.305473;0.310536;0.292368,41.88647321056786,23874.055831172303,,16.935138702392578,6215056785,6980,10,True,nid004729,57921980
kANNolo,m=32 efC=1600 ef=10 eet=0.25,64,0.9974212034383955,1.0,7290.581777906991,7.799198053005966,0.0,0.4193945099978009,0.419395;0.460646;0.398263;0.417135;0.429524,60.08517335212048,16643.040940227376,,16.935138702392578,6215056785,6980,10,True,nid004729,57921980
kANNolo,m=32 efC=1600 ef=20 eet=0.25,64,0.99810888252149,1.0,7290.581777906991,7.799198053005966,0.0,0.671247014994151,0.652175;0.671372;0.671247;0.662269;0.683161,96.16719412523653,10398.55648380175,,16.935138702392578,6215056785,6980,10,True,nid004729,57921980
kANNolo,m=32 efC=1600 ef=200 eet=0.1,64,0.9982378223495701,1.0,7290.581777906991,7.799198053005966,0.0,0.8858731969958171,0.907048;0.902832;0.885873;0.876251;0.878793,126.91593080169301,7879.23150138265,,16.935138702392578,6215056785,6980,10,True,nid004729,57921980
kANNolo,m=32 efC=1600 ef=400 eet=0.05,64,0.9982808022922636,1.0,7290.581777906991,7.799198053005966,0.0,1.066247454000404,1.041694;1.066247;1.061981;1.116738;1.067935,152.75751489977137,6546.322782588661,,16.935138702392578,6215056785,6980,10,True,nid004729,57921980
kANNolo,m=32 efC=1600 ef=50 eet=0.25,64,0.9984670487106018,1.0,7290.581777906991,7.799198053005966,0.0,1.3015140049974434,1.300645;1.325249;1.310484;1.286521;1.301514,186.46332449820108,5362.984933853025,,16.935138702392578,6215056785,6980,10,True,nid004729,57921980
kANNolo,m=32 efC=1600 ef=800 eet=0.05,64,0.9984957020057307,1.0,7290.581777906991,7.799198053005966,0.0,2.09007675400062,2.082497;2.161571;2.094164;2.089779;2.090077,299.43793037258166,3339.590274203839,,16.935138702392578,6215056785,6980,10,True,nid004729,57921980
kANNolo,m=32 efC=1600 ef=100 eet=0.25,64,0.9986103151862464,1.0,7290.581777906991,7.799198053005966,0.0,2.2877352359937504,2.320188;2.251944;2.310834;2.287735;2.267451,327.7557644690187,3051.052364006631,,16.935138702392578,6215056785,6980,10,True,nid004729,57921980
kANNolo,m=32 efC=1600 ef=800 eet=0.1,64,0.9986389684813753,1.0,7290.581777906991,7.799198053005966,0.0,3.244524741996429,3.320641;3.197667;3.210502;3.244525;3.266152,464.83162492785516,2151.316619550588,,16.935138702392578,6215056785,6980,10,True,nid004729,57921980
kANNolo,m=32 efC=1600 ef=200 eet=0.25,64,0.9986962750716333,1.0,7290.581777906991,7.799198053005966,0.0,4.0660366480005905,4.020903;4.096188;4.175420;3.990586;4.066037,582.5267404012308,1716.6593919984232,,16.935138702392578,6215056785,6980,10,True,nid004729,57921980
kANNolo,m=32 efC=1600 ef=3200 eet=0.005,64,0.9987249283667622,1.0,7290.581777906991,7.799198053005966,0.0,6.102566378001939,6.105575;6.101130;6.102566;6.057652;6.103116,874.2931773641747,1143.7810861281193,,16.935138702392578,6215056785,6980,10,True,nid004729,57921980
kANNolo,m=32 efC=1600 ef=400 eet=0.25,64,0.99878223495702,1.0,7290.581777906991,7.799198053005966,0.0,7.287011656007962,7.097590;7.391580;7.442003;7.287012;7.194032,1043.9844779381035,957.868647601951,,16.935138702392578,6215056785,6980,10,True,nid004729,57921980
kANNolo,m=32 efC=1600 ef=6400,64,0.998810888252149,1.0,7290.581777906991,7.799198053005966,0.0,12.047736239997903,12.047736;12.064787;12.008138;12.275506;12.023484,1726.0367106014187,579.3619532295816,,17.007099151611328,6215056785,6980,10,True,nid004729,57921980
kANNolo,m=32 efC=1600 ef=800 eet=0.25,64,0.9988538681948425,1.0,7290.581777906991,7.799198053005966,0.0,12.452629240011447,12.452629;12.496117;12.286785;12.281019;12.654394,1784.0443037265684,560.5241965746973,,16.935138702392578,6215056785,6980,10,True,nid004729,57921980
kANNolo,m=32 efC=1600 ef=6400 eet=0.05,64,0.9988681948424069,1.0,7290.581777906991,7.799198053005966,0.0,16.436425282008713,16.317516;16.794264;16.235788;16.436425;16.578840,2354.7887223508187,424.66654885355746,,17.02674102783203,6215056785,6980,10,True,nid004729,57921980
kANNolo,m=32 efC=1600 ef=1600 eet=0.25,64,0.9988968481375358,1.0,7290.581777906991,7.799198053005966,0.0,21.23311473299691,21.233115;21.160410;21.109037;21.286244;21.249587,3041.993514756004,328.7317987856424,,16.935138702392578,6215056785,6980,10,True,nid004729,57921980
kANNolo,m=32 efC=1600 ef=6400 eet=0.1,64,0.9989111747851003,1.0,7290.581777906991,7.799198053005966,0.0,22.433682882998255,22.433683;22.532060;22.309010;22.222105;22.570027,3213.9946823779737,311.13928267613653,,17.02674102783203,6215056785,6980,10,True,nid004729,57921980
kANNolo,m=32 efC=1600 ef=12800 eet=0.05,64,0.9989255014326648,1.0,7290.581777906991,7.799198053005966,0.0,31.583418469002936,30.697390;31.583418;31.600466;31.851315;31.541004,4524.84505286575,221.00204279186607,,17.06524658203125,6215056785,6980,10,True,nid004729,57921980
kANNolo,m=32 efC=1600 ef=12800 eet=0.1,64,0.9989541547277937,1.0,7290.581777906991,7.799198053005966,0.0,41.32243449900125,40.952330;41.363383;41.426385;41.175067;41.322434,5920.119555730837,168.91550763226945,,17.06610870361328,6215056785,6980,10,True,nid004729,57921980
kANNolo,m=32 efC=1600 ef=25600 eet=0.25,64,0.9989828080229226,1.0,7290.581777906991,7.799198053005966,0.0,162.32080292899627,157.297430;161.298629;162.358204;162.977249;162.320803,23255.12935945505,43.00126585163117,,17.480731964111328,6215056785,6980,10,True,nid004729,57921980
