Model,Params,Threads,Recall,RR@10,IndexSec,LoadSec,ConvertSec,SearchSecMedian,SearchSecRuns,AmortizedUsPerQuery,QPS,LatencyUsSingleThread,PeakRSSGB,IndexBytes,NumQueries,K,ResultsOrdered,Host,JobID
SparseHNSW_a0.6_b1_s0x0,"M=32 efC=200 ef=10 alpha=0.6 beta=1 q=u8",64,0.5681054461,0.4733,111.8080,2.9244,0.0000,0.006054,"0.007359;0.006828;0.006054;0.005929;0.005904",1.753766,570201.52,,4.24,0,3452,10,True,nid004308,57240770
SparseHNSW_a0.6_b1_s0x0,"M=32 efC=200 ef=20 alpha=0.6 beta=1 q=u8",64,0.6321263036,0.5278,111.8080,2.9244,0.0000,0.010394,"0.010520;0.010394;0.010402;0.010318;0.010267",3.011008,332114.68,,4.24,0,3452,10,True,nid004308,57240770
SparseHNSW_a0.6_b1_s0x0,"M=32 efC=200 ef=25 alpha=0.6 beta=1 q=u8",64,0.6467844728,0.5394,111.8080,2.9244,0.0000,0.012280,"0.012416;0.012393;0.012280;0.012203;0.012214",3.557358,281107.49,,4.24,0,3452,10,True,nid004308,57240770
SparseHNSW_a0.6_b1_s0x0,"M=32 efC=200 ef=30 alpha=0.6 beta=1 q=u8",64,0.6571842410,0.5475,111.8080,2.9244,0.0000,0.014125,"0.014266;0.014158;0.014125;0.014114;0.014090",4.091831,244389.38,,4.24,0,3452,10,True,nid004308,57240770
SparseHNSW_a0.6_b1_s0x0,"M=32 efC=200 ef=35 alpha=0.6 beta=1 q=u8",64,0.6643395133,0.5550,111.8080,2.9244,0.0000,0.015969,"0.015978;0.015989;0.015969;0.015901;0.015908",4.626014,216168.83,,4.24,0,3452,10,True,nid004308,57240770
SparseHNSW_a0.6_b1_s0x0,"M=32 efC=200 ef=40 alpha=0.6 beta=1 q=u8",64,0.6697276941,0.5587,111.8080,2.9244,0.0000,0.017804,"0.017816;0.017835;0.017804;0.017784;0.017770",5.157590,193889.01,,4.24,0,3452,10,True,nid004308,57240770
SparseHNSW_a0.6_b1_s0x0,"M=32 efC=200 ef=50 alpha=0.6 beta=1 q=u8",64,0.6789397451,0.5661,111.8080,2.9244,0.0000,0.021587,"0.021601;0.021559;0.021587;0.021613;0.021538",6.253476,159911.06,,4.24,0,3452,10,True,nid004308,57240770
SparseHNSW_a0.6_b1_s0x0,"M=32 efC=200 ef=60 alpha=0.6 beta=1 q=u8",64,0.6854866744,0.5730,111.8080,2.9244,0.0000,0.025229,"0.025285;0.025165;0.025244;0.025229;0.025160",7.308517,136826.67,,4.24,0,3452,10,True,nid004308,57240770
SparseHNSW_a0.6_b1_s0x0,"M=32 efC=200 ef=75 alpha=0.6 beta=1 q=u8",64,0.6933371958,0.5814,111.8080,2.9244,0.0000,0.030868,"0.030916;0.030917;0.030828;0.030724;0.030868",8.942063,111831.02,,4.24,0,3452,10,True,nid004308,57240770
SparseHNSW_a0.6_b1_s0x0,"M=32 efC=200 ef=100 alpha=0.6 beta=1 q=u8",64,0.6997972190,0.5876,111.8080,2.9244,0.0000,0.039800,"0.039800;0.039787;0.039749;0.039948;0.039856",11.529548,86733.67,,4.24,0,3452,10,True,nid004308,57240770
SparseHNSW_a0.6_b2_s0x0,"M=32 efC=200 ef=10 alpha=0.6 beta=2 q=u8",64,0.7578794902,0.9148,111.8080,2.9244,0.0000,0.011335,"0.011749;0.011502;0.011335;0.011299;0.011269",3.283604,304543.45,,4.24,0,3452,10,True,nid004308,57240770
SparseHNSW_a0.6_b2_s0x0,"M=32 efC=200 ef=20 alpha=0.6 beta=2 q=u8",64,0.7578794902,0.9148,111.8080,2.9244,0.0000,0.011116,"0.011192;0.011116;0.011136;0.011092;0.011100",3.220162,310543.36,,4.24,0,3452,10,True,nid004308,57240770
SparseHNSW_a0.6_b2_s0x0,"M=32 efC=200 ef=25 alpha=0.6 beta=2 q=u8",64,0.7781575898,0.9293,111.8080,2.9244,0.0000,0.013043,"0.013109;0.013077;0.013043;0.013042;0.012939",3.778389,264663.04,,4.24,0,3452,10,True,nid004308,57240770
SparseHNSW_a0.6_b2_s0x0,"M=32 efC=200 ef=30 alpha=0.6 beta=2 q=u8",64,0.7915990730,0.9403,111.8080,2.9244,0.0000,0.014972,"0.015021;0.014972;0.014972;0.014907;0.014935",4.337196,230563.72,,4.24,0,3452,10,True,nid004308,57240770
SparseHNSW_a0.6_b2_s0x0,"M=32 efC=200 ef=35 alpha=0.6 beta=2 q=u8",64,0.8011297798,0.9481,111.8080,2.9244,0.0000,0.016799,"0.016860;0.016884;0.016755;0.016799;0.016718",4.866454,205488.42,,4.24,0,3452,10,True,nid004308,57240770
SparseHNSW_a0.6_b2_s0x0,"M=32 efC=200 ef=40 alpha=0.6 beta=2 q=u8",64,0.8084588644,0.9542,111.8080,2.9244,0.0000,0.018599,"0.018579;0.018674;0.018623;0.018563;0.018599",5.387891,185601.38,,4.24,0,3452,10,True,nid004308,57240770
SparseHNSW_a0.6_b2_s0x0,"M=32 efC=200 ef=50 alpha=0.6 beta=2 q=u8",64,0.8203939745,0.9641,111.8080,2.9244,0.0000,0.022395,"0.022428;0.022395;0.022442;0.022336;0.022292",6.487543,154141.55,,4.24,0,3452,10,True,nid004308,57240770
SparseHNSW_a0.6_b2_s0x0,"M=32 efC=200 ef=60 alpha=0.6 beta=2 q=u8",64,0.8288818076,0.9719,111.8080,2.9244,0.0000,0.026096,"0.026274;0.026096;0.026040;0.026099;0.026079",7.559676,132280.81,,4.24,0,3452,10,True,nid004308,57240770
SparseHNSW_a0.6_b2_s0x0,"M=32 efC=200 ef=75 alpha=0.6 beta=2 q=u8",64,0.8383256083,0.9800,111.8080,2.9244,0.0000,0.031618,"0.031631;0.031675;0.031618;0.031435;0.031586",9.159328,109178.32,,4.24,0,3452,10,True,nid004308,57240770
SparseHNSW_a0.6_b2_s0x0,"M=32 efC=200 ef=100 alpha=0.6 beta=2 q=u8",64,0.8467555041,0.9858,111.8080,2.9244,0.0000,0.040565,"0.040586;0.040522;0.040480;0.040565;0.040565",11.751159,85097.99,,4.24,0,3452,10,True,nid004308,57240770
SparseHNSW_a0.6_b3_s0x0,"M=32 efC=200 ef=10 alpha=0.6 beta=3 q=u8",64,0.8288238702,0.9403,111.8080,2.9244,0.0000,0.015568,"0.015954;0.015742;0.015568;0.015411;0.015402",4.509849,221736.90,,4.24,0,3452,10,True,nid004308,57240770
SparseHNSW_a0.6_b3_s0x0,"M=32 efC=200 ef=20 alpha=0.6 beta=3 q=u8",64,0.8288238702,0.9403,111.8080,2.9244,0.0000,0.015338,"0.015338;0.015344;0.015277;0.015342;0.015299",4.443221,225061.94,,4.24,0,3452,10,True,nid004308,57240770
SparseHNSW_a0.6_b3_s0x0,"M=32 efC=200 ef=25 alpha=0.6 beta=3 q=u8",64,0.8288238702,0.9403,111.8080,2.9244,0.0000,0.015221,"0.015187;0.015221;0.015247;0.015173;0.015241",4.409328,226791.93,,4.24,0,3452,10,True,nid004308,57240770
SparseHNSW_a0.6_b3_s0x0,"M=32 efC=200 ef=30 alpha=0.6 beta=3 q=u8",64,0.8288238702,0.9403,111.8080,2.9244,0.0000,0.015188,"0.015209;0.015188;0.015158;0.015180;0.015190",4.399768,227284.70,,4.24,0,3452,10,True,nid004308,57240770
SparseHNSW_a0.6_b3_s0x0,"M=32 efC=200 ef=35 alpha=0.6 beta=3 q=u8",64,0.8394553882,0.9481,111.8080,2.9244,0.0000,0.017087,"0.017174;0.017062;0.017087;0.017174;0.017056",4.949884,202024.93,,4.24,0,3452,10,True,nid004308,57240770
SparseHNSW_a0.6_b3_s0x0,"M=32 efC=200 ef=40 alpha=0.6 beta=3 q=u8",64,0.8469582851,0.9542,111.8080,2.9244,0.0000,0.018933,"0.018942;0.018927;0.018933;0.018911;0.018975",5.484647,182327.15,,4.24,0,3452,10,True,nid004308,57240770
SparseHNSW_a0.6_b3_s0x0,"M=32 efC=200 ef=50 alpha=0.6 beta=3 q=u8",64,0.8602838934,0.9641,111.8080,2.9244,0.0000,0.022777,"0.022887;0.022838;0.022744;0.022775;0.022777",6.598204,151556.39,,4.24,0,3452,10,True,nid004308,57240770
SparseHNSW_a0.6_b3_s0x0,"M=32 efC=200 ef=60 alpha=0.6 beta=3 q=u8",64,0.8694669757,0.9719,111.8080,2.9244,0.0000,0.026427,"0.026488;0.026441;0.026427;0.026380;0.026342",7.655562,130623.98,,4.24,0,3452,10,True,nid004308,57240770
SparseHNSW_a0.6_b3_s0x0,"M=32 efC=200 ef=75 alpha=0.6 beta=3 q=u8",64,0.8798667439,0.9800,111.8080,2.9244,0.0000,0.031949,"0.031924;0.032045;0.031964;0.031849;0.031949",9.255214,108047.20,,4.24,0,3452,10,True,nid004308,57240770
SparseHNSW_a0.6_b3_s0x0,"M=32 efC=200 ef=100 alpha=0.6 beta=3 q=u8",64,0.8890787949,0.9861,111.8080,2.9244,0.0000,0.041110,"0.041232;0.041064;0.041110;0.041237;0.041061",11.909038,83969.84,,4.24,0,3452,10,True,nid004308,57240770
SparseHNSW_a0.6_b4_s0x0,"M=32 efC=200 ef=10 alpha=0.6 beta=4 q=u8",64,0.8646002317,0.9542,111.8080,2.9244,0.0000,0.019588,"0.019925;0.019682;0.019528;0.019588;0.019480",5.674392,176230.35,,4.24,0,3452,10,True,nid004308,57240770
SparseHNSW_a0.6_b4_s0x0,"M=32 efC=200 ef=20 alpha=0.6 beta=4 q=u8",64,0.8646002317,0.9542,111.8080,2.9244,0.0000,0.019426,"0.019426;0.019516;0.019449;0.019351;0.019346",5.627462,177699.99,,4.24,0,3452,10,True,nid004308,57240770
SparseHNSW_a0.6_b4_s0x0,"M=32 efC=200 ef=25 alpha=0.6 beta=4 q=u8",64,0.8646002317,0.9542,111.8080,2.9244,0.0000,0.019311,"0.019311;0.019227;0.019315;0.019266;0.019383",5.594148,178758.22,,4.24,0,3452,10,True,nid004308,57240770
SparseHNSW_a0.6_b4_s0x0,"M=32 efC=200 ef=30 alpha=0.6 beta=4 q=u8",64,0.8646002317,0.9542,111.8080,2.9244,0.0000,0.019276,"0.019323;0.019289;0.019276;0.019177;0.019244",5.584009,179082.80,,4.24,0,3452,10,True,nid004308,57240770
SparseHNSW_a0.6_b4_s0x0,"M=32 efC=200 ef=35 alpha=0.6 beta=4 q=u8",64,0.8646002317,0.9542,111.8080,2.9244,0.0000,0.019283,"0.019283;0.019299;0.019385;0.019233;0.019229",5.586037,179017.79,,4.24,0,3452,10,True,nid004308,57240770
SparseHNSW_a0.6_b4_s0x0,"M=32 efC=200 ef=40 alpha=0.6 beta=4 q=u8",64,0.8646002317,0.9542,111.8080,2.9244,0.0000,0.019277,"0.019269;0.019254;0.019277;0.019339;0.019442",5.584299,179073.51,,4.24,0,3452,10,True,nid004308,57240770
SparseHNSW_a0.6_b4_s0x0,"M=32 efC=200 ef=50 alpha=0.6 beta=4 q=u8",64,0.8783314021,0.9641,111.8080,2.9244,0.0000,0.023118,"0.023165;0.023085;0.023059;0.023118;0.023134",6.696987,149320.88,,4.24,0,3452,10,True,nid004308,57240770
SparseHNSW_a0.6_b4_s0x0,"M=32 efC=200 ef=60 alpha=0.6 beta=4 q=u8",64,0.8882676709,0.9719,111.8080,2.9244,0.0000,0.026783,"0.026827;0.026785;0.026703;0.026783;0.026770",7.758691,128887.73,,4.24,0,3452,10,True,nid004308,57240770
SparseHNSW_a0.6_b4_s0x0,"M=32 efC=200 ef=75 alpha=0.6 beta=4 q=u8",64,0.8990440324,0.9800,111.8080,2.9244,0.0000,0.032355,"0.032346;0.032408;0.032292;0.032362;0.032355",9.372827,106691.39,,4.24,0,3452,10,True,nid004308,57240770
SparseHNSW_a0.6_b4_s0x0,"M=32 efC=200 ef=100 alpha=0.6 beta=4 q=u8",64,0.9090961761,0.9861,111.8080,2.9244,0.0000,0.041336,"0.041314;0.041336;0.041212;0.041419;0.041397",11.974508,83510.74,,4.24,0,3452,10,True,nid004308,57240770
SparseHNSW_a0.6_b5_s0x0,"M=32 efC=200 ef=10 alpha=0.6 beta=5 q=u8",64,0.8884414832,0.9641,111.8080,2.9244,0.0000,0.023639,"0.023930;0.023709;0.023635;0.023553;0.023639",6.847914,146029.87,,4.24,0,3452,10,True,nid004308,57240770
SparseHNSW_a0.6_b5_s0x0,"M=32 efC=200 ef=20 alpha=0.6 beta=5 q=u8",64,0.8884414832,0.9641,111.8080,2.9244,0.0000,0.023496,"0.023696;0.023422;0.023496;0.023508;0.023451",6.806489,146918.62,,4.24,0,3452,10,True,nid004308,57240770
SparseHNSW_a0.6_b5_s0x0,"M=32 efC=200 ef=25 alpha=0.6 beta=5 q=u8",64,0.8884414832,0.9641,111.8080,2.9244,0.0000,0.023475,"0.023568;0.023472;0.023454;0.023524;0.023475",6.800406,147050.05,,4.24,0,3452,10,True,nid004308,57240770
SparseHNSW_a0.6_b5_s0x0,"M=32 efC=200 ef=30 alpha=0.6 beta=5 q=u8",64,0.8884414832,0.9641,111.8080,2.9244,0.0000,0.023483,"0.023487;0.023483;0.023456;0.023357;0.023521",6.802723,146999.96,,4.24,0,3452,10,True,nid004308,57240770
SparseHNSW_a0.6_b5_s0x0,"M=32 efC=200 ef=35 alpha=0.6 beta=5 q=u8",64,0.8884414832,0.9641,111.8080,2.9244,0.0000,0.023411,"0.023399;0.023411;0.023476;0.023538;0.023380",6.781866,147452.05,,4.24,0,3452,10,True,nid004308,57240770
SparseHNSW_a0.6_b5_s0x0,"M=32 efC=200 ef=40 alpha=0.6 beta=5 q=u8",64,0.8884414832,0.9641,111.8080,2.9244,0.0000,0.023411,"0.023342;0.023503;0.023411;0.023362;0.023512",6.781866,147452.05,,4.24,0,3452,10,True,nid004308,57240770
SparseHNSW_a0.6_b5_s0x0,"M=32 efC=200 ef=50 alpha=0.6 beta=5 q=u8",64,0.8884414832,0.9641,111.8080,2.9244,0.0000,0.023484,"0.023492;0.023484;0.023462;0.023457;0.023541",6.803013,146993.70,,4.24,0,3452,10,True,nid004308,57240770
SparseHNSW_a0.6_b5_s0x0,"M=32 efC=200 ef=60 alpha=0.6 beta=5 q=u8",64,0.8983777520,0.9719,111.8080,2.9244,0.0000,0.027163,"0.027179;0.027242;0.027111;0.027163;0.027125",7.868772,127084.64,,4.24,0,3452,10,True,nid004308,57240770
SparseHNSW_a0.6_b5_s0x0,"M=32 efC=200 ef=75 alpha=0.6 beta=5 q=u8",64,0.9096465817,0.9800,111.8080,2.9244,0.0000,0.032694,"0.032683;0.032726;0.032694;0.032670;0.032761",9.471031,105585.12,,4.24,0,3452,10,True,nid004308,57240770
SparseHNSW_a0.6_b5_s0x0,"M=32 efC=200 ef=100 alpha=0.6 beta=5 q=u8",64,0.9199304751,0.9861,111.8080,2.9244,0.0000,0.041810,"0.041834;0.041850;0.041810;0.041789;0.041760",12.111819,82563.98,,4.24,0,3452,10,True,nid004308,57240770
SparseHNSW_a0.6_b1_s8x4,"M=32 efC=200 ef=10 alpha=0.6 beta=1 q=u8 seedT=8 seedH=8 seedS=4",64,0.6856025492,0.5714,111.8080,2.9244,0.0000,0.013564,"0.014041;0.013738;0.013564;0.013459;0.013396",3.929316,254497.20,,4.24,0,3452,10,True,nid004308,57240770
SparseHNSW_a0.6_b1_s8x4,"M=32 efC=200 ef=20 alpha=0.6 beta=1 q=u8 seedT=8 seedH=8 seedS=4",64,0.6856025492,0.5714,111.8080,2.9244,0.0000,0.013277,"0.013362;0.013296;0.013267;0.013277;0.013205",3.846176,259998.49,,4.24,0,3452,10,True,nid004308,57240770
SparseHNSW_a0.6_b1_s8x4,"M=32 efC=200 ef=25 alpha=0.6 beta=1 q=u8 seedT=8 seedH=8 seedS=4",64,0.6856025492,0.5714,111.8080,2.9244,0.0000,0.013186,"0.013165;0.013186;0.013187;0.013150;0.013224",3.819815,261792.81,,4.24,0,3452,10,True,nid004308,57240770
SparseHNSW_a0.6_b1_s8x4,"M=32 efC=200 ef=30 alpha=0.6 beta=1 q=u8 seedT=8 seedH=8 seedS=4",64,0.6856025492,0.5712,111.8080,2.9244,0.0000,0.013130,"0.013176;0.013152;0.013130;0.013123;0.013129",3.803592,262909.37,,4.24,0,3452,10,True,nid004308,57240770
SparseHNSW_a0.6_b1_s8x4,"M=32 efC=200 ef=35 alpha=0.6 beta=1 q=u8 seedT=8 seedH=8 seedS=4",64,0.6875144844,0.5741,111.8080,2.9244,0.0000,0.014046,"0.014110;0.014087;0.014046;0.013968;0.014020",4.068946,245763.92,,4.24,0,3452,10,True,nid004308,57240770
SparseHNSW_a0.6_b1_s8x4,"M=32 efC=200 ef=40 alpha=0.6 beta=1 q=u8 seedT=8 seedH=8 seedS=4",64,0.6915411356,0.5758,111.8080,2.9244,0.0000,0.015877,"0.015922;0.015877;0.015894;0.015855;0.015851",4.599363,217421.43,,4.24,0,3452,10,True,nid004308,57240770
SparseHNSW_a0.6_b1_s8x4,"M=32 efC=200 ef=50 alpha=0.6 beta=1 q=u8 seedT=8 seedH=8 seedS=4",64,0.6968134415,0.5809,111.8080,2.9244,0.0000,0.019583,"0.019700;0.019629;0.019583;0.019561;0.019564",5.672943,176275.34,,4.24,0,3452,10,True,nid004308,57240770
SparseHNSW_a0.6_b1_s8x4,"M=32 efC=200 ef=60 alpha=0.6 beta=1 q=u8 seedT=8 seedH=8 seedS=4",64,0.7006373117,0.5851,111.8080,2.9244,0.0000,0.023239,"0.023287;0.023239;0.023205;0.023182;0.023244",6.732039,148543.40,,4.24,0,3452,10,True,nid004308,57240770
SparseHNSW_a0.6_b1_s8x4,"M=32 efC=200 ef=75 alpha=0.6 beta=1 q=u8 seedT=8 seedH=8 seedS=4",64,0.7043163384,0.5894,111.8080,2.9244,0.0000,0.028664,"0.028702;0.028623;0.028625;0.028695;0.028664",8.303592,120429.81,,4.24,0,3452,10,True,nid004308,57240770
SparseHNSW_a0.6_b1_s8x4,"M=32 efC=200 ef=100 alpha=0.6 beta=1 q=u8 seedT=8 seedH=8 seedS=4",64,0.7090961761,0.5940,111.8080,2.9244,0.0000,0.037838,"0.037930;0.037814;0.037937;0.037838;0.037660",10.961182,91231.04,,4.24,0,3452,10,True,nid004308,57240770
SparseHNSW_a0.6_b2_s8x4,"M=32 efC=200 ef=10 alpha=0.6 beta=2 q=u8 seedT=8 seedH=8 seedS=4",64,0.8261587486,0.9777,111.8080,2.9244,0.0000,0.014324,"0.014686;0.014464;0.014324;0.014261;0.014266",4.149479,240994.14,,4.24,0,3452,10,True,nid004308,57240770
SparseHNSW_a0.6_b2_s8x4,"M=32 efC=200 ef=20 alpha=0.6 beta=2 q=u8 seedT=8 seedH=8 seedS=4",64,0.8261587486,0.9777,111.8080,2.9244,0.0000,0.014098,"0.014125;0.014098;0.014183;0.014077;0.014059",4.084009,244857.43,,4.24,0,3452,10,True,nid004308,57240770
SparseHNSW_a0.6_b2_s8x4,"M=32 efC=200 ef=25 alpha=0.6 beta=2 q=u8 seedT=8 seedH=8 seedS=4",64,0.8261587486,0.9777,111.8080,2.9244,0.0000,0.014010,"0.014058;0.014010;0.014010;0.014035;0.013984",4.058517,246395.43,,4.24,0,3452,10,True,nid004308,57240770
SparseHNSW_a0.6_b2_s8x4,"M=32 efC=200 ef=30 alpha=0.6 beta=2 q=u8 seedT=8 seedH=8 seedS=4",64,0.8262166860,0.9777,111.8080,2.9244,0.0000,0.013996,"0.013996;0.013949;0.014013;0.013953;0.014026",4.054461,246641.90,,4.24,0,3452,10,True,nid004308,57240770
SparseHNSW_a0.6_b2_s8x4,"M=32 efC=200 ef=35 alpha=0.6 beta=2 q=u8 seedT=8 seedH=8 seedS=4",64,0.8289687138,0.9791,111.8080,2.9244,0.0000,0.014904,"0.014905;0.014954;0.014884;0.014904;0.014816",4.317497,231615.67,,4.24,0,3452,10,True,nid004308,57240770
SparseHNSW_a0.6_b2_s8x4,"M=32 efC=200 ef=40 alpha=0.6 beta=2 q=u8 seedT=8 seedH=8 seedS=4",64,0.8347624565,0.9832,111.8080,2.9244,0.0000,0.016802,"0.016802;0.016688;0.016870;0.016811;0.016725",4.867323,205451.73,,4.24,0,3452,10,True,nid004308,57240770
SparseHNSW_a0.6_b2_s8x4,"M=32 efC=200 ef=50 alpha=0.6 beta=2 q=u8 seedT=8 seedH=8 seedS=4",64,0.8420336037,0.9878,111.8080,2.9244,0.0000,0.020444,"0.020426;0.020480;0.020444;0.020517;0.020428",5.922364,168851.50,,4.24,0,3452,10,True,nid004308,57240770
SparseHNSW_a0.6_b2_s8x4,"M=32 efC=200 ef=60 alpha=0.6 beta=2 q=u8 seedT=8 seedH=8 seedS=4",64,0.8470451912,0.9916,111.8080,2.9244,0.0000,0.024045,"0.024049;0.024073;0.024042;0.024023;0.024045",6.965527,143564.15,,4.24,0,3452,10,True,nid004308,57240770
SparseHNSW_a0.6_b2_s8x4,"M=32 efC=200 ef=75 alpha=0.6 beta=2 q=u8 seedT=8 seedH=8 seedS=4",64,0.8518539977,0.9933,111.8080,2.9244,0.0000,0.029571,"0.029618;0.029585;0.029454;0.029571;0.029469",8.566338,116735.99,,4.24,0,3452,10,True,nid004308,57240770
SparseHNSW_a0.6_b2_s8x4,"M=32 efC=200 ef=100 alpha=0.6 beta=2 q=u8 seedT=8 seedH=8 seedS=4",64,0.8579663963,0.9965,111.8080,2.9244,0.0000,0.038519,"0.038649;0.038688;0.038519;0.038399;0.038483",11.158459,89618.11,,4.24,0,3452,10,True,nid004308,57240770
SparseHNSW_a0.6_b3_s8x4,"M=32 efC=200 ef=10 alpha=0.6 beta=3 q=u8 seedT=8 seedH=8 seedS=4",64,0.8651506373,0.9777,111.8080,2.9244,0.0000,0.014743,"0.015120;0.014926;0.014743;0.014626;0.014623",4.270857,234145.02,,4.24,0,3452,10,True,nid004308,57240770
SparseHNSW_a0.6_b3_s8x4,"M=32 efC=200 ef=20 alpha=0.6 beta=3 q=u8 seedT=8 seedH=8 seedS=4",64,0.8651506373,0.9777,111.8080,2.9244,0.0000,0.014498,"0.014574;0.014498;0.014498;0.014421;0.014544",4.199884,238101.81,,4.24,0,3452,10,True,nid004308,57240770
SparseHNSW_a0.6_b3_s8x4,"M=32 efC=200 ef=25 alpha=0.6 beta=3 q=u8 seedT=8 seedH=8 seedS=4",64,0.8651506373,0.9777,111.8080,2.9244,0.0000,0.014389,"0.014418;0.014402;0.014336;0.014389;0.014353",4.168308,239905.48,,4.24,0,3452,10,True,nid004308,57240770
SparseHNSW_a0.6_b3_s8x4,"M=32 efC=200 ef=30 alpha=0.6 beta=3 q=u8 seedT=8 seedH=8 seedS=4",64,0.8651506373,0.9777,111.8080,2.9244,0.0000,0.014367,"0.014394;0.014367;0.014334;0.014364;0.014427",4.161935,240272.85,,4.24,0,3452,10,True,nid004308,57240770
SparseHNSW_a0.6_b3_s8x4,"M=32 efC=200 ef=35 alpha=0.6 beta=3 q=u8 seedT=8 seedH=8 seedS=4",64,0.8683661645,0.9791,111.8080,2.9244,0.0000,0.015285,"0.015269;0.015285;0.015293;0.015271;0.015297",4.427868,225842.33,,4.24,0,3452,10,True,nid004308,57240770
SparseHNSW_a0.6_b3_s8x4,"M=32 efC=200 ef=40 alpha=0.6 beta=3 q=u8 seedT=8 seedH=8 seedS=4",64,0.8744495944,0.9832,111.8080,2.9244,0.0000,0.017088,"0.017027;0.017104;0.017092;0.017065;0.017088",4.950174,202013.11,,4.24,0,3452,10,True,nid004308,57240770
SparseHNSW_a0.6_b3_s8x4,"M=32 efC=200 ef=50 alpha=0.6 beta=3 q=u8 seedT=8 seedH=8 seedS=4",64,0.8829663963,0.9878,111.8080,2.9244,0.0000,0.020805,"0.020885;0.020902;0.020805;0.020804;0.020725",6.026941,165921.65,,4.24,0,3452,10,True,nid004308,57240770
SparseHNSW_a0.6_b3_s8x4,"M=32 efC=200 ef=60 alpha=0.6 beta=3 q=u8 seedT=8 seedH=8 seedS=4",64,0.8885863268,0.9916,111.8080,2.9244,0.0000,0.024417,"0.024450;0.024348;0.024434;0.024417;0.024356",7.073291,141376.91,,4.24,0,3452,10,True,nid004308,57240770
SparseHNSW_a0.6_b3_s8x4,"M=32 efC=200 ef=75 alpha=0.6 beta=3 q=u8 seedT=8 seedH=8 seedS=4",64,0.8940903824,0.9933,111.8080,2.9244,0.0000,0.029817,"0.029872;0.029817;0.029839;0.029796;0.029716",8.637601,115772.88,,4.24,0,3452,10,True,nid004308,57240770
SparseHNSW_a0.6_b3_s8x4,"M=32 efC=200 ef=100 alpha=0.6 beta=3 q=u8 seedT=8 seedH=8 seedS=4",64,0.9008690614,0.9965,111.8080,2.9244,0.0000,0.038949,"0.038949;0.038889;0.039018;0.039035;0.038820",11.283024,88628.72,,4.24,0,3452,10,True,nid004308,57240770
SparseHNSW_a0.6_b4_s8x4,"M=32 efC=200 ef=10 alpha=0.6 beta=4 q=u8 seedT=8 seedH=8 seedS=4",64,0.8924391657,0.9832,111.8080,2.9244,0.0000,0.017829,"0.018051;0.017913;0.017829;0.017691;0.017675",5.164832,193617.14,,4.24,0,3452,10,True,nid004308,57240770
SparseHNSW_a0.6_b4_s8x4,"M=32 efC=200 ef=20 alpha=0.6 beta=4 q=u8 seedT=8 seedH=8 seedS=4",64,0.8924391657,0.9832,111.8080,2.9244,0.0000,0.017547,"0.017547;0.017535;0.017579;0.017483;0.017553",5.083140,196728.79,,4.24,0,3452,10,True,nid004308,57240770
SparseHNSW_a0.6_b4_s8x4,"M=32 efC=200 ef=25 alpha=0.6 beta=4 q=u8 seedT=8 seedH=8 seedS=4",64,0.8924391657,0.9832,111.8080,2.9244,0.0000,0.017395,"0.017467;0.017432;0.017313;0.017359;0.017395",5.039108,198447.83,,4.24,0,3452,10,True,nid004308,57240770
SparseHNSW_a0.6_b4_s8x4,"M=32 efC=200 ef=30 alpha=0.6 beta=4 q=u8 seedT=8 seedH=8 seedS=4",64,0.8924391657,0.9832,111.8080,2.9244,0.0000,0.017468,"0.017485;0.017418;0.017468;0.017370;0.017487",5.060255,197618.50,,4.24,0,3452,10,True,nid004308,57240770
SparseHNSW_a0.6_b4_s8x4,"M=32 efC=200 ef=35 alpha=0.6 beta=4 q=u8 seedT=8 seedH=8 seedS=4",64,0.8924391657,0.9832,111.8080,2.9244,0.0000,0.017429,"0.017376;0.017448;0.017362;0.017429;0.017430",5.048957,198060.70,,4.24,0,3452,10,True,nid004308,57240770
SparseHNSW_a0.6_b4_s8x4,"M=32 efC=200 ef=40 alpha=0.6 beta=4 q=u8 seedT=8 seedH=8 seedS=4",64,0.8924391657,0.9832,111.8080,2.9244,0.0000,0.017379,"0.017372;0.017362;0.017389;0.017379;0.017389",5.034473,198630.53,,4.24,0,3452,10,True,nid004308,57240770
SparseHNSW_a0.6_b4_s8x4,"M=32 efC=200 ef=50 alpha=0.6 beta=4 q=u8 seedT=8 seedH=8 seedS=4",64,0.9011587486,0.9878,111.8080,2.9244,0.0000,0.021123,"0.021147;0.021248;0.021105;0.021116;0.021123",6.119061,163423.76,,4.24,0,3452,10,True,nid004308,57240770
SparseHNSW_a0.6_b4_s8x4,"M=32 efC=200 ef=60 alpha=0.6 beta=4 q=u8 seedT=8 seedH=8 seedS=4",64,0.9074159907,0.9916,111.8080,2.9244,0.0000,0.024771,"0.024837;0.024778;0.024771;0.024640;0.024750",7.175840,139356.51,,4.24,0,3452,10,True,nid004308,57240770
SparseHNSW_a0.6_b4_s8x4,"M=32 efC=200 ef=75 alpha=0.6 beta=4 q=u8 seedT=8 seedH=8 seedS=4",64,0.9133545771,0.9933,111.8080,2.9244,0.0000,0.030264,"0.030309;0.030264;0.030241;0.030308;0.030178",8.767092,114062.91,,4.24,0,3452,10,True,nid004308,57240770
SparseHNSW_a0.6_b4_s8x4,"M=32 efC=200 ef=100 alpha=0.6 beta=4 q=u8 seedT=8 seedH=8 seedS=4",64,0.9210023175,0.9965,111.8080,2.9244,0.0000,0.039327,"0.039145;0.039385;0.039367;0.039327;0.039315",11.392526,87776.85,,4.24,0,3452,10,True,nid004308,57240770
SparseHNSW_a0.6_b5_s8x4,"M=32 efC=200 ef=10 alpha=0.6 beta=5 q=u8 seedT=8 seedH=8 seedS=4",64,0.9114716107,0.9878,111.8080,2.9244,0.0000,0.021820,"0.022047;0.021828;0.021820;0.021727;0.021587",6.320973,158203.48,,4.24,0,3452,10,True,nid004308,57240770
SparseHNSW_a0.6_b5_s8x4,"M=32 efC=200 ef=20 alpha=0.6 beta=5 q=u8 seedT=8 seedH=8 seedS=4",64,0.9114716107,0.9878,111.8080,2.9244,0.0000,0.021603,"0.021603;0.021660;0.021467;0.021705;0.021538",6.258111,159792.62,,4.24,0,3452,10,True,nid004308,57240770
SparseHNSW_a0.6_b5_s8x4,"M=32 efC=200 ef=25 alpha=0.6 beta=5 q=u8 seedT=8 seedH=8 seedS=4",64,0.9114716107,0.9878,111.8080,2.9244,0.0000,0.021527,"0.021488;0.021527;0.021438;0.021533;0.021612",6.236095,160356.76,,4.24,0,3452,10,True,nid004308,57240770
SparseHNSW_a0.6_b5_s8x4,"M=32 efC=200 ef=30 alpha=0.6 beta=5 q=u8 seedT=8 seedH=8 seedS=4",64,0.9114716107,0.9878,111.8080,2.9244,0.0000,0.021454,"0.021516;0.021534;0.021419;0.021432;0.021454",6.214948,160902.40,,4.24,0,3452,10,True,nid004308,57240770
SparseHNSW_a0.6_b5_s8x4,"M=32 efC=200 ef=35 alpha=0.6 beta=5 q=u8 seedT=8 seedH=8 seedS=4",64,0.9114716107,0.9878,111.8080,2.9244,0.0000,0.021431,"0.021431;0.021500;0.021462;0.021418;0.021423",6.208285,161075.08,,4.24,0,3452,10,True,nid004308,57240770
SparseHNSW_a0.6_b5_s8x4,"M=32 efC=200 ef=40 alpha=0.6 beta=5 q=u8 seedT=8 seedH=8 seedS=4",64,0.9114716107,0.9878,111.8080,2.9244,0.0000,0.021459,"0.021364;0.021459;0.021405;0.021498;0.021481",6.216396,160864.91,,4.24,0,3452,10,True,nid004308,57240770
SparseHNSW_a0.6_b5_s8x4,"M=32 efC=200 ef=50 alpha=0.6 beta=5 q=u8 seedT=8 seedH=8 seedS=4",64,0.9114716107,0.9878,111.8080,2.9244,0.0000,0.021392,"0.021446;0.021400;0.021364;0.021392;0.021354",6.196987,161368.74,,4.24,0,3452,10,True,nid004308,57240770
SparseHNSW_a0.6_b5_s8x4,"M=32 efC=200 ef=60 alpha=0.6 beta=5 q=u8 seedT=8 seedH=8 seedS=4",64,0.9178447277,0.9916,111.8080,2.9244,0.0000,0.025154,"0.025086;0.025201;0.025154;0.025146;0.025172",7.286790,137234.63,,4.24,0,3452,10,True,nid004308,57240770
SparseHNSW_a0.6_b5_s8x4,"M=32 efC=200 ef=75 alpha=0.6 beta=5 q=u8 seedT=8 seedH=8 seedS=4",64,0.9241019699,0.9933,111.8080,2.9244,0.0000,0.030606,"0.030606;0.030532;0.030432;0.030642;0.030614",8.866165,112788.34,,4.24,0,3452,10,True,nid004308,57240770
SparseHNSW_a0.6_b5_s8x4,"M=32 efC=200 ef=100 alpha=0.6 beta=5 q=u8 seedT=8 seedH=8 seedS=4",64,0.9319235226,0.9965,111.8080,2.9244,0.0000,0.039676,"0.039676;0.039749;0.039706;0.039647;0.039649",11.493627,87004.74,,4.24,0,3452,10,True,nid004308,57240770
SparseHNSW_a0.65_b1_s0x0,"M=32 efC=200 ef=10 alpha=0.65 beta=1 q=u8",64,0.6009849363,0.4834,124.9959,1.0107,0.0000,0.006449,"0.007658;0.007275;0.006449;0.006246;0.006205",1.868192,535276.79,,4.29,0,3452,10,True,nid004308,57240770
SparseHNSW_a0.65_b1_s0x0,"M=32 efC=200 ef=20 alpha=0.65 beta=1 q=u8",64,0.6732329085,0.5530,124.9959,1.0107,0.0000,0.010874,"0.011119;0.010909;0.010874;0.010841;0.010821",3.150058,317454.48,,4.29,0,3452,10,True,nid004308,57240770
SparseHNSW_a0.65_b1_s0x0,"M=32 efC=200 ef=25 alpha=0.65 beta=1 q=u8",64,0.6884414832,0.5654,124.9959,1.0107,0.0000,0.012881,"0.012994;0.012881;0.012861;0.012925;0.012863",3.731460,267991.62,,4.29,0,3452,10,True,nid004308,57240770
SparseHNSW_a0.65_b1_s0x0,"M=32 efC=200 ef=30 alpha=0.65 beta=1 q=u8",64,0.6995075319,0.5747,124.9959,1.0107,0.0000,0.014901,"0.014972;0.014966;0.014901;0.014831;0.014893",4.316628,231662.30,,4.29,0,3452,10,True,nid004308,57240770
SparseHNSW_a0.65_b1_s0x0,"M=32 efC=200 ef=35 alpha=0.65 beta=1 q=u8",64,0.7088644264,0.5841,124.9959,1.0107,0.0000,0.016823,"0.016998;0.016962;0.016823;0.016794;0.016776",4.873407,205195.27,,4.29,0,3452,10,True,nid004308,57240770
SparseHNSW_a0.65_b1_s0x0,"M=32 efC=200 ef=40 alpha=0.65 beta=1 q=u8",64,0.7140498262,0.5886,124.9959,1.0107,0.0000,0.018724,"0.018724;0.018797;0.018728;0.018690;0.018664",5.424102,184362.32,,4.29,0,3452,10,True,nid004308,57240770
SparseHNSW_a0.65_b1_s0x0,"M=32 efC=200 ef=50 alpha=0.65 beta=1 q=u8",64,0.7229432213,0.5971,124.9959,1.0107,0.0000,0.022697,"0.022697;0.022760;0.022672;0.022646;0.022702",6.575029,152090.58,,4.29,0,3452,10,True,nid004308,57240770
SparseHNSW_a0.65_b1_s0x0,"M=32 efC=200 ef=60 alpha=0.65 beta=1 q=u8",64,0.7297798378,0.6055,124.9959,1.0107,0.0000,0.026551,"0.026515;0.026588;0.026588;0.026539;0.026551",7.691483,130013.94,,4.29,0,3452,10,True,nid004308,57240770
SparseHNSW_a0.65_b1_s0x0,"M=32 efC=200 ef=75 alpha=0.65 beta=1 q=u8",64,0.7368192352,0.6109,124.9959,1.0107,0.0000,0.032313,"0.032313;0.032299;0.032193;0.032495;0.032346",9.360660,106830.07,,4.29,0,3452,10,True,nid004308,57240770
SparseHNSW_a0.65_b1_s0x0,"M=32 efC=200 ef=100 alpha=0.65 beta=1 q=u8",64,0.7427867903,0.6137,124.9959,1.0107,0.0000,0.041782,"0.042044;0.041927;0.041662;0.041782;0.041686",12.103708,82619.31,,4.29,0,3452,10,True,nid004308,57240770
SparseHNSW_a0.65_b2_s0x0,"M=32 efC=200 ef=10 alpha=0.65 beta=2 q=u8",64,0.7923232908,0.9206,124.9959,1.0107,0.0000,0.011878,"0.012314;0.012047;0.011841;0.011878;0.011718",3.440904,290621.32,,4.29,0,3452,10,True,nid004308,57240770
SparseHNSW_a0.65_b2_s0x0,"M=32 efC=200 ef=20 alpha=0.65 beta=2 q=u8",64,0.7923232908,0.9206,124.9959,1.0107,0.0000,0.011600,"0.011639;0.011600;0.011655;0.011587;0.011571",3.360371,297586.21,,4.29,0,3452,10,True,nid004308,57240770
SparseHNSW_a0.65_b2_s0x0,"M=32 efC=200 ef=25 alpha=0.65 beta=2 q=u8",64,0.8118771727,0.9371,124.9959,1.0107,0.0000,0.013692,"0.013692;0.013720;0.013692;0.013646;0.013590",3.966396,252118.03,,4.29,0,3452,10,True,nid004308,57240770
SparseHNSW_a0.65_b2_s0x0,"M=32 efC=200 ef=30 alpha=0.65 beta=2 q=u8",64,0.8258980301,0.9476,124.9959,1.0107,0.0000,0.015661,"0.015844;0.015735;0.015661;0.015646;0.015648",4.536790,220420.15,,4.29,0,3452,10,True,nid004308,57240770
SparseHNSW_a0.65_b2_s0x0,"M=32 efC=200 ef=35 alpha=0.65 beta=2 q=u8",64,0.8382387022,0.9565,124.9959,1.0107,0.0000,0.017676,"0.017793;0.017734;0.017676;0.017661;0.017664",5.120510,195293.05,,4.29,0,3452,10,True,nid004308,57240770
SparseHNSW_a0.65_b2_s0x0,"M=32 efC=200 ef=40 alpha=0.65 beta=2 q=u8",64,0.8449884125,0.9615,124.9959,1.0107,0.0000,0.019540,"0.019587;0.019522;0.019583;0.019540;0.019497",5.660487,176663.25,,4.29,0,3452,10,True,nid004308,57240770
SparseHNSW_a0.65_b2_s0x0,"M=32 efC=200 ef=50 alpha=0.65 beta=2 q=u8",64,0.8561993048,0.9696,124.9959,1.0107,0.0000,0.023561,"0.023608;0.023523;0.023537;0.023594;0.023561",6.825319,146513.31,,4.29,0,3452,10,True,nid004308,57240770
SparseHNSW_a0.65_b2_s0x0,"M=32 efC=200 ef=60 alpha=0.65 beta=2 q=u8",64,0.8646002317,0.9748,124.9959,1.0107,0.0000,0.027390,"0.027471;0.027390;0.027379;0.027280;0.027403",7.934531,126031.40,,4.29,0,3452,10,True,nid004308,57240770
SparseHNSW_a0.65_b2_s0x0,"M=32 efC=200 ef=75 alpha=0.65 beta=2 q=u8",64,0.8734067207,0.9817,124.9959,1.0107,0.0000,0.033144,"0.033144;0.033246;0.033117;0.033077;0.033215",9.601390,104151.58,,4.29,0,3452,10,True,nid004308,57240770
SparseHNSW_a0.65_b2_s0x0,"M=32 efC=200 ef=100 alpha=0.65 beta=2 q=u8",64,0.8816628042,0.9864,124.9959,1.0107,0.0000,0.042607,"0.042607;0.042646;0.042549;0.042466;0.042713",12.342700,81019.55,,4.29,0,3452,10,True,nid004308,57240770
SparseHNSW_a0.65_b3_s0x0,"M=32 efC=200 ef=10 alpha=0.65 beta=3 q=u8",64,0.8559096176,0.9476,124.9959,1.0107,0.0000,0.016311,"0.016662;0.016498;0.016311;0.016149;0.016152",4.725087,211636.32,,4.29,0,3452,10,True,nid004308,57240770
SparseHNSW_a0.65_b3_s0x0,"M=32 efC=200 ef=20 alpha=0.65 beta=3 q=u8",64,0.8559096176,0.9476,124.9959,1.0107,0.0000,0.015985,"0.016065;0.016085;0.015985;0.015981;0.015952",4.630649,215952.46,,4.29,0,3452,10,True,nid004308,57240770
SparseHNSW_a0.65_b3_s0x0,"M=32 efC=200 ef=25 alpha=0.65 beta=3 q=u8",64,0.8559096176,0.9476,124.9959,1.0107,0.0000,0.015957,"0.015957;0.016008;0.015960;0.015913;0.015923",4.622538,216331.39,,4.29,0,3452,10,True,nid004308,57240770
SparseHNSW_a0.65_b3_s0x0,"M=32 efC=200 ef=30 alpha=0.65 beta=3 q=u8",64,0.8559096176,0.9476,124.9959,1.0107,0.0000,0.015947,"0.015956;0.015915;0.016006;0.015947;0.015916",4.619641,216467.05,,4.29,0,3452,10,True,nid004308,57240770
SparseHNSW_a0.65_b3_s0x0,"M=32 efC=200 ef=35 alpha=0.65 beta=3 q=u8",64,0.8691193511,0.9565,124.9959,1.0107,0.0000,0.017929,"0.017916;0.017973;0.017969;0.017912;0.017929",5.193801,192537.23,,4.29,0,3452,10,True,nid004308,57240770
SparseHNSW_a0.65_b3_s0x0,"M=32 efC=200 ef=40 alpha=0.65 beta=3 q=u8",64,0.8763904983,0.9615,124.9959,1.0107,0.0000,0.019967,"0.019967;0.019993;0.019913;0.019980;0.019920",5.784183,172885.26,,4.29,0,3452,10,True,nid004308,57240770
SparseHNSW_a0.65_b3_s0x0,"M=32 efC=200 ef=50 alpha=0.65 beta=3 q=u8",64,0.8890498262,0.9696,124.9959,1.0107,0.0000,0.023833,"0.023943;0.023899;0.023833;0.023813;0.023805",6.904114,144841.19,,4.29,0,3452,10,True,nid004308,57240770
SparseHNSW_a0.65_b3_s0x0,"M=32 efC=200 ef=60 alpha=0.65 beta=3 q=u8",64,0.8982618772,0.9748,124.9959,1.0107,0.0000,0.027806,"0.027822;0.027798;0.027807;0.027665;0.027806",8.055041,124145.87,,4.29,0,3452,10,True,nid004308,57240770
SparseHNSW_a0.65_b3_s0x0,"M=32 efC=200 ef=75 alpha=0.65 beta=3 q=u8",64,0.9078794902,0.9817,124.9959,1.0107,0.0000,0.033463,"0.033491;0.033463;0.033433;0.033393;0.033545",9.693801,103158.71,,4.29,0,3452,10,True,nid004308,57240770
SparseHNSW_a0.65_b3_s0x0,"M=32 efC=200 ef=100 alpha=0.65 beta=3 q=u8",64,0.9170915411,0.9864,124.9959,1.0107,0.0000,0.042957,"0.042811;0.043001;0.042917;0.042980;0.042957",12.444090,80359.43,,4.29,0,3452,10,True,nid004308,57240770
SparseHNSW_a0.65_b4_s0x0,"M=32 efC=200 ef=10 alpha=0.65 beta=4 q=u8",64,0.8883256083,0.9615,124.9959,1.0107,0.0000,0.020563,"0.020852;0.020563;0.020588;0.020442;0.020406",5.956837,167874.34,,4.29,0,3452,10,True,nid004308,57240770
SparseHNSW_a0.65_b4_s0x0,"M=32 efC=200 ef=20 alpha=0.65 beta=4 q=u8",64,0.8883256083,0.9615,124.9959,1.0107,0.0000,0.020318,"0.020248;0.020410;0.020337;0.020318;0.020288",5.885863,169898.61,,4.29,0,3452,10,True,nid004308,57240770
SparseHNSW_a0.65_b4_s0x0,"M=32 efC=200 ef=25 alpha=0.65 beta=4 q=u8",64,0.8883256083,0.9615,124.9959,1.0107,0.0000,0.020237,"0.020241;0.020163;0.020237;0.020246;0.020139",5.862399,170578.64,,4.29,0,3452,10,True,nid004308,57240770
SparseHNSW_a0.65_b4_s0x0,"M=32 efC=200 ef=30 alpha=0.65 beta=4 q=u8",64,0.8883256083,0.9615,124.9959,1.0107,0.0000,0.020177,"0.020102;0.020161;0.020177;0.020184;0.020286",5.845017,171085.89,,4.29,0,3452,10,True,nid004308,57240770
SparseHNSW_a0.65_b4_s0x0,"M=32 efC=200 ef=35 alpha=0.65 beta=4 q=u8",64,0.8883256083,0.9615,124.9959,1.0107,0.0000,0.020166,"0.020150;0.020260;0.020166;0.020195;0.020152",5.841831,171179.21,,4.29,0,3452,10,True,nid004308,57240770
SparseHNSW_a0.65_b4_s0x0,"M=32 efC=200 ef=40 alpha=0.65 beta=4 q=u8",64,0.8883256083,0.9615,124.9959,1.0107,0.0000,0.020126,"0.020100;0.020154;0.020126;0.020203;0.020121",5.830243,171519.43,,4.29,0,3452,10,True,nid004308,57240770
SparseHNSW_a0.65_b4_s0x0,"M=32 efC=200 ef=50 alpha=0.65 beta=4 q=u8",64,0.9017960603,0.9696,124.9959,1.0107,0.0000,0.024207,"0.024200;0.024207;0.024185;0.024219;0.024332",7.012457,142603.38,,4.29,0,3452,10,True,nid004308,57240770
SparseHNSW_a0.65_b4_s0x0,"M=32 efC=200 ef=60 alpha=0.65 beta=4 q=u8",64,0.9117902665,0.9748,124.9959,1.0107,0.0000,0.028136,"0.028150;0.028100;0.028063;0.028230;0.028136",8.150637,122689.79,,4.29,0,3452,10,True,nid004308,57240770
SparseHNSW_a0.65_b4_s0x0,"M=32 efC=200 ef=75 alpha=0.65 beta=4 q=u8",64,0.9219582851,0.9817,124.9959,1.0107,0.0000,0.033861,"0.033861;0.033731;0.033831;0.033879;0.034043",9.809096,101946.19,,4.29,0,3452,10,True,nid004308,57240770
SparseHNSW_a0.65_b4_s0x0,"M=32 efC=200 ef=100 alpha=0.65 beta=4 q=u8",64,0.9314889919,0.9864,124.9959,1.0107,0.0000,0.043330,"0.043253;0.043304;0.043330;0.043434;0.043432",12.552144,79667.67,,4.29,0,3452,10,True,nid004308,57240770
SparseHNSW_a0.65_b5_s0x0,"M=32 efC=200 ef=10 alpha=0.65 beta=5 q=u8",64,0.9085168019,0.9696,124.9959,1.0107,0.0000,0.024784,"0.025210;0.024973;0.024741;0.024670;0.024784",7.179606,139283.41,,4.29,0,3452,10,True,nid004308,57240770
SparseHNSW_a0.65_b5_s0x0,"M=32 efC=200 ef=20 alpha=0.65 beta=5 q=u8",64,0.9085168019,0.9696,124.9959,1.0107,0.0000,0.024669,"0.024748;0.024734;0.024630;0.024669;0.024652",7.146292,139932.71,,4.29,0,3452,10,True,nid004308,57240770
SparseHNSW_a0.65_b5_s0x0,"M=32 efC=200 ef=25 alpha=0.65 beta=5 q=u8",64,0.9085168019,0.9696,124.9959,1.0107,0.0000,0.024553,"0.024553;0.024553;0.024644;0.024589;0.024530",7.112688,140593.82,,4.29,0,3452,10,True,nid004308,57240770
SparseHNSW_a0.65_b5_s0x0,"M=32 efC=200 ef=30 alpha=0.65 beta=5 q=u8",64,0.9085168019,0.9696,124.9959,1.0107,0.0000,0.024570,"0.024570;0.024646;0.024460;0.024547;0.024717",7.117613,140496.54,,4.29,0,3452,10,True,nid004308,57240770
SparseHNSW_a0.65_b5_s0x0,"M=32 efC=200 ef=35 alpha=0.65 beta=5 q=u8",64,0.9085168019,0.9696,124.9959,1.0107,0.0000,0.024586,"0.024593;0.024508;0.024586;0.024631;0.024548",7.122248,140405.11,,4.29,0,3452,10,True,nid004308,57240770
SparseHNSW_a0.65_b5_s0x0,"M=32 efC=200 ef=40 alpha=0.65 beta=5 q=u8",64,0.9085168019,0.9696,124.9959,1.0107,0.0000,0.024558,"0.024558;0.024613;0.024486;0.024463;0.024590",7.114137,140565.19,,4.29,0,3452,10,True,nid004308,57240770
SparseHNSW_a0.65_b5_s0x0,"M=32 efC=200 ef=50 alpha=0.65 beta=5 q=u8",64,0.9085168019,0.9696,124.9959,1.0107,0.0000,0.024538,"0.024570;0.024538;0.024523;0.024443;0.024594",7.108343,140679.76,,4.29,0,3452,10,True,nid004308,57240770
SparseHNSW_a0.65_b5_s0x0,"M=32 efC=200 ef=60 alpha=0.65 beta=5 q=u8",64,0.9184820394,0.9748,124.9959,1.0107,0.0000,0.028485,"0.028485;0.028403;0.028457;0.028494;0.028485",8.251738,121186.59,,4.29,0,3452,10,True,nid004308,57240770
SparseHNSW_a0.65_b5_s0x0,"M=32 efC=200 ef=75 alpha=0.65 beta=5 q=u8",64,0.9289107764,0.9817,124.9959,1.0107,0.0000,0.034151,"0.034277;0.034197;0.034074;0.034151;0.034031",9.893105,101080.50,,4.29,0,3452,10,True,nid004308,57240770
SparseHNSW_a0.65_b5_s0x0,"M=32 efC=200 ef=100 alpha=0.65 beta=5 q=u8",64,0.9389049826,0.9864,124.9959,1.0107,0.0000,0.043660,"0.043664;0.043758;0.043475;0.043660;0.043576",12.647740,79065.51,,4.29,0,3452,10,True,nid004308,57240770
SparseHNSW_a0.65_b1_s8x4,"M=32 efC=200 ef=10 alpha=0.65 beta=1 q=u8 seedT=8 seedH=8 seedS=4",64,0.7273754345,0.5984,124.9959,1.0107,0.0000,0.014417,"0.014869;0.014502;0.014417;0.014301;0.014201",4.176419,239439.55,,4.29,0,3452,10,True,nid004308,57240770
SparseHNSW_a0.65_b1_s8x4,"M=32 efC=200 ef=20 alpha=0.65 beta=1 q=u8 seedT=8 seedH=8 seedS=4",64,0.7273754345,0.5984,124.9959,1.0107,0.0000,0.014098,"0.014174;0.014083;0.014180;0.014098;0.014092",4.084009,244857.43,,4.29,0,3452,10,True,nid004308,57240770
SparseHNSW_a0.65_b1_s8x4,"M=32 efC=200 ef=25 alpha=0.65 beta=1 q=u8 seedT=8 seedH=8 seedS=4",64,0.7273754345,0.5984,124.9959,1.0107,0.0000,0.013977,"0.014028;0.013984;0.013953;0.013966;0.013977",4.048957,246977.18,,4.29,0,3452,10,True,nid004308,57240770
SparseHNSW_a0.65_b1_s8x4,"M=32 efC=200 ef=30 alpha=0.65 beta=1 q=u8 seedT=8 seedH=8 seedS=4",64,0.7274333720,0.5986,124.9959,1.0107,0.0000,0.013963,"0.013931;0.013967;0.013966;0.013960;0.013963",4.044902,247224.81,,4.29,0,3452,10,True,nid004308,57240770
SparseHNSW_a0.65_b1_s8x4,"M=32 efC=200 ef=35 alpha=0.65 beta=1 q=u8 seedT=8 seedH=8 seedS=4",64,0.7296349942,0.6005,124.9959,1.0107,0.0000,0.014951,"0.014987;0.014967;0.014927;0.014907;0.014951",4.331112,230887.57,,4.29,0,3452,10,True,nid004308,57240770
SparseHNSW_a0.65_b1_s8x4,"M=32 efC=200 ef=40 alpha=0.65 beta=1 q=u8 seedT=8 seedH=8 seedS=4",64,0.7335457706,0.6050,124.9959,1.0107,0.0000,0.016830,"0.016844;0.016895;0.016829;0.016817;0.016830",4.875435,205109.92,,4.29,0,3452,10,True,nid004308,57240770
SparseHNSW_a0.65_b1_s8x4,"M=32 efC=200 ef=50 alpha=0.65 beta=1 q=u8 seedT=8 seedH=8 seedS=4",64,0.7384125145,0.6094,124.9959,1.0107,0.0000,0.020828,"0.020863;0.020829;0.020828;0.020777;0.020751",6.033604,165738.43,,4.29,0,3452,10,True,nid004308,57240770
SparseHNSW_a0.65_b1_s8x4,"M=32 efC=200 ef=60 alpha=0.65 beta=1 q=u8 seedT=8 seedH=8 seedS=4",64,0.7432792584,0.6156,124.9959,1.0107,0.0000,0.024635,"0.024691;0.024635;0.024676;0.024595;0.024517",7.136443,140125.84,,4.29,0,3452,10,True,nid004308,57240770
SparseHNSW_a0.65_b1_s8x4,"M=32 efC=200 ef=75 alpha=0.65 beta=1 q=u8 seedT=8 seedH=8 seedS=4",64,0.7471610660,0.6174,124.9959,1.0107,0.0000,0.030315,"0.030300;0.030282;0.030315;0.030416;0.030324",8.781866,113871.02,,4.29,0,3452,10,True,nid004308,57240770
SparseHNSW_a0.65_b1_s8x4,"M=32 efC=200 ef=100 alpha=0.65 beta=1 q=u8 seedT=8 seedH=8 seedS=4",64,0.7501738123,0.6184,124.9959,1.0107,0.0000,0.039663,"0.039739;0.039628;0.039747;0.039631;0.039663",11.489861,87033.26,,4.29,0,3452,10,True,nid004308,57240770
SparseHNSW_a0.65_b2_s8x4,"M=32 efC=200 ef=10 alpha=0.65 beta=2 q=u8 seedT=8 seedH=8 seedS=4",64,0.8591541136,0.9812,124.9959,1.0107,0.0000,0.015133,"0.015549;0.015276;0.015131;0.015133;0.015085",4.383835,228110.75,,4.29,0,3452,10,True,nid004308,57240770
SparseHNSW_a0.65_b2_s8x4,"M=32 efC=200 ef=20 alpha=0.65 beta=2 q=u8 seedT=8 seedH=8 seedS=4",64,0.8591541136,0.9812,124.9959,1.0107,0.0000,0.014876,"0.014964;0.014959;0.014861;0.014836;0.014876",4.309386,232051.63,,4.29,0,3452,10,True,nid004308,57240770
SparseHNSW_a0.65_b2_s8x4,"M=32 efC=200 ef=25 alpha=0.65 beta=2 q=u8 seedT=8 seedH=8 seedS=4",64,0.8591541136,0.9812,124.9959,1.0107,0.0000,0.014803,"0.014833;0.014806;0.014777;0.014798;0.014803",4.288239,233195.97,,4.29,0,3452,10,True,nid004308,57240770
SparseHNSW_a0.65_b2_s8x4,"M=32 efC=200 ef=30 alpha=0.65 beta=2 q=u8 seedT=8 seedH=8 seedS=4",64,0.8591830823,0.9812,124.9959,1.0107,0.0000,0.014783,"0.014783;0.014717;0.014834;0.014739;0.014800",4.282445,233511.47,,4.29,0,3452,10,True,nid004308,57240770
SparseHNSW_a0.65_b2_s8x4,"M=32 efC=200 ef=35 alpha=0.65 beta=2 q=u8 seedT=8 seedH=8 seedS=4",64,0.8624565469,0.9826,124.9959,1.0107,0.0000,0.015777,"0.015789;0.015813;0.015730;0.015742;0.015777",4.570394,218799.52,,4.29,0,3452,10,True,nid004308,57240770
SparseHNSW_a0.65_b2_s8x4,"M=32 efC=200 ef=40 alpha=0.65 beta=2 q=u8 seedT=8 seedH=8 seedS=4",64,0.8680475087,0.9855,124.9959,1.0107,0.0000,0.017677,"0.017677;0.017733;0.017726;0.017656;0.017591",5.120800,195282.00,,4.29,0,3452,10,True,nid004308,57240770
SparseHNSW_a0.65_b2_s8x4,"M=32 efC=200 ef=50 alpha=0.65 beta=2 q=u8 seedT=8 seedH=8 seedS=4",64,0.8742757822,0.9881,124.9959,1.0107,0.0000,0.021640,"0.021657;0.021621;0.021660;0.021625;0.021640",6.268830,159519.41,,4.29,0,3452,10,True,nid004308,57240770
SparseHNSW_a0.65_b2_s8x4,"M=32 efC=200 ef=60 alpha=0.65 beta=2 q=u8 seedT=8 seedH=8 seedS=4",64,0.8804171495,0.9904,124.9959,1.0107,0.0000,0.025495,"0.025635;0.025497;0.025359;0.025387;0.025495",7.385574,135399.10,,4.29,0,3452,10,True,nid004308,57240770
SparseHNSW_a0.65_b2_s8x4,"M=32 efC=200 ef=75 alpha=0.65 beta=2 q=u8 seedT=8 seedH=8 seedS=4",64,0.8853418308,0.9928,124.9959,1.0107,0.0000,0.031148,"0.031171;0.031152;0.031148;0.031133;0.031091",9.023175,110825.74,,4.29,0,3452,10,True,nid004308,57240770
SparseHNSW_a0.65_b2_s8x4,"M=32 efC=200 ef=100 alpha=0.65 beta=2 q=u8 seedT=8 seedH=8 seedS=4",64,0.8901506373,0.9942,124.9959,1.0107,0.0000,0.040522,"0.040522;0.040489;0.040463;0.040608;0.040637",11.738702,85188.29,,4.29,0,3452,10,True,nid004308,57240770
SparseHNSW_a0.65_b3_s8x4,"M=32 efC=200 ef=10 alpha=0.65 beta=3 q=u8 seedT=8 seedH=8 seedS=4",64,0.8903244496,0.9812,124.9959,1.0107,0.0000,0.015515,"0.015948;0.015614;0.015515;0.015420;0.015406",4.494496,222494.36,,4.29,0,3452,10,True,nid004308,57240770
SparseHNSW_a0.65_b3_s8x4,"M=32 efC=200 ef=20 alpha=0.65 beta=3 q=u8 seedT=8 seedH=8 seedS=4",64,0.8903244496,0.9812,124.9959,1.0107,0.0000,0.015258,"0.015284;0.015319;0.015258;0.015193;0.015167",4.420046,226241.97,,4.29,0,3452,10,True,nid004308,57240770
SparseHNSW_a0.65_b3_s8x4,"M=32 efC=200 ef=25 alpha=0.65 beta=3 q=u8 seedT=8 seedH=8 seedS=4",64,0.8903244496,0.9812,124.9959,1.0107,0.0000,0.015167,"0.015184;0.015203;0.015167;0.015130;0.015135",4.393685,227599.39,,4.29,0,3452,10,True,nid004308,57240770
SparseHNSW_a0.65_b3_s8x4,"M=32 efC=200 ef=30 alpha=0.65 beta=3 q=u8 seedT=8 seedH=8 seedS=4",64,0.8903244496,0.9812,124.9959,1.0107,0.0000,0.015170,"0.015118;0.015141;0.015189;0.015170;0.015215",4.394554,227554.38,,4.29,0,3452,10,True,nid004308,57240770
SparseHNSW_a0.65_b3_s8x4,"M=32 efC=200 ef=35 alpha=0.65 beta=3 q=u8 seedT=8 seedH=8 seedS=4",64,0.8939165701,0.9826,124.9959,1.0107,0.0000,0.016162,"0.016127;0.016188;0.016250;0.016162;0.016091",4.681924,213587.43,,4.29,0,3452,10,True,nid004308,57240770
SparseHNSW_a0.65_b3_s8x4,"M=32 efC=200 ef=40 alpha=0.65 beta=3 q=u8 seedT=8 seedH=8 seedS=4",64,0.9000289687,0.9855,124.9959,1.0107,0.0000,0.018028,"0.018032;0.018027;0.017998;0.018028;0.018034",5.222480,191479.92,,4.29,0,3452,10,True,nid004308,57240770
SparseHNSW_a0.65_b3_s8x4,"M=32 efC=200 ef=50 alpha=0.65 beta=3 q=u8 seedT=8 seedH=8 seedS=4",64,0.9075028969,0.9881,124.9959,1.0107,0.0000,0.022041,"0.022113;0.022041;0.022043;0.022017;0.021913",6.384994,156617.21,,4.29,0,3452,10,True,nid004308,57240770
SparseHNSW_a0.65_b3_s8x4,"M=32 efC=200 ef=60 alpha=0.65 beta=3 q=u8 seedT=8 seedH=8 seedS=4",64,0.9145133256,0.9904,124.9959,1.0107,0.0000,0.025828,"0.025786;0.025795;0.025855;0.025828;0.025905",7.482039,133653.40,,4.29,0,3452,10,True,nid004308,57240770
SparseHNSW_a0.65_b3_s8x4,"M=32 efC=200 ef=75 alpha=0.65 beta=3 q=u8 seedT=8 seedH=8 seedS=4",64,0.9203650058,0.9928,124.9959,1.0107,0.0000,0.031551,"0.031551;0.031583;0.031506;0.031368;0.031675",9.139919,109410.16,,4.29,0,3452,10,True,nid004308,57240770
SparseHNSW_a0.65_b3_s8x4,"M=32 efC=200 ef=100 alpha=0.65 beta=3 q=u8 seedT=8 seedH=8 seedS=4",64,0.9258400927,0.9942,124.9959,1.0107,0.0000,0.040846,"0.040846;0.041021;0.040892;0.040729;0.040833",11.832561,84512.56,,4.29,0,3452,10,True,nid004308,57240770
SparseHNSW_a0.65_b4_s8x4,"M=32 efC=200 ef=10 alpha=0.65 beta=4 q=u8 seedT=8 seedH=8 seedS=4",64,0.9124565469,0.9855,124.9959,1.0107,0.0000,0.018779,"0.019059;0.018926;0.018779;0.018685;0.018600",5.440035,183822.35,,4.29,0,3452,10,True,nid004308,57240770
SparseHNSW_a0.65_b4_s8x4,"M=32 efC=200 ef=20 alpha=0.65 beta=4 q=u8 seedT=8 seedH=8 seedS=4",64,0.9124565469,0.9855,124.9959,1.0107,0.0000,0.018470,"0.018553;0.018470;0.018416;0.018467;0.018478",5.350521,186897.67,,4.29,0,3452,10,True,nid004308,57240770
SparseHNSW_a0.65_b4_s8x4,"M=32 efC=200 ef=25 alpha=0.65 beta=4 q=u8 seedT=8 seedH=8 seedS=4",64,0.9124565469,0.9855,124.9959,1.0107,0.0000,0.018366,"0.018458;0.018366;0.018362;0.018390;0.018346",5.320394,187956.01,,4.29,0,3452,10,True,nid004308,57240770
SparseHNSW_a0.65_b4_s8x4,"M=32 efC=200 ef=30 alpha=0.65 beta=4 q=u8 seedT=8 seedH=8 seedS=4",64,0.9124565469,0.9855,124.9959,1.0107,0.0000,0.018317,"0.018317;0.018407;0.018274;0.018348;0.018279",5.306199,188458.81,,4.29,0,3452,10,True,nid004308,57240770
SparseHNSW_a0.65_b4_s8x4,"M=32 efC=200 ef=35 alpha=0.65 beta=4 q=u8 seedT=8 seedH=8 seedS=4",64,0.9124565469,0.9855,124.9959,1.0107,0.0000,0.018279,"0.018279;0.018336;0.018273;0.018277;0.018383",5.295191,188850.59,,4.29,0,3452,10,True,nid004308,57240770
SparseHNSW_a0.65_b4_s8x4,"M=32 efC=200 ef=40 alpha=0.65 beta=4 q=u8 seedT=8 seedH=8 seedS=4",64,0.9124565469,0.9855,124.9959,1.0107,0.0000,0.018368,"0.018374;0.018368;0.018331;0.018297;0.018374",5.320973,187935.54,,4.29,0,3452,10,True,nid004308,57240770
SparseHNSW_a0.65_b4_s8x4,"M=32 efC=200 ef=50 alpha=0.65 beta=4 q=u8 seedT=8 seedH=8 seedS=4",64,0.9205388181,0.9881,124.9959,1.0107,0.0000,0.022280,"0.022352;0.022335;0.022209;0.022280;0.022235",6.454229,154937.16,,4.29,0,3452,10,True,nid004308,57240770
SparseHNSW_a0.65_b4_s8x4,"M=32 efC=200 ef=60 alpha=0.65 beta=4 q=u8 seedT=8 seedH=8 seedS=4",64,0.9281575898,0.9904,124.9959,1.0107,0.0000,0.026133,"0.026133;0.026143;0.026098;0.026013;0.026196",7.570394,132093.52,,4.29,0,3452,10,True,nid004308,57240770
SparseHNSW_a0.65_b4_s8x4,"M=32 efC=200 ef=75 alpha=0.65 beta=4 q=u8 seedT=8 seedH=8 seedS=4",64,0.9344148320,0.9928,124.9959,1.0107,0.0000,0.031880,"0.031857;0.031897;0.031874;0.031946;0.031880",9.235226,108281.05,,4.29,0,3452,10,True,nid004308,57240770
SparseHNSW_a0.65_b4_s8x4,"M=32 efC=200 ef=100 alpha=0.65 beta=4 q=u8 seedT=8 seedH=8 seedS=4",64,0.9403534183,0.9942,124.9959,1.0107,0.0000,0.041133,"0.041316;0.041133;0.041158;0.041033;0.041130",11.915701,83922.88,,4.29,0,3452,10,True,nid004308,57240770
SparseHNSW_a0.65_b5_s8x4,"M=32 efC=200 ef=10 alpha=0.65 beta=5 q=u8 seedT=8 seedH=8 seedS=4",64,0.9273464658,0.9881,124.9959,1.0107,0.0000,0.022902,"0.023135;0.022932;0.022880;0.022902;0.022836",6.634415,150729.19,,4.29,0,3452,10,True,nid004308,57240770
SparseHNSW_a0.65_b5_s8x4,"M=32 efC=200 ef=20 alpha=0.65 beta=5 q=u8 seedT=8 seedH=8 seedS=4",64,0.9273464658,0.9881,124.9959,1.0107,0.0000,0.022680,"0.022924;0.022831;0.022680;0.022616;0.022661",6.570104,152204.59,,4.29,0,3452,10,True,nid004308,57240770
SparseHNSW_a0.65_b5_s8x4,"M=32 efC=200 ef=25 alpha=0.65 beta=5 q=u8 seedT=8 seedH=8 seedS=4",64,0.9273464658,0.9881,124.9959,1.0107,0.0000,0.022642,"0.022549;0.022699;0.022709;0.022616;0.022642",6.559096,152460.03,,4.29,0,3452,10,True,nid004308,57240770
SparseHNSW_a0.65_b5_s8x4,"M=32 efC=200 ef=30 alpha=0.65 beta=5 q=u8 seedT=8 seedH=8 seedS=4",64,0.9273464658,0.9881,124.9959,1.0107,0.0000,0.022530,"0.022661;0.022530;0.022524;0.022507;0.022532",6.526651,153217.93,,4.29,0,3452,10,True,nid004308,57240770
SparseHNSW_a0.65_b5_s8x4,"M=32 efC=200 ef=35 alpha=0.65 beta=5 q=u8 seedT=8 seedH=8 seedS=4",64,0.9273464658,0.9881,124.9959,1.0107,0.0000,0.022609,"0.022610;0.022520;0.022556;0.022676;0.022609",6.549537,152682.56,,4.29,0,3452,10,True,nid004308,57240770
SparseHNSW_a0.65_b5_s8x4,"M=32 efC=200 ef=40 alpha=0.65 beta=5 q=u8 seedT=8 seedH=8 seedS=4",64,0.9273464658,0.9881,124.9959,1.0107,0.0000,0.022595,"0.022526;0.022578;0.022595;0.022625;0.022613",6.545481,152777.16,,4.29,0,3452,10,True,nid004308,57240770
SparseHNSW_a0.65_b5_s8x4,"M=32 efC=200 ef=50 alpha=0.65 beta=5 q=u8 seedT=8 seedH=8 seedS=4",64,0.9273464658,0.9881,124.9959,1.0107,0.0000,0.022567,"0.022632;0.022647;0.022476;0.022567;0.022542",6.537370,152966.72,,4.29,0,3452,10,True,nid004308,57240770
SparseHNSW_a0.65_b5_s8x4,"M=32 efC=200 ef=60 alpha=0.65 beta=5 q=u8 seedT=8 seedH=8 seedS=4",64,0.9350231750,0.9904,124.9959,1.0107,0.0000,0.026450,"0.026592;0.026377;0.026483;0.026440;0.026450",7.662225,130510.40,,4.29,0,3452,10,True,nid004308,57240770
SparseHNSW_a0.65_b5_s8x4,"M=32 efC=200 ef=75 alpha=0.65 beta=5 q=u8 seedT=8 seedH=8 seedS=4",64,0.9415121669,0.9928,124.9959,1.0107,0.0000,0.032188,"0.032268;0.032050;0.032188;0.032220;0.032070",9.324450,107244.94,,4.29,0,3452,10,True,nid004308,57240770
SparseHNSW_a0.65_b5_s8x4,"M=32 efC=200 ef=100 alpha=0.65 beta=5 q=u8 seedT=8 seedH=8 seedS=4",64,0.9478563152,0.9942,124.9959,1.0107,0.0000,0.041667,"0.041667;0.041752;0.041716;0.041444;0.041485",12.070394,82847.34,,4.29,0,3452,10,True,nid004308,57240770
SparseHNSW_a0.7_b1_s0x0,"M=32 efC=200 ef=10 alpha=0.7 beta=1 q=u8",64,0.6217265353,0.4898,139.2847,0.8112,0.0000,0.006775,"0.008120;0.007491;0.006775;0.006637;0.006559",1.962630,509520.30,,4.34,0,3452,10,True,nid004308,57240770
SparseHNSW_a0.7_b1_s0x0,"M=32 efC=200 ef=20 alpha=0.7 beta=1 q=u8",64,0.7051564311,0.5702,139.2847,0.8112,0.0000,0.011772,"0.011835;0.011786;0.011772;0.011735;0.011646",3.410197,293238.19,,4.34,0,3452,10,True,nid004308,57240770
SparseHNSW_a0.7_b1_s0x0,"M=32 efC=200 ef=25 alpha=0.7 beta=1 q=u8",64,0.7202780997,0.5820,139.2847,0.8112,0.0000,0.013908,"0.014072;0.014041;0.013908;0.013843;0.013858",4.028969,248202.47,,4.34,0,3452,10,True,nid004308,57240770
SparseHNSW_a0.7_b1_s0x0,"M=32 efC=200 ef=30 alpha=0.7 beta=1 q=u8",64,0.7333719583,0.5963,139.2847,0.8112,0.0000,0.016143,"0.016274;0.016167;0.016128;0.016143;0.016118",4.676419,213838.82,,4.34,0,3452,10,True,nid004308,57240770
SparseHNSW_a0.7_b1_s0x0,"M=32 efC=200 ef=35 alpha=0.7 beta=1 q=u8",64,0.7420915411,0.6061,139.2847,0.8112,0.0000,0.018174,"0.018174;0.018292;0.018191;0.018057;0.018104",5.264774,189941.67,,4.34,0,3452,10,True,nid004308,57240770
SparseHNSW_a0.7_b1_s0x0,"M=32 efC=200 ef=40 alpha=0.7 beta=1 q=u8",64,0.7516801854,0.6160,139.2847,0.8112,0.0000,0.020254,"0.020319;0.020297;0.020254;0.020224;0.020119",5.867323,170435.47,,4.34,0,3452,10,True,nid004308,57240770
SparseHNSW_a0.7_b1_s0x0,"M=32 efC=200 ef=50 alpha=0.7 beta=1 q=u8",64,0.7600231750,0.6224,139.2847,0.8112,0.0000,0.024363,"0.024446;0.024363;0.024440;0.024319;0.024355",7.057648,141690.27,,4.34,0,3452,10,True,nid004308,57240770
SparseHNSW_a0.7_b1_s0x0,"M=32 efC=200 ef=60 alpha=0.7 beta=1 q=u8",64,0.7654403244,0.6270,139.2847,0.8112,0.0000,0.028427,"0.028426;0.028495;0.028292;0.028427;0.028428",8.234936,121433.85,,4.34,0,3452,10,True,nid004308,57240770
SparseHNSW_a0.7_b1_s0x0,"M=32 efC=200 ef=75 alpha=0.7 beta=1 q=u8",64,0.7730301275,0.6324,139.2847,0.8112,0.0000,0.034445,"0.034564;0.034445;0.034268;0.034478;0.034361",9.978273,100217.74,,4.34,0,3452,10,True,nid004308,57240770
SparseHNSW_a0.7_b1_s0x0,"M=32 efC=200 ef=100 alpha=0.7 beta=1 q=u8",64,0.7802433372,0.6387,139.2847,0.8112,0.0000,0.044515,"0.044436;0.044632;0.044423;0.044515;0.044518",12.895423,77546.89,,4.34,0,3452,10,True,nid004308,57240770
SparseHNSW_a0.7_b2_s0x0,"M=32 efC=200 ef=10 alpha=0.7 beta=2 q=u8",64,0.8112688297,0.9189,139.2847,0.8112,0.0000,0.012706,"0.013143;0.012837;0.012706;0.012619;0.012587",3.680765,271682.67,,4.34,0,3452,10,True,nid004308,57240770
SparseHNSW_a0.7_b2_s0x0,"M=32 efC=200 ef=20 alpha=0.7 beta=2 q=u8",64,0.8112688297,0.9189,139.2847,0.8112,0.0000,0.012544,"0.012582;0.012544;0.012548;0.012450;0.012378",3.633835,275191.33,,4.34,0,3452,10,True,nid004308,57240770
SparseHNSW_a0.7_b2_s0x0,"M=32 efC=200 ef=25 alpha=0.7 beta=2 q=u8",64,0.8318945539,0.9331,139.2847,0.8112,0.0000,0.014662,"0.014734;0.014661;0.014577;0.014672;0.014662",4.247393,235438.55,,4.34,0,3452,10,True,nid004308,57240770
SparseHNSW_a0.7_b2_s0x0,"M=32 efC=200 ef=30 alpha=0.7 beta=2 q=u8",64,0.8491019699,0.9447,139.2847,0.8112,0.0000,0.016862,"0.016919;0.016900;0.016833;0.016862;0.016844",4.884705,204720.67,,4.34,0,3452,10,True,nid004308,57240770
SparseHNSW_a0.7_b2_s0x0,"M=32 efC=200 ef=35 alpha=0.7 beta=2 q=u8",64,0.8601100811,0.9528,139.2847,0.8112,0.0000,0.018847,"0.019161;0.018961;0.018847;0.018845;0.018798",5.459733,183159.12,,4.34,0,3452,10,True,nid004308,57240770
SparseHNSW_a0.7_b2_s0x0,"M=32 efC=200 ef=40 alpha=0.7 beta=2 q=u8",64,0.8720451912,0.9621,139.2847,0.8112,0.0000,0.021019,"0.021019;0.021019;0.021116;0.020959;0.021015",6.088934,164232.36,,4.34,0,3452,10,True,nid004308,57240770
SparseHNSW_a0.7_b2_s0x0,"M=32 efC=200 ef=50 alpha=0.7 beta=2 q=u8",64,0.8829663963,0.9699,139.2847,0.8112,0.0000,0.025212,"0.025232;0.025322;0.025148;0.025212;0.025056",7.303592,136918.93,,4.34,0,3452,10,True,nid004308,57240770
SparseHNSW_a0.7_b2_s0x0,"M=32 efC=200 ef=60 alpha=0.7 beta=2 q=u8",64,0.8906141367,0.9742,139.2847,0.8112,0.0000,0.029113,"0.029277;0.029241;0.029040;0.029086;0.029113",8.433662,118572.46,,4.34,0,3452,10,True,nid004308,57240770
SparseHNSW_a0.7_b2_s0x0,"M=32 efC=200 ef=75 alpha=0.7 beta=2 q=u8",64,0.9004345307,0.9809,139.2847,0.8112,0.0000,0.035171,"0.035171;0.035314;0.035110;0.035174;0.035125",10.188586,98149.04,,4.34,0,3452,10,True,nid004308,57240770
SparseHNSW_a0.7_b2_s0x0,"M=32 efC=200 ef=100 alpha=0.7 beta=2 q=u8",64,0.9095307068,0.9873,139.2847,0.8112,0.0000,0.045393,"0.045180;0.045346;0.045393;0.045452;0.045434",13.149768,76046.97,,4.34,0,3452,10,True,nid004308,57240770
SparseHNSW_a0.7_b3_s0x0,"M=32 efC=200 ef=10 alpha=0.7 beta=3 q=u8",64,0.8703070684,0.9447,139.2847,0.8112,0.0000,0.017484,"0.017955;0.017752;0.017484;0.017369;0.017262",5.064890,197437.66,,4.34,0,3452,10,True,nid004308,57240770
SparseHNSW_a0.7_b3_s0x0,"M=32 efC=200 ef=20 alpha=0.7 beta=3 q=u8",64,0.8703070684,0.9447,139.2847,0.8112,0.0000,0.017207,"0.017272;0.017207;0.017291;0.017178;0.017160",4.984647,200616.03,,4.34,0,3452,10,True,nid004308,57240770
SparseHNSW_a0.7_b3_s0x0,"M=32 efC=200 ef=25 alpha=0.7 beta=3 q=u8",64,0.8703070684,0.9447,139.2847,0.8112,0.0000,0.017117,"0.017154;0.017170;0.017117;0.017015;0.016990",4.958575,201670.85,,4.34,0,3452,10,True,nid004308,57240770
SparseHNSW_a0.7_b3_s0x0,"M=32 efC=200 ef=30 alpha=0.7 beta=3 q=u8",64,0.8703070684,0.9447,139.2847,0.8112,0.0000,0.017060,"0.017193;0.017060;0.017013;0.017121;0.017059",4.942063,202344.67,,4.34,0,3452,10,True,nid004308,57240770
SparseHNSW_a0.7_b3_s0x0,"M=32 efC=200 ef=35 alpha=0.7 beta=3 q=u8",64,0.8820683662,0.9528,139.2847,0.8112,0.0000,0.019183,"0.019274;0.019182;0.019083;0.019196;0.019183",5.557068,179951.00,,4.34,0,3452,10,True,nid004308,57240770
SparseHNSW_a0.7_b3_s0x0,"M=32 efC=200 ef=40 alpha=0.7 beta=3 q=u8",64,0.8949015064,0.9621,139.2847,0.8112,0.0000,0.021391,"0.021314;0.021391;0.021397;0.021396;0.021349",6.196698,161376.28,,4.34,0,3452,10,True,nid004308,57240770
SparseHNSW_a0.7_b3_s0x0,"M=32 efC=200 ef=50 alpha=0.7 beta=3 q=u8",64,0.9064889919,0.9699,139.2847,0.8112,0.0000,0.025533,"0.025474;0.025533;0.025570;0.025596;0.025519",7.396582,135197.59,,4.34,0,3452,10,True,nid004308,57240770
SparseHNSW_a0.7_b3_s0x0,"M=32 efC=200 ef=60 alpha=0.7 beta=3 q=u8",64,0.9146292005,0.9742,139.2847,0.8112,0.0000,0.029563,"0.029557;0.029556;0.029563;0.029750;0.029569",8.564021,116767.58,,4.34,0,3452,10,True,nid004308,57240770
SparseHNSW_a0.7_b3_s0x0,"M=32 efC=200 ef=75 alpha=0.7 beta=3 q=u8",64,0.9251738123,0.9809,139.2847,0.8112,0.0000,0.035612,"0.035661;0.035569;0.035612;0.035564;0.035697",10.316338,96933.62,,4.34,0,3452,10,True,nid004308,57240770
SparseHNSW_a0.7_b3_s0x0,"M=32 efC=200 ef=100 alpha=0.7 beta=3 q=u8",64,0.9350811124,0.9873,139.2847,0.8112,0.0000,0.045658,"0.045569;0.045658;0.045556;0.045669;0.045782",13.226535,75605.59,,4.34,0,3452,10,True,nid004308,57240770
SparseHNSW_a0.7_b4_s0x0,"M=32 efC=200 ef=10 alpha=0.7 beta=4 q=u8",64,0.9024623407,0.9621,139.2847,0.8112,0.0000,0.022045,"0.022383;0.022239;0.022045;0.021939;0.021898",6.386153,156588.80,,4.34,0,3452,10,True,nid004308,57240770
SparseHNSW_a0.7_b4_s0x0,"M=32 efC=200 ef=20 alpha=0.7 beta=4 q=u8",64,0.9024623407,0.9621,139.2847,0.8112,0.0000,0.021726,"0.021725;0.021945;0.021726;0.021734;0.021696",6.293743,158887.97,,4.34,0,3452,10,True,nid004308,57240770
SparseHNSW_a0.7_b4_s0x0,"M=32 efC=200 ef=25 alpha=0.7 beta=4 q=u8",64,0.9024623407,0.9621,139.2847,0.8112,0.0000,0.021658,"0.021701;0.021645;0.021640;0.021721;0.021658",6.274044,159386.83,,4.34,0,3452,10,True,nid004308,57240770
SparseHNSW_a0.7_b4_s0x0,"M=32 efC=200 ef=30 alpha=0.7 beta=4 q=u8",64,0.9024623407,0.9621,139.2847,0.8112,0.0000,0.021713,"0.021675;0.021776;0.021625;0.021713;0.021731",6.289977,158983.10,,4.34,0,3452,10,True,nid004308,57240770
SparseHNSW_a0.7_b4_s0x0,"M=32 efC=200 ef=35 alpha=0.7 beta=4 q=u8",64,0.9024623407,0.9621,139.2847,0.8112,0.0000,0.021556,"0.021621;0.021656;0.021517;0.021556;0.021529",6.244496,160141.03,,4.34,0,3452,10,True,nid004308,57240770
SparseHNSW_a0.7_b4_s0x0,"M=32 efC=200 ef=40 alpha=0.7 beta=4 q=u8",64,0.9024623407,0.9621,139.2847,0.8112,0.0000,0.021617,"0.021592;0.021650;0.021617;0.021623;0.021446",6.262167,159689.13,,4.34,0,3452,10,True,nid004308,57240770
SparseHNSW_a0.7_b4_s0x0,"M=32 efC=200 ef=50 alpha=0.7 beta=4 q=u8",64,0.9145422943,0.9699,139.2847,0.8112,0.0000,0.025763,"0.025756;0.025763;0.025868;0.025858;0.025720",7.463210,133990.61,,4.34,0,3452,10,True,nid004308,57240770
SparseHNSW_a0.7_b4_s0x0,"M=32 efC=200 ef=60 alpha=0.7 beta=4 q=u8",64,0.9231170336,0.9742,139.2847,0.8112,0.0000,0.029923,"0.029860;0.029888;0.029923;0.029958;0.029967",8.668308,115362.76,,4.34,0,3452,10,True,nid004308,57240770
SparseHNSW_a0.7_b4_s0x0,"M=32 efC=200 ef=75 alpha=0.7 beta=4 q=u8",64,0.9339803013,0.9809,139.2847,0.8112,0.0000,0.035976,"0.036002;0.035976;0.035860;0.036065;0.035819",10.421784,95952.86,,4.34,0,3452,10,True,nid004308,57240770
SparseHNSW_a0.7_b4_s0x0,"M=32 efC=200 ef=100 alpha=0.7 beta=4 q=u8",64,0.9444959444,0.9873,139.2847,0.8112,0.0000,0.046015,"0.046015;0.046192;0.046107;0.045967;0.045880",13.329954,75019.02,,4.34,0,3452,10,True,nid004308,57240770
SparseHNSW_a0.7_b5_s0x0,"M=32 efC=200 ef=10 alpha=0.7 beta=5 q=u8",64,0.9186268830,0.9699,139.2847,0.8112,0.0000,0.026436,"0.026631;0.026602;0.026436;0.026368;0.026282",7.658169,130579.51,,4.34,0,3452,10,True,nid004308,57240770
SparseHNSW_a0.7_b5_s0x0,"M=32 efC=200 ef=20 alpha=0.7 beta=5 q=u8",64,0.9186268830,0.9699,139.2847,0.8112,0.0000,0.026248,"0.026182;0.026248;0.026174;0.026304;0.026276",7.603708,131514.78,,4.34,0,3452,10,True,nid004308,57240770
SparseHNSW_a0.7_b5_s0x0,"M=32 efC=200 ef=25 alpha=0.7 beta=5 q=u8",64,0.9186268830,0.9699,139.2847,0.8112,0.0000,0.026200,"0.026239;0.026200;0.026267;0.026176;0.026197",7.589803,131755.73,,4.34,0,3452,10,True,nid004308,57240770
SparseHNSW_a0.7_b5_s0x0,"M=32 efC=200 ef=30 alpha=0.7 beta=5 q=u8",64,0.9186268830,0.9699,139.2847,0.8112,0.0000,0.026155,"0.026155;0.026144;0.026183;0.026109;0.026156",7.576767,131982.41,,4.34,0,3452,10,True,nid004308,57240770
SparseHNSW_a0.7_b5_s0x0,"M=32 efC=200 ef=35 alpha=0.7 beta=5 q=u8",64,0.9186268830,0.9699,139.2847,0.8112,0.0000,0.026129,"0.026195;0.026182;0.026092;0.026129;0.026100",7.569235,132113.74,,4.34,0,3452,10,True,nid004308,57240770
SparseHNSW_a0.7_b5_s0x0,"M=32 efC=200 ef=40 alpha=0.7 beta=5 q=u8",64,0.9186268830,0.9699,139.2847,0.8112,0.0000,0.026109,"0.026199;0.026062;0.026142;0.026082;0.026109",7.563441,132214.95,,4.34,0,3452,10,True,nid004308,57240770
SparseHNSW_a0.7_b5_s0x0,"M=32 efC=200 ef=50 alpha=0.7 beta=5 q=u8",64,0.9186268830,0.9699,139.2847,0.8112,0.0000,0.026072,"0.026051;0.026072;0.026145;0.026144;0.026029",7.552723,132402.58,,4.34,0,3452,10,True,nid004308,57240770
SparseHNSW_a0.7_b5_s0x0,"M=32 efC=200 ef=60 alpha=0.7 beta=5 q=u8",64,0.9274044032,0.9742,139.2847,0.8112,0.0000,0.030155,"0.030117;0.030175;0.030155;0.030051;0.030167",8.735516,114475.21,,4.34,0,3452,10,True,nid004308,57240770
SparseHNSW_a0.7_b5_s0x0,"M=32 efC=200 ef=75 alpha=0.7 beta=5 q=u8",64,0.9384125145,0.9809,139.2847,0.8112,0.0000,0.036321,"0.036217;0.036461;0.036321;0.036479;0.036209",10.521727,95041.44,,4.34,0,3452,10,True,nid004308,57240770
SparseHNSW_a0.7_b5_s0x0,"M=32 efC=200 ef=100 alpha=0.7 beta=5 q=u8",64,0.9492178447,0.9873,139.2847,0.8112,0.0000,0.046291,"0.046165;0.046343;0.046378;0.046291;0.046270",13.409907,74571.73,,4.34,0,3452,10,True,nid004308,57240770
SparseHNSW_a0.7_b1_s8x4,"M=32 efC=200 ef=10 alpha=0.7 beta=1 q=u8 seedT=8 seedH=8 seedS=4",64,0.7638180765,0.6218,139.2847,0.8112,0.0000,0.015364,"0.015971;0.015540;0.015364;0.015296;0.015217",4.450753,224681.07,,4.34,0,3452,10,True,nid004308,57240770
SparseHNSW_a0.7_b1_s8x4,"M=32 efC=200 ef=20 alpha=0.7 beta=1 q=u8 seedT=8 seedH=8 seedS=4",64,0.7638180765,0.6218,139.2847,0.8112,0.0000,0.015092,"0.015092;0.015098;0.015126;0.015091;0.015010",4.371958,228730.45,,4.34,0,3452,10,True,nid004308,57240770
SparseHNSW_a0.7_b1_s8x4,"M=32 efC=200 ef=25 alpha=0.7 beta=1 q=u8 seedT=8 seedH=8 seedS=4",64,0.7638180765,0.6218,139.2847,0.8112,0.0000,0.014943,"0.014919;0.014972;0.014935;0.014984;0.014943",4.328795,231011.18,,4.34,0,3452,10,True,nid004308,57240770
SparseHNSW_a0.7_b1_s8x4,"M=32 efC=200 ef=30 alpha=0.7 beta=1 q=u8 seedT=8 seedH=8 seedS=4",64,0.7638180765,0.6219,139.2847,0.8112,0.0000,0.014921,"0.014944;0.014921;0.014822;0.014812;0.014931",4.322422,231351.79,,4.34,0,3452,10,True,nid004308,57240770
SparseHNSW_a0.7_b1_s8x4,"M=32 efC=200 ef=35 alpha=0.7 beta=1 q=u8 seedT=8 seedH=8 seedS=4",64,0.7667728853,0.6248,139.2847,0.8112,0.0000,0.015953,"0.015998;0.016056;0.015934;0.015924;0.015953",4.621379,216385.63,,4.34,0,3452,10,True,nid004308,57240770
SparseHNSW_a0.7_b1_s8x4,"M=32 efC=200 ef=40 alpha=0.7 beta=1 q=u8 seedT=8 seedH=8 seedS=4",64,0.7721031286,0.6317,139.2847,0.8112,0.0000,0.018017,"0.018130;0.018017;0.017984;0.018034;0.017975",5.219293,191596.83,,4.34,0,3452,10,True,nid004308,57240770
SparseHNSW_a0.7_b1_s8x4,"M=32 efC=200 ef=50 alpha=0.7 beta=1 q=u8 seedT=8 seedH=8 seedS=4",64,0.7770567787,0.6350,139.2847,0.8112,0.0000,0.022149,"0.022219;0.022203;0.022149;0.022125;0.022104",6.416280,155853.54,,4.34,0,3452,10,True,nid004308,57240770
SparseHNSW_a0.7_b1_s8x4,"M=32 efC=200 ef=60 alpha=0.7 beta=1 q=u8 seedT=8 seedH=8 seedS=4",64,0.7816048667,0.6389,139.2847,0.8112,0.0000,0.026286,"0.026357;0.026222;0.026286;0.026182;0.026294",7.614716,131324.66,,4.34,0,3452,10,True,nid004308,57240770
SparseHNSW_a0.7_b1_s8x4,"M=32 efC=200 ef=75 alpha=0.7 beta=1 q=u8 seedT=8 seedH=8 seedS=4",64,0.7854866744,0.6419,139.2847,0.8112,0.0000,0.032281,"0.032425;0.032180;0.032272;0.032369;0.032281",9.351390,106935.97,,4.34,0,3452,10,True,nid004308,57240770
SparseHNSW_a0.7_b1_s8x4,"M=32 efC=200 ef=100 alpha=0.7 beta=1 q=u8 seedT=8 seedH=8 seedS=4",64,0.7892236385,0.6458,139.2847,0.8112,0.0000,0.042280,"0.042386;0.042213;0.042174;0.042280;0.042335",12.247972,81646.17,,4.34,0,3452,10,True,nid004308,57240770
SparseHNSW_a0.7_b2_s8x4,"M=32 efC=200 ef=10 alpha=0.7 beta=2 q=u8 seedT=8 seedH=8 seedS=4",64,0.8847624565,0.9809,139.2847,0.8112,0.0000,0.016198,"0.016577;0.016317;0.016198;0.016061;0.016075",4.692352,213112.73,,4.34,0,3452,10,True,nid004308,57240770
SparseHNSW_a0.7_b2_s8x4,"M=32 efC=200 ef=20 alpha=0.7 beta=2 q=u8 seedT=8 seedH=8 seedS=4",64,0.8847624565,0.9809,139.2847,0.8112,0.0000,0.015854,"0.015929;0.015926;0.015814;0.015775;0.015854",4.592700,217736.85,,4.34,0,3452,10,True,nid004308,57240770
SparseHNSW_a0.7_b2_s8x4,"M=32 efC=200 ef=25 alpha=0.7 beta=2 q=u8 seedT=8 seedH=8 seedS=4",64,0.8847624565,0.9809,139.2847,0.8112,0.0000,0.015772,"0.015810;0.015760;0.015780;0.015757;0.015772",4.568946,218868.88,,4.34,0,3452,10,True,nid004308,57240770
SparseHNSW_a0.7_b2_s8x4,"M=32 efC=200 ef=30 alpha=0.7 beta=2 q=u8 seedT=8 seedH=8 seedS=4",64,0.8847624565,0.9809,139.2847,0.8112,0.0000,0.015724,"0.015724;0.015738;0.015691;0.015723;0.015748",4.555041,219537.01,,4.34,0,3452,10,True,nid004308,57240770
SparseHNSW_a0.7_b2_s8x4,"M=32 efC=200 ef=35 alpha=0.7 beta=2 q=u8 seedT=8 seedH=8 seedS=4",64,0.8885573581,0.9832,139.2847,0.8112,0.0000,0.016721,"0.016812;0.016814;0.016690;0.016688;0.016721",4.843859,206446.98,,4.34,0,3452,10,True,nid004308,57240770
SparseHNSW_a0.7_b2_s8x4,"M=32 efC=200 ef=40 alpha=0.7 beta=2 q=u8 seedT=8 seedH=8 seedS=4",64,0.8953360371,0.9864,139.2847,0.8112,0.0000,0.018779,"0.018779;0.018818;0.018734;0.018812;0.018764",5.440035,183822.35,,4.34,0,3452,10,True,nid004308,57240770
SparseHNSW_a0.7_b2_s8x4,"M=32 efC=200 ef=50 alpha=0.7 beta=2 q=u8 seedT=8 seedH=8 seedS=4",64,0.9026651217,0.9893,139.2847,0.8112,0.0000,0.022952,"0.022978;0.022976;0.022952;0.022882;0.022866",6.648899,150400.84,,4.34,0,3452,10,True,nid004308,57240770
SparseHNSW_a0.7_b2_s8x4,"M=32 efC=200 ef=60 alpha=0.7 beta=2 q=u8 seedT=8 seedH=8 seedS=4",64,0.9090672074,0.9930,139.2847,0.8112,0.0000,0.027023,"0.027014;0.027101;0.027023;0.027149;0.026989",7.828216,127743.03,,4.34,0,3452,10,True,nid004308,57240770
SparseHNSW_a0.7_b2_s8x4,"M=32 efC=200 ef=75 alpha=0.7 beta=2 q=u8 seedT=8 seedH=8 seedS=4",64,0.9143395133,0.9948,139.2847,0.8112,0.0000,0.033041,"0.033258;0.033091;0.033005;0.033016;0.033041",9.571553,104476.26,,4.34,0,3452,10,True,nid004308,57240770
SparseHNSW_a0.7_b2_s8x4,"M=32 efC=200 ef=100 alpha=0.7 beta=2 q=u8 seedT=8 seedH=8 seedS=4",64,0.9197566628,0.9959,139.2847,0.8112,0.0000,0.043034,"0.043050;0.042999;0.043063;0.043034;0.042938",12.466396,80215.64,,4.34,0,3452,10,True,nid004308,57240770
SparseHNSW_a0.7_b3_s8x4,"M=32 efC=200 ef=10 alpha=0.7 beta=3 q=u8 seedT=8 seedH=8 seedS=4",64,0.9068655852,0.9809,139.2847,0.8112,0.0000,0.016520,"0.016891;0.016709;0.016520;0.016377;0.016392",4.785632,208958.84,,4.34,0,3452,10,True,nid004308,57240770
SparseHNSW_a0.7_b3_s8x4,"M=32 efC=200 ef=20 alpha=0.7 beta=3 q=u8 seedT=8 seedH=8 seedS=4",64,0.9068655852,0.9809,139.2847,0.8112,0.0000,0.016227,"0.016295;0.016287;0.016182;0.016191;0.016227",4.700753,212731.87,,4.34,0,3452,10,True,nid004308,57240770
SparseHNSW_a0.7_b3_s8x4,"M=32 efC=200 ef=25 alpha=0.7 beta=3 q=u8 seedT=8 seedH=8 seedS=4",64,0.9068655852,0.9809,139.2847,0.8112,0.0000,0.016140,"0.016064;0.016205;0.016140;0.016102;0.016311",4.675550,213878.56,,4.34,0,3452,10,True,nid004308,57240770
SparseHNSW_a0.7_b3_s8x4,"M=32 efC=200 ef=30 alpha=0.7 beta=3 q=u8 seedT=8 seedH=8 seedS=4",64,0.9068655852,0.9809,139.2847,0.8112,0.0000,0.016097,"0.016142;0.016119;0.016097;0.016069;0.016068",4.663094,214449.90,,4.34,0,3452,10,True,nid004308,57240770
SparseHNSW_a0.7_b3_s8x4,"M=32 efC=200 ef=35 alpha=0.7 beta=3 q=u8 seedT=8 seedH=8 seedS=4",64,0.9111239861,0.9832,139.2847,0.8112,0.0000,0.017103,"0.017103;0.017113;0.017067;0.017134;0.017103",4.954519,201835.94,,4.34,0,3452,10,True,nid004308,57240770
SparseHNSW_a0.7_b3_s8x4,"M=32 efC=200 ef=40 alpha=0.7 beta=3 q=u8 seedT=8 seedH=8 seedS=4",64,0.9190324450,0.9864,139.2847,0.8112,0.0000,0.019137,"0.019161;0.019048;0.019137;0.019153;0.019118",5.543743,180383.55,,4.34,0,3452,10,True,nid004308,57240770
SparseHNSW_a0.7_b3_s8x4,"M=32 efC=200 ef=50 alpha=0.7 beta=3 q=u8 seedT=8 seedH=8 seedS=4",64,0.9269698725,0.9893,139.2847,0.8112,0.0000,0.023224,"0.023323;0.023261;0.023224;0.023200;0.023212",6.727694,148639.34,,4.34,0,3452,10,True,nid004308,57240770
SparseHNSW_a0.7_b3_s8x4,"M=32 efC=200 ef=60 alpha=0.7 beta=3 q=u8 seedT=8 seedH=8 seedS=4",64,0.9340961761,0.9930,139.2847,0.8112,0.0000,0.027454,"0.027426;0.027374;0.027497;0.027461;0.027454",7.953071,125737.60,,4.34,0,3452,10,True,nid004308,57240770
SparseHNSW_a0.7_b3_s8x4,"M=32 efC=200 ef=75 alpha=0.7 beta=3 q=u8 seedT=8 seedH=8 seedS=4",64,0.9399188876,0.9948,139.2847,0.8112,0.0000,0.033513,"0.033592;0.033513;0.033524;0.033474;0.033381",9.708285,103004.80,,4.34,0,3452,10,True,nid004308,57240770
SparseHNSW_a0.7_b3_s8x4,"M=32 efC=200 ef=100 alpha=0.7 beta=3 q=u8 seedT=8 seedH=8 seedS=4",64,0.9460023175,0.9959,139.2847,0.8112,0.0000,0.043431,"0.043431;0.043370;0.043466;0.043459;0.043413",12.581402,79482.40,,4.34,0,3452,10,True,nid004308,57240770
SparseHNSW_a0.7_b4_s8x4,"M=32 efC=200 ef=10 alpha=0.7 beta=4 q=u8 seedT=8 seedH=8 seedS=4",64,0.9268829664,0.9864,139.2847,0.8112,0.0000,0.019872,"0.020348;0.019967;0.019872;0.019711;0.019706",5.756663,173711.76,,4.34,0,3452,10,True,nid004308,57240770
SparseHNSW_a0.7_b4_s8x4,"M=32 efC=200 ef=20 alpha=0.7 beta=4 q=u8 seedT=8 seedH=8 seedS=4",64,0.9268829664,0.9864,139.2847,0.8112,0.0000,0.019560,"0.019560;0.019518;0.019715;0.019543;0.019571",5.666280,176482.62,,4.34,0,3452,10,True,nid004308,57240770
SparseHNSW_a0.7_b4_s8x4,"M=32 efC=200 ef=25 alpha=0.7 beta=4 q=u8 seedT=8 seedH=8 seedS=4",64,0.9268829664,0.9864,139.2847,0.8112,0.0000,0.019471,"0.019654;0.019563;0.019471;0.019462;0.019429",5.640498,177289.30,,4.34,0,3452,10,True,nid004308,57240770
SparseHNSW_a0.7_b4_s8x4,"M=32 efC=200 ef=30 alpha=0.7 beta=4 q=u8 seedT=8 seedH=8 seedS=4",64,0.9268829664,0.9864,139.2847,0.8112,0.0000,0.019453,"0.019468;0.019453;0.019470;0.019436;0.019440",5.635284,177453.35,,4.34,0,3452,10,True,nid004308,57240770
SparseHNSW_a0.7_b4_s8x4,"M=32 efC=200 ef=35 alpha=0.7 beta=4 q=u8 seedT=8 seedH=8 seedS=4",64,0.9268829664,0.9864,139.2847,0.8112,0.0000,0.019460,"0.019510;0.019577;0.019460;0.019444;0.019394",5.637312,177389.52,,4.34,0,3452,10,True,nid004308,57240770
SparseHNSW_a0.7_b4_s8x4,"M=32 efC=200 ef=40 alpha=0.7 beta=4 q=u8 seedT=8 seedH=8 seedS=4",64,0.9268829664,0.9864,139.2847,0.8112,0.0000,0.019420,"0.019440;0.019310;0.019378;0.019420;0.019439",5.625724,177754.89,,4.34,0,3452,10,True,nid004308,57240770
SparseHNSW_a0.7_b4_s8x4,"M=32 efC=200 ef=50 alpha=0.7 beta=4 q=u8 seedT=8 seedH=8 seedS=4",64,0.9352259560,0.9893,139.2847,0.8112,0.0000,0.023605,"0.023629;0.023605;0.023586;0.023556;0.023628",6.838065,146240.20,,4.34,0,3452,10,True,nid004308,57240770
SparseHNSW_a0.7_b4_s8x4,"M=32 efC=200 ef=60 alpha=0.7 beta=4 q=u8 seedT=8 seedH=8 seedS=4",64,0.9426998841,0.9930,139.2847,0.8112,0.0000,0.027774,"0.027977;0.027774;0.027787;0.027741;0.027703",8.045771,124288.90,,4.34,0,3452,10,True,nid004308,57240770
SparseHNSW_a0.7_b4_s8x4,"M=32 efC=200 ef=75 alpha=0.7 beta=4 q=u8 seedT=8 seedH=8 seedS=4",64,0.9486674392,0.9948,139.2847,0.8112,0.0000,0.033828,"0.033828;0.033871;0.033861;0.033803;0.033663",9.799537,102045.64,,4.34,0,3452,10,True,nid004308,57240770
SparseHNSW_a0.7_b4_s8x4,"M=32 efC=200 ef=100 alpha=0.7 beta=4 q=u8 seedT=8 seedH=8 seedS=4",64,0.9553592121,0.9959,139.2847,0.8112,0.0000,0.043732,"0.043732;0.043781;0.043858;0.043639;0.043691",12.668598,78935.33,,4.34,0,3452,10,True,nid004308,57240770
SparseHNSW_a0.7_b5_s8x4,"M=32 efC=200 ef=10 alpha=0.7 beta=5 q=u8 seedT=8 seedH=8 seedS=4",64,0.9393395133,0.9893,139.2847,0.8112,0.0000,0.024155,"0.024548;0.024304;0.024155;0.024081;0.024108",6.997393,142910.37,,4.34,0,3452,10,True,nid004308,57240770
SparseHNSW_a0.7_b5_s8x4,"M=32 efC=200 ef=20 alpha=0.7 beta=5 q=u8 seedT=8 seedH=8 seedS=4",64,0.9393395133,0.9893,139.2847,0.8112,0.0000,0.024026,"0.024133;0.024086;0.024026;0.023985;0.023909",6.960023,143677.68,,4.34,0,3452,10,True,nid004308,57240770
SparseHNSW_a0.7_b5_s8x4,"M=32 efC=200 ef=25 alpha=0.7 beta=5 q=u8 seedT=8 seedH=8 seedS=4",64,0.9393395133,0.9893,139.2847,0.8112,0.0000,0.024033,"0.024033;0.023886;0.024083;0.024059;0.023871",6.962051,143635.83,,4.34,0,3452,10,True,nid004308,57240770
SparseHNSW_a0.7_b5_s8x4,"M=32 efC=200 ef=30 alpha=0.7 beta=5 q=u8 seedT=8 seedH=8 seedS=4",64,0.9393395133,0.9893,139.2847,0.8112,0.0000,0.023887,"0.023876;0.023883;0.023887;0.024010;0.023888",6.919757,144513.75,,4.34,0,3452,10,True,nid004308,57240770
SparseHNSW_a0.7_b5_s8x4,"M=32 efC=200 ef=35 alpha=0.7 beta=5 q=u8 seedT=8 seedH=8 seedS=4",64,0.9393395133,0.9893,139.2847,0.8112,0.0000,0.023860,"0.023826;0.023910;0.023828;0.023885;0.023860",6.911935,144677.28,,4.34,0,3452,10,True,nid004308,57240770
SparseHNSW_a0.7_b5_s8x4,"M=32 efC=200 ef=40 alpha=0.7 beta=5 q=u8 seedT=8 seedH=8 seedS=4",64,0.9393395133,0.9893,139.2847,0.8112,0.0000,0.023863,"0.023972;0.023863;0.023811;0.023930;0.023808",6.912804,144659.10,,4.34,0,3452,10,True,nid004308,57240770
SparseHNSW_a0.7_b5_s8x4,"M=32 efC=200 ef=50 alpha=0.7 beta=5 q=u8 seedT=8 seedH=8 seedS=4",64,0.9393395133,0.9893,139.2847,0.8112,0.0000,0.023846,"0.023840;0.023854;0.023846;0.023834;0.023883",6.907879,144762.22,,4.34,0,3452,10,True,nid004308,57240770
SparseHNSW_a0.7_b5_s8x4,"M=32 efC=200 ef=60 alpha=0.7 beta=5 q=u8 seedT=8 seedH=8 seedS=4",64,0.9471031286,0.9930,139.2847,0.8112,0.0000,0.028140,"0.028205;0.028140;0.028128;0.028100;0.028158",8.151796,122672.35,,4.34,0,3452,10,True,nid004308,57240770
SparseHNSW_a0.7_b5_s8x4,"M=32 efC=200 ef=75 alpha=0.7 beta=5 q=u8 seedT=8 seedH=8 seedS=4",64,0.9532444959,0.9948,139.2847,0.8112,0.0000,0.034196,"0.034236;0.034201;0.034104;0.034021;0.034196",9.906141,100947.48,,4.34,0,3452,10,True,nid004308,57240770
SparseHNSW_a0.7_b5_s8x4,"M=32 efC=200 ef=100 alpha=0.7 beta=5 q=u8 seedT=8 seedH=8 seedS=4",64,0.9601969873,0.9959,139.2847,0.8112,0.0000,0.044115,"0.044249;0.044115;0.043964;0.043985;0.044120",12.779548,78250.03,,4.34,0,3452,10,True,nid004308,57240770
SparseHNSW_a0.725_b1_s0x0,"M=32 efC=200 ef=10 alpha=0.725 beta=1 q=u8",64,0.6438876014,0.5077,146.7206,0.8219,0.0000,0.007047,"0.008325;0.007766;0.007047;0.006927;0.006874",2.041425,489853.84,,4.36,0,3452,10,True,nid004308,57240770
SparseHNSW_a0.725_b1_s0x0,"M=32 efC=200 ef=20 alpha=0.725 beta=1 q=u8",64,0.7245654693,0.5792,146.7206,0.8219,0.0000,0.012244,"0.012345;0.012273;0.012244;0.012132;0.012120",3.546929,281934.01,,4.36,0,3452,10,True,nid004308,57240770
SparseHNSW_a0.725_b1_s0x0,"M=32 efC=200 ef=25 alpha=0.725 beta=1 q=u8",64,0.7420625724,0.5968,146.7206,0.8219,0.0000,0.014364,"0.014513;0.014390;0.014364;0.014328;0.014328",4.161066,240323.03,,4.36,0,3452,10,True,nid004308,57240770
SparseHNSW_a0.725_b1_s0x0,"M=32 efC=200 ef=30 alpha=0.725 beta=1 q=u8",64,0.7526651217,0.6061,146.7206,0.8219,0.0000,0.016485,"0.016647;0.016485;0.016501;0.016394;0.016386",4.775492,209402.49,,4.36,0,3452,10,True,nid004308,57240770
SparseHNSW_a0.725_b1_s0x0,"M=32 efC=200 ef=35 alpha=0.725 beta=1 q=u8",64,0.7611239861,0.6152,146.7206,0.8219,0.0000,0.018556,"0.018556;0.018574;0.018579;0.018472;0.018552",5.375435,186031.47,,4.36,0,3452,10,True,nid004308,57240770
SparseHNSW_a0.725_b1_s0x0,"M=32 efC=200 ef=40 alpha=0.725 beta=1 q=u8",64,0.7678157590,0.6205,146.7206,0.8219,0.0000,0.020693,"0.020727;0.020693;0.020646;0.020753;0.020552",5.994496,166819.70,,4.36,0,3452,10,True,nid004308,57240770
SparseHNSW_a0.725_b1_s0x0,"M=32 efC=200 ef=50 alpha=0.725 beta=1 q=u8",64,0.7786210892,0.6313,146.7206,0.8219,0.0000,0.025047,"0.025030;0.025047;0.025145;0.025136;0.024943",7.255794,137820.90,,4.36,0,3452,10,True,nid004308,57240770
SparseHNSW_a0.725_b1_s0x0,"M=32 efC=200 ef=60 alpha=0.725 beta=1 q=u8",64,0.7842989571,0.6372,146.7206,0.8219,0.0000,0.029279,"0.029372;0.029273;0.029221;0.029279;0.029288",8.481750,117900.20,,4.36,0,3452,10,True,nid004308,57240770
SparseHNSW_a0.725_b1_s0x0,"M=32 efC=200 ef=75 alpha=0.725 beta=1 q=u8",64,0.7915701043,0.6448,146.7206,0.8219,0.0000,0.035566,"0.035568;0.035566;0.035561;0.035592;0.035469",10.303013,97058.99,,4.36,0,3452,10,True,nid004308,57240770
SparseHNSW_a0.725_b1_s0x0,"M=32 efC=200 ef=100 alpha=0.725 beta=1 q=u8",64,0.7995944380,0.6532,146.7206,0.8219,0.0000,0.045854,"0.045802;0.045839;0.045854;0.045878;0.045879",13.283314,75282.42,,4.36,0,3452,10,True,nid004308,57240770
SparseHNSW_a0.725_b2_s0x0,"M=32 efC=200 ef=10 alpha=0.725 beta=2 q=u8",64,0.8247103129,0.9262,146.7206,0.8219,0.0000,0.013196,"0.013582;0.013321;0.013196;0.013113;0.013000",3.822711,261594.42,,4.36,0,3452,10,True,nid004308,57240770
SparseHNSW_a0.725_b2_s0x0,"M=32 efC=200 ef=20 alpha=0.725 beta=2 q=u8",64,0.8247103129,0.9262,146.7206,0.8219,0.0000,0.012926,"0.012956;0.012963;0.012903;0.012908;0.012926",3.744496,267058.64,,4.36,0,3452,10,True,nid004308,57240770
SparseHNSW_a0.725_b2_s0x0,"M=32 efC=200 ef=25 alpha=0.725 beta=2 q=u8",64,0.8473928158,0.9393,146.7206,0.8219,0.0000,0.015085,"0.015242;0.015201;0.015085;0.015081;0.015055",4.369930,228836.59,,4.36,0,3452,10,True,nid004308,57240770
SparseHNSW_a0.725_b2_s0x0,"M=32 efC=200 ef=30 alpha=0.725 beta=2 q=u8",64,0.8612398610,0.9487,146.7206,0.8219,0.0000,0.017202,"0.017256;0.017244;0.017126;0.017051;0.017202",4.983198,200674.34,,4.36,0,3452,10,True,nid004308,57240770
SparseHNSW_a0.725_b2_s0x0,"M=32 efC=200 ef=35 alpha=0.725 beta=2 q=u8",64,0.8721031286,0.9560,146.7206,0.8219,0.0000,0.019327,"0.019344;0.019320;0.019304;0.019348;0.019327",5.598783,178610.23,,4.36,0,3452,10,True,nid004308,57240770
SparseHNSW_a0.725_b2_s0x0,"M=32 efC=200 ef=40 alpha=0.725 beta=2 q=u8",64,0.8800115875,0.9623,146.7206,0.8219,0.0000,0.021525,"0.021525;0.021596;0.021436;0.021454;0.021543",6.235516,160371.66,,4.36,0,3452,10,True,nid004308,57240770
SparseHNSW_a0.725_b2_s0x0,"M=32 efC=200 ef=50 alpha=0.725 beta=2 q=u8",64,0.8939165701,0.9710,146.7206,0.8219,0.0000,0.025806,"0.025868;0.025768;0.025806;0.025786;0.025840",7.475666,133767.34,,4.36,0,3452,10,True,nid004308,57240770
SparseHNSW_a0.725_b2_s0x0,"M=32 efC=200 ef=60 alpha=0.725 beta=2 q=u8",64,0.9011297798,0.9760,146.7206,0.8219,0.0000,0.029915,"0.029983;0.029915;0.029852;0.030178;0.029895",8.665991,115393.62,,4.36,0,3452,10,True,nid004308,57240770
SparseHNSW_a0.725_b2_s0x0,"M=32 efC=200 ef=75 alpha=0.725 beta=2 q=u8",64,0.9099652375,0.9809,146.7206,0.8219,0.0000,0.036301,"0.036322;0.036345;0.036301;0.036190;0.036271",10.515933,95093.80,,4.36,0,3452,10,True,nid004308,57240770
SparseHNSW_a0.725_b2_s0x0,"M=32 efC=200 ef=100 alpha=0.725 beta=2 q=u8",64,0.9204229432,0.9887,146.7206,0.8219,0.0000,0.046718,"0.046718;0.046770;0.046736;0.046561;0.046470",13.533604,73890.15,,4.36,0,3452,10,True,nid004308,57240770
SparseHNSW_a0.725_b3_s0x0,"M=32 efC=200 ef=10 alpha=0.725 beta=3 q=u8",64,0.8784183082,0.9487,146.7206,0.8219,0.0000,0.017898,"0.018279;0.017949;0.017898;0.017783;0.017644",5.184820,192870.71,,4.36,0,3452,10,True,nid004308,57240770
SparseHNSW_a0.725_b3_s0x0,"M=32 efC=200 ef=20 alpha=0.725 beta=3 q=u8",64,0.8784183082,0.9487,146.7206,0.8219,0.0000,0.017582,"0.017581;0.017587;0.017582;0.017588;0.017555",5.093279,196337.16,,4.36,0,3452,10,True,nid004308,57240770
SparseHNSW_a0.725_b3_s0x0,"M=32 efC=200 ef=25 alpha=0.725 beta=3 q=u8",64,0.8784183082,0.9487,146.7206,0.8219,0.0000,0.017430,"0.017589;0.017490;0.017423;0.017407;0.017430",5.049247,198049.34,,4.36,0,3452,10,True,nid004308,57240770
SparseHNSW_a0.725_b3_s0x0,"M=32 efC=200 ef=30 alpha=0.725 beta=3 q=u8",64,0.8784183082,0.9487,146.7206,0.8219,0.0000,0.017406,"0.017354;0.017436;0.017406;0.017405;0.017407",5.042294,198322.42,,4.36,0,3452,10,True,nid004308,57240770
SparseHNSW_a0.725_b3_s0x0,"M=32 efC=200 ef=35 alpha=0.725 beta=3 q=u8",64,0.8900926999,0.9560,146.7206,0.8219,0.0000,0.019625,"0.019643;0.019708;0.019625;0.019592;0.019595",5.685110,175898.09,,4.36,0,3452,10,True,nid004308,57240770
SparseHNSW_a0.725_b3_s0x0,"M=32 efC=200 ef=40 alpha=0.725 beta=3 q=u8",64,0.8987543453,0.9623,146.7206,0.8219,0.0000,0.021828,"0.021817;0.021828;0.021828;0.021885;0.021833",6.323291,158145.50,,4.36,0,3452,10,True,nid004308,57240770
SparseHNSW_a0.725_b3_s0x0,"M=32 efC=200 ef=50 alpha=0.725 beta=3 q=u8",64,0.9137022016,0.9710,146.7206,0.8219,0.0000,0.026157,"0.026162;0.026157;0.026214;0.026075;0.026115",7.577346,131972.32,,4.36,0,3452,10,True,nid004308,57240770
SparseHNSW_a0.725_b3_s0x0,"M=32 efC=200 ef=60 alpha=0.725 beta=3 q=u8",64,0.9216685979,0.9760,146.7206,0.8219,0.0000,0.030244,"0.030184;0.030244;0.030303;0.030207;0.030294",8.761298,114138.34,,4.36,0,3452,10,True,nid004308,57240770
SparseHNSW_a0.725_b3_s0x0,"M=32 efC=200 ef=75 alpha=0.725 beta=3 q=u8",64,0.9314310545,0.9809,146.7206,0.8219,0.0000,0.036626,"0.036747;0.036677;0.036626;0.036624;0.036543",10.610081,94249.99,,4.36,0,3452,10,True,nid004308,57240770
SparseHNSW_a0.725_b3_s0x0,"M=32 efC=200 ef=100 alpha=0.725 beta=3 q=u8",64,0.9424391657,0.9887,146.7206,0.8219,0.0000,0.046887,"0.046887;0.046823;0.047041;0.046807;0.046958",13.582561,73623.82,,4.36,0,3452,10,True,nid004308,57240770
SparseHNSW_a0.725_b4_s0x0,"M=32 efC=200 ef=10 alpha=0.725 beta=4 q=u8",64,0.9048377752,0.9623,146.7206,0.8219,0.0000,0.022420,"0.022764;0.022569;0.022420;0.022329;0.022332",6.494786,153969.67,,4.36,0,3452,10,True,nid004308,57240770
SparseHNSW_a0.725_b4_s0x0,"M=32 efC=200 ef=20 alpha=0.725 beta=4 q=u8",64,0.9048377752,0.9623,146.7206,0.8219,0.0000,0.022208,"0.022297;0.022228;0.022147;0.022208;0.022172",6.433372,155439.48,,4.36,0,3452,10,True,nid004308,57240770
SparseHNSW_a0.725_b4_s0x0,"M=32 efC=200 ef=25 alpha=0.725 beta=4 q=u8",64,0.9048377752,0.9623,146.7206,0.8219,0.0000,0.022112,"0.022136;0.022099;0.022163;0.022104;0.022112",6.405562,156114.33,,4.36,0,3452,10,True,nid004308,57240770
SparseHNSW_a0.725_b4_s0x0,"M=32 efC=200 ef=30 alpha=0.725 beta=4 q=u8",64,0.9048377752,0.9623,146.7206,0.8219,0.0000,0.022099,"0.022092;0.022104;0.022099;0.022094;0.022187",6.401796,156206.16,,4.36,0,3452,10,True,nid004308,57240770
SparseHNSW_a0.725_b4_s0x0,"M=32 efC=200 ef=35 alpha=0.725 beta=4 q=u8",64,0.9048377752,0.9623,146.7206,0.8219,0.0000,0.022029,"0.021995;0.022115;0.022026;0.022081;0.022029",6.381518,156702.53,,4.36,0,3452,10,True,nid004308,57240770
SparseHNSW_a0.725_b4_s0x0,"M=32 efC=200 ef=40 alpha=0.725 beta=4 q=u8",64,0.9048377752,0.9623,146.7206,0.8219,0.0000,0.022013,"0.021973;0.022013;0.022009;0.022030;0.022028",6.376883,156816.43,,4.36,0,3452,10,True,nid004308,57240770
SparseHNSW_a0.725_b4_s0x0,"M=32 efC=200 ef=50 alpha=0.725 beta=4 q=u8",64,0.9200753187,0.9710,146.7206,0.8219,0.0000,0.026489,"0.026489;0.026476;0.026449;0.026504;0.026502",7.673523,130318.25,,4.36,0,3452,10,True,nid004308,57240770
SparseHNSW_a0.725_b4_s0x0,"M=32 efC=200 ef=60 alpha=0.725 beta=4 q=u8",64,0.9283024334,0.9760,146.7206,0.8219,0.0000,0.030611,"0.030734;0.030611;0.030631;0.030575;0.030532",8.867613,112769.92,,4.36,0,3452,10,True,nid004308,57240770
SparseHNSW_a0.725_b4_s0x0,"M=32 efC=200 ef=75 alpha=0.725 beta=4 q=u8",64,0.9382097335,0.9809,146.7206,0.8219,0.0000,0.036972,"0.036987;0.037163;0.036906;0.036972;0.036889",10.710313,93367.95,,4.36,0,3452,10,True,nid004308,57240770
SparseHNSW_a0.725_b4_s0x0,"M=32 efC=200 ef=100 alpha=0.725 beta=4 q=u8",64,0.9494206257,0.9887,146.7206,0.8219,0.0000,0.047253,"0.047136;0.047296;0.047398;0.047242;0.047253",13.688586,73053.56,,4.36,0,3452,10,True,nid004308,57240770
SparseHNSW_a0.725_b5_s0x0,"M=32 efC=200 ef=10 alpha=0.725 beta=5 q=u8",64,0.9226825029,0.9710,146.7206,0.8219,0.0000,0.027031,"0.027324;0.027145;0.026979;0.026972;0.027031",7.830533,127705.23,,4.36,0,3452,10,True,nid004308,57240770
SparseHNSW_a0.725_b5_s0x0,"M=32 efC=200 ef=20 alpha=0.725 beta=5 q=u8",64,0.9226825029,0.9710,146.7206,0.8219,0.0000,0.026854,"0.026854;0.026852;0.026882;0.026693;0.026912",7.779258,128546.96,,4.36,0,3452,10,True,nid004308,57240770
SparseHNSW_a0.725_b5_s0x0,"M=32 efC=200 ef=25 alpha=0.725 beta=5 q=u8",64,0.9226825029,0.9710,146.7206,0.8219,0.0000,0.026833,"0.026813;0.026895;0.026833;0.026878;0.026800",7.773175,128647.56,,4.36,0,3452,10,True,nid004308,57240770
SparseHNSW_a0.725_b5_s0x0,"M=32 efC=200 ef=30 alpha=0.725 beta=5 q=u8",64,0.9226825029,0.9710,146.7206,0.8219,0.0000,0.026796,"0.026745;0.026825;0.026796;0.026779;0.026830",7.762457,128825.20,,4.36,0,3452,10,True,nid004308,57240770
SparseHNSW_a0.725_b5_s0x0,"M=32 efC=200 ef=35 alpha=0.725 beta=5 q=u8",64,0.9226825029,0.9710,146.7206,0.8219,0.0000,0.026755,"0.026709;0.026787;0.026723;0.026755;0.026767",7.750579,129022.61,,4.36,0,3452,10,True,nid004308,57240770
SparseHNSW_a0.725_b5_s0x0,"M=32 efC=200 ef=40 alpha=0.725 beta=5 q=u8",64,0.9226825029,0.9710,146.7206,0.8219,0.0000,0.026760,"0.026860;0.026907;0.026705;0.026709;0.026760",7.752028,128998.51,,4.36,0,3452,10,True,nid004308,57240770
SparseHNSW_a0.725_b5_s0x0,"M=32 efC=200 ef=50 alpha=0.725 beta=5 q=u8",64,0.9226825029,0.9710,146.7206,0.8219,0.0000,0.026784,"0.026782;0.026902;0.026784;0.026722;0.026909",7.758980,128882.92,,4.36,0,3452,10,True,nid004308,57240770
SparseHNSW_a0.725_b5_s0x0,"M=32 efC=200 ef=60 alpha=0.725 beta=5 q=u8",64,0.9312282735,0.9760,146.7206,0.8219,0.0000,0.030886,"0.031080;0.030958;0.030886;0.030869;0.030880",8.947277,111765.85,,4.36,0,3452,10,True,nid004308,57240770
SparseHNSW_a0.725_b5_s0x0,"M=32 efC=200 ef=75 alpha=0.725 beta=5 q=u8",64,0.9413673233,0.9809,146.7206,0.8219,0.0000,0.037277,"0.037338;0.037324;0.037221;0.037120;0.037277",10.798667,92604.02,,4.36,0,3452,10,True,nid004308,57240770
SparseHNSW_a0.725_b5_s0x0,"M=32 efC=200 ef=100 alpha=0.725 beta=5 q=u8",64,0.9529258401,0.9887,146.7206,0.8219,0.0000,0.047645,"0.047652;0.047516;0.047722;0.047645;0.047579",13.802144,72452.51,,4.36,0,3452,10,True,nid004308,57240770
SparseHNSW_a0.725_b1_s8x4,"M=32 efC=200 ef=10 alpha=0.725 beta=1 q=u8 seedT=8 seedH=8 seedS=4",64,0.7805040556,0.6273,146.7206,0.8219,0.0000,0.015951,"0.016556;0.016057;0.015951;0.015877;0.015729",4.620800,216412.76,,4.36,0,3452,10,True,nid004308,57240770
SparseHNSW_a0.725_b1_s8x4,"M=32 efC=200 ef=20 alpha=0.725 beta=1 q=u8 seedT=8 seedH=8 seedS=4",64,0.7805040556,0.6273,146.7206,0.8219,0.0000,0.015544,"0.015661;0.015603;0.015538;0.015544;0.015487",4.502897,222079.26,,4.36,0,3452,10,True,nid004308,57240770
SparseHNSW_a0.725_b1_s8x4,"M=32 efC=200 ef=25 alpha=0.725 beta=1 q=u8 seedT=8 seedH=8 seedS=4",64,0.7805040556,0.6273,146.7206,0.8219,0.0000,0.015467,"0.015529;0.015488;0.015441;0.015467;0.015431",4.480591,223184.85,,4.36,0,3452,10,True,nid004308,57240770
SparseHNSW_a0.725_b1_s8x4,"M=32 efC=200 ef=30 alpha=0.725 beta=1 q=u8 seedT=8 seedH=8 seedS=4",64,0.7805330243,0.6274,146.7206,0.8219,0.0000,0.015432,"0.015422;0.015447;0.015445;0.015432;0.015373",4.470452,223691.03,,4.36,0,3452,10,True,nid004308,57240770
SparseHNSW_a0.725_b1_s8x4,"M=32 efC=200 ef=35 alpha=0.725 beta=1 q=u8 seedT=8 seedH=8 seedS=4",64,0.7832271147,0.6311,146.7206,0.8219,0.0000,0.016498,"0.016509;0.016508;0.016454;0.016435;0.016498",4.779258,209237.48,,4.36,0,3452,10,True,nid004308,57240770
SparseHNSW_a0.725_b1_s8x4,"M=32 efC=200 ef=40 alpha=0.725 beta=1 q=u8 seedT=8 seedH=8 seedS=4",64,0.7870799537,0.6350,146.7206,0.8219,0.0000,0.018637,"0.018639;0.018646;0.018637;0.018599;0.018507",5.398899,185222.94,,4.36,0,3452,10,True,nid004308,57240770
SparseHNSW_a0.725_b1_s8x4,"M=32 efC=200 ef=50 alpha=0.725 beta=1 q=u8 seedT=8 seedH=8 seedS=4",64,0.7938876014,0.6438,146.7206,0.8219,0.0000,0.022769,"0.022905;0.022946;0.022769;0.022755;0.022740",6.595886,151609.64,,4.36,0,3452,10,True,nid004308,57240770
SparseHNSW_a0.725_b1_s8x4,"M=32 efC=200 ef=60 alpha=0.725 beta=1 q=u8 seedT=8 seedH=8 seedS=4",64,0.7995075319,0.6498,146.7206,0.8219,0.0000,0.027114,"0.027127;0.027159;0.027049;0.027114;0.027050",7.854577,127314.30,,4.36,0,3452,10,True,nid004308,57240770
SparseHNSW_a0.725_b1_s8x4,"M=32 efC=200 ef=75 alpha=0.725 beta=1 q=u8 seedT=8 seedH=8 seedS=4",64,0.8034472769,0.6530,146.7206,0.8219,0.0000,0.033364,"0.033293;0.033412;0.033441;0.033364;0.033272",9.665122,103464.81,,4.36,0,3452,10,True,nid004308,57240770
SparseHNSW_a0.725_b1_s8x4,"M=32 efC=200 ef=100 alpha=0.725 beta=1 q=u8 seedT=8 seedH=8 seedS=4",64,0.8066628042,0.6577,146.7206,0.8219,0.0000,0.043498,"0.043703;0.043609;0.043498;0.043478;0.043493",12.600811,79359.97,,4.36,0,3452,10,True,nid004308,57240770
SparseHNSW_a0.725_b2_s8x4,"M=32 efC=200 ef=10 alpha=0.725 beta=2 q=u8 seedT=8 seedH=8 seedS=4",64,0.8931054461,0.9817,146.7206,0.8219,0.0000,0.016610,"0.016970;0.016694;0.016610;0.016525;0.016544",4.811703,207826.61,,4.36,0,3452,10,True,nid004308,57240770
SparseHNSW_a0.725_b2_s8x4,"M=32 efC=200 ef=20 alpha=0.725 beta=2 q=u8 seedT=8 seedH=8 seedS=4",64,0.8931054461,0.9817,146.7206,0.8219,0.0000,0.016333,"0.016375;0.016307;0.016333;0.016337;0.016327",4.731460,211351.25,,4.36,0,3452,10,True,nid004308,57240770
SparseHNSW_a0.725_b2_s8x4,"M=32 efC=200 ef=25 alpha=0.725 beta=2 q=u8 seedT=8 seedH=8 seedS=4",64,0.8931054461,0.9817,146.7206,0.8219,0.0000,0.016254,"0.016254;0.016257;0.016311;0.016174;0.016254",4.708575,212378.49,,4.36,0,3452,10,True,nid004308,57240770
SparseHNSW_a0.725_b2_s8x4,"M=32 efC=200 ef=30 alpha=0.725 beta=2 q=u8 seedT=8 seedH=8 seedS=4",64,0.8931344148,0.9817,146.7206,0.8219,0.0000,0.016184,"0.016198;0.016158;0.016184;0.016184;0.016210",4.688297,213297.08,,4.36,0,3452,10,True,nid004308,57240770
SparseHNSW_a0.725_b2_s8x4,"M=32 efC=200 ef=35 alpha=0.725 beta=2 q=u8 seedT=8 seedH=8 seedS=4",64,0.8971610660,0.9823,146.7206,0.8219,0.0000,0.017261,"0.017207;0.017264;0.017313;0.017261;0.017255",5.000290,199988.41,,4.36,0,3452,10,True,nid004308,57240770
SparseHNSW_a0.725_b2_s8x4,"M=32 efC=200 ef=40 alpha=0.725 beta=2 q=u8 seedT=8 seedH=8 seedS=4",64,0.9022016222,0.9849,146.7206,0.8219,0.0000,0.019348,"0.019347;0.019417;0.019373;0.019348;0.019335",5.604867,178416.37,,4.36,0,3452,10,True,nid004308,57240770
SparseHNSW_a0.725_b2_s8x4,"M=32 efC=200 ef=50 alpha=0.725 beta=2 q=u8 seedT=8 seedH=8 seedS=4",64,0.9112108922,0.9884,146.7206,0.8219,0.0000,0.023625,"0.023663;0.023709;0.023625;0.023603;0.023535",6.843859,146116.40,,4.36,0,3452,10,True,nid004308,57240770
SparseHNSW_a0.725_b2_s8x4,"M=32 efC=200 ef=60 alpha=0.725 beta=2 q=u8 seedT=8 seedH=8 seedS=4",64,0.9180764774,0.9925,146.7206,0.8219,0.0000,0.027809,"0.027824;0.027800;0.027858;0.027761;0.027809",8.055910,124132.48,,4.36,0,3452,10,True,nid004308,57240770
SparseHNSW_a0.725_b2_s8x4,"M=32 efC=200 ef=75 alpha=0.725 beta=2 q=u8 seedT=8 seedH=8 seedS=4",64,0.9235515643,0.9942,146.7206,0.8219,0.0000,0.033958,"0.034119;0.033929;0.033977;0.033918;0.033958",9.837196,101654.99,,4.36,0,3452,10,True,nid004308,57240770
SparseHNSW_a0.725_b2_s8x4,"M=32 efC=200 ef=100 alpha=0.725 beta=2 q=u8 seedT=8 seedH=8 seedS=4",64,0.9285052144,0.9959,146.7206,0.8219,0.0000,0.044303,"0.044492;0.044282;0.044404;0.044267;0.044303",12.834009,77917.97,,4.36,0,3452,10,True,nid004308,57240770
SparseHNSW_a0.725_b3_s8x4,"M=32 efC=200 ef=10 alpha=0.725 beta=3 q=u8 seedT=8 seedH=8 seedS=4",64,0.9115295481,0.9817,146.7206,0.8219,0.0000,0.016997,"0.017375;0.017156;0.016997;0.016920;0.016885",4.923812,203094.66,,4.36,0,3452,10,True,nid004308,57240770
SparseHNSW_a0.725_b3_s8x4,"M=32 efC=200 ef=20 alpha=0.725 beta=3 q=u8 seedT=8 seedH=8 seedS=4",64,0.9115295481,0.9817,146.7206,0.8219,0.0000,0.016675,"0.016793;0.016708;0.016675;0.016593;0.016614",4.830533,207016.49,,4.36,0,3452,10,True,nid004308,57240770
SparseHNSW_a0.725_b3_s8x4,"M=32 efC=200 ef=25 alpha=0.725 beta=3 q=u8 seedT=8 seedH=8 seedS=4",64,0.9115295481,0.9817,146.7206,0.8219,0.0000,0.016625,"0.016647;0.016625;0.016515;0.016689;0.016587",4.816049,207639.10,,4.36,0,3452,10,True,nid004308,57240770
SparseHNSW_a0.725_b3_s8x4,"M=32 efC=200 ef=30 alpha=0.725 beta=3 q=u8 seedT=8 seedH=8 seedS=4",64,0.9115295481,0.9817,146.7206,0.8219,0.0000,0.016530,"0.016559;0.016559;0.016504;0.016530;0.016513",4.788528,208832.43,,4.36,0,3452,10,True,nid004308,57240770
SparseHNSW_a0.725_b3_s8x4,"M=32 efC=200 ef=35 alpha=0.725 beta=3 q=u8 seedT=8 seedH=8 seedS=4",64,0.9159327926,0.9823,146.7206,0.8219,0.0000,0.017615,"0.017615;0.017664;0.017563;0.017562;0.017625",5.102839,195969.34,,4.36,0,3452,10,True,nid004308,57240770
SparseHNSW_a0.725_b3_s8x4,"M=32 efC=200 ef=40 alpha=0.725 beta=3 q=u8 seedT=8 seedH=8 seedS=4",64,0.9216396292,0.9849,146.7206,0.8219,0.0000,0.019696,"0.019855;0.019721;0.019655;0.019696;0.019670",5.705678,175264.01,,4.36,0,3452,10,True,nid004308,57240770
SparseHNSW_a0.725_b3_s8x4,"M=32 efC=200 ef=50 alpha=0.725 beta=3 q=u8 seedT=8 seedH=8 seedS=4",64,0.9315179606,0.9884,146.7206,0.8219,0.0000,0.024020,"0.024020;0.024095;0.023992;0.024050;0.024018",6.958285,143713.57,,4.36,0,3452,10,True,nid004308,57240770
SparseHNSW_a0.725_b3_s8x4,"M=32 efC=200 ef=60 alpha=0.725 beta=3 q=u8 seedT=8 seedH=8 seedS=4",64,0.9393105446,0.9925,146.7206,0.8219,0.0000,0.028202,"0.028231;0.028202;0.028210;0.028164;0.028186",8.169757,122402.67,,4.36,0,3452,10,True,nid004308,57240770
SparseHNSW_a0.725_b3_s8x4,"M=32 efC=200 ef=75 alpha=0.725 beta=3 q=u8 seedT=8 seedH=8 seedS=4",64,0.9455098494,0.9942,146.7206,0.8219,0.0000,0.034422,"0.034380;0.034445;0.034475;0.034422;0.034271",9.971611,100284.70,,4.36,0,3452,10,True,nid004308,57240770
SparseHNSW_a0.725_b3_s8x4,"M=32 efC=200 ef=100 alpha=0.725 beta=3 q=u8 seedT=8 seedH=8 seedS=4",64,0.9509849363,0.9959,146.7206,0.8219,0.0000,0.044620,"0.044612;0.044625;0.044620;0.044507;0.044804",12.925840,77364.41,,4.36,0,3452,10,True,nid004308,57240770
SparseHNSW_a0.725_b4_s8x4,"M=32 efC=200 ef=10 alpha=0.725 beta=4 q=u8 seedT=8 seedH=8 seedS=4",64,0.9276361530,0.9849,146.7206,0.8219,0.0000,0.020380,"0.020744;0.020538;0.020323;0.020321;0.020380",5.903824,169381.75,,4.36,0,3452,10,True,nid004308,57240770
SparseHNSW_a0.725_b4_s8x4,"M=32 efC=200 ef=20 alpha=0.725 beta=4 q=u8 seedT=8 seedH=8 seedS=4",64,0.9276361530,0.9849,146.7206,0.8219,0.0000,0.020290,"0.020363;0.020314;0.020290;0.020143;0.020051",5.877752,170133.07,,4.36,0,3452,10,True,nid004308,57240770
SparseHNSW_a0.725_b4_s8x4,"M=32 efC=200 ef=25 alpha=0.725 beta=4 q=u8 seedT=8 seedH=8 seedS=4",64,0.9276361530,0.9849,146.7206,0.8219,0.0000,0.020059,"0.020052;0.020067;0.020059;0.020076;0.020007",5.810834,172092.33,,4.36,0,3452,10,True,nid004308,57240770
SparseHNSW_a0.725_b4_s8x4,"M=32 efC=200 ef=30 alpha=0.725 beta=4 q=u8 seedT=8 seedH=8 seedS=4",64,0.9276361530,0.9849,146.7206,0.8219,0.0000,0.019975,"0.020068;0.019968;0.020031;0.019923;0.019975",5.786501,172816.02,,4.36,0,3452,10,True,nid004308,57240770
SparseHNSW_a0.725_b4_s8x4,"M=32 efC=200 ef=35 alpha=0.725 beta=4 q=u8 seedT=8 seedH=8 seedS=4",64,0.9276361530,0.9849,146.7206,0.8219,0.0000,0.019979,"0.019957;0.020030;0.019884;0.019979;0.019980",5.787659,172781.42,,4.36,0,3452,10,True,nid004308,57240770
SparseHNSW_a0.725_b4_s8x4,"M=32 efC=200 ef=40 alpha=0.725 beta=4 q=u8 seedT=8 seedH=8 seedS=4",64,0.9276361530,0.9849,146.7206,0.8219,0.0000,0.019945,"0.019912;0.019945;0.019952;0.020032;0.019870",5.777810,173075.96,,4.36,0,3452,10,True,nid004308,57240770
SparseHNSW_a0.725_b4_s8x4,"M=32 efC=200 ef=50 alpha=0.725 beta=4 q=u8 seedT=8 seedH=8 seedS=4",64,0.9380069525,0.9884,146.7206,0.8219,0.0000,0.024281,"0.024457;0.024365;0.024281;0.024237;0.024228",7.033893,142168.77,,4.36,0,3452,10,True,nid004308,57240770
SparseHNSW_a0.725_b4_s8x4,"M=32 efC=200 ef=60 alpha=0.725 beta=4 q=u8 seedT=8 seedH=8 seedS=4",64,0.9460892236,0.9925,146.7206,0.8219,0.0000,0.028513,"0.028643;0.028525;0.028513;0.028483;0.028490",8.259849,121067.58,,4.36,0,3452,10,True,nid004308,57240770
SparseHNSW_a0.725_b4_s8x4,"M=32 efC=200 ef=75 alpha=0.725 beta=4 q=u8 seedT=8 seedH=8 seedS=4",64,0.9523754345,0.9942,146.7206,0.8219,0.0000,0.034830,"0.034833;0.034895;0.034830;0.034735;0.034671",10.089803,99109.96,,4.36,0,3452,10,True,nid004308,57240770
SparseHNSW_a0.725_b4_s8x4,"M=32 efC=200 ef=100 alpha=0.725 beta=4 q=u8 seedT=8 seedH=8 seedS=4",64,0.9580243337,0.9959,146.7206,0.8219,0.0000,0.044957,"0.044779;0.044968;0.044929;0.044957;0.045016",13.023465,76784.48,,4.36,0,3452,10,True,nid004308,57240770
SparseHNSW_a0.725_b5_s8x4,"M=32 efC=200 ef=10 alpha=0.725 beta=5 q=u8 seedT=8 seedH=8 seedS=4",64,0.9405851680,0.9884,146.7206,0.8219,0.0000,0.024896,"0.025105;0.024929;0.024896;0.024873;0.024758",7.212051,138656.81,,4.36,0,3452,10,True,nid004308,57240770
SparseHNSW_a0.725_b5_s8x4,"M=32 efC=200 ef=20 alpha=0.725 beta=5 q=u8 seedT=8 seedH=8 seedS=4",64,0.9405851680,0.9884,146.7206,0.8219,0.0000,0.024709,"0.024687;0.024709;0.024720;0.024767;0.024622",7.157879,139706.18,,4.36,0,3452,10,True,nid004308,57240770
SparseHNSW_a0.725_b5_s8x4,"M=32 efC=200 ef=25 alpha=0.725 beta=5 q=u8 seedT=8 seedH=8 seedS=4",64,0.9405851680,0.9884,146.7206,0.8219,0.0000,0.024648,"0.024639;0.024613;0.024648;0.024660;0.024659",7.140209,140051.93,,4.36,0,3452,10,True,nid004308,57240770
SparseHNSW_a0.725_b5_s8x4,"M=32 efC=200 ef=30 alpha=0.725 beta=5 q=u8 seedT=8 seedH=8 seedS=4",64,0.9405851680,0.9884,146.7206,0.8219,0.0000,0.024631,"0.024715;0.024494;0.024598;0.024631;0.024673",7.135284,140148.59,,4.36,0,3452,10,True,nid004308,57240770
SparseHNSW_a0.725_b5_s8x4,"M=32 efC=200 ef=35 alpha=0.725 beta=5 q=u8 seedT=8 seedH=8 seedS=4",64,0.9405851680,0.9884,146.7206,0.8219,0.0000,0.024589,"0.024671;0.024568;0.024631;0.024589;0.024579",7.123117,140387.98,,4.36,0,3452,10,True,nid004308,57240770
SparseHNSW_a0.725_b5_s8x4,"M=32 efC=200 ef=40 alpha=0.725 beta=5 q=u8 seedT=8 seedH=8 seedS=4",64,0.9405851680,0.9884,146.7206,0.8219,0.0000,0.024627,"0.024652;0.024544;0.024576;0.024641;0.024627",7.134125,140171.36,,4.36,0,3452,10,True,nid004308,57240770
SparseHNSW_a0.725_b5_s8x4,"M=32 efC=200 ef=50 alpha=0.725 beta=5 q=u8 seedT=8 seedH=8 seedS=4",64,0.9405851680,0.9884,146.7206,0.8219,0.0000,0.024545,"0.024540;0.024545;0.024545;0.024567;0.024545",7.110371,140639.64,,4.36,0,3452,10,True,nid004308,57240770
SparseHNSW_a0.725_b5_s8x4,"M=32 efC=200 ef=60 alpha=0.725 beta=5 q=u8 seedT=8 seedH=8 seedS=4",64,0.9488991889,0.9925,146.7206,0.8219,0.0000,0.028911,"0.028921;0.028926;0.028800;0.028832;0.028911",8.375145,119400.92,,4.36,0,3452,10,True,nid004308,57240770
SparseHNSW_a0.725_b5_s8x4,"M=32 efC=200 ef=75 alpha=0.725 beta=5 q=u8 seedT=8 seedH=8 seedS=4",64,0.9555330243,0.9942,146.7206,0.8219,0.0000,0.035105,"0.035124;0.035067;0.035105;0.035103;0.035111",10.169467,98333.57,,4.36,0,3452,10,True,nid004308,57240770
SparseHNSW_a0.725_b5_s8x4,"M=32 efC=200 ef=100 alpha=0.725 beta=5 q=u8 seedT=8 seedH=8 seedS=4",64,0.9615295481,0.9959,146.7206,0.8219,0.0000,0.045322,"0.045310;0.045361;0.045237;0.045340;0.045322",13.129200,76166.10,,4.36,0,3452,10,True,nid004308,57240770
SparseHNSW_a0.75_b1_s0x0,"M=32 efC=200 ef=10 alpha=0.75 beta=1 q=u8",64,0.6594727694,0.5097,154.7343,0.8156,0.0000,0.007400,"0.008583;0.008194;0.007400;0.007244;0.007186",2.143685,466486.49,,4.39,0,3452,10,True,nid004308,57240770
SparseHNSW_a0.75_b1_s0x0,"M=32 efC=200 ef=20 alpha=0.75 beta=1 q=u8",64,0.7366454229,0.5894,154.7343,0.8156,0.0000,0.012502,"0.012642;0.012550;0.012502;0.012455;0.012370",3.621669,276115.82,,4.39,0,3452,10,True,nid004308,57240770
SparseHNSW_a0.75_b1_s0x0,"M=32 efC=200 ef=25 alpha=0.75 beta=1 q=u8",64,0.7562572422,0.6049,154.7343,0.8156,0.0000,0.014762,"0.014872;0.014924;0.014762;0.014739;0.014687",4.276362,233843.65,,4.39,0,3452,10,True,nid004308,57240770
SparseHNSW_a0.75_b1_s0x0,"M=32 efC=200 ef=30 alpha=0.75 beta=1 q=u8",64,0.7692641947,0.6199,154.7343,0.8156,0.0000,0.017146,"0.017242;0.017175;0.017113;0.017045;0.017146",4.966976,201329.76,,4.39,0,3452,10,True,nid004308,57240770
SparseHNSW_a0.75_b1_s0x0,"M=32 efC=200 ef=35 alpha=0.75 beta=1 q=u8",64,0.7796060255,0.6311,154.7343,0.8156,0.0000,0.019378,"0.019444;0.019426;0.019378;0.019324;0.019218",5.613557,178140.16,,4.39,0,3452,10,True,nid004308,57240770
SparseHNSW_a0.75_b1_s0x0,"M=32 efC=200 ef=40 alpha=0.75 beta=1 q=u8",64,0.7892526072,0.6396,154.7343,0.8156,0.0000,0.021592,"0.021621;0.021592;0.021591;0.021576;0.021624",6.254925,159874.03,,4.39,0,3452,10,True,nid004308,57240770
SparseHNSW_a0.75_b1_s0x0,"M=32 efC=200 ef=50 alpha=0.75 beta=1 q=u8",64,0.7970741599,0.6469,154.7343,0.8156,0.0000,0.025975,"0.026039;0.025975;0.025975;0.026009;0.025967",7.524623,132897.02,,4.39,0,3452,10,True,nid004308,57240770
SparseHNSW_a0.75_b1_s0x0,"M=32 efC=200 ef=60 alpha=0.75 beta=1 q=u8",64,0.8020278100,0.6526,154.7343,0.8156,0.0000,0.030176,"0.030176;0.030085;0.030240;0.030143;0.030210",8.741599,114395.55,,4.39,0,3452,10,True,nid004308,57240770
SparseHNSW_a0.75_b1_s0x0,"M=32 efC=200 ef=75 alpha=0.75 beta=1 q=u8",64,0.8083429896,0.6583,154.7343,0.8156,0.0000,0.036680,"0.036680;0.036687;0.036612;0.036687;0.036610",10.625724,94111.23,,4.39,0,3452,10,True,nid004308,57240770
SparseHNSW_a0.75_b1_s0x0,"M=32 efC=200 ef=100 alpha=0.75 beta=1 q=u8",64,0.8158748552,0.6652,154.7343,0.8156,0.0000,0.047583,"0.047580;0.047660;0.047703;0.047583;0.047366",13.784183,72546.92,,4.39,0,3452,10,True,nid004308,57240770
SparseHNSW_a0.75_b2_s0x0,"M=32 efC=200 ef=10 alpha=0.75 beta=2 q=u8",64,0.8312282735,0.9235,154.7343,0.8156,0.0000,0.013458,"0.013903;0.013584;0.013458;0.013375;0.013307",3.898610,256501.71,,4.39,0,3452,10,True,nid004308,57240770
SparseHNSW_a0.75_b2_s0x0,"M=32 efC=200 ef=20 alpha=0.75 beta=2 q=u8",64,0.8312282735,0.9235,154.7343,0.8156,0.0000,0.013160,"0.013269;0.013170;0.013153;0.013160;0.013100",3.812283,262310.03,,4.39,0,3452,10,True,nid004308,57240770
SparseHNSW_a0.75_b2_s0x0,"M=32 efC=200 ef=25 alpha=0.75 beta=2 q=u8",64,0.8562572422,0.9406,154.7343,0.8156,0.0000,0.015505,"0.015543;0.015505;0.015533;0.015492;0.015449",4.491599,222637.86,,4.39,0,3452,10,True,nid004308,57240770
SparseHNSW_a0.75_b2_s0x0,"M=32 efC=200 ef=30 alpha=0.75 beta=2 q=u8",64,0.8723059096,0.9510,154.7343,0.8156,0.0000,0.017853,"0.017973;0.017910;0.017853;0.017750;0.017821",5.171784,193356.86,,4.39,0,3452,10,True,nid004308,57240770
SparseHNSW_a0.75_b2_s0x0,"M=32 efC=200 ef=35 alpha=0.75 beta=2 q=u8",64,0.8850231750,0.9606,154.7343,0.8156,0.0000,0.020089,"0.020188;0.020143;0.020089;0.020058;0.020074",5.819525,171835.33,,4.39,0,3452,10,True,nid004308,57240770
SparseHNSW_a0.75_b2_s0x0,"M=32 efC=200 ef=40 alpha=0.75 beta=2 q=u8",64,0.8968424102,0.9690,154.7343,0.8156,0.0000,0.022333,"0.022333;0.022340;0.022302;0.022298;0.022401",6.469583,154569.47,,4.39,0,3452,10,True,nid004308,57240770
SparseHNSW_a0.75_b2_s0x0,"M=32 efC=200 ef=50 alpha=0.75 beta=2 q=u8",64,0.9071842410,0.9742,154.7343,0.8156,0.0000,0.026774,"0.026814;0.026774;0.026787;0.026764;0.026645",7.756083,128931.05,,4.39,0,3452,10,True,nid004308,57240770
SparseHNSW_a0.75_b2_s0x0,"M=32 efC=200 ef=60 alpha=0.75 beta=2 q=u8",64,0.9136732329,0.9774,154.7343,0.8156,0.0000,0.030964,"0.030964;0.030894;0.031016;0.031067;0.030959",8.969873,111484.30,,4.39,0,3452,10,True,nid004308,57240770
SparseHNSW_a0.75_b2_s0x0,"M=32 efC=200 ef=75 alpha=0.75 beta=2 q=u8",64,0.9221900348,0.9832,154.7343,0.8156,0.0000,0.037570,"0.037570;0.037417;0.037681;0.037592;0.037393",10.883546,91881.82,,4.39,0,3452,10,True,nid004308,57240770
SparseHNSW_a0.75_b2_s0x0,"M=32 efC=200 ef=100 alpha=0.75 beta=2 q=u8",64,0.9315179606,0.9893,154.7343,0.8156,0.0000,0.048388,"0.048388;0.048610;0.048413;0.048297;0.048274",14.017381,71340.00,,4.39,0,3452,10,True,nid004308,57240770
SparseHNSW_a0.75_b3_s0x0,"M=32 efC=200 ef=10 alpha=0.75 beta=3 q=u8",64,0.8842699884,0.9513,154.7343,0.8156,0.0000,0.018473,"0.018838;0.018574;0.018387;0.018473;0.018387",5.351390,186867.32,,4.39,0,3452,10,True,nid004308,57240770
SparseHNSW_a0.75_b3_s0x0,"M=32 efC=200 ef=20 alpha=0.75 beta=3 q=u8",64,0.8842699884,0.9513,154.7343,0.8156,0.0000,0.018185,"0.018333;0.018185;0.018159;0.018175;0.018197",5.267961,189826.78,,4.39,0,3452,10,True,nid004308,57240770
SparseHNSW_a0.75_b3_s0x0,"M=32 efC=200 ef=25 alpha=0.75 beta=3 q=u8",64,0.8842699884,0.9513,154.7343,0.8156,0.0000,0.018109,"0.018190;0.018098;0.018096;0.018109;0.018141",5.245944,190623.45,,4.39,0,3452,10,True,nid004308,57240770
SparseHNSW_a0.75_b3_s0x0,"M=32 efC=200 ef=30 alpha=0.75 beta=3 q=u8",64,0.8842699884,0.9513,154.7343,0.8156,0.0000,0.018087,"0.018101;0.018047;0.018087;0.018053;0.018090",5.239571,190855.31,,4.39,0,3452,10,True,nid004308,57240770
SparseHNSW_a0.75_b3_s0x0,"M=32 efC=200 ef=35 alpha=0.75 beta=3 q=u8",64,0.8981749710,0.9609,154.7343,0.8156,0.0000,0.020419,"0.020419;0.020437;0.020369;0.020337;0.020475",5.915122,169058.23,,4.39,0,3452,10,True,nid004308,57240770
SparseHNSW_a0.75_b3_s0x0,"M=32 efC=200 ef=40 alpha=0.75 beta=3 q=u8",64,0.9107184241,0.9693,154.7343,0.8156,0.0000,0.022739,"0.022754;0.022742;0.022739;0.022666;0.022674",6.587196,151809.67,,4.39,0,3452,10,True,nid004308,57240770
SparseHNSW_a0.75_b3_s0x0,"M=32 efC=200 ef=50 alpha=0.75 beta=3 q=u8",64,0.9221900348,0.9745,154.7343,0.8156,0.0000,0.027116,"0.027085;0.027192;0.027116;0.027099;0.027119",7.855156,127304.91,,4.39,0,3452,10,True,nid004308,57240770
SparseHNSW_a0.75_b3_s0x0,"M=32 efC=200 ef=60 alpha=0.75 beta=3 q=u8",64,0.9294611819,0.9777,154.7343,0.8156,0.0000,0.031268,"0.031362;0.031273;0.031235;0.031263;0.031268",9.057937,110400.41,,4.39,0,3452,10,True,nid004308,57240770
SparseHNSW_a0.75_b3_s0x0,"M=32 efC=200 ef=75 alpha=0.75 beta=3 q=u8",64,0.9381228273,0.9835,154.7343,0.8156,0.0000,0.037755,"0.037775;0.037847;0.037755;0.037646;0.037745",10.937138,91431.60,,4.39,0,3452,10,True,nid004308,57240770
SparseHNSW_a0.75_b3_s0x0,"M=32 efC=200 ef=100 alpha=0.75 beta=3 q=u8",64,0.9482618772,0.9893,154.7343,0.8156,0.0000,0.048672,"0.048516;0.048716;0.048587;0.048672;0.048703",14.099652,70923.73,,4.39,0,3452,10,True,nid004308,57240770
SparseHNSW_a0.75_b4_s0x0,"M=32 efC=200 ef=10 alpha=0.75 beta=4 q=u8",64,0.9141946698,0.9693,154.7343,0.8156,0.0000,0.023430,"0.023654;0.023473;0.023430;0.023256;0.023304",6.787370,147332.48,,4.39,0,3452,10,True,nid004308,57240770
SparseHNSW_a0.75_b4_s0x0,"M=32 efC=200 ef=20 alpha=0.75 beta=4 q=u8",64,0.9141946698,0.9693,154.7343,0.8156,0.0000,0.023099,"0.023151;0.023181;0.023099;0.023017;0.022958",6.691483,149443.70,,4.39,0,3452,10,True,nid004308,57240770
SparseHNSW_a0.75_b4_s0x0,"M=32 efC=200 ef=25 alpha=0.75 beta=4 q=u8",64,0.9141946698,0.9693,154.7343,0.8156,0.0000,0.023042,"0.022989;0.023042;0.023062;0.023005;0.023058",6.674971,149813.38,,4.39,0,3452,10,True,nid004308,57240770
SparseHNSW_a0.75_b4_s0x0,"M=32 efC=200 ef=30 alpha=0.75 beta=4 q=u8",64,0.9141946698,0.9693,154.7343,0.8156,0.0000,0.023061,"0.023111;0.023091;0.023061;0.022999;0.022994",6.680475,149689.95,,4.39,0,3452,10,True,nid004308,57240770
SparseHNSW_a0.75_b4_s0x0,"M=32 efC=200 ef=35 alpha=0.75 beta=4 q=u8",64,0.9141946698,0.9693,154.7343,0.8156,0.0000,0.022953,"0.022881;0.022953;0.022893;0.022989;0.022957",6.649189,150394.28,,4.39,0,3452,10,True,nid004308,57240770
SparseHNSW_a0.75_b4_s0x0,"M=32 efC=200 ef=40 alpha=0.75 beta=4 q=u8",64,0.9141946698,0.9693,154.7343,0.8156,0.0000,0.022992,"0.022992;0.023040;0.023004;0.022928;0.022934",6.660487,150139.18,,4.39,0,3452,10,True,nid004308,57240770
SparseHNSW_a0.75_b4_s0x0,"M=32 efC=200 ef=50 alpha=0.75 beta=4 q=u8",64,0.9260718424,0.9745,154.7343,0.8156,0.0000,0.027453,"0.027453;0.027528;0.027391;0.027365;0.027505",7.952781,125742.18,,4.39,0,3452,10,True,nid004308,57240770
SparseHNSW_a0.75_b4_s0x0,"M=32 efC=200 ef=60 alpha=0.75 beta=4 q=u8",64,0.9334588644,0.9777,154.7343,0.8156,0.0000,0.031796,"0.031796;0.031852;0.031691;0.031762;0.031888",9.210892,108567.12,,4.39,0,3452,10,True,nid004308,57240770
SparseHNSW_a0.75_b4_s0x0,"M=32 efC=200 ef=75 alpha=0.75 beta=4 q=u8",64,0.9424681344,0.9835,154.7343,0.8156,0.0000,0.038211,"0.038211;0.038120;0.038352;0.038413;0.038034",11.069235,90340.48,,4.39,0,3452,10,True,nid004308,57240770
SparseHNSW_a0.75_b4_s0x0,"M=32 efC=200 ef=100 alpha=0.75 beta=4 q=u8",64,0.9528389340,0.9893,154.7343,0.8156,0.0000,0.049041,"0.049136;0.049068;0.049041;0.048796;0.049034",14.206547,70390.08,,4.39,0,3452,10,True,nid004308,57240770
SparseHNSW_a0.75_b5_s0x0,"M=32 efC=200 ef=10 alpha=0.75 beta=5 q=u8",64,0.9280127462,0.9745,154.7343,0.8156,0.0000,0.028060,"0.028392;0.028237;0.028036;0.027923;0.028060",8.128621,123022.10,,4.39,0,3452,10,True,nid004308,57240770
SparseHNSW_a0.75_b5_s0x0,"M=32 efC=200 ef=20 alpha=0.75 beta=5 q=u8",64,0.9280127462,0.9745,154.7343,0.8156,0.0000,0.027795,"0.028031;0.027862;0.027781;0.027795;0.027776",8.051854,124195.00,,4.39,0,3452,10,True,nid004308,57240770
SparseHNSW_a0.75_b5_s0x0,"M=32 efC=200 ef=25 alpha=0.75 beta=5 q=u8",64,0.9280127462,0.9745,154.7343,0.8156,0.0000,0.027751,"0.027798;0.027684;0.027765;0.027751;0.027708",8.039108,124391.91,,4.39,0,3452,10,True,nid004308,57240770
SparseHNSW_a0.75_b5_s0x0,"M=32 efC=200 ef=30 alpha=0.75 beta=5 q=u8",64,0.9280127462,0.9745,154.7343,0.8156,0.0000,0.027687,"0.027684;0.027687;0.027792;0.027677;0.027831",8.020568,124679.45,,4.39,0,3452,10,True,nid004308,57240770
SparseHNSW_a0.75_b5_s0x0,"M=32 efC=200 ef=35 alpha=0.75 beta=5 q=u8",64,0.9280127462,0.9745,154.7343,0.8156,0.0000,0.027669,"0.027912;0.027752;0.027662;0.027651;0.027669",8.015353,124760.56,,4.39,0,3452,10,True,nid004308,57240770
SparseHNSW_a0.75_b5_s0x0,"M=32 efC=200 ef=40 alpha=0.75 beta=5 q=u8",64,0.9280127462,0.9745,154.7343,0.8156,0.0000,0.027766,"0.027792;0.027756;0.027654;0.027766;0.027837",8.043453,124324.71,,4.39,0,3452,10,True,nid004308,57240770
SparseHNSW_a0.75_b5_s0x0,"M=32 efC=200 ef=50 alpha=0.75 beta=5 q=u8",64,0.9280127462,0.9745,154.7343,0.8156,0.0000,0.027696,"0.027871;0.027672;0.027696;0.027733;0.027666",8.023175,124638.94,,4.39,0,3452,10,True,nid004308,57240770
SparseHNSW_a0.75_b5_s0x0,"M=32 efC=200 ef=60 alpha=0.75 beta=5 q=u8",64,0.9353418308,0.9777,154.7343,0.8156,0.0000,0.031941,"0.031941;0.031871;0.031869;0.032000;0.031982",9.252897,108074.26,,4.39,0,3452,10,True,nid004308,57240770
SparseHNSW_a0.75_b5_s0x0,"M=32 efC=200 ef=75 alpha=0.75 beta=5 q=u8",64,0.9444380070,0.9835,154.7343,0.8156,0.0000,0.038584,"0.038589;0.038599;0.038584;0.038465;0.038560",11.177289,89467.14,,4.39,0,3452,10,True,nid004308,57240770
SparseHNSW_a0.75_b5_s0x0,"M=32 efC=200 ef=100 alpha=0.75 beta=5 q=u8",64,0.9548377752,0.9893,154.7343,0.8156,0.0000,0.049386,"0.049414;0.049386;0.049509;0.049295;0.049187",14.306489,69898.35,,4.39,0,3452,10,True,nid004308,57240770
SparseHNSW_a0.75_b1_s8x4,"M=32 efC=200 ef=10 alpha=0.75 beta=1 q=u8 seedT=8 seedH=8 seedS=4",64,0.7971031286,0.6454,154.7343,0.8156,0.0000,0.016807,"0.017306;0.016912;0.016807;0.016679;0.016579",4.868772,205390.61,,4.39,0,3452,10,True,nid004308,57240770
SparseHNSW_a0.75_b1_s8x4,"M=32 efC=200 ef=20 alpha=0.75 beta=1 q=u8 seedT=8 seedH=8 seedS=4",64,0.7971031286,0.6454,154.7343,0.8156,0.0000,0.016409,"0.016491;0.016409;0.016452;0.016387;0.016360",4.753476,210372.36,,4.39,0,3452,10,True,nid004308,57240770
SparseHNSW_a0.75_b1_s8x4,"M=32 efC=200 ef=25 alpha=0.75 beta=1 q=u8 seedT=8 seedH=8 seedS=4",64,0.7971031286,0.6454,154.7343,0.8156,0.0000,0.016294,"0.016397;0.016294;0.016302;0.016243;0.016176",4.720162,211857.13,,4.39,0,3452,10,True,nid004308,57240770
SparseHNSW_a0.75_b1_s8x4,"M=32 efC=200 ef=30 alpha=0.75 beta=1 q=u8 seedT=8 seedH=8 seedS=4",64,0.7971031286,0.6454,154.7343,0.8156,0.0000,0.016263,"0.016268;0.016242;0.016279;0.016263;0.016193",4.711182,212260.96,,4.39,0,3452,10,True,nid004308,57240770
SparseHNSW_a0.75_b1_s8x4,"M=32 efC=200 ef=35 alpha=0.75 beta=1 q=u8 seedT=8 seedH=8 seedS=4",64,0.8007242178,0.6484,154.7343,0.8156,0.0000,0.017312,"0.017337;0.017305;0.017263;0.017333;0.017312",5.015064,199399.26,,4.39,0,3452,10,True,nid004308,57240770
SparseHNSW_a0.75_b1_s8x4,"M=32 efC=200 ef=40 alpha=0.75 beta=1 q=u8 seedT=8 seedH=8 seedS=4",64,0.8057358053,0.6539,154.7343,0.8156,0.0000,0.019467,"0.019612;0.019473;0.019467;0.019430;0.019380",5.639340,177325.73,,4.39,0,3452,10,True,nid004308,57240770
SparseHNSW_a0.75_b1_s8x4,"M=32 efC=200 ef=50 alpha=0.75 beta=1 q=u8 seedT=8 seedH=8 seedS=4",64,0.8136442642,0.6608,154.7343,0.8156,0.0000,0.023854,"0.023987;0.023829;0.023919;0.023854;0.023802",6.910197,144713.67,,4.39,0,3452,10,True,nid004308,57240770
SparseHNSW_a0.75_b1_s8x4,"M=32 efC=200 ef=60 alpha=0.75 beta=1 q=u8 seedT=8 seedH=8 seedS=4",64,0.8167439166,0.6654,154.7343,0.8156,0.0000,0.028269,"0.028296;0.028269;0.028210;0.028100;0.028304",8.189166,122112.56,,4.39,0,3452,10,True,nid004308,57240770
SparseHNSW_a0.75_b1_s8x4,"M=32 efC=200 ef=75 alpha=0.75 beta=1 q=u8 seedT=8 seedH=8 seedS=4",64,0.8202491309,0.6693,154.7343,0.8156,0.0000,0.034755,"0.034811;0.034729;0.034623;0.034847;0.034755",10.068076,99323.84,,4.39,0,3452,10,True,nid004308,57240770
SparseHNSW_a0.75_b1_s8x4,"M=32 efC=200 ef=100 alpha=0.75 beta=1 q=u8 seedT=8 seedH=8 seedS=4",64,0.8246523754,0.6738,154.7343,0.8156,0.0000,0.045369,"0.045229;0.045369;0.045530;0.045470;0.045351",13.142816,76087.20,,4.39,0,3452,10,True,nid004308,57240770
SparseHNSW_a0.75_b2_s8x4,"M=32 efC=200 ef=10 alpha=0.75 beta=2 q=u8 seedT=8 seedH=8 seedS=4",64,0.9038528389,0.9835,154.7343,0.8156,0.0000,0.017479,"0.017998;0.017627;0.017428;0.017479;0.017300",5.063441,197494.14,,4.39,0,3452,10,True,nid004308,57240770
SparseHNSW_a0.75_b2_s8x4,"M=32 efC=200 ef=20 alpha=0.75 beta=2 q=u8 seedT=8 seedH=8 seedS=4",64,0.9038528389,0.9835,154.7343,0.8156,0.0000,0.017149,"0.017157;0.017149;0.017091;0.017189;0.017117",4.967845,201294.54,,4.39,0,3452,10,True,nid004308,57240770
SparseHNSW_a0.75_b2_s8x4,"M=32 efC=200 ef=25 alpha=0.75 beta=2 q=u8 seedT=8 seedH=8 seedS=4",64,0.9038528389,0.9835,154.7343,0.8156,0.0000,0.017075,"0.017040;0.017114;0.017075;0.017116;0.017002",4.946408,202166.91,,4.39,0,3452,10,True,nid004308,57240770
SparseHNSW_a0.75_b2_s8x4,"M=32 efC=200 ef=30 alpha=0.75 beta=2 q=u8 seedT=8 seedH=8 seedS=4",64,0.9038528389,0.9835,154.7343,0.8156,0.0000,0.017036,"0.017049;0.017065;0.017036;0.017018;0.016967",4.935110,202629.73,,4.39,0,3452,10,True,nid004308,57240770
SparseHNSW_a0.75_b2_s8x4,"M=32 efC=200 ef=35 alpha=0.75 beta=2 q=u8 seedT=8 seedH=8 seedS=4",64,0.9084878331,0.9855,154.7343,0.8156,0.0000,0.018119,"0.018176;0.018078;0.018119;0.018122;0.018110",5.248841,190518.24,,4.39,0,3452,10,True,nid004308,57240770
SparseHNSW_a0.75_b2_s8x4,"M=32 efC=200 ef=40 alpha=0.75 beta=2 q=u8 seedT=8 seedH=8 seedS=4",64,0.9151796060,0.9881,154.7343,0.8156,0.0000,0.020247,"0.020301;0.020245;0.020247;0.020280;0.020231",5.865295,170494.39,,4.39,0,3452,10,True,nid004308,57240770
SparseHNSW_a0.75_b2_s8x4,"M=32 efC=200 ef=50 alpha=0.75 beta=2 q=u8 seedT=8 seedH=8 seedS=4",64,0.9256373117,0.9928,154.7343,0.8156,0.0000,0.024759,"0.024813;0.024800;0.024759;0.024680;0.024679",7.172364,139424.05,,4.39,0,3452,10,True,nid004308,57240770
SparseHNSW_a0.75_b2_s8x4,"M=32 efC=200 ef=60 alpha=0.75 beta=2 q=u8 seedT=8 seedH=8 seedS=4",64,0.9303012746,0.9928,154.7343,0.8156,0.0000,0.029038,"0.028984;0.029025;0.029038;0.029130;0.029101",8.411935,118878.71,,4.39,0,3452,10,True,nid004308,57240770
SparseHNSW_a0.75_b2_s8x4,"M=32 efC=200 ef=75 alpha=0.75 beta=2 q=u8 seedT=8 seedH=8 seedS=4",64,0.9353128621,0.9951,154.7343,0.8156,0.0000,0.035562,"0.035514;0.035562;0.035658;0.035622;0.035531",10.301854,97069.91,,4.39,0,3452,10,True,nid004308,57240770
SparseHNSW_a0.75_b2_s8x4,"M=32 efC=200 ef=100 alpha=0.75 beta=2 q=u8 seedT=8 seedH=8 seedS=4",64,0.9411066049,0.9968,154.7343,0.8156,0.0000,0.046181,"0.046227;0.046181;0.046195;0.046135;0.045948",13.378042,74749.36,,4.39,0,3452,10,True,nid004308,57240770
SparseHNSW_a0.75_b3_s8x4,"M=32 efC=200 ef=10 alpha=0.75 beta=3 q=u8 seedT=8 seedH=8 seedS=4",64,0.9171784473,0.9835,154.7343,0.8156,0.0000,0.017846,"0.018222;0.017927;0.017846;0.017664;0.017624",5.169757,193432.70,,4.39,0,3452,10,True,nid004308,57240770
SparseHNSW_a0.75_b3_s8x4,"M=32 efC=200 ef=20 alpha=0.75 beta=3 q=u8 seedT=8 seedH=8 seedS=4",64,0.9171784473,0.9835,154.7343,0.8156,0.0000,0.017550,"0.017587;0.017595;0.017438;0.017467;0.017550",5.084009,196695.16,,4.39,0,3452,10,True,nid004308,57240770
SparseHNSW_a0.75_b3_s8x4,"M=32 efC=200 ef=25 alpha=0.75 beta=3 q=u8 seedT=8 seedH=8 seedS=4",64,0.9171784473,0.9835,154.7343,0.8156,0.0000,0.017404,"0.017468;0.017440;0.017404;0.017369;0.017382",5.041715,198345.21,,4.39,0,3452,10,True,nid004308,57240770
SparseHNSW_a0.75_b3_s8x4,"M=32 efC=200 ef=30 alpha=0.75 beta=3 q=u8 seedT=8 seedH=8 seedS=4",64,0.9171784473,0.9835,154.7343,0.8156,0.0000,0.017367,"0.017345;0.017396;0.017330;0.017367;0.017377",5.030997,198767.78,,4.39,0,3452,10,True,nid004308,57240770
SparseHNSW_a0.75_b3_s8x4,"M=32 efC=200 ef=35 alpha=0.75 beta=3 q=u8 seedT=8 seedH=8 seedS=4",64,0.9223348783,0.9855,154.7343,0.8156,0.0000,0.018443,"0.018440;0.018443;0.018475;0.018453;0.018372",5.342700,187171.28,,4.39,0,3452,10,True,nid004308,57240770
SparseHNSW_a0.75_b3_s8x4,"M=32 efC=200 ef=40 alpha=0.75 beta=3 q=u8 seedT=8 seedH=8 seedS=4",64,0.9296349942,0.9881,154.7343,0.8156,0.0000,0.020616,"0.020705;0.020704;0.020616;0.020579;0.020537",5.972190,167442.76,,4.39,0,3452,10,True,nid004308,57240770
SparseHNSW_a0.75_b3_s8x4,"M=32 efC=200 ef=50 alpha=0.75 beta=3 q=u8 seedT=8 seedH=8 seedS=4",64,0.9411066049,0.9928,154.7343,0.8156,0.0000,0.025108,"0.025135;0.025118;0.025108;0.025075;0.025081",7.273465,137486.06,,4.39,0,3452,10,True,nid004308,57240770
SparseHNSW_a0.75_b3_s8x4,"M=32 efC=200 ef=60 alpha=0.75 beta=3 q=u8 seedT=8 seedH=8 seedS=4",64,0.9464368482,0.9928,154.7343,0.8156,0.0000,0.029369,"0.029579;0.029380;0.029369;0.029154;0.029356",8.507822,117538.90,,4.39,0,3452,10,True,nid004308,57240770
SparseHNSW_a0.75_b3_s8x4,"M=32 efC=200 ef=75 alpha=0.75 beta=3 q=u8 seedT=8 seedH=8 seedS=4",64,0.9514774044,0.9951,154.7343,0.8156,0.0000,0.035868,"0.035928;0.035780;0.035926;0.035868;0.035791",10.390498,96241.78,,4.39,0,3452,10,True,nid004308,57240770
SparseHNSW_a0.75_b3_s8x4,"M=32 efC=200 ef=100 alpha=0.75 beta=3 q=u8 seedT=8 seedH=8 seedS=4",64,0.9580533024,0.9968,154.7343,0.8156,0.0000,0.046634,"0.046661;0.046634;0.046533;0.046573;0.046677",13.509270,74023.24,,4.39,0,3452,10,True,nid004308,57240770
SparseHNSW_a0.75_b4_s8x4,"M=32 efC=200 ef=10 alpha=0.75 beta=4 q=u8 seedT=8 seedH=8 seedS=4",64,0.9331691773,0.9881,154.7343,0.8156,0.0000,0.021317,"0.021648;0.021487;0.021317;0.021308;0.021186",6.175261,161936.48,,4.39,0,3452,10,True,nid004308,57240770
SparseHNSW_a0.75_b4_s8x4,"M=32 efC=200 ef=20 alpha=0.75 beta=4 q=u8 seedT=8 seedH=8 seedS=4",64,0.9331691773,0.9881,154.7343,0.8156,0.0000,0.020950,"0.021136;0.020918;0.021001;0.020908;0.020950",6.068946,164773.27,,4.39,0,3452,10,True,nid004308,57240770
SparseHNSW_a0.75_b4_s8x4,"M=32 efC=200 ef=25 alpha=0.75 beta=4 q=u8 seedT=8 seedH=8 seedS=4",64,0.9331691773,0.9881,154.7343,0.8156,0.0000,0.020923,"0.020912;0.020921;0.020923;0.020983;0.020993",6.061124,164985.90,,4.39,0,3452,10,True,nid004308,57240770
SparseHNSW_a0.75_b4_s8x4,"M=32 efC=200 ef=30 alpha=0.75 beta=4 q=u8 seedT=8 seedH=8 seedS=4",64,0.9331691773,0.9881,154.7343,0.8156,0.0000,0.020893,"0.020893;0.020901;0.020995;0.020881;0.020816",6.052433,165222.80,,4.39,0,3452,10,True,nid004308,57240770
SparseHNSW_a0.75_b4_s8x4,"M=32 efC=200 ef=35 alpha=0.75 beta=4 q=u8 seedT=8 seedH=8 seedS=4",64,0.9331691773,0.9881,154.7343,0.8156,0.0000,0.020831,"0.020831;0.020908;0.020877;0.020799;0.020830",6.034473,165714.56,,4.39,0,3452,10,True,nid004308,57240770
SparseHNSW_a0.75_b4_s8x4,"M=32 efC=200 ef=40 alpha=0.75 beta=4 q=u8 seedT=8 seedH=8 seedS=4",64,0.9331691773,0.9881,154.7343,0.8156,0.0000,0.020903,"0.020971;0.020899;0.020883;0.020903;0.020925",6.055330,165143.76,,4.39,0,3452,10,True,nid004308,57240770
SparseHNSW_a0.75_b4_s8x4,"M=32 efC=200 ef=50 alpha=0.75 beta=4 q=u8 seedT=8 seedH=8 seedS=4",64,0.9450753187,0.9928,154.7343,0.8156,0.0000,0.025456,"0.025465;0.025396;0.025432;0.025458;0.025456",7.374276,135606.54,,4.39,0,3452,10,True,nid004308,57240770
SparseHNSW_a0.75_b4_s8x4,"M=32 efC=200 ef=60 alpha=0.75 beta=4 q=u8 seedT=8 seedH=8 seedS=4",64,0.9505793743,0.9928,154.7343,0.8156,0.0000,0.029771,"0.029771;0.029883;0.029730;0.029703;0.029775",8.624276,115951.77,,4.39,0,3452,10,True,nid004308,57240770
SparseHNSW_a0.75_b4_s8x4,"M=32 efC=200 ef=75 alpha=0.75 beta=4 q=u8 seedT=8 seedH=8 seedS=4",64,0.9559675550,0.9951,154.7343,0.8156,0.0000,0.036224,"0.036278;0.036224;0.036106;0.036192;0.036272",10.493627,95295.94,,4.39,0,3452,10,True,nid004308,57240770
SparseHNSW_a0.75_b4_s8x4,"M=32 efC=200 ef=100 alpha=0.75 beta=4 q=u8 seedT=8 seedH=8 seedS=4",64,0.9627172654,0.9968,154.7343,0.8156,0.0000,0.046819,"0.046831;0.046793;0.046819;0.046913;0.046793",13.562862,73730.75,,4.39,0,3452,10,True,nid004308,57240770
SparseHNSW_a0.75_b5_s8x4,"M=32 efC=200 ef=10 alpha=0.75 beta=5 q=u8 seedT=8 seedH=8 seedS=4",64,0.9470741599,0.9928,154.7343,0.8156,0.0000,0.026037,"0.026247;0.026162;0.026037;0.025930;0.025849",7.542584,132580.56,,4.39,0,3452,10,True,nid004308,57240770
SparseHNSW_a0.75_b5_s8x4,"M=32 efC=200 ef=20 alpha=0.75 beta=5 q=u8 seedT=8 seedH=8 seedS=4",64,0.9470741599,0.9928,154.7343,0.8156,0.0000,0.025732,"0.025851;0.025732;0.025659;0.025863;0.025700",7.454229,134152.03,,4.39,0,3452,10,True,nid004308,57240770
SparseHNSW_a0.75_b5_s8x4,"M=32 efC=200 ef=25 alpha=0.75 beta=5 q=u8 seedT=8 seedH=8 seedS=4",64,0.9470741599,0.9928,154.7343,0.8156,0.0000,0.025613,"0.025746;0.025613;0.025708;0.025584;0.025581",7.419757,134775.31,,4.39,0,3452,10,True,nid004308,57240770
SparseHNSW_a0.75_b5_s8x4,"M=32 efC=200 ef=30 alpha=0.75 beta=5 q=u8 seedT=8 seedH=8 seedS=4",64,0.9470741599,0.9928,154.7343,0.8156,0.0000,0.025673,"0.025844;0.025673;0.025693;0.025672;0.025636",7.437138,134460.33,,4.39,0,3452,10,True,nid004308,57240770
SparseHNSW_a0.75_b5_s8x4,"M=32 efC=200 ef=35 alpha=0.75 beta=5 q=u8 seedT=8 seedH=8 seedS=4",64,0.9470741599,0.9928,154.7343,0.8156,0.0000,0.025665,"0.025724;0.025665;0.025640;0.025533;0.025703",7.434820,134502.24,,4.39,0,3452,10,True,nid004308,57240770
SparseHNSW_a0.75_b5_s8x4,"M=32 efC=200 ef=40 alpha=0.75 beta=5 q=u8 seedT=8 seedH=8 seedS=4",64,0.9470741599,0.9928,154.7343,0.8156,0.0000,0.025572,"0.025444;0.025514;0.025615;0.025633;0.025572",7.407879,134991.40,,4.39,0,3452,10,True,nid004308,57240770
SparseHNSW_a0.75_b5_s8x4,"M=32 efC=200 ef=50 alpha=0.75 beta=5 q=u8 seedT=8 seedH=8 seedS=4",64,0.9470741599,0.9928,154.7343,0.8156,0.0000,0.025592,"0.025729;0.025699;0.025533;0.025592;0.025585",7.413673,134885.90,,4.39,0,3452,10,True,nid004308,57240770
SparseHNSW_a0.75_b5_s8x4,"M=32 efC=200 ef=60 alpha=0.75 beta=5 q=u8 seedT=8 seedH=8 seedS=4",64,0.9524623407,0.9928,154.7343,0.8156,0.0000,0.030040,"0.029933;0.030040;0.030069;0.030222;0.029965",8.702202,114913.45,,4.39,0,3452,10,True,nid004308,57240770
SparseHNSW_a0.75_b5_s8x4,"M=32 efC=200 ef=75 alpha=0.75 beta=5 q=u8 seedT=8 seedH=8 seedS=4",64,0.9579084589,0.9951,154.7343,0.8156,0.0000,0.036618,"0.036596;0.036583;0.036706;0.036618;0.036680",10.607764,94270.58,,4.39,0,3452,10,True,nid004308,57240770
SparseHNSW_a0.75_b5_s8x4,"M=32 efC=200 ef=100 alpha=0.75 beta=5 q=u8 seedT=8 seedH=8 seedS=4",64,0.9646871379,0.9968,154.7343,0.8156,0.0000,0.047110,"0.047107;0.047175;0.047154;0.047110;0.047042",13.647161,73275.31,,4.39,0,3452,10,True,nid004308,57240770
SparseHNSW_a0.775_b1_s0x0,"M=32 efC=200 ef=10 alpha=0.775 beta=1 q=u8",64,0.6692641947,0.5122,163.1283,0.8218,0.0000,0.007730,"0.009047;0.008445;0.007730;0.007573;0.007534",2.239282,446571.80,,4.42,0,3452,10,True,nid004308,57240770
SparseHNSW_a0.775_b1_s0x0,"M=32 efC=200 ef=20 alpha=0.775 beta=1 q=u8",64,0.7484067207,0.5970,163.1283,0.8218,0.0000,0.013011,"0.013333;0.013164;0.013011;0.012983;0.012955",3.769119,265313.97,,4.42,0,3452,10,True,nid004308,57240770
SparseHNSW_a0.775_b1_s0x0,"M=32 efC=200 ef=25 alpha=0.775 beta=1 q=u8",64,0.7687137891,0.6150,163.1283,0.8218,0.0000,0.015487,"0.015575;0.015503;0.015444;0.015487;0.015431",4.486385,222896.62,,4.42,0,3452,10,True,nid004308,57240770
SparseHNSW_a0.775_b1_s0x0,"M=32 efC=200 ef=30 alpha=0.775 beta=1 q=u8",64,0.7813151796,0.6264,163.1283,0.8218,0.0000,0.017802,"0.017833;0.017897;0.017772;0.017802;0.017703",5.157010,193910.80,,4.42,0,3452,10,True,nid004308,57240770
SparseHNSW_a0.775_b1_s0x0,"M=32 efC=200 ef=35 alpha=0.775 beta=1 q=u8",64,0.7908748552,0.6358,163.1283,0.8218,0.0000,0.020000,"0.020137;0.020000;0.019927;0.020028;0.019985",5.793743,172600.00,,4.42,0,3452,10,True,nid004308,57240770
SparseHNSW_a0.775_b1_s0x0,"M=32 efC=200 ef=40 alpha=0.775 beta=1 q=u8",64,0.7981749710,0.6423,163.1283,0.8218,0.0000,0.022269,"0.022313;0.022272;0.022269;0.022197;0.022228",6.451043,155013.70,,4.42,0,3452,10,True,nid004308,57240770
SparseHNSW_a0.775_b1_s0x0,"M=32 efC=200 ef=50 alpha=0.775 beta=1 q=u8",64,0.8081112399,0.6499,163.1283,0.8218,0.0000,0.026962,"0.027094;0.026956;0.026962;0.027029;0.026877",7.810545,128032.05,,4.42,0,3452,10,True,nid004308,57240770
SparseHNSW_a0.775_b1_s0x0,"M=32 efC=200 ef=60 alpha=0.775 beta=1 q=u8",64,0.8153823870,0.6579,163.1283,0.8218,0.0000,0.031595,"0.031659;0.031594;0.031562;0.031709;0.031595",9.152665,109257.79,,4.42,0,3452,10,True,nid004308,57240770
SparseHNSW_a0.775_b1_s0x0,"M=32 efC=200 ef=75 alpha=0.775 beta=1 q=u8",64,0.8212920046,0.6640,163.1283,0.8218,0.0000,0.038450,"0.038368;0.038459;0.038311;0.038450;0.038491",11.138470,89778.93,,4.42,0,3452,10,True,nid004308,57240770
SparseHNSW_a0.775_b1_s0x0,"M=32 efC=200 ef=100 alpha=0.775 beta=1 q=u8",64,0.8301564311,0.6733,163.1283,0.8218,0.0000,0.049389,"0.049486;0.049368;0.049483;0.049308;0.049389",14.307358,69894.11,,4.42,0,3452,10,True,nid004308,57240770
SparseHNSW_a0.775_b2_s0x0,"M=32 efC=200 ef=10 alpha=0.775 beta=2 q=u8",64,0.8347334878,0.9213,163.1283,0.8218,0.0000,0.014004,"0.014506;0.014196;0.014004;0.013914;0.013836",4.056779,246501.00,,4.42,0,3452,10,True,nid004308,57240770
SparseHNSW_a0.775_b2_s0x0,"M=32 efC=200 ef=20 alpha=0.775 beta=2 q=u8",64,0.8347334878,0.9213,163.1283,0.8218,0.0000,0.013699,"0.013820;0.013676;0.013720;0.013699;0.013679",3.968424,251989.20,,4.42,0,3452,10,True,nid004308,57240770
SparseHNSW_a0.775_b2_s0x0,"M=32 efC=200 ef=25 alpha=0.775 beta=2 q=u8",64,0.8603128621,0.9398,163.1283,0.8218,0.0000,0.016162,"0.016271;0.016196;0.016128;0.016162;0.016117",4.681924,213587.43,,4.42,0,3452,10,True,nid004308,57240770
SparseHNSW_a0.775_b2_s0x0,"M=32 efC=200 ef=30 alpha=0.775 beta=2 q=u8",64,0.8768829664,0.9510,163.1283,0.8218,0.0000,0.018524,"0.018619;0.018535;0.018463;0.018524;0.018428",5.366165,186352.84,,4.42,0,3452,10,True,nid004308,57240770
SparseHNSW_a0.775_b2_s0x0,"M=32 efC=200 ef=35 alpha=0.775 beta=2 q=u8",64,0.8882966396,0.9580,163.1283,0.8218,0.0000,0.020781,"0.020811;0.020781;0.020735;0.020798;0.020716",6.019988,166113.28,,4.42,0,3452,10,True,nid004308,57240770
SparseHNSW_a0.775_b2_s0x0,"M=32 efC=200 ef=40 alpha=0.775 beta=2 q=u8",64,0.8973638470,0.9638,163.1283,0.8218,0.0000,0.022919,"0.023008;0.022995;0.022919;0.022905;0.022915",6.639340,150617.39,,4.42,0,3452,10,True,nid004308,57240770
SparseHNSW_a0.775_b2_s0x0,"M=32 efC=200 ef=50 alpha=0.775 beta=2 q=u8",64,0.9102838934,0.9713,163.1283,0.8218,0.0000,0.027817,"0.027817;0.027823;0.027895;0.027702;0.027799",8.058227,124096.78,,4.42,0,3452,10,True,nid004308,57240770
SparseHNSW_a0.775_b2_s0x0,"M=32 efC=200 ef=60 alpha=0.775 beta=2 q=u8",64,0.9191193511,0.9768,163.1283,0.8218,0.0000,0.032410,"0.032410;0.032312;0.032436;0.032435;0.032386",9.388760,106510.34,,4.42,0,3452,10,True,nid004308,57240770
SparseHNSW_a0.775_b2_s0x0,"M=32 efC=200 ef=75 alpha=0.775 beta=2 q=u8",64,0.9266222480,0.9812,163.1283,0.8218,0.0000,0.039191,"0.039189;0.039280;0.039243;0.039191;0.038938",11.353129,88081.45,,4.42,0,3452,10,True,nid004308,57240770
SparseHNSW_a0.775_b2_s0x0,"M=32 efC=200 ef=100 alpha=0.775 beta=2 q=u8",64,0.9378041715,0.9887,163.1283,0.8218,0.0000,0.049973,"0.049897;0.049964;0.050016;0.050078;0.049973",14.476535,69077.30,,4.42,0,3452,10,True,nid004308,57240770
SparseHNSW_a0.775_b3_s0x0,"M=32 efC=200 ef=10 alpha=0.775 beta=3 q=u8",64,0.8860950174,0.9510,163.1283,0.8218,0.0000,0.019134,"0.019595;0.019269;0.019103;0.019134;0.018989",5.542874,180411.83,,4.42,0,3452,10,True,nid004308,57240770
SparseHNSW_a0.775_b3_s0x0,"M=32 efC=200 ef=20 alpha=0.775 beta=3 q=u8",64,0.8860950174,0.9510,163.1283,0.8218,0.0000,0.018783,"0.018936;0.018783;0.018778;0.018808;0.018780",5.441194,183783.21,,4.42,0,3452,10,True,nid004308,57240770
SparseHNSW_a0.775_b3_s0x0,"M=32 efC=200 ef=25 alpha=0.775 beta=3 q=u8",64,0.8860950174,0.9510,163.1283,0.8218,0.0000,0.018672,"0.018669;0.018624;0.018752;0.018800;0.018672",5.409038,184875.75,,4.42,0,3452,10,True,nid004308,57240770
SparseHNSW_a0.775_b3_s0x0,"M=32 efC=200 ef=30 alpha=0.775 beta=3 q=u8",64,0.8860950174,0.9510,163.1283,0.8218,0.0000,0.018669,"0.018701;0.018669;0.018703;0.018657;0.018545",5.408169,184905.46,,4.42,0,3452,10,True,nid004308,57240770
SparseHNSW_a0.775_b3_s0x0,"M=32 efC=200 ef=35 alpha=0.775 beta=3 q=u8",64,0.8981460023,0.9580,163.1283,0.8218,0.0000,0.021011,"0.021011;0.020955;0.021036;0.020951;0.021017",6.086616,164294.89,,4.42,0,3452,10,True,nid004308,57240770
SparseHNSW_a0.775_b3_s0x0,"M=32 efC=200 ef=40 alpha=0.775 beta=3 q=u8",64,0.9076187717,0.9638,163.1283,0.8218,0.0000,0.023262,"0.023368;0.023283;0.023241;0.023256;0.023262",6.738702,148396.53,,4.42,0,3452,10,True,nid004308,57240770
SparseHNSW_a0.775_b3_s0x0,"M=32 efC=200 ef=50 alpha=0.775 beta=3 q=u8",64,0.9213789108,0.9713,163.1283,0.8218,0.0000,0.028119,"0.028177;0.028199;0.028119;0.028019;0.028049",8.145713,122763.97,,4.42,0,3452,10,True,nid004308,57240770
SparseHNSW_a0.775_b3_s0x0,"M=32 efC=200 ef=60 alpha=0.775 beta=3 q=u8",64,0.9307647740,0.9768,163.1283,0.8218,0.0000,0.032702,"0.032733;0.032648;0.032584;0.032707;0.032702",9.473349,105559.29,,4.42,0,3452,10,True,nid004308,57240770
SparseHNSW_a0.775_b3_s0x0,"M=32 efC=200 ef=75 alpha=0.775 beta=3 q=u8",64,0.9387891078,0.9812,163.1283,0.8218,0.0000,0.039392,"0.039392;0.039472;0.039381;0.039360;0.039436",11.411356,87632.01,,4.42,0,3452,10,True,nid004308,57240770
SparseHNSW_a0.775_b3_s0x0,"M=32 efC=200 ef=100 alpha=0.775 beta=3 q=u8",64,0.9503765933,0.9887,163.1283,0.8218,0.0000,0.050393,"0.050516;0.050276;0.050393;0.050454;0.050333",14.598204,68501.58,,4.42,0,3452,10,True,nid004308,57240770
SparseHNSW_a0.775_b4_s0x0,"M=32 efC=200 ef=10 alpha=0.775 beta=4 q=u8",64,0.9099362688,0.9638,163.1283,0.8218,0.0000,0.023939,"0.024431;0.024052;0.023939;0.023841;0.023784",6.934820,144199.84,,4.42,0,3452,10,True,nid004308,57240770
SparseHNSW_a0.775_b4_s0x0,"M=32 efC=200 ef=20 alpha=0.775 beta=4 q=u8",64,0.9099362688,0.9638,163.1283,0.8218,0.0000,0.023660,"0.023704;0.023660;0.023622;0.023674;0.023655",6.853998,145900.25,,4.42,0,3452,10,True,nid004308,57240770
SparseHNSW_a0.775_b4_s0x0,"M=32 efC=200 ef=25 alpha=0.775 beta=4 q=u8",64,0.9099362688,0.9638,163.1283,0.8218,0.0000,0.023561,"0.023626;0.023559;0.023490;0.023564;0.023561",6.825319,146513.31,,4.42,0,3452,10,True,nid004308,57240770
SparseHNSW_a0.775_b4_s0x0,"M=32 efC=200 ef=30 alpha=0.775 beta=4 q=u8",64,0.9099362688,0.9638,163.1283,0.8218,0.0000,0.023536,"0.023464;0.023495;0.023635;0.023536;0.023564",6.818076,146668.93,,4.42,0,3452,10,True,nid004308,57240770
SparseHNSW_a0.775_b4_s0x0,"M=32 efC=200 ef=35 alpha=0.775 beta=4 q=u8",64,0.9099362688,0.9638,163.1283,0.8218,0.0000,0.023554,"0.023589;0.023612;0.023544;0.023554;0.023409",6.823291,146556.85,,4.42,0,3452,10,True,nid004308,57240770
SparseHNSW_a0.775_b4_s0x0,"M=32 efC=200 ef=40 alpha=0.775 beta=4 q=u8",64,0.9099362688,0.9638,163.1283,0.8218,0.0000,0.023499,"0.023571;0.023499;0.023455;0.023398;0.023506",6.807358,146899.87,,4.42,0,3452,10,True,nid004308,57240770
SparseHNSW_a0.775_b4_s0x0,"M=32 efC=200 ef=50 alpha=0.775 beta=4 q=u8",64,0.9239281576,0.9713,163.1283,0.8218,0.0000,0.028324,"0.028451;0.028349;0.028324;0.028249;0.028278",8.205098,121875.44,,4.42,0,3452,10,True,nid004308,57240770
SparseHNSW_a0.775_b4_s0x0,"M=32 efC=200 ef=60 alpha=0.775 beta=4 q=u8",64,0.9334588644,0.9771,163.1283,0.8218,0.0000,0.033015,"0.033046;0.032956;0.033015;0.033014;0.033152",9.564021,104558.53,,4.42,0,3452,10,True,nid004308,57240770
SparseHNSW_a0.775_b4_s0x0,"M=32 efC=200 ef=75 alpha=0.775 beta=4 q=u8",64,0.9415701043,0.9815,163.1283,0.8218,0.0000,0.039754,"0.039754;0.039792;0.039666;0.039875;0.039709",11.516222,86834.03,,4.42,0,3452,10,True,nid004308,57240770
SparseHNSW_a0.775_b4_s0x0,"M=32 efC=200 ef=100 alpha=0.775 beta=4 q=u8",64,0.9534762457,0.9887,163.1283,0.8218,0.0000,0.050721,"0.050775;0.050434;0.050721;0.050741;0.050559",14.693221,68058.60,,4.42,0,3452,10,True,nid004308,57240770
SparseHNSW_a0.775_b5_s0x0,"M=32 efC=200 ef=10 alpha=0.775 beta=5 q=u8",64,0.9251738123,0.9713,163.1283,0.8218,0.0000,0.028999,"0.029339;0.028999;0.029125;0.028841;0.028851",8.400637,119038.59,,4.42,0,3452,10,True,nid004308,57240770
SparseHNSW_a0.775_b5_s0x0,"M=32 efC=200 ef=20 alpha=0.775 beta=5 q=u8",64,0.9251738123,0.9713,163.1283,0.8218,0.0000,0.028780,"0.028780;0.028706;0.028761;0.028823;0.028839",8.337196,119944.41,,4.42,0,3452,10,True,nid004308,57240770
SparseHNSW_a0.775_b5_s0x0,"M=32 efC=200 ef=25 alpha=0.775 beta=5 q=u8",64,0.9251738123,0.9713,163.1283,0.8218,0.0000,0.028683,"0.028791;0.028570;0.028683;0.028681;0.028739",8.309096,120350.03,,4.42,0,3452,10,True,nid004308,57240770
SparseHNSW_a0.775_b5_s0x0,"M=32 efC=200 ef=30 alpha=0.775 beta=5 q=u8",64,0.9251738123,0.9713,163.1283,0.8218,0.0000,0.028674,"0.028734;0.028662;0.028761;0.028674;0.028654",8.306489,120387.81,,4.42,0,3452,10,True,nid004308,57240770
SparseHNSW_a0.775_b5_s0x0,"M=32 efC=200 ef=35 alpha=0.775 beta=5 q=u8",64,0.9251738123,0.9713,163.1283,0.8218,0.0000,0.028675,"0.028778;0.028709;0.028632;0.028626;0.028675",8.306779,120383.61,,4.42,0,3452,10,True,nid004308,57240770
SparseHNSW_a0.775_b5_s0x0,"M=32 efC=200 ef=40 alpha=0.775 beta=5 q=u8",64,0.9251738123,0.9713,163.1283,0.8218,0.0000,0.028702,"0.028722;0.028737;0.028702;0.028661;0.028684",8.314600,120270.36,,4.42,0,3452,10,True,nid004308,57240770
SparseHNSW_a0.775_b5_s0x0,"M=32 efC=200 ef=50 alpha=0.775 beta=5 q=u8",64,0.9251738123,0.9713,163.1283,0.8218,0.0000,0.028702,"0.028708;0.028658;0.028702;0.028608;0.028740",8.314600,120270.36,,4.42,0,3452,10,True,nid004308,57240770
SparseHNSW_a0.775_b5_s0x0,"M=32 efC=200 ef=60 alpha=0.775 beta=5 q=u8",64,0.9346755504,0.9771,163.1283,0.8218,0.0000,0.033340,"0.033394;0.033340;0.033241;0.033417;0.033245",9.658169,103539.29,,4.42,0,3452,10,True,nid004308,57240770
SparseHNSW_a0.775_b5_s0x0,"M=32 efC=200 ef=75 alpha=0.775 beta=5 q=u8",64,0.9428447277,0.9815,163.1283,0.8218,0.0000,0.040020,"0.039974;0.040047;0.039986;0.040068;0.040020",11.593279,86256.87,,4.42,0,3452,10,True,nid004308,57240770
SparseHNSW_a0.775_b5_s0x0,"M=32 efC=200 ef=100 alpha=0.775 beta=5 q=u8",64,0.9548088065,0.9887,163.1283,0.8218,0.0000,0.050975,"0.050975;0.050899;0.050890;0.051062;0.051071",14.766802,67719.47,,4.42,0,3452,10,True,nid004308,57240770
SparseHNSW_a0.775_b1_s8x4,"M=32 efC=200 ef=10 alpha=0.775 beta=1 q=u8 seedT=8 seedH=8 seedS=4",64,0.8110660487,0.6515,163.1283,0.8218,0.0000,0.017465,"0.018085;0.017601;0.017465;0.017401;0.017306",5.059386,197652.45,,4.42,0,3452,10,True,nid004308,57240770
SparseHNSW_a0.775_b1_s8x4,"M=32 efC=200 ef=20 alpha=0.775 beta=1 q=u8 seedT=8 seedH=8 seedS=4",64,0.8110660487,0.6515,163.1283,0.8218,0.0000,0.017145,"0.017175;0.017145;0.017197;0.017066;0.017023",4.966686,201341.50,,4.42,0,3452,10,True,nid004308,57240770
SparseHNSW_a0.775_b1_s8x4,"M=32 efC=200 ef=25 alpha=0.775 beta=1 q=u8 seedT=8 seedH=8 seedS=4",64,0.8110660487,0.6515,163.1283,0.8218,0.0000,0.017024,"0.016986;0.017024;0.017043;0.017049;0.017012",4.931634,202772.56,,4.42,0,3452,10,True,nid004308,57240770
SparseHNSW_a0.775_b1_s8x4,"M=32 efC=200 ef=30 alpha=0.775 beta=1 q=u8 seedT=8 seedH=8 seedS=4",64,0.8110660487,0.6515,163.1283,0.8218,0.0000,0.016947,"0.016983;0.016983;0.016947;0.016921;0.016912",4.909328,203693.87,,4.42,0,3452,10,True,nid004308,57240770
SparseHNSW_a0.775_b1_s8x4,"M=32 efC=200 ef=35 alpha=0.775 beta=1 q=u8 seedT=8 seedH=8 seedS=4",64,0.8137022016,0.6538,163.1283,0.8218,0.0000,0.018144,"0.018151;0.018141;0.018150;0.018054;0.018144",5.256083,190255.73,,4.42,0,3452,10,True,nid004308,57240770
SparseHNSW_a0.775_b1_s8x4,"M=32 efC=200 ef=40 alpha=0.775 beta=1 q=u8 seedT=8 seedH=8 seedS=4",64,0.8182213210,0.6577,163.1283,0.8218,0.0000,0.020403,"0.020432;0.020479;0.020403;0.020349;0.020350",5.910487,169190.81,,4.42,0,3452,10,True,nid004308,57240770
SparseHNSW_a0.775_b1_s8x4,"M=32 efC=200 ef=50 alpha=0.775 beta=1 q=u8 seedT=8 seedH=8 seedS=4",64,0.8239281576,0.6627,163.1283,0.8218,0.0000,0.024962,"0.024962;0.024980;0.024969;0.024917;0.024893",7.231170,138290.20,,4.42,0,3452,10,True,nid004308,57240770
SparseHNSW_a0.775_b1_s8x4,"M=32 efC=200 ef=60 alpha=0.775 beta=1 q=u8 seedT=8 seedH=8 seedS=4",64,0.8294901506,0.6693,163.1283,0.8218,0.0000,0.029544,"0.029640;0.029627;0.029518;0.029482;0.029544",8.558517,116842.68,,4.42,0,3452,10,True,nid004308,57240770
SparseHNSW_a0.775_b1_s8x4,"M=32 efC=200 ef=75 alpha=0.775 beta=1 q=u8 seedT=8 seedH=8 seedS=4",64,0.8340961761,0.6758,163.1283,0.8218,0.0000,0.036174,"0.036210;0.036113;0.036148;0.036198;0.036174",10.479143,95427.66,,4.42,0,3452,10,True,nid004308,57240770
SparseHNSW_a0.775_b1_s8x4,"M=32 efC=200 ef=100 alpha=0.775 beta=1 q=u8 seedT=8 seedH=8 seedS=4",64,0.8382387022,0.6799,163.1283,0.8218,0.0000,0.047199,"0.047230;0.047206;0.046979;0.047159;0.047199",13.672943,73137.14,,4.42,0,3452,10,True,nid004308,57240770
SparseHNSW_a0.775_b2_s8x4,"M=32 efC=200 ef=10 alpha=0.775 beta=2 q=u8 seedT=8 seedH=8 seedS=4",64,0.9096176130,0.9820,163.1283,0.8218,0.0000,0.018125,"0.018551;0.018236;0.018125;0.017985;0.017968",5.250579,190455.17,,4.42,0,3452,10,True,nid004308,57240770
SparseHNSW_a0.775_b2_s8x4,"M=32 efC=200 ef=20 alpha=0.775 beta=2 q=u8 seedT=8 seedH=8 seedS=4",64,0.9096176130,0.9820,163.1283,0.8218,0.0000,0.017808,"0.017824;0.017791;0.017808;0.017834;0.017745",5.158749,193845.46,,4.42,0,3452,10,True,nid004308,57240770
SparseHNSW_a0.775_b2_s8x4,"M=32 efC=200 ef=25 alpha=0.775 beta=2 q=u8 seedT=8 seedH=8 seedS=4",64,0.9096176130,0.9820,163.1283,0.8218,0.0000,0.017767,"0.017790;0.017725;0.017767;0.017785;0.017729",5.146871,194292.79,,4.42,0,3452,10,True,nid004308,57240770
SparseHNSW_a0.775_b2_s8x4,"M=32 efC=200 ef=30 alpha=0.775 beta=2 q=u8 seedT=8 seedH=8 seedS=4",64,0.9096176130,0.9820,163.1283,0.8218,0.0000,0.017709,"0.017686;0.017709;0.017750;0.017775;0.017651",5.130070,194929.13,,4.42,0,3452,10,True,nid004308,57240770
SparseHNSW_a0.775_b2_s8x4,"M=32 efC=200 ef=35 alpha=0.775 beta=2 q=u8 seedT=8 seedH=8 seedS=4",64,0.9129779838,0.9838,163.1283,0.8218,0.0000,0.018900,"0.018900;0.018946;0.018922;0.018898;0.018889",5.475087,182645.50,,4.42,0,3452,10,True,nid004308,57240770
SparseHNSW_a0.775_b2_s8x4,"M=32 efC=200 ef=40 alpha=0.775 beta=2 q=u8 seedT=8 seedH=8 seedS=4",64,0.9193511008,0.9858,163.1283,0.8218,0.0000,0.021153,"0.021111;0.021210;0.021156;0.021153;0.021078",6.127752,163191.98,,4.42,0,3452,10,True,nid004308,57240770
SparseHNSW_a0.775_b2_s8x4,"M=32 efC=200 ef=50 alpha=0.775 beta=2 q=u8 seedT=8 seedH=8 seedS=4",64,0.9278968714,0.9873,163.1283,0.8218,0.0000,0.025693,"0.025734;0.025693;0.025696;0.025605;0.025661",7.442932,134355.66,,4.42,0,3452,10,True,nid004308,57240770
SparseHNSW_a0.775_b2_s8x4,"M=32 efC=200 ef=60 alpha=0.775 beta=2 q=u8 seedT=8 seedH=8 seedS=4",64,0.9346465817,0.9910,163.1283,0.8218,0.0000,0.030295,"0.030317;0.030295;0.030326;0.030149;0.030121",8.776072,113946.20,,4.42,0,3452,10,True,nid004308,57240770
SparseHNSW_a0.775_b2_s8x4,"M=32 efC=200 ef=75 alpha=0.775 beta=2 q=u8 seedT=8 seedH=8 seedS=4",64,0.9405851680,0.9928,163.1283,0.8218,0.0000,0.036910,"0.036999;0.037062;0.036907;0.036862;0.036910",10.692352,93524.79,,4.42,0,3452,10,True,nid004308,57240770
SparseHNSW_a0.775_b2_s8x4,"M=32 efC=200 ef=100 alpha=0.775 beta=2 q=u8 seedT=8 seedH=8 seedS=4",64,0.9468424102,0.9948,163.1283,0.8218,0.0000,0.047915,"0.047836;0.047881;0.047974;0.047915;0.048016",13.880359,72044.25,,4.42,0,3452,10,True,nid004308,57240770
SparseHNSW_a0.775_b3_s8x4,"M=32 efC=200 ef=10 alpha=0.775 beta=3 q=u8 seedT=8 seedH=8 seedS=4",64,0.9191193511,0.9820,163.1283,0.8218,0.0000,0.018574,"0.018900;0.018629;0.018574;0.018426;0.018329",5.380649,185851.19,,4.42,0,3452,10,True,nid004308,57240770
SparseHNSW_a0.775_b3_s8x4,"M=32 efC=200 ef=20 alpha=0.775 beta=3 q=u8 seedT=8 seedH=8 seedS=4",64,0.9191193511,0.9820,163.1283,0.8218,0.0000,0.018165,"0.018259;0.018238;0.018141;0.018121;0.018165",5.262167,190035.78,,4.42,0,3452,10,True,nid004308,57240770
SparseHNSW_a0.775_b3_s8x4,"M=32 efC=200 ef=25 alpha=0.775 beta=3 q=u8 seedT=8 seedH=8 seedS=4",64,0.9191193511,0.9820,163.1283,0.8218,0.0000,0.018078,"0.018078;0.018079;0.018050;0.018071;0.018085",5.236964,190950.33,,4.42,0,3452,10,True,nid004308,57240770
SparseHNSW_a0.775_b3_s8x4,"M=32 efC=200 ef=30 alpha=0.775 beta=3 q=u8 seedT=8 seedH=8 seedS=4",64,0.9191193511,0.9820,163.1283,0.8218,0.0000,0.018049,"0.018049;0.017985;0.018063;0.017953;0.018050",5.228563,191257.13,,4.42,0,3452,10,True,nid004308,57240770
SparseHNSW_a0.775_b3_s8x4,"M=32 efC=200 ef=35 alpha=0.775 beta=3 q=u8 seedT=8 seedH=8 seedS=4",64,0.9229432213,0.9838,163.1283,0.8218,0.0000,0.019136,"0.019099;0.019103;0.019197;0.019177;0.019136",5.543453,180392.98,,4.42,0,3452,10,True,nid004308,57240770
SparseHNSW_a0.775_b3_s8x4,"M=32 efC=200 ef=40 alpha=0.775 beta=3 q=u8 seedT=8 seedH=8 seedS=4",64,0.9298377752,0.9858,163.1283,0.8218,0.0000,0.021480,"0.021662;0.021480;0.021421;0.021524;0.021414",6.222480,160707.64,,4.42,0,3452,10,True,nid004308,57240770
SparseHNSW_a0.775_b3_s8x4,"M=32 efC=200 ef=50 alpha=0.775 beta=3 q=u8 seedT=8 seedH=8 seedS=4",64,0.9392236385,0.9873,163.1283,0.8218,0.0000,0.026027,"0.026059;0.026049;0.026027;0.025954;0.026026",7.539687,132631.50,,4.42,0,3452,10,True,nid004308,57240770
SparseHNSW_a0.775_b3_s8x4,"M=32 efC=200 ef=60 alpha=0.775 beta=3 q=u8 seedT=8 seedH=8 seedS=4",64,0.9463209733,0.9910,163.1283,0.8218,0.0000,0.030619,"0.030605;0.030648;0.030619;0.030631;0.030472",8.869930,112740.46,,4.42,0,3452,10,True,nid004308,57240770
SparseHNSW_a0.775_b3_s8x4,"M=32 efC=200 ef=75 alpha=0.775 beta=3 q=u8 seedT=8 seedH=8 seedS=4",64,0.9528679027,0.9928,163.1283,0.8218,0.0000,0.037246,"0.037235;0.037344;0.037362;0.037246;0.037213",10.789687,92681.09,,4.42,0,3452,10,True,nid004308,57240770
SparseHNSW_a0.775_b3_s8x4,"M=32 efC=200 ef=100 alpha=0.775 beta=3 q=u8 seedT=8 seedH=8 seedS=4",64,0.9594438007,0.9948,163.1283,0.8218,0.0000,0.048272,"0.048332;0.048314;0.048231;0.048272;0.048156",13.983778,71511.44,,4.42,0,3452,10,True,nid004308,57240770
SparseHNSW_a0.775_b4_s8x4,"M=32 efC=200 ef=10 alpha=0.775 beta=4 q=u8 seedT=8 seedH=8 seedS=4",64,0.9321263036,0.9858,163.1283,0.8218,0.0000,0.022159,"0.022598;0.022428;0.022159;0.022017;0.021921",6.419177,155783.20,,4.42,0,3452,10,True,nid004308,57240770
SparseHNSW_a0.775_b4_s8x4,"M=32 efC=200 ef=20 alpha=0.775 beta=4 q=u8 seedT=8 seedH=8 seedS=4",64,0.9321263036,0.9858,163.1283,0.8218,0.0000,0.021882,"0.021909;0.021882;0.021882;0.021820;0.021823",6.338934,157755.23,,4.42,0,3452,10,True,nid004308,57240770
SparseHNSW_a0.775_b4_s8x4,"M=32 efC=200 ef=25 alpha=0.775 beta=4 q=u8 seedT=8 seedH=8 seedS=4",64,0.9321263036,0.9858,163.1283,0.8218,0.0000,0.021784,"0.021837;0.021911;0.021779;0.021784;0.021767",6.310545,158464.93,,4.42,0,3452,10,True,nid004308,57240770
SparseHNSW_a0.775_b4_s8x4,"M=32 efC=200 ef=30 alpha=0.775 beta=4 q=u8 seedT=8 seedH=8 seedS=4",64,0.9321263036,0.9858,163.1283,0.8218,0.0000,0.021695,"0.021715;0.021694;0.021704;0.021685;0.021695",6.284762,159115.00,,4.42,0,3452,10,True,nid004308,57240770
SparseHNSW_a0.775_b4_s8x4,"M=32 efC=200 ef=35 alpha=0.775 beta=4 q=u8 seedT=8 seedH=8 seedS=4",64,0.9321263036,0.9858,163.1283,0.8218,0.0000,0.021736,"0.021689;0.021736;0.021798;0.021736;0.021752",6.296640,158814.87,,4.42,0,3452,10,True,nid004308,57240770
SparseHNSW_a0.775_b4_s8x4,"M=32 efC=200 ef=40 alpha=0.775 beta=4 q=u8 seedT=8 seedH=8 seedS=4",64,0.9321263036,0.9858,163.1283,0.8218,0.0000,0.021666,"0.021766;0.021627;0.021630;0.021666;0.021775",6.276362,159327.98,,4.42,0,3452,10,True,nid004308,57240770
SparseHNSW_a0.775_b4_s8x4,"M=32 efC=200 ef=50 alpha=0.775 beta=4 q=u8 seedT=8 seedH=8 seedS=4",64,0.9416570104,0.9873,163.1283,0.8218,0.0000,0.026647,"0.026594;0.027681;0.026945;0.026592;0.026647",7.719293,129545.54,,4.42,0,3452,10,True,nid004308,57240770
SparseHNSW_a0.775_b4_s8x4,"M=32 efC=200 ef=60 alpha=0.775 beta=4 q=u8 seedT=8 seedH=8 seedS=4",64,0.9490150637,0.9910,163.1283,0.8218,0.0000,0.030975,"0.031043;0.031086;0.030975;0.030925;0.030854",8.973059,111444.71,,4.42,0,3452,10,True,nid004308,57240770
SparseHNSW_a0.775_b4_s8x4,"M=32 efC=200 ef=75 alpha=0.775 beta=4 q=u8 seedT=8 seedH=8 seedS=4",64,0.9556199305,0.9928,163.1283,0.8218,0.0000,0.037662,"0.037662;0.037664;0.037604;0.037621;0.037713",10.910197,91657.37,,4.42,0,3452,10,True,nid004308,57240770
SparseHNSW_a0.775_b4_s8x4,"M=32 efC=200 ef=100 alpha=0.775 beta=4 q=u8 seedT=8 seedH=8 seedS=4",64,0.9624565469,0.9948,163.1283,0.8218,0.0000,0.048666,"0.048571;0.048687;0.048515;0.048666;0.048715",14.097914,70932.48,,4.42,0,3452,10,True,nid004308,57240770
SparseHNSW_a0.775_b5_s8x4,"M=32 efC=200 ef=10 alpha=0.775 beta=5 q=u8 seedT=8 seedH=8 seedS=4",64,0.9430185400,0.9873,163.1283,0.8218,0.0000,0.026945,"0.027268;0.027138;0.026945;0.026870;0.026826",7.805620,128112.82,,4.42,0,3452,10,True,nid004308,57240770
SparseHNSW_a0.775_b5_s8x4,"M=32 efC=200 ef=20 alpha=0.775 beta=5 q=u8 seedT=8 seedH=8 seedS=4",64,0.9430185400,0.9873,163.1283,0.8218,0.0000,0.026739,"0.026745;0.026635;0.026739;0.026714;0.026763",7.745944,129099.82,,4.42,0,3452,10,True,nid004308,57240770
SparseHNSW_a0.775_b5_s8x4,"M=32 efC=200 ef=25 alpha=0.775 beta=5 q=u8 seedT=8 seedH=8 seedS=4",64,0.9430185400,0.9873,163.1283,0.8218,0.0000,0.026680,"0.026707;0.026814;0.026652;0.026658;0.026680",7.728853,129385.31,,4.42,0,3452,10,True,nid004308,57240770
SparseHNSW_a0.775_b5_s8x4,"M=32 efC=200 ef=30 alpha=0.775 beta=5 q=u8 seedT=8 seedH=8 seedS=4",64,0.9430185400,0.9873,163.1283,0.8218,0.0000,0.026725,"0.026711;0.026730;0.026747;0.026668;0.026725",7.741889,129167.45,,4.42,0,3452,10,True,nid004308,57240770
SparseHNSW_a0.775_b5_s8x4,"M=32 efC=200 ef=35 alpha=0.775 beta=5 q=u8 seedT=8 seedH=8 seedS=4",64,0.9430185400,0.9873,163.1283,0.8218,0.0000,0.026765,"0.026842;0.026940;0.026755;0.026765;0.026746",7.753476,128974.41,,4.42,0,3452,10,True,nid004308,57240770
SparseHNSW_a0.775_b5_s8x4,"M=32 efC=200 ef=40 alpha=0.775 beta=5 q=u8 seedT=8 seedH=8 seedS=4",64,0.9430185400,0.9873,163.1283,0.8218,0.0000,0.026635,"0.026625;0.026635;0.026663;0.026613;0.026726",7.715817,129603.90,,4.42,0,3452,10,True,nid004308,57240770
SparseHNSW_a0.775_b5_s8x4,"M=32 efC=200 ef=50 alpha=0.775 beta=5 q=u8 seedT=8 seedH=8 seedS=4",64,0.9430185400,0.9873,163.1283,0.8218,0.0000,0.026624,"0.026624;0.026598;0.026618;0.026661;0.026645",7.712630,129657.45,,4.42,0,3452,10,True,nid004308,57240770
SparseHNSW_a0.775_b5_s8x4,"M=32 efC=200 ef=60 alpha=0.775 beta=5 q=u8 seedT=8 seedH=8 seedS=4",64,0.9502896871,0.9910,163.1283,0.8218,0.0000,0.031164,"0.031186;0.031164;0.031142;0.031173;0.031133",9.027810,110768.84,,4.42,0,3452,10,True,nid004308,57240770
SparseHNSW_a0.775_b5_s8x4,"M=32 efC=200 ef=75 alpha=0.775 beta=5 q=u8 seedT=8 seedH=8 seedS=4",64,0.9569235226,0.9928,163.1283,0.8218,0.0000,0.037829,"0.037872;0.037829;0.037746;0.037739;0.037924",10.958575,91252.74,,4.42,0,3452,10,True,nid004308,57240770
SparseHNSW_a0.775_b5_s8x4,"M=32 efC=200 ef=100 alpha=0.775 beta=5 q=u8 seedT=8 seedH=8 seedS=4",64,0.9638470452,0.9948,163.1283,0.8218,0.0000,0.048808,"0.048738;0.048808;0.048781;0.048854;0.048915",14.139050,70726.11,,4.42,0,3452,10,True,nid004308,57240770
SparseHNSW_a0.8_b1_s0x0,"M=32 efC=200 ef=10 alpha=0.8 beta=1 q=u8",64,0.6817786790,0.5181,172.1202,0.8187,0.0000,0.008044,"0.009419;0.008865;0.008044;0.007969;0.007934",2.330243,429139.73,,4.45,0,3452,10,True,nid004308,57240770
SparseHNSW_a0.8_b1_s0x0,"M=32 efC=200 ef=20 alpha=0.8 beta=1 q=u8",64,0.7631228273,0.6049,172.1202,0.8187,0.0000,0.013677,"0.013901;0.013798;0.013677;0.013676;0.013593",3.962051,252394.53,,4.45,0,3452,10,True,nid004308,57240770
SparseHNSW_a0.8_b1_s0x0,"M=32 efC=200 ef=25 alpha=0.8 beta=1 q=u8",64,0.7811413673,0.6221,172.1202,0.8187,0.0000,0.016121,"0.016199;0.016139;0.016105;0.016121;0.016012",4.670046,214130.64,,4.45,0,3452,10,True,nid004308,57240770
SparseHNSW_a0.8_b1_s0x0,"M=32 efC=200 ef=30 alpha=0.8 beta=1 q=u8",64,0.7940614137,0.6347,172.1202,0.8187,0.0000,0.018459,"0.018660;0.018590;0.018457;0.018459;0.018393",5.347335,187009.05,,4.45,0,3452,10,True,nid004308,57240770
SparseHNSW_a0.8_b1_s0x0,"M=32 efC=200 ef=35 alpha=0.8 beta=1 q=u8",64,0.8028968714,0.6416,172.1202,0.8187,0.0000,0.020880,"0.020989;0.020872;0.020880;0.020885;0.020840",6.048667,165325.67,,4.45,0,3452,10,True,nid004308,57240770
SparseHNSW_a0.8_b1_s0x0,"M=32 efC=200 ef=40 alpha=0.8 beta=1 q=u8",64,0.8112398610,0.6505,172.1202,0.8187,0.0000,0.023226,"0.023327;0.023226;0.023113;0.023210;0.023381",6.728273,148626.54,,4.45,0,3452,10,True,nid004308,57240770
SparseHNSW_a0.8_b1_s0x0,"M=32 efC=200 ef=50 alpha=0.8 beta=1 q=u8",64,0.8234646582,0.6621,172.1202,0.8187,0.0000,0.028220,"0.028236;0.028152;0.028126;0.028220;0.028278",8.174971,122324.59,,4.45,0,3452,10,True,nid004308,57240770
SparseHNSW_a0.8_b1_s0x0,"M=32 efC=200 ef=60 alpha=0.8 beta=1 q=u8",64,0.8316917729,0.6699,172.1202,0.8187,0.0000,0.032879,"0.033082;0.032879;0.032912;0.032792;0.032778",9.524623,104991.03,,4.45,0,3452,10,True,nid004308,57240770
SparseHNSW_a0.8_b1_s0x0,"M=32 efC=200 ef=75 alpha=0.8 beta=1 q=u8",64,0.8410196987,0.6773,172.1202,0.8187,0.0000,0.040058,"0.040007;0.040217;0.040058;0.039956;0.040212",11.604287,86175.05,,4.45,0,3452,10,True,nid004308,57240770
SparseHNSW_a0.8_b1_s0x0,"M=32 efC=200 ef=100 alpha=0.8 beta=1 q=u8",64,0.8479721900,0.6848,172.1202,0.8187,0.0000,0.051622,"0.051688;0.051556;0.051622;0.051531;0.051750",14.954229,66870.71,,4.45,0,3452,10,True,nid004308,57240770
SparseHNSW_a0.8_b2_s0x0,"M=32 efC=200 ef=10 alpha=0.8 beta=2 q=u8",64,0.8374565469,0.9200,172.1202,0.8187,0.0000,0.014678,"0.015151;0.014801;0.014678;0.014585;0.014503",4.252028,235181.90,,4.45,0,3452,10,True,nid004308,57240770
SparseHNSW_a0.8_b2_s0x0,"M=32 efC=200 ef=20 alpha=0.8 beta=2 q=u8",64,0.8374565469,0.9200,172.1202,0.8187,0.0000,0.014359,"0.014359;0.014430;0.014364;0.014327;0.014356",4.159618,240406.71,,4.45,0,3452,10,True,nid004308,57240770
SparseHNSW_a0.8_b2_s0x0,"M=32 efC=200 ef=25 alpha=0.8 beta=2 q=u8",64,0.8607473928,0.9345,172.1202,0.8187,0.0000,0.016878,"0.016892;0.016882;0.016878;0.016792;0.016752",4.889340,204526.60,,4.45,0,3452,10,True,nid004308,57240770
SparseHNSW_a0.8_b2_s0x0,"M=32 efC=200 ef=30 alpha=0.8 beta=2 q=u8",64,0.8772595597,0.9444,172.1202,0.8187,0.0000,0.019239,"0.019354;0.019296;0.019239;0.019111;0.019190",5.573291,179427.21,,4.45,0,3452,10,True,nid004308,57240770
SparseHNSW_a0.8_b2_s0x0,"M=32 efC=200 ef=35 alpha=0.8 beta=2 q=u8",64,0.8888180765,0.9519,172.1202,0.8187,0.0000,0.021606,"0.021606;0.021583;0.021597;0.021608;0.021623",6.258980,159770.43,,4.45,0,3452,10,True,nid004308,57240770
SparseHNSW_a0.8_b2_s0x0,"M=32 efC=200 ef=40 alpha=0.8 beta=2 q=u8",64,0.8995365006,0.9586,172.1202,0.8187,0.0000,0.024016,"0.023980;0.024017;0.024050;0.024013;0.024016",6.957126,143737.51,,4.45,0,3452,10,True,nid004308,57240770
SparseHNSW_a0.8_b2_s0x0,"M=32 efC=200 ef=50 alpha=0.8 beta=2 q=u8",64,0.9143684820,0.9699,172.1202,0.8187,0.0000,0.028893,"0.028937;0.028914;0.028884;0.028893;0.028830",8.369930,119475.31,,4.45,0,3452,10,True,nid004308,57240770
SparseHNSW_a0.8_b2_s0x0,"M=32 efC=200 ef=60 alpha=0.8 beta=2 q=u8",64,0.9245944380,0.9768,172.1202,0.8187,0.0000,0.033623,"0.033513;0.033636;0.033623;0.033623;0.033725",9.740151,102667.82,,4.45,0,3452,10,True,nid004308,57240770
SparseHNSW_a0.8_b2_s0x0,"M=32 efC=200 ef=75 alpha=0.8 beta=2 q=u8",64,0.9360950174,0.9841,172.1202,0.8187,0.0000,0.040748,"0.040852;0.040728;0.040879;0.040722;0.040748",11.804171,84715.81,,4.45,0,3452,10,True,nid004308,57240770
SparseHNSW_a0.8_b2_s0x0,"M=32 efC=200 ef=100 alpha=0.8 beta=2 q=u8",64,0.9448435689,0.9890,172.1202,0.8187,0.0000,0.052234,"0.052239;0.052234;0.052436;0.052155;0.052225",15.131518,66087.22,,4.45,0,3452,10,True,nid004308,57240770
SparseHNSW_a0.8_b3_s0x0,"M=32 efC=200 ef=10 alpha=0.8 beta=3 q=u8",64,0.8839803013,0.9444,172.1202,0.8187,0.0000,0.019849,"0.020396;0.020061;0.019849;0.019752;0.019696",5.750000,173913.04,,4.45,0,3452,10,True,nid004308,57240770
SparseHNSW_a0.8_b3_s0x0,"M=32 efC=200 ef=20 alpha=0.8 beta=3 q=u8",64,0.8839803013,0.9444,172.1202,0.8187,0.0000,0.019567,"0.019607;0.019567;0.019622;0.019506;0.019464",5.668308,176419.48,,4.45,0,3452,10,True,nid004308,57240770
SparseHNSW_a0.8_b3_s0x0,"M=32 efC=200 ef=25 alpha=0.8 beta=3 q=u8",64,0.8839803013,0.9444,172.1202,0.8187,0.0000,0.019434,"0.019492;0.019434;0.019446;0.019357;0.019381",5.629780,177626.84,,4.45,0,3452,10,True,nid004308,57240770
SparseHNSW_a0.8_b3_s0x0,"M=32 efC=200 ef=30 alpha=0.8 beta=3 q=u8",64,0.8839803013,0.9444,172.1202,0.8187,0.0000,0.019452,"0.019474;0.019452;0.019484;0.019375;0.019437",5.634994,177462.47,,4.45,0,3452,10,True,nid004308,57240770
SparseHNSW_a0.8_b3_s0x0,"M=32 efC=200 ef=35 alpha=0.8 beta=3 q=u8",64,0.8960602549,0.9519,172.1202,0.8187,0.0000,0.021855,"0.021878;0.021855;0.021869;0.021852;0.021803",6.331112,157950.13,,4.45,0,3452,10,True,nid004308,57240770
SparseHNSW_a0.8_b3_s0x0,"M=32 efC=200 ef=40 alpha=0.8 beta=3 q=u8",64,0.9070104287,0.9586,172.1202,0.8187,0.0000,0.024331,"0.024363;0.024445;0.024283;0.024331;0.024270",7.048378,141876.62,,4.45,0,3452,10,True,nid004308,57240770
SparseHNSW_a0.8_b3_s0x0,"M=32 efC=200 ef=50 alpha=0.8 beta=3 q=u8",64,0.9224797219,0.9699,172.1202,0.8187,0.0000,0.029182,"0.029174;0.029244;0.029182;0.029187;0.029152",8.453650,118292.10,,4.45,0,3452,10,True,nid004308,57240770
SparseHNSW_a0.8_b3_s0x0,"M=32 efC=200 ef=60 alpha=0.8 beta=3 q=u8",64,0.9330822711,0.9768,172.1202,0.8187,0.0000,0.034019,"0.034019;0.033960;0.034025;0.034045;0.034010",9.854867,101472.71,,4.45,0,3452,10,True,nid004308,57240770
SparseHNSW_a0.8_b3_s0x0,"M=32 efC=200 ef=75 alpha=0.8 beta=3 q=u8",64,0.9450173812,0.9841,172.1202,0.8187,0.0000,0.041031,"0.041148;0.041196;0.041017;0.041031;0.041016",11.886153,84131.51,,4.45,0,3452,10,True,nid004308,57240770
SparseHNSW_a0.8_b3_s0x0,"M=32 efC=200 ef=100 alpha=0.8 beta=3 q=u8",64,0.9539107764,0.9890,172.1202,0.8187,0.0000,0.052527,"0.052551;0.052544;0.052527;0.052484;0.052393",15.216396,65718.58,,4.45,0,3452,10,True,nid004308,57240770
SparseHNSW_a0.8_b4_s0x0,"M=32 efC=200 ef=10 alpha=0.8 beta=4 q=u8",64,0.9083719583,0.9586,172.1202,0.8187,0.0000,0.024877,"0.025360;0.025144;0.024877;0.024707;0.024728",7.206547,138762.71,,4.45,0,3452,10,True,nid004308,57240770
SparseHNSW_a0.8_b4_s0x0,"M=32 efC=200 ef=20 alpha=0.8 beta=4 q=u8",64,0.9083719583,0.9586,172.1202,0.8187,0.0000,0.024633,"0.024633;0.024678;0.024759;0.024633;0.024564",7.135863,140137.21,,4.45,0,3452,10,True,nid004308,57240770
SparseHNSW_a0.8_b4_s0x0,"M=32 efC=200 ef=25 alpha=0.8 beta=4 q=u8",64,0.9083719583,0.9586,172.1202,0.8187,0.0000,0.024576,"0.024639;0.024572;0.024586;0.024576;0.024454",7.119351,140462.24,,4.45,0,3452,10,True,nid004308,57240770
SparseHNSW_a0.8_b4_s0x0,"M=32 efC=200 ef=30 alpha=0.8 beta=4 q=u8",64,0.9083719583,0.9586,172.1202,0.8187,0.0000,0.024576,"0.024644;0.024544;0.024598;0.024570;0.024576",7.119351,140462.24,,4.45,0,3452,10,True,nid004308,57240770
SparseHNSW_a0.8_b4_s0x0,"M=32 efC=200 ef=35 alpha=0.8 beta=4 q=u8",64,0.9083719583,0.9586,172.1202,0.8187,0.0000,0.024592,"0.024587;0.024556;0.024679;0.024594;0.024592",7.123986,140370.85,,4.45,0,3452,10,True,nid004308,57240770
SparseHNSW_a0.8_b4_s0x0,"M=32 efC=200 ef=40 alpha=0.8 beta=4 q=u8",64,0.9083719583,0.9586,172.1202,0.8187,0.0000,0.024528,"0.024536;0.024528;0.024437;0.024474;0.024542",7.105446,140737.12,,4.45,0,3452,10,True,nid004308,57240770
SparseHNSW_a0.8_b4_s0x0,"M=32 efC=200 ef=50 alpha=0.8 beta=4 q=u8",64,0.9241309386,0.9699,172.1202,0.8187,0.0000,0.029436,"0.029526;0.029385;0.029418;0.029436;0.029505",8.527231,117271.37,,4.45,0,3452,10,True,nid004308,57240770
SparseHNSW_a0.8_b4_s0x0,"M=32 efC=200 ef=60 alpha=0.8 beta=4 q=u8",64,0.9349073001,0.9768,172.1202,0.8187,0.0000,0.034210,"0.034210;0.034335;0.034161;0.034201;0.034218",9.910197,100906.17,,4.45,0,3452,10,True,nid004308,57240770
SparseHNSW_a0.8_b4_s0x0,"M=32 efC=200 ef=75 alpha=0.8 beta=4 q=u8",64,0.9468134415,0.9841,172.1202,0.8187,0.0000,0.041489,"0.041295;0.041508;0.041506;0.041459;0.041489",12.018830,83202.78,,4.45,0,3452,10,True,nid004308,57240770
SparseHNSW_a0.8_b4_s0x0,"M=32 efC=200 ef=100 alpha=0.8 beta=4 q=u8",64,0.9558227115,0.9890,172.1202,0.8187,0.0000,0.052850,"0.052804;0.052946;0.052850;0.052696;0.052856",15.309965,65316.93,,4.45,0,3452,10,True,nid004308,57240770
SparseHNSW_a0.8_b5_s0x0,"M=32 efC=200 ef=10 alpha=0.8 beta=5 q=u8",64,0.9247103129,0.9699,172.1202,0.8187,0.0000,0.030097,"0.030437;0.030220;0.030012;0.030034;0.030097",8.718714,114695.82,,4.45,0,3452,10,True,nid004308,57240770
SparseHNSW_a0.8_b5_s0x0,"M=32 efC=200 ef=20 alpha=0.8 beta=5 q=u8",64,0.9247103129,0.9699,172.1202,0.8187,0.0000,0.029949,"0.029915;0.029961;0.030016;0.029949;0.029793",8.675840,115262.61,,4.45,0,3452,10,True,nid004308,57240770
SparseHNSW_a0.8_b5_s0x0,"M=32 efC=200 ef=25 alpha=0.8 beta=5 q=u8",64,0.9247103129,0.9699,172.1202,0.8187,0.0000,0.029762,"0.029918;0.029759;0.029750;0.029762;0.029835",8.621669,115986.83,,4.45,0,3452,10,True,nid004308,57240770
SparseHNSW_a0.8_b5_s0x0,"M=32 efC=200 ef=30 alpha=0.8 beta=5 q=u8",64,0.9247103129,0.9699,172.1202,0.8187,0.0000,0.029786,"0.029782;0.029807;0.029738;0.029786;0.029872",8.628621,115893.37,,4.45,0,3452,10,True,nid004308,57240770
SparseHNSW_a0.8_b5_s0x0,"M=32 efC=200 ef=35 alpha=0.8 beta=5 q=u8",64,0.9247103129,0.9699,172.1202,0.8187,0.0000,0.029788,"0.029700;0.029859;0.029759;0.029829;0.029788",8.629200,115885.59,,4.45,0,3452,10,True,nid004308,57240770
SparseHNSW_a0.8_b5_s0x0,"M=32 efC=200 ef=40 alpha=0.8 beta=5 q=u8",64,0.9247103129,0.9699,172.1202,0.8187,0.0000,0.029760,"0.029840;0.029746;0.029674;0.029760;0.029832",8.621089,115994.62,,4.45,0,3452,10,True,nid004308,57240770
SparseHNSW_a0.8_b5_s0x0,"M=32 efC=200 ef=50 alpha=0.8 beta=5 q=u8",64,0.9247103129,0.9699,172.1202,0.8187,0.0000,0.029791,"0.029857;0.029985;0.029772;0.029791;0.029766",8.630070,115873.92,,4.45,0,3452,10,True,nid004308,57240770
SparseHNSW_a0.8_b5_s0x0,"M=32 efC=200 ef=60 alpha=0.8 beta=5 q=u8",64,0.9354866744,0.9768,172.1202,0.8187,0.0000,0.034515,"0.034514;0.034515;0.034678;0.034607;0.034447",9.998552,100014.49,,4.45,0,3452,10,True,nid004308,57240770
SparseHNSW_a0.8_b5_s0x0,"M=32 efC=200 ef=75 alpha=0.8 beta=5 q=u8",64,0.9475376593,0.9841,172.1202,0.8187,0.0000,0.041708,"0.041656;0.041759;0.041771;0.041708;0.041671",12.082271,82765.90,,4.45,0,3452,10,True,nid004308,57240770
SparseHNSW_a0.8_b5_s0x0,"M=32 efC=200 ef=100 alpha=0.8 beta=5 q=u8",64,0.9566338355,0.9890,172.1202,0.8187,0.0000,0.053174,"0.052995;0.053323;0.053182;0.053174;0.053165",15.403824,64918.95,,4.45,0,3452,10,True,nid004308,57240770
SparseHNSW_a0.8_b1_s8x4,"M=32 efC=200 ef=10 alpha=0.8 beta=1 q=u8 seedT=8 seedH=8 seedS=4",64,0.8251448436,0.6579,172.1202,0.8187,0.0000,0.018237,"0.018835;0.018547;0.018237;0.018201;0.018055",5.283024,189285.52,,4.45,0,3452,10,True,nid004308,57240770
SparseHNSW_a0.8_b1_s8x4,"M=32 efC=200 ef=20 alpha=0.8 beta=1 q=u8 seedT=8 seedH=8 seedS=4",64,0.8251448436,0.6579,172.1202,0.8187,0.0000,0.017877,"0.017998;0.017966;0.017854;0.017877;0.017847",5.178737,193097.28,,4.45,0,3452,10,True,nid004308,57240770
SparseHNSW_a0.8_b1_s8x4,"M=32 efC=200 ef=25 alpha=0.8 beta=1 q=u8 seedT=8 seedH=8 seedS=4",64,0.8251448436,0.6579,172.1202,0.8187,0.0000,0.017780,"0.017780;0.017807;0.017771;0.017781;0.017652",5.150637,194150.73,,4.45,0,3452,10,True,nid004308,57240770
SparseHNSW_a0.8_b1_s8x4,"M=32 efC=200 ef=30 alpha=0.8 beta=1 q=u8 seedT=8 seedH=8 seedS=4",64,0.8251738123,0.6577,172.1202,0.8187,0.0000,0.017688,"0.017752;0.017695;0.017657;0.017688;0.017671",5.123986,195160.56,,4.45,0,3452,10,True,nid004308,57240770
SparseHNSW_a0.8_b1_s8x4,"M=32 efC=200 ef=35 alpha=0.8 beta=1 q=u8 seedT=8 seedH=8 seedS=4",64,0.8292294322,0.6613,172.1202,0.8187,0.0000,0.018892,"0.018951;0.018892;0.018929;0.018774;0.018823",5.472769,182722.85,,4.45,0,3452,10,True,nid004308,57240770
SparseHNSW_a0.8_b1_s8x4,"M=32 efC=200 ef=40 alpha=0.8 beta=1 q=u8 seedT=8 seedH=8 seedS=4",64,0.8334009270,0.6665,172.1202,0.8187,0.0000,0.021341,"0.021410;0.021341;0.021399;0.021334;0.021288",6.182213,161754.37,,4.45,0,3452,10,True,nid004308,57240770
SparseHNSW_a0.8_b1_s8x4,"M=32 efC=200 ef=50 alpha=0.8 beta=1 q=u8 seedT=8 seedH=8 seedS=4",64,0.8405851680,0.6756,172.1202,0.8187,0.0000,0.026147,"0.026169;0.026036;0.026161;0.026147;0.026022",7.574450,132022.79,,4.45,0,3452,10,True,nid004308,57240770
SparseHNSW_a0.8_b1_s8x4,"M=32 efC=200 ef=60 alpha=0.8 beta=1 q=u8 seedT=8 seedH=8 seedS=4",64,0.8463209733,0.6816,172.1202,0.8187,0.0000,0.030851,"0.030849;0.030955;0.030851;0.030825;0.030853",8.937138,111892.65,,4.45,0,3452,10,True,nid004308,57240770
SparseHNSW_a0.8_b1_s8x4,"M=32 efC=200 ef=75 alpha=0.8 beta=1 q=u8 seedT=8 seedH=8 seedS=4",64,0.8512746234,0.6848,172.1202,0.8187,0.0000,0.037896,"0.037916;0.037970;0.037896;0.037885;0.037619",10.977984,91091.41,,4.45,0,3452,10,True,nid004308,57240770
SparseHNSW_a0.8_b1_s8x4,"M=32 efC=200 ef=100 alpha=0.8 beta=1 q=u8 seedT=8 seedH=8 seedS=4",64,0.8567207416,0.6912,172.1202,0.8187,0.0000,0.049234,"0.049186;0.049390;0.049234;0.049296;0.049198",14.262457,70114.15,,4.45,0,3452,10,True,nid004308,57240770
SparseHNSW_a0.8_b2_s8x4,"M=32 efC=200 ef=10 alpha=0.8 beta=2 q=u8 seedT=8 seedH=8 seedS=4",64,0.9122537659,0.9789,172.1202,0.8187,0.0000,0.018888,"0.019385;0.019096;0.018888;0.018854;0.018725",5.471611,182761.54,,4.45,0,3452,10,True,nid004308,57240770
SparseHNSW_a0.8_b2_s8x4,"M=32 efC=200 ef=20 alpha=0.8 beta=2 q=u8 seedT=8 seedH=8 seedS=4",64,0.9122537659,0.9789,172.1202,0.8187,0.0000,0.018620,"0.018664;0.018620;0.018580;0.018564;0.018628",5.393975,185392.05,,4.45,0,3452,10,True,nid004308,57240770
SparseHNSW_a0.8_b2_s8x4,"M=32 efC=200 ef=25 alpha=0.8 beta=2 q=u8 seedT=8 seedH=8 seedS=4",64,0.9122537659,0.9789,172.1202,0.8187,0.0000,0.018488,"0.018469;0.018488;0.018513;0.018462;0.018517",5.355736,186715.71,,4.45,0,3452,10,True,nid004308,57240770
SparseHNSW_a0.8_b2_s8x4,"M=32 efC=200 ef=30 alpha=0.8 beta=2 q=u8 seedT=8 seedH=8 seedS=4",64,0.9123117034,0.9789,172.1202,0.8187,0.0000,0.018429,"0.018487;0.018461;0.018425;0.018421;0.018429",5.338644,187313.47,,4.45,0,3452,10,True,nid004308,57240770
SparseHNSW_a0.8_b2_s8x4,"M=32 efC=200 ef=35 alpha=0.8 beta=2 q=u8 seedT=8 seedH=8 seedS=4",64,0.9177867903,0.9815,172.1202,0.8187,0.0000,0.019627,"0.019693;0.019627;0.019717;0.019575;0.019607",5.685689,175880.17,,4.45,0,3452,10,True,nid004308,57240770
SparseHNSW_a0.8_b2_s8x4,"M=32 efC=200 ef=40 alpha=0.8 beta=2 q=u8 seedT=8 seedH=8 seedS=4",64,0.9237833140,0.9838,172.1202,0.8187,0.0000,0.022108,"0.022108;0.022173;0.022086;0.022123;0.022049",6.404403,156142.57,,4.45,0,3452,10,True,nid004308,57240770
SparseHNSW_a0.8_b2_s8x4,"M=32 efC=200 ef=50 alpha=0.8 beta=2 q=u8 seedT=8 seedH=8 seedS=4",64,0.9331981460,0.9878,172.1202,0.8187,0.0000,0.026878,"0.026878;0.026909;0.026775;0.026896;0.026781",7.786211,128432.18,,4.45,0,3452,10,True,nid004308,57240770
SparseHNSW_a0.8_b2_s8x4,"M=32 efC=200 ef=60 alpha=0.8 beta=2 q=u8 seedT=8 seedH=8 seedS=4",64,0.9405851680,0.9913,172.1202,0.8187,0.0000,0.031666,"0.031648;0.031738;0.031640;0.031774;0.031666",9.173233,109012.82,,4.45,0,3452,10,True,nid004308,57240770
SparseHNSW_a0.8_b2_s8x4,"M=32 efC=200 ef=75 alpha=0.8 beta=2 q=u8 seedT=8 seedH=8 seedS=4",64,0.9473059096,0.9939,172.1202,0.8187,0.0000,0.038524,"0.038607;0.038484;0.038574;0.038524;0.038510",11.159907,89606.48,,4.45,0,3452,10,True,nid004308,57240770
SparseHNSW_a0.8_b2_s8x4,"M=32 efC=200 ef=100 alpha=0.8 beta=2 q=u8 seedT=8 seedH=8 seedS=4",64,0.9544611819,0.9965,172.1202,0.8187,0.0000,0.049968,"0.050117;0.049968;0.050097;0.049887;0.049934",14.475087,69084.21,,4.45,0,3452,10,True,nid004308,57240770
SparseHNSW_a0.8_b3_s8x4,"M=32 efC=200 ef=10 alpha=0.8 beta=3 q=u8 seedT=8 seedH=8 seedS=4",64,0.9194669757,0.9789,172.1202,0.8187,0.0000,0.019284,"0.019746;0.019471;0.019284;0.019133;0.019103",5.586327,179008.50,,4.45,0,3452,10,True,nid004308,57240770
SparseHNSW_a0.8_b3_s8x4,"M=32 efC=200 ef=20 alpha=0.8 beta=3 q=u8 seedT=8 seedH=8 seedS=4",64,0.9194669757,0.9789,172.1202,0.8187,0.0000,0.018931,"0.018985;0.019037;0.018931;0.018908;0.018834",5.484067,182346.42,,4.45,0,3452,10,True,nid004308,57240770
SparseHNSW_a0.8_b3_s8x4,"M=32 efC=200 ef=25 alpha=0.8 beta=3 q=u8 seedT=8 seedH=8 seedS=4",64,0.9194669757,0.9789,172.1202,0.8187,0.0000,0.018849,"0.018851;0.018849;0.018881;0.018839;0.018761",5.460313,183139.69,,4.45,0,3452,10,True,nid004308,57240770
SparseHNSW_a0.8_b3_s8x4,"M=32 efC=200 ef=30 alpha=0.8 beta=3 q=u8 seedT=8 seedH=8 seedS=4",64,0.9194669757,0.9789,172.1202,0.8187,0.0000,0.018724,"0.018853;0.018724;0.018738;0.018724;0.018704",5.424102,184362.32,,4.45,0,3452,10,True,nid004308,57240770
SparseHNSW_a0.8_b3_s8x4,"M=32 efC=200 ef=35 alpha=0.8 beta=3 q=u8 seedT=8 seedH=8 seedS=4",64,0.9250289687,0.9815,172.1202,0.8187,0.0000,0.019956,"0.020071;0.019924;0.019966;0.019956;0.019912",5.780997,172980.56,,4.45,0,3452,10,True,nid004308,57240770
SparseHNSW_a0.8_b3_s8x4,"M=32 efC=200 ef=40 alpha=0.8 beta=3 q=u8 seedT=8 seedH=8 seedS=4",64,0.9313151796,0.9838,172.1202,0.8187,0.0000,0.022473,"0.022497;0.022459;0.022473;0.022481;0.022327",6.510139,153606.55,,4.45,0,3452,10,True,nid004308,57240770
SparseHNSW_a0.8_b3_s8x4,"M=32 efC=200 ef=50 alpha=0.8 beta=3 q=u8 seedT=8 seedH=8 seedS=4",64,0.9414542294,0.9878,172.1202,0.8187,0.0000,0.027141,"0.027219;0.027182;0.027141;0.027124;0.027105",7.862399,127187.65,,4.45,0,3452,10,True,nid004308,57240770
SparseHNSW_a0.8_b3_s8x4,"M=32 efC=200 ef=60 alpha=0.8 beta=3 q=u8 seedT=8 seedH=8 seedS=4",64,0.9492468134,0.9913,172.1202,0.8187,0.0000,0.031941,"0.032019;0.032073;0.031941;0.031927;0.031939",9.252897,108074.26,,4.45,0,3452,10,True,nid004308,57240770
SparseHNSW_a0.8_b3_s8x4,"M=32 efC=200 ef=75 alpha=0.8 beta=3 q=u8 seedT=8 seedH=8 seedS=4",64,0.9563151796,0.9939,172.1202,0.8187,0.0000,0.038812,"0.038836;0.038809;0.038878;0.038812;0.038700",11.243337,88941.56,,4.45,0,3452,10,True,nid004308,57240770
SparseHNSW_a0.8_b3_s8x4,"M=32 efC=200 ef=100 alpha=0.8 beta=3 q=u8 seedT=8 seedH=8 seedS=4",64,0.9636732329,0.9965,172.1202,0.8187,0.0000,0.050284,"0.050284;0.050160;0.050286;0.050135;0.050367",14.566628,68650.07,,4.45,0,3452,10,True,nid004308,57240770
SparseHNSW_a0.8_b4_s8x4,"M=32 efC=200 ef=10 alpha=0.8 beta=4 q=u8 seedT=8 seedH=8 seedS=4",64,0.9327056779,0.9838,172.1202,0.8187,0.0000,0.023141,"0.023603;0.023217;0.023141;0.023043;0.022991",6.703650,149172.46,,4.45,0,3452,10,True,nid004308,57240770
SparseHNSW_a0.8_b4_s8x4,"M=32 efC=200 ef=20 alpha=0.8 beta=4 q=u8 seedT=8 seedH=8 seedS=4",64,0.9327056779,0.9838,172.1202,0.8187,0.0000,0.022893,"0.022882;0.022893;0.022950;0.022908;0.022818",6.631808,150788.45,,4.45,0,3452,10,True,nid004308,57240770
SparseHNSW_a0.8_b4_s8x4,"M=32 efC=200 ef=25 alpha=0.8 beta=4 q=u8 seedT=8 seedH=8 seedS=4",64,0.9327056779,0.9838,172.1202,0.8187,0.0000,0.022694,"0.022769;0.022797;0.022682;0.022650;0.022694",6.574160,152110.69,,4.45,0,3452,10,True,nid004308,57240770
SparseHNSW_a0.8_b4_s8x4,"M=32 efC=200 ef=30 alpha=0.8 beta=4 q=u8 seedT=8 seedH=8 seedS=4",64,0.9327056779,0.9838,172.1202,0.8187,0.0000,0.022772,"0.022785;0.022772;0.022772;0.022666;0.022691",6.596756,151589.67,,4.45,0,3452,10,True,nid004308,57240770
SparseHNSW_a0.8_b4_s8x4,"M=32 efC=200 ef=35 alpha=0.8 beta=4 q=u8 seedT=8 seedH=8 seedS=4",64,0.9327056779,0.9838,172.1202,0.8187,0.0000,0.022705,"0.022731;0.022661;0.022623;0.022705;0.022726",6.577346,152037.00,,4.45,0,3452,10,True,nid004308,57240770
SparseHNSW_a0.8_b4_s8x4,"M=32 efC=200 ef=40 alpha=0.8 beta=4 q=u8 seedT=8 seedH=8 seedS=4",64,0.9327056779,0.9838,172.1202,0.8187,0.0000,0.022705,"0.022675;0.022705;0.022668;0.022712;0.022713",6.577346,152037.00,,4.45,0,3452,10,True,nid004308,57240770
SparseHNSW_a0.8_b4_s8x4,"M=32 efC=200 ef=50 alpha=0.8 beta=4 q=u8 seedT=8 seedH=8 seedS=4",64,0.9431054461,0.9878,172.1202,0.8187,0.0000,0.027395,"0.027368;0.027395;0.027371;0.027481;0.027593",7.935979,126008.40,,4.45,0,3452,10,True,nid004308,57240770
SparseHNSW_a0.8_b4_s8x4,"M=32 efC=200 ef=60 alpha=0.8 beta=4 q=u8 seedT=8 seedH=8 seedS=4",64,0.9510428737,0.9913,172.1202,0.8187,0.0000,0.032269,"0.032328;0.032358;0.032269;0.032212;0.032204",9.347914,106975.74,,4.45,0,3452,10,True,nid004308,57240770
SparseHNSW_a0.8_b4_s8x4,"M=32 efC=200 ef=75 alpha=0.8 beta=4 q=u8 seedT=8 seedH=8 seedS=4",64,0.9581402086,0.9939,172.1202,0.8187,0.0000,0.039274,"0.039219;0.039361;0.039383;0.039274;0.039224",11.377173,87895.30,,4.45,0,3452,10,True,nid004308,57240770
SparseHNSW_a0.8_b4_s8x4,"M=32 efC=200 ef=100 alpha=0.8 beta=4 q=u8 seedT=8 seedH=8 seedS=4",64,0.9655851680,0.9965,172.1202,0.8187,0.0000,0.050567,"0.050561;0.050650;0.050630;0.050567;0.050492",14.648610,68265.87,,4.45,0,3452,10,True,nid004308,57240770
SparseHNSW_a0.8_b5_s8x4,"M=32 efC=200 ef=10 alpha=0.8 beta=5 q=u8 seedT=8 seedH=8 seedS=4",64,0.9436558517,0.9878,172.1202,0.8187,0.0000,0.028047,"0.028328;0.028181;0.028047;0.028039;0.028019",8.124855,123079.12,,4.45,0,3452,10,True,nid004308,57240770
SparseHNSW_a0.8_b5_s8x4,"M=32 efC=200 ef=20 alpha=0.8 beta=5 q=u8 seedT=8 seedH=8 seedS=4",64,0.9436558517,0.9878,172.1202,0.8187,0.0000,0.027901,"0.027953;0.027901;0.027838;0.027972;0.027900",8.082561,123723.16,,4.45,0,3452,10,True,nid004308,57240770
SparseHNSW_a0.8_b5_s8x4,"M=32 efC=200 ef=25 alpha=0.8 beta=5 q=u8 seedT=8 seedH=8 seedS=4",64,0.9436558517,0.9878,172.1202,0.8187,0.0000,0.027851,"0.027851;0.027874;0.027862;0.027850;0.027764",8.068076,123945.28,,4.45,0,3452,10,True,nid004308,57240770
SparseHNSW_a0.8_b5_s8x4,"M=32 efC=200 ef=30 alpha=0.8 beta=5 q=u8 seedT=8 seedH=8 seedS=4",64,0.9436558517,0.9878,172.1202,0.8187,0.0000,0.027751,"0.027772;0.027751;0.027825;0.027698;0.027745",8.039108,124391.91,,4.45,0,3452,10,True,nid004308,57240770
SparseHNSW_a0.8_b5_s8x4,"M=32 efC=200 ef=35 alpha=0.8 beta=5 q=u8 seedT=8 seedH=8 seedS=4",64,0.9436558517,0.9878,172.1202,0.8187,0.0000,0.027732,"0.027732;0.027817;0.027766;0.027676;0.027670",8.033604,124477.14,,4.45,0,3452,10,True,nid004308,57240770
SparseHNSW_a0.8_b5_s8x4,"M=32 efC=200 ef=40 alpha=0.8 beta=5 q=u8 seedT=8 seedH=8 seedS=4",64,0.9436558517,0.9878,172.1202,0.8187,0.0000,0.027664,"0.027664;0.027607;0.027626;0.027812;0.027773",8.013905,124783.11,,4.45,0,3452,10,True,nid004308,57240770
SparseHNSW_a0.8_b5_s8x4,"M=32 efC=200 ef=50 alpha=0.8 beta=5 q=u8 seedT=8 seedH=8 seedS=4",64,0.9436558517,0.9878,172.1202,0.8187,0.0000,0.027698,"0.027738;0.027831;0.027624;0.027561;0.027698",8.023754,124629.94,,4.45,0,3452,10,True,nid004308,57240770
SparseHNSW_a0.8_b5_s8x4,"M=32 efC=200 ef=60 alpha=0.8 beta=5 q=u8 seedT=8 seedH=8 seedS=4",64,0.9516222480,0.9913,172.1202,0.8187,0.0000,0.032615,"0.032714;0.032615;0.032624;0.032544;0.032490",9.448146,105840.87,,4.45,0,3452,10,True,nid004308,57240770
SparseHNSW_a0.8_b5_s8x4,"M=32 efC=200 ef=75 alpha=0.8 beta=5 q=u8 seedT=8 seedH=8 seedS=4",64,0.9588644264,0.9939,172.1202,0.8187,0.0000,0.039504,"0.039504;0.039443;0.039555;0.039419;0.039610",11.443801,87383.56,,4.45,0,3452,10,True,nid004308,57240770
SparseHNSW_a0.8_b5_s8x4,"M=32 efC=200 ef=100 alpha=0.8 beta=5 q=u8 seedT=8 seedH=8 seedS=4",64,0.9663673233,0.9965,172.1202,0.8187,0.0000,0.050909,"0.050909;0.051084;0.050801;0.050928;0.050707",14.747683,67807.26,,4.45,0,3452,10,True,nid004308,57240770
SparseHNSW_a0.825_b1_s0x0,"M=32 efC=200 ef=10 alpha=0.825 beta=1 q=u8",64,0.6960602549,0.5203,181.8762,0.8222,0.0000,0.008616,"0.009818;0.009382;0.008616;0.008389;0.008323",2.495944,400649.95,,4.49,0,3452,10,True,nid004308,57240770
SparseHNSW_a0.825_b1_s0x0,"M=32 efC=200 ef=20 alpha=0.825 beta=1 q=u8",64,0.7765643105,0.6096,181.8762,0.8222,0.0000,0.014319,"0.014481;0.014389;0.014319;0.014293;0.014317",4.148030,241078.29,,4.49,0,3452,10,True,nid004308,57240770
SparseHNSW_a0.825_b1_s0x0,"M=32 efC=200 ef=25 alpha=0.825 beta=1 q=u8",64,0.7985805330,0.6329,181.8762,0.8222,0.0000,0.017088,"0.017187;0.017088;0.017131;0.017012;0.016956",4.950174,202013.11,,4.49,0,3452,10,True,nid004308,57240770
SparseHNSW_a0.825_b1_s0x0,"M=32 efC=200 ef=30 alpha=0.825 beta=1 q=u8",64,0.8123986095,0.6479,181.8762,0.8222,0.0000,0.019490,"0.019490;0.019515;0.019523;0.019479;0.019356",5.646002,177116.47,,4.49,0,3452,10,True,nid004308,57240770
SparseHNSW_a0.825_b1_s0x0,"M=32 efC=200 ef=35 alpha=0.825 beta=1 q=u8",64,0.8226825029,0.6575,181.8762,0.8222,0.0000,0.021850,"0.021986;0.021916;0.021847;0.021850;0.021795",6.329664,157986.27,,4.49,0,3452,10,True,nid004308,57240770
SparseHNSW_a0.825_b1_s0x0,"M=32 efC=200 ef=40 alpha=0.825 beta=1 q=u8",64,0.8304750869,0.6647,181.8762,0.8222,0.0000,0.024413,"0.024495;0.024413;0.024404;0.024430;0.024350",7.072132,141400.07,,4.49,0,3452,10,True,nid004308,57240770
SparseHNSW_a0.825_b1_s0x0,"M=32 efC=200 ef=50 alpha=0.825 beta=1 q=u8",64,0.8399188876,0.6764,181.8762,0.8222,0.0000,0.029423,"0.029582;0.029423;0.029456;0.029280;0.029381",8.523465,117323.18,,4.49,0,3452,10,True,nid004308,57240770
SparseHNSW_a0.825_b1_s0x0,"M=32 efC=200 ef=60 alpha=0.825 beta=1 q=u8",64,0.8484067207,0.6840,181.8762,0.8222,0.0000,0.034270,"0.034346;0.034174;0.034115;0.034270;0.034308",9.927578,100729.50,,4.49,0,3452,10,True,nid004308,57240770
SparseHNSW_a0.825_b1_s0x0,"M=32 efC=200 ef=75 alpha=0.825 beta=1 q=u8",64,0.8561993048,0.6911,181.8762,0.8222,0.0000,0.041559,"0.041646;0.041559;0.041518;0.041382;0.041592",12.039108,83062.63,,4.49,0,3452,10,True,nid004308,57240770
SparseHNSW_a0.825_b1_s0x0,"M=32 efC=200 ef=100 alpha=0.825 beta=1 q=u8",64,0.8650347625,0.7029,181.8762,0.8222,0.0000,0.053511,"0.053586;0.053511;0.053381;0.053624;0.053420",15.501448,64510.10,,4.49,0,3452,10,True,nid004308,57240770
SparseHNSW_a0.825_b2_s0x0,"M=32 efC=200 ef=10 alpha=0.825 beta=2 q=u8",64,0.8426419467,0.9238,181.8762,0.8222,0.0000,0.015206,"0.015786;0.015320;0.015206;0.015178;0.015082",4.404983,227015.65,,4.49,0,3452,10,True,nid004308,57240770
SparseHNSW_a0.825_b2_s0x0,"M=32 efC=200 ef=20 alpha=0.825 beta=2 q=u8",64,0.8426419467,0.9238,181.8762,0.8222,0.0000,0.014935,"0.015034;0.014985;0.014909;0.014892;0.014935",4.326477,231134.92,,4.49,0,3452,10,True,nid004308,57240770
SparseHNSW_a0.825_b2_s0x0,"M=32 efC=200 ef=25 alpha=0.825 beta=2 q=u8",64,0.8693800695,0.9403,181.8762,0.8222,0.0000,0.017700,"0.017805;0.017771;0.017700;0.017592;0.017572",5.127462,195028.25,,4.49,0,3452,10,True,nid004308,57240770
SparseHNSW_a0.825_b2_s0x0,"M=32 efC=200 ef=30 alpha=0.825 beta=2 q=u8",64,0.8867033604,0.9510,181.8762,0.8222,0.0000,0.020190,"0.020286;0.020259;0.020190;0.020129;0.020048",5.848783,170975.73,,4.49,0,3452,10,True,nid004308,57240770
SparseHNSW_a0.825_b2_s0x0,"M=32 efC=200 ef=35 alpha=0.825 beta=2 q=u8",64,0.8994206257,0.9577,181.8762,0.8222,0.0000,0.022567,"0.022708;0.022538;0.022562;0.022677;0.022567",6.537370,152966.72,,4.50,0,3452,10,True,nid004308,57240770
SparseHNSW_a0.825_b2_s0x0,"M=32 efC=200 ef=40 alpha=0.825 beta=2 q=u8",64,0.9088644264,0.9641,181.8762,0.8222,0.0000,0.025128,"0.025284;0.025128;0.025077;0.025072;0.025150",7.279258,137376.63,,4.50,0,3452,10,True,nid004308,57240770
SparseHNSW_a0.825_b2_s0x0,"M=32 efC=200 ef=50 alpha=0.825 beta=2 q=u8",64,0.9203939745,0.9710,181.8762,0.8222,0.0000,0.030071,"0.030099;0.030001;0.029972;0.030071;0.030099",8.711182,114794.99,,4.50,0,3452,10,True,nid004308,57240770
SparseHNSW_a0.825_b2_s0x0,"M=32 efC=200 ef=60 alpha=0.825 beta=2 q=u8",64,0.9309675550,0.9771,181.8762,0.8222,0.0000,0.034990,"0.035004;0.034990;0.035189;0.034832;0.034933",10.136153,98656.76,,4.50,0,3452,10,True,nid004308,57240770
SparseHNSW_a0.825_b2_s0x0,"M=32 efC=200 ef=75 alpha=0.825 beta=2 q=u8",64,0.9407589803,0.9820,181.8762,0.8222,0.0000,0.042481,"0.042502;0.042481;0.042553;0.042319;0.042291",12.306199,81259.86,,4.50,0,3452,10,True,nid004308,57240770
SparseHNSW_a0.825_b2_s0x0,"M=32 efC=200 ef=100 alpha=0.825 beta=2 q=u8",64,0.9514194670,0.9890,181.8762,0.8222,0.0000,0.054277,"0.054596;0.054491;0.054276;0.054197;0.054277",15.723349,63599.68,,4.50,0,3452,10,True,nid004308,57240770
SparseHNSW_a0.825_b3_s0x0,"M=32 efC=200 ef=10 alpha=0.825 beta=3 q=u8",64,0.8907300116,0.9510,181.8762,0.8222,0.0000,0.020948,"0.021399;0.021055;0.020948;0.020783;0.020635",6.068366,164789.00,,4.50,0,3452,10,True,nid004308,57240770
SparseHNSW_a0.825_b3_s0x0,"M=32 efC=200 ef=20 alpha=0.825 beta=3 q=u8",64,0.8907300116,0.9510,181.8762,0.8222,0.0000,0.020511,"0.020513;0.020518;0.020511;0.020416;0.020400",5.941773,168299.94,,4.50,0,3452,10,True,nid004308,57240770
SparseHNSW_a0.825_b3_s0x0,"M=32 efC=200 ef=25 alpha=0.825 beta=3 q=u8",64,0.8907300116,0.9510,181.8762,0.8222,0.0000,0.020326,"0.020326;0.020262;0.020408;0.020367;0.020267",5.888181,169831.74,,4.50,0,3452,10,True,nid004308,57240770
SparseHNSW_a0.825_b3_s0x0,"M=32 efC=200 ef=30 alpha=0.825 beta=3 q=u8",64,0.8907300116,0.9510,181.8762,0.8222,0.0000,0.020262,"0.020342;0.020352;0.020232;0.020262;0.020166",5.869641,170368.18,,4.50,0,3452,10,True,nid004308,57240770
SparseHNSW_a0.825_b3_s0x0,"M=32 efC=200 ef=35 alpha=0.825 beta=3 q=u8",64,0.9037079954,0.9577,181.8762,0.8222,0.0000,0.022830,"0.022806;0.022843;0.022830;0.022755;0.022895",6.613557,151204.56,,4.50,0,3452,10,True,nid004308,57240770
SparseHNSW_a0.825_b3_s0x0,"M=32 efC=200 ef=40 alpha=0.825 beta=3 q=u8",64,0.9137022016,0.9641,181.8762,0.8222,0.0000,0.025338,"0.025287;0.025424;0.025406;0.025326;0.025338",7.340093,136238.06,,4.50,0,3452,10,True,nid004308,57240770
SparseHNSW_a0.825_b3_s0x0,"M=32 efC=200 ef=50 alpha=0.825 beta=3 q=u8",64,0.9257242178,0.9710,181.8762,0.8222,0.0000,0.030379,"0.030443;0.030379;0.030451;0.030355;0.030308",8.800406,113631.13,,4.50,0,3452,10,True,nid004308,57240770
SparseHNSW_a0.825_b3_s0x0,"M=32 efC=200 ef=60 alpha=0.825 beta=3 q=u8",64,0.9363267671,0.9771,181.8762,0.8222,0.0000,0.035324,"0.035420;0.035335;0.035324;0.035208;0.035227",10.232908,97723.93,,4.50,0,3452,10,True,nid004308,57240770
SparseHNSW_a0.825_b3_s0x0,"M=32 efC=200 ef=75 alpha=0.825 beta=3 q=u8",64,0.9463209733,0.9820,181.8762,0.8222,0.0000,0.042600,"0.042674;0.042586;0.042600;0.042615;0.042492",12.340672,81032.86,,4.50,0,3452,10,True,nid004308,57240770
SparseHNSW_a0.825_b3_s0x0,"M=32 efC=200 ef=100 alpha=0.825 beta=3 q=u8",64,0.9573580533,0.9890,181.8762,0.8222,0.0000,0.054554,"0.054667;0.054553;0.054599;0.054554;0.054540",15.803592,63276.75,,4.50,0,3452,10,True,nid004308,57240770
SparseHNSW_a0.825_b4_s0x0,"M=32 efC=200 ef=10 alpha=0.825 beta=4 q=u8",64,0.9148319815,0.9641,181.8762,0.8222,0.0000,0.026033,"0.026494;0.026197;0.026033;0.025976;0.025916",7.541425,132600.93,,4.50,0,3452,10,True,nid004308,57240770
SparseHNSW_a0.825_b4_s0x0,"M=32 efC=200 ef=20 alpha=0.825 beta=4 q=u8",64,0.9148319815,0.9641,181.8762,0.8222,0.0000,0.025741,"0.025813;0.025894;0.025741;0.025730;0.025698",7.456837,134105.12,,4.50,0,3452,10,True,nid004308,57240770
SparseHNSW_a0.825_b4_s0x0,"M=32 efC=200 ef=25 alpha=0.825 beta=4 q=u8",64,0.9148319815,0.9641,181.8762,0.8222,0.0000,0.025733,"0.025763;0.025758;0.025567;0.025733;0.025678",7.454519,134146.82,,4.50,0,3452,10,True,nid004308,57240770
SparseHNSW_a0.825_b4_s0x0,"M=32 efC=200 ef=30 alpha=0.825 beta=4 q=u8",64,0.9148319815,0.9641,181.8762,0.8222,0.0000,0.025673,"0.025674;0.025703;0.025673;0.025648;0.025579",7.437138,134460.33,,4.50,0,3452,10,True,nid004308,57240770
SparseHNSW_a0.825_b4_s0x0,"M=32 efC=200 ef=35 alpha=0.825 beta=4 q=u8",64,0.9148319815,0.9641,181.8762,0.8222,0.0000,0.025631,"0.025631;0.025622;0.025701;0.025559;0.025668",7.424971,134680.66,,4.50,0,3452,10,True,nid004308,57240770
SparseHNSW_a0.825_b4_s0x0,"M=32 efC=200 ef=40 alpha=0.825 beta=4 q=u8",64,0.9148319815,0.9641,181.8762,0.8222,0.0000,0.025648,"0.025639;0.025648;0.025722;0.025621;0.025698",7.429896,134591.39,,4.50,0,3452,10,True,nid004308,57240770
SparseHNSW_a0.825_b4_s0x0,"M=32 efC=200 ef=50 alpha=0.825 beta=4 q=u8",64,0.9268829664,0.9710,181.8762,0.8222,0.0000,0.030656,"0.030765;0.030656;0.030563;0.030748;0.030569",8.880649,112604.38,,4.50,0,3452,10,True,nid004308,57240770
SparseHNSW_a0.825_b4_s0x0,"M=32 efC=200 ef=60 alpha=0.825 beta=4 q=u8",64,0.9375724218,0.9771,181.8762,0.8222,0.0000,0.035654,"0.035722;0.035625;0.035654;0.035705;0.035541",10.328505,96819.43,,4.50,0,3452,10,True,nid004308,57240770
SparseHNSW_a0.825_b4_s0x0,"M=32 efC=200 ef=75 alpha=0.825 beta=4 q=u8",64,0.9475955968,0.9820,181.8762,0.8222,0.0000,0.042831,"0.042899;0.042831;0.042786;0.042938;0.042734",12.407590,80595.83,,4.50,0,3452,10,True,nid004308,57240770
SparseHNSW_a0.825_b4_s0x0,"M=32 efC=200 ef=100 alpha=0.825 beta=4 q=u8",64,0.9586906141,0.9890,181.8762,0.8222,0.0000,0.054847,"0.054758;0.054847;0.054958;0.055267;0.054624",15.888470,62938.72,,4.50,0,3452,10,True,nid004308,57240770
SparseHNSW_a0.825_b5_s0x0,"M=32 efC=200 ef=10 alpha=0.825 beta=5 q=u8",64,0.9271436848,0.9710,181.8762,0.8222,0.0000,0.031352,"0.031591;0.031431;0.031352;0.031196;0.031097",9.082271,110104.62,,4.50,0,3452,10,True,nid004308,57240770
SparseHNSW_a0.825_b5_s0x0,"M=32 efC=200 ef=20 alpha=0.825 beta=5 q=u8",64,0.9271436848,0.9710,181.8762,0.8222,0.0000,0.031106,"0.030896;0.031067;0.031159;0.031106;0.031110",9.011008,110975.37,,4.50,0,3452,10,True,nid004308,57240770
SparseHNSW_a0.825_b5_s0x0,"M=32 efC=200 ef=25 alpha=0.825 beta=5 q=u8",64,0.9271436848,0.9710,181.8762,0.8222,0.0000,0.031020,"0.031060;0.031059;0.031020;0.030913;0.031010",8.986095,111283.04,,4.50,0,3452,10,True,nid004308,57240770
SparseHNSW_a0.825_b5_s0x0,"M=32 efC=200 ef=30 alpha=0.825 beta=5 q=u8",64,0.9271436848,0.9710,181.8762,0.8222,0.0000,0.030928,"0.030929;0.030928;0.031017;0.030894;0.030893",8.959444,111614.07,,4.50,0,3452,10,True,nid004308,57240770
SparseHNSW_a0.825_b5_s0x0,"M=32 efC=200 ef=35 alpha=0.825 beta=5 q=u8",64,0.9271436848,0.9710,181.8762,0.8222,0.0000,0.030912,"0.030818;0.030971;0.030996;0.030912;0.030857",8.954809,111671.84,,4.50,0,3452,10,True,nid004308,57240770
SparseHNSW_a0.825_b5_s0x0,"M=32 efC=200 ef=40 alpha=0.825 beta=5 q=u8",64,0.9271436848,0.9710,181.8762,0.8222,0.0000,0.030895,"0.030943;0.030880;0.030976;0.030838;0.030895",8.949884,111733.29,,4.50,0,3452,10,True,nid004308,57240770
SparseHNSW_a0.825_b5_s0x0,"M=32 efC=200 ef=50 alpha=0.825 beta=5 q=u8",64,0.9271436848,0.9710,181.8762,0.8222,0.0000,0.030894,"0.030883;0.030831;0.031053;0.030946;0.030894",8.949594,111736.91,,4.50,0,3452,10,True,nid004308,57240770
SparseHNSW_a0.825_b5_s0x0,"M=32 efC=200 ef=60 alpha=0.825 beta=5 q=u8",64,0.9379490151,0.9771,181.8762,0.8222,0.0000,0.035895,"0.035895;0.035807;0.035876;0.035920;0.035996",10.398320,96169.38,,4.50,0,3452,10,True,nid004308,57240770
SparseHNSW_a0.825_b5_s0x0,"M=32 efC=200 ef=75 alpha=0.825 beta=5 q=u8",64,0.9481170336,0.9820,181.8762,0.8222,0.0000,0.043177,"0.043163;0.043305;0.043403;0.043114;0.043177",12.507822,79949.97,,4.50,0,3452,10,True,nid004308,57240770
SparseHNSW_a0.825_b5_s0x0,"M=32 efC=200 ef=100 alpha=0.825 beta=5 q=u8",64,0.9591541136,0.9890,181.8762,0.8222,0.0000,0.055250,"0.055221;0.055250;0.055034;0.055307;0.055416",16.005214,62479.64,,4.50,0,3452,10,True,nid004308,57240770
SparseHNSW_a0.825_b1_s8x4,"M=32 efC=200 ef=10 alpha=0.825 beta=1 q=u8 seedT=8 seedH=8 seedS=4",64,0.8375144844,0.6642,181.8762,0.8222,0.0000,0.018971,"0.019617;0.019208;0.018971;0.018928;0.018818",5.495655,181961.94,,4.50,0,3452,10,True,nid004308,57240770
SparseHNSW_a0.825_b1_s8x4,"M=32 efC=200 ef=20 alpha=0.825 beta=1 q=u8 seedT=8 seedH=8 seedS=4",64,0.8375144844,0.6642,181.8762,0.8222,0.0000,0.018655,"0.018811;0.018701;0.018655;0.018562;0.018562",5.404114,185044.22,,4.50,0,3452,10,True,nid004308,57240770
SparseHNSW_a0.825_b1_s8x4,"M=32 efC=200 ef=25 alpha=0.825 beta=1 q=u8 seedT=8 seedH=8 seedS=4",64,0.8375144844,0.6642,181.8762,0.8222,0.0000,0.018560,"0.018524;0.018608;0.018560;0.018586;0.018547",5.376593,185991.38,,4.50,0,3452,10,True,nid004308,57240770
SparseHNSW_a0.825_b1_s8x4,"M=32 efC=200 ef=30 alpha=0.825 beta=1 q=u8 seedT=8 seedH=8 seedS=4",64,0.8375724218,0.6642,181.8762,0.8222,0.0000,0.018436,"0.018417;0.018466;0.018515;0.018436;0.018434",5.340672,187242.35,,4.50,0,3452,10,True,nid004308,57240770
SparseHNSW_a0.825_b1_s8x4,"M=32 efC=200 ef=35 alpha=0.825 beta=1 q=u8 seedT=8 seedH=8 seedS=4",64,0.8410776362,0.6696,181.8762,0.8222,0.0000,0.019627,"0.019676;0.019627;0.019691;0.019626;0.019610",5.685689,175880.17,,4.50,0,3452,10,True,nid004308,57240770
SparseHNSW_a0.825_b1_s8x4,"M=32 efC=200 ef=40 alpha=0.825 beta=1 q=u8 seedT=8 seedH=8 seedS=4",64,0.8476535342,0.6758,181.8762,0.8222,0.0000,0.022243,"0.022224;0.022258;0.022253;0.022233;0.022243",6.443511,155194.89,,4.50,0,3452,10,True,nid004308,57240770
SparseHNSW_a0.825_b1_s8x4,"M=32 efC=200 ef=50 alpha=0.825 beta=1 q=u8 seedT=8 seedH=8 seedS=4",64,0.8549826188,0.6872,181.8762,0.8222,0.0000,0.027171,"0.027193;0.027253;0.027171;0.027083;0.027128",7.871089,127047.22,,4.50,0,3452,10,True,nid004308,57240770
SparseHNSW_a0.825_b1_s8x4,"M=32 efC=200 ef=60 alpha=0.825 beta=1 q=u8 seedT=8 seedH=8 seedS=4",64,0.8601969873,0.6924,181.8762,0.8222,0.0000,0.032034,"0.032162;0.032096;0.032034;0.032015;0.032027",9.279838,107760.50,,4.50,0,3452,10,True,nid004308,57240770
SparseHNSW_a0.825_b1_s8x4,"M=32 efC=200 ef=75 alpha=0.825 beta=1 q=u8 seedT=8 seedH=8 seedS=4",64,0.8654113557,0.6982,181.8762,0.8222,0.0000,0.039340,"0.039341;0.039447;0.039275;0.039309;0.039340",11.396292,87747.84,,4.50,0,3452,10,True,nid004308,57240770
SparseHNSW_a0.825_b1_s8x4,"M=32 efC=200 ef=100 alpha=0.825 beta=1 q=u8 seedT=8 seedH=8 seedS=4",64,0.8725666280,0.7074,181.8762,0.8222,0.0000,0.051322,"0.051430;0.051409;0.051254;0.051322;0.051296",14.867323,67261.60,,4.50,0,3452,10,True,nid004308,57240770
SparseHNSW_a0.825_b2_s8x4,"M=32 efC=200 ef=10 alpha=0.825 beta=2 q=u8 seedT=8 seedH=8 seedS=4",64,0.9152665122,0.9789,181.8762,0.8222,0.0000,0.019661,"0.020118;0.019712;0.019661;0.019543;0.019421",5.695539,175576.01,,4.50,0,3452,10,True,nid004308,57240770
SparseHNSW_a0.825_b2_s8x4,"M=32 efC=200 ef=20 alpha=0.825 beta=2 q=u8 seedT=8 seedH=8 seedS=4",64,0.9152665122,0.9789,181.8762,0.8222,0.0000,0.019330,"0.019383;0.019345;0.019330;0.019258;0.019322",5.599652,178582.51,,4.50,0,3452,10,True,nid004308,57240770
SparseHNSW_a0.825_b2_s8x4,"M=32 efC=200 ef=25 alpha=0.825 beta=2 q=u8 seedT=8 seedH=8 seedS=4",64,0.9152665122,0.9789,181.8762,0.8222,0.0000,0.019191,"0.019166;0.019191;0.019139;0.019194;0.019215",5.559386,179875.98,,4.50,0,3452,10,True,nid004308,57240770
SparseHNSW_a0.825_b2_s8x4,"M=32 efC=200 ef=30 alpha=0.825 beta=2 q=u8 seedT=8 seedH=8 seedS=4",64,0.9153534183,0.9789,181.8762,0.8222,0.0000,0.019137,"0.019109;0.019152;0.019186;0.019120;0.019137",5.543743,180383.55,,4.50,0,3452,10,True,nid004308,57240770
SparseHNSW_a0.825_b2_s8x4,"M=32 efC=200 ef=35 alpha=0.825 beta=2 q=u8 seedT=8 seedH=8 seedS=4",64,0.9197566628,0.9806,181.8762,0.8222,0.0000,0.020379,"0.020424;0.020418;0.020368;0.020379;0.020348",5.903534,169390.06,,4.50,0,3452,10,True,nid004308,57240770
SparseHNSW_a0.825_b2_s8x4,"M=32 efC=200 ef=40 alpha=0.825 beta=2 q=u8 seedT=8 seedH=8 seedS=4",64,0.9278968714,0.9846,181.8762,0.8222,0.0000,0.022931,"0.022999;0.022997;0.022878;0.022880;0.022931",6.642816,150538.57,,4.50,0,3452,10,True,nid004308,57240770
SparseHNSW_a0.825_b2_s8x4,"M=32 efC=200 ef=50 alpha=0.825 beta=2 q=u8 seedT=8 seedH=8 seedS=4",64,0.9370799537,0.9875,181.8762,0.8222,0.0000,0.027949,"0.027973;0.027949;0.027994;0.027910;0.027889",8.096466,123510.68,,4.50,0,3452,10,True,nid004308,57240770
SparseHNSW_a0.825_b2_s8x4,"M=32 efC=200 ef=60 alpha=0.825 beta=2 q=u8 seedT=8 seedH=8 seedS=4",64,0.9440614137,0.9899,181.8762,0.8222,0.0000,0.032795,"0.032795;0.032830;0.032818;0.032666;0.032763",9.500290,105259.95,,4.50,0,3452,10,True,nid004308,57240770
SparseHNSW_a0.825_b2_s8x4,"M=32 efC=200 ef=75 alpha=0.825 beta=2 q=u8 seedT=8 seedH=8 seedS=4",64,0.9510428737,0.9919,181.8762,0.8222,0.0000,0.040236,"0.040564;0.040412;0.040236;0.040136;0.040000",11.655852,85793.82,,4.50,0,3452,10,True,nid004308,57240770
SparseHNSW_a0.825_b2_s8x4,"M=32 efC=200 ef=100 alpha=0.825 beta=2 q=u8 seedT=8 seedH=8 seedS=4",64,0.9597334878,0.9954,181.8762,0.8222,0.0000,0.052040,"0.052068;0.052040;0.051986;0.052190;0.051845",15.075319,66333.59,,4.50,0,3452,10,True,nid004308,57240770
SparseHNSW_a0.825_b3_s8x4,"M=32 efC=200 ef=10 alpha=0.825 beta=3 q=u8 seedT=8 seedH=8 seedS=4",64,0.9196407879,0.9789,181.8762,0.8222,0.0000,0.019920,"0.020512;0.020249;0.019920;0.019868;0.019837",5.770568,173293.17,,4.50,0,3452,10,True,nid004308,57240770
SparseHNSW_a0.825_b3_s8x4,"M=32 efC=200 ef=20 alpha=0.825 beta=3 q=u8 seedT=8 seedH=8 seedS=4",64,0.9196407879,0.9789,181.8762,0.8222,0.0000,0.019662,"0.019674;0.019730;0.019662;0.019544;0.019555",5.695829,175567.08,,4.50,0,3452,10,True,nid004308,57240770
SparseHNSW_a0.825_b3_s8x4,"M=32 efC=200 ef=25 alpha=0.825 beta=3 q=u8 seedT=8 seedH=8 seedS=4",64,0.9196407879,0.9789,181.8762,0.8222,0.0000,0.019545,"0.019597;0.019567;0.019545;0.019453;0.019386",5.661935,176618.06,,4.50,0,3452,10,True,nid004308,57240770
SparseHNSW_a0.825_b3_s8x4,"M=32 efC=200 ef=30 alpha=0.825 beta=3 q=u8 seedT=8 seedH=8 seedS=4",64,0.9196407879,0.9789,181.8762,0.8222,0.0000,0.019510,"0.019585;0.019533;0.019415;0.019414;0.019510",5.651796,176934.91,,4.50,0,3452,10,True,nid004308,57240770
SparseHNSW_a0.825_b3_s8x4,"M=32 efC=200 ef=35 alpha=0.825 beta=3 q=u8 seedT=8 seedH=8 seedS=4",64,0.9240730012,0.9806,181.8762,0.8222,0.0000,0.020695,"0.020883;0.020717;0.020695;0.020638;0.020598",5.995075,166803.58,,4.50,0,3452,10,True,nid004308,57240770
SparseHNSW_a0.825_b3_s8x4,"M=32 efC=200 ef=40 alpha=0.825 beta=3 q=u8 seedT=8 seedH=8 seedS=4",64,0.9326767092,0.9846,181.8762,0.8222,0.0000,0.023306,"0.023320;0.023306;0.023307;0.023296;0.023256",6.751448,148116.36,,4.50,0,3452,10,True,nid004308,57240770
SparseHNSW_a0.825_b3_s8x4,"M=32 efC=200 ef=50 alpha=0.825 beta=3 q=u8 seedT=8 seedH=8 seedS=4",64,0.9423522596,0.9875,181.8762,0.8222,0.0000,0.028284,"0.028333;0.028284;0.028363;0.028196;0.028230",8.193511,122047.80,,4.50,0,3452,10,True,nid004308,57240770
SparseHNSW_a0.825_b3_s8x4,"M=32 efC=200 ef=60 alpha=0.825 beta=3 q=u8 seedT=8 seedH=8 seedS=4",64,0.9494495944,0.9899,181.8762,0.8222,0.0000,0.033176,"0.033195;0.033176;0.033233;0.033024;0.033107",9.610660,104051.12,,4.50,0,3452,10,True,nid004308,57240770
SparseHNSW_a0.825_b3_s8x4,"M=32 efC=200 ef=75 alpha=0.825 beta=3 q=u8 seedT=8 seedH=8 seedS=4",64,0.9566338355,0.9919,181.8762,0.8222,0.0000,0.040328,"0.040456;0.040328;0.040420;0.040315;0.040280",11.682503,85598.10,,4.50,0,3452,10,True,nid004308,57240770
SparseHNSW_a0.825_b3_s8x4,"M=32 efC=200 ef=100 alpha=0.825 beta=3 q=u8 seedT=8 seedH=8 seedS=4",64,0.9657010429,0.9954,181.8762,0.8222,0.0000,0.052360,"0.052345;0.052171;0.052413;0.052409;0.052360",15.168019,65928.19,,4.50,0,3452,10,True,nid004308,57240770
SparseHNSW_a0.825_b4_s8x4,"M=32 efC=200 ef=10 alpha=0.825 beta=4 q=u8 seedT=8 seedH=8 seedS=4",64,0.9338354577,0.9846,181.8762,0.8222,0.0000,0.024010,"0.024378;0.024045;0.024010;0.023920;0.023802",6.955388,143773.43,,4.50,0,3452,10,True,nid004308,57240770
SparseHNSW_a0.825_b4_s8x4,"M=32 efC=200 ef=20 alpha=0.825 beta=4 q=u8 seedT=8 seedH=8 seedS=4",64,0.9338354577,0.9846,181.8762,0.8222,0.0000,0.023615,"0.023615;0.023660;0.023695;0.023604;0.023536",6.840962,146178.28,,4.50,0,3452,10,True,nid004308,57240770
SparseHNSW_a0.825_b4_s8x4,"M=32 efC=200 ef=25 alpha=0.825 beta=4 q=u8 seedT=8 seedH=8 seedS=4",64,0.9338354577,0.9846,181.8762,0.8222,0.0000,0.023588,"0.023586;0.023574;0.023710;0.023635;0.023588",6.833140,146345.60,,4.50,0,3452,10,True,nid004308,57240770
SparseHNSW_a0.825_b4_s8x4,"M=32 efC=200 ef=30 alpha=0.825 beta=4 q=u8 seedT=8 seedH=8 seedS=4",64,0.9338354577,0.9846,181.8762,0.8222,0.0000,0.023523,"0.023545;0.023523;0.023436;0.023541;0.023413",6.814311,146749.99,,4.50,0,3452,10,True,nid004308,57240770
SparseHNSW_a0.825_b4_s8x4,"M=32 efC=200 ef=35 alpha=0.825 beta=4 q=u8 seedT=8 seedH=8 seedS=4",64,0.9338354577,0.9846,181.8762,0.8222,0.0000,0.023471,"0.023478;0.023471;0.023469;0.023433;0.023536",6.799247,147075.11,,4.50,0,3452,10,True,nid004308,57240770
SparseHNSW_a0.825_b4_s8x4,"M=32 efC=200 ef=40 alpha=0.825 beta=4 q=u8 seedT=8 seedH=8 seedS=4",64,0.9338354577,0.9846,181.8762,0.8222,0.0000,0.023449,"0.023496;0.023445;0.023423;0.023460;0.023449",6.792874,147213.10,,4.50,0,3452,10,True,nid004308,57240770
SparseHNSW_a0.825_b4_s8x4,"M=32 efC=200 ef=50 alpha=0.825 beta=4 q=u8 seedT=8 seedH=8 seedS=4",64,0.9434820394,0.9875,181.8762,0.8222,0.0000,0.028586,"0.028439;0.028570;0.028586;0.028600;0.028695",8.280997,120758.41,,4.50,0,3452,10,True,nid004308,57240770
SparseHNSW_a0.825_b4_s8x4,"M=32 efC=200 ef=60 alpha=0.825 beta=4 q=u8 seedT=8 seedH=8 seedS=4",64,0.9506662804,0.9899,181.8762,0.8222,0.0000,0.033500,"0.033524;0.033500;0.033375;0.033512;0.033415",9.704519,103044.78,,4.50,0,3452,10,True,nid004308,57240770
SparseHNSW_a0.825_b4_s8x4,"M=32 efC=200 ef=75 alpha=0.825 beta=4 q=u8 seedT=8 seedH=8 seedS=4",64,0.9578794902,0.9919,181.8762,0.8222,0.0000,0.040671,"0.040738;0.040676;0.040562;0.040649;0.040671",11.781866,84876.20,,4.50,0,3452,10,True,nid004308,57240770
SparseHNSW_a0.825_b4_s8x4,"M=32 efC=200 ef=100 alpha=0.825 beta=4 q=u8 seedT=8 seedH=8 seedS=4",64,0.9670336037,0.9954,181.8762,0.8222,0.0000,0.052584,"0.052676;0.052504;0.052462;0.052651;0.052584",15.232908,65647.35,,4.50,0,3452,10,True,nid004308,57240770
SparseHNSW_a0.825_b5_s8x4,"M=32 efC=200 ef=10 alpha=0.825 beta=5 q=u8 seedT=8 seedH=8 seedS=4",64,0.9437717265,0.9875,181.8762,0.8222,0.0000,0.029269,"0.029492;0.029269;0.029316;0.029109;0.029025",8.478853,117940.48,,4.50,0,3452,10,True,nid004308,57240770
SparseHNSW_a0.825_b5_s8x4,"M=32 efC=200 ef=20 alpha=0.825 beta=5 q=u8 seedT=8 seedH=8 seedS=4",64,0.9437717265,0.9875,181.8762,0.8222,0.0000,0.028976,"0.029017;0.029051;0.028908;0.028976;0.028888",8.393975,119133.08,,4.50,0,3452,10,True,nid004308,57240770
SparseHNSW_a0.825_b5_s8x4,"M=32 efC=200 ef=25 alpha=0.825 beta=5 q=u8 seedT=8 seedH=8 seedS=4",64,0.9437717265,0.9875,181.8762,0.8222,0.0000,0.028843,"0.028964;0.028804;0.028829;0.028843;0.028918",8.355446,119682.42,,4.50,0,3452,10,True,nid004308,57240770
SparseHNSW_a0.825_b5_s8x4,"M=32 efC=200 ef=30 alpha=0.825 beta=5 q=u8 seedT=8 seedH=8 seedS=4",64,0.9437717265,0.9875,181.8762,0.8222,0.0000,0.028850,"0.028925;0.028835;0.028926;0.028815;0.028850",8.357474,119653.38,,4.50,0,3452,10,True,nid004308,57240770
SparseHNSW_a0.825_b5_s8x4,"M=32 efC=200 ef=35 alpha=0.825 beta=5 q=u8 seedT=8 seedH=8 seedS=4",64,0.9437717265,0.9875,181.8762,0.8222,0.0000,0.028838,"0.028887;0.028846;0.028767;0.028838;0.028838",8.353998,119703.17,,4.50,0,3452,10,True,nid004308,57240770
SparseHNSW_a0.825_b5_s8x4,"M=32 efC=200 ef=40 alpha=0.825 beta=5 q=u8 seedT=8 seedH=8 seedS=4",64,0.9437717265,0.9875,181.8762,0.8222,0.0000,0.028822,"0.028782;0.028808;0.028822;0.028921;0.028822",8.349363,119769.62,,4.50,0,3452,10,True,nid004308,57240770
SparseHNSW_a0.825_b5_s8x4,"M=32 efC=200 ef=50 alpha=0.825 beta=5 q=u8 seedT=8 seedH=8 seedS=4",64,0.9437717265,0.9875,181.8762,0.8222,0.0000,0.028763,"0.028748;0.028845;0.028763;0.028865;0.028762",8.332271,120015.30,,4.50,0,3452,10,True,nid004308,57240770
SparseHNSW_a0.825_b5_s8x4,"M=32 efC=200 ef=60 alpha=0.825 beta=5 q=u8 seedT=8 seedH=8 seedS=4",64,0.9510139050,0.9899,181.8762,0.8222,0.0000,0.033717,"0.033756;0.033717;0.033874;0.033703;0.033607",9.767381,102381.59,,4.50,0,3452,10,True,nid004308,57240770
SparseHNSW_a0.825_b5_s8x4,"M=32 efC=200 ef=75 alpha=0.825 beta=5 q=u8 seedT=8 seedH=8 seedS=4",64,0.9583429896,0.9919,181.8762,0.8222,0.0000,0.040992,"0.040992;0.041103;0.041019;0.040830;0.040974",11.874855,84211.55,,4.50,0,3452,10,True,nid004308,57240770
SparseHNSW_a0.825_b5_s8x4,"M=32 efC=200 ef=100 alpha=0.825 beta=5 q=u8 seedT=8 seedH=8 seedS=4",64,0.9674391657,0.9954,181.8762,0.8222,0.0000,0.052817,"0.052801;0.052634;0.053083;0.052921;0.052817",15.300406,65357.74,,4.50,0,3452,10,True,nid004308,57240770
SparseHNSW_a0.85_b1_s0x0,"M=32 efC=200 ef=10 alpha=0.85 beta=1 q=u8",64,0.6913093859,0.5119,192.6026,0.8129,0.0000,0.008901,"0.009948;0.009376;0.008901;0.008745;0.008687",2.578505,387821.59,,4.52,0,3452,10,True,nid004308,57240770
SparseHNSW_a0.85_b1_s0x0,"M=32 efC=200 ef=20 alpha=0.85 beta=1 q=u8",64,0.7830533024,0.6105,192.6026,0.8129,0.0000,0.015065,"0.015298;0.015169;0.015065;0.014972;0.014935",4.364137,229140.39,,4.52,0,3452,10,True,nid004308,57240770
SparseHNSW_a0.85_b1_s0x0,"M=32 efC=200 ef=25 alpha=0.85 beta=1 q=u8",64,0.8050984936,0.6406,192.6026,0.8129,0.0000,0.017660,"0.017949;0.017796;0.017660;0.017650;0.017637",5.115875,195469.99,,4.52,0,3452,10,True,nid004308,57240770
SparseHNSW_a0.85_b1_s0x0,"M=32 efC=200 ef=30 alpha=0.85 beta=1 q=u8",64,0.8216396292,0.6566,192.6026,0.8129,0.0000,0.020378,"0.020541;0.020392;0.020378;0.020286;0.020269",5.903244,169398.37,,4.52,0,3452,10,True,nid004308,57240770
SparseHNSW_a0.85_b1_s0x0,"M=32 efC=200 ef=35 alpha=0.85 beta=1 q=u8",64,0.8311993048,0.6680,192.6026,0.8129,0.0000,0.023014,"0.023014;0.023060;0.022954;0.023046;0.022937",6.666860,149995.65,,4.52,0,3452,10,True,nid004308,57240770
SparseHNSW_a0.85_b1_s0x0,"M=32 efC=200 ef=40 alpha=0.85 beta=1 q=u8",64,0.8395133256,0.6778,192.6026,0.8129,0.0000,0.025598,"0.025585;0.025648;0.025598;0.025672;0.025579",7.415411,134854.29,,4.52,0,3452,10,True,nid004308,57240770
SparseHNSW_a0.85_b1_s0x0,"M=32 efC=200 ef=50 alpha=0.85 beta=1 q=u8",64,0.8514484357,0.6901,192.6026,0.8129,0.0000,0.030840,"0.030893;0.030830;0.030840;0.030733;0.030841",8.933951,111932.56,,4.52,0,3452,10,True,nid004308,57240770
SparseHNSW_a0.85_b1_s0x0,"M=32 efC=200 ef=60 alpha=0.85 beta=1 q=u8",64,0.8600811124,0.7000,192.6026,0.8129,0.0000,0.036028,"0.036059;0.036028;0.035993;0.036028;0.035914",10.436848,95814.37,,4.52,0,3452,10,True,nid004308,57240770
SparseHNSW_a0.85_b1_s0x0,"M=32 efC=200 ef=75 alpha=0.85 beta=1 q=u8",64,0.8686268830,0.7080,192.6026,0.8129,0.0000,0.043725,"0.043768;0.043725;0.043762;0.043652;0.043623",12.666570,78947.97,,4.52,0,3452,10,True,nid004308,57240770
SparseHNSW_a0.85_b1_s0x0,"M=32 efC=200 ef=100 alpha=0.85 beta=1 q=u8",64,0.8783893395,0.7198,192.6026,0.8129,0.0000,0.056148,"0.056148;0.056026;0.056186;0.056151;0.056062",16.265353,61480.37,,4.52,0,3452,10,True,nid004308,57240770
SparseHNSW_a0.85_b2_s0x0,"M=32 efC=200 ef=10 alpha=0.85 beta=2 q=u8",64,0.8378041715,0.9186,192.6026,0.8129,0.0000,0.015932,"0.016466;0.016119;0.015932;0.015904;0.015833",4.615295,216670.85,,4.52,0,3452,10,True,nid004308,57240770
SparseHNSW_a0.85_b2_s0x0,"M=32 efC=200 ef=20 alpha=0.85 beta=2 q=u8",64,0.8378041715,0.9186,192.6026,0.8129,0.0000,0.015642,"0.015710;0.015657;0.015636;0.015642;0.015614",4.531286,220687.89,,4.52,0,3452,10,True,nid004308,57240770
SparseHNSW_a0.85_b2_s0x0,"M=32 efC=200 ef=25 alpha=0.85 beta=2 q=u8",64,0.8639339513,0.9342,192.6026,0.8129,0.0000,0.018386,"0.018524;0.018464;0.018386;0.018382;0.018381",5.326188,187751.55,,4.52,0,3452,10,True,nid004308,57240770
SparseHNSW_a0.85_b2_s0x0,"M=32 efC=200 ef=30 alpha=0.85 beta=2 q=u8",64,0.8840092700,0.9479,192.6026,0.8129,0.0000,0.021086,"0.021247;0.021111;0.021086;0.021084;0.021083",6.108343,163710.52,,4.52,0,3452,10,True,nid004308,57240770
SparseHNSW_a0.85_b2_s0x0,"M=32 efC=200 ef=35 alpha=0.85 beta=2 q=u8",64,0.8954808806,0.9545,192.6026,0.8129,0.0000,0.023676,"0.023755;0.023695;0.023676;0.023638;0.023647",6.858633,145801.66,,4.52,0,3452,10,True,nid004308,57240770
SparseHNSW_a0.85_b2_s0x0,"M=32 efC=200 ef=40 alpha=0.85 beta=2 q=u8",64,0.9054171495,0.9600,192.6026,0.8129,0.0000,0.026254,"0.026334;0.026260;0.026254;0.026235;0.026180",7.605446,131484.73,,4.52,0,3452,10,True,nid004308,57240770
SparseHNSW_a0.85_b2_s0x0,"M=32 efC=200 ef=50 alpha=0.85 beta=2 q=u8",64,0.9198725377,0.9696,192.6026,0.8129,0.0000,0.031627,"0.031580;0.031649;0.031572;0.031627;0.031676",9.161935,109147.25,,4.52,0,3452,10,True,nid004308,57240770
SparseHNSW_a0.85_b2_s0x0,"M=32 efC=200 ef=60 alpha=0.85 beta=2 q=u8",64,0.9300984936,0.9760,192.6026,0.8129,0.0000,0.036712,"0.036907;0.036786;0.036712;0.036699;0.036651",10.634994,94029.20,,4.52,0,3452,10,True,nid004308,57240770
SparseHNSW_a0.85_b2_s0x0,"M=32 efC=200 ef=75 alpha=0.85 beta=2 q=u8",64,0.9402954809,0.9817,192.6026,0.8129,0.0000,0.044394,"0.044476;0.044447;0.044394;0.044342;0.044270",12.860371,77758.26,,4.52,0,3452,10,True,nid004308,57240770
SparseHNSW_a0.85_b2_s0x0,"M=32 efC=200 ef=100 alpha=0.85 beta=2 q=u8",64,0.9522595597,0.9884,192.6026,0.8129,0.0000,0.056763,"0.056874;0.056763;0.056668;0.056679;0.056875",16.443511,60814.26,,4.52,0,3452,10,True,nid004308,57240770
SparseHNSW_a0.85_b3_s0x0,"M=32 efC=200 ef=10 alpha=0.85 beta=3 q=u8",64,0.8864136732,0.9479,192.6026,0.8129,0.0000,0.021762,"0.022296;0.021914;0.021762;0.021738;0.021673",6.304171,158625.13,,4.52,0,3452,10,True,nid004308,57240770
SparseHNSW_a0.85_b3_s0x0,"M=32 efC=200 ef=20 alpha=0.85 beta=3 q=u8",64,0.8864136732,0.9479,192.6026,0.8129,0.0000,0.021487,"0.021610;0.021487;0.021516;0.021390;0.021359",6.224508,160655.28,,4.52,0,3452,10,True,nid004308,57240770
SparseHNSW_a0.85_b3_s0x0,"M=32 efC=200 ef=25 alpha=0.85 beta=3 q=u8",64,0.8864136732,0.9479,192.6026,0.8129,0.0000,0.021252,"0.021311;0.021254;0.021229;0.021218;0.021252",6.156431,162431.77,,4.52,0,3452,10,True,nid004308,57240770
SparseHNSW_a0.85_b3_s0x0,"M=32 efC=200 ef=30 alpha=0.85 beta=3 q=u8",64,0.8864136732,0.9479,192.6026,0.8129,0.0000,0.021220,"0.021288;0.021231;0.021199;0.021197;0.021220",6.147161,162676.72,,4.52,0,3452,10,True,nid004308,57240770
SparseHNSW_a0.85_b3_s0x0,"M=32 efC=200 ef=35 alpha=0.85 beta=3 q=u8",64,0.8982039397,0.9545,192.6026,0.8129,0.0000,0.023856,"0.023958;0.023915;0.023856;0.023849;0.023790",6.910776,144701.54,,4.52,0,3452,10,True,nid004308,57240770
SparseHNSW_a0.85_b3_s0x0,"M=32 efC=200 ef=40 alpha=0.85 beta=3 q=u8",64,0.9083429896,0.9600,192.6026,0.8129,0.0000,0.026554,"0.026628;0.026536;0.026681;0.026501;0.026554",7.692352,129999.25,,4.52,0,3452,10,True,nid004308,57240770
SparseHNSW_a0.85_b3_s0x0,"M=32 efC=200 ef=50 alpha=0.85 beta=3 q=u8",64,0.9230880649,0.9696,192.6026,0.8129,0.0000,0.031904,"0.032014;0.031906;0.031904;0.031749;0.031855",9.242178,108199.60,,4.52,0,3452,10,True,nid004308,57240770
SparseHNSW_a0.85_b3_s0x0,"M=32 efC=200 ef=60 alpha=0.85 beta=3 q=u8",64,0.9333719583,0.9760,192.6026,0.8129,0.0000,0.037131,"0.037088;0.037131;0.037189;0.037242;0.037063",10.756373,92968.14,,4.52,0,3452,10,True,nid004308,57240770
SparseHNSW_a0.85_b3_s0x0,"M=32 efC=200 ef=75 alpha=0.85 beta=3 q=u8",64,0.9436558517,0.9817,192.6026,0.8129,0.0000,0.044709,"0.044813;0.044760;0.044709;0.044704;0.044709",12.951622,77210.41,,4.52,0,3452,10,True,nid004308,57240770
SparseHNSW_a0.85_b3_s0x0,"M=32 efC=200 ef=100 alpha=0.85 beta=3 q=u8",64,0.9557937428,0.9884,192.6026,0.8129,0.0000,0.057078,"0.056749;0.057080;0.057078;0.057156;0.057023",16.534762,60478.64,,4.52,0,3452,10,True,nid004308,57240770
SparseHNSW_a0.85_b4_s0x0,"M=32 efC=200 ef=10 alpha=0.85 beta=4 q=u8",64,0.9087775203,0.9600,192.6026,0.8129,0.0000,0.027365,"0.027746;0.027419;0.027365;0.027194;0.026998",7.927289,126146.54,,4.52,0,3452,10,True,nid004308,57240770
SparseHNSW_a0.85_b4_s0x0,"M=32 efC=200 ef=20 alpha=0.85 beta=4 q=u8",64,0.9087775203,0.9600,192.6026,0.8129,0.0000,0.027066,"0.027029;0.026931;0.027066;0.027070;0.027073",7.840672,127540.09,,4.52,0,3452,10,True,nid004308,57240770
SparseHNSW_a0.85_b4_s0x0,"M=32 efC=200 ef=25 alpha=0.85 beta=4 q=u8",64,0.9087775203,0.9600,192.6026,0.8129,0.0000,0.026905,"0.026986;0.026964;0.026883;0.026882;0.026905",7.794032,128303.29,,4.52,0,3452,10,True,nid004308,57240770
SparseHNSW_a0.85_b4_s0x0,"M=32 efC=200 ef=30 alpha=0.85 beta=4 q=u8",64,0.9087775203,0.9600,192.6026,0.8129,0.0000,0.026805,"0.026805;0.026846;0.026793;0.026765;0.026862",7.765064,128781.94,,4.52,0,3452,10,True,nid004308,57240770
SparseHNSW_a0.85_b4_s0x0,"M=32 efC=200 ef=35 alpha=0.85 beta=4 q=u8",64,0.9087775203,0.9600,192.6026,0.8129,0.0000,0.026784,"0.026738;0.026789;0.026653;0.026856;0.026784",7.758980,128882.92,,4.52,0,3452,10,True,nid004308,57240770
SparseHNSW_a0.85_b4_s0x0,"M=32 efC=200 ef=40 alpha=0.85 beta=4 q=u8",64,0.9087775203,0.9600,192.6026,0.8129,0.0000,0.026823,"0.026823;0.026919;0.026774;0.026825;0.026726",7.770278,128695.52,,4.52,0,3452,10,True,nid004308,57240770
SparseHNSW_a0.85_b4_s0x0,"M=32 efC=200 ef=50 alpha=0.85 beta=4 q=u8",64,0.9235515643,0.9696,192.6026,0.8129,0.0000,0.032171,"0.032289;0.032171;0.032231;0.032069;0.032030",9.319525,107301.61,,4.52,0,3452,10,True,nid004308,57240770
SparseHNSW_a0.85_b4_s0x0,"M=32 efC=200 ef=60 alpha=0.85 beta=4 q=u8",64,0.9339803013,0.9760,192.6026,0.8129,0.0000,0.037457,"0.037406;0.037532;0.037602;0.037310;0.037457",10.850811,92159.01,,4.52,0,3452,10,True,nid004308,57240770
SparseHNSW_a0.85_b4_s0x0,"M=32 efC=200 ef=75 alpha=0.85 beta=4 q=u8",64,0.9443221321,0.9817,192.6026,0.8129,0.0000,0.044981,"0.044981;0.044967;0.044998;0.045008;0.044980",13.030417,76743.51,,4.52,0,3452,10,True,nid004308,57240770
SparseHNSW_a0.85_b4_s0x0,"M=32 efC=200 ef=100 alpha=0.85 beta=4 q=u8",64,0.9565469293,0.9884,192.6026,0.8129,0.0000,0.057440,"0.057491;0.057363;0.057440;0.057319;0.057577",16.639629,60097.49,,4.52,0,3452,10,True,nid004308,57240770
SparseHNSW_a0.85_b5_s0x0,"M=32 efC=200 ef=10 alpha=0.85 beta=5 q=u8",64,0.9236384705,0.9696,192.6026,0.8129,0.0000,0.032771,"0.033221;0.032945;0.032771;0.032736;0.032557",9.493337,105337.04,,4.52,0,3452,10,True,nid004308,57240770
SparseHNSW_a0.85_b5_s0x0,"M=32 efC=200 ef=20 alpha=0.85 beta=5 q=u8",64,0.9236384705,0.9696,192.6026,0.8129,0.0000,0.032508,"0.032635;0.032484;0.032514;0.032508;0.032485",9.417149,106189.25,,4.52,0,3452,10,True,nid004308,57240770
SparseHNSW_a0.85_b5_s0x0,"M=32 efC=200 ef=25 alpha=0.85 beta=5 q=u8",64,0.9236384705,0.9696,192.6026,0.8129,0.0000,0.032439,"0.032402;0.032457;0.032439;0.032429;0.032583",9.397161,106415.12,,4.52,0,3452,10,True,nid004308,57240770
SparseHNSW_a0.85_b5_s0x0,"M=32 efC=200 ef=30 alpha=0.85 beta=5 q=u8",64,0.9236384705,0.9696,192.6026,0.8129,0.0000,0.032468,"0.032468;0.032530;0.032470;0.032419;0.032316",9.405562,106320.07,,4.52,0,3452,10,True,nid004308,57240770
SparseHNSW_a0.85_b5_s0x0,"M=32 efC=200 ef=35 alpha=0.85 beta=5 q=u8",64,0.9236384705,0.9696,192.6026,0.8129,0.0000,0.032420,"0.032558;0.032375;0.032503;0.032356;0.032420",9.391657,106477.48,,4.52,0,3452,10,True,nid004308,57240770
SparseHNSW_a0.85_b5_s0x0,"M=32 efC=200 ef=40 alpha=0.85 beta=5 q=u8",64,0.9236384705,0.9696,192.6026,0.8129,0.0000,0.032381,"0.032391;0.032361;0.032514;0.032337;0.032381",9.380359,106605.73,,4.52,0,3452,10,True,nid004308,57240770
SparseHNSW_a0.85_b5_s0x0,"M=32 efC=200 ef=50 alpha=0.85 beta=5 q=u8",64,0.9236384705,0.9696,192.6026,0.8129,0.0000,0.032343,"0.032446;0.032473;0.032321;0.032343;0.032307",9.369351,106730.98,,4.52,0,3452,10,True,nid004308,57240770
SparseHNSW_a0.85_b5_s0x0,"M=32 efC=200 ef=60 alpha=0.85 beta=5 q=u8",64,0.9340672074,0.9760,192.6026,0.8129,0.0000,0.037688,"0.037688;0.037663;0.037795;0.037676;0.037739",10.917729,91594.14,,4.52,0,3452,10,True,nid004308,57240770
SparseHNSW_a0.85_b5_s0x0,"M=32 efC=200 ef=75 alpha=0.85 beta=5 q=u8",64,0.9444669757,0.9817,192.6026,0.8129,0.0000,0.045306,"0.045383;0.045306;0.045290;0.045305;0.045359",13.124565,76193.00,,4.52,0,3452,10,True,nid004308,57240770
SparseHNSW_a0.85_b5_s0x0,"M=32 efC=200 ef=100 alpha=0.85 beta=5 q=u8",64,0.9567207416,0.9884,192.6026,0.8129,0.0000,0.057562,"0.057732;0.057511;0.057772;0.057562;0.057495",16.674971,59970.12,,4.52,0,3452,10,True,nid004308,57240770
SparseHNSW_a0.85_b1_s8x4,"M=32 efC=200 ef=10 alpha=0.85 beta=1 q=u8 seedT=8 seedH=8 seedS=4",64,0.8539107764,0.6860,192.6026,0.8129,0.0000,0.020019,"0.020700;0.020154;0.020019;0.019892;0.019766",5.799247,172436.19,,4.52,0,3452,10,True,nid004308,57240770
SparseHNSW_a0.85_b1_s8x4,"M=32 efC=200 ef=20 alpha=0.85 beta=1 q=u8 seedT=8 seedH=8 seedS=4",64,0.8539107764,0.6860,192.6026,0.8129,0.0000,0.019645,"0.019803;0.019619;0.019645;0.019702;0.019473",5.690904,175719.01,,4.52,0,3452,10,True,nid004308,57240770
SparseHNSW_a0.85_b1_s8x4,"M=32 efC=200 ef=25 alpha=0.85 beta=1 q=u8 seedT=8 seedH=8 seedS=4",64,0.8539107764,0.6860,192.6026,0.8129,0.0000,0.019441,"0.019393;0.019471;0.019431;0.019455;0.019441",5.631808,177562.88,,4.52,0,3452,10,True,nid004308,57240770
SparseHNSW_a0.85_b1_s8x4,"M=32 efC=200 ef=30 alpha=0.85 beta=1 q=u8 seedT=8 seedH=8 seedS=4",64,0.8539397451,0.6861,192.6026,0.8129,0.0000,0.019432,"0.019432;0.019452;0.019415;0.019419;0.019432",5.629200,177645.12,,4.52,0,3452,10,True,nid004308,57240770
SparseHNSW_a0.85_b1_s8x4,"M=32 efC=200 ef=35 alpha=0.85 beta=1 q=u8 seedT=8 seedH=8 seedS=4",64,0.8570973349,0.6899,192.6026,0.8129,0.0000,0.020710,"0.020773;0.020710;0.020646;0.020758;0.020678",5.999421,166682.76,,4.52,0,3452,10,True,nid004308,57240770
SparseHNSW_a0.85_b1_s8x4,"M=32 efC=200 ef=40 alpha=0.85 beta=1 q=u8 seedT=8 seedH=8 seedS=4",64,0.8634994206,0.6973,192.6026,0.8129,0.0000,0.023264,"0.023299;0.023264;0.023195;0.023154;0.023299",6.739282,148383.77,,4.52,0,3452,10,True,nid004308,57240770
SparseHNSW_a0.85_b1_s8x4,"M=32 efC=200 ef=50 alpha=0.85 beta=1 q=u8 seedT=8 seedH=8 seedS=4",64,0.8699015064,0.7052,192.6026,0.8129,0.0000,0.028449,"0.028342;0.028416;0.028546;0.028504;0.028449",8.241309,121339.94,,4.52,0,3452,10,True,nid004308,57240770
SparseHNSW_a0.85_b1_s8x4,"M=32 efC=200 ef=60 alpha=0.85 beta=1 q=u8 seedT=8 seedH=8 seedS=4",64,0.8758111240,0.7137,192.6026,0.8129,0.0000,0.033908,"0.033950;0.033897;0.034087;0.033851;0.033908",9.822711,101804.88,,4.52,0,3452,10,True,nid004308,57240770
SparseHNSW_a0.85_b1_s8x4,"M=32 efC=200 ef=75 alpha=0.85 beta=1 q=u8 seedT=8 seedH=8 seedS=4",64,0.8811993048,0.7194,192.6026,0.8129,0.0000,0.041343,"0.041407;0.041308;0.041402;0.041336;0.041343",11.976535,83496.60,,4.52,0,3452,10,True,nid004308,57240770
SparseHNSW_a0.85_b1_s8x4,"M=32 efC=200 ef=100 alpha=0.85 beta=1 q=u8 seedT=8 seedH=8 seedS=4",64,0.8862398610,0.7262,192.6026,0.8129,0.0000,0.053702,"0.053576;0.053860;0.053613;0.053702;0.053735",15.556779,64280.66,,4.52,0,3452,10,True,nid004308,57240770
SparseHNSW_a0.85_b2_s8x4,"M=32 efC=200 ef=10 alpha=0.85 beta=2 q=u8 seedT=8 seedH=8 seedS=4",64,0.9194090382,0.9812,192.6026,0.8129,0.0000,0.020719,"0.021271;0.020803;0.020719;0.020591;0.020481",6.002028,166610.36,,4.52,0,3452,10,True,nid004308,57240770
SparseHNSW_a0.85_b2_s8x4,"M=32 efC=200 ef=20 alpha=0.85 beta=2 q=u8 seedT=8 seedH=8 seedS=4",64,0.9194090382,0.9812,192.6026,0.8129,0.0000,0.020425,"0.020343;0.020493;0.020425;0.020306;0.020451",5.916860,169008.57,,4.52,0,3452,10,True,nid004308,57240770
SparseHNSW_a0.85_b2_s8x4,"M=32 efC=200 ef=25 alpha=0.85 beta=2 q=u8 seedT=8 seedH=8 seedS=4",64,0.9194090382,0.9812,192.6026,0.8129,0.0000,0.020191,"0.020278;0.020246;0.020169;0.020182;0.020191",5.849073,170967.26,,4.52,0,3452,10,True,nid004308,57240770
SparseHNSW_a0.85_b2_s8x4,"M=32 efC=200 ef=30 alpha=0.85 beta=2 q=u8 seedT=8 seedH=8 seedS=4",64,0.9194669757,0.9812,192.6026,0.8129,0.0000,0.020182,"0.020187;0.020182;0.020145;0.020210;0.020122",5.846466,171043.50,,4.52,0,3452,10,True,nid004308,57240770
SparseHNSW_a0.85_b2_s8x4,"M=32 efC=200 ef=35 alpha=0.85 beta=2 q=u8 seedT=8 seedH=8 seedS=4",64,0.9233487833,0.9826,192.6026,0.8129,0.0000,0.021366,"0.021362;0.021379;0.021377;0.021366;0.021327",6.189455,161565.10,,4.52,0,3452,10,True,nid004308,57240770
SparseHNSW_a0.85_b2_s8x4,"M=32 efC=200 ef=40 alpha=0.85 beta=2 q=u8 seedT=8 seedH=8 seedS=4",64,0.9312282735,0.9858,192.6026,0.8129,0.0000,0.023938,"0.024018;0.023941;0.023938;0.023920;0.023930",6.934531,144205.87,,4.52,0,3452,10,True,nid004308,57240770
SparseHNSW_a0.85_b2_s8x4,"M=32 efC=200 ef=50 alpha=0.85 beta=2 q=u8 seedT=8 seedH=8 seedS=4",64,0.9397740440,0.9881,192.6026,0.8129,0.0000,0.029244,"0.029440;0.029332;0.029244;0.029187;0.029137",8.471611,118041.31,,4.52,0,3452,10,True,nid004308,57240770
SparseHNSW_a0.85_b2_s8x4,"M=32 efC=200 ef=60 alpha=0.85 beta=2 q=u8 seedT=8 seedH=8 seedS=4",64,0.9470741599,0.9907,192.6026,0.8129,0.0000,0.034406,"0.034417;0.034406;0.034382;0.034416;0.034358",9.966976,100331.34,,4.52,0,3452,10,True,nid004308,57240770
SparseHNSW_a0.85_b2_s8x4,"M=32 efC=200 ef=75 alpha=0.85 beta=2 q=u8 seedT=8 seedH=8 seedS=4",64,0.9539107764,0.9930,192.6026,0.8129,0.0000,0.041995,"0.041995;0.042023;0.041956;0.041824;0.042164",12.165411,82200.26,,4.52,0,3452,10,True,nid004308,57240770
SparseHNSW_a0.85_b2_s8x4,"M=32 efC=200 ef=100 alpha=0.85 beta=2 q=u8 seedT=8 seedH=8 seedS=4",64,0.9607473928,0.9945,192.6026,0.8129,0.0000,0.054288,"0.054401;0.054295;0.054288;0.054246;0.054248",15.726535,63586.80,,4.52,0,3452,10,True,nid004308,57240770
SparseHNSW_a0.85_b3_s8x4,"M=32 efC=200 ef=10 alpha=0.85 beta=3 q=u8 seedT=8 seedH=8 seedS=4",64,0.9220451912,0.9812,192.6026,0.8129,0.0000,0.021027,"0.021547;0.021263;0.021027;0.020859;0.020776",6.091251,164169.88,,4.52,0,3452,10,True,nid004308,57240770
SparseHNSW_a0.85_b3_s8x4,"M=32 efC=200 ef=20 alpha=0.85 beta=3 q=u8 seedT=8 seedH=8 seedS=4",64,0.9220451912,0.9812,192.6026,0.8129,0.0000,0.020607,"0.020800;0.020625;0.020607;0.020561;0.020564",5.969583,167515.89,,4.52,0,3452,10,True,nid004308,57240770
SparseHNSW_a0.85_b3_s8x4,"M=32 efC=200 ef=25 alpha=0.85 beta=3 q=u8 seedT=8 seedH=8 seedS=4",64,0.9220451912,0.9812,192.6026,0.8129,0.0000,0.020565,"0.020643;0.020626;0.020547;0.020549;0.020565",5.957416,167858.01,,4.52,0,3452,10,True,nid004308,57240770
SparseHNSW_a0.85_b3_s8x4,"M=32 efC=200 ef=30 alpha=0.85 beta=3 q=u8 seedT=8 seedH=8 seedS=4",64,0.9220451912,0.9812,192.6026,0.8129,0.0000,0.020465,"0.020468;0.020524;0.020435;0.020465;0.020371",5.928447,168678.23,,4.52,0,3452,10,True,nid004308,57240770
SparseHNSW_a0.85_b3_s8x4,"M=32 efC=200 ef=35 alpha=0.85 beta=3 q=u8 seedT=8 seedH=8 seedS=4",64,0.9261008111,0.9826,192.6026,0.8129,0.0000,0.021800,"0.021763;0.021901;0.021807;0.021673;0.021800",6.315180,158348.62,,4.52,0,3452,10,True,nid004308,57240770
SparseHNSW_a0.85_b3_s8x4,"M=32 efC=200 ef=40 alpha=0.85 beta=3 q=u8 seedT=8 seedH=8 seedS=4",64,0.9341830823,0.9858,192.6026,0.8129,0.0000,0.024262,"0.024315;0.024262;0.024189;0.024122;0.024273",7.028389,142280.11,,4.52,0,3452,10,True,nid004308,57240770
SparseHNSW_a0.85_b3_s8x4,"M=32 efC=200 ef=50 alpha=0.85 beta=3 q=u8 seedT=8 seedH=8 seedS=4",64,0.9429026651,0.9881,192.6026,0.8129,0.0000,0.029509,"0.029683;0.029509;0.029596;0.029425;0.029425",8.548378,116981.26,,4.52,0,3452,10,True,nid004308,57240770
SparseHNSW_a0.85_b3_s8x4,"M=32 efC=200 ef=60 alpha=0.85 beta=3 q=u8 seedT=8 seedH=8 seedS=4",64,0.9504055620,0.9907,192.6026,0.8129,0.0000,0.034688,"0.034685;0.034746;0.034688;0.034723;0.034592",10.048667,99515.68,,4.52,0,3452,10,True,nid004308,57240770
SparseHNSW_a0.85_b3_s8x4,"M=32 efC=200 ef=75 alpha=0.85 beta=3 q=u8 seedT=8 seedH=8 seedS=4",64,0.9572711472,0.9930,192.6026,0.8129,0.0000,0.042287,"0.042327;0.042271;0.042322;0.042287;0.042226",12.250000,81632.65,,4.52,0,3452,10,True,nid004308,57240770
SparseHNSW_a0.85_b3_s8x4,"M=32 efC=200 ef=100 alpha=0.85 beta=3 q=u8 seedT=8 seedH=8 seedS=4",64,0.9643105446,0.9945,192.6026,0.8129,0.0000,0.054687,"0.054664;0.054687;0.054640;0.054742;0.054701",15.842121,63122.86,,4.52,0,3452,10,True,nid004308,57240770
SparseHNSW_a0.85_b4_s8x4,"M=32 efC=200 ef=10 alpha=0.85 beta=4 q=u8 seedT=8 seedH=8 seedS=4",64,0.9346176130,0.9858,192.6026,0.8129,0.0000,0.024948,"0.025497;0.025195;0.024918;0.024948;0.024941",7.227115,138367.81,,4.52,0,3452,10,True,nid004308,57240770
SparseHNSW_a0.85_b4_s8x4,"M=32 efC=200 ef=20 alpha=0.85 beta=4 q=u8 seedT=8 seedH=8 seedS=4",64,0.9346176130,0.9858,192.6026,0.8129,0.0000,0.024734,"0.024831;0.024805;0.024655;0.024734;0.024707",7.165122,139564.97,,4.52,0,3452,10,True,nid004308,57240770
SparseHNSW_a0.85_b4_s8x4,"M=32 efC=200 ef=25 alpha=0.85 beta=4 q=u8 seedT=8 seedH=8 seedS=4",64,0.9346176130,0.9858,192.6026,0.8129,0.0000,0.024617,"0.024743;0.024679;0.024594;0.024617;0.024599",7.131228,140228.30,,4.52,0,3452,10,True,nid004308,57240770
SparseHNSW_a0.85_b4_s8x4,"M=32 efC=200 ef=30 alpha=0.85 beta=4 q=u8 seedT=8 seedH=8 seedS=4",64,0.9346176130,0.9858,192.6026,0.8129,0.0000,0.024556,"0.024556;0.024581;0.024497;0.024525;0.024643",7.113557,140576.64,,4.52,0,3452,10,True,nid004308,57240770
SparseHNSW_a0.85_b4_s8x4,"M=32 efC=200 ef=35 alpha=0.85 beta=4 q=u8 seedT=8 seedH=8 seedS=4",64,0.9346176130,0.9858,192.6026,0.8129,0.0000,0.024560,"0.024582;0.024513;0.024560;0.024602;0.024542",7.114716,140553.75,,4.52,0,3452,10,True,nid004308,57240770
SparseHNSW_a0.85_b4_s8x4,"M=32 efC=200 ef=40 alpha=0.85 beta=4 q=u8 seedT=8 seedH=8 seedS=4",64,0.9346176130,0.9858,192.6026,0.8129,0.0000,0.024530,"0.024639;0.024526;0.024576;0.024485;0.024530",7.106025,140725.64,,4.52,0,3452,10,True,nid004308,57240770
SparseHNSW_a0.85_b4_s8x4,"M=32 efC=200 ef=50 alpha=0.85 beta=4 q=u8 seedT=8 seedH=8 seedS=4",64,0.9433951333,0.9881,192.6026,0.8129,0.0000,0.029844,"0.029852;0.029775;0.029714;0.029844;0.029986",8.645423,115668.14,,4.52,0,3452,10,True,nid004308,57240770
SparseHNSW_a0.85_b4_s8x4,"M=32 efC=200 ef=60 alpha=0.85 beta=4 q=u8 seedT=8 seedH=8 seedS=4",64,0.9509849363,0.9907,192.6026,0.8129,0.0000,0.034998,"0.035157;0.034976;0.034998;0.035014;0.034907",10.138470,98634.21,,4.52,0,3452,10,True,nid004308,57240770
SparseHNSW_a0.85_b4_s8x4,"M=32 efC=200 ef=75 alpha=0.85 beta=4 q=u8 seedT=8 seedH=8 seedS=4",64,0.9579663963,0.9930,192.6026,0.8129,0.0000,0.042684,"0.042632;0.042684;0.042705;0.042558;0.042701",12.365006,80873.40,,4.52,0,3452,10,True,nid004308,57240770
SparseHNSW_a0.85_b4_s8x4,"M=32 efC=200 ef=100 alpha=0.85 beta=4 q=u8 seedT=8 seedH=8 seedS=4",64,0.9650637312,0.9945,192.6026,0.8129,0.0000,0.054969,"0.054810;0.054914;0.054969;0.055021;0.055038",15.923812,62799.03,,4.52,0,3452,10,True,nid004308,57240770
SparseHNSW_a0.85_b5_s8x4,"M=32 efC=200 ef=10 alpha=0.85 beta=5 q=u8 seedT=8 seedH=8 seedS=4",64,0.9435110081,0.9881,192.6026,0.8129,0.0000,0.030392,"0.030821;0.030693;0.030392;0.030292;0.030298",8.804171,113582.52,,4.52,0,3452,10,True,nid004308,57240770
SparseHNSW_a0.85_b5_s8x4,"M=32 efC=200 ef=20 alpha=0.85 beta=5 q=u8 seedT=8 seedH=8 seedS=4",64,0.9435110081,0.9881,192.6026,0.8129,0.0000,0.030142,"0.030142;0.030133;0.030188;0.030187;0.030121",8.731750,114524.58,,4.52,0,3452,10,True,nid004308,57240770
SparseHNSW_a0.85_b5_s8x4,"M=32 efC=200 ef=25 alpha=0.85 beta=5 q=u8 seedT=8 seedH=8 seedS=4",64,0.9435110081,0.9881,192.6026,0.8129,0.0000,0.030121,"0.030005;0.030092;0.030167;0.030121;0.030197",8.725666,114604.43,,4.52,0,3452,10,True,nid004308,57240770
SparseHNSW_a0.85_b5_s8x4,"M=32 efC=200 ef=30 alpha=0.85 beta=5 q=u8 seedT=8 seedH=8 seedS=4",64,0.9435110081,0.9881,192.6026,0.8129,0.0000,0.030061,"0.030053;0.030061;0.029965;0.030142;0.030092",8.708285,114833.17,,4.52,0,3452,10,True,nid004308,57240770
SparseHNSW_a0.85_b5_s8x4,"M=32 efC=200 ef=35 alpha=0.85 beta=5 q=u8 seedT=8 seedH=8 seedS=4",64,0.9435110081,0.9881,192.6026,0.8129,0.0000,0.030019,"0.029997;0.030120;0.030039;0.030019;0.030005",8.696118,114993.84,,4.52,0,3452,10,True,nid004308,57240770
SparseHNSW_a0.85_b5_s8x4,"M=32 efC=200 ef=40 alpha=0.85 beta=5 q=u8 seedT=8 seedH=8 seedS=4",64,0.9435110081,0.9881,192.6026,0.8129,0.0000,0.030027,"0.030027;0.030027;0.030084;0.030095;0.029968",8.698436,114963.20,,4.52,0,3452,10,True,nid004308,57240770
SparseHNSW_a0.85_b5_s8x4,"M=32 efC=200 ef=50 alpha=0.85 beta=5 q=u8 seedT=8 seedH=8 seedS=4",64,0.9435110081,0.9881,192.6026,0.8129,0.0000,0.030098,"0.030028;0.030022;0.030098;0.030125;0.030115",8.719003,114692.01,,4.52,0,3452,10,True,nid004308,57240770
SparseHNSW_a0.85_b5_s8x4,"M=32 efC=200 ef=60 alpha=0.85 beta=5 q=u8 seedT=8 seedH=8 seedS=4",64,0.9511008111,0.9907,192.6026,0.8129,0.0000,0.035362,"0.035408;0.035347;0.035385;0.035362;0.035284",10.243917,97618.91,,4.52,0,3452,10,True,nid004308,57240770
SparseHNSW_a0.85_b5_s8x4,"M=32 efC=200 ef=75 alpha=0.85 beta=5 q=u8 seedT=8 seedH=8 seedS=4",64,0.9580822711,0.9930,192.6026,0.8129,0.0000,0.042905,"0.042831;0.042875;0.042962;0.042905;0.042948",12.429027,80456.82,,4.52,0,3452,10,True,nid004308,57240770
SparseHNSW_a0.85_b5_s8x4,"M=32 efC=200 ef=100 alpha=0.85 beta=5 q=u8 seedT=8 seedH=8 seedS=4",64,0.9652085747,0.9945,192.6026,0.8129,0.0000,0.055204,"0.055188;0.055362;0.055250;0.055204;0.055185",15.991889,62531.70,,4.52,0,3452,10,True,nid004308,57240770
SparseHNSW_a0.9_b1_s0x0,"M=32 efC=200 ef=10 alpha=0.9 beta=1 q=u8",64,0.7032155272,0.5163,218.3829,0.8136,0.0000,0.009911,"0.010986;0.010633;0.009895;0.009911;0.009831",2.871089,348299.87,,4.62,0,3452,10,True,nid004308,57240770
SparseHNSW_a0.9_b1_s0x0,"M=32 efC=200 ef=20 alpha=0.9 beta=1 q=u8",64,0.8017381228,0.6386,218.3829,0.8136,0.0000,0.016800,"0.017077;0.016957;0.016800;0.016692;0.016674",4.866744,205476.19,,4.62,0,3452,10,True,nid004308,57240770
SparseHNSW_a0.9_b1_s0x0,"M=32 efC=200 ef=25 alpha=0.9 beta=1 q=u8",64,0.8231170336,0.6663,218.3829,0.8136,0.0000,0.019700,"0.019929;0.019812;0.019700;0.019656;0.019597",5.706837,175228.43,,4.62,0,3452,10,True,nid004308,57240770
SparseHNSW_a0.9_b1_s0x0,"M=32 efC=200 ef=30 alpha=0.9 beta=1 q=u8",64,0.8398030127,0.6868,218.3829,0.8136,0.0000,0.022768,"0.022939;0.022801;0.022768;0.022663;0.022607",6.595597,151616.30,,4.62,0,3452,10,True,nid004308,57240770
SparseHNSW_a0.9_b1_s0x0,"M=32 efC=200 ef=35 alpha=0.9 beta=1 q=u8",64,0.8508400927,0.6967,218.3829,0.8136,0.0000,0.025781,"0.025839;0.025830;0.025781;0.025753;0.025566",7.468424,133897.06,,4.62,0,3452,10,True,nid004308,57240770
SparseHNSW_a0.9_b1_s0x0,"M=32 efC=200 ef=40 alpha=0.9 beta=1 q=u8",64,0.8597334878,0.7075,218.3829,0.8136,0.0000,0.028609,"0.028663;0.028705;0.028608;0.028586;0.028609",8.287659,120661.33,,4.62,0,3452,10,True,nid004308,57240770
SparseHNSW_a0.9_b1_s0x0,"M=32 efC=200 ef=50 alpha=0.9 beta=1 q=u8",64,0.8723348783,0.7234,218.3829,0.8136,0.0000,0.034521,"0.034521;0.034577;0.034457;0.034665;0.034324",10.000290,99997.10,,4.62,0,3452,10,True,nid004308,57240770
SparseHNSW_a0.9_b1_s0x0,"M=32 efC=200 ef=60 alpha=0.9 beta=1 q=u8",64,0.8842120510,0.7350,218.3829,0.8136,0.0000,0.040261,"0.040261;0.040322;0.040250;0.040344;0.040252",11.663094,85740.54,,4.62,0,3452,10,True,nid004308,57240770
SparseHNSW_a0.9_b1_s0x0,"M=32 efC=200 ef=75 alpha=0.9 beta=1 q=u8",64,0.8954808806,0.7469,218.3829,0.8136,0.0000,0.048928,"0.049072;0.048966;0.048928;0.048840;0.048857",14.173812,70552.65,,4.62,0,3452,10,True,nid004308,57240770
SparseHNSW_a0.9_b1_s0x0,"M=32 efC=200 ef=100 alpha=0.9 beta=1 q=u8",64,0.9067497103,0.7597,218.3829,0.8136,0.0000,0.062631,"0.062669;0.062586;0.062616;0.062673;0.062631",18.143395,55116.48,,4.62,0,3452,10,True,nid004308,57240770
SparseHNSW_a0.9_b2_s0x0,"M=32 efC=200 ef=10 alpha=0.9 beta=2 q=u8",64,0.8368482039,0.9158,218.3829,0.8136,0.0000,0.017716,"0.018239;0.017939;0.017650;0.017716;0.017588",5.132097,194852.11,,4.62,0,3452,10,True,nid004308,57240770
SparseHNSW_a0.9_b2_s0x0,"M=32 efC=200 ef=20 alpha=0.9 beta=2 q=u8",64,0.8368482039,0.9158,218.3829,0.8136,0.0000,0.017376,"0.017515;0.017376;0.017345;0.017369;0.017379",5.033604,198664.83,,4.62,0,3452,10,True,nid004308,57240770
SparseHNSW_a0.9_b2_s0x0,"M=32 efC=200 ef=25 alpha=0.9 beta=2 q=u8",64,0.8615295481,0.9306,218.3829,0.8136,0.0000,0.020368,"0.020564;0.020464;0.020368;0.020337;0.020344",5.900348,169481.54,,4.62,0,3452,10,True,nid004308,57240770
SparseHNSW_a0.9_b2_s0x0,"M=32 efC=200 ef=30 alpha=0.9 beta=2 q=u8",64,0.8800984936,0.9416,218.3829,0.8136,0.0000,0.023371,"0.023390;0.023371;0.023412;0.023275;0.023236",6.770278,147704.42,,4.62,0,3452,10,True,nid004308,57240770
SparseHNSW_a0.9_b2_s0x0,"M=32 efC=200 ef=35 alpha=0.9 beta=2 q=u8",64,0.8931054461,0.9496,218.3829,0.8136,0.0000,0.026423,"0.026503;0.026425;0.026423;0.026324;0.026332",7.654403,130643.76,,4.62,0,3452,10,True,nid004308,57240770
SparseHNSW_a0.9_b2_s0x0,"M=32 efC=200 ef=40 alpha=0.9 beta=2 q=u8",64,0.9031865585,0.9554,218.3829,0.8136,0.0000,0.029242,"0.029375;0.029224;0.029242;0.029377;0.029176",8.471031,118049.38,,4.62,0,3452,10,True,nid004308,57240770
SparseHNSW_a0.9_b2_s0x0,"M=32 efC=200 ef=50 alpha=0.9 beta=2 q=u8",64,0.9175840093,0.9649,218.3829,0.8136,0.0000,0.035252,"0.035344;0.035272;0.035252;0.035153;0.035113",10.212051,97923.52,,4.62,0,3452,10,True,nid004308,57240770
SparseHNSW_a0.9_b2_s0x0,"M=32 efC=200 ef=60 alpha=0.9 beta=2 q=u8",64,0.9310254925,0.9742,218.3829,0.8136,0.0000,0.040872,"0.040851;0.040872;0.040956;0.040872;0.040866",11.840093,84458.80,,4.62,0,3452,10,True,nid004308,57240770
SparseHNSW_a0.9_b2_s0x0,"M=32 efC=200 ef=75 alpha=0.9 beta=2 q=u8",64,0.9438876014,0.9809,218.3829,0.8136,0.0000,0.049470,"0.049470;0.049523;0.049192;0.049553;0.049412",14.330823,69779.66,,4.62,0,3452,10,True,nid004308,57240770
SparseHNSW_a0.9_b2_s0x0,"M=32 efC=200 ef=100 alpha=0.9 beta=2 q=u8",64,0.9566628042,0.9890,218.3829,0.8136,0.0000,0.063183,"0.063183;0.063461;0.063175;0.063211;0.063152",18.303302,54634.95,,4.62,0,3452,10,True,nid004308,57240770
SparseHNSW_a0.9_b3_s0x0,"M=32 efC=200 ef=10 alpha=0.9 beta=3 q=u8",64,0.8807647740,0.9418,218.3829,0.8136,0.0000,0.024115,"0.024643;0.024253;0.024115;0.023901;0.023887",6.985805,143147.42,,4.62,0,3452,10,True,nid004308,57240770
SparseHNSW_a0.9_b3_s0x0,"M=32 efC=200 ef=20 alpha=0.9 beta=3 q=u8",64,0.8807647740,0.9418,218.3829,0.8136,0.0000,0.023646,"0.023804;0.023736;0.023645;0.023646;0.023515",6.849942,145986.64,,4.62,0,3452,10,True,nid004308,57240770
SparseHNSW_a0.9_b3_s0x0,"M=32 efC=200 ef=25 alpha=0.9 beta=3 q=u8",64,0.8807647740,0.9418,218.3829,0.8136,0.0000,0.023553,"0.023488;0.023525;0.023567;0.023586;0.023553",6.823001,146563.07,,4.62,0,3452,10,True,nid004308,57240770
SparseHNSW_a0.9_b3_s0x0,"M=32 efC=200 ef=30 alpha=0.9 beta=3 q=u8",64,0.8807647740,0.9418,218.3829,0.8136,0.0000,0.023422,"0.023439;0.023387;0.023389;0.023422;0.023495",6.785052,147382.80,,4.62,0,3452,10,True,nid004308,57240770
SparseHNSW_a0.9_b3_s0x0,"M=32 efC=200 ef=35 alpha=0.9 beta=3 q=u8",64,0.8938296640,0.9496,218.3829,0.8136,0.0000,0.026647,"0.026590;0.026647;0.026661;0.026663;0.026574",7.719293,129545.54,,4.62,0,3452,10,True,nid004308,57240770
SparseHNSW_a0.9_b3_s0x0,"M=32 efC=200 ef=40 alpha=0.9 beta=3 q=u8",64,0.9039397451,0.9554,218.3829,0.8136,0.0000,0.029559,"0.029579;0.029559;0.029538;0.029575;0.029531",8.562862,116783.38,,4.62,0,3452,10,True,nid004308,57240770
SparseHNSW_a0.9_b3_s0x0,"M=32 efC=200 ef=50 alpha=0.9 beta=3 q=u8",64,0.9183951333,0.9649,218.3829,0.8136,0.0000,0.035495,"0.035408;0.035557;0.035416;0.035553;0.035495",10.282445,97253.13,,4.62,0,3452,10,True,nid004308,57240770
SparseHNSW_a0.9_b3_s0x0,"M=32 efC=200 ef=60 alpha=0.9 beta=3 q=u8",64,0.9318945539,0.9742,218.3829,0.8136,0.0000,0.041196,"0.041218;0.041220;0.041018;0.041196;0.041169",11.933951,83794.54,,4.62,0,3452,10,True,nid004308,57240770
SparseHNSW_a0.9_b3_s0x0,"M=32 efC=200 ef=75 alpha=0.9 beta=3 q=u8",64,0.9448435689,0.9809,218.3829,0.8136,0.0000,0.049667,"0.049667;0.049773;0.049515;0.049800;0.049540",14.387891,69502.89,,4.62,0,3452,10,True,nid004308,57240770
SparseHNSW_a0.9_b3_s0x0,"M=32 efC=200 ef=100 alpha=0.9 beta=3 q=u8",64,0.9576767092,0.9890,218.3829,0.8136,0.0000,0.063597,"0.063597;0.063583;0.063279;0.063628;0.063649",18.423233,54279.29,,4.62,0,3452,10,True,nid004308,57240770
SparseHNSW_a0.9_b4_s0x0,"M=32 efC=200 ef=10 alpha=0.9 beta=4 q=u8",64,0.9040266512,0.9554,218.3829,0.8136,0.0000,0.030198,"0.030817;0.030545;0.030198;0.030162;0.030197",8.747972,114312.21,,4.62,0,3452,10,True,nid004308,57240770
SparseHNSW_a0.9_b4_s0x0,"M=32 efC=200 ef=20 alpha=0.9 beta=4 q=u8",64,0.9040266512,0.9554,218.3829,0.8136,0.0000,0.029924,"0.030058;0.029960;0.029924;0.029830;0.029884",8.668598,115358.91,,4.62,0,3452,10,True,nid004308,57240770
SparseHNSW_a0.9_b4_s0x0,"M=32 efC=200 ef=25 alpha=0.9 beta=4 q=u8",64,0.9040266512,0.9554,218.3829,0.8136,0.0000,0.029831,"0.029831;0.029801;0.029833;0.029800;0.029833",8.641657,115718.55,,4.62,0,3452,10,True,nid004308,57240770
SparseHNSW_a0.9_b4_s0x0,"M=32 efC=200 ef=30 alpha=0.9 beta=4 q=u8",64,0.9040266512,0.9554,218.3829,0.8136,0.0000,0.029746,"0.029728;0.029746;0.029812;0.029938;0.029680",8.617034,116049.22,,4.62,0,3452,10,True,nid004308,57240770
SparseHNSW_a0.9_b4_s0x0,"M=32 efC=200 ef=35 alpha=0.9 beta=4 q=u8",64,0.9040266512,0.9554,218.3829,0.8136,0.0000,0.029816,"0.029843;0.029749;0.029816;0.029685;0.029834",8.637312,115776.76,,4.62,0,3452,10,True,nid004308,57240770
SparseHNSW_a0.9_b4_s0x0,"M=32 efC=200 ef=40 alpha=0.9 beta=4 q=u8",64,0.9040266512,0.9554,218.3829,0.8136,0.0000,0.029723,"0.029786;0.029757;0.029676;0.029708;0.029723",8.610371,116139.02,,4.62,0,3452,10,True,nid004308,57240770
SparseHNSW_a0.9_b4_s0x0,"M=32 efC=200 ef=50 alpha=0.9 beta=4 q=u8",64,0.9184820394,0.9649,218.3829,0.8136,0.0000,0.035724,"0.035730;0.035591;0.035730;0.035709;0.035724",10.348783,96629.72,,4.62,0,3452,10,True,nid004308,57240770
SparseHNSW_a0.9_b4_s0x0,"M=32 efC=200 ef=60 alpha=0.9 beta=4 q=u8",64,0.9320393975,0.9742,218.3829,0.8136,0.0000,0.041496,"0.041437;0.041612;0.041496;0.041643;0.041340",12.020857,83188.74,,4.62,0,3452,10,True,nid004308,57240770
SparseHNSW_a0.9_b4_s0x0,"M=32 efC=200 ef=75 alpha=0.9 beta=4 q=u8",64,0.9449884125,0.9809,218.3829,0.8136,0.0000,0.049865,"0.049828;0.049972;0.049926;0.049865;0.049861",14.445249,69226.91,,4.62,0,3452,10,True,nid004308,57240770
SparseHNSW_a0.9_b4_s0x0,"M=32 efC=200 ef=100 alpha=0.9 beta=4 q=u8",64,0.9578505214,0.9890,218.3829,0.8136,0.0000,0.063692,"0.063675;0.063692;0.063606;0.064136;0.063986",18.450753,54198.33,,4.62,0,3452,10,True,nid004308,57240770
SparseHNSW_a0.9_b5_s0x0,"M=32 efC=200 ef=10 alpha=0.9 beta=5 q=u8",64,0.9184820394,0.9649,218.3829,0.8136,0.0000,0.036247,"0.036557;0.036370;0.036247;0.036190;0.036100",10.500290,95235.47,,4.62,0,3452,10,True,nid004308,57240770
SparseHNSW_a0.9_b5_s0x0,"M=32 efC=200 ef=20 alpha=0.9 beta=5 q=u8",64,0.9184820394,0.9649,218.3829,0.8136,0.0000,0.036057,"0.036204;0.036046;0.036252;0.036057;0.035953",10.445249,95737.30,,4.62,0,3452,10,True,nid004308,57240770
SparseHNSW_a0.9_b5_s0x0,"M=32 efC=200 ef=25 alpha=0.9 beta=5 q=u8",64,0.9184820394,0.9649,218.3829,0.8136,0.0000,0.035934,"0.035934;0.035900;0.035937;0.035909;0.036085",10.409618,96065.01,,4.62,0,3452,10,True,nid004308,57240770
SparseHNSW_a0.9_b5_s0x0,"M=32 efC=200 ef=30 alpha=0.9 beta=5 q=u8",64,0.9184820394,0.9649,218.3829,0.8136,0.0000,0.036046,"0.036065;0.036046;0.035965;0.036120;0.035992",10.442063,95766.52,,4.62,0,3452,10,True,nid004308,57240770
SparseHNSW_a0.9_b5_s0x0,"M=32 efC=200 ef=35 alpha=0.9 beta=5 q=u8",64,0.9184820394,0.9649,218.3829,0.8136,0.0000,0.036043,"0.036046;0.036043;0.036005;0.036096;0.035975",10.441194,95774.49,,4.62,0,3452,10,True,nid004308,57240770
SparseHNSW_a0.9_b5_s0x0,"M=32 efC=200 ef=40 alpha=0.9 beta=5 q=u8",64,0.9184820394,0.9649,218.3829,0.8136,0.0000,0.035952,"0.036024;0.035784;0.036002;0.035934;0.035952",10.414832,96016.91,,4.62,0,3452,10,True,nid004308,57240770
SparseHNSW_a0.9_b5_s0x0,"M=32 efC=200 ef=50 alpha=0.9 beta=5 q=u8",64,0.9184820394,0.9649,218.3829,0.8136,0.0000,0.035900,"0.035828;0.035900;0.036067;0.035771;0.035961",10.399768,96155.99,,4.62,0,3452,10,True,nid004308,57240770
SparseHNSW_a0.9_b5_s0x0,"M=32 efC=200 ef=60 alpha=0.9 beta=5 q=u8",64,0.9320393975,0.9742,218.3829,0.8136,0.0000,0.041722,"0.041633;0.041513;0.041816;0.041770;0.041722",12.086327,82738.12,,4.62,0,3452,10,True,nid004308,57240770
SparseHNSW_a0.9_b5_s0x0,"M=32 efC=200 ef=75 alpha=0.9 beta=5 q=u8",64,0.9449884125,0.9809,218.3829,0.8136,0.0000,0.050261,"0.050322;0.050320;0.050169;0.050080;0.050261",14.559965,68681.48,,4.62,0,3452,10,True,nid004308,57240770
SparseHNSW_a0.9_b5_s0x0,"M=32 efC=200 ef=100 alpha=0.9 beta=5 q=u8",64,0.9578505214,0.9890,218.3829,0.8136,0.0000,0.064038,"0.064224;0.063964;0.064175;0.063946;0.064038",18.550985,53905.49,,4.62,0,3452,10,True,nid004308,57240770
SparseHNSW_a0.9_b1_s8x4,"M=32 efC=200 ef=10 alpha=0.9 beta=1 q=u8 seedT=8 seedH=8 seedS=4",64,0.8754634994,0.7164,218.3829,0.8136,0.0000,0.022541,"0.023166;0.022706;0.022541;0.022320;0.022370",6.529838,153143.16,,4.62,0,3452,10,True,nid004308,57240770
SparseHNSW_a0.9_b1_s8x4,"M=32 efC=200 ef=20 alpha=0.9 beta=1 q=u8 seedT=8 seedH=8 seedS=4",64,0.8754634994,0.7164,218.3829,0.8136,0.0000,0.022066,"0.022188;0.022148;0.022066;0.022059;0.022053",6.392236,156439.77,,4.62,0,3452,10,True,nid004308,57240770
SparseHNSW_a0.9_b1_s8x4,"M=32 efC=200 ef=25 alpha=0.9 beta=1 q=u8 seedT=8 seedH=8 seedS=4",64,0.8754634994,0.7164,218.3829,0.8136,0.0000,0.021887,"0.021945;0.021887;0.021933;0.021866;0.021859",6.340382,157719.19,,4.62,0,3452,10,True,nid004308,57240770
SparseHNSW_a0.9_b1_s8x4,"M=32 efC=200 ef=30 alpha=0.9 beta=1 q=u8 seedT=8 seedH=8 seedS=4",64,0.8754924681,0.7164,218.3829,0.8136,0.0000,0.021845,"0.021827;0.021845;0.021836;0.022032;0.021862",6.328216,158022.43,,4.62,0,3452,10,True,nid004308,57240770
SparseHNSW_a0.9_b1_s8x4,"M=32 efC=200 ef=35 alpha=0.9 beta=1 q=u8 seedT=8 seedH=8 seedS=4",64,0.8796929316,0.7206,218.3829,0.8136,0.0000,0.023249,"0.023249;0.023241;0.023235;0.023309;0.023278",6.734936,148479.50,,4.62,0,3452,10,True,nid004308,57240770
SparseHNSW_a0.9_b1_s8x4,"M=32 efC=200 ef=40 alpha=0.9 beta=1 q=u8 seedT=8 seedH=8 seedS=4",64,0.8854866744,0.7287,218.3829,0.8136,0.0000,0.026112,"0.026216;0.026105;0.026030;0.026112;0.026113",7.564311,132199.75,,4.62,0,3452,10,True,nid004308,57240770
SparseHNSW_a0.9_b1_s8x4,"M=32 efC=200 ef=50 alpha=0.9 beta=1 q=u8 seedT=8 seedH=8 seedS=4",64,0.8926998841,0.7403,218.3829,0.8136,0.0000,0.031874,"0.031880;0.031847;0.031904;0.031874;0.031856",9.233488,108301.44,,4.62,0,3452,10,True,nid004308,57240770
SparseHNSW_a0.9_b1_s8x4,"M=32 efC=200 ef=60 alpha=0.9 beta=1 q=u8 seedT=8 seedH=8 seedS=4",64,0.8986674392,0.7459,218.3829,0.8136,0.0000,0.037501,"0.037532;0.037501;0.037463;0.037507;0.037478",10.863557,92050.88,,4.62,0,3452,10,True,nid004308,57240770
SparseHNSW_a0.9_b1_s8x4,"M=32 efC=200 ef=75 alpha=0.9 beta=1 q=u8 seedT=8 seedH=8 seedS=4",64,0.9054750869,0.7541,218.3829,0.8136,0.0000,0.045883,"0.045946;0.045870;0.045892;0.045883;0.045728",13.291715,75234.84,,4.62,0,3452,10,True,nid004308,57240770
SparseHNSW_a0.9_b1_s8x4,"M=32 efC=200 ef=100 alpha=0.9 beta=1 q=u8 seedT=8 seedH=8 seedS=4",64,0.9138180765,0.7648,218.3829,0.8136,0.0000,0.059679,"0.059679;0.059719;0.059530;0.059732;0.059538",17.288239,57842.79,,4.62,0,3452,10,True,nid004308,57240770
SparseHNSW_a0.9_b2_s8x4,"M=32 efC=200 ef=10 alpha=0.9 beta=2 q=u8 seedT=8 seedH=8 seedS=4",64,0.9177288528,0.9783,218.3829,0.8136,0.0000,0.023063,"0.023586;0.023182;0.023063;0.023002;0.022874",6.681054,149676.97,,4.62,0,3452,10,True,nid004308,57240770
SparseHNSW_a0.9_b2_s8x4,"M=32 efC=200 ef=20 alpha=0.9 beta=2 q=u8 seedT=8 seedH=8 seedS=4",64,0.9177288528,0.9783,218.3829,0.8136,0.0000,0.022681,"0.022681;0.022670;0.022753;0.022737;0.022578",6.570394,152197.87,,4.62,0,3452,10,True,nid004308,57240770
SparseHNSW_a0.9_b2_s8x4,"M=32 efC=200 ef=25 alpha=0.9 beta=2 q=u8 seedT=8 seedH=8 seedS=4",64,0.9177288528,0.9783,218.3829,0.8136,0.0000,0.022530,"0.022575;0.022530;0.022555;0.022481;0.022487",6.526651,153217.93,,4.62,0,3452,10,True,nid004308,57240770
SparseHNSW_a0.9_b2_s8x4,"M=32 efC=200 ef=30 alpha=0.9 beta=2 q=u8 seedT=8 seedH=8 seedS=4",64,0.9177578216,0.9783,218.3829,0.8136,0.0000,0.022458,"0.022575;0.022463;0.022458;0.022389;0.022437",6.505794,153709.15,,4.62,0,3452,10,True,nid004308,57240770
SparseHNSW_a0.9_b2_s8x4,"M=32 efC=200 ef=35 alpha=0.9 beta=2 q=u8 seedT=8 seedH=8 seedS=4",64,0.9230011587,0.9803,218.3829,0.8136,0.0000,0.023909,"0.024028;0.024024;0.023909;0.023855;0.023903",6.926130,144380.78,,4.62,0,3452,10,True,nid004308,57240770
SparseHNSW_a0.9_b2_s8x4,"M=32 efC=200 ef=40 alpha=0.9 beta=2 q=u8 seedT=8 seedH=8 seedS=4",64,0.9300405562,0.9829,218.3829,0.8136,0.0000,0.026809,"0.026903;0.026738;0.026734;0.026809;0.026809",7.766222,128762.73,,4.62,0,3452,10,True,nid004308,57240770
SparseHNSW_a0.9_b2_s8x4,"M=32 efC=200 ef=50 alpha=0.9 beta=2 q=u8 seedT=8 seedH=8 seedS=4",64,0.9390787949,0.9852,218.3829,0.8136,0.0000,0.032491,"0.032566;0.032406;0.032478;0.032494;0.032491",9.412225,106244.81,,4.62,0,3452,10,True,nid004308,57240770
SparseHNSW_a0.9_b2_s8x4,"M=32 efC=200 ef=60 alpha=0.9 beta=2 q=u8 seedT=8 seedH=8 seedS=4",64,0.9462050985,0.9881,218.3829,0.8136,0.0000,0.038252,"0.038252;0.038346;0.038224;0.038201;0.038262",11.081112,90243.65,,4.62,0,3452,10,True,nid004308,57240770
SparseHNSW_a0.9_b2_s8x4,"M=32 efC=200 ef=75 alpha=0.9 beta=2 q=u8 seedT=8 seedH=8 seedS=4",64,0.9545191194,0.9910,218.3829,0.8136,0.0000,0.046428,"0.046402;0.046633;0.046460;0.046428;0.046326",13.449594,74351.68,,4.62,0,3452,10,True,nid004308,57240770
SparseHNSW_a0.9_b2_s8x4,"M=32 efC=200 ef=100 alpha=0.9 beta=2 q=u8 seedT=8 seedH=8 seedS=4",64,0.9640787949,0.9951,218.3829,0.8136,0.0000,0.060081,"0.060290;0.060210;0.060081;0.060010;0.059907",17.404693,57455.77,,4.62,0,3452,10,True,nid004308,57240770
SparseHNSW_a0.9_b3_s8x4,"M=32 efC=200 ef=10 alpha=0.9 beta=3 q=u8 seedT=8 seedH=8 seedS=4",64,0.9185110081,0.9783,218.3829,0.8136,0.0000,0.023478,"0.023989;0.023661;0.023478;0.023299;0.023153",6.801275,147031.26,,4.62,0,3452,10,True,nid004308,57240770
SparseHNSW_a0.9_b3_s8x4,"M=32 efC=200 ef=20 alpha=0.9 beta=3 q=u8 seedT=8 seedH=8 seedS=4",64,0.9185110081,0.9783,218.3829,0.8136,0.0000,0.023074,"0.023132;0.023145;0.022973;0.023074;0.022930",6.684241,149605.62,,4.62,0,3452,10,True,nid004308,57240770
SparseHNSW_a0.9_b3_s8x4,"M=32 efC=200 ef=25 alpha=0.9 beta=3 q=u8 seedT=8 seedH=8 seedS=4",64,0.9185110081,0.9783,218.3829,0.8136,0.0000,0.022867,"0.022888;0.022867;0.022913;0.022808;0.022707",6.624276,150959.90,,4.62,0,3452,10,True,nid004308,57240770
SparseHNSW_a0.9_b3_s8x4,"M=32 efC=200 ef=30 alpha=0.9 beta=3 q=u8 seedT=8 seedH=8 seedS=4",64,0.9185110081,0.9783,218.3829,0.8136,0.0000,0.022804,"0.022789;0.022838;0.022804;0.022678;0.022822",6.606025,151376.95,,4.62,0,3452,10,True,nid004308,57240770
SparseHNSW_a0.9_b3_s8x4,"M=32 efC=200 ef=35 alpha=0.9 beta=3 q=u8 seedT=8 seedH=8 seedS=4",64,0.9237543453,0.9803,218.3829,0.8136,0.0000,0.024241,"0.024379;0.024236;0.024309;0.024188;0.024241",7.022306,142403.37,,4.62,0,3452,10,True,nid004308,57240770
SparseHNSW_a0.9_b3_s8x4,"M=32 efC=200 ef=40 alpha=0.9 beta=3 q=u8 seedT=8 seedH=8 seedS=4",64,0.9308227115,0.9829,218.3829,0.8136,0.0000,0.027056,"0.027056;0.027068;0.027066;0.026953;0.027009",7.837775,127587.23,,4.62,0,3452,10,True,nid004308,57240770
SparseHNSW_a0.9_b3_s8x4,"M=32 efC=200 ef=50 alpha=0.9 beta=3 q=u8 seedT=8 seedH=8 seedS=4",64,0.9398899189,0.9852,218.3829,0.8136,0.0000,0.032771,"0.032868;0.032771;0.032830;0.032631;0.032738",9.493337,105337.04,,4.62,0,3452,10,True,nid004308,57240770
SparseHNSW_a0.9_b3_s8x4,"M=32 efC=200 ef=60 alpha=0.9 beta=3 q=u8 seedT=8 seedH=8 seedS=4",64,0.9470741599,0.9881,218.3829,0.8136,0.0000,0.038528,"0.038528;0.038573;0.038544;0.038450;0.038337",11.161066,89597.18,,4.62,0,3452,10,True,nid004308,57240770
SparseHNSW_a0.9_b3_s8x4,"M=32 efC=200 ef=75 alpha=0.9 beta=3 q=u8 seedT=8 seedH=8 seedS=4",64,0.9554750869,0.9910,218.3829,0.8136,0.0000,0.046785,"0.046821;0.046785;0.046744;0.046698;0.046879",13.553013,73784.33,,4.62,0,3452,10,True,nid004308,57240770
SparseHNSW_a0.9_b3_s8x4,"M=32 efC=200 ef=100 alpha=0.9 beta=3 q=u8 seedT=8 seedH=8 seedS=4",64,0.9650926999,0.9951,218.3829,0.8136,0.0000,0.060446,"0.060628;0.060446;0.060502;0.060435;0.060430",17.510429,57108.82,,4.62,0,3452,10,True,nid004308,57240770
SparseHNSW_a0.9_b4_s8x4,"M=32 efC=200 ef=10 alpha=0.9 beta=4 q=u8 seedT=8 seedH=8 seedS=4",64,0.9309096176,0.9829,218.3829,0.8136,0.0000,0.027822,"0.028192;0.027982;0.027822;0.027685;0.027616",8.059676,124074.47,,4.62,0,3452,10,True,nid004308,57240770
SparseHNSW_a0.9_b4_s8x4,"M=32 efC=200 ef=20 alpha=0.9 beta=4 q=u8 seedT=8 seedH=8 seedS=4",64,0.9309096176,0.9829,218.3829,0.8136,0.0000,0.027481,"0.027571;0.027481;0.027389;0.027418;0.027487",7.960892,125614.06,,4.62,0,3452,10,True,nid004308,57240770
SparseHNSW_a0.9_b4_s8x4,"M=32 efC=200 ef=25 alpha=0.9 beta=4 q=u8 seedT=8 seedH=8 seedS=4",64,0.9309096176,0.9829,218.3829,0.8136,0.0000,0.027421,"0.027421;0.027456;0.027473;0.027361;0.027358",7.943511,125888.92,,4.62,0,3452,10,True,nid004308,57240770
SparseHNSW_a0.9_b4_s8x4,"M=32 efC=200 ef=30 alpha=0.9 beta=4 q=u8 seedT=8 seedH=8 seedS=4",64,0.9309096176,0.9829,218.3829,0.8136,0.0000,0.027343,"0.027413;0.027304;0.027344;0.027343;0.027214",7.920915,126248.03,,4.62,0,3452,10,True,nid004308,57240770
SparseHNSW_a0.9_b4_s8x4,"M=32 efC=200 ef=35 alpha=0.9 beta=4 q=u8 seedT=8 seedH=8 seedS=4",64,0.9309096176,0.9829,218.3829,0.8136,0.0000,0.027331,"0.027229;0.027347;0.027216;0.027331;0.027408",7.917439,126303.46,,4.62,0,3452,10,True,nid004308,57240770
SparseHNSW_a0.9_b4_s8x4,"M=32 efC=200 ef=40 alpha=0.9 beta=4 q=u8 seedT=8 seedH=8 seedS=4",64,0.9309096176,0.9829,218.3829,0.8136,0.0000,0.027246,"0.027280;0.027284;0.027239;0.027202;0.027246",7.892816,126697.50,,4.62,0,3452,10,True,nid004308,57240770
SparseHNSW_a0.9_b4_s8x4,"M=32 efC=200 ef=50 alpha=0.9 beta=4 q=u8 seedT=8 seedH=8 seedS=4",64,0.9400057937,0.9852,218.3829,0.8136,0.0000,0.032993,"0.032993;0.033073;0.032933;0.032984;0.033021",9.557648,104628.25,,4.62,0,3452,10,True,nid004308,57240770
SparseHNSW_a0.9_b4_s8x4,"M=32 efC=200 ef=60 alpha=0.9 beta=4 q=u8 seedT=8 seedH=8 seedS=4",64,0.9472190035,0.9881,218.3829,0.8136,0.0000,0.038772,"0.038829;0.038772;0.038777;0.038736;0.038706",11.231750,89033.32,,4.62,0,3452,10,True,nid004308,57240770
SparseHNSW_a0.9_b4_s8x4,"M=32 efC=200 ef=75 alpha=0.9 beta=4 q=u8 seedT=8 seedH=8 seedS=4",64,0.9556199305,0.9910,218.3829,0.8136,0.0000,0.047081,"0.047148;0.047081;0.047122;0.046936;0.046980",13.638760,73320.45,,4.62,0,3452,10,True,nid004308,57240770
SparseHNSW_a0.9_b4_s8x4,"M=32 efC=200 ef=100 alpha=0.9 beta=4 q=u8 seedT=8 seedH=8 seedS=4",64,0.9652665122,0.9951,218.3829,0.8136,0.0000,0.060590,"0.060519;0.060590;0.060905;0.060579;0.060848",17.552144,56973.10,,4.62,0,3452,10,True,nid004308,57240770
SparseHNSW_a0.9_b5_s8x4,"M=32 efC=200 ef=10 alpha=0.9 beta=5 q=u8 seedT=8 seedH=8 seedS=4",64,0.9400057937,0.9852,218.3829,0.8136,0.0000,0.033644,"0.034095;0.033711;0.033644;0.033626;0.033493",9.746234,102603.73,,4.62,0,3452,10,True,nid004308,57240770
SparseHNSW_a0.9_b5_s8x4,"M=32 efC=200 ef=20 alpha=0.9 beta=5 q=u8 seedT=8 seedH=8 seedS=4",64,0.9400057937,0.9852,218.3829,0.8136,0.0000,0.033391,"0.033426;0.033391;0.033338;0.033393;0.033356",9.672943,103381.15,,4.62,0,3452,10,True,nid004308,57240770
SparseHNSW_a0.9_b5_s8x4,"M=32 efC=200 ef=25 alpha=0.9 beta=5 q=u8 seedT=8 seedH=8 seedS=4",64,0.9400057937,0.9852,218.3829,0.8136,0.0000,0.033367,"0.033242;0.033367;0.033370;0.033302;0.033407",9.665991,103455.51,,4.62,0,3452,10,True,nid004308,57240770
SparseHNSW_a0.9_b5_s8x4,"M=32 efC=200 ef=30 alpha=0.9 beta=5 q=u8 seedT=8 seedH=8 seedS=4",64,0.9400057937,0.9852,218.3829,0.8136,0.0000,0.033314,"0.033252;0.033314;0.033319;0.033346;0.033237",9.650637,103620.10,,4.62,0,3452,10,True,nid004308,57240770
SparseHNSW_a0.9_b5_s8x4,"M=32 efC=200 ef=35 alpha=0.9 beta=5 q=u8 seedT=8 seedH=8 seedS=4",64,0.9400057937,0.9852,218.3829,0.8136,0.0000,0.033270,"0.033265;0.033272;0.033270;0.033270;0.033285",9.637891,103757.14,,4.62,0,3452,10,True,nid004308,57240770
SparseHNSW_a0.9_b5_s8x4,"M=32 efC=200 ef=40 alpha=0.9 beta=5 q=u8 seedT=8 seedH=8 seedS=4",64,0.9400057937,0.9852,218.3829,0.8136,0.0000,0.033291,"0.033379;0.033205;0.033393;0.033291;0.033229",9.643975,103691.69,,4.62,0,3452,10,True,nid004308,57240770
SparseHNSW_a0.9_b5_s8x4,"M=32 efC=200 ef=50 alpha=0.9 beta=5 q=u8 seedT=8 seedH=8 seedS=4",64,0.9400057937,0.9852,218.3829,0.8136,0.0000,0.033292,"0.033289;0.033292;0.033326;0.033227;0.033297",9.644264,103688.57,,4.62,0,3452,10,True,nid004308,57240770
SparseHNSW_a0.9_b5_s8x4,"M=32 efC=200 ef=60 alpha=0.9 beta=5 q=u8 seedT=8 seedH=8 seedS=4",64,0.9472190035,0.9881,218.3829,0.8136,0.0000,0.038993,"0.038993;0.038931;0.039018;0.038939;0.039156",11.295771,88528.71,,4.62,0,3452,10,True,nid004308,57240770
SparseHNSW_a0.9_b5_s8x4,"M=32 efC=200 ef=75 alpha=0.9 beta=5 q=u8 seedT=8 seedH=8 seedS=4",64,0.9556199305,0.9910,218.3829,0.8136,0.0000,0.047357,"0.047450;0.047382;0.047197;0.047299;0.047357",13.718714,72893.13,,4.62,0,3452,10,True,nid004308,57240770
SparseHNSW_a0.9_b5_s8x4,"M=32 efC=200 ef=100 alpha=0.9 beta=5 q=u8 seedT=8 seedH=8 seedS=4",64,0.9652665122,0.9951,218.3829,0.8136,0.0000,0.060932,"0.060929;0.060886;0.060932;0.060980;0.061069",17.651217,56653.32,,4.62,0,3452,10,True,nid004308,57240770
