Model,Params,Threads,Recall,RR@10,IndexSec,LoadSec,ConvertSec,SearchSecMedian,SearchSecRuns,AmortizedUsPerQuery,QPS,LatencyUsSingleThread,PeakRSSGB,IndexBytes,NumQueries,K,ResultsOrdered,Host,JobID
SparseHNSW_a0.6_b1,"M=32 efC=200 ef=10 alpha=0.6 beta=1 q=u8",64,0.5643684820,0.4729,110.9134,3.0480,0.0000,0.006080,"0.007253;0.006809;0.006080;0.005959;0.005923",1.761298,567763.16,,4.24,0,3452,10,True,nid004439,56980331
SparseHNSW_a0.6_b1,"M=32 efC=200 ef=20 alpha=0.6 beta=1 q=u8",64,0.6296060255,0.5274,110.9134,3.0480,0.0000,0.010437,"0.010535;0.010560;0.010437;0.010385;0.010351",3.023465,330746.38,,4.24,0,3452,10,True,nid004439,56980331
SparseHNSW_a0.6_b1,"M=32 efC=200 ef=25 alpha=0.6 beta=1 q=u8",64,0.6448725377,0.5371,110.9134,3.0480,0.0000,0.012354,"0.012515;0.012379;0.012350;0.012352;0.012354",3.578795,279423.67,,4.24,0,3452,10,True,nid004439,56980331
SparseHNSW_a0.6_b1,"M=32 efC=200 ef=30 alpha=0.6 beta=1 q=u8",64,0.6550405562,0.5453,110.9134,3.0480,0.0000,0.014228,"0.014349;0.014228;0.014242;0.014179;0.014165",4.121669,242620.19,,4.24,0,3452,10,True,nid004439,56980331
SparseHNSW_a0.6_b1,"M=32 efC=200 ef=35 alpha=0.6 beta=1 q=u8",64,0.6624855156,0.5524,110.9134,3.0480,0.0000,0.016110,"0.016194;0.016153;0.016080;0.016021;0.016110",4.666860,214276.85,,4.24,0,3452,10,True,nid004439,56980331
SparseHNSW_a0.6_b1,"M=32 efC=200 ef=40 alpha=0.6 beta=1 q=u8",64,0.6679026651,0.5552,110.9134,3.0480,0.0000,0.017887,"0.017931;0.017887;0.017887;0.017908;0.017873",5.181634,192989.32,,4.24,0,3452,10,True,nid004439,56980331
SparseHNSW_a0.6_b1,"M=32 efC=200 ef=50 alpha=0.6 beta=1 q=u8",64,0.6783603708,0.5639,110.9134,3.0480,0.0000,0.021816,"0.021852;0.021816;0.021777;0.021712;0.021849",6.319815,158232.49,,4.24,0,3452,10,True,nid004439,56980331
SparseHNSW_a0.6_b1,"M=32 efC=200 ef=60 alpha=0.6 beta=1 q=u8",64,0.6863557358,0.5719,110.9134,3.0480,0.0000,0.025529,"0.025582;0.025606;0.025518;0.025529;0.025510",7.395423,135218.77,,4.24,0,3452,10,True,nid004439,56980331
SparseHNSW_a0.6_b1,"M=32 efC=200 ef=75 alpha=0.6 beta=1 q=u8",64,0.6931054461,0.5806,110.9134,3.0480,0.0000,0.031231,"0.031231;0.031104;0.031134;0.031297;0.031368",9.047219,110531.20,,4.24,0,3452,10,True,nid004439,56980331
SparseHNSW_a0.6_b1,"M=32 efC=200 ef=100 alpha=0.6 beta=1 q=u8",64,0.7017091541,0.5888,110.9134,3.0480,0.0000,0.040401,"0.040401;0.040651;0.040321;0.040381;0.040414",11.703650,85443.43,,4.24,0,3452,10,True,nid004439,56980331
SparseHNSW_a0.6_b2,"M=32 efC=200 ef=10 alpha=0.6 beta=2 q=u8",64,0.7542294322,0.9102,110.9134,3.0480,0.0000,0.011419,"0.011858;0.011479;0.011419;0.011297;0.011272",3.307937,302303.18,,4.24,0,3452,10,True,nid004439,56980331
SparseHNSW_a0.6_b2,"M=32 efC=200 ef=20 alpha=0.6 beta=2 q=u8",64,0.7542294322,0.9102,110.9134,3.0480,0.0000,0.011162,"0.011261;0.011178;0.011162;0.011153;0.011135",3.233488,309263.57,,4.24,0,3452,10,True,nid004439,56980331
SparseHNSW_a0.6_b2,"M=32 efC=200 ef=25 alpha=0.6 beta=2 q=u8",64,0.7753765933,0.9261,110.9134,3.0480,0.0000,0.013147,"0.013278;0.013147;0.013209;0.013121;0.013086",3.808517,262569.41,,4.24,0,3452,10,True,nid004439,56980331
SparseHNSW_a0.6_b2,"M=32 efC=200 ef=30 alpha=0.6 beta=2 q=u8",64,0.7883835458,0.9366,110.9134,3.0480,0.0000,0.015040,"0.015164;0.015051;0.014999;0.015040;0.015025",4.356895,229521.28,,4.24,0,3452,10,True,nid004439,56980331
SparseHNSW_a0.6_b2,"M=32 efC=200 ef=35 alpha=0.6 beta=2 q=u8",64,0.7983487833,0.9447,110.9134,3.0480,0.0000,0.016914,"0.017066;0.016858;0.016914;0.016960;0.016874",4.899768,204091.29,,4.24,0,3452,10,True,nid004439,56980331
SparseHNSW_a0.6_b2,"M=32 efC=200 ef=40 alpha=0.6 beta=2 q=u8",64,0.8055909618,0.9510,110.9134,3.0480,0.0000,0.018728,"0.018741;0.018830;0.018728;0.018676;0.018711",5.425261,184322.94,,4.24,0,3452,10,True,nid004439,56980331
SparseHNSW_a0.6_b2,"M=32 efC=200 ef=50 alpha=0.6 beta=2 q=u8",64,0.8192352260,0.9621,110.9134,3.0480,0.0000,0.022651,"0.022684;0.022654;0.022548;0.022651;0.022529",6.561703,152399.45,,4.24,0,3452,10,True,nid004439,56980331
SparseHNSW_a0.6_b2,"M=32 efC=200 ef=60 alpha=0.6 beta=2 q=u8",64,0.8295770568,0.9728,110.9134,3.0480,0.0000,0.026397,"0.026397;0.026336;0.026361;0.026409;0.026452",7.646871,130772.44,,4.24,0,3452,10,True,nid004439,56980331
SparseHNSW_a0.6_b2,"M=32 efC=200 ef=75 alpha=0.6 beta=2 q=u8",64,0.8378621089,0.9789,110.9134,3.0480,0.0000,0.032171,"0.032190;0.031875;0.032241;0.032089;0.032171",9.319525,107301.61,,4.24,0,3452,10,True,nid004439,56980331
SparseHNSW_a0.6_b2,"M=32 efC=200 ef=100 alpha=0.6 beta=2 q=u8",64,0.8483777520,0.9873,110.9134,3.0480,0.0000,0.041268,"0.041065;0.041140;0.041268;0.041340;0.041425",11.954809,83648.35,,4.24,0,3452,10,True,nid004439,56980331
SparseHNSW_a0.6_b3,"M=32 efC=200 ef=10 alpha=0.6 beta=3 q=u8",64,0.8250579374,0.9366,110.9134,3.0480,0.0000,0.015784,"0.016097;0.015809;0.015784;0.015612;0.015553",4.572422,218702.48,,4.24,0,3452,10,True,nid004439,56980331
SparseHNSW_a0.6_b3,"M=32 efC=200 ef=20 alpha=0.6 beta=3 q=u8",64,0.8250579374,0.9366,110.9134,3.0480,0.0000,0.015414,"0.015414;0.015458;0.015458;0.015295;0.015329",4.465238,223952.25,,4.24,0,3452,10,True,nid004439,56980331
SparseHNSW_a0.6_b3,"M=32 efC=200 ef=25 alpha=0.6 beta=3 q=u8",64,0.8250579374,0.9366,110.9134,3.0480,0.0000,0.015313,"0.015336;0.015262;0.015334;0.015313;0.015279",4.435979,225429.37,,4.24,0,3452,10,True,nid004439,56980331
SparseHNSW_a0.6_b3,"M=32 efC=200 ef=30 alpha=0.6 beta=3 q=u8",64,0.8250579374,0.9366,110.9134,3.0480,0.0000,0.015267,"0.015314;0.015259;0.015342;0.015267;0.015237",4.422654,226108.60,,4.24,0,3452,10,True,nid004439,56980331
SparseHNSW_a0.6_b3,"M=32 efC=200 ef=35 alpha=0.6 beta=3 q=u8",64,0.8361239861,0.9447,110.9134,3.0480,0.0000,0.017186,"0.017229;0.017179;0.017166;0.017186;0.017237",4.978563,200861.17,,4.24,0,3452,10,True,nid004439,56980331
SparseHNSW_a0.6_b3,"M=32 efC=200 ef=40 alpha=0.6 beta=3 q=u8",64,0.8441193511,0.9510,110.9134,3.0480,0.0000,0.019048,"0.019166;0.019048;0.018976;0.019070;0.019046",5.517961,181226.38,,4.24,0,3452,10,True,nid004439,56980331
SparseHNSW_a0.6_b3,"M=32 efC=200 ef=50 alpha=0.6 beta=3 q=u8",64,0.8593279258,0.9621,110.9134,3.0480,0.0000,0.022911,"0.023024;0.022911;0.022950;0.022854;0.022896",6.637022,150669.98,,4.24,0,3452,10,True,nid004439,56980331
SparseHNSW_a0.6_b3,"M=32 efC=200 ef=60 alpha=0.6 beta=3 q=u8",64,0.8701042874,0.9728,110.9134,3.0480,0.0000,0.026766,"0.026588;0.026867;0.026697;0.026878;0.026766",7.753766,128969.59,,4.24,0,3452,10,True,nid004439,56980331
SparseHNSW_a0.6_b3,"M=32 efC=200 ef=75 alpha=0.6 beta=3 q=u8",64,0.8793163384,0.9789,110.9134,3.0480,0.0000,0.032414,"0.032647;0.032330;0.032414;0.032646;0.032267",9.389919,106497.19,,4.24,0,3452,10,True,nid004439,56980331
SparseHNSW_a0.6_b3,"M=32 efC=200 ef=100 alpha=0.6 beta=3 q=u8",64,0.8907010429,0.9875,110.9134,3.0480,0.0000,0.041588,"0.041732;0.041588;0.041694;0.041519;0.041476",12.047509,83004.71,,4.24,0,3452,10,True,nid004439,56980331
SparseHNSW_a0.6_b4,"M=32 efC=200 ef=10 alpha=0.6 beta=4 q=u8",64,0.8611819235,0.9510,110.9134,3.0480,0.0000,0.019704,"0.020069;0.019943;0.019700;0.019704;0.019618",5.707995,175192.85,,4.24,0,3452,10,True,nid004439,56980331
SparseHNSW_a0.6_b4,"M=32 efC=200 ef=20 alpha=0.6 beta=4 q=u8",64,0.8611819235,0.9510,110.9134,3.0480,0.0000,0.019511,"0.019533;0.019511;0.019507;0.019561;0.019506",5.652086,176925.84,,4.24,0,3452,10,True,nid004439,56980331
SparseHNSW_a0.6_b4,"M=32 efC=200 ef=25 alpha=0.6 beta=4 q=u8",64,0.8611819235,0.9510,110.9134,3.0480,0.0000,0.019497,"0.019516;0.019462;0.019508;0.019454;0.019497",5.648030,177052.88,,4.24,0,3452,10,True,nid004439,56980331
SparseHNSW_a0.6_b4,"M=32 efC=200 ef=30 alpha=0.6 beta=4 q=u8",64,0.8611819235,0.9510,110.9134,3.0480,0.0000,0.019438,"0.019498;0.019357;0.019402;0.019438;0.019519",5.630939,177590.29,,4.24,0,3452,10,True,nid004439,56980331
SparseHNSW_a0.6_b4,"M=32 efC=200 ef=35 alpha=0.6 beta=4 q=u8",64,0.8611819235,0.9510,110.9134,3.0480,0.0000,0.019447,"0.019447;0.019467;0.019523;0.019411;0.019423",5.633546,177508.10,,4.24,0,3452,10,True,nid004439,56980331
SparseHNSW_a0.6_b4,"M=32 efC=200 ef=40 alpha=0.6 beta=4 q=u8",64,0.8611819235,0.9510,110.9134,3.0480,0.0000,0.019389,"0.019377;0.019507;0.019389;0.019368;0.019437",5.616744,178039.09,,4.24,0,3452,10,True,nid004439,56980331
SparseHNSW_a0.6_b4,"M=32 efC=200 ef=50 alpha=0.6 beta=4 q=u8",64,0.8770567787,0.9621,110.9134,3.0480,0.0000,0.023369,"0.023382;0.023232;0.023376;0.023319;0.023369",6.769699,147717.06,,4.24,0,3452,10,True,nid004439,56980331
SparseHNSW_a0.6_b4,"M=32 efC=200 ef=60 alpha=0.6 beta=4 q=u8",64,0.8887311703,0.9728,110.9134,3.0480,0.0000,0.027100,"0.027001;0.027192;0.027145;0.027034;0.027100",7.850521,127380.07,,4.24,0,3452,10,True,nid004439,56980331
SparseHNSW_a0.6_b4,"M=32 efC=200 ef=75 alpha=0.6 beta=4 q=u8",64,0.8981749710,0.9789,110.9134,3.0480,0.0000,0.032759,"0.032759;0.032600;0.033011;0.032750;0.032790",9.489861,105375.62,,4.24,0,3452,10,True,nid004439,56980331
SparseHNSW_a0.6_b4,"M=32 efC=200 ef=100 alpha=0.6 beta=4 q=u8",64,0.9107473928,0.9875,110.9134,3.0480,0.0000,0.042008,"0.042008;0.041929;0.042276;0.042116;0.041850",12.169177,82174.82,,4.24,0,3452,10,True,nid004439,56980331
SparseHNSW_a0.6_b5,"M=32 efC=200 ef=10 alpha=0.6 beta=5 q=u8",64,0.8869351101,0.9621,110.9134,3.0480,0.0000,0.023992,"0.024202;0.024028;0.023901;0.023992;0.023784",6.950174,143881.29,,4.24,0,3452,10,True,nid004439,56980331
SparseHNSW_a0.6_b5,"M=32 efC=200 ef=20 alpha=0.6 beta=5 q=u8",64,0.8869351101,0.9621,110.9134,3.0480,0.0000,0.023717,"0.023696;0.023864;0.023772;0.023663;0.023717",6.870510,145549.61,,4.24,0,3452,10,True,nid004439,56980331
SparseHNSW_a0.6_b5,"M=32 efC=200 ef=25 alpha=0.6 beta=5 q=u8",64,0.8869351101,0.9621,110.9134,3.0480,0.0000,0.023811,"0.023811;0.023879;0.023813;0.023742;0.023637",6.897740,144975.01,,4.24,0,3452,10,True,nid004439,56980331
SparseHNSW_a0.6_b5,"M=32 efC=200 ef=30 alpha=0.6 beta=5 q=u8",64,0.8869351101,0.9621,110.9134,3.0480,0.0000,0.023648,"0.023711;0.023648;0.023666;0.023628;0.023636",6.850521,145974.29,,4.24,0,3452,10,True,nid004439,56980331
SparseHNSW_a0.6_b5,"M=32 efC=200 ef=35 alpha=0.6 beta=5 q=u8",64,0.8869351101,0.9621,110.9134,3.0480,0.0000,0.023651,"0.023694;0.023651;0.023498;0.023654;0.023551",6.851390,145955.77,,4.24,0,3452,10,True,nid004439,56980331
SparseHNSW_a0.6_b5,"M=32 efC=200 ef=40 alpha=0.6 beta=5 q=u8",64,0.8869351101,0.9621,110.9134,3.0480,0.0000,0.023660,"0.023595;0.023536;0.023660;0.023754;0.023668",6.853998,145900.25,,4.24,0,3452,10,True,nid004439,56980331
SparseHNSW_a0.6_b5,"M=32 efC=200 ef=50 alpha=0.6 beta=5 q=u8",64,0.8869351101,0.9621,110.9134,3.0480,0.0000,0.023608,"0.023608;0.023536;0.023702;0.023605;0.023710",6.838934,146221.62,,4.24,0,3452,10,True,nid004439,56980331
SparseHNSW_a0.6_b5,"M=32 efC=200 ef=60 alpha=0.6 beta=5 q=u8",64,0.8988991889,0.9728,110.9134,3.0480,0.0000,0.027478,"0.027478;0.027474;0.027515;0.027536;0.027412",7.960023,125627.77,,4.24,0,3452,10,True,nid004439,56980331
SparseHNSW_a0.6_b5,"M=32 efC=200 ef=75 alpha=0.6 beta=5 q=u8",64,0.9090092700,0.9789,110.9134,3.0480,0.0000,0.033156,"0.033211;0.033116;0.032966;0.033156;0.033167",9.604867,104113.89,,4.24,0,3452,10,True,nid004439,56980331
SparseHNSW_a0.6_b5,"M=32 efC=200 ef=100 alpha=0.6 beta=5 q=u8",64,0.9216106605,0.9875,110.9134,3.0480,0.0000,0.042412,"0.042301;0.042422;0.042412;0.042285;0.042433",12.286211,81392.06,,4.24,0,3452,10,True,nid004439,56980331
SparseHNSW_a0.65_b1,"M=32 efC=200 ef=10 alpha=0.65 beta=1 q=u8",64,0.5974217845,0.4803,123.7933,1.0703,0.0000,0.006437,"0.007604;0.007176;0.006437;0.006289;0.006214",1.864716,536274.66,,4.29,0,3452,10,True,nid004439,56980331
SparseHNSW_a0.65_b1,"M=32 efC=200 ef=20 alpha=0.65 beta=1 q=u8",64,0.6717555041,0.5499,123.7933,1.0703,0.0000,0.011055,"0.011212;0.011055;0.010972;0.011084;0.010953",3.202491,312256.90,,4.29,0,3452,10,True,nid004439,56980331
SparseHNSW_a0.65_b1,"M=32 efC=200 ef=25 alpha=0.65 beta=1 q=u8",64,0.6861239861,0.5617,123.7933,1.0703,0.0000,0.013011,"0.013218;0.013100;0.013011;0.012918;0.012964",3.769119,265313.97,,4.29,0,3452,10,True,nid004439,56980331
SparseHNSW_a0.65_b1,"M=32 efC=200 ef=30 alpha=0.65 beta=1 q=u8",64,0.6983198146,0.5743,123.7933,1.0703,0.0000,0.015049,"0.015161;0.015049;0.015059;0.014980;0.014963",4.359502,229384.01,,4.29,0,3452,10,True,nid004439,56980331
SparseHNSW_a0.65_b1,"M=32 efC=200 ef=35 alpha=0.65 beta=1 q=u8",64,0.7084588644,0.5856,123.7933,1.0703,0.0000,0.016966,"0.017078;0.016974;0.016940;0.016966;0.016919",4.914832,203465.76,,4.29,0,3452,10,True,nid004439,56980331
SparseHNSW_a0.65_b1,"M=32 efC=200 ef=40 alpha=0.65 beta=1 q=u8",64,0.7146871379,0.5909,123.7933,1.0703,0.0000,0.019009,"0.019073;0.019048;0.019009;0.018898;0.018923",5.506663,181598.19,,4.29,0,3452,10,True,nid004439,56980331
SparseHNSW_a0.65_b1,"M=32 efC=200 ef=50 alpha=0.65 beta=1 q=u8",64,0.7231170336,0.5993,123.7933,1.0703,0.0000,0.023028,"0.022947;0.023042;0.023038;0.023028;0.022864",6.670915,149904.46,,4.29,0,3452,10,True,nid004439,56980331
SparseHNSW_a0.65_b1,"M=32 efC=200 ef=60 alpha=0.65 beta=1 q=u8",64,0.7295480881,0.6067,123.7933,1.0703,0.0000,0.026875,"0.026770;0.026981;0.026875;0.026997;0.026865",7.785342,128446.51,,4.29,0,3452,10,True,nid004439,56980331
SparseHNSW_a0.65_b1,"M=32 efC=200 ef=75 alpha=0.65 beta=1 q=u8",64,0.7358342990,0.6110,123.7933,1.0703,0.0000,0.032639,"0.032682;0.032701;0.032639;0.032607;0.032595",9.455098,105763.04,,4.29,0,3452,10,True,nid004439,56980331
SparseHNSW_a0.65_b1,"M=32 efC=200 ef=100 alpha=0.65 beta=1 q=u8",64,0.7417728853,0.6130,123.7933,1.0703,0.0000,0.042397,"0.042397;0.042352;0.042515;0.042509;0.042264",12.281866,81420.86,,4.29,0,3452,10,True,nid004439,56980331
SparseHNSW_a0.65_b2,"M=32 efC=200 ef=10 alpha=0.65 beta=2 q=u8",64,0.7907010429,0.9192,123.7933,1.0703,0.0000,0.012042,"0.012449;0.012130;0.012042;0.011934;0.011892",3.488413,286663.34,,4.29,0,3452,10,True,nid004439,56980331
SparseHNSW_a0.65_b2,"M=32 efC=200 ef=20 alpha=0.65 beta=2 q=u8",64,0.7907010429,0.9192,123.7933,1.0703,0.0000,0.011764,"0.011809;0.011764;0.011743;0.011768;0.011753",3.407879,293437.61,,4.29,0,3452,10,True,nid004439,56980331
SparseHNSW_a0.65_b2,"M=32 efC=200 ef=25 alpha=0.65 beta=2 q=u8",64,0.8093279258,0.9345,123.7933,1.0703,0.0000,0.013776,"0.013818;0.013866;0.013775;0.013776;0.013760",3.990730,250580.72,,4.29,0,3452,10,True,nid004439,56980331
SparseHNSW_a0.65_b2,"M=32 efC=200 ef=30 alpha=0.65 beta=2 q=u8",64,0.8241888760,0.9467,123.7933,1.0703,0.0000,0.015827,"0.015923;0.015896;0.015813;0.015793;0.015827",4.584878,218108.30,,4.29,0,3452,10,True,nid004439,56980331
SparseHNSW_a0.65_b2,"M=32 efC=200 ef=35 alpha=0.65 beta=2 q=u8",64,0.8375434531,0.9563,123.7933,1.0703,0.0000,0.017814,"0.017864;0.017814;0.017711;0.017938;0.017734",5.160487,193780.17,,4.29,0,3452,10,True,nid004439,56980331
SparseHNSW_a0.65_b2,"M=32 efC=200 ef=40 alpha=0.65 beta=2 q=u8",64,0.8453939745,0.9621,123.7933,1.0703,0.0000,0.019791,"0.019754;0.019860;0.019800;0.019791;0.019710",5.733198,174422.72,,4.29,0,3452,10,True,nid004439,56980331
SparseHNSW_a0.65_b2,"M=32 efC=200 ef=50 alpha=0.65 beta=2 q=u8",64,0.8558227115,0.9693,123.7933,1.0703,0.0000,0.023812,"0.023880;0.023781;0.023870;0.023812;0.023778",6.898030,144968.92,,4.29,0,3452,10,True,nid004439,56980331
SparseHNSW_a0.65_b2,"M=32 efC=200 ef=60 alpha=0.65 beta=2 q=u8",64,0.8637891078,0.9748,123.7933,1.0703,0.0000,0.027724,"0.027802;0.027603;0.027681;0.027725;0.027724",8.031286,124513.06,,4.29,0,3452,10,True,nid004439,56980331
SparseHNSW_a0.65_b2,"M=32 efC=200 ef=75 alpha=0.65 beta=2 q=u8",64,0.8718134415,0.9803,123.7933,1.0703,0.0000,0.033409,"0.033409;0.033380;0.033433;0.033284;0.033487",9.678158,103325.45,,4.29,0,3452,10,True,nid004439,56980331
SparseHNSW_a0.65_b2,"M=32 efC=200 ef=100 alpha=0.65 beta=2 q=u8",64,0.8800695249,0.9858,123.7933,1.0703,0.0000,0.043117,"0.043159;0.043184;0.043117;0.042934;0.043052",12.490440,80061.23,,4.29,0,3452,10,True,nid004439,56980331
SparseHNSW_a0.65_b3,"M=32 efC=200 ef=10 alpha=0.65 beta=3 q=u8",64,0.8543163384,0.9467,123.7933,1.0703,0.0000,0.016455,"0.016871;0.016597;0.016448;0.016400;0.016455",4.766802,209784.26,,4.29,0,3452,10,True,nid004439,56980331
SparseHNSW_a0.65_b3,"M=32 efC=200 ef=20 alpha=0.65 beta=3 q=u8",64,0.8543163384,0.9467,123.7933,1.0703,0.0000,0.016239,"0.016292;0.016262;0.016239;0.016139;0.016146",4.704229,212574.67,,4.29,0,3452,10,True,nid004439,56980331
SparseHNSW_a0.65_b3,"M=32 efC=200 ef=25 alpha=0.65 beta=3 q=u8",64,0.8543163384,0.9467,123.7933,1.0703,0.0000,0.016070,"0.016122;0.016070;0.016106;0.016029;0.016068",4.655272,214810.21,,4.29,0,3452,10,True,nid004439,56980331
SparseHNSW_a0.65_b3,"M=32 efC=200 ef=30 alpha=0.65 beta=3 q=u8",64,0.8543163384,0.9467,123.7933,1.0703,0.0000,0.016101,"0.016191;0.016101;0.016139;0.016101;0.016045",4.664253,214396.62,,4.29,0,3452,10,True,nid004439,56980331
SparseHNSW_a0.65_b3,"M=32 efC=200 ef=35 alpha=0.65 beta=3 q=u8",64,0.8687427578,0.9563,123.7933,1.0703,0.0000,0.018110,"0.018110;0.018062;0.018101;0.018214;0.018146",5.246234,190612.92,,4.29,0,3452,10,True,nid004439,56980331
SparseHNSW_a0.65_b3,"M=32 efC=200 ef=40 alpha=0.65 beta=3 q=u8",64,0.8774333720,0.9621,123.7933,1.0703,0.0000,0.020116,"0.020264;0.020105;0.020116;0.020136;0.020071",5.827346,171604.69,,4.29,0,3452,10,True,nid004439,56980331
SparseHNSW_a0.65_b3,"M=32 efC=200 ef=50 alpha=0.65 beta=3 q=u8",64,0.8889629200,0.9693,123.7933,1.0703,0.0000,0.024152,"0.024335;0.024130;0.024152;0.024183;0.023978",6.996524,142928.12,,4.29,0,3452,10,True,nid004439,56980331
SparseHNSW_a0.65_b3,"M=32 efC=200 ef=60 alpha=0.65 beta=3 q=u8",64,0.8980590962,0.9748,123.7933,1.0703,0.0000,0.028023,"0.028023;0.028086;0.027881;0.027992;0.028031",8.117903,123184.53,,4.29,0,3452,10,True,nid004439,56980331
SparseHNSW_a0.65_b3,"M=32 efC=200 ef=75 alpha=0.65 beta=3 q=u8",64,0.9064600232,0.9803,123.7933,1.0703,0.0000,0.033894,"0.034060;0.033746;0.034003;0.033894;0.033878",9.818656,101846.93,,4.29,0,3452,10,True,nid004439,56980331
SparseHNSW_a0.65_b3,"M=32 efC=200 ef=100 alpha=0.65 beta=3 q=u8",64,0.9156720742,0.9858,123.7933,1.0703,0.0000,0.043527,"0.043492;0.043527;0.043591;0.043652;0.043437",12.609212,79307.10,,4.29,0,3452,10,True,nid004439,56980331
SparseHNSW_a0.65_b4,"M=32 efC=200 ef=10 alpha=0.65 beta=4 q=u8",64,0.8892815759,0.9621,123.7933,1.0703,0.0000,0.020888,"0.021133;0.020912;0.020888;0.020673;0.020580",6.050985,165262.35,,4.29,0,3452,10,True,nid004439,56980331
SparseHNSW_a0.65_b4,"M=32 efC=200 ef=20 alpha=0.65 beta=4 q=u8",64,0.8892815759,0.9621,123.7933,1.0703,0.0000,0.020548,"0.020592;0.020553;0.020548;0.020470;0.020473",5.952491,167996.89,,4.29,0,3452,10,True,nid004439,56980331
SparseHNSW_a0.65_b4,"M=32 efC=200 ef=25 alpha=0.65 beta=4 q=u8",64,0.8892815759,0.9621,123.7933,1.0703,0.0000,0.020450,"0.020577;0.020447;0.020473;0.020410;0.020450",5.924102,168801.96,,4.29,0,3452,10,True,nid004439,56980331
SparseHNSW_a0.65_b4,"M=32 efC=200 ef=30 alpha=0.65 beta=4 q=u8",64,0.8892815759,0.9621,123.7933,1.0703,0.0000,0.020365,"0.020408;0.020531;0.020335;0.020347;0.020365",5.899479,169506.51,,4.29,0,3452,10,True,nid004439,56980331
SparseHNSW_a0.65_b4,"M=32 efC=200 ef=35 alpha=0.65 beta=4 q=u8",64,0.8892815759,0.9621,123.7933,1.0703,0.0000,0.020440,"0.020440;0.020507;0.020405;0.020521;0.020385",5.921205,168884.54,,4.29,0,3452,10,True,nid004439,56980331
SparseHNSW_a0.65_b4,"M=32 efC=200 ef=40 alpha=0.65 beta=4 q=u8",64,0.8892815759,0.9621,123.7933,1.0703,0.0000,0.020401,"0.020381;0.020401;0.020384;0.020545;0.020450",5.909907,169207.39,,4.29,0,3452,10,True,nid004439,56980331
SparseHNSW_a0.65_b4,"M=32 efC=200 ef=50 alpha=0.65 beta=4 q=u8",64,0.9019119351,0.9693,123.7933,1.0703,0.0000,0.024533,"0.024636;0.024488;0.024533;0.024564;0.024421",7.106895,140708.43,,4.29,0,3452,10,True,nid004439,56980331
SparseHNSW_a0.65_b4,"M=32 efC=200 ef=60 alpha=0.65 beta=4 q=u8",64,0.9115005794,0.9748,123.7933,1.0703,0.0000,0.028388,"0.028388;0.028349;0.028446;0.028388;0.028366",8.223638,121600.68,,4.29,0,3452,10,True,nid004439,56980331
SparseHNSW_a0.65_b4,"M=32 efC=200 ef=75 alpha=0.65 beta=4 q=u8",64,0.9205967555,0.9803,123.7933,1.0703,0.0000,0.033998,"0.033987;0.034160;0.033925;0.034144;0.033998",9.848783,101535.38,,4.29,0,3452,10,True,nid004439,56980331
SparseHNSW_a0.65_b4,"M=32 efC=200 ef=100 alpha=0.65 beta=4 q=u8",64,0.9304171495,0.9858,123.7933,1.0703,0.0000,0.043630,"0.043580;0.043881;0.043752;0.043630;0.043607",12.639050,79119.87,,4.29,0,3452,10,True,nid004439,56980331
SparseHNSW_a0.65_b5,"M=32 efC=200 ef=10 alpha=0.65 beta=5 q=u8",64,0.9085457706,0.9693,123.7933,1.0703,0.0000,0.025047,"0.025286;0.025214;0.025047;0.025031;0.025000",7.255794,137820.90,,4.29,0,3452,10,True,nid004439,56980331
SparseHNSW_a0.65_b5,"M=32 efC=200 ef=20 alpha=0.65 beta=5 q=u8",64,0.9085457706,0.9693,123.7933,1.0703,0.0000,0.024879,"0.024969;0.024925;0.024869;0.024766;0.024879",7.207126,138751.56,,4.29,0,3452,10,True,nid004439,56980331
SparseHNSW_a0.65_b5,"M=32 efC=200 ef=25 alpha=0.65 beta=5 q=u8",64,0.9085457706,0.9693,123.7933,1.0703,0.0000,0.024842,"0.024795;0.024842;0.024873;0.024829;0.024849",7.196408,138958.22,,4.29,0,3452,10,True,nid004439,56980331
SparseHNSW_a0.65_b5,"M=32 efC=200 ef=30 alpha=0.65 beta=5 q=u8",64,0.9085457706,0.9693,123.7933,1.0703,0.0000,0.024804,"0.024945;0.024918;0.024804;0.024796;0.024716",7.185400,139171.10,,4.29,0,3452,10,True,nid004439,56980331
SparseHNSW_a0.65_b5,"M=32 efC=200 ef=35 alpha=0.65 beta=5 q=u8",64,0.9085457706,0.9693,123.7933,1.0703,0.0000,0.024856,"0.024721;0.024912;0.024860;0.024856;0.024729",7.200463,138879.95,,4.29,0,3452,10,True,nid004439,56980331
SparseHNSW_a0.65_b5,"M=32 efC=200 ef=40 alpha=0.65 beta=5 q=u8",64,0.9085457706,0.9693,123.7933,1.0703,0.0000,0.024745,"0.024728;0.024766;0.024692;0.024794;0.024745",7.168308,139502.93,,4.29,0,3452,10,True,nid004439,56980331
SparseHNSW_a0.65_b5,"M=32 efC=200 ef=50 alpha=0.65 beta=5 q=u8",64,0.9085457706,0.9693,123.7933,1.0703,0.0000,0.024787,"0.024625;0.024632;0.024829;0.024927;0.024787",7.180475,139266.55,,4.29,0,3452,10,True,nid004439,56980331
SparseHNSW_a0.65_b5,"M=32 efC=200 ef=60 alpha=0.65 beta=5 q=u8",64,0.9182213210,0.9748,123.7933,1.0703,0.0000,0.028624,"0.028624;0.028643;0.028588;0.028612;0.028708",8.292005,120598.10,,4.29,0,3452,10,True,nid004439,56980331
SparseHNSW_a0.65_b5,"M=32 efC=200 ef=75 alpha=0.65 beta=5 q=u8",64,0.9274623407,0.9803,123.7933,1.0703,0.0000,0.034482,"0.034472;0.034482;0.034499;0.034598;0.034417",9.988992,100110.20,,4.29,0,3452,10,True,nid004439,56980331
SparseHNSW_a0.65_b5,"M=32 efC=200 ef=100 alpha=0.65 beta=5 q=u8",64,0.9376593279,0.9858,123.7933,1.0703,0.0000,0.044111,"0.044048;0.044114;0.044090;0.044112;0.044111",12.778389,78257.12,,4.29,0,3452,10,True,nid004439,56980331
SparseHNSW_a0.7_b1,"M=32 efC=200 ef=10 alpha=0.7 beta=1 q=u8",64,0.6261587486,0.4917,137.9706,0.8764,0.0000,0.006838,"0.008150;0.007475;0.006838;0.006718;0.006659",1.980881,504825.97,,4.33,0,3452,10,True,nid004439,56980331
SparseHNSW_a0.7_b1,"M=32 efC=200 ef=20 alpha=0.7 beta=1 q=u8",64,0.7063441483,0.5711,137.9706,0.8764,0.0000,0.011835,"0.012055;0.011945;0.011835;0.011809;0.011725",3.428447,291677.23,,4.33,0,3452,10,True,nid004439,56980331
SparseHNSW_a0.7_b1,"M=32 efC=200 ef=25 alpha=0.7 beta=1 q=u8",64,0.7233777520,0.5845,137.9706,0.8764,0.0000,0.014197,"0.014249;0.014205;0.014145;0.014197;0.014066",4.112688,243149.96,,4.33,0,3452,10,True,nid004439,56980331
SparseHNSW_a0.7_b1,"M=32 efC=200 ef=30 alpha=0.7 beta=1 q=u8",64,0.7348203940,0.5957,137.9706,0.8764,0.0000,0.016205,"0.016472;0.016241;0.016202;0.016205;0.016135",4.694380,213020.67,,4.33,0,3452,10,True,nid004439,56980331
SparseHNSW_a0.7_b1,"M=32 efC=200 ef=35 alpha=0.7 beta=1 q=u8",64,0.7435979143,0.6051,137.9706,0.8764,0.0000,0.018317,"0.018419;0.018317;0.018314;0.018410;0.018276",5.306199,188458.81,,4.33,0,3452,10,True,nid004439,56980331
SparseHNSW_a0.7_b1,"M=32 efC=200 ef=40 alpha=0.7 beta=1 q=u8",64,0.7516512167,0.6138,137.9706,0.8764,0.0000,0.020469,"0.020539;0.020456;0.020513;0.020469;0.020257",5.929606,168645.27,,4.33,0,3452,10,True,nid004439,56980331
SparseHNSW_a0.7_b1,"M=32 efC=200 ef=50 alpha=0.7 beta=1 q=u8",64,0.7601390498,0.6200,137.9706,0.8764,0.0000,0.024604,"0.024604;0.024451;0.024639;0.024667;0.024555",7.127462,140302.39,,4.33,0,3452,10,True,nid004439,56980331
SparseHNSW_a0.7_b1,"M=32 efC=200 ef=60 alpha=0.7 beta=1 q=u8",64,0.7670915411,0.6262,137.9706,0.8764,0.0000,0.028776,"0.028850;0.028636;0.028776;0.028643;0.028890",8.336037,119961.08,,4.33,0,3452,10,True,nid004439,56980331
SparseHNSW_a0.7_b1,"M=32 efC=200 ef=75 alpha=0.7 beta=1 q=u8",64,0.7734356895,0.6317,137.9706,0.8764,0.0000,0.034918,"0.034918;0.034868;0.034995;0.034937;0.034745",10.115295,98860.19,,4.33,0,3452,10,True,nid004439,56980331
SparseHNSW_a0.7_b1,"M=32 efC=200 ef=100 alpha=0.7 beta=1 q=u8",64,0.7806488992,0.6383,137.9706,0.8764,0.0000,0.045260,"0.045296;0.045126;0.045228;0.045377;0.045260",13.111240,76270.44,,4.33,0,3452,10,True,nid004439,56980331
SparseHNSW_a0.7_b2,"M=32 efC=200 ef=10 alpha=0.7 beta=2 q=u8",64,0.8125434531,0.9224,137.9706,0.8764,0.0000,0.012856,"0.013336;0.012975;0.012736;0.012856;0.012698",3.724218,268512.76,,4.33,0,3452,10,True,nid004439,56980331
SparseHNSW_a0.7_b2,"M=32 efC=200 ef=20 alpha=0.7 beta=2 q=u8",64,0.8125434531,0.9224,137.9706,0.8764,0.0000,0.012592,"0.012592;0.012614;0.012597;0.012491;0.012492",3.647740,274142.31,,4.33,0,3452,10,True,nid004439,56980331
SparseHNSW_a0.7_b2,"M=32 efC=200 ef=25 alpha=0.7 beta=2 q=u8",64,0.8354287370,0.9377,137.9706,0.8764,0.0000,0.014960,"0.015031;0.014976;0.014960;0.014745;0.014880",4.333720,230748.66,,4.33,0,3452,10,True,nid004439,56980331
SparseHNSW_a0.7_b2,"M=32 efC=200 ef=30 alpha=0.7 beta=2 q=u8",64,0.8507821553,0.9470,137.9706,0.8764,0.0000,0.017056,"0.017064;0.017009;0.017056;0.016999;0.017065",4.940904,202392.12,,4.33,0,3452,10,True,nid004439,56980331
SparseHNSW_a0.7_b2,"M=32 efC=200 ef=35 alpha=0.7 beta=2 q=u8",64,0.8619640788,0.9548,137.9706,0.8764,0.0000,0.019049,"0.019063;0.019049;0.018982;0.019117;0.018967",5.518250,181216.86,,4.33,0,3452,10,True,nid004439,56980331
SparseHNSW_a0.7_b2,"M=32 efC=200 ef=40 alpha=0.7 beta=2 q=u8",64,0.8720451912,0.9629,137.9706,0.8764,0.0000,0.021184,"0.021200;0.021182;0.021176;0.021248;0.021184",6.136732,162953.17,,4.33,0,3452,10,True,nid004439,56980331
SparseHNSW_a0.7_b2,"M=32 efC=200 ef=50 alpha=0.7 beta=2 q=u8",64,0.8831691773,0.9707,137.9706,0.8764,0.0000,0.025460,"0.025656;0.025439;0.025469;0.025443;0.025460",7.375435,135585.23,,4.33,0,3452,10,True,nid004439,56980331
SparseHNSW_a0.7_b2,"M=32 efC=200 ef=60 alpha=0.7 beta=2 q=u8",64,0.8925840093,0.9762,137.9706,0.8764,0.0000,0.029605,"0.029567;0.029605;0.029626;0.029570;0.029610",8.576188,116601.93,,4.33,0,3452,10,True,nid004439,56980331
SparseHNSW_a0.7_b2,"M=32 efC=200 ef=75 alpha=0.7 beta=2 q=u8",64,0.9006662804,0.9812,137.9706,0.8764,0.0000,0.035657,"0.035657;0.035808;0.035651;0.035430;0.035673",10.329374,96811.29,,4.33,0,3452,10,True,nid004439,56980331
SparseHNSW_a0.7_b2,"M=32 efC=200 ef=100 alpha=0.7 beta=2 q=u8",64,0.9097624565,0.9878,137.9706,0.8764,0.0000,0.046035,"0.045794;0.046035;0.046233;0.045874;0.046101",13.335747,74986.42,,4.33,0,3452,10,True,nid004439,56980331
SparseHNSW_a0.7_b3,"M=32 efC=200 ef=10 alpha=0.7 beta=3 q=u8",64,0.8721610660,0.9470,137.9706,0.8764,0.0000,0.017698,"0.018184;0.017797;0.017698;0.017564;0.017362",5.126883,195050.29,,4.33,0,3452,10,True,nid004439,56980331
SparseHNSW_a0.7_b3,"M=32 efC=200 ef=20 alpha=0.7 beta=3 q=u8",64,0.8721610660,0.9470,137.9706,0.8764,0.0000,0.017335,"0.017388;0.017335;0.017325;0.017283;0.017357",5.021727,199134.70,,4.33,0,3452,10,True,nid004439,56980331
SparseHNSW_a0.7_b3,"M=32 efC=200 ef=25 alpha=0.7 beta=3 q=u8",64,0.8721610660,0.9470,137.9706,0.8764,0.0000,0.017305,"0.017369;0.017271;0.017321;0.017305;0.017303",5.013036,199479.92,,4.33,0,3452,10,True,nid004439,56980331
SparseHNSW_a0.7_b3,"M=32 efC=200 ef=30 alpha=0.7 beta=3 q=u8",64,0.8721610660,0.9470,137.9706,0.8764,0.0000,0.017175,"0.017259;0.017092;0.017175;0.017099;0.017258",4.975377,200989.81,,4.33,0,3452,10,True,nid004439,56980331
SparseHNSW_a0.7_b3,"M=32 efC=200 ef=35 alpha=0.7 beta=3 q=u8",64,0.8841541136,0.9548,137.9706,0.8764,0.0000,0.019268,"0.019315;0.019349;0.019268;0.019249;0.019260",5.581692,179157.15,,4.33,0,3452,10,True,nid004439,56980331
SparseHNSW_a0.7_b3,"M=32 efC=200 ef=40 alpha=0.7 beta=3 q=u8",64,0.8950463499,0.9629,137.9706,0.8764,0.0000,0.021525,"0.021667;0.021548;0.021525;0.021401;0.021433",6.235516,160371.66,,4.33,0,3452,10,True,nid004439,56980331
SparseHNSW_a0.7_b3,"M=32 efC=200 ef=50 alpha=0.7 beta=3 q=u8",64,0.9068655852,0.9707,137.9706,0.8764,0.0000,0.025824,"0.025841;0.025761;0.025824;0.025922;0.025778",7.480881,133674.10,,4.33,0,3452,10,True,nid004439,56980331
SparseHNSW_a0.7_b3,"M=32 efC=200 ef=60 alpha=0.7 beta=3 q=u8",64,0.9168597914,0.9762,137.9706,0.8764,0.0000,0.029907,"0.029954;0.029850;0.029978;0.029782;0.029907",8.663673,115424.48,,4.33,0,3452,10,True,nid004439,56980331
SparseHNSW_a0.7_b3,"M=32 efC=200 ef=75 alpha=0.7 beta=3 q=u8",64,0.9255793743,0.9812,137.9706,0.8764,0.0000,0.035953,"0.035868;0.036196;0.036026;0.035796;0.035953",10.415122,96014.24,,4.33,0,3452,10,True,nid004439,56980331
SparseHNSW_a0.7_b3,"M=32 efC=200 ef=100 alpha=0.7 beta=3 q=u8",64,0.9355735805,0.9878,137.9706,0.8764,0.0000,0.046445,"0.046522;0.046639;0.046393;0.046391;0.046445",13.454519,74324.47,,4.33,0,3452,10,True,nid004439,56980331
SparseHNSW_a0.7_b4,"M=32 efC=200 ef=10 alpha=0.7 beta=4 q=u8",64,0.9028389340,0.9629,137.9706,0.8764,0.0000,0.022112,"0.022593;0.022353;0.022112;0.022061;0.022071",6.405562,156114.33,,4.33,0,3452,10,True,nid004439,56980331
SparseHNSW_a0.7_b4,"M=32 efC=200 ef=20 alpha=0.7 beta=4 q=u8",64,0.9028389340,0.9629,137.9706,0.8764,0.0000,0.022119,"0.022262;0.022119;0.022010;0.022121;0.021884",6.407590,156064.92,,4.33,0,3452,10,True,nid004439,56980331
SparseHNSW_a0.7_b4,"M=32 efC=200 ef=25 alpha=0.7 beta=4 q=u8",64,0.9028389340,0.9629,137.9706,0.8764,0.0000,0.021881,"0.021814;0.021881;0.021857;0.021907;0.021933",6.338644,157762.44,,4.33,0,3452,10,True,nid004439,56980331
SparseHNSW_a0.7_b4,"M=32 efC=200 ef=30 alpha=0.7 beta=4 q=u8",64,0.9028389340,0.9629,137.9706,0.8764,0.0000,0.021858,"0.021993;0.021960;0.021858;0.021812;0.021708",6.331981,157928.45,,4.33,0,3452,10,True,nid004439,56980331
SparseHNSW_a0.7_b4,"M=32 efC=200 ef=35 alpha=0.7 beta=4 q=u8",64,0.9028389340,0.9629,137.9706,0.8764,0.0000,0.021813,"0.021861;0.021944;0.021755;0.021808;0.021813",6.318946,158254.25,,4.33,0,3452,10,True,nid004439,56980331
SparseHNSW_a0.7_b4,"M=32 efC=200 ef=40 alpha=0.7 beta=4 q=u8",64,0.9028389340,0.9629,137.9706,0.8764,0.0000,0.021780,"0.021840;0.021907;0.021755;0.021780;0.021727",6.309386,158494.03,,4.33,0,3452,10,True,nid004439,56980331
SparseHNSW_a0.7_b4,"M=32 efC=200 ef=50 alpha=0.7 beta=4 q=u8",64,0.9150057937,0.9707,137.9706,0.8764,0.0000,0.026115,"0.026263;0.026115;0.026126;0.026022;0.026082",7.565180,132184.57,,4.33,0,3452,10,True,nid004439,56980331
SparseHNSW_a0.7_b4,"M=32 efC=200 ef=60 alpha=0.7 beta=4 q=u8",64,0.9253765933,0.9762,137.9706,0.8764,0.0000,0.030221,"0.030207;0.030253;0.030433;0.030221;0.030208",8.754635,114225.21,,4.33,0,3452,10,True,nid004439,56980331
SparseHNSW_a0.7_b4,"M=32 efC=200 ef=75 alpha=0.7 beta=4 q=u8",64,0.9345886443,0.9812,137.9706,0.8764,0.0000,0.036491,"0.036678;0.036364;0.036526;0.036491;0.036387",10.570973,94598.67,,4.33,0,3452,10,True,nid004439,56980331
SparseHNSW_a0.7_b4,"M=32 efC=200 ef=100 alpha=0.7 beta=4 q=u8",64,0.9451042874,0.9878,137.9706,0.8764,0.0000,0.046729,"0.046389;0.046587;0.046729;0.046740;0.046836",13.536790,73872.76,,4.33,0,3452,10,True,nid004439,56980331
SparseHNSW_a0.7_b5,"M=32 efC=200 ef=10 alpha=0.7 beta=5 q=u8",64,0.9190324450,0.9707,137.9706,0.8764,0.0000,0.026787,"0.027070;0.026862;0.026787;0.026591;0.026512",7.759849,128868.48,,4.33,0,3452,10,True,nid004439,56980331
SparseHNSW_a0.7_b5,"M=32 efC=200 ef=20 alpha=0.7 beta=5 q=u8",64,0.9190324450,0.9707,137.9706,0.8764,0.0000,0.026591,"0.026591;0.026594;0.026549;0.026471;0.026634",7.703071,129818.36,,4.33,0,3452,10,True,nid004439,56980331
SparseHNSW_a0.7_b5,"M=32 efC=200 ef=25 alpha=0.7 beta=5 q=u8",64,0.9190324450,0.9707,137.9706,0.8764,0.0000,0.026545,"0.026652;0.026522;0.026545;0.026551;0.026540",7.689745,130043.32,,4.33,0,3452,10,True,nid004439,56980331
SparseHNSW_a0.7_b5,"M=32 efC=200 ef=30 alpha=0.7 beta=5 q=u8",64,0.9190324450,0.9707,137.9706,0.8764,0.0000,0.026410,"0.026445;0.026515;0.026395;0.026325;0.026410",7.650637,130708.07,,4.33,0,3452,10,True,nid004439,56980331
SparseHNSW_a0.7_b5,"M=32 efC=200 ef=35 alpha=0.7 beta=5 q=u8",64,0.9190324450,0.9707,137.9706,0.8764,0.0000,0.026378,"0.026419;0.026378;0.026394;0.026343;0.026260",7.641367,130866.63,,4.33,0,3452,10,True,nid004439,56980331
SparseHNSW_a0.7_b5,"M=32 efC=200 ef=40 alpha=0.7 beta=5 q=u8",64,0.9190324450,0.9707,137.9706,0.8764,0.0000,0.026515,"0.026576;0.026557;0.026482;0.026415;0.026515",7.681054,130190.46,,4.33,0,3452,10,True,nid004439,56980331
SparseHNSW_a0.7_b5,"M=32 efC=200 ef=50 alpha=0.7 beta=5 q=u8",64,0.9190324450,0.9707,137.9706,0.8764,0.0000,0.026500,"0.026536;0.026520;0.026500;0.026401;0.026350",7.676709,130264.15,,4.33,0,3452,10,True,nid004439,56980331
SparseHNSW_a0.7_b5,"M=32 efC=200 ef=60 alpha=0.7 beta=5 q=u8",64,0.9296060255,0.9762,137.9706,0.8764,0.0000,0.030564,"0.030564;0.030549;0.030682;0.030401;0.030672",8.853998,112943.33,,4.33,0,3452,10,True,nid004439,56980331
SparseHNSW_a0.7_b5,"M=32 efC=200 ef=75 alpha=0.7 beta=5 q=u8",64,0.9389339513,0.9812,137.9706,0.8764,0.0000,0.036798,"0.036839;0.036984;0.036702;0.036705;0.036798",10.659907,93809.45,,4.33,0,3452,10,True,nid004439,56980331
SparseHNSW_a0.7_b5,"M=32 efC=200 ef=100 alpha=0.7 beta=5 q=u8",64,0.9497972190,0.9878,137.9706,0.8764,0.0000,0.046921,"0.046921;0.047131;0.046707;0.047014;0.046898",13.592410,73570.47,,4.34,0,3452,10,True,nid004439,56980331
SparseHNSW_a0.725_b1,"M=32 efC=200 ef=10 alpha=0.725 beta=1 q=u8",64,0.6453070684,0.5088,145.1931,0.8822,0.0000,0.007204,"0.008398;0.007875;0.007204;0.006994;0.006999",2.086906,479178.23,,4.37,0,3452,10,True,nid004439,56980331
SparseHNSW_a0.725_b1,"M=32 efC=200 ef=20 alpha=0.725 beta=1 q=u8",64,0.7224217845,0.5782,145.1931,0.8822,0.0000,0.012261,"0.012465;0.012301;0.012261;0.012108;0.012198",3.551854,281543.10,,4.37,0,3452,10,True,nid004439,56980331
SparseHNSW_a0.725_b1,"M=32 efC=200 ef=25 alpha=0.725 beta=1 q=u8",64,0.7384704519,0.5944,145.1931,0.8822,0.0000,0.014314,"0.014530;0.014371;0.014307;0.014314;0.014313",4.146582,241162.50,,4.37,0,3452,10,True,nid004439,56980331
SparseHNSW_a0.725_b1,"M=32 efC=200 ef=30 alpha=0.725 beta=1 q=u8",64,0.7511297798,0.6049,145.1931,0.8822,0.0000,0.016648,"0.016688;0.016693;0.016542;0.016586;0.016648",4.822711,207352.23,,4.37,0,3452,10,True,nid004439,56980331
SparseHNSW_a0.725_b1,"M=32 efC=200 ef=35 alpha=0.725 beta=1 q=u8",64,0.7612688297,0.6143,145.1931,0.8822,0.0000,0.018718,"0.018729;0.018763;0.018678;0.018718;0.018689",5.422364,184421.41,,4.37,0,3452,10,True,nid004439,56980331
SparseHNSW_a0.725_b1,"M=32 efC=200 ef=40 alpha=0.725 beta=1 q=u8",64,0.7668887601,0.6196,145.1931,0.8822,0.0000,0.020744,"0.020811;0.020785;0.020744;0.020698;0.020613",6.009270,166409.56,,4.37,0,3452,10,True,nid004439,56980331
SparseHNSW_a0.725_b1,"M=32 efC=200 ef=50 alpha=0.725 beta=1 q=u8",64,0.7781286211,0.6309,145.1931,0.8822,0.0000,0.025056,"0.025139;0.025161;0.025050;0.025056;0.025009",7.258401,137771.39,,4.37,0,3452,10,True,nid004439,56980331
SparseHNSW_a0.725_b1,"M=32 efC=200 ef=60 alpha=0.725 beta=1 q=u8",64,0.7842410197,0.6364,145.1931,0.8822,0.0000,0.029361,"0.029423;0.029293;0.029361;0.029457;0.029311",8.505504,117570.93,,4.37,0,3452,10,True,nid004439,56980331
SparseHNSW_a0.725_b1,"M=32 efC=200 ef=75 alpha=0.725 beta=1 q=u8",64,0.7903823870,0.6421,145.1931,0.8822,0.0000,0.035934,"0.035943;0.035957;0.035713;0.035934;0.035843",10.409618,96065.01,,4.37,0,3452,10,True,nid004439,56980331
SparseHNSW_a0.725_b1,"M=32 efC=200 ef=100 alpha=0.725 beta=1 q=u8",64,0.7986674392,0.6508,145.1931,0.8822,0.0000,0.046603,"0.046746;0.046511;0.046543;0.046603;0.046628",13.500290,74072.48,,4.37,0,3452,10,True,nid004439,56980331
SparseHNSW_a0.725_b2,"M=32 efC=200 ef=10 alpha=0.725 beta=2 q=u8",64,0.8220451912,0.9228,145.1931,0.8822,0.0000,0.013238,"0.013749;0.013339;0.013238;0.013158;0.013064",3.834878,260764.47,,4.37,0,3452,10,True,nid004439,56980331
SparseHNSW_a0.725_b2,"M=32 efC=200 ef=20 alpha=0.725 beta=2 q=u8",64,0.8220451912,0.9228,145.1931,0.8822,0.0000,0.012915,"0.012985;0.012959;0.012915;0.012830;0.012817",3.741309,267286.10,,4.37,0,3452,10,True,nid004439,56980331
SparseHNSW_a0.725_b2,"M=32 efC=200 ef=25 alpha=0.725 beta=2 q=u8",64,0.8431344148,0.9352,145.1931,0.8822,0.0000,0.015151,"0.015185;0.015151;0.015060;0.015101;0.015209",4.389050,227839.75,,4.37,0,3452,10,True,nid004439,56980331
SparseHNSW_a0.725_b2,"M=32 efC=200 ef=30 alpha=0.725 beta=2 q=u8",64,0.8598493627,0.9470,145.1931,0.8822,0.0000,0.017388,"0.017442;0.017463;0.017388;0.017380;0.017331",5.037080,198527.72,,4.37,0,3452,10,True,nid004439,56980331
SparseHNSW_a0.725_b2,"M=32 efC=200 ef=35 alpha=0.725 beta=2 q=u8",64,0.8723638470,0.9563,145.1931,0.8822,0.0000,0.019435,"0.019560;0.019559;0.019412;0.019358;0.019435",5.630070,177617.70,,4.37,0,3452,10,True,nid004439,56980331
SparseHNSW_a0.725_b2,"M=32 efC=200 ef=40 alpha=0.725 beta=2 q=u8",64,0.8789687138,0.9612,145.1931,0.8822,0.0000,0.021597,"0.021624;0.021554;0.021597;0.021604;0.021465",6.256373,159837.01,,4.37,0,3452,10,True,nid004439,56980331
SparseHNSW_a0.725_b2,"M=32 efC=200 ef=50 alpha=0.725 beta=2 q=u8",64,0.8930475087,0.9710,145.1931,0.8822,0.0000,0.025914,"0.026021;0.025896;0.026013;0.025789;0.025914",7.506952,133209.85,,4.37,0,3452,10,True,nid004439,56980331
SparseHNSW_a0.725_b2,"M=32 efC=200 ef=60 alpha=0.725 beta=2 q=u8",64,0.9008400927,0.9760,145.1931,0.8822,0.0000,0.030184,"0.030237;0.030131;0.030184;0.030217;0.030100",8.743917,114365.23,,4.37,0,3452,10,True,nid004439,56980331
SparseHNSW_a0.725_b2,"M=32 efC=200 ef=75 alpha=0.725 beta=2 q=u8",64,0.9086037080,0.9809,145.1931,0.8822,0.0000,0.036657,"0.036783;0.036657;0.036524;0.036648;0.036827",10.619061,94170.28,,4.37,0,3452,10,True,nid004439,56980331
SparseHNSW_a0.725_b2,"M=32 efC=200 ef=100 alpha=0.725 beta=2 q=u8",64,0.9190903824,0.9878,145.1931,0.8822,0.0000,0.047296,"0.047296;0.047312;0.047387;0.047253;0.047296",13.701043,72987.14,,4.37,0,3452,10,True,nid004439,56980331
SparseHNSW_a0.725_b3,"M=32 efC=200 ef=10 alpha=0.725 beta=3 q=u8",64,0.8769698725,0.9470,145.1931,0.8822,0.0000,0.017987,"0.018438;0.018203;0.017987;0.017955;0.017853",5.210603,191916.38,,4.37,0,3452,10,True,nid004439,56980331
SparseHNSW_a0.725_b3,"M=32 efC=200 ef=20 alpha=0.725 beta=3 q=u8",64,0.8769698725,0.9470,145.1931,0.8822,0.0000,0.017670,"0.017815;0.017699;0.017627;0.017670;0.017642",5.118772,195359.37,,4.37,0,3452,10,True,nid004439,56980331
SparseHNSW_a0.725_b3,"M=32 efC=200 ef=25 alpha=0.725 beta=3 q=u8",64,0.8769698725,0.9470,145.1931,0.8822,0.0000,0.017659,"0.017741;0.017659;0.017674;0.017557;0.017501",5.115585,195481.06,,4.37,0,3452,10,True,nid004439,56980331
SparseHNSW_a0.725_b3,"M=32 efC=200 ef=30 alpha=0.725 beta=3 q=u8",64,0.8769698725,0.9470,145.1931,0.8822,0.0000,0.017529,"0.017529;0.017544;0.017486;0.017527;0.017564",5.077926,196930.80,,4.37,0,3452,10,True,nid004439,56980331
SparseHNSW_a0.725_b3,"M=32 efC=200 ef=35 alpha=0.725 beta=3 q=u8",64,0.8902085747,0.9563,145.1931,0.8822,0.0000,0.019728,"0.019798;0.019728;0.019646;0.019668;0.019733",5.714948,174979.72,,4.37,0,3452,10,True,nid004439,56980331
SparseHNSW_a0.725_b3,"M=32 efC=200 ef=40 alpha=0.725 beta=3 q=u8",64,0.8977114716,0.9612,145.1931,0.8822,0.0000,0.021867,"0.021812;0.021883;0.021859;0.021867;0.021924",6.334589,157863.45,,4.37,0,3452,10,True,nid004439,56980331
SparseHNSW_a0.725_b3,"M=32 efC=200 ef=50 alpha=0.725 beta=3 q=u8",64,0.9129779838,0.9710,145.1931,0.8822,0.0000,0.026368,"0.026412;0.026368;0.026242;0.026418;0.026244",7.638470,130916.26,,4.37,0,3452,10,True,nid004439,56980331
SparseHNSW_a0.725_b3,"M=32 efC=200 ef=60 alpha=0.725 beta=3 q=u8",64,0.9214078795,0.9760,145.1931,0.8822,0.0000,0.030551,"0.030584;0.030426;0.030551;0.030503;0.030561",8.850232,112991.39,,4.37,0,3452,10,True,nid004439,56980331
SparseHNSW_a0.725_b3,"M=32 efC=200 ef=75 alpha=0.725 beta=3 q=u8",64,0.9300984936,0.9809,145.1931,0.8822,0.0000,0.037009,"0.036986;0.037009;0.037069;0.037041;0.036885",10.721031,93274.61,,4.37,0,3452,10,True,nid004439,56980331
SparseHNSW_a0.725_b3,"M=32 efC=200 ef=100 alpha=0.725 beta=3 q=u8",64,0.9410196987,0.9878,145.1931,0.8822,0.0000,0.047525,"0.047525;0.047468;0.047486;0.047682;0.047811",13.767381,72635.46,,4.37,0,3452,10,True,nid004439,56980331
SparseHNSW_a0.725_b4,"M=32 efC=200 ef=10 alpha=0.725 beta=4 q=u8",64,0.9037369641,0.9612,145.1931,0.8822,0.0000,0.022518,"0.023008;0.022538;0.022518;0.022468;0.022419",6.523175,153299.58,,4.37,0,3452,10,True,nid004439,56980331
SparseHNSW_a0.725_b4,"M=32 efC=200 ef=20 alpha=0.725 beta=4 q=u8",64,0.9037369641,0.9612,145.1931,0.8822,0.0000,0.022311,"0.022307;0.022311;0.022356;0.022344;0.022165",6.463210,154721.89,,4.37,0,3452,10,True,nid004439,56980331
SparseHNSW_a0.725_b4,"M=32 efC=200 ef=25 alpha=0.725 beta=4 q=u8",64,0.9037369641,0.9612,145.1931,0.8822,0.0000,0.022172,"0.022322;0.022172;0.022155;0.022204;0.022074",6.422943,155691.86,,4.37,0,3452,10,True,nid004439,56980331
SparseHNSW_a0.725_b4,"M=32 efC=200 ef=30 alpha=0.725 beta=4 q=u8",64,0.9037369641,0.9612,145.1931,0.8822,0.0000,0.022186,"0.022232;0.022138;0.022186;0.022040;0.022353",6.426999,155593.62,,4.37,0,3452,10,True,nid004439,56980331
SparseHNSW_a0.725_b4,"M=32 efC=200 ef=35 alpha=0.725 beta=4 q=u8",64,0.9037369641,0.9612,145.1931,0.8822,0.0000,0.022187,"0.022136;0.022276;0.022166;0.022187;0.022233",6.427289,155586.60,,4.37,0,3452,10,True,nid004439,56980331
SparseHNSW_a0.725_b4,"M=32 efC=200 ef=40 alpha=0.725 beta=4 q=u8",64,0.9037369641,0.9612,145.1931,0.8822,0.0000,0.022137,"0.022137;0.022070;0.022143;0.022163;0.022093",6.412804,155938.02,,4.37,0,3452,10,True,nid004439,56980331
SparseHNSW_a0.725_b4,"M=32 efC=200 ef=50 alpha=0.725 beta=4 q=u8",64,0.9193511008,0.9710,145.1931,0.8822,0.0000,0.026651,"0.026621;0.026654;0.026555;0.026651;0.026701",7.720452,129526.10,,4.37,0,3452,10,True,nid004439,56980331
SparseHNSW_a0.725_b4,"M=32 efC=200 ef=60 alpha=0.725 beta=4 q=u8",64,0.9280417149,0.9760,145.1931,0.8822,0.0000,0.030833,"0.030930;0.030912;0.030733;0.030833;0.030787",8.931924,111957.97,,4.37,0,3452,10,True,nid004439,56980331
SparseHNSW_a0.725_b4,"M=32 efC=200 ef=75 alpha=0.725 beta=4 q=u8",64,0.9369640788,0.9809,145.1931,0.8822,0.0000,0.037267,"0.037397;0.037276;0.037135;0.037267;0.037174",10.795771,92628.87,,4.37,0,3452,10,True,nid004439,56980331
SparseHNSW_a0.725_b4,"M=32 efC=200 ef=100 alpha=0.725 beta=4 q=u8",64,0.9480590962,0.9878,145.1931,0.8822,0.0000,0.047863,"0.047763;0.047863;0.047823;0.047928;0.048046",13.865295,72122.52,,4.37,0,3452,10,True,nid004439,56980331
SparseHNSW_a0.725_b5,"M=32 efC=200 ef=10 alpha=0.725 beta=5 q=u8",64,0.9219582851,0.9710,145.1931,0.8822,0.0000,0.027297,"0.027523;0.027297;0.027317;0.027171;0.027172",7.907590,126460.78,,4.37,0,3452,10,True,nid004439,56980331
SparseHNSW_a0.725_b5,"M=32 efC=200 ef=20 alpha=0.725 beta=5 q=u8",64,0.9219582851,0.9710,145.1931,0.8822,0.0000,0.026943,"0.026943;0.026925;0.027043;0.026864;0.026974",7.805041,128122.33,,4.37,0,3452,10,True,nid004439,56980331
SparseHNSW_a0.725_b5,"M=32 efC=200 ef=25 alpha=0.725 beta=5 q=u8",64,0.9219582851,0.9710,145.1931,0.8822,0.0000,0.026915,"0.026915;0.026959;0.026891;0.026965;0.026843",7.796929,128255.62,,4.37,0,3452,10,True,nid004439,56980331
SparseHNSW_a0.725_b5,"M=32 efC=200 ef=30 alpha=0.725 beta=5 q=u8",64,0.9219582851,0.9710,145.1931,0.8822,0.0000,0.026852,"0.026848;0.026953;0.026951;0.026730;0.026852",7.778679,128556.53,,4.37,0,3452,10,True,nid004439,56980331
SparseHNSW_a0.725_b5,"M=32 efC=200 ef=35 alpha=0.725 beta=5 q=u8",64,0.9219582851,0.9710,145.1931,0.8822,0.0000,0.026823,"0.026803;0.026823;0.026870;0.026846;0.026739",7.770278,128695.52,,4.37,0,3452,10,True,nid004439,56980331
SparseHNSW_a0.725_b5,"M=32 efC=200 ef=40 alpha=0.725 beta=5 q=u8",64,0.9219582851,0.9710,145.1931,0.8822,0.0000,0.026914,"0.026848;0.026914;0.026975;0.026876;0.026936",7.796640,128260.38,,4.37,0,3452,10,True,nid004439,56980331
SparseHNSW_a0.725_b5,"M=32 efC=200 ef=50 alpha=0.725 beta=5 q=u8",64,0.9219582851,0.9710,145.1931,0.8822,0.0000,0.026860,"0.026948;0.026860;0.026876;0.026855;0.026819",7.780997,128518.24,,4.37,0,3452,10,True,nid004439,56980331
SparseHNSW_a0.725_b5,"M=32 efC=200 ef=60 alpha=0.725 beta=5 q=u8",64,0.9309096176,0.9760,145.1931,0.8822,0.0000,0.031129,"0.031129;0.031127;0.031089;0.031172;0.031144",9.017671,110893.38,,4.37,0,3452,10,True,nid004439,56980331
SparseHNSW_a0.725_b5,"M=32 efC=200 ef=75 alpha=0.725 beta=5 q=u8",64,0.9400637312,0.9809,145.1931,0.8822,0.0000,0.037786,"0.037786;0.037840;0.037901;0.037767;0.037782",10.946118,91356.59,,4.37,0,3452,10,True,nid004439,56980331
SparseHNSW_a0.725_b5,"M=32 efC=200 ef=100 alpha=0.725 beta=5 q=u8",64,0.9515063731,0.9878,145.1931,0.8822,0.0000,0.048352,"0.048469;0.048188;0.048352;0.048350;0.048414",14.006952,71393.12,,4.37,0,3452,10,True,nid004439,56980331
SparseHNSW_a0.75_b1,"M=32 efC=200 ef=10 alpha=0.75 beta=1 q=u8",64,0.6572421784,0.5098,153.1056,0.8729,0.0000,0.007490,"0.008666;0.007958;0.007490;0.007249;0.007272",2.169757,460881.17,,4.40,0,3452,10,True,nid004439,56980331
SparseHNSW_a0.75_b1,"M=32 efC=200 ef=20 alpha=0.75 beta=1 q=u8",64,0.7330822711,0.5870,153.1056,0.8729,0.0000,0.012550,"0.012783;0.012612;0.012550;0.012529;0.012477",3.635574,275059.76,,4.40,0,3452,10,True,nid004439,56980331
SparseHNSW_a0.75_b1,"M=32 efC=200 ef=25 alpha=0.75 beta=1 q=u8",64,0.7533314021,0.6032,153.1056,0.8729,0.0000,0.014976,"0.015153;0.014976;0.014980;0.014976;0.014808",4.338355,230502.14,,4.40,0,3452,10,True,nid004439,56980331
SparseHNSW_a0.75_b1,"M=32 efC=200 ef=30 alpha=0.75 beta=1 q=u8",64,0.7679316338,0.6193,153.1056,0.8729,0.0000,0.017282,"0.017282;0.017301;0.017256;0.017299;0.017223",5.006373,199745.40,,4.40,0,3452,10,True,nid004439,56980331
SparseHNSW_a0.75_b1,"M=32 efC=200 ef=35 alpha=0.75 beta=1 q=u8",64,0.7800115875,0.6321,153.1056,0.8729,0.0000,0.019620,"0.019676;0.019822;0.019620;0.019591;0.019484",5.683662,175942.92,,4.40,0,3452,10,True,nid004439,56980331
SparseHNSW_a0.75_b1,"M=32 efC=200 ef=40 alpha=0.75 beta=1 q=u8",64,0.7886152955,0.6386,153.1056,0.8729,0.0000,0.021829,"0.021829;0.021874;0.021715;0.021838;0.021746",6.323581,158138.26,,4.40,0,3452,10,True,nid004439,56980331
SparseHNSW_a0.75_b1,"M=32 efC=200 ef=50 alpha=0.75 beta=1 q=u8",64,0.7972479722,0.6477,153.1056,0.8729,0.0000,0.026403,"0.026577;0.026451;0.026403;0.026290;0.026208",7.648610,130742.72,,4.40,0,3452,10,True,nid004439,56980331
SparseHNSW_a0.75_b1,"M=32 efC=200 ef=60 alpha=0.75 beta=1 q=u8",64,0.8025782155,0.6528,153.1056,0.8729,0.0000,0.030534,"0.030530;0.030534;0.030879;0.030586;0.030420",8.845307,113054.30,,4.40,0,3452,10,True,nid004439,56980331
SparseHNSW_a0.75_b1,"M=32 efC=200 ef=75 alpha=0.75 beta=1 q=u8",64,0.8079374276,0.6582,153.1056,0.8729,0.0000,0.037090,"0.037090;0.037182;0.037144;0.037048;0.036867",10.744496,93070.91,,4.40,0,3452,10,True,nid004439,56980331
SparseHNSW_a0.75_b1,"M=32 efC=200 ef=100 alpha=0.75 beta=1 q=u8",64,0.8159038239,0.6641,153.1056,0.8729,0.0000,0.048122,"0.048122;0.048279;0.048091;0.048410;0.048018",13.940324,71734.34,,4.40,0,3452,10,True,nid004439,56980331
SparseHNSW_a0.75_b2,"M=32 efC=200 ef=10 alpha=0.75 beta=2 q=u8",64,0.8271436848,0.9195,153.1056,0.8729,0.0000,0.013587,"0.013975;0.013673;0.013587;0.013420;0.013414",3.935979,254066.39,,4.40,0,3452,10,True,nid004439,56980331
SparseHNSW_a0.75_b2,"M=32 efC=200 ef=20 alpha=0.75 beta=2 q=u8",64,0.8271436848,0.9195,153.1056,0.8729,0.0000,0.013275,"0.013343;0.013307;0.013275;0.013242;0.013209",3.845597,260037.66,,4.40,0,3452,10,True,nid004439,56980331
SparseHNSW_a0.75_b2,"M=32 efC=200 ef=25 alpha=0.75 beta=2 q=u8",64,0.8529548088,0.9380,153.1056,0.8729,0.0000,0.015688,"0.015753;0.015701;0.015688;0.015619;0.015651",4.544612,220040.80,,4.40,0,3452,10,True,nid004439,56980331
SparseHNSW_a0.75_b2,"M=32 efC=200 ef=30 alpha=0.75 beta=2 q=u8",64,0.8704519119,0.9496,153.1056,0.8729,0.0000,0.018076,"0.018141;0.018076;0.018027;0.018047;0.018099",5.236385,190971.45,,4.40,0,3452,10,True,nid004439,56980331
SparseHNSW_a0.75_b2,"M=32 efC=200 ef=35 alpha=0.75 beta=2 q=u8",64,0.8852259560,0.9606,153.1056,0.8729,0.0000,0.020383,"0.020440;0.020383;0.020280;0.020305;0.020404",5.904693,169356.82,,4.40,0,3452,10,True,nid004439,56980331
SparseHNSW_a0.75_b2,"M=32 efC=200 ef=40 alpha=0.75 beta=2 q=u8",64,0.8963209733,0.9681,153.1056,0.8729,0.0000,0.022687,"0.022687;0.022701;0.022668;0.022810;0.022620",6.572132,152157.62,,4.40,0,3452,10,True,nid004439,56980331
SparseHNSW_a0.75_b2,"M=32 efC=200 ef=50 alpha=0.75 beta=2 q=u8",64,0.9076187717,0.9751,153.1056,0.8729,0.0000,0.027157,"0.027235;0.027168;0.027054;0.027157;0.027081",7.867034,127112.71,,4.40,0,3452,10,True,nid004439,56980331
SparseHNSW_a0.75_b2,"M=32 efC=200 ef=60 alpha=0.75 beta=2 q=u8",64,0.9143395133,0.9794,153.1056,0.8729,0.0000,0.031454,"0.031463;0.031480;0.031454;0.031351;0.031437",9.111819,109747.57,,4.40,0,3452,10,True,nid004439,56980331
SparseHNSW_a0.75_b2,"M=32 efC=200 ef=75 alpha=0.75 beta=2 q=u8",64,0.9216396292,0.9841,153.1056,0.8729,0.0000,0.037930,"0.037930;0.038031;0.037928;0.037930;0.038002",10.987833,91009.75,,4.40,0,3452,10,True,nid004439,56980331
SparseHNSW_a0.75_b2,"M=32 efC=200 ef=100 alpha=0.75 beta=2 q=u8",64,0.9316338355,0.9902,153.1056,0.8729,0.0000,0.048827,"0.049065;0.048827;0.048783;0.048768;0.048988",14.144554,70698.59,,4.40,0,3452,10,True,nid004439,56980331
SparseHNSW_a0.75_b3,"M=32 efC=200 ef=10 alpha=0.75 beta=3 q=u8",64,0.8823001159,0.9499,153.1056,0.8729,0.0000,0.018699,"0.019113;0.018826;0.018699;0.018583;0.018484",5.416860,184608.80,,4.40,0,3452,10,True,nid004439,56980331
SparseHNSW_a0.75_b3,"M=32 efC=200 ef=20 alpha=0.75 beta=3 q=u8",64,0.8823001159,0.9499,153.1056,0.8729,0.0000,0.018320,"0.018386;0.018365;0.018297;0.018320;0.018320",5.307068,188427.95,,4.40,0,3452,10,True,nid004439,56980331
SparseHNSW_a0.75_b3,"M=32 efC=200 ef=25 alpha=0.75 beta=3 q=u8",64,0.8823001159,0.9499,153.1056,0.8729,0.0000,0.018246,"0.018269;0.018201;0.018266;0.018246;0.018207",5.285632,189192.15,,4.40,0,3452,10,True,nid004439,56980331
SparseHNSW_a0.75_b3,"M=32 efC=200 ef=30 alpha=0.75 beta=3 q=u8",64,0.8823001159,0.9499,153.1056,0.8729,0.0000,0.018218,"0.018224;0.018242;0.018142;0.018218;0.018174",5.277520,189482.93,,4.40,0,3452,10,True,nid004439,56980331
SparseHNSW_a0.75_b3,"M=32 efC=200 ef=35 alpha=0.75 beta=3 q=u8",64,0.8984356895,0.9609,153.1056,0.8729,0.0000,0.020614,"0.020671;0.020569;0.020614;0.020530;0.020628",5.971611,167459.01,,4.40,0,3452,10,True,nid004439,56980331
SparseHNSW_a0.75_b3,"M=32 efC=200 ef=40 alpha=0.75 beta=3 q=u8",64,0.9101100811,0.9684,153.1056,0.8729,0.0000,0.022894,"0.022920;0.022899;0.022894;0.022810;0.022886",6.632097,150781.86,,4.40,0,3452,10,True,nid004439,56980331
SparseHNSW_a0.75_b3,"M=32 efC=200 ef=50 alpha=0.75 beta=3 q=u8",64,0.9224217845,0.9754,153.1056,0.8729,0.0000,0.027499,"0.027499;0.027591;0.027632;0.027426;0.027383",7.966107,125531.84,,4.40,0,3452,10,True,nid004439,56980331
SparseHNSW_a0.75_b3,"M=32 efC=200 ef=60 alpha=0.75 beta=3 q=u8",64,0.9300405562,0.9797,153.1056,0.8729,0.0000,0.031670,"0.031614;0.031607;0.031670;0.031706;0.031711",9.174392,108999.05,,4.40,0,3452,10,True,nid004439,56980331
SparseHNSW_a0.75_b3,"M=32 efC=200 ef=75 alpha=0.75 beta=3 q=u8",64,0.9375144844,0.9844,153.1056,0.8729,0.0000,0.038193,"0.038237;0.038199;0.038106;0.038079;0.038193",11.064021,90383.05,,4.40,0,3452,10,True,nid004439,56980331
SparseHNSW_a0.75_b3,"M=32 efC=200 ef=100 alpha=0.75 beta=3 q=u8",64,0.9482908459,0.9902,153.1056,0.8729,0.0000,0.049281,"0.049034;0.049306;0.049281;0.049315;0.049176",14.276072,70047.28,,4.40,0,3452,10,True,nid004439,56980331
SparseHNSW_a0.75_b4,"M=32 efC=200 ef=10 alpha=0.75 beta=4 q=u8",64,0.9137891078,0.9684,153.1056,0.8729,0.0000,0.023520,"0.023906;0.023756;0.023520;0.023368;0.023379",6.813441,146768.71,,4.40,0,3452,10,True,nid004439,56980331
SparseHNSW_a0.75_b4,"M=32 efC=200 ef=20 alpha=0.75 beta=4 q=u8",64,0.9137891078,0.9684,153.1056,0.8729,0.0000,0.023313,"0.023303;0.023313;0.023409;0.023250;0.023364",6.753476,148071.89,,4.40,0,3452,10,True,nid004439,56980331
SparseHNSW_a0.75_b4,"M=32 efC=200 ef=25 alpha=0.75 beta=4 q=u8",64,0.9137891078,0.9684,153.1056,0.8729,0.0000,0.023238,"0.023145;0.023278;0.023314;0.023143;0.023238",6.731750,148549.79,,4.40,0,3452,10,True,nid004439,56980331
SparseHNSW_a0.75_b4,"M=32 efC=200 ef=30 alpha=0.75 beta=4 q=u8",64,0.9137891078,0.9684,153.1056,0.8729,0.0000,0.023296,"0.023341;0.023296;0.023310;0.023210;0.023266",6.748552,148179.95,,4.40,0,3452,10,True,nid004439,56980331
SparseHNSW_a0.75_b4,"M=32 efC=200 ef=35 alpha=0.75 beta=4 q=u8",64,0.9137891078,0.9684,153.1056,0.8729,0.0000,0.023161,"0.023284;0.023140;0.023144;0.023169;0.023161",6.709444,149043.65,,4.40,0,3452,10,True,nid004439,56980331
SparseHNSW_a0.75_b4,"M=32 efC=200 ef=40 alpha=0.75 beta=4 q=u8",64,0.9137891078,0.9684,153.1056,0.8729,0.0000,0.023122,"0.023215;0.023122;0.023109;0.023087;0.023136",6.698146,149295.04,,4.40,0,3452,10,True,nid004439,56980331
SparseHNSW_a0.75_b4,"M=32 efC=200 ef=50 alpha=0.75 beta=4 q=u8",64,0.9264484357,0.9754,153.1056,0.8729,0.0000,0.027767,"0.027714;0.027767;0.027784;0.027862;0.027726",8.043743,124320.24,,4.40,0,3452,10,True,nid004439,56980331
SparseHNSW_a0.75_b4,"M=32 efC=200 ef=60 alpha=0.75 beta=4 q=u8",64,0.9341830823,0.9797,153.1056,0.8729,0.0000,0.032106,"0.032216;0.032038;0.032106;0.032156;0.032003",9.300695,107518.84,,4.40,0,3452,10,True,nid004439,56980331
SparseHNSW_a0.75_b4,"M=32 efC=200 ef=75 alpha=0.75 beta=4 q=u8",64,0.9419177289,0.9844,153.1056,0.8729,0.0000,0.038527,"0.038527;0.038590;0.038467;0.038512;0.038528",11.160776,89599.50,,4.40,0,3452,10,True,nid004439,56980331
SparseHNSW_a0.75_b4,"M=32 efC=200 ef=100 alpha=0.75 beta=4 q=u8",64,0.9528968714,0.9902,153.1056,0.8729,0.0000,0.049425,"0.049625;0.049638;0.049425;0.049377;0.049413",14.317787,69843.20,,4.40,0,3452,10,True,nid004439,56980331
SparseHNSW_a0.75_b5,"M=32 efC=200 ef=10 alpha=0.75 beta=5 q=u8",64,0.9283893395,0.9754,153.1056,0.8729,0.0000,0.028378,"0.028599;0.028378;0.028463;0.028300;0.028169",8.220742,121643.53,,4.40,0,3452,10,True,nid004439,56980331
SparseHNSW_a0.75_b5,"M=32 efC=200 ef=20 alpha=0.75 beta=5 q=u8",64,0.9283893395,0.9754,153.1056,0.8729,0.0000,0.028199,"0.028276;0.028239;0.028072;0.028199;0.028103",8.168888,122415.69,,4.40,0,3452,10,True,nid004439,56980331
SparseHNSW_a0.75_b5,"M=32 efC=200 ef=25 alpha=0.75 beta=5 q=u8",64,0.9283893395,0.9754,153.1056,0.8729,0.0000,0.028096,"0.028080;0.028096;0.028072;0.028096;0.028146",8.139050,122864.46,,4.40,0,3452,10,True,nid004439,56980331
SparseHNSW_a0.75_b5,"M=32 efC=200 ef=30 alpha=0.75 beta=5 q=u8",64,0.9283893395,0.9754,153.1056,0.8729,0.0000,0.028002,"0.028002;0.027992;0.028013;0.027864;0.028068",8.111819,123276.91,,4.40,0,3452,10,True,nid004439,56980331
SparseHNSW_a0.75_b5,"M=32 efC=200 ef=35 alpha=0.75 beta=5 q=u8",64,0.9283893395,0.9754,153.1056,0.8729,0.0000,0.028073,"0.028117;0.028073;0.028075;0.028015;0.028062",8.132387,122965.13,,4.40,0,3452,10,True,nid004439,56980331
SparseHNSW_a0.75_b5,"M=32 efC=200 ef=40 alpha=0.75 beta=5 q=u8",64,0.9283893395,0.9754,153.1056,0.8729,0.0000,0.028019,"0.028019;0.028082;0.028101;0.027948;0.027975",8.116744,123202.11,,4.40,0,3452,10,True,nid004439,56980331
SparseHNSW_a0.75_b5,"M=32 efC=200 ef=50 alpha=0.75 beta=5 q=u8",64,0.9283893395,0.9754,153.1056,0.8729,0.0000,0.028023,"0.028029;0.027952;0.028028;0.027997;0.028023",8.117903,123184.53,,4.40,0,3452,10,True,nid004439,56980331
SparseHNSW_a0.75_b5,"M=32 efC=200 ef=60 alpha=0.75 beta=5 q=u8",64,0.9360660487,0.9797,153.1056,0.8729,0.0000,0.032344,"0.032344;0.032471;0.032331;0.032354;0.032316",9.369641,106727.68,,4.40,0,3452,10,True,nid004439,56980331
SparseHNSW_a0.75_b5,"M=32 efC=200 ef=75 alpha=0.75 beta=5 q=u8",64,0.9438876014,0.9844,153.1056,0.8729,0.0000,0.038870,"0.038846;0.038870;0.038771;0.038944;0.039045",11.260139,88808.85,,4.40,0,3452,10,True,nid004439,56980331
SparseHNSW_a0.75_b5,"M=32 efC=200 ef=100 alpha=0.75 beta=5 q=u8",64,0.9548667439,0.9902,153.1056,0.8729,0.0000,0.049782,"0.049812;0.049828;0.049768;0.049782;0.049707",14.421205,69342.33,,4.40,0,3452,10,True,nid004439,56980331
SparseHNSW_a0.775_b1,"M=32 efC=200 ef=10 alpha=0.775 beta=1 q=u8",64,0.6674971031,0.5099,161.4387,0.8811,0.0000,0.007734,"0.008981;0.008514;0.007734;0.007540;0.007552",2.240440,446340.83,,4.42,0,3452,10,True,nid004439,56980331
SparseHNSW_a0.775_b1,"M=32 efC=200 ef=20 alpha=0.775 beta=1 q=u8",64,0.7464658169,0.5943,161.4387,0.8811,0.0000,0.013127,"0.013311;0.013127;0.013127;0.012946;0.013078",3.802723,262969.45,,4.42,0,3452,10,True,nid004439,56980331
SparseHNSW_a0.775_b1,"M=32 efC=200 ef=25 alpha=0.775 beta=1 q=u8",64,0.7685689455,0.6138,161.4387,0.8811,0.0000,0.015656,"0.015879;0.015905;0.015641;0.015656;0.015598",4.535342,220490.55,,4.42,0,3452,10,True,nid004439,56980331
SparseHNSW_a0.775_b1,"M=32 efC=200 ef=30 alpha=0.775 beta=1 q=u8",64,0.7801564311,0.6263,161.4387,0.8811,0.0000,0.018042,"0.018078;0.018042;0.018064;0.017919;0.017973",5.226535,191331.34,,4.42,0,3452,10,True,nid004439,56980331
SparseHNSW_a0.775_b1,"M=32 efC=200 ef=35 alpha=0.775 beta=1 q=u8",64,0.7898899189,0.6347,161.4387,0.8811,0.0000,0.020209,"0.020293;0.020302;0.020178;0.020209;0.020150",5.854287,170814.98,,4.42,0,3452,10,True,nid004439,56980331
SparseHNSW_a0.775_b1,"M=32 efC=200 ef=40 alpha=0.775 beta=1 q=u8",64,0.7959154114,0.6413,161.4387,0.8811,0.0000,0.022460,"0.022521;0.022498;0.022460;0.022393;0.022392",6.506373,153695.46,,4.42,0,3452,10,True,nid004439,56980331
SparseHNSW_a0.775_b1,"M=32 efC=200 ef=50 alpha=0.775 beta=1 q=u8",64,0.8079374276,0.6522,161.4387,0.8811,0.0000,0.027156,"0.027248;0.027102;0.027209;0.027156;0.027115",7.866744,127117.40,,4.42,0,3452,10,True,nid004439,56980331
SparseHNSW_a0.775_b1,"M=32 efC=200 ef=60 alpha=0.775 beta=1 q=u8",64,0.8154982619,0.6594,161.4387,0.8811,0.0000,0.032045,"0.032210;0.032083;0.032045;0.032005;0.031906",9.283024,107723.51,,4.42,0,3452,10,True,nid004439,56980331
SparseHNSW_a0.775_b1,"M=32 efC=200 ef=75 alpha=0.775 beta=1 q=u8",64,0.8219003476,0.6663,161.4387,0.8811,0.0000,0.038904,"0.038904;0.039061;0.038830;0.038688;0.038931",11.269988,88731.24,,4.42,0,3452,10,True,nid004439,56980331
SparseHNSW_a0.775_b1,"M=32 efC=200 ef=100 alpha=0.775 beta=1 q=u8",64,0.8314889919,0.6750,161.4387,0.8811,0.0000,0.050312,"0.050312;0.050412;0.050318;0.050222;0.050253",14.574739,68611.86,,4.42,0,3452,10,True,nid004439,56980331
SparseHNSW_a0.775_b2,"M=32 efC=200 ef=10 alpha=0.775 beta=2 q=u8",64,0.8324739282,0.9201,161.4387,0.8811,0.0000,0.014044,"0.014664;0.014319;0.014044;0.014025;0.013927",4.068366,245798.92,,4.42,0,3452,10,True,nid004439,56980331
SparseHNSW_a0.775_b2,"M=32 efC=200 ef=20 alpha=0.775 beta=2 q=u8",64,0.8324739282,0.9201,161.4387,0.8811,0.0000,0.013724,"0.013724;0.013779;0.013759;0.013693;0.013667",3.975666,251530.17,,4.42,0,3452,10,True,nid004439,56980331
SparseHNSW_a0.775_b2,"M=32 efC=200 ef=25 alpha=0.775 beta=2 q=u8",64,0.8595596756,0.9407,161.4387,0.8811,0.0000,0.016381,"0.016472;0.016381;0.016426;0.016332;0.016309",4.745365,210731.95,,4.42,0,3452,10,True,nid004439,56980331
SparseHNSW_a0.775_b2,"M=32 efC=200 ef=30 alpha=0.775 beta=2 q=u8",64,0.8749710313,0.9502,161.4387,0.8811,0.0000,0.018691,"0.018756;0.018720;0.018691;0.018651;0.018556",5.414542,184687.82,,4.42,0,3452,10,True,nid004439,56980331
SparseHNSW_a0.775_b2,"M=32 efC=200 ef=35 alpha=0.775 beta=2 q=u8",64,0.8870220162,0.9577,161.4387,0.8811,0.0000,0.020917,"0.021079;0.021009;0.020917;0.020852;0.020884",6.059386,165033.23,,4.42,0,3452,10,True,nid004439,56980331
SparseHNSW_a0.775_b2,"M=32 efC=200 ef=40 alpha=0.775 beta=2 q=u8",64,0.8947856315,0.9618,161.4387,0.8811,0.0000,0.023197,"0.023197;0.023198;0.023243;0.023139;0.023155",6.719873,148812.35,,4.42,0,3452,10,True,nid004439,56980331
SparseHNSW_a0.775_b2,"M=32 efC=200 ef=50 alpha=0.775 beta=2 q=u8",64,0.9097624565,0.9713,161.4387,0.8811,0.0000,0.028074,"0.028179;0.028113;0.028072;0.028074;0.027978",8.132677,122960.75,,4.42,0,3452,10,True,nid004439,56980331
SparseHNSW_a0.775_b2,"M=32 efC=200 ef=60 alpha=0.775 beta=2 q=u8",64,0.9190614137,0.9771,161.4387,0.8811,0.0000,0.032776,"0.032834;0.032776;0.032676;0.032669;0.032776",9.494786,105320.97,,4.42,0,3452,10,True,nid004439,56980331
SparseHNSW_a0.775_b2,"M=32 efC=200 ef=75 alpha=0.775 beta=2 q=u8",64,0.9270857474,0.9820,161.4387,0.8811,0.0000,0.039750,"0.039759;0.039670;0.039750;0.039776;0.039560",11.515064,86842.77,,4.42,0,3452,10,True,nid004439,56980331
SparseHNSW_a0.775_b2,"M=32 efC=200 ef=100 alpha=0.775 beta=2 q=u8",64,0.9390208575,0.9896,161.4387,0.8811,0.0000,0.050866,"0.050867;0.050818;0.050832;0.050866;0.050874",14.735226,67864.59,,4.42,0,3452,10,True,nid004439,56980331
SparseHNSW_a0.775_b3,"M=32 efC=200 ef=10 alpha=0.775 beta=3 q=u8",64,0.8842699884,0.9502,161.4387,0.8811,0.0000,0.019406,"0.019807;0.019484;0.019406;0.019268;0.019181",5.621669,177883.13,,4.42,0,3452,10,True,nid004439,56980331
SparseHNSW_a0.775_b3,"M=32 efC=200 ef=20 alpha=0.775 beta=3 q=u8",64,0.8842699884,0.9502,161.4387,0.8811,0.0000,0.018960,"0.019052;0.018946;0.018983;0.018960;0.018901",5.492468,182067.51,,4.42,0,3452,10,True,nid004439,56980331
SparseHNSW_a0.775_b3,"M=32 efC=200 ef=25 alpha=0.775 beta=3 q=u8",64,0.8842699884,0.9502,161.4387,0.8811,0.0000,0.018944,"0.019018;0.018869;0.018882;0.018944;0.019038",5.487833,182221.28,,4.42,0,3452,10,True,nid004439,56980331
SparseHNSW_a0.775_b3,"M=32 efC=200 ef=30 alpha=0.775 beta=3 q=u8",64,0.8842699884,0.9502,161.4387,0.8811,0.0000,0.018884,"0.018844;0.018938;0.018927;0.018884;0.018797",5.470452,182800.25,,4.42,0,3452,10,True,nid004439,56980331
SparseHNSW_a0.775_b3,"M=32 efC=200 ef=35 alpha=0.775 beta=3 q=u8",64,0.8969582851,0.9577,161.4387,0.8811,0.0000,0.021224,"0.021342;0.021319;0.021224;0.021123;0.021203",6.148320,162646.06,,4.42,0,3452,10,True,nid004439,56980331
SparseHNSW_a0.775_b3,"M=32 efC=200 ef=40 alpha=0.775 beta=3 q=u8",64,0.9051274623,0.9618,161.4387,0.8811,0.0000,0.023458,"0.023426;0.023515;0.023465;0.023458;0.023441",6.795481,147156.62,,4.42,0,3452,10,True,nid004439,56980331
SparseHNSW_a0.775_b3,"M=32 efC=200 ef=50 alpha=0.775 beta=3 q=u8",64,0.9208285052,0.9713,161.4387,0.8811,0.0000,0.028290,"0.028290;0.028300;0.028257;0.028222;0.028304",8.195249,122021.92,,4.42,0,3452,10,True,nid004439,56980331
SparseHNSW_a0.775_b3,"M=32 efC=200 ef=60 alpha=0.775 beta=3 q=u8",64,0.9307358053,0.9771,161.4387,0.8811,0.0000,0.033179,"0.033252;0.033239;0.032970;0.033083;0.033179",9.611530,104041.71,,4.42,0,3452,10,True,nid004439,56980331
SparseHNSW_a0.775_b3,"M=32 efC=200 ef=75 alpha=0.775 beta=3 q=u8",64,0.9392815759,0.9820,161.4387,0.8811,0.0000,0.040074,"0.039992;0.040103;0.040144;0.040044;0.040074",11.608922,86140.64,,4.42,0,3452,10,True,nid004439,56980331
SparseHNSW_a0.775_b3,"M=32 efC=200 ef=100 alpha=0.775 beta=3 q=u8",64,0.9516222480,0.9896,161.4387,0.8811,0.0000,0.051227,"0.051136;0.051325;0.051227;0.051297;0.051168",14.839803,67386.34,,4.42,0,3452,10,True,nid004439,56980331
SparseHNSW_a0.775_b4,"M=32 efC=200 ef=10 alpha=0.775 beta=4 q=u8",64,0.9075028969,0.9618,161.4387,0.8811,0.0000,0.024193,"0.024798;0.024345;0.024193;0.024152;0.023990",7.008401,142685.90,,4.42,0,3452,10,True,nid004439,56980331
SparseHNSW_a0.775_b4,"M=32 efC=200 ef=20 alpha=0.775 beta=4 q=u8",64,0.9075028969,0.9618,161.4387,0.8811,0.0000,0.023876,"0.023880;0.023836;0.023946;0.023876;0.023808",6.916570,144580.33,,4.42,0,3452,10,True,nid004439,56980331
SparseHNSW_a0.775_b4,"M=32 efC=200 ef=25 alpha=0.775 beta=4 q=u8",64,0.9075028969,0.9618,161.4387,0.8811,0.0000,0.023817,"0.023868;0.023817;0.023754;0.023928;0.023770",6.899479,144938.49,,4.42,0,3452,10,True,nid004439,56980331
SparseHNSW_a0.775_b4,"M=32 efC=200 ef=30 alpha=0.775 beta=4 q=u8",64,0.9075028969,0.9618,161.4387,0.8811,0.0000,0.023744,"0.023751;0.023706;0.023745;0.023744;0.023730",6.878331,145384.10,,4.42,0,3452,10,True,nid004439,56980331
SparseHNSW_a0.775_b4,"M=32 efC=200 ef=35 alpha=0.775 beta=4 q=u8",64,0.9075028969,0.9618,161.4387,0.8811,0.0000,0.023710,"0.023664;0.023681;0.023821;0.023710;0.023740",6.868482,145592.58,,4.42,0,3452,10,True,nid004439,56980331
SparseHNSW_a0.775_b4,"M=32 efC=200 ef=40 alpha=0.775 beta=4 q=u8",64,0.9075028969,0.9618,161.4387,0.8811,0.0000,0.023662,"0.023644;0.023627;0.023662;0.023681;0.023766",6.854577,145887.92,,4.42,0,3452,10,True,nid004439,56980331
SparseHNSW_a0.775_b4,"M=32 efC=200 ef=50 alpha=0.775 beta=4 q=u8",64,0.9234067207,0.9713,161.4387,0.8811,0.0000,0.028526,"0.028755;0.028596;0.028526;0.028498;0.028500",8.263615,121012.41,,4.42,0,3452,10,True,nid004439,56980331
SparseHNSW_a0.775_b4,"M=32 efC=200 ef=60 alpha=0.775 beta=4 q=u8",64,0.9335168019,0.9774,161.4387,0.8811,0.0000,0.033361,"0.033454;0.033361;0.033320;0.033412;0.033267",9.664253,103474.12,,4.42,0,3452,10,True,nid004439,56980331
SparseHNSW_a0.775_b4,"M=32 efC=200 ef=75 alpha=0.775 beta=4 q=u8",64,0.9421205098,0.9823,161.4387,0.8811,0.0000,0.040415,"0.040470;0.040415;0.040244;0.040471;0.040367",11.707706,85413.83,,4.42,0,3452,10,True,nid004439,56980331
SparseHNSW_a0.775_b4,"M=32 efC=200 ef=100 alpha=0.775 beta=4 q=u8",64,0.9547798378,0.9896,161.4387,0.8811,0.0000,0.051513,"0.051514;0.051536;0.051471;0.051513;0.051431",14.922654,67012.21,,4.42,0,3452,10,True,nid004439,56980331
SparseHNSW_a0.775_b5,"M=32 efC=200 ef=10 alpha=0.775 beta=5 q=u8",64,0.9246523754,0.9713,161.4387,0.8811,0.0000,0.029321,"0.029650;0.029432;0.029321;0.029188;0.029211",8.493917,117731.32,,4.42,0,3452,10,True,nid004439,56980331
SparseHNSW_a0.775_b5,"M=32 efC=200 ef=20 alpha=0.775 beta=5 q=u8",64,0.9246523754,0.9713,161.4387,0.8811,0.0000,0.028963,"0.028963;0.028904;0.028987;0.028823;0.029057",8.390209,119186.55,,4.42,0,3452,10,True,nid004439,56980331
SparseHNSW_a0.775_b5,"M=32 efC=200 ef=25 alpha=0.775 beta=5 q=u8",64,0.9246523754,0.9713,161.4387,0.8811,0.0000,0.028942,"0.029076;0.029047;0.028942;0.028884;0.028939",8.384125,119273.03,,4.42,0,3452,10,True,nid004439,56980331
SparseHNSW_a0.775_b5,"M=32 efC=200 ef=30 alpha=0.775 beta=5 q=u8",64,0.9246523754,0.9713,161.4387,0.8811,0.0000,0.028945,"0.028969;0.028853;0.028945;0.028869;0.028946",8.384994,119260.67,,4.42,0,3452,10,True,nid004439,56980331
SparseHNSW_a0.775_b5,"M=32 efC=200 ef=35 alpha=0.775 beta=5 q=u8",64,0.9246523754,0.9713,161.4387,0.8811,0.0000,0.028884,"0.029182;0.028976;0.028884;0.028837;0.028848",8.367323,119512.53,,4.42,0,3452,10,True,nid004439,56980331
SparseHNSW_a0.775_b5,"M=32 efC=200 ef=40 alpha=0.775 beta=5 q=u8",64,0.9246523754,0.9713,161.4387,0.8811,0.0000,0.028960,"0.028992;0.028859;0.028750;0.028974;0.028960",8.389340,119198.90,,4.42,0,3452,10,True,nid004439,56980331
SparseHNSW_a0.775_b5,"M=32 efC=200 ef=50 alpha=0.775 beta=5 q=u8",64,0.9246523754,0.9713,161.4387,0.8811,0.0000,0.028956,"0.029092;0.029044;0.028956;0.028825;0.028832",8.388181,119215.36,,4.42,0,3452,10,True,nid004439,56980331
SparseHNSW_a0.775_b5,"M=32 efC=200 ef=60 alpha=0.775 beta=5 q=u8",64,0.9347334878,0.9774,161.4387,0.8811,0.0000,0.033752,"0.033875;0.033842;0.033630;0.033752;0.033717",9.777520,102275.42,,4.42,0,3452,10,True,nid004439,56980331
SparseHNSW_a0.775_b5,"M=32 efC=200 ef=75 alpha=0.775 beta=5 q=u8",64,0.9433371958,0.9823,161.4387,0.8811,0.0000,0.040637,"0.040637;0.040608;0.040513;0.040711;0.040811",11.772016,84947.22,,4.42,0,3452,10,True,nid004439,56980331
SparseHNSW_a0.775_b5,"M=32 efC=200 ef=100 alpha=0.775 beta=5 q=u8",64,0.9561123986,0.9896,161.4387,0.8811,0.0000,0.051926,"0.051926;0.051771;0.051923;0.051936;0.052145",15.042294,66479.22,,4.42,0,3452,10,True,nid004439,56980331
SparseHNSW_a0.8_b1,"M=32 efC=200 ef=10 alpha=0.8 beta=1 q=u8",64,0.6816917729,0.5172,170.4504,0.8892,0.0000,0.008032,"0.009301;0.008642;0.008032;0.007928;0.007936",2.326767,429780.88,,4.45,0,3452,10,True,nid004439,56980331
SparseHNSW_a0.8_b1,"M=32 efC=200 ef=20 alpha=0.8 beta=1 q=u8",64,0.7662224797,0.6069,170.4504,0.8892,0.0000,0.013694,"0.013935;0.013748;0.013694;0.013681;0.013623",3.966976,252081.20,,4.45,0,3452,10,True,nid004439,56980331
SparseHNSW_a0.8_b1,"M=32 efC=200 ef=25 alpha=0.8 beta=1 q=u8",64,0.7842699884,0.6243,170.4504,0.8892,0.0000,0.016142,"0.016332;0.016236;0.016094;0.016142;0.016046",4.676130,213852.06,,4.45,0,3452,10,True,nid004439,56980331
SparseHNSW_a0.8_b1,"M=32 efC=200 ef=30 alpha=0.8 beta=1 q=u8",64,0.7966685979,0.6372,170.4504,0.8892,0.0000,0.018583,"0.018771;0.018598;0.018583;0.018539;0.018512",5.383256,185761.18,,4.45,0,3452,10,True,nid004439,56980331
SparseHNSW_a0.8_b1,"M=32 efC=200 ef=35 alpha=0.8 beta=1 q=u8",64,0.8058227115,0.6435,170.4504,0.8892,0.0000,0.020931,"0.020993;0.021050;0.020931;0.020900;0.020862",6.063441,164922.84,,4.45,0,3452,10,True,nid004439,56980331
SparseHNSW_a0.8_b1,"M=32 efC=200 ef=40 alpha=0.8 beta=1 q=u8",64,0.8128041715,0.6509,170.4504,0.8892,0.0000,0.023256,"0.023309;0.023289;0.023250;0.023256;0.023245",6.736964,148434.81,,4.45,0,3452,10,True,nid004439,56980331
SparseHNSW_a0.8_b1,"M=32 efC=200 ef=50 alpha=0.8 beta=1 q=u8",64,0.8240730012,0.6636,170.4504,0.8892,0.0000,0.028261,"0.028261;0.028277;0.028227;0.028142;0.028319",8.186848,122147.13,,4.45,0,3452,10,True,nid004439,56980331
SparseHNSW_a0.8_b1,"M=32 efC=200 ef=60 alpha=0.8 beta=1 q=u8",64,0.8317497103,0.6711,170.4504,0.8892,0.0000,0.033151,"0.033353;0.033157;0.033104;0.033151;0.032891",9.603418,104129.59,,4.45,0,3452,10,True,nid004439,56980331
SparseHNSW_a0.8_b1,"M=32 efC=200 ef=75 alpha=0.8 beta=1 q=u8",64,0.8406431054,0.6783,170.4504,0.8892,0.0000,0.040146,"0.040244;0.040234;0.040048;0.040146;0.040122",11.629780,85986.15,,4.45,0,3452,10,True,nid004439,56980331
SparseHNSW_a0.8_b1,"M=32 efC=200 ef=100 alpha=0.8 beta=1 q=u8",64,0.8476825029,0.6854,170.4504,0.8892,0.0000,0.051824,"0.051824;0.051803;0.051703;0.051948;0.051882",15.012746,66610.06,,4.45,0,3452,10,True,nid004439,56980331
SparseHNSW_a0.8_b2,"M=32 efC=200 ef=10 alpha=0.8 beta=2 q=u8",64,0.8411355736,0.9253,170.4504,0.8892,0.0000,0.014631,"0.015235;0.014840;0.014631;0.014578;0.014527",4.238413,235937.39,,4.45,0,3452,10,True,nid004439,56980331
SparseHNSW_a0.8_b2,"M=32 efC=200 ef=20 alpha=0.8 beta=2 q=u8",64,0.8411355736,0.9253,170.4504,0.8892,0.0000,0.014360,"0.014392;0.014384;0.014321;0.014360;0.014263",4.159907,240389.97,,4.45,0,3452,10,True,nid004439,56980331
SparseHNSW_a0.8_b2,"M=32 efC=200 ef=25 alpha=0.8 beta=2 q=u8",64,0.8643684820,0.9386,170.4504,0.8892,0.0000,0.016845,"0.016954;0.016929;0.016828;0.016722;0.016845",4.879780,204927.28,,4.45,0,3452,10,True,nid004439,56980331
SparseHNSW_a0.8_b2,"M=32 efC=200 ef=30 alpha=0.8 beta=2 q=u8",64,0.8804461182,0.9479,170.4504,0.8892,0.0000,0.019238,"0.019416;0.019238;0.019328;0.019161;0.019204",5.573001,179436.53,,4.45,0,3452,10,True,nid004439,56980331
SparseHNSW_a0.8_b2,"M=32 efC=200 ef=35 alpha=0.8 beta=2 q=u8",64,0.8925550406,0.9557,170.4504,0.8892,0.0000,0.021700,"0.021720;0.021700;0.021704;0.021597;0.021574",6.286211,159078.34,,4.45,0,3452,10,True,nid004439,56980331
SparseHNSW_a0.8_b2,"M=32 efC=200 ef=40 alpha=0.8 beta=2 q=u8",64,0.9015643105,0.9609,170.4504,0.8892,0.0000,0.023950,"0.024088;0.023950;0.024052;0.023921;0.023926",6.938007,144133.61,,4.45,0,3452,10,True,nid004439,56980331
SparseHNSW_a0.8_b2,"M=32 efC=200 ef=50 alpha=0.8 beta=2 q=u8",64,0.9152954809,0.9705,170.4504,0.8892,0.0000,0.028985,"0.029004;0.029025;0.028985;0.028923;0.028868",8.396582,119096.08,,4.45,0,3452,10,True,nid004439,56980331
SparseHNSW_a0.8_b2,"M=32 efC=200 ef=60 alpha=0.8 beta=2 q=u8",64,0.9248261877,0.9768,170.4504,0.8892,0.0000,0.033779,"0.033754;0.033756;0.033779;0.033790;0.033790",9.785342,102193.67,,4.45,0,3452,10,True,nid004439,56980331
SparseHNSW_a0.8_b2,"M=32 efC=200 ef=75 alpha=0.8 beta=2 q=u8",64,0.9356894554,0.9832,170.4504,0.8892,0.0000,0.040888,"0.040873;0.040899;0.040971;0.040888;0.040856",11.844728,84425.75,,4.45,0,3452,10,True,nid004439,56980331
SparseHNSW_a0.8_b2,"M=32 efC=200 ef=100 alpha=0.8 beta=2 q=u8",64,0.9444669757,0.9881,170.4504,0.8892,0.0000,0.052524,"0.052561;0.052468;0.052524;0.052370;0.052534",15.215527,65722.34,,4.45,0,3452,10,True,nid004439,56980331
SparseHNSW_a0.8_b3,"M=32 efC=200 ef=10 alpha=0.8 beta=3 q=u8",64,0.8871668598,0.9479,170.4504,0.8892,0.0000,0.019954,"0.020423;0.020184;0.019954;0.019923;0.019776",5.780417,172997.90,,4.45,0,3452,10,True,nid004439,56980331
SparseHNSW_a0.8_b3,"M=32 efC=200 ef=20 alpha=0.8 beta=3 q=u8",64,0.8871668598,0.9479,170.4504,0.8892,0.0000,0.019622,"0.019671;0.019614;0.019622;0.019622;0.019576",5.684241,175924.98,,4.45,0,3452,10,True,nid004439,56980331
SparseHNSW_a0.8_b3,"M=32 efC=200 ef=25 alpha=0.8 beta=3 q=u8",64,0.8871668598,0.9479,170.4504,0.8892,0.0000,0.019481,"0.019541;0.019495;0.019473;0.019421;0.019481",5.643395,177198.30,,4.45,0,3452,10,True,nid004439,56980331
SparseHNSW_a0.8_b3,"M=32 efC=200 ef=30 alpha=0.8 beta=3 q=u8",64,0.8871668598,0.9479,170.4504,0.8892,0.0000,0.019418,"0.019418;0.019448;0.019419;0.019407;0.019366",5.625145,177773.20,,4.45,0,3452,10,True,nid004439,56980331
SparseHNSW_a0.8_b3,"M=32 efC=200 ef=35 alpha=0.8 beta=3 q=u8",64,0.8997392816,0.9557,170.4504,0.8892,0.0000,0.021903,"0.021927;0.021903;0.021888;0.021833;0.021913",6.345017,157603.98,,4.45,0,3452,10,True,nid004439,56980331
SparseHNSW_a0.8_b3,"M=32 efC=200 ef=40 alpha=0.8 beta=3 q=u8",64,0.9090961761,0.9609,170.4504,0.8892,0.0000,0.024283,"0.024353;0.024362;0.024268;0.024264;0.024283",7.034473,142157.06,,4.45,0,3452,10,True,nid004439,56980331
SparseHNSW_a0.8_b3,"M=32 efC=200 ef=50 alpha=0.8 beta=3 q=u8",64,0.9234356895,0.9705,170.4504,0.8892,0.0000,0.029273,"0.029443;0.029316;0.029273;0.029188;0.029248",8.480012,117924.37,,4.45,0,3452,10,True,nid004439,56980331
SparseHNSW_a0.8_b3,"M=32 efC=200 ef=60 alpha=0.8 beta=3 q=u8",64,0.9334009270,0.9768,170.4504,0.8892,0.0000,0.034236,"0.034315;0.034284;0.034167;0.034236;0.034152",9.917729,100829.54,,4.45,0,3452,10,True,nid004439,56980331
SparseHNSW_a0.8_b3,"M=32 efC=200 ef=75 alpha=0.8 beta=3 q=u8",64,0.9445828505,0.9832,170.4504,0.8892,0.0000,0.041267,"0.041305;0.041103;0.041195;0.041424;0.041267",11.954519,83650.37,,4.45,0,3452,10,True,nid004439,56980331
SparseHNSW_a0.8_b3,"M=32 efC=200 ef=100 alpha=0.8 beta=3 q=u8",64,0.9535341831,0.9881,170.4504,0.8892,0.0000,0.053001,"0.053025;0.053001;0.052834;0.052741;0.053196",15.353708,65130.85,,4.45,0,3452,10,True,nid004439,56980331
SparseHNSW_a0.8_b4,"M=32 efC=200 ef=10 alpha=0.8 beta=4 q=u8",64,0.9104287370,0.9609,170.4504,0.8892,0.0000,0.025156,"0.025856;0.025336;0.025156;0.024953;0.024890",7.287370,137223.72,,4.45,0,3452,10,True,nid004439,56980331
SparseHNSW_a0.8_b4,"M=32 efC=200 ef=20 alpha=0.8 beta=4 q=u8",64,0.9104287370,0.9609,170.4504,0.8892,0.0000,0.024719,"0.024906;0.024814;0.024719;0.024667;0.024657",7.160776,139649.66,,4.45,0,3452,10,True,nid004439,56980331
SparseHNSW_a0.8_b4,"M=32 efC=200 ef=25 alpha=0.8 beta=4 q=u8",64,0.9104287370,0.9609,170.4504,0.8892,0.0000,0.024623,"0.024671;0.024596;0.024644;0.024435;0.024623",7.132966,140194.13,,4.45,0,3452,10,True,nid004439,56980331
SparseHNSW_a0.8_b4,"M=32 efC=200 ef=30 alpha=0.8 beta=4 q=u8",64,0.9104287370,0.9609,170.4504,0.8892,0.0000,0.024613,"0.024613;0.024694;0.024582;0.024534;0.024621",7.130070,140251.09,,4.45,0,3452,10,True,nid004439,56980331
SparseHNSW_a0.8_b4,"M=32 efC=200 ef=35 alpha=0.8 beta=4 q=u8",64,0.9104287370,0.9609,170.4504,0.8892,0.0000,0.024509,"0.024515;0.024415;0.024509;0.024470;0.024662",7.099942,140846.22,,4.45,0,3452,10,True,nid004439,56980331
SparseHNSW_a0.8_b4,"M=32 efC=200 ef=40 alpha=0.8 beta=4 q=u8",64,0.9104287370,0.9609,170.4504,0.8892,0.0000,0.024514,"0.024522;0.024492;0.024391;0.024591;0.024514",7.101390,140817.49,,4.45,0,3452,10,True,nid004439,56980331
SparseHNSW_a0.8_b4,"M=32 efC=200 ef=50 alpha=0.8 beta=4 q=u8",64,0.9250869061,0.9705,170.4504,0.8892,0.0000,0.029617,"0.029781;0.029631;0.029537;0.029598;0.029617",8.579664,116554.68,,4.45,0,3452,10,True,nid004439,56980331
SparseHNSW_a0.8_b4,"M=32 efC=200 ef=60 alpha=0.8 beta=4 q=u8",64,0.9351680185,0.9768,170.4504,0.8892,0.0000,0.034509,"0.034514;0.034429;0.034569;0.034509;0.034397",9.996813,100031.88,,4.45,0,3452,10,True,nid004439,56980331
SparseHNSW_a0.8_b4,"M=32 efC=200 ef=75 alpha=0.8 beta=4 q=u8",64,0.9464078795,0.9832,170.4504,0.8892,0.0000,0.041568,"0.041693;0.041568;0.041588;0.041507;0.041531",12.041715,83044.65,,4.45,0,3452,10,True,nid004439,56980331
SparseHNSW_a0.8_b4,"M=32 efC=200 ef=100 alpha=0.8 beta=4 q=u8",64,0.9554171495,0.9881,170.4504,0.8892,0.0000,0.053007,"0.053012;0.053007;0.053003;0.053229;0.052987",15.355446,65123.47,,4.45,0,3452,10,True,nid004439,56980331
SparseHNSW_a0.8_b5,"M=32 efC=200 ef=10 alpha=0.8 beta=5 q=u8",64,0.9256952491,0.9705,170.4504,0.8892,0.0000,0.030100,"0.030624;0.030374;0.030100;0.030097;0.030067",8.719583,114684.39,,4.45,0,3452,10,True,nid004439,56980331
SparseHNSW_a0.8_b5,"M=32 efC=200 ef=20 alpha=0.8 beta=5 q=u8",64,0.9256952491,0.9705,170.4504,0.8892,0.0000,0.029986,"0.030084;0.029986;0.029931;0.029927;0.029990",8.686559,115120.39,,4.45,0,3452,10,True,nid004439,56980331
SparseHNSW_a0.8_b5,"M=32 efC=200 ef=25 alpha=0.8 beta=5 q=u8",64,0.9256952491,0.9705,170.4504,0.8892,0.0000,0.029982,"0.029854;0.029915;0.030006;0.029982;0.030113",8.685400,115135.75,,4.45,0,3452,10,True,nid004439,56980331
SparseHNSW_a0.8_b5,"M=32 efC=200 ef=30 alpha=0.8 beta=5 q=u8",64,0.9256952491,0.9705,170.4504,0.8892,0.0000,0.029912,"0.029929;0.030038;0.029867;0.029912;0.029799",8.665122,115405.19,,4.45,0,3452,10,True,nid004439,56980331
SparseHNSW_a0.8_b5,"M=32 efC=200 ef=35 alpha=0.8 beta=5 q=u8",64,0.9256952491,0.9705,170.4504,0.8892,0.0000,0.029889,"0.029889;0.029835;0.029943;0.029840;0.029966",8.658459,115493.99,,4.45,0,3452,10,True,nid004439,56980331
SparseHNSW_a0.8_b5,"M=32 efC=200 ef=40 alpha=0.8 beta=5 q=u8",64,0.9256952491,0.9705,170.4504,0.8892,0.0000,0.029825,"0.029798;0.029834;0.029861;0.029768;0.029825",8.639919,115741.83,,4.45,0,3452,10,True,nid004439,56980331
SparseHNSW_a0.8_b5,"M=32 efC=200 ef=50 alpha=0.8 beta=5 q=u8",64,0.9256952491,0.9705,170.4504,0.8892,0.0000,0.029855,"0.029824;0.029928;0.029873;0.029855;0.029813",8.648610,115625.52,,4.45,0,3452,10,True,nid004439,56980331
SparseHNSW_a0.8_b5,"M=32 efC=200 ef=60 alpha=0.8 beta=5 q=u8",64,0.9357473928,0.9768,170.4504,0.8892,0.0000,0.034836,"0.034836;0.034925;0.034853;0.034753;0.034730",10.091541,99092.89,,4.45,0,3452,10,True,nid004439,56980331
SparseHNSW_a0.8_b5,"M=32 efC=200 ef=75 alpha=0.8 beta=5 q=u8",64,0.9471610660,0.9832,170.4504,0.8892,0.0000,0.041922,"0.041832;0.041950;0.041847;0.041922;0.041985",12.144264,82343.40,,4.45,0,3452,10,True,nid004439,56980331
SparseHNSW_a0.8_b5,"M=32 efC=200 ef=100 alpha=0.8 beta=5 q=u8",64,0.9562862109,0.9881,170.4504,0.8892,0.0000,0.053488,"0.053515;0.053646;0.053483;0.053488;0.053446",15.494786,64537.84,,4.45,0,3452,10,True,nid004439,56980331
SparseHNSW_a0.825_b1,"M=32 efC=200 ef=10 alpha=0.825 beta=1 q=u8",64,0.6976535342,0.5206,180.0064,0.8790,0.0000,0.008586,"0.009792;0.009345;0.008586;0.008403;0.008424",2.487254,402049.85,,4.49,0,3452,10,True,nid004439,56980331
SparseHNSW_a0.825_b1,"M=32 efC=200 ef=20 alpha=0.825 beta=1 q=u8",64,0.7781575898,0.6085,180.0064,0.8790,0.0000,0.014436,"0.014577;0.014446;0.014436;0.014322;0.014314",4.181924,239124.41,,4.49,0,3452,10,True,nid004439,56980331
SparseHNSW_a0.825_b1,"M=32 efC=200 ef=25 alpha=0.825 beta=1 q=u8",64,0.7995365006,0.6328,180.0064,0.8790,0.0000,0.017136,"0.017277;0.017185;0.017136;0.017063;0.017027",4.964079,201447.25,,4.49,0,3452,10,True,nid004439,56980331
SparseHNSW_a0.825_b1,"M=32 efC=200 ef=30 alpha=0.825 beta=1 q=u8",64,0.8151506373,0.6487,180.0064,0.8790,0.0000,0.019656,"0.019787;0.019656;0.019593;0.019643;0.019681",5.694090,175620.68,,4.49,0,3452,10,True,nid004439,56980331
SparseHNSW_a0.825_b1,"M=32 efC=200 ef=35 alpha=0.825 beta=1 q=u8",64,0.8253476246,0.6597,180.0064,0.8790,0.0000,0.022114,"0.022242;0.022091;0.022114;0.022085;0.022195",6.406141,156100.21,,4.49,0,3452,10,True,nid004439,56980331
SparseHNSW_a0.825_b1,"M=32 efC=200 ef=40 alpha=0.825 beta=1 q=u8",64,0.8334298957,0.6665,180.0064,0.8790,0.0000,0.024578,"0.024608;0.024578;0.024536;0.024532;0.024586",7.119930,140450.81,,4.49,0,3452,10,True,nid004439,56980331
SparseHNSW_a0.825_b1,"M=32 efC=200 ef=50 alpha=0.825 beta=1 q=u8",64,0.8422653534,0.6773,180.0064,0.8790,0.0000,0.029827,"0.029821;0.029947;0.029864;0.029827;0.029740",8.640498,115734.07,,4.49,0,3452,10,True,nid004439,56980331
SparseHNSW_a0.825_b1,"M=32 efC=200 ef=60 alpha=0.825 beta=1 q=u8",64,0.8501158749,0.6842,180.0064,0.8790,0.0000,0.034792,"0.034835;0.034814;0.034731;0.034790;0.034792",10.078795,99218.21,,4.49,0,3452,10,True,nid004439,56980331
SparseHNSW_a0.825_b1,"M=32 efC=200 ef=75 alpha=0.825 beta=1 q=u8",64,0.8565469293,0.6908,180.0064,0.8790,0.0000,0.042202,"0.042202;0.042330;0.042084;0.042074;0.042236",12.225377,81797.07,,4.49,0,3452,10,True,nid004439,56980331
SparseHNSW_a0.825_b1,"M=32 efC=200 ef=100 alpha=0.825 beta=1 q=u8",64,0.8653823870,0.7029,180.0064,0.8790,0.0000,0.054247,"0.054534;0.054195;0.054208;0.054316;0.054247",15.714658,63634.86,,4.49,0,3452,10,True,nid004439,56980331
SparseHNSW_a0.825_b2,"M=32 efC=200 ef=10 alpha=0.825 beta=2 q=u8",64,0.8449884125,0.9264,180.0064,0.8790,0.0000,0.015359,"0.015952;0.015534;0.015359;0.015154;0.015184",4.449305,224754.22,,4.49,0,3452,10,True,nid004439,56980331
SparseHNSW_a0.825_b2,"M=32 efC=200 ef=20 alpha=0.825 beta=2 q=u8",64,0.8449884125,0.9264,180.0064,0.8790,0.0000,0.015031,"0.015104;0.015060;0.015031;0.014966;0.014984",4.354287,229658.71,,4.49,0,3452,10,True,nid004439,56980331
SparseHNSW_a0.825_b2,"M=32 efC=200 ef=25 alpha=0.825 beta=2 q=u8",64,0.8708574739,0.9418,180.0064,0.8790,0.0000,0.017785,"0.017884;0.017790;0.017785;0.017728;0.017644",5.152086,194096.15,,4.49,0,3452,10,True,nid004439,56980331
SparseHNSW_a0.825_b2,"M=32 efC=200 ef=30 alpha=0.825 beta=2 q=u8",64,0.8901216686,0.9539,180.0064,0.8790,0.0000,0.020388,"0.020454;0.020388;0.020415;0.020328;0.020284",5.906141,169315.28,,4.49,0,3452,10,True,nid004439,56980331
SparseHNSW_a0.825_b2,"M=32 efC=200 ef=35 alpha=0.825 beta=2 q=u8",64,0.9026361530,0.9609,180.0064,0.8790,0.0000,0.022831,"0.022902;0.022922;0.022812;0.022821;0.022831",6.613847,151197.93,,4.49,0,3452,10,True,nid004439,56980331
SparseHNSW_a0.825_b2,"M=32 efC=200 ef=40 alpha=0.825 beta=2 q=u8",64,0.9123117034,0.9673,180.0064,0.8790,0.0000,0.025291,"0.025377;0.025291;0.025331;0.025279;0.025286",7.326477,136491.24,,4.49,0,3452,10,True,nid004439,56980331
SparseHNSW_a0.825_b2,"M=32 efC=200 ef=50 alpha=0.825 beta=2 q=u8",64,0.9232039397,0.9733,180.0064,0.8790,0.0000,0.030480,"0.030531;0.030631;0.030421;0.030480;0.030409",8.829664,113254.59,,4.49,0,3452,10,True,nid004439,56980331
SparseHNSW_a0.825_b2,"M=32 efC=200 ef=60 alpha=0.825 beta=2 q=u8",64,0.9330243337,0.9789,180.0064,0.8790,0.0000,0.035469,"0.035469;0.035524;0.035512;0.035415;0.035409",10.274913,97324.42,,4.49,0,3452,10,True,nid004439,56980331
SparseHNSW_a0.825_b2,"M=32 efC=200 ef=75 alpha=0.825 beta=2 q=u8",64,0.9414542294,0.9832,180.0064,0.8790,0.0000,0.042851,"0.042844;0.042911;0.042851;0.042869;0.042668",12.413384,80558.21,,4.49,0,3452,10,True,nid004439,56980331
SparseHNSW_a0.825_b2,"M=32 efC=200 ef=100 alpha=0.825 beta=2 q=u8",64,0.9519409038,0.9893,180.0064,0.8790,0.0000,0.054855,"0.054955;0.054813;0.054855;0.055025;0.054707",15.890788,62929.54,,4.49,0,3452,10,True,nid004439,56980331
SparseHNSW_a0.825_b3,"M=32 efC=200 ef=10 alpha=0.825 beta=3 q=u8",64,0.8941483198,0.9539,180.0064,0.8790,0.0000,0.021106,"0.021657;0.021292;0.021106;0.021095;0.020953",6.114137,163555.39,,4.49,0,3452,10,True,nid004439,56980331
SparseHNSW_a0.825_b3,"M=32 efC=200 ef=20 alpha=0.825 beta=3 q=u8",64,0.8941483198,0.9539,180.0064,0.8790,0.0000,0.020726,"0.020803;0.020726;0.020754;0.020678;0.020648",6.004056,166554.09,,4.49,0,3452,10,True,nid004439,56980331
SparseHNSW_a0.825_b3,"M=32 efC=200 ef=25 alpha=0.825 beta=3 q=u8",64,0.8941483198,0.9539,180.0064,0.8790,0.0000,0.020564,"0.020564;0.020568;0.020556;0.020642;0.020525",5.957126,167866.17,,4.49,0,3452,10,True,nid004439,56980331
SparseHNSW_a0.825_b3,"M=32 efC=200 ef=30 alpha=0.825 beta=3 q=u8",64,0.8941483198,0.9539,180.0064,0.8790,0.0000,0.020513,"0.020509;0.020513;0.020574;0.020546;0.020481",5.942352,168283.53,,4.49,0,3452,10,True,nid004439,56980331
SparseHNSW_a0.825_b3,"M=32 efC=200 ef=35 alpha=0.825 beta=3 q=u8",64,0.9069235226,0.9609,180.0064,0.8790,0.0000,0.023123,"0.023183;0.023123;0.023133;0.023076;0.023011",6.698436,149288.59,,4.49,0,3452,10,True,nid004439,56980331
SparseHNSW_a0.825_b3,"M=32 efC=200 ef=40 alpha=0.825 beta=3 q=u8",64,0.9170915411,0.9673,180.0064,0.8790,0.0000,0.025597,"0.025645;0.025597;0.025653;0.025544;0.025581",7.415122,134859.55,,4.49,0,3452,10,True,nid004439,56980331
SparseHNSW_a0.825_b3,"M=32 efC=200 ef=50 alpha=0.825 beta=3 q=u8",64,0.9285341831,0.9733,180.0064,0.8790,0.0000,0.030751,"0.030939;0.030721;0.030751;0.030732;0.030760",8.908169,112256.51,,4.49,0,3452,10,True,nid004439,56980331
SparseHNSW_a0.825_b3,"M=32 efC=200 ef=60 alpha=0.825 beta=3 q=u8",64,0.9383835458,0.9789,180.0064,0.8790,0.0000,0.035833,"0.035921;0.035851;0.035833;0.035790;0.035709",10.380359,96335.78,,4.49,0,3452,10,True,nid004439,56980331
SparseHNSW_a0.825_b3,"M=32 efC=200 ef=75 alpha=0.825 beta=3 q=u8",64,0.9470451912,0.9832,180.0064,0.8790,0.0000,0.043116,"0.043298;0.043076;0.043081;0.043116;0.043195",12.490151,80063.09,,4.49,0,3452,10,True,nid004439,56980331
SparseHNSW_a0.825_b3,"M=32 efC=200 ef=100 alpha=0.825 beta=3 q=u8",64,0.9578794902,0.9893,180.0064,0.8790,0.0000,0.055330,"0.055428;0.055388;0.055330;0.055320;0.055050",16.028389,62389.30,,4.49,0,3452,10,True,nid004439,56980331
SparseHNSW_a0.825_b4,"M=32 efC=200 ef=10 alpha=0.825 beta=4 q=u8",64,0.9181923523,0.9673,180.0064,0.8790,0.0000,0.026344,"0.026850;0.026504;0.026344;0.026186;0.026288",7.631518,131035.53,,4.49,0,3452,10,True,nid004439,56980331
SparseHNSW_a0.825_b4,"M=32 efC=200 ef=20 alpha=0.825 beta=4 q=u8",64,0.9181923523,0.9673,180.0064,0.8790,0.0000,0.026035,"0.026077;0.026035;0.025988;0.026042;0.025966",7.542005,132590.74,,4.49,0,3452,10,True,nid004439,56980331
SparseHNSW_a0.825_b4,"M=32 efC=200 ef=25 alpha=0.825 beta=4 q=u8",64,0.9181923523,0.9673,180.0064,0.8790,0.0000,0.025916,"0.025847;0.025894;0.026009;0.026193;0.025916",7.507532,133199.57,,4.49,0,3452,10,True,nid004439,56980331
SparseHNSW_a0.825_b4,"M=32 efC=200 ef=30 alpha=0.825 beta=4 q=u8",64,0.9181923523,0.9673,180.0064,0.8790,0.0000,0.025886,"0.025898;0.025915;0.025886;0.025844;0.025870",7.498841,133353.94,,4.49,0,3452,10,True,nid004439,56980331
SparseHNSW_a0.825_b4,"M=32 efC=200 ef=35 alpha=0.825 beta=4 q=u8",64,0.9181923523,0.9673,180.0064,0.8790,0.0000,0.025902,"0.025860;0.025889;0.025997;0.025902;0.025907",7.503476,133271.56,,4.49,0,3452,10,True,nid004439,56980331
SparseHNSW_a0.825_b4,"M=32 efC=200 ef=40 alpha=0.825 beta=4 q=u8",64,0.9181923523,0.9673,180.0064,0.8790,0.0000,0.025883,"0.025781;0.025774;0.025942;0.025883;0.025907",7.497972,133369.39,,4.49,0,3452,10,True,nid004439,56980331
SparseHNSW_a0.825_b4,"M=32 efC=200 ef=50 alpha=0.825 beta=4 q=u8",64,0.9296929316,0.9733,180.0064,0.8790,0.0000,0.031210,"0.031237;0.031235;0.031096;0.031210;0.031102",9.041136,110605.58,,4.49,0,3452,10,True,nid004439,56980331
SparseHNSW_a0.825_b4,"M=32 efC=200 ef=60 alpha=0.825 beta=4 q=u8",64,0.9396581692,0.9789,180.0064,0.8790,0.0000,0.036193,"0.036324;0.036193;0.036174;0.036157;0.036229",10.484647,95377.56,,4.49,0,3452,10,True,nid004439,56980331
SparseHNSW_a0.825_b4,"M=32 efC=200 ef=75 alpha=0.825 beta=4 q=u8",64,0.9484067207,0.9832,180.0064,0.8790,0.0000,0.043479,"0.043605;0.043479;0.043474;0.043431;0.043481",12.595307,79394.65,,4.49,0,3452,10,True,nid004439,56980331
SparseHNSW_a0.825_b4,"M=32 efC=200 ef=100 alpha=0.825 beta=4 q=u8",64,0.9592410197,0.9893,180.0064,0.8790,0.0000,0.055638,"0.055638;0.055756;0.055663;0.055429;0.055544",16.117613,62043.93,,4.49,0,3452,10,True,nid004439,56980331
SparseHNSW_a0.825_b5,"M=32 efC=200 ef=10 alpha=0.825 beta=5 q=u8",64,0.9299536501,0.9733,180.0064,0.8790,0.0000,0.031663,"0.031999;0.031878;0.031663;0.031598;0.031589",9.172364,109023.15,,4.49,0,3452,10,True,nid004439,56980331
SparseHNSW_a0.825_b5,"M=32 efC=200 ef=20 alpha=0.825 beta=5 q=u8",64,0.9299536501,0.9733,180.0064,0.8790,0.0000,0.031449,"0.031449;0.031444;0.031335;0.031549;0.031463",9.110371,109765.02,,4.49,0,3452,10,True,nid004439,56980331
SparseHNSW_a0.825_b5,"M=32 efC=200 ef=25 alpha=0.825 beta=5 q=u8",64,0.9299536501,0.9733,180.0064,0.8790,0.0000,0.031421,"0.031513;0.031411;0.031421;0.031464;0.031327",9.102260,109862.83,,4.49,0,3452,10,True,nid004439,56980331
SparseHNSW_a0.825_b5,"M=32 efC=200 ef=30 alpha=0.825 beta=5 q=u8",64,0.9299536501,0.9733,180.0064,0.8790,0.0000,0.031375,"0.031353;0.031437;0.031375;0.031367;0.031376",9.088934,110023.90,,4.49,0,3452,10,True,nid004439,56980331
SparseHNSW_a0.825_b5,"M=32 efC=200 ef=35 alpha=0.825 beta=5 q=u8",64,0.9299536501,0.9733,180.0064,0.8790,0.0000,0.031321,"0.031261;0.031321;0.031297;0.031393;0.031388",9.073291,110213.59,,4.49,0,3452,10,True,nid004439,56980331
SparseHNSW_a0.825_b5,"M=32 efC=200 ef=40 alpha=0.825 beta=5 q=u8",64,0.9299536501,0.9733,180.0064,0.8790,0.0000,0.031445,"0.031420;0.031492;0.031536;0.031445;0.031409",9.109212,109778.98,,4.49,0,3452,10,True,nid004439,56980331
SparseHNSW_a0.825_b5,"M=32 efC=200 ef=50 alpha=0.825 beta=5 q=u8",64,0.9299536501,0.9733,180.0064,0.8790,0.0000,0.031383,"0.031383;0.031343;0.031425;0.031364;0.031455",9.091251,109995.86,,4.49,0,3452,10,True,nid004439,56980331
SparseHNSW_a0.825_b5,"M=32 efC=200 ef=60 alpha=0.825 beta=5 q=u8",64,0.9400637312,0.9789,180.0064,0.8790,0.0000,0.036450,"0.036450;0.036476;0.036370;0.036530;0.036403",10.559096,94705.08,,4.49,0,3452,10,True,nid004439,56980331
SparseHNSW_a0.825_b5,"M=32 efC=200 ef=75 alpha=0.825 beta=5 q=u8",64,0.9488702202,0.9835,180.0064,0.8790,0.0000,0.043785,"0.043712;0.043795;0.043785;0.043791;0.043632",12.683951,78839.79,,4.49,0,3452,10,True,nid004439,56980331
SparseHNSW_a0.825_b5,"M=32 efC=200 ef=100 alpha=0.825 beta=5 q=u8",64,0.9597045191,0.9896,180.0064,0.8790,0.0000,0.055794,"0.055685;0.055772;0.055971;0.055802;0.055794",16.162804,61870.45,,4.50,0,3452,10,True,nid004439,56980331
SparseHNSW_a0.85_b1,"M=32 efC=200 ef=10 alpha=0.85 beta=1 q=u8",64,0.6982618772,0.5160,190.6912,0.8807,0.0000,0.008938,"0.010139;0.009658;0.008938;0.008772;0.008807",2.589224,386216.16,,4.53,0,3452,10,True,nid004439,56980331
SparseHNSW_a0.85_b1,"M=32 efC=200 ef=20 alpha=0.85 beta=1 q=u8",64,0.7849652375,0.6117,190.6912,0.8807,0.0000,0.015187,"0.015423;0.015325;0.015174;0.015187;0.015117",4.399479,227299.66,,4.53,0,3452,10,True,nid004439,56980331
SparseHNSW_a0.85_b1,"M=32 efC=200 ef=25 alpha=0.85 beta=1 q=u8",64,0.8069524913,0.6424,190.6912,0.8807,0.0000,0.017994,"0.018083;0.018036;0.017994;0.017907;0.017838",5.212630,191841.73,,4.53,0,3452,10,True,nid004439,56980331
SparseHNSW_a0.85_b1,"M=32 efC=200 ef=30 alpha=0.85 beta=1 q=u8",64,0.8219003476,0.6573,190.6912,0.8807,0.0000,0.020650,"0.020744;0.020650;0.020657;0.020580;0.020554",5.982039,167167.07,,4.53,0,3452,10,True,nid004439,56980331
SparseHNSW_a0.85_b1,"M=32 efC=200 ef=35 alpha=0.85 beta=1 q=u8",64,0.8290556199,0.6659,190.6912,0.8807,0.0000,0.023163,"0.023334;0.023292;0.023163;0.023122;0.023110",6.710023,149030.78,,4.53,0,3452,10,True,nid004439,56980331
SparseHNSW_a0.85_b1,"M=32 efC=200 ef=40 alpha=0.85 beta=1 q=u8",64,0.8378041715,0.6763,190.6912,0.8807,0.0000,0.025901,"0.025938;0.026018;0.025895;0.025885;0.025901",7.503187,133276.71,,4.53,0,3452,10,True,nid004439,56980331
SparseHNSW_a0.85_b1,"M=32 efC=200 ef=50 alpha=0.85 beta=1 q=u8",64,0.8501158749,0.6896,190.6912,0.8807,0.0000,0.031427,"0.031418;0.031395;0.031447;0.031573;0.031427",9.103998,109841.86,,4.53,0,3452,10,True,nid004439,56980331
SparseHNSW_a0.85_b1,"M=32 efC=200 ef=60 alpha=0.85 beta=1 q=u8",64,0.8586037080,0.6974,190.6912,0.8807,0.0000,0.036805,"0.036806;0.036758;0.036754;0.036842;0.036805",10.661935,93791.60,,4.53,0,3452,10,True,nid004439,56980331
SparseHNSW_a0.85_b1,"M=32 efC=200 ef=75 alpha=0.85 beta=1 q=u8",64,0.8662514484,0.7043,190.6912,0.8807,0.0000,0.044510,"0.044716;0.044609;0.044400;0.044381;0.044510",12.893975,77555.61,,4.53,0,3452,10,True,nid004439,56980331
SparseHNSW_a0.85_b1,"M=32 efC=200 ef=100 alpha=0.85 beta=1 q=u8",64,0.8767960603,0.7169,190.6912,0.8807,0.0000,0.057429,"0.057129;0.057477;0.057510;0.057420;0.057429",16.636443,60109.00,,4.53,0,3452,10,True,nid004439,56980331
SparseHNSW_a0.85_b2,"M=32 efC=200 ef=10 alpha=0.85 beta=2 q=u8",64,0.8401796060,0.9212,190.6912,0.8807,0.0000,0.016102,"0.016716;0.016293;0.016102;0.016032;0.016003",4.664542,214383.31,,4.53,0,3452,10,True,nid004439,56980331
SparseHNSW_a0.85_b2,"M=32 efC=200 ef=20 alpha=0.85 beta=2 q=u8",64,0.8401796060,0.9212,190.6912,0.8807,0.0000,0.015789,"0.015951;0.015786;0.015826;0.015757;0.015789",4.573870,218633.23,,4.53,0,3452,10,True,nid004439,56980331
SparseHNSW_a0.85_b2,"M=32 efC=200 ef=25 alpha=0.85 beta=2 q=u8",64,0.8661935110,0.9371,190.6912,0.8807,0.0000,0.018596,"0.018743;0.018704;0.018596;0.018508;0.018548",5.387022,185631.32,,4.53,0,3452,10,True,nid004439,56980331
SparseHNSW_a0.85_b2,"M=32 efC=200 ef=30 alpha=0.85 beta=2 q=u8",64,0.8846465817,0.9493,190.6912,0.8807,0.0000,0.021334,"0.021403;0.021404;0.021334;0.021312;0.021278",6.180185,161807.44,,4.53,0,3452,10,True,nid004439,56980331
SparseHNSW_a0.85_b2,"M=32 efC=200 ef=35 alpha=0.85 beta=2 q=u8",64,0.8936268830,0.9531,190.6912,0.8807,0.0000,0.023871,"0.023935;0.023871;0.024016;0.023840;0.023802",6.915122,144610.62,,4.53,0,3452,10,True,nid004439,56980331
SparseHNSW_a0.85_b2,"M=32 efC=200 ef=40 alpha=0.85 beta=2 q=u8",64,0.9039687138,0.9589,190.6912,0.8807,0.0000,0.026681,"0.026764;0.026828;0.026579;0.026632;0.026681",7.729143,129380.46,,4.53,0,3452,10,True,nid004439,56980331
SparseHNSW_a0.85_b2,"M=32 efC=200 ef=50 alpha=0.85 beta=2 q=u8",64,0.9189745075,0.9687,190.6912,0.8807,0.0000,0.032193,"0.032193;0.032268;0.032155;0.032106;0.032258",9.325898,107228.28,,4.53,0,3452,10,True,nid004439,56980331
SparseHNSW_a0.85_b2,"M=32 efC=200 ef=60 alpha=0.85 beta=2 q=u8",64,0.9290556199,0.9757,190.6912,0.8807,0.0000,0.037571,"0.037606;0.037571;0.037489;0.037631;0.037493",10.883835,91879.38,,4.53,0,3452,10,True,nid004439,56980331
SparseHNSW_a0.85_b2,"M=32 efC=200 ef=75 alpha=0.85 beta=2 q=u8",64,0.9384704519,0.9806,190.6912,0.8807,0.0000,0.045134,"0.045185;0.045126;0.045077;0.045134;0.045222",13.074739,76483.36,,4.53,0,3452,10,True,nid004439,56980331
SparseHNSW_a0.85_b2,"M=32 efC=200 ef=100 alpha=0.85 beta=2 q=u8",64,0.9510139050,0.9875,190.6912,0.8807,0.0000,0.057923,"0.057912;0.057923;0.057978;0.058070;0.057887",16.779548,59596.36,,4.53,0,3452,10,True,nid004439,56980331
SparseHNSW_a0.85_b3,"M=32 efC=200 ef=10 alpha=0.85 beta=3 q=u8",64,0.8870220162,0.9493,190.6912,0.8807,0.0000,0.022042,"0.022567;0.022282;0.022002;0.022042;0.021830",6.385284,156610.11,,4.53,0,3452,10,True,nid004439,56980331
SparseHNSW_a0.85_b3,"M=32 efC=200 ef=20 alpha=0.85 beta=3 q=u8",64,0.8870220162,0.9493,190.6912,0.8807,0.0000,0.021624,"0.021760;0.021624;0.021611;0.021642;0.021540",6.264195,159637.44,,4.53,0,3452,10,True,nid004439,56980331
SparseHNSW_a0.85_b3,"M=32 efC=200 ef=25 alpha=0.85 beta=3 q=u8",64,0.8870220162,0.9493,190.6912,0.8807,0.0000,0.021504,"0.021519;0.021504;0.021582;0.021448;0.021418",6.229432,160528.27,,4.53,0,3452,10,True,nid004439,56980331
SparseHNSW_a0.85_b3,"M=32 efC=200 ef=30 alpha=0.85 beta=3 q=u8",64,0.8870220162,0.9493,190.6912,0.8807,0.0000,0.021444,"0.021422;0.021444;0.021475;0.021351;0.021530",6.212051,160977.43,,4.53,0,3452,10,True,nid004439,56980331
SparseHNSW_a0.85_b3,"M=32 efC=200 ef=35 alpha=0.85 beta=3 q=u8",64,0.8962340672,0.9531,190.6912,0.8807,0.0000,0.024121,"0.024176;0.024093;0.024172;0.024121;0.024078",6.987543,143111.81,,4.53,0,3452,10,True,nid004439,56980331
SparseHNSW_a0.85_b3,"M=32 efC=200 ef=40 alpha=0.85 beta=3 q=u8",64,0.9067786790,0.9589,190.6912,0.8807,0.0000,0.026993,"0.027014;0.027045;0.026993;0.026948;0.026959",7.819525,127885.01,,4.53,0,3452,10,True,nid004439,56980331
SparseHNSW_a0.85_b3,"M=32 efC=200 ef=50 alpha=0.85 beta=3 q=u8",64,0.9221320973,0.9687,190.6912,0.8807,0.0000,0.032594,"0.032709;0.032619;0.032594;0.032538;0.032477",9.442063,105909.06,,4.53,0,3452,10,True,nid004439,56980331
SparseHNSW_a0.85_b3,"M=32 efC=200 ef=60 alpha=0.85 beta=3 q=u8",64,0.9322711472,0.9757,190.6912,0.8807,0.0000,0.037771,"0.037974;0.037874;0.037771;0.037744;0.037726",10.941773,91392.87,,4.53,0,3452,10,True,nid004439,56980331
SparseHNSW_a0.85_b3,"M=32 efC=200 ef=75 alpha=0.85 beta=3 q=u8",64,0.9417149479,0.9806,190.6912,0.8807,0.0000,0.045585,"0.045585;0.045660;0.045673;0.045426;0.045378",13.205388,75726.66,,4.53,0,3452,10,True,nid004439,56980331
SparseHNSW_a0.85_b3,"M=32 efC=200 ef=100 alpha=0.85 beta=3 q=u8",64,0.9545191194,0.9875,190.6912,0.8807,0.0000,0.058190,"0.058251;0.058190;0.058197;0.058042;0.058166",16.856895,59322.91,,4.53,0,3452,10,True,nid004439,56980331
SparseHNSW_a0.85_b4,"M=32 efC=200 ef=10 alpha=0.85 beta=4 q=u8",64,0.9072421784,0.9589,190.6912,0.8807,0.0000,0.027635,"0.028158;0.027859;0.027635;0.027559;0.027583",8.005504,124914.06,,4.53,0,3452,10,True,nid004439,56980331
SparseHNSW_a0.85_b4,"M=32 efC=200 ef=20 alpha=0.85 beta=4 q=u8",64,0.9072421784,0.9589,190.6912,0.8807,0.0000,0.027396,"0.027499;0.027508;0.027355;0.027396;0.027311",7.936269,126003.80,,4.53,0,3452,10,True,nid004439,56980331
SparseHNSW_a0.85_b4,"M=32 efC=200 ef=25 alpha=0.85 beta=4 q=u8",64,0.9072421784,0.9589,190.6912,0.8807,0.0000,0.027330,"0.027367;0.027330;0.027290;0.027369;0.027317",7.917149,126308.09,,4.53,0,3452,10,True,nid004439,56980331
SparseHNSW_a0.85_b4,"M=32 efC=200 ef=30 alpha=0.85 beta=4 q=u8",64,0.9072421784,0.9589,190.6912,0.8807,0.0000,0.027212,"0.027212;0.027190;0.027209;0.027262;0.027330",7.882966,126855.80,,4.53,0,3452,10,True,nid004439,56980331
SparseHNSW_a0.85_b4,"M=32 efC=200 ef=35 alpha=0.85 beta=4 q=u8",64,0.9072421784,0.9589,190.6912,0.8807,0.0000,0.027167,"0.027167;0.027220;0.027234;0.027120;0.027110",7.869930,127065.93,,4.53,0,3452,10,True,nid004439,56980331
SparseHNSW_a0.85_b4,"M=32 efC=200 ef=40 alpha=0.85 beta=4 q=u8",64,0.9072421784,0.9589,190.6912,0.8807,0.0000,0.027195,"0.027195;0.027242;0.027250;0.027186;0.027070",7.878042,126935.10,,4.53,0,3452,10,True,nid004439,56980331
SparseHNSW_a0.85_b4,"M=32 efC=200 ef=50 alpha=0.85 beta=4 q=u8",64,0.9226245655,0.9687,190.6912,0.8807,0.0000,0.032750,"0.032860;0.032862;0.032718;0.032718;0.032750",9.487254,105404.58,,4.53,0,3452,10,True,nid004439,56980331
SparseHNSW_a0.85_b4,"M=32 efC=200 ef=60 alpha=0.85 beta=4 q=u8",64,0.9329084589,0.9757,190.6912,0.8807,0.0000,0.038151,"0.038057;0.038155;0.038192;0.038126;0.038151",11.051854,90482.56,,4.53,0,3452,10,True,nid004439,56980331
SparseHNSW_a0.85_b4,"M=32 efC=200 ef=75 alpha=0.85 beta=4 q=u8",64,0.9424101970,0.9806,190.6912,0.8807,0.0000,0.045847,"0.045949;0.045817;0.045773;0.045891;0.045847",13.281286,75293.91,,4.53,0,3452,10,True,nid004439,56980331
SparseHNSW_a0.85_b4,"M=32 efC=200 ef=100 alpha=0.85 beta=4 q=u8",64,0.9553012746,0.9875,190.6912,0.8807,0.0000,0.058524,"0.058499;0.058538;0.058678;0.058474;0.058524",16.953650,58984.35,,4.53,0,3452,10,True,nid004439,56980331
SparseHNSW_a0.85_b5,"M=32 efC=200 ef=10 alpha=0.85 beta=5 q=u8",64,0.9227114716,0.9687,190.6912,0.8807,0.0000,0.033437,"0.033736;0.033493;0.033437;0.033203;0.033257",9.686269,103238.93,,4.53,0,3452,10,True,nid004439,56980331
SparseHNSW_a0.85_b5,"M=32 efC=200 ef=20 alpha=0.85 beta=5 q=u8",64,0.9227114716,0.9687,190.6912,0.8807,0.0000,0.033159,"0.033252;0.033169;0.033110;0.032989;0.033159",9.605736,104104.47,,4.53,0,3452,10,True,nid004439,56980331
SparseHNSW_a0.85_b5,"M=32 efC=200 ef=25 alpha=0.85 beta=5 q=u8",64,0.9227114716,0.9687,190.6912,0.8807,0.0000,0.033075,"0.033075;0.033102;0.033119;0.032999;0.033027",9.581402,104368.86,,4.53,0,3452,10,True,nid004439,56980331
SparseHNSW_a0.85_b5,"M=32 efC=200 ef=30 alpha=0.85 beta=5 q=u8",64,0.9227114716,0.9687,190.6912,0.8807,0.0000,0.033041,"0.033041;0.033071;0.033063;0.032932;0.033010",9.571553,104476.26,,4.53,0,3452,10,True,nid004439,56980331
SparseHNSW_a0.85_b5,"M=32 efC=200 ef=35 alpha=0.85 beta=5 q=u8",64,0.9227114716,0.9687,190.6912,0.8807,0.0000,0.033032,"0.033028;0.033032;0.033038;0.033092;0.032966",9.568946,104504.72,,4.53,0,3452,10,True,nid004439,56980331
SparseHNSW_a0.85_b5,"M=32 efC=200 ef=40 alpha=0.85 beta=5 q=u8",64,0.9227114716,0.9687,190.6912,0.8807,0.0000,0.032972,"0.033024;0.032972;0.032923;0.032933;0.032997",9.551564,104694.89,,4.53,0,3452,10,True,nid004439,56980331
SparseHNSW_a0.85_b5,"M=32 efC=200 ef=50 alpha=0.85 beta=5 q=u8",64,0.9227114716,0.9687,190.6912,0.8807,0.0000,0.033005,"0.033024;0.033005;0.033051;0.032991;0.032935",9.561124,104590.21,,4.53,0,3452,10,True,nid004439,56980331
SparseHNSW_a0.85_b5,"M=32 efC=200 ef=60 alpha=0.85 beta=5 q=u8",64,0.9329953650,0.9757,190.6912,0.8807,0.0000,0.038420,"0.038353;0.038420;0.038461;0.038461;0.038301",11.129780,89849.04,,4.53,0,3452,10,True,nid004439,56980331
SparseHNSW_a0.85_b5,"M=32 efC=200 ef=75 alpha=0.85 beta=5 q=u8",64,0.9425840093,0.9806,190.6912,0.8807,0.0000,0.046141,"0.046143;0.046042;0.046241;0.046141;0.045956",13.366454,74814.16,,4.53,0,3452,10,True,nid004439,56980331
SparseHNSW_a0.85_b5,"M=32 efC=200 ef=100 alpha=0.85 beta=5 q=u8",64,0.9554750869,0.9875,190.6912,0.8807,0.0000,0.058637,"0.058845;0.058637;0.058837;0.058589;0.058593",16.986385,58870.68,,4.54,0,3452,10,True,nid004439,56980331
SparseHNSW_a0.9_b1,"M=32 efC=200 ef=10 alpha=0.9 beta=1 q=u8",64,0.7069235226,0.5190,216.3350,0.8834,0.0000,0.010294,"0.011276;0.010968;0.010294;0.010128;0.010092",2.982039,335340.98,,4.63,0,3452,10,True,nid004439,56980331
SparseHNSW_a0.9_b1,"M=32 efC=200 ef=20 alpha=0.9 beta=1 q=u8",64,0.8045480881,0.6417,216.3350,0.8834,0.0000,0.017322,"0.017658;0.017481;0.017322;0.017302;0.017240",5.017961,199284.15,,4.63,0,3452,10,True,nid004439,56980331
SparseHNSW_a0.9_b1,"M=32 efC=200 ef=25 alpha=0.9 beta=1 q=u8",64,0.8242178447,0.6679,216.3350,0.8834,0.0000,0.020314,"0.020486;0.020429;0.020314;0.020255;0.020282",5.884705,169932.07,,4.63,0,3452,10,True,nid004439,56980331
SparseHNSW_a0.9_b1,"M=32 efC=200 ef=30 alpha=0.9 beta=1 q=u8",64,0.8417439166,0.6898,216.3350,0.8834,0.0000,0.023456,"0.023620;0.023502;0.023456;0.023449;0.023438",6.794902,147169.17,,4.63,0,3452,10,True,nid004439,56980331
SparseHNSW_a0.9_b1,"M=32 efC=200 ef=35 alpha=0.9 beta=1 q=u8",64,0.8526071842,0.7000,216.3350,0.8834,0.0000,0.026698,"0.026767;0.026741;0.026601;0.026698;0.026688",7.734067,129298.07,,4.63,0,3452,10,True,nid004439,56980331
SparseHNSW_a0.9_b1,"M=32 efC=200 ef=40 alpha=0.9 beta=1 q=u8",64,0.8619061414,0.7102,216.3350,0.8834,0.0000,0.029610,"0.029655;0.029610;0.029541;0.029547;0.029702",8.577636,116582.24,,4.63,0,3452,10,True,nid004439,56980331
SparseHNSW_a0.9_b1,"M=32 efC=200 ef=50 alpha=0.9 beta=1 q=u8",64,0.8743337196,0.7268,216.3350,0.8834,0.0000,0.035781,"0.035832;0.035922;0.035781;0.035765;0.035781",10.365295,96475.78,,4.63,0,3452,10,True,nid004439,56980331
SparseHNSW_a0.9_b1,"M=32 efC=200 ef=60 alpha=0.9 beta=1 q=u8",64,0.8843858633,0.7372,216.3350,0.8834,0.0000,0.041807,"0.041807;0.041790;0.041719;0.041961;0.041916",12.110950,82569.90,,4.63,0,3452,10,True,nid004439,56980331
SparseHNSW_a0.9_b1,"M=32 efC=200 ef=75 alpha=0.9 beta=1 q=u8",64,0.8967844728,0.7494,216.3350,0.8834,0.0000,0.050630,"0.050750;0.050492;0.050648;0.050604;0.050630",14.666860,68180.92,,4.63,0,3452,10,True,nid004439,56980331
SparseHNSW_a0.9_b1,"M=32 efC=200 ef=100 alpha=0.9 beta=1 q=u8",64,0.9069235226,0.7596,216.3350,0.8834,0.0000,0.064831,"0.064788;0.064831;0.064698;0.065483;0.064838",18.780707,53246.13,,4.63,0,3452,10,True,nid004439,56980331
SparseHNSW_a0.9_b2,"M=32 efC=200 ef=10 alpha=0.9 beta=2 q=u8",64,0.8397161066,0.9170,216.3350,0.8834,0.0000,0.018301,"0.019012;0.018547;0.018301;0.018253;0.018136",5.301564,188623.57,,4.63,0,3452,10,True,nid004439,56980331
SparseHNSW_a0.9_b2,"M=32 efC=200 ef=20 alpha=0.9 beta=2 q=u8",64,0.8397161066,0.9170,216.3350,0.8834,0.0000,0.017924,"0.018050;0.017964;0.017879;0.017924;0.017876",5.192352,192590.94,,4.63,0,3452,10,True,nid004439,56980331
SparseHNSW_a0.9_b2,"M=32 efC=200 ef=25 alpha=0.9 beta=2 q=u8",64,0.8627172654,0.9309,216.3350,0.8834,0.0000,0.020981,"0.021103;0.021035;0.020973;0.020981;0.020930",6.077926,164529.81,,4.63,0,3452,10,True,nid004439,56980331
SparseHNSW_a0.9_b2,"M=32 efC=200 ef=30 alpha=0.9 beta=2 q=u8",64,0.8823580533,0.9436,216.3350,0.8834,0.0000,0.024124,"0.024198;0.024143;0.024097;0.024124;0.024087",6.988413,143094.01,,4.63,0,3452,10,True,nid004439,56980331
SparseHNSW_a0.9_b2,"M=32 efC=200 ef=35 alpha=0.9 beta=2 q=u8",64,0.8950753187,0.9513,216.3350,0.8834,0.0000,0.027317,"0.027370;0.027317;0.027391;0.027314;0.027272",7.913384,126368.20,,4.63,0,3452,10,True,nid004439,56980331
SparseHNSW_a0.9_b2,"M=32 efC=200 ef=40 alpha=0.9 beta=2 q=u8",64,0.9056199305,0.9580,216.3350,0.8834,0.0000,0.030290,"0.030290;0.030255;0.030312;0.030371;0.030248",8.774623,113965.00,,4.63,0,3452,10,True,nid004439,56980331
SparseHNSW_a0.9_b2,"M=32 efC=200 ef=50 alpha=0.9 beta=2 q=u8",64,0.9197856315,0.9661,216.3350,0.8834,0.0000,0.036435,"0.036435;0.036313;0.036450;0.036413;0.036542",10.554751,94744.06,,4.63,0,3452,10,True,nid004439,56980331
SparseHNSW_a0.9_b2,"M=32 efC=200 ef=60 alpha=0.9 beta=2 q=u8",64,0.9312572422,0.9736,216.3350,0.8834,0.0000,0.042376,"0.042514;0.042528;0.042201;0.042376;0.042369",12.275782,81461.20,,4.63,0,3452,10,True,nid004439,56980331
SparseHNSW_a0.9_b2,"M=32 efC=200 ef=75 alpha=0.9 beta=2 q=u8",64,0.9452780997,0.9823,216.3350,0.8834,0.0000,0.051236,"0.051236;0.051335;0.051134;0.051363;0.051202",14.842410,67374.50,,4.63,0,3452,10,True,nid004439,56980331
SparseHNSW_a0.9_b2,"M=32 efC=200 ef=100 alpha=0.9 beta=2 q=u8",64,0.9568366165,0.9896,216.3350,0.8834,0.0000,0.065367,"0.065344;0.065361;0.065367;0.065624;0.065899",18.935979,52809.52,,4.63,0,3452,10,True,nid004439,56980331
SparseHNSW_a0.9_b3,"M=32 efC=200 ef=10 alpha=0.9 beta=3 q=u8",64,0.8830533024,0.9438,216.3350,0.8834,0.0000,0.024884,"0.025534;0.025037;0.024884;0.024708;0.024596",7.208575,138723.68,,4.63,0,3452,10,True,nid004439,56980331
SparseHNSW_a0.9_b3,"M=32 efC=200 ef=20 alpha=0.9 beta=3 q=u8",64,0.8830533024,0.9438,216.3350,0.8834,0.0000,0.024432,"0.024550;0.024501;0.024432;0.024405;0.024398",7.077636,141290.11,,4.63,0,3452,10,True,nid004439,56980331
SparseHNSW_a0.9_b3,"M=32 efC=200 ef=25 alpha=0.9 beta=3 q=u8",64,0.8830533024,0.9438,216.3350,0.8834,0.0000,0.024310,"0.024365;0.024310;0.024243;0.024314;0.024231",7.042294,141999.18,,4.63,0,3452,10,True,nid004439,56980331
SparseHNSW_a0.9_b3,"M=32 efC=200 ef=30 alpha=0.9 beta=3 q=u8",64,0.8830533024,0.9438,216.3350,0.8834,0.0000,0.024208,"0.024242;0.024250;0.024187;0.024208;0.024161",7.012746,142597.49,,4.63,0,3452,10,True,nid004439,56980331
SparseHNSW_a0.9_b3,"M=32 efC=200 ef=35 alpha=0.9 beta=3 q=u8",64,0.8958285052,0.9513,216.3350,0.8834,0.0000,0.027602,"0.027681;0.027759;0.027602;0.027566;0.027500",7.995944,125063.40,,4.63,0,3452,10,True,nid004439,56980331
SparseHNSW_a0.9_b3,"M=32 efC=200 ef=40 alpha=0.9 beta=3 q=u8",64,0.9063731170,0.9580,216.3350,0.8834,0.0000,0.030534,"0.030527;0.030509;0.030534;0.030689;0.030646",8.845307,113054.30,,4.63,0,3452,10,True,nid004439,56980331
SparseHNSW_a0.9_b3,"M=32 efC=200 ef=50 alpha=0.9 beta=3 q=u8",64,0.9205967555,0.9661,216.3350,0.8834,0.0000,0.036780,"0.036765;0.036819;0.036662;0.036805;0.036780",10.654693,93855.36,,4.63,0,3452,10,True,nid004439,56980331
SparseHNSW_a0.9_b3,"M=32 efC=200 ef=60 alpha=0.9 beta=3 q=u8",64,0.9321552723,0.9736,216.3350,0.8834,0.0000,0.042697,"0.042697;0.042623;0.042852;0.042566;0.042870",12.368772,80848.77,,4.63,0,3452,10,True,nid004439,56980331
SparseHNSW_a0.9_b3,"M=32 efC=200 ef=75 alpha=0.9 beta=3 q=u8",64,0.9462630359,0.9823,216.3350,0.8834,0.0000,0.051558,"0.051558;0.051704;0.051383;0.051632;0.051551",14.935689,66953.72,,4.63,0,3452,10,True,nid004439,56980331
SparseHNSW_a0.9_b3,"M=32 efC=200 ef=100 alpha=0.9 beta=3 q=u8",64,0.9578794902,0.9896,216.3350,0.8834,0.0000,0.065646,"0.065402;0.065661;0.065694;0.065646;0.065513",19.016802,52585.08,,4.63,0,3452,10,True,nid004439,56980331
SparseHNSW_a0.9_b4,"M=32 efC=200 ef=10 alpha=0.9 beta=4 q=u8",64,0.9064600232,0.9580,216.3350,0.8834,0.0000,0.031427,"0.032078;0.031564;0.031427;0.031281;0.031320",9.103998,109841.86,,4.63,0,3452,10,True,nid004439,56980331
SparseHNSW_a0.9_b4,"M=32 efC=200 ef=20 alpha=0.9 beta=4 q=u8",64,0.9064600232,0.9580,216.3350,0.8834,0.0000,0.031095,"0.031144;0.031211;0.031095;0.030895;0.030916",9.007822,111014.63,,4.63,0,3452,10,True,nid004439,56980331
SparseHNSW_a0.9_b4,"M=32 efC=200 ef=25 alpha=0.9 beta=4 q=u8",64,0.9064600232,0.9580,216.3350,0.8834,0.0000,0.030950,"0.030898;0.030884;0.031043;0.030950;0.031019",8.965817,111534.73,,4.63,0,3452,10,True,nid004439,56980331
SparseHNSW_a0.9_b4,"M=32 efC=200 ef=30 alpha=0.9 beta=4 q=u8",64,0.9064600232,0.9580,216.3350,0.8834,0.0000,0.030912,"0.030846;0.031036;0.030832;0.030912;0.030950",8.954809,111671.84,,4.63,0,3452,10,True,nid004439,56980331
SparseHNSW_a0.9_b4,"M=32 efC=200 ef=35 alpha=0.9 beta=4 q=u8",64,0.9064600232,0.9580,216.3350,0.8834,0.0000,0.030912,"0.031100;0.030912;0.030869;0.031006;0.030905",8.954809,111671.84,,4.63,0,3452,10,True,nid004439,56980331
SparseHNSW_a0.9_b4,"M=32 efC=200 ef=40 alpha=0.9 beta=4 q=u8",64,0.9064600232,0.9580,216.3350,0.8834,0.0000,0.030795,"0.030795;0.030834;0.030804;0.030779;0.030754",8.920915,112096.12,,4.63,0,3452,10,True,nid004439,56980331
SparseHNSW_a0.9_b4,"M=32 efC=200 ef=50 alpha=0.9 beta=4 q=u8",64,0.9206836616,0.9661,216.3350,0.8834,0.0000,0.036974,"0.036880;0.036974;0.037071;0.036928;0.036996",10.710892,93362.90,,4.63,0,3452,10,True,nid004439,56980331
SparseHNSW_a0.9_b4,"M=32 efC=200 ef=60 alpha=0.9 beta=4 q=u8",64,0.9323001159,0.9736,216.3350,0.8834,0.0000,0.043076,"0.043076;0.042974;0.042955;0.043134;0.043134",12.478563,80137.43,,4.63,0,3452,10,True,nid004439,56980331
SparseHNSW_a0.9_b4,"M=32 efC=200 ef=75 alpha=0.9 beta=4 q=u8",64,0.9464078795,0.9823,216.3350,0.8834,0.0000,0.051744,"0.051967;0.051673;0.051744;0.051784;0.051619",14.989571,66713.05,,4.63,0,3452,10,True,nid004439,56980331
SparseHNSW_a0.9_b4,"M=32 efC=200 ef=100 alpha=0.9 beta=4 q=u8",64,0.9580533024,0.9896,216.3350,0.8834,0.0000,0.065809,"0.065766;0.065753;0.066137;0.065809;0.065815",19.064021,52454.83,,4.63,0,3452,10,True,nid004439,56980331
SparseHNSW_a0.9_b5,"M=32 efC=200 ef=10 alpha=0.9 beta=5 q=u8",64,0.9206836616,0.9661,216.3350,0.8834,0.0000,0.037809,"0.038043;0.037809;0.037816;0.037607;0.037580",10.952781,91301.01,,4.63,0,3452,10,True,nid004439,56980331
SparseHNSW_a0.9_b5,"M=32 efC=200 ef=20 alpha=0.9 beta=5 q=u8",64,0.9206836616,0.9661,216.3350,0.8834,0.0000,0.037415,"0.037426;0.037412;0.037507;0.037363;0.037415",10.838644,92262.46,,4.63,0,3452,10,True,nid004439,56980331
SparseHNSW_a0.9_b5,"M=32 efC=200 ef=25 alpha=0.9 beta=5 q=u8",64,0.9206836616,0.9661,216.3350,0.8834,0.0000,0.037378,"0.037589;0.037421;0.037378;0.037281;0.037369",10.827926,92353.79,,4.63,0,3452,10,True,nid004439,56980331
SparseHNSW_a0.9_b5,"M=32 efC=200 ef=30 alpha=0.9 beta=5 q=u8",64,0.9206836616,0.9661,216.3350,0.8834,0.0000,0.037274,"0.037274;0.037320;0.037262;0.037193;0.037284",10.797798,92611.47,,4.63,0,3452,10,True,nid004439,56980331
SparseHNSW_a0.9_b5,"M=32 efC=200 ef=35 alpha=0.9 beta=5 q=u8",64,0.9206836616,0.9661,216.3350,0.8834,0.0000,0.037328,"0.037311;0.037439;0.037328;0.037481;0.037257",10.813441,92477.50,,4.63,0,3452,10,True,nid004439,56980331
SparseHNSW_a0.9_b5,"M=32 efC=200 ef=40 alpha=0.9 beta=5 q=u8",64,0.9206836616,0.9661,216.3350,0.8834,0.0000,0.037318,"0.037304;0.037286;0.037318;0.037382;0.037484",10.810545,92502.28,,4.63,0,3452,10,True,nid004439,56980331
SparseHNSW_a0.9_b5,"M=32 efC=200 ef=50 alpha=0.9 beta=5 q=u8",64,0.9206836616,0.9661,216.3350,0.8834,0.0000,0.037419,"0.037419;0.037360;0.037362;0.037455;0.037464",10.839803,92252.60,,4.63,0,3452,10,True,nid004439,56980331
SparseHNSW_a0.9_b5,"M=32 efC=200 ef=60 alpha=0.9 beta=5 q=u8",64,0.9323001159,0.9736,216.3350,0.8834,0.0000,0.043194,"0.043280;0.043194;0.043321;0.043073;0.043181",12.512746,79918.51,,4.63,0,3452,10,True,nid004439,56980331
SparseHNSW_a0.9_b5,"M=32 efC=200 ef=75 alpha=0.9 beta=5 q=u8",64,0.9464078795,0.9823,216.3350,0.8834,0.0000,0.052174,"0.052031;0.052174;0.052198;0.052054;0.052185",15.114137,66163.22,,4.63,0,3452,10,True,nid004439,56980331
SparseHNSW_a0.9_b5,"M=32 efC=200 ef=100 alpha=0.9 beta=5 q=u8",64,0.9580533024,0.9896,216.3350,0.8834,0.0000,0.066382,"0.065908;0.066382;0.065872;0.066490;0.066402",19.230012,52002.05,,4.63,0,3452,10,True,nid004439,56980331
