Model,Params,Threads,Recall,RR@10,IndexSec,LoadSec,ConvertSec,SearchSecMedian,SearchSecRuns,AmortizedUsPerQuery,QPS,LatencyUsSingleThread,PeakRSSGB,IndexBytes,NumQueries,K,ResultsOrdered,Host,JobID
SparseHNSW_a0.5_b1,"M=32 efC=200 ef=10 alpha=0.5 beta=1 q=u8",64,0.4831691773,0.4141,87.4372,2.9301,0.0000,0.005404,"0.006292;0.005985;0.005404;0.005201;0.005141",1.565469,638786.08,,4.18,0,3452,10,True,nid007111,56977211
SparseHNSW_a0.5_b1,"M=32 efC=200 ef=20 alpha=0.5 beta=1 q=u8",64,0.5457995365,0.4672,87.4372,2.9301,0.0000,0.009192,"0.009399;0.009255;0.009192;0.009145;0.009100",2.662804,375543.95,,4.18,0,3452,10,True,nid007111,56977211
SparseHNSW_a0.5_b1,"M=32 efC=200 ef=50 alpha=0.5 beta=1 q=u8",64,0.5930475087,0.5148,87.4372,2.9301,0.0000,0.019685,"0.019964;0.019727;0.019685;0.019601;0.019595",5.702491,175361.95,,4.18,0,3452,10,True,nid007111,56977211
SparseHNSW_a0.5_b1,"M=32 efC=200 ef=100 alpha=0.5 beta=1 q=u8",64,0.6095017381,0.5288,87.4372,2.9301,0.0000,0.035648,"0.035648;0.035721;0.035729;0.035590;0.035509",10.326767,96835.73,,4.18,0,3452,10,True,nid007111,56977211
SparseHNSW_a0.5_b1,"M=32 efC=200 ef=200 alpha=0.5 beta=1 q=u8",64,0.6214658169,0.5376,87.4372,2.9301,0.0000,0.065537,"0.065646;0.065537;0.065429;0.065538;0.065393",18.985226,52672.54,,4.18,0,3452,10,True,nid007111,56977211
SparseHNSW_a0.5_b1,"M=32 efC=200 ef=400 alpha=0.5 beta=1 q=u8",64,0.6277809965,0.5470,87.4372,2.9301,0.0000,0.121797,"0.121628;0.122350;0.121945;0.121797;0.121749",35.283024,28342.24,,4.18,0,3452,10,True,nid007111,56977211
SparseHNSW_a0.5_b1,"M=32 efC=200 ef=800 alpha=0.5 beta=1 q=u8",64,0.6301274623,0.5493,87.4372,2.9301,0.0000,0.232400,"0.232552;0.232400;0.232219;0.232031;0.232559",67.323291,14853.70,,4.18,0,3452,10,True,nid007111,56977211
SparseHNSW_a0.5_b1,"M=32 efC=200 ef=1600 alpha=0.5 beta=1 q=u8",64,0.6313441483,0.5512,87.4372,2.9301,0.0000,0.454164,"0.454132;0.454764;0.453678;0.454164;0.454426",131.565469,7600.78,,4.18,0,3452,10,True,nid007111,56977211
SparseHNSW_a0.5_b1,"M=32 efC=200 ef=3200 alpha=0.5 beta=1 q=u8",64,0.6325028969,0.5539,87.4372,2.9301,0.0000,0.879934,"0.879934;0.880518;0.880434;0.879744;0.879715",254.905562,3923.02,,4.18,0,3452,10,True,nid007111,56977211
SparseHNSW_a0.5_b2,"M=32 efC=200 ef=10 alpha=0.5 beta=2 q=u8",64,0.6759559676,0.8902,87.4372,2.9301,0.0000,0.010176,"0.010926;0.010317;0.010176;0.010045;0.010013",2.947856,339229.56,,4.18,0,3452,10,True,nid007111,56977211
SparseHNSW_a0.5_b2,"M=32 efC=200 ef=20 alpha=0.5 beta=2 q=u8",64,0.6759559676,0.8902,87.4372,2.9301,0.0000,0.009960,"0.009989;0.009972;0.009932;0.009850;0.009960",2.885284,346586.35,,4.18,0,3452,10,True,nid007111,56977211
SparseHNSW_a0.5_b2,"M=32 efC=200 ef=50 alpha=0.5 beta=2 q=u8",64,0.7368771727,0.9513,87.4372,2.9301,0.0000,0.020563,"0.020676;0.020560;0.020554;0.020623;0.020563",5.956837,167874.34,,4.18,0,3452,10,True,nid007111,56977211
SparseHNSW_a0.5_b2,"M=32 efC=200 ef=100 alpha=0.5 beta=2 q=u8",64,0.7593568946,0.9748,87.4372,2.9301,0.0000,0.036606,"0.036825;0.036656;0.036535;0.036563;0.036606",10.604287,94301.48,,4.18,0,3452,10,True,nid007111,56977211
SparseHNSW_a0.5_b2,"M=32 efC=200 ef=200 alpha=0.5 beta=2 q=u8",64,0.7749420626,0.9910,87.4372,2.9301,0.0000,0.066335,"0.066218;0.066347;0.066335;0.066286;0.066338",19.216396,52038.89,,4.18,0,3452,10,True,nid007111,56977211
SparseHNSW_a0.5_b2,"M=32 efC=200 ef=400 alpha=0.5 beta=2 q=u8",64,0.7832271147,0.9974,87.4372,2.9301,0.0000,0.122992,"0.123062;0.122771;0.122810;0.122992;0.123011",35.629200,28066.87,,4.18,0,3452,10,True,nid007111,56977211
SparseHNSW_a0.5_b2,"M=32 efC=200 ef=800 alpha=0.5 beta=2 q=u8",64,0.7866454229,0.9991,87.4372,2.9301,0.0000,0.233234,"0.233234;0.233300;0.233553;0.232801;0.233079",67.564890,14800.59,,4.18,0,3452,10,True,nid007111,56977211
SparseHNSW_a0.5_b2,"M=32 efC=200 ef=1600 alpha=0.5 beta=2 q=u8",64,0.7887601390,0.9994,87.4372,2.9301,0.0000,0.454752,"0.454666;0.454872;0.454752;0.454564;0.455228",131.735805,7590.95,,4.18,0,3452,10,True,nid007111,56977211
SparseHNSW_a0.5_b2,"M=32 efC=200 ef=3200 alpha=0.5 beta=2 q=u8",64,0.7904403244,0.9994,87.4372,2.9301,0.0000,0.880263,"0.879961;0.880263;0.880090;0.880288;0.881106",255.000869,3921.56,,4.18,0,3452,10,True,nid007111,56977211
SparseHNSW_a0.5_b3,"M=32 efC=200 ef=10 alpha=0.5 beta=3 q=u8",64,0.7579953650,0.9229,87.4372,2.9301,0.0000,0.014142,"0.014935;0.014225;0.014142;0.014067;0.014002",4.096756,244095.60,,4.18,0,3452,10,True,nid007111,56977211
SparseHNSW_a0.5_b3,"M=32 efC=200 ef=20 alpha=0.5 beta=3 q=u8",64,0.7579953650,0.9229,87.4372,2.9301,0.0000,0.013813,"0.013916;0.013789;0.013868;0.013813;0.013790",4.001448,249909.51,,4.18,0,3452,10,True,nid007111,56977211
SparseHNSW_a0.5_b3,"M=32 efC=200 ef=50 alpha=0.5 beta=3 q=u8",64,0.7905851680,0.9522,87.4372,2.9301,0.0000,0.020962,"0.021085;0.020962;0.020989;0.020777;0.020791",6.072422,164678.94,,4.18,0,3452,10,True,nid007111,56977211
SparseHNSW_a0.5_b3,"M=32 efC=200 ef=100 alpha=0.5 beta=3 q=u8",64,0.8147450753,0.9754,87.4372,2.9301,0.0000,0.036913,"0.036913;0.037026;0.037037;0.036730;0.036820",10.693221,93517.19,,4.18,0,3452,10,True,nid007111,56977211
SparseHNSW_a0.5_b3,"M=32 efC=200 ef=200 alpha=0.5 beta=3 q=u8",64,0.8319524913,0.9913,87.4372,2.9301,0.0000,0.066779,"0.066779;0.066719;0.066665;0.066916;0.066966",19.345017,51692.90,,4.18,0,3452,10,True,nid007111,56977211
SparseHNSW_a0.5_b3,"M=32 efC=200 ef=400 alpha=0.5 beta=3 q=u8",64,0.8415121669,0.9977,87.4372,2.9301,0.0000,0.123181,"0.123181;0.123227;0.123259;0.122946;0.123003",35.683951,28023.80,,4.18,0,3452,10,True,nid007111,56977211
SparseHNSW_a0.5_b3,"M=32 efC=200 ef=800 alpha=0.5 beta=3 q=u8",64,0.8452780997,0.9994,87.4372,2.9301,0.0000,0.233483,"0.233790;0.233483;0.233209;0.233549;0.233161",67.637022,14784.80,,4.18,0,3452,10,True,nid007111,56977211
SparseHNSW_a0.5_b3,"M=32 efC=200 ef=1600 alpha=0.5 beta=3 q=u8",64,0.8477983778,0.9997,87.4372,2.9301,0.0000,0.455364,"0.455364;0.455211;0.454959;0.455880;0.455843",131.913094,7580.75,,4.18,0,3452,10,True,nid007111,56977211
SparseHNSW_a0.5_b3,"M=32 efC=200 ef=3200 alpha=0.5 beta=3 q=u8",64,0.8492757822,0.9997,87.4372,2.9301,0.0000,0.880444,"0.880682;0.880783;0.879493;0.880444;0.880390",255.053302,3920.75,,4.18,0,3452,10,True,nid007111,56977211
SparseHNSW_a0.5_b4,"M=32 efC=200 ef=10 alpha=0.5 beta=4 q=u8",64,0.8071263036,0.9432,87.4372,2.9301,0.0000,0.017922,"0.018960;0.018125;0.017898;0.017922;0.017889",5.191773,192612.43,,4.18,0,3452,10,True,nid007111,56977211
SparseHNSW_a0.5_b4,"M=32 efC=200 ef=20 alpha=0.5 beta=4 q=u8",64,0.8071263036,0.9432,87.4372,2.9301,0.0000,0.017607,"0.017800;0.017650;0.017579;0.017607;0.017547",5.100521,196058.39,,4.18,0,3452,10,True,nid007111,56977211
SparseHNSW_a0.5_b4,"M=32 efC=200 ef=50 alpha=0.5 beta=4 q=u8",64,0.8196118192,0.9525,87.4372,2.9301,0.0000,0.021153,"0.021153;0.021158;0.021008;0.021095;0.021181",6.127752,163191.98,,4.18,0,3452,10,True,nid007111,56977211
SparseHNSW_a0.5_b4,"M=32 efC=200 ef=100 alpha=0.5 beta=4 q=u8",64,0.8461181924,0.9757,87.4372,2.9301,0.0000,0.037262,"0.037352;0.037257;0.037246;0.037341;0.037262",10.794322,92641.30,,4.18,0,3452,10,True,nid007111,56977211
SparseHNSW_a0.5_b4,"M=32 efC=200 ef=200 alpha=0.5 beta=4 q=u8",64,0.8641946698,0.9916,87.4372,2.9301,0.0000,0.067017,"0.067017;0.067031;0.067108;0.066940;0.066949",19.413963,51509.32,,4.18,0,3452,10,True,nid007111,56977211
SparseHNSW_a0.5_b4,"M=32 efC=200 ef=400 alpha=0.5 beta=4 q=u8",64,0.8741019699,0.9980,87.4372,2.9301,0.0000,0.123468,"0.123468;0.123797;0.123676;0.123383;0.123360",35.767092,27958.66,,4.18,0,3452,10,True,nid007111,56977211
SparseHNSW_a0.5_b4,"M=32 efC=200 ef=800 alpha=0.5 beta=4 q=u8",64,0.8780706837,0.9997,87.4372,2.9301,0.0000,0.233580,"0.233482;0.233363;0.233580;0.233632;0.234057",67.665122,14778.66,,4.18,0,3452,10,True,nid007111,56977211
SparseHNSW_a0.5_b4,"M=32 efC=200 ef=1600 alpha=0.5 beta=4 q=u8",64,0.8807358053,1.0000,87.4372,2.9301,0.0000,0.455625,"0.455793;0.455510;0.456268;0.455625;0.455432",131.988702,7576.41,,4.18,0,3452,10,True,nid007111,56977211
SparseHNSW_a0.5_b4,"M=32 efC=200 ef=3200 alpha=0.5 beta=4 q=u8",64,0.8825608343,1.0000,87.4372,2.9301,0.0000,0.881532,"0.881156;0.881677;0.881532;0.882157;0.880366",255.368482,3915.91,,4.18,0,3452,10,True,nid007111,56977211
SparseHNSW_a0.5_b5,"M=32 efC=200 ef=10 alpha=0.5 beta=5 q=u8",64,0.8356604867,0.9528,87.4372,2.9301,0.0000,0.021777,"0.022616;0.022062;0.021732;0.021777;0.021699",6.308517,158515.87,,4.18,0,3452,10,True,nid007111,56977211
SparseHNSW_a0.5_b5,"M=32 efC=200 ef=20 alpha=0.5 beta=5 q=u8",64,0.8356604867,0.9528,87.4372,2.9301,0.0000,0.021541,"0.021548;0.021536;0.021541;0.021544;0.021537",6.240151,160252.54,,4.18,0,3452,10,True,nid007111,56977211
SparseHNSW_a0.5_b5,"M=32 efC=200 ef=50 alpha=0.5 beta=5 q=u8",64,0.8356604867,0.9528,87.4372,2.9301,0.0000,0.021556,"0.021579;0.021654;0.021447;0.021535;0.021556",6.244496,160141.03,,4.18,0,3452,10,True,nid007111,56977211
SparseHNSW_a0.5_b5,"M=32 efC=200 ef=100 alpha=0.5 beta=5 q=u8",64,0.8632676709,0.9757,87.4372,2.9301,0.0000,0.037687,"0.037911;0.037637;0.037687;0.037726;0.037510",10.917439,91596.57,,4.18,0,3452,10,True,nid007111,56977211
SparseHNSW_a0.5_b5,"M=32 efC=200 ef=200 alpha=0.5 beta=5 q=u8",64,0.8818655852,0.9916,87.4372,2.9301,0.0000,0.067328,"0.067321;0.067328;0.067428;0.067276;0.067533",19.504056,51271.39,,4.18,0,3452,10,True,nid007111,56977211
SparseHNSW_a0.5_b5,"M=32 efC=200 ef=400 alpha=0.5 beta=5 q=u8",64,0.8918597914,0.9983,87.4372,2.9301,0.0000,0.124255,"0.124303;0.124028;0.124255;0.124222;0.124455",35.995075,27781.58,,4.18,0,3452,10,True,nid007111,56977211
SparseHNSW_a0.5_b5,"M=32 efC=200 ef=800 alpha=0.5 beta=5 q=u8",64,0.8962340672,0.9997,87.4372,2.9301,0.0000,0.234255,"0.234142;0.234230;0.234534;0.234255;0.234491",67.860660,14736.08,,4.18,0,3452,10,True,nid007111,56977211
SparseHNSW_a0.5_b5,"M=32 efC=200 ef=1600 alpha=0.5 beta=5 q=u8",64,0.8991888760,1.0000,87.4372,2.9301,0.0000,0.456212,"0.455462;0.455886;0.456212;0.456355;0.456918",132.158749,7566.66,,4.18,0,3452,10,True,nid007111,56977211
SparseHNSW_a0.5_b5,"M=32 efC=200 ef=3200 alpha=0.5 beta=5 q=u8",64,0.9011877173,1.0000,87.4372,2.9301,0.0000,0.881602,"0.881602;0.881430;0.881619;0.881329;0.881793",255.388760,3915.60,,4.18,0,3452,10,True,nid007111,56977211
SparseHNSW_a0.5_b6,"M=32 efC=200 ef=10 alpha=0.5 beta=6 q=u8",64,0.8567786790,0.9597,87.4372,2.9301,0.0000,0.025517,"0.026668;0.025903;0.025385;0.025517;0.025422",7.391947,135282.36,,4.18,0,3452,10,True,nid007111,56977211
SparseHNSW_a0.5_b6,"M=32 efC=200 ef=20 alpha=0.5 beta=6 q=u8",64,0.8567786790,0.9597,87.4372,2.9301,0.0000,0.025312,"0.025441;0.025312;0.025243;0.025433;0.025263",7.332561,136378.00,,4.18,0,3452,10,True,nid007111,56977211
SparseHNSW_a0.5_b6,"M=32 efC=200 ef=50 alpha=0.5 beta=6 q=u8",64,0.8567786790,0.9597,87.4372,2.9301,0.0000,0.025264,"0.025264;0.025155;0.025349;0.025336;0.025160",7.318656,136637.11,,4.18,0,3452,10,True,nid007111,56977211
SparseHNSW_a0.5_b6,"M=32 efC=200 ef=100 alpha=0.5 beta=6 q=u8",64,0.8761587486,0.9757,87.4372,2.9301,0.0000,0.038090,"0.038026;0.037963;0.038193;0.038090;0.038269",11.034183,90627.46,,4.18,0,3452,10,True,nid007111,56977211
SparseHNSW_a0.5_b6,"M=32 efC=200 ef=200 alpha=0.5 beta=6 q=u8",64,0.8962630359,0.9916,87.4372,2.9301,0.0000,0.067757,"0.067837;0.067757;0.067727;0.067900;0.067690",19.628331,50946.77,,4.18,0,3452,10,True,nid007111,56977211
SparseHNSW_a0.5_b6,"M=32 efC=200 ef=400 alpha=0.5 beta=6 q=u8",64,0.9065179606,0.9983,87.4372,2.9301,0.0000,0.124030,"0.124030;0.123936;0.124212;0.123877;0.124251",35.929896,27831.98,,4.18,0,3452,10,True,nid007111,56977211
SparseHNSW_a0.5_b6,"M=32 efC=200 ef=800 alpha=0.5 beta=6 q=u8",64,0.9112977984,0.9997,87.4372,2.9301,0.0000,0.234390,"0.234660;0.234390;0.234139;0.234446;0.234320",67.899768,14727.59,,4.18,0,3452,10,True,nid007111,56977211
SparseHNSW_a0.5_b6,"M=32 efC=200 ef=1600 alpha=0.5 beta=6 q=u8",64,0.9145422943,1.0000,87.4372,2.9301,0.0000,0.456216,"0.456759;0.455701;0.456199;0.456216;0.456610",132.159907,7566.59,,4.18,0,3452,10,True,nid007111,56977211
SparseHNSW_a0.5_b6,"M=32 efC=200 ef=3200 alpha=0.5 beta=6 q=u8",64,0.9166570104,1.0000,87.4372,2.9301,0.0000,0.880929,"0.880329;0.881114;0.881308;0.880929;0.880277",255.193801,3918.59,,4.18,0,3452,10,True,nid007111,56977211
SparseHNSW_a0.5_b7,"M=32 efC=200 ef=10 alpha=0.5 beta=7 q=u8",64,0.8728273465,0.9655,87.4372,2.9301,0.0000,0.029173,"0.029536;0.029320;0.029137;0.029146;0.029173",8.451043,118328.59,,4.18,0,3452,10,True,nid007111,56977211
SparseHNSW_a0.5_b7,"M=32 efC=200 ef=20 alpha=0.5 beta=7 q=u8",64,0.8728273465,0.9655,87.4372,2.9301,0.0000,0.028857,"0.028857;0.028787;0.028867;0.029363;0.028801",8.359502,119624.35,,4.18,0,3452,10,True,nid007111,56977211
SparseHNSW_a0.5_b7,"M=32 efC=200 ef=50 alpha=0.5 beta=7 q=u8",64,0.8728273465,0.9655,87.4372,2.9301,0.0000,0.029029,"0.029123;0.028666;0.029038;0.028709;0.029029",8.409328,118915.57,,4.18,0,3452,10,True,nid007111,56977211
SparseHNSW_a0.5_b7,"M=32 efC=200 ef=100 alpha=0.5 beta=7 q=u8",64,0.8850811124,0.9757,87.4372,2.9301,0.0000,0.038393,"0.038275;0.038261;0.038505;0.038447;0.038393",11.121958,89912.22,,4.18,0,3452,10,True,nid007111,56977211
SparseHNSW_a0.5_b7,"M=32 efC=200 ef=200 alpha=0.5 beta=7 q=u8",64,0.9058516802,0.9916,87.4372,2.9301,0.0000,0.068082,"0.067828;0.068219;0.068082;0.068127;0.068039",19.722480,50703.56,,4.18,0,3452,10,True,nid007111,56977211
SparseHNSW_a0.5_b7,"M=32 efC=200 ef=400 alpha=0.5 beta=7 q=u8",64,0.9165121669,0.9983,87.4372,2.9301,0.0000,0.124286,"0.124079;0.124315;0.124286;0.124204;0.124344",36.004056,27774.65,,4.18,0,3452,10,True,nid007111,56977211
SparseHNSW_a0.5_b7,"M=32 efC=200 ef=800 alpha=0.5 beta=7 q=u8",64,0.9215237543,0.9997,87.4372,2.9301,0.0000,0.234722,"0.234485;0.234854;0.234614;0.234722;0.234832",67.995944,14706.76,,4.18,0,3452,10,True,nid007111,56977211
SparseHNSW_a0.5_b7,"M=32 efC=200 ef=1600 alpha=0.5 beta=7 q=u8",64,0.9246813441,1.0000,87.4372,2.9301,0.0000,0.456666,"0.456074;0.456666;0.456754;0.457028;0.456168",132.290267,7559.14,,4.18,0,3452,10,True,nid007111,56977211
SparseHNSW_a0.5_b7,"M=32 efC=200 ef=3200 alpha=0.5 beta=7 q=u8",64,0.9268829664,1.0000,87.4372,2.9301,0.0000,0.881563,"0.881081;0.881482;0.881563;0.883052;0.882047",255.377462,3915.77,,4.18,0,3452,10,True,nid007111,56977211
SparseHNSW_a0.5_b8,"M=32 efC=200 ef=10 alpha=0.5 beta=8 q=u8",64,0.8840961761,0.9696,87.4372,2.9301,0.0000,0.032378,"0.033357;0.032635;0.032304;0.032322;0.032378",9.379490,106615.60,,4.18,0,3452,10,True,nid007111,56977211
SparseHNSW_a0.5_b8,"M=32 efC=200 ef=20 alpha=0.5 beta=8 q=u8",64,0.8840961761,0.9696,87.4372,2.9301,0.0000,0.032492,"0.032397;0.032421;0.032492;0.032596;0.032686",9.412514,106241.54,,4.18,0,3452,10,True,nid007111,56977211
SparseHNSW_a0.5_b8,"M=32 efC=200 ef=50 alpha=0.5 beta=8 q=u8",64,0.8840961761,0.9696,87.4372,2.9301,0.0000,0.032578,"0.032578;0.032470;0.032677;0.032675;0.032478",9.437428,105961.08,,4.18,0,3452,10,True,nid007111,56977211
SparseHNSW_a0.5_b8,"M=32 efC=200 ef=100 alpha=0.5 beta=8 q=u8",64,0.8918597914,0.9760,87.4372,2.9301,0.0000,0.038814,"0.038713;0.038844;0.038754;0.038945;0.038814",11.243917,88936.98,,4.18,0,3452,10,True,nid007111,56977211
SparseHNSW_a0.5_b8,"M=32 efC=200 ef=200 alpha=0.5 beta=8 q=u8",64,0.9126013905,0.9916,87.4372,2.9301,0.0000,0.068408,"0.068436;0.068414;0.068408;0.068407;0.068316",19.816918,50461.93,,4.18,0,3452,10,True,nid007111,56977211
SparseHNSW_a0.5_b8,"M=32 efC=200 ef=400 alpha=0.5 beta=8 q=u8",64,0.9238122827,0.9983,87.4372,2.9301,0.0000,0.124742,"0.124742;0.124558;0.124748;0.124944;0.124531",36.136153,27673.12,,4.18,0,3452,10,True,nid007111,56977211
SparseHNSW_a0.5_b8,"M=32 efC=200 ef=800 alpha=0.5 beta=8 q=u8",64,0.9287079954,0.9997,87.4372,2.9301,0.0000,0.234948,"0.235292;0.235003;0.234794;0.234948;0.234690",68.061414,14692.61,,4.18,0,3452,10,True,nid007111,56977211
SparseHNSW_a0.5_b8,"M=32 efC=200 ef=1600 alpha=0.5 beta=8 q=u8",64,0.9319235226,1.0000,87.4372,2.9301,0.0000,0.456968,"0.456878;0.456844;0.457675;0.458066;0.456968",132.377752,7554.14,,4.18,0,3452,10,True,nid007111,56977211
SparseHNSW_a0.5_b8,"M=32 efC=200 ef=3200 alpha=0.5 beta=8 q=u8",64,0.9343279258,1.0000,87.4372,2.9301,0.0000,0.882089,"0.881065;0.882089;0.881972;0.882134;0.882220",255.529838,3913.44,,4.18,0,3452,10,True,nid007111,56977211
SparseHNSW_a0.6_b1,"M=32 efC=200 ef=10 alpha=0.6 beta=1 q=u8",64,0.5676998841,0.4751,110.6840,1.0376,0.0000,0.006182,"0.007246;0.006823;0.006182;0.005989;0.005946",1.790846,558395.34,,4.25,0,3452,10,True,nid007111,56977211
SparseHNSW_a0.6_b1,"M=32 efC=200 ef=20 alpha=0.6 beta=1 q=u8",64,0.6327636153,0.5291,110.6840,1.0376,0.0000,0.010444,"0.010581;0.010532;0.010444;0.010302;0.010328",3.025492,330524.70,,4.25,0,3452,10,True,nid007111,56977211
SparseHNSW_a0.6_b1,"M=32 efC=200 ef=50 alpha=0.6 beta=1 q=u8",64,0.6790845886,0.5656,110.6840,1.0376,0.0000,0.021904,"0.022467;0.022070;0.021904;0.021897;0.021883",6.345307,157596.79,,4.25,0,3452,10,True,nid007111,56977211
SparseHNSW_a0.6_b1,"M=32 efC=200 ef=100 alpha=0.6 beta=1 q=u8",64,0.7019698725,0.5903,110.6840,1.0376,0.0000,0.040503,"0.040573;0.040425;0.040127;0.040503;0.040532",11.733198,85228.25,,4.25,0,3452,10,True,nid007111,56977211
SparseHNSW_a0.6_b1,"M=32 efC=200 ef=200 alpha=0.6 beta=1 q=u8",64,0.7121668598,0.5991,110.6840,1.0376,0.0000,0.074559,"0.074479;0.074527;0.074846;0.074589;0.074559",21.598783,46298.90,,4.25,0,3452,10,True,nid007111,56977211
SparseHNSW_a0.6_b1,"M=32 efC=200 ef=400 alpha=0.6 beta=1 q=u8",64,0.7169177289,0.6040,110.6840,1.0376,0.0000,0.139331,"0.139088;0.139361;0.139331;0.139248;0.139451",40.362399,24775.53,,4.25,0,3452,10,True,nid007111,56977211
SparseHNSW_a0.6_b1,"M=32 efC=200 ef=800 alpha=0.6 beta=1 q=u8",64,0.7193221321,0.6060,110.6840,1.0376,0.0000,0.264909,"0.264408;0.264503;0.264909;0.265015;0.264934",76.740730,13030.89,,4.25,0,3452,10,True,nid007111,56977211
SparseHNSW_a0.6_b1,"M=32 efC=200 ef=1600 alpha=0.6 beta=1 q=u8",64,0.7206836616,0.6097,110.6840,1.0376,0.0000,0.512964,"0.513470;0.512681;0.512222;0.512964;0.513204",148.599073,6729.52,,4.25,0,3452,10,True,nid007111,56977211
SparseHNSW_a0.6_b1,"M=32 efC=200 ef=3200 alpha=0.6 beta=1 q=u8",64,0.7213789108,0.6095,110.6840,1.0376,0.0000,0.977254,"0.978552;0.976833;0.977187;0.977874;0.977254",283.097914,3532.35,,4.25,0,3452,10,True,nid007111,56977211
SparseHNSW_a0.6_b2,"M=32 efC=200 ef=10 alpha=0.6 beta=2 q=u8",64,0.7580822711,0.9125,110.6840,1.0376,0.0000,0.011294,"0.012088;0.011501;0.011294;0.011250;0.011220",3.271727,305649.02,,4.25,0,3452,10,True,nid007111,56977211
SparseHNSW_a0.6_b2,"M=32 efC=200 ef=20 alpha=0.6 beta=2 q=u8",64,0.7580822711,0.9125,110.6840,1.0376,0.0000,0.011178,"0.011178;0.011196;0.011185;0.011143;0.011133",3.238123,308820.90,,4.25,0,3452,10,True,nid007111,56977211
SparseHNSW_a0.6_b2,"M=32 efC=200 ef=50 alpha=0.6 beta=2 q=u8",64,0.8202201622,0.9626,110.6840,1.0376,0.0000,0.022893,"0.023125;0.022999;0.022893;0.022804;0.022628",6.631808,150788.45,,4.25,0,3452,10,True,nid007111,56977211
SparseHNSW_a0.6_b2,"M=32 efC=200 ef=100 alpha=0.6 beta=2 q=u8",64,0.8491888760,0.9870,110.6840,1.0376,0.0000,0.041484,"0.041660;0.041323;0.041385;0.041484;0.041491",12.017381,83212.80,,4.25,0,3452,10,True,nid007111,56977211
SparseHNSW_a0.6_b2,"M=32 efC=200 ef=200 alpha=0.6 beta=2 q=u8",64,0.8628331402,0.9962,110.6840,1.0376,0.0000,0.075577,"0.075577;0.075537;0.075728;0.075280;0.075743",21.893685,45675.27,,4.25,0,3452,10,True,nid007111,56977211
SparseHNSW_a0.6_b2,"M=32 efC=200 ef=400 alpha=0.6 beta=2 q=u8",64,0.8686848204,0.9994,110.6840,1.0376,0.0000,0.139957,"0.139985;0.139918;0.139957;0.139828;0.140118",40.543743,24664.72,,4.25,0,3452,10,True,nid007111,56977211
SparseHNSW_a0.6_b2,"M=32 efC=200 ef=800 alpha=0.6 beta=2 q=u8",64,0.8716396292,1.0000,110.6840,1.0376,0.0000,0.265808,"0.265686;0.265808;0.265922;0.265743;0.266020",77.001159,12986.82,,4.25,0,3452,10,True,nid007111,56977211
SparseHNSW_a0.6_b2,"M=32 efC=200 ef=1600 alpha=0.6 beta=2 q=u8",64,0.8737543453,1.0000,110.6840,1.0376,0.0000,0.513953,"0.514571;0.513350;0.514259;0.513953;0.513589",148.885574,6716.57,,4.25,0,3452,10,True,nid007111,56977211
SparseHNSW_a0.6_b2,"M=32 efC=200 ef=3200 alpha=0.6 beta=2 q=u8",64,0.8752027810,1.0000,110.6840,1.0376,0.0000,0.977730,"0.978389;0.977730;0.977893;0.977144;0.976786",283.235805,3530.63,,4.25,0,3452,10,True,nid007111,56977211
SparseHNSW_a0.6_b3,"M=32 efC=200 ef=10 alpha=0.6 beta=3 q=u8",64,0.8303012746,0.9409,110.6840,1.0376,0.0000,0.015736,"0.016705;0.016032;0.015736;0.015571;0.015666",4.558517,219369.60,,4.25,0,3452,10,True,nid007111,56977211
SparseHNSW_a0.6_b3,"M=32 efC=200 ef=20 alpha=0.6 beta=3 q=u8",64,0.8303012746,0.9409,110.6840,1.0376,0.0000,0.015476,"0.015478;0.015466;0.015506;0.015476;0.015368",4.483198,223055.05,,4.25,0,3452,10,True,nid007111,56977211
SparseHNSW_a0.6_b3,"M=32 efC=200 ef=50 alpha=0.6 beta=3 q=u8",64,0.8599362688,0.9626,110.6840,1.0376,0.0000,0.023207,"0.023266;0.023227;0.023207;0.023145;0.022991",6.722769,148748.22,,4.25,0,3452,10,True,nid007111,56977211
SparseHNSW_a0.6_b3,"M=32 efC=200 ef=100 alpha=0.6 beta=3 q=u8",64,0.8912804171,0.9873,110.6840,1.0376,0.0000,0.041775,"0.041775;0.041836;0.041710;0.041917;0.041645",12.101680,82633.15,,4.25,0,3452,10,True,nid007111,56977211
SparseHNSW_a0.6_b3,"M=32 efC=200 ef=200 alpha=0.6 beta=3 q=u8",64,0.9062282735,0.9965,110.6840,1.0376,0.0000,0.075974,"0.075700;0.075974;0.076036;0.075933;0.075978",22.008691,45436.60,,4.25,0,3452,10,True,nid007111,56977211
SparseHNSW_a0.6_b3,"M=32 efC=200 ef=400 alpha=0.6 beta=3 q=u8",64,0.9128041715,0.9994,110.6840,1.0376,0.0000,0.140299,"0.140299;0.140441;0.140041;0.140439;0.140247",40.642816,24604.59,,4.25,0,3452,10,True,nid007111,56977211
SparseHNSW_a0.6_b3,"M=32 efC=200 ef=800 alpha=0.6 beta=3 q=u8",64,0.9162804171,1.0000,110.6840,1.0376,0.0000,0.266057,"0.265971;0.266057;0.265779;0.266845;0.266149",77.073291,12974.66,,4.25,0,3452,10,True,nid007111,56977211
SparseHNSW_a0.6_b3,"M=32 efC=200 ef=1600 alpha=0.6 beta=3 q=u8",64,0.9187427578,1.0000,110.6840,1.0376,0.0000,0.514008,"0.514008;0.513708;0.514187;0.514359;0.512996",148.901506,6715.85,,4.25,0,3452,10,True,nid007111,56977211
SparseHNSW_a0.6_b3,"M=32 efC=200 ef=3200 alpha=0.6 beta=3 q=u8",64,0.9204519119,1.0000,110.6840,1.0376,0.0000,0.978737,"0.979177;0.978239;0.978031;0.979058;0.978737",283.527520,3526.99,,4.26,0,3452,10,True,nid007111,56977211
SparseHNSW_a0.6_b4,"M=32 efC=200 ef=10 alpha=0.6 beta=4 q=u8",64,0.8646002317,0.9545,110.6840,1.0376,0.0000,0.019814,"0.020937;0.020092;0.019814;0.019810;0.019704",5.739861,174220.25,,4.26,0,3452,10,True,nid007111,56977211
SparseHNSW_a0.6_b4,"M=32 efC=200 ef=20 alpha=0.6 beta=4 q=u8",64,0.8646002317,0.9545,110.6840,1.0376,0.0000,0.019630,"0.019682;0.019636;0.019537;0.019597;0.019630",5.686559,175853.29,,4.26,0,3452,10,True,nid007111,56977211
SparseHNSW_a0.6_b4,"M=32 efC=200 ef=50 alpha=0.6 beta=4 q=u8",64,0.8779548088,0.9626,110.6840,1.0376,0.0000,0.023458,"0.023451;0.023594;0.023468;0.023458;0.023385",6.795481,147156.62,,4.26,0,3452,10,True,nid007111,56977211
SparseHNSW_a0.6_b4,"M=32 efC=200 ef=100 alpha=0.6 beta=4 q=u8",64,0.9116454229,0.9873,110.6840,1.0376,0.0000,0.042165,"0.042191;0.042227;0.042051;0.042107;0.042165",12.214658,81868.85,,4.26,0,3452,10,True,nid007111,56977211
SparseHNSW_a0.6_b4,"M=32 efC=200 ef=200 alpha=0.6 beta=4 q=u8",64,0.9272885284,0.9965,110.6840,1.0376,0.0000,0.076275,"0.075993;0.076275;0.076278;0.076116;0.076343",22.095886,45257.29,,4.26,0,3452,10,True,nid007111,56977211
SparseHNSW_a0.6_b4,"M=32 efC=200 ef=400 alpha=0.6 beta=4 q=u8",64,0.9344727694,0.9994,110.6840,1.0376,0.0000,0.140412,"0.140471;0.140676;0.140412;0.140402;0.140335",40.675550,24584.79,,4.26,0,3452,10,True,nid007111,56977211
SparseHNSW_a0.6_b4,"M=32 efC=200 ef=800 alpha=0.6 beta=4 q=u8",64,0.9382097335,1.0000,110.6840,1.0376,0.0000,0.266335,"0.266048;0.266393;0.266335;0.267055;0.266308",77.153824,12961.12,,4.26,0,3452,10,True,nid007111,56977211
SparseHNSW_a0.6_b4,"M=32 efC=200 ef=1600 alpha=0.6 beta=4 q=u8",64,0.9410776362,1.0000,110.6840,1.0376,0.0000,0.514896,"0.514909;0.514642;0.514634;0.514896;0.515122",149.158749,6704.27,,4.26,0,3452,10,True,nid007111,56977211
SparseHNSW_a0.6_b4,"M=32 efC=200 ef=3200 alpha=0.6 beta=4 q=u8",64,0.9428736964,1.0000,110.6840,1.0376,0.0000,0.978986,"0.978986;0.980170;0.979572;0.977019;0.978103",283.599652,3526.10,,4.26,0,3452,10,True,nid007111,56977211
SparseHNSW_a0.6_b5,"M=32 efC=200 ef=10 alpha=0.6 beta=5 q=u8",64,0.8881228273,0.9626,110.6840,1.0376,0.0000,0.024221,"0.024875;0.024431;0.024221;0.024010;0.024121",7.016512,142520.95,,4.26,0,3452,10,True,nid007111,56977211
SparseHNSW_a0.6_b5,"M=32 efC=200 ef=20 alpha=0.6 beta=5 q=u8",64,0.8881228273,0.9626,110.6840,1.0376,0.0000,0.023976,"0.023976;0.024006;0.024046;0.023896;0.023944",6.945539,143977.31,,4.26,0,3452,10,True,nid007111,56977211
SparseHNSW_a0.6_b5,"M=32 efC=200 ef=50 alpha=0.6 beta=5 q=u8",64,0.8881228273,0.9626,110.6840,1.0376,0.0000,0.023831,"0.024023;0.023750;0.023832;0.023831;0.023782",6.903534,144853.34,,4.26,0,3452,10,True,nid007111,56977211
SparseHNSW_a0.6_b5,"M=32 efC=200 ef=100 alpha=0.6 beta=5 q=u8",64,0.9223928158,0.9873,110.6840,1.0376,0.0000,0.042486,"0.042486;0.042531;0.042417;0.042564;0.042344",12.307648,81250.29,,4.26,0,3452,10,True,nid007111,56977211
SparseHNSW_a0.6_b5,"M=32 efC=200 ef=200 alpha=0.6 beta=5 q=u8",64,0.9387891078,0.9965,110.6840,1.0376,0.0000,0.076448,"0.076451;0.076303;0.076440;0.076542;0.076448",22.146002,45154.88,,4.26,0,3452,10,True,nid007111,56977211
SparseHNSW_a0.6_b5,"M=32 efC=200 ef=400 alpha=0.6 beta=5 q=u8",64,0.9464368482,0.9994,110.6840,1.0376,0.0000,0.141154,"0.141185;0.140938;0.140920;0.141387;0.141154",40.890498,24455.56,,4.26,0,3452,10,True,nid007111,56977211
SparseHNSW_a0.6_b5,"M=32 efC=200 ef=800 alpha=0.6 beta=5 q=u8",64,0.9504924681,1.0000,110.6840,1.0376,0.0000,0.267081,"0.266973;0.267393;0.266606;0.267267;0.267081",77.369930,12924.92,,4.26,0,3452,10,True,nid007111,56977211
SparseHNSW_a0.6_b5,"M=32 efC=200 ef=1600 alpha=0.6 beta=5 q=u8",64,0.9532155272,1.0000,110.6840,1.0376,0.0000,0.514777,"0.514777;0.514651;0.515224;0.515349;0.514155",149.124276,6705.82,,4.26,0,3452,10,True,nid007111,56977211
SparseHNSW_a0.6_b5,"M=32 efC=200 ef=3200 alpha=0.6 beta=5 q=u8",64,0.9552143685,1.0000,110.6840,1.0376,0.0000,0.978539,"0.977457;0.979037;0.977626;0.978539;0.978651",283.470162,3527.71,,4.26,0,3452,10,True,nid007111,56977211
SparseHNSW_a0.6_b6,"M=32 efC=200 ef=10 alpha=0.6 beta=6 q=u8",64,0.9058227115,0.9713,110.6840,1.0376,0.0000,0.028448,"0.029593;0.028624;0.028448;0.028206;0.028018",8.241020,121344.21,,4.26,0,3452,10,True,nid007111,56977211
SparseHNSW_a0.6_b6,"M=32 efC=200 ef=20 alpha=0.6 beta=6 q=u8",64,0.9058227115,0.9713,110.6840,1.0376,0.0000,0.027958,"0.028147;0.028063;0.027953;0.027958;0.027957",8.099073,123470.92,,4.26,0,3452,10,True,nid007111,56977211
SparseHNSW_a0.6_b6,"M=32 efC=200 ef=50 alpha=0.6 beta=6 q=u8",64,0.9058227115,0.9713,110.6840,1.0376,0.0000,0.027925,"0.027925;0.028005;0.027803;0.027948;0.027749",8.089513,123616.83,,4.26,0,3452,10,True,nid007111,56977211
SparseHNSW_a0.6_b6,"M=32 efC=200 ef=100 alpha=0.6 beta=6 q=u8",64,0.9293742758,0.9873,110.6840,1.0376,0.0000,0.042698,"0.042598;0.042648;0.042726;0.042698;0.042855",12.369061,80846.88,,4.26,0,3452,10,True,nid007111,56977211
SparseHNSW_a0.6_b6,"M=32 efC=200 ef=200 alpha=0.6 beta=6 q=u8",64,0.9460023175,0.9965,110.6840,1.0376,0.0000,0.076799,"0.076790;0.076799;0.076650;0.077004;0.076818",22.247683,44948.50,,4.26,0,3452,10,True,nid007111,56977211
SparseHNSW_a0.6_b6,"M=32 efC=200 ef=400 alpha=0.6 beta=6 q=u8",64,0.9538528389,0.9994,110.6840,1.0376,0.0000,0.141247,"0.141208;0.141290;0.141247;0.141278;0.141113",40.917439,24439.46,,4.26,0,3452,10,True,nid007111,56977211
SparseHNSW_a0.6_b6,"M=32 efC=200 ef=800 alpha=0.6 beta=6 q=u8",64,0.9581112399,1.0000,110.6840,1.0376,0.0000,0.266633,"0.266555;0.266633;0.267364;0.266573;0.267119",77.240151,12946.63,,4.26,0,3452,10,True,nid007111,56977211
SparseHNSW_a0.6_b6,"M=32 efC=200 ef=1600 alpha=0.6 beta=6 q=u8",64,0.9611239861,1.0000,110.6840,1.0376,0.0000,0.515046,"0.515046;0.514828;0.515587;0.515903;0.514438",149.202202,6702.31,,4.26,0,3452,10,True,nid007111,56977211
SparseHNSW_a0.6_b6,"M=32 efC=200 ef=3200 alpha=0.6 beta=6 q=u8",64,0.9630938586,1.0000,110.6840,1.0376,0.0000,0.978555,"0.977359;0.978110;0.978888;0.978555;0.980441",283.474797,3527.65,,4.26,0,3452,10,True,nid007111,56977211
SparseHNSW_a0.6_b7,"M=32 efC=200 ef=10 alpha=0.6 beta=7 q=u8",64,0.9180475087,0.9765,110.6840,1.0376,0.0000,0.032411,"0.032824;0.032537;0.032411;0.032199;0.032301",9.389050,106507.05,,4.26,0,3452,10,True,nid007111,56977211
SparseHNSW_a0.6_b7,"M=32 efC=200 ef=20 alpha=0.6 beta=7 q=u8",64,0.9180475087,0.9765,110.6840,1.0376,0.0000,0.032045,"0.032192;0.032090;0.031900;0.032045;0.032007",9.283024,107723.51,,4.26,0,3452,10,True,nid007111,56977211
SparseHNSW_a0.6_b7,"M=32 efC=200 ef=50 alpha=0.6 beta=7 q=u8",64,0.9180475087,0.9765,110.6840,1.0376,0.0000,0.031987,"0.031897;0.031987;0.031897;0.032201;0.032136",9.266222,107918.84,,4.26,0,3452,10,True,nid007111,56977211
SparseHNSW_a0.6_b7,"M=32 efC=200 ef=100 alpha=0.6 beta=7 q=u8",64,0.9344727694,0.9873,110.6840,1.0376,0.0000,0.043141,"0.043259;0.043127;0.043240;0.043013;0.043141",12.497393,80016.69,,4.26,0,3452,10,True,nid007111,56977211
SparseHNSW_a0.6_b7,"M=32 efC=200 ef=200 alpha=0.6 beta=7 q=u8",64,0.9515643105,0.9965,110.6840,1.0376,0.0000,0.077066,"0.077066;0.077201;0.076973;0.077251;0.077065",22.325029,44792.78,,4.26,0,3452,10,True,nid007111,56977211
SparseHNSW_a0.6_b7,"M=32 efC=200 ef=400 alpha=0.6 beta=7 q=u8",64,0.9592699884,0.9994,110.6840,1.0376,0.0000,0.141599,"0.141689;0.141601;0.141599;0.141145;0.141244",41.019409,24378.70,,4.26,0,3452,10,True,nid007111,56977211
SparseHNSW_a0.6_b7,"M=32 efC=200 ef=800 alpha=0.6 beta=7 q=u8",64,0.9635573581,1.0000,110.6840,1.0376,0.0000,0.267003,"0.266882;0.267082;0.266711;0.267003;0.267353",77.347335,12928.69,,4.26,0,3452,10,True,nid007111,56977211
SparseHNSW_a0.6_b7,"M=32 efC=200 ef=1600 alpha=0.6 beta=7 q=u8",64,0.9666859791,1.0000,110.6840,1.0376,0.0000,0.515181,"0.516052;0.515223;0.515038;0.515181;0.514354",149.241309,6700.56,,4.26,0,3452,10,True,nid007111,56977211
SparseHNSW_a0.6_b7,"M=32 efC=200 ef=3200 alpha=0.6 beta=7 q=u8",64,0.9688006952,1.0000,110.6840,1.0376,0.0000,0.978219,"0.980479;0.977901;0.978118;0.978974;0.978219",283.377462,3528.86,,4.26,0,3452,10,True,nid007111,56977211
SparseHNSW_a0.6_b8,"M=32 efC=200 ef=10 alpha=0.6 beta=8 q=u8",64,0.9277230591,0.9815,110.6840,1.0376,0.0000,0.036444,"0.037096;0.036379;0.036452;0.036444;0.036438",10.557358,94720.67,,4.26,0,3452,10,True,nid007111,56977211
SparseHNSW_a0.6_b8,"M=32 efC=200 ef=20 alpha=0.6 beta=8 q=u8",64,0.9277230591,0.9815,110.6840,1.0376,0.0000,0.036149,"0.036146;0.036152;0.036107;0.036297;0.036149",10.471900,95493.65,,4.26,0,3452,10,True,nid007111,56977211
SparseHNSW_a0.6_b8,"M=32 efC=200 ef=50 alpha=0.6 beta=8 q=u8",64,0.9277230591,0.9815,110.6840,1.0376,0.0000,0.036107,"0.036107;0.036063;0.036190;0.035962;0.036313",10.459733,95604.73,,4.26,0,3452,10,True,nid007111,56977211
SparseHNSW_a0.6_b8,"M=32 efC=200 ef=100 alpha=0.6 beta=8 q=u8",64,0.9375434531,0.9875,110.6840,1.0376,0.0000,0.043416,"0.043460;0.043416;0.043263;0.043420;0.043327",12.577057,79509.86,,4.26,0,3452,10,True,nid007111,56977211
SparseHNSW_a0.6_b8,"M=32 efC=200 ef=200 alpha=0.6 beta=8 q=u8",64,0.9550695249,0.9968,110.6840,1.0376,0.0000,0.077350,"0.077339;0.077350;0.077498;0.077240;0.077398",22.407300,44628.31,,4.26,0,3452,10,True,nid007111,56977211
SparseHNSW_a0.6_b8,"M=32 efC=200 ef=400 alpha=0.6 beta=8 q=u8",64,0.9632097335,0.9994,110.6840,1.0376,0.0000,0.141607,"0.141607;0.141785;0.141523;0.141856;0.141590",41.021727,24377.33,,4.26,0,3452,10,True,nid007111,56977211
SparseHNSW_a0.6_b8,"M=32 efC=200 ef=800 alpha=0.6 beta=8 q=u8",64,0.9675840093,1.0000,110.6840,1.0376,0.0000,0.267169,"0.267262;0.266890;0.267169;0.267124;0.267530",77.395423,12920.66,,4.26,0,3452,10,True,nid007111,56977211
SparseHNSW_a0.6_b8,"M=32 efC=200 ef=1600 alpha=0.6 beta=8 q=u8",64,0.9706257242,1.0000,110.6840,1.0376,0.0000,0.515541,"0.515663;0.515541;0.515739;0.515190;0.515251",149.345597,6695.88,,4.26,0,3452,10,True,nid007111,56977211
SparseHNSW_a0.6_b8,"M=32 efC=200 ef=3200 alpha=0.6 beta=8 q=u8",64,0.9726825029,1.0000,110.6840,1.0376,0.0000,0.979462,"0.978958;0.979462;0.981277;0.979998;0.979264",283.737543,3524.38,,4.26,0,3452,10,True,nid007111,56977211
SparseHNSW_a0.7_b1,"M=32 efC=200 ef=10 alpha=0.7 beta=1 q=u8",64,0.6280996524,0.4943,137.9409,0.8025,0.0000,0.006797,"0.008210;0.007691;0.006797;0.006732;0.006729",1.969003,507871.12,,4.33,0,3452,10,True,nid007111,56977211
SparseHNSW_a0.7_b1,"M=32 efC=200 ef=20 alpha=0.7 beta=1 q=u8",64,0.7065758980,0.5698,137.9409,0.8025,0.0000,0.011905,"0.012044;0.011958;0.011905;0.011838;0.011839",3.448725,289962.20,,4.33,0,3452,10,True,nid007111,56977211
SparseHNSW_a0.7_b1,"M=32 efC=200 ef=50 alpha=0.7 beta=1 q=u8",64,0.7614426419,0.6206,137.9409,0.8025,0.0000,0.024949,"0.025337;0.025027;0.024949;0.024778;0.024790",7.227404,138362.26,,4.33,0,3452,10,True,nid007111,56977211
SparseHNSW_a0.7_b1,"M=32 efC=200 ef=100 alpha=0.7 beta=1 q=u8",64,0.7809385863,0.6374,137.9409,0.8025,0.0000,0.045029,"0.045234;0.045199;0.045029;0.044910;0.044968",13.044322,76661.71,,4.33,0,3452,10,True,nid007111,56977211
SparseHNSW_a0.7_b1,"M=32 efC=200 ef=200 alpha=0.7 beta=1 q=u8",64,0.7909038239,0.6476,137.9409,0.8025,0.0000,0.083365,"0.083249;0.083280;0.083412;0.083365;0.083428",24.149768,41408.26,,4.33,0,3452,10,True,nid007111,56977211
SparseHNSW_a0.7_b1,"M=32 efC=200 ef=400 alpha=0.7 beta=1 q=u8",64,0.7969582851,0.6519,137.9409,0.8025,0.0000,0.155573,"0.155448;0.155573;0.155114;0.155673;0.155865",45.067497,22188.94,,4.33,0,3452,10,True,nid007111,56977211
SparseHNSW_a0.7_b1,"M=32 efC=200 ef=800 alpha=0.7 beta=1 q=u8",64,0.7992757822,0.6542,137.9409,0.8025,0.0000,0.292947,"0.292952;0.292710;0.292573;0.292947;0.293378",84.862978,11783.70,,4.34,0,3452,10,True,nid007111,56977211
SparseHNSW_a0.7_b1,"M=32 efC=200 ef=1600 alpha=0.7 beta=1 q=u8",64,0.8008111240,0.6571,137.9409,0.8025,0.0000,0.564071,"0.562639;0.563331;0.564105;0.564168;0.564071",163.404114,6119.80,,4.34,0,3452,10,True,nid007111,56977211
SparseHNSW_a0.7_b1,"M=32 efC=200 ef=3200 alpha=0.7 beta=1 q=u8",64,0.8019988413,0.6585,137.9409,0.8025,0.0000,1.066671,"1.066756;1.064671;1.066751;1.066671;1.066598",309.000869,3236.24,,4.34,0,3452,10,True,nid007111,56977211
SparseHNSW_a0.7_b2,"M=32 efC=200 ef=10 alpha=0.7 beta=2 q=u8",64,0.8126593279,0.9229,137.9409,0.8025,0.0000,0.012805,"0.013663;0.013159;0.012805;0.012751;0.012679",3.709444,269582.19,,4.34,0,3452,10,True,nid007111,56977211
SparseHNSW_a0.7_b2,"M=32 efC=200 ef=20 alpha=0.7 beta=2 q=u8",64,0.8126593279,0.9229,137.9409,0.8025,0.0000,0.012555,"0.012619;0.012555;0.012555;0.012505;0.012531",3.637022,274950.22,,4.34,0,3452,10,True,nid007111,56977211
SparseHNSW_a0.7_b2,"M=32 efC=200 ef=50 alpha=0.7 beta=2 q=u8",64,0.8846755504,0.9716,137.9409,0.8025,0.0000,0.025664,"0.026136;0.025833;0.025664;0.025663;0.025610",7.434531,134507.48,,4.34,0,3452,10,True,nid007111,56977211
SparseHNSW_a0.7_b2,"M=32 efC=200 ef=100 alpha=0.7 beta=2 q=u8",64,0.9101680185,0.9881,137.9409,0.8025,0.0000,0.046122,"0.046227;0.046121;0.046202;0.046063;0.046122",13.360950,74844.98,,4.34,0,3452,10,True,nid007111,56977211
SparseHNSW_a0.7_b2,"M=32 efC=200 ef=200 alpha=0.7 beta=2 q=u8",64,0.9236095017,0.9954,137.9409,0.8025,0.0000,0.084078,"0.083921;0.083875;0.084220;0.084078;0.084107",24.356315,41057.11,,4.34,0,3452,10,True,nid007111,56977211
SparseHNSW_a0.7_b2,"M=32 efC=200 ef=400 alpha=0.7 beta=2 q=u8",64,0.9310544612,0.9991,137.9409,0.8025,0.0000,0.156059,"0.156012;0.156283;0.156025;0.156059;0.156079",45.208285,22119.84,,4.34,0,3452,10,True,nid007111,56977211
SparseHNSW_a0.7_b2,"M=32 efC=200 ef=800 alpha=0.7 beta=2 q=u8",64,0.9349073001,1.0000,137.9409,0.8025,0.0000,0.293700,"0.293209;0.293986;0.293700;0.293780;0.293438",85.081112,11753.49,,4.34,0,3452,10,True,nid007111,56977211
SparseHNSW_a0.7_b2,"M=32 efC=200 ef=1600 alpha=0.7 beta=2 q=u8",64,0.9373117034,1.0000,137.9409,0.8025,0.0000,0.564797,"0.564797;0.564715;0.565015;0.564619;0.566425",163.614426,6111.93,,4.34,0,3452,10,True,nid007111,56977211
SparseHNSW_a0.7_b2,"M=32 efC=200 ef=3200 alpha=0.7 beta=2 q=u8",64,0.9395712630,1.0000,137.9409,0.8025,0.0000,1.066898,"1.066697;1.067034;1.065185;1.066993;1.066898",309.066628,3235.55,,4.34,0,3452,10,True,nid007111,56977211
SparseHNSW_a0.7_b3,"M=32 efC=200 ef=10 alpha=0.7 beta=3 q=u8",64,0.8721320973,0.9479,137.9409,0.8025,0.0000,0.017932,"0.018672;0.018118;0.017932;0.017628;0.017531",5.194670,192505.02,,4.34,0,3452,10,True,nid007111,56977211
SparseHNSW_a0.7_b3,"M=32 efC=200 ef=20 alpha=0.7 beta=3 q=u8",64,0.8721320973,0.9479,137.9409,0.8025,0.0000,0.017433,"0.017523;0.017396;0.017551;0.017433;0.017379",5.050116,198015.26,,4.34,0,3452,10,True,nid007111,56977211
SparseHNSW_a0.7_b3,"M=32 efC=200 ef=50 alpha=0.7 beta=3 q=u8",64,0.9084009270,0.9716,137.9409,0.8025,0.0000,0.026019,"0.026261;0.026072;0.025960;0.026019;0.026009",7.537370,132672.28,,4.34,0,3452,10,True,nid007111,56977211
SparseHNSW_a0.7_b3,"M=32 efC=200 ef=100 alpha=0.7 beta=3 q=u8",64,0.9359501738,0.9881,137.9409,0.8025,0.0000,0.046287,"0.046316;0.046287;0.046294;0.046260;0.046175",13.408749,74578.18,,4.34,0,3452,10,True,nid007111,56977211
SparseHNSW_a0.7_b3,"M=32 efC=200 ef=200 alpha=0.7 beta=3 q=u8",64,0.9502607184,0.9954,137.9409,0.8025,0.0000,0.084308,"0.084342;0.084084;0.084177;0.084308;0.084395",24.422943,40945.11,,4.34,0,3452,10,True,nid007111,56977211
SparseHNSW_a0.7_b3,"M=32 efC=200 ef=400 alpha=0.7 beta=3 q=u8",64,0.9587775203,0.9991,137.9409,0.8025,0.0000,0.156254,"0.156254;0.155947;0.156448;0.156393;0.156138",45.264774,22092.23,,4.34,0,3452,10,True,nid007111,56977211
SparseHNSW_a0.7_b3,"M=32 efC=200 ef=800 alpha=0.7 beta=3 q=u8",64,0.9630359212,1.0000,137.9409,0.8025,0.0000,0.293861,"0.293861;0.293882;0.293477;0.293915;0.293279",85.127752,11747.05,,4.34,0,3452,10,True,nid007111,56977211
SparseHNSW_a0.7_b3,"M=32 efC=200 ef=1600 alpha=0.7 beta=3 q=u8",64,0.9654692932,1.0000,137.9409,0.8025,0.0000,0.565463,"0.565463;0.565572;0.565933;0.565142;0.565186",163.807358,6104.73,,4.34,0,3452,10,True,nid007111,56977211
SparseHNSW_a0.7_b3,"M=32 efC=200 ef=3200 alpha=0.7 beta=3 q=u8",64,0.9677288528,1.0000,137.9409,0.8025,0.0000,1.066620,"1.066772;1.066620;1.065878;1.066064;1.067753",308.986095,3236.39,,4.34,0,3452,10,True,nid007111,56977211
SparseHNSW_a0.7_b4,"M=32 efC=200 ef=10 alpha=0.7 beta=4 q=u8",64,0.9025492468,0.9626,137.9409,0.8025,0.0000,0.022646,"0.023384;0.022746;0.022646;0.022360;0.022307",6.560255,152433.10,,4.34,0,3452,10,True,nid007111,56977211
SparseHNSW_a0.7_b4,"M=32 efC=200 ef=20 alpha=0.7 beta=4 q=u8",64,0.9025492468,0.9626,137.9409,0.8025,0.0000,0.021947,"0.022171;0.022144;0.021947;0.021898;0.021939",6.357764,157288.01,,4.34,0,3452,10,True,nid007111,56977211
SparseHNSW_a0.7_b4,"M=32 efC=200 ef=50 alpha=0.7 beta=4 q=u8",64,0.9165411356,0.9716,137.9409,0.8025,0.0000,0.026275,"0.026306;0.026314;0.026231;0.026275;0.026151",7.611530,131379.64,,4.34,0,3452,10,True,nid007111,56977211
SparseHNSW_a0.7_b4,"M=32 efC=200 ef=100 alpha=0.7 beta=4 q=u8",64,0.9455967555,0.9881,137.9409,0.8025,0.0000,0.046494,"0.046465;0.046849;0.046620;0.046494;0.046493",13.468714,74246.14,,4.34,0,3452,10,True,nid007111,56977211
SparseHNSW_a0.7_b4,"M=32 efC=200 ef=200 alpha=0.7 beta=4 q=u8",64,0.9601100811,0.9954,137.9409,0.8025,0.0000,0.084476,"0.084525;0.084721;0.084403;0.084476;0.084450",24.471611,40863.68,,4.34,0,3452,10,True,nid007111,56977211
SparseHNSW_a0.7_b4,"M=32 efC=200 ef=400 alpha=0.7 beta=4 q=u8",64,0.9690614137,0.9991,137.9409,0.8025,0.0000,0.156626,"0.156721;0.156626;0.156283;0.156380;0.156769",45.372538,22039.76,,4.34,0,3452,10,True,nid007111,56977211
SparseHNSW_a0.7_b4,"M=32 efC=200 ef=800 alpha=0.7 beta=4 q=u8",64,0.9734356895,1.0000,137.9409,0.8025,0.0000,0.294467,"0.294467;0.294678;0.294317;0.294003;0.294690",85.303302,11722.88,,4.34,0,3452,10,True,nid007111,56977211
SparseHNSW_a0.7_b4,"M=32 efC=200 ef=1600 alpha=0.7 beta=4 q=u8",64,0.9761297798,1.0000,137.9409,0.8025,0.0000,0.566143,"0.566870;0.566005;0.565667;0.566143;0.566648",164.004345,6097.40,,4.34,0,3452,10,True,nid007111,56977211
SparseHNSW_a0.7_b4,"M=32 efC=200 ef=3200 alpha=0.7 beta=4 q=u8",64,0.9785052144,1.0000,137.9409,0.8025,0.0000,1.066950,"1.067274;1.066620;1.066950;1.066496;1.067798",309.081692,3235.39,,4.34,0,3452,10,True,nid007111,56977211
SparseHNSW_a0.7_b5,"M=32 efC=200 ef=10 alpha=0.7 beta=5 q=u8",64,0.9205967555,0.9716,137.9409,0.8025,0.0000,0.027026,"0.027995;0.027520;0.027026;0.026940;0.026869",7.829085,127728.85,,4.34,0,3452,10,True,nid007111,56977211
SparseHNSW_a0.7_b5,"M=32 efC=200 ef=20 alpha=0.7 beta=5 q=u8",64,0.9205967555,0.9716,137.9409,0.8025,0.0000,0.026734,"0.026734;0.026650;0.026774;0.026807;0.026630",7.744496,129123.96,,4.34,0,3452,10,True,nid007111,56977211
SparseHNSW_a0.7_b5,"M=32 efC=200 ef=50 alpha=0.7 beta=5 q=u8",64,0.9205967555,0.9716,137.9409,0.8025,0.0000,0.026644,"0.026726;0.026640;0.026533;0.026742;0.026644",7.718424,129560.13,,4.34,0,3452,10,True,nid007111,56977211
SparseHNSW_a0.7_b5,"M=32 efC=200 ef=100 alpha=0.7 beta=5 q=u8",64,0.9502896871,0.9881,137.9409,0.8025,0.0000,0.046930,"0.046812;0.047167;0.047080;0.046930;0.046833",13.595017,73556.36,,4.34,0,3452,10,True,nid007111,56977211
SparseHNSW_a0.7_b5,"M=32 efC=200 ef=200 alpha=0.7 beta=5 q=u8",64,0.9653534183,0.9954,137.9409,0.8025,0.0000,0.084923,"0.084896;0.085003;0.085203;0.084923;0.084853",24.601101,40648.59,,4.34,0,3452,10,True,nid007111,56977211
SparseHNSW_a0.7_b5,"M=32 efC=200 ef=400 alpha=0.7 beta=5 q=u8",64,0.9743916570,0.9991,137.9409,0.8025,0.0000,0.157024,"0.157256;0.157132;0.157024;0.156804;0.156484",45.487833,21983.90,,4.34,0,3452,10,True,nid007111,56977211
SparseHNSW_a0.7_b5,"M=32 efC=200 ef=800 alpha=0.7 beta=5 q=u8",64,0.9789397451,1.0000,137.9409,0.8025,0.0000,0.294774,"0.295334;0.294710;0.294900;0.294770;0.294774",85.392236,11710.67,,4.34,0,3452,10,True,nid007111,56977211
SparseHNSW_a0.7_b5,"M=32 efC=200 ef=1600 alpha=0.7 beta=5 q=u8",64,0.9815469293,1.0000,137.9409,0.8025,0.0000,0.565467,"0.565160;0.565699;0.565467;0.566434;0.565077",163.808517,6104.69,,4.34,0,3452,10,True,nid007111,56977211
SparseHNSW_a0.7_b5,"M=32 efC=200 ef=3200 alpha=0.7 beta=5 q=u8",64,0.9840382387,1.0000,137.9409,0.8025,0.0000,1.067299,"1.067299;1.067475;1.066271;1.066771;1.068465",309.182793,3234.33,,4.34,0,3452,10,True,nid007111,56977211
SparseHNSW_a0.7_b6,"M=32 efC=200 ef=10 alpha=0.7 beta=6 q=u8",64,0.9320393975,0.9768,137.9409,0.8025,0.0000,0.031638,"0.032882;0.031953;0.031638;0.031269;0.031325",9.165122,109109.30,,4.34,0,3452,10,True,nid007111,56977211
SparseHNSW_a0.7_b6,"M=32 efC=200 ef=20 alpha=0.7 beta=6 q=u8",64,0.9320393975,0.9768,137.9409,0.8025,0.0000,0.031066,"0.031174;0.031048;0.031066;0.031032;0.031232",8.999421,111118.26,,4.34,0,3452,10,True,nid007111,56977211
SparseHNSW_a0.7_b6,"M=32 efC=200 ef=50 alpha=0.7 beta=6 q=u8",64,0.9320393975,0.9768,137.9409,0.8025,0.0000,0.031067,"0.031204;0.031122;0.031067;0.030948;0.030976",8.999710,111114.69,,4.34,0,3452,10,True,nid007111,56977211
SparseHNSW_a0.7_b6,"M=32 efC=200 ef=100 alpha=0.7 beta=6 q=u8",64,0.9525782155,0.9881,137.9409,0.8025,0.0000,0.047215,"0.047273;0.047215;0.047145;0.047303;0.046965",13.677578,73112.36,,4.34,0,3452,10,True,nid007111,56977211
SparseHNSW_a0.7_b6,"M=32 efC=200 ef=200 alpha=0.7 beta=6 q=u8",64,0.9679895713,0.9954,137.9409,0.8025,0.0000,0.085207,"0.084863;0.085219;0.085221;0.085150;0.085207",24.683372,40513.10,,4.34,0,3452,10,True,nid007111,56977211
SparseHNSW_a0.7_b6,"M=32 efC=200 ef=400 alpha=0.7 beta=6 q=u8",64,0.9773464658,0.9991,137.9409,0.8025,0.0000,0.156846,"0.157190;0.156729;0.156846;0.157294;0.156792",45.436269,22008.85,,4.34,0,3452,10,True,nid007111,56977211
SparseHNSW_a0.7_b6,"M=32 efC=200 ef=800 alpha=0.7 beta=6 q=u8",64,0.9820393975,1.0000,137.9409,0.8025,0.0000,0.294540,"0.295069;0.294259;0.294726;0.294540;0.294377",85.324450,11719.97,,4.34,0,3452,10,True,nid007111,56977211
SparseHNSW_a0.7_b6,"M=32 efC=200 ef=1600 alpha=0.7 beta=6 q=u8",64,0.9847045191,1.0000,137.9409,0.8025,0.0000,0.566226,"0.566076;0.566176;0.566508;0.566274;0.566226",164.028389,6096.51,,4.34,0,3452,10,True,nid007111,56977211
SparseHNSW_a0.7_b6,"M=32 efC=200 ef=3200 alpha=0.7 beta=6 q=u8",64,0.9871958285,1.0000,137.9409,0.8025,0.0000,1.066800,"1.066833;1.065740;1.066800;1.066802;1.066343",309.038239,3235.85,,4.34,0,3452,10,True,nid007111,56977211
SparseHNSW_a0.7_b7,"M=32 efC=200 ef=10 alpha=0.7 beta=7 q=u8",64,0.9407300116,0.9809,137.9409,0.8025,0.0000,0.035779,"0.036438;0.035779;0.035891;0.035517;0.035573",10.364716,96481.18,,4.34,0,3452,10,True,nid007111,56977211
SparseHNSW_a0.7_b7,"M=32 efC=200 ef=20 alpha=0.7 beta=7 q=u8",64,0.9407300116,0.9809,137.9409,0.8025,0.0000,0.035462,"0.035504;0.035511;0.035450;0.035363;0.035462",10.272885,97343.64,,4.34,0,3452,10,True,nid007111,56977211
SparseHNSW_a0.7_b7,"M=32 efC=200 ef=50 alpha=0.7 beta=7 q=u8",64,0.9407300116,0.9809,137.9409,0.8025,0.0000,0.035404,"0.035668;0.035404;0.035462;0.035314;0.035397",10.256083,97503.11,,4.34,0,3452,10,True,nid007111,56977211
SparseHNSW_a0.7_b7,"M=32 efC=200 ef=100 alpha=0.7 beta=7 q=u8",64,0.9539397451,0.9881,137.9409,0.8025,0.0000,0.047545,"0.047331;0.047663;0.047545;0.047407;0.047554",13.773175,72604.90,,4.34,0,3452,10,True,nid007111,56977211
SparseHNSW_a0.7_b7,"M=32 efC=200 ef=200 alpha=0.7 beta=7 q=u8",64,0.9693221321,0.9954,137.9409,0.8025,0.0000,0.085504,"0.085209;0.085504;0.085599;0.085240;0.085579",24.769409,40372.38,,4.34,0,3452,10,True,nid007111,56977211
SparseHNSW_a0.7_b7,"M=32 efC=200 ef=400 alpha=0.7 beta=7 q=u8",64,0.9789687138,0.9991,137.9409,0.8025,0.0000,0.157387,"0.157387;0.157490;0.156663;0.157274;0.157667",45.592990,21933.20,,4.34,0,3452,10,True,nid007111,56977211
SparseHNSW_a0.7_b7,"M=32 efC=200 ef=800 alpha=0.7 beta=7 q=u8",64,0.9837485516,1.0000,137.9409,0.8025,0.0000,0.294858,"0.294858;0.294852;0.294984;0.295080;0.294432",85.416570,11707.33,,4.34,0,3452,10,True,nid007111,56977211
SparseHNSW_a0.7_b7,"M=32 efC=200 ef=1600 alpha=0.7 beta=7 q=u8",64,0.9865585168,1.0000,137.9409,0.8025,0.0000,0.566618,"0.566618;0.567571;0.565913;0.567694;0.566069",164.141947,6092.29,,4.34,0,3452,10,True,nid007111,56977211
SparseHNSW_a0.7_b7,"M=32 efC=200 ef=3200 alpha=0.7 beta=7 q=u8",64,0.9890787949,1.0000,137.9409,0.8025,0.0000,1.067276,"1.067276;1.066757;1.069123;1.068113;1.066895",309.176130,3234.40,,4.34,0,3452,10,True,nid007111,56977211
SparseHNSW_a0.7_b8,"M=32 efC=200 ef=10 alpha=0.7 beta=8 q=u8",64,0.9471900348,0.9838,137.9409,0.8025,0.0000,0.039931,"0.040796;0.040356;0.039931;0.039853;0.039829",11.567497,86449.12,,4.34,0,3452,10,True,nid007111,56977211
SparseHNSW_a0.7_b8,"M=32 efC=200 ef=20 alpha=0.7 beta=8 q=u8",64,0.9471900348,0.9838,137.9409,0.8025,0.0000,0.039766,"0.039847;0.039704;0.039742;0.039766;0.039799",11.519699,86807.83,,4.34,0,3452,10,True,nid007111,56977211
SparseHNSW_a0.7_b8,"M=32 efC=200 ef=50 alpha=0.7 beta=8 q=u8",64,0.9471900348,0.9838,137.9409,0.8025,0.0000,0.039701,"0.039808;0.039643;0.039701;0.039597;0.039764",11.500869,86949.95,,4.34,0,3452,10,True,nid007111,56977211
SparseHNSW_a0.7_b8,"M=32 efC=200 ef=100 alpha=0.7 beta=8 q=u8",64,0.9553302433,0.9881,137.9409,0.8025,0.0000,0.047805,"0.047760;0.047893;0.047932;0.047805;0.047790",13.848494,72210.02,,4.34,0,3452,10,True,nid007111,56977211
SparseHNSW_a0.7_b8,"M=32 efC=200 ef=200 alpha=0.7 beta=8 q=u8",64,0.9707126304,0.9954,137.9409,0.8025,0.0000,0.085678,"0.085331;0.085455;0.085740;0.085757;0.085678",24.819815,40290.39,,4.34,0,3452,10,True,nid007111,56977211
SparseHNSW_a0.7_b8,"M=32 efC=200 ef=400 alpha=0.7 beta=8 q=u8",64,0.9802143685,0.9991,137.9409,0.8025,0.0000,0.157383,"0.157384;0.157383;0.157469;0.157163;0.157378",45.591831,21933.75,,4.34,0,3452,10,True,nid007111,56977211
SparseHNSW_a0.7_b8,"M=32 efC=200 ef=800 alpha=0.7 beta=8 q=u8",64,0.9851100811,1.0000,137.9409,0.8025,0.0000,0.294867,"0.294600;0.294867;0.294911;0.294865;0.294879",85.419177,11706.97,,4.34,0,3452,10,True,nid007111,56977211
SparseHNSW_a0.7_b8,"M=32 efC=200 ef=1600 alpha=0.7 beta=8 q=u8",64,0.9879779838,1.0000,137.9409,0.8025,0.0000,0.566794,"0.567009;0.567138;0.566794;0.565624;0.566561",164.192932,6090.40,,4.34,0,3452,10,True,nid007111,56977211
SparseHNSW_a0.7_b8,"M=32 efC=200 ef=3200 alpha=0.7 beta=8 q=u8",64,0.9905272306,1.0000,137.9409,0.8025,0.0000,1.067155,"1.067612;1.067861;1.067155;1.066404;1.066833",309.141078,3234.77,,4.34,0,3452,10,True,nid007111,56977211
SparseHNSW_a0.75_b1,"M=32 efC=200 ef=10 alpha=0.75 beta=1 q=u8",64,0.6591541136,0.5104,152.9691,0.8348,0.0000,0.007375,"0.008599;0.008110;0.007375;0.007203;0.007162",2.136443,468067.80,,4.39,0,3452,10,True,nid007111,56977211
SparseHNSW_a0.75_b1,"M=32 efC=200 ef=20 alpha=0.75 beta=1 q=u8",64,0.7371378911,0.5887,152.9691,0.8348,0.0000,0.012645,"0.012795;0.012645;0.012649;0.012538;0.012577",3.663094,272993.28,,4.39,0,3452,10,True,nid007111,56977211
SparseHNSW_a0.75_b1,"M=32 efC=200 ef=50 alpha=0.75 beta=1 q=u8",64,0.7968713789,0.6453,152.9691,0.8348,0.0000,0.026553,"0.027119;0.026622;0.026553;0.026435;0.026289",7.692063,130004.14,,4.39,0,3452,10,True,nid007111,56977211
SparseHNSW_a0.75_b1,"M=32 efC=200 ef=100 alpha=0.75 beta=1 q=u8",64,0.8162514484,0.6635,152.9691,0.8348,0.0000,0.048285,"0.048362;0.048285;0.048278;0.048160;0.048363",13.987543,71492.18,,4.39,0,3452,10,True,nid007111,56977211
SparseHNSW_a0.75_b1,"M=32 efC=200 ef=200 alpha=0.75 beta=1 q=u8",64,0.8290266512,0.6746,152.9691,0.8348,0.0000,0.088985,"0.089019;0.089063;0.088926;0.088941;0.088985",25.777810,38793.06,,4.39,0,3452,10,True,nid007111,56977211
SparseHNSW_a0.75_b1,"M=32 efC=200 ef=400 alpha=0.75 beta=1 q=u8",64,0.8335457706,0.6802,152.9691,0.8348,0.0000,0.165250,"0.165376;0.164957;0.164956;0.165250;0.165593",47.870800,20889.56,,4.39,0,3452,10,True,nid007111,56977211
SparseHNSW_a0.75_b1,"M=32 efC=200 ef=800 alpha=0.75 beta=1 q=u8",64,0.8362108922,0.6837,152.9691,0.8348,0.0000,0.312123,"0.311564;0.311931;0.312123;0.312376;0.312625",90.418019,11059.74,,4.39,0,3452,10,True,nid007111,56977211
SparseHNSW_a0.75_b1,"M=32 efC=200 ef=1600 alpha=0.75 beta=1 q=u8",64,0.8380359212,0.6861,152.9691,0.8348,0.0000,0.598981,"0.598981;0.599061;0.599480;0.598155;0.598324",173.517092,5763.12,,4.39,0,3452,10,True,nid007111,56977211
SparseHNSW_a0.75_b1,"M=32 efC=200 ef=3200 alpha=0.75 beta=1 q=u8",64,0.8389629200,0.6871,152.9691,0.8348,0.0000,1.129698,"1.129858;1.129894;1.129020;1.128419;1.129698",327.258980,3055.68,,4.39,0,3452,10,True,nid007111,56977211
SparseHNSW_a0.75_b2,"M=32 efC=200 ef=10 alpha=0.75 beta=2 q=u8",64,0.8317497103,0.9261,152.9691,0.8348,0.0000,0.013612,"0.014562;0.013808;0.013612;0.013498;0.013411",3.943221,253599.76,,4.39,0,3452,10,True,nid007111,56977211
SparseHNSW_a0.75_b2,"M=32 efC=200 ef=20 alpha=0.75 beta=2 q=u8",64,0.8317497103,0.9261,152.9691,0.8348,0.0000,0.013331,"0.013421;0.013331;0.013398;0.013283;0.013313",3.861819,258945.32,,4.39,0,3452,10,True,nid007111,56977211
SparseHNSW_a0.75_b2,"M=32 efC=200 ef=50 alpha=0.75 beta=2 q=u8",64,0.9069814600,0.9757,152.9691,0.8348,0.0000,0.027289,"0.027663;0.027311;0.027289;0.027145;0.027099",7.905272,126497.86,,4.39,0,3452,10,True,nid007111,56977211
SparseHNSW_a0.75_b2,"M=32 efC=200 ef=100 alpha=0.75 beta=2 q=u8",64,0.9322421784,0.9904,152.9691,0.8348,0.0000,0.049117,"0.049209;0.049108;0.048955;0.049262;0.049117",14.228563,70281.17,,4.39,0,3452,10,True,nid007111,56977211
SparseHNSW_a0.75_b2,"M=32 efC=200 ef=200 alpha=0.75 beta=2 q=u8",64,0.9481460023,0.9974,152.9691,0.8348,0.0000,0.089583,"0.089583;0.089989;0.089757;0.089520;0.089467",25.951043,38534.10,,4.39,0,3452,10,True,nid007111,56977211
SparseHNSW_a0.75_b2,"M=32 efC=200 ef=400 alpha=0.75 beta=2 q=u8",64,0.9544032445,0.9988,152.9691,0.8348,0.0000,0.166047,"0.165898;0.166478;0.166055;0.166047;0.165617",48.101680,20789.29,,4.39,0,3452,10,True,nid007111,56977211
SparseHNSW_a0.75_b2,"M=32 efC=200 ef=800 alpha=0.75 beta=2 q=u8",64,0.9584878331,1.0000,152.9691,0.8348,0.0000,0.312947,"0.313012;0.313565;0.312572;0.312947;0.312397",90.656721,11030.62,,4.39,0,3452,10,True,nid007111,56977211
SparseHNSW_a0.75_b2,"M=32 efC=200 ef=1600 alpha=0.75 beta=2 q=u8",64,0.9613557358,1.0000,152.9691,0.8348,0.0000,0.599072,"0.599072;0.600026;0.598234;0.600582;0.598946",173.543453,5762.25,,4.39,0,3452,10,True,nid007111,56977211
SparseHNSW_a0.75_b2,"M=32 efC=200 ef=3200 alpha=0.75 beta=2 q=u8",64,0.9630938586,1.0000,152.9691,0.8348,0.0000,1.130422,"1.130882;1.129415;1.130921;1.130422;1.129393",327.468714,3053.73,,4.40,0,3452,10,True,nid007111,56977211
SparseHNSW_a0.75_b3,"M=32 efC=200 ef=10 alpha=0.75 beta=3 q=u8",64,0.8860950174,0.9545,152.9691,0.8348,0.0000,0.018680,"0.019641;0.019054;0.018680;0.018604;0.018521",5.411356,184796.57,,4.40,0,3452,10,True,nid007111,56977211
SparseHNSW_a0.75_b3,"M=32 efC=200 ef=20 alpha=0.75 beta=3 q=u8",64,0.8860950174,0.9545,152.9691,0.8348,0.0000,0.018323,"0.018451;0.018353;0.018323;0.018311;0.018100",5.307937,188397.10,,4.40,0,3452,10,True,nid007111,56977211
SparseHNSW_a0.75_b3,"M=32 efC=200 ef=50 alpha=0.75 beta=3 q=u8",64,0.9219582851,0.9760,152.9691,0.8348,0.0000,0.027597,"0.027849;0.027642;0.027597;0.027476;0.027400",7.994496,125086.06,,4.40,0,3452,10,True,nid007111,56977211
SparseHNSW_a0.75_b3,"M=32 efC=200 ef=100 alpha=0.75 beta=3 q=u8",64,0.9489571263,0.9904,152.9691,0.8348,0.0000,0.049487,"0.049484;0.049273;0.049567;0.049487;0.049590",14.335747,69755.69,,4.40,0,3452,10,True,nid007111,56977211
SparseHNSW_a0.75_b3,"M=32 efC=200 ef=200 alpha=0.75 beta=3 q=u8",64,0.9658748552,0.9974,152.9691,0.8348,0.0000,0.089817,"0.089817;0.090048;0.089678;0.089903;0.089791",26.018830,38433.70,,4.40,0,3452,10,True,nid007111,56977211
SparseHNSW_a0.75_b3,"M=32 efC=200 ef=400 alpha=0.75 beta=3 q=u8",64,0.9725955968,0.9988,152.9691,0.8348,0.0000,0.166428,"0.166032;0.166494;0.166117;0.166428;0.166479",48.212051,20741.70,,4.40,0,3452,10,True,nid007111,56977211
SparseHNSW_a0.75_b3,"M=32 efC=200 ef=800 alpha=0.75 beta=3 q=u8",64,0.9770857474,1.0000,152.9691,0.8348,0.0000,0.312992,"0.312992;0.313171;0.312002;0.313647;0.312718",90.669757,11029.04,,4.40,0,3452,10,True,nid007111,56977211
SparseHNSW_a0.75_b3,"M=32 efC=200 ef=1600 alpha=0.75 beta=3 q=u8",64,0.9804461182,1.0000,152.9691,0.8348,0.0000,0.598951,"0.600017;0.598849;0.598602;0.598951;0.599786",173.508401,5763.41,,4.40,0,3452,10,True,nid007111,56977211
SparseHNSW_a0.75_b3,"M=32 efC=200 ef=3200 alpha=0.75 beta=3 q=u8",64,0.9823870220,1.0000,152.9691,0.8348,0.0000,1.129297,"1.128864;1.128805;1.130143;1.130026;1.129297",327.142816,3056.77,,4.40,0,3452,10,True,nid007111,56977211
SparseHNSW_a0.75_b4,"M=32 efC=200 ef=10 alpha=0.75 beta=4 q=u8",64,0.9123696408,0.9684,152.9691,0.8348,0.0000,0.023604,"0.024860;0.023993;0.023585;0.023533;0.023604",6.837775,146246.40,,4.40,0,3452,10,True,nid007111,56977211
SparseHNSW_a0.75_b4,"M=32 efC=200 ef=20 alpha=0.75 beta=4 q=u8",64,0.9123696408,0.9684,152.9691,0.8348,0.0000,0.023345,"0.023345;0.023355;0.023349;0.023268;0.023072",6.762746,147868.92,,4.40,0,3452,10,True,nid007111,56977211
SparseHNSW_a0.75_b4,"M=32 efC=200 ef=50 alpha=0.75 beta=4 q=u8",64,0.9258400927,0.9760,152.9691,0.8348,0.0000,0.027862,"0.028126;0.027989;0.027862;0.027799;0.027858",8.071263,123896.35,,4.40,0,3452,10,True,nid007111,56977211
SparseHNSW_a0.75_b4,"M=32 efC=200 ef=100 alpha=0.75 beta=4 q=u8",64,0.9535052144,0.9904,152.9691,0.8348,0.0000,0.049790,"0.049830;0.050051;0.049754;0.049778;0.049790",14.423523,69331.19,,4.40,0,3452,10,True,nid007111,56977211
SparseHNSW_a0.75_b4,"M=32 efC=200 ef=200 alpha=0.75 beta=4 q=u8",64,0.9708285052,0.9974,152.9691,0.8348,0.0000,0.090100,"0.089971;0.090494;0.090200;0.090100;0.089900",26.100811,38312.99,,4.40,0,3452,10,True,nid007111,56977211
SparseHNSW_a0.75_b4,"M=32 efC=200 ef=400 alpha=0.75 beta=4 q=u8",64,0.9780127462,0.9988,152.9691,0.8348,0.0000,0.166529,"0.166414;0.166766;0.166529;0.166533;0.166360",48.241309,20729.12,,4.40,0,3452,10,True,nid007111,56977211
SparseHNSW_a0.75_b4,"M=32 efC=200 ef=800 alpha=0.75 beta=4 q=u8",64,0.9827925840,1.0000,152.9691,0.8348,0.0000,0.313309,"0.313452;0.313539;0.313309;0.312757;0.312836",90.761587,11017.88,,4.40,0,3452,10,True,nid007111,56977211
SparseHNSW_a0.75_b4,"M=32 efC=200 ef=1600 alpha=0.75 beta=4 q=u8",64,0.9862977984,1.0000,152.9691,0.8348,0.0000,0.599814,"0.600547;0.599075;0.599814;0.598184;0.599917",173.758401,5755.12,,4.40,0,3452,10,True,nid007111,56977211
SparseHNSW_a0.75_b4,"M=32 efC=200 ef=3200 alpha=0.75 beta=4 q=u8",64,0.9883835458,1.0000,152.9691,0.8348,0.0000,1.129897,"1.128574;1.131335;1.129897;1.130550;1.128788",327.316628,3055.15,,4.40,0,3452,10,True,nid007111,56977211
SparseHNSW_a0.75_b5,"M=32 efC=200 ef=10 alpha=0.75 beta=5 q=u8",64,0.9278389340,0.9760,152.9691,0.8348,0.0000,0.028674,"0.029556;0.028912;0.028674;0.028525;0.028284",8.306489,120387.81,,4.40,0,3452,10,True,nid007111,56977211
SparseHNSW_a0.75_b5,"M=32 efC=200 ef=20 alpha=0.75 beta=5 q=u8",64,0.9278389340,0.9760,152.9691,0.8348,0.0000,0.028103,"0.028314;0.028033;0.028153;0.028103;0.027981",8.141078,122833.86,,4.40,0,3452,10,True,nid007111,56977211
SparseHNSW_a0.75_b5,"M=32 efC=200 ef=50 alpha=0.75 beta=5 q=u8",64,0.9278389340,0.9760,152.9691,0.8348,0.0000,0.028062,"0.028028;0.028062;0.028077;0.028038;0.028118",8.129200,123013.33,,4.40,0,3452,10,True,nid007111,56977211
SparseHNSW_a0.75_b5,"M=32 efC=200 ef=100 alpha=0.75 beta=5 q=u8",64,0.9555040556,0.9904,152.9691,0.8348,0.0000,0.050233,"0.050233;0.050287;0.050342;0.050213;0.050024",14.551854,68719.77,,4.40,0,3452,10,True,nid007111,56977211
SparseHNSW_a0.75_b5,"M=32 efC=200 ef=200 alpha=0.75 beta=5 q=u8",64,0.9729142526,0.9974,152.9691,0.8348,0.0000,0.090432,"0.090432;0.090099;0.090320;0.090483;0.090446",26.196987,38172.33,,4.40,0,3452,10,True,nid007111,56977211
SparseHNSW_a0.75_b5,"M=32 efC=200 ef=400 alpha=0.75 beta=5 q=u8",64,0.9801853998,0.9988,152.9691,0.8348,0.0000,0.167205,"0.167209;0.167478;0.166959;0.167205;0.166888",48.437138,20645.32,,4.40,0,3452,10,True,nid007111,56977211
SparseHNSW_a0.75_b5,"M=32 efC=200 ef=800 alpha=0.75 beta=5 q=u8",64,0.9849942063,1.0000,152.9691,0.8348,0.0000,0.313749,"0.313749;0.313564;0.313743;0.314325;0.313917",90.889050,11002.43,,4.40,0,3452,10,True,nid007111,56977211
SparseHNSW_a0.75_b5,"M=32 efC=200 ef=1600 alpha=0.75 beta=5 q=u8",64,0.9885863268,1.0000,152.9691,0.8348,0.0000,0.600171,"0.600104;0.600646;0.599347;0.600171;0.600323",173.861819,5751.69,,4.40,0,3452,10,True,nid007111,56977211
SparseHNSW_a0.75_b5,"M=32 efC=200 ef=3200 alpha=0.75 beta=5 q=u8",64,0.9907300116,1.0000,152.9691,0.8348,0.0000,1.129732,"1.129732;1.129566;1.131069;1.130579;1.129659",327.268830,3055.59,,4.40,0,3452,10,True,nid007111,56977211
SparseHNSW_a0.75_b6,"M=32 efC=200 ef=10 alpha=0.75 beta=6 q=u8",64,0.9364716107,0.9791,152.9691,0.8348,0.0000,0.033198,"0.034349;0.033353;0.033198;0.033009;0.032862",9.617034,103982.17,,4.40,0,3452,10,True,nid007111,56977211
SparseHNSW_a0.75_b6,"M=32 efC=200 ef=20 alpha=0.75 beta=6 q=u8",64,0.9364716107,0.9791,152.9691,0.8348,0.0000,0.032781,"0.032780;0.032717;0.032809;0.032922;0.032781",9.496234,105304.90,,4.40,0,3452,10,True,nid007111,56977211
SparseHNSW_a0.75_b6,"M=32 efC=200 ef=50 alpha=0.75 beta=6 q=u8",64,0.9364716107,0.9791,152.9691,0.8348,0.0000,0.032717,"0.032837;0.032689;0.032717;0.032723;0.032563",9.477694,105510.90,,4.40,0,3452,10,True,nid007111,56977211
SparseHNSW_a0.75_b6,"M=32 efC=200 ef=100 alpha=0.75 beta=6 q=u8",64,0.9566628042,0.9904,152.9691,0.8348,0.0000,0.050467,"0.050613;0.050432;0.050532;0.050448;0.050467",14.619641,68401.13,,4.40,0,3452,10,True,nid007111,56977211
SparseHNSW_a0.75_b6,"M=32 efC=200 ef=200 alpha=0.75 beta=6 q=u8",64,0.9742468134,0.9974,152.9691,0.8348,0.0000,0.090759,"0.090890;0.090379;0.090759;0.090596;0.091303",26.291715,38034.80,,4.40,0,3452,10,True,nid007111,56977211
SparseHNSW_a0.75_b6,"M=32 efC=200 ef=400 alpha=0.75 beta=6 q=u8",64,0.9814889919,0.9988,152.9691,0.8348,0.0000,0.167058,"0.166681;0.167058;0.167267;0.167130;0.167051",48.394554,20663.48,,4.40,0,3452,10,True,nid007111,56977211
SparseHNSW_a0.75_b6,"M=32 efC=200 ef=800 alpha=0.75 beta=6 q=u8",64,0.9863557358,1.0000,152.9691,0.8348,0.0000,0.313837,"0.314042;0.314020;0.313817;0.313837;0.313757",90.914542,10999.34,,4.40,0,3452,10,True,nid007111,56977211
SparseHNSW_a0.75_b6,"M=32 efC=200 ef=1600 alpha=0.75 beta=6 q=u8",64,0.9898899189,1.0000,152.9691,0.8348,0.0000,0.600208,"0.600334;0.600208;0.600197;0.600464;0.599567",173.872538,5751.34,,4.40,0,3452,10,True,nid007111,56977211
SparseHNSW_a0.75_b6,"M=32 efC=200 ef=3200 alpha=0.75 beta=6 q=u8",64,0.9920625724,1.0000,152.9691,0.8348,0.0000,1.128590,"1.128590;1.128047;1.130111;1.127445;1.130308",326.938007,3058.68,,4.40,0,3452,10,True,nid007111,56977211
SparseHNSW_a0.75_b7,"M=32 efC=200 ef=10 alpha=0.75 beta=7 q=u8",64,0.9433661645,0.9829,152.9691,0.8348,0.0000,0.037784,"0.038406;0.038212;0.037784;0.037754;0.037636",10.945539,91361.42,,4.40,0,3452,10,True,nid007111,56977211
SparseHNSW_a0.75_b7,"M=32 efC=200 ef=20 alpha=0.75 beta=7 q=u8",64,0.9433661645,0.9829,152.9691,0.8348,0.0000,0.037566,"0.037584;0.037444;0.037566;0.037535;0.037685",10.882387,91891.60,,4.40,0,3452,10,True,nid007111,56977211
SparseHNSW_a0.75_b7,"M=32 efC=200 ef=50 alpha=0.75 beta=7 q=u8",64,0.9433661645,0.9829,152.9691,0.8348,0.0000,0.037367,"0.037488;0.037367;0.037394;0.037325;0.037338",10.824739,92380.98,,4.40,0,3452,10,True,nid007111,56977211
SparseHNSW_a0.75_b7,"M=32 efC=200 ef=100 alpha=0.75 beta=7 q=u8",64,0.9572711472,0.9904,152.9691,0.8348,0.0000,0.050659,"0.050592;0.050924;0.050659;0.050817;0.050568",14.675261,68141.89,,4.40,0,3452,10,True,nid007111,56977211
SparseHNSW_a0.75_b7,"M=32 efC=200 ef=200 alpha=0.75 beta=7 q=u8",64,0.9748551564,0.9974,152.9691,0.8348,0.0000,0.091039,"0.090655;0.091039;0.091228;0.090801;0.091108",26.372827,37917.82,,4.40,0,3452,10,True,nid007111,56977211
SparseHNSW_a0.75_b7,"M=32 efC=200 ef=400 alpha=0.75 beta=7 q=u8",64,0.9821263036,0.9988,152.9691,0.8348,0.0000,0.167061,"0.167074;0.167279;0.167032;0.167061;0.166827",48.395423,20663.11,,4.40,0,3452,10,True,nid007111,56977211
SparseHNSW_a0.75_b7,"M=32 efC=200 ef=800 alpha=0.75 beta=7 q=u8",64,0.9870799537,1.0000,152.9691,0.8348,0.0000,0.313649,"0.314459;0.313649;0.313649;0.313858;0.313252",90.860081,11005.93,,4.40,0,3452,10,True,nid007111,56977211
SparseHNSW_a0.75_b7,"M=32 efC=200 ef=1600 alpha=0.75 beta=7 q=u8",64,0.9906431054,1.0000,152.9691,0.8348,0.0000,0.600595,"0.600595;0.600746;0.599909;0.601592;0.600574",173.984647,5747.63,,4.40,0,3452,10,True,nid007111,56977211
SparseHNSW_a0.75_b7,"M=32 efC=200 ef=3200 alpha=0.75 beta=7 q=u8",64,0.9928736964,1.0000,152.9691,0.8348,0.0000,1.129230,"1.128572;1.129372;1.129513;1.129230;1.128391",327.123407,3056.95,,4.40,0,3452,10,True,nid007111,56977211
SparseHNSW_a0.75_b8,"M=32 efC=200 ef=10 alpha=0.75 beta=8 q=u8",64,0.9477404403,0.9846,152.9691,0.8348,0.0000,0.042454,"0.043063;0.042454;0.042466;0.042353;0.042168",12.298378,81311.54,,4.40,0,3452,10,True,nid007111,56977211
SparseHNSW_a0.75_b8,"M=32 efC=200 ef=20 alpha=0.75 beta=8 q=u8",64,0.9477404403,0.9846,152.9691,0.8348,0.0000,0.042159,"0.042259;0.042159;0.042331;0.042111;0.042151",12.212920,81880.50,,4.40,0,3452,10,True,nid007111,56977211
SparseHNSW_a0.75_b8,"M=32 efC=200 ef=50 alpha=0.75 beta=8 q=u8",64,0.9477404403,0.9846,152.9691,0.8348,0.0000,0.041978,"0.041971;0.041974;0.042061;0.041994;0.041978",12.160487,82233.55,,4.40,0,3452,10,True,nid007111,56977211
SparseHNSW_a0.75_b8,"M=32 efC=200 ef=100 alpha=0.75 beta=8 q=u8",64,0.9576477404,0.9904,152.9691,0.8348,0.0000,0.051131,"0.050952;0.051131;0.051323;0.051148;0.051057",14.811993,67512.86,,4.40,0,3452,10,True,nid007111,56977211
SparseHNSW_a0.75_b8,"M=32 efC=200 ef=200 alpha=0.75 beta=8 q=u8",64,0.9752317497,0.9974,152.9691,0.8348,0.0000,0.091154,"0.090974;0.091154;0.091492;0.091003;0.091551",26.406141,37869.98,,4.40,0,3452,10,True,nid007111,56977211
SparseHNSW_a0.75_b8,"M=32 efC=200 ef=400 alpha=0.75 beta=8 q=u8",64,0.9826477404,0.9988,152.9691,0.8348,0.0000,0.167309,"0.167309;0.167451;0.166559;0.167550;0.167089",48.467265,20632.48,,4.40,0,3452,10,True,nid007111,56977211
SparseHNSW_a0.75_b8,"M=32 efC=200 ef=800 alpha=0.75 beta=8 q=u8",64,0.9876013905,1.0000,152.9691,0.8348,0.0000,0.314022,"0.314022;0.313522;0.314037;0.314095;0.313754",90.968134,10992.86,,4.40,0,3452,10,True,nid007111,56977211
SparseHNSW_a0.75_b8,"M=32 efC=200 ef=1600 alpha=0.75 beta=8 q=u8",64,0.9911355736,1.0000,152.9691,0.8348,0.0000,0.600730,"0.602197;0.600594;0.600730;0.600787;0.600537",174.023754,5746.34,,4.40,0,3452,10,True,nid007111,56977211
SparseHNSW_a0.75_b8,"M=32 efC=200 ef=3200 alpha=0.75 beta=8 q=u8",64,0.9933661645,1.0000,152.9691,0.8348,0.0000,1.128089,"1.128937;1.128089;1.127715;1.126753;1.129233",326.792874,3060.04,,4.40,0,3452,10,True,nid007111,56977211
SparseHNSW_a0.8_b1,"M=32 efC=200 ef=10 alpha=0.8 beta=1 q=u8",64,0.6809965238,0.5183,170.4581,0.8105,0.0000,0.008101,"0.009382;0.008645;0.008101;0.007981;0.007975",2.346756,426120.23,,4.45,0,3452,10,True,nid007111,56977211
SparseHNSW_a0.8_b1,"M=32 efC=200 ef=20 alpha=0.8 beta=1 q=u8",64,0.7637311703,0.6040,170.4581,0.8105,0.0000,0.013853,"0.014001;0.013853;0.013860;0.013677;0.013670",4.013036,249187.90,,4.45,0,3452,10,True,nid007111,56977211
SparseHNSW_a0.8_b1,"M=32 efC=200 ef=50 alpha=0.8 beta=1 q=u8",64,0.8235805330,0.6616,170.4581,0.8105,0.0000,0.028722,"0.029381;0.028972;0.028722;0.028637;0.028639",8.320394,120186.62,,4.45,0,3452,10,True,nid007111,56977211
SparseHNSW_a0.8_b1,"M=32 efC=200 ef=100 alpha=0.8 beta=1 q=u8",64,0.8469582851,0.6834,170.4581,0.8105,0.0000,0.052419,"0.052400;0.052493;0.052419;0.052323;0.052431",15.185110,65853.98,,4.45,0,3452,10,True,nid007111,56977211
SparseHNSW_a0.8_b1,"M=32 efC=200 ef=200 alpha=0.8 beta=1 q=u8",64,0.8628910776,0.6986,170.4581,0.8105,0.0000,0.096945,"0.097084;0.096735;0.096945;0.097158;0.096772",28.083720,35607.82,,4.45,0,3452,10,True,nid007111,56977211
SparseHNSW_a0.8_b1,"M=32 efC=200 ef=400 alpha=0.8 beta=1 q=u8",64,0.8687717265,0.7082,170.4581,0.8105,0.0000,0.178454,"0.178448;0.179037;0.178554;0.178454;0.178186",51.695829,19343.92,,4.45,0,3452,10,True,nid007111,56977211
SparseHNSW_a0.8_b1,"M=32 efC=200 ef=800 alpha=0.8 beta=1 q=u8",64,0.8708285052,0.7109,170.4581,0.8105,0.0000,0.336654,"0.336732;0.335973;0.337129;0.336654;0.336529",97.524334,10253.85,,4.45,0,3452,10,True,nid007111,56977211
SparseHNSW_a0.8_b1,"M=32 efC=200 ef=1600 alpha=0.8 beta=1 q=u8",64,0.8725086906,0.7143,170.4581,0.8105,0.0000,0.642611,"0.642512;0.642611;0.641882;0.642640;0.643283",186.156141,5371.83,,4.45,0,3452,10,True,nid007111,56977211
SparseHNSW_a0.8_b1,"M=32 efC=200 ef=3200 alpha=0.8 beta=1 q=u8",64,0.8735225956,0.7171,170.4581,0.8105,0.0000,1.202398,"1.202398;1.201607;1.202480;1.204047;1.202309",348.319235,2870.93,,4.45,0,3452,10,True,nid007111,56977211
SparseHNSW_a0.8_b2,"M=32 efC=200 ef=10 alpha=0.8 beta=2 q=u8",64,0.8384414832,0.9224,170.4581,0.8105,0.0000,0.014694,"0.015720;0.015040;0.014694;0.014642;0.014560",4.256663,234925.82,,4.45,0,3452,10,True,nid007111,56977211
SparseHNSW_a0.8_b2,"M=32 efC=200 ef=20 alpha=0.8 beta=2 q=u8",64,0.8384414832,0.9224,170.4581,0.8105,0.0000,0.014472,"0.014617;0.014472;0.014446;0.014477;0.014402",4.192352,238529.57,,4.45,0,3452,10,True,nid007111,56977211
SparseHNSW_a0.8_b2,"M=32 efC=200 ef=50 alpha=0.8 beta=2 q=u8",64,0.9147161066,0.9705,170.4581,0.8105,0.0000,0.029635,"0.029950;0.029877;0.029582;0.029635;0.029494",8.584878,116483.89,,4.45,0,3452,10,True,nid007111,56977211
SparseHNSW_a0.8_b2,"M=32 efC=200 ef=100 alpha=0.8 beta=2 q=u8",64,0.9437137891,0.9875,170.4581,0.8105,0.0000,0.053127,"0.053269;0.053320;0.053127;0.053057;0.052848",15.390209,64976.38,,4.45,0,3452,10,True,nid007111,56977211
SparseHNSW_a0.8_b2,"M=32 efC=200 ef=200 alpha=0.8 beta=2 q=u8",64,0.9627462341,0.9974,170.4581,0.8105,0.0000,0.097548,"0.097117;0.097525;0.097685;0.097909;0.097548",28.258401,35387.71,,4.45,0,3452,10,True,nid007111,56977211
SparseHNSW_a0.8_b2,"M=32 efC=200 ef=400 alpha=0.8 beta=2 q=u8",64,0.9705677868,1.0000,170.4581,0.8105,0.0000,0.178773,"0.178883;0.178773;0.179440;0.178641;0.178618",51.788239,19309.40,,4.45,0,3452,10,True,nid007111,56977211
SparseHNSW_a0.8_b2,"M=32 efC=200 ef=800 alpha=0.8 beta=2 q=u8",64,0.9744206257,1.0000,170.4581,0.8105,0.0000,0.336860,"0.337565;0.337036;0.336860;0.335827;0.336849",97.584009,10247.58,,4.45,0,3452,10,True,nid007111,56977211
SparseHNSW_a0.8_b2,"M=32 efC=200 ef=1600 alpha=0.8 beta=2 q=u8",64,0.9769698725,1.0000,170.4581,0.8105,0.0000,0.643401,"0.643836;0.643401;0.642964;0.642113;0.644001",186.384994,5365.24,,4.45,0,3452,10,True,nid007111,56977211
SparseHNSW_a0.8_b2,"M=32 efC=200 ef=3200 alpha=0.8 beta=2 q=u8",64,0.9787369641,1.0000,170.4581,0.8105,0.0000,1.202796,"1.202796;1.203455;1.201688;1.202815;1.200705",348.434531,2869.98,,4.46,0,3452,10,True,nid007111,56977211
SparseHNSW_a0.8_b3,"M=32 efC=200 ef=10 alpha=0.8 beta=3 q=u8",64,0.8859791425,0.9476,170.4581,0.8105,0.0000,0.020323,"0.021300;0.020697;0.020323;0.020054;0.020001",5.887312,169856.81,,4.46,0,3452,10,True,nid007111,56977211
SparseHNSW_a0.8_b3,"M=32 efC=200 ef=20 alpha=0.8 beta=3 q=u8",64,0.8859791425,0.9476,170.4581,0.8105,0.0000,0.019816,"0.019818;0.019896;0.019816;0.019762;0.019742",5.740440,174202.66,,4.46,0,3452,10,True,nid007111,56977211
SparseHNSW_a0.8_b3,"M=32 efC=200 ef=50 alpha=0.8 beta=3 q=u8",64,0.9227114716,0.9705,170.4581,0.8105,0.0000,0.029771,"0.030203;0.029771;0.029782;0.029680;0.029618",8.624276,115951.77,,4.46,0,3452,10,True,nid007111,56977211
SparseHNSW_a0.8_b3,"M=32 efC=200 ef=100 alpha=0.8 beta=3 q=u8",64,0.9528389340,0.9875,170.4581,0.8105,0.0000,0.053427,"0.053493;0.053427;0.053440;0.053219;0.053273",15.477115,64611.53,,4.46,0,3452,10,True,nid007111,56977211
SparseHNSW_a0.8_b3,"M=32 efC=200 ef=200 alpha=0.8 beta=3 q=u8",64,0.9727694090,0.9974,170.4581,0.8105,0.0000,0.097753,"0.097753;0.097666;0.097717;0.097824;0.097965",28.317787,35313.49,,4.46,0,3452,10,True,nid007111,56977211
SparseHNSW_a0.8_b3,"M=32 efC=200 ef=400 alpha=0.8 beta=3 q=u8",64,0.9810254925,1.0000,170.4581,0.8105,0.0000,0.179361,"0.179024;0.179207;0.179361;0.179747;0.179557",51.958575,19246.10,,4.46,0,3452,10,True,nid007111,56977211
SparseHNSW_a0.8_b3,"M=32 efC=200 ef=800 alpha=0.8 beta=3 q=u8",64,0.9850231750,1.0000,170.4581,0.8105,0.0000,0.336379,"0.335993;0.338220;0.338310;0.335970;0.336379",97.444670,10262.23,,4.46,0,3452,10,True,nid007111,56977211
SparseHNSW_a0.8_b3,"M=32 efC=200 ef=1600 alpha=0.8 beta=3 q=u8",64,0.9877172654,1.0000,170.4581,0.8105,0.0000,0.643079,"0.641905;0.643334;0.643401;0.643079;0.642587",186.291715,5367.93,,4.46,0,3452,10,True,nid007111,56977211
SparseHNSW_a0.8_b3,"M=32 efC=200 ef=3200 alpha=0.8 beta=3 q=u8",64,0.9896581692,1.0000,170.4581,0.8105,0.0000,1.202418,"1.203250;1.201696;1.202418;1.201939;1.202959",348.325029,2870.88,,4.46,0,3452,10,True,nid007111,56977211
SparseHNSW_a0.8_b4,"M=32 efC=200 ef=10 alpha=0.8 beta=4 q=u8",64,0.9096755504,0.9606,170.4581,0.8105,0.0000,0.025496,"0.026704;0.025934;0.025496;0.025414;0.025232",7.385863,135393.79,,4.46,0,3452,10,True,nid007111,56977211
SparseHNSW_a0.8_b4,"M=32 efC=200 ef=20 alpha=0.8 beta=4 q=u8",64,0.9096755504,0.9606,170.4581,0.8105,0.0000,0.025111,"0.025214;0.025265;0.025036;0.025111;0.024987",7.274334,137469.63,,4.46,0,3452,10,True,nid007111,56977211
SparseHNSW_a0.8_b4,"M=32 efC=200 ef=50 alpha=0.8 beta=4 q=u8",64,0.9244785632,0.9705,170.4581,0.8105,0.0000,0.030011,"0.030165;0.030063;0.030011;0.029973;0.029938",8.693801,115024.49,,4.46,0,3452,10,True,nid007111,56977211
SparseHNSW_a0.8_b4,"M=32 efC=200 ef=100 alpha=0.8 beta=4 q=u8",64,0.9547508691,0.9875,170.4581,0.8105,0.0000,0.053665,"0.053716;0.053671;0.053665;0.053625;0.053567",15.546060,64324.98,,4.46,0,3452,10,True,nid007111,56977211
SparseHNSW_a0.8_b4,"M=32 efC=200 ef=200 alpha=0.8 beta=4 q=u8",64,0.9747392816,0.9974,170.4581,0.8105,0.0000,0.097918,"0.098111;0.097911;0.098191;0.097918;0.097611",28.365585,35253.99,,4.46,0,3452,10,True,nid007111,56977211
SparseHNSW_a0.8_b4,"M=32 efC=200 ef=400 alpha=0.8 beta=4 q=u8",64,0.9832560834,1.0000,170.4581,0.8105,0.0000,0.179271,"0.179542;0.179271;0.178964;0.179093;0.180021",51.932503,19255.76,,4.46,0,3452,10,True,nid007111,56977211
SparseHNSW_a0.8_b4,"M=32 efC=200 ef=800 alpha=0.8 beta=4 q=u8",64,0.9873117034,1.0000,170.4581,0.8105,0.0000,0.337028,"0.337749;0.336773;0.336840;0.337299;0.337028",97.632677,10242.47,,4.46,0,3452,10,True,nid007111,56977211
SparseHNSW_a0.8_b4,"M=32 efC=200 ef=1600 alpha=0.8 beta=4 q=u8",64,0.9900926999,1.0000,170.4581,0.8105,0.0000,0.642838,"0.643438;0.644175;0.642838;0.641649;0.642574",186.221900,5369.94,,4.46,0,3452,10,True,nid007111,56977211
SparseHNSW_a0.8_b4,"M=32 efC=200 ef=3200 alpha=0.8 beta=4 q=u8",64,0.9920336037,1.0000,170.4581,0.8105,0.0000,1.203881,"1.202298;1.203881;1.204798;1.204400;1.201771",348.748841,2867.39,,4.46,0,3452,10,True,nid007111,56977211
SparseHNSW_a0.8_b5,"M=32 efC=200 ef=10 alpha=0.8 beta=5 q=u8",64,0.9250000000,0.9705,170.4581,0.8105,0.0000,0.030987,"0.031707;0.031482;0.030987;0.030816;0.030758",8.976535,111401.56,,4.46,0,3452,10,True,nid007111,56977211
SparseHNSW_a0.8_b5,"M=32 efC=200 ef=20 alpha=0.8 beta=5 q=u8",64,0.9250000000,0.9705,170.4581,0.8105,0.0000,0.030399,"0.030502;0.030402;0.030375;0.030370;0.030399",8.806199,113556.37,,4.46,0,3452,10,True,nid007111,56977211
SparseHNSW_a0.8_b5,"M=32 efC=200 ef=50 alpha=0.8 beta=5 q=u8",64,0.9250000000,0.9705,170.4581,0.8105,0.0000,0.030282,"0.030385;0.030177;0.030411;0.030282;0.030264",8.772306,113995.11,,4.46,0,3452,10,True,nid007111,56977211
SparseHNSW_a0.8_b5,"M=32 efC=200 ef=100 alpha=0.8 beta=5 q=u8",64,0.9555619930,0.9878,170.4581,0.8105,0.0000,0.053949,"0.054070;0.053854;0.053949;0.053856;0.053993",15.628331,63986.36,,4.46,0,3452,10,True,nid007111,56977211
SparseHNSW_a0.8_b5,"M=32 efC=200 ef=200 alpha=0.8 beta=5 q=u8",64,0.9757531866,0.9977,170.4581,0.8105,0.0000,0.098277,"0.098384;0.098237;0.098430;0.098277;0.098222",28.469583,35125.21,,4.46,0,3452,10,True,nid007111,56977211
SparseHNSW_a0.8_b5,"M=32 efC=200 ef=400 alpha=0.8 beta=5 q=u8",64,0.9842120510,1.0000,170.4581,0.8105,0.0000,0.180099,"0.180383;0.180099;0.179324;0.180184;0.179696",52.172364,19167.24,,4.46,0,3452,10,True,nid007111,56977211
SparseHNSW_a0.8_b5,"M=32 efC=200 ef=800 alpha=0.8 beta=5 q=u8",64,0.9882387022,1.0000,170.4581,0.8105,0.0000,0.337740,"0.337194;0.338016;0.337791;0.337740;0.337737",97.838934,10220.88,,4.46,0,3452,10,True,nid007111,56977211
SparseHNSW_a0.8_b5,"M=32 efC=200 ef=1600 alpha=0.8 beta=5 q=u8",64,0.9909907300,1.0000,170.4581,0.8105,0.0000,0.643847,"0.644098;0.643847;0.645264;0.642893;0.643310",186.514195,5361.52,,4.46,0,3452,10,True,nid007111,56977211
SparseHNSW_a0.8_b5,"M=32 efC=200 ef=3200 alpha=0.8 beta=5 q=u8",64,0.9929316338,1.0000,170.4581,0.8105,0.0000,1.202627,"1.200668;1.202956;1.202220;1.202627;1.202930",348.385574,2870.38,,4.46,0,3452,10,True,nid007111,56977211
SparseHNSW_a0.8_b6,"M=32 efC=200 ef=10 alpha=0.8 beta=6 q=u8",64,0.9347334878,0.9760,170.4581,0.8105,0.0000,0.036141,"0.037166;0.036726;0.036141;0.035988;0.035862",10.469583,95514.79,,4.46,0,3452,10,True,nid007111,56977211
SparseHNSW_a0.8_b6,"M=32 efC=200 ef=20 alpha=0.8 beta=6 q=u8",64,0.9347334878,0.9760,170.4581,0.8105,0.0000,0.035609,"0.035613;0.035696;0.035609;0.035459;0.035458",10.315469,96941.78,,4.46,0,3452,10,True,nid007111,56977211
SparseHNSW_a0.8_b6,"M=32 efC=200 ef=50 alpha=0.8 beta=6 q=u8",64,0.9347334878,0.9760,170.4581,0.8105,0.0000,0.035489,"0.035512;0.035395;0.035502;0.035423;0.035489",10.280707,97269.58,,4.46,0,3452,10,True,nid007111,56977211
SparseHNSW_a0.8_b6,"M=32 efC=200 ef=100 alpha=0.8 beta=6 q=u8",64,0.9558806489,0.9878,170.4581,0.8105,0.0000,0.054213,"0.054213;0.054068;0.054234;0.054249;0.054085",15.704809,63674.76,,4.46,0,3452,10,True,nid007111,56977211
SparseHNSW_a0.8_b6,"M=32 efC=200 ef=200 alpha=0.8 beta=6 q=u8",64,0.9761587486,0.9977,170.4581,0.8105,0.0000,0.098552,"0.098692;0.098552;0.098609;0.098295;0.098402",28.549247,35027.19,,4.46,0,3452,10,True,nid007111,56977211
SparseHNSW_a0.8_b6,"M=32 efC=200 ef=400 alpha=0.8 beta=6 q=u8",64,0.9847045191,1.0000,170.4581,0.8105,0.0000,0.179972,"0.180319;0.179371;0.179972;0.179722;0.180068",52.135574,19180.76,,4.46,0,3452,10,True,nid007111,56977211
SparseHNSW_a0.8_b6,"M=32 efC=200 ef=800 alpha=0.8 beta=6 q=u8",64,0.9887601390,1.0000,170.4581,0.8105,0.0000,0.337185,"0.337756;0.337106;0.337785;0.336313;0.337185",97.678158,10237.70,,4.46,0,3452,10,True,nid007111,56977211
SparseHNSW_a0.8_b6,"M=32 efC=200 ef=1600 alpha=0.8 beta=6 q=u8",64,0.9915701043,1.0000,170.4581,0.8105,0.0000,0.644086,"0.644086;0.644488;0.643839;0.643721;0.644344",186.583430,5359.53,,4.46,0,3452,10,True,nid007111,56977211
SparseHNSW_a0.8_b6,"M=32 efC=200 ef=3200 alpha=0.8 beta=6 q=u8",64,0.9934820394,1.0000,170.4581,0.8105,0.0000,1.202150,"1.199924;1.202496;1.202814;1.201456;1.202150",348.247393,2871.52,,4.46,0,3452,10,True,nid007111,56977211
SparseHNSW_a0.8_b7,"M=32 efC=200 ef=10 alpha=0.8 beta=7 q=u8",64,0.9428157590,0.9806,170.4581,0.8105,0.0000,0.041188,"0.041528;0.041216;0.041188;0.040982;0.040631",11.931634,83810.82,,4.46,0,3452,10,True,nid007111,56977211
SparseHNSW_a0.8_b7,"M=32 efC=200 ef=20 alpha=0.8 beta=7 q=u8",64,0.9428157590,0.9806,170.4581,0.8105,0.0000,0.040706,"0.040714;0.040769;0.040534;0.040706;0.040588",11.792005,84803.22,,4.46,0,3452,10,True,nid007111,56977211
SparseHNSW_a0.8_b7,"M=32 efC=200 ef=50 alpha=0.8 beta=7 q=u8",64,0.9428157590,0.9806,170.4581,0.8105,0.0000,0.040566,"0.040551;0.040624;0.040494;0.040586;0.040566",11.751448,85095.89,,4.46,0,3452,10,True,nid007111,56977211
SparseHNSW_a0.8_b7,"M=32 efC=200 ef=100 alpha=0.8 beta=7 q=u8",64,0.9561993048,0.9878,170.4581,0.8105,0.0000,0.054552,"0.054360;0.054770;0.054552;0.054665;0.054352",15.803013,63279.07,,4.46,0,3452,10,True,nid007111,56977211
SparseHNSW_a0.8_b7,"M=32 efC=200 ef=200 alpha=0.8 beta=7 q=u8",64,0.9764194670,0.9977,170.4581,0.8105,0.0000,0.098823,"0.098823;0.098327;0.098798;0.098924;0.098896",28.627752,34931.14,,4.46,0,3452,10,True,nid007111,56977211
SparseHNSW_a0.8_b7,"M=32 efC=200 ef=400 alpha=0.8 beta=7 q=u8",64,0.9849942063,1.0000,170.4581,0.8105,0.0000,0.180099,"0.180081;0.180199;0.180335;0.179958;0.180099",52.172364,19167.24,,4.46,0,3452,10,True,nid007111,56977211
SparseHNSW_a0.8_b7,"M=32 efC=200 ef=800 alpha=0.8 beta=7 q=u8",64,0.9890787949,1.0000,170.4581,0.8105,0.0000,0.337531,"0.337705;0.337085;0.339534;0.337531;0.337378",97.778389,10227.21,,4.46,0,3452,10,True,nid007111,56977211
SparseHNSW_a0.8_b7,"M=32 efC=200 ef=1600 alpha=0.8 beta=7 q=u8",64,0.9918887601,1.0000,170.4581,0.8105,0.0000,0.643856,"0.646121;0.645780;0.643681;0.643856;0.643815",186.516802,5361.45,,4.46,0,3452,10,True,nid007111,56977211
SparseHNSW_a0.8_b7,"M=32 efC=200 ef=3200 alpha=0.8 beta=7 q=u8",64,0.9938876014,1.0000,170.4581,0.8105,0.0000,1.202570,"1.203493;1.203064;1.202301;1.202217;1.202570",348.369061,2870.52,,4.46,0,3452,10,True,nid007111,56977211
SparseHNSW_a0.8_b8,"M=32 efC=200 ef=10 alpha=0.8 beta=8 q=u8",64,0.9484646582,0.9835,170.4581,0.8105,0.0000,0.045897,"0.046525;0.046184;0.045897;0.045707;0.045795",13.295771,75211.89,,4.46,0,3452,10,True,nid007111,56977211
SparseHNSW_a0.8_b8,"M=32 efC=200 ef=20 alpha=0.8 beta=8 q=u8",64,0.9484646582,0.9835,170.4581,0.8105,0.0000,0.045625,"0.045726;0.045811;0.045625;0.045524;0.045523",13.216976,75660.27,,4.46,0,3452,10,True,nid007111,56977211
SparseHNSW_a0.8_b8,"M=32 efC=200 ef=50 alpha=0.8 beta=8 q=u8",64,0.9484646582,0.9835,170.4581,0.8105,0.0000,0.045512,"0.045412;0.045567;0.045605;0.045512;0.045342",13.184241,75848.13,,4.46,0,3452,10,True,nid007111,56977211
SparseHNSW_a0.8_b8,"M=32 efC=200 ef=100 alpha=0.8 beta=8 q=u8",64,0.9563731170,0.9878,170.4581,0.8105,0.0000,0.054930,"0.054794;0.054930;0.054910;0.055068;0.054939",15.912514,62843.62,,4.46,0,3452,10,True,nid007111,56977211
SparseHNSW_a0.8_b8,"M=32 efC=200 ef=200 alpha=0.8 beta=8 q=u8",64,0.9766512167,0.9977,170.4581,0.8105,0.0000,0.099102,"0.098977;0.098846;0.099267;0.099102;0.099448",28.708575,34832.80,,4.46,0,3452,10,True,nid007111,56977211
SparseHNSW_a0.8_b8,"M=32 efC=200 ef=400 alpha=0.8 beta=8 q=u8",64,0.9851390498,1.0000,170.4581,0.8105,0.0000,0.180359,"0.180359;0.180942;0.179797;0.180677;0.179615",52.247683,19139.60,,4.46,0,3452,10,True,nid007111,56977211
SparseHNSW_a0.8_b8,"M=32 efC=200 ef=800 alpha=0.8 beta=8 q=u8",64,0.9892236385,1.0000,170.4581,0.8105,0.0000,0.338818,"0.338039;0.337717;0.340141;0.338818;0.338824",98.151217,10188.36,,4.46,0,3452,10,True,nid007111,56977211
SparseHNSW_a0.8_b8,"M=32 efC=200 ef=1600 alpha=0.8 beta=8 q=u8",64,0.9920625724,1.0000,170.4581,0.8105,0.0000,0.644123,"0.645081;0.644305;0.644123;0.644043;0.643826",186.594148,5359.22,,4.46,0,3452,10,True,nid007111,56977211
SparseHNSW_a0.8_b8,"M=32 efC=200 ef=3200 alpha=0.8 beta=8 q=u8",64,0.9940614137,1.0000,170.4581,0.8105,0.0000,1.202962,"1.203300;1.202962;1.203631;1.202927;1.201835",348.482619,2869.58,,4.46,0,3452,10,True,nid007111,56977211
SparseHNSW_a0.85_b1,"M=32 efC=200 ef=10 alpha=0.85 beta=1 q=u8",64,0.6980880649,0.5152,190.7150,0.8114,0.0000,0.008973,"0.010220;0.009583;0.008973;0.008869;0.008832",2.599363,384709.68,,4.52,0,3452,10,True,nid007111,56977211
SparseHNSW_a0.85_b1,"M=32 efC=200 ef=20 alpha=0.85 beta=1 q=u8",64,0.7858922364,0.6126,190.7150,0.8114,0.0000,0.015292,"0.015502;0.015360;0.015292;0.015181;0.015148",4.429896,225738.95,,4.52,0,3452,10,True,nid007111,56977211
SparseHNSW_a0.85_b1,"M=32 efC=200 ef=50 alpha=0.85 beta=1 q=u8",64,0.8539397451,0.6924,190.7150,0.8114,0.0000,0.032119,"0.032523;0.032177;0.032119;0.031927;0.031805",9.304461,107475.33,,4.52,0,3452,10,True,nid007111,56977211
SparseHNSW_a0.85_b1,"M=32 efC=200 ef=100 alpha=0.85 beta=1 q=u8",64,0.8775202781,0.7185,190.7150,0.8114,0.0000,0.057759,"0.057733;0.057636;0.058025;0.057822;0.057759",16.732039,59765.58,,4.52,0,3452,10,True,nid007111,56977211
SparseHNSW_a0.85_b1,"M=32 efC=200 ef=200 alpha=0.85 beta=1 q=u8",64,0.8919177289,0.7327,190.7150,0.8114,0.0000,0.105308,"0.104889;0.105308;0.105734;0.104952;0.105977",30.506373,32780.04,,4.52,0,3452,10,True,nid007111,56977211
SparseHNSW_a0.85_b1,"M=32 efC=200 ef=400 alpha=0.85 beta=1 q=u8",64,0.8994495944,0.7424,190.7150,0.8114,0.0000,0.193218,"0.193259;0.192835;0.193056;0.193218;0.193429",55.972769,17865.83,,4.52,0,3452,10,True,nid007111,56977211
SparseHNSW_a0.85_b1,"M=32 efC=200 ef=800 alpha=0.85 beta=1 q=u8",64,0.9031865585,0.7497,190.7150,0.8114,0.0000,0.363918,"0.363268;0.363316;0.364138;0.363918;0.364367",105.422364,9485.65,,4.52,0,3452,10,True,nid007111,56977211
SparseHNSW_a0.85_b1,"M=32 efC=200 ef=1600 alpha=0.85 beta=1 q=u8",64,0.9058227115,0.7545,190.7150,0.8114,0.0000,0.695896,"0.695943;0.695771;0.695144;0.695896;0.696734",201.592121,4960.51,,4.52,0,3452,10,True,nid007111,56977211
SparseHNSW_a0.85_b1,"M=32 efC=200 ef=3200 alpha=0.85 beta=1 q=u8",64,0.9068945539,0.7573,190.7150,0.8114,0.0000,1.310047,"1.310047;1.311760;1.308865;1.312316;1.309657",379.503766,2635.02,,4.53,0,3452,10,True,nid007111,56977211
SparseHNSW_a0.85_b2,"M=32 efC=200 ef=10 alpha=0.85 beta=2 q=u8",64,0.8413093859,0.9218,190.7150,0.8114,0.0000,0.016236,"0.017072;0.016407;0.016236;0.016074;0.016072",4.703360,212613.94,,4.53,0,3452,10,True,nid007111,56977211
SparseHNSW_a0.85_b2,"M=32 efC=200 ef=20 alpha=0.85 beta=2 q=u8",64,0.8413093859,0.9218,190.7150,0.8114,0.0000,0.015894,"0.015995;0.015933;0.015862;0.015894;0.015769",4.604287,217188.88,,4.53,0,3452,10,True,nid007111,56977211
SparseHNSW_a0.85_b2,"M=32 efC=200 ef=50 alpha=0.85 beta=2 q=u8",64,0.9226825029,0.9728,190.7150,0.8114,0.0000,0.032726,"0.033107;0.032822;0.032684;0.032726;0.032501",9.480301,105481.88,,4.53,0,3452,10,True,nid007111,56977211
SparseHNSW_a0.85_b2,"M=32 efC=200 ef=100 alpha=0.85 beta=2 q=u8",64,0.9515353418,0.9878,190.7150,0.8114,0.0000,0.058487,"0.058487;0.058552;0.058520;0.058321;0.058388",16.942932,59021.66,,4.53,0,3452,10,True,nid007111,56977211
SparseHNSW_a0.85_b2,"M=32 efC=200 ef=200 alpha=0.85 beta=2 q=u8",64,0.9691772885,0.9957,190.7150,0.8114,0.0000,0.105988,"0.105167;0.105682;0.105988;0.106017;0.106352",30.703360,32569.72,,4.53,0,3452,10,True,nid007111,56977211
SparseHNSW_a0.85_b2,"M=32 efC=200 ef=400 alpha=0.85 beta=2 q=u8",64,0.9789107764,0.9991,190.7150,0.8114,0.0000,0.193650,"0.193914;0.193650;0.193793;0.193197;0.193647",56.097914,17825.97,,4.53,0,3452,10,True,nid007111,56977211
SparseHNSW_a0.85_b2,"M=32 efC=200 ef=800 alpha=0.85 beta=2 q=u8",64,0.9839803013,1.0000,190.7150,0.8114,0.0000,0.364631,"0.364030;0.364051;0.364631;0.364733;0.364738",105.628911,9467.11,,4.53,0,3452,10,True,nid007111,56977211
SparseHNSW_a0.85_b2,"M=32 efC=200 ef=1600 alpha=0.85 beta=2 q=u8",64,0.9873117034,1.0000,190.7150,0.8114,0.0000,0.696973,"0.696831;0.697208;0.697092;0.696973;0.696901",201.904114,4952.85,,4.53,0,3452,10,True,nid007111,56977211
SparseHNSW_a0.85_b2,"M=32 efC=200 ef=3200 alpha=0.85 beta=2 q=u8",64,0.9891946698,1.0000,190.7150,0.8114,0.0000,1.310639,"1.310916;1.310522;1.310639;1.309655;1.311022",379.675261,2633.83,,4.53,0,3452,10,True,nid007111,56977211
SparseHNSW_a0.85_b3,"M=32 efC=200 ef=10 alpha=0.85 beta=3 q=u8",64,0.8902665122,0.9513,190.7150,0.8114,0.0000,0.022370,"0.023295;0.022838;0.022370;0.022114;0.022076",6.480301,154313.81,,4.53,0,3452,10,True,nid007111,56977211
SparseHNSW_a0.85_b3,"M=32 efC=200 ef=20 alpha=0.85 beta=3 q=u8",64,0.8902665122,0.9513,190.7150,0.8114,0.0000,0.021815,"0.021883;0.021873;0.021815;0.021707;0.021743",6.319525,158239.74,,4.53,0,3452,10,True,nid007111,56977211
SparseHNSW_a0.85_b3,"M=32 efC=200 ef=50 alpha=0.85 beta=3 q=u8",64,0.9259269988,0.9728,190.7150,0.8114,0.0000,0.032911,"0.033124;0.032962;0.032911;0.032828;0.032813",9.533893,104888.94,,4.53,0,3452,10,True,nid007111,56977211
SparseHNSW_a0.85_b3,"M=32 efC=200 ef=100 alpha=0.85 beta=3 q=u8",64,0.9550405562,0.9878,190.7150,0.8114,0.0000,0.058596,"0.058596;0.058641;0.058731;0.058585;0.058521",16.974508,58911.87,,4.53,0,3452,10,True,nid007111,56977211
SparseHNSW_a0.85_b3,"M=32 efC=200 ef=200 alpha=0.85 beta=3 q=u8",64,0.9731170336,0.9957,190.7150,0.8114,0.0000,0.105731,"0.105731;0.105622;0.106503;0.105588;0.106130",30.628911,32648.89,,4.53,0,3452,10,True,nid007111,56977211
SparseHNSW_a0.85_b3,"M=32 efC=200 ef=400 alpha=0.85 beta=3 q=u8",64,0.9829374276,0.9991,190.7150,0.8114,0.0000,0.193969,"0.193969;0.194707;0.193882;0.193777;0.194159",56.190324,17796.66,,4.53,0,3452,10,True,nid007111,56977211
SparseHNSW_a0.85_b3,"M=32 efC=200 ef=800 alpha=0.85 beta=3 q=u8",64,0.9881807648,1.0000,190.7150,0.8114,0.0000,0.364536,"0.363683;0.364536;0.364327;0.364601;0.364856",105.601390,9469.57,,4.53,0,3452,10,True,nid007111,56977211
SparseHNSW_a0.85_b3,"M=32 efC=200 ef=1600 alpha=0.85 beta=3 q=u8",64,0.9916280417,1.0000,190.7150,0.8114,0.0000,0.696737,"0.695604;0.697385;0.696541;0.696737;0.697865",201.835747,4954.52,,4.53,0,3452,10,True,nid007111,56977211
SparseHNSW_a0.85_b3,"M=32 efC=200 ef=3200 alpha=0.85 beta=3 q=u8",64,0.9935399768,1.0000,190.7150,0.8114,0.0000,1.311310,"1.312638;1.312976;1.311310;1.309502;1.310184",379.869641,2632.48,,4.53,0,3452,10,True,nid007111,56977211
SparseHNSW_a0.85_b4,"M=32 efC=200 ef=10 alpha=0.85 beta=4 q=u8",64,0.9104287370,0.9623,190.7150,0.8114,0.0000,0.028172,"0.028994;0.028621;0.028172;0.028108;0.027856",8.161066,122533.01,,4.53,0,3452,10,True,nid007111,56977211
SparseHNSW_a0.85_b4,"M=32 efC=200 ef=20 alpha=0.85 beta=4 q=u8",64,0.9104287370,0.9623,190.7150,0.8114,0.0000,0.027696,"0.027852;0.027773;0.027696;0.027602;0.027619",8.023175,124638.94,,4.53,0,3452,10,True,nid007111,56977211
SparseHNSW_a0.85_b4,"M=32 efC=200 ef=50 alpha=0.85 beta=4 q=u8",64,0.9264194670,0.9728,190.7150,0.8114,0.0000,0.033034,"0.033034;0.033095;0.033131;0.032985;0.033013",9.569525,104498.40,,4.53,0,3452,10,True,nid007111,56977211
SparseHNSW_a0.85_b4,"M=32 efC=200 ef=100 alpha=0.85 beta=4 q=u8",64,0.9557937428,0.9878,190.7150,0.8114,0.0000,0.058847,"0.059121;0.058928;0.058779;0.058847;0.058709",17.047219,58660.59,,4.53,0,3452,10,True,nid007111,56977211
SparseHNSW_a0.85_b4,"M=32 efC=200 ef=200 alpha=0.85 beta=4 q=u8",64,0.9738991889,0.9957,190.7150,0.8114,0.0000,0.106322,"0.106496;0.106115;0.106306;0.106391;0.106322",30.800116,32467.41,,4.53,0,3452,10,True,nid007111,56977211
SparseHNSW_a0.85_b4,"M=32 efC=200 ef=400 alpha=0.85 beta=4 q=u8",64,0.9837775203,0.9991,190.7150,0.8114,0.0000,0.194340,"0.194340;0.193508;0.194411;0.194122;0.194654",56.297798,17762.68,,4.53,0,3452,10,True,nid007111,56977211
SparseHNSW_a0.85_b4,"M=32 efC=200 ef=800 alpha=0.85 beta=4 q=u8",64,0.9891367323,1.0000,190.7150,0.8114,0.0000,0.364744,"0.364598;0.364744;0.364385;0.364988;0.365599",105.661645,9464.17,,4.53,0,3452,10,True,nid007111,56977211
SparseHNSW_a0.85_b4,"M=32 efC=200 ef=1600 alpha=0.85 beta=4 q=u8",64,0.9925840093,1.0000,190.7150,0.8114,0.0000,0.698002,"0.698111;0.697155;0.699249;0.698002;0.697786",202.202202,4945.54,,4.53,0,3452,10,True,nid007111,56977211
SparseHNSW_a0.85_b4,"M=32 efC=200 ef=3200 alpha=0.85 beta=4 q=u8",64,0.9945538818,1.0000,190.7150,0.8114,0.0000,1.310661,"1.310516;1.310452;1.311444;1.311457;1.310661",379.681634,2633.79,,4.53,0,3452,10,True,nid007111,56977211
SparseHNSW_a0.85_b5,"M=32 efC=200 ef=10 alpha=0.85 beta=5 q=u8",64,0.9264774044,0.9728,190.7150,0.8114,0.0000,0.033993,"0.034640;0.034155;0.033993;0.033734;0.033525",9.847335,101550.32,,4.53,0,3452,10,True,nid007111,56977211
SparseHNSW_a0.85_b5,"M=32 efC=200 ef=20 alpha=0.85 beta=5 q=u8",64,0.9264774044,0.9728,190.7150,0.8114,0.0000,0.033413,"0.033356;0.033501;0.033413;0.033462;0.033345",9.679316,103313.08,,4.53,0,3452,10,True,nid007111,56977211
SparseHNSW_a0.85_b5,"M=32 efC=200 ef=50 alpha=0.85 beta=5 q=u8",64,0.9264774044,0.9728,190.7150,0.8114,0.0000,0.033286,"0.033331;0.033259;0.033286;0.033330;0.033269",9.642526,103707.26,,4.53,0,3452,10,True,nid007111,56977211
SparseHNSW_a0.85_b5,"M=32 efC=200 ef=100 alpha=0.85 beta=5 q=u8",64,0.9559675550,0.9878,190.7150,0.8114,0.0000,0.059056,"0.059239;0.059229;0.059056;0.058973;0.058863",17.107764,58452.99,,4.53,0,3452,10,True,nid007111,56977211
SparseHNSW_a0.85_b5,"M=32 efC=200 ef=200 alpha=0.85 beta=5 q=u8",64,0.9740730012,0.9957,190.7150,0.8114,0.0000,0.106430,"0.106151;0.106874;0.106410;0.106430;0.106754",30.831402,32434.46,,4.53,0,3452,10,True,nid007111,56977211
SparseHNSW_a0.85_b5,"M=32 efC=200 ef=400 alpha=0.85 beta=5 q=u8",64,0.9839513326,0.9991,190.7150,0.8114,0.0000,0.194272,"0.194801;0.194283;0.193913;0.194272;0.193884",56.278100,17768.90,,4.53,0,3452,10,True,nid007111,56977211
SparseHNSW_a0.85_b5,"M=32 efC=200 ef=800 alpha=0.85 beta=5 q=u8",64,0.9893395133,1.0000,190.7150,0.8114,0.0000,0.365647,"0.364800;0.365664;0.365647;0.364640;0.365824",105.923233,9440.80,,4.53,0,3452,10,True,nid007111,56977211
SparseHNSW_a0.85_b5,"M=32 efC=200 ef=1600 alpha=0.85 beta=5 q=u8",64,0.9928157590,1.0000,190.7150,0.8114,0.0000,0.697454,"0.697298;0.697197;0.698247;0.697454;0.698594",202.043453,4949.43,,4.53,0,3452,10,True,nid007111,56977211
SparseHNSW_a0.85_b5,"M=32 efC=200 ef=3200 alpha=0.85 beta=5 q=u8",64,0.9948146002,1.0000,190.7150,0.8114,0.0000,1.311646,"1.311646;1.310537;1.312499;1.312500;1.310478",379.966976,2631.81,,4.53,0,3452,10,True,nid007111,56977211
SparseHNSW_a0.85_b6,"M=32 efC=200 ef=10 alpha=0.85 beta=6 q=u8",64,0.9367612978,0.9786,190.7150,0.8114,0.0000,0.039474,"0.040569;0.039868;0.039474;0.039389;0.039199",11.435110,87449.97,,4.53,0,3452,10,True,nid007111,56977211
SparseHNSW_a0.85_b6,"M=32 efC=200 ef=20 alpha=0.85 beta=6 q=u8",64,0.9367612978,0.9786,190.7150,0.8114,0.0000,0.039142,"0.039142;0.039306;0.039094;0.039166;0.038977",11.338934,88191.71,,4.53,0,3452,10,True,nid007111,56977211
SparseHNSW_a0.85_b6,"M=32 efC=200 ef=50 alpha=0.85 beta=6 q=u8",64,0.9367612978,0.9786,190.7150,0.8114,0.0000,0.038900,"0.038955;0.038913;0.038771;0.038900;0.038824",11.268830,88740.36,,4.53,0,3452,10,True,nid007111,56977211
SparseHNSW_a0.85_b6,"M=32 efC=200 ef=100 alpha=0.85 beta=6 q=u8",64,0.9560254925,0.9878,190.7150,0.8114,0.0000,0.059281,"0.059281;0.059351;0.059480;0.059200;0.059275",17.172943,58231.14,,4.53,0,3452,10,True,nid007111,56977211
SparseHNSW_a0.85_b6,"M=32 efC=200 ef=200 alpha=0.85 beta=6 q=u8",64,0.9741888760,0.9957,190.7150,0.8114,0.0000,0.107066,"0.106679;0.106772;0.107116;0.107066;0.107093",31.015643,32241.79,,4.53,0,3452,10,True,nid007111,56977211
SparseHNSW_a0.85_b6,"M=32 efC=200 ef=400 alpha=0.85 beta=6 q=u8",64,0.9840961761,0.9991,190.7150,0.8114,0.0000,0.194697,"0.194697;0.194920;0.195009;0.194656;0.194177",56.401217,17730.11,,4.53,0,3452,10,True,nid007111,56977211
SparseHNSW_a0.85_b6,"M=32 efC=200 ef=800 alpha=0.85 beta=6 q=u8",64,0.9894553882,1.0000,190.7150,0.8114,0.0000,0.365344,"0.366024;0.364999;0.365344;0.363926;0.365683",105.835458,9448.63,,4.53,0,3452,10,True,nid007111,56977211
SparseHNSW_a0.85_b6,"M=32 efC=200 ef=1600 alpha=0.85 beta=6 q=u8",64,0.9929606025,1.0000,190.7150,0.8114,0.0000,0.698574,"0.696995;0.697477;0.698574;0.699152;0.698753",202.367903,4941.50,,4.53,0,3452,10,True,nid007111,56977211
SparseHNSW_a0.85_b6,"M=32 efC=200 ef=3200 alpha=0.85 beta=6 q=u8",64,0.9949304751,1.0000,190.7150,0.8114,0.0000,1.310123,"1.307671;1.310123;1.308841;1.311436;1.310508",379.525782,2634.87,,4.53,0,3452,10,True,nid007111,56977211
SparseHNSW_a0.85_b7,"M=32 efC=200 ef=10 alpha=0.85 beta=7 q=u8",64,0.9428736964,0.9812,190.7150,0.8114,0.0000,0.044851,"0.045282;0.045232;0.044851;0.044630;0.044587",12.992758,76965.95,,4.53,0,3452,10,True,nid007111,56977211
SparseHNSW_a0.85_b7,"M=32 efC=200 ef=20 alpha=0.85 beta=7 q=u8",64,0.9428736964,0.9812,190.7150,0.8114,0.0000,0.044572,"0.044648;0.044641;0.044572;0.044426;0.044351",12.911935,77447.73,,4.53,0,3452,10,True,nid007111,56977211
SparseHNSW_a0.85_b7,"M=32 efC=200 ef=50 alpha=0.85 beta=7 q=u8",64,0.9428736964,0.9812,190.7150,0.8114,0.0000,0.044406,"0.044414;0.044406;0.044318;0.044252;0.044445",12.863847,77737.24,,4.53,0,3452,10,True,nid007111,56977211
SparseHNSW_a0.85_b7,"M=32 efC=200 ef=100 alpha=0.85 beta=7 q=u8",64,0.9560834299,0.9878,190.7150,0.8114,0.0000,0.059589,"0.059444;0.059716;0.059589;0.059815;0.059482",17.262167,57930.15,,4.53,0,3452,10,True,nid007111,56977211
SparseHNSW_a0.85_b7,"M=32 efC=200 ef=200 alpha=0.85 beta=7 q=u8",64,0.9742468134,0.9957,190.7150,0.8114,0.0000,0.106919,"0.106919;0.106900;0.106964;0.107426;0.106668",30.973059,32286.12,,4.53,0,3452,10,True,nid007111,56977211
SparseHNSW_a0.85_b7,"M=32 efC=200 ef=400 alpha=0.85 beta=7 q=u8",64,0.9841541136,0.9991,190.7150,0.8114,0.0000,0.194694,"0.194694;0.194494;0.194835;0.194510;0.195069",56.400348,17730.39,,4.53,0,3452,10,True,nid007111,56977211
SparseHNSW_a0.85_b7,"M=32 efC=200 ef=800 alpha=0.85 beta=7 q=u8",64,0.9895422943,1.0000,190.7150,0.8114,0.0000,0.365591,"0.365591;0.365089;0.365777;0.365507;0.366687",105.907010,9442.25,,4.53,0,3452,10,True,nid007111,56977211
SparseHNSW_a0.85_b7,"M=32 efC=200 ef=1600 alpha=0.85 beta=7 q=u8",64,0.9930475087,1.0000,190.7150,0.8114,0.0000,0.698633,"0.699290;0.698407;0.698633;0.698539;0.700538",202.384994,4941.08,,4.53,0,3452,10,True,nid007111,56977211
SparseHNSW_a0.85_b7,"M=32 efC=200 ef=3200 alpha=0.85 beta=7 q=u8",64,0.9950463499,1.0000,190.7150,0.8114,0.0000,1.309431,"1.309431;1.309933;1.308339;1.309840;1.308917",379.325319,2636.26,,4.53,0,3452,10,True,nid007111,56977211
SparseHNSW_a0.85_b8,"M=32 efC=200 ef=10 alpha=0.85 beta=8 q=u8",64,0.9476535342,0.9832,190.7150,0.8114,0.0000,0.050391,"0.050712;0.050462;0.050391;0.050008;0.050279",14.597625,68504.30,,4.53,0,3452,10,True,nid007111,56977211
SparseHNSW_a0.85_b8,"M=32 efC=200 ef=20 alpha=0.85 beta=8 q=u8",64,0.9476535342,0.9832,190.7150,0.8114,0.0000,0.049943,"0.049990;0.049917;0.050060;0.049855;0.049943",14.467845,69118.80,,4.53,0,3452,10,True,nid007111,56977211
SparseHNSW_a0.85_b8,"M=32 efC=200 ef=50 alpha=0.85 beta=8 q=u8",64,0.9476535342,0.9832,190.7150,0.8114,0.0000,0.049813,"0.049796;0.049881;0.050012;0.049813;0.049707",14.430185,69299.18,,4.53,0,3452,10,True,nid007111,56977211
SparseHNSW_a0.85_b8,"M=32 efC=200 ef=100 alpha=0.85 beta=8 q=u8",64,0.9561413673,0.9878,190.7150,0.8114,0.0000,0.059852,"0.059593;0.059852;0.059682;0.059908;0.059910",17.338355,57675.60,,4.53,0,3452,10,True,nid007111,56977211
SparseHNSW_a0.85_b8,"M=32 efC=200 ef=200 alpha=0.85 beta=8 q=u8",64,0.9742757822,0.9957,190.7150,0.8114,0.0000,0.107137,"0.106572;0.107424;0.107161;0.106930;0.107137",31.036211,32220.43,,4.53,0,3452,10,True,nid007111,56977211
SparseHNSW_a0.85_b8,"M=32 efC=200 ef=400 alpha=0.85 beta=8 q=u8",64,0.9841830823,0.9991,190.7150,0.8114,0.0000,0.194867,"0.194052;0.194867;0.194294;0.195454;0.194893",56.450463,17714.65,,4.53,0,3452,10,True,nid007111,56977211
SparseHNSW_a0.85_b8,"M=32 efC=200 ef=800 alpha=0.85 beta=8 q=u8",64,0.9895712630,1.0000,190.7150,0.8114,0.0000,0.366092,"0.366092;0.365143;0.366115;0.366640;0.365333",106.052144,9429.32,,4.53,0,3452,10,True,nid007111,56977211
SparseHNSW_a0.85_b8,"M=32 efC=200 ef=1600 alpha=0.85 beta=8 q=u8",64,0.9930475087,1.0000,190.7150,0.8114,0.0000,0.698360,"0.698757;0.698360;0.698333;0.698018;0.701139",202.305910,4943.01,,4.53,0,3452,10,True,nid007111,56977211
SparseHNSW_a0.85_b8,"M=32 efC=200 ef=3200 alpha=0.85 beta=8 q=u8",64,0.9950463499,1.0000,190.7150,0.8114,0.0000,1.308426,"1.308426;1.310812;1.309028;1.306138;1.308181",379.034183,2638.28,,4.53,0,3452,10,True,nid007111,56977211
SparseHNSW_a0.9_b1,"M=32 efC=200 ef=10 alpha=0.9 beta=1 q=u8",64,0.7043163384,0.5165,216.3556,0.8188,0.0000,0.010273,"0.011272;0.010728;0.010273;0.010208;0.010260",2.975956,336026.48,,4.62,0,3452,10,True,nid007111,56977211
SparseHNSW_a0.9_b1,"M=32 efC=200 ef=20 alpha=0.9 beta=1 q=u8",64,0.8042294322,0.6408,216.3556,0.8188,0.0000,0.017620,"0.017779;0.017712;0.017620;0.017549;0.017453",5.104287,195913.73,,4.62,0,3452,10,True,nid007111,56977211
SparseHNSW_a0.9_b1,"M=32 efC=200 ef=50 alpha=0.9 beta=1 q=u8",64,0.8731460023,0.7259,216.3556,0.8188,0.0000,0.036717,"0.037173;0.037015;0.036717;0.036577;0.036492",10.636443,94016.40,,4.62,0,3452,10,True,nid007111,56977211
SparseHNSW_a0.9_b1,"M=32 efC=200 ef=100 alpha=0.9 beta=1 q=u8",64,0.9076477404,0.7606,216.3556,0.8188,0.0000,0.065507,"0.065507;0.065430;0.065579;0.065511;0.065307",18.976535,52696.66,,4.62,0,3452,10,True,nid007111,56977211
SparseHNSW_a0.9_b1,"M=32 efC=200 ef=200 alpha=0.9 beta=1 q=u8",64,0.9213789108,0.7772,216.3556,0.8188,0.0000,0.118818,"0.118931;0.118384;0.118818;0.119112;0.118113",34.420046,29052.84,,4.62,0,3452,10,True,nid007111,56977211
SparseHNSW_a0.9_b1,"M=32 efC=200 ef=400 alpha=0.9 beta=1 q=u8",64,0.9296639629,0.7879,216.3556,0.8188,0.0000,0.216019,"0.216437;0.216012;0.215134;0.217434;0.216019",62.577926,15980.08,,4.62,0,3452,10,True,nid007111,56977211
SparseHNSW_a0.9_b1,"M=32 efC=200 ef=800 alpha=0.9 beta=1 q=u8",64,0.9326767092,0.7944,216.3556,0.8188,0.0000,0.404846,"0.404846;0.404746;0.405615;0.406536;0.404426",117.278679,8526.70,,4.62,0,3452,10,True,nid007111,56977211
SparseHNSW_a0.9_b1,"M=32 efC=200 ef=1600 alpha=0.9 beta=1 q=u8",64,0.9354577057,0.7986,216.3556,0.8188,0.0000,0.774209,"0.774209;0.773478;0.774920;0.773776;0.774643",224.278389,4458.74,,4.62,0,3452,10,True,nid007111,56977211
SparseHNSW_a0.9_b1,"M=32 efC=200 ef=3200 alpha=0.9 beta=1 q=u8",64,0.9365005794,0.8001,216.3556,0.8188,0.0000,1.452406,"1.452406;1.452330;1.453308;1.450561;1.455102",420.743337,2376.75,,4.62,0,3452,10,True,nid007111,56977211
SparseHNSW_a0.9_b2,"M=32 efC=200 ef=10 alpha=0.9 beta=2 q=u8",64,0.8391657010,0.9181,216.3556,0.8188,0.0000,0.018420,"0.019180;0.018661;0.018420;0.018397;0.018230",5.336037,187404.99,,4.62,0,3452,10,True,nid007111,56977211
SparseHNSW_a0.9_b2,"M=32 efC=200 ef=20 alpha=0.9 beta=2 q=u8",64,0.8391657010,0.9181,216.3556,0.8188,0.0000,0.018067,"0.018125;0.018098;0.018067;0.017965;0.017996",5.233778,191066.59,,4.62,0,3452,10,True,nid007111,56977211
SparseHNSW_a0.9_b2,"M=32 efC=200 ef=50 alpha=0.9 beta=2 q=u8",64,0.9185110081,0.9658,216.3556,0.8188,0.0000,0.037312,"0.037677;0.037362;0.037312;0.037152;0.037005",10.808806,92517.15,,4.62,0,3452,10,True,nid007111,56977211
SparseHNSW_a0.9_b2,"M=32 efC=200 ef=100 alpha=0.9 beta=2 q=u8",64,0.9579374276,0.9899,216.3556,0.8188,0.0000,0.065899,"0.066208;0.065923;0.065746;0.065878;0.065899",19.090093,52383.19,,4.62,0,3452,10,True,nid007111,56977211
SparseHNSW_a0.9_b2,"M=32 efC=200 ef=200 alpha=0.9 beta=2 q=u8",64,0.9739571263,0.9959,216.3556,0.8188,0.0000,0.118973,"0.118973;0.119266;0.118961;0.119051;0.118882",34.464948,29014.99,,4.62,0,3452,10,True,nid007111,56977211
SparseHNSW_a0.9_b2,"M=32 efC=200 ef=400 alpha=0.9 beta=2 q=u8",64,0.9841541136,0.9991,216.3556,0.8188,0.0000,0.215860,"0.216026;0.215160;0.215860;0.215522;0.216702",62.531866,15991.85,,4.62,0,3452,10,True,nid007111,56977211
SparseHNSW_a0.9_b2,"M=32 efC=200 ef=800 alpha=0.9 beta=2 q=u8",64,0.9880938586,0.9997,216.3556,0.8188,0.0000,0.406145,"0.404447;0.406353;0.406291;0.405698;0.406145",117.654983,8499.43,,4.62,0,3452,10,True,nid007111,56977211
SparseHNSW_a0.9_b2,"M=32 efC=200 ef=1600 alpha=0.9 beta=2 q=u8",64,0.9915990730,1.0000,216.3556,0.8188,0.0000,0.772658,"0.774043;0.772658;0.773798;0.770701;0.771026",223.829085,4467.69,,4.62,0,3452,10,True,nid007111,56977211
SparseHNSW_a0.9_b2,"M=32 efC=200 ef=3200 alpha=0.9 beta=2 q=u8",64,0.9931923523,1.0000,216.3556,0.8188,0.0000,1.452848,"1.452867;1.452584;1.449314;1.453039;1.452848",420.871379,2376.02,,4.62,0,3452,10,True,nid007111,56977211
SparseHNSW_a0.9_b3,"M=32 efC=200 ef=10 alpha=0.9 beta=3 q=u8",64,0.8811413673,0.9421,216.3556,0.8188,0.0000,0.025200,"0.026096;0.025641;0.025200;0.025167;0.024971",7.300116,136984.13,,4.62,0,3452,10,True,nid007111,56977211
SparseHNSW_a0.9_b3,"M=32 efC=200 ef=20 alpha=0.9 beta=3 q=u8",64,0.8811413673,0.9421,216.3556,0.8188,0.0000,0.024748,"0.024958;0.024803;0.024748;0.024725;0.024711",7.169177,139486.02,,4.62,0,3452,10,True,nid007111,56977211
SparseHNSW_a0.9_b3,"M=32 efC=200 ef=50 alpha=0.9 beta=3 q=u8",64,0.9192931634,0.9658,216.3556,0.8188,0.0000,0.037465,"0.037487;0.037465;0.037604;0.037441;0.037341",10.853129,92139.33,,4.62,0,3452,10,True,nid007111,56977211
SparseHNSW_a0.9_b3,"M=32 efC=200 ef=100 alpha=0.9 beta=3 q=u8",64,0.9589513326,0.9899,216.3556,0.8188,0.0000,0.066144,"0.066485;0.066144;0.066136;0.066158;0.065902",19.161066,52189.16,,4.62,0,3452,10,True,nid007111,56977211
SparseHNSW_a0.9_b3,"M=32 efC=200 ef=200 alpha=0.9 beta=3 q=u8",64,0.9750579374,0.9959,216.3556,0.8188,0.0000,0.119276,"0.118879;0.119884;0.119716;0.118755;0.119276",34.552723,28941.28,,4.62,0,3452,10,True,nid007111,56977211
SparseHNSW_a0.9_b3,"M=32 efC=200 ef=400 alpha=0.9 beta=3 q=u8",64,0.9852838934,0.9991,216.3556,0.8188,0.0000,0.216238,"0.215912;0.216665;0.216359;0.216238;0.215563",62.641367,15963.89,,4.62,0,3452,10,True,nid007111,56977211
SparseHNSW_a0.9_b3,"M=32 efC=200 ef=800 alpha=0.9 beta=3 q=u8",64,0.9892526072,0.9997,216.3556,0.8188,0.0000,0.405586,"0.404488;0.406225;0.404197;0.405586;0.406022",117.493048,8511.14,,4.62,0,3452,10,True,nid007111,56977211
SparseHNSW_a0.9_b3,"M=32 efC=200 ef=1600 alpha=0.9 beta=3 q=u8",64,0.9927578216,1.0000,216.3556,0.8188,0.0000,0.773272,"0.774296;0.772659;0.774248;0.773272;0.772073",224.006952,4464.15,,4.62,0,3452,10,True,nid007111,56977211
SparseHNSW_a0.9_b3,"M=32 efC=200 ef=3200 alpha=0.9 beta=3 q=u8",64,0.9943800695,1.0000,216.3556,0.8188,0.0000,1.451526,"1.451907;1.451390;1.451526;1.449537;1.455243",420.488413,2378.19,,4.62,0,3452,10,True,nid007111,56977211
SparseHNSW_a0.9_b4,"M=32 efC=200 ef=10 alpha=0.9 beta=4 q=u8",64,0.9055040556,0.9568,216.3556,0.8188,0.0000,0.032115,"0.032781;0.032561;0.032115;0.031953;0.031853",9.303302,107488.71,,4.62,0,3452,10,True,nid007111,56977211
SparseHNSW_a0.9_b4,"M=32 efC=200 ef=20 alpha=0.9 beta=4 q=u8",64,0.9055040556,0.9568,216.3556,0.8188,0.0000,0.031674,"0.031823;0.031678;0.031626;0.031674;0.031559",9.175550,108985.29,,4.62,0,3452,10,True,nid007111,56977211
SparseHNSW_a0.9_b4,"M=32 efC=200 ef=50 alpha=0.9 beta=4 q=u8",64,0.9193800695,0.9658,216.3556,0.8188,0.0000,0.037774,"0.037774;0.037772;0.037859;0.037892;0.037629",10.942642,91385.61,,4.62,0,3452,10,True,nid007111,56977211
SparseHNSW_a0.9_b4,"M=32 efC=200 ef=100 alpha=0.9 beta=4 q=u8",64,0.9591251448,0.9899,216.3556,0.8188,0.0000,0.066296,"0.066461;0.066379;0.066296;0.066188;0.066212",19.205098,52069.51,,4.62,0,3452,10,True,nid007111,56977211
SparseHNSW_a0.9_b4,"M=32 efC=200 ef=200 alpha=0.9 beta=4 q=u8",64,0.9752896871,0.9959,216.3556,0.8188,0.0000,0.119623,"0.119730;0.119623;0.119475;0.119190;0.119708",34.653244,28857.33,,4.62,0,3452,10,True,nid007111,56977211
SparseHNSW_a0.9_b4,"M=32 efC=200 ef=400 alpha=0.9 beta=4 q=u8",64,0.9855156431,0.9991,216.3556,0.8188,0.0000,0.216101,"0.214900;0.215963;0.216577;0.216760;0.216101",62.601680,15974.01,,4.62,0,3452,10,True,nid007111,56977211
SparseHNSW_a0.9_b4,"M=32 efC=200 ef=800 alpha=0.9 beta=4 q=u8",64,0.9894843569,0.9997,216.3556,0.8188,0.0000,0.405613,"0.405613;0.404983;0.404830;0.407175;0.406616",117.500869,8510.58,,4.62,0,3452,10,True,nid007111,56977211
SparseHNSW_a0.9_b4,"M=32 efC=200 ef=1600 alpha=0.9 beta=4 q=u8",64,0.9930185400,1.0000,216.3556,0.8188,0.0000,0.772845,"0.775154;0.772197;0.772845;0.771533;0.773753",223.883256,4466.61,,4.62,0,3452,10,True,nid007111,56977211
SparseHNSW_a0.9_b4,"M=32 efC=200 ef=3200 alpha=0.9 beta=4 q=u8",64,0.9946407879,1.0000,216.3556,0.8188,0.0000,1.452752,"1.450761;1.449526;1.453363;1.452752;1.456479",420.843569,2376.18,,4.62,0,3452,10,True,nid007111,56977211
SparseHNSW_a0.9_b5,"M=32 efC=200 ef=10 alpha=0.9 beta=5 q=u8",64,0.9193800695,0.9658,216.3556,0.8188,0.0000,0.038556,"0.039072;0.038834;0.038556;0.038220;0.038183",11.169177,89532.11,,4.62,0,3452,10,True,nid007111,56977211
SparseHNSW_a0.9_b5,"M=32 efC=200 ef=20 alpha=0.9 beta=5 q=u8",64,0.9193800695,0.9658,216.3556,0.8188,0.0000,0.037957,"0.037957;0.037884;0.038133;0.037902;0.037980",10.995655,90945.02,,4.62,0,3452,10,True,nid007111,56977211
SparseHNSW_a0.9_b5,"M=32 efC=200 ef=50 alpha=0.9 beta=5 q=u8",64,0.9193800695,0.9658,216.3556,0.8188,0.0000,0.037971,"0.037968;0.037971;0.037978;0.038070;0.037962",10.999710,90911.49,,4.62,0,3452,10,True,nid007111,56977211
SparseHNSW_a0.9_b5,"M=32 efC=200 ef=100 alpha=0.9 beta=5 q=u8",64,0.9591251448,0.9899,216.3556,0.8188,0.0000,0.066724,"0.066492;0.067051;0.066888;0.066573;0.066724",19.329085,51735.51,,4.62,0,3452,10,True,nid007111,56977211
SparseHNSW_a0.9_b5,"M=32 efC=200 ef=200 alpha=0.9 beta=5 q=u8",64,0.9752896871,0.9959,216.3556,0.8188,0.0000,0.119333,"0.119588;0.119322;0.119072;0.119953;0.119333",34.569235,28927.46,,4.62,0,3452,10,True,nid007111,56977211
SparseHNSW_a0.9_b5,"M=32 efC=200 ef=400 alpha=0.9 beta=5 q=u8",64,0.9855156431,0.9991,216.3556,0.8188,0.0000,0.216997,"0.216997;0.218273;0.216500;0.216818;0.217543",62.861240,15908.05,,4.62,0,3452,10,True,nid007111,56977211
SparseHNSW_a0.9_b5,"M=32 efC=200 ef=800 alpha=0.9 beta=5 q=u8",64,0.9894843569,0.9997,216.3556,0.8188,0.0000,0.406339,"0.406259;0.408250;0.407409;0.405462;0.406339",117.711182,8495.37,,4.62,0,3452,10,True,nid007111,56977211
SparseHNSW_a0.9_b5,"M=32 efC=200 ef=1600 alpha=0.9 beta=5 q=u8",64,0.9930185400,1.0000,216.3556,0.8188,0.0000,0.774696,"0.774696;0.775577;0.772952;0.774701;0.771904",224.419467,4455.94,,4.62,0,3452,10,True,nid007111,56977211
SparseHNSW_a0.9_b5,"M=32 efC=200 ef=3200 alpha=0.9 beta=5 q=u8",64,0.9946407879,1.0000,216.3556,0.8188,0.0000,1.452815,"1.454292;1.450685;1.452815;1.452505;1.455092",420.861819,2376.08,,4.62,0,3452,10,True,nid007111,56977211
SparseHNSW_a0.9_b6,"M=32 efC=200 ef=10 alpha=0.9 beta=6 q=u8",64,0.9318655852,0.9736,216.3556,0.8188,0.0000,0.044921,"0.045437;0.045047;0.044921;0.044554;0.044381",13.013036,76846.02,,4.62,0,3452,10,True,nid007111,56977211
SparseHNSW_a0.9_b6,"M=32 efC=200 ef=20 alpha=0.9 beta=6 q=u8",64,0.9318655852,0.9736,216.3556,0.8188,0.0000,0.044253,"0.044183;0.044312;0.044268;0.044204;0.044253",12.819525,78006.01,,4.62,0,3452,10,True,nid007111,56977211
SparseHNSW_a0.9_b6,"M=32 efC=200 ef=50 alpha=0.9 beta=6 q=u8",64,0.9318655852,0.9736,216.3556,0.8188,0.0000,0.044016,"0.043982;0.044191;0.043930;0.044016;0.044018",12.750869,78426.03,,4.62,0,3452,10,True,nid007111,56977211
SparseHNSW_a0.9_b6,"M=32 efC=200 ef=100 alpha=0.9 beta=6 q=u8",64,0.9591251448,0.9899,216.3556,0.8188,0.0000,0.066754,"0.066956;0.067101;0.066754;0.066613;0.066384",19.337775,51712.26,,4.62,0,3452,10,True,nid007111,56977211
SparseHNSW_a0.9_b6,"M=32 efC=200 ef=200 alpha=0.9 beta=6 q=u8",64,0.9752896871,0.9959,216.3556,0.8188,0.0000,0.119935,"0.119494;0.120116;0.119935;0.119593;0.120023",34.743627,28782.26,,4.62,0,3452,10,True,nid007111,56977211
SparseHNSW_a0.9_b6,"M=32 efC=200 ef=400 alpha=0.9 beta=6 q=u8",64,0.9855156431,0.9991,216.3556,0.8188,0.0000,0.216633,"0.216750;0.216633;0.216849;0.216420;0.216305",62.755794,15934.78,,4.62,0,3452,10,True,nid007111,56977211
SparseHNSW_a0.9_b6,"M=32 efC=200 ef=800 alpha=0.9 beta=6 q=u8",64,0.9894843569,0.9997,216.3556,0.8188,0.0000,0.406029,"0.405971;0.405467;0.406093;0.406029;0.406071",117.621379,8501.86,,4.62,0,3452,10,True,nid007111,56977211
SparseHNSW_a0.9_b6,"M=32 efC=200 ef=1600 alpha=0.9 beta=6 q=u8",64,0.9930185400,1.0000,216.3556,0.8188,0.0000,0.774359,"0.774359;0.774020;0.773875;0.774447;0.774635",224.321842,4457.88,,4.62,0,3452,10,True,nid007111,56977211
SparseHNSW_a0.9_b6,"M=32 efC=200 ef=3200 alpha=0.9 beta=6 q=u8",64,0.9946407879,1.0000,216.3556,0.8188,0.0000,1.450621,"1.450473;1.451975;1.449472;1.450621;1.452011",420.226246,2379.67,,4.62,0,3452,10,True,nid007111,56977211
SparseHNSW_a0.9_b7,"M=32 efC=200 ef=10 alpha=0.9 beta=7 q=u8",64,0.9431054461,0.9803,216.3556,0.8188,0.0000,0.050819,"0.050888;0.051123;0.050819;0.050472;0.050490",14.721611,67927.35,,4.62,0,3452,10,True,nid007111,56977211
SparseHNSW_a0.9_b7,"M=32 efC=200 ef=20 alpha=0.9 beta=7 q=u8",64,0.9431054461,0.9803,216.3556,0.8188,0.0000,0.050338,"0.050332;0.050348;0.050404;0.050164;0.050338",14.582271,68576.42,,4.62,0,3452,10,True,nid007111,56977211
SparseHNSW_a0.9_b7,"M=32 efC=200 ef=50 alpha=0.9 beta=7 q=u8",64,0.9431054461,0.9803,216.3556,0.8188,0.0000,0.050307,"0.050213;0.050319;0.050207;0.050307;0.050333",14.573291,68618.68,,4.62,0,3452,10,True,nid007111,56977211
SparseHNSW_a0.9_b7,"M=32 efC=200 ef=100 alpha=0.9 beta=7 q=u8",64,0.9591251448,0.9899,216.3556,0.8188,0.0000,0.067066,"0.067038;0.067218;0.067015;0.067066;0.067197",19.428158,51471.68,,4.62,0,3452,10,True,nid007111,56977211
SparseHNSW_a0.9_b7,"M=32 efC=200 ef=200 alpha=0.9 beta=7 q=u8",64,0.9752896871,0.9959,216.3556,0.8188,0.0000,0.120169,"0.120301;0.119748;0.120169;0.120436;0.119901",34.811414,28726.21,,4.62,0,3452,10,True,nid007111,56977211
SparseHNSW_a0.9_b7,"M=32 efC=200 ef=400 alpha=0.9 beta=7 q=u8",64,0.9855156431,0.9991,216.3556,0.8188,0.0000,0.216352,"0.215442;0.216352;0.217265;0.215639;0.217167",62.674392,15955.48,,4.62,0,3452,10,True,nid007111,56977211
SparseHNSW_a0.9_b7,"M=32 efC=200 ef=800 alpha=0.9 beta=7 q=u8",64,0.9894843569,0.9997,216.3556,0.8188,0.0000,0.406383,"0.406383;0.406650;0.406247;0.406971;0.406039",117.723928,8494.45,,4.62,0,3452,10,True,nid007111,56977211
SparseHNSW_a0.9_b7,"M=32 efC=200 ef=1600 alpha=0.9 beta=7 q=u8",64,0.9930185400,1.0000,216.3556,0.8188,0.0000,0.773525,"0.773525;0.774976;0.772250;0.774877;0.773095",224.080243,4462.69,,4.62,0,3452,10,True,nid007111,56977211
SparseHNSW_a0.9_b7,"M=32 efC=200 ef=3200 alpha=0.9 beta=7 q=u8",64,0.9946407879,1.0000,216.3556,0.8188,0.0000,1.450107,"1.450428;1.450107;1.448462;1.449558;1.450645",420.077346,2380.51,,4.62,0,3452,10,True,nid007111,56977211
SparseHNSW_a0.9_b8,"M=32 efC=200 ef=10 alpha=0.9 beta=8 q=u8",64,0.9500289687,0.9844,216.3556,0.8188,0.0000,0.056826,"0.056992;0.056834;0.056826;0.056375;0.056402",16.461761,60746.84,,4.62,0,3452,10,True,nid007111,56977211
SparseHNSW_a0.9_b8,"M=32 efC=200 ef=20 alpha=0.9 beta=8 q=u8",64,0.9500289687,0.9844,216.3556,0.8188,0.0000,0.056129,"0.056173;0.056093;0.056195;0.056129;0.056011",16.259849,61501.18,,4.62,0,3452,10,True,nid007111,56977211
SparseHNSW_a0.9_b8,"M=32 efC=200 ef=50 alpha=0.9 beta=8 q=u8",64,0.9500289687,0.9844,216.3556,0.8188,0.0000,0.056279,"0.056369;0.056407;0.056109;0.056199;0.056279",16.303302,61337.27,,4.62,0,3452,10,True,nid007111,56977211
SparseHNSW_a0.9_b8,"M=32 efC=200 ef=100 alpha=0.9 beta=8 q=u8",64,0.9591251448,0.9899,216.3556,0.8188,0.0000,0.067093,"0.067375;0.067179;0.067093;0.066971;0.066955",19.435979,51450.97,,4.62,0,3452,10,True,nid007111,56977211
SparseHNSW_a0.9_b8,"M=32 efC=200 ef=200 alpha=0.9 beta=8 q=u8",64,0.9752896871,0.9959,216.3556,0.8188,0.0000,0.120256,"0.120187;0.120333;0.120485;0.120166;0.120256",34.836616,28705.43,,4.62,0,3452,10,True,nid007111,56977211
SparseHNSW_a0.9_b8,"M=32 efC=200 ef=400 alpha=0.9 beta=8 q=u8",64,0.9855156431,0.9991,216.3556,0.8188,0.0000,0.216497,"0.216268;0.217748;0.216060;0.216997;0.216497",62.716396,15944.79,,4.62,0,3452,10,True,nid007111,56977211
SparseHNSW_a0.9_b8,"M=32 efC=200 ef=800 alpha=0.9 beta=8 q=u8",64,0.9894843569,0.9997,216.3556,0.8188,0.0000,0.406377,"0.405483;0.405635;0.408410;0.406952;0.406377",117.722190,8494.58,,4.62,0,3452,10,True,nid007111,56977211
SparseHNSW_a0.9_b8,"M=32 efC=200 ef=1600 alpha=0.9 beta=8 q=u8",64,0.9930185400,1.0000,216.3556,0.8188,0.0000,0.774945,"0.774945;0.773265;0.774172;0.778041;0.775441",224.491599,4454.51,,4.62,0,3452,10,True,nid007111,56977211
SparseHNSW_a0.9_b8,"M=32 efC=200 ef=3200 alpha=0.9 beta=8 q=u8",64,0.9946407879,1.0000,216.3556,0.8188,0.0000,1.449870,"1.449870;1.451177;1.447888;1.450810;1.448361",420.008691,2380.90,,4.62,0,3452,10,True,nid007111,56977211
SparseHNSW_a1.0_b1,"M=32 efC=200 ef=10 alpha=1 beta=1 q=u8",64,0.7349942063,0.5351,323.6798,0.8183,0.0000,0.018838,"0.016463;0.018838;0.019031;0.018877;0.018750",5.457126,183246.63,,3.55,0,3452,10,True,nid007111,56977211
SparseHNSW_a1.0_b1,"M=32 efC=200 ef=20 alpha=1 beta=1 q=u8",64,0.8413673233,0.7032,323.6798,0.8183,0.0000,0.030347,"0.030812;0.030663;0.030347;0.030138;0.030190",8.791136,113750.95,,3.55,0,3452,10,True,nid007111,56977211
SparseHNSW_a1.0_b1,"M=32 efC=200 ef=50 alpha=1 beta=1 q=u8",64,0.9222479722,0.8303,323.6798,0.8183,0.0000,0.060960,"0.060709;0.061147;0.060522;0.060960;0.061118",17.659328,56627.30,,3.55,0,3452,10,True,nid007111,56977211
SparseHNSW_a1.0_b1,"M=32 efC=200 ef=100 alpha=1 beta=1 q=u8",64,0.9515932793,0.8779,323.6798,0.8183,0.0000,0.101379,"0.102306;0.102396;0.100996;0.100713;0.101379",29.368192,34050.44,,3.55,0,3452,10,True,nid007111,56977211
SparseHNSW_a1.0_b1,"M=32 efC=200 ef=200 alpha=1 beta=1 q=u8",64,0.9703650058,0.9104,323.6798,0.8183,0.0000,0.167395,"0.165023;0.167395;0.166550;0.168310;0.167638",48.492178,20621.88,,3.55,0,3452,10,True,nid007111,56977211
SparseHNSW_a1.0_b1,"M=32 efC=200 ef=400 alpha=1 beta=1 q=u8",64,0.9803012746,0.9298,323.6798,0.8183,0.0000,0.293016,"0.294686;0.292227;0.293937;0.289062;0.293016",84.882966,11780.93,,3.55,0,3452,10,True,nid007111,56977211
SparseHNSW_a1.0_b1,"M=32 efC=200 ef=800 alpha=1 beta=1 q=u8",64,0.9857763615,0.9428,323.6798,0.8183,0.0000,0.573953,"0.573854;0.571027;0.573953;0.577409;0.575260",166.266802,6014.43,,3.55,0,3452,10,True,nid007111,56977211
SparseHNSW_a1.0_b1,"M=32 efC=200 ef=1600 alpha=1 beta=1 q=u8",64,0.9890208575,0.9521,323.6798,0.8183,0.0000,1.122984,"1.120378;1.122984;1.124394;1.124579;1.122369",325.314021,3073.95,,3.55,0,3452,10,True,nid007111,56977211
SparseHNSW_a1.0_b1,"M=32 efC=200 ef=3200 alpha=1 beta=1 q=u8",64,0.9909327926,0.9584,323.6798,0.8183,0.0000,2.126696,"2.116747;2.123090;2.132455;2.126696;2.128587",616.076477,1623.18,,3.55,0,3452,10,True,nid007111,56977211
