Model,Params,Threads,Recall,RR@10,IndexSec,LoadSec,ConvertSec,SearchSecMedian,SearchSecRuns,AmortizedUsPerQuery,QPS,LatencyUsSingleThread,PeakRSSGB,IndexBytes,NumQueries,K,ResultsOrdered,Host,JobID
SparseHNSW_a0.5_b1_s0x0,"M=32 efC=200 ef=10 alpha=0.5 beta=1 q=u8",64,0.4823290846,0.4127,88.2189,2.9588,0.0000,0.005288,"0.006336;0.005953;0.005288;0.005115;0.005099",1.531866,652798.79,,4.18,0,3452,10,True,nid006068,57240767
SparseHNSW_a0.5_b1_s0x0,"M=32 efC=200 ef=20 alpha=0.5 beta=1 q=u8",64,0.5441193511,0.4626,88.2189,2.9588,0.0000,0.009082,"0.009240;0.009109;0.009078;0.009047;0.009082",2.630939,380092.49,,4.18,0,3452,10,True,nid006068,57240767
SparseHNSW_a0.5_b1_s0x0,"M=32 efC=200 ef=50 alpha=0.5 beta=1 q=u8",64,0.5939745075,0.5148,88.2189,2.9588,0.0000,0.019324,"0.019563;0.019324;0.019318;0.019331;0.019299",5.597914,178637.96,,4.18,0,3452,10,True,nid006068,57240767
SparseHNSW_a0.5_b1_s0x0,"M=32 efC=200 ef=100 alpha=0.5 beta=1 q=u8",64,0.6093858633,0.5277,88.2189,2.9588,0.0000,0.035327,"0.035475;0.035327;0.035345;0.035139;0.035229",10.233778,97715.63,,4.18,0,3452,10,True,nid006068,57240767
SparseHNSW_a0.5_b1_s0x0,"M=32 efC=200 ef=200 alpha=0.5 beta=1 q=u8",64,0.6215527231,0.5389,88.2189,2.9588,0.0000,0.064710,"0.064710;0.064699;0.065001;0.064841;0.064656",18.745655,53345.70,,4.18,0,3452,10,True,nid006068,57240767
SparseHNSW_a0.5_b1_s0x0,"M=32 efC=200 ef=400 alpha=0.5 beta=1 q=u8",64,0.6280417149,0.5486,88.2189,2.9588,0.0000,0.120521,"0.120244;0.120503;0.120575;0.120542;0.120521",34.913384,28642.31,,4.18,0,3452,10,True,nid006068,57240767
SparseHNSW_a0.5_b1_s0x0,"M=32 efC=200 ef=800 alpha=0.5 beta=1 q=u8",64,0.6300405562,0.5485,88.2189,2.9588,0.0000,0.228927,"0.229038;0.228547;0.228927;0.228616;0.229268",66.317207,15079.04,,4.18,0,3452,10,True,nid006068,57240767
SparseHNSW_a0.5_b1_s0x0,"M=32 efC=200 ef=1600 alpha=0.5 beta=1 q=u8",64,0.6311993048,0.5502,88.2189,2.9588,0.0000,0.446696,"0.446696;0.447200;0.445869;0.446467;0.446900",129.402086,7727.85,,4.18,0,3452,10,True,nid006068,57240767
SparseHNSW_a0.5_b1_s0x0,"M=32 efC=200 ef=3200 alpha=0.5 beta=1 q=u8",64,0.6325608343,0.5532,88.2189,2.9588,0.0000,0.863346,"0.864249;0.863346;0.863138;0.864233;0.862992",250.100232,3998.40,,4.18,0,3452,10,True,nid006068,57240767
SparseHNSW_a0.5_b2_s0x0,"M=32 efC=200 ef=10 alpha=0.5 beta=2 q=u8",64,0.6746813441,0.8882,88.2189,2.9588,0.0000,0.010026,"0.010838;0.010211;0.010026;0.009947;0.009919",2.904403,344304.81,,4.18,0,3452,10,True,nid006068,57240767
SparseHNSW_a0.5_b2_s0x0,"M=32 efC=200 ef=20 alpha=0.5 beta=2 q=u8",64,0.6746813441,0.8882,88.2189,2.9588,0.0000,0.009850,"0.009860;0.009902;0.009830;0.009850;0.009848",2.853418,350456.85,,4.18,0,3452,10,True,nid006068,57240767
SparseHNSW_a0.5_b2_s0x0,"M=32 efC=200 ef=50 alpha=0.5 beta=2 q=u8",64,0.7383256083,0.9525,88.2189,2.9588,0.0000,0.020173,"0.020599;0.020241;0.020131;0.020099;0.020173",5.843859,171119.81,,4.18,0,3452,10,True,nid006068,57240767
SparseHNSW_a0.5_b2_s0x0,"M=32 efC=200 ef=100 alpha=0.5 beta=2 q=u8",64,0.7594148320,0.9748,88.2189,2.9588,0.0000,0.036221,"0.036221;0.036146;0.036515;0.035965;0.036315",10.492758,95303.83,,4.18,0,3452,10,True,nid006068,57240767
SparseHNSW_a0.5_b2_s0x0,"M=32 efC=200 ef=200 alpha=0.5 beta=2 q=u8",64,0.7750000000,0.9907,88.2189,2.9588,0.0000,0.065602,"0.065545;0.065602;0.065486;0.065602;0.065624",19.004056,52620.35,,4.18,0,3452,10,True,nid006068,57240767
SparseHNSW_a0.5_b2_s0x0,"M=32 efC=200 ef=400 alpha=0.5 beta=2 q=u8",64,0.7836906141,0.9977,88.2189,2.9588,0.0000,0.121128,"0.121301;0.121126;0.121023;0.121128;0.121232",35.089224,28498.78,,4.18,0,3452,10,True,nid006068,57240767
SparseHNSW_a0.5_b2_s0x0,"M=32 efC=200 ef=800 alpha=0.5 beta=2 q=u8",64,0.7871089224,0.9994,88.2189,2.9588,0.0000,0.229864,"0.229180;0.229864;0.229935;0.229354;0.230335",66.588644,15017.58,,4.18,0,3452,10,True,nid006068,57240767
SparseHNSW_a0.5_b2_s0x0,"M=32 efC=200 ef=1600 alpha=0.5 beta=2 q=u8",64,0.7888470452,0.9994,88.2189,2.9588,0.0000,0.447787,"0.447985;0.447156;0.447159;0.447787;0.448457",129.718134,7709.02,,4.18,0,3452,10,True,nid006068,57240767
SparseHNSW_a0.5_b2_s0x0,"M=32 efC=200 ef=3200 alpha=0.5 beta=2 q=u8",64,0.7906431054,0.9994,88.2189,2.9588,0.0000,0.864687,"0.864687;0.863851;0.864501;0.865411;0.864724",250.488702,3992.20,,4.18,0,3452,10,True,nid006068,57240767
SparseHNSW_a0.5_b3_s0x0,"M=32 efC=200 ef=10 alpha=0.5 beta=3 q=u8",64,0.7584878331,0.9229,88.2189,2.9588,0.0000,0.013940,"0.014701;0.014028;0.013940;0.013768;0.013693",4.038239,247632.71,,4.18,0,3452,10,True,nid006068,57240767
SparseHNSW_a0.5_b3_s0x0,"M=32 efC=200 ef=20 alpha=0.5 beta=3 q=u8",64,0.7584878331,0.9229,88.2189,2.9588,0.0000,0.013672,"0.013707;0.013672;0.013694;0.013611;0.013605",3.960603,252486.83,,4.18,0,3452,10,True,nid006068,57240767
SparseHNSW_a0.5_b3_s0x0,"M=32 efC=200 ef=50 alpha=0.5 beta=3 q=u8",64,0.7922363847,0.9542,88.2189,2.9588,0.0000,0.020552,"0.020782;0.020552;0.020578;0.020466;0.020424",5.953650,167964.19,,4.18,0,3452,10,True,nid006068,57240767
SparseHNSW_a0.5_b3_s0x0,"M=32 efC=200 ef=100 alpha=0.5 beta=3 q=u8",64,0.8146871379,0.9754,88.2189,2.9588,0.0000,0.036480,"0.036687;0.036533;0.036480;0.036460;0.036449",10.567787,94627.19,,4.18,0,3452,10,True,nid006068,57240767
SparseHNSW_a0.5_b3_s0x0,"M=32 efC=200 ef=200 alpha=0.5 beta=3 q=u8",64,0.8316628042,0.9910,88.2189,2.9588,0.0000,0.065963,"0.065990;0.066155;0.065803;0.065947;0.065963",19.108633,52332.37,,4.18,0,3452,10,True,nid006068,57240767
SparseHNSW_a0.5_b3_s0x0,"M=32 efC=200 ef=400 alpha=0.5 beta=3 q=u8",64,0.8418018540,0.9980,88.2189,2.9588,0.0000,0.121639,"0.121493;0.121850;0.121527;0.121639;0.121759",35.237254,28379.06,,4.18,0,3452,10,True,nid006068,57240767
SparseHNSW_a0.5_b3_s0x0,"M=32 efC=200 ef=800 alpha=0.5 beta=3 q=u8",64,0.8455967555,0.9997,88.2189,2.9588,0.0000,0.229944,"0.230628;0.229944;0.230101;0.229864;0.229872",66.611819,15012.35,,4.18,0,3452,10,True,nid006068,57240767
SparseHNSW_a0.5_b3_s0x0,"M=32 efC=200 ef=1600 alpha=0.5 beta=3 q=u8",64,0.8478273465,0.9997,88.2189,2.9588,0.0000,0.447851,"0.448174;0.447436;0.446592;0.448183;0.447851",129.736674,7707.92,,4.18,0,3452,10,True,nid006068,57240767
SparseHNSW_a0.5_b3_s0x0,"M=32 efC=200 ef=3200 alpha=0.5 beta=3 q=u8",64,0.8495075319,0.9997,88.2189,2.9588,0.0000,0.864594,"0.865494;0.864594;0.864944;0.864187;0.864410",250.461761,3992.63,,4.18,0,3452,10,True,nid006068,57240767
SparseHNSW_a0.5_b4_s0x0,"M=32 efC=200 ef=10 alpha=0.5 beta=4 q=u8",64,0.8088354577,0.9438,88.2189,2.9588,0.0000,0.017660,"0.018719;0.017739;0.017660;0.017511;0.017528",5.115875,195469.99,,4.18,0,3452,10,True,nid006068,57240767
SparseHNSW_a0.5_b4_s0x0,"M=32 efC=200 ef=20 alpha=0.5 beta=4 q=u8",64,0.8088354577,0.9438,88.2189,2.9588,0.0000,0.017411,"0.017477;0.017411;0.017382;0.017423;0.017340",5.043743,198265.46,,4.18,0,3452,10,True,nid006068,57240767
SparseHNSW_a0.5_b4_s0x0,"M=32 efC=200 ef=50 alpha=0.5 beta=4 q=u8",64,0.8218713789,0.9542,88.2189,2.9588,0.0000,0.020950,"0.021049;0.021073;0.020950;0.020924;0.020914",6.068946,164773.27,,4.18,0,3452,10,True,nid006068,57240767
SparseHNSW_a0.5_b4_s0x0,"M=32 efC=200 ef=100 alpha=0.5 beta=4 q=u8",64,0.8461181924,0.9754,88.2189,2.9588,0.0000,0.036887,"0.036901;0.036887;0.036805;0.036940;0.036843",10.685689,93583.11,,4.18,0,3452,10,True,nid006068,57240767
SparseHNSW_a0.5_b4_s0x0,"M=32 efC=200 ef=200 alpha=0.5 beta=4 q=u8",64,0.8641367323,0.9910,88.2189,2.9588,0.0000,0.066106,"0.066098;0.066332;0.066106;0.066202;0.066103",19.150058,52219.16,,4.18,0,3452,10,True,nid006068,57240767
SparseHNSW_a0.5_b4_s0x0,"M=32 efC=200 ef=400 alpha=0.5 beta=4 q=u8",64,0.8745944380,0.9983,88.2189,2.9588,0.0000,0.121889,"0.122128;0.121889;0.121834;0.121808;0.122047",35.309676,28320.85,,4.18,0,3452,10,True,nid006068,57240767
SparseHNSW_a0.5_b4_s0x0,"M=32 efC=200 ef=800 alpha=0.5 beta=4 q=u8",64,0.8785921205,1.0000,88.2189,2.9588,0.0000,0.230167,"0.230625;0.230479;0.230144;0.230131;0.230167",66.676419,14997.81,,4.18,0,3452,10,True,nid006068,57240767
SparseHNSW_a0.5_b4_s0x0,"M=32 efC=200 ef=1600 alpha=0.5 beta=4 q=u8",64,0.8807937428,1.0000,88.2189,2.9588,0.0000,0.448004,"0.447611;0.448532;0.447676;0.448004;0.448668",129.780997,7705.29,,4.18,0,3452,10,True,nid006068,57240767
SparseHNSW_a0.5_b4_s0x0,"M=32 efC=200 ef=3200 alpha=0.5 beta=4 q=u8",64,0.8828215527,1.0000,88.2189,2.9588,0.0000,0.865335,"0.864187;0.864303;0.865335;0.865534;0.866113",250.676419,3989.21,,4.18,0,3452,10,True,nid006068,57240767
SparseHNSW_a0.5_b5_s0x0,"M=32 efC=200 ef=10 alpha=0.5 beta=5 q=u8",64,0.8376882966,0.9548,88.2189,2.9588,0.0000,0.021523,"0.022354;0.021596;0.021523;0.021373;0.021261",6.234936,160386.56,,4.18,0,3452,10,True,nid006068,57240767
SparseHNSW_a0.5_b5_s0x0,"M=32 efC=200 ef=20 alpha=0.5 beta=5 q=u8",64,0.8376882966,0.9548,88.2189,2.9588,0.0000,0.021153,"0.021117;0.021153;0.021109;0.021205;0.021311",6.127752,163191.98,,4.18,0,3452,10,True,nid006068,57240767
SparseHNSW_a0.5_b5_s0x0,"M=32 efC=200 ef=50 alpha=0.5 beta=5 q=u8",64,0.8376882966,0.9548,88.2189,2.9588,0.0000,0.021163,"0.021186;0.021126;0.021140;0.021163;0.021321",6.130649,163114.87,,4.18,0,3452,10,True,nid006068,57240767
SparseHNSW_a0.5_b5_s0x0,"M=32 efC=200 ef=100 alpha=0.5 beta=5 q=u8",64,0.8632387022,0.9757,88.2189,2.9588,0.0000,0.037268,"0.037384;0.037250;0.037289;0.037264;0.037268",10.796060,92626.38,,4.18,0,3452,10,True,nid006068,57240767
SparseHNSW_a0.5_b5_s0x0,"M=32 efC=200 ef=200 alpha=0.5 beta=5 q=u8",64,0.8818076477,0.9913,88.2189,2.9588,0.0000,0.066486,"0.066426;0.066416;0.066486;0.066490;0.066680",19.260139,51920.71,,4.18,0,3452,10,True,nid006068,57240767
SparseHNSW_a0.5_b5_s0x0,"M=32 efC=200 ef=400 alpha=0.5 beta=5 q=u8",64,0.8922074160,0.9986,88.2189,2.9588,0.0000,0.122372,"0.122190;0.122252;0.122372;0.122401;0.122442",35.449594,28209.07,,4.18,0,3452,10,True,nid006068,57240767
SparseHNSW_a0.5_b5_s0x0,"M=32 efC=200 ef=800 alpha=0.5 beta=5 q=u8",64,0.8968134415,1.0000,88.2189,2.9588,0.0000,0.230561,"0.231197;0.230482;0.230721;0.230414;0.230561",66.790556,14972.18,,4.18,0,3452,10,True,nid006068,57240767
SparseHNSW_a0.5_b5_s0x0,"M=32 efC=200 ef=1600 alpha=0.5 beta=5 q=u8",64,0.8993626883,1.0000,88.2189,2.9588,0.0000,0.448321,"0.448516;0.448309;0.448057;0.448321;0.448368",129.872827,7699.84,,4.18,0,3452,10,True,nid006068,57240767
SparseHNSW_a0.5_b5_s0x0,"M=32 efC=200 ef=3200 alpha=0.5 beta=5 q=u8",64,0.9013904983,1.0000,88.2189,2.9588,0.0000,0.866007,"0.866161;0.864135;0.865383;0.866881;0.866007",250.871089,3986.11,,4.18,0,3452,10,True,nid006068,57240767
SparseHNSW_a0.5_b6_s0x0,"M=32 efC=200 ef=10 alpha=0.5 beta=6 q=u8",64,0.8579953650,0.9606,88.2189,2.9588,0.0000,0.025162,"0.025896;0.025323;0.025162;0.025028;0.024978",7.289108,137191.00,,4.18,0,3452,10,True,nid006068,57240767
SparseHNSW_a0.5_b6_s0x0,"M=32 efC=200 ef=20 alpha=0.5 beta=6 q=u8",64,0.8579953650,0.9606,88.2189,2.9588,0.0000,0.024833,"0.024827;0.024800;0.024882;0.024833;0.024852",7.193801,139008.58,,4.18,0,3452,10,True,nid006068,57240767
SparseHNSW_a0.5_b6_s0x0,"M=32 efC=200 ef=50 alpha=0.5 beta=6 q=u8",64,0.8579953650,0.9606,88.2189,2.9588,0.0000,0.024728,"0.024867;0.024728;0.024667;0.024685;0.024743",7.163384,139598.84,,4.18,0,3452,10,True,nid006068,57240767
SparseHNSW_a0.5_b6_s0x0,"M=32 efC=200 ef=100 alpha=0.5 beta=6 q=u8",64,0.8763904983,0.9757,88.2189,2.9588,0.0000,0.037591,"0.037805;0.037581;0.037591;0.037736;0.037531",10.889629,91830.49,,4.18,0,3452,10,True,nid006068,57240767
SparseHNSW_a0.5_b6_s0x0,"M=32 efC=200 ef=200 alpha=0.5 beta=6 q=u8",64,0.8961761298,0.9913,88.2189,2.9588,0.0000,0.066847,"0.067054;0.066756;0.066897;0.066714;0.066847",19.364716,51640.31,,4.18,0,3452,10,True,nid006068,57240767
SparseHNSW_a0.5_b6_s0x0,"M=32 efC=200 ef=400 alpha=0.5 beta=6 q=u8",64,0.9070973349,0.9986,88.2189,2.9588,0.0000,0.122678,"0.122848;0.122589;0.122933;0.122678;0.122549",35.538239,28138.70,,4.18,0,3452,10,True,nid006068,57240767
SparseHNSW_a0.5_b6_s0x0,"M=32 efC=200 ef=800 alpha=0.5 beta=6 q=u8",64,0.9118771727,1.0000,88.2189,2.9588,0.0000,0.230759,"0.230745;0.230846;0.230442;0.230759;0.231234",66.847914,14959.33,,4.18,0,3452,10,True,nid006068,57240767
SparseHNSW_a0.5_b6_s0x0,"M=32 efC=200 ef=1600 alpha=0.5 beta=6 q=u8",64,0.9144843569,1.0000,88.2189,2.9588,0.0000,0.448959,"0.448125;0.448959;0.450594;0.449195;0.448733",130.057648,7688.90,,4.18,0,3452,10,True,nid006068,57240767
SparseHNSW_a0.5_b6_s0x0,"M=32 efC=200 ef=3200 alpha=0.5 beta=6 q=u8",64,0.9166859791,1.0000,88.2189,2.9588,0.0000,0.864978,"0.864978;0.866246;0.864871;0.864904;0.866259",250.573001,3990.85,,4.18,0,3452,10,True,nid006068,57240767
SparseHNSW_a0.5_b7_s0x0,"M=32 efC=200 ef=10 alpha=0.5 beta=7 q=u8",64,0.8736384705,0.9664,88.2189,2.9588,0.0000,0.028722,"0.029202;0.028834;0.028722;0.028502;0.028699",8.320394,120186.62,,4.18,0,3452,10,True,nid006068,57240767
SparseHNSW_a0.5_b7_s0x0,"M=32 efC=200 ef=20 alpha=0.5 beta=7 q=u8",64,0.8736384705,0.9664,88.2189,2.9588,0.0000,0.028462,"0.028703;0.028540;0.028394;0.028430;0.028462",8.245075,121284.52,,4.18,0,3452,10,True,nid006068,57240767
SparseHNSW_a0.5_b7_s0x0,"M=32 efC=200 ef=50 alpha=0.5 beta=7 q=u8",64,0.8736384705,0.9664,88.2189,2.9588,0.0000,0.028391,"0.028310;0.028493;0.028391;0.028536;0.028308",8.224508,121587.83,,4.18,0,3452,10,True,nid006068,57240767
SparseHNSW_a0.5_b7_s0x0,"M=32 efC=200 ef=100 alpha=0.5 beta=7 q=u8",64,0.8852259560,0.9757,88.2189,2.9588,0.0000,0.037905,"0.037862;0.037905;0.038023;0.037945;0.037881",10.980591,91069.78,,4.18,0,3452,10,True,nid006068,57240767
SparseHNSW_a0.5_b7_s0x0,"M=32 efC=200 ef=200 alpha=0.5 beta=7 q=u8",64,0.9056778679,0.9913,88.2189,2.9588,0.0000,0.067149,"0.067000;0.067213;0.067229;0.067138;0.067149",19.452202,51408.06,,4.18,0,3452,10,True,nid006068,57240767
SparseHNSW_a0.5_b7_s0x0,"M=32 efC=200 ef=400 alpha=0.5 beta=7 q=u8",64,0.9170046350,0.9986,88.2189,2.9588,0.0000,0.122778,"0.122886;0.122620;0.122751;0.122921;0.122778",35.567207,28115.79,,4.18,0,3452,10,True,nid006068,57240767
SparseHNSW_a0.5_b7_s0x0,"M=32 efC=200 ef=800 alpha=0.5 beta=7 q=u8",64,0.9220162225,1.0000,88.2189,2.9588,0.0000,0.230913,"0.231141;0.230732;0.231048;0.230913;0.230909",66.892526,14949.35,,4.18,0,3452,10,True,nid006068,57240767
SparseHNSW_a0.5_b7_s0x0,"M=32 efC=200 ef=1600 alpha=0.5 beta=7 q=u8",64,0.9246813441,1.0000,88.2189,2.9588,0.0000,0.449413,"0.449166;0.449413;0.449408;0.450217;0.450310",130.189166,7681.13,,4.18,0,3452,10,True,nid006068,57240767
SparseHNSW_a0.5_b7_s0x0,"M=32 efC=200 ef=3200 alpha=0.5 beta=7 q=u8",64,0.9269988413,1.0000,88.2189,2.9588,0.0000,0.865856,"0.866245;0.865528;0.866697;0.865856;0.865582",250.827346,3986.81,,4.18,0,3452,10,True,nid006068,57240767
SparseHNSW_a0.5_b8_s0x0,"M=32 efC=200 ef=10 alpha=0.5 beta=8 q=u8",64,0.8849362688,0.9705,88.2189,2.9588,0.0000,0.032338,"0.033100;0.032338;0.032391;0.032156;0.032264",9.367903,106747.48,,4.18,0,3452,10,True,nid006068,57240767
SparseHNSW_a0.5_b8_s0x0,"M=32 efC=200 ef=20 alpha=0.5 beta=8 q=u8",64,0.8849362688,0.9705,88.2189,2.9588,0.0000,0.032065,"0.032065;0.032024;0.032143;0.031895;0.032266",9.288818,107656.32,,4.18,0,3452,10,True,nid006068,57240767
SparseHNSW_a0.5_b8_s0x0,"M=32 efC=200 ef=50 alpha=0.5 beta=8 q=u8",64,0.8849362688,0.9705,88.2189,2.9588,0.0000,0.031985,"0.031985;0.031874;0.032121;0.032124;0.031983",9.265643,107925.59,,4.18,0,3452,10,True,nid006068,57240767
SparseHNSW_a0.5_b8_s0x0,"M=32 efC=200 ef=100 alpha=0.5 beta=8 q=u8",64,0.8918887601,0.9760,88.2189,2.9588,0.0000,0.038314,"0.038256;0.038414;0.038380;0.038314;0.038262",11.099073,90097.61,,4.18,0,3452,10,True,nid006068,57240767
SparseHNSW_a0.5_b8_s0x0,"M=32 efC=200 ef=200 alpha=0.5 beta=8 q=u8",64,0.9124275782,0.9913,88.2189,2.9588,0.0000,0.067514,"0.067403;0.067344;0.067636;0.067514;0.067552",19.557937,51130.14,,4.18,0,3452,10,True,nid006068,57240767
SparseHNSW_a0.5_b8_s0x0,"M=32 efC=200 ef=400 alpha=0.5 beta=8 q=u8",64,0.9242178447,0.9986,88.2189,2.9588,0.0000,0.123417,"0.123438;0.123365;0.123349;0.123417;0.123435",35.752317,27970.21,,4.18,0,3452,10,True,nid006068,57240767
SparseHNSW_a0.5_b8_s0x0,"M=32 efC=200 ef=800 alpha=0.5 beta=8 q=u8",64,0.9292004635,1.0000,88.2189,2.9588,0.0000,0.231432,"0.231711;0.231095;0.231737;0.231251;0.231432",67.042874,14915.83,,4.18,0,3452,10,True,nid006068,57240767
SparseHNSW_a0.5_b8_s0x0,"M=32 efC=200 ef=1600 alpha=0.5 beta=8 q=u8",64,0.9319814600,1.0000,88.2189,2.9588,0.0000,0.449838,"0.449755;0.449792;0.450097;0.450115;0.449838",130.312283,7673.87,,4.18,0,3452,10,True,nid006068,57240767
SparseHNSW_a0.5_b8_s0x0,"M=32 efC=200 ef=3200 alpha=0.5 beta=8 q=u8",64,0.9344148320,1.0000,88.2189,2.9588,0.0000,0.866932,"0.865965;0.866932;0.866099;0.867006;0.867116",251.139050,3981.86,,4.18,0,3452,10,True,nid006068,57240767
SparseHNSW_a0.5_b1_s8x4,"M=32 efC=200 ef=10 alpha=0.5 beta=1 q=u8 seedT=8 seedH=8 seedS=4",64,0.6053592121,0.5238,88.2189,2.9588,0.0000,0.011639,"0.012468;0.011795;0.011639;0.011624;0.011615",3.371669,296589.05,,4.18,0,3452,10,True,nid006068,57240767
SparseHNSW_a0.5_b1_s8x4,"M=32 efC=200 ef=20 alpha=0.5 beta=1 q=u8 seedT=8 seedH=8 seedS=4",64,0.6053592121,0.5238,88.2189,2.9588,0.0000,0.011535,"0.011550;0.011539;0.011535;0.011489;0.011495",3.341541,299263.11,,4.18,0,3452,10,True,nid006068,57240767
SparseHNSW_a0.5_b1_s8x4,"M=32 efC=200 ef=50 alpha=0.5 beta=1 q=u8 seedT=8 seedH=8 seedS=4",64,0.6138470452,0.5322,88.2189,2.9588,0.0000,0.017227,"0.017336;0.017227;0.017231;0.017218;0.017162",4.990440,200383.12,,4.18,0,3452,10,True,nid006068,57240767
SparseHNSW_a0.5_b1_s8x4,"M=32 efC=200 ef=100 alpha=0.5 beta=1 q=u8 seedT=8 seedH=8 seedS=4",64,0.6214658169,0.5383,88.2189,2.9588,0.0000,0.033165,"0.033208;0.033165;0.033069;0.033140;0.033175",9.607474,104085.63,,4.18,0,3452,10,True,nid006068,57240767
SparseHNSW_a0.5_b1_s8x4,"M=32 efC=200 ef=200 alpha=0.5 beta=1 q=u8 seedT=8 seedH=8 seedS=4",64,0.6272595597,0.5455,88.2189,2.9588,0.0000,0.062832,"0.062869;0.062828;0.062856;0.062793;0.062832",18.201622,54940.16,,4.18,0,3452,10,True,nid006068,57240767
SparseHNSW_a0.5_b1_s8x4,"M=32 efC=200 ef=400 alpha=0.5 beta=1 q=u8 seedT=8 seedH=8 seedS=4",64,0.6294032445,0.5500,88.2189,2.9588,0.0000,0.118821,"0.118821;0.118969;0.118904;0.118602;0.118786",34.420915,29052.10,,4.18,0,3452,10,True,nid006068,57240767
SparseHNSW_a0.5_b1_s8x4,"M=32 efC=200 ef=800 alpha=0.5 beta=1 q=u8 seedT=8 seedH=8 seedS=4",64,0.6303012746,0.5496,88.2189,2.9588,0.0000,0.227798,"0.227734;0.228084;0.227903;0.227798;0.227674",65.990151,15153.78,,4.18,0,3452,10,True,nid006068,57240767
SparseHNSW_a0.5_b1_s8x4,"M=32 efC=200 ef=1600 alpha=0.5 beta=1 q=u8 seedT=8 seedH=8 seedS=4",64,0.6312862109,0.5507,88.2189,2.9588,0.0000,0.446359,"0.446253;0.446421;0.446690;0.446200;0.446359",129.304461,7733.69,,4.18,0,3452,10,True,nid006068,57240767
SparseHNSW_a0.5_b1_s8x4,"M=32 efC=200 ef=3200 alpha=0.5 beta=1 q=u8 seedT=8 seedH=8 seedS=4",64,0.6325608343,0.5535,88.2189,2.9588,0.0000,0.862995,"0.863512;0.862995;0.862539;0.863036;0.862936",249.998552,4000.02,,4.18,0,3452,10,True,nid006068,57240767
SparseHNSW_a0.5_b2_s8x4,"M=32 efC=200 ef=10 alpha=0.5 beta=2 q=u8 seedT=8 seedH=8 seedS=4",64,0.7515063731,0.9765,88.2189,2.9588,0.0000,0.012583,"0.013392;0.012774;0.012583;0.012530;0.012452",3.645133,274338.39,,4.18,0,3452,10,True,nid006068,57240767
SparseHNSW_a0.5_b2_s8x4,"M=32 efC=200 ef=20 alpha=0.5 beta=2 q=u8 seedT=8 seedH=8 seedS=4",64,0.7515063731,0.9765,88.2189,2.9588,0.0000,0.012362,"0.012391;0.012375;0.012362;0.012309;0.012319",3.581112,279242.84,,4.18,0,3452,10,True,nid006068,57240767
SparseHNSW_a0.5_b2_s8x4,"M=32 efC=200 ef=50 alpha=0.5 beta=2 q=u8 seedT=8 seedH=8 seedS=4",64,0.7634994206,0.9858,88.2189,2.9588,0.0000,0.018083,"0.018213;0.018164;0.018062;0.018083;0.017951",5.238413,190897.53,,4.18,0,3452,10,True,nid006068,57240767
SparseHNSW_a0.5_b2_s8x4,"M=32 efC=200 ef=100 alpha=0.5 beta=2 q=u8 seedT=8 seedH=8 seedS=4",64,0.7748551564,0.9928,88.2189,2.9588,0.0000,0.034010,"0.034138;0.033994;0.034010;0.033990;0.034068",9.852260,101499.56,,4.18,0,3452,10,True,nid006068,57240767
SparseHNSW_a0.5_b2_s8x4,"M=32 efC=200 ef=200 alpha=0.5 beta=2 q=u8 seedT=8 seedH=8 seedS=4",64,0.7824739282,0.9986,88.2189,2.9588,0.0000,0.063484,"0.063350;0.063645;0.063626;0.063291;0.063484",18.390498,54375.91,,4.18,0,3452,10,True,nid006068,57240767
SparseHNSW_a0.5_b2_s8x4,"M=32 efC=200 ef=400 alpha=0.5 beta=2 q=u8 seedT=8 seedH=8 seedS=4",64,0.7855446118,0.9994,88.2189,2.9588,0.0000,0.119423,"0.119423;0.119294;0.119625;0.119307;0.119560",34.595307,28905.65,,4.18,0,3452,10,True,nid006068,57240767
SparseHNSW_a0.5_b2_s8x4,"M=32 efC=200 ef=800 alpha=0.5 beta=2 q=u8 seedT=8 seedH=8 seedS=4",64,0.7874275782,0.9994,88.2189,2.9588,0.0000,0.228636,"0.228695;0.228482;0.228600;0.228865;0.228636",66.232908,15098.23,,4.18,0,3452,10,True,nid006068,57240767
SparseHNSW_a0.5_b2_s8x4,"M=32 efC=200 ef=1600 alpha=0.5 beta=2 q=u8 seedT=8 seedH=8 seedS=4",64,0.7891077636,0.9994,88.2189,2.9588,0.0000,0.447031,"0.446613;0.447482;0.447031;0.446581;0.447561",129.499131,7722.06,,4.18,0,3452,10,True,nid006068,57240767
SparseHNSW_a0.5_b2_s8x4,"M=32 efC=200 ef=3200 alpha=0.5 beta=2 q=u8 seedT=8 seedH=8 seedS=4",64,0.7907589803,0.9994,88.2189,2.9588,0.0000,0.863747,"0.863827;0.863747;0.863185;0.863905;0.863290",250.216396,3996.54,,4.18,0,3452,10,True,nid006068,57240767
SparseHNSW_a0.5_b3_s8x4,"M=32 efC=200 ef=10 alpha=0.5 beta=3 q=u8 seedT=8 seedH=8 seedS=4",64,0.8055619930,0.9771,88.2189,2.9588,0.0000,0.013003,"0.013752;0.013140;0.013003;0.012945;0.012828",3.766802,265477.20,,4.18,0,3452,10,True,nid006068,57240767
SparseHNSW_a0.5_b3_s8x4,"M=32 efC=200 ef=20 alpha=0.5 beta=3 q=u8 seedT=8 seedH=8 seedS=4",64,0.8055619930,0.9771,88.2189,2.9588,0.0000,0.012788,"0.012788;0.012825;0.012730;0.012775;0.012789",3.704519,269940.57,,4.18,0,3452,10,True,nid006068,57240767
SparseHNSW_a0.5_b3_s8x4,"M=32 efC=200 ef=50 alpha=0.5 beta=3 q=u8 seedT=8 seedH=8 seedS=4",64,0.8197566628,0.9873,88.2189,2.9588,0.0000,0.018425,"0.018589;0.018465;0.018424;0.018402;0.018425",5.337486,187354.14,,4.18,0,3452,10,True,nid006068,57240767
SparseHNSW_a0.5_b3_s8x4,"M=32 efC=200 ef=100 alpha=0.5 beta=3 q=u8 seedT=8 seedH=8 seedS=4",64,0.8313151796,0.9933,88.2189,2.9588,0.0000,0.034359,"0.034431;0.034359;0.034254;0.034315;0.034468",9.953360,100468.58,,4.18,0,3452,10,True,nid006068,57240767
SparseHNSW_a0.5_b3_s8x4,"M=32 efC=200 ef=200 alpha=0.5 beta=3 q=u8 seedT=8 seedH=8 seedS=4",64,0.8398319815,0.9988,88.2189,2.9588,0.0000,0.063852,"0.063831;0.063820;0.063852;0.064232;0.064009",18.497103,54062.52,,4.18,0,3452,10,True,nid006068,57240767
SparseHNSW_a0.5_b3_s8x4,"M=32 efC=200 ef=400 alpha=0.5 beta=3 q=u8 seedT=8 seedH=8 seedS=4",64,0.8439165701,0.9997,88.2189,2.9588,0.0000,0.119806,"0.119889;0.119806;0.119695;0.119702;0.119833",34.706257,28813.25,,4.18,0,3452,10,True,nid006068,57240767
SparseHNSW_a0.5_b3_s8x4,"M=32 efC=200 ef=800 alpha=0.5 beta=3 q=u8 seedT=8 seedH=8 seedS=4",64,0.8459733488,0.9997,88.2189,2.9588,0.0000,0.228586,"0.228760;0.228586;0.228998;0.228586;0.228557",66.218424,15101.54,,4.18,0,3452,10,True,nid006068,57240767
SparseHNSW_a0.5_b3_s8x4,"M=32 efC=200 ef=1600 alpha=0.5 beta=3 q=u8 seedT=8 seedH=8 seedS=4",64,0.8481170336,0.9997,88.2189,2.9588,0.0000,0.447662,"0.446944;0.447662;0.448331;0.447988;0.447531",129.681924,7711.17,,4.18,0,3452,10,True,nid006068,57240767
SparseHNSW_a0.5_b3_s8x4,"M=32 efC=200 ef=3200 alpha=0.5 beta=3 q=u8 seedT=8 seedH=8 seedS=4",64,0.8496234067,0.9997,88.2189,2.9588,0.0000,0.864359,"0.864235;0.864350;0.864359;0.865096;0.864564",250.393685,3993.71,,4.18,0,3452,10,True,nid006068,57240767
SparseHNSW_a0.5_b4_s8x4,"M=32 efC=200 ef=10 alpha=0.5 beta=4 q=u8 seedT=8 seedH=8 seedS=4",64,0.8435399768,0.9829,88.2189,2.9588,0.0000,0.015756,"0.016743;0.016182;0.015756;0.015559;0.015639",4.564311,219091.14,,4.18,0,3452,10,True,nid006068,57240767
SparseHNSW_a0.5_b4_s8x4,"M=32 efC=200 ef=20 alpha=0.5 beta=4 q=u8 seedT=8 seedH=8 seedS=4",64,0.8435399768,0.9829,88.2189,2.9588,0.0000,0.015494,"0.015490;0.015494;0.015584;0.015599;0.015477",4.488413,222795.92,,4.18,0,3452,10,True,nid006068,57240767
SparseHNSW_a0.5_b4_s8x4,"M=32 efC=200 ef=50 alpha=0.5 beta=4 q=u8 seedT=8 seedH=8 seedS=4",64,0.8502317497,0.9873,88.2189,2.9588,0.0000,0.018823,"0.018823;0.018878;0.018934;0.018782;0.018747",5.452781,183392.66,,4.18,0,3452,10,True,nid006068,57240767
SparseHNSW_a0.5_b4_s8x4,"M=32 efC=200 ef=100 alpha=0.5 beta=4 q=u8 seedT=8 seedH=8 seedS=4",64,0.8632676709,0.9933,88.2189,2.9588,0.0000,0.034872,"0.035025;0.034687;0.034847;0.034872;0.034880",10.101970,98990.59,,4.18,0,3452,10,True,nid006068,57240767
SparseHNSW_a0.5_b4_s8x4,"M=32 efC=200 ef=200 alpha=0.5 beta=4 q=u8 seedT=8 seedH=8 seedS=4",64,0.8725376593,0.9988,88.2189,2.9588,0.0000,0.064227,"0.064251;0.064227;0.064179;0.064217;0.064377",18.605736,53746.87,,4.18,0,3452,10,True,nid006068,57240767
SparseHNSW_a0.5_b4_s8x4,"M=32 efC=200 ef=400 alpha=0.5 beta=4 q=u8 seedT=8 seedH=8 seedS=4",64,0.8767381228,1.0000,88.2189,2.9588,0.0000,0.120235,"0.119968;0.120307;0.120235;0.120316;0.120180",34.830533,28710.44,,4.18,0,3452,10,True,nid006068,57240767
SparseHNSW_a0.5_b4_s8x4,"M=32 efC=200 ef=800 alpha=0.5 beta=4 q=u8 seedT=8 seedH=8 seedS=4",64,0.8789107764,1.0000,88.2189,2.9588,0.0000,0.228968,"0.229049;0.228968;0.228958;0.228964;0.229405",66.329085,15076.34,,4.18,0,3452,10,True,nid006068,57240767
SparseHNSW_a0.5_b4_s8x4,"M=32 efC=200 ef=1600 alpha=0.5 beta=4 q=u8 seedT=8 seedH=8 seedS=4",64,0.8810834299,1.0000,88.2189,2.9588,0.0000,0.447510,"0.447489;0.448255;0.447554;0.447510;0.447264",129.637891,7713.79,,4.18,0,3452,10,True,nid006068,57240767
SparseHNSW_a0.5_b4_s8x4,"M=32 efC=200 ef=3200 alpha=0.5 beta=4 q=u8 seedT=8 seedH=8 seedS=4",64,0.8828215527,1.0000,88.2189,2.9588,0.0000,0.864924,"0.865440;0.864924;0.864647;0.865572;0.864869",250.557358,3991.10,,4.18,0,3452,10,True,nid006068,57240767
SparseHNSW_a0.5_b5_s8x4,"M=32 efC=200 ef=10 alpha=0.5 beta=5 q=u8 seedT=8 seedH=8 seedS=4",64,0.8667728853,0.9873,88.2189,2.9588,0.0000,0.019515,"0.020222;0.019614;0.019515;0.019491;0.019270",5.653244,176889.57,,4.18,0,3452,10,True,nid006068,57240767
SparseHNSW_a0.5_b5_s8x4,"M=32 efC=200 ef=20 alpha=0.5 beta=5 q=u8 seedT=8 seedH=8 seedS=4",64,0.8667728853,0.9873,88.2189,2.9588,0.0000,0.019192,"0.019262;0.019277;0.019155;0.019192;0.019164",5.559676,179866.61,,4.18,0,3452,10,True,nid006068,57240767
SparseHNSW_a0.5_b5_s8x4,"M=32 efC=200 ef=50 alpha=0.5 beta=5 q=u8 seedT=8 seedH=8 seedS=4",64,0.8667728853,0.9873,88.2189,2.9588,0.0000,0.019111,"0.019246;0.019179;0.019111;0.019105;0.019012",5.536211,180628.96,,4.18,0,3452,10,True,nid006068,57240767
SparseHNSW_a0.5_b5_s8x4,"M=32 efC=200 ef=100 alpha=0.5 beta=5 q=u8 seedT=8 seedH=8 seedS=4",64,0.8810834299,0.9933,88.2189,2.9588,0.0000,0.035138,"0.035138;0.035063;0.035184;0.035161;0.035102",10.179027,98241.22,,4.18,0,3452,10,True,nid006068,57240767
SparseHNSW_a0.5_b5_s8x4,"M=32 efC=200 ef=200 alpha=0.5 beta=5 q=u8 seedT=8 seedH=8 seedS=4",64,0.8904982619,0.9988,88.2189,2.9588,0.0000,0.064576,"0.064749;0.064576;0.064534;0.064523;0.065263",18.706837,53456.39,,4.18,0,3452,10,True,nid006068,57240767
SparseHNSW_a0.5_b5_s8x4,"M=32 efC=200 ef=400 alpha=0.5 beta=5 q=u8 seedT=8 seedH=8 seedS=4",64,0.8944669757,1.0000,88.2189,2.9588,0.0000,0.120459,"0.120488;0.120459;0.120568;0.120372;0.120080",34.895423,28657.05,,4.18,0,3452,10,True,nid006068,57240767
SparseHNSW_a0.5_b5_s8x4,"M=32 efC=200 ef=800 alpha=0.5 beta=5 q=u8 seedT=8 seedH=8 seedS=4",64,0.8971900348,1.0000,88.2189,2.9588,0.0000,0.229559,"0.229890;0.229970;0.229357;0.229303;0.229559",66.500290,15037.53,,4.18,0,3452,10,True,nid006068,57240767
SparseHNSW_a0.5_b5_s8x4,"M=32 efC=200 ef=1600 alpha=0.5 beta=5 q=u8 seedT=8 seedH=8 seedS=4",64,0.8996813441,1.0000,88.2189,2.9588,0.0000,0.447922,"0.447742;0.448037;0.447027;0.448627;0.447922",129.757242,7706.70,,4.18,0,3452,10,True,nid006068,57240767
SparseHNSW_a0.5_b5_s8x4,"M=32 efC=200 ef=3200 alpha=0.5 beta=5 q=u8 seedT=8 seedH=8 seedS=4",64,0.9015353418,1.0000,88.2189,2.9588,0.0000,0.865380,"0.865283;0.867058;0.865313;0.866091;0.865380",250.689455,3989.00,,4.18,0,3452,10,True,nid006068,57240767
SparseHNSW_a0.5_b6_s8x4,"M=32 efC=200 ef=10 alpha=0.5 beta=6 q=u8 seedT=8 seedH=8 seedS=4",64,0.8840961761,0.9887,88.2189,2.9588,0.0000,0.022977,"0.023901;0.023113;0.022941;0.022977;0.022793",6.656141,150237.19,,4.18,0,3452,10,True,nid006068,57240767
SparseHNSW_a0.5_b6_s8x4,"M=32 efC=200 ef=20 alpha=0.5 beta=6 q=u8 seedT=8 seedH=8 seedS=4",64,0.8840961761,0.9887,88.2189,2.9588,0.0000,0.022716,"0.022659;0.022656;0.022716;0.022718;0.022760",6.580533,151963.37,,4.18,0,3452,10,True,nid006068,57240767
SparseHNSW_a0.5_b6_s8x4,"M=32 efC=200 ef=50 alpha=0.5 beta=6 q=u8 seedT=8 seedH=8 seedS=4",64,0.8840961761,0.9887,88.2189,2.9588,0.0000,0.022722,"0.022909;0.022684;0.022705;0.022728;0.022722",6.582271,151923.25,,4.18,0,3452,10,True,nid006068,57240767
SparseHNSW_a0.5_b6_s8x4,"M=32 efC=200 ef=100 alpha=0.5 beta=6 q=u8 seedT=8 seedH=8 seedS=4",64,0.8943800695,0.9933,88.2189,2.9588,0.0000,0.035434,"0.035607;0.035513;0.035348;0.035434;0.035407",10.264774,97420.56,,4.18,0,3452,10,True,nid006068,57240767
SparseHNSW_a0.5_b6_s8x4,"M=32 efC=200 ef=200 alpha=0.5 beta=6 q=u8 seedT=8 seedH=8 seedS=4",64,0.9050405562,0.9988,88.2189,2.9588,0.0000,0.064956,"0.064909;0.065053;0.064781;0.064956;0.065257",18.816918,53143.67,,4.18,0,3452,10,True,nid006068,57240767
SparseHNSW_a0.5_b6_s8x4,"M=32 efC=200 ef=400 alpha=0.5 beta=6 q=u8 seedT=8 seedH=8 seedS=4",64,0.9093568946,1.0000,88.2189,2.9588,0.0000,0.120694,"0.120899;0.120687;0.120690;0.120694;0.120759",34.963499,28601.26,,4.18,0,3452,10,True,nid006068,57240767
SparseHNSW_a0.5_b6_s8x4,"M=32 efC=200 ef=800 alpha=0.5 beta=6 q=u8 seedT=8 seedH=8 seedS=4",64,0.9123696408,1.0000,88.2189,2.9588,0.0000,0.229985,"0.229762;0.230140;0.229641;0.229985;0.230011",66.623696,15009.67,,4.18,0,3452,10,True,nid006068,57240767
SparseHNSW_a0.5_b6_s8x4,"M=32 efC=200 ef=1600 alpha=0.5 beta=6 q=u8 seedT=8 seedH=8 seedS=4",64,0.9148899189,1.0000,88.2189,2.9588,0.0000,0.448227,"0.448252;0.447743;0.448253;0.448227;0.448174",129.845597,7701.45,,4.18,0,3452,10,True,nid006068,57240767
SparseHNSW_a0.5_b6_s8x4,"M=32 efC=200 ef=3200 alpha=0.5 beta=6 q=u8 seedT=8 seedH=8 seedS=4",64,0.9168597914,1.0000,88.2189,2.9588,0.0000,0.865642,"0.866655;0.865547;0.865642;0.865812;0.865223",250.765353,3987.79,,4.18,0,3452,10,True,nid006068,57240767
SparseHNSW_a0.5_b7_s8x4,"M=32 efC=200 ef=10 alpha=0.5 beta=7 q=u8 seedT=8 seedH=8 seedS=4",64,0.8974797219,0.9910,88.2189,2.9588,0.0000,0.026663,"0.027145;0.026891;0.026663;0.026598;0.026424",7.723928,129467.80,,4.18,0,3452,10,True,nid006068,57240767
SparseHNSW_a0.5_b7_s8x4,"M=32 efC=200 ef=20 alpha=0.5 beta=7 q=u8 seedT=8 seedH=8 seedS=4",64,0.8974797219,0.9910,88.2189,2.9588,0.0000,0.026305,"0.026409;0.026503;0.026305;0.026293;0.026297",7.620220,131229.80,,4.18,0,3452,10,True,nid006068,57240767
SparseHNSW_a0.5_b7_s8x4,"M=32 efC=200 ef=50 alpha=0.5 beta=7 q=u8 seedT=8 seedH=8 seedS=4",64,0.8974797219,0.9910,88.2189,2.9588,0.0000,0.026361,"0.026361;0.026299;0.026346;0.026370;0.026602",7.636443,130951.03,,4.18,0,3452,10,True,nid006068,57240767
SparseHNSW_a0.5_b7_s8x4,"M=32 efC=200 ef=100 alpha=0.5 beta=7 q=u8 seedT=8 seedH=8 seedS=4",64,0.9033893395,0.9933,88.2189,2.9588,0.0000,0.035729,"0.035836;0.035729;0.035713;0.035704;0.035779",10.350232,96616.19,,4.18,0,3452,10,True,nid006068,57240767
SparseHNSW_a0.5_b7_s8x4,"M=32 efC=200 ef=200 alpha=0.5 beta=7 q=u8 seedT=8 seedH=8 seedS=4",64,0.9146871379,0.9988,88.2189,2.9588,0.0000,0.065167,"0.065189;0.065167;0.065159;0.065005;0.065351",18.878042,52971.60,,4.18,0,3452,10,True,nid006068,57240767
SparseHNSW_a0.5_b7_s8x4,"M=32 efC=200 ef=400 alpha=0.5 beta=7 q=u8 seedT=8 seedH=8 seedS=4",64,0.9192641947,1.0000,88.2189,2.9588,0.0000,0.120984,"0.120984;0.121056;0.121013;0.120935;0.120971",35.047509,28532.70,,4.18,0,3452,10,True,nid006068,57240767
SparseHNSW_a0.5_b7_s8x4,"M=32 efC=200 ef=800 alpha=0.5 beta=7 q=u8 seedT=8 seedH=8 seedS=4",64,0.9224217845,1.0000,88.2189,2.9588,0.0000,0.230024,"0.229608;0.230075;0.230024;0.230115;0.230007",66.634994,15007.13,,4.18,0,3452,10,True,nid006068,57240767
SparseHNSW_a0.5_b7_s8x4,"M=32 efC=200 ef=1600 alpha=0.5 beta=7 q=u8 seedT=8 seedH=8 seedS=4",64,0.9249710313,1.0000,88.2189,2.9588,0.0000,0.448569,"0.448312;0.448569;0.448680;0.449479;0.448370",129.944670,7695.58,,4.18,0,3452,10,True,nid006068,57240767
SparseHNSW_a0.5_b7_s8x4,"M=32 efC=200 ef=3200 alpha=0.5 beta=7 q=u8 seedT=8 seedH=8 seedS=4",64,0.9270857474,1.0000,88.2189,2.9588,0.0000,0.866382,"0.865648;0.866382;0.867385;0.866993;0.865797",250.979722,3984.39,,4.18,0,3452,10,True,nid006068,57240767
SparseHNSW_a0.5_b8_s8x4,"M=32 efC=200 ef=10 alpha=0.5 beta=8 q=u8 seedT=8 seedH=8 seedS=4",64,0.9066628042,0.9928,88.2189,2.9588,0.0000,0.030013,"0.030618;0.030248;0.030004;0.029958;0.030013",8.694380,115016.83,,4.18,0,3452,10,True,nid006068,57240767
SparseHNSW_a0.5_b8_s8x4,"M=32 efC=200 ef=20 alpha=0.5 beta=8 q=u8 seedT=8 seedH=8 seedS=4",64,0.9066628042,0.9928,88.2189,2.9588,0.0000,0.029874,"0.030005;0.029842;0.030018;0.029874;0.029839",8.654114,115551.99,,4.18,0,3452,10,True,nid006068,57240767
SparseHNSW_a0.5_b8_s8x4,"M=32 efC=200 ef=50 alpha=0.5 beta=8 q=u8 seedT=8 seedH=8 seedS=4",64,0.9066628042,0.9928,88.2189,2.9588,0.0000,0.029763,"0.029753;0.029763;0.029705;0.029857;0.029861",8.621958,115982.93,,4.18,0,3452,10,True,nid006068,57240767
SparseHNSW_a0.5_b8_s8x4,"M=32 efC=200 ef=100 alpha=0.5 beta=8 q=u8 seedT=8 seedH=8 seedS=4",64,0.9101100811,0.9936,88.2189,2.9588,0.0000,0.036081,"0.036002;0.036081;0.036171;0.035943;0.036241",10.452202,95673.62,,4.18,0,3452,10,True,nid006068,57240767
SparseHNSW_a0.5_b8_s8x4,"M=32 efC=200 ef=200 alpha=0.5 beta=8 q=u8 seedT=8 seedH=8 seedS=4",64,0.9213209733,0.9988,88.2189,2.9588,0.0000,0.065622,"0.065509;0.065622;0.065625;0.065482;0.065657",19.009849,52604.31,,4.18,0,3452,10,True,nid006068,57240767
SparseHNSW_a0.5_b8_s8x4,"M=32 efC=200 ef=400 alpha=0.5 beta=8 q=u8 seedT=8 seedH=8 seedS=4",64,0.9265353418,1.0000,88.2189,2.9588,0.0000,0.121361,"0.121581;0.121361;0.121145;0.121353;0.121501",35.156721,28444.06,,4.18,0,3452,10,True,nid006068,57240767
SparseHNSW_a0.5_b8_s8x4,"M=32 efC=200 ef=800 alpha=0.5 beta=8 q=u8 seedT=8 seedH=8 seedS=4",64,0.9297219003,1.0000,88.2189,2.9588,0.0000,0.230637,"0.230589;0.230384;0.230637;0.230699;0.230694",66.812572,14967.24,,4.18,0,3452,10,True,nid006068,57240767
SparseHNSW_a0.5_b8_s8x4,"M=32 efC=200 ef=1600 alpha=0.5 beta=8 q=u8 seedT=8 seedH=8 seedS=4",64,0.9323580533,1.0000,88.2189,2.9588,0.0000,0.449912,"0.449133;0.449368;0.450353;0.449912;0.450160",130.333720,7672.61,,4.18,0,3452,10,True,nid006068,57240767
SparseHNSW_a0.5_b8_s8x4,"M=32 efC=200 ef=3200 alpha=0.5 beta=8 q=u8 seedT=8 seedH=8 seedS=4",64,0.9345886443,1.0000,88.2189,2.9588,0.0000,0.866287,"0.866985;0.866565;0.866287;0.865857;0.865947",250.952202,3984.82,,4.18,0,3452,10,True,nid006068,57240767
SparseHNSW_a0.6_b1_s0x0,"M=32 efC=200 ef=10 alpha=0.6 beta=1 q=u8",64,0.5671784473,0.4720,111.8560,1.0280,0.0000,0.006049,"0.007251;0.006749;0.006049;0.005862;0.005825",1.752317,570672.84,,4.25,0,3452,10,True,nid006068,57240767
SparseHNSW_a0.6_b1_s0x0,"M=32 efC=200 ef=20 alpha=0.6 beta=1 q=u8",64,0.6324449594,0.5279,111.8560,1.0280,0.0000,0.010279,"0.010416;0.010339;0.010252;0.010279;0.010140",2.977694,335830.33,,4.25,0,3452,10,True,nid006068,57240767
SparseHNSW_a0.6_b1_s0x0,"M=32 efC=200 ef=50 alpha=0.6 beta=1 q=u8",64,0.6791425261,0.5660,111.8560,1.0280,0.0000,0.021711,"0.022170;0.021887;0.021711;0.021618;0.021603",6.289397,158997.74,,4.25,0,3452,10,True,nid006068,57240767
SparseHNSW_a0.6_b1_s0x0,"M=32 efC=200 ef=100 alpha=0.6 beta=1 q=u8",64,0.7008111240,0.5876,111.8560,1.0280,0.0000,0.040029,"0.040080;0.040029;0.040064;0.040014;0.039938",11.595886,86237.48,,4.25,0,3452,10,True,nid006068,57240767
SparseHNSW_a0.6_b1_s0x0,"M=32 efC=200 ef=200 alpha=0.6 beta=1 q=u8",64,0.7125724218,0.5981,111.8560,1.0280,0.0000,0.073378,"0.073450;0.073150;0.073378;0.073198;0.073432",21.256663,47044.07,,4.25,0,3452,10,True,nid006068,57240767
SparseHNSW_a0.6_b1_s0x0,"M=32 efC=200 ef=400 alpha=0.6 beta=1 q=u8",64,0.7170915411,0.6043,111.8560,1.0280,0.0000,0.137130,"0.137130;0.137032;0.136918;0.137222;0.137275",39.724797,25173.19,,4.25,0,3452,10,True,nid006068,57240767
SparseHNSW_a0.6_b1_s0x0,"M=32 efC=200 ef=800 alpha=0.6 beta=1 q=u8",64,0.7195249131,0.6062,111.8560,1.0280,0.0000,0.260595,"0.260445;0.260822;0.260207;0.260821;0.260595",75.491020,13246.61,,4.25,0,3452,10,True,nid006068,57240767
SparseHNSW_a0.6_b1_s0x0,"M=32 efC=200 ef=1600 alpha=0.6 beta=1 q=u8",64,0.7209733488,0.6104,111.8560,1.0280,0.0000,0.501630,"0.501178;0.501414;0.502107;0.501630;0.501829",145.315759,6881.57,,4.25,0,3452,10,True,nid006068,57240767
SparseHNSW_a0.6_b1_s0x0,"M=32 efC=200 ef=3200 alpha=0.6 beta=1 q=u8",64,0.7214368482,0.6093,111.8560,1.0280,0.0000,0.956522,"0.956390;0.956584;0.956745;0.956522;0.956022",277.092121,3608.91,,4.25,0,3452,10,True,nid006068,57240767
SparseHNSW_a0.6_b2_s0x0,"M=32 efC=200 ef=10 alpha=0.6 beta=2 q=u8",64,0.7577346466,0.9128,111.8560,1.0280,0.0000,0.011311,"0.012091;0.011479;0.011311;0.011205;0.011109",3.276651,305189.64,,4.25,0,3452,10,True,nid006068,57240767
SparseHNSW_a0.6_b2_s0x0,"M=32 efC=200 ef=20 alpha=0.6 beta=2 q=u8",64,0.7577346466,0.9128,111.8560,1.0280,0.0000,0.011028,"0.011101;0.011028;0.010998;0.011028;0.011034",3.194670,313021.40,,4.25,0,3452,10,True,nid006068,57240767
SparseHNSW_a0.6_b2_s0x0,"M=32 efC=200 ef=50 alpha=0.6 beta=2 q=u8",64,0.8202491309,0.9638,111.8560,1.0280,0.0000,0.022624,"0.022953;0.022669;0.022596;0.022562;0.022624",6.553882,152581.33,,4.25,0,3452,10,True,nid006068,57240767
SparseHNSW_a0.6_b2_s0x0,"M=32 efC=200 ef=100 alpha=0.6 beta=2 q=u8",64,0.8479721900,0.9861,111.8560,1.0280,0.0000,0.040859,"0.040911;0.040781;0.041040;0.040859;0.040823",11.836327,84485.67,,4.25,0,3452,10,True,nid006068,57240767
SparseHNSW_a0.6_b2_s0x0,"M=32 efC=200 ef=200 alpha=0.6 beta=2 q=u8",64,0.8630359212,0.9965,111.8560,1.0280,0.0000,0.074164,"0.074603;0.074647;0.074145;0.074164;0.074046",21.484357,46545.49,,4.25,0,3452,10,True,nid006068,57240767
SparseHNSW_a0.6_b2_s0x0,"M=32 efC=200 ef=400 alpha=0.6 beta=2 q=u8",64,0.8688296640,0.9994,111.8560,1.0280,0.0000,0.137529,"0.137676;0.137529;0.137724;0.137129;0.137461",39.840382,25100.16,,4.25,0,3452,10,True,nid006068,57240767
SparseHNSW_a0.6_b2_s0x0,"M=32 efC=200 ef=800 alpha=0.6 beta=2 q=u8",64,0.8721320973,1.0000,111.8560,1.0280,0.0000,0.261192,"0.261372;0.261608;0.260889;0.260736;0.261192",75.663963,13216.33,,4.25,0,3452,10,True,nid006068,57240767
SparseHNSW_a0.6_b2_s0x0,"M=32 efC=200 ef=1600 alpha=0.6 beta=2 q=u8",64,0.8742468134,1.0000,111.8560,1.0280,0.0000,0.503244,"0.502807;0.503647;0.503629;0.503244;0.502484",145.783314,6859.50,,4.25,0,3452,10,True,nid006068,57240767
SparseHNSW_a0.6_b2_s0x0,"M=32 efC=200 ef=3200 alpha=0.6 beta=2 q=u8",64,0.8753476246,1.0000,111.8560,1.0280,0.0000,0.957852,"0.957852;0.958609;0.957370;0.958475;0.957796",277.477404,3603.90,,4.25,0,3452,10,True,nid006068,57240767
SparseHNSW_a0.6_b3_s0x0,"M=32 efC=200 ef=10 alpha=0.6 beta=3 q=u8",64,0.8290266512,0.9400,111.8560,1.0280,0.0000,0.015542,"0.016617;0.015792;0.015542;0.015420;0.015355",4.502317,222107.84,,4.25,0,3452,10,True,nid006068,57240767
SparseHNSW_a0.6_b3_s0x0,"M=32 efC=200 ef=20 alpha=0.6 beta=3 q=u8",64,0.8290266512,0.9400,111.8560,1.0280,0.0000,0.015250,"0.015308;0.015292;0.015250;0.015237;0.015211",4.417729,226360.66,,4.25,0,3452,10,True,nid006068,57240767
SparseHNSW_a0.6_b3_s0x0,"M=32 efC=200 ef=50 alpha=0.6 beta=3 q=u8",64,0.8603707995,0.9638,111.8560,1.0280,0.0000,0.022907,"0.023107;0.023045;0.022893;0.022907;0.022827",6.635863,150696.29,,4.25,0,3452,10,True,nid006068,57240767
SparseHNSW_a0.6_b3_s0x0,"M=32 efC=200 ef=100 alpha=0.6 beta=3 q=u8",64,0.8901796060,0.9864,111.8560,1.0280,0.0000,0.041177,"0.041322;0.041182;0.041177;0.041174;0.041167",11.928447,83833.21,,4.25,0,3452,10,True,nid006068,57240767
SparseHNSW_a0.6_b3_s0x0,"M=32 efC=200 ef=200 alpha=0.6 beta=3 q=u8",64,0.9067207416,0.9968,111.8560,1.0280,0.0000,0.074451,"0.074340;0.074463;0.074451;0.074425;0.074491",21.567497,46366.07,,4.25,0,3452,10,True,nid006068,57240767
SparseHNSW_a0.6_b3_s0x0,"M=32 efC=200 ef=400 alpha=0.6 beta=3 q=u8",64,0.9132676709,0.9994,111.8560,1.0280,0.0000,0.137939,"0.138032;0.138095;0.137939;0.137894;0.137920",39.959154,25025.55,,4.25,0,3452,10,True,nid006068,57240767
SparseHNSW_a0.6_b3_s0x0,"M=32 efC=200 ef=800 alpha=0.6 beta=3 q=u8",64,0.9168597914,1.0000,111.8560,1.0280,0.0000,0.261451,"0.261680;0.261451;0.261274;0.261450;0.261766",75.738992,13203.24,,4.25,0,3452,10,True,nid006068,57240767
SparseHNSW_a0.6_b3_s0x0,"M=32 efC=200 ef=1600 alpha=0.6 beta=3 q=u8",64,0.9191483198,1.0000,111.8560,1.0280,0.0000,0.503311,"0.503311;0.503234;0.503456;0.503014;0.503637",145.802723,6858.58,,4.25,0,3452,10,True,nid006068,57240767
SparseHNSW_a0.6_b3_s0x0,"M=32 efC=200 ef=3200 alpha=0.6 beta=3 q=u8",64,0.9206257242,1.0000,111.8560,1.0280,0.0000,0.957823,"0.957843;0.957231;0.958641;0.957823;0.957748",277.469003,3604.01,,4.25,0,3452,10,True,nid006068,57240767
SparseHNSW_a0.6_b4_s0x0,"M=32 efC=200 ef=10 alpha=0.6 beta=4 q=u8",64,0.8643684820,0.9545,111.8560,1.0280,0.0000,0.019616,"0.020853;0.019868;0.019616;0.019611;0.019589",5.682503,175978.79,,4.25,0,3452,10,True,nid006068,57240767
SparseHNSW_a0.6_b4_s0x0,"M=32 efC=200 ef=20 alpha=0.6 beta=4 q=u8",64,0.8643684820,0.9545,111.8560,1.0280,0.0000,0.019445,"0.019445;0.019447;0.019468;0.019379;0.019341",5.632966,177526.36,,4.25,0,3452,10,True,nid006068,57240767
SparseHNSW_a0.6_b4_s0x0,"M=32 efC=200 ef=50 alpha=0.6 beta=4 q=u8",64,0.8779258401,0.9638,111.8560,1.0280,0.0000,0.023268,"0.023327;0.023206;0.023142;0.023268;0.023318",6.740440,148358.26,,4.25,0,3452,10,True,nid006068,57240767
SparseHNSW_a0.6_b4_s0x0,"M=32 efC=200 ef=100 alpha=0.6 beta=4 q=u8",64,0.9100231750,0.9864,111.8560,1.0280,0.0000,0.041525,"0.041630;0.041743;0.041492;0.041485;0.041525",12.029258,83130.64,,4.25,0,3452,10,True,nid006068,57240767
SparseHNSW_a0.6_b4_s0x0,"M=32 efC=200 ef=200 alpha=0.6 beta=4 q=u8",64,0.9273464658,0.9968,111.8560,1.0280,0.0000,0.074788,"0.074788;0.074717;0.074902;0.074987;0.074597",21.665122,46157.14,,4.25,0,3452,10,True,nid006068,57240767
SparseHNSW_a0.6_b4_s0x0,"M=32 efC=200 ef=400 alpha=0.6 beta=4 q=u8",64,0.9347334878,0.9994,111.8560,1.0280,0.0000,0.138328,"0.138360;0.138111;0.138132;0.138328;0.138449",40.071842,24955.18,,4.25,0,3452,10,True,nid006068,57240767
SparseHNSW_a0.6_b4_s0x0,"M=32 efC=200 ef=800 alpha=0.6 beta=4 q=u8",64,0.9385863268,1.0000,111.8560,1.0280,0.0000,0.261722,"0.261488;0.262130;0.261722;0.261741;0.261412",75.817497,13189.57,,4.25,0,3452,10,True,nid006068,57240767
SparseHNSW_a0.6_b4_s0x0,"M=32 efC=200 ef=1600 alpha=0.6 beta=4 q=u8",64,0.9414831981,1.0000,111.8560,1.0280,0.0000,0.503128,"0.503594;0.503128;0.502455;0.502838;0.504189",145.749710,6861.08,,4.25,0,3452,10,True,nid006068,57240767
SparseHNSW_a0.6_b4_s0x0,"M=32 efC=200 ef=3200 alpha=0.6 beta=4 q=u8",64,0.9429316338,1.0000,111.8560,1.0280,0.0000,0.958610,"0.958953;0.958411;0.958487;0.960522;0.958610",277.696987,3601.05,,4.25,0,3452,10,True,nid006068,57240767
SparseHNSW_a0.6_b5_s0x0,"M=32 efC=200 ef=10 alpha=0.6 beta=5 q=u8",64,0.8882387022,0.9638,111.8560,1.0280,0.0000,0.023907,"0.024900;0.024208;0.023907;0.023825;0.023873",6.925550,144392.86,,4.25,0,3452,10,True,nid006068,57240767
SparseHNSW_a0.6_b5_s0x0,"M=32 efC=200 ef=20 alpha=0.6 beta=5 q=u8",64,0.8882387022,0.9638,111.8560,1.0280,0.0000,0.023567,"0.023567;0.023596;0.023618;0.023538;0.023493",6.827057,146476.00,,4.25,0,3452,10,True,nid006068,57240767
SparseHNSW_a0.6_b5_s0x0,"M=32 efC=200 ef=50 alpha=0.6 beta=5 q=u8",64,0.8882387022,0.9638,111.8560,1.0280,0.0000,0.023585,"0.023565;0.023700;0.023585;0.023598;0.023482",6.832271,146364.21,,4.25,0,3452,10,True,nid006068,57240767
SparseHNSW_a0.6_b5_s0x0,"M=32 efC=200 ef=100 alpha=0.6 beta=5 q=u8",64,0.9208864426,0.9864,111.8560,1.0280,0.0000,0.041993,"0.041993;0.042287;0.041851;0.042216;0.041811",12.164832,82204.18,,4.25,0,3452,10,True,nid006068,57240767
SparseHNSW_a0.6_b5_s0x0,"M=32 efC=200 ef=200 alpha=0.6 beta=5 q=u8",64,0.9388470452,0.9968,111.8560,1.0280,0.0000,0.074973,"0.074981;0.074973;0.074919;0.075028;0.074938",21.718714,46043.24,,4.25,0,3452,10,True,nid006068,57240767
SparseHNSW_a0.6_b5_s0x0,"M=32 efC=200 ef=400 alpha=0.6 beta=5 q=u8",64,0.9466975666,0.9994,111.8560,1.0280,0.0000,0.138455,"0.138445;0.138311;0.138850;0.138455;0.139023",40.108633,24932.29,,4.25,0,3452,10,True,nid006068,57240767
SparseHNSW_a0.6_b5_s0x0,"M=32 efC=200 ef=800 alpha=0.6 beta=5 q=u8",64,0.9510139050,1.0000,111.8560,1.0280,0.0000,0.261751,"0.261916;0.261358;0.261445;0.261751;0.262094",75.825898,13188.11,,4.25,0,3452,10,True,nid006068,57240767
SparseHNSW_a0.6_b5_s0x0,"M=32 efC=200 ef=1600 alpha=0.6 beta=5 q=u8",64,0.9537079954,1.0000,111.8560,1.0280,0.0000,0.503958,"0.504045;0.504036;0.503669;0.503958;0.503250",145.990151,6849.78,,4.25,0,3452,10,True,nid006068,57240767
SparseHNSW_a0.6_b5_s0x0,"M=32 efC=200 ef=3200 alpha=0.6 beta=5 q=u8",64,0.9553592121,1.0000,111.8560,1.0280,0.0000,0.958749,"0.958749;0.958927;0.958584;0.958677;0.960127",277.737254,3600.53,,4.25,0,3452,10,True,nid006068,57240767
SparseHNSW_a0.6_b6_s0x0,"M=32 efC=200 ef=10 alpha=0.6 beta=6 q=u8",64,0.9051564311,0.9722,111.8560,1.0280,0.0000,0.027955,"0.028991;0.028302;0.027955;0.027792;0.027772",8.098204,123484.17,,4.25,0,3452,10,True,nid006068,57240767
SparseHNSW_a0.6_b6_s0x0,"M=32 efC=200 ef=20 alpha=0.6 beta=6 q=u8",64,0.9051564311,0.9722,111.8560,1.0280,0.0000,0.027619,"0.027619;0.027645;0.027586;0.027709;0.027603",8.000869,124986.42,,4.25,0,3452,10,True,nid006068,57240767
SparseHNSW_a0.6_b6_s0x0,"M=32 efC=200 ef=50 alpha=0.6 beta=6 q=u8",64,0.9051564311,0.9722,111.8560,1.0280,0.0000,0.027514,"0.027528;0.027489;0.027443;0.027559;0.027514",7.970452,125463.40,,4.25,0,3452,10,True,nid006068,57240767
SparseHNSW_a0.6_b6_s0x0,"M=32 efC=200 ef=100 alpha=0.6 beta=6 q=u8",64,0.9278389340,0.9864,111.8560,1.0280,0.0000,0.042247,"0.042247;0.042398;0.042267;0.042168;0.042196",12.238413,81709.94,,4.25,0,3452,10,True,nid006068,57240767
SparseHNSW_a0.6_b6_s0x0,"M=32 efC=200 ef=200 alpha=0.6 beta=6 q=u8",64,0.9460023175,0.9968,111.8560,1.0280,0.0000,0.075423,"0.075883;0.075417;0.075423;0.075505;0.075383",21.849073,45768.53,,4.25,0,3452,10,True,nid006068,57240767
SparseHNSW_a0.6_b6_s0x0,"M=32 efC=200 ef=400 alpha=0.6 beta=6 q=u8",64,0.9541135574,0.9994,111.8560,1.0280,0.0000,0.138729,"0.138729;0.138658;0.139157;0.138779;0.138723",40.188007,24883.05,,4.25,0,3452,10,True,nid006068,57240767
SparseHNSW_a0.6_b6_s0x0,"M=32 efC=200 ef=800 alpha=0.6 beta=6 q=u8",64,0.9586037080,1.0000,111.8560,1.0280,0.0000,0.262307,"0.262307;0.262311;0.262374;0.262086;0.261734",75.986964,13160.15,,4.25,0,3452,10,True,nid006068,57240767
SparseHNSW_a0.6_b6_s0x0,"M=32 efC=200 ef=1600 alpha=0.6 beta=6 q=u8",64,0.9615874855,1.0000,111.8560,1.0280,0.0000,0.504447,"0.504447;0.504877;0.504142;0.504568;0.504102",146.131808,6843.14,,4.25,0,3452,10,True,nid006068,57240767
SparseHNSW_a0.6_b6_s0x0,"M=32 efC=200 ef=3200 alpha=0.6 beta=6 q=u8",64,0.9632387022,1.0000,111.8560,1.0280,0.0000,0.959659,"0.959389;0.959659;0.959894;0.960404;0.959595",278.000869,3597.11,,4.26,0,3452,10,True,nid006068,57240767
SparseHNSW_a0.6_b7_s0x0,"M=32 efC=200 ef=10 alpha=0.6 beta=7 q=u8",64,0.9164542294,0.9762,111.8560,1.0280,0.0000,0.031975,"0.032604;0.032220;0.031975;0.031792;0.031656",9.262746,107959.34,,4.26,0,3452,10,True,nid006068,57240767
SparseHNSW_a0.6_b7_s0x0,"M=32 efC=200 ef=20 alpha=0.6 beta=7 q=u8",64,0.9164542294,0.9762,111.8560,1.0280,0.0000,0.031619,"0.031604;0.031602;0.031660;0.031619;0.031623",9.159618,109174.86,,4.26,0,3452,10,True,nid006068,57240767
SparseHNSW_a0.6_b7_s0x0,"M=32 efC=200 ef=50 alpha=0.6 beta=7 q=u8",64,0.9164542294,0.9762,111.8560,1.0280,0.0000,0.031645,"0.031741;0.031621;0.031617;0.031645;0.031712",9.167149,109085.16,,4.26,0,3452,10,True,nid006068,57240767
SparseHNSW_a0.6_b7_s0x0,"M=32 efC=200 ef=100 alpha=0.6 beta=7 q=u8",64,0.9328505214,0.9864,111.8560,1.0280,0.0000,0.042775,"0.043064;0.042775;0.042990;0.042476;0.042713",12.391367,80701.34,,4.26,0,3452,10,True,nid006068,57240767
SparseHNSW_a0.6_b7_s0x0,"M=32 efC=200 ef=200 alpha=0.6 beta=7 q=u8",64,0.9515643105,0.9968,111.8560,1.0280,0.0000,0.075671,"0.075794;0.075603;0.075671;0.075656;0.075763",21.920915,45618.53,,4.26,0,3452,10,True,nid006068,57240767
SparseHNSW_a0.6_b7_s0x0,"M=32 efC=200 ef=400 alpha=0.6 beta=7 q=u8",64,0.9594438007,0.9994,111.8560,1.0280,0.0000,0.139195,"0.139169;0.139138;0.139489;0.139195;0.139498",40.323001,24799.74,,4.26,0,3452,10,True,nid006068,57240767
SparseHNSW_a0.6_b7_s0x0,"M=32 efC=200 ef=800 alpha=0.6 beta=7 q=u8",64,0.9639049826,1.0000,111.8560,1.0280,0.0000,0.262768,"0.262810;0.262768;0.263103;0.262519;0.262349",76.120510,13137.06,,4.26,0,3452,10,True,nid006068,57240767
SparseHNSW_a0.6_b7_s0x0,"M=32 efC=200 ef=1600 alpha=0.6 beta=7 q=u8",64,0.9670915411,1.0000,111.8560,1.0280,0.0000,0.505142,"0.504371;0.505409;0.505238;0.504808;0.505142",146.333140,6833.72,,4.26,0,3452,10,True,nid006068,57240767
SparseHNSW_a0.6_b7_s0x0,"M=32 efC=200 ef=3200 alpha=0.6 beta=7 q=u8",64,0.9688586327,1.0000,111.8560,1.0280,0.0000,0.959381,"0.959782;0.959236;0.960158;0.958925;0.959381",277.920336,3598.15,,4.26,0,3452,10,True,nid006068,57240767
SparseHNSW_a0.6_b8_s0x0,"M=32 efC=200 ef=10 alpha=0.6 beta=8 q=u8",64,0.9255214368,0.9800,111.8560,1.0280,0.0000,0.035967,"0.036667;0.036029;0.035927;0.035967;0.035774",10.419177,95976.87,,4.26,0,3452,10,True,nid006068,57240767
SparseHNSW_a0.6_b8_s0x0,"M=32 efC=200 ef=20 alpha=0.6 beta=8 q=u8",64,0.9255214368,0.9800,111.8560,1.0280,0.0000,0.035726,"0.035726;0.035839;0.035828;0.035621;0.035636",10.349363,96624.31,,4.26,0,3452,10,True,nid006068,57240767
SparseHNSW_a0.6_b8_s0x0,"M=32 efC=200 ef=50 alpha=0.6 beta=8 q=u8",64,0.9255214368,0.9800,111.8560,1.0280,0.0000,0.035640,"0.035640;0.035734;0.035588;0.035591;0.035722",10.324450,96857.46,,4.26,0,3452,10,True,nid006068,57240767
SparseHNSW_a0.6_b8_s0x0,"M=32 efC=200 ef=100 alpha=0.6 beta=8 q=u8",64,0.9359791425,0.9864,111.8560,1.0280,0.0000,0.042982,"0.042907;0.042873;0.043257;0.043057;0.042982",12.451333,80312.69,,4.26,0,3452,10,True,nid006068,57240767
SparseHNSW_a0.6_b8_s0x0,"M=32 efC=200 ef=200 alpha=0.6 beta=8 q=u8",64,0.9549826188,0.9968,111.8560,1.0280,0.0000,0.075946,"0.075952;0.075924;0.075946;0.076120;0.075780",22.000579,45453.35,,4.26,0,3452,10,True,nid006068,57240767
SparseHNSW_a0.6_b8_s0x0,"M=32 efC=200 ef=400 alpha=0.6 beta=8 q=u8",64,0.9634125145,0.9994,111.8560,1.0280,0.0000,0.139398,"0.139261;0.139637;0.139692;0.139270;0.139398",40.381808,24763.63,,4.26,0,3452,10,True,nid006068,57240767
SparseHNSW_a0.6_b8_s0x0,"M=32 efC=200 ef=800 alpha=0.6 beta=8 q=u8",64,0.9680185400,1.0000,111.8560,1.0280,0.0000,0.262830,"0.262235;0.263206;0.262961;0.262743;0.262830",76.138470,13133.96,,4.26,0,3452,10,True,nid006068,57240767
SparseHNSW_a0.6_b8_s0x0,"M=32 efC=200 ef=1600 alpha=0.6 beta=8 q=u8",64,0.9710312862,1.0000,111.8560,1.0280,0.0000,0.504915,"0.505092;0.505371;0.504915;0.504780;0.504567",146.267381,6836.79,,4.26,0,3452,10,True,nid006068,57240767
SparseHNSW_a0.6_b8_s0x0,"M=32 efC=200 ef=3200 alpha=0.6 beta=8 q=u8",64,0.9727694090,1.0000,111.8560,1.0280,0.0000,0.959920,"0.959920;0.959714;0.960224;0.959440;0.959944",278.076477,3596.13,,4.26,0,3452,10,True,nid006068,57240767
SparseHNSW_a0.6_b1_s8x4,"M=32 efC=200 ef=10 alpha=0.6 beta=1 q=u8 seedT=8 seedH=8 seedS=4",64,0.6860370800,0.5730,111.8560,1.0280,0.0000,0.013302,"0.014289;0.013573;0.013302;0.013246;0.013237",3.853418,259509.85,,4.26,0,3452,10,True,nid006068,57240767
SparseHNSW_a0.6_b1_s8x4,"M=32 efC=200 ef=20 alpha=0.6 beta=1 q=u8 seedT=8 seedH=8 seedS=4",64,0.6860370800,0.5730,111.8560,1.0280,0.0000,0.013167,"0.013172;0.013156;0.013168;0.013167;0.013143",3.814311,262170.58,,4.26,0,3452,10,True,nid006068,57240767
SparseHNSW_a0.6_b1_s8x4,"M=32 efC=200 ef=50 alpha=0.6 beta=1 q=u8 seedT=8 seedH=8 seedS=4",64,0.6969582851,0.5806,111.8560,1.0280,0.0000,0.019764,"0.019847;0.019764;0.019809;0.019643;0.019704",5.725377,174661.00,,4.26,0,3452,10,True,nid006068,57240767
SparseHNSW_a0.6_b1_s8x4,"M=32 efC=200 ef=100 alpha=0.6 beta=1 q=u8 seedT=8 seedH=8 seedS=4",64,0.7090961761,0.5935,111.8560,1.0280,0.0000,0.037924,"0.037883;0.038125;0.037965;0.037853;0.037924",10.986095,91024.15,,4.26,0,3452,10,True,nid006068,57240767
SparseHNSW_a0.6_b1_s8x4,"M=32 efC=200 ef=200 alpha=0.6 beta=1 q=u8 seedT=8 seedH=8 seedS=4",64,0.7150926999,0.6005,111.8560,1.0280,0.0000,0.071353,"0.071127;0.071601;0.071317;0.071353;0.071423",20.670046,48379.19,,4.26,0,3452,10,True,nid006068,57240767
SparseHNSW_a0.6_b1_s8x4,"M=32 efC=200 ef=400 alpha=0.6 beta=1 q=u8 seedT=8 seedH=8 seedS=4",64,0.7181633835,0.6051,111.8560,1.0280,0.0000,0.135113,"0.135322;0.135067;0.135135;0.135113;0.134880",39.140498,25548.98,,4.26,0,3452,10,True,nid006068,57240767
SparseHNSW_a0.6_b1_s8x4,"M=32 efC=200 ef=800 alpha=0.6 beta=1 q=u8 seedT=8 seedH=8 seedS=4",64,0.7197856315,0.6067,111.8560,1.0280,0.0000,0.259313,"0.259313;0.259677;0.259272;0.259018;0.259931",75.119641,13312.10,,4.26,0,3452,10,True,nid006068,57240767
SparseHNSW_a0.6_b1_s8x4,"M=32 efC=200 ef=1600 alpha=0.6 beta=1 q=u8 seedT=8 seedH=8 seedS=4",64,0.7211471611,0.6106,111.8560,1.0280,0.0000,0.501637,"0.501166;0.501354;0.501637;0.502938;0.501696",145.317787,6881.47,,4.26,0,3452,10,True,nid006068,57240767
SparseHNSW_a0.6_b1_s8x4,"M=32 efC=200 ef=3200 alpha=0.6 beta=1 q=u8 seedT=8 seedH=8 seedS=4",64,0.7215527231,0.6093,111.8560,1.0280,0.0000,0.957780,"0.959293;0.958873;0.957578;0.957679;0.957780",277.456547,3604.17,,4.26,0,3452,10,True,nid006068,57240767
SparseHNSW_a0.6_b2_s8x4,"M=32 efC=200 ef=10 alpha=0.6 beta=2 q=u8 seedT=8 seedH=8 seedS=4",64,0.8266222480,0.9783,111.8560,1.0280,0.0000,0.014330,"0.015224;0.014482;0.014330;0.014245;0.014248",4.151217,240893.23,,4.26,0,3452,10,True,nid006068,57240767
SparseHNSW_a0.6_b2_s8x4,"M=32 efC=200 ef=20 alpha=0.6 beta=2 q=u8 seedT=8 seedH=8 seedS=4",64,0.8266222480,0.9783,111.8560,1.0280,0.0000,0.014048,"0.014083;0.014028;0.014048;0.014043;0.014133",4.069525,245728.93,,4.26,0,3452,10,True,nid006068,57240767
SparseHNSW_a0.6_b2_s8x4,"M=32 efC=200 ef=50 alpha=0.6 beta=2 q=u8 seedT=8 seedH=8 seedS=4",64,0.8422363847,0.9873,111.8560,1.0280,0.0000,0.020580,"0.020690;0.020580;0.020576;0.020578;0.020583",5.961761,167735.67,,4.26,0,3452,10,True,nid006068,57240767
SparseHNSW_a0.6_b2_s8x4,"M=32 efC=200 ef=100 alpha=0.6 beta=2 q=u8 seedT=8 seedH=8 seedS=4",64,0.8579663963,0.9959,111.8560,1.0280,0.0000,0.038824,"0.038755;0.038824;0.038846;0.038853;0.038743",11.246813,88914.07,,4.26,0,3452,10,True,nid006068,57240767
SparseHNSW_a0.6_b2_s8x4,"M=32 efC=200 ef=200 alpha=0.6 beta=2 q=u8 seedT=8 seedH=8 seedS=4",64,0.8659907300,0.9994,111.8560,1.0280,0.0000,0.071988,"0.071988;0.071948;0.071997;0.071886;0.072000",20.853998,47952.44,,4.26,0,3452,10,True,nid006068,57240767
SparseHNSW_a0.6_b2_s8x4,"M=32 efC=200 ef=400 alpha=0.6 beta=2 q=u8 seedT=8 seedH=8 seedS=4",64,0.8699884125,0.9997,111.8560,1.0280,0.0000,0.135845,"0.136027;0.135845;0.135683;0.135899;0.135821",39.352549,25411.31,,4.26,0,3452,10,True,nid006068,57240767
SparseHNSW_a0.6_b2_s8x4,"M=32 efC=200 ef=800 alpha=0.6 beta=2 q=u8 seedT=8 seedH=8 seedS=4",64,0.8723638470,1.0000,111.8560,1.0280,0.0000,0.260072,"0.260072;0.260340;0.260114;0.260070;0.259984",75.339513,13273.25,,4.26,0,3452,10,True,nid006068,57240767
SparseHNSW_a0.6_b2_s8x4,"M=32 efC=200 ef=1600 alpha=0.6 beta=2 q=u8 seedT=8 seedH=8 seedS=4",64,0.8744785632,1.0000,111.8560,1.0280,0.0000,0.502387,"0.502407;0.502272;0.502111;0.502736;0.502387",145.535052,6871.20,,4.26,0,3452,10,True,nid006068,57240767
SparseHNSW_a0.6_b2_s8x4,"M=32 efC=200 ef=3200 alpha=0.6 beta=2 q=u8 seedT=8 seedH=8 seedS=4",64,0.8755214368,1.0000,111.8560,1.0280,0.0000,0.958033,"0.957943;0.957547;0.958033;0.958216;0.958186",277.529838,3603.22,,4.26,0,3452,10,True,nid006068,57240767
SparseHNSW_a0.6_b3_s8x4,"M=32 efC=200 ef=10 alpha=0.6 beta=3 q=u8 seedT=8 seedH=8 seedS=4",64,0.8653534183,0.9783,111.8560,1.0280,0.0000,0.014777,"0.015727;0.014986;0.014777;0.014683;0.014611",4.280707,233606.28,,4.26,0,3452,10,True,nid006068,57240767
SparseHNSW_a0.6_b3_s8x4,"M=32 efC=200 ef=20 alpha=0.6 beta=3 q=u8 seedT=8 seedH=8 seedS=4",64,0.8653534183,0.9783,111.8560,1.0280,0.0000,0.014448,"0.014535;0.014469;0.014448;0.014373;0.014325",4.185400,238925.80,,4.26,0,3452,10,True,nid006068,57240767
SparseHNSW_a0.6_b3_s8x4,"M=32 efC=200 ef=50 alpha=0.6 beta=3 q=u8 seedT=8 seedH=8 seedS=4",64,0.8832850521,0.9873,111.8560,1.0280,0.0000,0.020889,"0.021016;0.021026;0.020873;0.020889;0.020832",6.051275,165254.44,,4.26,0,3452,10,True,nid006068,57240767
SparseHNSW_a0.6_b3_s8x4,"M=32 efC=200 ef=100 alpha=0.6 beta=3 q=u8 seedT=8 seedH=8 seedS=4",64,0.9009849363,0.9959,111.8560,1.0280,0.0000,0.039057,"0.038976;0.039093;0.038959;0.039195;0.039057",11.314311,88383.64,,4.26,0,3452,10,True,nid006068,57240767
SparseHNSW_a0.6_b3_s8x4,"M=32 efC=200 ef=200 alpha=0.6 beta=3 q=u8 seedT=8 seedH=8 seedS=4",64,0.9098783314,0.9994,111.8560,1.0280,0.0000,0.072480,"0.072366;0.072250;0.072590;0.072511;0.072480",20.996524,47626.93,,4.26,0,3452,10,True,nid006068,57240767
SparseHNSW_a0.6_b3_s8x4,"M=32 efC=200 ef=400 alpha=0.6 beta=3 q=u8 seedT=8 seedH=8 seedS=4",64,0.9144553882,0.9997,111.8560,1.0280,0.0000,0.136246,"0.136246;0.136220;0.136144;0.136272;0.136254",39.468714,25336.52,,4.26,0,3452,10,True,nid006068,57240767
SparseHNSW_a0.6_b3_s8x4,"M=32 efC=200 ef=800 alpha=0.6 beta=3 q=u8 seedT=8 seedH=8 seedS=4",64,0.9171784473,1.0000,111.8560,1.0280,0.0000,0.260137,"0.260129;0.260252;0.259981;0.260137;0.260353",75.358343,13269.93,,4.26,0,3452,10,True,nid006068,57240767
SparseHNSW_a0.6_b3_s8x4,"M=32 efC=200 ef=1600 alpha=0.6 beta=3 q=u8 seedT=8 seedH=8 seedS=4",64,0.9193800695,1.0000,111.8560,1.0280,0.0000,0.502623,"0.503403;0.502269;0.502333;0.502807;0.502623",145.603418,6867.97,,4.26,0,3452,10,True,nid006068,57240767
SparseHNSW_a0.6_b3_s8x4,"M=32 efC=200 ef=3200 alpha=0.6 beta=3 q=u8 seedT=8 seedH=8 seedS=4",64,0.9208574739,1.0000,111.8560,1.0280,0.0000,0.958469,"0.958922;0.957682;0.958453;0.958989;0.958469",277.656141,3601.58,,4.26,0,3452,10,True,nid006068,57240767
SparseHNSW_a0.6_b4_s8x4,"M=32 efC=200 ef=10 alpha=0.6 beta=4 q=u8 seedT=8 seedH=8 seedS=4",64,0.8921784473,0.9826,111.8560,1.0280,0.0000,0.017769,"0.018827;0.018042;0.017769;0.017738;0.017676",5.147451,194270.92,,4.26,0,3452,10,True,nid006068,57240767
SparseHNSW_a0.6_b4_s8x4,"M=32 efC=200 ef=20 alpha=0.6 beta=4 q=u8 seedT=8 seedH=8 seedS=4",64,0.8921784473,0.9826,111.8560,1.0280,0.0000,0.017527,"0.017569;0.017527;0.017489;0.017490;0.017598",5.077346,196953.27,,4.26,0,3452,10,True,nid006068,57240767
SparseHNSW_a0.6_b4_s8x4,"M=32 efC=200 ef=50 alpha=0.6 beta=4 q=u8 seedT=8 seedH=8 seedS=4",64,0.9011008111,0.9873,111.8560,1.0280,0.0000,0.021255,"0.021384;0.021255;0.021370;0.021237;0.021164",6.157300,162408.84,,4.26,0,3452,10,True,nid006068,57240767
SparseHNSW_a0.6_b4_s8x4,"M=32 efC=200 ef=100 alpha=0.6 beta=4 q=u8 seedT=8 seedH=8 seedS=4",64,0.9208574739,0.9959,111.8560,1.0280,0.0000,0.039387,"0.039579;0.039614;0.039387;0.039361;0.039348",11.409907,87643.13,,4.26,0,3452,10,True,nid006068,57240767
SparseHNSW_a0.6_b4_s8x4,"M=32 efC=200 ef=200 alpha=0.6 beta=4 q=u8 seedT=8 seedH=8 seedS=4",64,0.9305909618,0.9994,111.8560,1.0280,0.0000,0.072713,"0.072692;0.072713;0.072773;0.072778;0.072709",21.064021,47474.32,,4.26,0,3452,10,True,nid006068,57240767
SparseHNSW_a0.6_b4_s8x4,"M=32 efC=200 ef=400 alpha=0.6 beta=4 q=u8 seedT=8 seedH=8 seedS=4",64,0.9360081112,0.9997,111.8560,1.0280,0.0000,0.136514,"0.136773;0.136514;0.136368;0.136578;0.136276",39.546350,25286.78,,4.26,0,3452,10,True,nid006068,57240767
SparseHNSW_a0.6_b4_s8x4,"M=32 efC=200 ef=800 alpha=0.6 beta=4 q=u8 seedT=8 seedH=8 seedS=4",64,0.9389339513,1.0000,111.8560,1.0280,0.0000,0.260807,"0.260982;0.260807;0.260801;0.261017;0.260738",75.552433,13235.84,,4.26,0,3452,10,True,nid006068,57240767
SparseHNSW_a0.6_b4_s8x4,"M=32 efC=200 ef=1600 alpha=0.6 beta=4 q=u8 seedT=8 seedH=8 seedS=4",64,0.9417728853,1.0000,111.8560,1.0280,0.0000,0.503395,"0.503634;0.504278;0.502380;0.503232;0.503395",145.827057,6857.44,,4.26,0,3452,10,True,nid006068,57240767
SparseHNSW_a0.6_b4_s8x4,"M=32 efC=200 ef=3200 alpha=0.6 beta=4 q=u8 seedT=8 seedH=8 seedS=4",64,0.9431633835,1.0000,111.8560,1.0280,0.0000,0.958457,"0.958186;0.960590;0.958342;0.958467;0.958457",277.652665,3601.62,,4.26,0,3452,10,True,nid006068,57240767
SparseHNSW_a0.6_b5_s8x4,"M=32 efC=200 ef=10 alpha=0.6 beta=5 q=u8 seedT=8 seedH=8 seedS=4",64,0.9116164542,0.9873,111.8560,1.0280,0.0000,0.022046,"0.023129;0.022095;0.022046;0.021771;0.021700",6.386443,156581.69,,4.26,0,3452,10,True,nid006068,57240767
SparseHNSW_a0.6_b5_s8x4,"M=32 efC=200 ef=20 alpha=0.6 beta=5 q=u8 seedT=8 seedH=8 seedS=4",64,0.9116164542,0.9873,111.8560,1.0280,0.0000,0.021689,"0.021757;0.021763;0.021689;0.021588;0.021584",6.283024,159159.02,,4.26,0,3452,10,True,nid006068,57240767
SparseHNSW_a0.6_b5_s8x4,"M=32 efC=200 ef=50 alpha=0.6 beta=5 q=u8 seedT=8 seedH=8 seedS=4",64,0.9116164542,0.9873,111.8560,1.0280,0.0000,0.021548,"0.021548;0.021535;0.021630;0.021436;0.021557",6.242178,160200.48,,4.26,0,3452,10,True,nid006068,57240767
SparseHNSW_a0.6_b5_s8x4,"M=32 efC=200 ef=100 alpha=0.6 beta=5 q=u8 seedT=8 seedH=8 seedS=4",64,0.9319524913,0.9959,111.8560,1.0280,0.0000,0.039900,"0.039720;0.039935;0.039900;0.039880;0.039926",11.558517,86516.29,,4.26,0,3452,10,True,nid006068,57240767
SparseHNSW_a0.6_b5_s8x4,"M=32 efC=200 ef=200 alpha=0.6 beta=5 q=u8 seedT=8 seedH=8 seedS=4",64,0.9422653534,0.9994,111.8560,1.0280,0.0000,0.073009,"0.072862;0.072949;0.073015;0.073009;0.073081",21.149768,47281.84,,4.26,0,3452,10,True,nid006068,57240767
SparseHNSW_a0.6_b5_s8x4,"M=32 efC=200 ef=400 alpha=0.6 beta=5 q=u8 seedT=8 seedH=8 seedS=4",64,0.9480301275,0.9997,111.8560,1.0280,0.0000,0.136689,"0.136589;0.136659;0.136689;0.136752;0.136744",39.597045,25254.41,,4.26,0,3452,10,True,nid006068,57240767
SparseHNSW_a0.6_b5_s8x4,"M=32 efC=200 ef=800 alpha=0.6 beta=5 q=u8 seedT=8 seedH=8 seedS=4",64,0.9513615295,1.0000,111.8560,1.0280,0.0000,0.260758,"0.261202;0.260654;0.260758;0.261099;0.260465",75.538239,13238.33,,4.26,0,3452,10,True,nid006068,57240767
SparseHNSW_a0.6_b5_s8x4,"M=32 efC=200 ef=1600 alpha=0.6 beta=5 q=u8 seedT=8 seedH=8 seedS=4",64,0.9539976825,1.0000,111.8560,1.0280,0.0000,0.503106,"0.502883;0.502282;0.503106;0.503564;0.503488",145.743337,6861.38,,4.26,0,3452,10,True,nid006068,57240767
SparseHNSW_a0.6_b5_s8x4,"M=32 efC=200 ef=3200 alpha=0.6 beta=5 q=u8 seedT=8 seedH=8 seedS=4",64,0.9555619930,1.0000,111.8560,1.0280,0.0000,0.959424,"0.959562;0.959393;0.959197;0.960199;0.959424",277.932793,3597.99,,4.26,0,3452,10,True,nid006068,57240767
SparseHNSW_a0.6_b6_s8x4,"M=32 efC=200 ef=10 alpha=0.6 beta=6 q=u8 seedT=8 seedH=8 seedS=4",64,0.9248261877,0.9907,111.8560,1.0280,0.0000,0.026109,"0.026919;0.026369;0.026049;0.026109;0.025717",7.563441,132214.95,,4.26,0,3452,10,True,nid006068,57240767
SparseHNSW_a0.6_b6_s8x4,"M=32 efC=200 ef=20 alpha=0.6 beta=6 q=u8 seedT=8 seedH=8 seedS=4",64,0.9248261877,0.9907,111.8560,1.0280,0.0000,0.025607,"0.025782;0.025794;0.025597;0.025592;0.025607",7.418019,134806.89,,4.26,0,3452,10,True,nid006068,57240767
SparseHNSW_a0.6_b6_s8x4,"M=32 efC=200 ef=50 alpha=0.6 beta=6 q=u8 seedT=8 seedH=8 seedS=4",64,0.9248261877,0.9907,111.8560,1.0280,0.0000,0.025602,"0.025777;0.025486;0.025602;0.025611;0.025592",7.416570,134833.22,,4.26,0,3452,10,True,nid006068,57240767
SparseHNSW_a0.6_b6_s8x4,"M=32 efC=200 ef=100 alpha=0.6 beta=6 q=u8 seedT=8 seedH=8 seedS=4",64,0.9389049826,0.9959,111.8560,1.0280,0.0000,0.040200,"0.040200;0.040349;0.040051;0.040254;0.040093",11.645423,85870.65,,4.26,0,3452,10,True,nid006068,57240767
SparseHNSW_a0.6_b6_s8x4,"M=32 efC=200 ef=200 alpha=0.6 beta=6 q=u8 seedT=8 seedH=8 seedS=4",64,0.9494785632,0.9994,111.8560,1.0280,0.0000,0.073466,"0.073610;0.073466;0.073466;0.073391;0.073257",21.282155,46987.72,,4.26,0,3452,10,True,nid006068,57240767
SparseHNSW_a0.6_b6_s8x4,"M=32 efC=200 ef=400 alpha=0.6 beta=6 q=u8 seedT=8 seedH=8 seedS=4",64,0.9555330243,0.9997,111.8560,1.0280,0.0000,0.137042,"0.137042;0.137343;0.136788;0.137134;0.136830",39.699305,25189.36,,4.26,0,3452,10,True,nid006068,57240767
SparseHNSW_a0.6_b6_s8x4,"M=32 efC=200 ef=800 alpha=0.6 beta=6 q=u8 seedT=8 seedH=8 seedS=4",64,0.9589803013,1.0000,111.8560,1.0280,0.0000,0.261176,"0.261538;0.261499;0.260997;0.260750;0.261176",75.659328,13217.14,,4.26,0,3452,10,True,nid006068,57240767
SparseHNSW_a0.6_b6_s8x4,"M=32 efC=200 ef=1600 alpha=0.6 beta=6 q=u8 seedT=8 seedH=8 seedS=4",64,0.9618771727,1.0000,111.8560,1.0280,0.0000,0.503126,"0.502982;0.503668;0.503015;0.503792;0.503126",145.749131,6861.10,,4.26,0,3452,10,True,nid006068,57240767
SparseHNSW_a0.6_b6_s8x4,"M=32 efC=200 ef=3200 alpha=0.6 beta=6 q=u8 seedT=8 seedH=8 seedS=4",64,0.9634704519,1.0000,111.8560,1.0280,0.0000,0.960634,"0.960049;0.960634;0.960832;0.960452;0.960912",278.283314,3593.46,,4.26,0,3452,10,True,nid006068,57240767
SparseHNSW_a0.6_b7_s8x4,"M=32 efC=200 ef=10 alpha=0.6 beta=7 q=u8 seedT=8 seedH=8 seedS=4",64,0.9326767092,0.9913,111.8560,1.0280,0.0000,0.029830,"0.030660;0.030062;0.029830;0.029656;0.029623",8.641367,115722.43,,4.26,0,3452,10,True,nid006068,57240767
SparseHNSW_a0.6_b7_s8x4,"M=32 efC=200 ef=20 alpha=0.6 beta=7 q=u8 seedT=8 seedH=8 seedS=4",64,0.9326767092,0.9913,111.8560,1.0280,0.0000,0.029607,"0.029472;0.029703;0.029651;0.029607;0.029538",8.576767,116594.05,,4.26,0,3452,10,True,nid006068,57240767
SparseHNSW_a0.6_b7_s8x4,"M=32 efC=200 ef=50 alpha=0.6 beta=7 q=u8 seedT=8 seedH=8 seedS=4",64,0.9326767092,0.9913,111.8560,1.0280,0.0000,0.029533,"0.029500;0.029579;0.029533;0.029536;0.029496",8.555330,116886.20,,4.26,0,3452,10,True,nid006068,57240767
SparseHNSW_a0.6_b7_s8x4,"M=32 efC=200 ef=100 alpha=0.6 beta=7 q=u8 seedT=8 seedH=8 seedS=4",64,0.9441483198,0.9959,111.8560,1.0280,0.0000,0.040391,"0.040417;0.040260;0.040237;0.040391;0.040445",11.700753,85464.58,,4.26,0,3452,10,True,nid006068,57240767
SparseHNSW_a0.6_b7_s8x4,"M=32 efC=200 ef=200 alpha=0.6 beta=7 q=u8 seedT=8 seedH=8 seedS=4",64,0.9549536501,0.9994,111.8560,1.0280,0.0000,0.073583,"0.073555;0.073743;0.073583;0.073540;0.073602",21.316049,46913.01,,4.26,0,3452,10,True,nid006068,57240767
SparseHNSW_a0.6_b7_s8x4,"M=32 efC=200 ef=400 alpha=0.6 beta=7 q=u8 seedT=8 seedH=8 seedS=4",64,0.9608342990,0.9997,111.8560,1.0280,0.0000,0.137322,"0.137252;0.137322;0.137208;0.137564;0.137648",39.780417,25138.00,,4.26,0,3452,10,True,nid006068,57240767
SparseHNSW_a0.6_b7_s8x4,"M=32 efC=200 ef=800 alpha=0.6 beta=7 q=u8 seedT=8 seedH=8 seedS=4",64,0.9642815759,1.0000,111.8560,1.0280,0.0000,0.261268,"0.261268;0.261402;0.261495;0.261232;0.261091",75.685979,13212.49,,4.26,0,3452,10,True,nid006068,57240767
SparseHNSW_a0.6_b7_s8x4,"M=32 efC=200 ef=1600 alpha=0.6 beta=7 q=u8 seedT=8 seedH=8 seedS=4",64,0.9674101970,1.0000,111.8560,1.0280,0.0000,0.503678,"0.503644;0.503531;0.503678;0.504307;0.504149",145.909038,6853.59,,4.26,0,3452,10,True,nid006068,57240767
SparseHNSW_a0.6_b7_s8x4,"M=32 efC=200 ef=3200 alpha=0.6 beta=7 q=u8 seedT=8 seedH=8 seedS=4",64,0.9690903824,1.0000,111.8560,1.0280,0.0000,0.959654,"0.960535;0.959474;0.959322;0.959702;0.959654",277.999421,3597.13,,4.26,0,3452,10,True,nid006068,57240767
SparseHNSW_a0.6_b8_s8x4,"M=32 efC=200 ef=10 alpha=0.6 beta=8 q=u8 seedT=8 seedH=8 seedS=4",64,0.9404692932,0.9933,111.8560,1.0280,0.0000,0.033925,"0.034479;0.033925;0.033927;0.033891;0.033741",9.827636,101753.87,,4.26,0,3452,10,True,nid006068,57240767
SparseHNSW_a0.6_b8_s8x4,"M=32 efC=200 ef=20 alpha=0.6 beta=8 q=u8 seedT=8 seedH=8 seedS=4",64,0.9404692932,0.9933,111.8560,1.0280,0.0000,0.033681,"0.033748;0.033662;0.033582;0.033681;0.033732",9.756952,102491.02,,4.26,0,3452,10,True,nid006068,57240767
SparseHNSW_a0.6_b8_s8x4,"M=32 efC=200 ef=50 alpha=0.6 beta=8 q=u8 seedT=8 seedH=8 seedS=4",64,0.9404692932,0.9933,111.8560,1.0280,0.0000,0.033555,"0.033678;0.033600;0.033523;0.033450;0.033555",9.720452,102875.88,,4.26,0,3452,10,True,nid006068,57240767
SparseHNSW_a0.6_b8_s8x4,"M=32 efC=200 ef=100 alpha=0.6 beta=8 q=u8 seedT=8 seedH=8 seedS=4",64,0.9472769409,0.9959,111.8560,1.0280,0.0000,0.040893,"0.040778;0.040813;0.040928;0.040893;0.040955",11.846176,84415.43,,4.26,0,3452,10,True,nid006068,57240767
SparseHNSW_a0.6_b8_s8x4,"M=32 efC=200 ef=200 alpha=0.6 beta=8 q=u8 seedT=8 seedH=8 seedS=4",64,0.9584588644,0.9994,111.8560,1.0280,0.0000,0.073880,"0.073562;0.073811;0.073943;0.073880;0.074021",21.402086,46724.42,,4.26,0,3452,10,True,nid006068,57240767
SparseHNSW_a0.6_b8_s8x4,"M=32 efC=200 ef=400 alpha=0.6 beta=8 q=u8 seedT=8 seedH=8 seedS=4",64,0.9648609502,0.9997,111.8560,1.0280,0.0000,0.137794,"0.137794;0.137518;0.137901;0.137732;0.137809",39.917149,25051.89,,4.26,0,3452,10,True,nid006068,57240767
SparseHNSW_a0.6_b8_s8x4,"M=32 efC=200 ef=800 alpha=0.6 beta=8 q=u8 seedT=8 seedH=8 seedS=4",64,0.9684820394,1.0000,111.8560,1.0280,0.0000,0.261928,"0.261928;0.261862;0.262088;0.261962;0.261323",75.877173,13179.19,,4.26,0,3452,10,True,nid006068,57240767
SparseHNSW_a0.6_b8_s8x4,"M=32 efC=200 ef=1600 alpha=0.6 beta=8 q=u8 seedT=8 seedH=8 seedS=4",64,0.9713499421,1.0000,111.8560,1.0280,0.0000,0.504837,"0.504807;0.505410;0.504837;0.504830;0.505325",146.244786,6837.85,,4.26,0,3452,10,True,nid006068,57240767
SparseHNSW_a0.6_b8_s8x4,"M=32 efC=200 ef=3200 alpha=0.6 beta=8 q=u8 seedT=8 seedH=8 seedS=4",64,0.9730011587,1.0000,111.8560,1.0280,0.0000,0.960587,"0.961024;0.960032;0.959964;0.960587;0.962047",278.269699,3593.64,,4.26,0,3452,10,True,nid006068,57240767
SparseHNSW_a0.7_b1_s0x0,"M=32 efC=200 ef=10 alpha=0.7 beta=1 q=u8",64,0.6229142526,0.4892,139.2556,0.8290,0.0000,0.006743,"0.008096;0.007551;0.006743;0.006624;0.006567",1.953360,511938.31,,4.34,0,3452,10,True,nid006068,57240767
SparseHNSW_a0.7_b1_s0x0,"M=32 efC=200 ef=20 alpha=0.7 beta=1 q=u8",64,0.7070973349,0.5720,139.2556,0.8290,0.0000,0.011776,"0.011940;0.011864;0.011749;0.011776;0.011676",3.411356,293138.59,,4.34,0,3452,10,True,nid006068,57240767
SparseHNSW_a0.7_b1_s0x0,"M=32 efC=200 ef=50 alpha=0.7 beta=1 q=u8",64,0.7588644264,0.6191,139.2556,0.8290,0.0000,0.024565,"0.024945;0.024593;0.024565;0.024428;0.024507",7.116165,140525.14,,4.34,0,3452,10,True,nid006068,57240767
SparseHNSW_a0.7_b1_s0x0,"M=32 efC=200 ef=100 alpha=0.7 beta=1 q=u8",64,0.7802723059,0.6375,139.2556,0.8290,0.0000,0.044605,"0.044508;0.044605;0.044433;0.044795;0.044622",12.921495,77390.43,,4.34,0,3452,10,True,nid006068,57240767
SparseHNSW_a0.7_b1_s0x0,"M=32 efC=200 ef=200 alpha=0.7 beta=1 q=u8",64,0.7902375435,0.6478,139.2556,0.8290,0.0000,0.082201,"0.082231;0.082104;0.082201;0.082071;0.082342",23.812572,41994.62,,4.34,0,3452,10,True,nid006068,57240767
SparseHNSW_a0.7_b1_s0x0,"M=32 efC=200 ef=400 alpha=0.7 beta=1 q=u8",64,0.7968424102,0.6528,139.2556,0.8290,0.0000,0.153038,"0.153038;0.153015;0.152911;0.153103;0.153190",44.333140,22556.49,,4.34,0,3452,10,True,nid006068,57240767
SparseHNSW_a0.7_b1_s0x0,"M=32 efC=200 ef=800 alpha=0.7 beta=1 q=u8",64,0.7994785632,0.6558,139.2556,0.8290,0.0000,0.288727,"0.288024;0.289052;0.288727;0.289032;0.288160",83.640498,11955.93,,4.34,0,3452,10,True,nid006068,57240767
SparseHNSW_a0.7_b1_s0x0,"M=32 efC=200 ef=1600 alpha=0.7 beta=1 q=u8",64,0.8009559676,0.6579,139.2556,0.8290,0.0000,0.553485,"0.553485;0.552914;0.553732;0.553922;0.553001",160.337486,6236.84,,4.34,0,3452,10,True,nid006068,57240767
SparseHNSW_a0.7_b1_s0x0,"M=32 efC=200 ef=3200 alpha=0.7 beta=1 q=u8",64,0.8019698725,0.6591,139.2556,0.8290,0.0000,1.045706,"1.045313;1.047278;1.045706;1.045570;1.046740",302.927578,3301.12,,4.34,0,3452,10,True,nid006068,57240767
SparseHNSW_a0.7_b2_s0x0,"M=32 efC=200 ef=10 alpha=0.7 beta=2 q=u8",64,0.8134414832,0.9227,139.2556,0.8290,0.0000,0.012690,"0.013650;0.012976;0.012690;0.012610;0.012524",3.676130,272025.22,,4.34,0,3452,10,True,nid006068,57240767
SparseHNSW_a0.7_b2_s0x0,"M=32 efC=200 ef=20 alpha=0.7 beta=2 q=u8",64,0.8134414832,0.9227,139.2556,0.8290,0.0000,0.012465,"0.012464;0.012465;0.012538;0.012443;0.012496",3.610950,276935.42,,4.34,0,3452,10,True,nid006068,57240767
SparseHNSW_a0.7_b2_s0x0,"M=32 efC=200 ef=50 alpha=0.7 beta=2 q=u8",64,0.8815469293,0.9681,139.2556,0.8290,0.0000,0.025340,"0.025493;0.025455;0.025197;0.025340;0.025144",7.340672,136227.31,,4.34,0,3452,10,True,nid006068,57240767
SparseHNSW_a0.7_b2_s0x0,"M=32 efC=200 ef=100 alpha=0.7 beta=2 q=u8",64,0.9095307068,0.9875,139.2556,0.8290,0.0000,0.045684,"0.045896;0.045684;0.045720;0.045651;0.045584",13.234067,75562.56,,4.34,0,3452,10,True,nid006068,57240767
SparseHNSW_a0.7_b2_s0x0,"M=32 efC=200 ef=200 alpha=0.7 beta=2 q=u8",64,0.9229142526,0.9954,139.2556,0.8290,0.0000,0.082837,"0.082563;0.082860;0.082541;0.083249;0.082837",23.996813,41672.20,,4.34,0,3452,10,True,nid006068,57240767
SparseHNSW_a0.7_b2_s0x0,"M=32 efC=200 ef=400 alpha=0.7 beta=2 q=u8",64,0.9311993048,0.9991,139.2556,0.8290,0.0000,0.153711,"0.153711;0.153431;0.153324;0.153964;0.153884",44.528100,22457.73,,4.34,0,3452,10,True,nid006068,57240767
SparseHNSW_a0.7_b2_s0x0,"M=32 efC=200 ef=800 alpha=0.7 beta=2 q=u8",64,0.9353997683,1.0000,139.2556,0.8290,0.0000,0.288774,"0.288814;0.288567;0.288949;0.288707;0.288774",83.654114,11953.98,,4.34,0,3452,10,True,nid006068,57240767
SparseHNSW_a0.7_b2_s0x0,"M=32 efC=200 ef=1600 alpha=0.7 beta=2 q=u8",64,0.9376882966,1.0000,139.2556,0.8290,0.0000,0.553786,"0.554929;0.553786;0.553323;0.553535;0.553908",160.424681,6233.45,,4.34,0,3452,10,True,nid006068,57240767
SparseHNSW_a0.7_b2_s0x0,"M=32 efC=200 ef=3200 alpha=0.7 beta=2 q=u8",64,0.9398030127,1.0000,139.2556,0.8290,0.0000,1.045712,"1.045712;1.045009;1.045753;1.046000;1.045132",302.929316,3301.10,,4.34,0,3452,10,True,nid006068,57240767
SparseHNSW_a0.7_b3_s0x0,"M=32 efC=200 ef=10 alpha=0.7 beta=3 q=u8",64,0.8699015064,0.9450,139.2556,0.8290,0.0000,0.017468,"0.018456;0.017821;0.017468;0.017282;0.017286",5.060255,197618.50,,4.34,0,3452,10,True,nid006068,57240767
SparseHNSW_a0.7_b3_s0x0,"M=32 efC=200 ef=20 alpha=0.7 beta=3 q=u8",64,0.8699015064,0.9450,139.2556,0.8290,0.0000,0.017140,"0.017140;0.017196;0.017190;0.016969;0.017074",4.965238,201400.23,,4.34,0,3452,10,True,nid006068,57240767
SparseHNSW_a0.7_b3_s0x0,"M=32 efC=200 ef=50 alpha=0.7 beta=3 q=u8",64,0.9053592121,0.9681,139.2556,0.8290,0.0000,0.025596,"0.025756;0.025694;0.025510;0.025545;0.025596",7.414832,134864.82,,4.34,0,3452,10,True,nid006068,57240767
SparseHNSW_a0.7_b3_s0x0,"M=32 efC=200 ef=100 alpha=0.7 beta=3 q=u8",64,0.9352259560,0.9875,139.2556,0.8290,0.0000,0.046001,"0.045904;0.046007;0.046060;0.045822;0.046001",13.325898,75041.85,,4.34,0,3452,10,True,nid006068,57240767
SparseHNSW_a0.7_b3_s0x0,"M=32 efC=200 ef=200 alpha=0.7 beta=3 q=u8",64,0.9494206257,0.9954,139.2556,0.8290,0.0000,0.083175,"0.083283;0.083089;0.083175;0.083054;0.083332",24.094728,41502.86,,4.34,0,3452,10,True,nid006068,57240767
SparseHNSW_a0.7_b3_s0x0,"M=32 efC=200 ef=400 alpha=0.7 beta=3 q=u8",64,0.9586616454,0.9991,139.2556,0.8290,0.0000,0.153886,"0.153886;0.153860;0.154371;0.153792;0.154057",44.578795,22432.19,,4.34,0,3452,10,True,nid006068,57240767
SparseHNSW_a0.7_b3_s0x0,"M=32 efC=200 ef=800 alpha=0.7 beta=3 q=u8",64,0.9633256083,1.0000,139.2556,0.8290,0.0000,0.289122,"0.288965;0.289269;0.290282;0.288857;0.289122",83.754925,11939.60,,4.34,0,3452,10,True,nid006068,57240767
SparseHNSW_a0.7_b3_s0x0,"M=32 efC=200 ef=1600 alpha=0.7 beta=3 q=u8",64,0.9656720742,1.0000,139.2556,0.8290,0.0000,0.554220,"0.554214;0.554220;0.554453;0.553474;0.555106",160.550406,6228.57,,4.34,0,3452,10,True,nid006068,57240767
SparseHNSW_a0.7_b3_s0x0,"M=32 efC=200 ef=3200 alpha=0.7 beta=3 q=u8",64,0.9678157590,1.0000,139.2556,0.8290,0.0000,1.045670,"1.046506;1.045471;1.045374;1.045670;1.046732",302.917149,3301.23,,4.34,0,3452,10,True,nid006068,57240767
SparseHNSW_a0.7_b4_s0x0,"M=32 efC=200 ef=10 alpha=0.7 beta=4 q=u8",64,0.9003186559,0.9603,139.2556,0.8290,0.0000,0.021942,"0.023057;0.022393;0.021942;0.021887;0.021862",6.356315,157323.85,,4.34,0,3452,10,True,nid006068,57240767
SparseHNSW_a0.7_b4_s0x0,"M=32 efC=200 ef=20 alpha=0.7 beta=4 q=u8",64,0.9003186559,0.9603,139.2556,0.8290,0.0000,0.021681,"0.021853;0.021768;0.021681;0.021678;0.021678",6.280707,159217.75,,4.34,0,3452,10,True,nid006068,57240767
SparseHNSW_a0.7_b4_s0x0,"M=32 efC=200 ef=50 alpha=0.7 beta=4 q=u8",64,0.9131807648,0.9681,139.2556,0.8290,0.0000,0.025860,"0.026083;0.025937;0.025860;0.025847;0.025746",7.491309,133488.01,,4.34,0,3452,10,True,nid006068,57240767
SparseHNSW_a0.7_b4_s0x0,"M=32 efC=200 ef=100 alpha=0.7 beta=4 q=u8",64,0.9447856315,0.9875,139.2556,0.8290,0.0000,0.046283,"0.046283;0.046272;0.046366;0.046209;0.046334",13.407590,74584.62,,4.34,0,3452,10,True,nid006068,57240767
SparseHNSW_a0.7_b4_s0x0,"M=32 efC=200 ef=200 alpha=0.7 beta=4 q=u8",64,0.9593279258,0.9954,139.2556,0.8290,0.0000,0.083521,"0.083443;0.083593;0.083521;0.083577;0.083332",24.194959,41330.92,,4.34,0,3452,10,True,nid006068,57240767
SparseHNSW_a0.7_b4_s0x0,"M=32 efC=200 ef=400 alpha=0.7 beta=4 q=u8",64,0.9690034762,0.9991,139.2556,0.8290,0.0000,0.154145,"0.154337;0.154030;0.154573;0.154145;0.154108",44.653824,22394.50,,4.34,0,3452,10,True,nid006068,57240767
SparseHNSW_a0.7_b4_s0x0,"M=32 efC=200 ef=800 alpha=0.7 beta=4 q=u8",64,0.9737833140,1.0000,139.2556,0.8290,0.0000,0.289730,"0.290090;0.290161;0.289587;0.289596;0.289730",83.931054,11914.54,,4.34,0,3452,10,True,nid006068,57240767
SparseHNSW_a0.7_b4_s0x0,"M=32 efC=200 ef=1600 alpha=0.7 beta=4 q=u8",64,0.9763035921,1.0000,139.2556,0.8290,0.0000,0.554900,"0.555357;0.554333;0.554900;0.554677;0.555309",160.747393,6220.94,,4.34,0,3452,10,True,nid006068,57240767
SparseHNSW_a0.7_b4_s0x0,"M=32 efC=200 ef=3200 alpha=0.7 beta=4 q=u8",64,0.9785631518,1.0000,139.2556,0.8290,0.0000,1.045851,"1.045723;1.046754;1.045851;1.045844;1.048492",302.969583,3300.66,,4.34,0,3452,10,True,nid006068,57240767
SparseHNSW_a0.7_b5_s0x0,"M=32 efC=200 ef=10 alpha=0.7 beta=5 q=u8",64,0.9172653534,0.9681,139.2556,0.8290,0.0000,0.026646,"0.027576;0.026908;0.026646;0.026541;0.026397",7.719003,129550.40,,4.34,0,3452,10,True,nid006068,57240767
SparseHNSW_a0.7_b5_s0x0,"M=32 efC=200 ef=20 alpha=0.7 beta=5 q=u8",64,0.9172653534,0.9681,139.2556,0.8290,0.0000,0.026197,"0.026243;0.026321;0.026185;0.026139;0.026197",7.588934,131770.81,,4.34,0,3452,10,True,nid006068,57240767
SparseHNSW_a0.7_b5_s0x0,"M=32 efC=200 ef=50 alpha=0.7 beta=5 q=u8",64,0.9172653534,0.9681,139.2556,0.8290,0.0000,0.026184,"0.026161;0.026195;0.026184;0.026186;0.026079",7.585168,131836.24,,4.34,0,3452,10,True,nid006068,57240767
SparseHNSW_a0.7_b5_s0x0,"M=32 efC=200 ef=100 alpha=0.7 beta=5 q=u8",64,0.9494785632,0.9875,139.2556,0.8290,0.0000,0.046619,"0.046788;0.046619;0.046886;0.046447;0.046542",13.504925,74047.06,,4.34,0,3452,10,True,nid006068,57240767
SparseHNSW_a0.7_b5_s0x0,"M=32 efC=200 ef=200 alpha=0.7 beta=5 q=u8",64,0.9645133256,0.9954,139.2556,0.8290,0.0000,0.083991,"0.083962;0.083867;0.084044;0.084013;0.083991",24.331112,41099.64,,4.34,0,3452,10,True,nid006068,57240767
SparseHNSW_a0.7_b5_s0x0,"M=32 efC=200 ef=400 alpha=0.7 beta=5 q=u8",64,0.9743626883,0.9991,139.2556,0.8290,0.0000,0.154412,"0.154945;0.154373;0.154757;0.154412;0.154307",44.731170,22355.78,,4.34,0,3452,10,True,nid006068,57240767
SparseHNSW_a0.7_b5_s0x0,"M=32 efC=200 ef=800 alpha=0.7 beta=5 q=u8",64,0.9793453071,1.0000,139.2556,0.8290,0.0000,0.289756,"0.289740;0.289837;0.289756;0.290056;0.289065",83.938586,11913.47,,4.34,0,3452,10,True,nid006068,57240767
SparseHNSW_a0.7_b5_s0x0,"M=32 efC=200 ef=1600 alpha=0.7 beta=5 q=u8",64,0.9817497103,1.0000,139.2556,0.8290,0.0000,0.554626,"0.554236;0.554870;0.554626;0.554970;0.554212",160.668019,6224.01,,4.34,0,3452,10,True,nid006068,57240767
SparseHNSW_a0.7_b5_s0x0,"M=32 efC=200 ef=3200 alpha=0.7 beta=5 q=u8",64,0.9841541136,1.0000,139.2556,0.8290,0.0000,1.046765,"1.045935;1.047712;1.046900;1.045892;1.046765",303.234357,3297.78,,4.34,0,3452,10,True,nid006068,57240767
SparseHNSW_a0.7_b6_s0x0,"M=32 efC=200 ef=10 alpha=0.7 beta=6 q=u8",64,0.9305040556,0.9754,139.2556,0.8290,0.0000,0.031139,"0.031899;0.031586;0.031139;0.030908;0.030848",9.020568,110857.77,,4.34,0,3452,10,True,nid006068,57240767
SparseHNSW_a0.7_b6_s0x0,"M=32 efC=200 ef=20 alpha=0.7 beta=6 q=u8",64,0.9305040556,0.9754,139.2556,0.8290,0.0000,0.030760,"0.030987;0.030868;0.030760;0.030512;0.030506",8.910776,112223.67,,4.34,0,3452,10,True,nid006068,57240767
SparseHNSW_a0.7_b6_s0x0,"M=32 efC=200 ef=50 alpha=0.7 beta=6 q=u8",64,0.9305040556,0.9754,139.2556,0.8290,0.0000,0.030504,"0.030582;0.030489;0.030504;0.030486;0.030678",8.836616,113165.49,,4.34,0,3452,10,True,nid006068,57240767
SparseHNSW_a0.7_b6_s0x0,"M=32 efC=200 ef=100 alpha=0.7 beta=6 q=u8",64,0.9518539977,0.9875,139.2556,0.8290,0.0000,0.046735,"0.046603;0.046714;0.046736;0.046992;0.046735",13.538528,73863.27,,4.34,0,3452,10,True,nid006068,57240767
SparseHNSW_a0.7_b6_s0x0,"M=32 efC=200 ef=200 alpha=0.7 beta=6 q=u8",64,0.9671784473,0.9954,139.2556,0.8290,0.0000,0.084258,"0.084258;0.084258;0.084217;0.083722;0.084533",24.408459,40969.40,,4.34,0,3452,10,True,nid006068,57240767
SparseHNSW_a0.7_b6_s0x0,"M=32 efC=200 ef=400 alpha=0.7 beta=6 q=u8",64,0.9772595597,0.9991,139.2556,0.8290,0.0000,0.154840,"0.154913;0.154737;0.154884;0.154564;0.154840",44.855156,22293.98,,4.34,0,3452,10,True,nid006068,57240767
SparseHNSW_a0.7_b6_s0x0,"M=32 efC=200 ef=800 alpha=0.7 beta=6 q=u8",64,0.9824159907,1.0000,139.2556,0.8290,0.0000,0.289846,"0.289771;0.289815;0.290390;0.289846;0.290386",83.964658,11909.77,,4.34,0,3452,10,True,nid006068,57240767
SparseHNSW_a0.7_b6_s0x0,"M=32 efC=200 ef=1600 alpha=0.7 beta=6 q=u8",64,0.9849362688,1.0000,139.2556,0.8290,0.0000,0.555961,"0.554923;0.555961;0.556069;0.555791;0.556397",161.054751,6209.07,,4.34,0,3452,10,True,nid006068,57240767
SparseHNSW_a0.7_b6_s0x0,"M=32 efC=200 ef=3200 alpha=0.7 beta=6 q=u8",64,0.9872827346,1.0000,139.2556,0.8290,0.0000,1.046847,"1.046847;1.047087;1.047983;1.046561;1.046618",303.258111,3297.52,,4.34,0,3452,10,True,nid006068,57240767
SparseHNSW_a0.7_b7_s0x0,"M=32 efC=200 ef=10 alpha=0.7 beta=7 q=u8",64,0.9389629200,0.9794,139.2556,0.8290,0.0000,0.035478,"0.036046;0.035648;0.035478;0.035172;0.035118",10.277520,97299.74,,4.34,0,3452,10,True,nid006068,57240767
SparseHNSW_a0.7_b7_s0x0,"M=32 efC=200 ef=20 alpha=0.7 beta=7 q=u8",64,0.9389629200,0.9794,139.2556,0.8290,0.0000,0.034898,"0.034961;0.034948;0.034822;0.034837;0.034898",10.109502,98916.84,,4.34,0,3452,10,True,nid006068,57240767
SparseHNSW_a0.7_b7_s0x0,"M=32 efC=200 ef=50 alpha=0.7 beta=7 q=u8",64,0.9389629200,0.9794,139.2556,0.8290,0.0000,0.034782,"0.035093;0.034804;0.034782;0.034758;0.034763",10.075898,99246.74,,4.34,0,3452,10,True,nid006068,57240767
SparseHNSW_a0.7_b7_s0x0,"M=32 efC=200 ef=100 alpha=0.7 beta=7 q=u8",64,0.9531865585,0.9875,139.2556,0.8290,0.0000,0.047208,"0.047126;0.047208;0.047326;0.046957;0.047235",13.675550,73123.20,,4.34,0,3452,10,True,nid006068,57240767
SparseHNSW_a0.7_b7_s0x0,"M=32 efC=200 ef=200 alpha=0.7 beta=7 q=u8",64,0.9685110081,0.9954,139.2556,0.8290,0.0000,0.084355,"0.084496;0.084583;0.084355;0.084336;0.084355",24.436559,40922.29,,4.34,0,3452,10,True,nid006068,57240767
SparseHNSW_a0.7_b7_s0x0,"M=32 efC=200 ef=400 alpha=0.7 beta=7 q=u8",64,0.9788818076,0.9991,139.2556,0.8290,0.0000,0.154841,"0.154776;0.154820;0.154841;0.154863;0.154979",44.855446,22293.84,,4.34,0,3452,10,True,nid006068,57240767
SparseHNSW_a0.7_b7_s0x0,"M=32 efC=200 ef=800 alpha=0.7 beta=7 q=u8",64,0.9840382387,1.0000,139.2556,0.8290,0.0000,0.290149,"0.289714;0.290149;0.290721;0.289909;0.290319",84.052433,11897.34,,4.34,0,3452,10,True,nid006068,57240767
SparseHNSW_a0.7_b7_s0x0,"M=32 efC=200 ef=1600 alpha=0.7 beta=7 q=u8",64,0.9867323291,1.0000,139.2556,0.8290,0.0000,0.555675,"0.556137;0.555675;0.555912;0.555565;0.555564",160.971900,6212.26,,4.34,0,3452,10,True,nid006068,57240767
SparseHNSW_a0.7_b7_s0x0,"M=32 efC=200 ef=3200 alpha=0.7 beta=7 q=u8",64,0.9891657010,1.0000,139.2556,0.8290,0.0000,1.047193,"1.047193;1.048374;1.047015;1.047390;1.046992",303.358343,3296.43,,4.34,0,3452,10,True,nid006068,57240767
SparseHNSW_a0.7_b8_s0x0,"M=32 efC=200 ef=10 alpha=0.7 beta=8 q=u8",64,0.9452491309,0.9820,139.2556,0.8290,0.0000,0.039732,"0.040379;0.039836;0.039732;0.039630;0.039473",11.509849,86882.11,,4.34,0,3452,10,True,nid006068,57240767
SparseHNSW_a0.7_b8_s0x0,"M=32 efC=200 ef=20 alpha=0.7 beta=8 q=u8",64,0.9452491309,0.9820,139.2556,0.8290,0.0000,0.039351,"0.039405;0.039603;0.039180;0.039351;0.039257",11.399479,87723.31,,4.34,0,3452,10,True,nid006068,57240767
SparseHNSW_a0.7_b8_s0x0,"M=32 efC=200 ef=50 alpha=0.7 beta=8 q=u8",64,0.9452491309,0.9820,139.2556,0.8290,0.0000,0.039446,"0.039488;0.039424;0.039441;0.039446;0.039477",11.426999,87512.04,,4.34,0,3452,10,True,nid006068,57240767
SparseHNSW_a0.7_b8_s0x0,"M=32 efC=200 ef=100 alpha=0.7 beta=8 q=u8",64,0.9545770568,0.9875,139.2556,0.8290,0.0000,0.047501,"0.047501;0.047549;0.047408;0.047404;0.047504",13.760429,72672.15,,4.34,0,3452,10,True,nid006068,57240767
SparseHNSW_a0.7_b8_s0x0,"M=32 efC=200 ef=200 alpha=0.7 beta=8 q=u8",64,0.9699304751,0.9954,139.2556,0.8290,0.0000,0.084606,"0.084607;0.084628;0.084606;0.084508;0.084543",24.509270,40800.89,,4.34,0,3452,10,True,nid006068,57240767
SparseHNSW_a0.7_b8_s0x0,"M=32 efC=200 ef=400 alpha=0.7 beta=8 q=u8",64,0.9801274623,0.9991,139.2556,0.8290,0.0000,0.155428,"0.155501;0.155247;0.155446;0.155132;0.155428",45.025492,22209.64,,4.34,0,3452,10,True,nid006068,57240767
SparseHNSW_a0.7_b8_s0x0,"M=32 efC=200 ef=800 alpha=0.7 beta=8 q=u8",64,0.9854287370,1.0000,139.2556,0.8290,0.0000,0.290430,"0.290589;0.290313;0.290430;0.290615;0.290193",84.133835,11885.82,,4.34,0,3452,10,True,nid006068,57240767
SparseHNSW_a0.7_b8_s0x0,"M=32 efC=200 ef=1600 alpha=0.7 beta=8 q=u8",64,0.9881228273,1.0000,139.2556,0.8290,0.0000,0.556251,"0.555745;0.556218;0.556251;0.556903;0.556525",161.138760,6205.83,,4.34,0,3452,10,True,nid006068,57240767
SparseHNSW_a0.7_b8_s0x0,"M=32 efC=200 ef=3200 alpha=0.7 beta=8 q=u8",64,0.9905561993,1.0000,139.2556,0.8290,0.0000,1.048404,"1.047682;1.048624;1.048404;1.048965;1.046703",303.709154,3292.62,,4.34,0,3452,10,True,nid006068,57240767
SparseHNSW_a0.7_b1_s8x4,"M=32 efC=200 ef=10 alpha=0.7 beta=1 q=u8 seedT=8 seedH=8 seedS=4",64,0.7641077636,0.6223,139.2556,0.8290,0.0000,0.015258,"0.016405;0.015501;0.015249;0.015258;0.015164",4.420046,226241.97,,4.34,0,3452,10,True,nid006068,57240767
SparseHNSW_a0.7_b1_s8x4,"M=32 efC=200 ef=20 alpha=0.7 beta=1 q=u8 seedT=8 seedH=8 seedS=4",64,0.7641077636,0.6223,139.2556,0.8290,0.0000,0.014942,"0.014975;0.015010;0.014941;0.014942;0.014899",4.328505,231026.64,,4.34,0,3452,10,True,nid006068,57240767
SparseHNSW_a0.7_b1_s8x4,"M=32 efC=200 ef=50 alpha=0.7 beta=1 q=u8 seedT=8 seedH=8 seedS=4",64,0.7764194670,0.6317,139.2556,0.8290,0.0000,0.022143,"0.022302;0.022134;0.022187;0.022143;0.022069",6.414542,155895.77,,4.34,0,3452,10,True,nid006068,57240767
SparseHNSW_a0.7_b1_s8x4,"M=32 efC=200 ef=100 alpha=0.7 beta=1 q=u8 seedT=8 seedH=8 seedS=4",64,0.7887311703,0.6452,139.2556,0.8290,0.0000,0.042643,"0.042648;0.042712;0.042643;0.042544;0.042432",12.353129,80951.15,,4.34,0,3452,10,True,nid006068,57240767
SparseHNSW_a0.7_b1_s8x4,"M=32 efC=200 ef=200 alpha=0.7 beta=1 q=u8 seedT=8 seedH=8 seedS=4",64,0.7948146002,0.6516,139.2556,0.8290,0.0000,0.080286,"0.080286;0.080320;0.080344;0.080094;0.080205",23.257822,42996.29,,4.34,0,3452,10,True,nid006068,57240767
SparseHNSW_a0.7_b1_s8x4,"M=32 efC=200 ef=400 alpha=0.7 beta=1 q=u8 seedT=8 seedH=8 seedS=4",64,0.7981170336,0.6543,139.2556,0.8290,0.0000,0.150765,"0.150902;0.150765;0.150814;0.150484;0.150479",43.674681,22896.56,,4.34,0,3452,10,True,nid006068,57240767
SparseHNSW_a0.7_b1_s8x4,"M=32 efC=200 ef=800 alpha=0.7 beta=1 q=u8 seedT=8 seedH=8 seedS=4",64,0.8000000000,0.6568,139.2556,0.8290,0.0000,0.287038,"0.287038;0.287817;0.287345;0.286890;0.286720",83.151217,12026.28,,4.34,0,3452,10,True,nid006068,57240767
SparseHNSW_a0.7_b1_s8x4,"M=32 efC=200 ef=1600 alpha=0.7 beta=1 q=u8 seedT=8 seedH=8 seedS=4",64,0.8013035921,0.6587,139.2556,0.8290,0.0000,0.553433,"0.553829;0.553088;0.553433;0.552167;0.554421",160.322422,6237.43,,4.34,0,3452,10,True,nid006068,57240767
SparseHNSW_a0.7_b1_s8x4,"M=32 efC=200 ef=3200 alpha=0.7 beta=1 q=u8 seedT=8 seedH=8 seedS=4",64,0.8021147161,0.6595,139.2556,0.8290,0.0000,1.044860,"1.046322;1.044308;1.044860;1.044523;1.044895",302.682503,3303.79,,4.34,0,3452,10,True,nid006068,57240767
SparseHNSW_a0.7_b2_s8x4,"M=32 efC=200 ef=10 alpha=0.7 beta=2 q=u8 seedT=8 seedH=8 seedS=4",64,0.8847914253,0.9812,139.2556,0.8290,0.0000,0.016106,"0.017136;0.016442;0.016106;0.015990;0.015937",4.665701,214330.06,,4.34,0,3452,10,True,nid006068,57240767
SparseHNSW_a0.7_b2_s8x4,"M=32 efC=200 ef=20 alpha=0.7 beta=2 q=u8 seedT=8 seedH=8 seedS=4",64,0.8847914253,0.9812,139.2556,0.8290,0.0000,0.015827,"0.015877;0.015827;0.015859;0.015758;0.015748",4.584878,218108.30,,4.34,0,3452,10,True,nid006068,57240767
SparseHNSW_a0.7_b2_s8x4,"M=32 efC=200 ef=50 alpha=0.7 beta=2 q=u8 seedT=8 seedH=8 seedS=4",64,0.9019698725,0.9890,139.2556,0.8290,0.0000,0.022949,"0.023128;0.023013;0.022949;0.022923;0.022915",6.648030,150420.50,,4.34,0,3452,10,True,nid006068,57240767
SparseHNSW_a0.7_b2_s8x4,"M=32 efC=200 ef=100 alpha=0.7 beta=2 q=u8 seedT=8 seedH=8 seedS=4",64,0.9190324450,0.9954,139.2556,0.8290,0.0000,0.043286,"0.043286;0.043302;0.043227;0.043282;0.043321",12.539397,79748.65,,4.34,0,3452,10,True,nid006068,57240767
SparseHNSW_a0.7_b2_s8x4,"M=32 efC=200 ef=200 alpha=0.7 beta=2 q=u8 seedT=8 seedH=8 seedS=4",64,0.9278968714,0.9988,139.2556,0.8290,0.0000,0.081078,"0.081078;0.080939;0.080662;0.081298;0.081175",23.487254,42576.28,,4.34,0,3452,10,True,nid006068,57240767
SparseHNSW_a0.7_b2_s8x4,"M=32 efC=200 ef=400 alpha=0.7 beta=2 q=u8 seedT=8 seedH=8 seedS=4",64,0.9324449594,0.9997,139.2556,0.8290,0.0000,0.151430,"0.151211;0.151254;0.151430;0.151696;0.151436",43.867323,22796.01,,4.34,0,3452,10,True,nid006068,57240767
SparseHNSW_a0.7_b2_s8x4,"M=32 efC=200 ef=800 alpha=0.7 beta=2 q=u8 seedT=8 seedH=8 seedS=4",64,0.9358922364,1.0000,139.2556,0.8290,0.0000,0.287984,"0.287880;0.287872;0.287984;0.288002;0.288050",83.425261,11986.78,,4.34,0,3452,10,True,nid006068,57240767
SparseHNSW_a0.7_b2_s8x4,"M=32 efC=200 ef=1600 alpha=0.7 beta=2 q=u8 seedT=8 seedH=8 seedS=4",64,0.9380938586,1.0000,139.2556,0.8290,0.0000,0.554170,"0.554665;0.554689;0.553345;0.554170;0.554076",160.535921,6229.14,,4.34,0,3452,10,True,nid006068,57240767
SparseHNSW_a0.7_b2_s8x4,"M=32 efC=200 ef=3200 alpha=0.7 beta=2 q=u8 seedT=8 seedH=8 seedS=4",64,0.9399478563,1.0000,139.2556,0.8290,0.0000,1.046599,"1.046796;1.046621;1.045622;1.046599;1.046055",303.186269,3298.30,,4.34,0,3452,10,True,nid006068,57240767
SparseHNSW_a0.7_b3_s8x4,"M=32 efC=200 ef=10 alpha=0.7 beta=3 q=u8 seedT=8 seedH=8 seedS=4",64,0.9069524913,0.9812,139.2556,0.8290,0.0000,0.016435,"0.017517;0.016862;0.016435;0.016416;0.016334",4.761008,210039.55,,4.34,0,3452,10,True,nid006068,57240767
SparseHNSW_a0.7_b3_s8x4,"M=32 efC=200 ef=20 alpha=0.7 beta=3 q=u8 seedT=8 seedH=8 seedS=4",64,0.9069524913,0.9812,139.2556,0.8290,0.0000,0.016139,"0.016256;0.016203;0.016083;0.016139;0.016115",4.675261,213891.81,,4.34,0,3452,10,True,nid006068,57240767
SparseHNSW_a0.7_b3_s8x4,"M=32 efC=200 ef=50 alpha=0.7 beta=3 q=u8 seedT=8 seedH=8 seedS=4",64,0.9264484357,0.9890,139.2556,0.8290,0.0000,0.023371,"0.023455;0.023353;0.023371;0.023393;0.023204",6.770278,147704.42,,4.34,0,3452,10,True,nid006068,57240767
SparseHNSW_a0.7_b3_s8x4,"M=32 efC=200 ef=100 alpha=0.7 beta=3 q=u8 seedT=8 seedH=8 seedS=4",64,0.9453650058,0.9954,139.2556,0.8290,0.0000,0.043685,"0.043691;0.043603;0.043685;0.043868;0.043681",12.654983,79020.26,,4.34,0,3452,10,True,nid006068,57240767
SparseHNSW_a0.7_b3_s8x4,"M=32 efC=200 ef=200 alpha=0.7 beta=3 q=u8 seedT=8 seedH=8 seedS=4",64,0.9547798378,0.9988,139.2556,0.8290,0.0000,0.081326,"0.080881;0.081525;0.081354;0.081326;0.081123",23.559096,42446.45,,4.34,0,3452,10,True,nid006068,57240767
SparseHNSW_a0.7_b3_s8x4,"M=32 efC=200 ef=400 alpha=0.7 beta=3 q=u8 seedT=8 seedH=8 seedS=4",64,0.9600811124,0.9997,139.2556,0.8290,0.0000,0.151709,"0.151865;0.151342;0.151709;0.151837;0.151675",43.948146,22754.09,,4.34,0,3452,10,True,nid006068,57240767
SparseHNSW_a0.7_b3_s8x4,"M=32 efC=200 ef=800 alpha=0.7 beta=3 q=u8 seedT=8 seedH=8 seedS=4",64,0.9638470452,1.0000,139.2556,0.8290,0.0000,0.287911,"0.288143;0.288052;0.287668;0.287681;0.287911",83.404114,11989.82,,4.34,0,3452,10,True,nid006068,57240767
SparseHNSW_a0.7_b3_s8x4,"M=32 efC=200 ef=1600 alpha=0.7 beta=3 q=u8 seedT=8 seedH=8 seedS=4",64,0.9660776362,1.0000,139.2556,0.8290,0.0000,0.554895,"0.554972;0.554494;0.553646;0.555207;0.554895",160.745944,6221.00,,4.34,0,3452,10,True,nid006068,57240767
SparseHNSW_a0.7_b3_s8x4,"M=32 efC=200 ef=3200 alpha=0.7 beta=3 q=u8 seedT=8 seedH=8 seedS=4",64,0.9680185400,1.0000,139.2556,0.8290,0.0000,1.045857,"1.045857;1.046219;1.046951;1.045348;1.044875",302.971321,3300.64,,4.34,0,3452,10,True,nid006068,57240767
SparseHNSW_a0.7_b4_s8x4,"M=32 efC=200 ef=10 alpha=0.7 beta=4 q=u8 seedT=8 seedH=8 seedS=4",64,0.9264194670,0.9861,139.2556,0.8290,0.0000,0.019917,"0.020977;0.020297;0.019917;0.019841;0.019652",5.769699,173319.27,,4.34,0,3452,10,True,nid006068,57240767
SparseHNSW_a0.7_b4_s8x4,"M=32 efC=200 ef=20 alpha=0.7 beta=4 q=u8 seedT=8 seedH=8 seedS=4",64,0.9264194670,0.9861,139.2556,0.8290,0.0000,0.019537,"0.019653;0.019579;0.019487;0.019521;0.019537",5.659618,176690.38,,4.34,0,3452,10,True,nid006068,57240767
SparseHNSW_a0.7_b4_s8x4,"M=32 efC=200 ef=50 alpha=0.7 beta=4 q=u8 seedT=8 seedH=8 seedS=4",64,0.9344727694,0.9890,139.2556,0.8290,0.0000,0.023594,"0.023764;0.023594;0.023561;0.023662;0.023544",6.834878,146308.38,,4.34,0,3452,10,True,nid006068,57240767
SparseHNSW_a0.7_b4_s8x4,"M=32 efC=200 ef=100 alpha=0.7 beta=4 q=u8 seedT=8 seedH=8 seedS=4",64,0.9549246813,0.9954,139.2556,0.8290,0.0000,0.044015,"0.043853;0.043923;0.044071;0.044015;0.044035",12.750579,78427.81,,4.34,0,3452,10,True,nid006068,57240767
SparseHNSW_a0.7_b4_s8x4,"M=32 efC=200 ef=200 alpha=0.7 beta=4 q=u8 seedT=8 seedH=8 seedS=4",64,0.9648030127,0.9988,139.2556,0.8290,0.0000,0.081456,"0.081456;0.081361;0.081243;0.081694;0.081664",23.596756,42378.71,,4.34,0,3452,10,True,nid006068,57240767
SparseHNSW_a0.7_b4_s8x4,"M=32 efC=200 ef=400 alpha=0.7 beta=4 q=u8 seedT=8 seedH=8 seedS=4",64,0.9705388181,0.9997,139.2556,0.8290,0.0000,0.151834,"0.151959;0.151799;0.151834;0.151652;0.151943",43.984357,22735.36,,4.34,0,3452,10,True,nid006068,57240767
SparseHNSW_a0.7_b4_s8x4,"M=32 efC=200 ef=800 alpha=0.7 beta=4 q=u8 seedT=8 seedH=8 seedS=4",64,0.9743626883,1.0000,139.2556,0.8290,0.0000,0.288350,"0.288350;0.288431;0.288328;0.288386;0.288313",83.531286,11971.56,,4.34,0,3452,10,True,nid006068,57240767
SparseHNSW_a0.7_b4_s8x4,"M=32 efC=200 ef=1600 alpha=0.7 beta=4 q=u8 seedT=8 seedH=8 seedS=4",64,0.9767960603,1.0000,139.2556,0.8290,0.0000,0.554271,"0.554271;0.555116;0.553758;0.555014;0.554207",160.565180,6228.00,,4.34,0,3452,10,True,nid006068,57240767
SparseHNSW_a0.7_b4_s8x4,"M=32 efC=200 ef=3200 alpha=0.7 beta=4 q=u8 seedT=8 seedH=8 seedS=4",64,0.9787949015,1.0000,139.2556,0.8290,0.0000,1.047000,"1.047000;1.046486;1.047290;1.047123;1.046312",303.302433,3297.04,,4.34,0,3452,10,True,nid006068,57240767
SparseHNSW_a0.7_b5_s8x4,"M=32 efC=200 ef=10 alpha=0.7 beta=5 q=u8 seedT=8 seedH=8 seedS=4",64,0.9385573581,0.9890,139.2556,0.8290,0.0000,0.024334,"0.025322;0.024808;0.024334;0.024240;0.024197",7.049247,141859.13,,4.34,0,3452,10,True,nid006068,57240767
SparseHNSW_a0.7_b5_s8x4,"M=32 efC=200 ef=20 alpha=0.7 beta=5 q=u8 seedT=8 seedH=8 seedS=4",64,0.9385573581,0.9890,139.2556,0.8290,0.0000,0.023947,"0.024028;0.023900;0.023963;0.023947;0.023920",6.937138,144151.67,,4.34,0,3452,10,True,nid006068,57240767
SparseHNSW_a0.7_b5_s8x4,"M=32 efC=200 ef=50 alpha=0.7 beta=5 q=u8 seedT=8 seedH=8 seedS=4",64,0.9385573581,0.9890,139.2556,0.8290,0.0000,0.023905,"0.023969;0.023941;0.023887;0.023905;0.023830",6.924971,144404.94,,4.34,0,3452,10,True,nid006068,57240767
SparseHNSW_a0.7_b5_s8x4,"M=32 efC=200 ef=100 alpha=0.7 beta=5 q=u8 seedT=8 seedH=8 seedS=4",64,0.9597334878,0.9954,139.2556,0.8290,0.0000,0.044242,"0.044285;0.044242;0.044252;0.044124;0.044172",12.816338,78025.41,,4.34,0,3452,10,True,nid006068,57240767
SparseHNSW_a0.7_b5_s8x4,"M=32 efC=200 ef=200 alpha=0.7 beta=5 q=u8 seedT=8 seedH=8 seedS=4",64,0.9700463499,0.9988,139.2556,0.8290,0.0000,0.081729,"0.081668;0.081919;0.081834;0.081729;0.081544",23.675840,42237.15,,4.34,0,3452,10,True,nid006068,57240767
SparseHNSW_a0.7_b5_s8x4,"M=32 efC=200 ef=400 alpha=0.7 beta=5 q=u8 seedT=8 seedH=8 seedS=4",64,0.9758400927,0.9997,139.2556,0.8290,0.0000,0.152222,"0.152164;0.152596;0.152362;0.152212;0.152222",44.096756,22677.41,,4.34,0,3452,10,True,nid006068,57240767
SparseHNSW_a0.7_b5_s8x4,"M=32 efC=200 ef=800 alpha=0.7 beta=5 q=u8 seedT=8 seedH=8 seedS=4",64,0.9799246813,1.0000,139.2556,0.8290,0.0000,0.288712,"0.288236;0.288628;0.288712;0.289262;0.289689",83.636153,11956.55,,4.34,0,3452,10,True,nid006068,57240767
SparseHNSW_a0.7_b5_s8x4,"M=32 efC=200 ef=1600 alpha=0.7 beta=5 q=u8 seedT=8 seedH=8 seedS=4",64,0.9822711472,1.0000,139.2556,0.8290,0.0000,0.554614,"0.554834;0.554034;0.554614;0.555867;0.554390",160.664542,6224.15,,4.34,0,3452,10,True,nid006068,57240767
SparseHNSW_a0.7_b5_s8x4,"M=32 efC=200 ef=3200 alpha=0.7 beta=5 q=u8 seedT=8 seedH=8 seedS=4",64,0.9843858633,1.0000,139.2556,0.8290,0.0000,1.047259,"1.046520;1.047371;1.047259;1.047426;1.047242",303.377462,3296.22,,4.34,0,3452,10,True,nid006068,57240767
SparseHNSW_a0.7_b6_s8x4,"M=32 efC=200 ef=10 alpha=0.7 beta=6 q=u8 seedT=8 seedH=8 seedS=4",64,0.9485515643,0.9930,139.2556,0.8290,0.0000,0.028959,"0.029612;0.029113;0.028959;0.028630;0.028699",8.389050,119203.01,,4.34,0,3452,10,True,nid006068,57240767
SparseHNSW_a0.7_b6_s8x4,"M=32 efC=200 ef=20 alpha=0.7 beta=6 q=u8 seedT=8 seedH=8 seedS=4",64,0.9485515643,0.9930,139.2556,0.8290,0.0000,0.028427,"0.028434;0.028431;0.028427;0.028363;0.028328",8.234936,121433.85,,4.34,0,3452,10,True,nid006068,57240767
SparseHNSW_a0.7_b6_s8x4,"M=32 efC=200 ef=50 alpha=0.7 beta=6 q=u8 seedT=8 seedH=8 seedS=4",64,0.9485515643,0.9930,139.2556,0.8290,0.0000,0.028348,"0.028437;0.028373;0.028310;0.028232;0.028348",8.212051,121772.26,,4.34,0,3452,10,True,nid006068,57240767
SparseHNSW_a0.7_b6_s8x4,"M=32 efC=200 ef=100 alpha=0.7 beta=6 q=u8 seedT=8 seedH=8 seedS=4",64,0.9621378911,0.9954,139.2556,0.8290,0.0000,0.044502,"0.044443;0.044409;0.044605;0.044506;0.044502",12.891657,77569.55,,4.34,0,3452,10,True,nid006068,57240767
SparseHNSW_a0.7_b6_s8x4,"M=32 efC=200 ef=200 alpha=0.7 beta=6 q=u8 seedT=8 seedH=8 seedS=4",64,0.9727404403,0.9988,139.2556,0.8290,0.0000,0.082181,"0.082028;0.082181;0.082212;0.081894;0.082221",23.806779,42004.84,,4.34,0,3452,10,True,nid006068,57240767
SparseHNSW_a0.7_b6_s8x4,"M=32 efC=200 ef=400 alpha=0.7 beta=6 q=u8 seedT=8 seedH=8 seedS=4",64,0.9787949015,0.9997,139.2556,0.8290,0.0000,0.152333,"0.152283;0.152482;0.152333;0.152315;0.152799",44.128911,22660.88,,4.34,0,3452,10,True,nid006068,57240767
SparseHNSW_a0.7_b6_s8x4,"M=32 efC=200 ef=800 alpha=0.7 beta=6 q=u8 seedT=8 seedH=8 seedS=4",64,0.9830243337,1.0000,139.2556,0.8290,0.0000,0.288672,"0.288895;0.288483;0.289113;0.288672;0.288584",83.624565,11958.21,,4.34,0,3452,10,True,nid006068,57240767
SparseHNSW_a0.7_b6_s8x4,"M=32 efC=200 ef=1600 alpha=0.7 beta=6 q=u8 seedT=8 seedH=8 seedS=4",64,0.9854287370,1.0000,139.2556,0.8290,0.0000,0.554651,"0.555497;0.554651;0.554477;0.554351;0.555244",160.675261,6223.73,,4.34,0,3452,10,True,nid006068,57240767
SparseHNSW_a0.7_b6_s8x4,"M=32 efC=200 ef=3200 alpha=0.7 beta=6 q=u8 seedT=8 seedH=8 seedS=4",64,0.9874855156,1.0000,139.2556,0.8290,0.0000,1.047254,"1.048822;1.047881;1.047119;1.047188;1.047254",303.376014,3296.24,,4.34,0,3452,10,True,nid006068,57240767
SparseHNSW_a0.7_b7_s8x4,"M=32 efC=200 ef=10 alpha=0.7 beta=7 q=u8 seedT=8 seedH=8 seedS=4",64,0.9546639629,0.9945,139.2556,0.8290,0.0000,0.033295,"0.033863;0.033556;0.033295;0.033116;0.032952",9.645133,103679.23,,4.34,0,3452,10,True,nid006068,57240767
SparseHNSW_a0.7_b7_s8x4,"M=32 efC=200 ef=20 alpha=0.7 beta=7 q=u8 seedT=8 seedH=8 seedS=4",64,0.9546639629,0.9945,139.2556,0.8290,0.0000,0.032789,"0.032840;0.032793;0.032740;0.032756;0.032789",9.498552,105279.21,,4.34,0,3452,10,True,nid006068,57240767
SparseHNSW_a0.7_b7_s8x4,"M=32 efC=200 ef=50 alpha=0.7 beta=7 q=u8 seedT=8 seedH=8 seedS=4",64,0.9546639629,0.9945,139.2556,0.8290,0.0000,0.032742,"0.032861;0.032838;0.032742;0.032697;0.032648",9.484936,105430.33,,4.34,0,3452,10,True,nid006068,57240767
SparseHNSW_a0.7_b7_s8x4,"M=32 efC=200 ef=100 alpha=0.7 beta=7 q=u8 seedT=8 seedH=8 seedS=4",64,0.9634125145,0.9954,139.2556,0.8290,0.0000,0.044775,"0.044509;0.044923;0.044775;0.045012;0.044731",12.970742,77096.59,,4.34,0,3452,10,True,nid006068,57240767
SparseHNSW_a0.7_b7_s8x4,"M=32 efC=200 ef=200 alpha=0.7 beta=7 q=u8 seedT=8 seedH=8 seedS=4",64,0.9741019699,0.9988,139.2556,0.8290,0.0000,0.082479,"0.082341;0.082701;0.082279;0.082479;0.082522",23.893105,41853.08,,4.34,0,3452,10,True,nid006068,57240767
SparseHNSW_a0.7_b7_s8x4,"M=32 efC=200 ef=400 alpha=0.7 beta=7 q=u8 seedT=8 seedH=8 seedS=4",64,0.9804461182,0.9997,139.2556,0.8290,0.0000,0.152794,"0.153056;0.152793;0.152688;0.152794;0.152872",44.262457,22592.51,,4.34,0,3452,10,True,nid006068,57240767
SparseHNSW_a0.7_b7_s8x4,"M=32 efC=200 ef=800 alpha=0.7 beta=7 q=u8 seedT=8 seedH=8 seedS=4",64,0.9847045191,1.0000,139.2556,0.8290,0.0000,0.288813,"0.289986;0.289309;0.288813;0.288803;0.288399",83.665411,11952.37,,4.34,0,3452,10,True,nid006068,57240767
SparseHNSW_a0.7_b7_s8x4,"M=32 efC=200 ef=1600 alpha=0.7 beta=7 q=u8 seedT=8 seedH=8 seedS=4",64,0.9872827346,1.0000,139.2556,0.8290,0.0000,0.555243,"0.555565;0.553701;0.555663;0.554759;0.555243",160.846756,6217.10,,4.34,0,3452,10,True,nid006068,57240767
SparseHNSW_a0.7_b7_s8x4,"M=32 efC=200 ef=3200 alpha=0.7 beta=7 q=u8 seedT=8 seedH=8 seedS=4",64,0.9894264195,1.0000,139.2556,0.8290,0.0000,1.047736,"1.046829;1.048235;1.045948;1.047932;1.047736",303.515643,3294.72,,4.34,0,3452,10,True,nid006068,57240767
SparseHNSW_a0.7_b8_s8x4,"M=32 efC=200 ef=10 alpha=0.7 beta=8 q=u8 seedT=8 seedH=8 seedS=4",64,0.9594438007,0.9945,139.2556,0.8290,0.0000,0.037504,"0.037596;0.037648;0.037504;0.037401;0.037337",10.864426,92043.52,,4.34,0,3452,10,True,nid006068,57240767
SparseHNSW_a0.7_b8_s8x4,"M=32 efC=200 ef=20 alpha=0.7 beta=8 q=u8 seedT=8 seedH=8 seedS=4",64,0.9594438007,0.9945,139.2556,0.8290,0.0000,0.037292,"0.037152;0.037341;0.037209;0.037292;0.037390",10.803013,92566.77,,4.34,0,3452,10,True,nid006068,57240767
SparseHNSW_a0.7_b8_s8x4,"M=32 efC=200 ef=50 alpha=0.7 beta=8 q=u8 seedT=8 seedH=8 seedS=4",64,0.9594438007,0.9945,139.2556,0.8290,0.0000,0.037223,"0.037223;0.037255;0.037200;0.037237;0.037175",10.783024,92738.36,,4.34,0,3452,10,True,nid006068,57240767
SparseHNSW_a0.7_b8_s8x4,"M=32 efC=200 ef=100 alpha=0.7 beta=8 q=u8 seedT=8 seedH=8 seedS=4",64,0.9648030127,0.9954,139.2556,0.8290,0.0000,0.045052,"0.045233;0.045052;0.045048;0.045044;0.045118",13.050985,76622.57,,4.34,0,3452,10,True,nid006068,57240767
SparseHNSW_a0.7_b8_s8x4,"M=32 efC=200 ef=200 alpha=0.7 beta=8 q=u8 seedT=8 seedH=8 seedS=4",64,0.9754634994,0.9988,139.2556,0.8290,0.0000,0.082531,"0.082531;0.082444;0.082248;0.082808;0.082676",23.908169,41826.71,,4.34,0,3452,10,True,nid006068,57240767
SparseHNSW_a0.7_b8_s8x4,"M=32 efC=200 ef=400 alpha=0.7 beta=8 q=u8 seedT=8 seedH=8 seedS=4",64,0.9816917729,0.9997,139.2556,0.8290,0.0000,0.153077,"0.153218;0.152790;0.152970;0.153150;0.153077",44.344438,22550.74,,4.34,0,3452,10,True,nid006068,57240767
SparseHNSW_a0.7_b8_s8x4,"M=32 efC=200 ef=800 alpha=0.7 beta=8 q=u8 seedT=8 seedH=8 seedS=4",64,0.9860950174,1.0000,139.2556,0.8290,0.0000,0.289550,"0.289550;0.289206;0.289660;0.290070;0.288931",83.878911,11921.95,,4.34,0,3452,10,True,nid006068,57240767
SparseHNSW_a0.7_b8_s8x4,"M=32 efC=200 ef=1600 alpha=0.7 beta=8 q=u8 seedT=8 seedH=8 seedS=4",64,0.9886732329,1.0000,139.2556,0.8290,0.0000,0.556199,"0.555673;0.556199;0.556501;0.556116;0.556386",161.123696,6206.41,,4.34,0,3452,10,True,nid006068,57240767
SparseHNSW_a0.7_b8_s8x4,"M=32 efC=200 ef=3200 alpha=0.7 beta=8 q=u8 seedT=8 seedH=8 seedS=4",64,0.9908169177,1.0000,139.2556,0.8290,0.0000,1.048127,"1.048164;1.048879;1.048127;1.048098;1.048018",303.628911,3293.49,,4.34,0,3452,10,True,nid006068,57240767
SparseHNSW_a0.75_b1_s0x0,"M=32 efC=200 ef=10 alpha=0.75 beta=1 q=u8",64,0.6603128621,0.5121,154.6041,0.8268,0.0000,0.007166,"0.008654;0.007918;0.007166;0.007047;0.007074",2.075898,481719.23,,4.40,0,3452,10,True,nid006068,57240767
SparseHNSW_a0.75_b1_s0x0,"M=32 efC=200 ef=20 alpha=0.75 beta=1 q=u8",64,0.7369351101,0.5912,154.6041,0.8268,0.0000,0.012388,"0.012557;0.012494;0.012324;0.012388;0.012300",3.588644,278656.76,,4.40,0,3452,10,True,nid006068,57240767
SparseHNSW_a0.75_b1_s0x0,"M=32 efC=200 ef=50 alpha=0.75 beta=1 q=u8",64,0.7981749710,0.6489,154.6041,0.8268,0.0000,0.026110,"0.026492;0.026246;0.026110;0.025897;0.025952",7.563731,132209.88,,4.40,0,3452,10,True,nid006068,57240767
SparseHNSW_a0.75_b1_s0x0,"M=32 efC=200 ef=100 alpha=0.75 beta=1 q=u8",64,0.8167728853,0.6654,154.6041,0.8268,0.0000,0.047453,"0.047613;0.047366;0.047453;0.047385;0.047456",13.746524,72745.66,,4.40,0,3452,10,True,nid006068,57240767
SparseHNSW_a0.75_b1_s0x0,"M=32 efC=200 ef=200 alpha=0.75 beta=1 q=u8",64,0.8287369641,0.6756,154.6041,0.8268,0.0000,0.088229,"0.088320;0.088229;0.087926;0.088251;0.088211",25.558806,39125.46,,4.40,0,3452,10,True,nid006068,57240767
SparseHNSW_a0.75_b1_s0x0,"M=32 efC=200 ef=400 alpha=0.75 beta=1 q=u8",64,0.8340382387,0.6825,154.6041,0.8268,0.0000,0.164461,"0.163983;0.163671;0.164461;0.164617;0.164483",47.642236,20989.78,,4.40,0,3452,10,True,nid006068,57240767
SparseHNSW_a0.75_b1_s0x0,"M=32 efC=200 ef=800 alpha=0.75 beta=1 q=u8",64,0.8364716107,0.6850,154.6041,0.8268,0.0000,0.310042,"0.309293;0.309428;0.310728;0.310465;0.310042",89.815180,11133.98,,4.40,0,3452,10,True,nid006068,57240767
SparseHNSW_a0.75_b1_s0x0,"M=32 efC=200 ef=1600 alpha=0.75 beta=1 q=u8",64,0.8382387022,0.6866,154.6041,0.8268,0.0000,0.592979,"0.592489;0.590378;0.593057;0.593013;0.592979",171.778389,5821.45,,4.40,0,3452,10,True,nid006068,57240767
SparseHNSW_a0.75_b1_s0x0,"M=32 efC=200 ef=3200 alpha=0.75 beta=1 q=u8",64,0.8391367323,0.6876,154.6041,0.8268,0.0000,1.111195,"1.111488;1.111195;1.112330;1.111059;1.111148",321.898899,3106.57,,4.40,0,3452,10,True,nid006068,57240767
SparseHNSW_a0.75_b2_s0x0,"M=32 efC=200 ef=10 alpha=0.75 beta=2 q=u8",64,0.8315758980,0.9238,154.6041,0.8268,0.0000,0.013445,"0.014219;0.013566;0.013445;0.013252;0.013209",3.894844,256749.72,,4.40,0,3452,10,True,nid006068,57240767
SparseHNSW_a0.75_b2_s0x0,"M=32 efC=200 ef=20 alpha=0.75 beta=2 q=u8",64,0.8315758980,0.9238,154.6041,0.8268,0.0000,0.013082,"0.013183;0.013062;0.013042;0.013082;0.013279",3.789687,263874.03,,4.40,0,3452,10,True,nid006068,57240767
SparseHNSW_a0.75_b2_s0x0,"M=32 efC=200 ef=50 alpha=0.75 beta=2 q=u8",64,0.9083140209,0.9762,154.6041,0.8268,0.0000,0.026780,"0.027289;0.026933;0.026780;0.026591;0.026666",7.757822,128902.17,,4.40,0,3452,10,True,nid006068,57240767
SparseHNSW_a0.75_b2_s0x0,"M=32 efC=200 ef=100 alpha=0.75 beta=2 q=u8",64,0.9324159907,0.9910,154.6041,0.8268,0.0000,0.048275,"0.048294;0.048367;0.047948;0.048021;0.048275",13.984647,71506.99,,4.40,0,3452,10,True,nid006068,57240767
SparseHNSW_a0.75_b2_s0x0,"M=32 efC=200 ef=200 alpha=0.75 beta=2 q=u8",64,0.9476535342,0.9974,154.6041,0.8268,0.0000,0.088801,"0.088801;0.088788;0.089023;0.088591;0.088833",25.724508,38873.44,,4.40,0,3452,10,True,nid006068,57240767
SparseHNSW_a0.75_b2_s0x0,"M=32 efC=200 ef=400 alpha=0.75 beta=2 q=u8",64,0.9548088065,0.9988,154.6041,0.8268,0.0000,0.164562,"0.164336;0.164562;0.164678;0.164424;0.165194",47.671495,20976.90,,4.40,0,3452,10,True,nid006068,57240767
SparseHNSW_a0.75_b2_s0x0,"M=32 efC=200 ef=800 alpha=0.75 beta=2 q=u8",64,0.9586037080,1.0000,154.6041,0.8268,0.0000,0.310152,"0.309891;0.310020;0.310152;0.310472;0.310521",89.847045,11130.03,,4.40,0,3452,10,True,nid006068,57240767
SparseHNSW_a0.75_b2_s0x0,"M=32 efC=200 ef=1600 alpha=0.75 beta=2 q=u8",64,0.9615295481,1.0000,154.6041,0.8268,0.0000,0.592385,"0.593168;0.591476;0.592385;0.591228;0.594163",171.606315,5827.29,,4.40,0,3452,10,True,nid006068,57240767
SparseHNSW_a0.75_b2_s0x0,"M=32 efC=200 ef=3200 alpha=0.75 beta=2 q=u8",64,0.9632676709,1.0000,154.6041,0.8268,0.0000,1.111351,"1.111351;1.110677;1.112057;1.111966;1.110416",321.944090,3106.13,,4.40,0,3452,10,True,nid006068,57240767
SparseHNSW_a0.75_b3_s0x0,"M=32 efC=200 ef=10 alpha=0.75 beta=3 q=u8",64,0.8857763615,0.9537,154.6041,0.8268,0.0000,0.018409,"0.019421;0.018727;0.018409;0.018384;0.018257",5.332851,187516.98,,4.40,0,3452,10,True,nid006068,57240767
SparseHNSW_a0.75_b3_s0x0,"M=32 efC=200 ef=20 alpha=0.75 beta=3 q=u8",64,0.8857763615,0.9537,154.6041,0.8268,0.0000,0.018012,"0.018124;0.018122;0.017987;0.018012;0.017988",5.217845,191650.01,,4.40,0,3452,10,True,nid006068,57240767
SparseHNSW_a0.75_b3_s0x0,"M=32 efC=200 ef=50 alpha=0.75 beta=3 q=u8",64,0.9233487833,0.9765,154.6041,0.8268,0.0000,0.027067,"0.027308;0.027237;0.027067;0.026987;0.027009",7.840962,127535.38,,4.40,0,3452,10,True,nid006068,57240767
SparseHNSW_a0.75_b3_s0x0,"M=32 efC=200 ef=100 alpha=0.75 beta=3 q=u8",64,0.9492178447,0.9910,154.6041,0.8268,0.0000,0.048554,"0.048629;0.048713;0.048287;0.048554;0.048454",14.065469,71096.10,,4.40,0,3452,10,True,nid006068,57240767
SparseHNSW_a0.75_b3_s0x0,"M=32 efC=200 ef=200 alpha=0.75 beta=3 q=u8",64,0.9654982619,0.9974,154.6041,0.8268,0.0000,0.089184,"0.089184;0.089197;0.088861;0.089164;0.089195",25.835458,38706.49,,4.40,0,3452,10,True,nid006068,57240767
SparseHNSW_a0.75_b3_s0x0,"M=32 efC=200 ef=400 alpha=0.75 beta=3 q=u8",64,0.9731170336,0.9988,154.6041,0.8268,0.0000,0.164790,"0.164543;0.164790;0.164816;0.164528;0.165135",47.737543,20947.87,,4.40,0,3452,10,True,nid006068,57240767
SparseHNSW_a0.75_b3_s0x0,"M=32 efC=200 ef=800 alpha=0.75 beta=3 q=u8",64,0.9774623407,1.0000,154.6041,0.8268,0.0000,0.310277,"0.311064;0.310273;0.309647;0.310574;0.310277",89.883256,11125.54,,4.40,0,3452,10,True,nid006068,57240767
SparseHNSW_a0.75_b3_s0x0,"M=32 efC=200 ef=1600 alpha=0.75 beta=3 q=u8",64,0.9807647740,1.0000,154.6041,0.8268,0.0000,0.593198,"0.593198;0.592552;0.593944;0.591219;0.593763",171.841831,5819.30,,4.40,0,3452,10,True,nid006068,57240767
SparseHNSW_a0.75_b3_s0x0,"M=32 efC=200 ef=3200 alpha=0.75 beta=3 q=u8",64,0.9826187717,1.0000,154.6041,0.8268,0.0000,1.111309,"1.112387;1.112508;1.111232;1.111309;1.110471",321.931924,3106.25,,4.40,0,3452,10,True,nid006068,57240767
SparseHNSW_a0.75_b4_s0x0,"M=32 efC=200 ef=10 alpha=0.75 beta=4 q=u8",64,0.9144553882,0.9696,154.6041,0.8268,0.0000,0.023259,"0.024419;0.023597;0.023259;0.023109;0.023152",6.737833,148415.67,,4.40,0,3452,10,True,nid006068,57240767
SparseHNSW_a0.75_b4_s0x0,"M=32 efC=200 ef=20 alpha=0.75 beta=4 q=u8",64,0.9144553882,0.9696,154.6041,0.8268,0.0000,0.022955,"0.022958;0.022979;0.022955;0.022868;0.022839",6.649768,150381.18,,4.40,0,3452,10,True,nid006068,57240767
SparseHNSW_a0.75_b4_s0x0,"M=32 efC=200 ef=50 alpha=0.75 beta=4 q=u8",64,0.9272885284,0.9765,154.6041,0.8268,0.0000,0.027284,"0.027497;0.027348;0.027284;0.027187;0.027164",7.903824,126521.04,,4.40,0,3452,10,True,nid006068,57240767
SparseHNSW_a0.75_b4_s0x0,"M=32 efC=200 ef=100 alpha=0.75 beta=4 q=u8",64,0.9538528389,0.9910,154.6041,0.8268,0.0000,0.048790,"0.048790;0.048812;0.048693;0.048744;0.048940",14.133835,70752.20,,4.40,0,3452,10,True,nid006068,57240767
SparseHNSW_a0.75_b4_s0x0,"M=32 efC=200 ef=200 alpha=0.75 beta=4 q=u8",64,0.9704808806,0.9974,154.6041,0.8268,0.0000,0.089287,"0.089287;0.088959;0.089641;0.089605;0.089235",25.865295,38661.84,,4.40,0,3452,10,True,nid006068,57240767
SparseHNSW_a0.75_b4_s0x0,"M=32 efC=200 ef=400 alpha=0.75 beta=4 q=u8",64,0.9784762457,0.9988,154.6041,0.8268,0.0000,0.165122,"0.164978;0.165732;0.165239;0.164945;0.165122",47.833720,20905.75,,4.40,0,3452,10,True,nid006068,57240767
SparseHNSW_a0.75_b4_s0x0,"M=32 efC=200 ef=800 alpha=0.75 beta=4 q=u8",64,0.9831691773,1.0000,154.6041,0.8268,0.0000,0.310623,"0.310850;0.310460;0.310002;0.310623;0.311861",89.983488,11113.15,,4.40,0,3452,10,True,nid006068,57240767
SparseHNSW_a0.75_b4_s0x0,"M=32 efC=200 ef=1600 alpha=0.75 beta=4 q=u8",64,0.9866164542,1.0000,154.6041,0.8268,0.0000,0.592667,"0.591974;0.592765;0.592667;0.592742;0.591967",171.688007,5824.52,,4.40,0,3452,10,True,nid006068,57240767
SparseHNSW_a0.75_b4_s0x0,"M=32 efC=200 ef=3200 alpha=0.75 beta=4 q=u8",64,0.9886152955,1.0000,154.6041,0.8268,0.0000,1.111958,"1.111958;1.111260;1.111396;1.112728;1.112801",322.119930,3104.43,,4.40,0,3452,10,True,nid006068,57240767
SparseHNSW_a0.75_b5_s0x0,"M=32 efC=200 ef=10 alpha=0.75 beta=5 q=u8",64,0.9292294322,0.9765,154.6041,0.8268,0.0000,0.028014,"0.029088;0.028349;0.028014;0.027957;0.027736",8.115295,123224.10,,4.40,0,3452,10,True,nid006068,57240767
SparseHNSW_a0.75_b5_s0x0,"M=32 efC=200 ef=20 alpha=0.75 beta=5 q=u8",64,0.9292294322,0.9765,154.6041,0.8268,0.0000,0.027555,"0.027555;0.027538;0.027679;0.027573;0.027548",7.982329,125276.72,,4.40,0,3452,10,True,nid006068,57240767
SparseHNSW_a0.75_b5_s0x0,"M=32 efC=200 ef=50 alpha=0.75 beta=5 q=u8",64,0.9292294322,0.9765,154.6041,0.8268,0.0000,0.027490,"0.027531;0.027490;0.027488;0.027425;0.027576",7.963499,125572.94,,4.40,0,3452,10,True,nid006068,57240767
SparseHNSW_a0.75_b5_s0x0,"M=32 efC=200 ef=100 alpha=0.75 beta=5 q=u8",64,0.9557937428,0.9910,154.6041,0.8268,0.0000,0.049099,"0.049214;0.049099;0.049063;0.049139;0.049034",14.223349,70306.93,,4.40,0,3452,10,True,nid006068,57240767
SparseHNSW_a0.75_b5_s0x0,"M=32 efC=200 ef=200 alpha=0.75 beta=5 q=u8",64,0.9725086906,0.9974,154.6041,0.8268,0.0000,0.089532,"0.089186;0.090159;0.089532;0.089679;0.089492",25.936269,38556.05,,4.40,0,3452,10,True,nid006068,57240767
SparseHNSW_a0.75_b5_s0x0,"M=32 efC=200 ef=400 alpha=0.75 beta=5 q=u8",64,0.9806488992,0.9988,154.6041,0.8268,0.0000,0.165149,"0.164941;0.165635;0.164964;0.165445;0.165149",47.841541,20902.34,,4.40,0,3452,10,True,nid006068,57240767
SparseHNSW_a0.75_b5_s0x0,"M=32 efC=200 ef=800 alpha=0.75 beta=5 q=u8",64,0.9853418308,1.0000,154.6041,0.8268,0.0000,0.310873,"0.310873;0.310307;0.310298;0.311158;0.311150",90.055910,11104.21,,4.40,0,3452,10,True,nid006068,57240767
SparseHNSW_a0.75_b5_s0x0,"M=32 efC=200 ef=1600 alpha=0.75 beta=5 q=u8",64,0.9888760139,1.0000,154.6041,0.8268,0.0000,0.593038,"0.593038;0.594274;0.593451;0.592715;0.592295",171.795481,5820.87,,4.40,0,3452,10,True,nid006068,57240767
SparseHNSW_a0.75_b5_s0x0,"M=32 efC=200 ef=3200 alpha=0.75 beta=5 q=u8",64,0.9909617613,1.0000,154.6041,0.8268,0.0000,1.113270,"1.112208;1.113097;1.113270;1.114030;1.117696",322.500000,3100.78,,4.40,0,3452,10,True,nid006068,57240767
SparseHNSW_a0.75_b6_s0x0,"M=32 efC=200 ef=10 alpha=0.75 beta=6 q=u8",64,0.9376013905,0.9794,154.6041,0.8268,0.0000,0.032697,"0.033499;0.032986;0.032697;0.032650;0.032340",9.471900,105575.44,,4.40,0,3452,10,True,nid006068,57240767
SparseHNSW_a0.75_b6_s0x0,"M=32 efC=200 ef=20 alpha=0.75 beta=6 q=u8",64,0.9376013905,0.9794,154.6041,0.8268,0.0000,0.032380,"0.032384;0.032380;0.032427;0.032369;0.032282",9.380070,106609.02,,4.40,0,3452,10,True,nid006068,57240767
SparseHNSW_a0.75_b6_s0x0,"M=32 efC=200 ef=50 alpha=0.75 beta=6 q=u8",64,0.9376013905,0.9794,154.6041,0.8268,0.0000,0.032379,"0.032416;0.032379;0.032412;0.032353;0.032303",9.379780,106612.31,,4.40,0,3452,10,True,nid006068,57240767
SparseHNSW_a0.75_b6_s0x0,"M=32 efC=200 ef=100 alpha=0.75 beta=6 q=u8",64,0.9569235226,0.9910,154.6041,0.8268,0.0000,0.049341,"0.049445;0.049288;0.049292;0.049341;0.049390",14.293453,69962.10,,4.40,0,3452,10,True,nid006068,57240767
SparseHNSW_a0.75_b6_s0x0,"M=32 efC=200 ef=200 alpha=0.75 beta=6 q=u8",64,0.9738702202,0.9974,154.6041,0.8268,0.0000,0.090014,"0.089539;0.090162;0.090014;0.089952;0.090170",26.075898,38349.59,,4.40,0,3452,10,True,nid006068,57240767
SparseHNSW_a0.75_b6_s0x0,"M=32 efC=200 ef=400 alpha=0.75 beta=6 q=u8",64,0.9819235226,0.9988,154.6041,0.8268,0.0000,0.165690,"0.165531;0.165913;0.165558;0.165690;0.165901",47.998262,20834.09,,4.40,0,3452,10,True,nid006068,57240767
SparseHNSW_a0.75_b6_s0x0,"M=32 efC=200 ef=800 alpha=0.75 beta=6 q=u8",64,0.9866743917,1.0000,154.6041,0.8268,0.0000,0.311577,"0.311577;0.312466;0.311213;0.310943;0.311694",90.259849,11079.12,,4.40,0,3452,10,True,nid006068,57240767
SparseHNSW_a0.75_b6_s0x0,"M=32 efC=200 ef=1600 alpha=0.75 beta=6 q=u8",64,0.9901796060,1.0000,154.6041,0.8268,0.0000,0.593515,"0.593825;0.593335;0.593685;0.592741;0.593515",171.933662,5816.20,,4.40,0,3452,10,True,nid006068,57240767
SparseHNSW_a0.75_b6_s0x0,"M=32 efC=200 ef=3200 alpha=0.75 beta=6 q=u8",64,0.9922943221,1.0000,154.6041,0.8268,0.0000,1.113128,"1.113128;1.113169;1.112449;1.112834;1.113797",322.458864,3101.17,,4.40,0,3452,10,True,nid006068,57240767
SparseHNSW_a0.75_b7_s0x0,"M=32 efC=200 ef=10 alpha=0.75 beta=7 q=u8",64,0.9448146002,0.9841,154.6041,0.8268,0.0000,0.037308,"0.038124;0.037701;0.037308;0.037190;0.037017",10.807648,92527.07,,4.40,0,3452,10,True,nid006068,57240767
SparseHNSW_a0.75_b7_s0x0,"M=32 efC=200 ef=20 alpha=0.75 beta=7 q=u8",64,0.9448146002,0.9841,154.6041,0.8268,0.0000,0.036899,"0.037025;0.036980;0.036853;0.036899;0.036763",10.689166,93552.67,,4.40,0,3452,10,True,nid006068,57240767
SparseHNSW_a0.75_b7_s0x0,"M=32 efC=200 ef=50 alpha=0.75 beta=7 q=u8",64,0.9448146002,0.9841,154.6041,0.8268,0.0000,0.036876,"0.036837;0.036840;0.037005;0.036951;0.036876",10.682503,93611.02,,4.40,0,3452,10,True,nid006068,57240767
SparseHNSW_a0.75_b7_s0x0,"M=32 efC=200 ef=100 alpha=0.75 beta=7 q=u8",64,0.9575318656,0.9910,154.6041,0.8268,0.0000,0.049598,"0.049626;0.049598;0.049588;0.049699;0.049514",14.367903,69599.58,,4.40,0,3452,10,True,nid006068,57240767
SparseHNSW_a0.75_b7_s0x0,"M=32 efC=200 ef=200 alpha=0.75 beta=7 q=u8",64,0.9744206257,0.9974,154.6041,0.8268,0.0000,0.090300,"0.090300;0.090303;0.089828;0.090406;0.090282",26.158749,38228.13,,4.40,0,3452,10,True,nid006068,57240767
SparseHNSW_a0.75_b7_s0x0,"M=32 efC=200 ef=400 alpha=0.75 beta=7 q=u8",64,0.9825898030,0.9988,154.6041,0.8268,0.0000,0.165639,"0.165622;0.165639;0.166005;0.165282;0.166006",47.983488,20840.50,,4.40,0,3452,10,True,nid006068,57240767
SparseHNSW_a0.75_b7_s0x0,"M=32 efC=200 ef=800 alpha=0.75 beta=7 q=u8",64,0.9874275782,1.0000,154.6041,0.8268,0.0000,0.311458,"0.311237;0.311998;0.311550;0.311119;0.311458",90.225377,11083.36,,4.40,0,3452,10,True,nid006068,57240767
SparseHNSW_a0.75_b7_s0x0,"M=32 efC=200 ef=1600 alpha=0.75 beta=7 q=u8",64,0.9909327926,1.0000,154.6041,0.8268,0.0000,0.594059,"0.593549;0.594279;0.594059;0.593837;0.594906",172.091251,5810.87,,4.40,0,3452,10,True,nid006068,57240767
SparseHNSW_a0.75_b7_s0x0,"M=32 efC=200 ef=3200 alpha=0.75 beta=7 q=u8",64,0.9931054461,1.0000,154.6041,0.8268,0.0000,1.113457,"1.112995;1.114105;1.113774;1.113457;1.113162",322.554171,3100.25,,4.40,0,3452,10,True,nid006068,57240767
SparseHNSW_a0.75_b8_s0x0,"M=32 efC=200 ef=10 alpha=0.75 beta=8 q=u8",64,0.9485225956,0.9855,154.6041,0.8268,0.0000,0.041985,"0.042713;0.042080;0.041985;0.041626;0.041609",12.162514,82219.84,,4.40,0,3452,10,True,nid006068,57240767
SparseHNSW_a0.75_b8_s0x0,"M=32 efC=200 ef=20 alpha=0.75 beta=8 q=u8",64,0.9485225956,0.9855,154.6041,0.8268,0.0000,0.041449,"0.041452;0.041433;0.041496;0.041379;0.041449",12.007242,83283.07,,4.40,0,3452,10,True,nid006068,57240767
SparseHNSW_a0.75_b8_s0x0,"M=32 efC=200 ef=50 alpha=0.75 beta=8 q=u8",64,0.9485225956,0.9855,154.6041,0.8268,0.0000,0.041447,"0.041421;0.041421;0.041459;0.041452;0.041447",12.006663,83287.09,,4.40,0,3452,10,True,nid006068,57240767
SparseHNSW_a0.75_b8_s0x0,"M=32 efC=200 ef=100 alpha=0.75 beta=8 q=u8",64,0.9578794902,0.9910,154.6041,0.8268,0.0000,0.050028,"0.050028;0.050172;0.050096;0.049973;0.049972",14.492468,69001.36,,4.40,0,3452,10,True,nid006068,57240767
SparseHNSW_a0.75_b8_s0x0,"M=32 efC=200 ef=200 alpha=0.75 beta=8 q=u8",64,0.9748261877,0.9974,154.6041,0.8268,0.0000,0.090472,"0.090481;0.090472;0.090349;0.090580;0.090436",26.208575,38155.45,,4.40,0,3452,10,True,nid006068,57240767
SparseHNSW_a0.75_b8_s0x0,"M=32 efC=200 ef=400 alpha=0.75 beta=8 q=u8",64,0.9831112399,0.9988,154.6041,0.8268,0.0000,0.166132,"0.166228;0.165742;0.166087;0.166132;0.166189",48.126304,20778.66,,4.40,0,3452,10,True,nid006068,57240767
SparseHNSW_a0.75_b8_s0x0,"M=32 efC=200 ef=800 alpha=0.75 beta=8 q=u8",64,0.9879490151,1.0000,154.6041,0.8268,0.0000,0.311466,"0.311466;0.311192;0.311528;0.312049;0.311321",90.227694,11083.07,,4.40,0,3452,10,True,nid006068,57240767
SparseHNSW_a0.75_b8_s0x0,"M=32 efC=200 ef=1600 alpha=0.75 beta=8 q=u8",64,0.9914252607,1.0000,154.6041,0.8268,0.0000,0.594697,"0.594697;0.595101;0.594157;0.595955;0.594218",172.276072,5804.64,,4.40,0,3452,10,True,nid006068,57240767
SparseHNSW_a0.75_b8_s0x0,"M=32 efC=200 ef=3200 alpha=0.75 beta=8 q=u8",64,0.9935979143,1.0000,154.6041,0.8268,0.0000,1.113765,"1.113765;1.113570;1.113798;1.113530;1.114549",322.643395,3099.40,,4.40,0,3452,10,True,nid006068,57240767
SparseHNSW_a0.75_b1_s8x4,"M=32 efC=200 ef=10 alpha=0.75 beta=1 q=u8 seedT=8 seedH=8 seedS=4",64,0.7990440324,0.6491,154.6041,0.8268,0.0000,0.016592,"0.017451;0.016832;0.016592;0.016475;0.016422",4.806489,208052.07,,4.40,0,3452,10,True,nid006068,57240767
SparseHNSW_a0.75_b1_s8x4,"M=32 efC=200 ef=20 alpha=0.75 beta=1 q=u8 seedT=8 seedH=8 seedS=4",64,0.7990440324,0.6491,154.6041,0.8268,0.0000,0.016260,"0.016339;0.016282;0.016259;0.016260;0.016250",4.710313,212300.12,,4.40,0,3452,10,True,nid006068,57240767
SparseHNSW_a0.75_b1_s8x4,"M=32 efC=200 ef=50 alpha=0.75 beta=1 q=u8 seedT=8 seedH=8 seedS=4",64,0.8130938586,0.6613,154.6041,0.8268,0.0000,0.023859,"0.023979;0.023947;0.023859;0.023757;0.023754",6.911645,144683.35,,4.40,0,3452,10,True,nid006068,57240767
SparseHNSW_a0.75_b1_s8x4,"M=32 efC=200 ef=100 alpha=0.75 beta=1 q=u8 seedT=8 seedH=8 seedS=4",64,0.8239281576,0.6727,154.6041,0.8268,0.0000,0.045353,"0.045480;0.045353;0.045354;0.045271;0.045222",13.138181,76114.04,,4.40,0,3452,10,True,nid006068,57240767
SparseHNSW_a0.75_b1_s8x4,"M=32 efC=200 ef=200 alpha=0.75 beta=1 q=u8 seedT=8 seedH=8 seedS=4",64,0.8312572422,0.6791,154.6041,0.8268,0.0000,0.086338,"0.086338;0.086194;0.086422;0.086234;0.086516",25.011008,39982.39,,4.40,0,3452,10,True,nid006068,57240767
SparseHNSW_a0.75_b1_s8x4,"M=32 efC=200 ef=400 alpha=0.75 beta=1 q=u8 seedT=8 seedH=8 seedS=4",64,0.8352549247,0.6841,154.6041,0.8268,0.0000,0.162704,"0.162755;0.162674;0.162704;0.162268;0.162731",47.133256,21216.44,,4.40,0,3452,10,True,nid006068,57240767
SparseHNSW_a0.75_b1_s8x4,"M=32 efC=200 ef=800 alpha=0.75 beta=1 q=u8 seedT=8 seedH=8 seedS=4",64,0.8368771727,0.6855,154.6041,0.8268,0.0000,0.308817,"0.308778;0.308416;0.308817;0.309165;0.309508",89.460313,11178.14,,4.40,0,3452,10,True,nid006068,57240767
SparseHNSW_a0.75_b1_s8x4,"M=32 efC=200 ef=1600 alpha=0.75 beta=1 q=u8 seedT=8 seedH=8 seedS=4",64,0.8382676709,0.6867,154.6041,0.8268,0.0000,0.592018,"0.593799;0.593724;0.591247;0.591657;0.592018",171.500000,5830.90,,4.40,0,3452,10,True,nid006068,57240767
SparseHNSW_a0.75_b1_s8x4,"M=32 efC=200 ef=3200 alpha=0.75 beta=1 q=u8 seedT=8 seedH=8 seedS=4",64,0.8391946698,0.6877,154.6041,0.8268,0.0000,1.111321,"1.111321;1.111788;1.112560;1.111254;1.110924",321.935400,3106.21,,4.40,0,3452,10,True,nid006068,57240767
SparseHNSW_a0.75_b2_s8x4,"M=32 efC=200 ef=10 alpha=0.75 beta=2 q=u8 seedT=8 seedH=8 seedS=4",64,0.9057937428,0.9861,154.6041,0.8268,0.0000,0.017330,"0.018227;0.017634;0.017277;0.017330;0.017298",5.020278,199192.15,,4.40,0,3452,10,True,nid006068,57240767
SparseHNSW_a0.75_b2_s8x4,"M=32 efC=200 ef=20 alpha=0.75 beta=2 q=u8 seedT=8 seedH=8 seedS=4",64,0.9057937428,0.9861,154.6041,0.8268,0.0000,0.017095,"0.017109;0.017152;0.017066;0.017056;0.017095",4.952202,201930.39,,4.40,0,3452,10,True,nid006068,57240767
SparseHNSW_a0.75_b2_s8x4,"M=32 efC=200 ef=50 alpha=0.75 beta=2 q=u8 seedT=8 seedH=8 seedS=4",64,0.9248261877,0.9933,154.6041,0.8268,0.0000,0.024670,"0.024851;0.024685;0.024670;0.024513;0.024481",7.146582,139927.04,,4.40,0,3452,10,True,nid006068,57240767
SparseHNSW_a0.75_b2_s8x4,"M=32 efC=200 ef=100 alpha=0.75 beta=2 q=u8 seedT=8 seedH=8 seedS=4",64,0.9404403244,0.9968,154.6041,0.8268,0.0000,0.046027,"0.046226;0.046114;0.045992;0.046027;0.045960",13.333430,74999.46,,4.40,0,3452,10,True,nid006068,57240767
SparseHNSW_a0.75_b2_s8x4,"M=32 efC=200 ef=200 alpha=0.75 beta=2 q=u8 seedT=8 seedH=8 seedS=4",64,0.9504345307,0.9994,154.6041,0.8268,0.0000,0.087045,"0.086696;0.087339;0.087045;0.086629;0.087052",25.215817,39657.65,,4.40,0,3452,10,True,nid006068,57240767
SparseHNSW_a0.75_b2_s8x4,"M=32 efC=200 ef=400 alpha=0.75 beta=2 q=u8 seedT=8 seedH=8 seedS=4",64,0.9563441483,1.0000,154.6041,0.8268,0.0000,0.163133,"0.163461;0.163133;0.163225;0.163063;0.162983",47.257532,21160.65,,4.40,0,3452,10,True,nid006068,57240767
SparseHNSW_a0.75_b2_s8x4,"M=32 efC=200 ef=800 alpha=0.75 beta=2 q=u8 seedT=8 seedH=8 seedS=4",64,0.9590672074,1.0000,154.6041,0.8268,0.0000,0.309740,"0.309101;0.309538;0.309812;0.309740;0.310100",89.727694,11144.83,,4.40,0,3452,10,True,nid006068,57240767
SparseHNSW_a0.75_b2_s8x4,"M=32 efC=200 ef=1600 alpha=0.75 beta=2 q=u8 seedT=8 seedH=8 seedS=4",64,0.9616454229,1.0000,154.6041,0.8268,0.0000,0.592645,"0.592908;0.592469;0.593739;0.592645;0.592122",171.681634,5824.73,,4.40,0,3452,10,True,nid006068,57240767
SparseHNSW_a0.75_b2_s8x4,"M=32 efC=200 ef=3200 alpha=0.75 beta=2 q=u8 seedT=8 seedH=8 seedS=4",64,0.9634125145,1.0000,154.6041,0.8268,0.0000,1.112663,"1.112712;1.112663;1.112434;1.109320;1.112726",322.324160,3102.47,,4.40,0,3452,10,True,nid006068,57240767
SparseHNSW_a0.75_b3_s8x4,"M=32 efC=200 ef=10 alpha=0.75 beta=3 q=u8 seedT=8 seedH=8 seedS=4",64,0.9191772885,0.9861,154.6041,0.8268,0.0000,0.017813,"0.018729;0.018068;0.017813;0.017575;0.017594",5.160197,193791.05,,4.40,0,3452,10,True,nid006068,57240767
SparseHNSW_a0.75_b3_s8x4,"M=32 efC=200 ef=20 alpha=0.75 beta=3 q=u8 seedT=8 seedH=8 seedS=4",64,0.9191772885,0.9861,154.6041,0.8268,0.0000,0.017407,"0.017556;0.017427;0.017407;0.017377;0.017352",5.042584,198311.02,,4.40,0,3452,10,True,nid006068,57240767
SparseHNSW_a0.75_b3_s8x4,"M=32 efC=200 ef=50 alpha=0.75 beta=3 q=u8 seedT=8 seedH=8 seedS=4",64,0.9403534183,0.9933,154.6041,0.8268,0.0000,0.025058,"0.025070;0.025071;0.025058;0.025002;0.024981",7.258980,137760.40,,4.40,0,3452,10,True,nid006068,57240767
SparseHNSW_a0.75_b3_s8x4,"M=32 efC=200 ef=100 alpha=0.75 beta=3 q=u8 seedT=8 seedH=8 seedS=4",64,0.9573290846,0.9968,154.6041,0.8268,0.0000,0.046399,"0.046619;0.046468;0.046395;0.046362;0.046399",13.441194,74398.16,,4.40,0,3452,10,True,nid006068,57240767
SparseHNSW_a0.75_b3_s8x4,"M=32 efC=200 ef=200 alpha=0.75 beta=3 q=u8 seedT=8 seedH=8 seedS=4",64,0.9683661645,0.9994,154.6041,0.8268,0.0000,0.087042,"0.087042;0.087329;0.087015;0.087120;0.087037",25.214948,39659.02,,4.40,0,3452,10,True,nid006068,57240767
SparseHNSW_a0.75_b3_s8x4,"M=32 efC=200 ef=400 alpha=0.75 beta=3 q=u8 seedT=8 seedH=8 seedS=4",64,0.9746523754,1.0000,154.6041,0.8268,0.0000,0.163712,"0.163252;0.164024;0.163712;0.163800;0.163316",47.425261,21085.81,,4.40,0,3452,10,True,nid006068,57240767
SparseHNSW_a0.75_b3_s8x4,"M=32 efC=200 ef=800 alpha=0.75 beta=3 q=u8 seedT=8 seedH=8 seedS=4",64,0.9779258401,1.0000,154.6041,0.8268,0.0000,0.309925,"0.309828;0.309925;0.309659;0.310147;0.310163",89.781286,11138.18,,4.40,0,3452,10,True,nid006068,57240767
SparseHNSW_a0.75_b3_s8x4,"M=32 efC=200 ef=1600 alpha=0.75 beta=3 q=u8 seedT=8 seedH=8 seedS=4",64,0.9808806489,1.0000,154.6041,0.8268,0.0000,0.593425,"0.592728;0.593156;0.593425;0.594195;0.593584",171.907590,5817.08,,4.40,0,3452,10,True,nid006068,57240767
SparseHNSW_a0.75_b3_s8x4,"M=32 efC=200 ef=3200 alpha=0.75 beta=3 q=u8 seedT=8 seedH=8 seedS=4",64,0.9827346466,1.0000,154.6041,0.8268,0.0000,1.111381,"1.111812;1.110839;1.110978;1.112134;1.111381",321.952781,3106.05,,4.40,0,3452,10,True,nid006068,57240767
SparseHNSW_a0.75_b4_s8x4,"M=32 efC=200 ef=10 alpha=0.75 beta=4 q=u8 seedT=8 seedH=8 seedS=4",64,0.9334298957,0.9893,154.6041,0.8268,0.0000,0.021337,"0.022284;0.021563;0.021337;0.021148;0.020961",6.181054,161784.69,,4.40,0,3452,10,True,nid006068,57240767
SparseHNSW_a0.75_b4_s8x4,"M=32 efC=200 ef=20 alpha=0.75 beta=4 q=u8 seedT=8 seedH=8 seedS=4",64,0.9334298957,0.9893,154.6041,0.8268,0.0000,0.020908,"0.020970;0.020929;0.020796;0.020870;0.020908",6.056779,165104.27,,4.40,0,3452,10,True,nid006068,57240767
SparseHNSW_a0.75_b4_s8x4,"M=32 efC=200 ef=50 alpha=0.75 beta=4 q=u8 seedT=8 seedH=8 seedS=4",64,0.9443800695,0.9933,154.6041,0.8268,0.0000,0.025149,"0.025268;0.025147;0.025120;0.025203;0.025149",7.285342,137261.92,,4.40,0,3452,10,True,nid006068,57240767
SparseHNSW_a0.75_b4_s8x4,"M=32 efC=200 ef=100 alpha=0.75 beta=4 q=u8 seedT=8 seedH=8 seedS=4",64,0.9621089224,0.9968,154.6041,0.8268,0.0000,0.046727,"0.046790;0.046915;0.046727;0.046652;0.046669",13.536211,73875.92,,4.40,0,3452,10,True,nid006068,57240767
SparseHNSW_a0.75_b4_s8x4,"M=32 efC=200 ef=200 alpha=0.75 beta=4 q=u8 seedT=8 seedH=8 seedS=4",64,0.9733777520,0.9994,154.6041,0.8268,0.0000,0.087381,"0.087288;0.087381;0.087565;0.087357;0.087643",25.313152,39505.16,,4.40,0,3452,10,True,nid006068,57240767
SparseHNSW_a0.75_b4_s8x4,"M=32 efC=200 ef=400 alpha=0.75 beta=4 q=u8 seedT=8 seedH=8 seedS=4",64,0.9800695249,1.0000,154.6041,0.8268,0.0000,0.163681,"0.163681;0.163716;0.163532;0.163742;0.163278",47.416280,21089.80,,4.40,0,3452,10,True,nid006068,57240767
SparseHNSW_a0.75_b4_s8x4,"M=32 efC=200 ef=800 alpha=0.75 beta=4 q=u8 seedT=8 seedH=8 seedS=4",64,0.9836616454,1.0000,154.6041,0.8268,0.0000,0.310226,"0.310600;0.309825;0.310315;0.309682;0.310226",89.868482,11127.37,,4.40,0,3452,10,True,nid006068,57240767
SparseHNSW_a0.75_b4_s8x4,"M=32 efC=200 ef=1600 alpha=0.75 beta=4 q=u8 seedT=8 seedH=8 seedS=4",64,0.9867033604,1.0000,154.6041,0.8268,0.0000,0.592967,"0.592789;0.592967;0.593208;0.592514;0.594329",171.774913,5821.57,,4.40,0,3452,10,True,nid006068,57240767
SparseHNSW_a0.75_b4_s8x4,"M=32 efC=200 ef=3200 alpha=0.75 beta=4 q=u8 seedT=8 seedH=8 seedS=4",64,0.9887311703,1.0000,154.6041,0.8268,0.0000,1.112794,"1.111917;1.111628;1.113079;1.112794;1.113779",322.362109,3102.10,,4.40,0,3452,10,True,nid006068,57240767
SparseHNSW_a0.75_b5_s8x4,"M=32 efC=200 ef=10 alpha=0.75 beta=5 q=u8 seedT=8 seedH=8 seedS=4",64,0.9463209733,0.9933,154.6041,0.8268,0.0000,0.025890,"0.026901;0.026337;0.025890;0.025833;0.025725",7.500000,133333.33,,4.40,0,3452,10,True,nid006068,57240767
SparseHNSW_a0.75_b5_s8x4,"M=32 efC=200 ef=20 alpha=0.75 beta=5 q=u8 seedT=8 seedH=8 seedS=4",64,0.9463209733,0.9933,154.6041,0.8268,0.0000,0.025482,"0.025637;0.025630;0.025482;0.025424;0.025418",7.381808,135468.17,,4.40,0,3452,10,True,nid006068,57240767
SparseHNSW_a0.75_b5_s8x4,"M=32 efC=200 ef=50 alpha=0.75 beta=5 q=u8 seedT=8 seedH=8 seedS=4",64,0.9463209733,0.9933,154.6041,0.8268,0.0000,0.025429,"0.025518;0.025661;0.025353;0.025429;0.025390",7.366454,135750.52,,4.40,0,3452,10,True,nid006068,57240767
SparseHNSW_a0.75_b5_s8x4,"M=32 efC=200 ef=100 alpha=0.75 beta=5 q=u8 seedT=8 seedH=8 seedS=4",64,0.9640208575,0.9968,154.6041,0.8268,0.0000,0.047096,"0.047096;0.047116;0.047122;0.046971;0.047074",13.643105,73297.10,,4.40,0,3452,10,True,nid006068,57240767
SparseHNSW_a0.75_b5_s8x4,"M=32 efC=200 ef=200 alpha=0.75 beta=5 q=u8 seedT=8 seedH=8 seedS=4",64,0.9754055620,0.9994,154.6041,0.8268,0.0000,0.087565,"0.087533;0.087565;0.088113;0.087484;0.087809",25.366454,39422.14,,4.40,0,3452,10,True,nid006068,57240767
SparseHNSW_a0.75_b5_s8x4,"M=32 efC=200 ef=400 alpha=0.75 beta=5 q=u8 seedT=8 seedH=8 seedS=4",64,0.9822132097,1.0000,154.6041,0.8268,0.0000,0.163972,"0.163806;0.163956;0.163972;0.164083;0.164431",47.500579,21052.37,,4.40,0,3452,10,True,nid006068,57240767
SparseHNSW_a0.75_b5_s8x4,"M=32 efC=200 ef=800 alpha=0.75 beta=5 q=u8 seedT=8 seedH=8 seedS=4",64,0.9858632677,1.0000,154.6041,0.8268,0.0000,0.309832,"0.309588;0.310622;0.309832;0.310535;0.309767",89.754345,11141.52,,4.40,0,3452,10,True,nid006068,57240767
SparseHNSW_a0.75_b5_s8x4,"M=32 efC=200 ef=1600 alpha=0.75 beta=5 q=u8 seedT=8 seedH=8 seedS=4",64,0.9890208575,1.0000,154.6041,0.8268,0.0000,0.593992,"0.594285;0.593992;0.593613;0.594023;0.593463",172.071842,5811.53,,4.40,0,3452,10,True,nid006068,57240767
SparseHNSW_a0.75_b5_s8x4,"M=32 efC=200 ef=3200 alpha=0.75 beta=5 q=u8 seedT=8 seedH=8 seedS=4",64,0.9911066049,1.0000,154.6041,0.8268,0.0000,1.111998,"1.110545;1.112876;1.111497;1.112211;1.111998",322.131518,3104.32,,4.40,0,3452,10,True,nid006068,57240767
SparseHNSW_a0.75_b6_s8x4,"M=32 efC=200 ef=10 alpha=0.75 beta=6 q=u8 seedT=8 seedH=8 seedS=4",64,0.9539107764,0.9939,154.6041,0.8268,0.0000,0.030667,"0.031445;0.030891;0.030667;0.030515;0.030467",8.883835,112563.99,,4.40,0,3452,10,True,nid006068,57240767
SparseHNSW_a0.75_b6_s8x4,"M=32 efC=200 ef=20 alpha=0.75 beta=6 q=u8 seedT=8 seedH=8 seedS=4",64,0.9539107764,0.9939,154.6041,0.8268,0.0000,0.030246,"0.030247;0.030246;0.030281;0.030170;0.030053",8.761877,114130.79,,4.40,0,3452,10,True,nid006068,57240767
SparseHNSW_a0.75_b6_s8x4,"M=32 efC=200 ef=50 alpha=0.75 beta=6 q=u8 seedT=8 seedH=8 seedS=4",64,0.9539107764,0.9939,154.6041,0.8268,0.0000,0.030133,"0.030026;0.030166;0.030292;0.029962;0.030133",8.729143,114558.79,,4.40,0,3452,10,True,nid006068,57240767
SparseHNSW_a0.75_b6_s8x4,"M=32 efC=200 ef=100 alpha=0.75 beta=6 q=u8 seedT=8 seedH=8 seedS=4",64,0.9651796060,0.9968,154.6041,0.8268,0.0000,0.047451,"0.047377;0.047451;0.047548;0.047475;0.047427",13.745944,72748.73,,4.40,0,3452,10,True,nid006068,57240767
SparseHNSW_a0.75_b6_s8x4,"M=32 efC=200 ef=200 alpha=0.75 beta=6 q=u8 seedT=8 seedH=8 seedS=4",64,0.9768539977,0.9994,154.6041,0.8268,0.0000,0.087992,"0.088047;0.088074;0.087842;0.087460;0.087992",25.490151,39230.84,,4.40,0,3452,10,True,nid006068,57240767
SparseHNSW_a0.75_b6_s8x4,"M=32 efC=200 ef=400 alpha=0.75 beta=6 q=u8 seedT=8 seedH=8 seedS=4",64,0.9835168019,1.0000,154.6041,0.8268,0.0000,0.164479,"0.163984;0.164618;0.164569;0.163681;0.164479",47.647451,20987.48,,4.40,0,3452,10,True,nid006068,57240767
SparseHNSW_a0.75_b6_s8x4,"M=32 efC=200 ef=800 alpha=0.75 beta=6 q=u8 seedT=8 seedH=8 seedS=4",64,0.9871668598,1.0000,154.6041,0.8268,0.0000,0.310585,"0.310072;0.311138;0.310585;0.310881;0.309869",89.972480,11114.51,,4.40,0,3452,10,True,nid006068,57240767
SparseHNSW_a0.75_b6_s8x4,"M=32 efC=200 ef=1600 alpha=0.75 beta=6 q=u8 seedT=8 seedH=8 seedS=4",64,0.9903244496,1.0000,154.6041,0.8268,0.0000,0.594162,"0.594191;0.593951;0.594508;0.593351;0.594162",172.121089,5809.86,,4.40,0,3452,10,True,nid006068,57240767
SparseHNSW_a0.75_b6_s8x4,"M=32 efC=200 ef=3200 alpha=0.75 beta=6 q=u8 seedT=8 seedH=8 seedS=4",64,0.9924391657,1.0000,154.6041,0.8268,0.0000,1.111786,"1.111263;1.112368;1.111448;1.112121;1.111786",322.070104,3104.91,,4.40,0,3452,10,True,nid006068,57240767
SparseHNSW_a0.75_b7_s8x4,"M=32 efC=200 ef=10 alpha=0.75 beta=7 q=u8 seedT=8 seedH=8 seedS=4",64,0.9579953650,0.9957,154.6041,0.8268,0.0000,0.035409,"0.035859;0.035608;0.035409;0.035103;0.034904",10.257532,97489.34,,4.40,0,3452,10,True,nid006068,57240767
SparseHNSW_a0.75_b7_s8x4,"M=32 efC=200 ef=20 alpha=0.75 beta=7 q=u8 seedT=8 seedH=8 seedS=4",64,0.9579953650,0.9957,154.6041,0.8268,0.0000,0.034777,"0.034758;0.034777;0.034849;0.034730;0.034881",10.074450,99261.01,,4.40,0,3452,10,True,nid006068,57240767
SparseHNSW_a0.75_b7_s8x4,"M=32 efC=200 ef=50 alpha=0.75 beta=7 q=u8 seedT=8 seedH=8 seedS=4",64,0.9579953650,0.9957,154.6041,0.8268,0.0000,0.034817,"0.034793;0.034989;0.034833;0.034772;0.034817",10.086037,99146.97,,4.40,0,3452,10,True,nid006068,57240767
SparseHNSW_a0.75_b7_s8x4,"M=32 efC=200 ef=100 alpha=0.75 beta=7 q=u8 seedT=8 seedH=8 seedS=4",64,0.9657879490,0.9968,154.6041,0.8268,0.0000,0.047602,"0.047782;0.047715;0.047547;0.047395;0.047602",13.789687,72517.96,,4.40,0,3452,10,True,nid006068,57240767
SparseHNSW_a0.75_b7_s8x4,"M=32 efC=200 ef=200 alpha=0.75 beta=7 q=u8 seedT=8 seedH=8 seedS=4",64,0.9774333720,0.9994,154.6041,0.8268,0.0000,0.088299,"0.088023;0.088299;0.088352;0.088307;0.088258",25.579085,39094.44,,4.40,0,3452,10,True,nid006068,57240767
SparseHNSW_a0.75_b7_s8x4,"M=32 efC=200 ef=400 alpha=0.75 beta=7 q=u8 seedT=8 seedH=8 seedS=4",64,0.9842410197,1.0000,154.6041,0.8268,0.0000,0.164342,"0.164088;0.164232;0.164966;0.164342;0.165113",47.607764,21004.98,,4.40,0,3452,10,True,nid006068,57240767
SparseHNSW_a0.75_b7_s8x4,"M=32 efC=200 ef=800 alpha=0.75 beta=7 q=u8 seedT=8 seedH=8 seedS=4",64,0.9879490151,1.0000,154.6041,0.8268,0.0000,0.310517,"0.310810;0.310517;0.310388;0.310387;0.311009",89.952781,11116.94,,4.40,0,3452,10,True,nid006068,57240767
SparseHNSW_a0.75_b7_s8x4,"M=32 efC=200 ef=1600 alpha=0.75 beta=7 q=u8 seedT=8 seedH=8 seedS=4",64,0.9910776362,1.0000,154.6041,0.8268,0.0000,0.594848,"0.594886;0.594290;0.594848;0.595437;0.594324",172.319815,5803.16,,4.40,0,3452,10,True,nid006068,57240767
SparseHNSW_a0.75_b7_s8x4,"M=32 efC=200 ef=3200 alpha=0.75 beta=7 q=u8 seedT=8 seedH=8 seedS=4",64,0.9932502897,1.0000,154.6041,0.8268,0.0000,1.112769,"1.111717;1.112769;1.112859;1.113241;1.111567",322.354867,3102.17,,4.40,0,3452,10,True,nid006068,57240767
SparseHNSW_a0.75_b8_s8x4,"M=32 efC=200 ef=10 alpha=0.75 beta=8 q=u8 seedT=8 seedH=8 seedS=4",64,0.9609501738,0.9959,154.6041,0.8268,0.0000,0.039869,"0.040301;0.039869;0.039917;0.039728;0.039567",11.549537,86583.56,,4.40,0,3452,10,True,nid006068,57240767
SparseHNSW_a0.75_b8_s8x4,"M=32 efC=200 ef=20 alpha=0.75 beta=8 q=u8 seedT=8 seedH=8 seedS=4",64,0.9609501738,0.9959,154.6041,0.8268,0.0000,0.039453,"0.039459;0.039454;0.039379;0.039453;0.039372",11.429027,87496.51,,4.40,0,3452,10,True,nid006068,57240767
SparseHNSW_a0.75_b8_s8x4,"M=32 efC=200 ef=50 alpha=0.75 beta=8 q=u8 seedT=8 seedH=8 seedS=4",64,0.9609501738,0.9959,154.6041,0.8268,0.0000,0.039287,"0.039254;0.039287;0.039435;0.039309;0.039227",11.380939,87866.22,,4.40,0,3452,10,True,nid006068,57240767
SparseHNSW_a0.75_b8_s8x4,"M=32 efC=200 ef=100 alpha=0.75 beta=8 q=u8 seedT=8 seedH=8 seedS=4",64,0.9661355736,0.9968,154.6041,0.8268,0.0000,0.047924,"0.047829;0.047901;0.048057;0.047987;0.047924",13.882966,72030.72,,4.40,0,3452,10,True,nid006068,57240767
SparseHNSW_a0.75_b8_s8x4,"M=32 efC=200 ef=200 alpha=0.75 beta=8 q=u8 seedT=8 seedH=8 seedS=4",64,0.9778389340,0.9994,154.6041,0.8268,0.0000,0.088646,"0.088759;0.088893;0.088211;0.088646;0.088433",25.679606,38941.41,,4.40,0,3452,10,True,nid006068,57240767
SparseHNSW_a0.75_b8_s8x4,"M=32 efC=200 ef=400 alpha=0.75 beta=8 q=u8 seedT=8 seedH=8 seedS=4",64,0.9847334878,1.0000,154.6041,0.8268,0.0000,0.164790,"0.164202;0.164790;0.165759;0.164550;0.165010",47.737543,20947.87,,4.40,0,3452,10,True,nid006068,57240767
SparseHNSW_a0.75_b8_s8x4,"M=32 efC=200 ef=800 alpha=0.75 beta=8 q=u8 seedT=8 seedH=8 seedS=4",64,0.9884414832,1.0000,154.6041,0.8268,0.0000,0.310679,"0.310405;0.310798;0.310507;0.310876;0.310679",89.999710,11111.15,,4.40,0,3452,10,True,nid006068,57240767
SparseHNSW_a0.75_b8_s8x4,"M=32 efC=200 ef=1600 alpha=0.75 beta=8 q=u8 seedT=8 seedH=8 seedS=4",64,0.9915701043,1.0000,154.6041,0.8268,0.0000,0.594290,"0.593834;0.595629;0.594710;0.594290;0.594130",172.158169,5808.61,,4.40,0,3452,10,True,nid006068,57240767
SparseHNSW_a0.75_b8_s8x4,"M=32 efC=200 ef=3200 alpha=0.75 beta=8 q=u8 seedT=8 seedH=8 seedS=4",64,0.9937427578,1.0000,154.6041,0.8268,0.0000,1.113214,"1.113214;1.112467;1.114041;1.111669;1.113419",322.483778,3100.93,,4.40,0,3452,10,True,nid006068,57240767
SparseHNSW_a0.8_b1_s0x0,"M=32 efC=200 ef=10 alpha=0.8 beta=1 q=u8",64,0.6831112399,0.5193,172.0921,0.8279,0.0000,0.007972,"0.009257;0.008801;0.007972;0.007864;0.007801",2.309386,433015.55,,4.45,0,3452,10,True,nid006068,57240767
SparseHNSW_a0.8_b1_s0x0,"M=32 efC=200 ef=20 alpha=0.8 beta=1 q=u8",64,0.7648319815,0.6065,172.0921,0.8279,0.0000,0.013671,"0.013839;0.013671;0.013691;0.013579;0.013522",3.960313,252505.30,,4.45,0,3452,10,True,nid006068,57240767
SparseHNSW_a0.8_b1_s0x0,"M=32 efC=200 ef=50 alpha=0.8 beta=1 q=u8",64,0.8246813441,0.6649,172.0921,0.8279,0.0000,0.028266,"0.028843;0.028376;0.028266;0.028240;0.028111",8.188297,122125.52,,4.45,0,3452,10,True,nid006068,57240767
SparseHNSW_a0.8_b1_s0x0,"M=32 efC=200 ef=100 alpha=0.8 beta=1 q=u8",64,0.8468713789,0.6845,172.0921,0.8279,0.0000,0.051171,"0.051332;0.051171;0.051136;0.051257;0.051143",14.823581,67460.08,,4.45,0,3452,10,True,nid006068,57240767
SparseHNSW_a0.8_b1_s0x0,"M=32 efC=200 ef=200 alpha=0.8 beta=1 q=u8",64,0.8622537659,0.6988,172.0921,0.8279,0.0000,0.095146,"0.094985;0.095146;0.095032;0.095379;0.095262",27.562572,36281.08,,4.45,0,3452,10,True,nid006068,57240767
SparseHNSW_a0.8_b1_s0x0,"M=32 efC=200 ef=400 alpha=0.8 beta=1 q=u8",64,0.8688586327,0.7086,172.0921,0.8279,0.0000,0.177035,"0.176850;0.176455;0.177155;0.177596;0.177035",51.284762,19498.97,,4.45,0,3452,10,True,nid006068,57240767
SparseHNSW_a0.8_b1_s0x0,"M=32 efC=200 ef=800 alpha=0.8 beta=1 q=u8",64,0.8709154114,0.7113,172.0921,0.8279,0.0000,0.332670,"0.333069;0.332670;0.333446;0.332319;0.332490",96.370220,10376.65,,4.45,0,3452,10,True,nid006068,57240767
SparseHNSW_a0.8_b1_s0x0,"M=32 efC=200 ef=1600 alpha=0.8 beta=1 q=u8",64,0.8725376593,0.7146,172.0921,0.8279,0.0000,0.633654,"0.635483;0.633347;0.633654;0.633182;0.634688",183.561414,5447.77,,4.45,0,3452,10,True,nid006068,57240767
SparseHNSW_a0.8_b1_s0x0,"M=32 efC=200 ef=3200 alpha=0.8 beta=1 q=u8",64,0.8736384705,0.7179,172.0921,0.8279,0.0000,1.182968,"1.182719;1.183011;1.182003;1.182968;1.183555",342.690614,2918.08,,4.45,0,3452,10,True,nid006068,57240767
SparseHNSW_a0.8_b2_s0x0,"M=32 efC=200 ef=10 alpha=0.8 beta=2 q=u8",64,0.8389339513,0.9221,172.0921,0.8279,0.0000,0.014524,"0.015389;0.014793;0.014524;0.014380;0.014331",4.207416,237675.57,,4.45,0,3452,10,True,nid006068,57240767
SparseHNSW_a0.8_b2_s0x0,"M=32 efC=200 ef=20 alpha=0.8 beta=2 q=u8",64,0.8389339513,0.9221,172.0921,0.8279,0.0000,0.014235,"0.014292;0.014235;0.014233;0.014237;0.014168",4.123696,242500.88,,4.45,0,3452,10,True,nid006068,57240767
SparseHNSW_a0.8_b2_s0x0,"M=32 efC=200 ef=50 alpha=0.8 beta=2 q=u8",64,0.9154692932,0.9707,172.0921,0.8279,0.0000,0.028952,"0.029310;0.029070;0.028866;0.028952;0.028733",8.387022,119231.83,,4.45,0,3452,10,True,nid006068,57240767
SparseHNSW_a0.8_b2_s0x0,"M=32 efC=200 ef=100 alpha=0.8 beta=2 q=u8",64,0.9435110081,0.9870,172.0921,0.8279,0.0000,0.052004,"0.052136;0.052004;0.052033;0.051920;0.051842",15.064890,66379.51,,4.45,0,3452,10,True,nid006068,57240767
SparseHNSW_a0.8_b2_s0x0,"M=32 efC=200 ef=200 alpha=0.8 beta=2 q=u8",64,0.9623406721,0.9968,172.0921,0.8279,0.0000,0.095663,"0.095258;0.095675;0.095827;0.095567;0.095663",27.712341,36085.01,,4.45,0,3452,10,True,nid006068,57240767
SparseHNSW_a0.8_b2_s0x0,"M=32 efC=200 ef=400 alpha=0.8 beta=2 q=u8",64,0.9707995365,1.0000,172.0921,0.8279,0.0000,0.177178,"0.178053;0.177924;0.177178;0.177155;0.176547",51.326188,19483.23,,4.45,0,3452,10,True,nid006068,57240767
SparseHNSW_a0.8_b2_s0x0,"M=32 efC=200 ef=800 alpha=0.8 beta=2 q=u8",64,0.9745944380,1.0000,172.0921,0.8279,0.0000,0.332374,"0.332374;0.332686;0.332206;0.332482;0.332075",96.284473,10385.89,,4.45,0,3452,10,True,nid006068,57240767
SparseHNSW_a0.8_b2_s0x0,"M=32 efC=200 ef=1600 alpha=0.8 beta=2 q=u8",64,0.9769409038,1.0000,172.0921,0.8279,0.0000,0.633897,"0.634050;0.633897;0.633417;0.633145;0.634444",183.631808,5445.68,,4.45,0,3452,10,True,nid006068,57240767
SparseHNSW_a0.8_b2_s0x0,"M=32 efC=200 ef=3200 alpha=0.8 beta=2 q=u8",64,0.9787949015,1.0000,172.0921,0.8279,0.0000,1.183957,"1.185572;1.183957;1.184105;1.182755;1.183724",342.977115,2915.65,,4.45,0,3452,10,True,nid006068,57240767
SparseHNSW_a0.8_b3_s0x0,"M=32 efC=200 ef=10 alpha=0.8 beta=3 q=u8",64,0.8851100811,0.9450,172.0921,0.8279,0.0000,0.019885,"0.020831;0.020105;0.019885;0.019732;0.019589",5.760429,173598.19,,4.45,0,3452,10,True,nid006068,57240767
SparseHNSW_a0.8_b3_s0x0,"M=32 efC=200 ef=20 alpha=0.8 beta=3 q=u8",64,0.8851100811,0.9450,172.0921,0.8279,0.0000,0.019471,"0.019530;0.019471;0.019479;0.019320;0.019336",5.640498,177289.30,,4.45,0,3452,10,True,nid006068,57240767
SparseHNSW_a0.8_b3_s0x0,"M=32 efC=200 ef=50 alpha=0.8 beta=3 q=u8",64,0.9234936269,0.9707,172.0921,0.8279,0.0000,0.029272,"0.029560;0.029272;0.029197;0.029282;0.029012",8.479722,117928.40,,4.45,0,3452,10,True,nid006068,57240767
SparseHNSW_a0.8_b3_s0x0,"M=32 efC=200 ef=100 alpha=0.8 beta=3 q=u8",64,0.9525492468,0.9870,172.0921,0.8279,0.0000,0.052102,"0.052347;0.052092;0.052102;0.052127;0.051987",15.093279,66254.65,,4.45,0,3452,10,True,nid006068,57240767
SparseHNSW_a0.8_b3_s0x0,"M=32 efC=200 ef=200 alpha=0.8 beta=3 q=u8",64,0.9723059096,0.9968,172.0921,0.8279,0.0000,0.095957,"0.095955;0.096291;0.096019;0.095910;0.095957",27.797509,35974.45,,4.45,0,3452,10,True,nid006068,57240767
SparseHNSW_a0.8_b3_s0x0,"M=32 efC=200 ef=400 alpha=0.8 beta=3 q=u8",64,0.9812282735,1.0000,172.0921,0.8279,0.0000,0.177685,"0.177703;0.177698;0.176800;0.177368;0.177685",51.473059,19427.64,,4.45,0,3452,10,True,nid006068,57240767
SparseHNSW_a0.8_b3_s0x0,"M=32 efC=200 ef=800 alpha=0.8 beta=3 q=u8",64,0.9851390498,1.0000,172.0921,0.8279,0.0000,0.332705,"0.332705;0.332565;0.332959;0.332103;0.332795",96.380359,10375.56,,4.45,0,3452,10,True,nid006068,57240767
SparseHNSW_a0.8_b3_s0x0,"M=32 efC=200 ef=1600 alpha=0.8 beta=3 q=u8",64,0.9877172654,1.0000,172.0921,0.8279,0.0000,0.634481,"0.633743;0.634481;0.635867;0.634855;0.633863",183.800985,5440.67,,4.45,0,3452,10,True,nid006068,57240767
SparseHNSW_a0.8_b3_s0x0,"M=32 efC=200 ef=3200 alpha=0.8 beta=3 q=u8",64,0.9897161066,1.0000,172.0921,0.8279,0.0000,1.182810,"1.182810;1.183389;1.182293;1.182542;1.183458",342.644844,2918.47,,4.45,0,3452,10,True,nid006068,57240767
SparseHNSW_a0.8_b4_s0x0,"M=32 efC=200 ef=10 alpha=0.8 beta=4 q=u8",64,0.9101390498,0.9600,172.0921,0.8279,0.0000,0.024976,"0.025999;0.025321;0.024976;0.024886;0.024786",7.235226,138212.68,,4.45,0,3452,10,True,nid006068,57240767
SparseHNSW_a0.8_b4_s0x0,"M=32 efC=200 ef=20 alpha=0.8 beta=4 q=u8",64,0.9101390498,0.9600,172.0921,0.8279,0.0000,0.024551,"0.024607;0.024568;0.024551;0.024496;0.024536",7.112109,140605.27,,4.45,0,3452,10,True,nid006068,57240767
SparseHNSW_a0.8_b4_s0x0,"M=32 efC=200 ef=50 alpha=0.8 beta=4 q=u8",64,0.9251448436,0.9707,172.0921,0.8279,0.0000,0.029347,"0.029543;0.029344;0.029316;0.029477;0.029347",8.501448,117627.01,,4.45,0,3452,10,True,nid006068,57240767
SparseHNSW_a0.8_b4_s0x0,"M=32 efC=200 ef=100 alpha=0.8 beta=4 q=u8",64,0.9544322132,0.9870,172.0921,0.8279,0.0000,0.052525,"0.052626;0.052446;0.052659;0.052467;0.052525",15.215817,65721.09,,4.45,0,3452,10,True,nid006068,57240767
SparseHNSW_a0.8_b4_s0x0,"M=32 efC=200 ef=200 alpha=0.8 beta=4 q=u8",64,0.9742178447,0.9968,172.0921,0.8279,0.0000,0.096460,"0.096195;0.096687;0.096460;0.096734;0.096272",27.943221,35786.85,,4.45,0,3452,10,True,nid006068,57240767
SparseHNSW_a0.8_b4_s0x0,"M=32 efC=200 ef=400 alpha=0.8 beta=4 q=u8",64,0.9834298957,1.0000,172.0921,0.8279,0.0000,0.177769,"0.178332;0.177769;0.176892;0.177109;0.178206",51.497393,19418.46,,4.45,0,3452,10,True,nid006068,57240767
SparseHNSW_a0.8_b4_s0x0,"M=32 efC=200 ef=800 alpha=0.8 beta=4 q=u8",64,0.9873986095,1.0000,172.0921,0.8279,0.0000,0.332935,"0.333883;0.332664;0.332853;0.333633;0.332935",96.446987,10368.39,,4.45,0,3452,10,True,nid006068,57240767
SparseHNSW_a0.8_b4_s0x0,"M=32 efC=200 ef=1600 alpha=0.8 beta=4 q=u8",64,0.9900347625,1.0000,172.0921,0.8279,0.0000,0.633896,"0.633583;0.633411;0.633956;0.633896;0.634152",183.631518,5445.69,,4.45,0,3452,10,True,nid006068,57240767
SparseHNSW_a0.8_b4_s0x0,"M=32 efC=200 ef=3200 alpha=0.8 beta=4 q=u8",64,0.9920915411,1.0000,172.0921,0.8279,0.0000,1.183973,"1.183830;1.183973;1.185391;1.183394;1.185777",342.981750,2915.61,,4.45,0,3452,10,True,nid006068,57240767
SparseHNSW_a0.8_b5_s0x0,"M=32 efC=200 ef=10 alpha=0.8 beta=5 q=u8",64,0.9257242178,0.9707,172.0921,0.8279,0.0000,0.030173,"0.031189;0.030509;0.030173;0.030015;0.029992",8.740730,114406.92,,4.45,0,3452,10,True,nid006068,57240767
SparseHNSW_a0.8_b5_s0x0,"M=32 efC=200 ef=20 alpha=0.8 beta=5 q=u8",64,0.9257242178,0.9707,172.0921,0.8279,0.0000,0.029748,"0.029750;0.029795;0.029748;0.029736;0.029690",8.617613,116041.41,,4.45,0,3452,10,True,nid006068,57240767
SparseHNSW_a0.8_b5_s0x0,"M=32 efC=200 ef=50 alpha=0.8 beta=5 q=u8",64,0.9257242178,0.9707,172.0921,0.8279,0.0000,0.029662,"0.029595;0.029702;0.029623;0.029662;0.029664",8.592700,116377.86,,4.45,0,3452,10,True,nid006068,57240767
SparseHNSW_a0.8_b5_s0x0,"M=32 efC=200 ef=100 alpha=0.8 beta=5 q=u8",64,0.9552723059,0.9870,172.0921,0.8279,0.0000,0.052809,"0.052893;0.052801;0.052825;0.052720;0.052809",15.298088,65367.65,,4.45,0,3452,10,True,nid006068,57240767
SparseHNSW_a0.8_b5_s0x0,"M=32 efC=200 ef=200 alpha=0.8 beta=5 q=u8",64,0.9752027810,0.9968,172.0921,0.8279,0.0000,0.096553,"0.096725;0.096553;0.096480;0.096922;0.096437",27.970162,35752.38,,4.45,0,3452,10,True,nid006068,57240767
SparseHNSW_a0.8_b5_s0x0,"M=32 efC=200 ef=400 alpha=0.8 beta=5 q=u8",64,0.9844148320,1.0000,172.0921,0.8279,0.0000,0.178309,"0.177794;0.178309;0.178769;0.177377;0.178989",51.653824,19359.65,,4.45,0,3452,10,True,nid006068,57240767
SparseHNSW_a0.8_b5_s0x0,"M=32 efC=200 ef=800 alpha=0.8 beta=5 q=u8",64,0.9883835458,1.0000,172.0921,0.8279,0.0000,0.333531,"0.333531;0.333326;0.332916;0.334027;0.333970",96.619641,10349.86,,4.45,0,3452,10,True,nid006068,57240767
SparseHNSW_a0.8_b5_s0x0,"M=32 efC=200 ef=1600 alpha=0.8 beta=5 q=u8",64,0.9909617613,1.0000,172.0921,0.8279,0.0000,0.634759,"0.634456;0.634077;0.635459;0.634920;0.634759",183.881518,5438.28,,4.45,0,3452,10,True,nid006068,57240767
SparseHNSW_a0.8_b5_s0x0,"M=32 efC=200 ef=3200 alpha=0.8 beta=5 q=u8",64,0.9930185400,1.0000,172.0921,0.8279,0.0000,1.184033,"1.184033;1.183784;1.184321;1.185360;1.183275",342.999131,2915.46,,4.45,0,3452,10,True,nid006068,57240767
SparseHNSW_a0.8_b6_s0x0,"M=32 efC=200 ef=10 alpha=0.8 beta=6 q=u8",64,0.9360370800,0.9774,172.0921,0.8279,0.0000,0.035323,"0.036147;0.035545;0.035323;0.035219;0.035091",10.232619,97726.69,,4.45,0,3452,10,True,nid006068,57240767
SparseHNSW_a0.8_b6_s0x0,"M=32 efC=200 ef=20 alpha=0.8 beta=6 q=u8",64,0.9360370800,0.9774,172.0921,0.8279,0.0000,0.034849,"0.034977;0.034742;0.034849;0.034895;0.034776",10.095307,99055.93,,4.45,0,3452,10,True,nid006068,57240767
SparseHNSW_a0.8_b6_s0x0,"M=32 efC=200 ef=50 alpha=0.8 beta=6 q=u8",64,0.9360370800,0.9774,172.0921,0.8279,0.0000,0.034773,"0.034794;0.034773;0.034638;0.034916;0.034750",10.073291,99272.42,,4.45,0,3452,10,True,nid006068,57240767
SparseHNSW_a0.8_b6_s0x0,"M=32 efC=200 ef=100 alpha=0.8 beta=6 q=u8",64,0.9555619930,0.9870,172.0921,0.8279,0.0000,0.053025,"0.053189;0.053024;0.053025;0.053135;0.053020",15.360660,65101.37,,4.45,0,3452,10,True,nid006068,57240767
SparseHNSW_a0.8_b6_s0x0,"M=32 efC=200 ef=200 alpha=0.8 beta=6 q=u8",64,0.9756373117,0.9968,172.0921,0.8279,0.0000,0.096640,"0.096542;0.096555;0.096933;0.096640;0.096644",27.995365,35720.20,,4.45,0,3452,10,True,nid006068,57240767
SparseHNSW_a0.8_b6_s0x0,"M=32 efC=200 ef=400 alpha=0.8 beta=6 q=u8",64,0.9848783314,1.0000,172.0921,0.8279,0.0000,0.178061,"0.178060;0.178647;0.178229;0.177682;0.178061",51.581981,19386.61,,4.45,0,3452,10,True,nid006068,57240767
SparseHNSW_a0.8_b6_s0x0,"M=32 efC=200 ef=800 alpha=0.8 beta=6 q=u8",64,0.9888760139,1.0000,172.0921,0.8279,0.0000,0.333878,"0.332412;0.334222;0.333878;0.334642;0.333179",96.720162,10339.11,,4.45,0,3452,10,True,nid006068,57240767
SparseHNSW_a0.8_b6_s0x0,"M=32 efC=200 ef=1600 alpha=0.8 beta=6 q=u8",64,0.9915121669,1.0000,172.0921,0.8279,0.0000,0.635716,"0.635716;0.635343;0.636803;0.634509;0.635764",184.158749,5430.10,,4.45,0,3452,10,True,nid006068,57240767
SparseHNSW_a0.8_b6_s0x0,"M=32 efC=200 ef=3200 alpha=0.8 beta=6 q=u8",64,0.9935399768,1.0000,172.0921,0.8279,0.0000,1.184324,"1.184742;1.184324;1.186710;1.184162;1.183962",343.083430,2914.74,,4.45,0,3452,10,True,nid006068,57240767
SparseHNSW_a0.8_b7_s0x0,"M=32 efC=200 ef=10 alpha=0.8 beta=7 q=u8",64,0.9446697567,0.9817,172.0921,0.8279,0.0000,0.040280,"0.040983;0.040576;0.040280;0.039948;0.039880",11.668598,85700.10,,4.45,0,3452,10,True,nid006068,57240767
SparseHNSW_a0.8_b7_s0x0,"M=32 efC=200 ef=20 alpha=0.8 beta=7 q=u8",64,0.9446697567,0.9817,172.0921,0.8279,0.0000,0.039746,"0.039885;0.039779;0.039693;0.039724;0.039746",11.513905,86851.51,,4.45,0,3452,10,True,nid006068,57240767
SparseHNSW_a0.8_b7_s0x0,"M=32 efC=200 ef=50 alpha=0.8 beta=7 q=u8",64,0.9446697567,0.9817,172.0921,0.8279,0.0000,0.039710,"0.039792;0.039840;0.039672;0.039710;0.039660",11.503476,86930.24,,4.45,0,3452,10,True,nid006068,57240767
SparseHNSW_a0.8_b7_s0x0,"M=32 efC=200 ef=100 alpha=0.8 beta=7 q=u8",64,0.9558227115,0.9870,172.0921,0.8279,0.0000,0.053405,"0.053395;0.053590;0.053387;0.053454;0.053405",15.470742,64638.14,,4.45,0,3452,10,True,nid006068,57240767
SparseHNSW_a0.8_b7_s0x0,"M=32 efC=200 ef=200 alpha=0.8 beta=7 q=u8",64,0.9758980301,0.9968,172.0921,0.8279,0.0000,0.097148,"0.096691;0.097224;0.096864;0.097148;0.097457",28.142526,35533.41,,4.45,0,3452,10,True,nid006068,57240767
SparseHNSW_a0.8_b7_s0x0,"M=32 efC=200 ef=400 alpha=0.8 beta=7 q=u8",64,0.9851680185,1.0000,172.0921,0.8279,0.0000,0.178179,"0.178179;0.178356;0.178723;0.177776;0.178061",51.616165,19373.78,,4.45,0,3452,10,True,nid006068,57240767
SparseHNSW_a0.8_b7_s0x0,"M=32 efC=200 ef=800 alpha=0.8 beta=7 q=u8",64,0.9891946698,1.0000,172.0921,0.8279,0.0000,0.333834,"0.333350;0.334164;0.333834;0.333557;0.334736",96.707416,10340.47,,4.45,0,3452,10,True,nid006068,57240767
SparseHNSW_a0.8_b7_s0x0,"M=32 efC=200 ef=1600 alpha=0.8 beta=7 q=u8",64,0.9918308227,1.0000,172.0921,0.8279,0.0000,0.636316,"0.636316;0.636338;0.636848;0.636019;0.635563",184.332561,5424.98,,4.45,0,3452,10,True,nid006068,57240767
SparseHNSW_a0.8_b7_s0x0,"M=32 efC=200 ef=3200 alpha=0.8 beta=7 q=u8",64,0.9939455388,1.0000,172.0921,0.8279,0.0000,1.185043,"1.185575;1.184154;1.184699;1.185312;1.185043",343.291715,2912.97,,4.45,0,3452,10,True,nid006068,57240767
SparseHNSW_a0.8_b8_s0x0,"M=32 efC=200 ef=10 alpha=0.8 beta=8 q=u8",64,0.9501738123,0.9852,172.0921,0.8279,0.0000,0.045095,"0.045960;0.045211;0.045095;0.044730;0.044787",13.063441,76549.51,,4.45,0,3452,10,True,nid006068,57240767
SparseHNSW_a0.8_b8_s0x0,"M=32 efC=200 ef=20 alpha=0.8 beta=8 q=u8",64,0.9501738123,0.9852,172.0921,0.8279,0.0000,0.044718,"0.044718;0.044797;0.044716;0.044548;0.044773",12.954229,77194.87,,4.45,0,3452,10,True,nid006068,57240767
SparseHNSW_a0.8_b8_s0x0,"M=32 efC=200 ef=50 alpha=0.8 beta=8 q=u8",64,0.9501738123,0.9852,172.0921,0.8279,0.0000,0.044618,"0.044684;0.044618;0.044570;0.044618;0.044476",12.925261,77367.88,,4.45,0,3452,10,True,nid006068,57240767
SparseHNSW_a0.8_b8_s0x0,"M=32 efC=200 ef=100 alpha=0.8 beta=8 q=u8",64,0.9560254925,0.9870,172.0921,0.8279,0.0000,0.053608,"0.053574;0.053708;0.053793;0.053608;0.053525",15.529548,64393.37,,4.45,0,3452,10,True,nid006068,57240767
SparseHNSW_a0.8_b8_s0x0,"M=32 efC=200 ef=200 alpha=0.8 beta=8 q=u8",64,0.9761297798,0.9968,172.0921,0.8279,0.0000,0.097633,"0.097369;0.097404;0.097891;0.097633;0.097776",28.283024,35356.90,,4.45,0,3452,10,True,nid006068,57240767
SparseHNSW_a0.8_b8_s0x0,"M=32 efC=200 ef=400 alpha=0.8 beta=8 q=u8",64,0.9853128621,1.0000,172.0921,0.8279,0.0000,0.178806,"0.179188;0.178588;0.179124;0.178806;0.178137",51.797798,19305.84,,4.45,0,3452,10,True,nid006068,57240767
SparseHNSW_a0.8_b8_s0x0,"M=32 efC=200 ef=800 alpha=0.8 beta=8 q=u8",64,0.9893395133,1.0000,172.0921,0.8279,0.0000,0.334768,"0.334768;0.334182;0.334768;0.335357;0.333740",96.977984,10311.62,,4.45,0,3452,10,True,nid006068,57240767
SparseHNSW_a0.8_b8_s0x0,"M=32 efC=200 ef=1600 alpha=0.8 beta=8 q=u8",64,0.9920046350,1.0000,172.0921,0.8279,0.0000,0.636482,"0.637129;0.636360;0.636482;0.636616;0.636097",184.380649,5423.56,,4.45,0,3452,10,True,nid006068,57240767
SparseHNSW_a0.8_b8_s0x0,"M=32 efC=200 ef=3200 alpha=0.8 beta=8 q=u8",64,0.9941193511,1.0000,172.0921,0.8279,0.0000,1.185898,"1.185898;1.186692;1.185844;1.186118;1.185150",343.539397,2910.87,,4.45,0,3452,10,True,nid006068,57240767
SparseHNSW_a0.8_b1_s8x4,"M=32 efC=200 ef=10 alpha=0.8 beta=1 q=u8 seedT=8 seedH=8 seedS=4",64,0.8264194670,0.6595,172.0921,0.8279,0.0000,0.018116,"0.019139;0.018415;0.018116;0.017983;0.017950",5.247972,190549.79,,4.45,0,3452,10,True,nid006068,57240767
SparseHNSW_a0.8_b1_s8x4,"M=32 efC=200 ef=20 alpha=0.8 beta=1 q=u8 seedT=8 seedH=8 seedS=4",64,0.8264194670,0.6595,172.0921,0.8279,0.0000,0.017755,"0.017789;0.017800;0.017755;0.017715;0.017650",5.143395,194424.11,,4.45,0,3452,10,True,nid006068,57240767
SparseHNSW_a0.8_b1_s8x4,"M=32 efC=200 ef=50 alpha=0.8 beta=1 q=u8 seedT=8 seedH=8 seedS=4",64,0.8415701043,0.6776,172.0921,0.8279,0.0000,0.026049,"0.026161;0.026140;0.026049;0.025927;0.025927",7.546060,132519.48,,4.45,0,3452,10,True,nid006068,57240767
SparseHNSW_a0.8_b1_s8x4,"M=32 efC=200 ef=100 alpha=0.8 beta=1 q=u8 seedT=8 seedH=8 seedS=4",64,0.8568076477,0.6916,172.0921,0.8279,0.0000,0.049186,"0.049213;0.049135;0.049018;0.049186;0.049423",14.248552,70182.57,,4.45,0,3452,10,True,nid006068,57240767
SparseHNSW_a0.8_b1_s8x4,"M=32 efC=200 ef=200 alpha=0.8 beta=1 q=u8 seedT=8 seedH=8 seedS=4",64,0.8646581692,0.7003,172.0921,0.8279,0.0000,0.092820,"0.092599;0.092943;0.092797;0.092820;0.093203",26.888760,37190.26,,4.45,0,3452,10,True,nid006068,57240767
SparseHNSW_a0.8_b1_s8x4,"M=32 efC=200 ef=400 alpha=0.8 beta=1 q=u8 seedT=8 seedH=8 seedS=4",64,0.8696407879,0.7095,172.0921,0.8279,0.0000,0.175113,"0.175501;0.174684;0.175199;0.175113;0.175021",50.727984,19712.99,,4.45,0,3452,10,True,nid006068,57240767
SparseHNSW_a0.8_b1_s8x4,"M=32 efC=200 ef=800 alpha=0.8 beta=1 q=u8 seedT=8 seedH=8 seedS=4",64,0.8714658169,0.7122,172.0921,0.8279,0.0000,0.331582,"0.331209;0.331582;0.332125;0.331608;0.330845",96.055041,10410.70,,4.45,0,3452,10,True,nid006068,57240767
SparseHNSW_a0.8_b1_s8x4,"M=32 efC=200 ef=1600 alpha=0.8 beta=1 q=u8 seedT=8 seedH=8 seedS=4",64,0.8728273465,0.7154,172.0921,0.8279,0.0000,0.634711,"0.635127;0.633995;0.634286;0.634949;0.634711",183.867613,5438.70,,4.45,0,3452,10,True,nid006068,57240767
SparseHNSW_a0.8_b1_s8x4,"M=32 efC=200 ef=3200 alpha=0.8 beta=1 q=u8 seedT=8 seedH=8 seedS=4",64,0.8737543453,0.7178,172.0921,0.8279,0.0000,1.183325,"1.183325;1.183135;1.183451;1.184173;1.183114",342.794032,2917.20,,4.45,0,3452,10,True,nid006068,57240767
SparseHNSW_a0.8_b2_s8x4,"M=32 efC=200 ef=10 alpha=0.8 beta=2 q=u8 seedT=8 seedH=8 seedS=4",64,0.9137022016,0.9806,172.0921,0.8279,0.0000,0.018843,"0.019645;0.019038;0.018843;0.018697;0.018680",5.458575,183198.00,,4.45,0,3452,10,True,nid006068,57240767
SparseHNSW_a0.8_b2_s8x4,"M=32 efC=200 ef=20 alpha=0.8 beta=2 q=u8 seedT=8 seedH=8 seedS=4",64,0.9137022016,0.9806,172.0921,0.8279,0.0000,0.018459,"0.018566;0.018530;0.018456;0.018459;0.018408",5.347335,187009.05,,4.45,0,3452,10,True,nid006068,57240767
SparseHNSW_a0.8_b2_s8x4,"M=32 efC=200 ef=50 alpha=0.8 beta=2 q=u8 seedT=8 seedH=8 seedS=4",64,0.9340672074,0.9884,172.0921,0.8279,0.0000,0.026712,"0.026960;0.026820;0.026712;0.026672;0.026603",7.738123,129230.31,,4.45,0,3452,10,True,nid006068,57240767
SparseHNSW_a0.8_b2_s8x4,"M=32 efC=200 ef=100 alpha=0.8 beta=2 q=u8 seedT=8 seedH=8 seedS=4",64,0.9545480881,0.9962,172.0921,0.8279,0.0000,0.049804,"0.049975;0.049776;0.049804;0.049870;0.049734",14.427578,69311.70,,4.45,0,3452,10,True,nid006068,57240767
SparseHNSW_a0.8_b2_s8x4,"M=32 efC=200 ef=200 alpha=0.8 beta=2 q=u8 seedT=8 seedH=8 seedS=4",64,0.9651506373,0.9988,172.0921,0.8279,0.0000,0.093448,"0.093654;0.093448;0.093654;0.093185;0.093336",27.070684,36940.33,,4.45,0,3452,10,True,nid006068,57240767
SparseHNSW_a0.8_b2_s8x4,"M=32 efC=200 ef=400 alpha=0.8 beta=2 q=u8 seedT=8 seedH=8 seedS=4",64,0.9718424102,1.0000,172.0921,0.8279,0.0000,0.175773,"0.175862;0.175773;0.175351;0.175948;0.175190",50.919177,19638.97,,4.45,0,3452,10,True,nid006068,57240767
SparseHNSW_a0.8_b2_s8x4,"M=32 efC=200 ef=800 alpha=0.8 beta=2 q=u8 seedT=8 seedH=8 seedS=4",64,0.9752896871,1.0000,172.0921,0.8279,0.0000,0.332481,"0.333160;0.332065;0.332481;0.331991;0.332488",96.315469,10382.55,,4.45,0,3452,10,True,nid006068,57240767
SparseHNSW_a0.8_b2_s8x4,"M=32 efC=200 ef=1600 alpha=0.8 beta=2 q=u8 seedT=8 seedH=8 seedS=4",64,0.9773754345,1.0000,172.0921,0.8279,0.0000,0.634449,"0.634449;0.634486;0.634595;0.633680;0.633713",183.791715,5440.94,,4.45,0,3452,10,True,nid006068,57240767
SparseHNSW_a0.8_b2_s8x4,"M=32 efC=200 ef=3200 alpha=0.8 beta=2 q=u8 seedT=8 seedH=8 seedS=4",64,0.9790556199,1.0000,172.0921,0.8279,0.0000,1.184429,"1.182583;1.186325;1.184429;1.184269;1.185398",343.113847,2914.48,,4.45,0,3452,10,True,nid006068,57240767
SparseHNSW_a0.8_b3_s8x4,"M=32 efC=200 ef=10 alpha=0.8 beta=3 q=u8 seedT=8 seedH=8 seedS=4",64,0.9207995365,0.9806,172.0921,0.8279,0.0000,0.019314,"0.020209;0.019475;0.019314;0.019065;0.018944",5.595017,178730.45,,4.45,0,3452,10,True,nid006068,57240767
SparseHNSW_a0.8_b3_s8x4,"M=32 efC=200 ef=20 alpha=0.8 beta=3 q=u8 seedT=8 seedH=8 seedS=4",64,0.9207995365,0.9806,172.0921,0.8279,0.0000,0.018783,"0.018883;0.018840;0.018783;0.018767;0.018739",5.441194,183783.21,,4.45,0,3452,10,True,nid006068,57240767
SparseHNSW_a0.8_b3_s8x4,"M=32 efC=200 ef=50 alpha=0.8 beta=3 q=u8 seedT=8 seedH=8 seedS=4",64,0.9422943221,0.9884,172.0921,0.8279,0.0000,0.027121,"0.027281;0.027206;0.027121;0.027013;0.027038",7.856605,127281.44,,4.45,0,3452,10,True,nid006068,57240767
SparseHNSW_a0.8_b3_s8x4,"M=32 efC=200 ef=100 alpha=0.8 beta=3 q=u8 seedT=8 seedH=8 seedS=4",64,0.9637601390,0.9962,172.0921,0.8279,0.0000,0.050002,"0.050320;0.049999;0.050002;0.049852;0.050037",14.484936,69037.24,,4.45,0,3452,10,True,nid006068,57240767
SparseHNSW_a0.8_b3_s8x4,"M=32 efC=200 ef=200 alpha=0.8 beta=3 q=u8 seedT=8 seedH=8 seedS=4",64,0.9751738123,0.9988,172.0921,0.8279,0.0000,0.093822,"0.093823;0.093790;0.093796;0.093822;0.093930",27.179027,36793.08,,4.45,0,3452,10,True,nid006068,57240767
SparseHNSW_a0.8_b3_s8x4,"M=32 efC=200 ef=400 alpha=0.8 beta=3 q=u8 seedT=8 seedH=8 seedS=4",64,0.9822711472,1.0000,172.0921,0.8279,0.0000,0.176099,"0.176099;0.176285;0.175938;0.176411;0.175828",51.013615,19602.61,,4.45,0,3452,10,True,nid006068,57240767
SparseHNSW_a0.8_b3_s8x4,"M=32 efC=200 ef=800 alpha=0.8 beta=3 q=u8 seedT=8 seedH=8 seedS=4",64,0.9858342990,1.0000,172.0921,0.8279,0.0000,0.331991,"0.332677;0.331625;0.331991;0.332229;0.331572",96.173523,10397.87,,4.45,0,3452,10,True,nid006068,57240767
SparseHNSW_a0.8_b3_s8x4,"M=32 efC=200 ef=1600 alpha=0.8 beta=3 q=u8 seedT=8 seedH=8 seedS=4",64,0.9881517961,1.0000,172.0921,0.8279,0.0000,0.634927,"0.634927;0.632409;0.636444;0.634641;0.634948",183.930185,5436.85,,4.45,0,3452,10,True,nid006068,57240767
SparseHNSW_a0.8_b3_s8x4,"M=32 efC=200 ef=3200 alpha=0.8 beta=3 q=u8 seedT=8 seedH=8 seedS=4",64,0.9899768250,1.0000,172.0921,0.8279,0.0000,1.184133,"1.184354;1.184133;1.186614;1.183613;1.183781",343.028100,2915.21,,4.45,0,3452,10,True,nid006068,57240767
SparseHNSW_a0.8_b4_s8x4,"M=32 efC=200 ef=10 alpha=0.8 beta=4 q=u8 seedT=8 seedH=8 seedS=4",64,0.9340092700,0.9849,172.0921,0.8279,0.0000,0.023076,"0.024146;0.023377;0.023076;0.022970;0.022889",6.684820,149592.65,,4.45,0,3452,10,True,nid006068,57240767
SparseHNSW_a0.8_b4_s8x4,"M=32 efC=200 ef=20 alpha=0.8 beta=4 q=u8 seedT=8 seedH=8 seedS=4",64,0.9340092700,0.9849,172.0921,0.8279,0.0000,0.022674,"0.022790;0.022674;0.022653;0.022660;0.022737",6.568366,152244.86,,4.45,0,3452,10,True,nid006068,57240767
SparseHNSW_a0.8_b4_s8x4,"M=32 efC=200 ef=50 alpha=0.8 beta=4 q=u8 seedT=8 seedH=8 seedS=4",64,0.9439745075,0.9884,172.0921,0.8279,0.0000,0.027326,"0.027326;0.027329;0.027303;0.027226;0.027362",7.915991,126326.58,,4.45,0,3452,10,True,nid006068,57240767
SparseHNSW_a0.8_b4_s8x4,"M=32 efC=200 ef=100 alpha=0.8 beta=4 q=u8 seedT=8 seedH=8 seedS=4",64,0.9656431054,0.9962,172.0921,0.8279,0.0000,0.050411,"0.050592;0.050458;0.050411;0.050366;0.050304",14.603418,68477.12,,4.45,0,3452,10,True,nid006068,57240767
SparseHNSW_a0.8_b4_s8x4,"M=32 efC=200 ef=200 alpha=0.8 beta=4 q=u8 seedT=8 seedH=8 seedS=4",64,0.9771436848,0.9988,172.0921,0.8279,0.0000,0.094109,"0.094518;0.093980;0.094109;0.094262;0.094015",27.262167,36680.87,,4.45,0,3452,10,True,nid006068,57240767
SparseHNSW_a0.8_b4_s8x4,"M=32 efC=200 ef=400 alpha=0.8 beta=4 q=u8 seedT=8 seedH=8 seedS=4",64,0.9845017381,1.0000,172.0921,0.8279,0.0000,0.176293,"0.176265;0.176600;0.176416;0.176255;0.176293",51.069815,19581.04,,4.45,0,3452,10,True,nid006068,57240767
SparseHNSW_a0.8_b4_s8x4,"M=32 efC=200 ef=800 alpha=0.8 beta=4 q=u8 seedT=8 seedH=8 seedS=4",64,0.9881228273,1.0000,172.0921,0.8279,0.0000,0.332619,"0.332303;0.332726;0.332187;0.332619;0.332801",96.355446,10378.24,,4.45,0,3452,10,True,nid006068,57240767
SparseHNSW_a0.8_b4_s8x4,"M=32 efC=200 ef=1600 alpha=0.8 beta=4 q=u8 seedT=8 seedH=8 seedS=4",64,0.9905272306,1.0000,172.0921,0.8279,0.0000,0.635509,"0.634968;0.635509;0.636143;0.636226;0.635198",184.098783,5431.87,,4.45,0,3452,10,True,nid006068,57240767
SparseHNSW_a0.8_b4_s8x4,"M=32 efC=200 ef=3200 alpha=0.8 beta=4 q=u8 seedT=8 seedH=8 seedS=4",64,0.9923812283,1.0000,172.0921,0.8279,0.0000,1.184980,"1.184980;1.183736;1.185128;1.186317;1.184668",343.273465,2913.13,,4.45,0,3452,10,True,nid006068,57240767
SparseHNSW_a0.8_b5_s8x4,"M=32 efC=200 ef=10 alpha=0.8 beta=5 q=u8 seedT=8 seedH=8 seedS=4",64,0.9445538818,0.9884,172.0921,0.8279,0.0000,0.028086,"0.028973;0.028304;0.028086;0.027951;0.027986",8.136153,122908.21,,4.45,0,3452,10,True,nid006068,57240767
SparseHNSW_a0.8_b5_s8x4,"M=32 efC=200 ef=20 alpha=0.8 beta=5 q=u8 seedT=8 seedH=8 seedS=4",64,0.9445538818,0.9884,172.0921,0.8279,0.0000,0.027770,"0.027770;0.027795;0.027731;0.027681;0.027784",8.044612,124306.81,,4.45,0,3452,10,True,nid006068,57240767
SparseHNSW_a0.8_b5_s8x4,"M=32 efC=200 ef=50 alpha=0.8 beta=5 q=u8 seedT=8 seedH=8 seedS=4",64,0.9445538818,0.9884,172.0921,0.8279,0.0000,0.027528,"0.027547;0.027464;0.027411;0.027528;0.027541",7.974508,125399.59,,4.45,0,3452,10,True,nid006068,57240767
SparseHNSW_a0.8_b5_s8x4,"M=32 efC=200 ef=100 alpha=0.8 beta=5 q=u8 seedT=8 seedH=8 seedS=4",64,0.9664542294,0.9962,172.0921,0.8279,0.0000,0.050811,"0.051057;0.050811;0.050877;0.050754;0.050653",14.719293,67938.04,,4.45,0,3452,10,True,nid006068,57240767
SparseHNSW_a0.8_b5_s8x4,"M=32 efC=200 ef=200 alpha=0.8 beta=5 q=u8 seedT=8 seedH=8 seedS=4",64,0.9781286211,0.9988,172.0921,0.8279,0.0000,0.094559,"0.094595;0.094701;0.094525;0.094419;0.094559",27.392526,36506.31,,4.45,0,3452,10,True,nid006068,57240767
SparseHNSW_a0.8_b5_s8x4,"M=32 efC=200 ef=400 alpha=0.8 beta=5 q=u8 seedT=8 seedH=8 seedS=4",64,0.9854866744,1.0000,172.0921,0.8279,0.0000,0.176171,"0.175761;0.175882;0.176697;0.176171;0.177011",51.034473,19594.60,,4.45,0,3452,10,True,nid006068,57240767
SparseHNSW_a0.8_b5_s8x4,"M=32 efC=200 ef=800 alpha=0.8 beta=5 q=u8 seedT=8 seedH=8 seedS=4",64,0.9891077636,1.0000,172.0921,0.8279,0.0000,0.332408,"0.333804;0.333403;0.332063;0.332336;0.332408",96.294322,10384.83,,4.45,0,3452,10,True,nid006068,57240767
SparseHNSW_a0.8_b5_s8x4,"M=32 efC=200 ef=1600 alpha=0.8 beta=5 q=u8 seedT=8 seedH=8 seedS=4",64,0.9914252607,1.0000,172.0921,0.8279,0.0000,0.634568,"0.635474;0.635225;0.634538;0.634568;0.634199",183.826188,5439.92,,4.45,0,3452,10,True,nid006068,57240767
SparseHNSW_a0.8_b5_s8x4,"M=32 efC=200 ef=3200 alpha=0.8 beta=5 q=u8 seedT=8 seedH=8 seedS=4",64,0.9933082271,1.0000,172.0921,0.8279,0.0000,1.184655,"1.184555;1.186098;1.186034;1.184016;1.184655",343.179316,2913.93,,4.45,0,3452,10,True,nid006068,57240767
SparseHNSW_a0.8_b6_s8x4,"M=32 efC=200 ef=10 alpha=0.8 beta=6 q=u8 seedT=8 seedH=8 seedS=4",64,0.9528679027,0.9930,172.0921,0.8279,0.0000,0.033178,"0.034281;0.033605;0.033178;0.032967;0.032918",9.611240,104044.85,,4.45,0,3452,10,True,nid006068,57240767
SparseHNSW_a0.8_b6_s8x4,"M=32 efC=200 ef=20 alpha=0.8 beta=6 q=u8 seedT=8 seedH=8 seedS=4",64,0.9528679027,0.9930,172.0921,0.8279,0.0000,0.032768,"0.032768;0.033031;0.032638;0.032776;0.032743",9.492468,105346.68,,4.45,0,3452,10,True,nid006068,57240767
SparseHNSW_a0.8_b6_s8x4,"M=32 efC=200 ef=50 alpha=0.8 beta=6 q=u8 seedT=8 seedH=8 seedS=4",64,0.9528679027,0.9930,172.0921,0.8279,0.0000,0.032623,"0.032637;0.032503;0.032612;0.032623;0.032678",9.450463,105814.92,,4.45,0,3452,10,True,nid006068,57240767
SparseHNSW_a0.8_b6_s8x4,"M=32 efC=200 ef=100 alpha=0.8 beta=6 q=u8 seedT=8 seedH=8 seedS=4",64,0.9667728853,0.9962,172.0921,0.8279,0.0000,0.051036,"0.051049;0.050905;0.051183;0.050896;0.051036",14.784473,67638.53,,4.45,0,3452,10,True,nid006068,57240767
SparseHNSW_a0.8_b6_s8x4,"M=32 efC=200 ef=200 alpha=0.8 beta=6 q=u8 seedT=8 seedH=8 seedS=4",64,0.9785631518,0.9988,172.0921,0.8279,0.0000,0.094682,"0.094682;0.094637;0.094639;0.094867;0.094759",27.428158,36458.88,,4.45,0,3452,10,True,nid006068,57240767
SparseHNSW_a0.8_b6_s8x4,"M=32 efC=200 ef=400 alpha=0.8 beta=6 q=u8 seedT=8 seedH=8 seedS=4",64,0.9859501738,1.0000,172.0921,0.8279,0.0000,0.176745,"0.177801;0.176241;0.176188;0.176745;0.176748",51.200753,19530.96,,4.45,0,3452,10,True,nid006068,57240767
SparseHNSW_a0.8_b6_s8x4,"M=32 efC=200 ef=800 alpha=0.8 beta=6 q=u8 seedT=8 seedH=8 seedS=4",64,0.9896002317,1.0000,172.0921,0.8279,0.0000,0.332820,"0.333033;0.333457;0.332718;0.332820;0.332188",96.413673,10371.97,,4.45,0,3452,10,True,nid006068,57240767
SparseHNSW_a0.8_b6_s8x4,"M=32 efC=200 ef=1600 alpha=0.8 beta=6 q=u8 seedT=8 seedH=8 seedS=4",64,0.9920046350,1.0000,172.0921,0.8279,0.0000,0.634901,"0.634901;0.634510;0.635268;0.634788;0.634932",183.922654,5437.07,,4.45,0,3452,10,True,nid006068,57240767
SparseHNSW_a0.8_b6_s8x4,"M=32 efC=200 ef=3200 alpha=0.8 beta=6 q=u8 seedT=8 seedH=8 seedS=4",64,0.9938296640,1.0000,172.0921,0.8279,0.0000,1.186865,"1.186690;1.186339;1.187605;1.188033;1.186865",343.819525,2908.50,,4.45,0,3452,10,True,nid006068,57240767
SparseHNSW_a0.8_b7_s8x4,"M=32 efC=200 ef=10 alpha=0.8 beta=7 q=u8 seedT=8 seedH=8 seedS=4",64,0.9580822711,0.9942,172.0921,0.8279,0.0000,0.037996,"0.038824;0.038418;0.037935;0.037996;0.037927",11.006952,90851.67,,4.45,0,3452,10,True,nid006068,57240767
SparseHNSW_a0.8_b7_s8x4,"M=32 efC=200 ef=20 alpha=0.8 beta=7 q=u8 seedT=8 seedH=8 seedS=4",64,0.9580822711,0.9942,172.0921,0.8279,0.0000,0.037642,"0.037680;0.037642;0.037546;0.037836;0.037621",10.904403,91706.07,,4.45,0,3452,10,True,nid006068,57240767
SparseHNSW_a0.8_b7_s8x4,"M=32 efC=200 ef=50 alpha=0.8 beta=7 q=u8 seedT=8 seedH=8 seedS=4",64,0.9580822711,0.9942,172.0921,0.8279,0.0000,0.037701,"0.037712;0.037724;0.037701;0.037521;0.037560",10.921495,91562.56,,4.45,0,3452,10,True,nid006068,57240767
SparseHNSW_a0.8_b7_s8x4,"M=32 efC=200 ef=100 alpha=0.8 beta=7 q=u8 seedT=8 seedH=8 seedS=4",64,0.9670336037,0.9962,172.0921,0.8279,0.0000,0.051239,"0.051174;0.051239;0.051414;0.051120;0.051420",14.843279,67370.56,,4.45,0,3452,10,True,nid006068,57240767
SparseHNSW_a0.8_b7_s8x4,"M=32 efC=200 ef=200 alpha=0.8 beta=7 q=u8 seedT=8 seedH=8 seedS=4",64,0.9788238702,0.9988,172.0921,0.8279,0.0000,0.095039,"0.095039;0.094813;0.095143;0.095203;0.094853",27.531576,36321.93,,4.45,0,3452,10,True,nid006068,57240767
SparseHNSW_a0.8_b7_s8x4,"M=32 efC=200 ef=400 alpha=0.8 beta=7 q=u8 seedT=8 seedH=8 seedS=4",64,0.9862398610,1.0000,172.0921,0.8279,0.0000,0.176578,"0.176403;0.176220;0.177324;0.177124;0.176578",51.152375,19549.43,,4.45,0,3452,10,True,nid006068,57240767
SparseHNSW_a0.8_b7_s8x4,"M=32 efC=200 ef=800 alpha=0.8 beta=7 q=u8 seedT=8 seedH=8 seedS=4",64,0.9899188876,1.0000,172.0921,0.8279,0.0000,0.333131,"0.333261;0.332942;0.333629;0.332129;0.333131",96.503766,10362.29,,4.45,0,3452,10,True,nid006068,57240767
SparseHNSW_a0.8_b7_s8x4,"M=32 efC=200 ef=1600 alpha=0.8 beta=7 q=u8 seedT=8 seedH=8 seedS=4",64,0.9923232908,1.0000,172.0921,0.8279,0.0000,0.635457,"0.635194;0.635488;0.635457;0.636612;0.634382",184.083720,5432.31,,4.45,0,3452,10,True,nid006068,57240767
SparseHNSW_a0.8_b7_s8x4,"M=32 efC=200 ef=3200 alpha=0.8 beta=7 q=u8 seedT=8 seedH=8 seedS=4",64,0.9942352260,1.0000,172.0921,0.8279,0.0000,1.186017,"1.185101;1.186017;1.186588;1.184980;1.187913",343.573870,2910.58,,4.45,0,3452,10,True,nid006068,57240767
SparseHNSW_a0.8_b8_s8x4,"M=32 efC=200 ef=10 alpha=0.8 beta=8 q=u8 seedT=8 seedH=8 seedS=4",64,0.9622827346,0.9957,172.0921,0.8279,0.0000,0.042861,"0.043283;0.043079;0.042861;0.042731;0.042678",12.416280,80539.42,,4.45,0,3452,10,True,nid006068,57240767
SparseHNSW_a0.8_b8_s8x4,"M=32 efC=200 ef=20 alpha=0.8 beta=8 q=u8 seedT=8 seedH=8 seedS=4",64,0.9622827346,0.9957,172.0921,0.8279,0.0000,0.042475,"0.042511;0.042725;0.042296;0.042475;0.042336",12.304461,81271.34,,4.45,0,3452,10,True,nid006068,57240767
SparseHNSW_a0.8_b8_s8x4,"M=32 efC=200 ef=50 alpha=0.8 beta=8 q=u8 seedT=8 seedH=8 seedS=4",64,0.9622827346,0.9957,172.0921,0.8279,0.0000,0.042390,"0.042390;0.042373;0.042490;0.042413;0.042214",12.279838,81434.30,,4.45,0,3452,10,True,nid006068,57240767
SparseHNSW_a0.8_b8_s8x4,"M=32 efC=200 ef=100 alpha=0.8 beta=8 q=u8 seedT=8 seedH=8 seedS=4",64,0.9672363847,0.9962,172.0921,0.8279,0.0000,0.051512,"0.051490;0.051512;0.051524;0.051512;0.051451",14.922364,67013.51,,4.45,0,3452,10,True,nid006068,57240767
SparseHNSW_a0.8_b8_s8x4,"M=32 efC=200 ef=200 alpha=0.8 beta=8 q=u8 seedT=8 seedH=8 seedS=4",64,0.9790266512,0.9988,172.0921,0.8279,0.0000,0.095405,"0.094984;0.095623;0.095412;0.094953;0.095405",27.637601,36182.59,,4.45,0,3452,10,True,nid006068,57240767
SparseHNSW_a0.8_b8_s8x4,"M=32 efC=200 ef=400 alpha=0.8 beta=8 q=u8 seedT=8 seedH=8 seedS=4",64,0.9863847045,1.0000,172.0921,0.8279,0.0000,0.176924,"0.177353;0.176466;0.176273;0.176924;0.177143",51.252607,19511.20,,4.45,0,3452,10,True,nid006068,57240767
SparseHNSW_a0.8_b8_s8x4,"M=32 efC=200 ef=800 alpha=0.8 beta=8 q=u8 seedT=8 seedH=8 seedS=4",64,0.9900637312,1.0000,172.0921,0.8279,0.0000,0.332885,"0.332885;0.332620;0.333038;0.332799;0.333924",96.432503,10369.95,,4.45,0,3452,10,True,nid006068,57240767
SparseHNSW_a0.8_b8_s8x4,"M=32 efC=200 ef=1600 alpha=0.8 beta=8 q=u8 seedT=8 seedH=8 seedS=4",64,0.9924971031,1.0000,172.0921,0.8279,0.0000,0.636671,"0.637989;0.638367;0.636671;0.636635;0.636060",184.435400,5421.95,,4.45,0,3452,10,True,nid006068,57240767
SparseHNSW_a0.8_b8_s8x4,"M=32 efC=200 ef=3200 alpha=0.8 beta=8 q=u8 seedT=8 seedH=8 seedS=4",64,0.9944090382,1.0000,172.0921,0.8279,0.0000,1.185072,"1.184837;1.184464;1.185677;1.185568;1.185072",343.300116,2912.90,,4.45,0,3452,10,True,nid006068,57240767
SparseHNSW_a0.85_b1_s0x0,"M=32 efC=200 ef=10 alpha=0.85 beta=1 q=u8",64,0.6966396292,0.5151,192.8946,0.8364,0.0000,0.008825,"0.010134;0.009599;0.008825;0.008768;0.008678",2.556489,391161.47,,4.53,0,3452,10,True,nid006068,57240767
SparseHNSW_a0.85_b1_s0x0,"M=32 efC=200 ef=20 alpha=0.85 beta=1 q=u8",64,0.7849362688,0.6097,192.8946,0.8364,0.0000,0.014977,"0.015174;0.015024;0.014977;0.014905;0.014821",4.338644,230486.75,,4.53,0,3452,10,True,nid006068,57240767
SparseHNSW_a0.85_b1_s0x0,"M=32 efC=200 ef=50 alpha=0.85 beta=1 q=u8",64,0.8518250290,0.6907,192.8946,0.8364,0.0000,0.031026,"0.031756;0.031248;0.031026;0.030922;0.030976",8.987833,111261.52,,4.53,0,3452,10,True,nid006068,57240767
SparseHNSW_a0.85_b1_s0x0,"M=32 efC=200 ef=100 alpha=0.85 beta=1 q=u8",64,0.8784472769,0.7188,192.8946,0.8364,0.0000,0.055963,"0.056133;0.055963;0.056048;0.055874;0.055731",16.211761,61683.61,,4.53,0,3452,10,True,nid006068,57240767
SparseHNSW_a0.85_b1_s0x0,"M=32 efC=200 ef=200 alpha=0.85 beta=1 q=u8",64,0.8923522596,0.7329,192.8946,0.8364,0.0000,0.103291,"0.102744;0.103448;0.103318;0.102888;0.103291",29.922074,33420.14,,4.53,0,3452,10,True,nid006068,57240767
SparseHNSW_a0.85_b1_s0x0,"M=32 efC=200 ef=400 alpha=0.85 beta=1 q=u8",64,0.8994785632,0.7419,192.8946,0.8364,0.0000,0.189613,"0.189018;0.189613;0.189877;0.188294;0.189784",54.928447,18205.50,,4.53,0,3452,10,True,nid006068,57240767
SparseHNSW_a0.85_b1_s0x0,"M=32 efC=200 ef=800 alpha=0.85 beta=1 q=u8",64,0.9034183082,0.7490,192.8946,0.8364,0.0000,0.354962,"0.354962;0.355030;0.354724;0.355560;0.354892",102.827926,9724.98,,4.53,0,3452,10,True,nid006068,57240767
SparseHNSW_a0.85_b1_s0x0,"M=32 efC=200 ef=1600 alpha=0.85 beta=1 q=u8",64,0.9057358053,0.7540,192.8946,0.8364,0.0000,0.676188,"0.676485;0.676712;0.675139;0.676188;0.675358",195.882966,5105.09,,4.53,0,3452,10,True,nid006068,57240767
SparseHNSW_a0.85_b1_s0x0,"M=32 efC=200 ef=3200 alpha=0.85 beta=1 q=u8",64,0.9068076477,0.7570,192.8946,0.8364,0.0000,1.267214,"1.266282;1.267530;1.267214;1.267814;1.266268",367.095597,2724.09,,4.53,0,3452,10,True,nid006068,57240767
SparseHNSW_a0.85_b2_s0x0,"M=32 efC=200 ef=10 alpha=0.85 beta=2 q=u8",64,0.8401506373,0.9209,192.8946,0.8364,0.0000,0.015914,"0.016753;0.016184;0.015914;0.015831;0.015798",4.610081,216915.92,,4.53,0,3452,10,True,nid006068,57240767
SparseHNSW_a0.85_b2_s0x0,"M=32 efC=200 ef=20 alpha=0.85 beta=2 q=u8",64,0.8401506373,0.9209,192.8946,0.8364,0.0000,0.015602,"0.015673;0.015618;0.015602;0.015559;0.015523",4.519699,221253.69,,4.53,0,3452,10,True,nid006068,57240767
SparseHNSW_a0.85_b2_s0x0,"M=32 efC=200 ef=50 alpha=0.85 beta=2 q=u8",64,0.9202491309,0.9702,192.8946,0.8364,0.0000,0.031869,"0.032169;0.031869;0.031931;0.031539;0.031519",9.232039,108318.43,,4.53,0,3452,10,True,nid006068,57240767
SparseHNSW_a0.85_b2_s0x0,"M=32 efC=200 ef=100 alpha=0.85 beta=2 q=u8",64,0.9522885284,0.9884,192.8946,0.8364,0.0000,0.056642,"0.056747;0.056652;0.056621;0.056617;0.056642",16.408459,60944.18,,4.53,0,3452,10,True,nid006068,57240767
SparseHNSW_a0.85_b2_s0x0,"M=32 efC=200 ef=200 alpha=0.85 beta=2 q=u8",64,0.9693800695,0.9959,192.8946,0.8364,0.0000,0.103500,"0.103500;0.103503;0.103499;0.103449;0.104019",29.982619,33352.66,,4.53,0,3452,10,True,nid006068,57240767
SparseHNSW_a0.85_b2_s0x0,"M=32 efC=200 ef=400 alpha=0.85 beta=2 q=u8",64,0.9787079954,0.9991,192.8946,0.8364,0.0000,0.189435,"0.189799;0.189435;0.189540;0.188991;0.189394",54.876883,18222.61,,4.53,0,3452,10,True,nid006068,57240767
SparseHNSW_a0.85_b2_s0x0,"M=32 efC=200 ef=800 alpha=0.85 beta=2 q=u8",64,0.9842410197,1.0000,192.8946,0.8364,0.0000,0.355050,"0.355957;0.353928;0.354547;0.355050;0.355592",102.853418,9722.57,,4.53,0,3452,10,True,nid006068,57240767
SparseHNSW_a0.85_b2_s0x0,"M=32 efC=200 ef=1600 alpha=0.85 beta=2 q=u8",64,0.9872537659,1.0000,192.8946,0.8364,0.0000,0.677331,"0.677138;0.677653;0.677331;0.679214;0.676588",196.214079,5096.47,,4.53,0,3452,10,True,nid006068,57240767
SparseHNSW_a0.85_b2_s0x0,"M=32 efC=200 ef=3200 alpha=0.85 beta=2 q=u8",64,0.9890208575,1.0000,192.8946,0.8364,0.0000,1.267699,"1.267042;1.269546;1.267699;1.267190;1.268394",367.236095,2723.04,,4.53,0,3452,10,True,nid006068,57240767
SparseHNSW_a0.85_b3_s0x0,"M=32 efC=200 ef=10 alpha=0.85 beta=3 q=u8",64,0.8894553882,0.9508,192.8946,0.8364,0.0000,0.021873,"0.022876;0.022176;0.021873;0.021727;0.021561",6.336327,157820.14,,4.53,0,3452,10,True,nid006068,57240767
SparseHNSW_a0.85_b3_s0x0,"M=32 efC=200 ef=20 alpha=0.85 beta=3 q=u8",64,0.8894553882,0.9508,192.8946,0.8364,0.0000,0.021320,"0.021472;0.021433;0.021311;0.021223;0.021320",6.176130,161913.70,,4.53,0,3452,10,True,nid006068,57240767
SparseHNSW_a0.85_b3_s0x0,"M=32 efC=200 ef=50 alpha=0.85 beta=3 q=u8",64,0.9234936269,0.9702,192.8946,0.8364,0.0000,0.031941,"0.032026;0.031968;0.031941;0.031859;0.031875",9.252897,108074.26,,4.53,0,3452,10,True,nid006068,57240767
SparseHNSW_a0.85_b3_s0x0,"M=32 efC=200 ef=100 alpha=0.85 beta=3 q=u8",64,0.9558516802,0.9884,192.8946,0.8364,0.0000,0.056940,"0.057005;0.056938;0.056960;0.056827;0.056940",16.494786,60625.22,,4.53,0,3452,10,True,nid006068,57240767
SparseHNSW_a0.85_b3_s0x0,"M=32 efC=200 ef=200 alpha=0.85 beta=3 q=u8",64,0.9733198146,0.9959,192.8946,0.8364,0.0000,0.103761,"0.103883;0.103761;0.103804;0.103724;0.103568",30.058227,33268.76,,4.53,0,3452,10,True,nid006068,57240767
SparseHNSW_a0.85_b3_s0x0,"M=32 efC=200 ef=400 alpha=0.85 beta=3 q=u8",64,0.9827636153,0.9991,192.8946,0.8364,0.0000,0.190296,"0.190589;0.189739;0.190296;0.190625;0.189926",55.126304,18140.16,,4.53,0,3452,10,True,nid006068,57240767
SparseHNSW_a0.85_b3_s0x0,"M=32 efC=200 ef=800 alpha=0.85 beta=3 q=u8",64,0.9884704519,1.0000,192.8946,0.8364,0.0000,0.355590,"0.356094;0.355703;0.355039;0.355569;0.355590",103.009849,9707.81,,4.53,0,3452,10,True,nid006068,57240767
SparseHNSW_a0.85_b3_s0x0,"M=32 efC=200 ef=1600 alpha=0.85 beta=3 q=u8",64,0.9915701043,1.0000,192.8946,0.8364,0.0000,0.678045,"0.675727;0.678259;0.676011;0.678045;0.678051",196.420915,5091.11,,4.53,0,3452,10,True,nid006068,57240767
SparseHNSW_a0.85_b3_s0x0,"M=32 efC=200 ef=3200 alpha=0.85 beta=3 q=u8",64,0.9933951333,1.0000,192.8946,0.8364,0.0000,1.269164,"1.269118;1.269318;1.269164;1.270188;1.268845",367.660487,2719.90,,4.53,0,3452,10,True,nid006068,57240767
SparseHNSW_a0.85_b4_s0x0,"M=32 efC=200 ef=10 alpha=0.85 beta=4 q=u8",64,0.9090961761,0.9609,192.8946,0.8364,0.0000,0.027428,"0.028390;0.027746;0.027428;0.027306;0.027199",7.945539,125856.79,,4.53,0,3452,10,True,nid006068,57240767
SparseHNSW_a0.85_b4_s0x0,"M=32 efC=200 ef=20 alpha=0.85 beta=4 q=u8",64,0.9090961761,0.9609,192.8946,0.8364,0.0000,0.026894,"0.027067;0.026894;0.026982;0.026875;0.026812",7.790846,128355.77,,4.53,0,3452,10,True,nid006068,57240767
SparseHNSW_a0.85_b4_s0x0,"M=32 efC=200 ef=50 alpha=0.85 beta=4 q=u8",64,0.9239571263,0.9702,192.8946,0.8364,0.0000,0.032178,"0.032326;0.032241;0.032140;0.032178;0.032127",9.321553,107278.26,,4.53,0,3452,10,True,nid006068,57240767
SparseHNSW_a0.85_b4_s0x0,"M=32 efC=200 ef=100 alpha=0.85 beta=4 q=u8",64,0.9566048667,0.9884,192.8946,0.8364,0.0000,0.057224,"0.057341;0.057224;0.057120;0.057076;0.057250",16.577057,60324.34,,4.53,0,3452,10,True,nid006068,57240767
SparseHNSW_a0.85_b4_s0x0,"M=32 efC=200 ef=200 alpha=0.85 beta=4 q=u8",64,0.9741019699,0.9959,192.8946,0.8364,0.0000,0.103995,"0.104252;0.104316;0.103995;0.103961;0.103579",30.126014,33193.90,,4.53,0,3452,10,True,nid006068,57240767
SparseHNSW_a0.85_b4_s0x0,"M=32 efC=200 ef=400 alpha=0.85 beta=4 q=u8",64,0.9836037080,0.9991,192.8946,0.8364,0.0000,0.190226,"0.190651;0.190239;0.190226;0.189599;0.189437",55.106025,18146.84,,4.53,0,3452,10,True,nid006068,57240767
SparseHNSW_a0.85_b4_s0x0,"M=32 efC=200 ef=800 alpha=0.85 beta=4 q=u8",64,0.9894264195,1.0000,192.8946,0.8364,0.0000,0.355171,"0.355690;0.356443;0.355171;0.354813;0.354682",102.888470,9719.26,,4.53,0,3452,10,True,nid006068,57240767
SparseHNSW_a0.85_b4_s0x0,"M=32 efC=200 ef=1600 alpha=0.85 beta=4 q=u8",64,0.9925260718,1.0000,192.8946,0.8364,0.0000,0.677635,"0.677635;0.677470;0.678160;0.678288;0.676733",196.302144,5094.19,,4.53,0,3452,10,True,nid006068,57240767
SparseHNSW_a0.85_b4_s0x0,"M=32 efC=200 ef=3200 alpha=0.85 beta=4 q=u8",64,0.9944090382,1.0000,192.8946,0.8364,0.0000,1.269239,"1.269705;1.269239;1.268151;1.269286;1.267663",367.682213,2719.74,,4.53,0,3452,10,True,nid006068,57240767
SparseHNSW_a0.85_b5_s0x0,"M=32 efC=200 ef=10 alpha=0.85 beta=5 q=u8",64,0.9240440324,0.9702,192.8946,0.8364,0.0000,0.033096,"0.033899;0.033130;0.033096;0.032854;0.032694",9.587486,104302.63,,4.53,0,3452,10,True,nid006068,57240767
SparseHNSW_a0.85_b5_s0x0,"M=32 efC=200 ef=20 alpha=0.85 beta=5 q=u8",64,0.9240440324,0.9702,192.8946,0.8364,0.0000,0.032318,"0.032588;0.032429;0.032268;0.032318;0.032265",9.362109,106813.54,,4.53,0,3452,10,True,nid006068,57240767
SparseHNSW_a0.85_b5_s0x0,"M=32 efC=200 ef=50 alpha=0.85 beta=5 q=u8",64,0.9240440324,0.9702,192.8946,0.8364,0.0000,0.032275,"0.032361;0.032271;0.032349;0.032275;0.032266",9.349652,106955.85,,4.53,0,3452,10,True,nid006068,57240767
SparseHNSW_a0.85_b5_s0x0,"M=32 efC=200 ef=100 alpha=0.85 beta=5 q=u8",64,0.9567786790,0.9884,192.8946,0.8364,0.0000,0.057342,"0.057549;0.057652;0.057342;0.057317;0.057283",16.611240,60200.20,,4.53,0,3452,10,True,nid006068,57240767
SparseHNSW_a0.85_b5_s0x0,"M=32 efC=200 ef=200 alpha=0.85 beta=5 q=u8",64,0.9742757822,0.9959,192.8946,0.8364,0.0000,0.104032,"0.104032;0.104075;0.103980;0.104043;0.104007",30.136732,33182.10,,4.53,0,3452,10,True,nid006068,57240767
SparseHNSW_a0.85_b5_s0x0,"M=32 efC=200 ef=400 alpha=0.85 beta=5 q=u8",64,0.9838064890,0.9991,192.8946,0.8364,0.0000,0.189862,"0.189569;0.189862;0.189693;0.189999;0.190028",55.000579,18181.63,,4.53,0,3452,10,True,nid006068,57240767
SparseHNSW_a0.85_b5_s0x0,"M=32 efC=200 ef=800 alpha=0.85 beta=5 q=u8",64,0.9896292005,1.0000,192.8946,0.8364,0.0000,0.355884,"0.355469;0.355884;0.356273;0.355001;0.356978",103.095017,9699.79,,4.53,0,3452,10,True,nid006068,57240767
SparseHNSW_a0.85_b5_s0x0,"M=32 efC=200 ef=1600 alpha=0.85 beta=5 q=u8",64,0.9927578216,1.0000,192.8946,0.8364,0.0000,0.677289,"0.677003;0.677941;0.677266;0.677289;0.677783",196.201912,5096.79,,4.53,0,3452,10,True,nid006068,57240767
SparseHNSW_a0.85_b5_s0x0,"M=32 efC=200 ef=3200 alpha=0.85 beta=5 q=u8",64,0.9946697567,1.0000,192.8946,0.8364,0.0000,1.269327,"1.269573;1.269702;1.268741;1.269327;1.268547",367.707706,2719.55,,4.53,0,3452,10,True,nid006068,57240767
SparseHNSW_a0.85_b6_s0x0,"M=32 efC=200 ef=10 alpha=0.85 beta=6 q=u8",64,0.9363267671,0.9777,192.8946,0.8364,0.0000,0.038434,"0.039296;0.038806;0.038434;0.038242;0.038122",11.133835,89816.31,,4.53,0,3452,10,True,nid006068,57240767
SparseHNSW_a0.85_b6_s0x0,"M=32 efC=200 ef=20 alpha=0.85 beta=6 q=u8",64,0.9363267671,0.9777,192.8946,0.8364,0.0000,0.037968,"0.037886;0.038032;0.038056;0.037968;0.037717",10.998841,90918.67,,4.53,0,3452,10,True,nid006068,57240767
SparseHNSW_a0.85_b6_s0x0,"M=32 efC=200 ef=50 alpha=0.85 beta=6 q=u8",64,0.9363267671,0.9777,192.8946,0.8364,0.0000,0.037908,"0.037908;0.037869;0.038044;0.037825;0.037910",10.981460,91062.57,,4.53,0,3452,10,True,nid006068,57240767
SparseHNSW_a0.85_b6_s0x0,"M=32 efC=200 ef=100 alpha=0.85 beta=6 q=u8",64,0.9568366165,0.9884,192.8946,0.8364,0.0000,0.057722,"0.057930;0.057711;0.057722;0.057580;0.057723",16.721321,59803.89,,4.53,0,3452,10,True,nid006068,57240767
SparseHNSW_a0.85_b6_s0x0,"M=32 efC=200 ef=200 alpha=0.85 beta=6 q=u8",64,0.9743916570,0.9959,192.8946,0.8364,0.0000,0.104374,"0.104374;0.103894;0.104224;0.104433;0.105139",30.235805,33073.37,,4.53,0,3452,10,True,nid006068,57240767
SparseHNSW_a0.85_b6_s0x0,"M=32 efC=200 ef=400 alpha=0.85 beta=6 q=u8",64,0.9839513326,0.9991,192.8946,0.8364,0.0000,0.191052,"0.190783;0.191052;0.191276;0.191170;0.190270",55.345307,18068.38,,4.53,0,3452,10,True,nid006068,57240767
SparseHNSW_a0.85_b6_s0x0,"M=32 efC=200 ef=800 alpha=0.85 beta=6 q=u8",64,0.9897450753,1.0000,192.8946,0.8364,0.0000,0.355901,"0.355417;0.355901;0.356629;0.357282;0.355442",103.099942,9699.33,,4.53,0,3452,10,True,nid006068,57240767
SparseHNSW_a0.85_b6_s0x0,"M=32 efC=200 ef=1600 alpha=0.85 beta=6 q=u8",64,0.9929026651,1.0000,192.8946,0.8364,0.0000,0.678909,"0.679349;0.679117;0.677751;0.678160;0.678909",196.671205,5084.63,,4.53,0,3452,10,True,nid006068,57240767
SparseHNSW_a0.85_b6_s0x0,"M=32 efC=200 ef=3200 alpha=0.85 beta=6 q=u8",64,0.9947856315,1.0000,192.8946,0.8364,0.0000,1.269043,"1.269881;1.269043;1.268046;1.268439;1.269149",367.625435,2720.16,,4.53,0,3452,10,True,nid006068,57240767
SparseHNSW_a0.85_b7_s0x0,"M=32 efC=200 ef=10 alpha=0.85 beta=7 q=u8",64,0.9420046350,0.9800,192.8946,0.8364,0.0000,0.043746,"0.044388;0.044036;0.043539;0.043746;0.043533",12.672654,78910.07,,4.53,0,3452,10,True,nid006068,57240767
SparseHNSW_a0.85_b7_s0x0,"M=32 efC=200 ef=20 alpha=0.85 beta=7 q=u8",64,0.9420046350,0.9800,192.8946,0.8364,0.0000,0.043361,"0.043414;0.043410;0.043361;0.043179;0.043192",12.561124,79610.71,,4.53,0,3452,10,True,nid006068,57240767
SparseHNSW_a0.85_b7_s0x0,"M=32 efC=200 ef=50 alpha=0.85 beta=7 q=u8",64,0.9420046350,0.9800,192.8946,0.8364,0.0000,0.043175,"0.043288;0.043197;0.043077;0.043065;0.043175",12.507242,79953.68,,4.53,0,3452,10,True,nid006068,57240767
SparseHNSW_a0.85_b7_s0x0,"M=32 efC=200 ef=100 alpha=0.85 beta=7 q=u8",64,0.9568945539,0.9884,192.8946,0.8364,0.0000,0.057936,"0.057936;0.057912;0.057895;0.058087;0.058017",16.783314,59582.99,,4.53,0,3452,10,True,nid006068,57240767
SparseHNSW_a0.85_b7_s0x0,"M=32 efC=200 ef=200 alpha=0.85 beta=7 q=u8",64,0.9744495944,0.9959,192.8946,0.8364,0.0000,0.104615,"0.104600;0.104615;0.104224;0.104758;0.104990",30.305620,32997.18,,4.53,0,3452,10,True,nid006068,57240767
SparseHNSW_a0.85_b7_s0x0,"M=32 efC=200 ef=400 alpha=0.85 beta=7 q=u8",64,0.9840092700,0.9991,192.8946,0.8364,0.0000,0.190759,"0.190254;0.191017;0.190954;0.190759;0.190624",55.260429,18096.13,,4.53,0,3452,10,True,nid006068,57240767
SparseHNSW_a0.85_b7_s0x0,"M=32 efC=200 ef=800 alpha=0.85 beta=7 q=u8",64,0.9898319815,1.0000,192.8946,0.8364,0.0000,0.355983,"0.355916;0.355983;0.357238;0.355955;0.356196",103.123696,9697.09,,4.53,0,3452,10,True,nid006068,57240767
SparseHNSW_a0.85_b7_s0x0,"M=32 efC=200 ef=1600 alpha=0.85 beta=7 q=u8",64,0.9929895713,1.0000,192.8946,0.8364,0.0000,0.678651,"0.678249;0.678651;0.678796;0.680249;0.676742",196.596466,5086.56,,4.53,0,3452,10,True,nid006068,57240767
SparseHNSW_a0.85_b7_s0x0,"M=32 efC=200 ef=3200 alpha=0.85 beta=7 q=u8",64,0.9949015064,1.0000,192.8946,0.8364,0.0000,1.270139,"1.270139;1.271411;1.268044;1.270760;1.266206",367.942932,2717.81,,4.53,0,3452,10,True,nid006068,57240767
SparseHNSW_a0.85_b8_s0x0,"M=32 efC=200 ef=10 alpha=0.85 beta=8 q=u8",64,0.9481460023,0.9835,192.8946,0.8364,0.0000,0.048988,"0.049479;0.049216;0.048958;0.048988;0.048568",14.191194,70466.24,,4.53,0,3452,10,True,nid006068,57240767
SparseHNSW_a0.85_b8_s0x0,"M=32 efC=200 ef=20 alpha=0.85 beta=8 q=u8",64,0.9481460023,0.9835,192.8946,0.8364,0.0000,0.048501,"0.048506;0.048788;0.048427;0.048487;0.048501",14.050116,71173.79,,4.53,0,3452,10,True,nid006068,57240767
SparseHNSW_a0.85_b8_s0x0,"M=32 efC=200 ef=50 alpha=0.85 beta=8 q=u8",64,0.9481460023,0.9835,192.8946,0.8364,0.0000,0.048340,"0.048474;0.048430;0.048287;0.048304;0.048340",14.003476,71410.84,,4.53,0,3452,10,True,nid006068,57240767
SparseHNSW_a0.85_b8_s0x0,"M=32 efC=200 ef=100 alpha=0.85 beta=8 q=u8",64,0.9569524913,0.9884,192.8946,0.8364,0.0000,0.058229,"0.057964;0.058085;0.058295;0.058383;0.058229",16.868192,59283.18,,4.53,0,3452,10,True,nid006068,57240767
SparseHNSW_a0.85_b8_s0x0,"M=32 efC=200 ef=200 alpha=0.85 beta=8 q=u8",64,0.9744785632,0.9959,192.8946,0.8364,0.0000,0.104979,"0.105080;0.105402;0.104880;0.104794;0.104979",30.411066,32882.77,,4.53,0,3452,10,True,nid006068,57240767
SparseHNSW_a0.85_b8_s0x0,"M=32 efC=200 ef=400 alpha=0.85 beta=8 q=u8",64,0.9840382387,0.9991,192.8946,0.8364,0.0000,0.191204,"0.190859;0.191353;0.190391;0.191204;0.191208",55.389340,18054.02,,4.53,0,3452,10,True,nid006068,57240767
SparseHNSW_a0.85_b8_s0x0,"M=32 efC=200 ef=800 alpha=0.85 beta=8 q=u8",64,0.9898609502,1.0000,192.8946,0.8364,0.0000,0.356419,"0.355875;0.357101;0.355987;0.357149;0.356419",103.250000,9685.23,,4.53,0,3452,10,True,nid006068,57240767
SparseHNSW_a0.85_b8_s0x0,"M=32 efC=200 ef=1600 alpha=0.85 beta=8 q=u8",64,0.9929895713,1.0000,192.8946,0.8364,0.0000,0.678510,"0.679301;0.678510;0.678698;0.678114;0.677263",196.555620,5087.62,,4.53,0,3452,10,True,nid006068,57240767
SparseHNSW_a0.85_b8_s0x0,"M=32 efC=200 ef=3200 alpha=0.85 beta=8 q=u8",64,0.9949015064,1.0000,192.8946,0.8364,0.0000,1.269565,"1.269920;1.269565;1.269211;1.271181;1.269086",367.776651,2719.04,,4.53,0,3452,10,True,nid006068,57240767
SparseHNSW_a0.85_b1_s8x4,"M=32 efC=200 ef=10 alpha=0.85 beta=1 q=u8 seedT=8 seedH=8 seedS=4",64,0.8536210892,0.6854,192.8946,0.8364,0.0000,0.020067,"0.021067;0.020355;0.020067;0.020010;0.019892",5.813152,172023.72,,4.53,0,3452,10,True,nid006068,57240767
SparseHNSW_a0.85_b1_s8x4,"M=32 efC=200 ef=20 alpha=0.85 beta=1 q=u8 seedT=8 seedH=8 seedS=4",64,0.8536210892,0.6854,192.8946,0.8364,0.0000,0.019640,"0.019808;0.019758;0.019638;0.019640;0.019477",5.689455,175763.75,,4.53,0,3452,10,True,nid006068,57240767
SparseHNSW_a0.85_b1_s8x4,"M=32 efC=200 ef=50 alpha=0.85 beta=1 q=u8 seedT=8 seedH=8 seedS=4",64,0.8694090382,0.7050,192.8946,0.8364,0.0000,0.028632,"0.028793;0.028773;0.028632;0.028539;0.028456",8.294322,120564.40,,4.53,0,3452,10,True,nid006068,57240767
SparseHNSW_a0.85_b1_s8x4,"M=32 efC=200 ef=100 alpha=0.85 beta=1 q=u8 seedT=8 seedH=8 seedS=4",64,0.8853418308,0.7245,192.8946,0.8364,0.0000,0.053592,"0.053662;0.053592;0.053548;0.053574;0.053609",15.524913,64412.60,,4.53,0,3452,10,True,nid006068,57240767
SparseHNSW_a0.85_b1_s8x4,"M=32 efC=200 ef=200 alpha=0.85 beta=1 q=u8 seedT=8 seedH=8 seedS=4",64,0.8946697567,0.7352,192.8946,0.8364,0.0000,0.100779,"0.100779;0.100550;0.100884;0.100373;0.100977",29.194380,34253.17,,4.53,0,3452,10,True,nid006068,57240767
SparseHNSW_a0.85_b1_s8x4,"M=32 efC=200 ef=400 alpha=0.85 beta=1 q=u8 seedT=8 seedH=8 seedS=4",64,0.9013325608,0.7442,192.8946,0.8364,0.0000,0.186827,"0.187542;0.187234;0.186827;0.186641;0.186752",54.121379,18476.99,,4.53,0,3452,10,True,nid006068,57240767
SparseHNSW_a0.85_b1_s8x4,"M=32 efC=200 ef=800 alpha=0.85 beta=1 q=u8 seedT=8 seedH=8 seedS=4",64,0.9039397451,0.7501,192.8946,0.8364,0.0000,0.353692,"0.353692;0.353242;0.355056;0.354254;0.352630",102.460023,9759.90,,4.53,0,3452,10,True,nid006068,57240767
SparseHNSW_a0.85_b1_s8x4,"M=32 efC=200 ef=1600 alpha=0.85 beta=1 q=u8 seedT=8 seedH=8 seedS=4",64,0.9059096176,0.7544,192.8946,0.8364,0.0000,0.677245,"0.677032;0.677245;0.678247;0.677849;0.675803",196.189166,5097.12,,4.53,0,3452,10,True,nid006068,57240767
SparseHNSW_a0.85_b1_s8x4,"M=32 efC=200 ef=3200 alpha=0.85 beta=1 q=u8 seedT=8 seedH=8 seedS=4",64,0.9069235226,0.7572,192.8946,0.8364,0.0000,1.267570,"1.265459;1.267570;1.266824;1.268330;1.268991",367.198725,2723.32,,4.53,0,3452,10,True,nid006068,57240767
SparseHNSW_a0.85_b2_s8x4,"M=32 efC=200 ef=10 alpha=0.85 beta=2 q=u8 seedT=8 seedH=8 seedS=4",64,0.9190614137,0.9812,192.8946,0.8364,0.0000,0.020839,"0.021726;0.021002;0.020839;0.020761;0.020539",6.036790,165650.94,,4.53,0,3452,10,True,nid006068,57240767
SparseHNSW_a0.85_b2_s8x4,"M=32 efC=200 ef=20 alpha=0.85 beta=2 q=u8 seedT=8 seedH=8 seedS=4",64,0.9190614137,0.9812,192.8946,0.8364,0.0000,0.020407,"0.020457;0.020407;0.020421;0.020336;0.020260",5.911645,169157.64,,4.53,0,3452,10,True,nid006068,57240767
SparseHNSW_a0.85_b2_s8x4,"M=32 efC=200 ef=50 alpha=0.85 beta=2 q=u8 seedT=8 seedH=8 seedS=4",64,0.9394264195,0.9881,192.8946,0.8364,0.0000,0.029212,"0.029300;0.029380;0.029116;0.029212;0.029115",8.462341,118170.61,,4.53,0,3452,10,True,nid006068,57240767
SparseHNSW_a0.85_b2_s8x4,"M=32 efC=200 ef=100 alpha=0.85 beta=2 q=u8 seedT=8 seedH=8 seedS=4",64,0.9597914253,0.9933,192.8946,0.8364,0.0000,0.054329,"0.054467;0.054295;0.054221;0.054365;0.054329",15.738413,63538.81,,4.53,0,3452,10,True,nid006068,57240767
SparseHNSW_a0.85_b2_s8x4,"M=32 efC=200 ef=200 alpha=0.85 beta=2 q=u8 seedT=8 seedH=8 seedS=4",64,0.9719872538,0.9974,192.8946,0.8364,0.0000,0.100954,"0.100954;0.100875;0.101179;0.101180;0.100835",29.245075,34193.79,,4.53,0,3452,10,True,nid006068,57240767
SparseHNSW_a0.85_b2_s8x4,"M=32 efC=200 ef=400 alpha=0.85 beta=2 q=u8 seedT=8 seedH=8 seedS=4",64,0.9807937428,1.0000,192.8946,0.8364,0.0000,0.187874,"0.187149;0.187726;0.187874;0.188384;0.188058",54.424681,18374.02,,4.53,0,3452,10,True,nid006068,57240767
SparseHNSW_a0.85_b2_s8x4,"M=32 efC=200 ef=800 alpha=0.85 beta=2 q=u8 seedT=8 seedH=8 seedS=4",64,0.9848783314,1.0000,192.8946,0.8364,0.0000,0.354197,"0.354712;0.354197;0.353067;0.355152;0.353397",102.606315,9745.99,,4.53,0,3452,10,True,nid006068,57240767
SparseHNSW_a0.85_b2_s8x4,"M=32 efC=200 ef=1600 alpha=0.85 beta=2 q=u8 seedT=8 seedH=8 seedS=4",64,0.9875144844,1.0000,192.8946,0.8364,0.0000,0.676922,"0.676863;0.676922;0.677310;0.677105;0.676341",196.095597,5099.55,,4.53,0,3452,10,True,nid006068,57240767
SparseHNSW_a0.85_b2_s8x4,"M=32 efC=200 ef=3200 alpha=0.85 beta=2 q=u8 seedT=8 seedH=8 seedS=4",64,0.9891657010,1.0000,192.8946,0.8364,0.0000,1.268193,"1.269455;1.269658;1.268193;1.266745;1.267587",367.379200,2721.98,,4.53,0,3452,10,True,nid006068,57240767
SparseHNSW_a0.85_b3_s8x4,"M=32 efC=200 ef=10 alpha=0.85 beta=3 q=u8 seedT=8 seedH=8 seedS=4",64,0.9216396292,0.9812,192.8946,0.8364,0.0000,0.021271,"0.022072;0.021518;0.021271;0.021156;0.021000",6.161935,162286.68,,4.53,0,3452,10,True,nid006068,57240767
SparseHNSW_a0.85_b3_s8x4,"M=32 efC=200 ef=20 alpha=0.85 beta=3 q=u8 seedT=8 seedH=8 seedS=4",64,0.9216396292,0.9812,192.8946,0.8364,0.0000,0.020725,"0.020827;0.020773;0.020725;0.020583;0.020662",6.003766,166562.12,,4.53,0,3452,10,True,nid006068,57240767
SparseHNSW_a0.85_b3_s8x4,"M=32 efC=200 ef=50 alpha=0.85 beta=3 q=u8 seedT=8 seedH=8 seedS=4",64,0.9425840093,0.9881,192.8946,0.8364,0.0000,0.029610,"0.029780;0.029725;0.029532;0.029610;0.029591",8.577636,116582.24,,4.53,0,3452,10,True,nid006068,57240767
SparseHNSW_a0.85_b3_s8x4,"M=32 efC=200 ef=100 alpha=0.85 beta=3 q=u8 seedT=8 seedH=8 seedS=4",64,0.9633835458,0.9933,192.8946,0.8364,0.0000,0.054632,"0.054711;0.054722;0.054632;0.054498;0.054473",15.826188,63186.41,,4.53,0,3452,10,True,nid006068,57240767
SparseHNSW_a0.85_b3_s8x4,"M=32 efC=200 ef=200 alpha=0.85 beta=3 q=u8 seedT=8 seedH=8 seedS=4",64,0.9759559676,0.9974,192.8946,0.8364,0.0000,0.101404,"0.101196;0.101496;0.101404;0.101488;0.101332",29.375435,34042.05,,4.53,0,3452,10,True,nid006068,57240767
SparseHNSW_a0.85_b3_s8x4,"M=32 efC=200 ef=400 alpha=0.85 beta=3 q=u8 seedT=8 seedH=8 seedS=4",64,0.9848203940,1.0000,192.8946,0.8364,0.0000,0.188017,"0.188249;0.188017;0.188081;0.187368;0.187875",54.466107,18360.04,,4.53,0,3452,10,True,nid006068,57240767
SparseHNSW_a0.85_b3_s8x4,"M=32 efC=200 ef=800 alpha=0.85 beta=3 q=u8 seedT=8 seedH=8 seedS=4",64,0.9891077636,1.0000,192.8946,0.8364,0.0000,0.354212,"0.354169;0.354212;0.354330;0.353950;0.356140",102.610660,9745.58,,4.53,0,3452,10,True,nid006068,57240767
SparseHNSW_a0.85_b3_s8x4,"M=32 efC=200 ef=1600 alpha=0.85 beta=3 q=u8 seedT=8 seedH=8 seedS=4",64,0.9918308227,1.0000,192.8946,0.8364,0.0000,0.677009,"0.676346;0.677566;0.677009;0.676976;0.677309",196.120800,5098.90,,4.53,0,3452,10,True,nid006068,57240767
SparseHNSW_a0.85_b3_s8x4,"M=32 efC=200 ef=3200 alpha=0.85 beta=3 q=u8 seedT=8 seedH=8 seedS=4",64,0.9935399768,1.0000,192.8946,0.8364,0.0000,1.267803,"1.268097;1.267342;1.268376;1.266251;1.267803",367.266222,2722.82,,4.53,0,3452,10,True,nid006068,57240767
SparseHNSW_a0.85_b4_s8x4,"M=32 efC=200 ef=10 alpha=0.85 beta=4 q=u8 seedT=8 seedH=8 seedS=4",64,0.9340961761,0.9855,192.8946,0.8364,0.0000,0.025381,"0.026221;0.025695;0.025381;0.025201;0.025058",7.352549,136007.25,,4.53,0,3452,10,True,nid006068,57240767
SparseHNSW_a0.85_b4_s8x4,"M=32 efC=200 ef=20 alpha=0.85 beta=4 q=u8 seedT=8 seedH=8 seedS=4",64,0.9340961761,0.9855,192.8946,0.8364,0.0000,0.024812,"0.024910;0.024854;0.024812;0.024761;0.024700",7.187717,139126.23,,4.53,0,3452,10,True,nid006068,57240767
SparseHNSW_a0.85_b4_s8x4,"M=32 efC=200 ef=50 alpha=0.85 beta=4 q=u8 seedT=8 seedH=8 seedS=4",64,0.9430764774,0.9881,192.8946,0.8364,0.0000,0.029889,"0.029934;0.029907;0.029832;0.029889;0.029861",8.658459,115493.99,,4.53,0,3452,10,True,nid006068,57240767
SparseHNSW_a0.85_b4_s8x4,"M=32 efC=200 ef=100 alpha=0.85 beta=4 q=u8 seedT=8 seedH=8 seedS=4",64,0.9641367323,0.9933,192.8946,0.8364,0.0000,0.054890,"0.054777;0.054870;0.055035;0.054890;0.054984",15.900927,62889.42,,4.53,0,3452,10,True,nid006068,57240767
SparseHNSW_a0.85_b4_s8x4,"M=32 efC=200 ef=200 alpha=0.85 beta=4 q=u8 seedT=8 seedH=8 seedS=4",64,0.9767381228,0.9974,192.8946,0.8364,0.0000,0.101686,"0.101435;0.101746;0.101885;0.101496;0.101686",29.457126,33947.64,,4.53,0,3452,10,True,nid006068,57240767
SparseHNSW_a0.85_b4_s8x4,"M=32 efC=200 ef=400 alpha=0.85 beta=4 q=u8 seedT=8 seedH=8 seedS=4",64,0.9857184241,1.0000,192.8946,0.8364,0.0000,0.187920,"0.187225;0.187823;0.188328;0.188240;0.187920",54.438007,18369.52,,4.53,0,3452,10,True,nid006068,57240767
SparseHNSW_a0.85_b4_s8x4,"M=32 efC=200 ef=800 alpha=0.85 beta=4 q=u8 seedT=8 seedH=8 seedS=4",64,0.9900637312,1.0000,192.8946,0.8364,0.0000,0.354787,"0.354556;0.355100;0.354134;0.354787;0.355474",102.777231,9729.78,,4.53,0,3452,10,True,nid006068,57240767
SparseHNSW_a0.85_b4_s8x4,"M=32 efC=200 ef=1600 alpha=0.85 beta=4 q=u8 seedT=8 seedH=8 seedS=4",64,0.9927867903,1.0000,192.8946,0.8364,0.0000,0.677450,"0.678232;0.678016;0.677450;0.677300;0.677329",196.248552,5095.58,,4.53,0,3452,10,True,nid006068,57240767
SparseHNSW_a0.85_b4_s8x4,"M=32 efC=200 ef=3200 alpha=0.85 beta=4 q=u8 seedT=8 seedH=8 seedS=4",64,0.9945538818,1.0000,192.8946,0.8364,0.0000,1.269615,"1.270767;1.269536;1.269972;1.268306;1.269615",367.791136,2718.93,,4.53,0,3452,10,True,nid006068,57240767
SparseHNSW_a0.85_b5_s8x4,"M=32 efC=200 ef=10 alpha=0.85 beta=5 q=u8 seedT=8 seedH=8 seedS=4",64,0.9431923523,0.9881,192.8946,0.8364,0.0000,0.030613,"0.031277;0.030837;0.030586;0.030613;0.030478",8.868192,112762.55,,4.53,0,3452,10,True,nid006068,57240767
SparseHNSW_a0.85_b5_s8x4,"M=32 efC=200 ef=20 alpha=0.85 beta=5 q=u8 seedT=8 seedH=8 seedS=4",64,0.9431923523,0.9881,192.8946,0.8364,0.0000,0.030080,"0.030315;0.030080;0.030292;0.029976;0.029962",8.713789,114760.64,,4.53,0,3452,10,True,nid006068,57240767
SparseHNSW_a0.85_b5_s8x4,"M=32 efC=200 ef=50 alpha=0.85 beta=5 q=u8 seedT=8 seedH=8 seedS=4",64,0.9431923523,0.9881,192.8946,0.8364,0.0000,0.029979,"0.030062;0.029925;0.030049;0.029979;0.029891",8.684531,115147.27,,4.53,0,3452,10,True,nid006068,57240767
SparseHNSW_a0.85_b5_s8x4,"M=32 efC=200 ef=100 alpha=0.85 beta=5 q=u8 seedT=8 seedH=8 seedS=4",64,0.9642815759,0.9933,192.8946,0.8364,0.0000,0.055204,"0.055276;0.055253;0.055204;0.055079;0.055041",15.991889,62531.70,,4.53,0,3452,10,True,nid006068,57240767
SparseHNSW_a0.85_b5_s8x4,"M=32 efC=200 ef=200 alpha=0.85 beta=5 q=u8 seedT=8 seedH=8 seedS=4",64,0.9769119351,0.9974,192.8946,0.8364,0.0000,0.101780,"0.101780;0.101843;0.102136;0.101751;0.101623",29.484357,33916.29,,4.53,0,3452,10,True,nid006068,57240767
SparseHNSW_a0.85_b5_s8x4,"M=32 efC=200 ef=400 alpha=0.85 beta=5 q=u8 seedT=8 seedH=8 seedS=4",64,0.9858922364,1.0000,192.8946,0.8364,0.0000,0.188717,"0.188908;0.188987;0.188717;0.188238;0.188306",54.668888,18291.94,,4.53,0,3452,10,True,nid006068,57240767
SparseHNSW_a0.85_b5_s8x4,"M=32 efC=200 ef=800 alpha=0.85 beta=5 q=u8 seedT=8 seedH=8 seedS=4",64,0.9902665122,1.0000,192.8946,0.8364,0.0000,0.354295,"0.355180;0.354257;0.354192;0.355235;0.354295",102.634705,9743.29,,4.53,0,3452,10,True,nid006068,57240767
SparseHNSW_a0.85_b5_s8x4,"M=32 efC=200 ef=1600 alpha=0.85 beta=5 q=u8 seedT=8 seedH=8 seedS=4",64,0.9930185400,1.0000,192.8946,0.8364,0.0000,0.676966,"0.677589;0.677263;0.676966;0.676792;0.675962",196.108343,5099.22,,4.53,0,3452,10,True,nid006068,57240767
SparseHNSW_a0.85_b5_s8x4,"M=32 efC=200 ef=3200 alpha=0.85 beta=5 q=u8 seedT=8 seedH=8 seedS=4",64,0.9948146002,1.0000,192.8946,0.8364,0.0000,1.269627,"1.270489;1.269681;1.268550;1.269627;1.269007",367.794612,2718.91,,4.53,0,3452,10,True,nid006068,57240767
SparseHNSW_a0.85_b6_s8x4,"M=32 efC=200 ef=10 alpha=0.85 beta=6 q=u8 seedT=8 seedH=8 seedS=4",64,0.9511008111,0.9910,192.8946,0.8364,0.0000,0.036160,"0.036824;0.036497;0.036160;0.035960;0.035779",10.475087,95464.60,,4.53,0,3452,10,True,nid006068,57240767
SparseHNSW_a0.85_b6_s8x4,"M=32 efC=200 ef=20 alpha=0.85 beta=6 q=u8 seedT=8 seedH=8 seedS=4",64,0.9511008111,0.9910,192.8946,0.8364,0.0000,0.035591,"0.035565;0.035670;0.035596;0.035591;0.035484",10.310255,96990.81,,4.53,0,3452,10,True,nid006068,57240767
SparseHNSW_a0.85_b6_s8x4,"M=32 efC=200 ef=50 alpha=0.85 beta=6 q=u8 seedT=8 seedH=8 seedS=4",64,0.9511008111,0.9910,192.8946,0.8364,0.0000,0.035451,"0.035451;0.035484;0.035357;0.035469;0.035419",10.269699,97373.84,,4.53,0,3452,10,True,nid006068,57240767
SparseHNSW_a0.85_b6_s8x4,"M=32 efC=200 ef=100 alpha=0.85 beta=6 q=u8 seedT=8 seedH=8 seedS=4",64,0.9643395133,0.9933,192.8946,0.8364,0.0000,0.055365,"0.055488;0.055288;0.055365;0.055328;0.055445",16.038528,62349.86,,4.53,0,3452,10,True,nid006068,57240767
SparseHNSW_a0.85_b6_s8x4,"M=32 efC=200 ef=200 alpha=0.85 beta=6 q=u8 seedT=8 seedH=8 seedS=4",64,0.9769988413,0.9974,192.8946,0.8364,0.0000,0.102216,"0.102048;0.102216;0.102355;0.102218;0.102146",29.610660,33771.62,,4.53,0,3452,10,True,nid006068,57240767
SparseHNSW_a0.85_b6_s8x4,"M=32 efC=200 ef=400 alpha=0.85 beta=6 q=u8 seedT=8 seedH=8 seedS=4",64,0.9860370800,1.0000,192.8946,0.8364,0.0000,0.188982,"0.189035;0.188982;0.188156;0.187943;0.189064",54.745655,18266.29,,4.53,0,3452,10,True,nid006068,57240767
SparseHNSW_a0.85_b6_s8x4,"M=32 efC=200 ef=800 alpha=0.85 beta=6 q=u8 seedT=8 seedH=8 seedS=4",64,0.9903823870,1.0000,192.8946,0.8364,0.0000,0.354913,"0.354226;0.355326;0.355341;0.354015;0.354913",102.813731,9726.33,,4.53,0,3452,10,True,nid006068,57240767
SparseHNSW_a0.85_b6_s8x4,"M=32 efC=200 ef=1600 alpha=0.85 beta=6 q=u8 seedT=8 seedH=8 seedS=4",64,0.9931633835,1.0000,192.8946,0.8364,0.0000,0.677857,"0.676755;0.678266;0.677857;0.676439;0.679183",196.366454,5092.52,,4.53,0,3452,10,True,nid006068,57240767
SparseHNSW_a0.85_b6_s8x4,"M=32 efC=200 ef=3200 alpha=0.85 beta=6 q=u8 seedT=8 seedH=8 seedS=4",64,0.9949304751,1.0000,192.8946,0.8364,0.0000,1.269503,"1.268285;1.270411;1.269503;1.267193;1.271154",367.758691,2719.17,,4.53,0,3452,10,True,nid006068,57240767
SparseHNSW_a0.85_b7_s8x4,"M=32 efC=200 ef=10 alpha=0.85 beta=7 q=u8 seedT=8 seedH=8 seedS=4",64,0.9555619930,0.9916,192.8946,0.8364,0.0000,0.041289,"0.041996;0.041524;0.041289;0.041042;0.040964",11.960892,83605.80,,4.53,0,3452,10,True,nid006068,57240767
SparseHNSW_a0.85_b7_s8x4,"M=32 efC=200 ef=20 alpha=0.85 beta=7 q=u8 seedT=8 seedH=8 seedS=4",64,0.9555619930,0.9916,192.8946,0.8364,0.0000,0.040819,"0.040902;0.040777;0.040852;0.040819;0.040780",11.824739,84568.46,,4.53,0,3452,10,True,nid006068,57240767
SparseHNSW_a0.85_b7_s8x4,"M=32 efC=200 ef=50 alpha=0.85 beta=7 q=u8 seedT=8 seedH=8 seedS=4",64,0.9555619930,0.9916,192.8946,0.8364,0.0000,0.040702,"0.040702;0.040594;0.040642;0.040718;0.040822",11.790846,84811.56,,4.53,0,3452,10,True,nid006068,57240767
SparseHNSW_a0.85_b7_s8x4,"M=32 efC=200 ef=100 alpha=0.85 beta=7 q=u8 seedT=8 seedH=8 seedS=4",64,0.9643974508,0.9933,192.8946,0.8364,0.0000,0.055701,"0.055737;0.055761;0.055544;0.055621;0.055701",16.135863,61973.75,,4.53,0,3452,10,True,nid006068,57240767
SparseHNSW_a0.85_b7_s8x4,"M=32 efC=200 ef=200 alpha=0.85 beta=7 q=u8 seedT=8 seedH=8 seedS=4",64,0.9770567787,0.9974,192.8946,0.8364,0.0000,0.102436,"0.102512;0.102251;0.102436;0.102044;0.102513",29.674392,33699.09,,4.53,0,3452,10,True,nid006068,57240767
SparseHNSW_a0.85_b7_s8x4,"M=32 efC=200 ef=400 alpha=0.85 beta=7 q=u8 seedT=8 seedH=8 seedS=4",64,0.9860950174,1.0000,192.8946,0.8364,0.0000,0.189479,"0.189638;0.189550;0.189479;0.189023;0.188964",54.889629,18218.38,,4.53,0,3452,10,True,nid006068,57240767
SparseHNSW_a0.85_b7_s8x4,"M=32 efC=200 ef=800 alpha=0.85 beta=7 q=u8 seedT=8 seedH=8 seedS=4",64,0.9904692932,1.0000,192.8946,0.8364,0.0000,0.354858,"0.354858;0.355109;0.354555;0.354656;0.355276",102.797798,9727.83,,4.53,0,3452,10,True,nid006068,57240767
SparseHNSW_a0.85_b7_s8x4,"M=32 efC=200 ef=1600 alpha=0.85 beta=7 q=u8 seedT=8 seedH=8 seedS=4",64,0.9932502897,1.0000,192.8946,0.8364,0.0000,0.677558,"0.677558;0.676998;0.677302;0.677955;0.678802",196.279838,5094.77,,4.53,0,3452,10,True,nid006068,57240767
SparseHNSW_a0.85_b7_s8x4,"M=32 efC=200 ef=3200 alpha=0.85 beta=7 q=u8 seedT=8 seedH=8 seedS=4",64,0.9950463499,1.0000,192.8946,0.8364,0.0000,1.270022,"1.268859;1.270022;1.270440;1.269578;1.270257",367.909038,2718.06,,4.53,0,3452,10,True,nid006068,57240767
SparseHNSW_a0.85_b8_s8x4,"M=32 efC=200 ef=10 alpha=0.85 beta=8 q=u8 seedT=8 seedH=8 seedS=4",64,0.9587485516,0.9925,192.8946,0.8364,0.0000,0.046629,"0.047181;0.046771;0.046629;0.046282;0.046217",13.507822,74031.18,,4.53,0,3452,10,True,nid006068,57240767
SparseHNSW_a0.85_b8_s8x4,"M=32 efC=200 ef=20 alpha=0.85 beta=8 q=u8 seedT=8 seedH=8 seedS=4",64,0.9587485516,0.9925,192.8946,0.8364,0.0000,0.046130,"0.046186;0.046130;0.046234;0.046048;0.046006",13.363268,74832.00,,4.53,0,3452,10,True,nid006068,57240767
SparseHNSW_a0.85_b8_s8x4,"M=32 efC=200 ef=50 alpha=0.85 beta=8 q=u8 seedT=8 seedH=8 seedS=4",64,0.9587485516,0.9925,192.8946,0.8364,0.0000,0.046049,"0.046105;0.046049;0.046182;0.046015;0.045908",13.339803,74963.63,,4.53,0,3452,10,True,nid006068,57240767
SparseHNSW_a0.85_b8_s8x4,"M=32 efC=200 ef=100 alpha=0.85 beta=8 q=u8 seedT=8 seedH=8 seedS=4",64,0.9644553882,0.9933,192.8946,0.8364,0.0000,0.055956,"0.056023;0.056023;0.055788;0.055888;0.055956",16.209733,61691.33,,4.53,0,3452,10,True,nid006068,57240767
SparseHNSW_a0.85_b8_s8x4,"M=32 efC=200 ef=200 alpha=0.85 beta=8 q=u8 seedT=8 seedH=8 seedS=4",64,0.9770857474,0.9974,192.8946,0.8364,0.0000,0.102471,"0.102377;0.102714;0.102514;0.102374;0.102471",29.684531,33687.58,,4.53,0,3452,10,True,nid006068,57240767
SparseHNSW_a0.85_b8_s8x4,"M=32 efC=200 ef=400 alpha=0.85 beta=8 q=u8 seedT=8 seedH=8 seedS=4",64,0.9861239861,1.0000,192.8946,0.8364,0.0000,0.189106,"0.189232;0.189106;0.188354;0.189491;0.188320",54.781576,18254.31,,4.53,0,3452,10,True,nid006068,57240767
SparseHNSW_a0.85_b8_s8x4,"M=32 efC=200 ef=800 alpha=0.85 beta=8 q=u8 seedT=8 seedH=8 seedS=4",64,0.9904982619,1.0000,192.8946,0.8364,0.0000,0.355471,"0.355069;0.355471;0.355872;0.355650;0.355248",102.975377,9711.06,,4.53,0,3452,10,True,nid006068,57240767
SparseHNSW_a0.85_b8_s8x4,"M=32 efC=200 ef=1600 alpha=0.85 beta=8 q=u8 seedT=8 seedH=8 seedS=4",64,0.9932502897,1.0000,192.8946,0.8364,0.0000,0.679323,"0.679323;0.678045;0.678035;0.679792;0.679332",196.791136,5081.53,,4.53,0,3452,10,True,nid006068,57240767
SparseHNSW_a0.85_b8_s8x4,"M=32 efC=200 ef=3200 alpha=0.85 beta=8 q=u8 seedT=8 seedH=8 seedS=4",64,0.9950463499,1.0000,192.8946,0.8364,0.0000,1.269361,"1.269584;1.272244;1.269361;1.268873;1.268693",367.717555,2719.48,,4.53,0,3452,10,True,nid006068,57240767
SparseHNSW_a0.9_b1_s0x0,"M=32 efC=200 ef=10 alpha=0.9 beta=1 q=u8",64,0.7051274623,0.5166,218.7643,0.8370,0.0000,0.009861,"0.010941;0.010559;0.009861;0.009777;0.009804",2.856605,350065.92,,4.62,0,3452,10,True,nid006068,57240767
SparseHNSW_a0.9_b1_s0x0,"M=32 efC=200 ef=20 alpha=0.9 beta=1 q=u8",64,0.8031865585,0.6400,218.7643,0.8370,0.0000,0.016863,"0.017016;0.016891;0.016863;0.016714;0.016609",4.884994,204708.53,,4.62,0,3452,10,True,nid006068,57240767
SparseHNSW_a0.9_b1_s0x0,"M=32 efC=200 ef=50 alpha=0.9 beta=1 q=u8",64,0.8738412514,0.7255,218.7643,0.8370,0.0000,0.035061,"0.035470;0.035065;0.034984;0.035061;0.034785",10.156721,98456.97,,4.62,0,3452,10,True,nid006068,57240767
SparseHNSW_a0.9_b1_s0x0,"M=32 efC=200 ef=100 alpha=0.9 beta=1 q=u8",64,0.9079953650,0.7596,218.7643,0.8370,0.0000,0.062014,"0.062121;0.061973;0.062222;0.062014;0.061718",17.964658,55664.85,,4.62,0,3452,10,True,nid006068,57240767
SparseHNSW_a0.9_b1_s0x0,"M=32 efC=200 ef=200 alpha=0.9 beta=1 q=u8",64,0.9210023175,0.7750,218.7643,0.8370,0.0000,0.112781,"0.113053;0.112168;0.112679;0.112781;0.112891",32.671205,30607.99,,4.62,0,3452,10,True,nid006068,57240767
SparseHNSW_a0.9_b1_s0x0,"M=32 efC=200 ef=400 alpha=0.9 beta=1 q=u8",64,0.9291714948,0.7863,218.7643,0.8370,0.0000,0.205653,"0.205362;0.206020;0.204991;0.206075;0.205653",59.575029,16785.56,,4.62,0,3452,10,True,nid006068,57240767
SparseHNSW_a0.9_b1_s0x0,"M=32 efC=200 ef=800 alpha=0.9 beta=1 q=u8",64,0.9321552723,0.7921,218.7643,0.8370,0.0000,0.386372,"0.386210;0.386614;0.385645;0.386372;0.386401",111.926999,8934.39,,4.62,0,3452,10,True,nid006068,57240767
SparseHNSW_a0.9_b1_s0x0,"M=32 efC=200 ef=1600 alpha=0.9 beta=1 q=u8",64,0.9349073001,0.7967,218.7643,0.8370,0.0000,0.734609,"0.734609;0.734870;0.736320;0.734105;0.733587",212.806779,4699.10,,4.62,0,3452,10,True,nid006068,57240767
SparseHNSW_a0.9_b1_s0x0,"M=32 efC=200 ef=3200 alpha=0.9 beta=1 q=u8",64,0.9360081112,0.7981,218.7643,0.8370,0.0000,1.378280,"1.380041;1.378280;1.377750;1.378913;1.377427",399.269988,2504.57,,4.62,0,3452,10,True,nid006068,57240767
SparseHNSW_a0.9_b2_s0x0,"M=32 efC=200 ef=10 alpha=0.9 beta=2 q=u8",64,0.8382676709,0.9175,218.7643,0.8370,0.0000,0.017585,"0.018396;0.017986;0.017585;0.017476;0.017443",5.094148,196303.67,,4.62,0,3452,10,True,nid006068,57240767
SparseHNSW_a0.9_b2_s0x0,"M=32 efC=200 ef=20 alpha=0.9 beta=2 q=u8",64,0.8382676709,0.9175,218.7643,0.8370,0.0000,0.017309,"0.017353;0.017328;0.017309;0.017249;0.017273",5.014195,199433.82,,4.62,0,3452,10,True,nid006068,57240767
SparseHNSW_a0.9_b2_s0x0,"M=32 efC=200 ef=50 alpha=0.9 beta=2 q=u8",64,0.9195249131,0.9673,218.7643,0.8370,0.0000,0.035421,"0.035725;0.035537;0.035421;0.035396;0.035348",10.261008,97456.31,,4.62,0,3452,10,True,nid006068,57240767
SparseHNSW_a0.9_b2_s0x0,"M=32 efC=200 ef=100 alpha=0.9 beta=2 q=u8",64,0.9583429896,0.9910,218.7643,0.8370,0.0000,0.062525,"0.062707;0.062749;0.062420;0.062490;0.062525",18.112688,55209.92,,4.62,0,3452,10,True,nid006068,57240767
SparseHNSW_a0.9_b2_s0x0,"M=32 efC=200 ef=200 alpha=0.9 beta=2 q=u8",64,0.9736674392,0.9957,218.7643,0.8370,0.0000,0.113379,"0.113379;0.113617;0.113595;0.113284;0.113270",32.844438,30446.56,,4.62,0,3452,10,True,nid006068,57240767
SparseHNSW_a0.9_b2_s0x0,"M=32 efC=200 ef=400 alpha=0.9 beta=2 q=u8",64,0.9836326767,0.9991,218.7643,0.8370,0.0000,0.206054,"0.206918;0.206368;0.205677;0.206054;0.205374",59.691194,16752.89,,4.62,0,3452,10,True,nid006068,57240767
SparseHNSW_a0.9_b2_s0x0,"M=32 efC=200 ef=800 alpha=0.9 beta=2 q=u8",64,0.9876303592,0.9997,218.7643,0.8370,0.0000,0.386413,"0.386413;0.386151;0.387783;0.386356;0.387207",111.938876,8933.45,,4.62,0,3452,10,True,nid006068,57240767
SparseHNSW_a0.9_b2_s0x0,"M=32 efC=200 ef=1600 alpha=0.9 beta=2 q=u8",64,0.9910776362,1.0000,218.7643,0.8370,0.0000,0.735737,"0.735737;0.735706;0.739029;0.737466;0.732286",213.133546,4691.89,,4.62,0,3452,10,True,nid006068,57240767
SparseHNSW_a0.9_b2_s0x0,"M=32 efC=200 ef=3200 alpha=0.9 beta=2 q=u8",64,0.9927578216,1.0000,218.7643,0.8370,0.0000,1.377324,"1.377324;1.377286;1.376488;1.379261;1.380576",398.993048,2506.31,,4.62,0,3452,10,True,nid006068,57240767
SparseHNSW_a0.9_b3_s0x0,"M=32 efC=200 ef=10 alpha=0.9 beta=3 q=u8",64,0.8837195829,0.9450,218.7643,0.8370,0.0000,0.024160,"0.024883;0.024608;0.024160;0.023977;0.023796",6.998841,142880.79,,4.62,0,3452,10,True,nid006068,57240767
SparseHNSW_a0.9_b3_s0x0,"M=32 efC=200 ef=20 alpha=0.9 beta=3 q=u8",64,0.8837195829,0.9450,218.7643,0.8370,0.0000,0.023710,"0.023855;0.023710;0.023711;0.023684;0.023656",6.868482,145592.58,,4.62,0,3452,10,True,nid006068,57240767
SparseHNSW_a0.9_b3_s0x0,"M=32 efC=200 ef=50 alpha=0.9 beta=3 q=u8",64,0.9203360371,0.9673,218.7643,0.8370,0.0000,0.035657,"0.035681;0.035627;0.035657;0.035667;0.035557",10.329374,96811.29,,4.62,0,3452,10,True,nid006068,57240767
SparseHNSW_a0.9_b3_s0x0,"M=32 efC=200 ef=100 alpha=0.9 beta=3 q=u8",64,0.9593568946,0.9910,218.7643,0.8370,0.0000,0.062977,"0.063104;0.062916;0.062963;0.062977;0.063006",18.243627,54813.66,,4.62,0,3452,10,True,nid006068,57240767
SparseHNSW_a0.9_b3_s0x0,"M=32 efC=200 ef=200 alpha=0.9 beta=3 q=u8",64,0.9747682503,0.9957,218.7643,0.8370,0.0000,0.113405,"0.113405;0.113481;0.113191;0.113165;0.113653",32.851970,30439.57,,4.62,0,3452,10,True,nid006068,57240767
SparseHNSW_a0.9_b3_s0x0,"M=32 efC=200 ef=400 alpha=0.9 beta=3 q=u8",64,0.9847624565,0.9991,218.7643,0.8370,0.0000,0.206272,"0.206393;0.206312;0.205459;0.206272;0.205362",59.754345,16735.18,,4.62,0,3452,10,True,nid006068,57240767
SparseHNSW_a0.9_b3_s0x0,"M=32 efC=200 ef=800 alpha=0.9 beta=3 q=u8",64,0.9887891078,0.9997,218.7643,0.8370,0.0000,0.385770,"0.387300;0.385607;0.386535;0.385770;0.384380",111.752607,8948.34,,4.62,0,3452,10,True,nid006068,57240767
SparseHNSW_a0.9_b3_s0x0,"M=32 efC=200 ef=1600 alpha=0.9 beta=3 q=u8",64,0.9922363847,1.0000,218.7643,0.8370,0.0000,0.734309,"0.735050;0.733379;0.734309;0.733293;0.735452",212.719873,4701.02,,4.62,0,3452,10,True,nid006068,57240767
SparseHNSW_a0.9_b3_s0x0,"M=32 efC=200 ef=3200 alpha=0.9 beta=3 q=u8",64,0.9939455388,1.0000,218.7643,0.8370,0.0000,1.380067,"1.382620;1.379883;1.381176;1.378244;1.380067",399.787659,2501.33,,4.62,0,3452,10,True,nid006068,57240767
SparseHNSW_a0.9_b4_s0x0,"M=32 efC=200 ef=10 alpha=0.9 beta=4 q=u8",64,0.9066628042,0.9589,218.7643,0.8370,0.0000,0.030900,"0.031398;0.031089;0.030900;0.030425;0.030291",8.951333,111715.21,,4.62,0,3452,10,True,nid006068,57240767
SparseHNSW_a0.9_b4_s0x0,"M=32 efC=200 ef=20 alpha=0.9 beta=4 q=u8",64,0.9066628042,0.9589,218.7643,0.8370,0.0000,0.030043,"0.030139;0.030043;0.030081;0.029961;0.029882",8.703071,114901.97,,4.62,0,3452,10,True,nid006068,57240767
SparseHNSW_a0.9_b4_s0x0,"M=32 efC=200 ef=50 alpha=0.9 beta=4 q=u8",64,0.9204229432,0.9673,218.7643,0.8370,0.0000,0.035908,"0.035878;0.035845;0.035910;0.035908;0.035949",10.402086,96134.57,,4.62,0,3452,10,True,nid006068,57240767
SparseHNSW_a0.9_b4_s0x0,"M=32 efC=200 ef=100 alpha=0.9 beta=4 q=u8",64,0.9595307068,0.9910,218.7643,0.8370,0.0000,0.063135,"0.063246;0.063644;0.062973;0.062978;0.063135",18.289397,54676.49,,4.62,0,3452,10,True,nid006068,57240767
SparseHNSW_a0.9_b4_s0x0,"M=32 efC=200 ef=200 alpha=0.9 beta=4 q=u8",64,0.9750000000,0.9957,218.7643,0.8370,0.0000,0.113706,"0.113476;0.113800;0.113784;0.113706;0.113598",32.939166,30359.00,,4.62,0,3452,10,True,nid006068,57240767
SparseHNSW_a0.9_b4_s0x0,"M=32 efC=200 ef=400 alpha=0.9 beta=4 q=u8",64,0.9849942063,0.9991,218.7643,0.8370,0.0000,0.206646,"0.206628;0.206750;0.206140;0.206988;0.206646",59.862688,16704.90,,4.62,0,3452,10,True,nid006068,57240767
SparseHNSW_a0.9_b4_s0x0,"M=32 efC=200 ef=800 alpha=0.9 beta=4 q=u8",64,0.9890208575,0.9997,218.7643,0.8370,0.0000,0.386003,"0.386003;0.384307;0.387101;0.384406;0.386577",111.820104,8942.94,,4.62,0,3452,10,True,nid006068,57240767
SparseHNSW_a0.9_b4_s0x0,"M=32 efC=200 ef=1600 alpha=0.9 beta=4 q=u8",64,0.9924971031,1.0000,218.7643,0.8370,0.0000,0.734667,"0.735757;0.734452;0.735020;0.734667;0.733697",212.823581,4698.73,,4.62,0,3452,10,True,nid006068,57240767
SparseHNSW_a0.9_b4_s0x0,"M=32 efC=200 ef=3200 alpha=0.9 beta=4 q=u8",64,0.9942062572,1.0000,218.7643,0.8370,0.0000,1.379888,"1.379888;1.378818;1.381788;1.381050;1.379171",399.735805,2501.65,,4.62,0,3452,10,True,nid006068,57240767
SparseHNSW_a0.9_b5_s0x0,"M=32 efC=200 ef=10 alpha=0.9 beta=5 q=u8",64,0.9204229432,0.9673,218.7643,0.8370,0.0000,0.037046,"0.037219;0.037378;0.037046;0.036477;0.036650",10.731750,93181.45,,4.62,0,3452,10,True,nid006068,57240767
SparseHNSW_a0.9_b5_s0x0,"M=32 efC=200 ef=20 alpha=0.9 beta=5 q=u8",64,0.9204229432,0.9673,218.7643,0.8370,0.0000,0.036176,"0.036165;0.036183;0.036186;0.036176;0.035993",10.479722,95422.38,,4.62,0,3452,10,True,nid006068,57240767
SparseHNSW_a0.9_b5_s0x0,"M=32 efC=200 ef=50 alpha=0.9 beta=5 q=u8",64,0.9204229432,0.9673,218.7643,0.8370,0.0000,0.036055,"0.036148;0.035919;0.036077;0.036055;0.035956",10.444670,95742.62,,4.62,0,3452,10,True,nid006068,57240767
SparseHNSW_a0.9_b5_s0x0,"M=32 efC=200 ef=100 alpha=0.9 beta=5 q=u8",64,0.9595307068,0.9910,218.7643,0.8370,0.0000,0.063546,"0.063327;0.063546;0.063692;0.063558;0.063224",18.408459,54322.85,,4.62,0,3452,10,True,nid006068,57240767
SparseHNSW_a0.9_b5_s0x0,"M=32 efC=200 ef=200 alpha=0.9 beta=5 q=u8",64,0.9750000000,0.9957,218.7643,0.8370,0.0000,0.113781,"0.113720;0.113781;0.114354;0.114001;0.113591",32.960892,30338.98,,4.62,0,3452,10,True,nid006068,57240767
SparseHNSW_a0.9_b5_s0x0,"M=32 efC=200 ef=400 alpha=0.9 beta=5 q=u8",64,0.9849942063,0.9991,218.7643,0.8370,0.0000,0.206633,"0.206633;0.206416;0.206483;0.206681;0.206704",59.858922,16705.95,,4.62,0,3452,10,True,nid006068,57240767
SparseHNSW_a0.9_b5_s0x0,"M=32 efC=200 ef=800 alpha=0.9 beta=5 q=u8",64,0.9890208575,0.9997,218.7643,0.8370,0.0000,0.386163,"0.386648;0.384865;0.387259;0.386163;0.385904",111.866454,8939.23,,4.62,0,3452,10,True,nid006068,57240767
SparseHNSW_a0.9_b5_s0x0,"M=32 efC=200 ef=1600 alpha=0.9 beta=5 q=u8",64,0.9924971031,1.0000,218.7643,0.8370,0.0000,0.735922,"0.736257;0.735922;0.734290;0.735287;0.736700",213.187138,4690.71,,4.62,0,3452,10,True,nid006068,57240767
SparseHNSW_a0.9_b5_s0x0,"M=32 efC=200 ef=3200 alpha=0.9 beta=5 q=u8",64,0.9942062572,1.0000,218.7643,0.8370,0.0000,1.379507,"1.377828;1.379507;1.381803;1.379781;1.379216",399.625435,2502.34,,4.62,0,3452,10,True,nid006068,57240767
SparseHNSW_a0.9_b6_s0x0,"M=32 efC=200 ef=10 alpha=0.9 beta=6 q=u8",64,0.9324739282,0.9745,218.7643,0.8370,0.0000,0.042367,"0.042972;0.042999;0.042367;0.042196;0.042069",12.273175,81478.51,,4.62,0,3452,10,True,nid006068,57240767
SparseHNSW_a0.9_b6_s0x0,"M=32 efC=200 ef=20 alpha=0.9 beta=6 q=u8",64,0.9324739282,0.9745,218.7643,0.8370,0.0000,0.041911,"0.042098;0.041963;0.041911;0.041860;0.041636",12.141078,82365.01,,4.62,0,3452,10,True,nid006068,57240767
SparseHNSW_a0.9_b6_s0x0,"M=32 efC=200 ef=50 alpha=0.9 beta=6 q=u8",64,0.9324739282,0.9745,218.7643,0.8370,0.0000,0.041759,"0.041720;0.041759;0.041931;0.041718;0.041821",12.097045,82664.81,,4.62,0,3452,10,True,nid006068,57240767
SparseHNSW_a0.9_b6_s0x0,"M=32 efC=200 ef=100 alpha=0.9 beta=6 q=u8",64,0.9595307068,0.9910,218.7643,0.8370,0.0000,0.063663,"0.063641;0.063686;0.063692;0.063475;0.063663",18.442352,54223.02,,4.62,0,3452,10,True,nid006068,57240767
SparseHNSW_a0.9_b6_s0x0,"M=32 efC=200 ef=200 alpha=0.9 beta=6 q=u8",64,0.9750000000,0.9957,218.7643,0.8370,0.0000,0.114086,"0.114076;0.114086;0.114026;0.114309;0.114110",33.049247,30257.88,,4.62,0,3452,10,True,nid006068,57240767
SparseHNSW_a0.9_b6_s0x0,"M=32 efC=200 ef=400 alpha=0.9 beta=6 q=u8",64,0.9849942063,0.9991,218.7643,0.8370,0.0000,0.206198,"0.206814;0.206175;0.206781;0.205844;0.206198",59.732908,16741.19,,4.62,0,3452,10,True,nid006068,57240767
SparseHNSW_a0.9_b6_s0x0,"M=32 efC=200 ef=800 alpha=0.9 beta=6 q=u8",64,0.9890208575,0.9997,218.7643,0.8370,0.0000,0.386744,"0.387369;0.386509;0.385428;0.386744;0.387592",112.034762,8925.80,,4.62,0,3452,10,True,nid006068,57240767
SparseHNSW_a0.9_b6_s0x0,"M=32 efC=200 ef=1600 alpha=0.9 beta=6 q=u8",64,0.9924971031,1.0000,218.7643,0.8370,0.0000,0.736746,"0.737148;0.736178;0.736746;0.737136;0.736604",213.425840,4685.47,,4.62,0,3452,10,True,nid006068,57240767
SparseHNSW_a0.9_b6_s0x0,"M=32 efC=200 ef=3200 alpha=0.9 beta=6 q=u8",64,0.9942062572,1.0000,218.7643,0.8370,0.0000,1.379135,"1.378596;1.379135;1.380672;1.378895;1.380789",399.517671,2503.02,,4.62,0,3452,10,True,nid006068,57240767
SparseHNSW_a0.9_b7_s0x0,"M=32 efC=200 ef=10 alpha=0.9 beta=7 q=u8",64,0.9439745075,0.9820,218.7643,0.8370,0.0000,0.048493,"0.048734;0.048937;0.048493;0.048397;0.048336",14.047798,71185.53,,4.62,0,3452,10,True,nid006068,57240767
SparseHNSW_a0.9_b7_s0x0,"M=32 efC=200 ef=20 alpha=0.9 beta=7 q=u8",64,0.9439745075,0.9820,218.7643,0.8370,0.0000,0.048087,"0.048087;0.048188;0.048216;0.047875;0.047819",13.930185,71786.55,,4.62,0,3452,10,True,nid006068,57240767
SparseHNSW_a0.9_b7_s0x0,"M=32 efC=200 ef=50 alpha=0.9 beta=7 q=u8",64,0.9439745075,0.9820,218.7643,0.8370,0.0000,0.047875,"0.047893;0.047875;0.047645;0.047856;0.048075",13.868772,72104.44,,4.62,0,3452,10,True,nid006068,57240767
SparseHNSW_a0.9_b7_s0x0,"M=32 efC=200 ef=100 alpha=0.9 beta=7 q=u8",64,0.9595307068,0.9910,218.7643,0.8370,0.0000,0.063930,"0.063872;0.064036;0.063735;0.064107;0.063930",18.519699,53996.56,,4.62,0,3452,10,True,nid006068,57240767
SparseHNSW_a0.9_b7_s0x0,"M=32 efC=200 ef=200 alpha=0.9 beta=7 q=u8",64,0.9750000000,0.9957,218.7643,0.8370,0.0000,0.114693,"0.114797;0.114693;0.114208;0.114573;0.114757",33.225087,30097.74,,4.62,0,3452,10,True,nid006068,57240767
SparseHNSW_a0.9_b7_s0x0,"M=32 efC=200 ef=400 alpha=0.9 beta=7 q=u8",64,0.9849942063,0.9991,218.7643,0.8370,0.0000,0.206523,"0.207213;0.206621;0.206523;0.205398;0.206362",59.827057,16714.85,,4.62,0,3452,10,True,nid006068,57240767
SparseHNSW_a0.9_b7_s0x0,"M=32 efC=200 ef=800 alpha=0.9 beta=7 q=u8",64,0.9890208575,0.9997,218.7643,0.8370,0.0000,0.387286,"0.387286;0.387730;0.386873;0.386344;0.387740",112.191773,8913.31,,4.62,0,3452,10,True,nid006068,57240767
SparseHNSW_a0.9_b7_s0x0,"M=32 efC=200 ef=1600 alpha=0.9 beta=7 q=u8",64,0.9924971031,1.0000,218.7643,0.8370,0.0000,0.736947,"0.737077;0.738605;0.736947;0.734988;0.735125",213.484067,4684.19,,4.62,0,3452,10,True,nid006068,57240767
SparseHNSW_a0.9_b7_s0x0,"M=32 efC=200 ef=3200 alpha=0.9 beta=7 q=u8",64,0.9942062572,1.0000,218.7643,0.8370,0.0000,1.379583,"1.379803;1.379503;1.379583;1.377597;1.379633",399.647451,2502.21,,4.63,0,3452,10,True,nid006068,57240767
SparseHNSW_a0.9_b8_s0x0,"M=32 efC=200 ef=10 alpha=0.9 beta=8 q=u8",64,0.9504924681,0.9849,218.7643,0.8370,0.0000,0.053968,"0.054282;0.054378;0.053964;0.053968;0.053933",15.633835,63963.83,,4.63,0,3452,10,True,nid006068,57240767
SparseHNSW_a0.9_b8_s0x0,"M=32 efC=200 ef=20 alpha=0.9 beta=8 q=u8",64,0.9504924681,0.9849,218.7643,0.8370,0.0000,0.053547,"0.053666;0.053581;0.053519;0.053547;0.053320",15.511877,64466.73,,4.63,0,3452,10,True,nid006068,57240767
SparseHNSW_a0.9_b8_s0x0,"M=32 efC=200 ef=50 alpha=0.9 beta=8 q=u8",64,0.9504924681,0.9849,218.7643,0.8370,0.0000,0.053669,"0.053553;0.053622;0.053982;0.053789;0.053669",15.547219,64320.18,,4.63,0,3452,10,True,nid006068,57240767
SparseHNSW_a0.9_b8_s0x0,"M=32 efC=200 ef=100 alpha=0.9 beta=8 q=u8",64,0.9595307068,0.9910,218.7643,0.8370,0.0000,0.064266,"0.064266;0.064409;0.064299;0.064224;0.064189",18.617034,53714.25,,4.63,0,3452,10,True,nid006068,57240767
SparseHNSW_a0.9_b8_s0x0,"M=32 efC=200 ef=200 alpha=0.9 beta=8 q=u8",64,0.9750000000,0.9957,218.7643,0.8370,0.0000,0.114356,"0.114118;0.114895;0.114273;0.114356;0.114731",33.127462,30186.44,,4.63,0,3452,10,True,nid006068,57240767
SparseHNSW_a0.9_b8_s0x0,"M=32 efC=200 ef=400 alpha=0.9 beta=8 q=u8",64,0.9849942063,0.9991,218.7643,0.8370,0.0000,0.207407,"0.207721;0.207766;0.206333;0.207407;0.207129",60.083140,16643.60,,4.63,0,3452,10,True,nid006068,57240767
SparseHNSW_a0.9_b8_s0x0,"M=32 efC=200 ef=800 alpha=0.9 beta=8 q=u8",64,0.9890208575,0.9997,218.7643,0.8370,0.0000,0.386585,"0.386585;0.386872;0.386044;0.385667;0.387282",111.988702,8929.47,,4.63,0,3452,10,True,nid006068,57240767
SparseHNSW_a0.9_b8_s0x0,"M=32 efC=200 ef=1600 alpha=0.9 beta=8 q=u8",64,0.9924971031,1.0000,218.7643,0.8370,0.0000,0.735944,"0.732957;0.735944;0.735892;0.736965;0.737180",213.193511,4690.57,,4.63,0,3452,10,True,nid006068,57240767
SparseHNSW_a0.9_b8_s0x0,"M=32 efC=200 ef=3200 alpha=0.9 beta=8 q=u8",64,0.9942062572,1.0000,218.7643,0.8370,0.0000,1.378915,"1.378367;1.381112;1.378119;1.380770;1.378915",399.453940,2503.42,,4.63,0,3452,10,True,nid006068,57240767
SparseHNSW_a0.9_b1_s8x4,"M=32 efC=200 ef=10 alpha=0.9 beta=1 q=u8 seedT=8 seedH=8 seedS=4",64,0.8744206257,0.7155,218.7643,0.8370,0.0000,0.022489,"0.023257;0.023001;0.022489;0.022409;0.022410",6.514774,153497.27,,4.63,0,3452,10,True,nid006068,57240767
SparseHNSW_a0.9_b1_s8x4,"M=32 efC=200 ef=20 alpha=0.9 beta=1 q=u8 seedT=8 seedH=8 seedS=4",64,0.8744206257,0.7155,218.7643,0.8370,0.0000,0.022055,"0.022128;0.022055;0.022123;0.021918;0.021958",6.389050,156517.80,,4.63,0,3452,10,True,nid006068,57240767
SparseHNSW_a0.9_b1_s8x4,"M=32 efC=200 ef=50 alpha=0.9 beta=1 q=u8 seedT=8 seedH=8 seedS=4",64,0.8925550406,0.7402,218.7643,0.8370,0.0000,0.031954,"0.032077;0.032053;0.031954;0.031936;0.031839",9.256663,108030.29,,4.63,0,3452,10,True,nid006068,57240767
SparseHNSW_a0.9_b1_s8x4,"M=32 efC=200 ef=100 alpha=0.9 beta=1 q=u8 seedT=8 seedH=8 seedS=4",64,0.9138760139,0.7646,218.7643,0.8370,0.0000,0.059607,"0.059635;0.059755;0.059470;0.059271;0.059607",17.267381,57912.66,,4.63,0,3452,10,True,nid006068,57240767
SparseHNSW_a0.9_b1_s8x4,"M=32 efC=200 ef=200 alpha=0.9 beta=1 q=u8 seedT=8 seedH=8 seedS=4",64,0.9238122827,0.7782,218.7643,0.8370,0.0000,0.110704,"0.110315;0.110484;0.110804;0.110749;0.110704",32.069525,31182.25,,4.63,0,3452,10,True,nid006068,57240767
SparseHNSW_a0.9_b1_s8x4,"M=32 efC=200 ef=400 alpha=0.9 beta=1 q=u8 seedT=8 seedH=8 seedS=4",64,0.9308227115,0.7887,218.7643,0.8370,0.0000,0.204324,"0.203809;0.204950;0.204324;0.204882;0.203930",59.190035,16894.74,,4.63,0,3452,10,True,nid006068,57240767
SparseHNSW_a0.9_b1_s8x4,"M=32 efC=200 ef=800 alpha=0.9 beta=1 q=u8 seedT=8 seedH=8 seedS=4",64,0.9331691773,0.7935,218.7643,0.8370,0.0000,0.384778,"0.384871;0.384518;0.384659;0.385482;0.384778",111.465238,8971.41,,4.63,0,3452,10,True,nid006068,57240767
SparseHNSW_a0.9_b1_s8x4,"M=32 efC=200 ef=1600 alpha=0.9 beta=1 q=u8 seedT=8 seedH=8 seedS=4",64,0.9351680185,0.7972,218.7643,0.8370,0.0000,0.734084,"0.736513;0.734084;0.732555;0.734317;0.733411",212.654693,4702.46,,4.63,0,3452,10,True,nid006068,57240767
SparseHNSW_a0.9_b1_s8x4,"M=32 efC=200 ef=3200 alpha=0.9 beta=1 q=u8 seedT=8 seedH=8 seedS=4",64,0.9362688297,0.7987,218.7643,0.8370,0.0000,1.379746,"1.379298;1.380090;1.380677;1.377571;1.379746",399.694670,2501.91,,4.63,0,3452,10,True,nid006068,57240767
SparseHNSW_a0.9_b2_s8x4,"M=32 efC=200 ef=10 alpha=0.9 beta=2 q=u8 seedT=8 seedH=8 seedS=4",64,0.9169177289,0.9777,218.7643,0.8370,0.0000,0.023258,"0.024058;0.023613;0.023258;0.023147;0.022911",6.737543,148422.05,,4.63,0,3452,10,True,nid006068,57240767
SparseHNSW_a0.9_b2_s8x4,"M=32 efC=200 ef=20 alpha=0.9 beta=2 q=u8 seedT=8 seedH=8 seedS=4",64,0.9169177289,0.9777,218.7643,0.8370,0.0000,0.022723,"0.022813;0.022777;0.022659;0.022723;0.022703",6.582561,151916.56,,4.63,0,3452,10,True,nid006068,57240767
SparseHNSW_a0.9_b2_s8x4,"M=32 efC=200 ef=50 alpha=0.9 beta=2 q=u8 seedT=8 seedH=8 seedS=4",64,0.9391946698,0.9855,218.7643,0.8370,0.0000,0.032598,"0.032755;0.032714;0.032598;0.032550;0.032511",9.443221,105896.07,,4.63,0,3452,10,True,nid006068,57240767
SparseHNSW_a0.9_b2_s8x4,"M=32 efC=200 ef=100 alpha=0.9 beta=2 q=u8 seedT=8 seedH=8 seedS=4",64,0.9644843569,0.9951,218.7643,0.8370,0.0000,0.060304,"0.060304;0.060359;0.060087;0.060353;0.060160",17.469293,57243.30,,4.63,0,3452,10,True,nid006068,57240767
SparseHNSW_a0.9_b2_s8x4,"M=32 efC=200 ef=200 alpha=0.9 beta=2 q=u8 seedT=8 seedH=8 seedS=4",64,0.9767670915,0.9977,218.7643,0.8370,0.0000,0.111569,"0.110923;0.112006;0.111569;0.111591;0.111261",32.320104,30940.49,,4.63,0,3452,10,True,nid006068,57240767
SparseHNSW_a0.9_b2_s8x4,"M=32 efC=200 ef=400 alpha=0.9 beta=2 q=u8 seedT=8 seedH=8 seedS=4",64,0.9854866744,0.9997,218.7643,0.8370,0.0000,0.205132,"0.205212;0.205132;0.204802;0.205549;0.204586",59.424102,16828.19,,4.63,0,3452,10,True,nid006068,57240767
SparseHNSW_a0.9_b2_s8x4,"M=32 efC=200 ef=800 alpha=0.9 beta=2 q=u8 seedT=8 seedH=8 seedS=4",64,0.9887022016,1.0000,218.7643,0.8370,0.0000,0.385649,"0.387271;0.385797;0.385625;0.384869;0.385649",111.717555,8951.14,,4.63,0,3452,10,True,nid006068,57240767
SparseHNSW_a0.9_b2_s8x4,"M=32 efC=200 ef=1600 alpha=0.9 beta=2 q=u8 seedT=8 seedH=8 seedS=4",64,0.9913962920,1.0000,218.7643,0.8370,0.0000,0.734540,"0.733626;0.735231;0.735166;0.734540;0.733453",212.786790,4699.54,,4.63,0,3452,10,True,nid006068,57240767
SparseHNSW_a0.9_b2_s8x4,"M=32 efC=200 ef=3200 alpha=0.9 beta=2 q=u8 seedT=8 seedH=8 seedS=4",64,0.9930764774,1.0000,218.7643,0.8370,0.0000,1.381287,"1.380742;1.381287;1.381310;1.383045;1.380237",400.141078,2499.12,,4.63,0,3452,10,True,nid006068,57240767
SparseHNSW_a0.9_b3_s8x4,"M=32 efC=200 ef=10 alpha=0.9 beta=3 q=u8 seedT=8 seedH=8 seedS=4",64,0.9177288528,0.9777,218.7643,0.8370,0.0000,0.023583,"0.024037;0.023859;0.023583;0.023372;0.023226",6.831692,146376.63,,4.63,0,3452,10,True,nid006068,57240767
SparseHNSW_a0.9_b3_s8x4,"M=32 efC=200 ef=20 alpha=0.9 beta=3 q=u8 seedT=8 seedH=8 seedS=4",64,0.9177288528,0.9777,218.7643,0.8370,0.0000,0.023015,"0.023028;0.023188;0.023015;0.022986;0.022901",6.667149,149989.14,,4.63,0,3452,10,True,nid006068,57240767
SparseHNSW_a0.9_b3_s8x4,"M=32 efC=200 ef=50 alpha=0.9 beta=3 q=u8 seedT=8 seedH=8 seedS=4",64,0.9400057937,0.9855,218.7643,0.8370,0.0000,0.032964,"0.032979;0.032992;0.032835;0.032964;0.032799",9.549247,104720.30,,4.63,0,3452,10,True,nid006068,57240767
SparseHNSW_a0.9_b3_s8x4,"M=32 efC=200 ef=100 alpha=0.9 beta=3 q=u8 seedT=8 seedH=8 seedS=4",64,0.9654982619,0.9951,218.7643,0.8370,0.0000,0.060424,"0.060430;0.060507;0.060424;0.060401;0.060035",17.504056,57129.62,,4.63,0,3452,10,True,nid006068,57240767
SparseHNSW_a0.9_b3_s8x4,"M=32 efC=200 ef=200 alpha=0.9 beta=3 q=u8 seedT=8 seedH=8 seedS=4",64,0.9778679027,0.9977,218.7643,0.8370,0.0000,0.111050,"0.110962;0.111050;0.111033;0.111807;0.111669",32.169757,31085.10,,4.63,0,3452,10,True,nid006068,57240767
SparseHNSW_a0.9_b3_s8x4,"M=32 efC=200 ef=400 alpha=0.9 beta=3 q=u8 seedT=8 seedH=8 seedS=4",64,0.9866164542,0.9997,218.7643,0.8370,0.0000,0.204574,"0.203940;0.204574;0.204974;0.204292;0.204812",59.262457,16874.09,,4.63,0,3452,10,True,nid006068,57240767
SparseHNSW_a0.9_b3_s8x4,"M=32 efC=200 ef=800 alpha=0.9 beta=3 q=u8 seedT=8 seedH=8 seedS=4",64,0.9898899189,1.0000,218.7643,0.8370,0.0000,0.385899,"0.387046;0.385899;0.385292;0.384863;0.387074",111.789977,8945.35,,4.63,0,3452,10,True,nid006068,57240767
SparseHNSW_a0.9_b3_s8x4,"M=32 efC=200 ef=1600 alpha=0.9 beta=3 q=u8 seedT=8 seedH=8 seedS=4",64,0.9925840093,1.0000,218.7643,0.8370,0.0000,0.734990,"0.734990;0.734656;0.735684;0.735586;0.734836",212.917149,4696.66,,4.63,0,3452,10,True,nid006068,57240767
SparseHNSW_a0.9_b3_s8x4,"M=32 efC=200 ef=3200 alpha=0.9 beta=3 q=u8 seedT=8 seedH=8 seedS=4",64,0.9942931634,1.0000,218.7643,0.8370,0.0000,1.379027,"1.377704;1.381193;1.379556;1.379027;1.378253",399.486385,2503.21,,4.63,0,3452,10,True,nid006068,57240767
SparseHNSW_a0.9_b4_s8x4,"M=32 efC=200 ef=10 alpha=0.9 beta=4 q=u8 seedT=8 seedH=8 seedS=4",64,0.9303881808,0.9826,218.7643,0.8370,0.0000,0.028178,"0.028575;0.028518;0.028178;0.027906;0.027730",8.162804,122506.92,,4.63,0,3452,10,True,nid006068,57240767
SparseHNSW_a0.9_b4_s8x4,"M=32 efC=200 ef=20 alpha=0.9 beta=4 q=u8 seedT=8 seedH=8 seedS=4",64,0.9303881808,0.9826,218.7643,0.8370,0.0000,0.027529,"0.027529;0.027573;0.027563;0.027389;0.027407",7.974797,125395.04,,4.63,0,3452,10,True,nid006068,57240767
SparseHNSW_a0.9_b4_s8x4,"M=32 efC=200 ef=50 alpha=0.9 beta=4 q=u8 seedT=8 seedH=8 seedS=4",64,0.9401216686,0.9855,218.7643,0.8370,0.0000,0.033070,"0.033322;0.033189;0.033010;0.033070;0.032996",9.579954,104384.64,,4.63,0,3452,10,True,nid006068,57240767
SparseHNSW_a0.9_b4_s8x4,"M=32 efC=200 ef=100 alpha=0.9 beta=4 q=u8 seedT=8 seedH=8 seedS=4",64,0.9656720742,0.9951,218.7643,0.8370,0.0000,0.060791,"0.060924;0.061180;0.060592;0.060791;0.060769",17.610371,56784.72,,4.63,0,3452,10,True,nid006068,57240767
SparseHNSW_a0.9_b4_s8x4,"M=32 efC=200 ef=200 alpha=0.9 beta=4 q=u8 seedT=8 seedH=8 seedS=4",64,0.9780996524,0.9977,218.7643,0.8370,0.0000,0.111673,"0.111567;0.111535;0.111673;0.112025;0.112077",32.350232,30911.68,,4.63,0,3452,10,True,nid006068,57240767
SparseHNSW_a0.9_b4_s8x4,"M=32 efC=200 ef=400 alpha=0.9 beta=4 q=u8 seedT=8 seedH=8 seedS=4",64,0.9868482039,0.9997,218.7643,0.8370,0.0000,0.204447,"0.204447;0.204979;0.204359;0.205216;0.204418",59.225666,16884.57,,4.63,0,3452,10,True,nid006068,57240767
SparseHNSW_a0.9_b4_s8x4,"M=32 efC=200 ef=800 alpha=0.9 beta=4 q=u8 seedT=8 seedH=8 seedS=4",64,0.9901216686,1.0000,218.7643,0.8370,0.0000,0.385963,"0.386920;0.385505;0.386049;0.384877;0.385963",111.808517,8943.86,,4.63,0,3452,10,True,nid006068,57240767
SparseHNSW_a0.9_b4_s8x4,"M=32 efC=200 ef=1600 alpha=0.9 beta=4 q=u8 seedT=8 seedH=8 seedS=4",64,0.9928447277,1.0000,218.7643,0.8370,0.0000,0.733801,"0.733500;0.736946;0.733801;0.736152;0.733472",212.572711,4704.27,,4.63,0,3452,10,True,nid006068,57240767
SparseHNSW_a0.9_b4_s8x4,"M=32 efC=200 ef=3200 alpha=0.9 beta=4 q=u8 seedT=8 seedH=8 seedS=4",64,0.9945538818,1.0000,218.7643,0.8370,0.0000,1.380193,"1.379358;1.381315;1.380193;1.381320;1.379618",399.824160,2501.10,,4.63,0,3452,10,True,nid006068,57240767
SparseHNSW_a0.9_b5_s8x4,"M=32 efC=200 ef=10 alpha=0.9 beta=5 q=u8 seedT=8 seedH=8 seedS=4",64,0.9401216686,0.9855,218.7643,0.8370,0.0000,0.033947,"0.034507;0.034471;0.033947;0.033811;0.033683",9.834009,101687.93,,4.63,0,3452,10,True,nid006068,57240767
SparseHNSW_a0.9_b5_s8x4,"M=32 efC=200 ef=20 alpha=0.9 beta=5 q=u8 seedT=8 seedH=8 seedS=4",64,0.9401216686,0.9855,218.7643,0.8370,0.0000,0.033399,"0.033575;0.033472;0.033387;0.033397;0.033399",9.675261,103356.39,,4.63,0,3452,10,True,nid006068,57240767
SparseHNSW_a0.9_b5_s8x4,"M=32 efC=200 ef=50 alpha=0.9 beta=5 q=u8 seedT=8 seedH=8 seedS=4",64,0.9401216686,0.9855,218.7643,0.8370,0.0000,0.033334,"0.033301;0.033352;0.033314;0.033388;0.033334",9.656431,103557.93,,4.63,0,3452,10,True,nid006068,57240767
SparseHNSW_a0.9_b5_s8x4,"M=32 efC=200 ef=100 alpha=0.9 beta=5 q=u8 seedT=8 seedH=8 seedS=4",64,0.9656720742,0.9951,218.7643,0.8370,0.0000,0.060980,"0.061155;0.060913;0.061126;0.060778;0.060980",17.665122,56608.72,,4.63,0,3452,10,True,nid006068,57240767
SparseHNSW_a0.9_b5_s8x4,"M=32 efC=200 ef=200 alpha=0.9 beta=5 q=u8 seedT=8 seedH=8 seedS=4",64,0.9780996524,0.9977,218.7643,0.8370,0.0000,0.111813,"0.111080;0.111813;0.112578;0.111568;0.111988",32.390788,30872.98,,4.63,0,3452,10,True,nid006068,57240767
SparseHNSW_a0.9_b5_s8x4,"M=32 efC=200 ef=400 alpha=0.9 beta=5 q=u8 seedT=8 seedH=8 seedS=4",64,0.9868482039,0.9997,218.7643,0.8370,0.0000,0.205440,"0.205440;0.205439;0.204951;0.206154;0.205546",59.513326,16802.96,,4.63,0,3452,10,True,nid006068,57240767
SparseHNSW_a0.9_b5_s8x4,"M=32 efC=200 ef=800 alpha=0.9 beta=5 q=u8 seedT=8 seedH=8 seedS=4",64,0.9901216686,1.0000,218.7643,0.8370,0.0000,0.386537,"0.386870;0.385866;0.386687;0.385432;0.386537",111.974797,8930.58,,4.63,0,3452,10,True,nid006068,57240767
SparseHNSW_a0.9_b5_s8x4,"M=32 efC=200 ef=1600 alpha=0.9 beta=5 q=u8 seedT=8 seedH=8 seedS=4",64,0.9928447277,1.0000,218.7643,0.8370,0.0000,0.735358,"0.733809;0.735358;0.733555;0.736421;0.736200",213.023754,4694.31,,4.63,0,3452,10,True,nid006068,57240767
SparseHNSW_a0.9_b5_s8x4,"M=32 efC=200 ef=3200 alpha=0.9 beta=5 q=u8 seedT=8 seedH=8 seedS=4",64,0.9945538818,1.0000,218.7643,0.8370,0.0000,1.380909,"1.381138;1.380909;1.380373;1.380154;1.382984",400.031576,2499.80,,4.63,0,3452,10,True,nid006068,57240767
SparseHNSW_a0.9_b6_s8x4,"M=32 efC=200 ef=10 alpha=0.9 beta=6 q=u8 seedT=8 seedH=8 seedS=4",64,0.9472769409,0.9881,218.7643,0.8370,0.0000,0.039916,"0.040433;0.040428;0.039916;0.039736;0.039535",11.563152,86481.61,,4.63,0,3452,10,True,nid006068,57240767
SparseHNSW_a0.9_b6_s8x4,"M=32 efC=200 ef=20 alpha=0.9 beta=6 q=u8 seedT=8 seedH=8 seedS=4",64,0.9472769409,0.9881,218.7643,0.8370,0.0000,0.039362,"0.039517;0.039362;0.039379;0.039257;0.039202",11.402665,87698.80,,4.63,0,3452,10,True,nid006068,57240767
SparseHNSW_a0.9_b6_s8x4,"M=32 efC=200 ef=50 alpha=0.9 beta=6 q=u8 seedT=8 seedH=8 seedS=4",64,0.9472769409,0.9881,218.7643,0.8370,0.0000,0.039119,"0.039274;0.039103;0.039119;0.039118;0.039163",11.332271,88243.56,,4.63,0,3452,10,True,nid006068,57240767
SparseHNSW_a0.9_b6_s8x4,"M=32 efC=200 ef=100 alpha=0.9 beta=6 q=u8 seedT=8 seedH=8 seedS=4",64,0.9656720742,0.9951,218.7643,0.8370,0.0000,0.061222,"0.061123;0.061071;0.061360;0.061222;0.061342",17.735226,56384.96,,4.63,0,3452,10,True,nid006068,57240767
SparseHNSW_a0.9_b6_s8x4,"M=32 efC=200 ef=200 alpha=0.9 beta=6 q=u8 seedT=8 seedH=8 seedS=4",64,0.9780996524,0.9977,218.7643,0.8370,0.0000,0.111923,"0.112416;0.111401;0.112081;0.111923;0.111688",32.422654,30842.63,,4.63,0,3452,10,True,nid006068,57240767
SparseHNSW_a0.9_b6_s8x4,"M=32 efC=200 ef=400 alpha=0.9 beta=6 q=u8 seedT=8 seedH=8 seedS=4",64,0.9868482039,0.9997,218.7643,0.8370,0.0000,0.205309,"0.205340;0.205286;0.205085;0.205309;0.205434",59.475377,16813.68,,4.63,0,3452,10,True,nid006068,57240767
SparseHNSW_a0.9_b6_s8x4,"M=32 efC=200 ef=800 alpha=0.9 beta=6 q=u8 seedT=8 seedH=8 seedS=4",64,0.9901216686,1.0000,218.7643,0.8370,0.0000,0.385916,"0.387103;0.385635;0.386547;0.385691;0.385916",111.794902,8944.95,,4.63,0,3452,10,True,nid006068,57240767
SparseHNSW_a0.9_b6_s8x4,"M=32 efC=200 ef=1600 alpha=0.9 beta=6 q=u8 seedT=8 seedH=8 seedS=4",64,0.9928447277,1.0000,218.7643,0.8370,0.0000,0.735897,"0.735710;0.736455;0.736941;0.735897;0.735761",213.179896,4690.87,,4.63,0,3452,10,True,nid006068,57240767
SparseHNSW_a0.9_b6_s8x4,"M=32 efC=200 ef=3200 alpha=0.9 beta=6 q=u8 seedT=8 seedH=8 seedS=4",64,0.9945538818,1.0000,218.7643,0.8370,0.0000,1.380019,"1.378059;1.380799;1.380019;1.378636;1.381244",399.773754,2501.41,,4.63,0,3452,10,True,nid006068,57240767
SparseHNSW_a0.9_b7_s8x4,"M=32 efC=200 ef=10 alpha=0.9 beta=7 q=u8 seedT=8 seedH=8 seedS=4",64,0.9535052144,0.9904,218.7643,0.8370,0.0000,0.045830,"0.046217;0.046148;0.045830;0.045654;0.045506",13.276362,75321.84,,4.63,0,3452,10,True,nid006068,57240767
SparseHNSW_a0.9_b7_s8x4,"M=32 efC=200 ef=20 alpha=0.9 beta=7 q=u8 seedT=8 seedH=8 seedS=4",64,0.9535052144,0.9904,218.7643,0.8370,0.0000,0.045316,"0.045212;0.045388;0.045279;0.045316;0.045351",13.127462,76176.19,,4.63,0,3452,10,True,nid006068,57240767
SparseHNSW_a0.9_b7_s8x4,"M=32 efC=200 ef=50 alpha=0.9 beta=7 q=u8 seedT=8 seedH=8 seedS=4",64,0.9535052144,0.9904,218.7643,0.8370,0.0000,0.045227,"0.045294;0.045227;0.045185;0.045246;0.045166",13.101680,76326.09,,4.63,0,3452,10,True,nid006068,57240767
SparseHNSW_a0.9_b7_s8x4,"M=32 efC=200 ef=100 alpha=0.9 beta=7 q=u8 seedT=8 seedH=8 seedS=4",64,0.9656720742,0.9951,218.7643,0.8370,0.0000,0.061418,"0.061418;0.061467;0.061692;0.061318;0.061396",17.792005,56205.02,,4.63,0,3452,10,True,nid006068,57240767
SparseHNSW_a0.9_b7_s8x4,"M=32 efC=200 ef=200 alpha=0.9 beta=7 q=u8 seedT=8 seedH=8 seedS=4",64,0.9780996524,0.9977,218.7643,0.8370,0.0000,0.112249,"0.111806;0.111803;0.112249;0.112340;0.112263",32.517092,30753.06,,4.63,0,3452,10,True,nid006068,57240767
SparseHNSW_a0.9_b7_s8x4,"M=32 efC=200 ef=400 alpha=0.9 beta=7 q=u8 seedT=8 seedH=8 seedS=4",64,0.9868482039,0.9997,218.7643,0.8370,0.0000,0.205508,"0.205632;0.205940;0.205508;0.205078;0.204569",59.533024,16797.40,,4.63,0,3452,10,True,nid006068,57240767
SparseHNSW_a0.9_b7_s8x4,"M=32 efC=200 ef=800 alpha=0.9 beta=7 q=u8 seedT=8 seedH=8 seedS=4",64,0.9901216686,1.0000,218.7643,0.8370,0.0000,0.386159,"0.387630;0.386958;0.385636;0.384976;0.386159",111.865295,8939.32,,4.63,0,3452,10,True,nid006068,57240767
SparseHNSW_a0.9_b7_s8x4,"M=32 efC=200 ef=1600 alpha=0.9 beta=7 q=u8 seedT=8 seedH=8 seedS=4",64,0.9928447277,1.0000,218.7643,0.8370,0.0000,0.735143,"0.735143;0.733889;0.736227;0.737335;0.734384",212.961472,4695.69,,4.63,0,3452,10,True,nid006068,57240767
SparseHNSW_a0.9_b7_s8x4,"M=32 efC=200 ef=3200 alpha=0.9 beta=7 q=u8 seedT=8 seedH=8 seedS=4",64,0.9945538818,1.0000,218.7643,0.8370,0.0000,1.380515,"1.378915;1.380515;1.378474;1.381532;1.381127",399.917439,2500.52,,4.63,0,3452,10,True,nid006068,57240767
SparseHNSW_a0.9_b8_s8x4,"M=32 efC=200 ef=10 alpha=0.9 beta=8 q=u8 seedT=8 seedH=8 seedS=4",64,0.9589803013,0.9922,218.7643,0.8370,0.0000,0.051554,"0.051298;0.052020;0.051661;0.051554;0.051276",14.934531,66958.92,,4.63,0,3452,10,True,nid006068,57240767
SparseHNSW_a0.9_b8_s8x4,"M=32 efC=200 ef=20 alpha=0.9 beta=8 q=u8 seedT=8 seedH=8 seedS=4",64,0.9589803013,0.9922,218.7643,0.8370,0.0000,0.051095,"0.051086;0.051148;0.051368;0.051095;0.051010",14.801564,67560.43,,4.63,0,3452,10,True,nid006068,57240767
SparseHNSW_a0.9_b8_s8x4,"M=32 efC=200 ef=50 alpha=0.9 beta=8 q=u8 seedT=8 seedH=8 seedS=4",64,0.9589803013,0.9922,218.7643,0.8370,0.0000,0.050984,"0.050984;0.050949;0.051034;0.051001;0.050916",14.769409,67707.52,,4.63,0,3452,10,True,nid006068,57240767
SparseHNSW_a0.9_b8_s8x4,"M=32 efC=200 ef=100 alpha=0.9 beta=8 q=u8 seedT=8 seedH=8 seedS=4",64,0.9656720742,0.9951,218.7643,0.8370,0.0000,0.061722,"0.061521;0.061783;0.061652;0.061722;0.061977",17.880070,55928.19,,4.63,0,3452,10,True,nid006068,57240767
SparseHNSW_a0.9_b8_s8x4,"M=32 efC=200 ef=200 alpha=0.9 beta=8 q=u8 seedT=8 seedH=8 seedS=4",64,0.9780996524,0.9977,218.7643,0.8370,0.0000,0.112146,"0.112528;0.112146;0.111832;0.112135;0.113345",32.487254,30781.30,,4.63,0,3452,10,True,nid006068,57240767
SparseHNSW_a0.9_b8_s8x4,"M=32 efC=200 ef=400 alpha=0.9 beta=8 q=u8 seedT=8 seedH=8 seedS=4",64,0.9868482039,0.9997,218.7643,0.8370,0.0000,0.205028,"0.205229;0.204811;0.206607;0.205028;0.204767",59.393975,16836.72,,4.63,0,3452,10,True,nid006068,57240767
SparseHNSW_a0.9_b8_s8x4,"M=32 efC=200 ef=800 alpha=0.9 beta=8 q=u8 seedT=8 seedH=8 seedS=4",64,0.9901216686,1.0000,218.7643,0.8370,0.0000,0.386336,"0.386829;0.386267;0.386336;0.386214;0.386430",111.916570,8935.23,,4.63,0,3452,10,True,nid006068,57240767
SparseHNSW_a0.9_b8_s8x4,"M=32 efC=200 ef=1600 alpha=0.9 beta=8 q=u8 seedT=8 seedH=8 seedS=4",64,0.9928447277,1.0000,218.7643,0.8370,0.0000,0.736343,"0.736343;0.738531;0.737364;0.735013;0.734500",213.309096,4688.03,,4.63,0,3452,10,True,nid006068,57240767
SparseHNSW_a0.9_b8_s8x4,"M=32 efC=200 ef=3200 alpha=0.9 beta=8 q=u8 seedT=8 seedH=8 seedS=4",64,0.9945538818,1.0000,218.7643,0.8370,0.0000,1.382516,"1.382516;1.382632;1.382871;1.382431;1.381255",400.497103,2496.90,,4.63,0,3452,10,True,nid006068,57240767
SparseHNSW_a1.0_b1_s0x0,"M=32 efC=200 ef=10 alpha=1 beta=1 q=u8",64,0.7322132097,0.5340,328.0264,0.8355,0.0000,0.018073,"0.016877;0.017977;0.018254;0.018286;0.018073",5.235516,191003.15,,3.56,0,3452,10,True,nid006068,57240767
SparseHNSW_a1.0_b1_s0x0,"M=32 efC=200 ef=20 alpha=1 beta=1 q=u8",64,0.8394553882,0.7019,328.0264,0.8355,0.0000,0.029346,"0.029785;0.029543;0.029346;0.029198;0.029027",8.501159,117631.02,,3.56,0,3452,10,True,nid006068,57240767
SparseHNSW_a1.0_b1_s0x0,"M=32 efC=200 ef=50 alpha=1 beta=1 q=u8",64,0.9230590962,0.8322,328.0264,0.8355,0.0000,0.059149,"0.059351;0.059010;0.059386;0.058717;0.059149",17.134705,58361.09,,3.56,0,3452,10,True,nid006068,57240767
SparseHNSW_a1.0_b1_s0x0,"M=32 efC=200 ef=100 alpha=1 beta=1 q=u8",64,0.9492757822,0.8765,328.0264,0.8355,0.0000,0.100738,"0.100474;0.100989;0.100426;0.100738;0.101107",29.182503,34267.11,,3.56,0,3452,10,True,nid006068,57240767
SparseHNSW_a1.0_b1_s0x0,"M=32 efC=200 ef=200 alpha=1 beta=1 q=u8",64,0.9703360371,0.9114,328.0264,0.8355,0.0000,0.170391,"0.168204;0.168916;0.170391;0.172001;0.171388",49.360081,20259.29,,3.56,0,3452,10,True,nid006068,57240767
SparseHNSW_a1.0_b1_s0x0,"M=32 efC=200 ef=400 alpha=1 beta=1 q=u8",64,0.9804750869,0.9309,328.0264,0.8355,0.0000,0.296967,"0.296013;0.296967;0.298531;0.296926;0.299470",86.027520,11624.19,,3.56,0,3452,10,True,nid006068,57240767
SparseHNSW_a1.0_b1_s0x0,"M=32 efC=200 ef=800 alpha=1 beta=1 q=u8",64,0.9858342990,0.9435,328.0264,0.8355,0.0000,0.568061,"0.570902;0.566796;0.565339;0.570259;0.568061",164.559965,6076.81,,3.56,0,3452,10,True,nid006068,57240767
SparseHNSW_a1.0_b1_s0x0,"M=32 efC=200 ef=1600 alpha=1 beta=1 q=u8",64,0.9891657010,0.9530,328.0264,0.8355,0.0000,1.099050,"1.089961;1.092594;1.101149;1.099050;1.100067",318.380649,3140.89,,3.56,0,3452,10,True,nid006068,57240767
SparseHNSW_a1.0_b1_s0x0,"M=32 efC=200 ef=3200 alpha=1 beta=1 q=u8",64,0.9910776362,0.9592,328.0264,0.8355,0.0000,2.071137,"2.067867;2.071840;2.081766;2.071137;2.067157",599.981750,1666.72,,3.56,0,3452,10,True,nid006068,57240767
SparseHNSW_a1.0_b1_s8x4,"M=32 efC=200 ef=10 alpha=1 beta=1 q=u8 seedT=8 seedH=8 seedS=4",64,0.9166859791,0.8040,328.0264,0.8355,0.0000,0.038661,"0.037839;0.039522;0.039003;0.038661;0.038251",11.199594,89288.95,,3.56,0,3452,10,True,nid006068,57240767
SparseHNSW_a1.0_b1_s8x4,"M=32 efC=200 ef=20 alpha=1 beta=1 q=u8 seedT=8 seedH=8 seedS=4",64,0.9166859791,0.8040,328.0264,0.8355,0.0000,0.037909,"0.038050;0.037955;0.037909;0.037807;0.037723",10.981750,91060.17,,3.56,0,3452,10,True,nid006068,57240767
SparseHNSW_a1.0_b1_s8x4,"M=32 efC=200 ef=50 alpha=1 beta=1 q=u8 seedT=8 seedH=8 seedS=4",64,0.9378910776,0.8459,328.0264,0.8355,0.0000,0.054215,"0.054419;0.054342;0.054215;0.054063;0.054041",15.705388,63672.42,,3.56,0,3452,10,True,nid006068,57240767
SparseHNSW_a1.0_b1_s8x4,"M=32 efC=200 ef=100 alpha=1 beta=1 q=u8 seedT=8 seedH=8 seedS=4",64,0.9597914253,0.8872,328.0264,0.8355,0.0000,0.097104,"0.097970;0.097512;0.096497;0.097104;0.097083",28.129780,35549.51,,3.56,0,3452,10,True,nid006068,57240767
SparseHNSW_a1.0_b1_s8x4,"M=32 efC=200 ef=200 alpha=1 beta=1 q=u8 seedT=8 seedH=8 seedS=4",64,0.9752607184,0.9176,328.0264,0.8355,0.0000,0.168011,"0.166024;0.168011;0.166732;0.168795;0.168508",48.670626,20546.27,,3.56,0,3452,10,True,nid006068,57240767
SparseHNSW_a1.0_b1_s8x4,"M=32 efC=200 ef=400 alpha=1 beta=1 q=u8 seedT=8 seedH=8 seedS=4",64,0.9828505214,0.9349,328.0264,0.8355,0.0000,0.297123,"0.297123;0.296104;0.298283;0.296373;0.297252",86.072711,11618.08,,3.56,0,3452,10,True,nid006068,57240767
SparseHNSW_a1.0_b1_s8x4,"M=32 efC=200 ef=800 alpha=1 beta=1 q=u8 seedT=8 seedH=8 seedS=4",64,0.9865295481,0.9454,328.0264,0.8355,0.0000,0.565272,"0.558389;0.565797;0.565272;0.565643;0.560620",163.752028,6106.79,,3.56,0,3452,10,True,nid006068,57240767
SparseHNSW_a1.0_b1_s8x4,"M=32 efC=200 ef=1600 alpha=1 beta=1 q=u8 seedT=8 seedH=8 seedS=4",64,0.9894553882,0.9540,328.0264,0.8355,0.0000,1.103517,"1.093691;1.106846;1.103517;1.095394;1.103712",319.674681,3128.18,,3.56,0,3452,10,True,nid006068,57240767
SparseHNSW_a1.0_b1_s8x4,"M=32 efC=200 ef=3200 alpha=1 beta=1 q=u8 seedT=8 seedH=8 seedS=4",64,0.9913093859,0.9603,328.0264,0.8355,0.0000,2.073541,"2.073541;2.069120;2.085290;2.072898;2.077270",600.678158,1664.79,,3.56,0,3452,10,True,nid006068,57240767
