Model,Params,Threads,Recall,RR@10,IndexSec,LoadSec,ConvertSec,SearchSecMedian,SearchSecRuns,AmortizedUsPerQuery,QPS,LatencyUsSingleThread,PeakRSSGB,IndexBytes,NumQueries,K,ResultsOrdered,Host,JobID
SparseHNSW_a0.5_b1_p0,"M=32 efC=200 ef=10 alpha=0.5 beta=1 q=u8 seedT=8 seedH=8 seedS=4",64,0.6064889919,0.5252,85.9526,2.9836,0.0000,0.012454,"0.013420;0.012454;0.012190",3.607764,277180.02,,4.17,0,3452,10,True,nid007071,57248609
SparseHNSW_a0.5_b1_p0,"M=32 efC=200 ef=20 alpha=0.5 beta=1 q=u8 seedT=8 seedH=8 seedS=4",64,0.6064889919,0.5252,85.9526,2.9836,0.0000,0.012075,"0.012075;0.012159;0.011999",3.497972,285879.92,,4.17,0,3452,10,True,nid007071,57248609
SparseHNSW_a0.5_b1_p0,"M=32 efC=200 ef=50 alpha=0.5 beta=1 q=u8 seedT=8 seedH=8 seedS=4",64,0.6138760139,0.5324,85.9526,2.9836,0.0000,0.017972,"0.018003;0.017972;0.017940",5.206257,192076.56,,4.17,0,3452,10,True,nid007071,57248609
SparseHNSW_a0.5_b1_p0,"M=32 efC=200 ef=100 alpha=0.5 beta=1 q=u8 seedT=8 seedH=8 seedS=4",64,0.6226825029,0.5396,85.9526,2.9836,0.0000,0.034472,"0.034472;0.034439;0.034478",9.986095,100139.24,,4.17,0,3452,10,True,nid007071,57248609
SparseHNSW_a0.5_b1_p0,"M=32 efC=200 ef=200 alpha=0.5 beta=1 q=u8 seedT=8 seedH=8 seedS=4",64,0.6272885284,0.5460,85.9526,2.9836,0.0000,0.064713,"0.064645;0.064713;0.064751",18.746524,53343.22,,4.17,0,3452,10,True,nid007071,57248609
SparseHNSW_a0.5_b1_p0,"M=32 efC=200 ef=400 alpha=0.5 beta=1 q=u8 seedT=8 seedH=8 seedS=4",64,0.6291714948,0.5499,85.9526,2.9836,0.0000,0.122532,"0.122516;0.122642;0.122532",35.495944,28172.23,,4.17,0,3452,10,True,nid007071,57248609
SparseHNSW_a0.5_b1_p0,"M=32 efC=200 ef=800 alpha=0.5 beta=1 q=u8 seedT=8 seedH=8 seedS=4",64,0.6306199305,0.5517,85.9526,2.9836,0.0000,0.235049,"0.235049;0.235229;0.234368",68.090672,14686.30,,4.17,0,3452,10,True,nid007071,57248609
SparseHNSW_a0.5_b1_p0,"M=32 efC=200 ef=1600 alpha=0.5 beta=1 q=u8 seedT=8 seedH=8 seedS=4",64,0.6314600232,0.5526,85.9526,2.9836,0.0000,0.458014,"0.457797;0.458014;0.458117",132.680765,7536.89,,4.17,0,3452,10,True,nid007071,57248609
SparseHNSW_a0.5_b1_p0,"M=32 efC=200 ef=3200 alpha=0.5 beta=1 q=u8 seedT=8 seedH=8 seedS=4",64,0.6324739282,0.5546,85.9526,2.9836,0.0000,0.880901,"0.880434;0.880901;0.881568",255.185689,3918.72,,4.17,0,3452,10,True,nid007071,57248609
SparseHNSW_a0.5_b2_p0,"M=32 efC=200 ef=10 alpha=0.5 beta=2 q=u8 seedT=8 seedH=8 seedS=4",64,0.7527230591,0.9771,85.9526,2.9836,0.0000,0.013318,"0.013866;0.013318;0.013082",3.858053,259198.08,,4.17,0,3452,10,True,nid007071,57248609
SparseHNSW_a0.5_b2_p0,"M=32 efC=200 ef=20 alpha=0.5 beta=2 q=u8 seedT=8 seedH=8 seedS=4",64,0.7527230591,0.9771,85.9526,2.9836,0.0000,0.012987,"0.012997;0.012987;0.012954",3.762167,265804.27,,4.17,0,3452,10,True,nid007071,57248609
SparseHNSW_a0.5_b2_p0,"M=32 efC=200 ef=50 alpha=0.5 beta=2 q=u8 seedT=8 seedH=8 seedS=4",64,0.7635863268,0.9858,85.9526,2.9836,0.0000,0.018982,"0.018969;0.018982;0.019408",5.498841,181856.50,,4.17,0,3452,10,True,nid007071,57248609
SparseHNSW_a0.5_b2_p0,"M=32 efC=200 ef=100 alpha=0.5 beta=2 q=u8 seedT=8 seedH=8 seedS=4",64,0.7763325608,0.9945,85.9526,2.9836,0.0000,0.035362,"0.035398;0.035362;0.035184",10.243917,97618.91,,4.17,0,3452,10,True,nid007071,57248609
SparseHNSW_a0.5_b2_p0,"M=32 efC=200 ef=200 alpha=0.5 beta=2 q=u8 seedT=8 seedH=8 seedS=4",64,0.7824449594,0.9986,85.9526,2.9836,0.0000,0.065747,"0.065775;0.065596;0.065747",19.046060,52504.30,,4.17,0,3452,10,True,nid007071,57248609
SparseHNSW_a0.5_b2_p0,"M=32 efC=200 ef=400 alpha=0.5 beta=2 q=u8 seedT=8 seedH=8 seedS=4",64,0.7851100811,0.9988,85.9526,2.9836,0.0000,0.123215,"0.123095;0.123291;0.123215",35.693801,28016.07,,4.17,0,3452,10,True,nid007071,57248609
SparseHNSW_a0.5_b2_p0,"M=32 efC=200 ef=800 alpha=0.5 beta=2 q=u8 seedT=8 seedH=8 seedS=4",64,0.7874275782,0.9994,85.9526,2.9836,0.0000,0.235187,"0.235174;0.235187;0.235576",68.130649,14677.68,,4.17,0,3452,10,True,nid007071,57248609
SparseHNSW_a0.5_b2_p0,"M=32 efC=200 ef=1600 alpha=0.5 beta=2 q=u8 seedT=8 seedH=8 seedS=4",64,0.7889629200,0.9994,85.9526,2.9836,0.0000,0.458436,"0.458303;0.458915;0.458436",132.803013,7529.95,,4.17,0,3452,10,True,nid007071,57248609
SparseHNSW_a0.5_b2_p0,"M=32 efC=200 ef=3200 alpha=0.5 beta=2 q=u8 seedT=8 seedH=8 seedS=4",64,0.7904403244,0.9994,85.9526,2.9836,0.0000,0.881975,"0.881117;0.881975;0.882410",255.496813,3913.94,,4.17,0,3452,10,True,nid007071,57248609
SparseHNSW_a0.5_b3_p0,"M=32 efC=200 ef=10 alpha=0.5 beta=3 q=u8 seedT=8 seedH=8 seedS=4",64,0.8065469293,0.9777,85.9526,2.9836,0.0000,0.013719,"0.014448;0.013719;0.013509",3.974218,251621.84,,4.17,0,3452,10,True,nid007071,57248609
SparseHNSW_a0.5_b3_p0,"M=32 efC=200 ef=20 alpha=0.5 beta=3 q=u8 seedT=8 seedH=8 seedS=4",64,0.8065469293,0.9777,85.9526,2.9836,0.0000,0.013322,"0.013330;0.013314;0.013322",3.859212,259120.25,,4.17,0,3452,10,True,nid007071,57248609
SparseHNSW_a0.5_b3_p0,"M=32 efC=200 ef=50 alpha=0.5 beta=3 q=u8 seedT=8 seedH=8 seedS=4",64,0.8193511008,0.9867,85.9526,2.9836,0.0000,0.019330,"0.019330;0.019343;0.019243",5.599652,178582.51,,4.17,0,3452,10,True,nid007071,57248609
SparseHNSW_a0.5_b3_p0,"M=32 efC=200 ef=100 alpha=0.5 beta=3 q=u8 seedT=8 seedH=8 seedS=4",64,0.8330243337,0.9948,85.9526,2.9836,0.0000,0.035767,"0.035680;0.035767;0.035775",10.361240,96513.55,,4.17,0,3452,10,True,nid007071,57248609
SparseHNSW_a0.5_b3_p0,"M=32 efC=200 ef=200 alpha=0.5 beta=3 q=u8 seedT=8 seedH=8 seedS=4",64,0.8398609502,0.9988,85.9526,2.9836,0.0000,0.065896,"0.065896;0.065678;0.066015",19.089224,52385.58,,4.17,0,3452,10,True,nid007071,57248609
SparseHNSW_a0.5_b3_p0,"M=32 efC=200 ef=400 alpha=0.5 beta=3 q=u8 seedT=8 seedH=8 seedS=4",64,0.8435399768,0.9991,85.9526,2.9836,0.0000,0.123705,"0.123647;0.123990;0.123705",35.835747,27905.10,,4.17,0,3452,10,True,nid007071,57248609
SparseHNSW_a0.5_b3_p0,"M=32 efC=200 ef=800 alpha=0.5 beta=3 q=u8 seedT=8 seedH=8 seedS=4",64,0.8460602549,0.9997,85.9526,2.9836,0.0000,0.235406,"0.235406;0.235786;0.235208",68.194090,14664.03,,4.17,0,3452,10,True,nid007071,57248609
SparseHNSW_a0.5_b3_p0,"M=32 efC=200 ef=1600 alpha=0.5 beta=3 q=u8 seedT=8 seedH=8 seedS=4",64,0.8480590962,0.9997,85.9526,2.9836,0.0000,0.458994,"0.458705;0.459263;0.458994",132.964658,7520.80,,4.17,0,3452,10,True,nid007071,57248609
SparseHNSW_a0.5_b3_p0,"M=32 efC=200 ef=3200 alpha=0.5 beta=3 q=u8 seedT=8 seedH=8 seedS=4",64,0.8493626883,0.9997,85.9526,2.9836,0.0000,0.882968,"0.881198;0.883125;0.882968",255.784473,3909.54,,4.17,0,3452,10,True,nid007071,57248609
SparseHNSW_a0.5_b4_p0,"M=32 efC=200 ef=10 alpha=0.5 beta=4 q=u8 seedT=8 seedH=8 seedS=4",64,0.8423522596,0.9820,85.9526,2.9836,0.0000,0.016477,"0.017234;0.016477;0.016354",4.773175,209504.16,,4.17,0,3452,10,True,nid007071,57248609
SparseHNSW_a0.5_b4_p0,"M=32 efC=200 ef=20 alpha=0.5 beta=4 q=u8 seedT=8 seedH=8 seedS=4",64,0.8423522596,0.9820,85.9526,2.9836,0.0000,0.016177,"0.016204;0.016177;0.016124",4.686269,213389.38,,4.17,0,3452,10,True,nid007071,57248609
SparseHNSW_a0.5_b4_p0,"M=32 efC=200 ef=50 alpha=0.5 beta=4 q=u8 seedT=8 seedH=8 seedS=4",64,0.8497972190,0.9867,85.9526,2.9836,0.0000,0.019617,"0.019681;0.019617;0.019588",5.682793,175969.82,,4.17,0,3452,10,True,nid007071,57248609
SparseHNSW_a0.5_b4_p0,"M=32 efC=200 ef=100 alpha=0.5 beta=4 q=u8 seedT=8 seedH=8 seedS=4",64,0.8647450753,0.9948,85.9526,2.9836,0.0000,0.036134,"0.036134;0.036170;0.036120",10.467555,95533.29,,4.17,0,3452,10,True,nid007071,57248609
SparseHNSW_a0.5_b4_p0,"M=32 efC=200 ef=200 alpha=0.5 beta=4 q=u8 seedT=8 seedH=8 seedS=4",64,0.8721900348,0.9988,85.9526,2.9836,0.0000,0.066249,"0.066249;0.066436;0.066080",19.191483,52106.45,,4.17,0,3452,10,True,nid007071,57248609
SparseHNSW_a0.5_b4_p0,"M=32 efC=200 ef=400 alpha=0.5 beta=4 q=u8 seedT=8 seedH=8 seedS=4",64,0.8762746234,0.9994,85.9526,2.9836,0.0000,0.123927,"0.123927;0.123906;0.124039",35.900058,27855.11,,4.17,0,3452,10,True,nid007071,57248609
SparseHNSW_a0.5_b4_p0,"M=32 efC=200 ef=800 alpha=0.5 beta=4 q=u8 seedT=8 seedH=8 seedS=4",64,0.8790266512,1.0000,85.9526,2.9836,0.0000,0.235607,"0.235720;0.235607;0.235601",68.252317,14651.52,,4.17,0,3452,10,True,nid007071,57248609
SparseHNSW_a0.5_b4_p0,"M=32 efC=200 ef=1600 alpha=0.5 beta=4 q=u8 seedT=8 seedH=8 seedS=4",64,0.8811123986,1.0000,85.9526,2.9836,0.0000,0.458618,"0.458397;0.459103;0.458618",132.855736,7526.96,,4.17,0,3452,10,True,nid007071,57248609
SparseHNSW_a0.5_b4_p0,"M=32 efC=200 ef=3200 alpha=0.5 beta=4 q=u8 seedT=8 seedH=8 seedS=4",64,0.8825898030,1.0000,85.9526,2.9836,0.0000,0.883386,"0.882941;0.883551;0.883386",255.905562,3907.69,,4.17,0,3452,10,True,nid007071,57248609
SparseHNSW_a0.5_b5_p0,"M=32 efC=200 ef=10 alpha=0.5 beta=5 q=u8 seedT=8 seedH=8 seedS=4",64,0.8666570104,0.9867,85.9526,2.9836,0.0000,0.020354,"0.021061;0.020354;0.020238",5.896292,169598.11,,4.17,0,3452,10,True,nid007071,57248609
SparseHNSW_a0.5_b5_p0,"M=32 efC=200 ef=20 alpha=0.5 beta=5 q=u8 seedT=8 seedH=8 seedS=4",64,0.8666570104,0.9867,85.9526,2.9836,0.0000,0.020032,"0.020188;0.020032;0.019933",5.803013,172324.28,,4.17,0,3452,10,True,nid007071,57248609
SparseHNSW_a0.5_b5_p0,"M=32 efC=200 ef=50 alpha=0.5 beta=5 q=u8 seedT=8 seedH=8 seedS=4",64,0.8666570104,0.9867,85.9526,2.9836,0.0000,0.019960,"0.019971;0.019960;0.019812",5.782155,172945.89,,4.17,0,3452,10,True,nid007071,57248609
SparseHNSW_a0.5_b5_p0,"M=32 efC=200 ef=100 alpha=0.5 beta=5 q=u8 seedT=8 seedH=8 seedS=4",64,0.8823580533,0.9948,85.9526,2.9836,0.0000,0.036442,"0.036442;0.036390;0.036479",10.556779,94725.87,,4.17,0,3452,10,True,nid007071,57248609
SparseHNSW_a0.5_b5_p0,"M=32 efC=200 ef=200 alpha=0.5 beta=5 q=u8 seedT=8 seedH=8 seedS=4",64,0.8903823870,0.9988,85.9526,2.9836,0.0000,0.066595,"0.066498;0.066719;0.066595",19.291715,51835.72,,4.17,0,3452,10,True,nid007071,57248609
SparseHNSW_a0.5_b5_p0,"M=32 efC=200 ef=400 alpha=0.5 beta=5 q=u8 seedT=8 seedH=8 seedS=4",64,0.8941772885,0.9994,85.9526,2.9836,0.0000,0.124375,"0.124362;0.124375;0.124595",36.029838,27754.77,,4.17,0,3452,10,True,nid007071,57248609
SparseHNSW_a0.5_b5_p0,"M=32 efC=200 ef=800 alpha=0.5 beta=5 q=u8 seedT=8 seedH=8 seedS=4",64,0.8973638470,1.0000,85.9526,2.9836,0.0000,0.235825,"0.235569;0.235825;0.237505",68.315469,14637.97,,4.17,0,3452,10,True,nid007071,57248609
SparseHNSW_a0.5_b5_p0,"M=32 efC=200 ef=1600 alpha=0.5 beta=5 q=u8 seedT=8 seedH=8 seedS=4",64,0.8996523754,1.0000,85.9526,2.9836,0.0000,0.459617,"0.460090;0.459617;0.458524",133.145133,7510.60,,4.17,0,3452,10,True,nid007071,57248609
SparseHNSW_a0.5_b5_p0,"M=32 efC=200 ef=3200 alpha=0.5 beta=5 q=u8 seedT=8 seedH=8 seedS=4",64,0.9013904983,1.0000,85.9526,2.9836,0.0000,0.883464,"0.883711;0.883464;0.882699",255.928158,3907.35,,4.17,0,3452,10,True,nid007071,57248609
SparseHNSW_a0.5_b6_p0,"M=32 efC=200 ef=10 alpha=0.5 beta=6 q=u8 seedT=8 seedH=8 seedS=4",64,0.8847914253,0.9896,85.9526,2.9836,0.0000,0.023971,"0.024542;0.023971;0.023909",6.944090,144007.34,,4.17,0,3452,10,True,nid007071,57248609
SparseHNSW_a0.5_b6_p0,"M=32 efC=200 ef=20 alpha=0.5 beta=6 q=u8 seedT=8 seedH=8 seedS=4",64,0.8847914253,0.9896,85.9526,2.9836,0.0000,0.023742,"0.023742;0.023751;0.023632",6.877752,145396.34,,4.17,0,3452,10,True,nid007071,57248609
SparseHNSW_a0.5_b6_p0,"M=32 efC=200 ef=50 alpha=0.5 beta=6 q=u8 seedT=8 seedH=8 seedS=4",64,0.8847914253,0.9896,85.9526,2.9836,0.0000,0.023624,"0.023697;0.023534;0.023624",6.843569,146122.59,,4.17,0,3452,10,True,nid007071,57248609
SparseHNSW_a0.5_b6_p0,"M=32 efC=200 ef=100 alpha=0.5 beta=6 q=u8 seedT=8 seedH=8 seedS=4",64,0.8956257242,0.9948,85.9526,2.9836,0.0000,0.036842,"0.036751;0.036842;0.036859",10.672654,93697.41,,4.17,0,3452,10,True,nid007071,57248609
SparseHNSW_a0.5_b6_p0,"M=32 efC=200 ef=200 alpha=0.5 beta=6 q=u8 seedT=8 seedH=8 seedS=4",64,0.9048667439,0.9988,85.9526,2.9836,0.0000,0.067140,"0.067200;0.067140;0.066592",19.449594,51414.95,,4.17,0,3452,10,True,nid007071,57248609
SparseHNSW_a0.5_b6_p0,"M=32 efC=200 ef=400 alpha=0.5 beta=6 q=u8 seedT=8 seedH=8 seedS=4",64,0.9090672074,0.9994,85.9526,2.9836,0.0000,0.124766,"0.124766;0.124798;0.124321",36.143105,27667.79,,4.17,0,3452,10,True,nid007071,57248609
SparseHNSW_a0.5_b6_p0,"M=32 efC=200 ef=800 alpha=0.5 beta=6 q=u8 seedT=8 seedH=8 seedS=4",64,0.9125434531,1.0000,85.9526,2.9836,0.0000,0.236492,"0.236492;0.236249;0.236594",68.508691,14596.69,,4.17,0,3452,10,True,nid007071,57248609
SparseHNSW_a0.5_b6_p0,"M=32 efC=200 ef=1600 alpha=0.5 beta=6 q=u8 seedT=8 seedH=8 seedS=4",64,0.9149768250,1.0000,85.9526,2.9836,0.0000,0.459949,"0.459949;0.459522;0.460982",133.241309,7505.18,,4.17,0,3452,10,True,nid007071,57248609
SparseHNSW_a0.5_b6_p0,"M=32 efC=200 ef=3200 alpha=0.5 beta=6 q=u8 seedT=8 seedH=8 seedS=4",64,0.9167439166,1.0000,85.9526,2.9836,0.0000,0.882738,"0.882738;0.883611;0.881981",255.717845,3910.56,,4.17,0,3452,10,True,nid007071,57248609
SparseHNSW_a0.5_b7_p0,"M=32 efC=200 ef=10 alpha=0.5 beta=7 q=u8 seedT=8 seedH=8 seedS=4",64,0.8978273465,0.9913,85.9526,2.9836,0.0000,0.027712,"0.028040;0.027712;0.027488",8.027810,124566.97,,4.17,0,3452,10,True,nid007071,57248609
SparseHNSW_a0.5_b7_p0,"M=32 efC=200 ef=20 alpha=0.5 beta=7 q=u8 seedT=8 seedH=8 seedS=4",64,0.8978273465,0.9913,85.9526,2.9836,0.0000,0.027283,"0.027504;0.027283;0.027232",7.903534,126525.68,,4.17,0,3452,10,True,nid007071,57248609
SparseHNSW_a0.5_b7_p0,"M=32 efC=200 ef=50 alpha=0.5 beta=7 q=u8 seedT=8 seedH=8 seedS=4",64,0.8978273465,0.9913,85.9526,2.9836,0.0000,0.027133,"0.027133;0.027105;0.027395",7.860081,127225.15,,4.17,0,3452,10,True,nid007071,57248609
SparseHNSW_a0.5_b7_p0,"M=32 efC=200 ef=100 alpha=0.5 beta=7 q=u8 seedT=8 seedH=8 seedS=4",64,0.9046929316,0.9948,85.9526,2.9836,0.0000,0.037109,"0.037154;0.037109;0.036912",10.750000,93023.26,,4.17,0,3452,10,True,nid007071,57248609
SparseHNSW_a0.5_b7_p0,"M=32 efC=200 ef=200 alpha=0.5 beta=7 q=u8 seedT=8 seedH=8 seedS=4",64,0.9144843569,0.9988,85.9526,2.9836,0.0000,0.067178,"0.067242;0.067075;0.067178",19.460603,51385.87,,4.17,0,3452,10,True,nid007071,57248609
SparseHNSW_a0.5_b7_p0,"M=32 efC=200 ef=400 alpha=0.5 beta=7 q=u8 seedT=8 seedH=8 seedS=4",64,0.9189745075,0.9994,85.9526,2.9836,0.0000,0.124773,"0.124773;0.124965;0.124721",36.145133,27666.24,,4.17,0,3452,10,True,nid007071,57248609
SparseHNSW_a0.5_b7_p0,"M=32 efC=200 ef=800 alpha=0.5 beta=7 q=u8 seedT=8 seedH=8 seedS=4",64,0.9224507532,1.0000,85.9526,2.9836,0.0000,0.236785,"0.236381;0.236785;0.237099",68.593569,14578.63,,4.17,0,3452,10,True,nid007071,57248609
SparseHNSW_a0.5_b7_p0,"M=32 efC=200 ef=1600 alpha=0.5 beta=7 q=u8 seedT=8 seedH=8 seedS=4",64,0.9250579374,1.0000,85.9526,2.9836,0.0000,0.460759,"0.460842;0.460759;0.460109",133.475956,7491.99,,4.17,0,3452,10,True,nid007071,57248609
SparseHNSW_a0.5_b7_p0,"M=32 efC=200 ef=3200 alpha=0.5 beta=7 q=u8 seedT=8 seedH=8 seedS=4",64,0.9269698725,1.0000,85.9526,2.9836,0.0000,0.883273,"0.883187;0.885030;0.883273",255.872827,3908.19,,4.17,0,3452,10,True,nid007071,57248609
SparseHNSW_a0.5_b8_p0,"M=32 efC=200 ef=10 alpha=0.5 beta=8 q=u8 seedT=8 seedH=8 seedS=4",64,0.9070683662,0.9936,85.9526,2.9836,0.0000,0.031192,"0.031723;0.031137;0.031192",9.035921,110669.40,,4.17,0,3452,10,True,nid007071,57248609
SparseHNSW_a0.5_b8_p0,"M=32 efC=200 ef=20 alpha=0.5 beta=8 q=u8 seedT=8 seedH=8 seedS=4",64,0.9070683662,0.9936,85.9526,2.9836,0.0000,0.030989,"0.030899;0.030989;0.031004",8.977115,111394.37,,4.17,0,3452,10,True,nid007071,57248609
SparseHNSW_a0.5_b8_p0,"M=32 efC=200 ef=50 alpha=0.5 beta=8 q=u8 seedT=8 seedH=8 seedS=4",64,0.9070683662,0.9936,85.9526,2.9836,0.0000,0.030845,"0.030845;0.030820;0.030930",8.935400,111914.41,,4.17,0,3452,10,True,nid007071,57248609
SparseHNSW_a0.5_b8_p0,"M=32 efC=200 ef=100 alpha=0.5 beta=8 q=u8 seedT=8 seedH=8 seedS=4",64,0.9112977984,0.9951,85.9526,2.9836,0.0000,0.037471,"0.037533;0.037471;0.037423",10.854867,92124.58,,4.17,0,3452,10,True,nid007071,57248609
SparseHNSW_a0.5_b8_p0,"M=32 efC=200 ef=200 alpha=0.5 beta=8 q=u8 seedT=8 seedH=8 seedS=4",64,0.9209154114,0.9988,85.9526,2.9836,0.0000,0.067470,"0.067315;0.067470;0.067510",19.545191,51163.48,,4.17,0,3452,10,True,nid007071,57248609
SparseHNSW_a0.5_b8_p0,"M=32 efC=200 ef=400 alpha=0.5 beta=8 q=u8 seedT=8 seedH=8 seedS=4",64,0.9260718424,0.9994,85.9526,2.9836,0.0000,0.125205,"0.125094;0.125362;0.125205",36.270278,27570.78,,4.17,0,3452,10,True,nid007071,57248609
SparseHNSW_a0.5_b8_p0,"M=32 efC=200 ef=800 alpha=0.5 beta=8 q=u8 seedT=8 seedH=8 seedS=4",64,0.9298377752,1.0000,85.9526,2.9836,0.0000,0.236993,"0.236905;0.236993;0.237028",68.653824,14565.83,,4.17,0,3452,10,True,nid007071,57248609
SparseHNSW_a0.5_b8_p0,"M=32 efC=200 ef=1600 alpha=0.5 beta=8 q=u8 seedT=8 seedH=8 seedS=4",64,0.9323580533,1.0000,85.9526,2.9836,0.0000,0.460942,"0.460539;0.461145;0.460942",133.528969,7489.01,,4.17,0,3452,10,True,nid007071,57248609
SparseHNSW_a0.5_b8_p0,"M=32 efC=200 ef=3200 alpha=0.5 beta=8 q=u8 seedT=8 seedH=8 seedS=4",64,0.9344438007,1.0000,85.9526,2.9836,0.0000,0.884013,"0.884013;0.884215;0.883804",256.087196,3904.92,,4.18,0,3452,10,True,nid007071,57248609
SparseHNSW_a0.5_b1_p64,"M=32 efC=200 ef=10 alpha=0.5 beta=1 q=u8 seedT=8 seedH=8 seedS=4 pat=64",64,0.6064889919,0.5252,85.9526,2.9836,0.0000,0.012404,"0.013017;0.012404;0.012286",3.593279,278297.32,,4.18,0,3452,10,True,nid007071,57248609
SparseHNSW_a0.5_b1_p64,"M=32 efC=200 ef=20 alpha=0.5 beta=1 q=u8 seedT=8 seedH=8 seedS=4 pat=64",64,0.6064889919,0.5252,85.9526,2.9836,0.0000,0.012209,"0.012209;0.012207;0.012263",3.536790,282742.24,,4.18,0,3452,10,True,nid007071,57248609
SparseHNSW_a0.5_b1_p64,"M=32 efC=200 ef=50 alpha=0.5 beta=1 q=u8 seedT=8 seedH=8 seedS=4 pat=64",64,0.6138760139,0.5324,85.9526,2.9836,0.0000,0.018211,"0.018364;0.018211;0.018121",5.275492,189555.76,,4.18,0,3452,10,True,nid007071,57248609
SparseHNSW_a0.5_b1_p64,"M=32 efC=200 ef=100 alpha=0.5 beta=1 q=u8 seedT=8 seedH=8 seedS=4 pat=64",64,0.6215527231,0.5383,85.9526,2.9836,0.0000,0.028891,"0.028982;0.028859;0.028891",8.369351,119483.58,,4.18,0,3452,10,True,nid007071,57248609
SparseHNSW_a0.5_b1_p64,"M=32 efC=200 ef=200 alpha=0.5 beta=1 q=u8 seedT=8 seedH=8 seedS=4 pat=64",64,0.6230301275,0.5395,85.9526,2.9836,0.0000,0.031276,"0.031276;0.031314;0.031001",9.060255,110372.17,,4.18,0,3452,10,True,nid007071,57248609
SparseHNSW_a0.5_b1_p64,"M=32 efC=200 ef=400 alpha=0.5 beta=1 q=u8 seedT=8 seedH=8 seedS=4 pat=64",64,0.6230590962,0.5395,85.9526,2.9836,0.0000,0.032069,"0.032069;0.031966;0.032136",9.289977,107642.90,,4.18,0,3452,10,True,nid007071,57248609
SparseHNSW_a0.5_b1_p64,"M=32 efC=200 ef=800 alpha=0.5 beta=1 q=u8 seedT=8 seedH=8 seedS=4 pat=64",64,0.6230590962,0.5395,85.9526,2.9836,0.0000,0.033337,"0.033337;0.033536;0.033285",9.657300,103548.61,,4.18,0,3452,10,True,nid007071,57248609
SparseHNSW_a0.5_b1_p64,"M=32 efC=200 ef=1600 alpha=0.5 beta=1 q=u8 seedT=8 seedH=8 seedS=4 pat=64",64,0.6230590962,0.5395,85.9526,2.9836,0.0000,0.035481,"0.035513;0.035481;0.035362",10.278389,97291.51,,4.18,0,3452,10,True,nid007071,57248609
SparseHNSW_a0.5_b1_p64,"M=32 efC=200 ef=3200 alpha=0.5 beta=1 q=u8 seedT=8 seedH=8 seedS=4 pat=64",64,0.6230590962,0.5395,85.9526,2.9836,0.0000,0.037645,"0.037645;0.037606;0.037718",10.905272,91698.76,,4.18,0,3452,10,True,nid007071,57248609
SparseHNSW_a0.5_b2_p64,"M=32 efC=200 ef=10 alpha=0.5 beta=2 q=u8 seedT=8 seedH=8 seedS=4 pat=64",64,0.7527230591,0.9771,85.9526,2.9836,0.0000,0.013304,"0.013536;0.013304;0.013168",3.853998,259470.84,,4.18,0,3452,10,True,nid007071,57248609
SparseHNSW_a0.5_b2_p64,"M=32 efC=200 ef=20 alpha=0.5 beta=2 q=u8 seedT=8 seedH=8 seedS=4 pat=64",64,0.7527230591,0.9771,85.9526,2.9836,0.0000,0.013076,"0.013171;0.013076;0.012992",3.787949,263995.11,,4.18,0,3452,10,True,nid007071,57248609
SparseHNSW_a0.5_b2_p64,"M=32 efC=200 ef=50 alpha=0.5 beta=2 q=u8 seedT=8 seedH=8 seedS=4 pat=64",64,0.7635863268,0.9858,85.9526,2.9836,0.0000,0.019020,"0.019020;0.019115;0.018980",5.509849,181493.17,,4.18,0,3452,10,True,nid007071,57248609
SparseHNSW_a0.5_b2_p64,"M=32 efC=200 ef=100 alpha=0.5 beta=2 q=u8 seedT=8 seedH=8 seedS=4 pat=64",64,0.7762746234,0.9945,85.9526,2.9836,0.0000,0.032284,"0.032099;0.032284;0.032570",9.352260,106926.03,,4.18,0,3452,10,True,nid007071,57248609
SparseHNSW_a0.5_b2_p64,"M=32 efC=200 ef=200 alpha=0.5 beta=2 q=u8 seedT=8 seedH=8 seedS=4 pat=64",64,0.7790556199,0.9971,85.9526,2.9836,0.0000,0.037456,"0.037531;0.037456;0.037309",10.850521,92161.47,,4.18,0,3452,10,True,nid007071,57248609
SparseHNSW_a0.5_b2_p64,"M=32 efC=200 ef=400 alpha=0.5 beta=2 q=u8 seedT=8 seedH=8 seedS=4 pat=64",64,0.7792004635,0.9971,85.9526,2.9836,0.0000,0.038763,"0.038600;0.038763;0.038803",11.229143,89053.99,,4.18,0,3452,10,True,nid007071,57248609
SparseHNSW_a0.5_b2_p64,"M=32 efC=200 ef=800 alpha=0.5 beta=2 q=u8 seedT=8 seedH=8 seedS=4 pat=64",64,0.7792004635,0.9971,85.9526,2.9836,0.0000,0.040227,"0.040258;0.040224;0.040227",11.653244,85813.01,,4.18,0,3452,10,True,nid007071,57248609
SparseHNSW_a0.5_b2_p64,"M=32 efC=200 ef=1600 alpha=0.5 beta=2 q=u8 seedT=8 seedH=8 seedS=4 pat=64",64,0.7792004635,0.9971,85.9526,2.9836,0.0000,0.042537,"0.042654;0.042537;0.042487",12.322422,81152.88,,4.18,0,3452,10,True,nid007071,57248609
SparseHNSW_a0.5_b2_p64,"M=32 efC=200 ef=3200 alpha=0.5 beta=2 q=u8 seedT=8 seedH=8 seedS=4 pat=64",64,0.7792004635,0.9971,85.9526,2.9836,0.0000,0.044845,"0.044923;0.044810;0.044845",12.991020,76976.25,,4.18,0,3452,10,True,nid007071,57248609
SparseHNSW_a0.5_b3_p64,"M=32 efC=200 ef=10 alpha=0.5 beta=3 q=u8 seedT=8 seedH=8 seedS=4 pat=64",64,0.8065469293,0.9777,85.9526,2.9836,0.0000,0.013650,"0.014046;0.013650;0.013537",3.954229,252893.77,,4.18,0,3452,10,True,nid007071,57248609
SparseHNSW_a0.5_b3_p64,"M=32 efC=200 ef=20 alpha=0.5 beta=3 q=u8 seedT=8 seedH=8 seedS=4 pat=64",64,0.8065469293,0.9777,85.9526,2.9836,0.0000,0.013492,"0.013589;0.013446;0.013492",3.908459,255855.32,,4.18,0,3452,10,True,nid007071,57248609
SparseHNSW_a0.5_b3_p64,"M=32 efC=200 ef=50 alpha=0.5 beta=3 q=u8 seedT=8 seedH=8 seedS=4 pat=64",64,0.8193511008,0.9867,85.9526,2.9836,0.0000,0.019342,"0.019572;0.019342;0.019269",5.603129,178471.72,,4.18,0,3452,10,True,nid007071,57248609
SparseHNSW_a0.5_b3_p64,"M=32 efC=200 ef=100 alpha=0.5 beta=3 q=u8 seedT=8 seedH=8 seedS=4 pat=64",64,0.8330533024,0.9948,85.9526,2.9836,0.0000,0.034458,"0.034499;0.034458;0.034370",9.982039,100179.93,,4.18,0,3452,10,True,nid007071,57248609
SparseHNSW_a0.5_b3_p64,"M=32 efC=200 ef=200 alpha=0.5 beta=3 q=u8 seedT=8 seedH=8 seedS=4 pat=64",64,0.8370509849,0.9977,85.9526,2.9836,0.0000,0.042300,"0.042300;0.042440;0.042226",12.253766,81607.57,,4.18,0,3452,10,True,nid007071,57248609
SparseHNSW_a0.5_b3_p64,"M=32 efC=200 ef=400 alpha=0.5 beta=3 q=u8 seedT=8 seedH=8 seedS=4 pat=64",64,0.8376593279,0.9977,85.9526,2.9836,0.0000,0.044337,"0.044337;0.044400;0.044326",12.843859,77858.22,,4.18,0,3452,10,True,nid007071,57248609
SparseHNSW_a0.5_b3_p64,"M=32 efC=200 ef=800 alpha=0.5 beta=3 q=u8 seedT=8 seedH=8 seedS=4 pat=64",64,0.8376593279,0.9977,85.9526,2.9836,0.0000,0.046046,"0.046046;0.045978;0.046271",13.338934,74968.51,,4.18,0,3452,10,True,nid007071,57248609
SparseHNSW_a0.5_b3_p64,"M=32 efC=200 ef=1600 alpha=0.5 beta=3 q=u8 seedT=8 seedH=8 seedS=4 pat=64",64,0.8376593279,0.9977,85.9526,2.9836,0.0000,0.048383,"0.048336;0.048453;0.048383",14.015933,71347.37,,4.18,0,3452,10,True,nid007071,57248609
SparseHNSW_a0.5_b3_p64,"M=32 efC=200 ef=3200 alpha=0.5 beta=3 q=u8 seedT=8 seedH=8 seedS=4 pat=64",64,0.8376593279,0.9977,85.9526,2.9836,0.0000,0.051295,"0.051284;0.051495;0.051295",14.859502,67297.01,,4.18,0,3452,10,True,nid007071,57248609
SparseHNSW_a0.5_b4_p64,"M=32 efC=200 ef=10 alpha=0.5 beta=4 q=u8 seedT=8 seedH=8 seedS=4 pat=64",64,0.8423522596,0.9820,85.9526,2.9836,0.0000,0.016465,"0.016837;0.016465;0.016428",4.769699,209656.85,,4.18,0,3452,10,True,nid007071,57248609
SparseHNSW_a0.5_b4_p64,"M=32 efC=200 ef=20 alpha=0.5 beta=4 q=u8 seedT=8 seedH=8 seedS=4 pat=64",64,0.8423522596,0.9820,85.9526,2.9836,0.0000,0.016161,"0.016161;0.016114;0.016225",4.681634,213600.64,,4.18,0,3452,10,True,nid007071,57248609
SparseHNSW_a0.5_b4_p64,"M=32 efC=200 ef=50 alpha=0.5 beta=4 q=u8 seedT=8 seedH=8 seedS=4 pat=64",64,0.8497972190,0.9867,85.9526,2.9836,0.0000,0.019690,"0.019690;0.019730;0.019654",5.703940,175317.42,,4.18,0,3452,10,True,nid007071,57248609
SparseHNSW_a0.5_b4_p64,"M=32 efC=200 ef=100 alpha=0.5 beta=4 q=u8 seedT=8 seedH=8 seedS=4 pat=64",64,0.8647450753,0.9948,85.9526,2.9836,0.0000,0.035682,"0.035832;0.035682;0.035641",10.336616,96743.46,,4.18,0,3452,10,True,nid007071,57248609
SparseHNSW_a0.5_b4_p64,"M=32 efC=200 ef=200 alpha=0.5 beta=4 q=u8 seedT=8 seedH=8 seedS=4 pat=64",64,0.8699884125,0.9986,85.9526,2.9836,0.0000,0.046947,"0.046936;0.046947;0.046956",13.599942,73529.73,,4.18,0,3452,10,True,nid007071,57248609
SparseHNSW_a0.5_b4_p64,"M=32 efC=200 ef=400 alpha=0.5 beta=4 q=u8 seedT=8 seedH=8 seedS=4 pat=64",64,0.8708574739,0.9986,85.9526,2.9836,0.0000,0.050028,"0.050130;0.049799;0.050028",14.492468,69001.36,,4.18,0,3452,10,True,nid007071,57248609
SparseHNSW_a0.5_b4_p64,"M=32 efC=200 ef=800 alpha=0.5 beta=4 q=u8 seedT=8 seedH=8 seedS=4 pat=64",64,0.8708574739,0.9986,85.9526,2.9836,0.0000,0.051989,"0.051743;0.052020;0.051989",15.060545,66398.66,,4.18,0,3452,10,True,nid007071,57248609
SparseHNSW_a0.5_b4_p64,"M=32 efC=200 ef=1600 alpha=0.5 beta=4 q=u8 seedT=8 seedH=8 seedS=4 pat=64",64,0.8708574739,0.9986,85.9526,2.9836,0.0000,0.054116,"0.054326;0.054116;0.053884",15.676709,63788.90,,4.18,0,3452,10,True,nid007071,57248609
SparseHNSW_a0.5_b4_p64,"M=32 efC=200 ef=3200 alpha=0.5 beta=4 q=u8 seedT=8 seedH=8 seedS=4 pat=64",64,0.8708574739,0.9986,85.9526,2.9836,0.0000,0.057248,"0.057248;0.057122;0.057402",16.584009,60299.05,,4.18,0,3452,10,True,nid007071,57248609
SparseHNSW_a0.5_b5_p64,"M=32 efC=200 ef=10 alpha=0.5 beta=5 q=u8 seedT=8 seedH=8 seedS=4 pat=64",64,0.8666570104,0.9867,85.9526,2.9836,0.0000,0.020441,"0.020732;0.020441;0.020123",5.921495,168876.28,,4.18,0,3452,10,True,nid007071,57248609
SparseHNSW_a0.5_b5_p64,"M=32 efC=200 ef=20 alpha=0.5 beta=5 q=u8 seedT=8 seedH=8 seedS=4 pat=64",64,0.8666570104,0.9867,85.9526,2.9836,0.0000,0.020101,"0.020132;0.020101;0.020008",5.823001,171732.75,,4.18,0,3452,10,True,nid007071,57248609
SparseHNSW_a0.5_b5_p64,"M=32 efC=200 ef=50 alpha=0.5 beta=5 q=u8 seedT=8 seedH=8 seedS=4 pat=64",64,0.8666570104,0.9867,85.9526,2.9836,0.0000,0.019906,"0.019980;0.019906;0.019893",5.766512,173415.05,,4.18,0,3452,10,True,nid007071,57248609
SparseHNSW_a0.5_b5_p64,"M=32 efC=200 ef=100 alpha=0.5 beta=5 q=u8 seedT=8 seedH=8 seedS=4 pat=64",64,0.8823870220,0.9948,85.9526,2.9836,0.0000,0.036467,"0.036500;0.036396;0.036467",10.564021,94660.93,,4.18,0,3452,10,True,nid007071,57248609
SparseHNSW_a0.5_b5_p64,"M=32 efC=200 ef=200 alpha=0.5 beta=5 q=u8 seedT=8 seedH=8 seedS=4 pat=64",64,0.8890208575,0.9986,85.9526,2.9836,0.0000,0.050814,"0.050756;0.050814;0.051053",14.720162,67934.03,,4.18,0,3452,10,True,nid007071,57248609
SparseHNSW_a0.5_b5_p64,"M=32 efC=200 ef=400 alpha=0.5 beta=5 q=u8 seedT=8 seedH=8 seedS=4 pat=64",64,0.8899478563,0.9986,85.9526,2.9836,0.0000,0.055687,"0.055450;0.055687;0.055799",16.131808,61989.33,,4.18,0,3452,10,True,nid007071,57248609
SparseHNSW_a0.5_b5_p64,"M=32 efC=200 ef=800 alpha=0.5 beta=5 q=u8 seedT=8 seedH=8 seedS=4 pat=64",64,0.8899478563,0.9986,85.9526,2.9836,0.0000,0.057597,"0.057519;0.057597;0.057724",16.685110,59933.68,,4.18,0,3452,10,True,nid007071,57248609
SparseHNSW_a0.5_b5_p64,"M=32 efC=200 ef=1600 alpha=0.5 beta=5 q=u8 seedT=8 seedH=8 seedS=4 pat=64",64,0.8899478563,0.9986,85.9526,2.9836,0.0000,0.060132,"0.060132;0.060114;0.060239",17.419467,57407.04,,4.18,0,3452,10,True,nid007071,57248609
SparseHNSW_a0.5_b5_p64,"M=32 efC=200 ef=3200 alpha=0.5 beta=5 q=u8 seedT=8 seedH=8 seedS=4 pat=64",64,0.8899478563,0.9986,85.9526,2.9836,0.0000,0.063584,"0.063402;0.063584;0.063612",18.419467,54290.39,,4.18,0,3452,10,True,nid007071,57248609
SparseHNSW_a0.5_b6_p64,"M=32 efC=200 ef=10 alpha=0.5 beta=6 q=u8 seedT=8 seedH=8 seedS=4 pat=64",64,0.8847914253,0.9896,85.9526,2.9836,0.0000,0.024061,"0.024203;0.024061;0.023959",6.970162,143468.68,,4.18,0,3452,10,True,nid007071,57248609
SparseHNSW_a0.5_b6_p64,"M=32 efC=200 ef=20 alpha=0.5 beta=6 q=u8 seedT=8 seedH=8 seedS=4 pat=64",64,0.8847914253,0.9896,85.9526,2.9836,0.0000,0.023701,"0.023920;0.023701;0.023698",6.865875,145647.86,,4.18,0,3452,10,True,nid007071,57248609
SparseHNSW_a0.5_b6_p64,"M=32 efC=200 ef=50 alpha=0.5 beta=6 q=u8 seedT=8 seedH=8 seedS=4 pat=64",64,0.8847914253,0.9896,85.9526,2.9836,0.0000,0.023781,"0.023759;0.023790;0.023781",6.889050,145157.90,,4.18,0,3452,10,True,nid007071,57248609
SparseHNSW_a0.5_b6_p64,"M=32 efC=200 ef=100 alpha=0.5 beta=6 q=u8 seedT=8 seedH=8 seedS=4 pat=64",64,0.8956257242,0.9948,85.9526,2.9836,0.0000,0.036973,"0.036973;0.036799;0.036975",10.710603,93365.43,,4.18,0,3452,10,True,nid007071,57248609
SparseHNSW_a0.5_b6_p64,"M=32 efC=200 ef=200 alpha=0.5 beta=6 q=u8 seedT=8 seedH=8 seedS=4 pat=64",64,0.9036210892,0.9986,85.9526,2.9836,0.0000,0.054072,"0.054213;0.054072;0.053958",15.663963,63840.80,,4.18,0,3452,10,True,nid007071,57248609
SparseHNSW_a0.5_b6_p64,"M=32 efC=200 ef=400 alpha=0.5 beta=6 q=u8 seedT=8 seedH=8 seedS=4 pat=64",64,0.9048667439,0.9986,85.9526,2.9836,0.0000,0.060754,"0.060842;0.060754;0.060490",17.599652,56819.30,,4.18,0,3452,10,True,nid007071,57248609
SparseHNSW_a0.5_b6_p64,"M=32 efC=200 ef=800 alpha=0.5 beta=6 q=u8 seedT=8 seedH=8 seedS=4 pat=64",64,0.9048667439,0.9986,85.9526,2.9836,0.0000,0.062928,"0.062928;0.062787;0.062940",18.229432,54856.34,,4.18,0,3452,10,True,nid007071,57248609
SparseHNSW_a0.5_b6_p64,"M=32 efC=200 ef=1600 alpha=0.5 beta=6 q=u8 seedT=8 seedH=8 seedS=4 pat=64",64,0.9048667439,0.9986,85.9526,2.9836,0.0000,0.065243,"0.064955;0.065243;0.065449",18.900058,52909.89,,4.18,0,3452,10,True,nid007071,57248609
SparseHNSW_a0.5_b6_p64,"M=32 efC=200 ef=3200 alpha=0.5 beta=6 q=u8 seedT=8 seedH=8 seedS=4 pat=64",64,0.9048667439,0.9986,85.9526,2.9836,0.0000,0.068878,"0.068878;0.068806;0.068980",19.953071,50117.60,,4.18,0,3452,10,True,nid007071,57248609
SparseHNSW_a0.5_b7_p64,"M=32 efC=200 ef=10 alpha=0.5 beta=7 q=u8 seedT=8 seedH=8 seedS=4 pat=64",64,0.8978273465,0.9913,85.9526,2.9836,0.0000,0.027795,"0.027999;0.027789;0.027795",8.051854,124195.00,,4.18,0,3452,10,True,nid007071,57248609
SparseHNSW_a0.5_b7_p64,"M=32 efC=200 ef=20 alpha=0.5 beta=7 q=u8 seedT=8 seedH=8 seedS=4 pat=64",64,0.8978273465,0.9913,85.9526,2.9836,0.0000,0.027570,"0.027462;0.027643;0.027570",7.986674,125208.56,,4.18,0,3452,10,True,nid007071,57248609
SparseHNSW_a0.5_b7_p64,"M=32 efC=200 ef=50 alpha=0.5 beta=7 q=u8 seedT=8 seedH=8 seedS=4 pat=64",64,0.8978273465,0.9913,85.9526,2.9836,0.0000,0.027559,"0.027446;0.027608;0.027559",7.983488,125258.54,,4.18,0,3452,10,True,nid007071,57248609
SparseHNSW_a0.5_b7_p64,"M=32 efC=200 ef=100 alpha=0.5 beta=7 q=u8 seedT=8 seedH=8 seedS=4 pat=64",64,0.9046929316,0.9948,85.9526,2.9836,0.0000,0.037399,"0.037399;0.037241;0.037508",10.834009,92301.93,,4.18,0,3452,10,True,nid007071,57248609
SparseHNSW_a0.5_b7_p64,"M=32 efC=200 ef=200 alpha=0.5 beta=7 q=u8 seedT=8 seedH=8 seedS=4 pat=64",64,0.9137601390,0.9986,85.9526,2.9836,0.0000,0.057626,"0.057626;0.057642;0.057621",16.693511,59903.52,,4.18,0,3452,10,True,nid007071,57248609
SparseHNSW_a0.5_b7_p64,"M=32 efC=200 ef=400 alpha=0.5 beta=7 q=u8 seedT=8 seedH=8 seedS=4 pat=64",64,0.9155851680,0.9988,85.9526,2.9836,0.0000,0.065480,"0.065480;0.065687;0.065322",18.968714,52718.39,,4.18,0,3452,10,True,nid007071,57248609
SparseHNSW_a0.5_b7_p64,"M=32 efC=200 ef=800 alpha=0.5 beta=7 q=u8 seedT=8 seedH=8 seedS=4 pat=64",64,0.9156141367,0.9988,85.9526,2.9836,0.0000,0.068286,"0.068286;0.068182;0.068462",19.781576,50552.09,,4.18,0,3452,10,True,nid007071,57248609
SparseHNSW_a0.5_b7_p64,"M=32 efC=200 ef=1600 alpha=0.5 beta=7 q=u8 seedT=8 seedH=8 seedS=4 pat=64",64,0.9156141367,0.9988,85.9526,2.9836,0.0000,0.070774,"0.070774;0.071067;0.070415",20.502317,48774.97,,4.18,0,3452,10,True,nid007071,57248609
SparseHNSW_a0.5_b7_p64,"M=32 efC=200 ef=3200 alpha=0.5 beta=7 q=u8 seedT=8 seedH=8 seedS=4 pat=64",64,0.9156141367,0.9988,85.9526,2.9836,0.0000,0.074789,"0.074789;0.074847;0.074684",21.665411,46156.52,,4.18,0,3452,10,True,nid007071,57248609
SparseHNSW_a0.5_b8_p64,"M=32 efC=200 ef=10 alpha=0.5 beta=8 q=u8 seedT=8 seedH=8 seedS=4 pat=64",64,0.9070683662,0.9936,85.9526,2.9836,0.0000,0.031423,"0.031505;0.031423;0.031409",9.102839,109855.84,,4.18,0,3452,10,True,nid007071,57248609
SparseHNSW_a0.5_b8_p64,"M=32 efC=200 ef=20 alpha=0.5 beta=8 q=u8 seedT=8 seedH=8 seedS=4 pat=64",64,0.9070683662,0.9936,85.9526,2.9836,0.0000,0.031264,"0.031264;0.031309;0.031199",9.056779,110414.53,,4.18,0,3452,10,True,nid007071,57248609
SparseHNSW_a0.5_b8_p64,"M=32 efC=200 ef=50 alpha=0.5 beta=8 q=u8 seedT=8 seedH=8 seedS=4 pat=64",64,0.9070683662,0.9936,85.9526,2.9836,0.0000,0.031155,"0.031155;0.031130;0.031354",9.025203,110800.83,,4.18,0,3452,10,True,nid007071,57248609
SparseHNSW_a0.5_b8_p64,"M=32 efC=200 ef=100 alpha=0.5 beta=8 q=u8 seedT=8 seedH=8 seedS=4 pat=64",64,0.9112977984,0.9951,85.9526,2.9836,0.0000,0.037604,"0.037604;0.037538;0.037683",10.893395,91798.74,,4.18,0,3452,10,True,nid007071,57248609
SparseHNSW_a0.5_b8_p64,"M=32 efC=200 ef=200 alpha=0.5 beta=8 q=u8 seedT=8 seedH=8 seedS=4 pat=64",64,0.9203650058,0.9986,85.9526,2.9836,0.0000,0.060419,"0.060382;0.060520;0.060419",17.502607,57134.35,,4.18,0,3452,10,True,nid007071,57248609
SparseHNSW_a0.5_b8_p64,"M=32 efC=200 ef=400 alpha=0.5 beta=8 q=u8 seedT=8 seedH=8 seedS=4 pat=64",64,0.9226825029,0.9988,85.9526,2.9836,0.0000,0.069740,"0.069987;0.069574;0.069740",20.202781,49498.14,,4.18,0,3452,10,True,nid007071,57248609
SparseHNSW_a0.5_b8_p64,"M=32 efC=200 ef=800 alpha=0.5 beta=8 q=u8 seedT=8 seedH=8 seedS=4 pat=64",64,0.9227983778,0.9988,85.9526,2.9836,0.0000,0.073102,"0.073237;0.072804;0.073102",21.176709,47221.69,,4.18,0,3452,10,True,nid007071,57248609
SparseHNSW_a0.5_b8_p64,"M=32 efC=200 ef=1600 alpha=0.5 beta=8 q=u8 seedT=8 seedH=8 seedS=4 pat=64",64,0.9227983778,0.9988,85.9526,2.9836,0.0000,0.075828,"0.075828;0.075834;0.075370",21.966396,45524.08,,4.18,0,3452,10,True,nid007071,57248609
SparseHNSW_a0.5_b8_p64,"M=32 efC=200 ef=3200 alpha=0.5 beta=8 q=u8 seedT=8 seedH=8 seedS=4 pat=64",64,0.9227983778,0.9988,85.9526,2.9836,0.0000,0.079158,"0.079302;0.078995;0.079158",22.931054,43608.98,,4.18,0,3452,10,True,nid007071,57248609
SparseHNSW_a0.5_b1_p128,"M=32 efC=200 ef=10 alpha=0.5 beta=1 q=u8 seedT=8 seedH=8 seedS=4 pat=128",64,0.6064889919,0.5252,85.9526,2.9836,0.0000,0.012489,"0.012901;0.012489;0.012408",3.617903,276403.23,,4.18,0,3452,10,True,nid007071,57248609
SparseHNSW_a0.5_b1_p128,"M=32 efC=200 ef=20 alpha=0.5 beta=1 q=u8 seedT=8 seedH=8 seedS=4 pat=128",64,0.6064889919,0.5252,85.9526,2.9836,0.0000,0.012235,"0.012235;0.012245;0.012119",3.544322,282141.40,,4.18,0,3452,10,True,nid007071,57248609
SparseHNSW_a0.5_b1_p128,"M=32 efC=200 ef=50 alpha=0.5 beta=1 q=u8 seedT=8 seedH=8 seedS=4 pat=128",64,0.6138760139,0.5324,85.9526,2.9836,0.0000,0.018162,"0.018234;0.018162;0.018052",5.261298,190067.17,,4.18,0,3452,10,True,nid007071,57248609
SparseHNSW_a0.5_b1_p128,"M=32 efC=200 ef=100 alpha=0.5 beta=1 q=u8 seedT=8 seedH=8 seedS=4 pat=128",64,0.6226825029,0.5396,85.9526,2.9836,0.0000,0.034782,"0.034982;0.034757;0.034782",10.075898,99246.74,,4.18,0,3452,10,True,nid007071,57248609
SparseHNSW_a0.5_b1_p128,"M=32 efC=200 ef=200 alpha=0.5 beta=1 q=u8 seedT=8 seedH=8 seedS=4 pat=128",64,0.6261008111,0.5444,85.9526,2.9836,0.0000,0.051086,"0.051086;0.051406;0.050971",14.798957,67572.33,,4.18,0,3452,10,True,nid007071,57248609
SparseHNSW_a0.5_b1_p128,"M=32 efC=200 ef=400 alpha=0.5 beta=1 q=u8 seedT=8 seedH=8 seedS=4 pat=128",64,0.6265643105,0.5448,85.9526,2.9836,0.0000,0.053755,"0.053755;0.053720;0.053827",15.572132,64217.28,,4.18,0,3452,10,True,nid007071,57248609
SparseHNSW_a0.5_b1_p128,"M=32 efC=200 ef=800 alpha=0.5 beta=1 q=u8 seedT=8 seedH=8 seedS=4 pat=128",64,0.6265643105,0.5448,85.9526,2.9836,0.0000,0.055806,"0.055698;0.055819;0.055806",16.166280,61857.15,,4.18,0,3452,10,True,nid007071,57248609
SparseHNSW_a0.5_b1_p128,"M=32 efC=200 ef=1600 alpha=0.5 beta=1 q=u8 seedT=8 seedH=8 seedS=4 pat=128",64,0.6265643105,0.5448,85.9526,2.9836,0.0000,0.058176,"0.058176;0.058534;0.058082",16.852839,59337.18,,4.18,0,3452,10,True,nid007071,57248609
SparseHNSW_a0.5_b1_p128,"M=32 efC=200 ef=3200 alpha=0.5 beta=1 q=u8 seedT=8 seedH=8 seedS=4 pat=128",64,0.6265643105,0.5448,85.9526,2.9836,0.0000,0.061909,"0.061960;0.061909;0.061767",17.934241,55759.26,,4.18,0,3452,10,True,nid007071,57248609
SparseHNSW_a0.5_b2_p128,"M=32 efC=200 ef=10 alpha=0.5 beta=2 q=u8 seedT=8 seedH=8 seedS=4 pat=128",64,0.7527230591,0.9771,85.9526,2.9836,0.0000,0.013300,"0.013604;0.013300;0.013181",3.852839,259548.87,,4.18,0,3452,10,True,nid007071,57248609
SparseHNSW_a0.5_b2_p128,"M=32 efC=200 ef=20 alpha=0.5 beta=2 q=u8 seedT=8 seedH=8 seedS=4 pat=128",64,0.7527230591,0.9771,85.9526,2.9836,0.0000,0.013097,"0.013120;0.013097;0.013028",3.794032,263571.81,,4.18,0,3452,10,True,nid007071,57248609
SparseHNSW_a0.5_b2_p128,"M=32 efC=200 ef=50 alpha=0.5 beta=2 q=u8 seedT=8 seedH=8 seedS=4 pat=128",64,0.7635863268,0.9858,85.9526,2.9836,0.0000,0.018991,"0.019158;0.018960;0.018991",5.501448,181770.31,,4.18,0,3452,10,True,nid007071,57248609
SparseHNSW_a0.5_b2_p128,"M=32 efC=200 ef=100 alpha=0.5 beta=2 q=u8 seedT=8 seedH=8 seedS=4 pat=128",64,0.7763325608,0.9945,85.9526,2.9836,0.0000,0.035747,"0.035792;0.035747;0.035546",10.355446,96567.54,,4.18,0,3452,10,True,nid007071,57248609
SparseHNSW_a0.5_b2_p128,"M=32 efC=200 ef=200 alpha=0.5 beta=2 q=u8 seedT=8 seedH=8 seedS=4 pat=128",64,0.7818655852,0.9983,85.9526,2.9836,0.0000,0.055830,"0.055682;0.055830;0.055848",16.173233,61830.56,,4.18,0,3452,10,True,nid007071,57248609
SparseHNSW_a0.5_b2_p128,"M=32 efC=200 ef=400 alpha=0.5 beta=2 q=u8 seedT=8 seedH=8 seedS=4 pat=128",64,0.7828794902,0.9986,85.9526,2.9836,0.0000,0.061459,"0.061308;0.061559;0.061459",17.803882,56167.53,,4.18,0,3452,10,True,nid007071,57248609
SparseHNSW_a0.5_b2_p128,"M=32 efC=200 ef=800 alpha=0.5 beta=2 q=u8 seedT=8 seedH=8 seedS=4 pat=128",64,0.7829084589,0.9986,85.9526,2.9836,0.0000,0.063863,"0.063893;0.063793;0.063863",18.500290,54053.21,,4.18,0,3452,10,True,nid007071,57248609
SparseHNSW_a0.5_b2_p128,"M=32 efC=200 ef=1600 alpha=0.5 beta=2 q=u8 seedT=8 seedH=8 seedS=4 pat=128",64,0.7829084589,0.9986,85.9526,2.9836,0.0000,0.066208,"0.066208;0.066291;0.066061",19.179606,52138.71,,4.18,0,3452,10,True,nid007071,57248609
SparseHNSW_a0.5_b2_p128,"M=32 efC=200 ef=3200 alpha=0.5 beta=2 q=u8 seedT=8 seedH=8 seedS=4 pat=128",64,0.7829084589,0.9986,85.9526,2.9836,0.0000,0.070104,"0.070229;0.070011;0.070104",20.308227,49241.13,,4.18,0,3452,10,True,nid007071,57248609
SparseHNSW_a0.5_b3_p128,"M=32 efC=200 ef=10 alpha=0.5 beta=3 q=u8 seedT=8 seedH=8 seedS=4 pat=128",64,0.8065469293,0.9777,85.9526,2.9836,0.0000,0.013691,"0.014097;0.013691;0.013635",3.966107,252136.44,,4.18,0,3452,10,True,nid007071,57248609
SparseHNSW_a0.5_b3_p128,"M=32 efC=200 ef=20 alpha=0.5 beta=3 q=u8 seedT=8 seedH=8 seedS=4 pat=128",64,0.8065469293,0.9777,85.9526,2.9836,0.0000,0.013293,"0.013444;0.013291;0.013293",3.850811,259685.55,,4.18,0,3452,10,True,nid007071,57248609
SparseHNSW_a0.5_b3_p128,"M=32 efC=200 ef=50 alpha=0.5 beta=3 q=u8 seedT=8 seedH=8 seedS=4 pat=128",64,0.8193511008,0.9867,85.9526,2.9836,0.0000,0.019270,"0.019368;0.019254;0.019270",5.582271,179138.56,,4.18,0,3452,10,True,nid007071,57248609
SparseHNSW_a0.5_b3_p128,"M=32 efC=200 ef=100 alpha=0.5 beta=3 q=u8 seedT=8 seedH=8 seedS=4 pat=128",64,0.8330243337,0.9948,85.9526,2.9836,0.0000,0.036091,"0.036178;0.035945;0.036091",10.455098,95647.11,,4.18,0,3452,10,True,nid007071,57248609
SparseHNSW_a0.5_b3_p128,"M=32 efC=200 ef=200 alpha=0.5 beta=3 q=u8 seedT=8 seedH=8 seedS=4 pat=128",64,0.8393974508,0.9986,85.9526,2.9836,0.0000,0.059433,"0.059117;0.059433;0.059543",17.216976,58082.21,,4.18,0,3452,10,True,nid007071,57248609
SparseHNSW_a0.5_b3_p128,"M=32 efC=200 ef=400 alpha=0.5 beta=3 q=u8 seedT=8 seedH=8 seedS=4 pat=128",64,0.8412514484,0.9988,85.9526,2.9836,0.0000,0.069013,"0.069013;0.069069;0.068962",19.992178,50019.56,,4.18,0,3452,10,True,nid007071,57248609
SparseHNSW_a0.5_b3_p128,"M=32 efC=200 ef=800 alpha=0.5 beta=3 q=u8 seedT=8 seedH=8 seedS=4 pat=128",64,0.8413383546,0.9988,85.9526,2.9836,0.0000,0.072236,"0.072236;0.071959;0.072396",20.925840,47787.81,,4.18,0,3452,10,True,nid007071,57248609
SparseHNSW_a0.5_b3_p128,"M=32 efC=200 ef=1600 alpha=0.5 beta=3 q=u8 seedT=8 seedH=8 seedS=4 pat=128",64,0.8413383546,0.9988,85.9526,2.9836,0.0000,0.074875,"0.074981;0.074601;0.074875",21.690324,46103.51,,4.18,0,3452,10,True,nid007071,57248609
SparseHNSW_a0.5_b3_p128,"M=32 efC=200 ef=3200 alpha=0.5 beta=3 q=u8 seedT=8 seedH=8 seedS=4 pat=128",64,0.8413383546,0.9988,85.9526,2.9836,0.0000,0.079167,"0.079225;0.079098;0.079167",22.933662,43604.03,,4.18,0,3452,10,True,nid007071,57248609
SparseHNSW_a0.5_b4_p128,"M=32 efC=200 ef=10 alpha=0.5 beta=4 q=u8 seedT=8 seedH=8 seedS=4 pat=128",64,0.8423522596,0.9820,85.9526,2.9836,0.0000,0.016502,"0.016949;0.016453;0.016502",4.780417,209186.77,,4.18,0,3452,10,True,nid007071,57248609
SparseHNSW_a0.5_b4_p128,"M=32 efC=200 ef=20 alpha=0.5 beta=4 q=u8 seedT=8 seedH=8 seedS=4 pat=128",64,0.8423522596,0.9820,85.9526,2.9836,0.0000,0.016282,"0.016289;0.016240;0.016282",4.716686,212013.27,,4.18,0,3452,10,True,nid007071,57248609
SparseHNSW_a0.5_b4_p128,"M=32 efC=200 ef=50 alpha=0.5 beta=4 q=u8 seedT=8 seedH=8 seedS=4 pat=128",64,0.8497972190,0.9867,85.9526,2.9836,0.0000,0.019809,"0.019829;0.019801;0.019809",5.738413,174264.22,,4.18,0,3452,10,True,nid007071,57248609
SparseHNSW_a0.5_b4_p128,"M=32 efC=200 ef=100 alpha=0.5 beta=4 q=u8 seedT=8 seedH=8 seedS=4 pat=128",64,0.8647450753,0.9948,85.9526,2.9836,0.0000,0.036361,"0.036430;0.036269;0.036361",10.533314,94936.88,,4.18,0,3452,10,True,nid007071,57248609
SparseHNSW_a0.5_b4_p128,"M=32 efC=200 ef=200 alpha=0.5 beta=4 q=u8 seedT=8 seedH=8 seedS=4 pat=128",64,0.8718134415,0.9986,85.9526,2.9836,0.0000,0.061975,"0.061975;0.061876;0.062037",17.953360,55699.88,,4.18,0,3452,10,True,nid007071,57248609
SparseHNSW_a0.5_b4_p128,"M=32 efC=200 ef=400 alpha=0.5 beta=4 q=u8 seedT=8 seedH=8 seedS=4 pat=128",64,0.8743916570,0.9988,85.9526,2.9836,0.0000,0.075847,"0.075692;0.075847;0.076052",21.971900,45512.68,,4.18,0,3452,10,True,nid007071,57248609
SparseHNSW_a0.5_b4_p128,"M=32 efC=200 ef=800 alpha=0.5 beta=4 q=u8 seedT=8 seedH=8 seedS=4 pat=128",64,0.8745654693,0.9988,85.9526,2.9836,0.0000,0.080050,"0.080050;0.080157;0.079834",23.189455,43123.05,,4.18,0,3452,10,True,nid007071,57248609
SparseHNSW_a0.5_b4_p128,"M=32 efC=200 ef=1600 alpha=0.5 beta=4 q=u8 seedT=8 seedH=8 seedS=4 pat=128",64,0.8745654693,0.9988,85.9526,2.9836,0.0000,0.082510,"0.082822;0.082510;0.082399",23.902086,41837.35,,4.18,0,3452,10,True,nid007071,57248609
SparseHNSW_a0.5_b4_p128,"M=32 efC=200 ef=3200 alpha=0.5 beta=4 q=u8 seedT=8 seedH=8 seedS=4 pat=128",64,0.8745654693,0.9988,85.9526,2.9836,0.0000,0.086961,"0.086961;0.087150;0.086834",25.191483,39695.96,,4.18,0,3452,10,True,nid007071,57248609
SparseHNSW_a0.5_b5_p128,"M=32 efC=200 ef=10 alpha=0.5 beta=5 q=u8 seedT=8 seedH=8 seedS=4 pat=128",64,0.8666570104,0.9867,85.9526,2.9836,0.0000,0.020309,"0.020751;0.020309;0.020233",5.883256,169973.90,,4.18,0,3452,10,True,nid007071,57248609
SparseHNSW_a0.5_b5_p128,"M=32 efC=200 ef=20 alpha=0.5 beta=5 q=u8 seedT=8 seedH=8 seedS=4 pat=128",64,0.8666570104,0.9867,85.9526,2.9836,0.0000,0.019934,"0.020082;0.019934;0.019875",5.774623,173171.47,,4.18,0,3452,10,True,nid007071,57248609
SparseHNSW_a0.5_b5_p128,"M=32 efC=200 ef=50 alpha=0.5 beta=5 q=u8 seedT=8 seedH=8 seedS=4 pat=128",64,0.8666570104,0.9867,85.9526,2.9836,0.0000,0.019973,"0.019973;0.020020;0.019871",5.785921,172833.32,,4.18,0,3452,10,True,nid007071,57248609
SparseHNSW_a0.5_b5_p128,"M=32 efC=200 ef=100 alpha=0.5 beta=5 q=u8 seedT=8 seedH=8 seedS=4 pat=128",64,0.8823580533,0.9948,85.9526,2.9836,0.0000,0.036650,"0.036646;0.036793;0.036650",10.617034,94188.27,,4.18,0,3452,10,True,nid007071,57248609
SparseHNSW_a0.5_b5_p128,"M=32 efC=200 ef=200 alpha=0.5 beta=5 q=u8 seedT=8 seedH=8 seedS=4 pat=128",64,0.8900347625,0.9986,85.9526,2.9836,0.0000,0.063960,"0.063805;0.063960;0.063963",18.528389,53971.23,,4.18,0,3452,10,True,nid007071,57248609
SparseHNSW_a0.5_b5_p128,"M=32 efC=200 ef=400 alpha=0.5 beta=5 q=u8 seedT=8 seedH=8 seedS=4 pat=128",64,0.8928447277,0.9988,85.9526,2.9836,0.0000,0.081516,"0.081852;0.081443;0.081516",23.614137,42347.51,,4.18,0,3452,10,True,nid007071,57248609
SparseHNSW_a0.5_b5_p128,"M=32 efC=200 ef=800 alpha=0.5 beta=5 q=u8 seedT=8 seedH=8 seedS=4 pat=128",64,0.8930475087,0.9988,85.9526,2.9836,0.0000,0.086740,"0.086681;0.086740;0.086859",25.127462,39797.09,,4.18,0,3452,10,True,nid007071,57248609
SparseHNSW_a0.5_b5_p128,"M=32 efC=200 ef=1600 alpha=0.5 beta=5 q=u8 seedT=8 seedH=8 seedS=4 pat=128",64,0.8930475087,0.9988,85.9526,2.9836,0.0000,0.089706,"0.089833;0.089706;0.088909",25.986674,38481.26,,4.18,0,3452,10,True,nid007071,57248609
SparseHNSW_a0.5_b5_p128,"M=32 efC=200 ef=3200 alpha=0.5 beta=5 q=u8 seedT=8 seedH=8 seedS=4 pat=128",64,0.8930475087,0.9988,85.9526,2.9836,0.0000,0.094104,"0.094442;0.094104;0.093907",27.260718,36682.82,,4.18,0,3452,10,True,nid007071,57248609
SparseHNSW_a0.5_b6_p128,"M=32 efC=200 ef=10 alpha=0.5 beta=6 q=u8 seedT=8 seedH=8 seedS=4 pat=128",64,0.8847914253,0.9896,85.9526,2.9836,0.0000,0.024135,"0.024378;0.024135;0.023863",6.991599,143028.80,,4.18,0,3452,10,True,nid007071,57248609
SparseHNSW_a0.5_b6_p128,"M=32 efC=200 ef=20 alpha=0.5 beta=6 q=u8 seedT=8 seedH=8 seedS=4 pat=128",64,0.8847914253,0.9896,85.9526,2.9836,0.0000,0.023876,"0.023984;0.023876;0.023820",6.916570,144580.33,,4.18,0,3452,10,True,nid007071,57248609
SparseHNSW_a0.5_b6_p128,"M=32 efC=200 ef=50 alpha=0.5 beta=6 q=u8 seedT=8 seedH=8 seedS=4 pat=128",64,0.8847914253,0.9896,85.9526,2.9836,0.0000,0.023793,"0.023770;0.023793;0.023806",6.892526,145084.69,,4.18,0,3452,10,True,nid007071,57248609
SparseHNSW_a0.5_b6_p128,"M=32 efC=200 ef=100 alpha=0.5 beta=6 q=u8 seedT=8 seedH=8 seedS=4 pat=128",64,0.8956257242,0.9948,85.9526,2.9836,0.0000,0.036952,"0.036980;0.036952;0.036919",10.704519,93418.49,,4.18,0,3452,10,True,nid007071,57248609
SparseHNSW_a0.5_b6_p128,"M=32 efC=200 ef=200 alpha=0.5 beta=6 q=u8 seedT=8 seedH=8 seedS=4 pat=128",64,0.9048667439,0.9988,85.9526,2.9836,0.0000,0.065369,"0.065221;0.065369;0.065632",18.936559,52807.91,,4.18,0,3452,10,True,nid007071,57248609
SparseHNSW_a0.5_b6_p128,"M=32 efC=200 ef=400 alpha=0.5 beta=6 q=u8 seedT=8 seedH=8 seedS=4 pat=128",64,0.9081112399,0.9994,85.9526,2.9836,0.0000,0.087543,"0.087492;0.087670;0.087543",25.360081,39432.05,,4.18,0,3452,10,True,nid007071,57248609
SparseHNSW_a0.5_b6_p128,"M=32 efC=200 ef=800 alpha=0.5 beta=6 q=u8 seedT=8 seedH=8 seedS=4 pat=128",64,0.9084298957,0.9994,85.9526,2.9836,0.0000,0.094726,"0.094814;0.094726;0.094615",27.440904,36441.95,,4.18,0,3452,10,True,nid007071,57248609
SparseHNSW_a0.5_b6_p128,"M=32 efC=200 ef=1600 alpha=0.5 beta=6 q=u8 seedT=8 seedH=8 seedS=4 pat=128",64,0.9084298957,0.9994,85.9526,2.9836,0.0000,0.097264,"0.097180;0.097264;0.097405",28.176130,35491.03,,4.18,0,3452,10,True,nid007071,57248609
SparseHNSW_a0.5_b6_p128,"M=32 efC=200 ef=3200 alpha=0.5 beta=6 q=u8 seedT=8 seedH=8 seedS=4 pat=128",64,0.9084298957,0.9994,85.9526,2.9836,0.0000,0.101907,"0.101907;0.101676;0.102118",29.521147,33874.02,,4.18,0,3452,10,True,nid007071,57248609
SparseHNSW_a0.5_b7_p128,"M=32 efC=200 ef=10 alpha=0.5 beta=7 q=u8 seedT=8 seedH=8 seedS=4 pat=128",64,0.8978273465,0.9913,85.9526,2.9836,0.0000,0.028021,"0.028021;0.028108;0.027729",8.117323,123193.32,,4.18,0,3452,10,True,nid007071,57248609
SparseHNSW_a0.5_b7_p128,"M=32 efC=200 ef=20 alpha=0.5 beta=7 q=u8 seedT=8 seedH=8 seedS=4 pat=128",64,0.8978273465,0.9913,85.9526,2.9836,0.0000,0.027439,"0.027475;0.027383;0.027439",7.948725,125806.33,,4.18,0,3452,10,True,nid007071,57248609
SparseHNSW_a0.5_b7_p128,"M=32 efC=200 ef=50 alpha=0.5 beta=7 q=u8 seedT=8 seedH=8 seedS=4 pat=128",64,0.8978273465,0.9913,85.9526,2.9836,0.0000,0.027410,"0.027325;0.027414;0.027410",7.940324,125939.44,,4.18,0,3452,10,True,nid007071,57248609
SparseHNSW_a0.5_b7_p128,"M=32 efC=200 ef=100 alpha=0.5 beta=7 q=u8 seedT=8 seedH=8 seedS=4 pat=128",64,0.9046929316,0.9948,85.9526,2.9836,0.0000,0.037260,"0.037376;0.037260;0.037134",10.793743,92646.27,,4.18,0,3452,10,True,nid007071,57248609
SparseHNSW_a0.5_b7_p128,"M=32 efC=200 ef=200 alpha=0.5 beta=7 q=u8 seedT=8 seedH=8 seedS=4 pat=128",64,0.9144553882,0.9988,85.9526,2.9836,0.0000,0.066506,"0.066404;0.066506;0.066561",19.265933,51905.09,,4.18,0,3452,10,True,nid007071,57248609
SparseHNSW_a0.5_b7_p128,"M=32 efC=200 ef=400 alpha=0.5 beta=7 q=u8 seedT=8 seedH=8 seedS=4 pat=128",64,0.9182792584,0.9994,85.9526,2.9836,0.0000,0.092341,"0.092341;0.092118;0.092441",26.750000,37383.18,,4.18,0,3452,10,True,nid007071,57248609
SparseHNSW_a0.5_b7_p128,"M=32 efC=200 ef=800 alpha=0.5 beta=7 q=u8 seedT=8 seedH=8 seedS=4 pat=128",64,0.9188876014,0.9994,85.9526,2.9836,0.0000,0.101424,"0.101424;0.101157;0.101520",29.381228,34035.34,,4.18,0,3452,10,True,nid007071,57248609
SparseHNSW_a0.5_b7_p128,"M=32 efC=200 ef=1600 alpha=0.5 beta=7 q=u8 seedT=8 seedH=8 seedS=4 pat=128",64,0.9188586327,0.9994,85.9526,2.9836,0.0000,0.104122,"0.104060;0.104558;0.104122",30.162804,33153.42,,4.18,0,3452,10,True,nid007071,57248609
SparseHNSW_a0.5_b7_p128,"M=32 efC=200 ef=3200 alpha=0.5 beta=7 q=u8 seedT=8 seedH=8 seedS=4 pat=128",64,0.9188586327,0.9994,85.9526,2.9836,0.0000,0.109147,"0.109147;0.109370;0.109067",31.618482,31627.07,,4.18,0,3452,10,True,nid007071,57248609
SparseHNSW_a0.5_b8_p128,"M=32 efC=200 ef=10 alpha=0.5 beta=8 q=u8 seedT=8 seedH=8 seedS=4 pat=128",64,0.9070683662,0.9936,85.9526,2.9836,0.0000,0.031465,"0.031727;0.031465;0.031289",9.115006,109709.20,,4.18,0,3452,10,True,nid007071,57248609
SparseHNSW_a0.5_b8_p128,"M=32 efC=200 ef=20 alpha=0.5 beta=8 q=u8 seedT=8 seedH=8 seedS=4 pat=128",64,0.9070683662,0.9936,85.9526,2.9836,0.0000,0.031297,"0.031297;0.031324;0.031111",9.066338,110298.11,,4.18,0,3452,10,True,nid007071,57248609
SparseHNSW_a0.5_b8_p128,"M=32 efC=200 ef=50 alpha=0.5 beta=8 q=u8 seedT=8 seedH=8 seedS=4 pat=128",64,0.9070683662,0.9936,85.9526,2.9836,0.0000,0.031160,"0.031238;0.031118;0.031160",9.026651,110783.06,,4.18,0,3452,10,True,nid007071,57248609
SparseHNSW_a0.5_b8_p128,"M=32 efC=200 ef=100 alpha=0.5 beta=8 q=u8 seedT=8 seedH=8 seedS=4 pat=128",64,0.9112977984,0.9951,85.9526,2.9836,0.0000,0.037663,"0.037663;0.037715;0.037652",10.910487,91654.94,,4.18,0,3452,10,True,nid007071,57248609
SparseHNSW_a0.5_b8_p128,"M=32 efC=200 ef=200 alpha=0.5 beta=8 q=u8 seedT=8 seedH=8 seedS=4 pat=128",64,0.9208864426,0.9988,85.9526,2.9836,0.0000,0.067881,"0.067861;0.068053;0.067881",19.664253,50853.70,,4.18,0,3452,10,True,nid007071,57248609
SparseHNSW_a0.5_b8_p128,"M=32 efC=200 ef=400 alpha=0.5 beta=8 q=u8 seedT=8 seedH=8 seedS=4 pat=128",64,0.9253765933,0.9994,85.9526,2.9836,0.0000,0.096569,"0.096227;0.096581;0.096569",27.974797,35746.46,,4.18,0,3452,10,True,nid007071,57248609
SparseHNSW_a0.5_b8_p128,"M=32 efC=200 ef=800 alpha=0.5 beta=8 q=u8 seedT=8 seedH=8 seedS=4 pat=128",64,0.9265063731,0.9997,85.9526,2.9836,0.0000,0.108363,"0.107985;0.108486;0.108363",31.391367,31855.89,,4.18,0,3452,10,True,nid007071,57248609
SparseHNSW_a0.5_b8_p128,"M=32 efC=200 ef=1600 alpha=0.5 beta=8 q=u8 seedT=8 seedH=8 seedS=4 pat=128",64,0.9265063731,0.9997,85.9526,2.9836,0.0000,0.111357,"0.111272;0.111871;0.111357",32.258691,30999.40,,4.18,0,3452,10,True,nid007071,57248609
SparseHNSW_a0.5_b8_p128,"M=32 efC=200 ef=3200 alpha=0.5 beta=8 q=u8 seedT=8 seedH=8 seedS=4 pat=128",64,0.9265063731,0.9997,85.9526,2.9836,0.0000,0.115909,"0.116395;0.115909;0.115774",33.577346,29781.98,,4.18,0,3452,10,True,nid007071,57248609
SparseHNSW_a0.5_b1_p256,"M=32 efC=200 ef=10 alpha=0.5 beta=1 q=u8 seedT=8 seedH=8 seedS=4 pat=256",64,0.6064889919,0.5252,85.9526,2.9836,0.0000,0.012361,"0.012957;0.012361;0.012299",3.580823,279265.43,,4.18,0,3452,10,True,nid007071,57248609
SparseHNSW_a0.5_b1_p256,"M=32 efC=200 ef=20 alpha=0.5 beta=1 q=u8 seedT=8 seedH=8 seedS=4 pat=256",64,0.6064889919,0.5252,85.9526,2.9836,0.0000,0.012166,"0.012205;0.012166;0.012143",3.524334,283741.57,,4.18,0,3452,10,True,nid007071,57248609
SparseHNSW_a0.5_b1_p256,"M=32 efC=200 ef=50 alpha=0.5 beta=1 q=u8 seedT=8 seedH=8 seedS=4 pat=256",64,0.6138760139,0.5324,85.9526,2.9836,0.0000,0.018192,"0.018293;0.018192;0.018102",5.269988,189753.74,,4.18,0,3452,10,True,nid007071,57248609
SparseHNSW_a0.5_b1_p256,"M=32 efC=200 ef=100 alpha=0.5 beta=1 q=u8 seedT=8 seedH=8 seedS=4 pat=256",64,0.6226825029,0.5396,85.9526,2.9836,0.0000,0.034818,"0.034934;0.034701;0.034818",10.086327,99144.12,,4.18,0,3452,10,True,nid007071,57248609
SparseHNSW_a0.5_b1_p256,"M=32 efC=200 ef=200 alpha=0.5 beta=1 q=u8 seedT=8 seedH=8 seedS=4 pat=256",64,0.6272885284,0.5460,85.9526,2.9836,0.0000,0.065300,"0.065140;0.065323;0.065300",18.916570,52863.71,,4.18,0,3452,10,True,nid007071,57248609
SparseHNSW_a0.5_b1_p256,"M=32 efC=200 ef=400 alpha=0.5 beta=1 q=u8 seedT=8 seedH=8 seedS=4 pat=256",64,0.6288238702,0.5484,85.9526,2.9836,0.0000,0.091880,"0.091987;0.091880;0.091502",26.616454,37570.74,,4.18,0,3452,10,True,nid007071,57248609
SparseHNSW_a0.5_b1_p256,"M=32 efC=200 ef=800 alpha=0.5 beta=1 q=u8 seedT=8 seedH=8 seedS=4 pat=256",64,0.6289107764,0.5486,85.9526,2.9836,0.0000,0.096290,"0.095933;0.096332;0.096290",27.893975,35850.04,,4.18,0,3452,10,True,nid007071,57248609
SparseHNSW_a0.5_b1_p256,"M=32 efC=200 ef=1600 alpha=0.5 beta=1 q=u8 seedT=8 seedH=8 seedS=4 pat=256",64,0.6289107764,0.5486,85.9526,2.9836,0.0000,0.098455,"0.098455;0.098474;0.098394",28.521147,35061.70,,4.18,0,3452,10,True,nid007071,57248609
SparseHNSW_a0.5_b1_p256,"M=32 efC=200 ef=3200 alpha=0.5 beta=1 q=u8 seedT=8 seedH=8 seedS=4 pat=256",64,0.6289107764,0.5486,85.9526,2.9836,0.0000,0.103652,"0.103325;0.103776;0.103652",30.026651,33303.75,,4.18,0,3452,10,True,nid007071,57248609
SparseHNSW_a0.5_b2_p256,"M=32 efC=200 ef=10 alpha=0.5 beta=2 q=u8 seedT=8 seedH=8 seedS=4 pat=256",64,0.7527230591,0.9771,85.9526,2.9836,0.0000,0.013303,"0.013798;0.013303;0.013243",3.853708,259490.34,,4.18,0,3452,10,True,nid007071,57248609
SparseHNSW_a0.5_b2_p256,"M=32 efC=200 ef=20 alpha=0.5 beta=2 q=u8 seedT=8 seedH=8 seedS=4 pat=256",64,0.7527230591,0.9771,85.9526,2.9836,0.0000,0.013070,"0.013141;0.013047;0.013070",3.786211,264116.30,,4.18,0,3452,10,True,nid007071,57248609
SparseHNSW_a0.5_b2_p256,"M=32 efC=200 ef=50 alpha=0.5 beta=2 q=u8 seedT=8 seedH=8 seedS=4 pat=256",64,0.7635863268,0.9858,85.9526,2.9836,0.0000,0.019077,"0.019165;0.019045;0.019077",5.526362,180950.88,,4.18,0,3452,10,True,nid007071,57248609
SparseHNSW_a0.5_b2_p256,"M=32 efC=200 ef=100 alpha=0.5 beta=2 q=u8 seedT=8 seedH=8 seedS=4 pat=256",64,0.7763325608,0.9945,85.9526,2.9836,0.0000,0.035635,"0.035652;0.035635;0.035612",10.323001,96871.05,,4.18,0,3452,10,True,nid007071,57248609
SparseHNSW_a0.5_b2_p256,"M=32 efC=200 ef=200 alpha=0.5 beta=2 q=u8 seedT=8 seedH=8 seedS=4 pat=256",64,0.7824449594,0.9986,85.9526,2.9836,0.0000,0.066346,"0.066298;0.066346;0.066427",19.219583,52030.27,,4.18,0,3452,10,True,nid007071,57248609
SparseHNSW_a0.5_b2_p256,"M=32 efC=200 ef=400 alpha=0.5 beta=2 q=u8 seedT=8 seedH=8 seedS=4 pat=256",64,0.7849942063,0.9988,85.9526,2.9836,0.0000,0.099046,"0.099360;0.099046;0.098688",28.692352,34852.49,,4.18,0,3452,10,True,nid007071,57248609
SparseHNSW_a0.5_b2_p256,"M=32 efC=200 ef=800 alpha=0.5 beta=2 q=u8 seedT=8 seedH=8 seedS=4 pat=256",64,0.7854287370,0.9988,85.9526,2.9836,0.0000,0.107711,"0.107711;0.107811;0.107293",31.202491,32048.72,,4.18,0,3452,10,True,nid007071,57248609
SparseHNSW_a0.5_b2_p256,"M=32 efC=200 ef=1600 alpha=0.5 beta=2 q=u8 seedT=8 seedH=8 seedS=4 pat=256",64,0.7854287370,0.9988,85.9526,2.9836,0.0000,0.110174,"0.110015;0.110178;0.110174",31.915991,31332.26,,4.18,0,3452,10,True,nid007071,57248609
SparseHNSW_a0.5_b2_p256,"M=32 efC=200 ef=3200 alpha=0.5 beta=2 q=u8 seedT=8 seedH=8 seedS=4 pat=256",64,0.7854287370,0.9988,85.9526,2.9836,0.0000,0.115059,"0.114988;0.115544;0.115059",33.331112,30002.00,,4.18,0,3452,10,True,nid007071,57248609
SparseHNSW_a0.5_b3_p256,"M=32 efC=200 ef=10 alpha=0.5 beta=3 q=u8 seedT=8 seedH=8 seedS=4 pat=256",64,0.8065469293,0.9777,85.9526,2.9836,0.0000,0.013830,"0.014380;0.013830;0.013716",4.006373,249602.31,,4.18,0,3452,10,True,nid007071,57248609
SparseHNSW_a0.5_b3_p256,"M=32 efC=200 ef=20 alpha=0.5 beta=3 q=u8 seedT=8 seedH=8 seedS=4 pat=256",64,0.8065469293,0.9777,85.9526,2.9836,0.0000,0.013465,"0.013550;0.013403;0.013465",3.900637,256368.36,,4.18,0,3452,10,True,nid007071,57248609
SparseHNSW_a0.5_b3_p256,"M=32 efC=200 ef=50 alpha=0.5 beta=3 q=u8 seedT=8 seedH=8 seedS=4 pat=256",64,0.8193511008,0.9867,85.9526,2.9836,0.0000,0.019352,"0.019435;0.019352;0.019319",5.606025,178379.50,,4.18,0,3452,10,True,nid007071,57248609
SparseHNSW_a0.5_b3_p256,"M=32 efC=200 ef=100 alpha=0.5 beta=3 q=u8 seedT=8 seedH=8 seedS=4 pat=256",64,0.8330243337,0.9948,85.9526,2.9836,0.0000,0.036002,"0.035820;0.036076;0.036002",10.429316,95883.56,,4.18,0,3452,10,True,nid007071,57248609
SparseHNSW_a0.5_b3_p256,"M=32 efC=200 ef=200 alpha=0.5 beta=3 q=u8 seedT=8 seedH=8 seedS=4 pat=256",64,0.8398609502,0.9988,85.9526,2.9836,0.0000,0.066334,"0.066334;0.066191;0.066515",19.216107,52039.68,,4.18,0,3452,10,True,nid007071,57248609
SparseHNSW_a0.5_b3_p256,"M=32 efC=200 ef=400 alpha=0.5 beta=3 q=u8 seedT=8 seedH=8 seedS=4 pat=256",64,0.8435110081,0.9991,85.9526,2.9836,0.0000,0.104311,"0.104311;0.104616;0.104283",30.217555,33093.35,,4.18,0,3452,10,True,nid007071,57248609
SparseHNSW_a0.5_b3_p256,"M=32 efC=200 ef=800 alpha=0.5 beta=3 q=u8 seedT=8 seedH=8 seedS=4 pat=256",64,0.8441193511,0.9991,85.9526,2.9836,0.0000,0.117689,"0.117636;0.117689;0.117748",34.092990,29331.54,,4.18,0,3452,10,True,nid007071,57248609
SparseHNSW_a0.5_b3_p256,"M=32 efC=200 ef=1600 alpha=0.5 beta=3 q=u8 seedT=8 seedH=8 seedS=4 pat=256",64,0.8441483198,0.9991,85.9526,2.9836,0.0000,0.121258,"0.121523;0.121258;0.121209",35.126883,28468.22,,4.18,0,3452,10,True,nid007071,57248609
SparseHNSW_a0.5_b3_p256,"M=32 efC=200 ef=3200 alpha=0.5 beta=3 q=u8 seedT=8 seedH=8 seedS=4 pat=256",64,0.8441483198,0.9991,85.9526,2.9836,0.0000,0.126612,"0.126252;0.126913;0.126612",36.677868,27264.40,,4.18,0,3452,10,True,nid007071,57248609
SparseHNSW_a0.5_b4_p256,"M=32 efC=200 ef=10 alpha=0.5 beta=4 q=u8 seedT=8 seedH=8 seedS=4 pat=256",64,0.8423522596,0.9820,85.9526,2.9836,0.0000,0.016618,"0.017118;0.016618;0.016505",4.814021,207726.56,,4.18,0,3452,10,True,nid007071,57248609
SparseHNSW_a0.5_b4_p256,"M=32 efC=200 ef=20 alpha=0.5 beta=4 q=u8 seedT=8 seedH=8 seedS=4 pat=256",64,0.8423522596,0.9820,85.9526,2.9836,0.0000,0.016317,"0.016330;0.016317;0.016219",4.726825,211558.50,,4.18,0,3452,10,True,nid007071,57248609
SparseHNSW_a0.5_b4_p256,"M=32 efC=200 ef=50 alpha=0.5 beta=4 q=u8 seedT=8 seedH=8 seedS=4 pat=256",64,0.8497972190,0.9867,85.9526,2.9836,0.0000,0.019724,"0.019724;0.019679;0.019739",5.713789,175015.21,,4.18,0,3452,10,True,nid007071,57248609
SparseHNSW_a0.5_b4_p256,"M=32 efC=200 ef=100 alpha=0.5 beta=4 q=u8 seedT=8 seedH=8 seedS=4 pat=256",64,0.8647450753,0.9948,85.9526,2.9836,0.0000,0.036431,"0.036490;0.036431;0.036308",10.553592,94754.47,,4.18,0,3452,10,True,nid007071,57248609
SparseHNSW_a0.5_b4_p256,"M=32 efC=200 ef=200 alpha=0.5 beta=4 q=u8 seedT=8 seedH=8 seedS=4 pat=256",64,0.8721900348,0.9988,85.9526,2.9836,0.0000,0.066806,"0.066806;0.066751;0.066881",19.352839,51672.01,,4.18,0,3452,10,True,nid007071,57248609
SparseHNSW_a0.5_b4_p256,"M=32 efC=200 ef=400 alpha=0.5 beta=4 q=u8 seedT=8 seedH=8 seedS=4 pat=256",64,0.8761587486,0.9994,85.9526,2.9836,0.0000,0.108737,"0.108701;0.108960;0.108737",31.499710,31746.32,,4.18,0,3452,10,True,nid007071,57248609
SparseHNSW_a0.5_b4_p256,"M=32 efC=200 ef=800 alpha=0.5 beta=4 q=u8 seedT=8 seedH=8 seedS=4 pat=256",64,0.8771726535,0.9994,85.9526,2.9836,0.0000,0.126574,"0.126619;0.126392;0.126574",36.666860,27272.58,,4.18,0,3452,10,True,nid007071,57248609
SparseHNSW_a0.5_b4_p256,"M=32 efC=200 ef=1600 alpha=0.5 beta=4 q=u8 seedT=8 seedH=8 seedS=4 pat=256",64,0.8772885284,0.9994,85.9526,2.9836,0.0000,0.131273,"0.131563;0.131181;0.131273",38.028100,26296.34,,4.18,0,3452,10,True,nid007071,57248609
SparseHNSW_a0.5_b4_p256,"M=32 efC=200 ef=3200 alpha=0.5 beta=4 q=u8 seedT=8 seedH=8 seedS=4 pat=256",64,0.8773174971,0.9994,85.9526,2.9836,0.0000,0.136390,"0.136390;0.136293;0.136621",39.510429,25309.77,,4.18,0,3452,10,True,nid007071,57248609
SparseHNSW_a0.5_b5_p256,"M=32 efC=200 ef=10 alpha=0.5 beta=5 q=u8 seedT=8 seedH=8 seedS=4 pat=256",64,0.8666570104,0.9867,85.9526,2.9836,0.0000,0.020191,"0.021049;0.020191;0.020140",5.849073,170967.26,,4.18,0,3452,10,True,nid007071,57248609
SparseHNSW_a0.5_b5_p256,"M=32 efC=200 ef=20 alpha=0.5 beta=5 q=u8 seedT=8 seedH=8 seedS=4 pat=256",64,0.8666570104,0.9867,85.9526,2.9836,0.0000,0.020056,"0.020056;0.020011;0.020147",5.809965,172118.07,,4.18,0,3452,10,True,nid007071,57248609
SparseHNSW_a0.5_b5_p256,"M=32 efC=200 ef=50 alpha=0.5 beta=5 q=u8 seedT=8 seedH=8 seedS=4 pat=256",64,0.8666570104,0.9867,85.9526,2.9836,0.0000,0.019969,"0.020017;0.019969;0.019931",5.784762,172867.95,,4.18,0,3452,10,True,nid007071,57248609
SparseHNSW_a0.5_b5_p256,"M=32 efC=200 ef=100 alpha=0.5 beta=5 q=u8 seedT=8 seedH=8 seedS=4 pat=256",64,0.8823580533,0.9948,85.9526,2.9836,0.0000,0.036707,"0.036702;0.036727;0.036707",10.633546,94042.01,,4.18,0,3452,10,True,nid007071,57248609
SparseHNSW_a0.5_b5_p256,"M=32 efC=200 ef=200 alpha=0.5 beta=5 q=u8 seedT=8 seedH=8 seedS=4 pat=256",64,0.8903823870,0.9988,85.9526,2.9836,0.0000,0.067130,"0.067112;0.067173;0.067130",19.446698,51422.61,,4.18,0,3452,10,True,nid007071,57248609
SparseHNSW_a0.5_b5_p256,"M=32 efC=200 ef=400 alpha=0.5 beta=5 q=u8 seedT=8 seedH=8 seedS=4 pat=256",64,0.8941772885,0.9994,85.9526,2.9836,0.0000,0.112449,"0.112463;0.112449;0.112401",32.575029,30698.36,,4.18,0,3452,10,True,nid007071,57248609
SparseHNSW_a0.5_b5_p256,"M=32 efC=200 ef=800 alpha=0.5 beta=5 q=u8 seedT=8 seedH=8 seedS=4 pat=256",64,0.8957126304,0.9994,85.9526,2.9836,0.0000,0.136072,"0.136072;0.136060;0.136173",39.418308,25368.92,,4.18,0,3452,10,True,nid007071,57248609
SparseHNSW_a0.5_b5_p256,"M=32 efC=200 ef=1600 alpha=0.5 beta=5 q=u8 seedT=8 seedH=8 seedS=4 pat=256",64,0.8958285052,0.9994,85.9526,2.9836,0.0000,0.141860,"0.141650;0.141860;0.142120",41.095017,24333.85,,4.18,0,3452,10,True,nid007071,57248609
SparseHNSW_a0.5_b5_p256,"M=32 efC=200 ef=3200 alpha=0.5 beta=5 q=u8 seedT=8 seedH=8 seedS=4 pat=256",64,0.8958574739,0.9994,85.9526,2.9836,0.0000,0.147058,"0.147260;0.147056;0.147058",42.600811,23473.73,,4.18,0,3452,10,True,nid007071,57248609
SparseHNSW_a0.5_b6_p256,"M=32 efC=200 ef=10 alpha=0.5 beta=6 q=u8 seedT=8 seedH=8 seedS=4 pat=256",64,0.8847914253,0.9896,85.9526,2.9836,0.0000,0.024013,"0.024493;0.023979;0.024013",6.956257,143755.47,,4.18,0,3452,10,True,nid007071,57248609
SparseHNSW_a0.5_b6_p256,"M=32 efC=200 ef=20 alpha=0.5 beta=6 q=u8 seedT=8 seedH=8 seedS=4 pat=256",64,0.8847914253,0.9896,85.9526,2.9836,0.0000,0.023869,"0.023906;0.023869;0.023678",6.914542,144622.73,,4.18,0,3452,10,True,nid007071,57248609
SparseHNSW_a0.5_b6_p256,"M=32 efC=200 ef=50 alpha=0.5 beta=6 q=u8 seedT=8 seedH=8 seedS=4 pat=256",64,0.8847914253,0.9896,85.9526,2.9836,0.0000,0.023733,"0.023787;0.023733;0.023608",6.875145,145451.48,,4.18,0,3452,10,True,nid007071,57248609
SparseHNSW_a0.5_b6_p256,"M=32 efC=200 ef=100 alpha=0.5 beta=6 q=u8 seedT=8 seedH=8 seedS=4 pat=256",64,0.8956257242,0.9948,85.9526,2.9836,0.0000,0.037096,"0.037096;0.037194;0.037089",10.746234,93055.86,,4.18,0,3452,10,True,nid007071,57248609
SparseHNSW_a0.5_b6_p256,"M=32 efC=200 ef=200 alpha=0.5 beta=6 q=u8 seedT=8 seedH=8 seedS=4 pat=256",64,0.9048667439,0.9988,85.9526,2.9836,0.0000,0.067373,"0.067354;0.067373;0.067526",19.517092,51237.14,,4.18,0,3452,10,True,nid007071,57248609
SparseHNSW_a0.5_b6_p256,"M=32 efC=200 ef=400 alpha=0.5 beta=6 q=u8 seedT=8 seedH=8 seedS=4 pat=256",64,0.9090092700,0.9994,85.9526,2.9836,0.0000,0.115615,"0.115554;0.115654;0.115615",33.492178,29857.72,,4.18,0,3452,10,True,nid007071,57248609
SparseHNSW_a0.5_b6_p256,"M=32 efC=200 ef=800 alpha=0.5 beta=6 q=u8 seedT=8 seedH=8 seedS=4 pat=256",64,0.9109212051,0.9994,85.9526,2.9836,0.0000,0.144735,"0.144770;0.144735;0.144445",41.927868,23850.49,,4.18,0,3452,10,True,nid007071,57248609
SparseHNSW_a0.5_b6_p256,"M=32 efC=200 ef=1600 alpha=0.5 beta=6 q=u8 seedT=8 seedH=8 seedS=4 pat=256",64,0.9110950174,0.9994,85.9526,2.9836,0.0000,0.152098,"0.152098;0.152392;0.151999",44.060834,22695.89,,4.18,0,3452,10,True,nid007071,57248609
SparseHNSW_a0.5_b6_p256,"M=32 efC=200 ef=3200 alpha=0.5 beta=6 q=u8 seedT=8 seedH=8 seedS=4 pat=256",64,0.9111239861,0.9994,85.9526,2.9836,0.0000,0.158172,"0.158172;0.157217;0.158180",45.820394,21824.34,,4.18,0,3452,10,True,nid007071,57248609
SparseHNSW_a0.5_b7_p256,"M=32 efC=200 ef=10 alpha=0.5 beta=7 q=u8 seedT=8 seedH=8 seedS=4 pat=256",64,0.8978273465,0.9913,85.9526,2.9836,0.0000,0.027644,"0.027967;0.027644;0.027617",8.008111,124873.39,,4.18,0,3452,10,True,nid007071,57248609
SparseHNSW_a0.5_b7_p256,"M=32 efC=200 ef=20 alpha=0.5 beta=7 q=u8 seedT=8 seedH=8 seedS=4 pat=256",64,0.8978273465,0.9913,85.9526,2.9836,0.0000,0.027366,"0.027511;0.027366;0.027364",7.927578,126141.93,,4.18,0,3452,10,True,nid007071,57248609
SparseHNSW_a0.5_b7_p256,"M=32 efC=200 ef=50 alpha=0.5 beta=7 q=u8 seedT=8 seedH=8 seedS=4 pat=256",64,0.8978273465,0.9913,85.9526,2.9836,0.0000,0.027338,"0.027338;0.027622;0.027270",7.919467,126271.12,,4.18,0,3452,10,True,nid007071,57248609
SparseHNSW_a0.5_b7_p256,"M=32 efC=200 ef=100 alpha=0.5 beta=7 q=u8 seedT=8 seedH=8 seedS=4 pat=256",64,0.9046929316,0.9948,85.9526,2.9836,0.0000,0.037307,"0.037075;0.037307;0.037419",10.807358,92529.55,,4.18,0,3452,10,True,nid007071,57248609
SparseHNSW_a0.5_b7_p256,"M=32 efC=200 ef=200 alpha=0.5 beta=7 q=u8 seedT=8 seedH=8 seedS=4 pat=256",64,0.9144843569,0.9988,85.9526,2.9836,0.0000,0.067756,"0.067800;0.067756;0.067744",19.628042,50947.52,,4.18,0,3452,10,True,nid007071,57248609
SparseHNSW_a0.5_b7_p256,"M=32 efC=200 ef=400 alpha=0.5 beta=7 q=u8 seedT=8 seedH=8 seedS=4 pat=256",64,0.9189455388,0.9994,85.9526,2.9836,0.0000,0.118202,"0.118091;0.118301;0.118202",34.241599,29204.24,,4.18,0,3452,10,True,nid007071,57248609
SparseHNSW_a0.5_b7_p256,"M=32 efC=200 ef=800 alpha=0.5 beta=7 q=u8 seedT=8 seedH=8 seedS=4 pat=256",64,0.9214078795,1.0000,85.9526,2.9836,0.0000,0.153240,"0.153038;0.153240;0.153560",44.391657,22526.76,,4.18,0,3452,10,True,nid007071,57248609
SparseHNSW_a0.5_b7_p256,"M=32 efC=200 ef=1600 alpha=0.5 beta=7 q=u8 seedT=8 seedH=8 seedS=4 pat=256",64,0.9215527231,1.0000,85.9526,2.9836,0.0000,0.163366,"0.163366;0.163370;0.163223",47.325029,21130.47,,4.18,0,3452,10,True,nid007071,57248609
SparseHNSW_a0.5_b7_p256,"M=32 efC=200 ef=3200 alpha=0.5 beta=7 q=u8 seedT=8 seedH=8 seedS=4 pat=256",64,0.9215527231,1.0000,85.9526,2.9836,0.0000,0.168667,"0.168667;0.168602;0.169018",48.860660,20466.36,,4.18,0,3452,10,True,nid007071,57248609
SparseHNSW_a0.5_b8_p256,"M=32 efC=200 ef=10 alpha=0.5 beta=8 q=u8 seedT=8 seedH=8 seedS=4 pat=256",64,0.9070683662,0.9936,85.9526,2.9836,0.0000,0.031328,"0.031531;0.031328;0.031117",9.075319,110188.97,,4.18,0,3452,10,True,nid007071,57248609
SparseHNSW_a0.5_b8_p256,"M=32 efC=200 ef=20 alpha=0.5 beta=8 q=u8 seedT=8 seedH=8 seedS=4 pat=256",64,0.9070683662,0.9936,85.9526,2.9836,0.0000,0.031182,"0.031026;0.031256;0.031182",9.033024,110704.89,,4.18,0,3452,10,True,nid007071,57248609
SparseHNSW_a0.5_b8_p256,"M=32 efC=200 ef=50 alpha=0.5 beta=8 q=u8 seedT=8 seedH=8 seedS=4 pat=256",64,0.9070683662,0.9936,85.9526,2.9836,0.0000,0.031219,"0.031219;0.031296;0.031103",9.043743,110573.69,,4.18,0,3452,10,True,nid007071,57248609
SparseHNSW_a0.5_b8_p256,"M=32 efC=200 ef=100 alpha=0.5 beta=8 q=u8 seedT=8 seedH=8 seedS=4 pat=256",64,0.9112977984,0.9951,85.9526,2.9836,0.0000,0.037751,"0.037759;0.037751;0.037726",10.935979,91441.29,,4.18,0,3452,10,True,nid007071,57248609
SparseHNSW_a0.5_b8_p256,"M=32 efC=200 ef=200 alpha=0.5 beta=8 q=u8 seedT=8 seedH=8 seedS=4 pat=256",64,0.9209154114,0.9988,85.9526,2.9836,0.0000,0.068791,"0.068791;0.068915;0.068606",19.927868,50180.98,,4.18,0,3452,10,True,nid007071,57248609
SparseHNSW_a0.5_b8_p256,"M=32 efC=200 ef=400 alpha=0.5 beta=8 q=u8 seedT=8 seedH=8 seedS=4 pat=256",64,0.9260428737,0.9994,85.9526,2.9836,0.0000,0.120036,"0.120142;0.119879;0.120036",34.772885,28758.04,,4.18,0,3452,10,True,nid007071,57248609
SparseHNSW_a0.5_b8_p256,"M=32 efC=200 ef=800 alpha=0.5 beta=8 q=u8 seedT=8 seedH=8 seedS=4 pat=256",64,0.9288238702,1.0000,85.9526,2.9836,0.0000,0.160856,"0.160517;0.161036;0.160856",46.597914,21460.19,,4.18,0,3452,10,True,nid007071,57248609
SparseHNSW_a0.5_b8_p256,"M=32 efC=200 ef=1600 alpha=0.5 beta=8 q=u8 seedT=8 seedH=8 seedS=4 pat=256",64,0.9293453071,1.0000,85.9526,2.9836,0.0000,0.174767,"0.174767;0.173806;0.174972",50.627752,19752.01,,4.18,0,3452,10,True,nid007071,57248609
SparseHNSW_a0.5_b8_p256,"M=32 efC=200 ef=3200 alpha=0.5 beta=8 q=u8 seedT=8 seedH=8 seedS=4 pat=256",64,0.9293742758,1.0000,85.9526,2.9836,0.0000,0.180480,"0.180480;0.180724;0.179781",52.282735,19126.77,,4.18,0,3452,10,True,nid007071,57248609
SparseHNSW_a0.6_b1_p0,"M=32 efC=200 ef=10 alpha=0.6 beta=1 q=u8 seedT=8 seedH=8 seedS=4",64,0.6856315180,0.5718,108.3256,1.0374,0.0000,0.014275,"0.015426;0.014275;0.013953",4.135284,241821.37,,4.25,0,3452,10,True,nid007071,57248609
SparseHNSW_a0.6_b1_p0,"M=32 efC=200 ef=20 alpha=0.6 beta=1 q=u8 seedT=8 seedH=8 seedS=4",64,0.6856315180,0.5718,108.3256,1.0374,0.0000,0.013874,"0.013941;0.013874;0.013738",4.019119,248810.73,,4.25,0,3452,10,True,nid007071,57248609
SparseHNSW_a0.6_b1_p0,"M=32 efC=200 ef=50 alpha=0.6 beta=1 q=u8 seedT=8 seedH=8 seedS=4",64,0.6976245655,0.5798,108.3256,1.0374,0.0000,0.020521,"0.020723;0.020521;0.020380",5.944670,168217.92,,4.25,0,3452,10,True,nid007071,57248609
SparseHNSW_a0.6_b1_p0,"M=32 efC=200 ef=100 alpha=0.6 beta=1 q=u8 seedT=8 seedH=8 seedS=4",64,0.7097334878,0.5953,108.3256,1.0374,0.0000,0.039316,"0.039334;0.039316;0.039291",11.389340,87801.40,,4.25,0,3452,10,True,nid007071,57248609
SparseHNSW_a0.6_b1_p0,"M=32 efC=200 ef=200 alpha=0.6 beta=1 q=u8 seedT=8 seedH=8 seedS=4",64,0.7153244496,0.6015,108.3256,1.0374,0.0000,0.073753,"0.073710;0.073791;0.073753",21.365295,46804.88,,4.25,0,3452,10,True,nid007071,57248609
SparseHNSW_a0.6_b1_p0,"M=32 efC=200 ef=400 alpha=0.6 beta=1 q=u8 seedT=8 seedH=8 seedS=4",64,0.7180185400,0.6053,108.3256,1.0374,0.0000,0.139811,"0.139963;0.139811;0.139646",40.501448,24690.47,,4.25,0,3452,10,True,nid007071,57248609
SparseHNSW_a0.6_b1_p0,"M=32 efC=200 ef=800 alpha=0.6 beta=1 q=u8 seedT=8 seedH=8 seedS=4",64,0.7199015064,0.6069,108.3256,1.0374,0.0000,0.266834,"0.266819;0.267194;0.266834",77.298378,12936.88,,4.25,0,3452,10,True,nid007071,57248609
SparseHNSW_a0.6_b1_p0,"M=32 efC=200 ef=1600 alpha=0.6 beta=1 q=u8 seedT=8 seedH=8 seedS=4",64,0.7210892236,0.6097,108.3256,1.0374,0.0000,0.515071,"0.515160;0.514855;0.515071",149.209444,6701.99,,4.25,0,3452,10,True,nid007071,57248609
SparseHNSW_a0.6_b1_p0,"M=32 efC=200 ef=3200 alpha=0.6 beta=1 q=u8 seedT=8 seedH=8 seedS=4",64,0.7215527231,0.6087,108.3256,1.0374,0.0000,0.979222,"0.979222;0.978267;0.979390",283.668019,3525.25,,4.25,0,3452,10,True,nid007071,57248609
SparseHNSW_a0.6_b2_p0,"M=32 efC=200 ef=10 alpha=0.6 beta=2 q=u8 seedT=8 seedH=8 seedS=4",64,0.8259269988,0.9777,108.3256,1.0374,0.0000,0.015074,"0.015737;0.015074;0.014775",4.366744,229003.58,,4.25,0,3452,10,True,nid007071,57248609
SparseHNSW_a0.6_b2_p0,"M=32 efC=200 ef=20 alpha=0.6 beta=2 q=u8 seedT=8 seedH=8 seedS=4",64,0.8259269988,0.9777,108.3256,1.0374,0.0000,0.014645,"0.014711;0.014631;0.014645",4.242468,235711.85,,4.25,0,3452,10,True,nid007071,57248609
SparseHNSW_a0.6_b2_p0,"M=32 efC=200 ef=50 alpha=0.6 beta=2 q=u8 seedT=8 seedH=8 seedS=4",64,0.8428157590,0.9881,108.3256,1.0374,0.0000,0.021544,"0.021619;0.021544;0.021358",6.241020,160230.23,,4.25,0,3452,10,True,nid007071,57248609
SparseHNSW_a0.6_b2_p0,"M=32 efC=200 ef=100 alpha=0.6 beta=2 q=u8 seedT=8 seedH=8 seedS=4",64,0.8583140209,0.9962,108.3256,1.0374,0.0000,0.040090,"0.040101;0.039886;0.040090",11.613557,86106.26,,4.25,0,3452,10,True,nid007071,57248609
SparseHNSW_a0.6_b2_p0,"M=32 efC=200 ef=200 alpha=0.6 beta=2 q=u8 seedT=8 seedH=8 seedS=4",64,0.8660776362,0.9997,108.3256,1.0374,0.0000,0.074449,"0.074630;0.074449;0.074355",21.566918,46367.31,,4.25,0,3452,10,True,nid007071,57248609
SparseHNSW_a0.6_b2_p0,"M=32 efC=200 ef=400 alpha=0.6 beta=2 q=u8 seedT=8 seedH=8 seedS=4",64,0.8696987254,0.9997,108.3256,1.0374,0.0000,0.140244,"0.140244;0.140096;0.140386",40.626883,24614.24,,4.25,0,3452,10,True,nid007071,57248609
SparseHNSW_a0.6_b2_p0,"M=32 efC=200 ef=800 alpha=0.6 beta=2 q=u8 seedT=8 seedH=8 seedS=4",64,0.8723348783,1.0000,108.3256,1.0374,0.0000,0.267116,"0.267059;0.267306;0.267116",77.380070,12923.22,,4.25,0,3452,10,True,nid007071,57248609
SparseHNSW_a0.6_b2_p0,"M=32 efC=200 ef=1600 alpha=0.6 beta=2 q=u8 seedT=8 seedH=8 seedS=4",64,0.8744206257,1.0000,108.3256,1.0374,0.0000,0.514901,"0.514807;0.514926;0.514901",149.160197,6704.20,,4.25,0,3452,10,True,nid007071,57248609
SparseHNSW_a0.6_b2_p0,"M=32 efC=200 ef=3200 alpha=0.6 beta=2 q=u8 seedT=8 seedH=8 seedS=4",64,0.8755214368,1.0000,108.3256,1.0374,0.0000,0.978796,"0.978719;0.979807;0.978796",283.544612,3526.78,,4.25,0,3452,10,True,nid007071,57248609
SparseHNSW_a0.6_b3_p0,"M=32 efC=200 ef=10 alpha=0.6 beta=3 q=u8 seedT=8 seedH=8 seedS=4",64,0.8647740440,0.9777,108.3256,1.0374,0.0000,0.015410,"0.016140;0.015410;0.015175",4.464079,224010.38,,4.25,0,3452,10,True,nid007071,57248609
SparseHNSW_a0.6_b3_p0,"M=32 efC=200 ef=20 alpha=0.6 beta=3 q=u8 seedT=8 seedH=8 seedS=4",64,0.8647740440,0.9777,108.3256,1.0374,0.0000,0.015011,"0.015195;0.015011;0.015006",4.348494,229964.69,,4.25,0,3452,10,True,nid007071,57248609
SparseHNSW_a0.6_b3_p0,"M=32 efC=200 ef=50 alpha=0.6 beta=3 q=u8 seedT=8 seedH=8 seedS=4",64,0.8837775203,0.9881,108.3256,1.0374,0.0000,0.021900,"0.021956;0.021900;0.021795",6.344148,157625.57,,4.25,0,3452,10,True,nid007071,57248609
SparseHNSW_a0.6_b3_p0,"M=32 efC=200 ef=100 alpha=0.6 beta=3 q=u8 seedT=8 seedH=8 seedS=4",64,0.9013035921,0.9962,108.3256,1.0374,0.0000,0.040348,"0.040283;0.040395;0.040348",11.688297,85555.67,,4.25,0,3452,10,True,nid007071,57248609
SparseHNSW_a0.6_b3_p0,"M=32 efC=200 ef=200 alpha=0.6 beta=3 q=u8 seedT=8 seedH=8 seedS=4",64,0.9097914253,0.9997,108.3256,1.0374,0.0000,0.074612,"0.074684;0.074556;0.074612",21.614137,46266.02,,4.25,0,3452,10,True,nid007071,57248609
SparseHNSW_a0.6_b3_p0,"M=32 efC=200 ef=400 alpha=0.6 beta=3 q=u8 seedT=8 seedH=8 seedS=4",64,0.9140498262,0.9997,108.3256,1.0374,0.0000,0.140658,"0.140601;0.140658;0.140856",40.746813,24541.80,,4.25,0,3452,10,True,nid007071,57248609
SparseHNSW_a0.6_b3_p0,"M=32 efC=200 ef=800 alpha=0.6 beta=3 q=u8 seedT=8 seedH=8 seedS=4",64,0.9172653534,1.0000,108.3256,1.0374,0.0000,0.267636,"0.267646;0.267636;0.267424",77.530707,12898.12,,4.25,0,3452,10,True,nid007071,57248609
SparseHNSW_a0.6_b3_p0,"M=32 efC=200 ef=1600 alpha=0.6 beta=3 q=u8 seedT=8 seedH=8 seedS=4",64,0.9194380070,1.0000,108.3256,1.0374,0.0000,0.515771,"0.515191;0.515771;0.516216",149.412225,6692.89,,4.25,0,3452,10,True,nid007071,57248609
SparseHNSW_a0.6_b3_p0,"M=32 efC=200 ef=3200 alpha=0.6 beta=3 q=u8 seedT=8 seedH=8 seedS=4",64,0.9209154114,1.0000,108.3256,1.0374,0.0000,0.980434,"0.979419;0.980650;0.980434",284.019119,3520.89,,4.25,0,3452,10,True,nid007071,57248609
SparseHNSW_a0.6_b4_p0,"M=32 efC=200 ef=10 alpha=0.6 beta=4 q=u8 seedT=8 seedH=8 seedS=4",64,0.8922653534,0.9826,108.3256,1.0374,0.0000,0.018839,"0.019563;0.018839;0.018510",5.457416,183236.90,,4.25,0,3452,10,True,nid007071,57248609
SparseHNSW_a0.6_b4_p0,"M=32 efC=200 ef=20 alpha=0.6 beta=4 q=u8 seedT=8 seedH=8 seedS=4",64,0.8922653534,0.9826,108.3256,1.0374,0.0000,0.018257,"0.018257;0.018259;0.018203",5.288818,189078.16,,4.25,0,3452,10,True,nid007071,57248609
SparseHNSW_a0.6_b4_p0,"M=32 efC=200 ef=50 alpha=0.6 beta=4 q=u8 seedT=8 seedH=8 seedS=4",64,0.9018539977,0.9881,108.3256,1.0374,0.0000,0.022125,"0.022300;0.022125;0.021974",6.409328,156022.60,,4.25,0,3452,10,True,nid007071,57248609
SparseHNSW_a0.6_b4_p0,"M=32 efC=200 ef=100 alpha=0.6 beta=4 q=u8 seedT=8 seedH=8 seedS=4",64,0.9214078795,0.9962,108.3256,1.0374,0.0000,0.040729,"0.040649;0.040729;0.040797",11.798667,84755.33,,4.25,0,3452,10,True,nid007071,57248609
SparseHNSW_a0.6_b4_p0,"M=32 efC=200 ef=200 alpha=0.6 beta=4 q=u8 seedT=8 seedH=8 seedS=4",64,0.9307937428,0.9997,108.3256,1.0374,0.0000,0.075140,"0.075095;0.075140;0.075409",21.767092,45940.91,,4.25,0,3452,10,True,nid007071,57248609
SparseHNSW_a0.6_b4_p0,"M=32 efC=200 ef=400 alpha=0.6 beta=4 q=u8 seedT=8 seedH=8 seedS=4",64,0.9357184241,0.9997,108.3256,1.0374,0.0000,0.140965,"0.141050;0.140892;0.140965",40.835747,24488.35,,4.25,0,3452,10,True,nid007071,57248609
SparseHNSW_a0.6_b4_p0,"M=32 efC=200 ef=800 alpha=0.6 beta=4 q=u8 seedT=8 seedH=8 seedS=4",64,0.9390208575,1.0000,108.3256,1.0374,0.0000,0.268131,"0.267974;0.268135;0.268131",77.674102,12874.30,,4.25,0,3452,10,True,nid007071,57248609
SparseHNSW_a0.6_b4_p0,"M=32 efC=200 ef=1600 alpha=0.6 beta=4 q=u8 seedT=8 seedH=8 seedS=4",64,0.9417728853,1.0000,108.3256,1.0374,0.0000,0.516145,"0.515356;0.516145;0.516165",149.520568,6688.04,,4.25,0,3452,10,True,nid007071,57248609
SparseHNSW_a0.6_b4_p0,"M=32 efC=200 ef=3200 alpha=0.6 beta=4 q=u8 seedT=8 seedH=8 seedS=4",64,0.9431923523,1.0000,108.3256,1.0374,0.0000,0.980285,"0.980285;0.980695;0.978767",283.975956,3521.42,,4.25,0,3452,10,True,nid007071,57248609
SparseHNSW_a0.6_b5_p0,"M=32 efC=200 ef=10 alpha=0.6 beta=5 q=u8 seedT=8 seedH=8 seedS=4",64,0.9122827346,0.9881,108.3256,1.0374,0.0000,0.023009,"0.023567;0.023009;0.022677",6.665411,150028.25,,4.25,0,3452,10,True,nid007071,57248609
SparseHNSW_a0.6_b5_p0,"M=32 efC=200 ef=20 alpha=0.6 beta=5 q=u8 seedT=8 seedH=8 seedS=4",64,0.9122827346,0.9881,108.3256,1.0374,0.0000,0.022393,"0.022382;0.022393;0.022462",6.486964,154155.32,,4.25,0,3452,10,True,nid007071,57248609
SparseHNSW_a0.6_b5_p0,"M=32 efC=200 ef=50 alpha=0.6 beta=5 q=u8 seedT=8 seedH=8 seedS=4",64,0.9122827346,0.9881,108.3256,1.0374,0.0000,0.022366,"0.022336;0.022544;0.022366",6.479143,154341.41,,4.25,0,3452,10,True,nid007071,57248609
SparseHNSW_a0.6_b5_p0,"M=32 efC=200 ef=100 alpha=0.6 beta=5 q=u8 seedT=8 seedH=8 seedS=4",64,0.9323001159,0.9962,108.3256,1.0374,0.0000,0.041197,"0.041059;0.041197;0.041259",11.934241,83792.51,,4.25,0,3452,10,True,nid007071,57248609
SparseHNSW_a0.6_b5_p0,"M=32 efC=200 ef=200 alpha=0.6 beta=5 q=u8 seedT=8 seedH=8 seedS=4",64,0.9424101970,0.9997,108.3256,1.0374,0.0000,0.075410,"0.075388;0.075410;0.075537",21.845307,45776.42,,4.25,0,3452,10,True,nid007071,57248609
SparseHNSW_a0.6_b5_p0,"M=32 efC=200 ef=400 alpha=0.6 beta=5 q=u8 seedT=8 seedH=8 seedS=4",64,0.9477983778,0.9997,108.3256,1.0374,0.0000,0.141403,"0.141090;0.141487;0.141403",40.962630,24412.49,,4.25,0,3452,10,True,nid007071,57248609
SparseHNSW_a0.6_b5_p0,"M=32 efC=200 ef=800 alpha=0.6 beta=5 q=u8 seedT=8 seedH=8 seedS=4",64,0.9515063731,1.0000,108.3256,1.0374,0.0000,0.268196,"0.268196;0.268558;0.268076",77.692932,12871.18,,4.25,0,3452,10,True,nid007071,57248609
SparseHNSW_a0.6_b5_p0,"M=32 efC=200 ef=1600 alpha=0.6 beta=5 q=u8 seedT=8 seedH=8 seedS=4",64,0.9541135574,1.0000,108.3256,1.0374,0.0000,0.515900,"0.516351;0.515900;0.515541",149.449594,6691.22,,4.25,0,3452,10,True,nid007071,57248609
SparseHNSW_a0.6_b5_p0,"M=32 efC=200 ef=3200 alpha=0.6 beta=5 q=u8 seedT=8 seedH=8 seedS=4",64,0.9556488992,1.0000,108.3256,1.0374,0.0000,0.980257,"0.979737;0.980292;0.980257",283.967845,3521.53,,4.25,0,3452,10,True,nid007071,57248609
SparseHNSW_a0.6_b6_p0,"M=32 efC=200 ef=10 alpha=0.6 beta=6 q=u8 seedT=8 seedH=8 seedS=4",64,0.9256083430,0.9919,108.3256,1.0374,0.0000,0.026947,"0.027578;0.026826;0.026947",7.806199,128103.31,,4.25,0,3452,10,True,nid007071,57248609
SparseHNSW_a0.6_b6_p0,"M=32 efC=200 ef=20 alpha=0.6 beta=6 q=u8 seedT=8 seedH=8 seedS=4",64,0.9256083430,0.9919,108.3256,1.0374,0.0000,0.026633,"0.026747;0.026572;0.026633",7.715238,129613.64,,4.25,0,3452,10,True,nid007071,57248609
SparseHNSW_a0.6_b6_p0,"M=32 efC=200 ef=50 alpha=0.6 beta=6 q=u8 seedT=8 seedH=8 seedS=4",64,0.9256083430,0.9919,108.3256,1.0374,0.0000,0.026635,"0.026736;0.026534;0.026635",7.715817,129603.90,,4.25,0,3452,10,True,nid007071,57248609
SparseHNSW_a0.6_b6_p0,"M=32 efC=200 ef=100 alpha=0.6 beta=6 q=u8 seedT=8 seedH=8 seedS=4",64,0.9393105446,0.9962,108.3256,1.0374,0.0000,0.041569,"0.041430;0.041584;0.041569",12.042005,83042.65,,4.25,0,3452,10,True,nid007071,57248609
SparseHNSW_a0.6_b6_p0,"M=32 efC=200 ef=200 alpha=0.6 beta=6 q=u8 seedT=8 seedH=8 seedS=4",64,0.9495654693,0.9997,108.3256,1.0374,0.0000,0.075833,"0.075730;0.075949;0.075833",21.967845,45521.08,,4.25,0,3452,10,True,nid007071,57248609
SparseHNSW_a0.6_b6_p0,"M=32 efC=200 ef=400 alpha=0.6 beta=6 q=u8 seedT=8 seedH=8 seedS=4",64,0.9552723059,0.9997,108.3256,1.0374,0.0000,0.141510,"0.141510;0.141393;0.141668",40.993627,24394.04,,4.25,0,3452,10,True,nid007071,57248609
SparseHNSW_a0.6_b6_p0,"M=32 efC=200 ef=800 alpha=0.6 beta=6 q=u8 seedT=8 seedH=8 seedS=4",64,0.9591251448,1.0000,108.3256,1.0374,0.0000,0.268658,"0.268673;0.268658;0.268486",77.826767,12849.05,,4.25,0,3452,10,True,nid007071,57248609
SparseHNSW_a0.6_b6_p0,"M=32 efC=200 ef=1600 alpha=0.6 beta=6 q=u8 seedT=8 seedH=8 seedS=4",64,0.9619640788,1.0000,108.3256,1.0374,0.0000,0.516638,"0.516638;0.516213;0.516678",149.663384,6681.66,,4.25,0,3452,10,True,nid007071,57248609
SparseHNSW_a0.6_b6_p0,"M=32 efC=200 ef=3200 alpha=0.6 beta=6 q=u8 seedT=8 seedH=8 seedS=4",64,0.9635573581,1.0000,108.3256,1.0374,0.0000,0.981207,"0.981207;0.981387;0.980651",284.243048,3518.12,,4.25,0,3452,10,True,nid007071,57248609
SparseHNSW_a0.6_b7_p0,"M=32 efC=200 ef=10 alpha=0.6 beta=7 q=u8 seedT=8 seedH=8 seedS=4",64,0.9335457706,0.9922,108.3256,1.0374,0.0000,0.031133,"0.031438;0.031133;0.030797",9.018830,110879.13,,4.25,0,3452,10,True,nid007071,57248609
SparseHNSW_a0.6_b7_p0,"M=32 efC=200 ef=20 alpha=0.6 beta=7 q=u8 seedT=8 seedH=8 seedS=4",64,0.9335457706,0.9922,108.3256,1.0374,0.0000,0.030765,"0.030875;0.030765;0.030550",8.912225,112205.43,,4.25,0,3452,10,True,nid007071,57248609
SparseHNSW_a0.6_b7_p0,"M=32 efC=200 ef=50 alpha=0.6 beta=7 q=u8 seedT=8 seedH=8 seedS=4",64,0.9335457706,0.9922,108.3256,1.0374,0.0000,0.030592,"0.030660;0.030592;0.030537",8.862109,112839.96,,4.25,0,3452,10,True,nid007071,57248609
SparseHNSW_a0.6_b7_p0,"M=32 efC=200 ef=100 alpha=0.6 beta=7 q=u8 seedT=8 seedH=8 seedS=4",64,0.9446407879,0.9962,108.3256,1.0374,0.0000,0.041845,"0.042063;0.041845;0.041809",12.121958,82494.92,,4.25,0,3452,10,True,nid007071,57248609
SparseHNSW_a0.6_b7_p0,"M=32 efC=200 ef=200 alpha=0.6 beta=7 q=u8 seedT=8 seedH=8 seedS=4",64,0.9549826188,0.9997,108.3256,1.0374,0.0000,0.076099,"0.076099;0.076100;0.075861",22.044902,45361.96,,4.25,0,3452,10,True,nid007071,57248609
SparseHNSW_a0.6_b7_p0,"M=32 efC=200 ef=400 alpha=0.6 beta=7 q=u8 seedT=8 seedH=8 seedS=4",64,0.9606025492,0.9997,108.3256,1.0374,0.0000,0.141757,"0.141683;0.141757;0.142037",41.065180,24351.53,,4.25,0,3452,10,True,nid007071,57248609
SparseHNSW_a0.6_b7_p0,"M=32 efC=200 ef=800 alpha=0.6 beta=7 q=u8 seedT=8 seedH=8 seedS=4",64,0.9644843569,1.0000,108.3256,1.0374,0.0000,0.269082,"0.268383;0.269182;0.269082",77.949594,12828.80,,4.25,0,3452,10,True,nid007071,57248609
SparseHNSW_a0.6_b7_p0,"M=32 efC=200 ef=1600 alpha=0.6 beta=7 q=u8 seedT=8 seedH=8 seedS=4",64,0.9675260718,1.0000,108.3256,1.0374,0.0000,0.517300,"0.517300;0.517437;0.516608",149.855156,6673.11,,4.25,0,3452,10,True,nid007071,57248609
SparseHNSW_a0.6_b7_p0,"M=32 efC=200 ef=3200 alpha=0.6 beta=7 q=u8 seedT=8 seedH=8 seedS=4",64,0.9692062572,1.0000,108.3256,1.0374,0.0000,0.980666,"0.980244;0.980666;0.981078",284.086327,3520.06,,4.25,0,3452,10,True,nid007071,57248609
SparseHNSW_a0.6_b8_p0,"M=32 efC=200 ef=10 alpha=0.6 beta=8 q=u8 seedT=8 seedH=8 seedS=4",64,0.9413383546,0.9942,108.3256,1.0374,0.0000,0.034960,"0.035486;0.034960;0.034851",10.127462,98741.42,,4.25,0,3452,10,True,nid007071,57248609
SparseHNSW_a0.6_b8_p0,"M=32 efC=200 ef=20 alpha=0.6 beta=8 q=u8 seedT=8 seedH=8 seedS=4",64,0.9413383546,0.9942,108.3256,1.0374,0.0000,0.034710,"0.034710;0.034718;0.034654",10.055041,99452.61,,4.25,0,3452,10,True,nid007071,57248609
SparseHNSW_a0.6_b8_p0,"M=32 efC=200 ef=50 alpha=0.6 beta=8 q=u8 seedT=8 seedH=8 seedS=4",64,0.9413383546,0.9942,108.3256,1.0374,0.0000,0.034643,"0.034614;0.034671;0.034643",10.035632,99644.95,,4.25,0,3452,10,True,nid007071,57248609
SparseHNSW_a0.6_b8_p0,"M=32 efC=200 ef=100 alpha=0.6 beta=8 q=u8 seedT=8 seedH=8 seedS=4",64,0.9476535342,0.9962,108.3256,1.0374,0.0000,0.042179,"0.042076;0.042179;0.042204",12.218714,81841.67,,4.25,0,3452,10,True,nid007071,57248609
SparseHNSW_a0.6_b8_p0,"M=32 efC=200 ef=200 alpha=0.6 beta=8 q=u8 seedT=8 seedH=8 seedS=4",64,0.9585168019,0.9997,108.3256,1.0374,0.0000,0.076414,"0.076505;0.076299;0.076414",22.136153,45174.97,,4.25,0,3452,10,True,nid007071,57248609
SparseHNSW_a0.6_b8_p0,"M=32 efC=200 ef=400 alpha=0.6 beta=8 q=u8 seedT=8 seedH=8 seedS=4",64,0.9646002317,0.9997,108.3256,1.0374,0.0000,0.142112,"0.142112;0.142030;0.142319",41.168019,24290.70,,4.25,0,3452,10,True,nid007071,57248609
SparseHNSW_a0.6_b8_p0,"M=32 efC=200 ef=800 alpha=0.6 beta=8 q=u8 seedT=8 seedH=8 seedS=4",64,0.9686558517,1.0000,108.3256,1.0374,0.0000,0.269112,"0.269112;0.269128;0.268936",77.958285,12827.37,,4.25,0,3452,10,True,nid007071,57248609
SparseHNSW_a0.6_b8_p0,"M=32 efC=200 ef=1600 alpha=0.6 beta=8 q=u8 seedT=8 seedH=8 seedS=4",64,0.9714078795,1.0000,108.3256,1.0374,0.0000,0.517427,"0.517427;0.516781;0.518308",149.891947,6671.47,,4.25,0,3452,10,True,nid007071,57248609
SparseHNSW_a0.6_b8_p0,"M=32 efC=200 ef=3200 alpha=0.6 beta=8 q=u8 seedT=8 seedH=8 seedS=4",64,0.9730590962,1.0000,108.3256,1.0374,0.0000,0.981908,"0.981908;0.982158;0.980181",284.446118,3515.60,,4.25,0,3452,10,True,nid007071,57248609
SparseHNSW_a0.6_b1_p64,"M=32 efC=200 ef=10 alpha=0.6 beta=1 q=u8 seedT=8 seedH=8 seedS=4 pat=64",64,0.6856315180,0.5718,108.3256,1.0374,0.0000,0.014307,"0.015115;0.014307;0.014040",4.144554,241280.49,,4.25,0,3452,10,True,nid007071,57248609
SparseHNSW_a0.6_b1_p64,"M=32 efC=200 ef=20 alpha=0.6 beta=1 q=u8 seedT=8 seedH=8 seedS=4 pat=64",64,0.6856315180,0.5718,108.3256,1.0374,0.0000,0.013933,"0.013977;0.013933;0.013927",4.036211,247757.12,,4.25,0,3452,10,True,nid007071,57248609
SparseHNSW_a0.6_b1_p64,"M=32 efC=200 ef=50 alpha=0.6 beta=1 q=u8 seedT=8 seedH=8 seedS=4 pat=64",64,0.6976245655,0.5798,108.3256,1.0374,0.0000,0.020813,"0.020995;0.020813;0.020666",6.029258,165857.88,,4.25,0,3452,10,True,nid007071,57248609
SparseHNSW_a0.6_b1_p64,"M=32 efC=200 ef=100 alpha=0.6 beta=1 q=u8 seedT=8 seedH=8 seedS=4 pat=64",64,0.7079663963,0.5936,108.3256,1.0374,0.0000,0.033050,"0.033242;0.033050;0.032891",9.574160,104447.81,,4.25,0,3452,10,True,nid007071,57248609
SparseHNSW_a0.6_b1_p64,"M=32 efC=200 ef=200 alpha=0.6 beta=1 q=u8 seedT=8 seedH=8 seedS=4 pat=64",64,0.7105156431,0.5963,108.3256,1.0374,0.0000,0.036187,"0.036187;0.036193;0.036089",10.482908,95393.37,,4.25,0,3452,10,True,nid007071,57248609
SparseHNSW_a0.6_b1_p64,"M=32 efC=200 ef=400 alpha=0.6 beta=1 q=u8 seedT=8 seedH=8 seedS=4 pat=64",64,0.7106604867,0.5964,108.3256,1.0374,0.0000,0.037265,"0.037221;0.037300;0.037265",10.795191,92633.84,,4.25,0,3452,10,True,nid007071,57248609
SparseHNSW_a0.6_b1_p64,"M=32 efC=200 ef=800 alpha=0.6 beta=1 q=u8 seedT=8 seedH=8 seedS=4 pat=64",64,0.7106604867,0.5964,108.3256,1.0374,0.0000,0.038669,"0.038669;0.038585;0.038725",11.201912,89270.48,,4.25,0,3452,10,True,nid007071,57248609
SparseHNSW_a0.6_b1_p64,"M=32 efC=200 ef=1600 alpha=0.6 beta=1 q=u8 seedT=8 seedH=8 seedS=4 pat=64",64,0.7106604867,0.5964,108.3256,1.0374,0.0000,0.040907,"0.040974;0.040874;0.040907",11.850232,84386.54,,4.25,0,3452,10,True,nid007071,57248609
SparseHNSW_a0.6_b1_p64,"M=32 efC=200 ef=3200 alpha=0.6 beta=1 q=u8 seedT=8 seedH=8 seedS=4 pat=64",64,0.7106604867,0.5964,108.3256,1.0374,0.0000,0.043261,"0.043261;0.043162;0.043401",12.532155,79794.73,,4.25,0,3452,10,True,nid007071,57248609
SparseHNSW_a0.6_b2_p64,"M=32 efC=200 ef=10 alpha=0.6 beta=2 q=u8 seedT=8 seedH=8 seedS=4 pat=64",64,0.8259269988,0.9777,108.3256,1.0374,0.0000,0.015080,"0.015364;0.015080;0.014902",4.368482,228912.47,,4.25,0,3452,10,True,nid007071,57248609
SparseHNSW_a0.6_b2_p64,"M=32 efC=200 ef=20 alpha=0.6 beta=2 q=u8 seedT=8 seedH=8 seedS=4 pat=64",64,0.8259269988,0.9777,108.3256,1.0374,0.0000,0.014712,"0.014712;0.014754;0.014694",4.261877,234638.39,,4.25,0,3452,10,True,nid007071,57248609
SparseHNSW_a0.6_b2_p64,"M=32 efC=200 ef=50 alpha=0.6 beta=2 q=u8 seedT=8 seedH=8 seedS=4 pat=64",64,0.8428157590,0.9881,108.3256,1.0374,0.0000,0.021554,"0.021699;0.021554;0.021460",6.243917,160155.89,,4.25,0,3452,10,True,nid007071,57248609
SparseHNSW_a0.6_b2_p64,"M=32 efC=200 ef=100 alpha=0.6 beta=2 q=u8 seedT=8 seedH=8 seedS=4 pat=64",64,0.8581402086,0.9962,108.3256,1.0374,0.0000,0.037007,"0.037007;0.037090;0.036886",10.720452,93279.65,,4.25,0,3452,10,True,nid007071,57248609
SparseHNSW_a0.6_b2_p64,"M=32 efC=200 ef=200 alpha=0.6 beta=2 q=u8 seedT=8 seedH=8 seedS=4 pat=64",64,0.8630938586,0.9994,108.3256,1.0374,0.0000,0.042897,"0.042878;0.043089;0.042897",12.426709,80471.83,,4.25,0,3452,10,True,nid007071,57248609
SparseHNSW_a0.6_b2_p64,"M=32 efC=200 ef=400 alpha=0.6 beta=2 q=u8 seedT=8 seedH=8 seedS=4 pat=64",64,0.8636152955,0.9994,108.3256,1.0374,0.0000,0.044808,"0.044871;0.044808;0.044601",12.980301,77039.81,,4.25,0,3452,10,True,nid007071,57248609
SparseHNSW_a0.6_b2_p64,"M=32 efC=200 ef=800 alpha=0.6 beta=2 q=u8 seedT=8 seedH=8 seedS=4 pat=64",64,0.8636152955,0.9994,108.3256,1.0374,0.0000,0.046534,"0.046271;0.046809;0.046534",13.480301,74182.32,,4.25,0,3452,10,True,nid007071,57248609
SparseHNSW_a0.6_b2_p64,"M=32 efC=200 ef=1600 alpha=0.6 beta=2 q=u8 seedT=8 seedH=8 seedS=4 pat=64",64,0.8636152955,0.9994,108.3256,1.0374,0.0000,0.048844,"0.048844;0.048795;0.048872",14.149479,70673.98,,4.25,0,3452,10,True,nid007071,57248609
SparseHNSW_a0.6_b2_p64,"M=32 efC=200 ef=3200 alpha=0.6 beta=2 q=u8 seedT=8 seedH=8 seedS=4 pat=64",64,0.8636152955,0.9994,108.3256,1.0374,0.0000,0.051457,"0.051306;0.051457;0.051524",14.906431,67085.14,,4.25,0,3452,10,True,nid007071,57248609
SparseHNSW_a0.6_b3_p64,"M=32 efC=200 ef=10 alpha=0.6 beta=3 q=u8 seedT=8 seedH=8 seedS=4 pat=64",64,0.8647740440,0.9777,108.3256,1.0374,0.0000,0.015481,"0.015821;0.015481;0.015343",4.484647,222983.01,,4.25,0,3452,10,True,nid007071,57248609
SparseHNSW_a0.6_b3_p64,"M=32 efC=200 ef=20 alpha=0.6 beta=3 q=u8 seedT=8 seedH=8 seedS=4 pat=64",64,0.8647740440,0.9777,108.3256,1.0374,0.0000,0.015173,"0.015273;0.015156;0.015173",4.395423,227509.39,,4.25,0,3452,10,True,nid007071,57248609
SparseHNSW_a0.6_b3_p64,"M=32 efC=200 ef=50 alpha=0.6 beta=3 q=u8 seedT=8 seedH=8 seedS=4 pat=64",64,0.8837775203,0.9881,108.3256,1.0374,0.0000,0.021967,"0.022041;0.021967;0.021924",6.363557,157144.81,,4.25,0,3452,10,True,nid007071,57248609
SparseHNSW_a0.6_b3_p64,"M=32 efC=200 ef=100 alpha=0.6 beta=3 q=u8 seedT=8 seedH=8 seedS=4 pat=64",64,0.9012456547,0.9962,108.3256,1.0374,0.0000,0.039153,"0.039218;0.039052;0.039153",11.342121,88166.93,,4.25,0,3452,10,True,nid007071,57248609
SparseHNSW_a0.6_b3_p64,"M=32 efC=200 ef=200 alpha=0.6 beta=3 q=u8 seedT=8 seedH=8 seedS=4 pat=64",64,0.9074739282,0.9997,108.3256,1.0374,0.0000,0.048860,"0.048860;0.048861;0.048832",14.154114,70650.84,,4.25,0,3452,10,True,nid007071,57248609
SparseHNSW_a0.6_b3_p64,"M=32 efC=200 ef=400 alpha=0.6 beta=3 q=u8 seedT=8 seedH=8 seedS=4 pat=64",64,0.9084878331,0.9997,108.3256,1.0374,0.0000,0.051433,"0.051293;0.051523;0.051433",14.899479,67116.44,,4.25,0,3452,10,True,nid007071,57248609
SparseHNSW_a0.6_b3_p64,"M=32 efC=200 ef=800 alpha=0.6 beta=3 q=u8 seedT=8 seedH=8 seedS=4 pat=64",64,0.9084878331,0.9997,108.3256,1.0374,0.0000,0.053406,"0.053406;0.053455;0.053306",15.471031,64636.93,,4.25,0,3452,10,True,nid007071,57248609
SparseHNSW_a0.6_b3_p64,"M=32 efC=200 ef=1600 alpha=0.6 beta=3 q=u8 seedT=8 seedH=8 seedS=4 pat=64",64,0.9084878331,0.9997,108.3256,1.0374,0.0000,0.056085,"0.055870;0.056085;0.056107",16.247103,61549.43,,4.25,0,3452,10,True,nid007071,57248609
SparseHNSW_a0.6_b3_p64,"M=32 efC=200 ef=3200 alpha=0.6 beta=3 q=u8 seedT=8 seedH=8 seedS=4 pat=64",64,0.9084878331,0.9997,108.3256,1.0374,0.0000,0.059037,"0.059000;0.059037;0.059211",17.102260,58471.81,,4.25,0,3452,10,True,nid007071,57248609
SparseHNSW_a0.6_b4_p64,"M=32 efC=200 ef=10 alpha=0.6 beta=4 q=u8 seedT=8 seedH=8 seedS=4 pat=64",64,0.8922653534,0.9826,108.3256,1.0374,0.0000,0.018750,"0.019143;0.018750;0.018423",5.431634,184106.67,,4.25,0,3452,10,True,nid007071,57248609
SparseHNSW_a0.6_b4_p64,"M=32 efC=200 ef=20 alpha=0.6 beta=4 q=u8 seedT=8 seedH=8 seedS=4 pat=64",64,0.8922653534,0.9826,108.3256,1.0374,0.0000,0.018329,"0.018386;0.018329;0.018280",5.309676,188335.42,,4.25,0,3452,10,True,nid007071,57248609
SparseHNSW_a0.6_b4_p64,"M=32 efC=200 ef=50 alpha=0.6 beta=4 q=u8 seedT=8 seedH=8 seedS=4 pat=64",64,0.9018539977,0.9881,108.3256,1.0374,0.0000,0.022144,"0.022172;0.022144;0.022090",6.414832,155888.73,,4.25,0,3452,10,True,nid007071,57248609
SparseHNSW_a0.6_b4_p64,"M=32 efC=200 ef=100 alpha=0.6 beta=4 q=u8 seedT=8 seedH=8 seedS=4 pat=64",64,0.9213499421,0.9962,108.3256,1.0374,0.0000,0.040467,"0.040467;0.040542;0.040313",11.722769,85304.07,,4.25,0,3452,10,True,nid007071,57248609
SparseHNSW_a0.6_b4_p64,"M=32 efC=200 ef=200 alpha=0.6 beta=4 q=u8 seedT=8 seedH=8 seedS=4 pat=64",64,0.9289687138,0.9997,108.3256,1.0374,0.0000,0.053954,"0.053954;0.054032;0.053935",15.629780,63980.43,,4.25,0,3452,10,True,nid007071,57248609
SparseHNSW_a0.6_b4_p64,"M=32 efC=200 ef=400 alpha=0.6 beta=4 q=u8 seedT=8 seedH=8 seedS=4 pat=64",64,0.9302433372,0.9997,108.3256,1.0374,0.0000,0.057698,"0.057698;0.057637;0.057915",16.714368,59828.76,,4.25,0,3452,10,True,nid007071,57248609
SparseHNSW_a0.6_b4_p64,"M=32 efC=200 ef=800 alpha=0.6 beta=4 q=u8 seedT=8 seedH=8 seedS=4 pat=64",64,0.9302433372,0.9997,108.3256,1.0374,0.0000,0.059599,"0.059513;0.059599;0.059810",17.265064,57920.43,,4.25,0,3452,10,True,nid007071,57248609
SparseHNSW_a0.6_b4_p64,"M=32 efC=200 ef=1600 alpha=0.6 beta=4 q=u8 seedT=8 seedH=8 seedS=4 pat=64",64,0.9302433372,0.9997,108.3256,1.0374,0.0000,0.062226,"0.062226;0.062120;0.062336",18.026072,55475.20,,4.25,0,3452,10,True,nid007071,57248609
SparseHNSW_a0.6_b4_p64,"M=32 efC=200 ef=3200 alpha=0.6 beta=4 q=u8 seedT=8 seedH=8 seedS=4 pat=64",64,0.9302433372,0.9997,108.3256,1.0374,0.0000,0.065524,"0.065532;0.065429;0.065524",18.981460,52682.99,,4.25,0,3452,10,True,nid007071,57248609
SparseHNSW_a0.6_b5_p64,"M=32 efC=200 ef=10 alpha=0.6 beta=5 q=u8 seedT=8 seedH=8 seedS=4 pat=64",64,0.9122827346,0.9881,108.3256,1.0374,0.0000,0.022882,"0.023235;0.022882;0.022791",6.628621,150860.94,,4.25,0,3452,10,True,nid007071,57248609
SparseHNSW_a0.6_b5_p64,"M=32 efC=200 ef=20 alpha=0.6 beta=5 q=u8 seedT=8 seedH=8 seedS=4 pat=64",64,0.9122827346,0.9881,108.3256,1.0374,0.0000,0.022496,"0.022608;0.022496;0.022464",6.516802,153449.50,,4.25,0,3452,10,True,nid007071,57248609
SparseHNSW_a0.6_b5_p64,"M=32 efC=200 ef=50 alpha=0.6 beta=5 q=u8 seedT=8 seedH=8 seedS=4 pat=64",64,0.9122827346,0.9881,108.3256,1.0374,0.0000,0.022510,"0.022497;0.022553;0.022510",6.520857,153354.06,,4.25,0,3452,10,True,nid007071,57248609
SparseHNSW_a0.6_b5_p64,"M=32 efC=200 ef=100 alpha=0.6 beta=5 q=u8 seedT=8 seedH=8 seedS=4 pat=64",64,0.9322421784,0.9962,108.3256,1.0374,0.0000,0.041268,"0.041287;0.041268;0.041165",11.954809,83648.35,,4.25,0,3452,10,True,nid007071,57248609
SparseHNSW_a0.6_b5_p64,"M=32 efC=200 ef=200 alpha=0.6 beta=5 q=u8 seedT=8 seedH=8 seedS=4 pat=64",64,0.9408169177,0.9997,108.3256,1.0374,0.0000,0.058400,"0.058400;0.058353;0.058435",16.917729,59109.59,,4.25,0,3452,10,True,nid007071,57248609
SparseHNSW_a0.6_b5_p64,"M=32 efC=200 ef=400 alpha=0.6 beta=5 q=u8 seedT=8 seedH=8 seedS=4 pat=64",64,0.9425840093,0.9997,108.3256,1.0374,0.0000,0.063521,"0.063521;0.063519;0.063581",18.401217,54344.23,,4.25,0,3452,10,True,nid007071,57248609
SparseHNSW_a0.6_b5_p64,"M=32 efC=200 ef=800 alpha=0.6 beta=5 q=u8 seedT=8 seedH=8 seedS=4 pat=64",64,0.9425550406,0.9997,108.3256,1.0374,0.0000,0.065807,"0.065807;0.066023;0.065575",19.063441,52456.43,,4.25,0,3452,10,True,nid007071,57248609
SparseHNSW_a0.6_b5_p64,"M=32 efC=200 ef=1600 alpha=0.6 beta=5 q=u8 seedT=8 seedH=8 seedS=4 pat=64",64,0.9425550406,0.9997,108.3256,1.0374,0.0000,0.068128,"0.068501;0.068128;0.068026",19.735805,50669.33,,4.25,0,3452,10,True,nid007071,57248609
SparseHNSW_a0.6_b5_p64,"M=32 efC=200 ef=3200 alpha=0.6 beta=5 q=u8 seedT=8 seedH=8 seedS=4 pat=64",64,0.9425550406,0.9997,108.3256,1.0374,0.0000,0.071817,"0.072086;0.071817;0.071774",20.804461,48066.61,,4.25,0,3452,10,True,nid007071,57248609
SparseHNSW_a0.6_b6_p64,"M=32 efC=200 ef=10 alpha=0.6 beta=6 q=u8 seedT=8 seedH=8 seedS=4 pat=64",64,0.9256083430,0.9919,108.3256,1.0374,0.0000,0.026947,"0.027227;0.026947;0.026789",7.806199,128103.31,,4.25,0,3452,10,True,nid007071,57248609
SparseHNSW_a0.6_b6_p64,"M=32 efC=200 ef=20 alpha=0.6 beta=6 q=u8 seedT=8 seedH=8 seedS=4 pat=64",64,0.9256083430,0.9919,108.3256,1.0374,0.0000,0.026715,"0.026882;0.026715;0.026617",7.738992,129215.80,,4.25,0,3452,10,True,nid007071,57248609
SparseHNSW_a0.6_b6_p64,"M=32 efC=200 ef=50 alpha=0.6 beta=6 q=u8 seedT=8 seedH=8 seedS=4 pat=64",64,0.9256083430,0.9919,108.3256,1.0374,0.0000,0.026597,"0.026745;0.026597;0.026592",7.704809,129789.07,,4.25,0,3452,10,True,nid007071,57248609
SparseHNSW_a0.6_b6_p64,"M=32 efC=200 ef=100 alpha=0.6 beta=6 q=u8 seedT=8 seedH=8 seedS=4 pat=64",64,0.9393105446,0.9962,108.3256,1.0374,0.0000,0.041671,"0.041735;0.041671;0.041664",12.071553,82839.38,,4.25,0,3452,10,True,nid007071,57248609
SparseHNSW_a0.6_b6_p64,"M=32 efC=200 ef=200 alpha=0.6 beta=6 q=u8 seedT=8 seedH=8 seedS=4 pat=64",64,0.9484936269,0.9997,108.3256,1.0374,0.0000,0.061915,"0.061915;0.061781;0.062055",17.935979,55753.86,,4.25,0,3452,10,True,nid007071,57248609
SparseHNSW_a0.6_b6_p64,"M=32 efC=200 ef=400 alpha=0.6 beta=6 q=u8 seedT=8 seedH=8 seedS=4 pat=64",64,0.9508400927,0.9997,108.3256,1.0374,0.0000,0.070054,"0.070054;0.070179;0.069925",20.293743,49276.27,,4.25,0,3452,10,True,nid007071,57248609
SparseHNSW_a0.6_b6_p64,"M=32 efC=200 ef=800 alpha=0.6 beta=6 q=u8 seedT=8 seedH=8 seedS=4 pat=64",64,0.9509849363,0.9997,108.3256,1.0374,0.0000,0.072642,"0.072642;0.072796;0.072500",21.043453,47520.72,,4.25,0,3452,10,True,nid007071,57248609
SparseHNSW_a0.6_b6_p64,"M=32 efC=200 ef=1600 alpha=0.6 beta=6 q=u8 seedT=8 seedH=8 seedS=4 pat=64",64,0.9509849363,0.9997,108.3256,1.0374,0.0000,0.075336,"0.075336;0.075401;0.075242",21.823870,45821.39,,4.25,0,3452,10,True,nid007071,57248609
SparseHNSW_a0.6_b6_p64,"M=32 efC=200 ef=3200 alpha=0.6 beta=6 q=u8 seedT=8 seedH=8 seedS=4 pat=64",64,0.9509849363,0.9997,108.3256,1.0374,0.0000,0.079356,"0.079356;0.079397;0.079265",22.988413,43500.18,,4.25,0,3452,10,True,nid007071,57248609
SparseHNSW_a0.6_b7_p64,"M=32 efC=200 ef=10 alpha=0.6 beta=7 q=u8 seedT=8 seedH=8 seedS=4 pat=64",64,0.9335457706,0.9922,108.3256,1.0374,0.0000,0.031116,"0.031359;0.031116;0.030970",9.013905,110939.71,,4.25,0,3452,10,True,nid007071,57248609
SparseHNSW_a0.6_b7_p64,"M=32 efC=200 ef=20 alpha=0.6 beta=7 q=u8 seedT=8 seedH=8 seedS=4 pat=64",64,0.9335457706,0.9922,108.3256,1.0374,0.0000,0.030805,"0.030824;0.030791;0.030805",8.923812,112059.73,,4.25,0,3452,10,True,nid007071,57248609
SparseHNSW_a0.6_b7_p64,"M=32 efC=200 ef=50 alpha=0.6 beta=7 q=u8 seedT=8 seedH=8 seedS=4 pat=64",64,0.9335457706,0.9922,108.3256,1.0374,0.0000,0.030851,"0.030842;0.030955;0.030851",8.937138,111892.65,,4.25,0,3452,10,True,nid007071,57248609
SparseHNSW_a0.6_b7_p64,"M=32 efC=200 ef=100 alpha=0.6 beta=7 q=u8 seedT=8 seedH=8 seedS=4 pat=64",64,0.9446407879,0.9962,108.3256,1.0374,0.0000,0.042127,"0.042242;0.042127;0.042034",12.203650,81942.70,,4.25,0,3452,10,True,nid007071,57248609
SparseHNSW_a0.6_b7_p64,"M=32 efC=200 ef=200 alpha=0.6 beta=7 q=u8 seedT=8 seedH=8 seedS=4 pat=64",64,0.9541714948,0.9997,108.3256,1.0374,0.0000,0.066093,"0.065906;0.066093;0.066206",19.146292,52229.43,,4.25,0,3452,10,True,nid007071,57248609
SparseHNSW_a0.6_b7_p64,"M=32 efC=200 ef=400 alpha=0.6 beta=7 q=u8 seedT=8 seedH=8 seedS=4 pat=64",64,0.9567497103,0.9997,108.3256,1.0374,0.0000,0.076124,"0.075584;0.076124;0.076368",22.052144,45347.07,,4.25,0,3452,10,True,nid007071,57248609
SparseHNSW_a0.6_b7_p64,"M=32 efC=200 ef=800 alpha=0.6 beta=7 q=u8 seedT=8 seedH=8 seedS=4 pat=64",64,0.9569524913,0.9997,108.3256,1.0374,0.0000,0.079298,"0.079298;0.079166;0.079411",22.971611,43531.99,,4.25,0,3452,10,True,nid007071,57248609
SparseHNSW_a0.6_b7_p64,"M=32 efC=200 ef=1600 alpha=0.6 beta=7 q=u8 seedT=8 seedH=8 seedS=4 pat=64",64,0.9569524913,0.9997,108.3256,1.0374,0.0000,0.082192,"0.082192;0.081600;0.082296",23.809965,41999.22,,4.25,0,3452,10,True,nid007071,57248609
SparseHNSW_a0.6_b7_p64,"M=32 efC=200 ef=3200 alpha=0.6 beta=7 q=u8 seedT=8 seedH=8 seedS=4 pat=64",64,0.9569524913,0.9997,108.3256,1.0374,0.0000,0.086553,"0.086189;0.086666;0.086553",25.073291,39883.08,,4.25,0,3452,10,True,nid007071,57248609
SparseHNSW_a0.6_b8_p64,"M=32 efC=200 ef=10 alpha=0.6 beta=8 q=u8 seedT=8 seedH=8 seedS=4 pat=64",64,0.9413383546,0.9942,108.3256,1.0374,0.0000,0.035263,"0.035263;0.035265;0.035113",10.215238,97892.98,,4.25,0,3452,10,True,nid007071,57248609
SparseHNSW_a0.6_b8_p64,"M=32 efC=200 ef=20 alpha=0.6 beta=8 q=u8 seedT=8 seedH=8 seedS=4 pat=64",64,0.9413383546,0.9942,108.3256,1.0374,0.0000,0.035069,"0.035069;0.035057;0.035156",10.159038,98434.51,,4.25,0,3452,10,True,nid007071,57248609
SparseHNSW_a0.6_b8_p64,"M=32 efC=200 ef=50 alpha=0.6 beta=8 q=u8 seedT=8 seedH=8 seedS=4 pat=64",64,0.9413383546,0.9942,108.3256,1.0374,0.0000,0.034924,"0.034924;0.034785;0.034980",10.117034,98843.20,,4.25,0,3452,10,True,nid007071,57248609
SparseHNSW_a0.6_b8_p64,"M=32 efC=200 ef=100 alpha=0.6 beta=8 q=u8 seedT=8 seedH=8 seedS=4 pat=64",64,0.9476535342,0.9962,108.3256,1.0374,0.0000,0.042421,"0.042421;0.042433;0.042306",12.288818,81374.79,,4.25,0,3452,10,True,nid007071,57248609
SparseHNSW_a0.6_b8_p64,"M=32 efC=200 ef=200 alpha=0.6 beta=8 q=u8 seedT=8 seedH=8 seedS=4 pat=64",64,0.9581112399,0.9997,108.3256,1.0374,0.0000,0.068949,"0.068970;0.068807;0.068949",19.973638,50065.99,,4.25,0,3452,10,True,nid007071,57248609
SparseHNSW_a0.6_b8_p64,"M=32 efC=200 ef=400 alpha=0.6 beta=8 q=u8 seedT=8 seedH=8 seedS=4 pat=64",64,0.9613847045,0.9997,108.3256,1.0374,0.0000,0.080860,"0.080933;0.080733;0.080860",23.424102,42691.07,,4.25,0,3452,10,True,nid007071,57248609
SparseHNSW_a0.6_b8_p64,"M=32 efC=200 ef=800 alpha=0.6 beta=8 q=u8 seedT=8 seedH=8 seedS=4 pat=64",64,0.9616454229,0.9997,108.3256,1.0374,0.0000,0.084698,"0.084506;0.084798;0.084698",24.535921,40756.57,,4.25,0,3452,10,True,nid007071,57248609
SparseHNSW_a0.6_b8_p64,"M=32 efC=200 ef=1600 alpha=0.6 beta=8 q=u8 seedT=8 seedH=8 seedS=4 pat=64",64,0.9616454229,0.9997,108.3256,1.0374,0.0000,0.087446,"0.087446;0.087416;0.087507",25.331981,39475.79,,4.25,0,3452,10,True,nid007071,57248609
SparseHNSW_a0.6_b8_p64,"M=32 efC=200 ef=3200 alpha=0.6 beta=8 q=u8 seedT=8 seedH=8 seedS=4 pat=64",64,0.9616454229,0.9997,108.3256,1.0374,0.0000,0.091836,"0.091927;0.091836;0.091768",26.603708,37588.75,,4.25,0,3452,10,True,nid007071,57248609
SparseHNSW_a0.6_b1_p128,"M=32 efC=200 ef=10 alpha=0.6 beta=1 q=u8 seedT=8 seedH=8 seedS=4 pat=128",64,0.6856315180,0.5718,108.3256,1.0374,0.0000,0.014333,"0.014879;0.014333;0.014138",4.152086,240842.81,,4.25,0,3452,10,True,nid007071,57248609
SparseHNSW_a0.6_b1_p128,"M=32 efC=200 ef=20 alpha=0.6 beta=1 q=u8 seedT=8 seedH=8 seedS=4 pat=128",64,0.6856315180,0.5718,108.3256,1.0374,0.0000,0.013959,"0.013959;0.013967;0.013930",4.043743,247295.65,,4.25,0,3452,10,True,nid007071,57248609
SparseHNSW_a0.6_b1_p128,"M=32 efC=200 ef=50 alpha=0.6 beta=1 q=u8 seedT=8 seedH=8 seedS=4 pat=128",64,0.6976245655,0.5798,108.3256,1.0374,0.0000,0.020674,"0.020854;0.020603;0.020674",5.988992,166973.01,,4.25,0,3452,10,True,nid007071,57248609
SparseHNSW_a0.6_b1_p128,"M=32 efC=200 ef=100 alpha=0.6 beta=1 q=u8 seedT=8 seedH=8 seedS=4 pat=128",64,0.7097334878,0.5953,108.3256,1.0374,0.0000,0.039677,"0.039677;0.039631;0.039732",11.493917,87002.55,,4.25,0,3452,10,True,nid007071,57248609
SparseHNSW_a0.6_b1_p128,"M=32 efC=200 ef=200 alpha=0.6 beta=1 q=u8 seedT=8 seedH=8 seedS=4 pat=128",64,0.7145422943,0.6004,108.3256,1.0374,0.0000,0.058406,"0.058374;0.058406;0.058626",16.919467,59103.52,,4.25,0,3452,10,True,nid007071,57248609
SparseHNSW_a0.6_b1_p128,"M=32 efC=200 ef=400 alpha=0.6 beta=1 q=u8 seedT=8 seedH=8 seedS=4 pat=128",64,0.7153823870,0.6015,108.3256,1.0374,0.0000,0.062222,"0.062090;0.062262;0.062222",18.024913,55478.77,,4.25,0,3452,10,True,nid007071,57248609
SparseHNSW_a0.6_b1_p128,"M=32 efC=200 ef=800 alpha=0.6 beta=1 q=u8 seedT=8 seedH=8 seedS=4 pat=128",64,0.7153823870,0.6015,108.3256,1.0374,0.0000,0.064431,"0.064431;0.064422;0.064535",18.664832,53576.69,,4.25,0,3452,10,True,nid007071,57248609
SparseHNSW_a0.6_b1_p128,"M=32 efC=200 ef=1600 alpha=0.6 beta=1 q=u8 seedT=8 seedH=8 seedS=4 pat=128",64,0.7153823870,0.6015,108.3256,1.0374,0.0000,0.067231,"0.067231;0.067167;0.067275",19.475956,51345.36,,4.25,0,3452,10,True,nid007071,57248609
SparseHNSW_a0.6_b1_p128,"M=32 efC=200 ef=3200 alpha=0.6 beta=1 q=u8 seedT=8 seedH=8 seedS=4 pat=128",64,0.7153823870,0.6015,108.3256,1.0374,0.0000,0.071566,"0.071330;0.071602;0.071566",20.731750,48235.20,,4.25,0,3452,10,True,nid007071,57248609
SparseHNSW_a0.6_b2_p128,"M=32 efC=200 ef=10 alpha=0.6 beta=2 q=u8 seedT=8 seedH=8 seedS=4 pat=128",64,0.8259269988,0.9777,108.3256,1.0374,0.0000,0.015112,"0.015655;0.015112;0.014923",4.377752,228427.74,,4.25,0,3452,10,True,nid007071,57248609
SparseHNSW_a0.6_b2_p128,"M=32 efC=200 ef=20 alpha=0.6 beta=2 q=u8 seedT=8 seedH=8 seedS=4 pat=128",64,0.8259269988,0.9777,108.3256,1.0374,0.0000,0.014749,"0.014896;0.014749;0.014658",4.272596,234049.77,,4.25,0,3452,10,True,nid007071,57248609
SparseHNSW_a0.6_b2_p128,"M=32 efC=200 ef=50 alpha=0.6 beta=2 q=u8 seedT=8 seedH=8 seedS=4 pat=128",64,0.8428157590,0.9881,108.3256,1.0374,0.0000,0.021472,"0.021629;0.021457;0.021472",6.220162,160767.51,,4.25,0,3452,10,True,nid007071,57248609
SparseHNSW_a0.6_b2_p128,"M=32 efC=200 ef=100 alpha=0.6 beta=2 q=u8 seedT=8 seedH=8 seedS=4 pat=128",64,0.8583140209,0.9962,108.3256,1.0374,0.0000,0.040431,"0.040462;0.040431;0.040409",11.712341,85380.03,,4.25,0,3452,10,True,nid007071,57248609
SparseHNSW_a0.6_b2_p128,"M=32 efC=200 ef=200 alpha=0.6 beta=2 q=u8 seedT=8 seedH=8 seedS=4 pat=128",64,0.8654982619,0.9997,108.3256,1.0374,0.0000,0.063900,"0.063876;0.063935;0.063900",18.511008,54021.91,,4.25,0,3452,10,True,nid007071,57248609
SparseHNSW_a0.6_b2_p128,"M=32 efC=200 ef=400 alpha=0.6 beta=2 q=u8 seedT=8 seedH=8 seedS=4 pat=128",64,0.8670625724,0.9997,108.3256,1.0374,0.0000,0.070886,"0.070843;0.070886;0.070898",20.534762,48697.91,,4.25,0,3452,10,True,nid007071,57248609
SparseHNSW_a0.6_b2_p128,"M=32 efC=200 ef=800 alpha=0.6 beta=2 q=u8 seedT=8 seedH=8 seedS=4 pat=128",64,0.8671205098,0.9997,108.3256,1.0374,0.0000,0.073792,"0.073676;0.074078;0.073792",21.376593,46780.14,,4.25,0,3452,10,True,nid007071,57248609
SparseHNSW_a0.6_b2_p128,"M=32 efC=200 ef=1600 alpha=0.6 beta=2 q=u8 seedT=8 seedH=8 seedS=4 pat=128",64,0.8671205098,0.9997,108.3256,1.0374,0.0000,0.076315,"0.076315;0.076396;0.076286",22.107474,45233.57,,4.25,0,3452,10,True,nid007071,57248609
SparseHNSW_a0.6_b2_p128,"M=32 efC=200 ef=3200 alpha=0.6 beta=2 q=u8 seedT=8 seedH=8 seedS=4 pat=128",64,0.8671205098,0.9997,108.3256,1.0374,0.0000,0.080672,"0.080980;0.080545;0.080672",23.369641,42790.56,,4.25,0,3452,10,True,nid007071,57248609
SparseHNSW_a0.6_b3_p128,"M=32 efC=200 ef=10 alpha=0.6 beta=3 q=u8 seedT=8 seedH=8 seedS=4 pat=128",64,0.8647740440,0.9777,108.3256,1.0374,0.0000,0.015538,"0.016010;0.015538;0.015418",4.501159,222165.01,,4.25,0,3452,10,True,nid007071,57248609
SparseHNSW_a0.6_b3_p128,"M=32 efC=200 ef=20 alpha=0.6 beta=3 q=u8 seedT=8 seedH=8 seedS=4 pat=128",64,0.8647740440,0.9777,108.3256,1.0374,0.0000,0.015115,"0.015169;0.015106;0.015115",4.378621,228382.40,,4.25,0,3452,10,True,nid007071,57248609
SparseHNSW_a0.6_b3_p128,"M=32 efC=200 ef=50 alpha=0.6 beta=3 q=u8 seedT=8 seedH=8 seedS=4 pat=128",64,0.8837775203,0.9881,108.3256,1.0374,0.0000,0.021885,"0.021980;0.021853;0.021885",6.339803,157733.61,,4.25,0,3452,10,True,nid007071,57248609
SparseHNSW_a0.6_b3_p128,"M=32 efC=200 ef=100 alpha=0.6 beta=3 q=u8 seedT=8 seedH=8 seedS=4 pat=128",64,0.9013035921,0.9962,108.3256,1.0374,0.0000,0.040847,"0.040967;0.040836;0.040847",11.832851,84510.49,,4.25,0,3452,10,True,nid007071,57248609
SparseHNSW_a0.6_b3_p128,"M=32 efC=200 ef=200 alpha=0.6 beta=3 q=u8 seedT=8 seedH=8 seedS=4 pat=128",64,0.9096176130,0.9997,108.3256,1.0374,0.0000,0.067839,"0.067712;0.067854;0.067839",19.652086,50885.18,,4.25,0,3452,10,True,nid007071,57248609
SparseHNSW_a0.6_b3_p128,"M=32 efC=200 ef=400 alpha=0.6 beta=3 q=u8 seedT=8 seedH=8 seedS=4 pat=128",64,0.9118192352,0.9997,108.3256,1.0374,0.0000,0.078618,"0.078735;0.078618;0.078422",22.774623,43908.52,,4.25,0,3452,10,True,nid007071,57248609
SparseHNSW_a0.6_b3_p128,"M=32 efC=200 ef=800 alpha=0.6 beta=3 q=u8 seedT=8 seedH=8 seedS=4 pat=128",64,0.9119640788,0.9997,108.3256,1.0374,0.0000,0.082047,"0.082017;0.082118;0.082047",23.767961,42073.45,,4.25,0,3452,10,True,nid007071,57248609
SparseHNSW_a0.6_b3_p128,"M=32 efC=200 ef=1600 alpha=0.6 beta=3 q=u8 seedT=8 seedH=8 seedS=4 pat=128",64,0.9119640788,0.9997,108.3256,1.0374,0.0000,0.084573,"0.084573;0.084749;0.084521",24.499710,40816.81,,4.25,0,3452,10,True,nid007071,57248609
SparseHNSW_a0.6_b3_p128,"M=32 efC=200 ef=3200 alpha=0.6 beta=3 q=u8 seedT=8 seedH=8 seedS=4 pat=128",64,0.9119640788,0.9997,108.3256,1.0374,0.0000,0.089338,"0.089237;0.089502;0.089338",25.880070,38639.77,,4.25,0,3452,10,True,nid007071,57248609
SparseHNSW_a0.6_b4_p128,"M=32 efC=200 ef=10 alpha=0.6 beta=4 q=u8 seedT=8 seedH=8 seedS=4 pat=128",64,0.8922653534,0.9826,108.3256,1.0374,0.0000,0.018763,"0.019153;0.018763;0.018556",5.435400,183979.11,,4.25,0,3452,10,True,nid007071,57248609
SparseHNSW_a0.6_b4_p128,"M=32 efC=200 ef=20 alpha=0.6 beta=4 q=u8 seedT=8 seedH=8 seedS=4 pat=128",64,0.8922653534,0.9826,108.3256,1.0374,0.0000,0.018290,"0.018275;0.018360;0.018290",5.298378,188737.01,,4.25,0,3452,10,True,nid007071,57248609
SparseHNSW_a0.6_b4_p128,"M=32 efC=200 ef=50 alpha=0.6 beta=4 q=u8 seedT=8 seedH=8 seedS=4 pat=128",64,0.9018539977,0.9881,108.3256,1.0374,0.0000,0.022148,"0.022254;0.022148;0.021998",6.415991,155860.57,,4.25,0,3452,10,True,nid007071,57248609
SparseHNSW_a0.6_b4_p128,"M=32 efC=200 ef=100 alpha=0.6 beta=4 q=u8 seedT=8 seedH=8 seedS=4 pat=128",64,0.9214078795,0.9962,108.3256,1.0374,0.0000,0.040946,"0.040937;0.040946;0.041173",11.861530,84306.16,,4.25,0,3452,10,True,nid007071,57248609
SparseHNSW_a0.6_b4_p128,"M=32 efC=200 ef=200 alpha=0.6 beta=4 q=u8 seedT=8 seedH=8 seedS=4 pat=128",64,0.9307647740,0.9997,108.3256,1.0374,0.0000,0.070657,"0.070657;0.070577;0.070687",20.468424,48855.74,,4.25,0,3452,10,True,nid007071,57248609
SparseHNSW_a0.6_b4_p128,"M=32 efC=200 ef=400 alpha=0.6 beta=4 q=u8 seedT=8 seedH=8 seedS=4 pat=128",64,0.9337775203,0.9997,108.3256,1.0374,0.0000,0.085928,"0.086091;0.085928;0.085797",24.892236,40173.17,,4.25,0,3452,10,True,nid007071,57248609
SparseHNSW_a0.6_b4_p128,"M=32 efC=200 ef=800 alpha=0.6 beta=4 q=u8 seedT=8 seedH=8 seedS=4 pat=128",64,0.9340092700,0.9997,108.3256,1.0374,0.0000,0.090626,"0.090626;0.090579;0.090745",26.253187,38090.61,,4.25,0,3452,10,True,nid007071,57248609
SparseHNSW_a0.6_b4_p128,"M=32 efC=200 ef=1600 alpha=0.6 beta=4 q=u8 seedT=8 seedH=8 seedS=4 pat=128",64,0.9340382387,0.9997,108.3256,1.0374,0.0000,0.093477,"0.093486;0.093271;0.093477",27.079085,36928.87,,4.25,0,3452,10,True,nid007071,57248609
SparseHNSW_a0.6_b4_p128,"M=32 efC=200 ef=3200 alpha=0.6 beta=4 q=u8 seedT=8 seedH=8 seedS=4 pat=128",64,0.9340382387,0.9997,108.3256,1.0374,0.0000,0.098074,"0.098074;0.097935;0.098145",28.410776,35197.91,,4.25,0,3452,10,True,nid007071,57248609
SparseHNSW_a0.6_b5_p128,"M=32 efC=200 ef=10 alpha=0.6 beta=5 q=u8 seedT=8 seedH=8 seedS=4 pat=128",64,0.9122827346,0.9881,108.3256,1.0374,0.0000,0.022879,"0.023486;0.022879;0.022607",6.627752,150880.72,,4.25,0,3452,10,True,nid007071,57248609
SparseHNSW_a0.6_b5_p128,"M=32 efC=200 ef=20 alpha=0.6 beta=5 q=u8 seedT=8 seedH=8 seedS=4 pat=128",64,0.9122827346,0.9881,108.3256,1.0374,0.0000,0.022550,"0.022783;0.022465;0.022550",6.532445,153082.04,,4.25,0,3452,10,True,nid007071,57248609
SparseHNSW_a0.6_b5_p128,"M=32 efC=200 ef=50 alpha=0.6 beta=5 q=u8 seedT=8 seedH=8 seedS=4 pat=128",64,0.9122827346,0.9881,108.3256,1.0374,0.0000,0.022412,"0.022377;0.022504;0.022412",6.492468,154024.63,,4.25,0,3452,10,True,nid007071,57248609
SparseHNSW_a0.6_b5_p128,"M=32 efC=200 ef=100 alpha=0.6 beta=5 q=u8 seedT=8 seedH=8 seedS=4 pat=128",64,0.9323001159,0.9962,108.3256,1.0374,0.0000,0.041470,"0.041577;0.041470;0.041450",12.013326,83240.90,,4.25,0,3452,10,True,nid007071,57248609
SparseHNSW_a0.6_b5_p128,"M=32 efC=200 ef=200 alpha=0.6 beta=5 q=u8 seedT=8 seedH=8 seedS=4 pat=128",64,0.9424391657,0.9997,108.3256,1.0374,0.0000,0.072874,"0.072849;0.072874;0.072920",21.110660,47369.43,,4.25,0,3452,10,True,nid007071,57248609
SparseHNSW_a0.6_b5_p128,"M=32 efC=200 ef=400 alpha=0.6 beta=5 q=u8 seedT=8 seedH=8 seedS=4 pat=128",64,0.9462630359,0.9997,108.3256,1.0374,0.0000,0.093371,"0.093358;0.093371;0.093450",27.048378,36970.79,,4.25,0,3452,10,True,nid007071,57248609
SparseHNSW_a0.6_b5_p128,"M=32 efC=200 ef=800 alpha=0.6 beta=5 q=u8 seedT=8 seedH=8 seedS=4 pat=128",64,0.9467844728,0.9997,108.3256,1.0374,0.0000,0.100361,"0.100331;0.100361;0.100412",29.073291,34395.83,,4.25,0,3452,10,True,nid007071,57248609
SparseHNSW_a0.6_b5_p128,"M=32 efC=200 ef=1600 alpha=0.6 beta=5 q=u8 seedT=8 seedH=8 seedS=4 pat=128",64,0.9468134415,0.9997,108.3256,1.0374,0.0000,0.103412,"0.103181;0.103417;0.103412",29.957126,33381.04,,4.25,0,3452,10,True,nid007071,57248609
SparseHNSW_a0.6_b5_p128,"M=32 efC=200 ef=3200 alpha=0.6 beta=5 q=u8 seedT=8 seedH=8 seedS=4 pat=128",64,0.9468134415,0.9997,108.3256,1.0374,0.0000,0.107997,"0.108264;0.107635;0.107997",31.285342,31963.85,,4.25,0,3452,10,True,nid007071,57248609
SparseHNSW_a0.6_b6_p128,"M=32 efC=200 ef=10 alpha=0.6 beta=6 q=u8 seedT=8 seedH=8 seedS=4 pat=128",64,0.9256083430,0.9919,108.3256,1.0374,0.0000,0.027156,"0.027341;0.027156;0.026858",7.866744,127117.40,,4.25,0,3452,10,True,nid007071,57248609
SparseHNSW_a0.6_b6_p128,"M=32 efC=200 ef=20 alpha=0.6 beta=6 q=u8 seedT=8 seedH=8 seedS=4 pat=128",64,0.9256083430,0.9919,108.3256,1.0374,0.0000,0.026782,"0.026782;0.026914;0.026590",7.758401,128892.54,,4.25,0,3452,10,True,nid007071,57248609
SparseHNSW_a0.6_b6_p128,"M=32 efC=200 ef=50 alpha=0.6 beta=6 q=u8 seedT=8 seedH=8 seedS=4 pat=128",64,0.9256083430,0.9919,108.3256,1.0374,0.0000,0.026656,"0.026651;0.026742;0.026656",7.721900,129501.80,,4.25,0,3452,10,True,nid007071,57248609
SparseHNSW_a0.6_b6_p128,"M=32 efC=200 ef=100 alpha=0.6 beta=6 q=u8 seedT=8 seedH=8 seedS=4 pat=128",64,0.9393105446,0.9962,108.3256,1.0374,0.0000,0.041738,"0.041738;0.041728;0.041867",12.090962,82706.41,,4.25,0,3452,10,True,nid007071,57248609
SparseHNSW_a0.6_b6_p128,"M=32 efC=200 ef=200 alpha=0.6 beta=6 q=u8 seedT=8 seedH=8 seedS=4 pat=128",64,0.9495944380,0.9997,108.3256,1.0374,0.0000,0.074054,"0.074095;0.074054;0.073836",21.452491,46614.63,,4.25,0,3452,10,True,nid007071,57248609
SparseHNSW_a0.6_b6_p128,"M=32 efC=200 ef=400 alpha=0.6 beta=6 q=u8 seedT=8 seedH=8 seedS=4 pat=128",64,0.9539397451,0.9997,108.3256,1.0374,0.0000,0.100076,"0.099780;0.100076;0.100211",28.990730,34493.78,,4.25,0,3452,10,True,nid007071,57248609
SparseHNSW_a0.6_b6_p128,"M=32 efC=200 ef=800 alpha=0.6 beta=6 q=u8 seedT=8 seedH=8 seedS=4 pat=128",64,0.9548088065,0.9997,108.3256,1.0374,0.0000,0.108558,"0.107987;0.108619;0.108558",31.447856,31798.67,,4.25,0,3452,10,True,nid007071,57248609
SparseHNSW_a0.6_b6_p128,"M=32 efC=200 ef=1600 alpha=0.6 beta=6 q=u8 seedT=8 seedH=8 seedS=4 pat=128",64,0.9548377752,0.9997,108.3256,1.0374,0.0000,0.111490,"0.111490;0.111031;0.111552",32.297219,30962.42,,4.25,0,3452,10,True,nid007071,57248609
SparseHNSW_a0.6_b6_p128,"M=32 efC=200 ef=3200 alpha=0.6 beta=6 q=u8 seedT=8 seedH=8 seedS=4 pat=128",64,0.9548377752,0.9997,108.3256,1.0374,0.0000,0.116744,"0.116764;0.116670;0.116744",33.819235,29568.97,,4.25,0,3452,10,True,nid007071,57248609
SparseHNSW_a0.6_b7_p128,"M=32 efC=200 ef=10 alpha=0.6 beta=7 q=u8 seedT=8 seedH=8 seedS=4 pat=128",64,0.9335457706,0.9922,108.3256,1.0374,0.0000,0.031083,"0.031408;0.031083;0.030986",9.004345,111057.49,,4.25,0,3452,10,True,nid007071,57248609
SparseHNSW_a0.6_b7_p128,"M=32 efC=200 ef=20 alpha=0.6 beta=7 q=u8 seedT=8 seedH=8 seedS=4 pat=128",64,0.9335457706,0.9922,108.3256,1.0374,0.0000,0.030771,"0.030739;0.030951;0.030771",8.913963,112183.55,,4.25,0,3452,10,True,nid007071,57248609
SparseHNSW_a0.6_b7_p128,"M=32 efC=200 ef=50 alpha=0.6 beta=7 q=u8 seedT=8 seedH=8 seedS=4 pat=128",64,0.9335457706,0.9922,108.3256,1.0374,0.0000,0.030820,"0.030914;0.030820;0.030745",8.928158,112005.19,,4.25,0,3452,10,True,nid007071,57248609
SparseHNSW_a0.6_b7_p128,"M=32 efC=200 ef=100 alpha=0.6 beta=7 q=u8 seedT=8 seedH=8 seedS=4 pat=128",64,0.9446407879,0.9962,108.3256,1.0374,0.0000,0.042087,"0.041968;0.042087;0.042179",12.192063,82020.58,,4.25,0,3452,10,True,nid007071,57248609
SparseHNSW_a0.6_b7_p128,"M=32 efC=200 ef=200 alpha=0.6 beta=7 q=u8 seedT=8 seedH=8 seedS=4 pat=128",64,0.9549826188,0.9997,108.3256,1.0374,0.0000,0.075567,"0.075690;0.075420;0.075567",21.890788,45681.32,,4.25,0,3452,10,True,nid007071,57248609
SparseHNSW_a0.6_b7_p128,"M=32 efC=200 ef=400 alpha=0.6 beta=7 q=u8 seedT=8 seedH=8 seedS=4 pat=128",64,0.9595307068,0.9997,108.3256,1.0374,0.0000,0.105382,"0.105382;0.105297;0.105556",30.527810,32757.02,,4.25,0,3452,10,True,nid007071,57248609
SparseHNSW_a0.6_b7_p128,"M=32 efC=200 ef=800 alpha=0.6 beta=7 q=u8 seedT=8 seedH=8 seedS=4 pat=128",64,0.9607473928,0.9997,108.3256,1.0374,0.0000,0.116484,"0.116604;0.116484;0.116456",33.743917,29634.97,,4.25,0,3452,10,True,nid007071,57248609
SparseHNSW_a0.6_b7_p128,"M=32 efC=200 ef=1600 alpha=0.6 beta=7 q=u8 seedT=8 seedH=8 seedS=4 pat=128",64,0.9608342990,0.9997,108.3256,1.0374,0.0000,0.119386,"0.119386;0.119712;0.119319",34.584589,28914.61,,4.25,0,3452,10,True,nid007071,57248609
SparseHNSW_a0.6_b7_p128,"M=32 efC=200 ef=3200 alpha=0.6 beta=7 q=u8 seedT=8 seedH=8 seedS=4 pat=128",64,0.9608342990,0.9997,108.3256,1.0374,0.0000,0.124581,"0.124581;0.124816;0.124286",36.089513,27708.88,,4.25,0,3452,10,True,nid007071,57248609
SparseHNSW_a0.6_b8_p128,"M=32 efC=200 ef=10 alpha=0.6 beta=8 q=u8 seedT=8 seedH=8 seedS=4 pat=128",64,0.9413383546,0.9942,108.3256,1.0374,0.0000,0.035245,"0.035364;0.035135;0.035245",10.210023,97942.97,,4.25,0,3452,10,True,nid007071,57248609
SparseHNSW_a0.6_b8_p128,"M=32 efC=200 ef=20 alpha=0.6 beta=8 q=u8 seedT=8 seedH=8 seedS=4 pat=128",64,0.9413383546,0.9942,108.3256,1.0374,0.0000,0.034999,"0.034999;0.035225;0.034986",10.138760,98631.39,,4.25,0,3452,10,True,nid007071,57248609
SparseHNSW_a0.6_b8_p128,"M=32 efC=200 ef=50 alpha=0.6 beta=8 q=u8 seedT=8 seedH=8 seedS=4 pat=128",64,0.9413383546,0.9942,108.3256,1.0374,0.0000,0.035009,"0.035027;0.034983;0.035009",10.141657,98603.22,,4.25,0,3452,10,True,nid007071,57248609
SparseHNSW_a0.6_b8_p128,"M=32 efC=200 ef=100 alpha=0.6 beta=8 q=u8 seedT=8 seedH=8 seedS=4 pat=128",64,0.9476535342,0.9962,108.3256,1.0374,0.0000,0.042543,"0.042483;0.042626;0.042543",12.324160,81141.43,,4.25,0,3452,10,True,nid007071,57248609
SparseHNSW_a0.6_b8_p128,"M=32 efC=200 ef=200 alpha=0.6 beta=8 q=u8 seedT=8 seedH=8 seedS=4 pat=128",64,0.9585168019,0.9997,108.3256,1.0374,0.0000,0.076895,"0.076892;0.076895;0.077553",22.275492,44892.39,,4.25,0,3452,10,True,nid007071,57248609
SparseHNSW_a0.6_b8_p128,"M=32 efC=200 ef=400 alpha=0.6 beta=8 q=u8 seedT=8 seedH=8 seedS=4 pat=128",64,0.9634994206,0.9997,108.3256,1.0374,0.0000,0.110337,"0.110266;0.110371;0.110337",31.963210,31285.97,,4.25,0,3452,10,True,nid007071,57248609
SparseHNSW_a0.6_b8_p128,"M=32 efC=200 ef=800 alpha=0.6 beta=8 q=u8 seedT=8 seedH=8 seedS=4 pat=128",64,0.9652665122,1.0000,108.3256,1.0374,0.0000,0.123546,"0.123555;0.123546;0.123539",35.789687,27941.01,,4.25,0,3452,10,True,nid007071,57248609
SparseHNSW_a0.6_b8_p128,"M=32 efC=200 ef=1600 alpha=0.6 beta=8 q=u8 seedT=8 seedH=8 seedS=4 pat=128",64,0.9653534183,1.0000,108.3256,1.0374,0.0000,0.128065,"0.128065;0.127963;0.128749",37.098783,26955.06,,4.25,0,3452,10,True,nid007071,57248609
SparseHNSW_a0.6_b8_p128,"M=32 efC=200 ef=3200 alpha=0.6 beta=8 q=u8 seedT=8 seedH=8 seedS=4 pat=128",64,0.9653534183,1.0000,108.3256,1.0374,0.0000,0.133182,"0.133272;0.132732;0.133182",38.581112,25919.42,,4.25,0,3452,10,True,nid007071,57248609
SparseHNSW_a0.6_b1_p256,"M=32 efC=200 ef=10 alpha=0.6 beta=1 q=u8 seedT=8 seedH=8 seedS=4 pat=256",64,0.6856315180,0.5718,108.3256,1.0374,0.0000,0.014359,"0.014936;0.014359;0.014070",4.159618,240406.71,,4.25,0,3452,10,True,nid007071,57248609
SparseHNSW_a0.6_b1_p256,"M=32 efC=200 ef=20 alpha=0.6 beta=1 q=u8 seedT=8 seedH=8 seedS=4 pat=256",64,0.6856315180,0.5718,108.3256,1.0374,0.0000,0.013901,"0.013969;0.013901;0.013863",4.026941,248327.46,,4.25,0,3452,10,True,nid007071,57248609
SparseHNSW_a0.6_b1_p256,"M=32 efC=200 ef=50 alpha=0.6 beta=1 q=u8 seedT=8 seedH=8 seedS=4 pat=256",64,0.6976245655,0.5798,108.3256,1.0374,0.0000,0.020757,"0.020879;0.020757;0.020740",6.013036,166305.34,,4.25,0,3452,10,True,nid007071,57248609
SparseHNSW_a0.6_b1_p256,"M=32 efC=200 ef=100 alpha=0.6 beta=1 q=u8 seedT=8 seedH=8 seedS=4 pat=256",64,0.7097334878,0.5953,108.3256,1.0374,0.0000,0.039645,"0.039645;0.039691;0.039618",11.484647,87072.77,,4.25,0,3452,10,True,nid007071,57248609
SparseHNSW_a0.6_b1_p256,"M=32 efC=200 ef=200 alpha=0.6 beta=1 q=u8 seedT=8 seedH=8 seedS=4 pat=256",64,0.7153244496,0.6015,108.3256,1.0374,0.0000,0.074415,"0.074032;0.074415;0.074594",21.557068,46388.50,,4.25,0,3452,10,True,nid007071,57248609
SparseHNSW_a0.6_b1_p256,"M=32 efC=200 ef=400 alpha=0.6 beta=1 q=u8 seedT=8 seedH=8 seedS=4 pat=256",64,0.7176709154,0.6050,108.3256,1.0374,0.0000,0.104879,"0.104879;0.104708;0.104944",30.382097,32914.12,,4.25,0,3452,10,True,nid007071,57248609
SparseHNSW_a0.6_b1_p256,"M=32 efC=200 ef=800 alpha=0.6 beta=1 q=u8 seedT=8 seedH=8 seedS=4 pat=256",64,0.7179026651,0.6064,108.3256,1.0374,0.0000,0.110012,"0.109931;0.110097;0.110012",31.869061,31378.40,,4.25,0,3452,10,True,nid007071,57248609
SparseHNSW_a0.6_b1_p256,"M=32 efC=200 ef=1600 alpha=0.6 beta=1 q=u8 seedT=8 seedH=8 seedS=4 pat=256",64,0.7179026651,0.6064,108.3256,1.0374,0.0000,0.113127,"0.113127;0.113384;0.112950",32.771437,30514.38,,4.25,0,3452,10,True,nid007071,57248609
SparseHNSW_a0.6_b1_p256,"M=32 efC=200 ef=3200 alpha=0.6 beta=1 q=u8 seedT=8 seedH=8 seedS=4 pat=256",64,0.7179026651,0.6064,108.3256,1.0374,0.0000,0.118295,"0.118022;0.118518;0.118295",34.268540,29181.28,,4.25,0,3452,10,True,nid007071,57248609
SparseHNSW_a0.6_b2_p256,"M=32 efC=200 ef=10 alpha=0.6 beta=2 q=u8 seedT=8 seedH=8 seedS=4 pat=256",64,0.8259269988,0.9777,108.3256,1.0374,0.0000,0.015114,"0.015682;0.015114;0.014971",4.378331,228397.51,,4.25,0,3452,10,True,nid007071,57248609
SparseHNSW_a0.6_b2_p256,"M=32 efC=200 ef=20 alpha=0.6 beta=2 q=u8 seedT=8 seedH=8 seedS=4 pat=256",64,0.8259269988,0.9777,108.3256,1.0374,0.0000,0.014715,"0.014832;0.014700;0.014715",4.262746,234590.55,,4.25,0,3452,10,True,nid007071,57248609
SparseHNSW_a0.6_b2_p256,"M=32 efC=200 ef=50 alpha=0.6 beta=2 q=u8 seedT=8 seedH=8 seedS=4 pat=256",64,0.8428157590,0.9881,108.3256,1.0374,0.0000,0.021666,"0.021694;0.021666;0.021561",6.276362,159327.98,,4.25,0,3452,10,True,nid007071,57248609
SparseHNSW_a0.6_b2_p256,"M=32 efC=200 ef=100 alpha=0.6 beta=2 q=u8 seedT=8 seedH=8 seedS=4 pat=256",64,0.8583140209,0.9962,108.3256,1.0374,0.0000,0.040461,"0.040462;0.040461;0.040348",11.721031,85316.72,,4.25,0,3452,10,True,nid007071,57248609
SparseHNSW_a0.6_b2_p256,"M=32 efC=200 ef=200 alpha=0.6 beta=2 q=u8 seedT=8 seedH=8 seedS=4 pat=256",64,0.8660776362,0.9997,108.3256,1.0374,0.0000,0.075004,"0.074946;0.075004;0.075245",21.727694,46024.21,,4.25,0,3452,10,True,nid007071,57248609
SparseHNSW_a0.6_b2_p256,"M=32 efC=200 ef=400 alpha=0.6 beta=2 q=u8 seedT=8 seedH=8 seedS=4 pat=256",64,0.8693221321,0.9997,108.3256,1.0374,0.0000,0.112606,"0.112606;0.112451;0.112624",32.620510,30655.56,,4.25,0,3452,10,True,nid007071,57248609
SparseHNSW_a0.6_b2_p256,"M=32 efC=200 ef=800 alpha=0.6 beta=2 q=u8 seedT=8 seedH=8 seedS=4 pat=256",64,0.8700463499,1.0000,108.3256,1.0374,0.0000,0.121529,"0.121543;0.121286;0.121529",35.205388,28404.74,,4.25,0,3452,10,True,nid007071,57248609
SparseHNSW_a0.6_b2_p256,"M=32 efC=200 ef=1600 alpha=0.6 beta=2 q=u8 seedT=8 seedH=8 seedS=4 pat=256",64,0.8700753187,1.0000,108.3256,1.0374,0.0000,0.125374,"0.125263;0.125374;0.125558",36.319235,27533.62,,4.25,0,3452,10,True,nid007071,57248609
SparseHNSW_a0.6_b2_p256,"M=32 efC=200 ef=3200 alpha=0.6 beta=2 q=u8 seedT=8 seedH=8 seedS=4 pat=256",64,0.8700753187,1.0000,108.3256,1.0374,0.0000,0.130947,"0.130711;0.130947;0.131025",37.933662,26361.81,,4.25,0,3452,10,True,nid007071,57248609
SparseHNSW_a0.6_b3_p256,"M=32 efC=200 ef=10 alpha=0.6 beta=3 q=u8 seedT=8 seedH=8 seedS=4 pat=256",64,0.8647740440,0.9777,108.3256,1.0374,0.0000,0.015370,"0.016013;0.015370;0.015302",4.452491,224593.36,,4.25,0,3452,10,True,nid007071,57248609
SparseHNSW_a0.6_b3_p256,"M=32 efC=200 ef=20 alpha=0.6 beta=3 q=u8 seedT=8 seedH=8 seedS=4 pat=256",64,0.8647740440,0.9777,108.3256,1.0374,0.0000,0.015158,"0.015158;0.015082;0.015186",4.391078,227734.53,,4.25,0,3452,10,True,nid007071,57248609
SparseHNSW_a0.6_b3_p256,"M=32 efC=200 ef=50 alpha=0.6 beta=3 q=u8 seedT=8 seedH=8 seedS=4 pat=256",64,0.8837775203,0.9881,108.3256,1.0374,0.0000,0.021973,"0.022001;0.021973;0.021928",6.365295,157101.90,,4.25,0,3452,10,True,nid007071,57248609
SparseHNSW_a0.6_b3_p256,"M=32 efC=200 ef=100 alpha=0.6 beta=3 q=u8 seedT=8 seedH=8 seedS=4 pat=256",64,0.9013035921,0.9962,108.3256,1.0374,0.0000,0.040905,"0.040769;0.040905;0.040915",11.849652,84390.66,,4.25,0,3452,10,True,nid007071,57248609
SparseHNSW_a0.6_b3_p256,"M=32 efC=200 ef=200 alpha=0.6 beta=3 q=u8 seedT=8 seedH=8 seedS=4 pat=256",64,0.9097914253,0.9997,108.3256,1.0374,0.0000,0.075412,"0.075433;0.075412;0.075379",21.845886,45775.21,,4.25,0,3452,10,True,nid007071,57248609
SparseHNSW_a0.6_b3_p256,"M=32 efC=200 ef=400 alpha=0.6 beta=3 q=u8 seedT=8 seedH=8 seedS=4 pat=256",64,0.9138180765,0.9997,108.3256,1.0374,0.0000,0.119085,"0.119085;0.119112;0.119015",34.497393,28987.70,,4.25,0,3452,10,True,nid007071,57248609
SparseHNSW_a0.6_b3_p256,"M=32 efC=200 ef=800 alpha=0.6 beta=3 q=u8 seedT=8 seedH=8 seedS=4 pat=256",64,0.9151216686,1.0000,108.3256,1.0374,0.0000,0.133031,"0.133302;0.132796;0.133031",38.537370,25948.84,,4.25,0,3452,10,True,nid007071,57248609
SparseHNSW_a0.6_b3_p256,"M=32 efC=200 ef=1600 alpha=0.6 beta=3 q=u8 seedT=8 seedH=8 seedS=4 pat=256",64,0.9152375435,1.0000,108.3256,1.0374,0.0000,0.138588,"0.138926;0.138267;0.138588",40.147161,24908.36,,4.25,0,3452,10,True,nid007071,57248609
SparseHNSW_a0.6_b3_p256,"M=32 efC=200 ef=3200 alpha=0.6 beta=3 q=u8 seedT=8 seedH=8 seedS=4 pat=256",64,0.9152375435,1.0000,108.3256,1.0374,0.0000,0.143652,"0.143573;0.143652;0.143860",41.614137,24030.30,,4.25,0,3452,10,True,nid007071,57248609
SparseHNSW_a0.6_b4_p256,"M=32 efC=200 ef=10 alpha=0.6 beta=4 q=u8 seedT=8 seedH=8 seedS=4 pat=256",64,0.8922653534,0.9826,108.3256,1.0374,0.0000,0.018756,"0.019360;0.018756;0.018551",5.433372,184047.77,,4.25,0,3452,10,True,nid007071,57248609
SparseHNSW_a0.6_b4_p256,"M=32 efC=200 ef=20 alpha=0.6 beta=4 q=u8 seedT=8 seedH=8 seedS=4 pat=256",64,0.8922653534,0.9826,108.3256,1.0374,0.0000,0.018368,"0.018474;0.018278;0.018368",5.320973,187935.54,,4.25,0,3452,10,True,nid007071,57248609
SparseHNSW_a0.6_b4_p256,"M=32 efC=200 ef=50 alpha=0.6 beta=4 q=u8 seedT=8 seedH=8 seedS=4 pat=256",64,0.9018539977,0.9881,108.3256,1.0374,0.0000,0.022187,"0.022187;0.022206;0.022022",6.427289,155586.60,,4.25,0,3452,10,True,nid007071,57248609
SparseHNSW_a0.6_b4_p256,"M=32 efC=200 ef=100 alpha=0.6 beta=4 q=u8 seedT=8 seedH=8 seedS=4 pat=256",64,0.9214078795,0.9962,108.3256,1.0374,0.0000,0.041223,"0.041338;0.041161;0.041223",11.941773,83739.66,,4.25,0,3452,10,True,nid007071,57248609
SparseHNSW_a0.6_b4_p256,"M=32 efC=200 ef=200 alpha=0.6 beta=4 q=u8 seedT=8 seedH=8 seedS=4 pat=256",64,0.9307937428,0.9997,108.3256,1.0374,0.0000,0.075820,"0.075524;0.075820;0.076016",21.964079,45528.88,,4.25,0,3452,10,True,nid007071,57248609
SparseHNSW_a0.6_b4_p256,"M=32 efC=200 ef=400 alpha=0.6 beta=4 q=u8 seedT=8 seedH=8 seedS=4 pat=256",64,0.9354577057,0.9997,108.3256,1.0374,0.0000,0.124346,"0.124489;0.124071;0.124346",36.021437,27761.25,,4.25,0,3452,10,True,nid007071,57248609
SparseHNSW_a0.6_b4_p256,"M=32 efC=200 ef=800 alpha=0.6 beta=4 q=u8 seedT=8 seedH=8 seedS=4 pat=256",64,0.9371668598,1.0000,108.3256,1.0374,0.0000,0.144673,"0.144673;0.144456;0.144988",41.909907,23860.71,,4.25,0,3452,10,True,nid007071,57248609
SparseHNSW_a0.6_b4_p256,"M=32 efC=200 ef=1600 alpha=0.6 beta=4 q=u8 seedT=8 seedH=8 seedS=4 pat=256",64,0.9373986095,1.0000,108.3256,1.0374,0.0000,0.150695,"0.151052;0.150695;0.150617",43.654403,22907.20,,4.25,0,3452,10,True,nid007071,57248609
SparseHNSW_a0.6_b4_p256,"M=32 efC=200 ef=3200 alpha=0.6 beta=4 q=u8 seedT=8 seedH=8 seedS=4 pat=256",64,0.9373986095,1.0000,108.3256,1.0374,0.0000,0.156567,"0.156803;0.156525;0.156567",45.355446,22048.07,,4.25,0,3452,10,True,nid007071,57248609
SparseHNSW_a0.6_b5_p256,"M=32 efC=200 ef=10 alpha=0.6 beta=5 q=u8 seedT=8 seedH=8 seedS=4 pat=256",64,0.9122827346,0.9881,108.3256,1.0374,0.0000,0.023046,"0.023581;0.023046;0.022678",6.676130,149787.38,,4.25,0,3452,10,True,nid007071,57248609
SparseHNSW_a0.6_b5_p256,"M=32 efC=200 ef=20 alpha=0.6 beta=5 q=u8 seedT=8 seedH=8 seedS=4 pat=256",64,0.9122827346,0.9881,108.3256,1.0374,0.0000,0.022519,"0.022393;0.022519;0.022592",6.523465,153292.77,,4.25,0,3452,10,True,nid007071,57248609
SparseHNSW_a0.6_b5_p256,"M=32 efC=200 ef=50 alpha=0.6 beta=5 q=u8 seedT=8 seedH=8 seedS=4 pat=256",64,0.9122827346,0.9881,108.3256,1.0374,0.0000,0.022542,"0.022603;0.022498;0.022542",6.530127,153136.37,,4.25,0,3452,10,True,nid007071,57248609
SparseHNSW_a0.6_b5_p256,"M=32 efC=200 ef=100 alpha=0.6 beta=5 q=u8 seedT=8 seedH=8 seedS=4 pat=256",64,0.9323001159,0.9962,108.3256,1.0374,0.0000,0.041573,"0.041573;0.041449;0.041604",12.043163,83034.66,,4.25,0,3452,10,True,nid007071,57248609
SparseHNSW_a0.6_b5_p256,"M=32 efC=200 ef=200 alpha=0.6 beta=5 q=u8 seedT=8 seedH=8 seedS=4 pat=256",64,0.9424101970,0.9997,108.3256,1.0374,0.0000,0.076013,"0.075912;0.076060;0.076013",22.019988,45413.28,,4.25,0,3452,10,True,nid007071,57248609
SparseHNSW_a0.6_b5_p256,"M=32 efC=200 ef=400 alpha=0.6 beta=5 q=u8 seedT=8 seedH=8 seedS=4 pat=256",64,0.9476535342,0.9997,108.3256,1.0374,0.0000,0.128433,"0.128433;0.128620;0.128406",37.205388,26877.83,,4.25,0,3452,10,True,nid007071,57248609
SparseHNSW_a0.6_b5_p256,"M=32 efC=200 ef=800 alpha=0.6 beta=5 q=u8 seedT=8 seedH=8 seedS=4 pat=256",64,0.9501158749,1.0000,108.3256,1.0374,0.0000,0.155866,"0.155747;0.155866;0.155936",45.152375,22147.23,,4.25,0,3452,10,True,nid007071,57248609
SparseHNSW_a0.6_b5_p256,"M=32 efC=200 ef=1600 alpha=0.6 beta=5 q=u8 seedT=8 seedH=8 seedS=4 pat=256",64,0.9504345307,1.0000,108.3256,1.0374,0.0000,0.163806,"0.163753;0.163806;0.163915",47.452491,21073.71,,4.25,0,3452,10,True,nid007071,57248609
SparseHNSW_a0.6_b5_p256,"M=32 efC=200 ef=3200 alpha=0.6 beta=5 q=u8 seedT=8 seedH=8 seedS=4 pat=256",64,0.9504345307,1.0000,108.3256,1.0374,0.0000,0.169199,"0.169199;0.169874;0.169150",49.014774,20402.01,,4.25,0,3452,10,True,nid007071,57248609
SparseHNSW_a0.6_b6_p256,"M=32 efC=200 ef=10 alpha=0.6 beta=6 q=u8 seedT=8 seedH=8 seedS=4 pat=256",64,0.9256083430,0.9919,108.3256,1.0374,0.0000,0.027073,"0.027542;0.027073;0.026793",7.842700,127507.11,,4.25,0,3452,10,True,nid007071,57248609
SparseHNSW_a0.6_b6_p256,"M=32 efC=200 ef=20 alpha=0.6 beta=6 q=u8 seedT=8 seedH=8 seedS=4 pat=256",64,0.9256083430,0.9919,108.3256,1.0374,0.0000,0.026746,"0.026957;0.026746;0.026703",7.747972,129066.03,,4.25,0,3452,10,True,nid007071,57248609
SparseHNSW_a0.6_b6_p256,"M=32 efC=200 ef=50 alpha=0.6 beta=6 q=u8 seedT=8 seedH=8 seedS=4 pat=256",64,0.9256083430,0.9919,108.3256,1.0374,0.0000,0.026560,"0.026560;0.026658;0.026499",7.694090,129969.88,,4.25,0,3452,10,True,nid007071,57248609
SparseHNSW_a0.6_b6_p256,"M=32 efC=200 ef=100 alpha=0.6 beta=6 q=u8 seedT=8 seedH=8 seedS=4 pat=256",64,0.9393105446,0.9962,108.3256,1.0374,0.0000,0.041748,"0.041815;0.041748;0.041654",12.093859,82686.60,,4.25,0,3452,10,True,nid007071,57248609
SparseHNSW_a0.6_b6_p256,"M=32 efC=200 ef=200 alpha=0.6 beta=6 q=u8 seedT=8 seedH=8 seedS=4 pat=256",64,0.9495654693,0.9997,108.3256,1.0374,0.0000,0.076180,"0.076180;0.076095;0.076396",22.068366,45313.73,,4.25,0,3452,10,True,nid007071,57248609
SparseHNSW_a0.6_b6_p256,"M=32 efC=200 ef=400 alpha=0.6 beta=6 q=u8 seedT=8 seedH=8 seedS=4 pat=256",64,0.9551853998,0.9997,108.3256,1.0374,0.0000,0.131947,"0.132320;0.131947;0.131888",38.223349,26162.02,,4.25,0,3452,10,True,nid007071,57248609
SparseHNSW_a0.6_b6_p256,"M=32 efC=200 ef=800 alpha=0.6 beta=6 q=u8 seedT=8 seedH=8 seedS=4 pat=256",64,0.9577925840,1.0000,108.3256,1.0374,0.0000,0.167558,"0.167558;0.166933;0.167883",48.539397,20601.82,,4.25,0,3452,10,True,nid007071,57248609
SparseHNSW_a0.6_b6_p256,"M=32 efC=200 ef=1600 alpha=0.6 beta=6 q=u8 seedT=8 seedH=8 seedS=4 pat=256",64,0.9583719583,1.0000,108.3256,1.0374,0.0000,0.180046,"0.180139;0.179035;0.180046",52.157010,19172.88,,4.25,0,3452,10,True,nid007071,57248609
SparseHNSW_a0.6_b6_p256,"M=32 efC=200 ef=3200 alpha=0.6 beta=6 q=u8 seedT=8 seedH=8 seedS=4 pat=256",64,0.9583719583,1.0000,108.3256,1.0374,0.0000,0.184734,"0.184082;0.184734;0.185328",53.515064,18686.33,,4.25,0,3452,10,True,nid007071,57248609
SparseHNSW_a0.6_b7_p256,"M=32 efC=200 ef=10 alpha=0.6 beta=7 q=u8 seedT=8 seedH=8 seedS=4 pat=256",64,0.9335457706,0.9922,108.3256,1.0374,0.0000,0.031142,"0.031391;0.031142;0.030913",9.021437,110847.09,,4.25,0,3452,10,True,nid007071,57248609
SparseHNSW_a0.6_b7_p256,"M=32 efC=200 ef=20 alpha=0.6 beta=7 q=u8 seedT=8 seedH=8 seedS=4 pat=256",64,0.9335457706,0.9922,108.3256,1.0374,0.0000,0.030827,"0.030915;0.030738;0.030827",8.930185,111979.76,,4.25,0,3452,10,True,nid007071,57248609
SparseHNSW_a0.6_b7_p256,"M=32 efC=200 ef=50 alpha=0.6 beta=7 q=u8 seedT=8 seedH=8 seedS=4 pat=256",64,0.9335457706,0.9922,108.3256,1.0374,0.0000,0.030734,"0.030734;0.030643;0.030810",8.903244,112318.60,,4.25,0,3452,10,True,nid007071,57248609
SparseHNSW_a0.6_b7_p256,"M=32 efC=200 ef=100 alpha=0.6 beta=7 q=u8 seedT=8 seedH=8 seedS=4 pat=256",64,0.9446407879,0.9962,108.3256,1.0374,0.0000,0.041999,"0.041999;0.042092;0.041864",12.166570,82192.43,,4.25,0,3452,10,True,nid007071,57248609
SparseHNSW_a0.6_b7_p256,"M=32 efC=200 ef=200 alpha=0.6 beta=7 q=u8 seedT=8 seedH=8 seedS=4 pat=256",64,0.9549826188,0.9997,108.3256,1.0374,0.0000,0.076758,"0.076634;0.076840;0.076758",22.235805,44972.51,,4.25,0,3452,10,True,nid007071,57248609
SparseHNSW_a0.6_b7_p256,"M=32 efC=200 ef=400 alpha=0.6 beta=7 q=u8 seedT=8 seedH=8 seedS=4 pat=256",64,0.9605735805,0.9997,108.3256,1.0374,0.0000,0.134505,"0.134505;0.134454;0.134639",38.964368,25664.47,,4.25,0,3452,10,True,nid007071,57248609
SparseHNSW_a0.6_b7_p256,"M=32 efC=200 ef=800 alpha=0.6 beta=7 q=u8 seedT=8 seedH=8 seedS=4 pat=256",64,0.9634414832,1.0000,108.3256,1.0374,0.0000,0.176369,"0.176782;0.176369;0.176304",51.091831,19572.60,,4.25,0,3452,10,True,nid007071,57248609
SparseHNSW_a0.6_b7_p256,"M=32 efC=200 ef=1600 alpha=0.6 beta=7 q=u8 seedT=8 seedH=8 seedS=4 pat=256",64,0.9642236385,1.0000,108.3256,1.0374,0.0000,0.190879,"0.190899;0.190254;0.190879",55.295191,18084.76,,4.25,0,3452,10,True,nid007071,57248609
SparseHNSW_a0.6_b7_p256,"M=32 efC=200 ef=3200 alpha=0.6 beta=7 q=u8 seedT=8 seedH=8 seedS=4 pat=256",64,0.9642236385,1.0000,108.3256,1.0374,0.0000,0.196299,"0.196116;0.197159;0.196299",56.865295,17585.42,,4.25,0,3452,10,True,nid007071,57248609
SparseHNSW_a0.6_b8_p256,"M=32 efC=200 ef=10 alpha=0.6 beta=8 q=u8 seedT=8 seedH=8 seedS=4 pat=256",64,0.9413383546,0.9942,108.3256,1.0374,0.0000,0.035296,"0.035502;0.035296;0.035140",10.224797,97801.45,,4.25,0,3452,10,True,nid007071,57248609
SparseHNSW_a0.6_b8_p256,"M=32 efC=200 ef=20 alpha=0.6 beta=8 q=u8 seedT=8 seedH=8 seedS=4 pat=256",64,0.9413383546,0.9942,108.3256,1.0374,0.0000,0.034963,"0.035071;0.034963;0.034893",10.128331,98732.95,,4.25,0,3452,10,True,nid007071,57248609
SparseHNSW_a0.6_b8_p256,"M=32 efC=200 ef=50 alpha=0.6 beta=8 q=u8 seedT=8 seedH=8 seedS=4 pat=256",64,0.9413383546,0.9942,108.3256,1.0374,0.0000,0.034980,"0.034996;0.034960;0.034980",10.133256,98684.96,,4.25,0,3452,10,True,nid007071,57248609
SparseHNSW_a0.6_b8_p256,"M=32 efC=200 ef=100 alpha=0.6 beta=8 q=u8 seedT=8 seedH=8 seedS=4 pat=256",64,0.9476535342,0.9962,108.3256,1.0374,0.0000,0.042403,"0.042336;0.042403;0.042462",12.283604,81409.33,,4.25,0,3452,10,True,nid007071,57248609
SparseHNSW_a0.6_b8_p256,"M=32 efC=200 ef=200 alpha=0.6 beta=8 q=u8 seedT=8 seedH=8 seedS=4 pat=256",64,0.9585168019,0.9997,108.3256,1.0374,0.0000,0.077563,"0.077678;0.077511;0.077563",22.469003,44505.76,,4.25,0,3452,10,True,nid007071,57248609
SparseHNSW_a0.6_b8_p256,"M=32 efC=200 ef=400 alpha=0.6 beta=8 q=u8 seedT=8 seedH=8 seedS=4 pat=256",64,0.9645712630,0.9997,108.3256,1.0374,0.0000,0.136452,"0.136452;0.136447;0.136590",39.528389,25298.27,,4.25,0,3452,10,True,nid007071,57248609
SparseHNSW_a0.6_b8_p256,"M=32 efC=200 ef=800 alpha=0.6 beta=8 q=u8 seedT=8 seedH=8 seedS=4 pat=256",64,0.9676419467,1.0000,108.3256,1.0374,0.0000,0.184396,"0.184146;0.184396;0.184663",53.417149,18720.58,,4.25,0,3452,10,True,nid007071,57248609
SparseHNSW_a0.6_b8_p256,"M=32 efC=200 ef=1600 alpha=0.6 beta=8 q=u8 seedT=8 seedH=8 seedS=4 pat=256",64,0.9684820394,1.0000,108.3256,1.0374,0.0000,0.203113,"0.203113;0.202724;0.203338",58.839224,16995.47,,4.25,0,3452,10,True,nid007071,57248609
SparseHNSW_a0.6_b8_p256,"M=32 efC=200 ef=3200 alpha=0.6 beta=8 q=u8 seedT=8 seedH=8 seedS=4 pat=256",64,0.9684820394,1.0000,108.3256,1.0374,0.0000,0.209736,"0.209652;0.209895;0.209736",60.757822,16458.79,,4.25,0,3452,10,True,nid007071,57248609
SparseHNSW_a0.7_b1_p0,"M=32 efC=200 ef=10 alpha=0.7 beta=1 q=u8 seedT=8 seedH=8 seedS=4",64,0.7646292005,0.6231,134.4036,0.8518,0.0000,0.016158,"0.017091;0.016158;0.015712",4.680765,213640.30,,4.34,0,3452,10,True,nid007071,57248609
SparseHNSW_a0.7_b1_p0,"M=32 efC=200 ef=20 alpha=0.7 beta=1 q=u8 seedT=8 seedH=8 seedS=4",64,0.7646292005,0.6231,134.4036,0.8518,0.0000,0.015471,"0.015673;0.015471;0.015333",4.481750,223127.14,,4.34,0,3452,10,True,nid007071,57248609
SparseHNSW_a0.7_b1_p0,"M=32 efC=200 ef=50 alpha=0.7 beta=1 q=u8 seedT=8 seedH=8 seedS=4",64,0.7772016222,0.6330,134.4036,0.8518,0.0000,0.023017,"0.023090;0.023017;0.022992",6.667729,149976.10,,4.34,0,3452,10,True,nid007071,57248609
SparseHNSW_a0.7_b1_p0,"M=32 efC=200 ef=100 alpha=0.7 beta=1 q=u8 seedT=8 seedH=8 seedS=4",64,0.7890787949,0.6451,134.4036,0.8518,0.0000,0.043719,"0.043719;0.043745;0.043656",12.664832,78958.81,,4.34,0,3452,10,True,nid007071,57248609
SparseHNSW_a0.7_b1_p0,"M=32 efC=200 ef=200 alpha=0.7 beta=1 q=u8 seedT=8 seedH=8 seedS=4",64,0.7951622248,0.6510,134.4036,0.8518,0.0000,0.082674,"0.082764;0.082674;0.082514",23.949594,41754.36,,4.34,0,3452,10,True,nid007071,57248609
SparseHNSW_a0.7_b1_p0,"M=32 efC=200 ef=400 alpha=0.7 beta=1 q=u8 seedT=8 seedH=8 seedS=4",64,0.7982908459,0.6548,134.4036,0.8518,0.0000,0.155506,"0.155643;0.155235;0.155506",45.048088,22198.50,,4.34,0,3452,10,True,nid007071,57248609
SparseHNSW_a0.7_b1_p0,"M=32 efC=200 ef=800 alpha=0.7 beta=1 q=u8 seedT=8 seedH=8 seedS=4",64,0.7999130939,0.6557,134.4036,0.8518,0.0000,0.295011,"0.295011;0.295020;0.294669",85.460892,11701.26,,4.34,0,3452,10,True,nid007071,57248609
SparseHNSW_a0.7_b1_p0,"M=32 efC=200 ef=1600 alpha=0.7 beta=1 q=u8 seedT=8 seedH=8 seedS=4",64,0.8011008111,0.6574,134.4036,0.8518,0.0000,0.565613,"0.565251;0.565613;0.566136",163.850811,6103.11,,4.34,0,3452,10,True,nid007071,57248609
SparseHNSW_a0.7_b1_p0,"M=32 efC=200 ef=3200 alpha=0.7 beta=1 q=u8 seedT=8 seedH=8 seedS=4",64,0.8020278100,0.6592,134.4036,0.8518,0.0000,1.068626,"1.068663;1.068626;1.067975",309.567207,3230.32,,4.34,0,3452,10,True,nid007071,57248609
SparseHNSW_a0.7_b2_p0,"M=32 efC=200 ef=10 alpha=0.7 beta=2 q=u8 seedT=8 seedH=8 seedS=4",64,0.8855446118,0.9823,134.4036,0.8518,0.0000,0.016873,"0.017598;0.016873;0.016501",4.887891,204587.21,,4.34,0,3452,10,True,nid007071,57248609
SparseHNSW_a0.7_b2_p0,"M=32 efC=200 ef=20 alpha=0.7 beta=2 q=u8 seedT=8 seedH=8 seedS=4",64,0.8855446118,0.9823,134.4036,0.8518,0.0000,0.016333,"0.016333;0.016373;0.016303",4.731460,211351.25,,4.34,0,3452,10,True,nid007071,57248609
SparseHNSW_a0.7_b2_p0,"M=32 efC=200 ef=50 alpha=0.7 beta=2 q=u8 seedT=8 seedH=8 seedS=4",64,0.9029258401,0.9890,134.4036,0.8518,0.0000,0.023780,"0.024008;0.023780;0.023756",6.888760,145164.00,,4.34,0,3452,10,True,nid007071,57248609
SparseHNSW_a0.7_b2_p0,"M=32 efC=200 ef=100 alpha=0.7 beta=2 q=u8 seedT=8 seedH=8 seedS=4",64,0.9192641947,0.9957,134.4036,0.8518,0.0000,0.044516,"0.044516;0.044580;0.044484",12.895713,77545.15,,4.34,0,3452,10,True,nid007071,57248609
SparseHNSW_a0.7_b2_p0,"M=32 efC=200 ef=200 alpha=0.7 beta=2 q=u8 seedT=8 seedH=8 seedS=4",64,0.9282155272,0.9986,134.4036,0.8518,0.0000,0.083294,"0.083294;0.083365;0.083169",24.129200,41443.56,,4.34,0,3452,10,True,nid007071,57248609
SparseHNSW_a0.7_b2_p0,"M=32 efC=200 ef=400 alpha=0.7 beta=2 q=u8 seedT=8 seedH=8 seedS=4",64,0.9323001159,0.9994,134.4036,0.8518,0.0000,0.155816,"0.155816;0.156008;0.155735",45.137891,22154.34,,4.34,0,3452,10,True,nid007071,57248609
SparseHNSW_a0.7_b2_p0,"M=32 efC=200 ef=800 alpha=0.7 beta=2 q=u8 seedT=8 seedH=8 seedS=4",64,0.9356025492,1.0000,134.4036,0.8518,0.0000,0.295422,"0.295889;0.295261;0.295422",85.579954,11684.98,,4.34,0,3452,10,True,nid007071,57248609
SparseHNSW_a0.7_b2_p0,"M=32 efC=200 ef=1600 alpha=0.7 beta=2 q=u8 seedT=8 seedH=8 seedS=4",64,0.9376882966,1.0000,134.4036,0.8518,0.0000,0.566824,"0.566116;0.566897;0.566824",164.201622,6090.07,,4.34,0,3452,10,True,nid007071,57248609
SparseHNSW_a0.7_b2_p0,"M=32 efC=200 ef=3200 alpha=0.7 beta=2 q=u8 seedT=8 seedH=8 seedS=4",64,0.9395422943,1.0000,134.4036,0.8518,0.0000,1.068198,"1.068443;1.067504;1.068198",309.443221,3231.61,,4.34,0,3452,10,True,nid007071,57248609
SparseHNSW_a0.7_b3_p0,"M=32 efC=200 ef=10 alpha=0.7 beta=3 q=u8 seedT=8 seedH=8 seedS=4",64,0.9078215527,0.9823,134.4036,0.8518,0.0000,0.017304,"0.017956;0.017304;0.016927",5.012746,199491.45,,4.34,0,3452,10,True,nid007071,57248609
SparseHNSW_a0.7_b3_p0,"M=32 efC=200 ef=20 alpha=0.7 beta=3 q=u8 seedT=8 seedH=8 seedS=4",64,0.9078215527,0.9823,134.4036,0.8518,0.0000,0.016737,"0.016737;0.016794;0.016606",4.848494,206249.63,,4.34,0,3452,10,True,nid007071,57248609
SparseHNSW_a0.7_b3_p0,"M=32 efC=200 ef=50 alpha=0.7 beta=3 q=u8 seedT=8 seedH=8 seedS=4",64,0.9273464658,0.9890,134.4036,0.8518,0.0000,0.024211,"0.024211;0.024222;0.024053",7.013615,142579.82,,4.34,0,3452,10,True,nid007071,57248609
SparseHNSW_a0.7_b3_p0,"M=32 efC=200 ef=100 alpha=0.7 beta=3 q=u8 seedT=8 seedH=8 seedS=4",64,0.9456546929,0.9957,134.4036,0.8518,0.0000,0.044849,"0.045160;0.044849;0.044819",12.992178,76969.39,,4.34,0,3452,10,True,nid007071,57248609
SparseHNSW_a0.7_b3_p0,"M=32 efC=200 ef=200 alpha=0.7 beta=3 q=u8 seedT=8 seedH=8 seedS=4",64,0.9552433372,0.9986,134.4036,0.8518,0.0000,0.083573,"0.083586;0.083374;0.083573",24.210023,41305.21,,4.34,0,3452,10,True,nid007071,57248609
SparseHNSW_a0.7_b3_p0,"M=32 efC=200 ef=400 alpha=0.7 beta=3 q=u8 seedT=8 seedH=8 seedS=4",64,0.9600811124,0.9994,134.4036,0.8518,0.0000,0.156198,"0.156031;0.156552;0.156198",45.248552,22100.15,,4.34,0,3452,10,True,nid007071,57248609
SparseHNSW_a0.7_b3_p0,"M=32 efC=200 ef=800 alpha=0.7 beta=3 q=u8 seedT=8 seedH=8 seedS=4",64,0.9636442642,1.0000,134.4036,0.8518,0.0000,0.295832,"0.295832;0.296388;0.295812",85.698725,11668.78,,4.34,0,3452,10,True,nid007071,57248609
SparseHNSW_a0.7_b3_p0,"M=32 efC=200 ef=1600 alpha=0.7 beta=3 q=u8 seedT=8 seedH=8 seedS=4",64,0.9657879490,1.0000,134.4036,0.8518,0.0000,0.565976,"0.565976;0.565961;0.565991",163.955968,6099.20,,4.34,0,3452,10,True,nid007071,57248609
SparseHNSW_a0.7_b3_p0,"M=32 efC=200 ef=3200 alpha=0.7 beta=3 q=u8 seedT=8 seedH=8 seedS=4",64,0.9678157590,1.0000,134.4036,0.8518,0.0000,1.070540,"1.068417;1.070540;1.071073",310.121669,3224.54,,4.34,0,3452,10,True,nid007071,57248609
SparseHNSW_a0.7_b4_p0,"M=32 efC=200 ef=10 alpha=0.7 beta=4 q=u8 seedT=8 seedH=8 seedS=4",64,0.9274623407,0.9867,134.4036,0.8518,0.0000,0.020869,"0.021612;0.020869;0.020763",6.045481,165412.81,,4.34,0,3452,10,True,nid007071,57248609
SparseHNSW_a0.7_b4_p0,"M=32 efC=200 ef=20 alpha=0.7 beta=4 q=u8 seedT=8 seedH=8 seedS=4",64,0.9274623407,0.9867,134.4036,0.8518,0.0000,0.020297,"0.020302;0.020297;0.020155",5.879780,170074.40,,4.34,0,3452,10,True,nid007071,57248609
SparseHNSW_a0.7_b4_p0,"M=32 efC=200 ef=50 alpha=0.7 beta=4 q=u8 seedT=8 seedH=8 seedS=4",64,0.9356315180,0.9890,134.4036,0.8518,0.0000,0.024494,"0.024617;0.024494;0.024322",7.095597,140932.47,,4.34,0,3452,10,True,nid007071,57248609
SparseHNSW_a0.7_b4_p0,"M=32 efC=200 ef=100 alpha=0.7 beta=4 q=u8 seedT=8 seedH=8 seedS=4",64,0.9551274623,0.9957,134.4036,0.8518,0.0000,0.045234,"0.045234;0.045268;0.045183",13.103708,76314.28,,4.34,0,3452,10,True,nid007071,57248609
SparseHNSW_a0.7_b4_p0,"M=32 efC=200 ef=200 alpha=0.7 beta=4 q=u8 seedT=8 seedH=8 seedS=4",64,0.9651216686,0.9986,134.4036,0.8518,0.0000,0.083910,"0.083910;0.084029;0.083900",24.307648,41139.32,,4.34,0,3452,10,True,nid007071,57248609
SparseHNSW_a0.7_b4_p0,"M=32 efC=200 ef=400 alpha=0.7 beta=4 q=u8 seedT=8 seedH=8 seedS=4",64,0.9704229432,0.9994,134.4036,0.8518,0.0000,0.156360,"0.156372;0.156160;0.156360",45.295481,22077.26,,4.34,0,3452,10,True,nid007071,57248609
SparseHNSW_a0.7_b4_p0,"M=32 efC=200 ef=800 alpha=0.7 beta=4 q=u8 seedT=8 seedH=8 seedS=4",64,0.9741019699,1.0000,134.4036,0.8518,0.0000,0.296007,"0.295969;0.296044;0.296007",85.749421,11661.89,,4.34,0,3452,10,True,nid007071,57248609
SparseHNSW_a0.7_b4_p0,"M=32 efC=200 ef=1600 alpha=0.7 beta=4 q=u8 seedT=8 seedH=8 seedS=4",64,0.9764774044,1.0000,134.4036,0.8518,0.0000,0.566632,"0.567692;0.566632;0.566007",164.146002,6092.14,,4.34,0,3452,10,True,nid007071,57248609
SparseHNSW_a0.7_b4_p0,"M=32 efC=200 ef=3200 alpha=0.7 beta=4 q=u8 seedT=8 seedH=8 seedS=4",64,0.9784472769,1.0000,134.4036,0.8518,0.0000,1.068751,"1.068338;1.068751;1.069698",309.603418,3229.94,,4.34,0,3452,10,True,nid007071,57248609
SparseHNSW_a0.7_b5_p0,"M=32 efC=200 ef=10 alpha=0.7 beta=5 q=u8 seedT=8 seedH=8 seedS=4",64,0.9396581692,0.9890,134.4036,0.8518,0.0000,0.025453,"0.026282;0.025453;0.025234",7.373407,135622.52,,4.34,0,3452,10,True,nid007071,57248609
SparseHNSW_a0.7_b5_p0,"M=32 efC=200 ef=20 alpha=0.7 beta=5 q=u8 seedT=8 seedH=8 seedS=4",64,0.9396581692,0.9890,134.4036,0.8518,0.0000,0.025011,"0.025045;0.024874;0.025011",7.245365,138019.27,,4.34,0,3452,10,True,nid007071,57248609
SparseHNSW_a0.7_b5_p0,"M=32 efC=200 ef=50 alpha=0.7 beta=5 q=u8 seedT=8 seedH=8 seedS=4",64,0.9396581692,0.9890,134.4036,0.8518,0.0000,0.024833,"0.024969;0.024833;0.024770",7.193801,139008.58,,4.34,0,3452,10,True,nid007071,57248609
SparseHNSW_a0.7_b5_p0,"M=32 efC=200 ef=100 alpha=0.7 beta=5 q=u8 seedT=8 seedH=8 seedS=4",64,0.9599942063,0.9957,134.4036,0.8518,0.0000,0.045395,"0.045502;0.045395;0.045393",13.150348,76043.62,,4.34,0,3452,10,True,nid007071,57248609
SparseHNSW_a0.7_b5_p0,"M=32 efC=200 ef=200 alpha=0.7 beta=5 q=u8 seedT=8 seedH=8 seedS=4",64,0.9702780997,0.9986,134.4036,0.8518,0.0000,0.084063,"0.084040;0.084063;0.084238",24.351970,41064.44,,4.34,0,3452,10,True,nid007071,57248609
SparseHNSW_a0.7_b5_p0,"M=32 efC=200 ef=400 alpha=0.7 beta=5 q=u8 seedT=8 seedH=8 seedS=4",64,0.9757821553,0.9994,134.4036,0.8518,0.0000,0.156782,"0.156657;0.156782;0.156836",45.417729,22017.83,,4.34,0,3452,10,True,nid007071,57248609
SparseHNSW_a0.7_b5_p0,"M=32 efC=200 ef=800 alpha=0.7 beta=5 q=u8 seedT=8 seedH=8 seedS=4",64,0.9796639629,1.0000,134.4036,0.8518,0.0000,0.296415,"0.296420;0.296415;0.295936",85.867613,11645.83,,4.34,0,3452,10,True,nid007071,57248609
SparseHNSW_a0.7_b5_p0,"M=32 efC=200 ef=1600 alpha=0.7 beta=5 q=u8 seedT=8 seedH=8 seedS=4",64,0.9818945539,1.0000,134.4036,0.8518,0.0000,0.567182,"0.567458;0.567127;0.567182",164.305330,6086.23,,4.34,0,3452,10,True,nid007071,57248609
SparseHNSW_a0.7_b5_p0,"M=32 efC=200 ef=3200 alpha=0.7 beta=5 q=u8 seedT=8 seedH=8 seedS=4",64,0.9839803013,1.0000,134.4036,0.8518,0.0000,1.069331,"1.069885;1.068691;1.069331",309.771437,3228.19,,4.34,0,3452,10,True,nid007071,57248609
SparseHNSW_a0.7_b6_p0,"M=32 efC=200 ef=10 alpha=0.7 beta=6 q=u8 seedT=8 seedH=8 seedS=4",64,0.9493337196,0.9928,134.4036,0.8518,0.0000,0.030173,"0.030561;0.030173;0.029748",8.740730,114406.92,,4.34,0,3452,10,True,nid007071,57248609
SparseHNSW_a0.7_b6_p0,"M=32 efC=200 ef=20 alpha=0.7 beta=6 q=u8 seedT=8 seedH=8 seedS=4",64,0.9493337196,0.9928,134.4036,0.8518,0.0000,0.029521,"0.029557;0.029493;0.029521",8.551854,116933.71,,4.34,0,3452,10,True,nid007071,57248609
SparseHNSW_a0.7_b6_p0,"M=32 efC=200 ef=50 alpha=0.7 beta=6 q=u8 seedT=8 seedH=8 seedS=4",64,0.9493337196,0.9928,134.4036,0.8518,0.0000,0.029290,"0.029290;0.029430;0.029281",8.484936,117855.92,,4.34,0,3452,10,True,nid007071,57248609
SparseHNSW_a0.7_b6_p0,"M=32 efC=200 ef=100 alpha=0.7 beta=6 q=u8 seedT=8 seedH=8 seedS=4",64,0.9623406721,0.9957,134.4036,0.8518,0.0000,0.045831,"0.045831;0.045939;0.045747",13.276651,75320.20,,4.34,0,3452,10,True,nid007071,57248609
SparseHNSW_a0.7_b6_p0,"M=32 efC=200 ef=200 alpha=0.7 beta=6 q=u8 seedT=8 seedH=8 seedS=4",64,0.9730880649,0.9986,134.4036,0.8518,0.0000,0.084505,"0.084349;0.084744;0.084505",24.480012,40849.65,,4.34,0,3452,10,True,nid007071,57248609
SparseHNSW_a0.7_b6_p0,"M=32 efC=200 ef=400 alpha=0.7 beta=6 q=u8 seedT=8 seedH=8 seedS=4",64,0.9788238702,0.9994,134.4036,0.8518,0.0000,0.156955,"0.156900;0.157054;0.156955",45.467845,21993.57,,4.34,0,3452,10,True,nid007071,57248609
SparseHNSW_a0.7_b6_p0,"M=32 efC=200 ef=800 alpha=0.7 beta=6 q=u8 seedT=8 seedH=8 seedS=4",64,0.9827056779,1.0000,134.4036,0.8518,0.0000,0.296580,"0.295898;0.296580;0.296760",85.915411,11639.36,,4.34,0,3452,10,True,nid007071,57248609
SparseHNSW_a0.7_b6_p0,"M=32 efC=200 ef=1600 alpha=0.7 beta=6 q=u8 seedT=8 seedH=8 seedS=4",64,0.9850231750,1.0000,134.4036,0.8518,0.0000,0.567636,"0.567310;0.567636;0.568275",164.436848,6081.36,,4.34,0,3452,10,True,nid007071,57248609
SparseHNSW_a0.7_b6_p0,"M=32 efC=200 ef=3200 alpha=0.7 beta=6 q=u8 seedT=8 seedH=8 seedS=4",64,0.9871089224,1.0000,134.4036,0.8518,0.0000,1.071045,"1.070089;1.072044;1.071045",310.267961,3223.02,,4.34,0,3452,10,True,nid007071,57248609
SparseHNSW_a0.7_b7_p0,"M=32 efC=200 ef=10 alpha=0.7 beta=7 q=u8 seedT=8 seedH=8 seedS=4",64,0.9550115875,0.9942,134.4036,0.8518,0.0000,0.034485,"0.034770;0.034485;0.033994",9.989861,100101.49,,4.34,0,3452,10,True,nid007071,57248609
SparseHNSW_a0.7_b7_p0,"M=32 efC=200 ef=20 alpha=0.7 beta=7 q=u8 seedT=8 seedH=8 seedS=4",64,0.9550115875,0.9942,134.4036,0.8518,0.0000,0.033813,"0.033813;0.033800;0.033909",9.795191,102090.91,,4.34,0,3452,10,True,nid007071,57248609
SparseHNSW_a0.7_b7_p0,"M=32 efC=200 ef=50 alpha=0.7 beta=7 q=u8 seedT=8 seedH=8 seedS=4",64,0.9550115875,0.9942,134.4036,0.8518,0.0000,0.033639,"0.033639;0.033660;0.033580",9.744786,102618.98,,4.34,0,3452,10,True,nid007071,57248609
SparseHNSW_a0.7_b7_p0,"M=32 efC=200 ef=100 alpha=0.7 beta=7 q=u8 seedT=8 seedH=8 seedS=4",64,0.9636732329,0.9957,134.4036,0.8518,0.0000,0.046134,"0.046096;0.046318;0.046134",13.364426,74825.51,,4.34,0,3452,10,True,nid007071,57248609
SparseHNSW_a0.7_b7_p0,"M=32 efC=200 ef=200 alpha=0.7 beta=7 q=u8 seedT=8 seedH=8 seedS=4",64,0.9744206257,0.9986,134.4036,0.8518,0.0000,0.084419,"0.084143;0.084419;0.084822",24.455098,40891.27,,4.34,0,3452,10,True,nid007071,57248609
SparseHNSW_a0.7_b7_p0,"M=32 efC=200 ef=400 alpha=0.7 beta=7 q=u8 seedT=8 seedH=8 seedS=4",64,0.9804171495,0.9994,134.4036,0.8518,0.0000,0.157527,"0.157711;0.157527;0.157008",45.633546,21913.70,,4.34,0,3452,10,True,nid007071,57248609
SparseHNSW_a0.7_b7_p0,"M=32 efC=200 ef=800 alpha=0.7 beta=7 q=u8 seedT=8 seedH=8 seedS=4",64,0.9845017381,1.0000,134.4036,0.8518,0.0000,0.296677,"0.296588;0.297064;0.296677",85.943511,11635.55,,4.34,0,3452,10,True,nid007071,57248609
SparseHNSW_a0.7_b7_p0,"M=32 efC=200 ef=1600 alpha=0.7 beta=7 q=u8 seedT=8 seedH=8 seedS=4",64,0.9869351101,1.0000,134.4036,0.8518,0.0000,0.567939,"0.567939;0.567911;0.568166",164.524623,6078.12,,4.34,0,3452,10,True,nid007071,57248609
SparseHNSW_a0.7_b7_p0,"M=32 efC=200 ef=3200 alpha=0.7 beta=7 q=u8 seedT=8 seedH=8 seedS=4",64,0.9890208575,1.0000,134.4036,0.8518,0.0000,1.069357,"1.069357;1.069107;1.071636",309.778969,3228.11,,4.34,0,3452,10,True,nid007071,57248609
SparseHNSW_a0.7_b8_p0,"M=32 efC=200 ef=10 alpha=0.7 beta=8 q=u8 seedT=8 seedH=8 seedS=4",64,0.9595596756,0.9945,134.4036,0.8518,0.0000,0.038519,"0.039180;0.038519;0.038415",11.158459,89618.11,,4.34,0,3452,10,True,nid007071,57248609
SparseHNSW_a0.7_b8_p0,"M=32 efC=200 ef=20 alpha=0.7 beta=8 q=u8 seedT=8 seedH=8 seedS=4",64,0.9595596756,0.9945,134.4036,0.8518,0.0000,0.038294,"0.038294;0.038279;0.038380",11.093279,90144.67,,4.34,0,3452,10,True,nid007071,57248609
SparseHNSW_a0.7_b8_p0,"M=32 efC=200 ef=50 alpha=0.7 beta=8 q=u8 seedT=8 seedH=8 seedS=4",64,0.9595596756,0.9945,134.4036,0.8518,0.0000,0.038023,"0.038001;0.038023;0.038287",11.014774,90787.16,,4.34,0,3452,10,True,nid007071,57248609
SparseHNSW_a0.7_b8_p0,"M=32 efC=200 ef=100 alpha=0.7 beta=8 q=u8 seedT=8 seedH=8 seedS=4",64,0.9650637312,0.9957,134.4036,0.8518,0.0000,0.046414,"0.046241;0.046481;0.046414",13.445539,74374.11,,4.34,0,3452,10,True,nid007071,57248609
SparseHNSW_a0.7_b8_p0,"M=32 efC=200 ef=200 alpha=0.7 beta=8 q=u8 seedT=8 seedH=8 seedS=4",64,0.9758400927,0.9986,134.4036,0.8518,0.0000,0.085166,"0.084754;0.085166;0.085268",24.671495,40532.61,,4.34,0,3452,10,True,nid007071,57248609
SparseHNSW_a0.7_b8_p0,"M=32 efC=200 ef=400 alpha=0.7 beta=8 q=u8 seedT=8 seedH=8 seedS=4",64,0.9816338355,0.9994,134.4036,0.8518,0.0000,0.157238,"0.157674;0.157238;0.157196",45.549826,21953.98,,4.34,0,3452,10,True,nid007071,57248609
SparseHNSW_a0.7_b8_p0,"M=32 efC=200 ef=800 alpha=0.7 beta=8 q=u8 seedT=8 seedH=8 seedS=4",64,0.9858342990,1.0000,134.4036,0.8518,0.0000,0.296908,"0.297130;0.296908;0.296683",86.010429,11626.50,,4.34,0,3452,10,True,nid007071,57248609
SparseHNSW_a0.7_b8_p0,"M=32 efC=200 ef=1600 alpha=0.7 beta=8 q=u8 seedT=8 seedH=8 seedS=4",64,0.9883256083,1.0000,134.4036,0.8518,0.0000,0.568151,"0.568001;0.569991;0.568151",164.586037,6075.85,,4.34,0,3452,10,True,nid007071,57248609
SparseHNSW_a0.7_b8_p0,"M=32 efC=200 ef=3200 alpha=0.7 beta=8 q=u8 seedT=8 seedH=8 seedS=4",64,0.9904403244,1.0000,134.4036,0.8518,0.0000,1.070853,"1.071010;1.070128;1.070853",310.212341,3223.60,,4.34,0,3452,10,True,nid007071,57248609
SparseHNSW_a0.7_b1_p64,"M=32 efC=200 ef=10 alpha=0.7 beta=1 q=u8 seedT=8 seedH=8 seedS=4 pat=64",64,0.7646292005,0.6231,134.4036,0.8518,0.0000,0.016059,"0.016936;0.016059;0.015726",4.652086,214957.34,,4.34,0,3452,10,True,nid007071,57248609
SparseHNSW_a0.7_b1_p64,"M=32 efC=200 ef=20 alpha=0.7 beta=1 q=u8 seedT=8 seedH=8 seedS=4 pat=64",64,0.7646292005,0.6231,134.4036,0.8518,0.0000,0.015439,"0.015439;0.015550;0.015385",4.472480,223589.61,,4.34,0,3452,10,True,nid007071,57248609
SparseHNSW_a0.7_b1_p64,"M=32 efC=200 ef=50 alpha=0.7 beta=1 q=u8 seedT=8 seedH=8 seedS=4 pat=64",64,0.7772016222,0.6330,134.4036,0.8518,0.0000,0.023034,"0.023108;0.023034;0.022994",6.672654,149865.42,,4.34,0,3452,10,True,nid007071,57248609
SparseHNSW_a0.7_b1_p64,"M=32 efC=200 ef=100 alpha=0.7 beta=1 q=u8 seedT=8 seedH=8 seedS=4 pat=64",64,0.7880359212,0.6451,134.4036,0.8518,0.0000,0.036405,"0.036508;0.036405;0.036374",10.546060,94822.14,,4.34,0,3452,10,True,nid007071,57248609
SparseHNSW_a0.7_b1_p64,"M=32 efC=200 ef=200 alpha=0.7 beta=1 q=u8 seedT=8 seedH=8 seedS=4 pat=64",64,0.7907589803,0.6473,134.4036,0.8518,0.0000,0.039611,"0.039713;0.039611;0.039521",11.474797,87147.51,,4.34,0,3452,10,True,nid007071,57248609
SparseHNSW_a0.7_b1_p64,"M=32 efC=200 ef=400 alpha=0.7 beta=1 q=u8 seedT=8 seedH=8 seedS=4 pat=64",64,0.7907589803,0.6474,134.4036,0.8518,0.0000,0.041088,"0.041025;0.041188;0.041088",11.902665,84014.80,,4.34,0,3452,10,True,nid007071,57248609
SparseHNSW_a0.7_b1_p64,"M=32 efC=200 ef=800 alpha=0.7 beta=1 q=u8 seedT=8 seedH=8 seedS=4 pat=64",64,0.7907589803,0.6474,134.4036,0.8518,0.0000,0.042979,"0.042836;0.042979;0.043008",12.450463,80318.29,,4.34,0,3452,10,True,nid007071,57248609
SparseHNSW_a0.7_b1_p64,"M=32 efC=200 ef=1600 alpha=0.7 beta=1 q=u8 seedT=8 seedH=8 seedS=4 pat=64",64,0.7907589803,0.6474,134.4036,0.8518,0.0000,0.045569,"0.045682;0.045461;0.045569",13.200753,75753.25,,4.34,0,3452,10,True,nid007071,57248609
SparseHNSW_a0.7_b1_p64,"M=32 efC=200 ef=3200 alpha=0.7 beta=1 q=u8 seedT=8 seedH=8 seedS=4 pat=64",64,0.7907589803,0.6474,134.4036,0.8518,0.0000,0.047630,"0.047537;0.047705;0.047630",13.797798,72475.33,,4.34,0,3452,10,True,nid007071,57248609
SparseHNSW_a0.7_b2_p64,"M=32 efC=200 ef=10 alpha=0.7 beta=2 q=u8 seedT=8 seedH=8 seedS=4 pat=64",64,0.8855446118,0.9823,134.4036,0.8518,0.0000,0.016749,"0.017056;0.016749;0.016615",4.851970,206101.86,,4.34,0,3452,10,True,nid007071,57248609
SparseHNSW_a0.7_b2_p64,"M=32 efC=200 ef=20 alpha=0.7 beta=2 q=u8 seedT=8 seedH=8 seedS=4 pat=64",64,0.8855446118,0.9823,134.4036,0.8518,0.0000,0.016263,"0.016327;0.016263;0.016242",4.711182,212260.96,,4.34,0,3452,10,True,nid007071,57248609
SparseHNSW_a0.7_b2_p64,"M=32 efC=200 ef=50 alpha=0.7 beta=2 q=u8 seedT=8 seedH=8 seedS=4 pat=64",64,0.9029258401,0.9890,134.4036,0.8518,0.0000,0.023874,"0.023960;0.023830;0.023874",6.915991,144592.44,,4.34,0,3452,10,True,nid007071,57248609
SparseHNSW_a0.7_b2_p64,"M=32 efC=200 ef=100 alpha=0.7 beta=2 q=u8 seedT=8 seedH=8 seedS=4 pat=64",64,0.9186558517,0.9954,134.4036,0.8518,0.0000,0.040732,"0.040758;0.040732;0.040450",11.799537,84749.09,,4.34,0,3452,10,True,nid007071,57248609
SparseHNSW_a0.7_b2_p64,"M=32 efC=200 ef=200 alpha=0.7 beta=2 q=u8 seedT=8 seedH=8 seedS=4 pat=64",64,0.9240730012,0.9977,134.4036,0.8518,0.0000,0.047977,"0.047829;0.048005;0.047977",13.898320,71951.14,,4.34,0,3452,10,True,nid007071,57248609
SparseHNSW_a0.7_b2_p64,"M=32 efC=200 ef=400 alpha=0.7 beta=2 q=u8 seedT=8 seedH=8 seedS=4 pat=64",64,0.9242757822,0.9977,134.4036,0.8518,0.0000,0.049873,"0.049958;0.049873;0.049831",14.447567,69215.81,,4.34,0,3452,10,True,nid007071,57248609
SparseHNSW_a0.7_b2_p64,"M=32 efC=200 ef=800 alpha=0.7 beta=2 q=u8 seedT=8 seedH=8 seedS=4 pat=64",64,0.9242757822,0.9977,134.4036,0.8518,0.0000,0.052045,"0.052057;0.052033;0.052045",15.076767,66327.22,,4.34,0,3452,10,True,nid007071,57248609
SparseHNSW_a0.7_b2_p64,"M=32 efC=200 ef=1600 alpha=0.7 beta=2 q=u8 seedT=8 seedH=8 seedS=4 pat=64",64,0.9242757822,0.9977,134.4036,0.8518,0.0000,0.054749,"0.054881;0.054674;0.054749",15.860081,63051.38,,4.34,0,3452,10,True,nid007071,57248609
SparseHNSW_a0.7_b2_p64,"M=32 efC=200 ef=3200 alpha=0.7 beta=2 q=u8 seedT=8 seedH=8 seedS=4 pat=64",64,0.9242757822,0.9977,134.4036,0.8518,0.0000,0.057721,"0.057636;0.057721;0.057857",16.721031,59804.92,,4.34,0,3452,10,True,nid007071,57248609
SparseHNSW_a0.7_b3_p64,"M=32 efC=200 ef=10 alpha=0.7 beta=3 q=u8 seedT=8 seedH=8 seedS=4 pat=64",64,0.9078215527,0.9823,134.4036,0.8518,0.0000,0.017081,"0.017552;0.017081;0.016863",4.948146,202095.90,,4.34,0,3452,10,True,nid007071,57248609
SparseHNSW_a0.7_b3_p64,"M=32 efC=200 ef=20 alpha=0.7 beta=3 q=u8 seedT=8 seedH=8 seedS=4 pat=64",64,0.9078215527,0.9823,134.4036,0.8518,0.0000,0.016707,"0.016767;0.016707;0.016679",4.839803,206619.98,,4.34,0,3452,10,True,nid007071,57248609
SparseHNSW_a0.7_b3_p64,"M=32 efC=200 ef=50 alpha=0.7 beta=3 q=u8 seedT=8 seedH=8 seedS=4 pat=64",64,0.9273464658,0.9890,134.4036,0.8518,0.0000,0.024241,"0.024275;0.024241;0.024112",7.022306,142403.37,,4.34,0,3452,10,True,nid007071,57248609
SparseHNSW_a0.7_b3_p64,"M=32 efC=200 ef=100 alpha=0.7 beta=3 q=u8 seedT=8 seedH=8 seedS=4 pat=64",64,0.9453070684,0.9954,134.4036,0.8518,0.0000,0.043005,"0.043112;0.042993;0.043005",12.457995,80269.74,,4.34,0,3452,10,True,nid007071,57248609
SparseHNSW_a0.7_b3_p64,"M=32 efC=200 ef=200 alpha=0.7 beta=3 q=u8 seedT=8 seedH=8 seedS=4 pat=64",64,0.9522305910,0.9980,134.4036,0.8518,0.0000,0.054534,"0.054534;0.054780;0.054412",15.797798,63299.96,,4.34,0,3452,10,True,nid007071,57248609
SparseHNSW_a0.7_b3_p64,"M=32 efC=200 ef=400 alpha=0.7 beta=3 q=u8 seedT=8 seedH=8 seedS=4 pat=64",64,0.9532734647,0.9986,134.4036,0.8518,0.0000,0.057506,"0.057733;0.057506;0.057446",16.658749,60028.52,,4.34,0,3452,10,True,nid007071,57248609
SparseHNSW_a0.7_b3_p64,"M=32 efC=200 ef=800 alpha=0.7 beta=3 q=u8 seedT=8 seedH=8 seedS=4 pat=64",64,0.9532734647,0.9986,134.4036,0.8518,0.0000,0.059910,"0.059910;0.059975;0.059762",17.355156,57619.76,,4.34,0,3452,10,True,nid007071,57248609
SparseHNSW_a0.7_b3_p64,"M=32 efC=200 ef=1600 alpha=0.7 beta=3 q=u8 seedT=8 seedH=8 seedS=4 pat=64",64,0.9532734647,0.9986,134.4036,0.8518,0.0000,0.062868,"0.062974;0.062839;0.062868",18.212051,54908.70,,4.34,0,3452,10,True,nid007071,57248609
SparseHNSW_a0.7_b3_p64,"M=32 efC=200 ef=3200 alpha=0.7 beta=3 q=u8 seedT=8 seedH=8 seedS=4 pat=64",64,0.9532734647,0.9986,134.4036,0.8518,0.0000,0.066306,"0.066525;0.066306;0.066238",19.207995,52061.65,,4.34,0,3452,10,True,nid007071,57248609
SparseHNSW_a0.7_b4_p64,"M=32 efC=200 ef=10 alpha=0.7 beta=4 q=u8 seedT=8 seedH=8 seedS=4 pat=64",64,0.9274623407,0.9867,134.4036,0.8518,0.0000,0.020629,"0.021209;0.020629;0.020379",5.975956,167337.24,,4.34,0,3452,10,True,nid007071,57248609
SparseHNSW_a0.7_b4_p64,"M=32 efC=200 ef=20 alpha=0.7 beta=4 q=u8 seedT=8 seedH=8 seedS=4 pat=64",64,0.9274623407,0.9867,134.4036,0.8518,0.0000,0.020166,"0.020186;0.020116;0.020166",5.841831,171179.21,,4.34,0,3452,10,True,nid007071,57248609
SparseHNSW_a0.7_b4_p64,"M=32 efC=200 ef=50 alpha=0.7 beta=4 q=u8 seedT=8 seedH=8 seedS=4 pat=64",64,0.9356315180,0.9890,134.4036,0.8518,0.0000,0.024551,"0.024565;0.024551;0.024370",7.112109,140605.27,,4.34,0,3452,10,True,nid007071,57248609
SparseHNSW_a0.7_b4_p64,"M=32 efC=200 ef=100 alpha=0.7 beta=4 q=u8 seedT=8 seedH=8 seedS=4 pat=64",64,0.9551274623,0.9957,134.4036,0.8518,0.0000,0.044590,"0.044590;0.044603;0.044524",12.917149,77416.46,,4.34,0,3452,10,True,nid007071,57248609
SparseHNSW_a0.7_b4_p64,"M=32 efC=200 ef=200 alpha=0.7 beta=4 q=u8 seedT=8 seedH=8 seedS=4 pat=64",64,0.9631517961,0.9983,134.4036,0.8518,0.0000,0.060612,"0.060553;0.060779;0.060612",17.558517,56952.42,,4.34,0,3452,10,True,nid007071,57248609
SparseHNSW_a0.7_b4_p64,"M=32 efC=200 ef=400 alpha=0.7 beta=4 q=u8 seedT=8 seedH=8 seedS=4 pat=64",64,0.9646581692,0.9988,134.4036,0.8518,0.0000,0.065303,"0.065338;0.065303;0.065113",18.917439,52861.28,,4.34,0,3452,10,True,nid007071,57248609
SparseHNSW_a0.7_b4_p64,"M=32 efC=200 ef=800 alpha=0.7 beta=4 q=u8 seedT=8 seedH=8 seedS=4 pat=64",64,0.9646581692,0.9988,134.4036,0.8518,0.0000,0.068003,"0.068003;0.067779;0.068062",19.699594,50762.47,,4.34,0,3452,10,True,nid007071,57248609
SparseHNSW_a0.7_b4_p64,"M=32 efC=200 ef=1600 alpha=0.7 beta=4 q=u8 seedT=8 seedH=8 seedS=4 pat=64",64,0.9646581692,0.9988,134.4036,0.8518,0.0000,0.070842,"0.071077;0.070781;0.070842",20.522016,48728.16,,4.34,0,3452,10,True,nid007071,57248609
SparseHNSW_a0.7_b4_p64,"M=32 efC=200 ef=3200 alpha=0.7 beta=4 q=u8 seedT=8 seedH=8 seedS=4 pat=64",64,0.9646581692,0.9988,134.4036,0.8518,0.0000,0.074648,"0.074423;0.074648;0.074964",21.624565,46243.70,,4.34,0,3452,10,True,nid007071,57248609
SparseHNSW_a0.7_b5_p64,"M=32 efC=200 ef=10 alpha=0.7 beta=5 q=u8 seedT=8 seedH=8 seedS=4 pat=64",64,0.9396581692,0.9890,134.4036,0.8518,0.0000,0.025243,"0.025649;0.025243;0.025061",7.312572,136750.78,,4.34,0,3452,10,True,nid007071,57248609
SparseHNSW_a0.7_b5_p64,"M=32 efC=200 ef=20 alpha=0.7 beta=5 q=u8 seedT=8 seedH=8 seedS=4 pat=64",64,0.9396581692,0.9890,134.4036,0.8518,0.0000,0.024818,"0.024855;0.024818;0.024765",7.189455,139092.59,,4.34,0,3452,10,True,nid007071,57248609
SparseHNSW_a0.7_b5_p64,"M=32 efC=200 ef=50 alpha=0.7 beta=5 q=u8 seedT=8 seedH=8 seedS=4 pat=64",64,0.9396581692,0.9890,134.4036,0.8518,0.0000,0.024650,"0.024650;0.024740;0.024630",7.140788,140040.57,,4.34,0,3452,10,True,nid007071,57248609
SparseHNSW_a0.7_b5_p64,"M=32 efC=200 ef=100 alpha=0.7 beta=5 q=u8 seedT=8 seedH=8 seedS=4 pat=64",64,0.9599942063,0.9957,134.4036,0.8518,0.0000,0.045336,"0.045484;0.045336;0.045120",13.133256,76142.58,,4.34,0,3452,10,True,nid007071,57248609
SparseHNSW_a0.7_b5_p64,"M=32 efC=200 ef=200 alpha=0.7 beta=5 q=u8 seedT=8 seedH=8 seedS=4 pat=64",64,0.9688296640,0.9983,134.4036,0.8518,0.0000,0.065661,"0.065625;0.065661;0.065703",19.021147,52573.06,,4.34,0,3452,10,True,nid007071,57248609
SparseHNSW_a0.7_b5_p64,"M=32 efC=200 ef=400 alpha=0.7 beta=5 q=u8 seedT=8 seedH=8 seedS=4 pat=64",64,0.9709733488,0.9988,134.4036,0.8518,0.0000,0.072374,"0.072374;0.072394;0.071920",20.965817,47696.69,,4.34,0,3452,10,True,nid007071,57248609
SparseHNSW_a0.7_b5_p64,"M=32 efC=200 ef=800 alpha=0.7 beta=5 q=u8 seedT=8 seedH=8 seedS=4 pat=64",64,0.9709733488,0.9988,134.4036,0.8518,0.0000,0.074987,"0.074987;0.075000;0.074778",21.722769,46034.65,,4.34,0,3452,10,True,nid007071,57248609
SparseHNSW_a0.7_b5_p64,"M=32 efC=200 ef=1600 alpha=0.7 beta=5 q=u8 seedT=8 seedH=8 seedS=4 pat=64",64,0.9709733488,0.9988,134.4036,0.8518,0.0000,0.078084,"0.078084;0.077949;0.078169",22.619930,44208.80,,4.34,0,3452,10,True,nid007071,57248609
SparseHNSW_a0.7_b5_p64,"M=32 efC=200 ef=3200 alpha=0.7 beta=5 q=u8 seedT=8 seedH=8 seedS=4 pat=64",64,0.9709733488,0.9988,134.4036,0.8518,0.0000,0.082110,"0.082191;0.082110;0.081469",23.786211,42041.16,,4.34,0,3452,10,True,nid007071,57248609
SparseHNSW_a0.7_b6_p64,"M=32 efC=200 ef=10 alpha=0.7 beta=6 q=u8 seedT=8 seedH=8 seedS=4 pat=64",64,0.9493337196,0.9928,134.4036,0.8518,0.0000,0.029762,"0.030353;0.029762;0.029616",8.621669,115986.83,,4.34,0,3452,10,True,nid007071,57248609
SparseHNSW_a0.7_b6_p64,"M=32 efC=200 ef=20 alpha=0.7 beta=6 q=u8 seedT=8 seedH=8 seedS=4 pat=64",64,0.9493337196,0.9928,134.4036,0.8518,0.0000,0.029307,"0.029366;0.029258;0.029307",8.489861,117787.56,,4.34,0,3452,10,True,nid007071,57248609
SparseHNSW_a0.7_b6_p64,"M=32 efC=200 ef=50 alpha=0.7 beta=6 q=u8 seedT=8 seedH=8 seedS=4 pat=64",64,0.9493337196,0.9928,134.4036,0.8518,0.0000,0.029248,"0.029282;0.029248;0.029240",8.472769,118025.16,,4.34,0,3452,10,True,nid007071,57248609
SparseHNSW_a0.7_b6_p64,"M=32 efC=200 ef=100 alpha=0.7 beta=6 q=u8 seedT=8 seedH=8 seedS=4 pat=64",64,0.9623406721,0.9957,134.4036,0.8518,0.0000,0.045925,"0.045706;0.046037;0.045925",13.303882,75166.03,,4.34,0,3452,10,True,nid007071,57248609
SparseHNSW_a0.7_b6_p64,"M=32 efC=200 ef=200 alpha=0.7 beta=6 q=u8 seedT=8 seedH=8 seedS=4 pat=64",64,0.9723638470,0.9986,134.4036,0.8518,0.0000,0.069547,"0.069547;0.069815;0.069540",20.146871,49635.50,,4.34,0,3452,10,True,nid007071,57248609
SparseHNSW_a0.7_b6_p64,"M=32 efC=200 ef=400 alpha=0.7 beta=6 q=u8 seedT=8 seedH=8 seedS=4 pat=64",64,0.9748551564,0.9991,134.4036,0.8518,0.0000,0.078305,"0.078305;0.078218;0.078596",22.683951,44084.03,,4.34,0,3452,10,True,nid007071,57248609
SparseHNSW_a0.7_b6_p64,"M=32 efC=200 ef=800 alpha=0.7 beta=6 q=u8 seedT=8 seedH=8 seedS=4 pat=64",64,0.9748261877,0.9991,134.4036,0.8518,0.0000,0.081470,"0.081676;0.081465;0.081470",23.600811,42371.43,,4.34,0,3452,10,True,nid007071,57248609
SparseHNSW_a0.7_b6_p64,"M=32 efC=200 ef=1600 alpha=0.7 beta=6 q=u8 seedT=8 seedH=8 seedS=4 pat=64",64,0.9748261877,0.9991,134.4036,0.8518,0.0000,0.084527,"0.084527;0.084232;0.084662",24.486385,40839.02,,4.34,0,3452,10,True,nid007071,57248609
SparseHNSW_a0.7_b6_p64,"M=32 efC=200 ef=3200 alpha=0.7 beta=6 q=u8 seedT=8 seedH=8 seedS=4 pat=64",64,0.9748261877,0.9991,134.4036,0.8518,0.0000,0.088675,"0.088941;0.088646;0.088675",25.688007,38928.67,,4.34,0,3452,10,True,nid007071,57248609
SparseHNSW_a0.7_b7_p64,"M=32 efC=200 ef=10 alpha=0.7 beta=7 q=u8 seedT=8 seedH=8 seedS=4 pat=64",64,0.9550115875,0.9942,134.4036,0.8518,0.0000,0.034176,"0.034437;0.034176;0.034034",9.900348,101006.55,,4.34,0,3452,10,True,nid007071,57248609
SparseHNSW_a0.7_b7_p64,"M=32 efC=200 ef=20 alpha=0.7 beta=7 q=u8 seedT=8 seedH=8 seedS=4 pat=64",64,0.9550115875,0.9942,134.4036,0.8518,0.0000,0.033776,"0.033875;0.033776;0.033621",9.784473,102202.75,,4.34,0,3452,10,True,nid007071,57248609
SparseHNSW_a0.7_b7_p64,"M=32 efC=200 ef=50 alpha=0.7 beta=7 q=u8 seedT=8 seedH=8 seedS=4 pat=64",64,0.9550115875,0.9942,134.4036,0.8518,0.0000,0.033745,"0.033635;0.033916;0.033745",9.775492,102296.64,,4.34,0,3452,10,True,nid007071,57248609
SparseHNSW_a0.7_b7_p64,"M=32 efC=200 ef=100 alpha=0.7 beta=7 q=u8 seedT=8 seedH=8 seedS=4 pat=64",64,0.9636732329,0.9957,134.4036,0.8518,0.0000,0.046158,"0.046224;0.046158;0.046086",13.371379,74786.60,,4.34,0,3452,10,True,nid007071,57248609
SparseHNSW_a0.7_b7_p64,"M=32 efC=200 ef=200 alpha=0.7 beta=7 q=u8 seedT=8 seedH=8 seedS=4 pat=64",64,0.9738702202,0.9986,134.4036,0.8518,0.0000,0.073656,"0.073433;0.073656;0.073855",21.337196,46866.51,,4.34,0,3452,10,True,nid007071,57248609
SparseHNSW_a0.7_b7_p64,"M=32 efC=200 ef=400 alpha=0.7 beta=7 q=u8 seedT=8 seedH=8 seedS=4 pat=64",64,0.9769119351,0.9991,134.4036,0.8518,0.0000,0.084300,"0.084331;0.084300;0.084159",24.420626,40948.99,,4.34,0,3452,10,True,nid007071,57248609
SparseHNSW_a0.7_b7_p64,"M=32 efC=200 ef=800 alpha=0.7 beta=7 q=u8 seedT=8 seedH=8 seedS=4 pat=64",64,0.9769988413,0.9991,134.4036,0.8518,0.0000,0.088110,"0.088069;0.088110;0.088116",25.524334,39178.30,,4.34,0,3452,10,True,nid007071,57248609
SparseHNSW_a0.7_b7_p64,"M=32 efC=200 ef=1600 alpha=0.7 beta=7 q=u8 seedT=8 seedH=8 seedS=4 pat=64",64,0.9769988413,0.9991,134.4036,0.8518,0.0000,0.091416,"0.091540;0.091392;0.091416",26.482039,37761.44,,4.34,0,3452,10,True,nid007071,57248609
SparseHNSW_a0.7_b7_p64,"M=32 efC=200 ef=3200 alpha=0.7 beta=7 q=u8 seedT=8 seedH=8 seedS=4 pat=64",64,0.9769988413,0.9991,134.4036,0.8518,0.0000,0.095600,"0.095372;0.095600;0.095968",27.694090,36108.79,,4.34,0,3452,10,True,nid007071,57248609
SparseHNSW_a0.7_b8_p64,"M=32 efC=200 ef=10 alpha=0.7 beta=8 q=u8 seedT=8 seedH=8 seedS=4 pat=64",64,0.9595596756,0.9945,134.4036,0.8518,0.0000,0.038612,"0.038711;0.038438;0.038612",11.185400,89402.26,,4.34,0,3452,10,True,nid007071,57248609
SparseHNSW_a0.7_b8_p64,"M=32 efC=200 ef=20 alpha=0.7 beta=8 q=u8 seedT=8 seedH=8 seedS=4 pat=64",64,0.9595596756,0.9945,134.4036,0.8518,0.0000,0.038316,"0.038335;0.038316;0.038070",11.099652,90092.91,,4.34,0,3452,10,True,nid007071,57248609
SparseHNSW_a0.7_b8_p64,"M=32 efC=200 ef=50 alpha=0.7 beta=8 q=u8 seedT=8 seedH=8 seedS=4 pat=64",64,0.9595596756,0.9945,134.4036,0.8518,0.0000,0.038063,"0.037897;0.038074;0.038063",11.026362,90691.75,,4.34,0,3452,10,True,nid007071,57248609
SparseHNSW_a0.7_b8_p64,"M=32 efC=200 ef=100 alpha=0.7 beta=8 q=u8 seedT=8 seedH=8 seedS=4 pat=64",64,0.9650637312,0.9957,134.4036,0.8518,0.0000,0.046404,"0.046315;0.046459;0.046404",13.442642,74390.14,,4.34,0,3452,10,True,nid007071,57248609
SparseHNSW_a0.7_b8_p64,"M=32 efC=200 ef=200 alpha=0.7 beta=8 q=u8 seedT=8 seedH=8 seedS=4 pat=64",64,0.9756083430,0.9986,134.4036,0.8518,0.0000,0.076811,"0.076811;0.076871;0.076620",22.251159,44941.48,,4.34,0,3452,10,True,nid007071,57248609
SparseHNSW_a0.7_b8_p64,"M=32 efC=200 ef=400 alpha=0.7 beta=8 q=u8 seedT=8 seedH=8 seedS=4 pat=64",64,0.9788818076,0.9991,134.4036,0.8518,0.0000,0.090758,"0.090687;0.090940;0.090758",26.291425,38035.21,,4.34,0,3452,10,True,nid007071,57248609
SparseHNSW_a0.7_b8_p64,"M=32 efC=200 ef=800 alpha=0.7 beta=8 q=u8 seedT=8 seedH=8 seedS=4 pat=64",64,0.9790556199,0.9991,134.4036,0.8518,0.0000,0.095283,"0.094991;0.095342;0.095283",27.602260,36228.92,,4.34,0,3452,10,True,nid007071,57248609
SparseHNSW_a0.7_b8_p64,"M=32 efC=200 ef=1600 alpha=0.7 beta=8 q=u8 seedT=8 seedH=8 seedS=4 pat=64",64,0.9790556199,0.9991,134.4036,0.8518,0.0000,0.098447,"0.098566;0.098111;0.098447",28.518830,35064.55,,4.34,0,3452,10,True,nid007071,57248609
SparseHNSW_a0.7_b8_p64,"M=32 efC=200 ef=3200 alpha=0.7 beta=8 q=u8 seedT=8 seedH=8 seedS=4 pat=64",64,0.9790556199,0.9991,134.4036,0.8518,0.0000,0.102838,"0.102541;0.103069;0.102838",29.790846,33567.36,,4.34,0,3452,10,True,nid007071,57248609
SparseHNSW_a0.7_b1_p128,"M=32 efC=200 ef=10 alpha=0.7 beta=1 q=u8 seedT=8 seedH=8 seedS=4 pat=128",64,0.7646292005,0.6231,134.4036,0.8518,0.0000,0.016027,"0.016595;0.016027;0.015666",4.642816,215386.54,,4.34,0,3452,10,True,nid007071,57248609
SparseHNSW_a0.7_b1_p128,"M=32 efC=200 ef=20 alpha=0.7 beta=1 q=u8 seedT=8 seedH=8 seedS=4 pat=128",64,0.7646292005,0.6231,134.4036,0.8518,0.0000,0.015566,"0.015614;0.015566;0.015538",4.509270,221765.39,,4.34,0,3452,10,True,nid007071,57248609
SparseHNSW_a0.7_b1_p128,"M=32 efC=200 ef=50 alpha=0.7 beta=1 q=u8 seedT=8 seedH=8 seedS=4 pat=128",64,0.7772016222,0.6330,134.4036,0.8518,0.0000,0.023078,"0.023237;0.022988;0.023078",6.685400,149579.69,,4.34,0,3452,10,True,nid007071,57248609
SparseHNSW_a0.7_b1_p128,"M=32 efC=200 ef=100 alpha=0.7 beta=1 q=u8 seedT=8 seedH=8 seedS=4 pat=128",64,0.7890787949,0.6451,134.4036,0.8518,0.0000,0.043784,"0.043816;0.043784;0.043682",12.683662,78841.59,,4.34,0,3452,10,True,nid007071,57248609
SparseHNSW_a0.7_b1_p128,"M=32 efC=200 ef=200 alpha=0.7 beta=1 q=u8 seedT=8 seedH=8 seedS=4 pat=128",64,0.7946118192,0.6507,134.4036,0.8518,0.0000,0.064878,"0.065045;0.064772;0.064878",18.794322,53207.56,,4.34,0,3452,10,True,nid007071,57248609
SparseHNSW_a0.7_b1_p128,"M=32 efC=200 ef=400 alpha=0.7 beta=1 q=u8 seedT=8 seedH=8 seedS=4 pat=128",64,0.7956257242,0.6522,134.4036,0.8518,0.0000,0.069480,"0.069560;0.069253;0.069480",20.127462,49683.36,,4.34,0,3452,10,True,nid007071,57248609
SparseHNSW_a0.7_b1_p128,"M=32 efC=200 ef=800 alpha=0.7 beta=1 q=u8 seedT=8 seedH=8 seedS=4 pat=128",64,0.7956257242,0.6522,134.4036,0.8518,0.0000,0.071960,"0.071960;0.071953;0.072014",20.845886,47971.10,,4.34,0,3452,10,True,nid007071,57248609
SparseHNSW_a0.7_b1_p128,"M=32 efC=200 ef=1600 alpha=0.7 beta=1 q=u8 seedT=8 seedH=8 seedS=4 pat=128",64,0.7956257242,0.6522,134.4036,0.8518,0.0000,0.075343,"0.075343;0.075360;0.075192",21.825898,45817.13,,4.34,0,3452,10,True,nid007071,57248609
SparseHNSW_a0.7_b1_p128,"M=32 efC=200 ef=3200 alpha=0.7 beta=1 q=u8 seedT=8 seedH=8 seedS=4 pat=128",64,0.7956257242,0.6522,134.4036,0.8518,0.0000,0.079857,"0.080422;0.079777;0.079857",23.133546,43227.27,,4.34,0,3452,10,True,nid007071,57248609
SparseHNSW_a0.7_b2_p128,"M=32 efC=200 ef=10 alpha=0.7 beta=2 q=u8 seedT=8 seedH=8 seedS=4 pat=128",64,0.8855446118,0.9823,134.4036,0.8518,0.0000,0.016701,"0.017290;0.016701;0.016617",4.838065,206694.21,,4.34,0,3452,10,True,nid007071,57248609
SparseHNSW_a0.7_b2_p128,"M=32 efC=200 ef=20 alpha=0.7 beta=2 q=u8 seedT=8 seedH=8 seedS=4 pat=128",64,0.8855446118,0.9823,134.4036,0.8518,0.0000,0.016314,"0.016369;0.016250;0.016314",4.725956,211597.40,,4.34,0,3452,10,True,nid007071,57248609
SparseHNSW_a0.7_b2_p128,"M=32 efC=200 ef=50 alpha=0.7 beta=2 q=u8 seedT=8 seedH=8 seedS=4 pat=128",64,0.9029258401,0.9890,134.4036,0.8518,0.0000,0.023853,"0.023938;0.023853;0.023778",6.909907,144719.74,,4.34,0,3452,10,True,nid007071,57248609
SparseHNSW_a0.7_b2_p128,"M=32 efC=200 ef=100 alpha=0.7 beta=2 q=u8 seedT=8 seedH=8 seedS=4 pat=128",64,0.9192641947,0.9957,134.4036,0.8518,0.0000,0.044619,"0.044619;0.044698;0.044555",12.925550,77366.14,,4.34,0,3452,10,True,nid007071,57248609
SparseHNSW_a0.7_b2_p128,"M=32 efC=200 ef=200 alpha=0.7 beta=2 q=u8 seedT=8 seedH=8 seedS=4 pat=128",64,0.9276651217,0.9986,134.4036,0.8518,0.0000,0.071075,"0.071072;0.071075;0.071306",20.589513,48568.41,,4.34,0,3452,10,True,nid007071,57248609
SparseHNSW_a0.7_b2_p128,"M=32 efC=200 ef=400 alpha=0.7 beta=2 q=u8 seedT=8 seedH=8 seedS=4 pat=128",64,0.9296929316,0.9991,134.4036,0.8518,0.0000,0.079032,"0.079317;0.078612;0.079032",22.894554,43678.51,,4.34,0,3452,10,True,nid007071,57248609
SparseHNSW_a0.7_b2_p128,"M=32 efC=200 ef=800 alpha=0.7 beta=2 q=u8 seedT=8 seedH=8 seedS=4 pat=128",64,0.9297219003,0.9991,134.4036,0.8518,0.0000,0.081953,"0.081953;0.081966;0.081569",23.740730,42121.70,,4.34,0,3452,10,True,nid007071,57248609
SparseHNSW_a0.7_b2_p128,"M=32 efC=200 ef=1600 alpha=0.7 beta=2 q=u8 seedT=8 seedH=8 seedS=4 pat=128",64,0.9297219003,0.9991,134.4036,0.8518,0.0000,0.084767,"0.084767;0.084914;0.084741",24.555910,40723.39,,4.34,0,3452,10,True,nid007071,57248609
SparseHNSW_a0.7_b2_p128,"M=32 efC=200 ef=3200 alpha=0.7 beta=2 q=u8 seedT=8 seedH=8 seedS=4 pat=128",64,0.9297219003,0.9991,134.4036,0.8518,0.0000,0.089351,"0.089052;0.089351;0.089458",25.883835,38634.15,,4.34,0,3452,10,True,nid007071,57248609
SparseHNSW_a0.7_b3_p128,"M=32 efC=200 ef=10 alpha=0.7 beta=3 q=u8 seedT=8 seedH=8 seedS=4 pat=128",64,0.9078215527,0.9823,134.4036,0.8518,0.0000,0.017116,"0.017689;0.017116;0.016829",4.958285,201682.64,,4.34,0,3452,10,True,nid007071,57248609
SparseHNSW_a0.7_b3_p128,"M=32 efC=200 ef=20 alpha=0.7 beta=3 q=u8 seedT=8 seedH=8 seedS=4 pat=128",64,0.9078215527,0.9823,134.4036,0.8518,0.0000,0.016711,"0.016711;0.016711;0.016592",4.840962,206570.52,,4.34,0,3452,10,True,nid007071,57248609
SparseHNSW_a0.7_b3_p128,"M=32 efC=200 ef=50 alpha=0.7 beta=3 q=u8 seedT=8 seedH=8 seedS=4 pat=128",64,0.9273464658,0.9890,134.4036,0.8518,0.0000,0.024259,"0.024486;0.024259;0.024208",7.027520,142297.70,,4.34,0,3452,10,True,nid007071,57248609
SparseHNSW_a0.7_b3_p128,"M=32 efC=200 ef=100 alpha=0.7 beta=3 q=u8 seedT=8 seedH=8 seedS=4 pat=128",64,0.9456546929,0.9957,134.4036,0.8518,0.0000,0.044719,"0.044907;0.044719;0.044684",12.954519,77193.14,,4.34,0,3452,10,True,nid007071,57248609
SparseHNSW_a0.7_b3_p128,"M=32 efC=200 ef=200 alpha=0.7 beta=3 q=u8 seedT=8 seedH=8 seedS=4 pat=128",64,0.9550405562,0.9986,134.4036,0.8518,0.0000,0.075465,"0.075465;0.075470;0.075283",21.861240,45743.06,,4.34,0,3452,10,True,nid007071,57248609
SparseHNSW_a0.7_b3_p128,"M=32 efC=200 ef=400 alpha=0.7 beta=3 q=u8 seedT=8 seedH=8 seedS=4 pat=128",64,0.9576767092,0.9991,134.4036,0.8518,0.0000,0.088630,"0.088630;0.088737;0.088533",25.674971,38948.44,,4.34,0,3452,10,True,nid007071,57248609
SparseHNSW_a0.7_b3_p128,"M=32 efC=200 ef=800 alpha=0.7 beta=3 q=u8 seedT=8 seedH=8 seedS=4 pat=128",64,0.9579084589,0.9991,134.4036,0.8518,0.0000,0.092506,"0.092506;0.092462;0.092956",26.797798,37316.50,,4.34,0,3452,10,True,nid007071,57248609
SparseHNSW_a0.7_b3_p128,"M=32 efC=200 ef=1600 alpha=0.7 beta=3 q=u8 seedT=8 seedH=8 seedS=4 pat=128",64,0.9579084589,0.9991,134.4036,0.8518,0.0000,0.095979,"0.095960;0.095979;0.096599",27.803882,35966.20,,4.34,0,3452,10,True,nid007071,57248609
SparseHNSW_a0.7_b3_p128,"M=32 efC=200 ef=3200 alpha=0.7 beta=3 q=u8 seedT=8 seedH=8 seedS=4 pat=128",64,0.9579084589,0.9991,134.4036,0.8518,0.0000,0.100701,"0.100701;0.100456;0.100702",29.171784,34279.70,,4.34,0,3452,10,True,nid007071,57248609
SparseHNSW_a0.7_b4_p128,"M=32 efC=200 ef=10 alpha=0.7 beta=4 q=u8 seedT=8 seedH=8 seedS=4 pat=128",64,0.9274623407,0.9867,134.4036,0.8518,0.0000,0.020679,"0.021197;0.020679;0.020420",5.990440,166932.64,,4.34,0,3452,10,True,nid007071,57248609
SparseHNSW_a0.7_b4_p128,"M=32 efC=200 ef=20 alpha=0.7 beta=4 q=u8 seedT=8 seedH=8 seedS=4 pat=128",64,0.9274623407,0.9867,134.4036,0.8518,0.0000,0.020184,"0.020262;0.020184;0.020140",5.847045,171026.56,,4.34,0,3452,10,True,nid007071,57248609
SparseHNSW_a0.7_b4_p128,"M=32 efC=200 ef=50 alpha=0.7 beta=4 q=u8 seedT=8 seedH=8 seedS=4 pat=128",64,0.9356315180,0.9890,134.4036,0.8518,0.0000,0.024429,"0.024429;0.024313;0.024449",7.076767,141307.46,,4.34,0,3452,10,True,nid007071,57248609
SparseHNSW_a0.7_b4_p128,"M=32 efC=200 ef=100 alpha=0.7 beta=4 q=u8 seedT=8 seedH=8 seedS=4 pat=128",64,0.9551274623,0.9957,134.4036,0.8518,0.0000,0.045258,"0.045258;0.045456;0.045155",13.110660,76273.81,,4.34,0,3452,10,True,nid007071,57248609
SparseHNSW_a0.7_b4_p128,"M=32 efC=200 ef=200 alpha=0.7 beta=4 q=u8 seedT=8 seedH=8 seedS=4 pat=128",64,0.9650057937,0.9986,134.4036,0.8518,0.0000,0.078707,"0.078736;0.078631;0.078707",22.800406,43858.87,,4.34,0,3452,10,True,nid007071,57248609
SparseHNSW_a0.7_b4_p128,"M=32 efC=200 ef=400 alpha=0.7 beta=4 q=u8 seedT=8 seedH=8 seedS=4 pat=128",64,0.9684241020,0.9994,134.4036,0.8518,0.0000,0.096707,"0.096695;0.096719;0.096707",28.014774,35695.45,,4.34,0,3452,10,True,nid007071,57248609
SparseHNSW_a0.7_b4_p128,"M=32 efC=200 ef=800 alpha=0.7 beta=4 q=u8 seedT=8 seedH=8 seedS=4 pat=128",64,0.9686558517,0.9994,134.4036,0.8518,0.0000,0.102381,"0.102364;0.102587;0.102381",29.658459,33717.19,,4.34,0,3452,10,True,nid007071,57248609
SparseHNSW_a0.7_b4_p128,"M=32 efC=200 ef=1600 alpha=0.7 beta=4 q=u8 seedT=8 seedH=8 seedS=4 pat=128",64,0.9686558517,0.9994,134.4036,0.8518,0.0000,0.105924,"0.105832;0.106295;0.105924",30.684820,32589.40,,4.34,0,3452,10,True,nid007071,57248609
SparseHNSW_a0.7_b4_p128,"M=32 efC=200 ef=3200 alpha=0.7 beta=4 q=u8 seedT=8 seedH=8 seedS=4 pat=128",64,0.9686558517,0.9994,134.4036,0.8518,0.0000,0.110591,"0.110643;0.110336;0.110591",32.036790,31214.11,,4.34,0,3452,10,True,nid007071,57248609
SparseHNSW_a0.7_b5_p128,"M=32 efC=200 ef=10 alpha=0.7 beta=5 q=u8 seedT=8 seedH=8 seedS=4 pat=128",64,0.9396581692,0.9890,134.4036,0.8518,0.0000,0.025348,"0.025960;0.025348;0.025190",7.342990,136184.31,,4.34,0,3452,10,True,nid007071,57248609
SparseHNSW_a0.7_b5_p128,"M=32 efC=200 ef=20 alpha=0.7 beta=5 q=u8 seedT=8 seedH=8 seedS=4 pat=128",64,0.9396581692,0.9890,134.4036,0.8518,0.0000,0.024830,"0.024930;0.024767;0.024830",7.192932,139025.37,,4.34,0,3452,10,True,nid007071,57248609
SparseHNSW_a0.7_b5_p128,"M=32 efC=200 ef=50 alpha=0.7 beta=5 q=u8 seedT=8 seedH=8 seedS=4 pat=128",64,0.9396581692,0.9890,134.4036,0.8518,0.0000,0.024793,"0.024793;0.024750;0.024819",7.182213,139232.85,,4.34,0,3452,10,True,nid007071,57248609
SparseHNSW_a0.7_b5_p128,"M=32 efC=200 ef=100 alpha=0.7 beta=5 q=u8 seedT=8 seedH=8 seedS=4 pat=128",64,0.9599942063,0.9957,134.4036,0.8518,0.0000,0.045387,"0.045387;0.045347;0.045462",13.148030,76057.02,,4.34,0,3452,10,True,nid007071,57248609
SparseHNSW_a0.7_b5_p128,"M=32 efC=200 ef=200 alpha=0.7 beta=5 q=u8 seedT=8 seedH=8 seedS=4 pat=128",64,0.9702491309,0.9986,134.4036,0.8518,0.0000,0.080631,"0.080931;0.080631;0.080628",23.357764,42812.32,,4.34,0,3452,10,True,nid007071,57248609
SparseHNSW_a0.7_b5_p128,"M=32 efC=200 ef=400 alpha=0.7 beta=5 q=u8 seedT=8 seedH=8 seedS=4 pat=128",64,0.9745365006,0.9994,134.4036,0.8518,0.0000,0.104492,"0.104345;0.104554;0.104492",30.269988,33036.02,,4.34,0,3452,10,True,nid007071,57248609
SparseHNSW_a0.7_b5_p128,"M=32 efC=200 ef=800 alpha=0.7 beta=5 q=u8 seedT=8 seedH=8 seedS=4 pat=128",64,0.9750869061,0.9994,134.4036,0.8518,0.0000,0.112274,"0.112268;0.112707;0.112274",32.524334,30746.21,,4.34,0,3452,10,True,nid007071,57248609
SparseHNSW_a0.7_b5_p128,"M=32 efC=200 ef=1600 alpha=0.7 beta=5 q=u8 seedT=8 seedH=8 seedS=4 pat=128",64,0.9750869061,0.9994,134.4036,0.8518,0.0000,0.116160,"0.116159;0.116160;0.116462",33.650058,29717.63,,4.34,0,3452,10,True,nid007071,57248609
SparseHNSW_a0.7_b5_p128,"M=32 efC=200 ef=3200 alpha=0.7 beta=5 q=u8 seedT=8 seedH=8 seedS=4 pat=128",64,0.9750869061,0.9994,134.4036,0.8518,0.0000,0.121067,"0.121067;0.120524;0.121383",35.071553,28513.14,,4.34,0,3452,10,True,nid007071,57248609
SparseHNSW_a0.7_b6_p128,"M=32 efC=200 ef=10 alpha=0.7 beta=6 q=u8 seedT=8 seedH=8 seedS=4 pat=128",64,0.9493337196,0.9928,134.4036,0.8518,0.0000,0.029787,"0.030343;0.029787;0.029644",8.628911,115889.48,,4.34,0,3452,10,True,nid007071,57248609
SparseHNSW_a0.7_b6_p128,"M=32 efC=200 ef=20 alpha=0.7 beta=6 q=u8 seedT=8 seedH=8 seedS=4 pat=128",64,0.9493337196,0.9928,134.4036,0.8518,0.0000,0.029366,"0.029400;0.029366;0.029186",8.506952,117550.91,,4.34,0,3452,10,True,nid007071,57248609
SparseHNSW_a0.7_b6_p128,"M=32 efC=200 ef=50 alpha=0.7 beta=6 q=u8 seedT=8 seedH=8 seedS=4 pat=128",64,0.9493337196,0.9928,134.4036,0.8518,0.0000,0.029199,"0.029366;0.029189;0.029199",8.458575,118223.23,,4.34,0,3452,10,True,nid007071,57248609
SparseHNSW_a0.7_b6_p128,"M=32 efC=200 ef=100 alpha=0.7 beta=6 q=u8 seedT=8 seedH=8 seedS=4 pat=128",64,0.9623406721,0.9957,134.4036,0.8518,0.0000,0.045696,"0.045696;0.045687;0.046021",13.237543,75542.72,,4.34,0,3452,10,True,nid007071,57248609
SparseHNSW_a0.7_b6_p128,"M=32 efC=200 ef=200 alpha=0.7 beta=6 q=u8 seedT=8 seedH=8 seedS=4 pat=128",64,0.9730880649,0.9986,134.4036,0.8518,0.0000,0.082239,"0.082219;0.082543;0.082239",23.823581,41975.22,,4.34,0,3452,10,True,nid007071,57248609
SparseHNSW_a0.7_b6_p128,"M=32 efC=200 ef=400 alpha=0.7 beta=6 q=u8 seedT=8 seedH=8 seedS=4 pat=128",64,0.9777230591,0.9994,134.4036,0.8518,0.0000,0.111229,"0.111361;0.110873;0.111229",32.221611,31035.07,,4.34,0,3452,10,True,nid007071,57248609
SparseHNSW_a0.7_b6_p128,"M=32 efC=200 ef=800 alpha=0.7 beta=6 q=u8 seedT=8 seedH=8 seedS=4 pat=128",64,0.9783893395,0.9994,134.4036,0.8518,0.0000,0.122700,"0.122700;0.122748;0.122249",35.544612,28133.66,,4.34,0,3452,10,True,nid007071,57248609
SparseHNSW_a0.7_b6_p128,"M=32 efC=200 ef=1600 alpha=0.7 beta=6 q=u8 seedT=8 seedH=8 seedS=4 pat=128",64,0.9784183082,0.9994,134.4036,0.8518,0.0000,0.127311,"0.127311;0.126534;0.127732",36.880359,27114.70,,4.34,0,3452,10,True,nid007071,57248609
SparseHNSW_a0.7_b6_p128,"M=32 efC=200 ef=3200 alpha=0.7 beta=6 q=u8 seedT=8 seedH=8 seedS=4 pat=128",64,0.9784183082,0.9994,134.4036,0.8518,0.0000,0.131943,"0.131943;0.132180;0.131759",38.222190,26162.81,,4.34,0,3452,10,True,nid007071,57248609
SparseHNSW_a0.7_b7_p128,"M=32 efC=200 ef=10 alpha=0.7 beta=7 q=u8 seedT=8 seedH=8 seedS=4 pat=128",64,0.9550115875,0.9942,134.4036,0.8518,0.0000,0.034098,"0.034688;0.034098;0.033842",9.877752,101237.61,,4.34,0,3452,10,True,nid007071,57248609
SparseHNSW_a0.7_b7_p128,"M=32 efC=200 ef=20 alpha=0.7 beta=7 q=u8 seedT=8 seedH=8 seedS=4 pat=128",64,0.9550115875,0.9942,134.4036,0.8518,0.0000,0.033712,"0.033839;0.033712;0.033664",9.765933,102396.77,,4.34,0,3452,10,True,nid007071,57248609
SparseHNSW_a0.7_b7_p128,"M=32 efC=200 ef=50 alpha=0.7 beta=7 q=u8 seedT=8 seedH=8 seedS=4 pat=128",64,0.9550115875,0.9942,134.4036,0.8518,0.0000,0.033595,"0.033595;0.033508;0.033716",9.732039,102753.39,,4.34,0,3452,10,True,nid007071,57248609
SparseHNSW_a0.7_b7_p128,"M=32 efC=200 ef=100 alpha=0.7 beta=7 q=u8 seedT=8 seedH=8 seedS=4 pat=128",64,0.9636732329,0.9957,134.4036,0.8518,0.0000,0.046017,"0.046252;0.046017;0.045931",13.330533,75015.76,,4.34,0,3452,10,True,nid007071,57248609
SparseHNSW_a0.7_b7_p128,"M=32 efC=200 ef=200 alpha=0.7 beta=7 q=u8 seedT=8 seedH=8 seedS=4 pat=128",64,0.9744206257,0.9986,134.4036,0.8518,0.0000,0.083411,"0.083824;0.083411;0.082939",24.163094,41385.43,,4.34,0,3452,10,True,nid007071,57248609
SparseHNSW_a0.7_b7_p128,"M=32 efC=200 ef=400 alpha=0.7 beta=7 q=u8 seedT=8 seedH=8 seedS=4 pat=128",64,0.9796060255,0.9994,134.4036,0.8518,0.0000,0.117545,"0.117545;0.117647;0.117266",34.051275,29367.48,,4.34,0,3452,10,True,nid007071,57248609
SparseHNSW_a0.7_b7_p128,"M=32 efC=200 ef=800 alpha=0.7 beta=7 q=u8 seedT=8 seedH=8 seedS=4 pat=128",64,0.9807937428,0.9997,134.4036,0.8518,0.0000,0.131944,"0.131944;0.131706;0.131987",38.222480,26162.61,,4.34,0,3452,10,True,nid007071,57248609
SparseHNSW_a0.7_b7_p128,"M=32 efC=200 ef=1600 alpha=0.7 beta=7 q=u8 seedT=8 seedH=8 seedS=4 pat=128",64,0.9808227115,0.9997,134.4036,0.8518,0.0000,0.137068,"0.136881;0.137068;0.137140",39.706837,25184.58,,4.34,0,3452,10,True,nid007071,57248609
SparseHNSW_a0.7_b7_p128,"M=32 efC=200 ef=3200 alpha=0.7 beta=7 q=u8 seedT=8 seedH=8 seedS=4 pat=128",64,0.9808227115,0.9997,134.4036,0.8518,0.0000,0.142066,"0.142066;0.142199;0.141835",41.154693,24298.57,,4.34,0,3452,10,True,nid007071,57248609
SparseHNSW_a0.7_b8_p128,"M=32 efC=200 ef=10 alpha=0.7 beta=8 q=u8 seedT=8 seedH=8 seedS=4 pat=128",64,0.9595596756,0.9945,134.4036,0.8518,0.0000,0.038450,"0.038763;0.038450;0.038336",11.138470,89778.93,,4.34,0,3452,10,True,nid007071,57248609
SparseHNSW_a0.7_b8_p128,"M=32 efC=200 ef=20 alpha=0.7 beta=8 q=u8 seedT=8 seedH=8 seedS=4 pat=128",64,0.9595596756,0.9945,134.4036,0.8518,0.0000,0.038087,"0.038303;0.038087;0.038011",11.033314,90634.60,,4.34,0,3452,10,True,nid007071,57248609
SparseHNSW_a0.7_b8_p128,"M=32 efC=200 ef=50 alpha=0.7 beta=8 q=u8 seedT=8 seedH=8 seedS=4 pat=128",64,0.9595596756,0.9945,134.4036,0.8518,0.0000,0.038053,"0.038053;0.038052;0.038159",11.023465,90715.58,,4.34,0,3452,10,True,nid007071,57248609
SparseHNSW_a0.7_b8_p128,"M=32 efC=200 ef=100 alpha=0.7 beta=8 q=u8 seedT=8 seedH=8 seedS=4 pat=128",64,0.9650637312,0.9957,134.4036,0.8518,0.0000,0.046272,"0.046272;0.046226;0.046468",13.404403,74602.35,,4.34,0,3452,10,True,nid007071,57248609
SparseHNSW_a0.7_b8_p128,"M=32 efC=200 ef=200 alpha=0.7 beta=8 q=u8 seedT=8 seedH=8 seedS=4 pat=128",64,0.9758400927,0.9986,134.4036,0.8518,0.0000,0.084754,"0.084824;0.084739;0.084754",24.552144,40729.64,,4.34,0,3452,10,True,nid007071,57248609
SparseHNSW_a0.7_b8_p128,"M=32 efC=200 ef=400 alpha=0.7 beta=8 q=u8 seedT=8 seedH=8 seedS=4 pat=128",64,0.9810544612,0.9994,134.4036,0.8518,0.0000,0.123659,"0.123659;0.123007;0.123798",35.822422,27915.48,,4.34,0,3452,10,True,nid007071,57248609
SparseHNSW_a0.7_b8_p128,"M=32 efC=200 ef=800 alpha=0.7 beta=8 q=u8 seedT=8 seedH=8 seedS=4 pat=128",64,0.9830822711,1.0000,134.4036,0.8518,0.0000,0.140623,"0.140170;0.140812;0.140623",40.736674,24547.90,,4.34,0,3452,10,True,nid007071,57248609
SparseHNSW_a0.7_b8_p128,"M=32 efC=200 ef=1600 alpha=0.7 beta=8 q=u8 seedT=8 seedH=8 seedS=4 pat=128",64,0.9830822711,1.0000,134.4036,0.8518,0.0000,0.146284,"0.146284;0.146380;0.146026",42.376593,23597.93,,4.34,0,3452,10,True,nid007071,57248609
SparseHNSW_a0.7_b8_p128,"M=32 efC=200 ef=3200 alpha=0.7 beta=8 q=u8 seedT=8 seedH=8 seedS=4 pat=128",64,0.9830822711,1.0000,134.4036,0.8518,0.0000,0.150378,"0.150788;0.149508;0.150378",43.562572,22955.49,,4.34,0,3452,10,True,nid007071,57248609
SparseHNSW_a0.7_b1_p256,"M=32 efC=200 ef=10 alpha=0.7 beta=1 q=u8 seedT=8 seedH=8 seedS=4 pat=256",64,0.7646292005,0.6231,134.4036,0.8518,0.0000,0.015945,"0.016684;0.015945;0.015633",4.619061,216494.20,,4.34,0,3452,10,True,nid007071,57248609
SparseHNSW_a0.7_b1_p256,"M=32 efC=200 ef=20 alpha=0.7 beta=1 q=u8 seedT=8 seedH=8 seedS=4 pat=256",64,0.7646292005,0.6231,134.4036,0.8518,0.0000,0.015502,"0.015580;0.015502;0.015436",4.490730,222680.94,,4.34,0,3452,10,True,nid007071,57248609
SparseHNSW_a0.7_b1_p256,"M=32 efC=200 ef=50 alpha=0.7 beta=1 q=u8 seedT=8 seedH=8 seedS=4 pat=256",64,0.7772016222,0.6330,134.4036,0.8518,0.0000,0.023148,"0.023148;0.023182;0.023097",6.705678,149127.35,,4.34,0,3452,10,True,nid007071,57248609
SparseHNSW_a0.7_b1_p256,"M=32 efC=200 ef=100 alpha=0.7 beta=1 q=u8 seedT=8 seedH=8 seedS=4 pat=256",64,0.7890787949,0.6451,134.4036,0.8518,0.0000,0.043816,"0.043913;0.043816;0.043647",12.692932,78784.01,,4.34,0,3452,10,True,nid007071,57248609
SparseHNSW_a0.7_b1_p256,"M=32 efC=200 ef=200 alpha=0.7 beta=1 q=u8 seedT=8 seedH=8 seedS=4 pat=256",64,0.7951622248,0.6510,134.4036,0.8518,0.0000,0.082510,"0.082522;0.082449;0.082510",23.902086,41837.35,,4.34,0,3452,10,True,nid007071,57248609
SparseHNSW_a0.7_b1_p256,"M=32 efC=200 ef=400 alpha=0.7 beta=1 q=u8 seedT=8 seedH=8 seedS=4 pat=256",64,0.7979432213,0.6542,134.4036,0.8518,0.0000,0.115950,"0.115635;0.116065;0.115950",33.589224,29771.45,,4.34,0,3452,10,True,nid007071,57248609
SparseHNSW_a0.7_b1_p256,"M=32 efC=200 ef=800 alpha=0.7 beta=1 q=u8 seedT=8 seedH=8 seedS=4 pat=256",64,0.7985225956,0.6546,134.4036,0.8518,0.0000,0.122150,"0.121766;0.122150;0.122394",35.385284,28260.34,,4.34,0,3452,10,True,nid007071,57248609
SparseHNSW_a0.7_b1_p256,"M=32 efC=200 ef=1600 alpha=0.7 beta=1 q=u8 seedT=8 seedH=8 seedS=4 pat=256",64,0.7985225956,0.6543,134.4036,0.8518,0.0000,0.126169,"0.125967;0.126333;0.126169",36.549537,27360.13,,4.34,0,3452,10,True,nid007071,57248609
SparseHNSW_a0.7_b1_p256,"M=32 efC=200 ef=3200 alpha=0.7 beta=1 q=u8 seedT=8 seedH=8 seedS=4 pat=256",64,0.7985225956,0.6543,134.4036,0.8518,0.0000,0.131729,"0.131771;0.131729;0.131411",38.160197,26205.32,,4.34,0,3452,10,True,nid007071,57248609
SparseHNSW_a0.7_b2_p256,"M=32 efC=200 ef=10 alpha=0.7 beta=2 q=u8 seedT=8 seedH=8 seedS=4 pat=256",64,0.8855446118,0.9823,134.4036,0.8518,0.0000,0.016780,"0.017468;0.016780;0.016568",4.860950,205721.10,,4.34,0,3452,10,True,nid007071,57248609
SparseHNSW_a0.7_b2_p256,"M=32 efC=200 ef=20 alpha=0.7 beta=2 q=u8 seedT=8 seedH=8 seedS=4 pat=256",64,0.8855446118,0.9823,134.4036,0.8518,0.0000,0.016312,"0.016416;0.016312;0.016266",4.725377,211623.34,,4.34,0,3452,10,True,nid007071,57248609
SparseHNSW_a0.7_b2_p256,"M=32 efC=200 ef=50 alpha=0.7 beta=2 q=u8 seedT=8 seedH=8 seedS=4 pat=256",64,0.9029258401,0.9890,134.4036,0.8518,0.0000,0.023812,"0.024025;0.023776;0.023812",6.898030,144968.92,,4.34,0,3452,10,True,nid007071,57248609
SparseHNSW_a0.7_b2_p256,"M=32 efC=200 ef=100 alpha=0.7 beta=2 q=u8 seedT=8 seedH=8 seedS=4 pat=256",64,0.9192641947,0.9957,134.4036,0.8518,0.0000,0.044614,"0.044614;0.044589;0.044665",12.924102,77374.82,,4.34,0,3452,10,True,nid007071,57248609
SparseHNSW_a0.7_b2_p256,"M=32 efC=200 ef=200 alpha=0.7 beta=2 q=u8 seedT=8 seedH=8 seedS=4 pat=256",64,0.9282155272,0.9986,134.4036,0.8518,0.0000,0.083230,"0.083230;0.083016;0.083581",24.110660,41475.43,,4.34,0,3452,10,True,nid007071,57248609
SparseHNSW_a0.7_b2_p256,"M=32 efC=200 ef=400 alpha=0.7 beta=2 q=u8 seedT=8 seedH=8 seedS=4 pat=256",64,0.9320683662,0.9994,134.4036,0.8518,0.0000,0.124768,"0.124768;0.125007;0.124478",36.143685,27667.35,,4.34,0,3452,10,True,nid007071,57248609
SparseHNSW_a0.7_b2_p256,"M=32 efC=200 ef=800 alpha=0.7 beta=2 q=u8 seedT=8 seedH=8 seedS=4 pat=256",64,0.9331691773,0.9997,134.4036,0.8518,0.0000,0.135370,"0.135125;0.135370;0.135383",39.214948,25500.48,,4.34,0,3452,10,True,nid007071,57248609
SparseHNSW_a0.7_b2_p256,"M=32 efC=200 ef=1600 alpha=0.7 beta=2 q=u8 seedT=8 seedH=8 seedS=4 pat=256",64,0.9331981460,0.9997,134.4036,0.8518,0.0000,0.140815,"0.141000;0.140815;0.140698",40.792294,24514.43,,4.34,0,3452,10,True,nid007071,57248609
SparseHNSW_a0.7_b2_p256,"M=32 efC=200 ef=3200 alpha=0.7 beta=2 q=u8 seedT=8 seedH=8 seedS=4 pat=256",64,0.9331981460,0.9997,134.4036,0.8518,0.0000,0.146124,"0.146124;0.146301;0.145812",42.330243,23623.77,,4.34,0,3452,10,True,nid007071,57248609
SparseHNSW_a0.7_b3_p256,"M=32 efC=200 ef=10 alpha=0.7 beta=3 q=u8 seedT=8 seedH=8 seedS=4 pat=256",64,0.9078215527,0.9823,134.4036,0.8518,0.0000,0.017157,"0.017769;0.017157;0.016944",4.970162,201200.68,,4.34,0,3452,10,True,nid007071,57248609
SparseHNSW_a0.7_b3_p256,"M=32 efC=200 ef=20 alpha=0.7 beta=3 q=u8 seedT=8 seedH=8 seedS=4 pat=256",64,0.9078215527,0.9823,134.4036,0.8518,0.0000,0.016632,"0.016727;0.016632;0.016566",4.818076,207551.71,,4.34,0,3452,10,True,nid007071,57248609
SparseHNSW_a0.7_b3_p256,"M=32 efC=200 ef=50 alpha=0.7 beta=3 q=u8 seedT=8 seedH=8 seedS=4 pat=256",64,0.9273464658,0.9890,134.4036,0.8518,0.0000,0.024203,"0.024203;0.024254;0.024085",7.011298,142626.95,,4.34,0,3452,10,True,nid007071,57248609
SparseHNSW_a0.7_b3_p256,"M=32 efC=200 ef=100 alpha=0.7 beta=3 q=u8 seedT=8 seedH=8 seedS=4 pat=256",64,0.9456546929,0.9957,134.4036,0.8518,0.0000,0.045039,"0.045098;0.045039;0.044932",13.047219,76644.69,,4.34,0,3452,10,True,nid007071,57248609
SparseHNSW_a0.7_b3_p256,"M=32 efC=200 ef=200 alpha=0.7 beta=3 q=u8 seedT=8 seedH=8 seedS=4 pat=256",64,0.9552433372,0.9986,134.4036,0.8518,0.0000,0.083330,"0.083330;0.083408;0.083128",24.139629,41425.66,,4.34,0,3452,10,True,nid007071,57248609
SparseHNSW_a0.7_b3_p256,"M=32 efC=200 ef=400 alpha=0.7 beta=3 q=u8 seedT=8 seedH=8 seedS=4 pat=256",64,0.9597914253,0.9994,134.4036,0.8518,0.0000,0.132246,"0.132370;0.132246;0.132167",38.309965,26102.87,,4.34,0,3452,10,True,nid007071,57248609
SparseHNSW_a0.7_b3_p256,"M=32 efC=200 ef=800 alpha=0.7 beta=3 q=u8 seedT=8 seedH=8 seedS=4 pat=256",64,0.9612977984,0.9997,134.4036,0.8518,0.0000,0.148273,"0.148213;0.148273;0.148387",42.952781,23281.38,,4.34,0,3452,10,True,nid007071,57248609
SparseHNSW_a0.7_b3_p256,"M=32 efC=200 ef=1600 alpha=0.7 beta=3 q=u8 seedT=8 seedH=8 seedS=4 pat=256",64,0.9613847045,0.9997,134.4036,0.8518,0.0000,0.154233,"0.154233;0.154126;0.154432",44.679316,22381.72,,4.34,0,3452,10,True,nid007071,57248609
SparseHNSW_a0.7_b3_p256,"M=32 efC=200 ef=3200 alpha=0.7 beta=3 q=u8 seedT=8 seedH=8 seedS=4 pat=256",64,0.9613847045,0.9997,134.4036,0.8518,0.0000,0.159899,"0.159899;0.159666;0.159908",46.320684,21588.63,,4.34,0,3452,10,True,nid007071,57248609
SparseHNSW_a0.7_b4_p256,"M=32 efC=200 ef=10 alpha=0.7 beta=4 q=u8 seedT=8 seedH=8 seedS=4 pat=256",64,0.9274623407,0.9867,134.4036,0.8518,0.0000,0.020735,"0.021373;0.020735;0.020417",6.006663,166481.79,,4.34,0,3452,10,True,nid007071,57248609
SparseHNSW_a0.7_b4_p256,"M=32 efC=200 ef=20 alpha=0.7 beta=4 q=u8 seedT=8 seedH=8 seedS=4 pat=256",64,0.9274623407,0.9867,134.4036,0.8518,0.0000,0.020144,"0.020284;0.020122;0.020144",5.835458,171366.16,,4.34,0,3452,10,True,nid007071,57248609
SparseHNSW_a0.7_b4_p256,"M=32 efC=200 ef=50 alpha=0.7 beta=4 q=u8 seedT=8 seedH=8 seedS=4 pat=256",64,0.9356315180,0.9890,134.4036,0.8518,0.0000,0.024448,"0.024517;0.024448;0.024443",7.082271,141197.64,,4.34,0,3452,10,True,nid007071,57248609
SparseHNSW_a0.7_b4_p256,"M=32 efC=200 ef=100 alpha=0.7 beta=4 q=u8 seedT=8 seedH=8 seedS=4 pat=256",64,0.9551274623,0.9957,134.4036,0.8518,0.0000,0.045136,"0.045446;0.045136;0.044952",13.075319,76479.97,,4.34,0,3452,10,True,nid007071,57248609
SparseHNSW_a0.7_b4_p256,"M=32 efC=200 ef=200 alpha=0.7 beta=4 q=u8 seedT=8 seedH=8 seedS=4 pat=256",64,0.9651216686,0.9986,134.4036,0.8518,0.0000,0.083732,"0.083732;0.083911;0.083626",24.256083,41226.77,,4.34,0,3452,10,True,nid007071,57248609
SparseHNSW_a0.7_b4_p256,"M=32 efC=200 ef=400 alpha=0.7 beta=4 q=u8 seedT=8 seedH=8 seedS=4 pat=256",64,0.9701911935,0.9994,134.4036,0.8518,0.0000,0.137349,"0.137297;0.137699;0.137349",39.788239,25133.06,,4.34,0,3452,10,True,nid007071,57248609
SparseHNSW_a0.7_b4_p256,"M=32 efC=200 ef=800 alpha=0.7 beta=4 q=u8 seedT=8 seedH=8 seedS=4 pat=256",64,0.9722769409,1.0000,134.4036,0.8518,0.0000,0.160552,"0.160947;0.160552;0.160194",46.509849,21500.82,,4.34,0,3452,10,True,nid007071,57248609
SparseHNSW_a0.7_b4_p256,"M=32 efC=200 ef=1600 alpha=0.7 beta=4 q=u8 seedT=8 seedH=8 seedS=4 pat=256",64,0.9724507532,1.0000,134.4036,0.8518,0.0000,0.168144,"0.168144;0.168424;0.167595",48.709154,20530.02,,4.34,0,3452,10,True,nid007071,57248609
SparseHNSW_a0.7_b4_p256,"M=32 efC=200 ef=3200 alpha=0.7 beta=4 q=u8 seedT=8 seedH=8 seedS=4 pat=256",64,0.9724507532,1.0000,134.4036,0.8518,0.0000,0.173294,"0.173294;0.173177;0.173547",50.201043,19919.90,,4.34,0,3452,10,True,nid007071,57248609
SparseHNSW_a0.7_b5_p256,"M=32 efC=200 ef=10 alpha=0.7 beta=5 q=u8 seedT=8 seedH=8 seedS=4 pat=256",64,0.9396581692,0.9890,134.4036,0.8518,0.0000,0.025474,"0.025962;0.025474;0.025246",7.379490,135510.72,,4.34,0,3452,10,True,nid007071,57248609
SparseHNSW_a0.7_b5_p256,"M=32 efC=200 ef=20 alpha=0.7 beta=5 q=u8 seedT=8 seedH=8 seedS=4 pat=256",64,0.9396581692,0.9890,134.4036,0.8518,0.0000,0.024981,"0.024981;0.024989;0.024770",7.236674,138185.02,,4.34,0,3452,10,True,nid007071,57248609
SparseHNSW_a0.7_b5_p256,"M=32 efC=200 ef=50 alpha=0.7 beta=5 q=u8 seedT=8 seedH=8 seedS=4 pat=256",64,0.9396581692,0.9890,134.4036,0.8518,0.0000,0.024871,"0.024830;0.024871;0.024902",7.204809,138796.19,,4.34,0,3452,10,True,nid007071,57248609
SparseHNSW_a0.7_b5_p256,"M=32 efC=200 ef=100 alpha=0.7 beta=5 q=u8 seedT=8 seedH=8 seedS=4 pat=256",64,0.9599942063,0.9957,134.4036,0.8518,0.0000,0.045770,"0.045770;0.045867;0.045683",13.258980,75420.58,,4.34,0,3452,10,True,nid007071,57248609
SparseHNSW_a0.7_b5_p256,"M=32 efC=200 ef=200 alpha=0.7 beta=5 q=u8 seedT=8 seedH=8 seedS=4 pat=256",64,0.9702780997,0.9986,134.4036,0.8518,0.0000,0.084243,"0.084096;0.084243;0.084486",24.404114,40976.70,,4.34,0,3452,10,True,nid007071,57248609
SparseHNSW_a0.7_b5_p256,"M=32 efC=200 ef=400 alpha=0.7 beta=5 q=u8 seedT=8 seedH=8 seedS=4 pat=256",64,0.9756952491,0.9994,134.4036,0.8518,0.0000,0.142622,"0.142734;0.142278;0.142622",41.315759,24203.84,,4.34,0,3452,10,True,nid007071,57248609
SparseHNSW_a0.7_b5_p256,"M=32 efC=200 ef=800 alpha=0.7 beta=5 q=u8 seedT=8 seedH=8 seedS=4 pat=256",64,0.9783893395,1.0000,134.4036,0.8518,0.0000,0.175295,"0.174797;0.175435;0.175295",50.780707,19692.52,,4.34,0,3452,10,True,nid007071,57248609
SparseHNSW_a0.7_b5_p256,"M=32 efC=200 ef=1600 alpha=0.7 beta=5 q=u8 seedT=8 seedH=8 seedS=4 pat=256",64,0.9787369641,1.0000,134.4036,0.8518,0.0000,0.185024,"0.184475;0.185149;0.185024",53.599073,18657.04,,4.34,0,3452,10,True,nid007071,57248609
SparseHNSW_a0.7_b5_p256,"M=32 efC=200 ef=3200 alpha=0.7 beta=5 q=u8 seedT=8 seedH=8 seedS=4 pat=256",64,0.9787369641,1.0000,134.4036,0.8518,0.0000,0.190916,"0.190916;0.190227;0.190977",55.305910,18081.25,,4.34,0,3452,10,True,nid007071,57248609
SparseHNSW_a0.7_b6_p256,"M=32 efC=200 ef=10 alpha=0.7 beta=6 q=u8 seedT=8 seedH=8 seedS=4 pat=256",64,0.9493337196,0.9928,134.4036,0.8518,0.0000,0.030023,"0.030510;0.030023;0.029655",8.697277,114978.52,,4.34,0,3452,10,True,nid007071,57248609
SparseHNSW_a0.7_b6_p256,"M=32 efC=200 ef=20 alpha=0.7 beta=6 q=u8 seedT=8 seedH=8 seedS=4 pat=256",64,0.9493337196,0.9928,134.4036,0.8518,0.0000,0.029383,"0.029459;0.029383;0.029160",8.511877,117482.90,,4.34,0,3452,10,True,nid007071,57248609
SparseHNSW_a0.7_b6_p256,"M=32 efC=200 ef=50 alpha=0.7 beta=6 q=u8 seedT=8 seedH=8 seedS=4 pat=256",64,0.9493337196,0.9928,134.4036,0.8518,0.0000,0.029326,"0.029326;0.029250;0.029377",8.495365,117711.25,,4.34,0,3452,10,True,nid007071,57248609
SparseHNSW_a0.7_b6_p256,"M=32 efC=200 ef=100 alpha=0.7 beta=6 q=u8 seedT=8 seedH=8 seedS=4 pat=256",64,0.9623406721,0.9957,134.4036,0.8518,0.0000,0.045855,"0.045855;0.045757;0.047296",13.283604,75280.78,,4.34,0,3452,10,True,nid007071,57248609
SparseHNSW_a0.7_b6_p256,"M=32 efC=200 ef=200 alpha=0.7 beta=6 q=u8 seedT=8 seedH=8 seedS=4 pat=256",64,0.9730880649,0.9986,134.4036,0.8518,0.0000,0.084580,"0.084192;0.084901;0.084580",24.501738,40813.43,,4.34,0,3452,10,True,nid007071,57248609
SparseHNSW_a0.7_b6_p256,"M=32 efC=200 ef=400 alpha=0.7 beta=6 q=u8 seedT=8 seedH=8 seedS=4 pat=256",64,0.9787949015,0.9994,134.4036,0.8518,0.0000,0.146599,"0.146633;0.146537;0.146599",42.467845,23547.23,,4.34,0,3452,10,True,nid007071,57248609
SparseHNSW_a0.7_b6_p256,"M=32 efC=200 ef=800 alpha=0.7 beta=6 q=u8 seedT=8 seedH=8 seedS=4 pat=256",64,0.9815179606,1.0000,134.4036,0.8518,0.0000,0.186978,"0.186978;0.186170;0.187171",54.165122,18462.07,,4.34,0,3452,10,True,nid007071,57248609
SparseHNSW_a0.7_b6_p256,"M=32 efC=200 ef=1600 alpha=0.7 beta=6 q=u8 seedT=8 seedH=8 seedS=4 pat=256",64,0.9819814600,1.0000,134.4036,0.8518,0.0000,0.201530,"0.202318;0.201530;0.201204",58.380649,17128.96,,4.34,0,3452,10,True,nid007071,57248609
SparseHNSW_a0.7_b6_p256,"M=32 efC=200 ef=3200 alpha=0.7 beta=6 q=u8 seedT=8 seedH=8 seedS=4 pat=256",64,0.9820393975,1.0000,134.4036,0.8518,0.0000,0.207711,"0.207711;0.207714;0.206408",60.171205,16619.25,,4.34,0,3452,10,True,nid007071,57248609
SparseHNSW_a0.7_b7_p256,"M=32 efC=200 ef=10 alpha=0.7 beta=7 q=u8 seedT=8 seedH=8 seedS=4 pat=256",64,0.9550115875,0.9942,134.4036,0.8518,0.0000,0.034123,"0.034659;0.034123;0.033883",9.884994,101163.44,,4.34,0,3452,10,True,nid007071,57248609
SparseHNSW_a0.7_b7_p256,"M=32 efC=200 ef=20 alpha=0.7 beta=7 q=u8 seedT=8 seedH=8 seedS=4 pat=256",64,0.9550115875,0.9942,134.4036,0.8518,0.0000,0.033701,"0.033692;0.033701;0.033709",9.762746,102430.19,,4.34,0,3452,10,True,nid007071,57248609
SparseHNSW_a0.7_b7_p256,"M=32 efC=200 ef=50 alpha=0.7 beta=7 q=u8 seedT=8 seedH=8 seedS=4 pat=256",64,0.9550115875,0.9942,134.4036,0.8518,0.0000,0.033570,"0.033519;0.033570;0.033731",9.724797,102829.91,,4.34,0,3452,10,True,nid007071,57248609
SparseHNSW_a0.7_b7_p256,"M=32 efC=200 ef=100 alpha=0.7 beta=7 q=u8 seedT=8 seedH=8 seedS=4 pat=256",64,0.9636732329,0.9957,134.4036,0.8518,0.0000,0.046126,"0.045966;0.046202;0.046126",13.362109,74838.49,,4.34,0,3452,10,True,nid007071,57248609
SparseHNSW_a0.7_b7_p256,"M=32 efC=200 ef=200 alpha=0.7 beta=7 q=u8 seedT=8 seedH=8 seedS=4 pat=256",64,0.9744206257,0.9986,134.4036,0.8518,0.0000,0.084719,"0.084719;0.084828;0.084552",24.542005,40746.47,,4.34,0,3452,10,True,nid007071,57248609
SparseHNSW_a0.7_b7_p256,"M=32 efC=200 ef=400 alpha=0.7 beta=7 q=u8 seedT=8 seedH=8 seedS=4 pat=256",64,0.9803881808,0.9994,134.4036,0.8518,0.0000,0.148317,"0.148134;0.148317;0.148782",42.965527,23274.47,,4.34,0,3452,10,True,nid007071,57248609
SparseHNSW_a0.7_b7_p256,"M=32 efC=200 ef=800 alpha=0.7 beta=7 q=u8 seedT=8 seedH=8 seedS=4 pat=256",64,0.9836616454,1.0000,134.4036,0.8518,0.0000,0.195030,"0.194914;0.195210;0.195030",56.497683,17699.84,,4.34,0,3452,10,True,nid007071,57248609
SparseHNSW_a0.7_b7_p256,"M=32 efC=200 ef=1600 alpha=0.7 beta=7 q=u8 seedT=8 seedH=8 seedS=4 pat=256",64,0.9841541136,1.0000,134.4036,0.8518,0.0000,0.213697,"0.214214;0.213697;0.213673",61.905272,16153.71,,4.34,0,3452,10,True,nid007071,57248609
SparseHNSW_a0.7_b7_p256,"M=32 efC=200 ef=3200 alpha=0.7 beta=7 q=u8 seedT=8 seedH=8 seedS=4 pat=256",64,0.9842120510,1.0000,134.4036,0.8518,0.0000,0.221193,"0.220923;0.221781;0.221193",64.076767,15606.28,,4.34,0,3452,10,True,nid007071,57248609
SparseHNSW_a0.7_b8_p256,"M=32 efC=200 ef=10 alpha=0.7 beta=8 q=u8 seedT=8 seedH=8 seedS=4 pat=256",64,0.9595596756,0.9945,134.4036,0.8518,0.0000,0.038598,"0.038846;0.038598;0.038273",11.181344,89434.69,,4.34,0,3452,10,True,nid007071,57248609
SparseHNSW_a0.7_b8_p256,"M=32 efC=200 ef=20 alpha=0.7 beta=8 q=u8 seedT=8 seedH=8 seedS=4 pat=256",64,0.9595596756,0.9945,134.4036,0.8518,0.0000,0.038198,"0.038198;0.038451;0.038074",11.065469,90371.22,,4.34,0,3452,10,True,nid007071,57248609
SparseHNSW_a0.7_b8_p256,"M=32 efC=200 ef=50 alpha=0.7 beta=8 q=u8 seedT=8 seedH=8 seedS=4 pat=256",64,0.9595596756,0.9945,134.4036,0.8518,0.0000,0.038142,"0.038142;0.038171;0.038101",11.049247,90503.91,,4.34,0,3452,10,True,nid007071,57248609
SparseHNSW_a0.7_b8_p256,"M=32 efC=200 ef=100 alpha=0.7 beta=8 q=u8 seedT=8 seedH=8 seedS=4 pat=256",64,0.9650637312,0.9957,134.4036,0.8518,0.0000,0.046268,"0.046337;0.046268;0.046224",13.403244,74608.80,,4.34,0,3452,10,True,nid007071,57248609
SparseHNSW_a0.7_b8_p256,"M=32 efC=200 ef=200 alpha=0.7 beta=8 q=u8 seedT=8 seedH=8 seedS=4 pat=256",64,0.9758400927,0.9986,134.4036,0.8518,0.0000,0.085448,"0.085259;0.085448;0.085539",24.753187,40398.84,,4.34,0,3452,10,True,nid007071,57248609
SparseHNSW_a0.7_b8_p256,"M=32 efC=200 ef=400 alpha=0.7 beta=8 q=u8 seedT=8 seedH=8 seedS=4 pat=256",64,0.9816048667,0.9994,134.4036,0.8518,0.0000,0.150760,"0.151108;0.150760;0.150731",43.673233,22897.32,,4.34,0,3452,10,True,nid007071,57248609
SparseHNSW_a0.7_b8_p256,"M=32 efC=200 ef=800 alpha=0.7 beta=8 q=u8 seedT=8 seedH=8 seedS=4 pat=256",64,0.9851390498,1.0000,134.4036,0.8518,0.0000,0.204082,"0.204082;0.204454;0.203788",59.119930,16914.77,,4.34,0,3452,10,True,nid007071,57248609
SparseHNSW_a0.7_b8_p256,"M=32 efC=200 ef=1600 alpha=0.7 beta=8 q=u8 seedT=8 seedH=8 seedS=4 pat=256",64,0.9857473928,1.0000,134.4036,0.8518,0.0000,0.227517,"0.227794;0.227517;0.227385",65.908749,15172.49,,4.34,0,3452,10,True,nid007071,57248609
SparseHNSW_a0.7_b8_p256,"M=32 efC=200 ef=3200 alpha=0.7 beta=8 q=u8 seedT=8 seedH=8 seedS=4 pat=256",64,0.9858053302,1.0000,134.4036,0.8518,0.0000,0.234841,"0.234371;0.234890;0.234841",68.030417,14699.31,,4.34,0,3452,10,True,nid007071,57248609
SparseHNSW_a0.75_b1_p0,"M=32 efC=200 ef=10 alpha=0.75 beta=1 q=u8 seedT=8 seedH=8 seedS=4",64,0.7977404403,0.6442,149.1896,0.8428,0.0000,0.017564,"0.018454;0.017564;0.017155",5.088065,196538.37,,4.39,0,3452,10,True,nid007071,57248609
SparseHNSW_a0.75_b1_p0,"M=32 efC=200 ef=20 alpha=0.75 beta=1 q=u8 seedT=8 seedH=8 seedS=4",64,0.7977404403,0.6442,149.1896,0.8428,0.0000,0.016795,"0.016805;0.016795;0.016720",4.865295,205537.36,,4.39,0,3452,10,True,nid007071,57248609
SparseHNSW_a0.75_b1_p0,"M=32 efC=200 ef=50 alpha=0.75 beta=1 q=u8 seedT=8 seedH=8 seedS=4",64,0.8127462341,0.6586,149.1896,0.8428,0.0000,0.024599,"0.024828;0.024599;0.024513",7.126014,140330.91,,4.39,0,3452,10,True,nid007071,57248609
SparseHNSW_a0.75_b1_p0,"M=32 efC=200 ef=100 alpha=0.75 beta=1 q=u8 seedT=8 seedH=8 seedS=4",64,0.8245365006,0.6708,149.1896,0.8428,0.0000,0.047227,"0.047227;0.047479;0.047215",13.681054,73093.78,,4.39,0,3452,10,True,nid007071,57248609
SparseHNSW_a0.75_b1_p0,"M=32 efC=200 ef=200 alpha=0.75 beta=1 q=u8 seedT=8 seedH=8 seedS=4",64,0.8313441483,0.6773,149.1896,0.8428,0.0000,0.088224,"0.088224;0.088293;0.088186",25.557358,39127.68,,4.39,0,3452,10,True,nid007071,57248609
SparseHNSW_a0.75_b1_p0,"M=32 efC=200 ef=400 alpha=0.75 beta=1 q=u8 seedT=8 seedH=8 seedS=4",64,0.8348203940,0.6825,149.1896,0.8428,0.0000,0.165627,"0.165299;0.165627;0.165773",47.980012,20842.01,,4.39,0,3452,10,True,nid007071,57248609
SparseHNSW_a0.75_b1_p0,"M=32 efC=200 ef=800 alpha=0.75 beta=1 q=u8 seedT=8 seedH=8 seedS=4",64,0.8368482039,0.6851,149.1896,0.8428,0.0000,0.313285,"0.313285;0.314104;0.313076",90.754635,11018.72,,4.39,0,3452,10,True,nid007071,57248609
SparseHNSW_a0.75_b1_p0,"M=32 efC=200 ef=1600 alpha=0.75 beta=1 q=u8 seedT=8 seedH=8 seedS=4",64,0.8381228273,0.6862,149.1896,0.8428,0.0000,0.600020,"0.600020;0.599736;0.600164",173.818076,5753.14,,4.39,0,3452,10,True,nid007071,57248609
SparseHNSW_a0.75_b1_p0,"M=32 efC=200 ef=3200 alpha=0.75 beta=1 q=u8 seedT=8 seedH=8 seedS=4",64,0.8389629200,0.6870,149.1896,0.8428,0.0000,1.129784,"1.131242;1.129652;1.129784",327.283893,3055.45,,4.39,0,3452,10,True,nid007071,57248609
SparseHNSW_a0.75_b2_p0,"M=32 efC=200 ef=10 alpha=0.75 beta=2 q=u8 seedT=8 seedH=8 seedS=4",64,0.9045770568,0.9844,149.1896,0.8428,0.0000,0.018210,"0.018891;0.018210;0.017856",5.275203,189566.17,,4.39,0,3452,10,True,nid007071,57248609
SparseHNSW_a0.75_b2_p0,"M=32 efC=200 ef=20 alpha=0.75 beta=2 q=u8 seedT=8 seedH=8 seedS=4",64,0.9045770568,0.9844,149.1896,0.8428,0.0000,0.017591,"0.017604;0.017591;0.017519",5.095886,196236.71,,4.39,0,3452,10,True,nid007071,57248609
SparseHNSW_a0.75_b2_p0,"M=32 efC=200 ef=50 alpha=0.75 beta=2 q=u8 seedT=8 seedH=8 seedS=4",64,0.9247682503,0.9930,149.1896,0.8428,0.0000,0.025379,"0.025470;0.025379;0.025277",7.351970,136017.97,,4.39,0,3452,10,True,nid007071,57248609
SparseHNSW_a0.75_b2_p0,"M=32 efC=200 ef=100 alpha=0.75 beta=2 q=u8 seedT=8 seedH=8 seedS=4",64,0.9411935110,0.9974,149.1896,0.8428,0.0000,0.047921,"0.048247;0.047921;0.047670",13.882097,72035.22,,4.39,0,3452,10,True,nid007071,57248609
SparseHNSW_a0.75_b2_p0,"M=32 efC=200 ef=200 alpha=0.75 beta=2 q=u8 seedT=8 seedH=8 seedS=4",64,0.9506952491,0.9994,149.1896,0.8428,0.0000,0.089105,"0.088713;0.089105;0.089239",25.812572,38740.81,,4.39,0,3452,10,True,nid007071,57248609
SparseHNSW_a0.75_b2_p0,"M=32 efC=200 ef=400 alpha=0.75 beta=2 q=u8 seedT=8 seedH=8 seedS=4",64,0.9559096176,1.0000,149.1896,0.8428,0.0000,0.166048,"0.166048;0.165751;0.166502",48.101970,20789.17,,4.39,0,3452,10,True,nid007071,57248609
SparseHNSW_a0.75_b2_p0,"M=32 efC=200 ef=800 alpha=0.75 beta=2 q=u8 seedT=8 seedH=8 seedS=4",64,0.9591541136,1.0000,149.1896,0.8428,0.0000,0.313418,"0.313232;0.313716;0.313418",90.793163,11014.05,,4.39,0,3452,10,True,nid007071,57248609
SparseHNSW_a0.75_b2_p0,"M=32 efC=200 ef=1600 alpha=0.75 beta=2 q=u8 seedT=8 seedH=8 seedS=4",64,0.9614716107,1.0000,149.1896,0.8428,0.0000,0.600452,"0.600399;0.600672;0.600452",173.943221,5749.00,,4.39,0,3452,10,True,nid007071,57248609
SparseHNSW_a0.75_b2_p0,"M=32 efC=200 ef=3200 alpha=0.75 beta=2 q=u8 seedT=8 seedH=8 seedS=4",64,0.9630648899,1.0000,149.1896,0.8428,0.0000,1.131628,"1.131988;1.131628;1.130430",327.818076,3050.47,,4.39,0,3452,10,True,nid007071,57248609
SparseHNSW_a0.75_b3_p0,"M=32 efC=200 ef=10 alpha=0.75 beta=3 q=u8 seedT=8 seedH=8 seedS=4",64,0.9179316338,0.9844,149.1896,0.8428,0.0000,0.018585,"0.019347;0.018585;0.018273",5.383835,185741.19,,4.39,0,3452,10,True,nid007071,57248609
SparseHNSW_a0.75_b3_p0,"M=32 efC=200 ef=20 alpha=0.75 beta=3 q=u8 seedT=8 seedH=8 seedS=4",64,0.9179316338,0.9844,149.1896,0.8428,0.0000,0.018061,"0.018203;0.017961;0.018061",5.232039,191130.06,,4.39,0,3452,10,True,nid007071,57248609
SparseHNSW_a0.75_b3_p0,"M=32 efC=200 ef=50 alpha=0.75 beta=3 q=u8 seedT=8 seedH=8 seedS=4",64,0.9401216686,0.9930,149.1896,0.8428,0.0000,0.025722,"0.025889;0.025688;0.025722",7.451333,134204.18,,4.39,0,3452,10,True,nid007071,57248609
SparseHNSW_a0.75_b3_p0,"M=32 efC=200 ef=100 alpha=0.75 beta=3 q=u8 seedT=8 seedH=8 seedS=4",64,0.9581112399,0.9974,149.1896,0.8428,0.0000,0.048428,"0.048428;0.048531;0.048281",14.028969,71281.08,,4.39,0,3452,10,True,nid007071,57248609
SparseHNSW_a0.75_b3_p0,"M=32 efC=200 ef=200 alpha=0.75 beta=3 q=u8 seedT=8 seedH=8 seedS=4",64,0.9686558517,0.9994,149.1896,0.8428,0.0000,0.089054,"0.089054;0.089329;0.088893",25.797798,38763.00,,4.39,0,3452,10,True,nid007071,57248609
SparseHNSW_a0.75_b3_p0,"M=32 efC=200 ef=400 alpha=0.75 beta=3 q=u8 seedT=8 seedH=8 seedS=4",64,0.9741888760,1.0000,149.1896,0.8428,0.0000,0.166397,"0.166400;0.165941;0.166397",48.203071,20745.57,,4.39,0,3452,10,True,nid007071,57248609
SparseHNSW_a0.75_b3_p0,"M=32 efC=200 ef=800 alpha=0.75 beta=3 q=u8 seedT=8 seedH=8 seedS=4",64,0.9780127462,1.0000,149.1896,0.8428,0.0000,0.314034,"0.314034;0.314284;0.313922",90.971611,10992.44,,4.39,0,3452,10,True,nid007071,57248609
SparseHNSW_a0.75_b3_p0,"M=32 efC=200 ef=1600 alpha=0.75 beta=3 q=u8 seedT=8 seedH=8 seedS=4",64,0.9806488992,1.0000,149.1896,0.8428,0.0000,0.601067,"0.601067;0.601179;0.600657",174.121379,5743.12,,4.39,0,3452,10,True,nid007071,57248609
SparseHNSW_a0.75_b3_p0,"M=32 efC=200 ef=3200 alpha=0.75 beta=3 q=u8 seedT=8 seedH=8 seedS=4",64,0.9823870220,1.0000,149.1896,0.8428,0.0000,1.130990,"1.131669;1.130990;1.130937",327.633256,3052.19,,4.39,0,3452,10,True,nid007071,57248609
SparseHNSW_a0.75_b4_p0,"M=32 efC=200 ef=10 alpha=0.75 beta=4 q=u8 seedT=8 seedH=8 seedS=4",64,0.9330243337,0.9890,149.1896,0.8428,0.0000,0.022284,"0.022940;0.022284;0.021821",6.455388,154909.35,,4.39,0,3452,10,True,nid007071,57248609
SparseHNSW_a0.75_b4_p0,"M=32 efC=200 ef=20 alpha=0.75 beta=4 q=u8 seedT=8 seedH=8 seedS=4",64,0.9330243337,0.9890,149.1896,0.8428,0.0000,0.021502,"0.021607;0.021502;0.021472",6.228853,160543.21,,4.39,0,3452,10,True,nid007071,57248609
SparseHNSW_a0.75_b4_p0,"M=32 efC=200 ef=50 alpha=0.75 beta=4 q=u8 seedT=8 seedH=8 seedS=4",64,0.9442352260,0.9930,149.1896,0.8428,0.0000,0.026080,"0.026118;0.026080;0.025913",7.555041,132361.96,,4.39,0,3452,10,True,nid007071,57248609
SparseHNSW_a0.75_b4_p0,"M=32 efC=200 ef=100 alpha=0.75 beta=4 q=u8 seedT=8 seedH=8 seedS=4",64,0.9627752028,0.9974,149.1896,0.8428,0.0000,0.048736,"0.048782;0.048736;0.048684",14.118192,70830.60,,4.39,0,3452,10,True,nid007071,57248609
SparseHNSW_a0.75_b4_p0,"M=32 efC=200 ef=200 alpha=0.75 beta=4 q=u8 seedT=8 seedH=8 seedS=4",64,0.9736674392,0.9994,149.1896,0.8428,0.0000,0.090200,"0.089273;0.090200;0.090454",26.129780,38270.51,,4.39,0,3452,10,True,nid007071,57248609
SparseHNSW_a0.75_b4_p0,"M=32 efC=200 ef=400 alpha=0.75 beta=4 q=u8 seedT=8 seedH=8 seedS=4",64,0.9796639629,1.0000,149.1896,0.8428,0.0000,0.166328,"0.166328;0.166038;0.166574",48.183082,20754.17,,4.39,0,3452,10,True,nid007071,57248609
SparseHNSW_a0.75_b4_p0,"M=32 efC=200 ef=800 alpha=0.75 beta=4 q=u8 seedT=8 seedH=8 seedS=4",64,0.9837485516,1.0000,149.1896,0.8428,0.0000,0.314191,"0.314191;0.313843;0.314627",91.017092,10986.95,,4.39,0,3452,10,True,nid007071,57248609
SparseHNSW_a0.75_b4_p0,"M=32 efC=200 ef=1600 alpha=0.75 beta=4 q=u8 seedT=8 seedH=8 seedS=4",64,0.9865005794,1.0000,149.1896,0.8428,0.0000,0.600920,"0.600692;0.601501;0.600920",174.078795,5744.53,,4.39,0,3452,10,True,nid007071,57248609
SparseHNSW_a0.75_b4_p0,"M=32 efC=200 ef=3200 alpha=0.75 beta=4 q=u8 seedT=8 seedH=8 seedS=4",64,0.9884125145,1.0000,149.1896,0.8428,0.0000,1.130936,"1.131310;1.130911;1.130936",327.617613,3052.34,,4.39,0,3452,10,True,nid007071,57248609
SparseHNSW_a0.75_b5_p0,"M=32 efC=200 ef=10 alpha=0.75 beta=5 q=u8 seedT=8 seedH=8 seedS=4",64,0.9462340672,0.9930,149.1896,0.8428,0.0000,0.027117,"0.027792;0.027117;0.026705",7.855446,127300.22,,4.39,0,3452,10,True,nid007071,57248609
SparseHNSW_a0.75_b5_p0,"M=32 efC=200 ef=20 alpha=0.75 beta=5 q=u8 seedT=8 seedH=8 seedS=4",64,0.9462340672,0.9930,149.1896,0.8428,0.0000,0.026483,"0.026525;0.026354;0.026483",7.671784,130347.77,,4.39,0,3452,10,True,nid007071,57248609
SparseHNSW_a0.75_b5_p0,"M=32 efC=200 ef=50 alpha=0.75 beta=5 q=u8 seedT=8 seedH=8 seedS=4",64,0.9462340672,0.9930,149.1896,0.8428,0.0000,0.026259,"0.026297;0.026205;0.026259",7.606895,131459.69,,4.39,0,3452,10,True,nid007071,57248609
SparseHNSW_a0.75_b5_p0,"M=32 efC=200 ef=100 alpha=0.75 beta=5 q=u8 seedT=8 seedH=8 seedS=4",64,0.9647450753,0.9974,149.1896,0.8428,0.0000,0.048756,"0.048644;0.048756;0.048840",14.123986,70801.54,,4.39,0,3452,10,True,nid007071,57248609
SparseHNSW_a0.75_b5_p0,"M=32 efC=200 ef=200 alpha=0.75 beta=5 q=u8 seedT=8 seedH=8 seedS=4",64,0.9757531866,0.9994,149.1896,0.8428,0.0000,0.089751,"0.089751;0.089819;0.089634",25.999710,38461.97,,4.39,0,3452,10,True,nid007071,57248609
SparseHNSW_a0.75_b5_p0,"M=32 efC=200 ef=400 alpha=0.75 beta=5 q=u8 seedT=8 seedH=8 seedS=4",64,0.9818366165,1.0000,149.1896,0.8428,0.0000,0.166388,"0.166216;0.166388;0.167059",48.200463,20746.69,,4.39,0,3452,10,True,nid007071,57248609
SparseHNSW_a0.75_b5_p0,"M=32 efC=200 ef=800 alpha=0.75 beta=5 q=u8 seedT=8 seedH=8 seedS=4",64,0.9859501738,1.0000,149.1896,0.8428,0.0000,0.314742,"0.314742;0.314551;0.314838",91.176709,10967.71,,4.39,0,3452,10,True,nid007071,57248609
SparseHNSW_a0.75_b5_p0,"M=32 efC=200 ef=1600 alpha=0.75 beta=5 q=u8 seedT=8 seedH=8 seedS=4",64,0.9888180765,1.0000,149.1896,0.8428,0.0000,0.600588,"0.601095;0.600588;0.600279",173.982619,5747.70,,4.39,0,3452,10,True,nid007071,57248609
SparseHNSW_a0.75_b5_p0,"M=32 efC=200 ef=3200 alpha=0.75 beta=5 q=u8 seedT=8 seedH=8 seedS=4",64,0.9907879490,1.0000,149.1896,0.8428,0.0000,1.132186,"1.132186;1.132999;1.131756",327.979722,3048.97,,4.39,0,3452,10,True,nid007071,57248609
SparseHNSW_a0.75_b6_p0,"M=32 efC=200 ef=10 alpha=0.75 beta=6 q=u8 seedT=8 seedH=8 seedS=4",64,0.9532155272,0.9936,149.1896,0.8428,0.0000,0.031683,"0.032632;0.031683;0.031519",9.178158,108954.33,,4.39,0,3452,10,True,nid007071,57248609
SparseHNSW_a0.75_b6_p0,"M=32 efC=200 ef=20 alpha=0.75 beta=6 q=u8 seedT=8 seedH=8 seedS=4",64,0.9532155272,0.9936,149.1896,0.8428,0.0000,0.031290,"0.031420;0.031290;0.031167",9.064311,110322.79,,4.39,0,3452,10,True,nid007071,57248609
SparseHNSW_a0.75_b6_p0,"M=32 efC=200 ef=50 alpha=0.75 beta=6 q=u8 seedT=8 seedH=8 seedS=4",64,0.9532155272,0.9936,149.1896,0.8428,0.0000,0.031055,"0.031055;0.031093;0.030943",8.996234,111157.62,,4.39,0,3452,10,True,nid007071,57248609
SparseHNSW_a0.75_b6_p0,"M=32 efC=200 ef=100 alpha=0.75 beta=6 q=u8 seedT=8 seedH=8 seedS=4",64,0.9659038239,0.9974,149.1896,0.8428,0.0000,0.049159,"0.049035;0.049159;0.049253",14.240730,70221.12,,4.39,0,3452,10,True,nid007071,57248609
SparseHNSW_a0.75_b6_p0,"M=32 efC=200 ef=200 alpha=0.75 beta=6 q=u8 seedT=8 seedH=8 seedS=4",64,0.9771726535,0.9994,149.1896,0.8428,0.0000,0.089874,"0.089891;0.089673;0.089874",26.035342,38409.33,,4.39,0,3452,10,True,nid007071,57248609
SparseHNSW_a0.75_b6_p0,"M=32 efC=200 ef=400 alpha=0.75 beta=6 q=u8 seedT=8 seedH=8 seedS=4",64,0.9831691773,1.0000,149.1896,0.8428,0.0000,0.166960,"0.166756;0.166960;0.166972",48.366165,20675.61,,4.39,0,3452,10,True,nid007071,57248609
SparseHNSW_a0.75_b6_p0,"M=32 efC=200 ef=800 alpha=0.75 beta=6 q=u8 seedT=8 seedH=8 seedS=4",64,0.9872827346,1.0000,149.1896,0.8428,0.0000,0.314573,"0.314573;0.314469;0.314793",91.127752,10973.61,,4.39,0,3452,10,True,nid007071,57248609
SparseHNSW_a0.75_b6_p0,"M=32 efC=200 ef=1600 alpha=0.75 beta=6 q=u8 seedT=8 seedH=8 seedS=4",64,0.9901506373,1.0000,149.1896,0.8428,0.0000,0.601819,"0.601462;0.601819;0.602857",174.339224,5735.94,,4.39,0,3452,10,True,nid007071,57248609
SparseHNSW_a0.75_b6_p0,"M=32 efC=200 ef=3200 alpha=0.75 beta=6 q=u8 seedT=8 seedH=8 seedS=4",64,0.9921494786,1.0000,149.1896,0.8428,0.0000,1.132143,"1.132622;1.131711;1.132143",327.967265,3049.08,,4.39,0,3452,10,True,nid007071,57248609
SparseHNSW_a0.75_b7_p0,"M=32 efC=200 ef=10 alpha=0.75 beta=7 q=u8 seedT=8 seedH=8 seedS=4",64,0.9572711472,0.9945,149.1896,0.8428,0.0000,0.036576,"0.036955;0.036576;0.036437",10.595597,94378.83,,4.39,0,3452,10,True,nid007071,57248609
SparseHNSW_a0.75_b7_p0,"M=32 efC=200 ef=20 alpha=0.75 beta=7 q=u8 seedT=8 seedH=8 seedS=4",64,0.9572711472,0.9945,149.1896,0.8428,0.0000,0.036289,"0.036435;0.036289;0.036135",10.512457,95125.24,,4.39,0,3452,10,True,nid007071,57248609
SparseHNSW_a0.75_b7_p0,"M=32 efC=200 ef=50 alpha=0.75 beta=7 q=u8 seedT=8 seedH=8 seedS=4",64,0.9572711472,0.9945,149.1896,0.8428,0.0000,0.035926,"0.035909;0.035926;0.035946",10.407300,96086.40,,4.39,0,3452,10,True,nid007071,57248609
SparseHNSW_a0.75_b7_p0,"M=32 efC=200 ef=100 alpha=0.75 beta=7 q=u8 seedT=8 seedH=8 seedS=4",64,0.9664831981,0.9974,149.1896,0.8428,0.0000,0.049383,"0.049198;0.049383;0.049465",14.305620,69902.60,,4.39,0,3452,10,True,nid007071,57248609
SparseHNSW_a0.75_b7_p0,"M=32 efC=200 ef=200 alpha=0.75 beta=7 q=u8 seedT=8 seedH=8 seedS=4",64,0.9777809965,0.9994,149.1896,0.8428,0.0000,0.090069,"0.090191;0.089739;0.090069",26.091831,38326.17,,4.39,0,3452,10,True,nid007071,57248609
SparseHNSW_a0.75_b7_p0,"M=32 efC=200 ef=400 alpha=0.75 beta=7 q=u8 seedT=8 seedH=8 seedS=4",64,0.9838933951,1.0000,149.1896,0.8428,0.0000,0.167245,"0.167245;0.166644;0.167422",48.448725,20640.38,,4.39,0,3452,10,True,nid007071,57248609
SparseHNSW_a0.75_b7_p0,"M=32 efC=200 ef=800 alpha=0.75 beta=7 q=u8 seedT=8 seedH=8 seedS=4",64,0.9880648899,1.0000,149.1896,0.8428,0.0000,0.315542,"0.315602;0.315400;0.315542",91.408459,10939.91,,4.39,0,3452,10,True,nid007071,57248609
SparseHNSW_a0.75_b7_p0,"M=32 efC=200 ef=1600 alpha=0.75 beta=7 q=u8 seedT=8 seedH=8 seedS=4",64,0.9909038239,1.0000,149.1896,0.8428,0.0000,0.601868,"0.601520;0.602633;0.601868",174.353418,5735.48,,4.39,0,3452,10,True,nid007071,57248609
SparseHNSW_a0.75_b7_p0,"M=32 efC=200 ef=3200 alpha=0.75 beta=7 q=u8 seedT=8 seedH=8 seedS=4",64,0.9929606025,1.0000,149.1896,0.8428,0.0000,1.131880,"1.131525;1.133828;1.131880",327.891078,3049.79,,4.39,0,3452,10,True,nid007071,57248609
SparseHNSW_a0.75_b8_p0,"M=32 efC=200 ef=10 alpha=0.75 beta=8 q=u8 seedT=8 seedH=8 seedS=4",64,0.9614426419,0.9959,149.1896,0.8428,0.0000,0.041322,"0.041322;0.041324;0.040971",11.970452,83539.03,,4.39,0,3452,10,True,nid007071,57248609
SparseHNSW_a0.75_b8_p0,"M=32 efC=200 ef=20 alpha=0.75 beta=8 q=u8 seedT=8 seedH=8 seedS=4",64,0.9614426419,0.9959,149.1896,0.8428,0.0000,0.040836,"0.040851;0.040836;0.040806",11.829664,84533.25,,4.39,0,3452,10,True,nid007071,57248609
SparseHNSW_a0.75_b8_p0,"M=32 efC=200 ef=50 alpha=0.75 beta=8 q=u8 seedT=8 seedH=8 seedS=4",64,0.9614426419,0.9959,149.1896,0.8428,0.0000,0.040808,"0.040808;0.040824;0.040759",11.821553,84591.26,,4.39,0,3452,10,True,nid007071,57248609
SparseHNSW_a0.75_b8_p0,"M=32 efC=200 ef=100 alpha=0.75 beta=8 q=u8 seedT=8 seedH=8 seedS=4",64,0.9668597914,0.9974,149.1896,0.8428,0.0000,0.049688,"0.049532;0.049728;0.049688",14.393975,69473.51,,4.39,0,3452,10,True,nid007071,57248609
SparseHNSW_a0.75_b8_p0,"M=32 efC=200 ef=200 alpha=0.75 beta=8 q=u8 seedT=8 seedH=8 seedS=4",64,0.9781865585,0.9994,149.1896,0.8428,0.0000,0.090596,"0.090596;0.090635;0.090108",26.244496,38103.23,,4.39,0,3452,10,True,nid007071,57248609
SparseHNSW_a0.75_b8_p0,"M=32 efC=200 ef=400 alpha=0.75 beta=8 q=u8 seedT=8 seedH=8 seedS=4",64,0.9843858633,1.0000,149.1896,0.8428,0.0000,0.166929,"0.166754;0.166929;0.167042",48.357184,20679.45,,4.39,0,3452,10,True,nid007071,57248609
SparseHNSW_a0.75_b8_p0,"M=32 efC=200 ef=800 alpha=0.75 beta=8 q=u8 seedT=8 seedH=8 seedS=4",64,0.9885573581,1.0000,149.1896,0.8428,0.0000,0.315677,"0.315931;0.315421;0.315677",91.447567,10935.23,,4.39,0,3452,10,True,nid007071,57248609
SparseHNSW_a0.75_b8_p0,"M=32 efC=200 ef=1600 alpha=0.75 beta=8 q=u8 seedT=8 seedH=8 seedS=4",64,0.9913962920,1.0000,149.1896,0.8428,0.0000,0.602303,"0.604217;0.602303;0.602030",174.479432,5731.33,,4.39,0,3452,10,True,nid007071,57248609
SparseHNSW_a0.75_b8_p0,"M=32 efC=200 ef=3200 alpha=0.75 beta=8 q=u8 seedT=8 seedH=8 seedS=4",64,0.9934530707,1.0000,149.1896,0.8428,0.0000,1.133570,"1.134089;1.131393;1.133570",328.380649,3045.25,,4.39,0,3452,10,True,nid007071,57248609
SparseHNSW_a0.75_b1_p64,"M=32 efC=200 ef=10 alpha=0.75 beta=1 q=u8 seedT=8 seedH=8 seedS=4 pat=64",64,0.7977404403,0.6442,149.1896,0.8428,0.0000,0.017255,"0.018157;0.017255;0.016935",4.998552,200057.95,,4.39,0,3452,10,True,nid007071,57248609
SparseHNSW_a0.75_b1_p64,"M=32 efC=200 ef=20 alpha=0.75 beta=1 q=u8 seedT=8 seedH=8 seedS=4 pat=64",64,0.7977404403,0.6442,149.1896,0.8428,0.0000,0.016772,"0.016869;0.016712;0.016772",4.858633,205819.22,,4.39,0,3452,10,True,nid007071,57248609
SparseHNSW_a0.75_b1_p64,"M=32 efC=200 ef=50 alpha=0.75 beta=1 q=u8 seedT=8 seedH=8 seedS=4 pat=64",64,0.8127462341,0.6586,149.1896,0.8428,0.0000,0.024563,"0.024836;0.024563;0.024542",7.115585,140536.58,,4.39,0,3452,10,True,nid007071,57248609
SparseHNSW_a0.75_b1_p64,"M=32 efC=200 ef=100 alpha=0.75 beta=1 q=u8 seedT=8 seedH=8 seedS=4 pat=64",64,0.8232329085,0.6693,149.1896,0.8428,0.0000,0.039364,"0.039364;0.039510;0.039324",11.403244,87694.34,,4.39,0,3452,10,True,nid007071,57248609
SparseHNSW_a0.75_b1_p64,"M=32 efC=200 ef=200 alpha=0.75 beta=1 q=u8 seedT=8 seedH=8 seedS=4 pat=64",64,0.8258980301,0.6712,149.1896,0.8428,0.0000,0.043143,"0.043031;0.043166;0.043143",12.497972,80012.98,,4.39,0,3452,10,True,nid007071,57248609
SparseHNSW_a0.75_b1_p64,"M=32 efC=200 ef=400 alpha=0.75 beta=1 q=u8 seedT=8 seedH=8 seedS=4 pat=64",64,0.8259269988,0.6713,149.1896,0.8428,0.0000,0.044471,"0.044471;0.044707;0.044358",12.882677,77623.62,,4.39,0,3452,10,True,nid007071,57248609
SparseHNSW_a0.75_b1_p64,"M=32 efC=200 ef=800 alpha=0.75 beta=1 q=u8 seedT=8 seedH=8 seedS=4 pat=64",64,0.8259269988,0.6713,149.1896,0.8428,0.0000,0.046223,"0.046355;0.046223;0.046091",13.390209,74681.44,,4.39,0,3452,10,True,nid007071,57248609
SparseHNSW_a0.75_b1_p64,"M=32 efC=200 ef=1600 alpha=0.75 beta=1 q=u8 seedT=8 seedH=8 seedS=4 pat=64",64,0.8259269988,0.6713,149.1896,0.8428,0.0000,0.049060,"0.049060;0.049022;0.049149",14.212051,70362.82,,4.39,0,3452,10,True,nid007071,57248609
SparseHNSW_a0.75_b1_p64,"M=32 efC=200 ef=3200 alpha=0.75 beta=1 q=u8 seedT=8 seedH=8 seedS=4 pat=64",64,0.8259269988,0.6713,149.1896,0.8428,0.0000,0.051894,"0.051959;0.051831;0.051894",15.033024,66520.21,,4.39,0,3452,10,True,nid007071,57248609
SparseHNSW_a0.75_b2_p64,"M=32 efC=200 ef=10 alpha=0.75 beta=2 q=u8 seedT=8 seedH=8 seedS=4 pat=64",64,0.9045770568,0.9844,149.1896,0.8428,0.0000,0.018034,"0.018424;0.018034;0.017777",5.224218,191416.21,,4.39,0,3452,10,True,nid007071,57248609
SparseHNSW_a0.75_b2_p64,"M=32 efC=200 ef=20 alpha=0.75 beta=2 q=u8 seedT=8 seedH=8 seedS=4 pat=64",64,0.9045770568,0.9844,149.1896,0.8428,0.0000,0.017635,"0.017635;0.017652;0.017511",5.108633,195747.09,,4.39,0,3452,10,True,nid007071,57248609
SparseHNSW_a0.75_b2_p64,"M=32 efC=200 ef=50 alpha=0.75 beta=2 q=u8 seedT=8 seedH=8 seedS=4 pat=64",64,0.9247682503,0.9930,149.1896,0.8428,0.0000,0.025432,"0.025620;0.025432;0.025286",7.367323,135734.51,,4.39,0,3452,10,True,nid007071,57248609
SparseHNSW_a0.75_b2_p64,"M=32 efC=200 ef=100 alpha=0.75 beta=2 q=u8 seedT=8 seedH=8 seedS=4 pat=64",64,0.9406431054,0.9971,149.1896,0.8428,0.0000,0.043574,"0.043574;0.043688;0.043568",12.622827,79221.55,,4.39,0,3452,10,True,nid007071,57248609
SparseHNSW_a0.75_b2_p64,"M=32 efC=200 ef=200 alpha=0.75 beta=2 q=u8 seedT=8 seedH=8 seedS=4 pat=64",64,0.9469003476,0.9986,149.1896,0.8428,0.0000,0.051097,"0.051063;0.051145;0.051097",14.802144,67557.78,,4.39,0,3452,10,True,nid007071,57248609
SparseHNSW_a0.75_b2_p64,"M=32 efC=200 ef=400 alpha=0.75 beta=2 q=u8 seedT=8 seedH=8 seedS=4 pat=64",64,0.9474797219,0.9988,149.1896,0.8428,0.0000,0.053331,"0.053331;0.053447;0.053176",15.449305,64727.83,,4.39,0,3452,10,True,nid007071,57248609
SparseHNSW_a0.75_b2_p64,"M=32 efC=200 ef=800 alpha=0.75 beta=2 q=u8 seedT=8 seedH=8 seedS=4 pat=64",64,0.9474797219,0.9988,149.1896,0.8428,0.0000,0.055624,"0.055624;0.055658;0.055315",16.113557,62059.54,,4.39,0,3452,10,True,nid007071,57248609
SparseHNSW_a0.75_b2_p64,"M=32 efC=200 ef=1600 alpha=0.75 beta=2 q=u8 seedT=8 seedH=8 seedS=4 pat=64",64,0.9474797219,0.9988,149.1896,0.8428,0.0000,0.058434,"0.058434;0.058818;0.058422",16.927578,59075.20,,4.39,0,3452,10,True,nid007071,57248609
SparseHNSW_a0.75_b2_p64,"M=32 efC=200 ef=3200 alpha=0.75 beta=2 q=u8 seedT=8 seedH=8 seedS=4 pat=64",64,0.9474797219,0.9988,149.1896,0.8428,0.0000,0.061734,"0.061734;0.061481;0.061963",17.883546,55917.32,,4.39,0,3452,10,True,nid007071,57248609
SparseHNSW_a0.75_b3_p64,"M=32 efC=200 ef=10 alpha=0.75 beta=3 q=u8 seedT=8 seedH=8 seedS=4 pat=64",64,0.9179316338,0.9844,149.1896,0.8428,0.0000,0.018307,"0.018800;0.018307;0.018175",5.303302,188561.75,,4.39,0,3452,10,True,nid007071,57248609
SparseHNSW_a0.75_b3_p64,"M=32 efC=200 ef=20 alpha=0.75 beta=3 q=u8 seedT=8 seedH=8 seedS=4 pat=64",64,0.9179316338,0.9844,149.1896,0.8428,0.0000,0.018012,"0.018012;0.018018;0.017829",5.217845,191650.01,,4.39,0,3452,10,True,nid007071,57248609
SparseHNSW_a0.75_b3_p64,"M=32 efC=200 ef=50 alpha=0.75 beta=3 q=u8 seedT=8 seedH=8 seedS=4 pat=64",64,0.9401216686,0.9930,149.1896,0.8428,0.0000,0.025622,"0.025699;0.025603;0.025622",7.422364,134727.97,,4.39,0,3452,10,True,nid007071,57248609
SparseHNSW_a0.75_b3_p64,"M=32 efC=200 ef=100 alpha=0.75 beta=3 q=u8 seedT=8 seedH=8 seedS=4 pat=64",64,0.9580243337,0.9974,149.1896,0.8428,0.0000,0.046288,"0.046268;0.046389;0.046288",13.409038,74576.56,,4.39,0,3452,10,True,nid007071,57248609
SparseHNSW_a0.75_b3_p64,"M=32 efC=200 ef=200 alpha=0.75 beta=3 q=u8 seedT=8 seedH=8 seedS=4 pat=64",64,0.9666280417,0.9994,149.1896,0.8428,0.0000,0.058339,"0.058140;0.058649;0.058339",16.900058,59171.39,,4.39,0,3452,10,True,nid007071,57248609
SparseHNSW_a0.75_b3_p64,"M=32 efC=200 ef=400 alpha=0.75 beta=3 q=u8 seedT=8 seedH=8 seedS=4 pat=64",64,0.9675550406,0.9997,149.1896,0.8428,0.0000,0.061587,"0.061587;0.061779;0.061496",17.840962,56050.79,,4.39,0,3452,10,True,nid007071,57248609
SparseHNSW_a0.75_b3_p64,"M=32 efC=200 ef=800 alpha=0.75 beta=3 q=u8 seedT=8 seedH=8 seedS=4 pat=64",64,0.9675550406,0.9997,149.1896,0.8428,0.0000,0.064050,"0.064273;0.064050;0.063933",18.554461,53895.39,,4.39,0,3452,10,True,nid007071,57248609
SparseHNSW_a0.75_b3_p64,"M=32 efC=200 ef=1600 alpha=0.75 beta=3 q=u8 seedT=8 seedH=8 seedS=4 pat=64",64,0.9675550406,0.9997,149.1896,0.8428,0.0000,0.067384,"0.067384;0.067203;0.067536",19.520278,51228.78,,4.39,0,3452,10,True,nid007071,57248609
SparseHNSW_a0.75_b3_p64,"M=32 efC=200 ef=3200 alpha=0.75 beta=3 q=u8 seedT=8 seedH=8 seedS=4 pat=64",64,0.9675550406,0.9997,149.1896,0.8428,0.0000,0.071118,"0.071008;0.071118;0.071339",20.601970,48539.05,,4.39,0,3452,10,True,nid007071,57248609
SparseHNSW_a0.75_b4_p64,"M=32 efC=200 ef=10 alpha=0.75 beta=4 q=u8 seedT=8 seedH=8 seedS=4 pat=64",64,0.9330243337,0.9890,149.1896,0.8428,0.0000,0.021951,"0.022401;0.021951;0.021762",6.358922,157259.35,,4.39,0,3452,10,True,nid007071,57248609
SparseHNSW_a0.75_b4_p64,"M=32 efC=200 ef=20 alpha=0.75 beta=4 q=u8 seedT=8 seedH=8 seedS=4 pat=64",64,0.9330243337,0.9890,149.1896,0.8428,0.0000,0.021505,"0.021547;0.021505;0.021438",6.229722,160520.81,,4.39,0,3452,10,True,nid007071,57248609
SparseHNSW_a0.75_b4_p64,"M=32 efC=200 ef=50 alpha=0.75 beta=4 q=u8 seedT=8 seedH=8 seedS=4 pat=64",64,0.9442352260,0.9930,149.1896,0.8428,0.0000,0.025909,"0.026038;0.025909;0.025832",7.505504,133235.56,,4.39,0,3452,10,True,nid007071,57248609
SparseHNSW_a0.75_b4_p64,"M=32 efC=200 ef=100 alpha=0.75 beta=4 q=u8 seedT=8 seedH=8 seedS=4 pat=64",64,0.9627172654,0.9974,149.1896,0.8428,0.0000,0.047870,"0.047968;0.047870;0.047786",13.867323,72111.97,,4.39,0,3452,10,True,nid007071,57248609
SparseHNSW_a0.75_b4_p64,"M=32 efC=200 ef=200 alpha=0.75 beta=4 q=u8 seedT=8 seedH=8 seedS=4 pat=64",64,0.9720451912,0.9994,149.1896,0.8428,0.0000,0.064470,"0.064642;0.064324;0.064470",18.676130,53544.28,,4.39,0,3452,10,True,nid007071,57248609
SparseHNSW_a0.75_b4_p64,"M=32 efC=200 ef=400 alpha=0.75 beta=4 q=u8 seedT=8 seedH=8 seedS=4 pat=64",64,0.9735225956,0.9997,149.1896,0.8428,0.0000,0.069194,"0.068990;0.069387;0.069194",20.044612,49888.72,,4.39,0,3452,10,True,nid007071,57248609
SparseHNSW_a0.75_b4_p64,"M=32 efC=200 ef=800 alpha=0.75 beta=4 q=u8 seedT=8 seedH=8 seedS=4 pat=64",64,0.9735225956,0.9997,149.1896,0.8428,0.0000,0.072014,"0.071871;0.072048;0.072014",20.861530,47935.12,,4.39,0,3452,10,True,nid007071,57248609
SparseHNSW_a0.75_b4_p64,"M=32 efC=200 ef=1600 alpha=0.75 beta=4 q=u8 seedT=8 seedH=8 seedS=4 pat=64",64,0.9735225956,0.9997,149.1896,0.8428,0.0000,0.075005,"0.074741;0.075005;0.075122",21.727984,46023.60,,4.39,0,3452,10,True,nid007071,57248609
SparseHNSW_a0.75_b4_p64,"M=32 efC=200 ef=3200 alpha=0.75 beta=4 q=u8 seedT=8 seedH=8 seedS=4 pat=64",64,0.9735225956,0.9997,149.1896,0.8428,0.0000,0.078818,"0.078537;0.078980;0.078818",22.832561,43797.10,,4.39,0,3452,10,True,nid007071,57248609
SparseHNSW_a0.75_b5_p64,"M=32 efC=200 ef=10 alpha=0.75 beta=5 q=u8 seedT=8 seedH=8 seedS=4 pat=64",64,0.9462340672,0.9930,149.1896,0.8428,0.0000,0.026851,"0.027486;0.026851;0.026555",7.778389,128561.32,,4.39,0,3452,10,True,nid007071,57248609
SparseHNSW_a0.75_b5_p64,"M=32 efC=200 ef=20 alpha=0.75 beta=5 q=u8 seedT=8 seedH=8 seedS=4 pat=64",64,0.9462340672,0.9930,149.1896,0.8428,0.0000,0.026304,"0.026304;0.026322;0.026131",7.619930,131234.79,,4.39,0,3452,10,True,nid007071,57248609
SparseHNSW_a0.75_b5_p64,"M=32 efC=200 ef=50 alpha=0.75 beta=5 q=u8 seedT=8 seedH=8 seedS=4 pat=64",64,0.9462340672,0.9930,149.1896,0.8428,0.0000,0.026094,"0.026013;0.026094;0.026264",7.559096,132290.95,,4.39,0,3452,10,True,nid007071,57248609
SparseHNSW_a0.75_b5_p64,"M=32 efC=200 ef=100 alpha=0.75 beta=5 q=u8 seedT=8 seedH=8 seedS=4 pat=64",64,0.9647161066,0.9974,149.1896,0.8428,0.0000,0.048419,"0.048419;0.048403;0.048576",14.026362,71294.33,,4.39,0,3452,10,True,nid007071,57248609
SparseHNSW_a0.75_b5_p64,"M=32 efC=200 ef=200 alpha=0.75 beta=5 q=u8 seedT=8 seedH=8 seedS=4 pat=64",64,0.9745365006,0.9994,149.1896,0.8428,0.0000,0.070053,"0.069851;0.070053;0.070150",20.293453,49276.98,,4.39,0,3452,10,True,nid007071,57248609
SparseHNSW_a0.75_b5_p64,"M=32 efC=200 ef=400 alpha=0.75 beta=5 q=u8 seedT=8 seedH=8 seedS=4 pat=64",64,0.9764774044,0.9997,149.1896,0.8428,0.0000,0.076727,"0.076727;0.076325;0.076808",22.226825,44990.68,,4.39,0,3452,10,True,nid007071,57248609
SparseHNSW_a0.75_b5_p64,"M=32 efC=200 ef=800 alpha=0.75 beta=5 q=u8 seedT=8 seedH=8 seedS=4 pat=64",64,0.9765063731,0.9997,149.1896,0.8428,0.0000,0.079839,"0.079853;0.079839;0.079468",23.128331,43237.01,,4.39,0,3452,10,True,nid007071,57248609
SparseHNSW_a0.75_b5_p64,"M=32 efC=200 ef=1600 alpha=0.75 beta=5 q=u8 seedT=8 seedH=8 seedS=4 pat=64",64,0.9765063731,0.9997,149.1896,0.8428,0.0000,0.082854,"0.082786;0.082854;0.083065",24.001738,41663.65,,4.39,0,3452,10,True,nid007071,57248609
SparseHNSW_a0.75_b5_p64,"M=32 efC=200 ef=3200 alpha=0.75 beta=5 q=u8 seedT=8 seedH=8 seedS=4 pat=64",64,0.9765063731,0.9997,149.1896,0.8428,0.0000,0.086786,"0.086786;0.086894;0.086733",25.140788,39776.00,,4.39,0,3452,10,True,nid007071,57248609
SparseHNSW_a0.75_b6_p64,"M=32 efC=200 ef=10 alpha=0.75 beta=6 q=u8 seedT=8 seedH=8 seedS=4 pat=64",64,0.9532155272,0.9936,149.1896,0.8428,0.0000,0.031573,"0.032109;0.031573;0.031397",9.146292,109333.92,,4.39,0,3452,10,True,nid007071,57248609
SparseHNSW_a0.75_b6_p64,"M=32 efC=200 ef=20 alpha=0.75 beta=6 q=u8 seedT=8 seedH=8 seedS=4 pat=64",64,0.9532155272,0.9936,149.1896,0.8428,0.0000,0.031162,"0.031186;0.031162;0.031087",9.027231,110775.95,,4.39,0,3452,10,True,nid007071,57248609
SparseHNSW_a0.75_b6_p64,"M=32 efC=200 ef=50 alpha=0.75 beta=6 q=u8 seedT=8 seedH=8 seedS=4 pat=64",64,0.9532155272,0.9936,149.1896,0.8428,0.0000,0.030928,"0.030928;0.031078;0.030870",8.959444,111614.07,,4.39,0,3452,10,True,nid007071,57248609
SparseHNSW_a0.75_b6_p64,"M=32 efC=200 ef=100 alpha=0.75 beta=6 q=u8 seedT=8 seedH=8 seedS=4 pat=64",64,0.9659038239,0.9974,149.1896,0.8428,0.0000,0.048854,"0.048916;0.048797;0.048854",14.152375,70659.52,,4.39,0,3452,10,True,nid007071,57248609
SparseHNSW_a0.75_b6_p64,"M=32 efC=200 ef=200 alpha=0.75 beta=6 q=u8 seedT=8 seedH=8 seedS=4 pat=64",64,0.9762166860,0.9994,149.1896,0.8428,0.0000,0.074564,"0.074195;0.074722;0.074564",21.600232,46295.80,,4.39,0,3452,10,True,nid007071,57248609
SparseHNSW_a0.75_b6_p64,"M=32 efC=200 ef=400 alpha=0.75 beta=6 q=u8 seedT=8 seedH=8 seedS=4 pat=64",64,0.9787949015,0.9997,149.1896,0.8428,0.0000,0.083866,"0.083861;0.084000;0.083866",24.294902,41160.90,,4.39,0,3452,10,True,nid007071,57248609
SparseHNSW_a0.75_b6_p64,"M=32 efC=200 ef=800 alpha=0.75 beta=6 q=u8 seedT=8 seedH=8 seedS=4 pat=64",64,0.9788238702,0.9997,149.1896,0.8428,0.0000,0.087027,"0.087284;0.086631;0.087027",25.210603,39665.85,,4.39,0,3452,10,True,nid007071,57248609
SparseHNSW_a0.75_b6_p64,"M=32 efC=200 ef=1600 alpha=0.75 beta=6 q=u8 seedT=8 seedH=8 seedS=4 pat=64",64,0.9788238702,0.9997,149.1896,0.8428,0.0000,0.089940,"0.089965;0.089940;0.089762",26.054461,38381.14,,4.39,0,3452,10,True,nid007071,57248609
SparseHNSW_a0.75_b6_p64,"M=32 efC=200 ef=3200 alpha=0.75 beta=6 q=u8 seedT=8 seedH=8 seedS=4 pat=64",64,0.9788238702,0.9997,149.1896,0.8428,0.0000,0.094586,"0.094339;0.094900;0.094586",27.400348,36495.89,,4.39,0,3452,10,True,nid007071,57248609
SparseHNSW_a0.75_b7_p64,"M=32 efC=200 ef=10 alpha=0.75 beta=7 q=u8 seedT=8 seedH=8 seedS=4 pat=64",64,0.9572711472,0.9945,149.1896,0.8428,0.0000,0.036339,"0.036858;0.036339;0.036180",10.526941,94994.36,,4.39,0,3452,10,True,nid007071,57248609
SparseHNSW_a0.75_b7_p64,"M=32 efC=200 ef=20 alpha=0.75 beta=7 q=u8 seedT=8 seedH=8 seedS=4 pat=64",64,0.9572711472,0.9945,149.1896,0.8428,0.0000,0.035910,"0.035908;0.035910;0.035917",10.402665,96129.21,,4.39,0,3452,10,True,nid007071,57248609
SparseHNSW_a0.75_b7_p64,"M=32 efC=200 ef=50 alpha=0.75 beta=7 q=u8 seedT=8 seedH=8 seedS=4 pat=64",64,0.9572711472,0.9945,149.1896,0.8428,0.0000,0.035826,"0.035878;0.035692;0.035826",10.378331,96354.60,,4.39,0,3452,10,True,nid007071,57248609
SparseHNSW_a0.75_b7_p64,"M=32 efC=200 ef=100 alpha=0.75 beta=7 q=u8 seedT=8 seedH=8 seedS=4 pat=64",64,0.9664831981,0.9974,149.1896,0.8428,0.0000,0.049359,"0.049359;0.049397;0.049277",14.298667,69936.59,,4.39,0,3452,10,True,nid007071,57248609
SparseHNSW_a0.75_b7_p64,"M=32 efC=200 ef=200 alpha=0.75 beta=7 q=u8 seedT=8 seedH=8 seedS=4 pat=64",64,0.9771147161,0.9994,149.1896,0.8428,0.0000,0.078545,"0.078545;0.078553;0.078490",22.753476,43949.33,,4.39,0,3452,10,True,nid007071,57248609
SparseHNSW_a0.75_b7_p64,"M=32 efC=200 ef=400 alpha=0.75 beta=7 q=u8 seedT=8 seedH=8 seedS=4 pat=64",64,0.9801274623,0.9997,149.1896,0.8428,0.0000,0.091051,"0.091051;0.091272;0.090899",26.376304,37912.82,,4.39,0,3452,10,True,nid007071,57248609
SparseHNSW_a0.75_b7_p64,"M=32 efC=200 ef=800 alpha=0.75 beta=7 q=u8 seedT=8 seedH=8 seedS=4 pat=64",64,0.9802433372,0.9997,149.1896,0.8428,0.0000,0.095010,"0.095010;0.095012;0.094895",27.523175,36333.02,,4.39,0,3452,10,True,nid007071,57248609
SparseHNSW_a0.75_b7_p64,"M=32 efC=200 ef=1600 alpha=0.75 beta=7 q=u8 seedT=8 seedH=8 seedS=4 pat=64",64,0.9802433372,0.9997,149.1896,0.8428,0.0000,0.098029,"0.098255;0.098029;0.098029",28.397740,35214.07,,4.39,0,3452,10,True,nid007071,57248609
SparseHNSW_a0.75_b7_p64,"M=32 efC=200 ef=3200 alpha=0.75 beta=7 q=u8 seedT=8 seedH=8 seedS=4 pat=64",64,0.9802433372,0.9997,149.1896,0.8428,0.0000,0.102899,"0.102899;0.102891;0.103105",29.808517,33547.46,,4.39,0,3452,10,True,nid007071,57248609
SparseHNSW_a0.75_b8_p64,"M=32 efC=200 ef=10 alpha=0.75 beta=8 q=u8 seedT=8 seedH=8 seedS=4 pat=64",64,0.9614426419,0.9959,149.1896,0.8428,0.0000,0.041283,"0.041525;0.041283;0.040883",11.959154,83617.95,,4.39,0,3452,10,True,nid007071,57248609
SparseHNSW_a0.75_b8_p64,"M=32 efC=200 ef=20 alpha=0.75 beta=8 q=u8 seedT=8 seedH=8 seedS=4 pat=64",64,0.9614426419,0.9959,149.1896,0.8428,0.0000,0.040754,"0.040754;0.040688;0.040816",11.805910,84703.34,,4.39,0,3452,10,True,nid007071,57248609
SparseHNSW_a0.75_b8_p64,"M=32 efC=200 ef=50 alpha=0.75 beta=8 q=u8 seedT=8 seedH=8 seedS=4 pat=64",64,0.9614426419,0.9959,149.1896,0.8428,0.0000,0.040779,"0.040779;0.040910;0.040592",11.813152,84651.41,,4.39,0,3452,10,True,nid007071,57248609
SparseHNSW_a0.75_b8_p64,"M=32 efC=200 ef=100 alpha=0.75 beta=8 q=u8 seedT=8 seedH=8 seedS=4 pat=64",64,0.9668597914,0.9974,149.1896,0.8428,0.0000,0.049562,"0.049556;0.049950;0.049562",14.357474,69650.14,,4.39,0,3452,10,True,nid007071,57248609
SparseHNSW_a0.75_b8_p64,"M=32 efC=200 ef=200 alpha=0.75 beta=8 q=u8 seedT=8 seedH=8 seedS=4 pat=64",64,0.9777520278,0.9994,149.1896,0.8428,0.0000,0.081929,"0.081689;0.082014;0.081929",23.733778,42134.04,,4.39,0,3452,10,True,nid007071,57248609
SparseHNSW_a0.75_b8_p64,"M=32 efC=200 ef=400 alpha=0.75 beta=8 q=u8 seedT=8 seedH=8 seedS=4 pat=64",64,0.9812282735,0.9997,149.1896,0.8428,0.0000,0.096900,"0.096900;0.097344;0.096798",28.070684,35624.36,,4.39,0,3452,10,True,nid007071,57248609
SparseHNSW_a0.75_b8_p64,"M=32 efC=200 ef=800 alpha=0.75 beta=8 q=u8 seedT=8 seedH=8 seedS=4 pat=64",64,0.9814310545,0.9997,149.1896,0.8428,0.0000,0.101694,"0.101694;0.101122;0.101818",29.459444,33944.97,,4.39,0,3452,10,True,nid007071,57248609
SparseHNSW_a0.75_b8_p64,"M=32 efC=200 ef=1600 alpha=0.75 beta=8 q=u8 seedT=8 seedH=8 seedS=4 pat=64",64,0.9814310545,0.9997,149.1896,0.8428,0.0000,0.105454,"0.105454;0.105207;0.105476",30.548667,32734.65,,4.39,0,3452,10,True,nid007071,57248609
SparseHNSW_a0.75_b8_p64,"M=32 efC=200 ef=3200 alpha=0.75 beta=8 q=u8 seedT=8 seedH=8 seedS=4 pat=64",64,0.9814310545,0.9997,149.1896,0.8428,0.0000,0.109980,"0.110021;0.109980;0.109387",31.859791,31387.53,,4.39,0,3452,10,True,nid007071,57248609
SparseHNSW_a0.75_b1_p128,"M=32 efC=200 ef=10 alpha=0.75 beta=1 q=u8 seedT=8 seedH=8 seedS=4 pat=128",64,0.7977404403,0.6442,149.1896,0.8428,0.0000,0.017290,"0.017916;0.017290;0.017083",5.008691,199652.98,,4.39,0,3452,10,True,nid007071,57248609
SparseHNSW_a0.75_b1_p128,"M=32 efC=200 ef=20 alpha=0.75 beta=1 q=u8 seedT=8 seedH=8 seedS=4 pat=128",64,0.7977404403,0.6442,149.1896,0.8428,0.0000,0.016795,"0.016817;0.016795;0.016765",4.865295,205537.36,,4.39,0,3452,10,True,nid007071,57248609
SparseHNSW_a0.75_b1_p128,"M=32 efC=200 ef=50 alpha=0.75 beta=1 q=u8 seedT=8 seedH=8 seedS=4 pat=128",64,0.8127462341,0.6586,149.1896,0.8428,0.0000,0.024761,"0.024766;0.024761;0.024563",7.172943,139412.79,,4.39,0,3452,10,True,nid007071,57248609
SparseHNSW_a0.75_b1_p128,"M=32 efC=200 ef=100 alpha=0.75 beta=1 q=u8 seedT=8 seedH=8 seedS=4 pat=128",64,0.8245365006,0.6708,149.1896,0.8428,0.0000,0.047280,"0.047298;0.047280;0.047105",13.696408,73011.84,,4.39,0,3452,10,True,nid007071,57248609
SparseHNSW_a0.75_b1_p128,"M=32 efC=200 ef=200 alpha=0.75 beta=1 q=u8 seedT=8 seedH=8 seedS=4 pat=128",64,0.8303881808,0.6755,149.1896,0.8428,0.0000,0.070091,"0.069808;0.070091;0.070092",20.304461,49250.26,,4.39,0,3452,10,True,nid007071,57248609
SparseHNSW_a0.75_b1_p128,"M=32 efC=200 ef=400 alpha=0.75 beta=1 q=u8 seedT=8 seedH=8 seedS=4 pat=128",64,0.8315469293,0.6778,149.1896,0.8428,0.0000,0.074617,"0.074733;0.074537;0.074617",21.615585,46262.92,,4.39,0,3452,10,True,nid007071,57248609
SparseHNSW_a0.75_b1_p128,"M=32 efC=200 ef=800 alpha=0.75 beta=1 q=u8 seedT=8 seedH=8 seedS=4 pat=128",64,0.8316048667,0.6779,149.1896,0.8428,0.0000,0.077155,"0.077155;0.077054;0.077650",22.350811,44741.11,,4.39,0,3452,10,True,nid007071,57248609
SparseHNSW_a0.75_b1_p128,"M=32 efC=200 ef=1600 alpha=0.75 beta=1 q=u8 seedT=8 seedH=8 seedS=4 pat=128",64,0.8316048667,0.6779,149.1896,0.8428,0.0000,0.080603,"0.080603;0.080369;0.080688",23.349652,42827.19,,4.39,0,3452,10,True,nid007071,57248609
SparseHNSW_a0.75_b1_p128,"M=32 efC=200 ef=3200 alpha=0.75 beta=1 q=u8 seedT=8 seedH=8 seedS=4 pat=128",64,0.8316048667,0.6779,149.1896,0.8428,0.0000,0.085433,"0.085465;0.085433;0.085417",24.748841,40405.93,,4.39,0,3452,10,True,nid007071,57248609
SparseHNSW_a0.75_b2_p128,"M=32 efC=200 ef=10 alpha=0.75 beta=2 q=u8 seedT=8 seedH=8 seedS=4 pat=128",64,0.9045770568,0.9844,149.1896,0.8428,0.0000,0.018054,"0.018597;0.018054;0.017787",5.230012,191204.17,,4.39,0,3452,10,True,nid007071,57248609
SparseHNSW_a0.75_b2_p128,"M=32 efC=200 ef=20 alpha=0.75 beta=2 q=u8 seedT=8 seedH=8 seedS=4 pat=128",64,0.9045770568,0.9844,149.1896,0.8428,0.0000,0.017608,"0.017636;0.017608;0.017554",5.100811,196047.25,,4.39,0,3452,10,True,nid007071,57248609
SparseHNSW_a0.75_b2_p128,"M=32 efC=200 ef=50 alpha=0.75 beta=2 q=u8 seedT=8 seedH=8 seedS=4 pat=128",64,0.9247682503,0.9930,149.1896,0.8428,0.0000,0.025349,"0.025570;0.025349;0.025293",7.343279,136178.94,,4.39,0,3452,10,True,nid007071,57248609
SparseHNSW_a0.75_b2_p128,"M=32 efC=200 ef=100 alpha=0.75 beta=2 q=u8 seedT=8 seedH=8 seedS=4 pat=128",64,0.9411935110,0.9974,149.1896,0.8428,0.0000,0.048024,"0.048024;0.048053;0.048009",13.911935,71880.73,,4.39,0,3452,10,True,nid007071,57248609
SparseHNSW_a0.75_b2_p128,"M=32 efC=200 ef=200 alpha=0.75 beta=2 q=u8 seedT=8 seedH=8 seedS=4 pat=128",64,0.9500579374,0.9994,149.1896,0.8428,0.0000,0.075986,"0.075865;0.076001;0.075986",22.012167,45429.42,,4.39,0,3452,10,True,nid007071,57248609
SparseHNSW_a0.75_b2_p128,"M=32 efC=200 ef=400 alpha=0.75 beta=2 q=u8 seedT=8 seedH=8 seedS=4 pat=128",64,0.9523464658,0.9997,149.1896,0.8428,0.0000,0.084083,"0.084083;0.083772;0.084180",24.357764,41054.67,,4.39,0,3452,10,True,nid007071,57248609
SparseHNSW_a0.75_b2_p128,"M=32 efC=200 ef=800 alpha=0.75 beta=2 q=u8 seedT=8 seedH=8 seedS=4 pat=128",64,0.9524623407,0.9997,149.1896,0.8428,0.0000,0.087734,"0.087879;0.087733;0.087734",25.415411,39346.21,,4.39,0,3452,10,True,nid007071,57248609
SparseHNSW_a0.75_b2_p128,"M=32 efC=200 ef=1600 alpha=0.75 beta=2 q=u8 seedT=8 seedH=8 seedS=4 pat=128",64,0.9524623407,0.9997,149.1896,0.8428,0.0000,0.090973,"0.090973;0.090843;0.091071",26.353708,37945.32,,4.39,0,3452,10,True,nid007071,57248609
SparseHNSW_a0.75_b2_p128,"M=32 efC=200 ef=3200 alpha=0.75 beta=2 q=u8 seedT=8 seedH=8 seedS=4 pat=128",64,0.9524623407,0.9997,149.1896,0.8428,0.0000,0.095692,"0.095692;0.095250;0.096412",27.720742,36074.07,,4.39,0,3452,10,True,nid007071,57248609
SparseHNSW_a0.75_b3_p128,"M=32 efC=200 ef=10 alpha=0.75 beta=3 q=u8 seedT=8 seedH=8 seedS=4 pat=128",64,0.9179316338,0.9844,149.1896,0.8428,0.0000,0.018365,"0.018931;0.018365;0.018175",5.320104,187966.24,,4.39,0,3452,10,True,nid007071,57248609
SparseHNSW_a0.75_b3_p128,"M=32 efC=200 ef=20 alpha=0.75 beta=3 q=u8 seedT=8 seedH=8 seedS=4 pat=128",64,0.9179316338,0.9844,149.1896,0.8428,0.0000,0.017949,"0.018022;0.017945;0.017949",5.199594,192322.69,,4.39,0,3452,10,True,nid007071,57248609
SparseHNSW_a0.75_b3_p128,"M=32 efC=200 ef=50 alpha=0.75 beta=3 q=u8 seedT=8 seedH=8 seedS=4 pat=128",64,0.9401216686,0.9930,149.1896,0.8428,0.0000,0.025700,"0.025860;0.025700;0.025686",7.444959,134319.07,,4.39,0,3452,10,True,nid007071,57248609
SparseHNSW_a0.75_b3_p128,"M=32 efC=200 ef=100 alpha=0.75 beta=3 q=u8 seedT=8 seedH=8 seedS=4 pat=128",64,0.9581112399,0.9974,149.1896,0.8428,0.0000,0.047901,"0.048060;0.047901;0.047829",13.876304,72065.30,,4.39,0,3452,10,True,nid007071,57248609
SparseHNSW_a0.75_b3_p128,"M=32 efC=200 ef=200 alpha=0.75 beta=3 q=u8 seedT=8 seedH=8 seedS=4 pat=128",64,0.9682213210,0.9994,149.1896,0.8428,0.0000,0.080384,"0.080270;0.080518;0.080384",23.286211,42943.87,,4.39,0,3452,10,True,nid007071,57248609
SparseHNSW_a0.75_b3_p128,"M=32 efC=200 ef=400 alpha=0.75 beta=3 q=u8 seedT=8 seedH=8 seedS=4 pat=128",64,0.9718424102,0.9997,149.1896,0.8428,0.0000,0.094103,"0.094049;0.094103;0.094717",27.260429,36683.21,,4.39,0,3452,10,True,nid007071,57248609
SparseHNSW_a0.75_b3_p128,"M=32 efC=200 ef=800 alpha=0.75 beta=3 q=u8 seedT=8 seedH=8 seedS=4 pat=128",64,0.9721320973,0.9997,149.1896,0.8428,0.0000,0.098877,"0.098877;0.098479;0.098937",28.643395,34912.06,,4.39,0,3452,10,True,nid007071,57248609
SparseHNSW_a0.75_b3_p128,"M=32 efC=200 ef=1600 alpha=0.75 beta=3 q=u8 seedT=8 seedH=8 seedS=4 pat=128",64,0.9721320973,0.9997,149.1896,0.8428,0.0000,0.102275,"0.102275;0.102141;0.102570",29.627752,33752.14,,4.39,0,3452,10,True,nid007071,57248609
SparseHNSW_a0.75_b3_p128,"M=32 efC=200 ef=3200 alpha=0.75 beta=3 q=u8 seedT=8 seedH=8 seedS=4 pat=128",64,0.9721320973,0.9997,149.1896,0.8428,0.0000,0.107052,"0.106803;0.107052;0.107272",31.011587,32246.01,,4.39,0,3452,10,True,nid007071,57248609
SparseHNSW_a0.75_b4_p128,"M=32 efC=200 ef=10 alpha=0.75 beta=4 q=u8 seedT=8 seedH=8 seedS=4 pat=128",64,0.9330243337,0.9890,149.1896,0.8428,0.0000,0.021965,"0.022657;0.021965;0.021725",6.362978,157159.12,,4.39,0,3452,10,True,nid007071,57248609
SparseHNSW_a0.75_b4_p128,"M=32 efC=200 ef=20 alpha=0.75 beta=4 q=u8 seedT=8 seedH=8 seedS=4 pat=128",64,0.9330243337,0.9890,149.1896,0.8428,0.0000,0.021448,"0.021448;0.021268;0.021468",6.213210,160947.41,,4.39,0,3452,10,True,nid007071,57248609
SparseHNSW_a0.75_b4_p128,"M=32 efC=200 ef=50 alpha=0.75 beta=4 q=u8 seedT=8 seedH=8 seedS=4 pat=128",64,0.9442352260,0.9930,149.1896,0.8428,0.0000,0.025874,"0.026071;0.025874;0.025846",7.495365,133415.78,,4.39,0,3452,10,True,nid007071,57248609
SparseHNSW_a0.75_b4_p128,"M=32 efC=200 ef=100 alpha=0.75 beta=4 q=u8 seedT=8 seedH=8 seedS=4 pat=128",64,0.9627752028,0.9974,149.1896,0.8428,0.0000,0.048589,"0.048618;0.048279;0.048589",14.075608,71044.89,,4.39,0,3452,10,True,nid007071,57248609
SparseHNSW_a0.75_b4_p128,"M=32 efC=200 ef=200 alpha=0.75 beta=4 q=u8 seedT=8 seedH=8 seedS=4 pat=128",64,0.9733198146,0.9994,149.1896,0.8428,0.0000,0.083737,"0.083737;0.083377;0.083751",24.257532,41224.31,,4.39,0,3452,10,True,nid007071,57248609
SparseHNSW_a0.75_b4_p128,"M=32 efC=200 ef=400 alpha=0.75 beta=4 q=u8 seedT=8 seedH=8 seedS=4 pat=128",64,0.9774623407,0.9997,149.1896,0.8428,0.0000,0.103658,"0.103658;0.103418;0.103684",30.028389,33301.82,,4.39,0,3452,10,True,nid007071,57248609
SparseHNSW_a0.75_b4_p128,"M=32 efC=200 ef=800 alpha=0.75 beta=4 q=u8 seedT=8 seedH=8 seedS=4 pat=128",64,0.9780127462,0.9997,149.1896,0.8428,0.0000,0.109357,"0.109275;0.109357;0.109844",31.679316,31566.34,,4.39,0,3452,10,True,nid007071,57248609
SparseHNSW_a0.75_b4_p128,"M=32 efC=200 ef=1600 alpha=0.75 beta=4 q=u8 seedT=8 seedH=8 seedS=4 pat=128",64,0.9780127462,0.9997,149.1896,0.8428,0.0000,0.113368,"0.113544;0.112910;0.113368",32.841251,30449.51,,4.39,0,3452,10,True,nid007071,57248609
SparseHNSW_a0.75_b4_p128,"M=32 efC=200 ef=3200 alpha=0.75 beta=4 q=u8 seedT=8 seedH=8 seedS=4 pat=128",64,0.9780127462,0.9997,149.1896,0.8428,0.0000,0.118102,"0.118102;0.118545;0.117606",34.212630,29228.97,,4.39,0,3452,10,True,nid007071,57248609
SparseHNSW_a0.75_b5_p128,"M=32 efC=200 ef=10 alpha=0.75 beta=5 q=u8 seedT=8 seedH=8 seedS=4 pat=128",64,0.9462340672,0.9930,149.1896,0.8428,0.0000,0.026927,"0.027608;0.026927;0.026726",7.800406,128198.46,,4.39,0,3452,10,True,nid007071,57248609
SparseHNSW_a0.75_b5_p128,"M=32 efC=200 ef=20 alpha=0.75 beta=5 q=u8 seedT=8 seedH=8 seedS=4 pat=128",64,0.9462340672,0.9930,149.1896,0.8428,0.0000,0.026329,"0.026329;0.026334;0.026174",7.627173,131110.18,,4.39,0,3452,10,True,nid007071,57248609
SparseHNSW_a0.75_b5_p128,"M=32 efC=200 ef=50 alpha=0.75 beta=5 q=u8 seedT=8 seedH=8 seedS=4 pat=128",64,0.9462340672,0.9930,149.1896,0.8428,0.0000,0.026130,"0.026239;0.026052;0.026130",7.569525,132108.69,,4.39,0,3452,10,True,nid007071,57248609
SparseHNSW_a0.75_b5_p128,"M=32 efC=200 ef=100 alpha=0.75 beta=5 q=u8 seedT=8 seedH=8 seedS=4 pat=128",64,0.9647450753,0.9974,149.1896,0.8428,0.0000,0.048693,"0.048697;0.048693;0.048586",14.105736,70893.15,,4.39,0,3452,10,True,nid007071,57248609
SparseHNSW_a0.75_b5_p128,"M=32 efC=200 ef=200 alpha=0.75 beta=5 q=u8 seedT=8 seedH=8 seedS=4 pat=128",64,0.9754924681,0.9994,149.1896,0.8428,0.0000,0.086050,"0.086050;0.086011;0.086265",24.927578,40116.21,,4.39,0,3452,10,True,nid007071,57248609
SparseHNSW_a0.75_b5_p128,"M=32 efC=200 ef=400 alpha=0.75 beta=5 q=u8 seedT=8 seedH=8 seedS=4 pat=128",64,0.9802143685,0.9997,149.1896,0.8428,0.0000,0.111797,"0.111801;0.111432;0.111797",32.386153,30877.39,,4.39,0,3452,10,True,nid007071,57248609
SparseHNSW_a0.75_b5_p128,"M=32 efC=200 ef=800 alpha=0.75 beta=5 q=u8 seedT=8 seedH=8 seedS=4 pat=128",64,0.9811123986,0.9997,149.1896,0.8428,0.0000,0.119683,"0.119485;0.119735;0.119683",34.670626,28842.86,,4.39,0,3452,10,True,nid007071,57248609
SparseHNSW_a0.75_b5_p128,"M=32 efC=200 ef=1600 alpha=0.75 beta=5 q=u8 seedT=8 seedH=8 seedS=4 pat=128",64,0.9811123986,0.9997,149.1896,0.8428,0.0000,0.123667,"0.123667;0.123988;0.123397",35.824739,27913.67,,4.39,0,3452,10,True,nid007071,57248609
SparseHNSW_a0.75_b5_p128,"M=32 efC=200 ef=3200 alpha=0.75 beta=5 q=u8 seedT=8 seedH=8 seedS=4 pat=128",64,0.9811123986,0.9997,149.1896,0.8428,0.0000,0.129203,"0.129203;0.129358;0.128862",37.428447,26717.65,,4.39,0,3452,10,True,nid007071,57248609
SparseHNSW_a0.75_b6_p128,"M=32 efC=200 ef=10 alpha=0.75 beta=6 q=u8 seedT=8 seedH=8 seedS=4 pat=128",64,0.9532155272,0.9936,149.1896,0.8428,0.0000,0.031718,"0.032208;0.031718;0.031456",9.188297,108834.10,,4.39,0,3452,10,True,nid007071,57248609
SparseHNSW_a0.75_b6_p128,"M=32 efC=200 ef=20 alpha=0.75 beta=6 q=u8 seedT=8 seedH=8 seedS=4 pat=128",64,0.9532155272,0.9936,149.1896,0.8428,0.0000,0.031146,"0.031186;0.031146;0.031144",9.022596,110832.85,,4.39,0,3452,10,True,nid007071,57248609
SparseHNSW_a0.75_b6_p128,"M=32 efC=200 ef=50 alpha=0.75 beta=6 q=u8 seedT=8 seedH=8 seedS=4 pat=128",64,0.9532155272,0.9936,149.1896,0.8428,0.0000,0.030984,"0.030984;0.031004;0.030846",8.975666,111412.34,,4.39,0,3452,10,True,nid007071,57248609
SparseHNSW_a0.75_b6_p128,"M=32 efC=200 ef=100 alpha=0.75 beta=6 q=u8 seedT=8 seedH=8 seedS=4 pat=128",64,0.9659038239,0.9974,149.1896,0.8428,0.0000,0.048744,"0.048711;0.048744;0.049008",14.120510,70818.97,,4.39,0,3452,10,True,nid007071,57248609
SparseHNSW_a0.75_b6_p128,"M=32 efC=200 ef=200 alpha=0.75 beta=6 q=u8 seedT=8 seedH=8 seedS=4 pat=128",64,0.9771726535,0.9994,149.1896,0.8428,0.0000,0.087850,"0.087850;0.087862;0.087770",25.449015,39294.25,,4.39,0,3452,10,True,nid007071,57248609
SparseHNSW_a0.75_b6_p128,"M=32 efC=200 ef=400 alpha=0.75 beta=6 q=u8 seedT=8 seedH=8 seedS=4 pat=128",64,0.9820393975,0.9997,149.1896,0.8428,0.0000,0.120126,"0.120126;0.120145;0.119887",34.798957,28736.49,,4.39,0,3452,10,True,nid007071,57248609
SparseHNSW_a0.75_b6_p128,"M=32 efC=200 ef=800 alpha=0.75 beta=6 q=u8 seedT=8 seedH=8 seedS=4 pat=128",64,0.9831402086,0.9997,149.1896,0.8428,0.0000,0.133120,"0.133120;0.133747;0.132998",38.563152,25931.49,,4.39,0,3452,10,True,nid007071,57248609
SparseHNSW_a0.75_b6_p128,"M=32 efC=200 ef=1600 alpha=0.75 beta=6 q=u8 seedT=8 seedH=8 seedS=4 pat=128",64,0.9832271147,0.9997,149.1896,0.8428,0.0000,0.137800,"0.137800;0.137409;0.137991",39.918888,25050.80,,4.39,0,3452,10,True,nid007071,57248609
SparseHNSW_a0.75_b6_p128,"M=32 efC=200 ef=3200 alpha=0.75 beta=6 q=u8 seedT=8 seedH=8 seedS=4 pat=128",64,0.9832271147,0.9997,149.1896,0.8428,0.0000,0.143000,"0.143000;0.143055;0.142812",41.425261,24139.86,,4.39,0,3452,10,True,nid007071,57248609
SparseHNSW_a0.75_b7_p128,"M=32 efC=200 ef=10 alpha=0.75 beta=7 q=u8 seedT=8 seedH=8 seedS=4 pat=128",64,0.9572711472,0.9945,149.1896,0.8428,0.0000,0.036583,"0.036900;0.036583;0.036058",10.597625,94360.77,,4.39,0,3452,10,True,nid007071,57248609
SparseHNSW_a0.75_b7_p128,"M=32 efC=200 ef=20 alpha=0.75 beta=7 q=u8 seedT=8 seedH=8 seedS=4 pat=128",64,0.9572711472,0.9945,149.1896,0.8428,0.0000,0.036085,"0.036085;0.036089;0.035872",10.453360,95663.02,,4.39,0,3452,10,True,nid007071,57248609
SparseHNSW_a0.75_b7_p128,"M=32 efC=200 ef=50 alpha=0.75 beta=7 q=u8 seedT=8 seedH=8 seedS=4 pat=128",64,0.9572711472,0.9945,149.1896,0.8428,0.0000,0.035746,"0.035999;0.035746;0.035684",10.355156,96570.25,,4.39,0,3452,10,True,nid007071,57248609
SparseHNSW_a0.75_b7_p128,"M=32 efC=200 ef=100 alpha=0.75 beta=7 q=u8 seedT=8 seedH=8 seedS=4 pat=128",64,0.9664831981,0.9974,149.1896,0.8428,0.0000,0.049025,"0.049016;0.049116;0.049025",14.201912,70413.05,,4.39,0,3452,10,True,nid007071,57248609
SparseHNSW_a0.75_b7_p128,"M=32 efC=200 ef=200 alpha=0.75 beta=7 q=u8 seedT=8 seedH=8 seedS=4 pat=128",64,0.9777809965,0.9994,149.1896,0.8428,0.0000,0.088934,"0.088934;0.089638;0.088812",25.763036,38815.30,,4.39,0,3452,10,True,nid007071,57248609
SparseHNSW_a0.75_b7_p128,"M=32 efC=200 ef=400 alpha=0.75 beta=7 q=u8 seedT=8 seedH=8 seedS=4 pat=128",64,0.9832271147,1.0000,149.1896,0.8428,0.0000,0.126111,"0.126237;0.126111;0.125925",36.532735,27372.71,,4.39,0,3452,10,True,nid007071,57248609
SparseHNSW_a0.75_b7_p128,"M=32 efC=200 ef=800 alpha=0.75 beta=7 q=u8 seedT=8 seedH=8 seedS=4 pat=128",64,0.9845886443,1.0000,149.1896,0.8428,0.0000,0.142955,"0.142704;0.142955;0.143252",41.412225,24147.46,,4.39,0,3452,10,True,nid007071,57248609
SparseHNSW_a0.75_b7_p128,"M=32 efC=200 ef=1600 alpha=0.75 beta=7 q=u8 seedT=8 seedH=8 seedS=4 pat=128",64,0.9846755504,1.0000,149.1896,0.8428,0.0000,0.147579,"0.147579;0.147926;0.147369",42.751738,23390.86,,4.39,0,3452,10,True,nid007071,57248609
SparseHNSW_a0.75_b7_p128,"M=32 efC=200 ef=3200 alpha=0.75 beta=7 q=u8 seedT=8 seedH=8 seedS=4 pat=128",64,0.9846755504,1.0000,149.1896,0.8428,0.0000,0.152473,"0.153168;0.152473;0.152298",44.169467,22640.07,,4.39,0,3452,10,True,nid007071,57248609
SparseHNSW_a0.75_b8_p128,"M=32 efC=200 ef=10 alpha=0.75 beta=8 q=u8 seedT=8 seedH=8 seedS=4 pat=128",64,0.9614426419,0.9959,149.1896,0.8428,0.0000,0.041139,"0.041538;0.041139;0.040671",11.917439,83910.64,,4.39,0,3452,10,True,nid007071,57248609
SparseHNSW_a0.75_b8_p128,"M=32 efC=200 ef=20 alpha=0.75 beta=8 q=u8 seedT=8 seedH=8 seedS=4 pat=128",64,0.9614426419,0.9959,149.1896,0.8428,0.0000,0.040825,"0.040897;0.040825;0.040787",11.826477,84556.03,,4.39,0,3452,10,True,nid007071,57248609
SparseHNSW_a0.75_b8_p128,"M=32 efC=200 ef=50 alpha=0.75 beta=8 q=u8 seedT=8 seedH=8 seedS=4 pat=128",64,0.9614426419,0.9959,149.1896,0.8428,0.0000,0.040837,"0.040837;0.040822;0.040879",11.829954,84531.18,,4.39,0,3452,10,True,nid007071,57248609
SparseHNSW_a0.75_b8_p128,"M=32 efC=200 ef=100 alpha=0.75 beta=8 q=u8 seedT=8 seedH=8 seedS=4 pat=128",64,0.9668597914,0.9974,149.1896,0.8428,0.0000,0.049700,"0.049487;0.049712;0.049700",14.397451,69456.74,,4.39,0,3452,10,True,nid007071,57248609
SparseHNSW_a0.75_b8_p128,"M=32 efC=200 ef=200 alpha=0.75 beta=8 q=u8 seedT=8 seedH=8 seedS=4 pat=128",64,0.9781865585,0.9994,149.1896,0.8428,0.0000,0.090106,"0.090232;0.090106;0.090083",26.102549,38310.43,,4.39,0,3452,10,True,nid007071,57248609
SparseHNSW_a0.75_b8_p128,"M=32 efC=200 ef=400 alpha=0.75 beta=8 q=u8 seedT=8 seedH=8 seedS=4 pat=128",64,0.9838064890,1.0000,149.1896,0.8428,0.0000,0.131404,"0.131373;0.131628;0.131404",38.066049,26270.13,,4.39,0,3452,10,True,nid007071,57248609
SparseHNSW_a0.75_b8_p128,"M=32 efC=200 ef=800 alpha=0.75 beta=8 q=u8 seedT=8 seedH=8 seedS=4 pat=128",64,0.9856894554,1.0000,149.1896,0.8428,0.0000,0.151350,"0.151221;0.151604;0.151350",43.844148,22808.06,,4.39,0,3452,10,True,nid007071,57248609
SparseHNSW_a0.75_b8_p128,"M=32 efC=200 ef=1600 alpha=0.75 beta=8 q=u8 seedT=8 seedH=8 seedS=4 pat=128",64,0.9858053302,1.0000,149.1896,0.8428,0.0000,0.157718,"0.157877;0.157310;0.157718",45.688876,21887.17,,4.39,0,3452,10,True,nid007071,57248609
SparseHNSW_a0.75_b8_p128,"M=32 efC=200 ef=3200 alpha=0.75 beta=8 q=u8 seedT=8 seedH=8 seedS=4 pat=128",64,0.9858053302,1.0000,149.1896,0.8428,0.0000,0.163244,"0.162062;0.163244;0.163253",47.289687,21146.26,,4.39,0,3452,10,True,nid007071,57248609
SparseHNSW_a0.75_b1_p256,"M=32 efC=200 ef=10 alpha=0.75 beta=1 q=u8 seedT=8 seedH=8 seedS=4 pat=256",64,0.7977404403,0.6442,149.1896,0.8428,0.0000,0.017157,"0.017922;0.017157;0.016858",4.970162,201200.68,,4.39,0,3452,10,True,nid007071,57248609
SparseHNSW_a0.75_b1_p256,"M=32 efC=200 ef=20 alpha=0.75 beta=1 q=u8 seedT=8 seedH=8 seedS=4 pat=256",64,0.7977404403,0.6442,149.1896,0.8428,0.0000,0.016745,"0.016745;0.016736;0.016776",4.850811,206151.09,,4.39,0,3452,10,True,nid007071,57248609
SparseHNSW_a0.75_b1_p256,"M=32 efC=200 ef=50 alpha=0.75 beta=1 q=u8 seedT=8 seedH=8 seedS=4 pat=256",64,0.8127462341,0.6586,149.1896,0.8428,0.0000,0.024701,"0.024825;0.024576;0.024701",7.155562,139751.43,,4.39,0,3452,10,True,nid007071,57248609
SparseHNSW_a0.75_b1_p256,"M=32 efC=200 ef=100 alpha=0.75 beta=1 q=u8 seedT=8 seedH=8 seedS=4 pat=256",64,0.8245365006,0.6708,149.1896,0.8428,0.0000,0.047462,"0.047604;0.047462;0.047201",13.749131,72731.87,,4.39,0,3452,10,True,nid007071,57248609
SparseHNSW_a0.75_b1_p256,"M=32 efC=200 ef=200 alpha=0.75 beta=1 q=u8 seedT=8 seedH=8 seedS=4 pat=256",64,0.8313441483,0.6773,149.1896,0.8428,0.0000,0.088338,"0.088472;0.088084;0.088338",25.590382,39077.18,,4.39,0,3452,10,True,nid007071,57248609
SparseHNSW_a0.75_b1_p256,"M=32 efC=200 ef=400 alpha=0.75 beta=1 q=u8 seedT=8 seedH=8 seedS=4 pat=256",64,0.8343279258,0.6812,149.1896,0.8428,0.0000,0.124490,"0.124630;0.123978;0.124490",36.063152,27729.13,,4.39,0,3452,10,True,nid007071,57248609
SparseHNSW_a0.75_b1_p256,"M=32 efC=200 ef=800 alpha=0.75 beta=1 q=u8 seedT=8 seedH=8 seedS=4 pat=256",64,0.8347914253,0.6822,149.1896,0.8428,0.0000,0.131685,"0.131685;0.132188;0.131629",38.147451,26214.07,,4.39,0,3452,10,True,nid007071,57248609
SparseHNSW_a0.75_b1_p256,"M=32 efC=200 ef=1600 alpha=0.75 beta=1 q=u8 seedT=8 seedH=8 seedS=4 pat=256",64,0.8347914253,0.6822,149.1896,0.8428,0.0000,0.135912,"0.135689;0.135912;0.136194",39.371958,25398.79,,4.39,0,3452,10,True,nid007071,57248609
SparseHNSW_a0.75_b1_p256,"M=32 efC=200 ef=3200 alpha=0.75 beta=1 q=u8 seedT=8 seedH=8 seedS=4 pat=256",64,0.8347914253,0.6822,149.1896,0.8428,0.0000,0.142327,"0.142327;0.141812;0.142471",41.230301,24254.01,,4.39,0,3452,10,True,nid007071,57248609
SparseHNSW_a0.75_b2_p256,"M=32 efC=200 ef=10 alpha=0.75 beta=2 q=u8 seedT=8 seedH=8 seedS=4 pat=256",64,0.9045770568,0.9844,149.1896,0.8428,0.0000,0.017969,"0.018699;0.017969;0.017731",5.205388,192108.63,,4.39,0,3452,10,True,nid007071,57248609
SparseHNSW_a0.75_b2_p256,"M=32 efC=200 ef=20 alpha=0.75 beta=2 q=u8 seedT=8 seedH=8 seedS=4 pat=256",64,0.9045770568,0.9844,149.1896,0.8428,0.0000,0.017590,"0.017731;0.017590;0.017474",5.095597,196247.87,,4.39,0,3452,10,True,nid007071,57248609
SparseHNSW_a0.75_b2_p256,"M=32 efC=200 ef=50 alpha=0.75 beta=2 q=u8 seedT=8 seedH=8 seedS=4 pat=256",64,0.9247682503,0.9930,149.1896,0.8428,0.0000,0.025365,"0.025554;0.025350;0.025365",7.347914,136093.04,,4.39,0,3452,10,True,nid007071,57248609
SparseHNSW_a0.75_b2_p256,"M=32 efC=200 ef=100 alpha=0.75 beta=2 q=u8 seedT=8 seedH=8 seedS=4 pat=256",64,0.9411935110,0.9974,149.1896,0.8428,0.0000,0.047659,"0.047675;0.047659;0.047627",13.806199,72431.23,,4.39,0,3452,10,True,nid007071,57248609
SparseHNSW_a0.75_b2_p256,"M=32 efC=200 ef=200 alpha=0.75 beta=2 q=u8 seedT=8 seedH=8 seedS=4 pat=256",64,0.9506952491,0.9994,149.1896,0.8428,0.0000,0.088739,"0.088739;0.088841;0.088735",25.706547,38900.60,,4.39,0,3452,10,True,nid007071,57248609
SparseHNSW_a0.75_b2_p256,"M=32 efC=200 ef=400 alpha=0.75 beta=2 q=u8 seedT=8 seedH=8 seedS=4 pat=256",64,0.9554750869,1.0000,149.1896,0.8428,0.0000,0.132966,"0.132966;0.132907;0.133356",38.518540,25961.52,,4.39,0,3452,10,True,nid007071,57248609
SparseHNSW_a0.75_b2_p256,"M=32 efC=200 ef=800 alpha=0.75 beta=2 q=u8 seedT=8 seedH=8 seedS=4 pat=256",64,0.9566338355,1.0000,149.1896,0.8428,0.0000,0.143070,"0.143070;0.142638;0.143236",41.445539,24128.05,,4.39,0,3452,10,True,nid007071,57248609
SparseHNSW_a0.75_b2_p256,"M=32 efC=200 ef=1600 alpha=0.75 beta=2 q=u8 seedT=8 seedH=8 seedS=4 pat=256",64,0.9566048667,1.0000,149.1896,0.8428,0.0000,0.147440,"0.147119;0.147717;0.147440",42.711472,23412.91,,4.39,0,3452,10,True,nid007071,57248609
SparseHNSW_a0.75_b2_p256,"M=32 efC=200 ef=3200 alpha=0.75 beta=2 q=u8 seedT=8 seedH=8 seedS=4 pat=256",64,0.9566048667,1.0000,149.1896,0.8428,0.0000,0.153174,"0.153084;0.153174;0.153333",44.372538,22536.46,,4.39,0,3452,10,True,nid007071,57248609
SparseHNSW_a0.75_b3_p256,"M=32 efC=200 ef=10 alpha=0.75 beta=3 q=u8 seedT=8 seedH=8 seedS=4 pat=256",64,0.9179316338,0.9844,149.1896,0.8428,0.0000,0.018437,"0.019099;0.018437;0.017989",5.340962,187232.20,,4.39,0,3452,10,True,nid007071,57248609
SparseHNSW_a0.75_b3_p256,"M=32 efC=200 ef=20 alpha=0.75 beta=3 q=u8 seedT=8 seedH=8 seedS=4 pat=256",64,0.9179316338,0.9844,149.1896,0.8428,0.0000,0.017827,"0.017877;0.017827;0.017790",5.164253,193638.86,,4.39,0,3452,10,True,nid007071,57248609
SparseHNSW_a0.75_b3_p256,"M=32 efC=200 ef=50 alpha=0.75 beta=3 q=u8 seedT=8 seedH=8 seedS=4 pat=256",64,0.9401216686,0.9930,149.1896,0.8428,0.0000,0.025774,"0.025967;0.025774;0.025663",7.466396,133933.42,,4.39,0,3452,10,True,nid007071,57248609
SparseHNSW_a0.75_b3_p256,"M=32 efC=200 ef=100 alpha=0.75 beta=3 q=u8 seedT=8 seedH=8 seedS=4 pat=256",64,0.9581112399,0.9974,149.1896,0.8428,0.0000,0.048002,"0.048332;0.047927;0.048002",13.905562,71913.67,,4.39,0,3452,10,True,nid007071,57248609
SparseHNSW_a0.75_b3_p256,"M=32 efC=200 ef=200 alpha=0.75 beta=3 q=u8 seedT=8 seedH=8 seedS=4 pat=256",64,0.9686558517,0.9994,149.1896,0.8428,0.0000,0.089245,"0.089127;0.089539;0.089245",25.853129,38680.04,,4.39,0,3452,10,True,nid007071,57248609
SparseHNSW_a0.75_b3_p256,"M=32 efC=200 ef=400 alpha=0.75 beta=3 q=u8 seedT=8 seedH=8 seedS=4 pat=256",64,0.9738702202,1.0000,149.1896,0.8428,0.0000,0.140562,"0.140521;0.140562;0.140592",40.719003,24558.56,,4.39,0,3452,10,True,nid007071,57248609
SparseHNSW_a0.75_b3_p256,"M=32 efC=200 ef=800 alpha=0.75 beta=3 q=u8 seedT=8 seedH=8 seedS=4 pat=256",64,0.9756373117,1.0000,149.1896,0.8428,0.0000,0.157691,"0.157691;0.157622;0.157793",45.681054,21890.91,,4.39,0,3452,10,True,nid007071,57248609
SparseHNSW_a0.75_b3_p256,"M=32 efC=200 ef=1600 alpha=0.75 beta=3 q=u8 seedT=8 seedH=8 seedS=4 pat=256",64,0.9756662804,1.0000,149.1896,0.8428,0.0000,0.162979,"0.162805;0.163200;0.162979",47.212920,21180.64,,4.39,0,3452,10,True,nid007071,57248609
SparseHNSW_a0.75_b3_p256,"M=32 efC=200 ef=3200 alpha=0.75 beta=3 q=u8 seedT=8 seedH=8 seedS=4 pat=256",64,0.9756662804,1.0000,149.1896,0.8428,0.0000,0.169204,"0.169204;0.169396;0.168891",49.016222,20401.41,,4.39,0,3452,10,True,nid007071,57248609
SparseHNSW_a0.75_b4_p256,"M=32 efC=200 ef=10 alpha=0.75 beta=4 q=u8 seedT=8 seedH=8 seedS=4 pat=256",64,0.9330243337,0.9890,149.1896,0.8428,0.0000,0.021984,"0.022843;0.021984;0.021719",6.368482,157023.29,,4.39,0,3452,10,True,nid007071,57248609
SparseHNSW_a0.75_b4_p256,"M=32 efC=200 ef=20 alpha=0.75 beta=4 q=u8 seedT=8 seedH=8 seedS=4 pat=256",64,0.9330243337,0.9890,149.1896,0.8428,0.0000,0.021440,"0.021548;0.021397;0.021440",6.210892,161007.46,,4.39,0,3452,10,True,nid007071,57248609
SparseHNSW_a0.75_b4_p256,"M=32 efC=200 ef=50 alpha=0.75 beta=4 q=u8 seedT=8 seedH=8 seedS=4 pat=256",64,0.9442352260,0.9930,149.1896,0.8428,0.0000,0.025956,"0.025963;0.025940;0.025956",7.519119,132994.30,,4.39,0,3452,10,True,nid007071,57248609
SparseHNSW_a0.75_b4_p256,"M=32 efC=200 ef=100 alpha=0.75 beta=4 q=u8 seedT=8 seedH=8 seedS=4 pat=256",64,0.9627752028,0.9974,149.1896,0.8428,0.0000,0.048504,"0.048676;0.048504;0.048388",14.050985,71169.39,,4.39,0,3452,10,True,nid007071,57248609
SparseHNSW_a0.75_b4_p256,"M=32 efC=200 ef=200 alpha=0.75 beta=4 q=u8 seedT=8 seedH=8 seedS=4 pat=256",64,0.9736674392,0.9994,149.1896,0.8428,0.0000,0.089373,"0.089227;0.089397;0.089373",25.890209,38624.64,,4.39,0,3452,10,True,nid007071,57248609
SparseHNSW_a0.75_b4_p256,"M=32 efC=200 ef=400 alpha=0.75 beta=4 q=u8 seedT=8 seedH=8 seedS=4 pat=256",64,0.9794322132,1.0000,149.1896,0.8428,0.0000,0.146344,"0.146194;0.146572;0.146344",42.393975,23588.26,,4.39,0,3452,10,True,nid007071,57248609
SparseHNSW_a0.75_b4_p256,"M=32 efC=200 ef=800 alpha=0.75 beta=4 q=u8 seedT=8 seedH=8 seedS=4 pat=256",64,0.9817786790,1.0000,149.1896,0.8428,0.0000,0.173763,"0.173350;0.173763;0.173818",50.336906,19866.14,,4.39,0,3452,10,True,nid007071,57248609
SparseHNSW_a0.75_b4_p256,"M=32 efC=200 ef=1600 alpha=0.75 beta=4 q=u8 seedT=8 seedH=8 seedS=4 pat=256",64,0.9820393975,1.0000,149.1896,0.8428,0.0000,0.181037,"0.180730;0.181145;0.181037",52.444090,19067.93,,4.39,0,3452,10,True,nid007071,57248609
SparseHNSW_a0.75_b4_p256,"M=32 efC=200 ef=3200 alpha=0.75 beta=4 q=u8 seedT=8 seedH=8 seedS=4 pat=256",64,0.9820393975,1.0000,149.1896,0.8428,0.0000,0.186371,"0.186749;0.186246;0.186371",53.989282,18522.19,,4.39,0,3452,10,True,nid007071,57248609
SparseHNSW_a0.75_b5_p256,"M=32 efC=200 ef=10 alpha=0.75 beta=5 q=u8 seedT=8 seedH=8 seedS=4 pat=256",64,0.9462340672,0.9930,149.1896,0.8428,0.0000,0.026918,"0.027612;0.026918;0.026635",7.797798,128241.33,,4.39,0,3452,10,True,nid007071,57248609
SparseHNSW_a0.75_b5_p256,"M=32 efC=200 ef=20 alpha=0.75 beta=5 q=u8 seedT=8 seedH=8 seedS=4 pat=256",64,0.9462340672,0.9930,149.1896,0.8428,0.0000,0.026282,"0.026397;0.026237;0.026282",7.613557,131344.65,,4.39,0,3452,10,True,nid007071,57248609
SparseHNSW_a0.75_b5_p256,"M=32 efC=200 ef=50 alpha=0.75 beta=5 q=u8 seedT=8 seedH=8 seedS=4 pat=256",64,0.9462340672,0.9930,149.1896,0.8428,0.0000,0.026167,"0.026250;0.026167;0.026087",7.580243,131921.89,,4.39,0,3452,10,True,nid007071,57248609
SparseHNSW_a0.75_b5_p256,"M=32 efC=200 ef=100 alpha=0.75 beta=5 q=u8 seedT=8 seedH=8 seedS=4 pat=256",64,0.9647450753,0.9974,149.1896,0.8428,0.0000,0.048529,"0.048529;0.048665;0.048353",14.058227,71132.72,,4.39,0,3452,10,True,nid007071,57248609
SparseHNSW_a0.75_b5_p256,"M=32 efC=200 ef=200 alpha=0.75 beta=5 q=u8 seedT=8 seedH=8 seedS=4 pat=256",64,0.9757531866,0.9994,149.1896,0.8428,0.0000,0.089868,"0.089889;0.089676;0.089868",26.033604,38411.89,,4.39,0,3452,10,True,nid007071,57248609
SparseHNSW_a0.75_b5_p256,"M=32 efC=200 ef=400 alpha=0.75 beta=5 q=u8 seedT=8 seedH=8 seedS=4 pat=256",64,0.9816917729,1.0000,149.1896,0.8428,0.0000,0.151462,"0.151526;0.151462;0.151337",43.876593,22791.20,,4.39,0,3452,10,True,nid007071,57248609
SparseHNSW_a0.75_b5_p256,"M=32 efC=200 ef=800 alpha=0.75 beta=5 q=u8 seedT=8 seedH=8 seedS=4 pat=256",64,0.9843858633,1.0000,149.1896,0.8428,0.0000,0.186169,"0.186159;0.186169;0.186269",53.930765,18542.29,,4.39,0,3452,10,True,nid007071,57248609
SparseHNSW_a0.75_b5_p256,"M=32 efC=200 ef=1600 alpha=0.75 beta=5 q=u8 seedT=8 seedH=8 seedS=4 pat=256",64,0.9847624565,1.0000,149.1896,0.8428,0.0000,0.195643,"0.195811;0.195643;0.195300",56.675261,17644.38,,4.39,0,3452,10,True,nid007071,57248609
SparseHNSW_a0.75_b5_p256,"M=32 efC=200 ef=3200 alpha=0.75 beta=5 q=u8 seedT=8 seedH=8 seedS=4 pat=256",64,0.9847914253,1.0000,149.1896,0.8428,0.0000,0.201728,"0.201728;0.202336;0.201525",58.438007,17112.15,,4.39,0,3452,10,True,nid007071,57248609
SparseHNSW_a0.75_b6_p256,"M=32 efC=200 ef=10 alpha=0.75 beta=6 q=u8 seedT=8 seedH=8 seedS=4 pat=256",64,0.9532155272,0.9936,149.1896,0.8428,0.0000,0.031698,"0.032289;0.031698;0.031315",9.182503,108902.77,,4.39,0,3452,10,True,nid007071,57248609
SparseHNSW_a0.75_b6_p256,"M=32 efC=200 ef=20 alpha=0.75 beta=6 q=u8 seedT=8 seedH=8 seedS=4 pat=256",64,0.9532155272,0.9936,149.1896,0.8428,0.0000,0.031179,"0.031244;0.031179;0.031041",9.032155,110715.55,,4.39,0,3452,10,True,nid007071,57248609
SparseHNSW_a0.75_b6_p256,"M=32 efC=200 ef=50 alpha=0.75 beta=6 q=u8 seedT=8 seedH=8 seedS=4 pat=256",64,0.9532155272,0.9936,149.1896,0.8428,0.0000,0.030936,"0.031042;0.030936;0.030913",8.961761,111585.21,,4.39,0,3452,10,True,nid007071,57248609
SparseHNSW_a0.75_b6_p256,"M=32 efC=200 ef=100 alpha=0.75 beta=6 q=u8 seedT=8 seedH=8 seedS=4 pat=256",64,0.9659038239,0.9974,149.1896,0.8428,0.0000,0.048833,"0.048792;0.048833;0.048845",14.146292,70689.90,,4.39,0,3452,10,True,nid007071,57248609
SparseHNSW_a0.75_b6_p256,"M=32 efC=200 ef=200 alpha=0.75 beta=6 q=u8 seedT=8 seedH=8 seedS=4 pat=256",64,0.9771726535,0.9994,149.1896,0.8428,0.0000,0.089640,"0.089602;0.089640;0.090194",25.967555,38509.59,,4.39,0,3452,10,True,nid007071,57248609
SparseHNSW_a0.75_b6_p256,"M=32 efC=200 ef=400 alpha=0.75 beta=6 q=u8 seedT=8 seedH=8 seedS=4 pat=256",64,0.9831112399,1.0000,149.1896,0.8428,0.0000,0.154930,"0.154967;0.154925;0.154930",44.881228,22281.03,,4.39,0,3452,10,True,nid007071,57248609
SparseHNSW_a0.75_b6_p256,"M=32 efC=200 ef=800 alpha=0.75 beta=6 q=u8 seedT=8 seedH=8 seedS=4 pat=256",64,0.9863847045,1.0000,149.1896,0.8428,0.0000,0.198216,"0.198216;0.198376;0.197544",57.420626,17415.34,,4.39,0,3452,10,True,nid007071,57248609
SparseHNSW_a0.75_b6_p256,"M=32 efC=200 ef=1600 alpha=0.75 beta=6 q=u8 seedT=8 seedH=8 seedS=4 pat=256",64,0.9868482039,1.0000,149.1896,0.8428,0.0000,0.211556,"0.211556;0.211751;0.211292",61.285052,16317.19,,4.39,0,3452,10,True,nid007071,57248609
SparseHNSW_a0.75_b6_p256,"M=32 efC=200 ef=3200 alpha=0.75 beta=6 q=u8 seedT=8 seedH=8 seedS=4 pat=256",64,0.9868771727,1.0000,149.1896,0.8428,0.0000,0.217879,"0.217879;0.217477;0.217918",63.116744,15843.66,,4.39,0,3452,10,True,nid007071,57248609
SparseHNSW_a0.75_b7_p256,"M=32 efC=200 ef=10 alpha=0.75 beta=7 q=u8 seedT=8 seedH=8 seedS=4 pat=256",64,0.9572711472,0.9945,149.1896,0.8428,0.0000,0.036560,"0.036703;0.036560;0.036192",10.590962,94420.13,,4.39,0,3452,10,True,nid007071,57248609
SparseHNSW_a0.75_b7_p256,"M=32 efC=200 ef=20 alpha=0.75 beta=7 q=u8 seedT=8 seedH=8 seedS=4 pat=256",64,0.9572711472,0.9945,149.1896,0.8428,0.0000,0.035958,"0.036146;0.035958;0.035790",10.416570,96000.89,,4.39,0,3452,10,True,nid007071,57248609
SparseHNSW_a0.75_b7_p256,"M=32 efC=200 ef=50 alpha=0.75 beta=7 q=u8 seedT=8 seedH=8 seedS=4 pat=256",64,0.9572711472,0.9945,149.1896,0.8428,0.0000,0.035799,"0.035845;0.035708;0.035799",10.370510,96427.27,,4.39,0,3452,10,True,nid007071,57248609
SparseHNSW_a0.75_b7_p256,"M=32 efC=200 ef=100 alpha=0.75 beta=7 q=u8 seedT=8 seedH=8 seedS=4 pat=256",64,0.9664831981,0.9974,149.1896,0.8428,0.0000,0.049271,"0.049112;0.049327;0.049271",14.273175,70061.50,,4.39,0,3452,10,True,nid007071,57248609
SparseHNSW_a0.75_b7_p256,"M=32 efC=200 ef=200 alpha=0.75 beta=7 q=u8 seedT=8 seedH=8 seedS=4 pat=256",64,0.9777809965,0.9994,149.1896,0.8428,0.0000,0.090085,"0.090085;0.090474;0.089913",26.096466,38319.37,,4.39,0,3452,10,True,nid007071,57248609
SparseHNSW_a0.75_b7_p256,"M=32 efC=200 ef=400 alpha=0.75 beta=7 q=u8 seedT=8 seedH=8 seedS=4 pat=256",64,0.9838354577,1.0000,149.1896,0.8428,0.0000,0.158068,"0.157986;0.158068;0.158199",45.790267,21838.70,,4.39,0,3452,10,True,nid007071,57248609
SparseHNSW_a0.75_b7_p256,"M=32 efC=200 ef=800 alpha=0.75 beta=7 q=u8 seedT=8 seedH=8 seedS=4 pat=256",64,0.9873117034,1.0000,149.1896,0.8428,0.0000,0.208445,"0.208476;0.208176;0.208445",60.383835,16560.72,,4.39,0,3452,10,True,nid007071,57248609
SparseHNSW_a0.75_b7_p256,"M=32 efC=200 ef=1600 alpha=0.75 beta=7 q=u8 seedT=8 seedH=8 seedS=4 pat=256",64,0.9878331402,1.0000,149.1896,0.8428,0.0000,0.225387,"0.224585;0.225387;0.226175",65.291715,15315.88,,4.39,0,3452,10,True,nid007071,57248609
SparseHNSW_a0.75_b7_p256,"M=32 efC=200 ef=3200 alpha=0.75 beta=7 q=u8 seedT=8 seedH=8 seedS=4 pat=256",64,0.9878621089,1.0000,149.1896,0.8428,0.0000,0.232437,"0.233667;0.232045;0.232437",67.334009,14851.34,,4.39,0,3452,10,True,nid007071,57248609
SparseHNSW_a0.75_b8_p256,"M=32 efC=200 ef=10 alpha=0.75 beta=8 q=u8 seedT=8 seedH=8 seedS=4 pat=256",64,0.9614426419,0.9959,149.1896,0.8428,0.0000,0.041202,"0.041437;0.041202;0.040879",11.935689,83782.34,,4.39,0,3452,10,True,nid007071,57248609
SparseHNSW_a0.75_b8_p256,"M=32 efC=200 ef=20 alpha=0.75 beta=8 q=u8 seedT=8 seedH=8 seedS=4 pat=256",64,0.9614426419,0.9959,149.1896,0.8428,0.0000,0.040722,"0.041012;0.040722;0.040647",11.796640,84769.90,,4.39,0,3452,10,True,nid007071,57248609
SparseHNSW_a0.75_b8_p256,"M=32 efC=200 ef=50 alpha=0.75 beta=8 q=u8 seedT=8 seedH=8 seedS=4 pat=256",64,0.9614426419,0.9959,149.1896,0.8428,0.0000,0.040671,"0.040671;0.040633;0.040722",11.781866,84876.20,,4.39,0,3452,10,True,nid007071,57248609
SparseHNSW_a0.75_b8_p256,"M=32 efC=200 ef=100 alpha=0.75 beta=8 q=u8 seedT=8 seedH=8 seedS=4 pat=256",64,0.9668597914,0.9974,149.1896,0.8428,0.0000,0.049591,"0.049703;0.049591;0.049466",14.365875,69609.40,,4.39,0,3452,10,True,nid007071,57248609
SparseHNSW_a0.75_b8_p256,"M=32 efC=200 ef=200 alpha=0.75 beta=8 q=u8 seedT=8 seedH=8 seedS=4 pat=256",64,0.9781865585,0.9994,149.1896,0.8428,0.0000,0.090963,"0.090963;0.090893;0.091065",26.350811,37949.50,,4.39,0,3452,10,True,nid007071,57248609
SparseHNSW_a0.75_b8_p256,"M=32 efC=200 ef=400 alpha=0.75 beta=8 q=u8 seedT=8 seedH=8 seedS=4 pat=256",64,0.9843858633,1.0000,149.1896,0.8428,0.0000,0.160157,"0.160429;0.159929;0.160157",46.395423,21553.85,,4.39,0,3452,10,True,nid007071,57248609
SparseHNSW_a0.75_b8_p256,"M=32 efC=200 ef=800 alpha=0.75 beta=8 q=u8 seedT=8 seedH=8 seedS=4 pat=256",64,0.9880938586,1.0000,149.1896,0.8428,0.0000,0.218541,"0.219374;0.218541;0.218536",63.308517,15795.66,,4.39,0,3452,10,True,nid007071,57248609
SparseHNSW_a0.75_b8_p256,"M=32 efC=200 ef=1600 alpha=0.75 beta=8 q=u8 seedT=8 seedH=8 seedS=4 pat=256",64,0.9887311703,1.0000,149.1896,0.8428,0.0000,0.242133,"0.240996;0.242370;0.242133",70.142816,14256.63,,4.39,0,3452,10,True,nid007071,57248609
SparseHNSW_a0.75_b8_p256,"M=32 efC=200 ef=3200 alpha=0.75 beta=8 q=u8 seedT=8 seedH=8 seedS=4 pat=256",64,0.9887601390,1.0000,149.1896,0.8428,0.0000,0.250890,"0.250468;0.250890;0.251156",72.679606,13759.02,,4.39,0,3452,10,True,nid007071,57248609
SparseHNSW_a0.8_b1_p0,"M=32 efC=200 ef=10 alpha=0.8 beta=1 q=u8 seedT=8 seedH=8 seedS=4",64,0.8270857474,0.6591,165.9582,0.8425,0.0000,0.019368,"0.020127;0.019368;0.018904",5.610660,178232.14,,4.45,0,3452,10,True,nid007071,57248609
SparseHNSW_a0.8_b1_p0,"M=32 efC=200 ef=20 alpha=0.8 beta=1 q=u8 seedT=8 seedH=8 seedS=4",64,0.8270857474,0.6591,165.9582,0.8425,0.0000,0.018453,"0.018508;0.018453;0.018451",5.345597,187069.85,,4.45,0,3452,10,True,nid007071,57248609
SparseHNSW_a0.8_b1_p0,"M=32 efC=200 ef=50 alpha=0.8 beta=1 q=u8 seedT=8 seedH=8 seedS=4",64,0.8416570104,0.6767,165.9582,0.8425,0.0000,0.027150,"0.027324;0.027150;0.027069",7.865006,127145.49,,4.45,0,3452,10,True,nid007071,57248609
SparseHNSW_a0.8_b1_p0,"M=32 efC=200 ef=100 alpha=0.8 beta=1 q=u8 seedT=8 seedH=8 seedS=4",64,0.8569235226,0.6922,165.9582,0.8425,0.0000,0.051220,"0.051245;0.051220;0.051097",14.837775,67395.55,,4.45,0,3452,10,True,nid007071,57248609
SparseHNSW_a0.8_b1_p0,"M=32 efC=200 ef=200 alpha=0.8 beta=1 q=u8 seedT=8 seedH=8 seedS=4",64,0.8650637312,0.7006,165.9582,0.8425,0.0000,0.096846,"0.096574;0.096846;0.097095",28.055041,35644.22,,4.45,0,3452,10,True,nid007071,57248609
SparseHNSW_a0.8_b1_p0,"M=32 efC=200 ef=400 alpha=0.8 beta=1 q=u8 seedT=8 seedH=8 seedS=4",64,0.8695828505,0.7091,165.9582,0.8425,0.0000,0.181358,"0.181358;0.181423;0.180901",52.537080,19034.18,,4.45,0,3452,10,True,nid007071,57248609
SparseHNSW_a0.8_b1_p0,"M=32 efC=200 ef=800 alpha=0.8 beta=1 q=u8 seedT=8 seedH=8 seedS=4",64,0.8714947856,0.7121,165.9582,0.8425,0.0000,0.341493,"0.340498;0.341493;0.341728",98.926130,10108.55,,4.45,0,3452,10,True,nid007071,57248609
SparseHNSW_a0.8_b1_p0,"M=32 efC=200 ef=1600 alpha=0.8 beta=1 q=u8 seedT=8 seedH=8 seedS=4",64,0.8729432213,0.7155,165.9582,0.8425,0.0000,0.652060,"0.652060;0.651570;0.652219",188.893395,5293.99,,4.45,0,3452,10,True,nid007071,57248609
SparseHNSW_a0.8_b1_p0,"M=32 efC=200 ef=3200 alpha=0.8 beta=1 q=u8 seedT=8 seedH=8 seedS=4",64,0.8738991889,0.7165,165.9582,0.8425,0.0000,1.217203,"1.217203;1.215758;1.218019",352.608053,2836.01,,4.45,0,3452,10,True,nid007071,57248609
SparseHNSW_a0.8_b2_p0,"M=32 efC=200 ef=10 alpha=0.8 beta=2 q=u8 seedT=8 seedH=8 seedS=4",64,0.9147740440,0.9809,165.9582,0.8425,0.0000,0.019777,"0.020496;0.019777;0.019590",5.729143,174546.19,,4.45,0,3452,10,True,nid007071,57248609
SparseHNSW_a0.8_b2_p0,"M=32 efC=200 ef=20 alpha=0.8 beta=2 q=u8 seedT=8 seedH=8 seedS=4",64,0.9147740440,0.9809,165.9582,0.8425,0.0000,0.019273,"0.019311;0.019273;0.019207",5.583140,179110.67,,4.45,0,3452,10,True,nid007071,57248609
SparseHNSW_a0.8_b2_p0,"M=32 efC=200 ef=50 alpha=0.8 beta=2 q=u8 seedT=8 seedH=8 seedS=4",64,0.9344148320,0.9884,165.9582,0.8425,0.0000,0.027978,"0.028085;0.027978;0.027884",8.104867,123382.66,,4.45,0,3452,10,True,nid007071,57248609
SparseHNSW_a0.8_b2_p0,"M=32 efC=200 ef=100 alpha=0.8 beta=2 q=u8 seedT=8 seedH=8 seedS=4",64,0.9546929316,0.9962,165.9582,0.8425,0.0000,0.051862,"0.052046;0.051862;0.051639",15.023754,66561.26,,4.45,0,3452,10,True,nid007071,57248609
SparseHNSW_a0.8_b2_p0,"M=32 efC=200 ef=200 alpha=0.8 beta=2 q=u8 seedT=8 seedH=8 seedS=4",64,0.9656431054,0.9994,165.9582,0.8425,0.0000,0.097257,"0.097248;0.097257;0.097443",28.174102,35493.59,,4.45,0,3452,10,True,nid007071,57248609
SparseHNSW_a0.8_b2_p0,"M=32 efC=200 ef=400 alpha=0.8 beta=2 q=u8 seedT=8 seedH=8 seedS=4",64,0.9718424102,1.0000,165.9582,0.8425,0.0000,0.181361,"0.182220;0.181330;0.181361",52.537949,19033.86,,4.45,0,3452,10,True,nid007071,57248609
SparseHNSW_a0.8_b2_p0,"M=32 efC=200 ef=800 alpha=0.8 beta=2 q=u8 seedT=8 seedH=8 seedS=4",64,0.9753186559,1.0000,165.9582,0.8425,0.0000,0.341094,"0.340600;0.341094;0.341407",98.810545,10120.38,,4.45,0,3452,10,True,nid007071,57248609
SparseHNSW_a0.8_b2_p0,"M=32 efC=200 ef=1600 alpha=0.8 beta=2 q=u8 seedT=8 seedH=8 seedS=4",64,0.9775492468,1.0000,165.9582,0.8425,0.0000,0.653558,"0.651266;0.653558;0.654045",189.327346,5281.86,,4.45,0,3452,10,True,nid007071,57248609
SparseHNSW_a0.8_b2_p0,"M=32 efC=200 ef=3200 alpha=0.8 beta=2 q=u8 seedT=8 seedH=8 seedS=4",64,0.9794032445,1.0000,165.9582,0.8425,0.0000,1.216921,"1.215273;1.216921;1.217837",352.526362,2836.67,,4.45,0,3452,10,True,nid007071,57248609
SparseHNSW_a0.8_b3_p0,"M=32 efC=200 ef=10 alpha=0.8 beta=3 q=u8 seedT=8 seedH=8 seedS=4",64,0.9217555041,0.9809,165.9582,0.8425,0.0000,0.020272,"0.020977;0.020272;0.019859",5.872538,170284.14,,4.45,0,3452,10,True,nid007071,57248609
SparseHNSW_a0.8_b3_p0,"M=32 efC=200 ef=20 alpha=0.8 beta=3 q=u8 seedT=8 seedH=8 seedS=4",64,0.9217555041,0.9809,165.9582,0.8425,0.0000,0.019647,"0.019849;0.019647;0.019528",5.691483,175701.12,,4.45,0,3452,10,True,nid007071,57248609
SparseHNSW_a0.8_b3_p0,"M=32 efC=200 ef=50 alpha=0.8 beta=3 q=u8 seedT=8 seedH=8 seedS=4",64,0.9426129780,0.9884,165.9582,0.8425,0.0000,0.028360,"0.028443;0.028360;0.028041",8.215527,121720.73,,4.45,0,3452,10,True,nid007071,57248609
SparseHNSW_a0.8_b3_p0,"M=32 efC=200 ef=100 alpha=0.8 beta=3 q=u8 seedT=8 seedH=8 seedS=4",64,0.9638180765,0.9962,165.9582,0.8425,0.0000,0.052383,"0.052428;0.052280;0.052383",15.174681,65899.24,,4.45,0,3452,10,True,nid007071,57248609
SparseHNSW_a0.8_b3_p0,"M=32 efC=200 ef=200 alpha=0.8 beta=3 q=u8 seedT=8 seedH=8 seedS=4",64,0.9755504056,0.9994,165.9582,0.8425,0.0000,0.097459,"0.097696;0.097459;0.097422",28.232619,35420.02,,4.45,0,3452,10,True,nid007071,57248609
SparseHNSW_a0.8_b3_p0,"M=32 efC=200 ef=400 alpha=0.8 beta=3 q=u8 seedT=8 seedH=8 seedS=4",64,0.9822421784,1.0000,165.9582,0.8425,0.0000,0.181265,"0.181166;0.181265;0.182086",52.510139,19043.94,,4.45,0,3452,10,True,nid007071,57248609
SparseHNSW_a0.8_b3_p0,"M=32 efC=200 ef=800 alpha=0.8 beta=3 q=u8 seedT=8 seedH=8 seedS=4",64,0.9858632677,1.0000,165.9582,0.8425,0.0000,0.340882,"0.340721;0.341373;0.340882",98.749131,10126.67,,4.45,0,3452,10,True,nid007071,57248609
SparseHNSW_a0.8_b3_p0,"M=32 efC=200 ef=1600 alpha=0.8 beta=3 q=u8 seedT=8 seedH=8 seedS=4",64,0.9882966396,1.0000,165.9582,0.8425,0.0000,0.651861,"0.652171;0.651378;0.651861",188.835747,5295.61,,4.45,0,3452,10,True,nid007071,57248609
SparseHNSW_a0.8_b3_p0,"M=32 efC=200 ef=3200 alpha=0.8 beta=3 q=u8 seedT=8 seedH=8 seedS=4",64,0.9902665122,1.0000,165.9582,0.8425,0.0000,1.216570,"1.216570;1.218870;1.215980",352.424681,2837.49,,4.45,0,3452,10,True,nid007071,57248609
SparseHNSW_a0.8_b4_p0,"M=32 efC=200 ef=10 alpha=0.8 beta=4 q=u8 seedT=8 seedH=8 seedS=4",64,0.9338933951,0.9841,165.9582,0.8425,0.0000,0.024316,"0.024984;0.024316;0.023883",7.044032,141964.14,,4.45,0,3452,10,True,nid007071,57248609
SparseHNSW_a0.8_b4_p0,"M=32 efC=200 ef=20 alpha=0.8 beta=4 q=u8 seedT=8 seedH=8 seedS=4",64,0.9338933951,0.9841,165.9582,0.8425,0.0000,0.023751,"0.023776;0.023538;0.023751",6.880359,145341.25,,4.45,0,3452,10,True,nid007071,57248609
SparseHNSW_a0.8_b4_p0,"M=32 efC=200 ef=50 alpha=0.8 beta=4 q=u8 seedT=8 seedH=8 seedS=4",64,0.9442931634,0.9884,165.9582,0.8425,0.0000,0.028513,"0.028633;0.028513;0.028362",8.259849,121067.58,,4.45,0,3452,10,True,nid007071,57248609
SparseHNSW_a0.8_b4_p0,"M=32 efC=200 ef=100 alpha=0.8 beta=4 q=u8 seedT=8 seedH=8 seedS=4",64,0.9657010429,0.9962,165.9582,0.8425,0.0000,0.052645,"0.052803;0.052645;0.052442",15.250579,65571.28,,4.45,0,3452,10,True,nid007071,57248609
SparseHNSW_a0.8_b4_p0,"M=32 efC=200 ef=200 alpha=0.8 beta=4 q=u8 seedT=8 seedH=8 seedS=4",64,0.9776071842,0.9994,165.9582,0.8425,0.0000,0.097719,"0.097719;0.097933;0.097349",28.307937,35325.78,,4.45,0,3452,10,True,nid007071,57248609
SparseHNSW_a0.8_b4_p0,"M=32 efC=200 ef=400 alpha=0.8 beta=4 q=u8 seedT=8 seedH=8 seedS=4",64,0.9845307068,1.0000,165.9582,0.8425,0.0000,0.181988,"0.181988;0.181541;0.182294",52.719583,18968.28,,4.45,0,3452,10,True,nid007071,57248609
SparseHNSW_a0.8_b4_p0,"M=32 efC=200 ef=800 alpha=0.8 beta=4 q=u8 seedT=8 seedH=8 seedS=4",64,0.9881807648,1.0000,165.9582,0.8425,0.0000,0.341567,"0.341615;0.341567;0.341097",98.947567,10106.36,,4.45,0,3452,10,True,nid007071,57248609
SparseHNSW_a0.8_b4_p0,"M=32 efC=200 ef=1600 alpha=0.8 beta=4 q=u8 seedT=8 seedH=8 seedS=4",64,0.9906431054,1.0000,165.9582,0.8425,0.0000,0.652091,"0.653068;0.652091;0.651414",188.902375,5293.74,,4.45,0,3452,10,True,nid007071,57248609
SparseHNSW_a0.8_b4_p0,"M=32 efC=200 ef=3200 alpha=0.8 beta=4 q=u8 seedT=8 seedH=8 seedS=4",64,0.9926709154,1.0000,165.9582,0.8425,0.0000,1.218238,"1.218655;1.218238;1.218209",352.907879,2833.60,,4.45,0,3452,10,True,nid007071,57248609
SparseHNSW_a0.8_b5_p0,"M=32 efC=200 ef=10 alpha=0.8 beta=5 q=u8 seedT=8 seedH=8 seedS=4",64,0.9448725377,0.9884,165.9582,0.8425,0.0000,0.029497,"0.030018;0.029497;0.029130",8.544902,117028.85,,4.45,0,3452,10,True,nid007071,57248609
SparseHNSW_a0.8_b5_p0,"M=32 efC=200 ef=20 alpha=0.8 beta=5 q=u8 seedT=8 seedH=8 seedS=4",64,0.9448725377,0.9884,165.9582,0.8425,0.0000,0.028839,"0.028839;0.028898;0.028769",8.354287,119699.02,,4.45,0,3452,10,True,nid007071,57248609
SparseHNSW_a0.8_b5_p0,"M=32 efC=200 ef=50 alpha=0.8 beta=5 q=u8 seedT=8 seedH=8 seedS=4",64,0.9448725377,0.9884,165.9582,0.8425,0.0000,0.028730,"0.028730;0.028789;0.028644",8.322711,120153.15,,4.45,0,3452,10,True,nid007071,57248609
SparseHNSW_a0.8_b5_p0,"M=32 efC=200 ef=100 alpha=0.8 beta=5 q=u8 seedT=8 seedH=8 seedS=4",64,0.9665411356,0.9962,165.9582,0.8425,0.0000,0.052758,"0.052816;0.052724;0.052758",15.283314,65430.84,,4.45,0,3452,10,True,nid007071,57248609
SparseHNSW_a0.8_b5_p0,"M=32 efC=200 ef=200 alpha=0.8 beta=5 q=u8 seedT=8 seedH=8 seedS=4",64,0.9786210892,0.9994,165.9582,0.8425,0.0000,0.098105,"0.098105;0.098540;0.098030",28.419757,35186.79,,4.45,0,3452,10,True,nid007071,57248609
SparseHNSW_a0.8_b5_p0,"M=32 efC=200 ef=400 alpha=0.8 beta=5 q=u8 seedT=8 seedH=8 seedS=4",64,0.9854866744,1.0000,165.9582,0.8425,0.0000,0.182824,"0.182087;0.183399;0.182824",52.961761,18881.55,,4.45,0,3452,10,True,nid007071,57248609
SparseHNSW_a0.8_b5_p0,"M=32 efC=200 ef=800 alpha=0.8 beta=5 q=u8 seedT=8 seedH=8 seedS=4",64,0.9891657010,1.0000,165.9582,0.8425,0.0000,0.341117,"0.341117;0.342343;0.341017",98.817207,10119.70,,4.45,0,3452,10,True,nid007071,57248609
SparseHNSW_a0.8_b5_p0,"M=32 efC=200 ef=1600 alpha=0.8 beta=5 q=u8 seedT=8 seedH=8 seedS=4",64,0.9915701043,1.0000,165.9582,0.8425,0.0000,0.651838,"0.651838;0.651445;0.654039",188.829085,5295.79,,4.45,0,3452,10,True,nid007071,57248609
SparseHNSW_a0.8_b5_p0,"M=32 efC=200 ef=3200 alpha=0.8 beta=5 q=u8 seedT=8 seedH=8 seedS=4",64,0.9936268830,1.0000,165.9582,0.8425,0.0000,1.218360,"1.218360;1.217329;1.219901",352.943221,2833.32,,4.45,0,3452,10,True,nid007071,57248609
SparseHNSW_a0.8_b6_p0,"M=32 efC=200 ef=10 alpha=0.8 beta=6 q=u8 seedT=8 seedH=8 seedS=4",64,0.9530996524,0.9928,165.9582,0.8425,0.0000,0.035081,"0.035527;0.035081;0.034785",10.162514,98400.84,,4.45,0,3452,10,True,nid007071,57248609
SparseHNSW_a0.8_b6_p0,"M=32 efC=200 ef=20 alpha=0.8 beta=6 q=u8 seedT=8 seedH=8 seedS=4",64,0.9530996524,0.9928,165.9582,0.8425,0.0000,0.034296,"0.034413;0.034296;0.034090",9.935110,100653.14,,4.45,0,3452,10,True,nid007071,57248609
SparseHNSW_a0.8_b6_p0,"M=32 efC=200 ef=50 alpha=0.8 beta=6 q=u8 seedT=8 seedH=8 seedS=4",64,0.9530996524,0.9928,165.9582,0.8425,0.0000,0.034139,"0.034227;0.034139;0.034000",9.889629,101116.03,,4.45,0,3452,10,True,nid007071,57248609
SparseHNSW_a0.8_b6_p0,"M=32 efC=200 ef=100 alpha=0.8 beta=6 q=u8 seedT=8 seedH=8 seedS=4",64,0.9668597914,0.9962,165.9582,0.8425,0.0000,0.053106,"0.053210;0.052996;0.053106",15.384125,65002.07,,4.45,0,3452,10,True,nid007071,57248609
SparseHNSW_a0.8_b6_p0,"M=32 efC=200 ef=200 alpha=0.8 beta=6 q=u8 seedT=8 seedH=8 seedS=4",64,0.9790266512,0.9994,165.9582,0.8425,0.0000,0.098377,"0.098402;0.098265;0.098377",28.498552,35089.50,,4.45,0,3452,10,True,nid007071,57248609
SparseHNSW_a0.8_b6_p0,"M=32 efC=200 ef=400 alpha=0.8 beta=6 q=u8 seedT=8 seedH=8 seedS=4",64,0.9859501738,1.0000,165.9582,0.8425,0.0000,0.182055,"0.181794;0.182114;0.182055",52.738992,18961.30,,4.45,0,3452,10,True,nid007071,57248609
SparseHNSW_a0.8_b6_p0,"M=32 efC=200 ef=800 alpha=0.8 beta=6 q=u8 seedT=8 seedH=8 seedS=4",64,0.9896581692,1.0000,165.9582,0.8425,0.0000,0.341542,"0.340509;0.341542;0.342170",98.940324,10107.10,,4.45,0,3452,10,True,nid007071,57248609
SparseHNSW_a0.8_b6_p0,"M=32 efC=200 ef=1600 alpha=0.8 beta=6 q=u8 seedT=8 seedH=8 seedS=4",64,0.9921494786,1.0000,165.9582,0.8425,0.0000,0.651969,"0.651969;0.653357;0.651124",188.867034,5294.73,,4.45,0,3452,10,True,nid007071,57248609
SparseHNSW_a0.8_b6_p0,"M=32 efC=200 ef=3200 alpha=0.8 beta=6 q=u8 seedT=8 seedH=8 seedS=4",64,0.9941483198,1.0000,165.9582,0.8425,0.0000,1.219264,"1.219292;1.219264;1.218956",353.205098,2831.22,,4.45,0,3452,10,True,nid007071,57248609
SparseHNSW_a0.8_b7_p0,"M=32 efC=200 ef=10 alpha=0.8 beta=7 q=u8 seedT=8 seedH=8 seedS=4",64,0.9575608343,0.9936,165.9582,0.8425,0.0000,0.039699,"0.040188;0.039699;0.039446",11.500290,86954.33,,4.45,0,3452,10,True,nid007071,57248609
SparseHNSW_a0.8_b7_p0,"M=32 efC=200 ef=20 alpha=0.8 beta=7 q=u8 seedT=8 seedH=8 seedS=4",64,0.9575608343,0.9936,165.9582,0.8425,0.0000,0.039180,"0.039427;0.039180;0.039014",11.349942,88106.18,,4.45,0,3452,10,True,nid007071,57248609
SparseHNSW_a0.8_b7_p0,"M=32 efC=200 ef=50 alpha=0.8 beta=7 q=u8 seedT=8 seedH=8 seedS=4",64,0.9575608343,0.9936,165.9582,0.8425,0.0000,0.039144,"0.039144;0.039183;0.039040",11.339513,88187.21,,4.45,0,3452,10,True,nid007071,57248609
SparseHNSW_a0.8_b7_p0,"M=32 efC=200 ef=100 alpha=0.8 beta=7 q=u8 seedT=8 seedH=8 seedS=4",64,0.9671205098,0.9962,165.9582,0.8425,0.0000,0.053365,"0.053267;0.053365;0.053446",15.459154,64686.59,,4.45,0,3452,10,True,nid007071,57248609
SparseHNSW_a0.8_b7_p0,"M=32 efC=200 ef=200 alpha=0.8 beta=7 q=u8 seedT=8 seedH=8 seedS=4",64,0.9792873696,0.9994,165.9582,0.8425,0.0000,0.098660,"0.098507;0.098732;0.098660",28.580533,34988.85,,4.45,0,3452,10,True,nid007071,57248609
SparseHNSW_a0.8_b7_p0,"M=32 efC=200 ef=400 alpha=0.8 beta=7 q=u8 seedT=8 seedH=8 seedS=4",64,0.9862398610,1.0000,165.9582,0.8425,0.0000,0.183150,"0.181888;0.183150;0.183268",53.056199,18847.94,,4.45,0,3452,10,True,nid007071,57248609
SparseHNSW_a0.8_b7_p0,"M=32 efC=200 ef=800 alpha=0.8 beta=7 q=u8 seedT=8 seedH=8 seedS=4",64,0.9899768250,1.0000,165.9582,0.8425,0.0000,0.341980,"0.341980;0.341832;0.342189",99.067207,10094.16,,4.45,0,3452,10,True,nid007071,57248609
SparseHNSW_a0.8_b7_p0,"M=32 efC=200 ef=1600 alpha=0.8 beta=7 q=u8 seedT=8 seedH=8 seedS=4",64,0.9924681344,1.0000,165.9582,0.8425,0.0000,0.653435,"0.653435;0.652883;0.655027",189.291715,5282.85,,4.45,0,3452,10,True,nid007071,57248609
SparseHNSW_a0.8_b7_p0,"M=32 efC=200 ef=3200 alpha=0.8 beta=7 q=u8 seedT=8 seedH=8 seedS=4",64,0.9945538818,1.0000,165.9582,0.8425,0.0000,1.215929,"1.216664;1.215929;1.215559",352.238992,2838.98,,4.45,0,3452,10,True,nid007071,57248609
SparseHNSW_a0.8_b8_p0,"M=32 efC=200 ef=10 alpha=0.8 beta=8 q=u8 seedT=8 seedH=8 seedS=4",64,0.9628041715,0.9957,165.9582,0.8425,0.0000,0.044915,"0.045122;0.044915;0.044620",13.011298,76856.28,,4.45,0,3452,10,True,nid007071,57248609
SparseHNSW_a0.8_b8_p0,"M=32 efC=200 ef=20 alpha=0.8 beta=8 q=u8 seedT=8 seedH=8 seedS=4",64,0.9628041715,0.9957,165.9582,0.8425,0.0000,0.044266,"0.044430;0.044266;0.044186",12.823291,77983.10,,4.45,0,3452,10,True,nid007071,57248609
SparseHNSW_a0.8_b8_p0,"M=32 efC=200 ef=50 alpha=0.8 beta=8 q=u8 seedT=8 seedH=8 seedS=4",64,0.9628041715,0.9957,165.9582,0.8425,0.0000,0.044194,"0.044194;0.044244;0.044093",12.802433,78110.15,,4.45,0,3452,10,True,nid007071,57248609
SparseHNSW_a0.8_b8_p0,"M=32 efC=200 ef=100 alpha=0.8 beta=8 q=u8 seedT=8 seedH=8 seedS=4",64,0.9673232908,0.9962,165.9582,0.8425,0.0000,0.053775,"0.053775;0.053893;0.053658",15.577926,64193.40,,4.45,0,3452,10,True,nid007071,57248609
SparseHNSW_a0.8_b8_p0,"M=32 efC=200 ef=200 alpha=0.8 beta=8 q=u8 seedT=8 seedH=8 seedS=4",64,0.9795191194,0.9994,165.9582,0.8425,0.0000,0.099180,"0.098714;0.099180;0.099296",28.731170,34805.40,,4.45,0,3452,10,True,nid007071,57248609
SparseHNSW_a0.8_b8_p0,"M=32 efC=200 ef=400 alpha=0.8 beta=8 q=u8 seedT=8 seedH=8 seedS=4",64,0.9863847045,1.0000,165.9582,0.8425,0.0000,0.182898,"0.182793;0.183604;0.182898",52.983198,18873.91,,4.45,0,3452,10,True,nid007071,57248609
SparseHNSW_a0.8_b8_p0,"M=32 efC=200 ef=800 alpha=0.8 beta=8 q=u8 seedT=8 seedH=8 seedS=4",64,0.9901216686,1.0000,165.9582,0.8425,0.0000,0.341395,"0.341270;0.341395;0.341682",98.897740,10111.45,,4.45,0,3452,10,True,nid007071,57248609
SparseHNSW_a0.8_b8_p0,"M=32 efC=200 ef=1600 alpha=0.8 beta=8 q=u8 seedT=8 seedH=8 seedS=4",64,0.9926419467,1.0000,165.9582,0.8425,0.0000,0.653296,"0.654200;0.651728;0.653296",189.251448,5283.98,,4.45,0,3452,10,True,nid007071,57248609
SparseHNSW_a0.8_b8_p0,"M=32 efC=200 ef=3200 alpha=0.8 beta=8 q=u8 seedT=8 seedH=8 seedS=4",64,0.9947276941,1.0000,165.9582,0.8425,0.0000,1.219215,"1.218495;1.219699;1.219215",353.190904,2831.33,,4.46,0,3452,10,True,nid007071,57248609
SparseHNSW_a0.8_b1_p64,"M=32 efC=200 ef=10 alpha=0.8 beta=1 q=u8 seedT=8 seedH=8 seedS=4 pat=64",64,0.8270857474,0.6591,165.9582,0.8425,0.0000,0.019018,"0.019780;0.019018;0.018684",5.509270,181512.25,,4.46,0,3452,10,True,nid007071,57248609
SparseHNSW_a0.8_b1_p64,"M=32 efC=200 ef=20 alpha=0.8 beta=1 q=u8 seedT=8 seedH=8 seedS=4 pat=64",64,0.8270857474,0.6591,165.9582,0.8425,0.0000,0.018452,"0.018560;0.018452;0.018441",5.345307,187079.99,,4.46,0,3452,10,True,nid007071,57248609
SparseHNSW_a0.8_b1_p64,"M=32 efC=200 ef=50 alpha=0.8 beta=1 q=u8 seedT=8 seedH=8 seedS=4 pat=64",64,0.8416570104,0.6767,165.9582,0.8425,0.0000,0.027105,"0.027292;0.027105;0.027039",7.851970,127356.58,,4.46,0,3452,10,True,nid007071,57248609
SparseHNSW_a0.8_b1_p64,"M=32 efC=200 ef=100 alpha=0.8 beta=1 q=u8 seedT=8 seedH=8 seedS=4 pat=64",64,0.8555040556,0.6904,165.9582,0.8425,0.0000,0.042983,"0.043202;0.042983;0.042832",12.451622,80310.82,,4.46,0,3452,10,True,nid007071,57248609
SparseHNSW_a0.8_b1_p64,"M=32 efC=200 ef=200 alpha=0.8 beta=1 q=u8 seedT=8 seedH=8 seedS=4 pat=64",64,0.8578215527,0.6919,165.9582,0.8425,0.0000,0.046717,"0.046717;0.046415;0.046886",13.533314,73891.73,,4.46,0,3452,10,True,nid007071,57248609
SparseHNSW_a0.8_b1_p64,"M=32 efC=200 ef=400 alpha=0.8 beta=1 q=u8 seedT=8 seedH=8 seedS=4 pat=64",64,0.8578505214,0.6921,165.9582,0.8425,0.0000,0.048077,"0.048077;0.048134;0.048021",13.927289,71801.49,,4.46,0,3452,10,True,nid007071,57248609
SparseHNSW_a0.8_b1_p64,"M=32 efC=200 ef=800 alpha=0.8 beta=1 q=u8 seedT=8 seedH=8 seedS=4 pat=64",64,0.8578505214,0.6921,165.9582,0.8425,0.0000,0.049751,"0.049751;0.049751;0.049997",14.412225,69385.54,,4.46,0,3452,10,True,nid007071,57248609
SparseHNSW_a0.8_b1_p64,"M=32 efC=200 ef=1600 alpha=0.8 beta=1 q=u8 seedT=8 seedH=8 seedS=4 pat=64",64,0.8578505214,0.6921,165.9582,0.8425,0.0000,0.052589,"0.052588;0.052856;0.052589",15.234357,65641.10,,4.46,0,3452,10,True,nid007071,57248609
SparseHNSW_a0.8_b1_p64,"M=32 efC=200 ef=3200 alpha=0.8 beta=1 q=u8 seedT=8 seedH=8 seedS=4 pat=64",64,0.8578505214,0.6921,165.9582,0.8425,0.0000,0.055433,"0.055138;0.055433;0.055921",16.058227,62273.38,,4.46,0,3452,10,True,nid007071,57248609
SparseHNSW_a0.8_b2_p64,"M=32 efC=200 ef=10 alpha=0.8 beta=2 q=u8 seedT=8 seedH=8 seedS=4 pat=64",64,0.9147740440,0.9809,165.9582,0.8425,0.0000,0.019622,"0.020197;0.019622;0.019472",5.684241,175924.98,,4.46,0,3452,10,True,nid007071,57248609
SparseHNSW_a0.8_b2_p64,"M=32 efC=200 ef=20 alpha=0.8 beta=2 q=u8 seedT=8 seedH=8 seedS=4 pat=64",64,0.9147740440,0.9809,165.9582,0.8425,0.0000,0.019161,"0.019291;0.019161;0.019136",5.550695,180157.61,,4.46,0,3452,10,True,nid007071,57248609
SparseHNSW_a0.8_b2_p64,"M=32 efC=200 ef=50 alpha=0.8 beta=2 q=u8 seedT=8 seedH=8 seedS=4 pat=64",64,0.9344148320,0.9884,165.9582,0.8425,0.0000,0.027792,"0.027880;0.027792;0.027735",8.050985,124208.41,,4.46,0,3452,10,True,nid007071,57248609
SparseHNSW_a0.8_b2_p64,"M=32 efC=200 ef=100 alpha=0.8 beta=2 q=u8 seedT=8 seedH=8 seedS=4 pat=64",64,0.9542004635,0.9962,165.9582,0.8425,0.0000,0.047473,"0.047473;0.047301;0.047518",13.752317,72715.02,,4.46,0,3452,10,True,nid007071,57248609
SparseHNSW_a0.8_b2_p64,"M=32 efC=200 ef=200 alpha=0.8 beta=2 q=u8 seedT=8 seedH=8 seedS=4 pat=64",64,0.9589513326,0.9977,165.9582,0.8425,0.0000,0.055125,"0.055125;0.055457;0.055113",15.969003,62621.32,,4.46,0,3452,10,True,nid007071,57248609
SparseHNSW_a0.8_b2_p64,"M=32 efC=200 ef=400 alpha=0.8 beta=2 q=u8 seedT=8 seedH=8 seedS=4 pat=64",64,0.9593279258,0.9977,165.9582,0.8425,0.0000,0.057427,"0.057427;0.057300;0.057642",16.635863,60111.10,,4.46,0,3452,10,True,nid007071,57248609
SparseHNSW_a0.8_b2_p64,"M=32 efC=200 ef=800 alpha=0.8 beta=2 q=u8 seedT=8 seedH=8 seedS=4 pat=64",64,0.9593279258,0.9977,165.9582,0.8425,0.0000,0.059460,"0.059523;0.059460;0.059312",17.224797,58055.84,,4.46,0,3452,10,True,nid007071,57248609
SparseHNSW_a0.8_b2_p64,"M=32 efC=200 ef=1600 alpha=0.8 beta=2 q=u8 seedT=8 seedH=8 seedS=4 pat=64",64,0.9593279258,0.9977,165.9582,0.8425,0.0000,0.062689,"0.062751;0.062245;0.062689",18.160197,55065.48,,4.46,0,3452,10,True,nid007071,57248609
SparseHNSW_a0.8_b2_p64,"M=32 efC=200 ef=3200 alpha=0.8 beta=2 q=u8 seedT=8 seedH=8 seedS=4 pat=64",64,0.9593279258,0.9977,165.9582,0.8425,0.0000,0.066263,"0.066263;0.066366;0.065831",19.195539,52095.44,,4.46,0,3452,10,True,nid007071,57248609
SparseHNSW_a0.8_b3_p64,"M=32 efC=200 ef=10 alpha=0.8 beta=3 q=u8 seedT=8 seedH=8 seedS=4 pat=64",64,0.9217555041,0.9809,165.9582,0.8425,0.0000,0.020113,"0.020653;0.020113;0.019892",5.826477,171630.29,,4.46,0,3452,10,True,nid007071,57248609
SparseHNSW_a0.8_b3_p64,"M=32 efC=200 ef=20 alpha=0.8 beta=3 q=u8 seedT=8 seedH=8 seedS=4 pat=64",64,0.9217555041,0.9809,165.9582,0.8425,0.0000,0.019632,"0.019632;0.019599;0.019662",5.687138,175835.37,,4.46,0,3452,10,True,nid007071,57248609
SparseHNSW_a0.8_b3_p64,"M=32 efC=200 ef=50 alpha=0.8 beta=3 q=u8 seedT=8 seedH=8 seedS=4 pat=64",64,0.9426129780,0.9884,165.9582,0.8425,0.0000,0.028210,"0.028375;0.028210;0.028114",8.172074,122367.95,,4.46,0,3452,10,True,nid007071,57248609
SparseHNSW_a0.8_b3_p64,"M=32 efC=200 ef=100 alpha=0.8 beta=3 q=u8 seedT=8 seedH=8 seedS=4 pat=64",64,0.9635573581,0.9962,165.9582,0.8425,0.0000,0.050201,"0.050201;0.050358;0.050075",14.542584,68763.57,,4.46,0,3452,10,True,nid007071,57248609
SparseHNSW_a0.8_b3_p64,"M=32 efC=200 ef=200 alpha=0.8 beta=3 q=u8 seedT=8 seedH=8 seedS=4 pat=64",64,0.9707415991,0.9986,165.9582,0.8425,0.0000,0.063298,"0.062834;0.063493;0.063298",18.336616,54535.69,,4.46,0,3452,10,True,nid007071,57248609
SparseHNSW_a0.8_b3_p64,"M=32 efC=200 ef=400 alpha=0.8 beta=3 q=u8 seedT=8 seedH=8 seedS=4 pat=64",64,0.9715816918,0.9986,165.9582,0.8425,0.0000,0.066407,"0.066405;0.066442;0.066407",19.237254,51982.47,,4.46,0,3452,10,True,nid007071,57248609
SparseHNSW_a0.8_b3_p64,"M=32 efC=200 ef=800 alpha=0.8 beta=3 q=u8 seedT=8 seedH=8 seedS=4 pat=64",64,0.9716106605,0.9986,165.9582,0.8425,0.0000,0.068582,"0.068578;0.068582;0.068635",19.867323,50333.91,,4.46,0,3452,10,True,nid007071,57248609
SparseHNSW_a0.8_b3_p64,"M=32 efC=200 ef=1600 alpha=0.8 beta=3 q=u8 seedT=8 seedH=8 seedS=4 pat=64",64,0.9716106605,0.9986,165.9582,0.8425,0.0000,0.071801,"0.071702;0.071801;0.071869",20.799826,48077.32,,4.46,0,3452,10,True,nid007071,57248609
SparseHNSW_a0.8_b3_p64,"M=32 efC=200 ef=3200 alpha=0.8 beta=3 q=u8 seedT=8 seedH=8 seedS=4 pat=64",64,0.9716106605,0.9986,165.9582,0.8425,0.0000,0.075784,"0.075722;0.075807;0.075784",21.953650,45550.51,,4.46,0,3452,10,True,nid007071,57248609
SparseHNSW_a0.8_b4_p64,"M=32 efC=200 ef=10 alpha=0.8 beta=4 q=u8 seedT=8 seedH=8 seedS=4 pat=64",64,0.9338933951,0.9841,165.9582,0.8425,0.0000,0.023975,"0.024573;0.023975;0.023878",6.945249,143983.32,,4.46,0,3452,10,True,nid007071,57248609
SparseHNSW_a0.8_b4_p64,"M=32 efC=200 ef=20 alpha=0.8 beta=4 q=u8 seedT=8 seedH=8 seedS=4 pat=64",64,0.9338933951,0.9841,165.9582,0.8425,0.0000,0.023698,"0.023704;0.023698;0.023578",6.865006,145666.30,,4.46,0,3452,10,True,nid007071,57248609
SparseHNSW_a0.8_b4_p64,"M=32 efC=200 ef=50 alpha=0.8 beta=4 q=u8 seedT=8 seedH=8 seedS=4 pat=64",64,0.9442931634,0.9884,165.9582,0.8425,0.0000,0.028344,"0.028412;0.028340;0.028344",8.210892,121789.44,,4.46,0,3452,10,True,nid007071,57248609
SparseHNSW_a0.8_b4_p64,"M=32 efC=200 ef=100 alpha=0.8 beta=4 q=u8 seedT=8 seedH=8 seedS=4 pat=64",64,0.9654982619,0.9962,165.9582,0.8425,0.0000,0.051808,"0.051827;0.051761;0.051808",15.008111,66630.64,,4.46,0,3452,10,True,nid007071,57248609
SparseHNSW_a0.8_b4_p64,"M=32 efC=200 ef=200 alpha=0.8 beta=4 q=u8 seedT=8 seedH=8 seedS=4 pat=64",64,0.9740730012,0.9988,165.9582,0.8425,0.0000,0.070652,"0.070652;0.070595;0.070678",20.466976,48859.20,,4.46,0,3452,10,True,nid007071,57248609
SparseHNSW_a0.8_b4_p64,"M=32 efC=200 ef=400 alpha=0.8 beta=4 q=u8 seedT=8 seedH=8 seedS=4 pat=64",64,0.9760718424,0.9988,165.9582,0.8425,0.0000,0.075689,"0.075587;0.075695;0.075689",21.926130,45607.68,,4.46,0,3452,10,True,nid007071,57248609
SparseHNSW_a0.8_b4_p64,"M=32 efC=200 ef=800 alpha=0.8 beta=4 q=u8 seedT=8 seedH=8 seedS=4 pat=64",64,0.9761008111,0.9988,165.9582,0.8425,0.0000,0.078046,"0.078046;0.078014;0.078146",22.608922,44230.33,,4.46,0,3452,10,True,nid007071,57248609
SparseHNSW_a0.8_b4_p64,"M=32 efC=200 ef=1600 alpha=0.8 beta=4 q=u8 seedT=8 seedH=8 seedS=4 pat=64",64,0.9761008111,0.9988,165.9582,0.8425,0.0000,0.081139,"0.081139;0.081099;0.081175",23.504925,42544.28,,4.46,0,3452,10,True,nid007071,57248609
SparseHNSW_a0.8_b4_p64,"M=32 efC=200 ef=3200 alpha=0.8 beta=4 q=u8 seedT=8 seedH=8 seedS=4 pat=64",64,0.9761008111,0.9988,165.9582,0.8425,0.0000,0.085435,"0.085531;0.085435;0.085366",24.749421,40404.99,,4.46,0,3452,10,True,nid007071,57248609
SparseHNSW_a0.8_b5_p64,"M=32 efC=200 ef=10 alpha=0.8 beta=5 q=u8 seedT=8 seedH=8 seedS=4 pat=64",64,0.9448725377,0.9884,165.9582,0.8425,0.0000,0.029285,"0.029677;0.029285;0.029076",8.483488,117876.05,,4.46,0,3452,10,True,nid007071,57248609
SparseHNSW_a0.8_b5_p64,"M=32 efC=200 ef=20 alpha=0.8 beta=5 q=u8 seedT=8 seedH=8 seedS=4 pat=64",64,0.9448725377,0.9884,165.9582,0.8425,0.0000,0.028763,"0.028815;0.028763;0.028722",8.332271,120015.30,,4.46,0,3452,10,True,nid007071,57248609
SparseHNSW_a0.8_b5_p64,"M=32 efC=200 ef=50 alpha=0.8 beta=5 q=u8 seedT=8 seedH=8 seedS=4 pat=64",64,0.9448725377,0.9884,165.9582,0.8425,0.0000,0.028604,"0.028648;0.028591;0.028604",8.286211,120682.42,,4.46,0,3452,10,True,nid007071,57248609
SparseHNSW_a0.8_b5_p64,"M=32 efC=200 ef=100 alpha=0.8 beta=5 q=u8 seedT=8 seedH=8 seedS=4 pat=64",64,0.9663383546,0.9962,165.9582,0.8425,0.0000,0.052506,"0.052793;0.052506;0.052444",15.210313,65744.87,,4.46,0,3452,10,True,nid007071,57248609
SparseHNSW_a0.8_b5_p64,"M=32 efC=200 ef=200 alpha=0.8 beta=5 q=u8 seedT=8 seedH=8 seedS=4 pat=64",64,0.9759849363,0.9988,165.9582,0.8425,0.0000,0.076660,"0.076489;0.076760;0.076660",22.207416,45030.00,,4.46,0,3452,10,True,nid007071,57248609
SparseHNSW_a0.8_b5_p64,"M=32 efC=200 ef=400 alpha=0.8 beta=5 q=u8 seedT=8 seedH=8 seedS=4 pat=64",64,0.9787079954,0.9991,165.9582,0.8425,0.0000,0.084292,"0.084292;0.084441;0.084063",24.418308,40952.88,,4.46,0,3452,10,True,nid007071,57248609
SparseHNSW_a0.8_b5_p64,"M=32 efC=200 ef=800 alpha=0.8 beta=5 q=u8 seedT=8 seedH=8 seedS=4 pat=64",64,0.9787659328,0.9991,165.9582,0.8425,0.0000,0.086584,"0.086786;0.086394;0.086584",25.082271,39868.80,,4.46,0,3452,10,True,nid007071,57248609
SparseHNSW_a0.8_b5_p64,"M=32 efC=200 ef=1600 alpha=0.8 beta=5 q=u8 seedT=8 seedH=8 seedS=4 pat=64",64,0.9787659328,0.9991,165.9582,0.8425,0.0000,0.090018,"0.090254;0.090018;0.089980",26.077057,38347.89,,4.46,0,3452,10,True,nid007071,57248609
SparseHNSW_a0.8_b5_p64,"M=32 efC=200 ef=3200 alpha=0.8 beta=5 q=u8 seedT=8 seedH=8 seedS=4 pat=64",64,0.9787659328,0.9991,165.9582,0.8425,0.0000,0.095113,"0.095362;0.095113;0.094729",27.553013,36293.67,,4.46,0,3452,10,True,nid007071,57248609
SparseHNSW_a0.8_b6_p64,"M=32 efC=200 ef=10 alpha=0.8 beta=6 q=u8 seedT=8 seedH=8 seedS=4 pat=64",64,0.9530996524,0.9928,165.9582,0.8425,0.0000,0.034707,"0.035108;0.034707;0.034295",10.054171,99461.20,,4.46,0,3452,10,True,nid007071,57248609
SparseHNSW_a0.8_b6_p64,"M=32 efC=200 ef=20 alpha=0.8 beta=6 q=u8 seedT=8 seedH=8 seedS=4 pat=64",64,0.9530996524,0.9928,165.9582,0.8425,0.0000,0.034200,"0.034263;0.034200;0.034041",9.907300,100935.67,,4.46,0,3452,10,True,nid007071,57248609
SparseHNSW_a0.8_b6_p64,"M=32 efC=200 ef=50 alpha=0.8 beta=6 q=u8 seedT=8 seedH=8 seedS=4 pat=64",64,0.9530996524,0.9928,165.9582,0.8425,0.0000,0.033997,"0.033997;0.033997;0.034247",9.848494,101538.37,,4.46,0,3452,10,True,nid007071,57248609
SparseHNSW_a0.8_b6_p64,"M=32 efC=200 ef=100 alpha=0.8 beta=6 q=u8 seedT=8 seedH=8 seedS=4 pat=64",64,0.9666570104,0.9962,165.9582,0.8425,0.0000,0.052891,"0.052933;0.052795;0.052891",15.321842,65266.30,,4.46,0,3452,10,True,nid007071,57248609
SparseHNSW_a0.8_b6_p64,"M=32 efC=200 ef=200 alpha=0.8 beta=6 q=u8 seedT=8 seedH=8 seedS=4 pat=64",64,0.9768250290,0.9988,165.9582,0.8425,0.0000,0.081031,"0.081031;0.080664;0.081278",23.473638,42600.98,,4.46,0,3452,10,True,nid007071,57248609
SparseHNSW_a0.8_b6_p64,"M=32 efC=200 ef=400 alpha=0.8 beta=6 q=u8 seedT=8 seedH=8 seedS=4 pat=64",64,0.9804461182,0.9991,165.9582,0.8425,0.0000,0.091321,"0.091321;0.091166;0.091565",26.454519,37800.72,,4.46,0,3452,10,True,nid007071,57248609
SparseHNSW_a0.8_b6_p64,"M=32 efC=200 ef=800 alpha=0.8 beta=6 q=u8 seedT=8 seedH=8 seedS=4 pat=64",64,0.9807068366,0.9991,165.9582,0.8425,0.0000,0.094603,"0.094510;0.094603;0.094637",27.405272,36489.33,,4.46,0,3452,10,True,nid007071,57248609
SparseHNSW_a0.8_b6_p64,"M=32 efC=200 ef=1600 alpha=0.8 beta=6 q=u8 seedT=8 seedH=8 seedS=4 pat=64",64,0.9807068366,0.9991,165.9582,0.8425,0.0000,0.098341,"0.098341;0.098342;0.098143",28.488123,35102.35,,4.46,0,3452,10,True,nid007071,57248609
SparseHNSW_a0.8_b6_p64,"M=32 efC=200 ef=3200 alpha=0.8 beta=6 q=u8 seedT=8 seedH=8 seedS=4 pat=64",64,0.9807068366,0.9991,165.9582,0.8425,0.0000,0.103233,"0.102559;0.103344;0.103233",29.905272,33438.92,,4.46,0,3452,10,True,nid007071,57248609
SparseHNSW_a0.8_b7_p64,"M=32 efC=200 ef=10 alpha=0.8 beta=7 q=u8 seedT=8 seedH=8 seedS=4 pat=64",64,0.9575608343,0.9936,165.9582,0.8425,0.0000,0.039760,"0.039832;0.039760;0.039375",11.517961,86820.93,,4.46,0,3452,10,True,nid007071,57248609
SparseHNSW_a0.8_b7_p64,"M=32 efC=200 ef=20 alpha=0.8 beta=7 q=u8 seedT=8 seedH=8 seedS=4 pat=64",64,0.9575608343,0.9936,165.9582,0.8425,0.0000,0.039384,"0.039384;0.039105;0.039406",11.409038,87649.81,,4.46,0,3452,10,True,nid007071,57248609
SparseHNSW_a0.8_b7_p64,"M=32 efC=200 ef=50 alpha=0.8 beta=7 q=u8 seedT=8 seedH=8 seedS=4 pat=64",64,0.9575608343,0.9936,165.9582,0.8425,0.0000,0.039095,"0.039095;0.039099;0.038964",11.325319,88297.74,,4.46,0,3452,10,True,nid007071,57248609
SparseHNSW_a0.8_b7_p64,"M=32 efC=200 ef=100 alpha=0.8 beta=7 q=u8 seedT=8 seedH=8 seedS=4 pat=64",64,0.9671205098,0.9962,165.9582,0.8425,0.0000,0.053586,"0.053606;0.053321;0.053586",15.523175,64419.81,,4.46,0,3452,10,True,nid007071,57248609
SparseHNSW_a0.8_b7_p64,"M=32 efC=200 ef=200 alpha=0.8 beta=7 q=u8 seedT=8 seedH=8 seedS=4 pat=64",64,0.9780706837,0.9991,165.9582,0.8425,0.0000,0.085696,"0.085559;0.085943;0.085696",24.825029,40281.93,,4.46,0,3452,10,True,nid007071,57248609
SparseHNSW_a0.8_b7_p64,"M=32 efC=200 ef=400 alpha=0.8 beta=7 q=u8 seedT=8 seedH=8 seedS=4 pat=64",64,0.9822421784,0.9994,165.9582,0.8425,0.0000,0.099708,"0.099919;0.099708;0.099370",28.884125,34621.09,,4.46,0,3452,10,True,nid007071,57248609
SparseHNSW_a0.8_b7_p64,"M=32 efC=200 ef=800 alpha=0.8 beta=7 q=u8 seedT=8 seedH=8 seedS=4 pat=64",64,0.9827636153,0.9994,165.9582,0.8425,0.0000,0.103359,"0.103920;0.103359;0.102886",29.941773,33398.16,,4.46,0,3452,10,True,nid007071,57248609
SparseHNSW_a0.8_b7_p64,"M=32 efC=200 ef=1600 alpha=0.8 beta=7 q=u8 seedT=8 seedH=8 seedS=4 pat=64",64,0.9827636153,0.9994,165.9582,0.8425,0.0000,0.106132,"0.106118;0.106163;0.106132",30.745075,32525.53,,4.46,0,3452,10,True,nid007071,57248609
SparseHNSW_a0.8_b7_p64,"M=32 efC=200 ef=3200 alpha=0.8 beta=7 q=u8 seedT=8 seedH=8 seedS=4 pat=64",64,0.9827636153,0.9994,165.9582,0.8425,0.0000,0.111015,"0.111015;0.111074;0.110960",32.159618,31094.90,,4.46,0,3452,10,True,nid007071,57248609
SparseHNSW_a0.8_b8_p64,"M=32 efC=200 ef=10 alpha=0.8 beta=8 q=u8 seedT=8 seedH=8 seedS=4 pat=64",64,0.9628041715,0.9957,165.9582,0.8425,0.0000,0.044755,"0.044852;0.044755;0.044473",12.964948,77131.05,,4.46,0,3452,10,True,nid007071,57248609
SparseHNSW_a0.8_b8_p64,"M=32 efC=200 ef=20 alpha=0.8 beta=8 q=u8 seedT=8 seedH=8 seedS=4 pat=64",64,0.9628041715,0.9957,165.9582,0.8425,0.0000,0.044444,"0.044446;0.044444;0.044168",12.874855,77670.78,,4.46,0,3452,10,True,nid007071,57248609
SparseHNSW_a0.8_b8_p64,"M=32 efC=200 ef=50 alpha=0.8 beta=8 q=u8 seedT=8 seedH=8 seedS=4 pat=64",64,0.9628041715,0.9957,165.9582,0.8425,0.0000,0.044299,"0.044343;0.044129;0.044299",12.832851,77925.01,,4.46,0,3452,10,True,nid007071,57248609
SparseHNSW_a0.8_b8_p64,"M=32 efC=200 ef=100 alpha=0.8 beta=8 q=u8 seedT=8 seedH=8 seedS=4 pat=64",64,0.9673232908,0.9962,165.9582,0.8425,0.0000,0.053434,"0.053668;0.053434;0.053420",15.479143,64603.06,,4.46,0,3452,10,True,nid007071,57248609
SparseHNSW_a0.8_b8_p64,"M=32 efC=200 ef=200 alpha=0.8 beta=8 q=u8 seedT=8 seedH=8 seedS=4 pat=64",64,0.9786790267,0.9991,165.9582,0.8425,0.0000,0.089459,"0.089459;0.089352;0.089643",25.915122,38587.51,,4.46,0,3452,10,True,nid007071,57248609
SparseHNSW_a0.8_b8_p64,"M=32 efC=200 ef=400 alpha=0.8 beta=8 q=u8 seedT=8 seedH=8 seedS=4 pat=64",64,0.9832850521,0.9994,165.9582,0.8425,0.0000,0.106733,"0.106733;0.106629;0.106798",30.919177,32342.39,,4.46,0,3452,10,True,nid007071,57248609
SparseHNSW_a0.8_b8_p64,"M=32 efC=200 ef=800 alpha=0.8 beta=8 q=u8 seedT=8 seedH=8 seedS=4 pat=64",64,0.9839223638,0.9994,165.9582,0.8425,0.0000,0.111620,"0.111620;0.110743;0.111999",32.334878,30926.36,,4.46,0,3452,10,True,nid007071,57248609
SparseHNSW_a0.8_b8_p64,"M=32 efC=200 ef=1600 alpha=0.8 beta=8 q=u8 seedT=8 seedH=8 seedS=4 pat=64",64,0.9839223638,0.9994,165.9582,0.8425,0.0000,0.114962,"0.114962;0.114667;0.114970",33.303013,30027.31,,4.46,0,3452,10,True,nid007071,57248609
SparseHNSW_a0.8_b8_p64,"M=32 efC=200 ef=3200 alpha=0.8 beta=8 q=u8 seedT=8 seedH=8 seedS=4 pat=64",64,0.9839223638,0.9994,165.9582,0.8425,0.0000,0.119890,"0.119898;0.119890;0.119156",34.730591,28793.06,,4.46,0,3452,10,True,nid007071,57248609
SparseHNSW_a0.8_b1_p128,"M=32 efC=200 ef=10 alpha=0.8 beta=1 q=u8 seedT=8 seedH=8 seedS=4 pat=128",64,0.8270857474,0.6591,165.9582,0.8425,0.0000,0.019034,"0.019695;0.019034;0.018677",5.513905,181359.67,,4.46,0,3452,10,True,nid007071,57248609
SparseHNSW_a0.8_b1_p128,"M=32 efC=200 ef=20 alpha=0.8 beta=1 q=u8 seedT=8 seedH=8 seedS=4 pat=128",64,0.8270857474,0.6591,165.9582,0.8425,0.0000,0.018592,"0.018592;0.018533;0.018600",5.385863,185671.26,,4.46,0,3452,10,True,nid007071,57248609
SparseHNSW_a0.8_b1_p128,"M=32 efC=200 ef=50 alpha=0.8 beta=1 q=u8 seedT=8 seedH=8 seedS=4 pat=128",64,0.8416570104,0.6767,165.9582,0.8425,0.0000,0.027070,"0.027422;0.027070;0.026972",7.841831,127521.24,,4.46,0,3452,10,True,nid007071,57248609
SparseHNSW_a0.8_b1_p128,"M=32 efC=200 ef=100 alpha=0.8 beta=1 q=u8 seedT=8 seedH=8 seedS=4 pat=128",64,0.8569235226,0.6922,165.9582,0.8425,0.0000,0.051167,"0.051369;0.051167;0.051069",14.822422,67465.36,,4.46,0,3452,10,True,nid007071,57248609
SparseHNSW_a0.8_b1_p128,"M=32 efC=200 ef=200 alpha=0.8 beta=1 q=u8 seedT=8 seedH=8 seedS=4 pat=128",64,0.8636152955,0.6993,165.9582,0.8425,0.0000,0.076107,"0.076107;0.076207;0.076051",22.047219,45357.19,,4.46,0,3452,10,True,nid007071,57248609
SparseHNSW_a0.8_b1_p128,"M=32 efC=200 ef=400 alpha=0.8 beta=1 q=u8 seedT=8 seedH=8 seedS=4 pat=128",64,0.8649768250,0.7014,165.9582,0.8425,0.0000,0.080880,"0.080935;0.080880;0.080812",23.429896,42680.51,,4.46,0,3452,10,True,nid007071,57248609
SparseHNSW_a0.8_b1_p128,"M=32 efC=200 ef=800 alpha=0.8 beta=1 q=u8 seedT=8 seedH=8 seedS=4 pat=128",64,0.8649188876,0.7013,165.9582,0.8425,0.0000,0.083490,"0.083398;0.083855;0.083490",24.185979,41346.27,,4.46,0,3452,10,True,nid007071,57248609
SparseHNSW_a0.8_b1_p128,"M=32 efC=200 ef=1600 alpha=0.8 beta=1 q=u8 seedT=8 seedH=8 seedS=4 pat=128",64,0.8649188876,0.7013,165.9582,0.8425,0.0000,0.086979,"0.086979;0.087238;0.086887",25.196698,39687.74,,4.46,0,3452,10,True,nid007071,57248609
SparseHNSW_a0.8_b1_p128,"M=32 efC=200 ef=3200 alpha=0.8 beta=1 q=u8 seedT=8 seedH=8 seedS=4 pat=128",64,0.8649188876,0.7013,165.9582,0.8425,0.0000,0.092042,"0.091829;0.092042;0.092144",26.663384,37504.62,,4.46,0,3452,10,True,nid007071,57248609
SparseHNSW_a0.8_b2_p128,"M=32 efC=200 ef=10 alpha=0.8 beta=2 q=u8 seedT=8 seedH=8 seedS=4 pat=128",64,0.9147740440,0.9809,165.9582,0.8425,0.0000,0.019742,"0.020293;0.019742;0.019507",5.719003,174855.64,,4.46,0,3452,10,True,nid007071,57248609
SparseHNSW_a0.8_b2_p128,"M=32 efC=200 ef=20 alpha=0.8 beta=2 q=u8 seedT=8 seedH=8 seedS=4 pat=128",64,0.9147740440,0.9809,165.9582,0.8425,0.0000,0.019269,"0.019389;0.019269;0.019243",5.581981,179147.85,,4.46,0,3452,10,True,nid007071,57248609
SparseHNSW_a0.8_b2_p128,"M=32 efC=200 ef=50 alpha=0.8 beta=2 q=u8 seedT=8 seedH=8 seedS=4 pat=128",64,0.9344148320,0.9884,165.9582,0.8425,0.0000,0.027906,"0.028153;0.027906;0.027802",8.084009,123701.00,,4.46,0,3452,10,True,nid007071,57248609
SparseHNSW_a0.8_b2_p128,"M=32 efC=200 ef=100 alpha=0.8 beta=2 q=u8 seedT=8 seedH=8 seedS=4 pat=128",64,0.9546929316,0.9962,165.9582,0.8425,0.0000,0.051935,"0.051935;0.052000;0.051874",15.044902,66467.70,,4.46,0,3452,10,True,nid007071,57248609
SparseHNSW_a0.8_b2_p128,"M=32 efC=200 ef=200 alpha=0.8 beta=2 q=u8 seedT=8 seedH=8 seedS=4 pat=128",64,0.9648899189,0.9994,165.9582,0.8425,0.0000,0.082994,"0.082742;0.082994;0.083060",24.042294,41593.37,,4.46,0,3452,10,True,nid007071,57248609
SparseHNSW_a0.8_b2_p128,"M=32 efC=200 ef=400 alpha=0.8 beta=2 q=u8 seedT=8 seedH=8 seedS=4 pat=128",64,0.9680764774,0.9997,165.9582,0.8425,0.0000,0.092191,"0.092191;0.092211;0.092126",26.706547,37444.00,,4.46,0,3452,10,True,nid007071,57248609
SparseHNSW_a0.8_b2_p128,"M=32 efC=200 ef=800 alpha=0.8 beta=2 q=u8 seedT=8 seedH=8 seedS=4 pat=128",64,0.9685110081,0.9997,165.9582,0.8425,0.0000,0.095720,"0.095502;0.095815;0.095720",27.728853,36063.52,,4.46,0,3452,10,True,nid007071,57248609
SparseHNSW_a0.8_b2_p128,"M=32 efC=200 ef=1600 alpha=0.8 beta=2 q=u8 seedT=8 seedH=8 seedS=4 pat=128",64,0.9685110081,0.9997,165.9582,0.8425,0.0000,0.098660,"0.098498;0.098936;0.098660",28.580533,34988.85,,4.46,0,3452,10,True,nid007071,57248609
SparseHNSW_a0.8_b2_p128,"M=32 efC=200 ef=3200 alpha=0.8 beta=2 q=u8 seedT=8 seedH=8 seedS=4 pat=128",64,0.9685110081,0.9997,165.9582,0.8425,0.0000,0.103461,"0.103735;0.103461;0.103103",29.971321,33365.23,,4.46,0,3452,10,True,nid007071,57248609
SparseHNSW_a0.8_b3_p128,"M=32 efC=200 ef=10 alpha=0.8 beta=3 q=u8 seedT=8 seedH=8 seedS=4 pat=128",64,0.9217555041,0.9809,165.9582,0.8425,0.0000,0.020340,"0.020801;0.020340;0.019929",5.892236,169714.85,,4.46,0,3452,10,True,nid007071,57248609
SparseHNSW_a0.8_b3_p128,"M=32 efC=200 ef=20 alpha=0.8 beta=3 q=u8 seedT=8 seedH=8 seedS=4 pat=128",64,0.9217555041,0.9809,165.9582,0.8425,0.0000,0.019617,"0.019672;0.019617;0.019569",5.682793,175969.82,,4.46,0,3452,10,True,nid007071,57248609
SparseHNSW_a0.8_b3_p128,"M=32 efC=200 ef=50 alpha=0.8 beta=3 q=u8 seedT=8 seedH=8 seedS=4 pat=128",64,0.9426129780,0.9884,165.9582,0.8425,0.0000,0.028381,"0.028397;0.028381;0.028112",8.221611,121630.67,,4.46,0,3452,10,True,nid007071,57248609
SparseHNSW_a0.8_b3_p128,"M=32 efC=200 ef=100 alpha=0.8 beta=3 q=u8 seedT=8 seedH=8 seedS=4 pat=128",64,0.9638180765,0.9962,165.9582,0.8425,0.0000,0.052309,"0.052571;0.052261;0.052309",15.153244,65992.47,,4.46,0,3452,10,True,nid007071,57248609
SparseHNSW_a0.8_b3_p128,"M=32 efC=200 ef=200 alpha=0.8 beta=3 q=u8 seedT=8 seedH=8 seedS=4 pat=128",64,0.9748841251,0.9994,165.9582,0.8425,0.0000,0.088100,"0.088100;0.087437;0.088129",25.521437,39182.75,,4.46,0,3452,10,True,nid007071,57248609
SparseHNSW_a0.8_b3_p128,"M=32 efC=200 ef=400 alpha=0.8 beta=3 q=u8 seedT=8 seedH=8 seedS=4 pat=128",64,0.9792004635,0.9997,165.9582,0.8425,0.0000,0.102644,"0.102551;0.102896;0.102644",29.734647,33630.80,,4.46,0,3452,10,True,nid007071,57248609
SparseHNSW_a0.8_b3_p128,"M=32 efC=200 ef=800 alpha=0.8 beta=3 q=u8 seedT=8 seedH=8 seedS=4 pat=128",64,0.9798957126,0.9997,165.9582,0.8425,0.0000,0.107206,"0.107006;0.107206;0.107345",31.056199,32199.69,,4.46,0,3452,10,True,nid007071,57248609
SparseHNSW_a0.8_b3_p128,"M=32 efC=200 ef=1600 alpha=0.8 beta=3 q=u8 seedT=8 seedH=8 seedS=4 pat=128",64,0.9798957126,0.9997,165.9582,0.8425,0.0000,0.110301,"0.110822;0.110301;0.110172",31.952781,31296.18,,4.46,0,3452,10,True,nid007071,57248609
SparseHNSW_a0.8_b3_p128,"M=32 efC=200 ef=3200 alpha=0.8 beta=3 q=u8 seedT=8 seedH=8 seedS=4 pat=128",64,0.9798957126,0.9997,165.9582,0.8425,0.0000,0.115351,"0.114776;0.115398;0.115351",33.415701,29926.05,,4.46,0,3452,10,True,nid007071,57248609
SparseHNSW_a0.8_b4_p128,"M=32 efC=200 ef=10 alpha=0.8 beta=4 q=u8 seedT=8 seedH=8 seedS=4 pat=128",64,0.9338933951,0.9841,165.9582,0.8425,0.0000,0.024238,"0.024849;0.024238;0.024086",7.021437,142420.99,,4.46,0,3452,10,True,nid007071,57248609
SparseHNSW_a0.8_b4_p128,"M=32 efC=200 ef=20 alpha=0.8 beta=4 q=u8 seedT=8 seedH=8 seedS=4 pat=128",64,0.9338933951,0.9841,165.9582,0.8425,0.0000,0.023733,"0.023878;0.023733;0.023544",6.875145,145451.48,,4.46,0,3452,10,True,nid007071,57248609
SparseHNSW_a0.8_b4_p128,"M=32 efC=200 ef=50 alpha=0.8 beta=4 q=u8 seedT=8 seedH=8 seedS=4 pat=128",64,0.9442931634,0.9884,165.9582,0.8425,0.0000,0.028419,"0.028530;0.028371;0.028419",8.232619,121468.03,,4.46,0,3452,10,True,nid007071,57248609
SparseHNSW_a0.8_b4_p128,"M=32 efC=200 ef=100 alpha=0.8 beta=4 q=u8 seedT=8 seedH=8 seedS=4 pat=128",64,0.9657010429,0.9962,165.9582,0.8425,0.0000,0.052639,"0.052647;0.052553;0.052639",15.248841,65578.75,,4.46,0,3452,10,True,nid007071,57248609
SparseHNSW_a0.8_b4_p128,"M=32 efC=200 ef=200 alpha=0.8 beta=4 q=u8 seedT=8 seedH=8 seedS=4 pat=128",64,0.9772595597,0.9994,165.9582,0.8425,0.0000,0.091824,"0.092030;0.091619;0.091824",26.600232,37593.66,,4.46,0,3452,10,True,nid007071,57248609
SparseHNSW_a0.8_b4_p128,"M=32 efC=200 ef=400 alpha=0.8 beta=4 q=u8 seedT=8 seedH=8 seedS=4 pat=128",64,0.9825318656,0.9997,165.9582,0.8425,0.0000,0.113981,"0.113998;0.113845;0.113981",33.018830,30285.75,,4.46,0,3452,10,True,nid007071,57248609
SparseHNSW_a0.8_b4_p128,"M=32 efC=200 ef=800 alpha=0.8 beta=4 q=u8 seedT=8 seedH=8 seedS=4 pat=128",64,0.9834298957,0.9997,165.9582,0.8425,0.0000,0.119645,"0.119645;0.119687;0.119131",34.659618,28852.02,,4.46,0,3452,10,True,nid007071,57248609
SparseHNSW_a0.8_b4_p128,"M=32 efC=200 ef=1600 alpha=0.8 beta=4 q=u8 seedT=8 seedH=8 seedS=4 pat=128",64,0.9834298957,0.9997,165.9582,0.8425,0.0000,0.122523,"0.122909;0.122523;0.122243",35.493337,28174.30,,4.46,0,3452,10,True,nid007071,57248609
SparseHNSW_a0.8_b4_p128,"M=32 efC=200 ef=3200 alpha=0.8 beta=4 q=u8 seedT=8 seedH=8 seedS=4 pat=128",64,0.9834298957,0.9997,165.9582,0.8425,0.0000,0.128761,"0.128761;0.128874;0.128224",37.300406,26809.36,,4.46,0,3452,10,True,nid007071,57248609
SparseHNSW_a0.8_b5_p128,"M=32 efC=200 ef=10 alpha=0.8 beta=5 q=u8 seedT=8 seedH=8 seedS=4 pat=128",64,0.9448725377,0.9884,165.9582,0.8425,0.0000,0.029389,"0.029911;0.029389;0.029030",8.513615,117458.91,,4.46,0,3452,10,True,nid007071,57248609
SparseHNSW_a0.8_b5_p128,"M=32 efC=200 ef=20 alpha=0.8 beta=5 q=u8 seedT=8 seedH=8 seedS=4 pat=128",64,0.9448725377,0.9884,165.9582,0.8425,0.0000,0.028854,"0.028877;0.028854;0.028648",8.358633,119636.79,,4.46,0,3452,10,True,nid007071,57248609
SparseHNSW_a0.8_b5_p128,"M=32 efC=200 ef=50 alpha=0.8 beta=5 q=u8 seedT=8 seedH=8 seedS=4 pat=128",64,0.9448725377,0.9884,165.9582,0.8425,0.0000,0.028686,"0.028736;0.028558;0.028686",8.309965,120337.45,,4.46,0,3452,10,True,nid007071,57248609
SparseHNSW_a0.8_b5_p128,"M=32 efC=200 ef=100 alpha=0.8 beta=5 q=u8 seedT=8 seedH=8 seedS=4 pat=128",64,0.9665411356,0.9962,165.9582,0.8425,0.0000,0.052728,"0.052656;0.052912;0.052728",15.274623,65468.06,,4.46,0,3452,10,True,nid007071,57248609
SparseHNSW_a0.8_b5_p128,"M=32 efC=200 ef=200 alpha=0.8 beta=5 q=u8 seedT=8 seedH=8 seedS=4 pat=128",64,0.9783024334,0.9994,165.9582,0.8425,0.0000,0.094314,"0.094054;0.094849;0.094314",27.321553,36601.14,,4.46,0,3452,10,True,nid007071,57248609
SparseHNSW_a0.8_b5_p128,"M=32 efC=200 ef=400 alpha=0.8 beta=5 q=u8 seedT=8 seedH=8 seedS=4 pat=128",64,0.9838064890,0.9997,165.9582,0.8425,0.0000,0.122647,"0.122959;0.122647;0.122647",35.529258,28145.82,,4.46,0,3452,10,True,nid007071,57248609
SparseHNSW_a0.8_b5_p128,"M=32 efC=200 ef=800 alpha=0.8 beta=5 q=u8 seedT=8 seedH=8 seedS=4 pat=128",64,0.9850521437,0.9997,165.9582,0.8425,0.0000,0.130625,"0.130541;0.130625;0.130872",37.840382,26426.79,,4.46,0,3452,10,True,nid007071,57248609
SparseHNSW_a0.8_b5_p128,"M=32 efC=200 ef=1600 alpha=0.8 beta=5 q=u8 seedT=8 seedH=8 seedS=4 pat=128",64,0.9850521437,0.9997,165.9582,0.8425,0.0000,0.134175,"0.133993;0.134175;0.134407",38.868772,25727.59,,4.46,0,3452,10,True,nid007071,57248609
SparseHNSW_a0.8_b5_p128,"M=32 efC=200 ef=3200 alpha=0.8 beta=5 q=u8 seedT=8 seedH=8 seedS=4 pat=128",64,0.9850521437,0.9997,165.9582,0.8425,0.0000,0.139904,"0.139921;0.139904;0.139772",40.528389,24674.06,,4.46,0,3452,10,True,nid007071,57248609
SparseHNSW_a0.8_b6_p128,"M=32 efC=200 ef=10 alpha=0.8 beta=6 q=u8 seedT=8 seedH=8 seedS=4 pat=128",64,0.9530996524,0.9928,165.9582,0.8425,0.0000,0.034829,"0.035196;0.034829;0.034721",10.089513,99112.81,,4.46,0,3452,10,True,nid007071,57248609
SparseHNSW_a0.8_b6_p128,"M=32 efC=200 ef=20 alpha=0.8 beta=6 q=u8 seedT=8 seedH=8 seedS=4 pat=128",64,0.9530996524,0.9928,165.9582,0.8425,0.0000,0.034199,"0.034201;0.034165;0.034199",9.907010,100938.62,,4.46,0,3452,10,True,nid007071,57248609
SparseHNSW_a0.8_b6_p128,"M=32 efC=200 ef=50 alpha=0.8 beta=6 q=u8 seedT=8 seedH=8 seedS=4 pat=128",64,0.9530996524,0.9928,165.9582,0.8425,0.0000,0.034512,"0.034058;0.034518;0.034512",9.997683,100023.18,,4.46,0,3452,10,True,nid007071,57248609
SparseHNSW_a0.8_b6_p128,"M=32 efC=200 ef=100 alpha=0.8 beta=6 q=u8 seedT=8 seedH=8 seedS=4 pat=128",64,0.9668597914,0.9962,165.9582,0.8425,0.0000,0.053113,"0.053113;0.053066;0.053140",15.386153,64993.50,,4.46,0,3452,10,True,nid007071,57248609
SparseHNSW_a0.8_b6_p128,"M=32 efC=200 ef=200 alpha=0.8 beta=6 q=u8 seedT=8 seedH=8 seedS=4 pat=128",64,0.9787079954,0.9994,165.9582,0.8425,0.0000,0.096256,"0.096229;0.096256;0.096328",27.884125,35862.70,,4.46,0,3452,10,True,nid007071,57248609
SparseHNSW_a0.8_b6_p128,"M=32 efC=200 ef=400 alpha=0.8 beta=6 q=u8 seedT=8 seedH=8 seedS=4 pat=128",64,0.9850521437,1.0000,165.9582,0.8425,0.0000,0.130387,"0.130630;0.130387;0.129686",37.771437,26475.03,,4.46,0,3452,10,True,nid007071,57248609
SparseHNSW_a0.8_b6_p128,"M=32 efC=200 ef=800 alpha=0.8 beta=6 q=u8 seedT=8 seedH=8 seedS=4 pat=128",64,0.9864426419,1.0000,165.9582,0.8425,0.0000,0.141650,"0.141459;0.141650;0.141958",41.034183,24369.93,,4.46,0,3452,10,True,nid007071,57248609
SparseHNSW_a0.8_b6_p128,"M=32 efC=200 ef=1600 alpha=0.8 beta=6 q=u8 seedT=8 seedH=8 seedS=4 pat=128",64,0.9864426419,1.0000,165.9582,0.8425,0.0000,0.145960,"0.146228;0.145635;0.145960",42.282735,23650.32,,4.46,0,3452,10,True,nid007071,57248609
SparseHNSW_a0.8_b6_p128,"M=32 efC=200 ef=3200 alpha=0.8 beta=6 q=u8 seedT=8 seedH=8 seedS=4 pat=128",64,0.9864426419,1.0000,165.9582,0.8425,0.0000,0.151067,"0.150454;0.151067;0.151584",43.762167,22850.79,,4.46,0,3452,10,True,nid007071,57248609
SparseHNSW_a0.8_b7_p128,"M=32 efC=200 ef=10 alpha=0.8 beta=7 q=u8 seedT=8 seedH=8 seedS=4 pat=128",64,0.9575608343,0.9936,165.9582,0.8425,0.0000,0.039711,"0.040140;0.039711;0.039638",11.503766,86928.06,,4.46,0,3452,10,True,nid007071,57248609
SparseHNSW_a0.8_b7_p128,"M=32 efC=200 ef=20 alpha=0.8 beta=7 q=u8 seedT=8 seedH=8 seedS=4 pat=128",64,0.9575608343,0.9936,165.9582,0.8425,0.0000,0.039348,"0.039434;0.039348;0.039130",11.398610,87730.00,,4.46,0,3452,10,True,nid007071,57248609
SparseHNSW_a0.8_b7_p128,"M=32 efC=200 ef=50 alpha=0.8 beta=7 q=u8 seedT=8 seedH=8 seedS=4 pat=128",64,0.9575608343,0.9936,165.9582,0.8425,0.0000,0.039061,"0.039061;0.038993;0.039121",11.315469,88374.59,,4.46,0,3452,10,True,nid007071,57248609
SparseHNSW_a0.8_b7_p128,"M=32 efC=200 ef=100 alpha=0.8 beta=7 q=u8 seedT=8 seedH=8 seedS=4 pat=128",64,0.9671205098,0.9962,165.9582,0.8425,0.0000,0.053302,"0.053328;0.053174;0.053302",15.440904,64763.05,,4.46,0,3452,10,True,nid007071,57248609
SparseHNSW_a0.8_b7_p128,"M=32 efC=200 ef=200 alpha=0.8 beta=7 q=u8 seedT=8 seedH=8 seedS=4 pat=128",64,0.9790556199,0.9994,165.9582,0.8425,0.0000,0.097409,"0.097069;0.097601;0.097409",28.218134,35438.20,,4.46,0,3452,10,True,nid007071,57248609
SparseHNSW_a0.8_b7_p128,"M=32 efC=200 ef=400 alpha=0.8 beta=7 q=u8 seedT=8 seedH=8 seedS=4 pat=128",64,0.9855156431,1.0000,165.9582,0.8425,0.0000,0.138156,"0.137323;0.138256;0.138156",40.022016,24986.25,,4.46,0,3452,10,True,nid007071,57248609
SparseHNSW_a0.8_b7_p128,"M=32 efC=200 ef=800 alpha=0.8 beta=7 q=u8 seedT=8 seedH=8 seedS=4 pat=128",64,0.9870509849,1.0000,165.9582,0.8425,0.0000,0.154393,"0.154467;0.154393;0.154259",44.725666,22358.53,,4.46,0,3452,10,True,nid007071,57248609
SparseHNSW_a0.8_b7_p128,"M=32 efC=200 ef=1600 alpha=0.8 beta=7 q=u8 seedT=8 seedH=8 seedS=4 pat=128",64,0.9870509849,1.0000,165.9582,0.8425,0.0000,0.159335,"0.159014;0.159335;0.159619",46.157300,21665.05,,4.46,0,3452,10,True,nid007071,57248609
SparseHNSW_a0.8_b7_p128,"M=32 efC=200 ef=3200 alpha=0.8 beta=7 q=u8 seedT=8 seedH=8 seedS=4 pat=128",64,0.9870509849,1.0000,165.9582,0.8425,0.0000,0.163870,"0.163799;0.164559;0.163870",47.471031,21065.48,,4.46,0,3452,10,True,nid007071,57248609
SparseHNSW_a0.8_b8_p128,"M=32 efC=200 ef=10 alpha=0.8 beta=8 q=u8 seedT=8 seedH=8 seedS=4 pat=128",64,0.9628041715,0.9957,165.9582,0.8425,0.0000,0.044605,"0.044955;0.044605;0.044505",12.921495,77390.43,,4.46,0,3452,10,True,nid007071,57248609
SparseHNSW_a0.8_b8_p128,"M=32 efC=200 ef=20 alpha=0.8 beta=8 q=u8 seedT=8 seedH=8 seedS=4 pat=128",64,0.9628041715,0.9957,165.9582,0.8425,0.0000,0.044429,"0.044429;0.044618;0.044405",12.870510,77697.00,,4.46,0,3452,10,True,nid007071,57248609
SparseHNSW_a0.8_b8_p128,"M=32 efC=200 ef=50 alpha=0.8 beta=8 q=u8 seedT=8 seedH=8 seedS=4 pat=128",64,0.9628041715,0.9957,165.9582,0.8425,0.0000,0.044338,"0.044264;0.044338;0.044346",12.844148,77856.47,,4.46,0,3452,10,True,nid007071,57248609
SparseHNSW_a0.8_b8_p128,"M=32 efC=200 ef=100 alpha=0.8 beta=8 q=u8 seedT=8 seedH=8 seedS=4 pat=128",64,0.9673232908,0.9962,165.9582,0.8425,0.0000,0.053583,"0.053475;0.053594;0.053583",15.522306,64423.42,,4.46,0,3452,10,True,nid007071,57248609
SparseHNSW_a0.8_b8_p128,"M=32 efC=200 ef=200 alpha=0.8 beta=8 q=u8 seedT=8 seedH=8 seedS=4 pat=128",64,0.9792873696,0.9994,165.9582,0.8425,0.0000,0.099236,"0.099236;0.099264;0.099093",28.747393,34785.76,,4.46,0,3452,10,True,nid007071,57248609
SparseHNSW_a0.8_b8_p128,"M=32 efC=200 ef=400 alpha=0.8 beta=8 q=u8 seedT=8 seedH=8 seedS=4 pat=128",64,0.9857763615,1.0000,165.9582,0.8425,0.0000,0.144317,"0.144317;0.143758;0.144398",41.806779,23919.57,,4.46,0,3452,10,True,nid007071,57248609
SparseHNSW_a0.8_b8_p128,"M=32 efC=200 ef=800 alpha=0.8 beta=8 q=u8 seedT=8 seedH=8 seedS=4 pat=128",64,0.9876013905,1.0000,165.9582,0.8425,0.0000,0.162757,"0.162604;0.163035;0.162757",47.148610,21209.53,,4.46,0,3452,10,True,nid007071,57248609
SparseHNSW_a0.8_b8_p128,"M=32 efC=200 ef=1600 alpha=0.8 beta=8 q=u8 seedT=8 seedH=8 seedS=4 pat=128",64,0.9876013905,1.0000,165.9582,0.8425,0.0000,0.167726,"0.167726;0.168122;0.167194",48.588065,20581.19,,4.46,0,3452,10,True,nid007071,57248609
SparseHNSW_a0.8_b8_p128,"M=32 efC=200 ef=3200 alpha=0.8 beta=8 q=u8 seedT=8 seedH=8 seedS=4 pat=128",64,0.9876013905,1.0000,165.9582,0.8425,0.0000,0.175557,"0.175947;0.174752;0.175557",50.856605,19663.13,,4.46,0,3452,10,True,nid007071,57248609
SparseHNSW_a0.8_b1_p256,"M=32 efC=200 ef=10 alpha=0.8 beta=1 q=u8 seedT=8 seedH=8 seedS=4 pat=256",64,0.8270857474,0.6591,165.9582,0.8425,0.0000,0.019170,"0.019916;0.019170;0.018835",5.553302,180073.03,,4.46,0,3452,10,True,nid007071,57248609
SparseHNSW_a0.8_b1_p256,"M=32 efC=200 ef=20 alpha=0.8 beta=1 q=u8 seedT=8 seedH=8 seedS=4 pat=256",64,0.8270857474,0.6591,165.9582,0.8425,0.0000,0.018566,"0.018745;0.018539;0.018566",5.378331,185931.27,,4.46,0,3452,10,True,nid007071,57248609
SparseHNSW_a0.8_b1_p256,"M=32 efC=200 ef=50 alpha=0.8 beta=1 q=u8 seedT=8 seedH=8 seedS=4 pat=256",64,0.8416570104,0.6767,165.9582,0.8425,0.0000,0.027319,"0.027330;0.027319;0.027092",7.913963,126358.94,,4.46,0,3452,10,True,nid007071,57248609
SparseHNSW_a0.8_b1_p256,"M=32 efC=200 ef=100 alpha=0.8 beta=1 q=u8 seedT=8 seedH=8 seedS=4 pat=256",64,0.8569235226,0.6922,165.9582,0.8425,0.0000,0.051225,"0.051442;0.051151;0.051225",14.839224,67388.97,,4.46,0,3452,10,True,nid007071,57248609
SparseHNSW_a0.8_b1_p256,"M=32 efC=200 ef=200 alpha=0.8 beta=1 q=u8 seedT=8 seedH=8 seedS=4 pat=256",64,0.8650637312,0.7006,165.9582,0.8425,0.0000,0.097363,"0.097576;0.097363;0.096969",28.204809,35454.95,,4.46,0,3452,10,True,nid007071,57248609
SparseHNSW_a0.8_b1_p256,"M=32 efC=200 ef=400 alpha=0.8 beta=1 q=u8 seedT=8 seedH=8 seedS=4 pat=256",64,0.8689455388,0.7081,165.9582,0.8425,0.0000,0.136763,"0.136763;0.136802;0.136688",39.618482,25240.74,,4.46,0,3452,10,True,nid007071,57248609
SparseHNSW_a0.8_b1_p256,"M=32 efC=200 ef=800 alpha=0.8 beta=1 q=u8 seedT=8 seedH=8 seedS=4 pat=256",64,0.8693800695,0.7086,165.9582,0.8425,0.0000,0.143472,"0.143472;0.142777;0.143551",41.561993,24060.44,,4.46,0,3452,10,True,nid007071,57248609
SparseHNSW_a0.8_b1_p256,"M=32 efC=200 ef=1600 alpha=0.8 beta=1 q=u8 seedT=8 seedH=8 seedS=4 pat=256",64,0.8693800695,0.7086,165.9582,0.8425,0.0000,0.145996,"0.146765;0.145996;0.145889",42.293163,23644.48,,4.46,0,3452,10,True,nid007071,57248609
SparseHNSW_a0.8_b1_p256,"M=32 efC=200 ef=3200 alpha=0.8 beta=1 q=u8 seedT=8 seedH=8 seedS=4 pat=256",64,0.8693800695,0.7086,165.9582,0.8425,0.0000,0.152086,"0.152500;0.152086;0.151670",44.057358,22697.68,,4.46,0,3452,10,True,nid007071,57248609
SparseHNSW_a0.8_b2_p256,"M=32 efC=200 ef=10 alpha=0.8 beta=2 q=u8 seedT=8 seedH=8 seedS=4 pat=256",64,0.9147740440,0.9809,165.9582,0.8425,0.0000,0.019819,"0.020342;0.019819;0.019454",5.741309,174176.30,,4.46,0,3452,10,True,nid007071,57248609
SparseHNSW_a0.8_b2_p256,"M=32 efC=200 ef=20 alpha=0.8 beta=2 q=u8 seedT=8 seedH=8 seedS=4 pat=256",64,0.9147740440,0.9809,165.9582,0.8425,0.0000,0.019221,"0.019307;0.019189;0.019221",5.568076,179595.23,,4.46,0,3452,10,True,nid007071,57248609
SparseHNSW_a0.8_b2_p256,"M=32 efC=200 ef=50 alpha=0.8 beta=2 q=u8 seedT=8 seedH=8 seedS=4 pat=256",64,0.9344148320,0.9884,165.9582,0.8425,0.0000,0.027942,"0.028037;0.027942;0.027844",8.094438,123541.62,,4.46,0,3452,10,True,nid007071,57248609
SparseHNSW_a0.8_b2_p256,"M=32 efC=200 ef=100 alpha=0.8 beta=2 q=u8 seedT=8 seedH=8 seedS=4 pat=256",64,0.9546929316,0.9962,165.9582,0.8425,0.0000,0.051899,"0.051899;0.052068;0.051856",15.034473,66513.81,,4.46,0,3452,10,True,nid007071,57248609
SparseHNSW_a0.8_b2_p256,"M=32 efC=200 ef=200 alpha=0.8 beta=2 q=u8 seedT=8 seedH=8 seedS=4 pat=256",64,0.9656431054,0.9994,165.9582,0.8425,0.0000,0.097379,"0.097543;0.097379;0.097185",28.209444,35449.12,,4.46,0,3452,10,True,nid007071,57248609
SparseHNSW_a0.8_b2_p256,"M=32 efC=200 ef=400 alpha=0.8 beta=2 q=u8 seedT=8 seedH=8 seedS=4 pat=256",64,0.9712630359,0.9997,165.9582,0.8425,0.0000,0.145417,"0.145386;0.145417;0.146835",42.125435,23738.63,,4.46,0,3452,10,True,nid007071,57248609
SparseHNSW_a0.8_b2_p256,"M=32 efC=200 ef=800 alpha=0.8 beta=2 q=u8 seedT=8 seedH=8 seedS=4 pat=256",64,0.9725666280,0.9997,165.9582,0.8425,0.0000,0.156083,"0.155998;0.156161;0.156083",45.215238,22116.44,,4.46,0,3452,10,True,nid007071,57248609
SparseHNSW_a0.8_b2_p256,"M=32 efC=200 ef=1600 alpha=0.8 beta=2 q=u8 seedT=8 seedH=8 seedS=4 pat=256",64,0.9726825029,0.9997,165.9582,0.8425,0.0000,0.160790,"0.160790;0.161271;0.159972",46.578795,21469.00,,4.46,0,3452,10,True,nid007071,57248609
SparseHNSW_a0.8_b2_p256,"M=32 efC=200 ef=3200 alpha=0.8 beta=2 q=u8 seedT=8 seedH=8 seedS=4 pat=256",64,0.9726825029,0.9997,165.9582,0.8425,0.0000,0.165674,"0.165674;0.165925;0.165636",47.993627,20836.10,,4.46,0,3452,10,True,nid007071,57248609
SparseHNSW_a0.8_b3_p256,"M=32 efC=200 ef=10 alpha=0.8 beta=3 q=u8 seedT=8 seedH=8 seedS=4 pat=256",64,0.9217555041,0.9809,165.9582,0.8425,0.0000,0.020238,"0.020773;0.020238;0.019840",5.862688,170570.21,,4.46,0,3452,10,True,nid007071,57248609
SparseHNSW_a0.8_b3_p256,"M=32 efC=200 ef=20 alpha=0.8 beta=3 q=u8 seedT=8 seedH=8 seedS=4 pat=256",64,0.9217555041,0.9809,165.9582,0.8425,0.0000,0.019608,"0.019656;0.019585;0.019608",5.680185,176050.59,,4.46,0,3452,10,True,nid007071,57248609
SparseHNSW_a0.8_b3_p256,"M=32 efC=200 ef=50 alpha=0.8 beta=3 q=u8 seedT=8 seedH=8 seedS=4 pat=256",64,0.9426129780,0.9884,165.9582,0.8425,0.0000,0.028226,"0.028439;0.028226;0.028064",8.176709,122298.59,,4.46,0,3452,10,True,nid007071,57248609
SparseHNSW_a0.8_b3_p256,"M=32 efC=200 ef=100 alpha=0.8 beta=3 q=u8 seedT=8 seedH=8 seedS=4 pat=256",64,0.9638180765,0.9962,165.9582,0.8425,0.0000,0.052198,"0.052317;0.052198;0.052083",15.121089,66132.80,,4.46,0,3452,10,True,nid007071,57248609
SparseHNSW_a0.8_b3_p256,"M=32 efC=200 ef=200 alpha=0.8 beta=3 q=u8 seedT=8 seedH=8 seedS=4 pat=256",64,0.9755504056,0.9994,165.9582,0.8425,0.0000,0.097502,"0.097355;0.097760;0.097502",28.245075,35404.40,,4.46,0,3452,10,True,nid007071,57248609
SparseHNSW_a0.8_b3_p256,"M=32 efC=200 ef=400 alpha=0.8 beta=3 q=u8 seedT=8 seedH=8 seedS=4 pat=256",64,0.9820973349,1.0000,165.9582,0.8425,0.0000,0.153123,"0.153123;0.153183;0.152393",44.357764,22543.97,,4.46,0,3452,10,True,nid007071,57248609
SparseHNSW_a0.8_b3_p256,"M=32 efC=200 ef=800 alpha=0.8 beta=3 q=u8 seedT=8 seedH=8 seedS=4 pat=256",64,0.9841251448,1.0000,165.9582,0.8425,0.0000,0.170529,"0.170666;0.170196;0.170529",49.400058,20242.89,,4.46,0,3452,10,True,nid007071,57248609
SparseHNSW_a0.8_b3_p256,"M=32 efC=200 ef=1600 alpha=0.8 beta=3 q=u8 seedT=8 seedH=8 seedS=4 pat=256",64,0.9843279258,1.0000,165.9582,0.8425,0.0000,0.176349,"0.176349;0.176015;0.176938",51.086037,19574.82,,4.46,0,3452,10,True,nid007071,57248609
SparseHNSW_a0.8_b3_p256,"M=32 efC=200 ef=3200 alpha=0.8 beta=3 q=u8 seedT=8 seedH=8 seedS=4 pat=256",64,0.9843279258,1.0000,165.9582,0.8425,0.0000,0.182479,"0.181957;0.182479;0.182694",52.861819,18917.25,,4.46,0,3452,10,True,nid007071,57248609
SparseHNSW_a0.8_b4_p256,"M=32 efC=200 ef=10 alpha=0.8 beta=4 q=u8 seedT=8 seedH=8 seedS=4 pat=256",64,0.9338933951,0.9841,165.9582,0.8425,0.0000,0.024318,"0.024704;0.024318;0.023879",7.044612,141952.46,,4.46,0,3452,10,True,nid007071,57248609
SparseHNSW_a0.8_b4_p256,"M=32 efC=200 ef=20 alpha=0.8 beta=4 q=u8 seedT=8 seedH=8 seedS=4 pat=256",64,0.9338933951,0.9841,165.9582,0.8425,0.0000,0.023599,"0.023780;0.023599;0.023575",6.836327,146277.38,,4.46,0,3452,10,True,nid007071,57248609
SparseHNSW_a0.8_b4_p256,"M=32 efC=200 ef=50 alpha=0.8 beta=4 q=u8 seedT=8 seedH=8 seedS=4 pat=256",64,0.9442931634,0.9884,165.9582,0.8425,0.0000,0.028550,"0.028550;0.028506;0.028562",8.270568,120910.68,,4.46,0,3452,10,True,nid007071,57248609
SparseHNSW_a0.8_b4_p256,"M=32 efC=200 ef=100 alpha=0.8 beta=4 q=u8 seedT=8 seedH=8 seedS=4 pat=256",64,0.9657010429,0.9962,165.9582,0.8425,0.0000,0.052520,"0.052520;0.052835;0.052430",15.214368,65727.34,,4.46,0,3452,10,True,nid007071,57248609
SparseHNSW_a0.8_b4_p256,"M=32 efC=200 ef=200 alpha=0.8 beta=4 q=u8 seedT=8 seedH=8 seedS=4 pat=256",64,0.9776071842,0.9994,165.9582,0.8425,0.0000,0.097967,"0.097180;0.098535;0.097967",28.379780,35236.36,,4.46,0,3452,10,True,nid007071,57248609
SparseHNSW_a0.8_b4_p256,"M=32 efC=200 ef=400 alpha=0.8 beta=4 q=u8 seedT=8 seedH=8 seedS=4 pat=256",64,0.9844438007,1.0000,165.9582,0.8425,0.0000,0.160511,"0.159797;0.160651;0.160511",46.497972,21506.31,,4.46,0,3452,10,True,nid007071,57248609
SparseHNSW_a0.8_b4_p256,"M=32 efC=200 ef=800 alpha=0.8 beta=4 q=u8 seedT=8 seedH=8 seedS=4 pat=256",64,0.9867323291,1.0000,165.9582,0.8425,0.0000,0.185312,"0.185828;0.185312;0.185218",53.682503,18628.04,,4.46,0,3452,10,True,nid007071,57248609
SparseHNSW_a0.8_b4_p256,"M=32 efC=200 ef=1600 alpha=0.8 beta=4 q=u8 seedT=8 seedH=8 seedS=4 pat=256",64,0.9871378911,1.0000,165.9582,0.8425,0.0000,0.194009,"0.193626;0.194009;0.194222",56.201912,17792.99,,4.46,0,3452,10,True,nid007071,57248609
SparseHNSW_a0.8_b4_p256,"M=32 efC=200 ef=3200 alpha=0.8 beta=4 q=u8 seedT=8 seedH=8 seedS=4 pat=256",64,0.9871378911,1.0000,165.9582,0.8425,0.0000,0.199845,"0.199903;0.198639;0.199845",57.892526,17273.39,,4.46,0,3452,10,True,nid007071,57248609
SparseHNSW_a0.8_b5_p256,"M=32 efC=200 ef=10 alpha=0.8 beta=5 q=u8 seedT=8 seedH=8 seedS=4 pat=256",64,0.9448725377,0.9884,165.9582,0.8425,0.0000,0.029387,"0.030074;0.029387;0.029314",8.513036,117466.91,,4.46,0,3452,10,True,nid007071,57248609
SparseHNSW_a0.8_b5_p256,"M=32 efC=200 ef=20 alpha=0.8 beta=5 q=u8 seedT=8 seedH=8 seedS=4 pat=256",64,0.9448725377,0.9884,165.9582,0.8425,0.0000,0.028776,"0.028791;0.028776;0.028669",8.336037,119961.08,,4.46,0,3452,10,True,nid007071,57248609
SparseHNSW_a0.8_b5_p256,"M=32 efC=200 ef=50 alpha=0.8 beta=5 q=u8 seedT=8 seedH=8 seedS=4 pat=256",64,0.9448725377,0.9884,165.9582,0.8425,0.0000,0.028611,"0.028680;0.028611;0.028586",8.288239,120652.90,,4.46,0,3452,10,True,nid007071,57248609
SparseHNSW_a0.8_b5_p256,"M=32 efC=200 ef=100 alpha=0.8 beta=5 q=u8 seedT=8 seedH=8 seedS=4 pat=256",64,0.9665411356,0.9962,165.9582,0.8425,0.0000,0.052800,"0.052785;0.052800;0.052947",15.295481,65378.79,,4.46,0,3452,10,True,nid007071,57248609
SparseHNSW_a0.8_b5_p256,"M=32 efC=200 ef=200 alpha=0.8 beta=5 q=u8 seedT=8 seedH=8 seedS=4 pat=256",64,0.9786210892,0.9994,165.9582,0.8425,0.0000,0.098031,"0.098031;0.098239;0.098021",28.398320,35213.35,,4.46,0,3452,10,True,nid007071,57248609
SparseHNSW_a0.8_b5_p256,"M=32 efC=200 ef=400 alpha=0.8 beta=5 q=u8 seedT=8 seedH=8 seedS=4 pat=256",64,0.9853997683,1.0000,165.9582,0.8425,0.0000,0.165227,"0.165824;0.165227;0.165080",47.864137,20892.47,,4.46,0,3452,10,True,nid007071,57248609
SparseHNSW_a0.8_b5_p256,"M=32 efC=200 ef=800 alpha=0.8 beta=5 q=u8 seedT=8 seedH=8 seedS=4 pat=256",64,0.9880359212,1.0000,165.9582,0.8425,0.0000,0.199770,"0.199847;0.199770;0.199652",57.870800,17279.87,,4.46,0,3452,10,True,nid007071,57248609
SparseHNSW_a0.8_b5_p256,"M=32 efC=200 ef=1600 alpha=0.8 beta=5 q=u8 seedT=8 seedH=8 seedS=4 pat=256",64,0.9887022016,1.0000,165.9582,0.8425,0.0000,0.209617,"0.209617;0.209683;0.209398",60.723349,16468.13,,4.46,0,3452,10,True,nid007071,57248609
SparseHNSW_a0.8_b5_p256,"M=32 efC=200 ef=3200 alpha=0.8 beta=5 q=u8 seedT=8 seedH=8 seedS=4 pat=256",64,0.9887022016,1.0000,165.9582,0.8425,0.0000,0.216667,"0.216667;0.216438;0.216751",62.765643,15932.28,,4.46,0,3452,10,True,nid007071,57248609
SparseHNSW_a0.8_b6_p256,"M=32 efC=200 ef=10 alpha=0.8 beta=6 q=u8 seedT=8 seedH=8 seedS=4 pat=256",64,0.9530996524,0.9928,165.9582,0.8425,0.0000,0.034861,"0.035269;0.034861;0.034468",10.098783,99021.83,,4.46,0,3452,10,True,nid007071,57248609
SparseHNSW_a0.8_b6_p256,"M=32 efC=200 ef=20 alpha=0.8 beta=6 q=u8 seedT=8 seedH=8 seedS=4 pat=256",64,0.9530996524,0.9928,165.9582,0.8425,0.0000,0.034180,"0.034346;0.034180;0.034173",9.901506,100994.73,,4.46,0,3452,10,True,nid007071,57248609
SparseHNSW_a0.8_b6_p256,"M=32 efC=200 ef=50 alpha=0.8 beta=6 q=u8 seedT=8 seedH=8 seedS=4 pat=256",64,0.9530996524,0.9928,165.9582,0.8425,0.0000,0.034114,"0.034055;0.034114;0.034212",9.882387,101190.13,,4.46,0,3452,10,True,nid007071,57248609
SparseHNSW_a0.8_b6_p256,"M=32 efC=200 ef=100 alpha=0.8 beta=6 q=u8 seedT=8 seedH=8 seedS=4 pat=256",64,0.9668597914,0.9962,165.9582,0.8425,0.0000,0.053115,"0.053137;0.052899;0.053115",15.386732,64991.06,,4.46,0,3452,10,True,nid007071,57248609
SparseHNSW_a0.8_b6_p256,"M=32 efC=200 ef=200 alpha=0.8 beta=6 q=u8 seedT=8 seedH=8 seedS=4 pat=256",64,0.9790266512,0.9994,165.9582,0.8425,0.0000,0.098240,"0.098106;0.098357;0.098240",28.458864,35138.44,,4.46,0,3452,10,True,nid007071,57248609
SparseHNSW_a0.8_b6_p256,"M=32 efC=200 ef=400 alpha=0.8 beta=6 q=u8 seedT=8 seedH=8 seedS=4 pat=256",64,0.9859501738,1.0000,165.9582,0.8425,0.0000,0.169301,"0.171051;0.169301;0.169264",49.044322,20389.72,,4.46,0,3452,10,True,nid007071,57248609
SparseHNSW_a0.8_b6_p256,"M=32 efC=200 ef=800 alpha=0.8 beta=6 q=u8 seedT=8 seedH=8 seedS=4 pat=256",64,0.9887891078,1.0000,165.9582,0.8425,0.0000,0.214608,"0.214851;0.213486;0.214608",62.169177,16085.14,,4.46,0,3452,10,True,nid007071,57248609
SparseHNSW_a0.8_b6_p256,"M=32 efC=200 ef=1600 alpha=0.8 beta=6 q=u8 seedT=8 seedH=8 seedS=4 pat=256",64,0.9895422943,1.0000,165.9582,0.8425,0.0000,0.227602,"0.227002;0.227602;0.228908",65.933372,15166.83,,4.46,0,3452,10,True,nid007071,57248609
SparseHNSW_a0.8_b6_p256,"M=32 efC=200 ef=3200 alpha=0.8 beta=6 q=u8 seedT=8 seedH=8 seedS=4 pat=256",64,0.9895712630,1.0000,165.9582,0.8425,0.0000,0.234113,"0.234372;0.234110;0.234113",67.819525,14745.02,,4.46,0,3452,10,True,nid007071,57248609
SparseHNSW_a0.8_b7_p256,"M=32 efC=200 ef=10 alpha=0.8 beta=7 q=u8 seedT=8 seedH=8 seedS=4 pat=256",64,0.9575608343,0.9936,165.9582,0.8425,0.0000,0.039652,"0.040035;0.039652;0.039330",11.486674,87057.40,,4.46,0,3452,10,True,nid007071,57248609
SparseHNSW_a0.8_b7_p256,"M=32 efC=200 ef=20 alpha=0.8 beta=7 q=u8 seedT=8 seedH=8 seedS=4 pat=256",64,0.9575608343,0.9936,165.9582,0.8425,0.0000,0.039177,"0.039180;0.039173;0.039177",11.349073,88112.92,,4.46,0,3452,10,True,nid007071,57248609
SparseHNSW_a0.8_b7_p256,"M=32 efC=200 ef=50 alpha=0.8 beta=7 q=u8 seedT=8 seedH=8 seedS=4 pat=256",64,0.9575608343,0.9936,165.9582,0.8425,0.0000,0.039090,"0.039081;0.039157;0.039090",11.323870,88309.03,,4.46,0,3452,10,True,nid007071,57248609
SparseHNSW_a0.8_b7_p256,"M=32 efC=200 ef=100 alpha=0.8 beta=7 q=u8 seedT=8 seedH=8 seedS=4 pat=256",64,0.9671205098,0.9962,165.9582,0.8425,0.0000,0.053404,"0.053404;0.053476;0.053263",15.470452,64639.35,,4.46,0,3452,10,True,nid007071,57248609
SparseHNSW_a0.8_b7_p256,"M=32 efC=200 ef=200 alpha=0.8 beta=7 q=u8 seedT=8 seedH=8 seedS=4 pat=256",64,0.9792873696,0.9994,165.9582,0.8425,0.0000,0.098695,"0.098186;0.098695;0.098774",28.590672,34976.44,,4.46,0,3452,10,True,nid007071,57248609
SparseHNSW_a0.8_b7_p256,"M=32 efC=200 ef=400 alpha=0.8 beta=7 q=u8 seedT=8 seedH=8 seedS=4 pat=256",64,0.9862398610,1.0000,165.9582,0.8425,0.0000,0.173210,"0.173210;0.173701;0.172364",50.176709,19929.57,,4.46,0,3452,10,True,nid007071,57248609
SparseHNSW_a0.8_b7_p256,"M=32 efC=200 ef=800 alpha=0.8 beta=7 q=u8 seedT=8 seedH=8 seedS=4 pat=256",64,0.9893395133,1.0000,165.9582,0.8425,0.0000,0.225628,"0.225628;0.226131;0.224431",65.361530,15299.52,,4.46,0,3452,10,True,nid007071,57248609
SparseHNSW_a0.8_b7_p256,"M=32 efC=200 ef=1600 alpha=0.8 beta=7 q=u8 seedT=8 seedH=8 seedS=4 pat=256",64,0.9901506373,1.0000,165.9582,0.8425,0.0000,0.243389,"0.243755;0.243389;0.243358",70.506663,14183.06,,4.46,0,3452,10,True,nid007071,57248609
SparseHNSW_a0.8_b7_p256,"M=32 efC=200 ef=3200 alpha=0.8 beta=7 q=u8 seedT=8 seedH=8 seedS=4 pat=256",64,0.9902085747,1.0000,165.9582,0.8425,0.0000,0.252104,"0.252104;0.251728;0.252432",73.031286,13692.76,,4.46,0,3452,10,True,nid007071,57248609
SparseHNSW_a0.8_b8_p256,"M=32 efC=200 ef=10 alpha=0.8 beta=8 q=u8 seedT=8 seedH=8 seedS=4 pat=256",64,0.9628041715,0.9957,165.9582,0.8425,0.0000,0.044677,"0.045109;0.044677;0.044459",12.942352,77265.71,,4.46,0,3452,10,True,nid007071,57248609
SparseHNSW_a0.8_b8_p256,"M=32 efC=200 ef=20 alpha=0.8 beta=8 q=u8 seedT=8 seedH=8 seedS=4 pat=256",64,0.9628041715,0.9957,165.9582,0.8425,0.0000,0.044270,"0.044270;0.044256;0.044302",12.824450,77976.06,,4.46,0,3452,10,True,nid007071,57248609
SparseHNSW_a0.8_b8_p256,"M=32 efC=200 ef=50 alpha=0.8 beta=8 q=u8 seedT=8 seedH=8 seedS=4 pat=256",64,0.9628041715,0.9957,165.9582,0.8425,0.0000,0.044160,"0.044302;0.044160;0.044047",12.792584,78170.29,,4.46,0,3452,10,True,nid007071,57248609
SparseHNSW_a0.8_b8_p256,"M=32 efC=200 ef=100 alpha=0.8 beta=8 q=u8 seedT=8 seedH=8 seedS=4 pat=256",64,0.9673232908,0.9962,165.9582,0.8425,0.0000,0.053784,"0.053576;0.053806;0.053784",15.580533,64182.66,,4.46,0,3452,10,True,nid007071,57248609
SparseHNSW_a0.8_b8_p256,"M=32 efC=200 ef=200 alpha=0.8 beta=8 q=u8 seedT=8 seedH=8 seedS=4 pat=256",64,0.9795191194,0.9994,165.9582,0.8425,0.0000,0.099574,"0.098999;0.099611;0.099574",28.845307,34667.68,,4.46,0,3452,10,True,nid007071,57248609
SparseHNSW_a0.8_b8_p256,"M=32 efC=200 ef=400 alpha=0.8 beta=8 q=u8 seedT=8 seedH=8 seedS=4 pat=256",64,0.9863847045,1.0000,165.9582,0.8425,0.0000,0.176003,"0.176003;0.176065;0.175787",50.985805,19613.30,,4.46,0,3452,10,True,nid007071,57248609
SparseHNSW_a0.8_b8_p256,"M=32 efC=200 ef=800 alpha=0.8 beta=8 q=u8 seedT=8 seedH=8 seedS=4 pat=256",64,0.9896871379,1.0000,165.9582,0.8425,0.0000,0.236696,"0.236282;0.236696;0.237030",68.567787,14584.11,,4.46,0,3452,10,True,nid007071,57248609
SparseHNSW_a0.8_b8_p256,"M=32 efC=200 ef=1600 alpha=0.8 beta=8 q=u8 seedT=8 seedH=8 seedS=4 pat=256",64,0.9907300116,1.0000,165.9582,0.8425,0.0000,0.259987,"0.259987;0.259829;0.260134",75.314890,13277.59,,4.46,0,3452,10,True,nid007071,57248609
SparseHNSW_a0.8_b8_p256,"M=32 efC=200 ef=3200 alpha=0.8 beta=8 q=u8 seedT=8 seedH=8 seedS=4 pat=256",64,0.9907879490,1.0000,165.9582,0.8425,0.0000,0.268793,"0.268401;0.268932;0.268793",77.865875,12842.60,,4.46,0,3452,10,True,nid007071,57248609
SparseHNSW_a0.85_b1_p0,"M=32 efC=200 ef=10 alpha=0.85 beta=1 q=u8 seedT=8 seedH=8 seedS=4",64,0.8548088065,0.6859,185.8658,0.8419,0.0000,0.021679,"0.022431;0.021679;0.021175",6.280127,159232.44,,4.53,0,3452,10,True,nid007071,57248609
SparseHNSW_a0.85_b1_p0,"M=32 efC=200 ef=20 alpha=0.85 beta=1 q=u8 seedT=8 seedH=8 seedS=4",64,0.8548088065,0.6859,185.8658,0.8419,0.0000,0.020812,"0.020876;0.020812;0.020749",6.028969,165865.85,,4.53,0,3452,10,True,nid007071,57248609
SparseHNSW_a0.85_b1_p0,"M=32 efC=200 ef=50 alpha=0.85 beta=1 q=u8 seedT=8 seedH=8 seedS=4",64,0.8704808806,0.7059,185.8658,0.8419,0.0000,0.030390,"0.030584;0.030390;0.030169",8.803592,113590.00,,4.53,0,3452,10,True,nid007071,57248609
SparseHNSW_a0.85_b1_p0,"M=32 efC=200 ef=100 alpha=0.85 beta=1 q=u8 seedT=8 seedH=8 seedS=4",64,0.8870220162,0.7267,185.8658,0.8419,0.0000,0.057297,"0.057297;0.057278;0.057323",16.598204,60247.48,,4.53,0,3452,10,True,nid007071,57248609
SparseHNSW_a0.85_b1_p0,"M=32 efC=200 ef=200 alpha=0.85 beta=1 q=u8 seedT=8 seedH=8 seedS=4",64,0.8956836616,0.7371,185.8658,0.8419,0.0000,0.105607,"0.105295;0.105607;0.105984",30.592990,32687.23,,4.53,0,3452,10,True,nid007071,57248609
SparseHNSW_a0.85_b1_p0,"M=32 efC=200 ef=400 alpha=0.85 beta=1 q=u8 seedT=8 seedH=8 seedS=4",64,0.9013615295,0.7447,185.8658,0.8419,0.0000,0.195718,"0.195384;0.196213;0.195718",56.696987,17637.62,,4.53,0,3452,10,True,nid007071,57248609
SparseHNSW_a0.85_b1_p0,"M=32 efC=200 ef=800 alpha=0.85 beta=1 q=u8 seedT=8 seedH=8 seedS=4",64,0.9043742758,0.7508,185.8658,0.8419,0.0000,0.371784,"0.371784;0.372835;0.371720",107.701043,9284.96,,4.53,0,3452,10,True,nid007071,57248609
SparseHNSW_a0.85_b1_p0,"M=32 efC=200 ef=1600 alpha=0.85 beta=1 q=u8 seedT=8 seedH=8 seedS=4",64,0.9061703360,0.7546,185.8658,0.8419,0.0000,0.707970,"0.707970;0.706318;0.709213",205.089803,4875.91,,4.53,0,3452,10,True,nid007071,57248609
SparseHNSW_a0.85_b1_p0,"M=32 efC=200 ef=3200 alpha=0.85 beta=1 q=u8 seedT=8 seedH=8 seedS=4",64,0.9072132097,0.7579,185.8658,0.8419,0.0000,1.329313,"1.329313;1.327865;1.330188",385.084878,2596.83,,4.53,0,3452,10,True,nid007071,57248609
SparseHNSW_a0.85_b2_p0,"M=32 efC=200 ef=10 alpha=0.85 beta=2 q=u8 seedT=8 seedH=8 seedS=4",64,0.9206836616,0.9817,185.8658,0.8419,0.0000,0.022163,"0.022908;0.022163;0.021858",6.420336,155755.09,,4.53,0,3452,10,True,nid007071,57248609
SparseHNSW_a0.85_b2_p0,"M=32 efC=200 ef=20 alpha=0.85 beta=2 q=u8 seedT=8 seedH=8 seedS=4",64,0.9206836616,0.9817,185.8658,0.8419,0.0000,0.021516,"0.021596;0.021516;0.021443",6.232908,160438.74,,4.53,0,3452,10,True,nid007071,57248609
SparseHNSW_a0.85_b2_p0,"M=32 efC=200 ef=50 alpha=0.85 beta=2 q=u8 seedT=8 seedH=8 seedS=4",64,0.9408748552,0.9884,185.8658,0.8419,0.0000,0.031124,"0.031254;0.031124;0.031055",9.016222,110911.19,,4.53,0,3452,10,True,nid007071,57248609
SparseHNSW_a0.85_b2_p0,"M=32 efC=200 ef=100 alpha=0.85 beta=2 q=u8 seedT=8 seedH=8 seedS=4",64,0.9618192352,0.9948,185.8658,0.8419,0.0000,0.057878,"0.058019;0.057612;0.057878",16.766512,59642.70,,4.53,0,3452,10,True,nid007071,57248609
SparseHNSW_a0.85_b2_p0,"M=32 efC=200 ef=200 alpha=0.85 beta=2 q=u8 seedT=8 seedH=8 seedS=4",64,0.9732329085,0.9977,185.8658,0.8419,0.0000,0.106428,"0.106542;0.106428;0.106129",30.830823,32435.07,,4.53,0,3452,10,True,nid007071,57248609
SparseHNSW_a0.85_b2_p0,"M=32 efC=200 ef=400 alpha=0.85 beta=2 q=u8 seedT=8 seedH=8 seedS=4",64,0.9809675550,0.9997,185.8658,0.8419,0.0000,0.196793,"0.196793;0.196659;0.197179",57.008401,17541.27,,4.53,0,3452,10,True,nid007071,57248609
SparseHNSW_a0.85_b2_p0,"M=32 efC=200 ef=800 alpha=0.85 beta=2 q=u8 seedT=8 seedH=8 seedS=4",64,0.9853997683,1.0000,185.8658,0.8419,0.0000,0.372295,"0.371255;0.372295;0.372695",107.849073,9272.22,,4.53,0,3452,10,True,nid007071,57248609
SparseHNSW_a0.85_b2_p0,"M=32 efC=200 ef=1600 alpha=0.85 beta=2 q=u8 seedT=8 seedH=8 seedS=4",64,0.9877752028,1.0000,185.8658,0.8419,0.0000,0.708503,"0.707656;0.709813;0.708503",205.244206,4872.24,,4.53,0,3452,10,True,nid007071,57248609
SparseHNSW_a0.85_b2_p0,"M=32 efC=200 ef=3200 alpha=0.85 beta=2 q=u8 seedT=8 seedH=8 seedS=4",64,0.9895133256,1.0000,185.8658,0.8419,0.0000,1.327015,"1.327015;1.333705;1.326292",384.419177,2601.33,,4.53,0,3452,10,True,nid007071,57248609
SparseHNSW_a0.85_b3_p0,"M=32 efC=200 ef=10 alpha=0.85 beta=3 q=u8 seedT=8 seedH=8 seedS=4",64,0.9232618772,0.9817,185.8658,0.8419,0.0000,0.022720,"0.023216;0.022720;0.022381",6.581692,151936.62,,4.53,0,3452,10,True,nid007071,57248609
SparseHNSW_a0.85_b3_p0,"M=32 efC=200 ef=20 alpha=0.85 beta=3 q=u8 seedT=8 seedH=8 seedS=4",64,0.9232618772,0.9817,185.8658,0.8419,0.0000,0.021891,"0.022115;0.021891;0.021882",6.341541,157690.38,,4.53,0,3452,10,True,nid007071,57248609
SparseHNSW_a0.85_b3_p0,"M=32 efC=200 ef=50 alpha=0.85 beta=3 q=u8 seedT=8 seedH=8 seedS=4",64,0.9439745075,0.9884,185.8658,0.8419,0.0000,0.031461,"0.031461;0.031486;0.031447",9.113847,109723.15,,4.53,0,3452,10,True,nid007071,57248609
SparseHNSW_a0.85_b3_p0,"M=32 efC=200 ef=100 alpha=0.85 beta=3 q=u8 seedT=8 seedH=8 seedS=4",64,0.9653823870,0.9948,185.8658,0.8419,0.0000,0.058099,"0.057979;0.058170;0.058099",16.830533,59415.82,,4.53,0,3452,10,True,nid007071,57248609
SparseHNSW_a0.85_b3_p0,"M=32 efC=200 ef=200 alpha=0.85 beta=3 q=u8 seedT=8 seedH=8 seedS=4",64,0.9772305910,0.9977,185.8658,0.8419,0.0000,0.106119,"0.106119;0.106102;0.106546",30.741309,32529.52,,4.53,0,3452,10,True,nid007071,57248609
SparseHNSW_a0.85_b3_p0,"M=32 efC=200 ef=400 alpha=0.85 beta=3 q=u8 seedT=8 seedH=8 seedS=4",64,0.9850231750,0.9997,185.8658,0.8419,0.0000,0.196870,"0.196523;0.196870;0.197306",57.030707,17534.41,,4.53,0,3452,10,True,nid007071,57248609
SparseHNSW_a0.85_b3_p0,"M=32 efC=200 ef=800 alpha=0.85 beta=3 q=u8 seedT=8 seedH=8 seedS=4",64,0.9896002317,1.0000,185.8658,0.8419,0.0000,0.371925,"0.372360;0.371925;0.371565",107.741889,9281.44,,4.53,0,3452,10,True,nid007071,57248609
SparseHNSW_a0.85_b3_p0,"M=32 efC=200 ef=1600 alpha=0.85 beta=3 q=u8 seedT=8 seedH=8 seedS=4",64,0.9920625724,1.0000,185.8658,0.8419,0.0000,0.710046,"0.708974;0.710046;0.711617",205.691194,4861.66,,4.53,0,3452,10,True,nid007071,57248609
SparseHNSW_a0.85_b3_p0,"M=32 efC=200 ef=3200 alpha=0.85 beta=3 q=u8 seedT=8 seedH=8 seedS=4",64,0.9938876014,1.0000,185.8658,0.8419,0.0000,1.328997,"1.328997;1.331818;1.328862",384.993337,2597.45,,4.53,0,3452,10,True,nid007071,57248609
SparseHNSW_a0.85_b4_p0,"M=32 efC=200 ef=10 alpha=0.85 beta=4 q=u8 seedT=8 seedH=8 seedS=4",64,0.9352838934,0.9855,185.8658,0.8419,0.0000,0.027095,"0.027472;0.027095;0.026739",7.849073,127403.58,,4.53,0,3452,10,True,nid007071,57248609
SparseHNSW_a0.85_b4_p0,"M=32 efC=200 ef=20 alpha=0.85 beta=4 q=u8 seedT=8 seedH=8 seedS=4",64,0.9352838934,0.9855,185.8658,0.8419,0.0000,0.026193,"0.026270;0.026193;0.026183",7.587775,131790.94,,4.53,0,3452,10,True,nid007071,57248609
SparseHNSW_a0.85_b4_p0,"M=32 efC=200 ef=50 alpha=0.85 beta=4 q=u8 seedT=8 seedH=8 seedS=4",64,0.9444669757,0.9884,185.8658,0.8419,0.0000,0.031782,"0.031778;0.031842;0.031782",9.206837,108614.94,,4.53,0,3452,10,True,nid007071,57248609
SparseHNSW_a0.85_b4_p0,"M=32 efC=200 ef=100 alpha=0.85 beta=4 q=u8 seedT=8 seedH=8 seedS=4",64,0.9661355736,0.9948,185.8658,0.8419,0.0000,0.058296,"0.058296;0.058221;0.058528",16.887601,59215.04,,4.53,0,3452,10,True,nid007071,57248609
SparseHNSW_a0.85_b4_p0,"M=32 efC=200 ef=200 alpha=0.85 beta=4 q=u8 seedT=8 seedH=8 seedS=4",64,0.9780127462,0.9977,185.8658,0.8419,0.0000,0.106411,"0.106411;0.105810;0.106756",30.825898,32440.26,,4.53,0,3452,10,True,nid007071,57248609
SparseHNSW_a0.85_b4_p0,"M=32 efC=200 ef=400 alpha=0.85 beta=4 q=u8 seedT=8 seedH=8 seedS=4",64,0.9859212051,0.9997,185.8658,0.8419,0.0000,0.196672,"0.196672;0.198033;0.196574",56.973349,17552.07,,4.53,0,3452,10,True,nid007071,57248609
SparseHNSW_a0.85_b4_p0,"M=32 efC=200 ef=800 alpha=0.85 beta=4 q=u8 seedT=8 seedH=8 seedS=4",64,0.9905561993,1.0000,185.8658,0.8419,0.0000,0.372050,"0.371978;0.372050;0.372361",107.778100,9278.32,,4.53,0,3452,10,True,nid007071,57248609
SparseHNSW_a0.85_b4_p0,"M=32 efC=200 ef=1600 alpha=0.85 beta=4 q=u8 seedT=8 seedH=8 seedS=4",64,0.9930475087,1.0000,185.8658,0.8419,0.0000,0.710027,"0.709728;0.710027;0.711041",205.685689,4861.79,,4.53,0,3452,10,True,nid007071,57248609
SparseHNSW_a0.85_b4_p0,"M=32 efC=200 ef=3200 alpha=0.85 beta=4 q=u8 seedT=8 seedH=8 seedS=4",64,0.9949015064,1.0000,185.8658,0.8419,0.0000,1.329137,"1.328290;1.330860;1.329137",385.033893,2597.17,,4.53,0,3452,10,True,nid007071,57248609
SparseHNSW_a0.85_b5_p0,"M=32 efC=200 ef=10 alpha=0.85 beta=5 q=u8 seedT=8 seedH=8 seedS=4",64,0.9446118192,0.9884,185.8658,0.8419,0.0000,0.032865,"0.032964;0.032865;0.032431",9.520568,105035.75,,4.53,0,3452,10,True,nid007071,57248609
SparseHNSW_a0.85_b5_p0,"M=32 efC=200 ef=20 alpha=0.85 beta=5 q=u8 seedT=8 seedH=8 seedS=4",64,0.9446118192,0.9884,185.8658,0.8419,0.0000,0.032041,"0.032327;0.032041;0.031963",9.281866,107736.96,,4.53,0,3452,10,True,nid007071,57248609
SparseHNSW_a0.85_b5_p0,"M=32 efC=200 ef=50 alpha=0.85 beta=5 q=u8 seedT=8 seedH=8 seedS=4",64,0.9446118192,0.9884,185.8658,0.8419,0.0000,0.031986,"0.031986;0.032040;0.031955",9.265933,107922.22,,4.53,0,3452,10,True,nid007071,57248609
SparseHNSW_a0.85_b5_p0,"M=32 efC=200 ef=100 alpha=0.85 beta=5 q=u8 seedT=8 seedH=8 seedS=4",64,0.9662804171,0.9948,185.8658,0.8419,0.0000,0.058626,"0.058811;0.058626;0.058392",16.983198,58881.72,,4.53,0,3452,10,True,nid007071,57248609
SparseHNSW_a0.85_b5_p0,"M=32 efC=200 ef=200 alpha=0.85 beta=5 q=u8 seedT=8 seedH=8 seedS=4",64,0.9781865585,0.9977,185.8658,0.8419,0.0000,0.106525,"0.106525;0.106861;0.106362",30.858922,32405.54,,4.53,0,3452,10,True,nid007071,57248609
SparseHNSW_a0.85_b5_p0,"M=32 efC=200 ef=400 alpha=0.85 beta=5 q=u8 seedT=8 seedH=8 seedS=4",64,0.9860660487,0.9997,185.8658,0.8419,0.0000,0.196416,"0.196416;0.197270;0.196282",56.899189,17574.94,,4.53,0,3452,10,True,nid007071,57248609
SparseHNSW_a0.85_b5_p0,"M=32 efC=200 ef=800 alpha=0.85 beta=5 q=u8 seedT=8 seedH=8 seedS=4",64,0.9907589803,1.0000,185.8658,0.8419,0.0000,0.372177,"0.373441;0.372177;0.371648",107.814890,9275.16,,4.53,0,3452,10,True,nid007071,57248609
SparseHNSW_a0.85_b5_p0,"M=32 efC=200 ef=1600 alpha=0.85 beta=5 q=u8 seedT=8 seedH=8 seedS=4",64,0.9932792584,1.0000,185.8658,0.8419,0.0000,0.710566,"0.709155;0.710925;0.710566",205.841831,4858.10,,4.53,0,3452,10,True,nid007071,57248609
SparseHNSW_a0.85_b5_p0,"M=32 efC=200 ef=3200 alpha=0.85 beta=5 q=u8 seedT=8 seedH=8 seedS=4",64,0.9951622248,1.0000,185.8658,0.8419,0.0000,1.330650,"1.330650;1.332096;1.329129",385.472190,2594.22,,4.53,0,3452,10,True,nid007071,57248609
SparseHNSW_a0.85_b6_p0,"M=32 efC=200 ef=10 alpha=0.85 beta=6 q=u8 seedT=8 seedH=8 seedS=4",64,0.9519698725,0.9907,185.8658,0.8419,0.0000,0.038485,"0.038675;0.038485;0.038125",11.148610,89697.28,,4.53,0,3452,10,True,nid007071,57248609
SparseHNSW_a0.85_b6_p0,"M=32 efC=200 ef=20 alpha=0.85 beta=6 q=u8 seedT=8 seedH=8 seedS=4",64,0.9519698725,0.9907,185.8658,0.8419,0.0000,0.037893,"0.037893;0.037912;0.037725",10.977115,91098.62,,4.53,0,3452,10,True,nid007071,57248609
SparseHNSW_a0.85_b6_p0,"M=32 efC=200 ef=50 alpha=0.85 beta=6 q=u8 seedT=8 seedH=8 seedS=4",64,0.9519698725,0.9907,185.8658,0.8419,0.0000,0.037665,"0.037786;0.037665;0.037628",10.911066,91650.07,,4.53,0,3452,10,True,nid007071,57248609
SparseHNSW_a0.85_b6_p0,"M=32 efC=200 ef=100 alpha=0.85 beta=6 q=u8 seedT=8 seedH=8 seedS=4",64,0.9663383546,0.9948,185.8658,0.8419,0.0000,0.058692,"0.058596;0.058692;0.058871",17.002317,58815.51,,4.53,0,3452,10,True,nid007071,57248609
SparseHNSW_a0.85_b6_p0,"M=32 efC=200 ef=200 alpha=0.85 beta=6 q=u8 seedT=8 seedH=8 seedS=4",64,0.9782734647,0.9977,185.8658,0.8419,0.0000,0.106708,"0.106451;0.107257;0.106708",30.911935,32349.96,,4.53,0,3452,10,True,nid007071,57248609
SparseHNSW_a0.85_b6_p0,"M=32 efC=200 ef=400 alpha=0.85 beta=6 q=u8 seedT=8 seedH=8 seedS=4",64,0.9862108922,0.9997,185.8658,0.8419,0.0000,0.197756,"0.197875;0.197756;0.197466",57.287370,17455.85,,4.53,0,3452,10,True,nid007071,57248609
SparseHNSW_a0.85_b6_p0,"M=32 efC=200 ef=800 alpha=0.85 beta=6 q=u8 seedT=8 seedH=8 seedS=4",64,0.9908748552,1.0000,185.8658,0.8419,0.0000,0.372550,"0.371686;0.373239;0.372550",107.922943,9265.87,,4.53,0,3452,10,True,nid007071,57248609
SparseHNSW_a0.85_b6_p0,"M=32 efC=200 ef=1600 alpha=0.85 beta=6 q=u8 seedT=8 seedH=8 seedS=4",64,0.9934241020,1.0000,185.8658,0.8419,0.0000,0.710374,"0.711702;0.710374;0.710126",205.786211,4859.41,,4.53,0,3452,10,True,nid007071,57248609
SparseHNSW_a0.85_b6_p0,"M=32 efC=200 ef=3200 alpha=0.85 beta=6 q=u8 seedT=8 seedH=8 seedS=4",64,0.9952780997,1.0000,185.8658,0.8419,0.0000,1.331768,"1.333337;1.331768;1.331254",385.796060,2592.04,,4.53,0,3452,10,True,nid007071,57248609
SparseHNSW_a0.85_b7_p0,"M=32 efC=200 ef=10 alpha=0.85 beta=7 q=u8 seedT=8 seedH=8 seedS=4",64,0.9572421784,0.9925,185.8658,0.8419,0.0000,0.043841,"0.043942;0.043841;0.043640",12.700174,78739.08,,4.53,0,3452,10,True,nid007071,57248609
SparseHNSW_a0.85_b7_p0,"M=32 efC=200 ef=20 alpha=0.85 beta=7 q=u8 seedT=8 seedH=8 seedS=4",64,0.9572421784,0.9925,185.8658,0.8419,0.0000,0.043476,"0.043476;0.043521;0.043422",12.594438,79400.13,,4.53,0,3452,10,True,nid007071,57248609
SparseHNSW_a0.85_b7_p0,"M=32 efC=200 ef=50 alpha=0.85 beta=7 q=u8 seedT=8 seedH=8 seedS=4",64,0.9572421784,0.9925,185.8658,0.8419,0.0000,0.043302,"0.043508;0.043266;0.043302",12.544032,79719.18,,4.53,0,3452,10,True,nid007071,57248609
SparseHNSW_a0.85_b7_p0,"M=32 efC=200 ef=100 alpha=0.85 beta=7 q=u8 seedT=8 seedH=8 seedS=4",64,0.9663962920,0.9948,185.8658,0.8419,0.0000,0.059143,"0.059101;0.059143;0.059147",17.132966,58367.01,,4.53,0,3452,10,True,nid007071,57248609
SparseHNSW_a0.85_b7_p0,"M=32 efC=200 ef=200 alpha=0.85 beta=7 q=u8 seedT=8 seedH=8 seedS=4",64,0.9783314021,0.9977,185.8658,0.8419,0.0000,0.107079,"0.106357;0.107079;0.107422",31.019409,32237.88,,4.53,0,3452,10,True,nid007071,57248609
SparseHNSW_a0.85_b7_p0,"M=32 efC=200 ef=400 alpha=0.85 beta=7 q=u8 seedT=8 seedH=8 seedS=4",64,0.9862688297,0.9997,185.8658,0.8419,0.0000,0.197207,"0.196619;0.197907;0.197207",57.128331,17504.45,,4.53,0,3452,10,True,nid007071,57248609
SparseHNSW_a0.85_b7_p0,"M=32 efC=200 ef=800 alpha=0.85 beta=7 q=u8 seedT=8 seedH=8 seedS=4",64,0.9909617613,1.0000,185.8658,0.8419,0.0000,0.372646,"0.372581;0.373164;0.372646",107.950753,9263.48,,4.53,0,3452,10,True,nid007071,57248609
SparseHNSW_a0.85_b7_p0,"M=32 efC=200 ef=1600 alpha=0.85 beta=7 q=u8 seedT=8 seedH=8 seedS=4",64,0.9935110081,1.0000,185.8658,0.8419,0.0000,0.711529,"0.711529;0.710165;0.711794",206.120800,4851.52,,4.53,0,3452,10,True,nid007071,57248609
SparseHNSW_a0.85_b7_p0,"M=32 efC=200 ef=3200 alpha=0.85 beta=7 q=u8 seedT=8 seedH=8 seedS=4",64,0.9953939745,1.0000,185.8658,0.8419,0.0000,1.330406,"1.330183;1.330406;1.330909",385.401506,2594.70,,4.53,0,3452,10,True,nid007071,57248609
SparseHNSW_a0.85_b8_p0,"M=32 efC=200 ef=10 alpha=0.85 beta=8 q=u8 seedT=8 seedH=8 seedS=4",64,0.9603418308,0.9936,185.8658,0.8419,0.0000,0.049182,"0.049296;0.049182;0.049150",14.247393,70188.28,,4.53,0,3452,10,True,nid007071,57248609
SparseHNSW_a0.85_b8_p0,"M=32 efC=200 ef=20 alpha=0.85 beta=8 q=u8 seedT=8 seedH=8 seedS=4",64,0.9603418308,0.9936,185.8658,0.8419,0.0000,0.049054,"0.048845;0.049054;0.049064",14.210313,70371.43,,4.53,0,3452,10,True,nid007071,57248609
SparseHNSW_a0.85_b8_p0,"M=32 efC=200 ef=50 alpha=0.85 beta=8 q=u8 seedT=8 seedH=8 seedS=4",64,0.9603418308,0.9936,185.8658,0.8419,0.0000,0.049119,"0.049033;0.049507;0.049119",14.229143,70278.30,,4.53,0,3452,10,True,nid007071,57248609
SparseHNSW_a0.85_b8_p0,"M=32 efC=200 ef=100 alpha=0.85 beta=8 q=u8 seedT=8 seedH=8 seedS=4",64,0.9664252607,0.9948,185.8658,0.8419,0.0000,0.059411,"0.059513;0.059411;0.059196",17.210603,58103.72,,4.53,0,3452,10,True,nid007071,57248609
SparseHNSW_a0.85_b8_p0,"M=32 efC=200 ef=200 alpha=0.85 beta=8 q=u8 seedT=8 seedH=8 seedS=4",64,0.9783603708,0.9977,185.8658,0.8419,0.0000,0.107185,"0.107185;0.106534;0.107497",31.050116,32206.00,,4.53,0,3452,10,True,nid007071,57248609
SparseHNSW_a0.85_b8_p0,"M=32 efC=200 ef=400 alpha=0.85 beta=8 q=u8 seedT=8 seedH=8 seedS=4",64,0.9862977984,0.9997,185.8658,0.8419,0.0000,0.198249,"0.197987;0.198249;0.198258",57.430185,17412.45,,4.53,0,3452,10,True,nid007071,57248609
SparseHNSW_a0.85_b8_p0,"M=32 efC=200 ef=800 alpha=0.85 beta=8 q=u8 seedT=8 seedH=8 seedS=4",64,0.9909907300,1.0000,185.8658,0.8419,0.0000,0.373272,"0.373173;0.373272;0.373707",108.132097,9247.95,,4.53,0,3452,10,True,nid007071,57248609
SparseHNSW_a0.85_b8_p0,"M=32 efC=200 ef=1600 alpha=0.85 beta=8 q=u8 seedT=8 seedH=8 seedS=4",64,0.9935399768,1.0000,185.8658,0.8419,0.0000,0.711218,"0.711218;0.711567;0.709941",206.030707,4853.65,,4.53,0,3452,10,True,nid007071,57248609
SparseHNSW_a0.85_b8_p0,"M=32 efC=200 ef=3200 alpha=0.85 beta=8 q=u8 seedT=8 seedH=8 seedS=4",64,0.9954229432,1.0000,185.8658,0.8419,0.0000,1.331882,"1.330197;1.331882;1.332266",385.829085,2591.82,,4.53,0,3452,10,True,nid007071,57248609
SparseHNSW_a0.85_b1_p64,"M=32 efC=200 ef=10 alpha=0.85 beta=1 q=u8 seedT=8 seedH=8 seedS=4 pat=64",64,0.8548088065,0.6859,185.8658,0.8419,0.0000,0.021699,"0.022230;0.021699;0.021097",6.285921,159085.67,,4.53,0,3452,10,True,nid007071,57248609
SparseHNSW_a0.85_b1_p64,"M=32 efC=200 ef=20 alpha=0.85 beta=1 q=u8 seedT=8 seedH=8 seedS=4 pat=64",64,0.8548088065,0.6859,185.8658,0.8419,0.0000,0.020820,"0.020879;0.020820;0.020792",6.031286,165802.11,,4.53,0,3452,10,True,nid007071,57248609
SparseHNSW_a0.85_b1_p64,"M=32 efC=200 ef=50 alpha=0.85 beta=1 q=u8 seedT=8 seedH=8 seedS=4 pat=64",64,0.8704808806,0.7059,185.8658,0.8419,0.0000,0.030430,"0.030530;0.030430;0.030237",8.815180,113440.68,,4.53,0,3452,10,True,nid007071,57248609
SparseHNSW_a0.85_b1_p64,"M=32 efC=200 ef=100 alpha=0.85 beta=1 q=u8 seedT=8 seedH=8 seedS=4 pat=64",64,0.8851969873,0.7240,185.8658,0.8419,0.0000,0.048369,"0.048383;0.048369;0.048183",14.011877,71368.02,,4.53,0,3452,10,True,nid007071,57248609
SparseHNSW_a0.85_b1_p64,"M=32 efC=200 ef=200 alpha=0.85 beta=1 q=u8 seedT=8 seedH=8 seedS=4 pat=64",64,0.8889629200,0.7270,185.8658,0.8419,0.0000,0.052019,"0.052011;0.052173;0.052019",15.069235,66360.37,,4.53,0,3452,10,True,nid007071,57248609
SparseHNSW_a0.85_b1_p64,"M=32 efC=200 ef=400 alpha=0.85 beta=1 q=u8 seedT=8 seedH=8 seedS=4 pat=64",64,0.8889918888,0.7272,185.8658,0.8419,0.0000,0.052964,"0.053233;0.052964;0.052891",15.342990,65176.35,,4.53,0,3452,10,True,nid007071,57248609
SparseHNSW_a0.85_b1_p64,"M=32 efC=200 ef=800 alpha=0.85 beta=1 q=u8 seedT=8 seedH=8 seedS=4 pat=64",64,0.8889918888,0.7272,185.8658,0.8419,0.0000,0.054893,"0.054636;0.054912;0.054893",15.901796,62885.98,,4.53,0,3452,10,True,nid007071,57248609
SparseHNSW_a0.85_b1_p64,"M=32 efC=200 ef=1600 alpha=0.85 beta=1 q=u8 seedT=8 seedH=8 seedS=4 pat=64",64,0.8889918888,0.7272,185.8658,0.8419,0.0000,0.057590,"0.057499;0.057735;0.057590",16.683082,59940.96,,4.53,0,3452,10,True,nid007071,57248609
SparseHNSW_a0.85_b1_p64,"M=32 efC=200 ef=3200 alpha=0.85 beta=1 q=u8 seedT=8 seedH=8 seedS=4 pat=64",64,0.8889918888,0.7272,185.8658,0.8419,0.0000,0.060373,"0.060469;0.060373;0.060201",17.489282,57177.88,,4.53,0,3452,10,True,nid007071,57248609
SparseHNSW_a0.85_b2_p64,"M=32 efC=200 ef=10 alpha=0.85 beta=2 q=u8 seedT=8 seedH=8 seedS=4 pat=64",64,0.9206836616,0.9817,185.8658,0.8419,0.0000,0.022010,"0.022407;0.022010;0.021832",6.376014,156837.80,,4.53,0,3452,10,True,nid007071,57248609
SparseHNSW_a0.85_b2_p64,"M=32 efC=200 ef=20 alpha=0.85 beta=2 q=u8 seedT=8 seedH=8 seedS=4 pat=64",64,0.9206836616,0.9817,185.8658,0.8419,0.0000,0.021541,"0.021541;0.021463;0.021556",6.240151,160252.54,,4.53,0,3452,10,True,nid007071,57248609
SparseHNSW_a0.85_b2_p64,"M=32 efC=200 ef=50 alpha=0.85 beta=2 q=u8 seedT=8 seedH=8 seedS=4 pat=64",64,0.9408748552,0.9884,185.8658,0.8419,0.0000,0.031066,"0.031254;0.031066;0.030848",8.999421,111118.26,,4.53,0,3452,10,True,nid007071,57248609
SparseHNSW_a0.85_b2_p64,"M=32 efC=200 ef=100 alpha=0.85 beta=2 q=u8 seedT=8 seedH=8 seedS=4 pat=64",64,0.9610660487,0.9948,185.8658,0.8419,0.0000,0.053059,"0.053001;0.053169;0.053059",15.370510,65059.65,,4.53,0,3452,10,True,nid007071,57248609
SparseHNSW_a0.85_b2_p64,"M=32 efC=200 ef=200 alpha=0.85 beta=2 q=u8 seedT=8 seedH=8 seedS=4 pat=64",64,0.9686268830,0.9977,185.8658,0.8419,0.0000,0.061606,"0.061606;0.061909;0.061461",17.846466,56033.50,,4.53,0,3452,10,True,nid007071,57248609
SparseHNSW_a0.85_b2_p64,"M=32 efC=200 ef=400 alpha=0.85 beta=2 q=u8 seedT=8 seedH=8 seedS=4 pat=64",64,0.9690614137,0.9977,185.8658,0.8419,0.0000,0.063522,"0.063522;0.063410;0.063650",18.401506,54343.38,,4.53,0,3452,10,True,nid007071,57248609
SparseHNSW_a0.85_b2_p64,"M=32 efC=200 ef=800 alpha=0.85 beta=2 q=u8 seedT=8 seedH=8 seedS=4 pat=64",64,0.9690614137,0.9977,185.8658,0.8419,0.0000,0.065353,"0.065411;0.065299;0.065353",18.931924,52820.83,,4.53,0,3452,10,True,nid007071,57248609
SparseHNSW_a0.85_b2_p64,"M=32 efC=200 ef=1600 alpha=0.85 beta=2 q=u8 seedT=8 seedH=8 seedS=4 pat=64",64,0.9690614137,0.9977,185.8658,0.8419,0.0000,0.068250,"0.068172;0.068250;0.068592",19.771147,50578.75,,4.53,0,3452,10,True,nid007071,57248609
SparseHNSW_a0.85_b2_p64,"M=32 efC=200 ef=3200 alpha=0.85 beta=2 q=u8 seedT=8 seedH=8 seedS=4 pat=64",64,0.9690614137,0.9977,185.8658,0.8419,0.0000,0.071435,"0.071304;0.071435;0.071774",20.693801,48323.65,,4.53,0,3452,10,True,nid007071,57248609
SparseHNSW_a0.85_b3_p64,"M=32 efC=200 ef=10 alpha=0.85 beta=3 q=u8 seedT=8 seedH=8 seedS=4 pat=64",64,0.9232618772,0.9817,185.8658,0.8419,0.0000,0.022665,"0.022932;0.022665;0.022229",6.565759,152305.32,,4.53,0,3452,10,True,nid007071,57248609
SparseHNSW_a0.85_b3_p64,"M=32 efC=200 ef=20 alpha=0.85 beta=3 q=u8 seedT=8 seedH=8 seedS=4 pat=64",64,0.9232618772,0.9817,185.8658,0.8419,0.0000,0.022008,"0.022008;0.022050;0.021878",6.375435,156852.05,,4.53,0,3452,10,True,nid007071,57248609
SparseHNSW_a0.85_b3_p64,"M=32 efC=200 ef=50 alpha=0.85 beta=3 q=u8 seedT=8 seedH=8 seedS=4 pat=64",64,0.9439745075,0.9884,185.8658,0.8419,0.0000,0.031483,"0.031483;0.031493;0.031333",9.120220,109646.48,,4.53,0,3452,10,True,nid007071,57248609
SparseHNSW_a0.85_b3_p64,"M=32 efC=200 ef=100 alpha=0.85 beta=3 q=u8 seedT=8 seedH=8 seedS=4 pat=64",64,0.9650637312,0.9948,185.8658,0.8419,0.0000,0.055662,"0.055745;0.055581;0.055662",16.124565,62017.18,,4.53,0,3452,10,True,nid007071,57248609
SparseHNSW_a0.85_b3_p64,"M=32 efC=200 ef=200 alpha=0.85 beta=3 q=u8 seedT=8 seedH=8 seedS=4 pat=64",64,0.9741599073,0.9977,185.8658,0.8419,0.0000,0.069817,"0.069894;0.069765;0.069817",20.225087,49443.55,,4.53,0,3452,10,True,nid007071,57248609
SparseHNSW_a0.85_b3_p64,"M=32 efC=200 ef=400 alpha=0.85 beta=3 q=u8 seedT=8 seedH=8 seedS=4 pat=64",64,0.9754634994,0.9986,185.8658,0.8419,0.0000,0.073399,"0.073210;0.073450;0.073399",21.262746,47030.61,,4.53,0,3452,10,True,nid007071,57248609
SparseHNSW_a0.85_b3_p64,"M=32 efC=200 ef=800 alpha=0.85 beta=3 q=u8 seedT=8 seedH=8 seedS=4 pat=64",64,0.9754634994,0.9986,185.8658,0.8419,0.0000,0.075316,"0.075350;0.075134;0.075316",21.818076,45833.55,,4.53,0,3452,10,True,nid007071,57248609
SparseHNSW_a0.85_b3_p64,"M=32 efC=200 ef=1600 alpha=0.85 beta=3 q=u8 seedT=8 seedH=8 seedS=4 pat=64",64,0.9754634994,0.9986,185.8658,0.8419,0.0000,0.078227,"0.078220;0.078227;0.078441",22.661356,44127.99,,4.53,0,3452,10,True,nid007071,57248609
SparseHNSW_a0.85_b3_p64,"M=32 efC=200 ef=3200 alpha=0.85 beta=3 q=u8 seedT=8 seedH=8 seedS=4 pat=64",64,0.9754634994,0.9986,185.8658,0.8419,0.0000,0.081404,"0.081404;0.081396;0.081495",23.581692,42405.78,,4.53,0,3452,10,True,nid007071,57248609
SparseHNSW_a0.85_b4_p64,"M=32 efC=200 ef=10 alpha=0.85 beta=4 q=u8 seedT=8 seedH=8 seedS=4 pat=64",64,0.9352838934,0.9855,185.8658,0.8419,0.0000,0.026774,"0.027158;0.026774;0.026524",7.756083,128931.05,,4.53,0,3452,10,True,nid007071,57248609
SparseHNSW_a0.85_b4_p64,"M=32 efC=200 ef=20 alpha=0.85 beta=4 q=u8 seedT=8 seedH=8 seedS=4 pat=64",64,0.9352838934,0.9855,185.8658,0.8419,0.0000,0.026156,"0.026353;0.026156;0.026034",7.577057,131977.37,,4.53,0,3452,10,True,nid007071,57248609
SparseHNSW_a0.85_b4_p64,"M=32 efC=200 ef=50 alpha=0.85 beta=4 q=u8 seedT=8 seedH=8 seedS=4 pat=64",64,0.9444669757,0.9884,185.8658,0.8419,0.0000,0.031658,"0.031658;0.031696;0.031586",9.170915,109040.37,,4.53,0,3452,10,True,nid007071,57248609
SparseHNSW_a0.85_b4_p64,"M=32 efC=200 ef=100 alpha=0.85 beta=4 q=u8 seedT=8 seedH=8 seedS=4 pat=64",64,0.9658458864,0.9948,185.8658,0.8419,0.0000,0.057360,"0.057360;0.057346;0.057524",16.616454,60181.31,,4.53,0,3452,10,True,nid007071,57248609
SparseHNSW_a0.85_b4_p64,"M=32 efC=200 ef=200 alpha=0.85 beta=4 q=u8 seedT=8 seedH=8 seedS=4 pat=64",64,0.9756952491,0.9977,185.8658,0.8419,0.0000,0.077779,"0.077779;0.077790;0.077633",22.531576,44382.16,,4.53,0,3452,10,True,nid007071,57248609
SparseHNSW_a0.85_b4_p64,"M=32 efC=200 ef=400 alpha=0.85 beta=4 q=u8 seedT=8 seedH=8 seedS=4 pat=64",64,0.9777809965,0.9988,185.8658,0.8419,0.0000,0.083414,"0.083414;0.083493;0.083164",24.163963,41383.94,,4.53,0,3452,10,True,nid007071,57248609
SparseHNSW_a0.85_b4_p64,"M=32 efC=200 ef=800 alpha=0.85 beta=4 q=u8 seedT=8 seedH=8 seedS=4 pat=64",64,0.9777809965,0.9988,185.8658,0.8419,0.0000,0.085721,"0.085721;0.085940;0.085352",24.832271,40270.18,,4.53,0,3452,10,True,nid007071,57248609
SparseHNSW_a0.85_b4_p64,"M=32 efC=200 ef=1600 alpha=0.85 beta=4 q=u8 seedT=8 seedH=8 seedS=4 pat=64",64,0.9777809965,0.9988,185.8658,0.8419,0.0000,0.089105,"0.089105;0.088249;0.089403",25.812572,38740.81,,4.53,0,3452,10,True,nid007071,57248609
SparseHNSW_a0.85_b4_p64,"M=32 efC=200 ef=3200 alpha=0.85 beta=4 q=u8 seedT=8 seedH=8 seedS=4 pat=64",64,0.9777809965,0.9988,185.8658,0.8419,0.0000,0.092350,"0.092350;0.092046;0.092637",26.752607,37379.53,,4.53,0,3452,10,True,nid007071,57248609
SparseHNSW_a0.85_b5_p64,"M=32 efC=200 ef=10 alpha=0.85 beta=5 q=u8 seedT=8 seedH=8 seedS=4 pat=64",64,0.9446118192,0.9884,185.8658,0.8419,0.0000,0.032509,"0.032933;0.032509;0.032187",9.417439,106185.98,,4.53,0,3452,10,True,nid007071,57248609
SparseHNSW_a0.85_b5_p64,"M=32 efC=200 ef=20 alpha=0.85 beta=5 q=u8 seedT=8 seedH=8 seedS=4 pat=64",64,0.9446118192,0.9884,185.8658,0.8419,0.0000,0.032072,"0.032096;0.031928;0.032072",9.290846,107632.83,,4.53,0,3452,10,True,nid007071,57248609
SparseHNSW_a0.85_b5_p64,"M=32 efC=200 ef=50 alpha=0.85 beta=5 q=u8 seedT=8 seedH=8 seedS=4 pat=64",64,0.9446118192,0.9884,185.8658,0.8419,0.0000,0.031803,"0.031826;0.031791;0.031803",9.212920,108543.22,,4.53,0,3452,10,True,nid007071,57248609
SparseHNSW_a0.85_b5_p64,"M=32 efC=200 ef=100 alpha=0.85 beta=5 q=u8 seedT=8 seedH=8 seedS=4 pat=64",64,0.9660196987,0.9948,185.8658,0.8419,0.0000,0.058133,"0.058049;0.058411;0.058133",16.840382,59381.07,,4.53,0,3452,10,True,nid007071,57248609
SparseHNSW_a0.85_b5_p64,"M=32 efC=200 ef=200 alpha=0.85 beta=5 q=u8 seedT=8 seedH=8 seedS=4 pat=64",64,0.9763904983,0.9977,185.8658,0.8419,0.0000,0.083956,"0.083956;0.083891;0.084045",24.320973,41116.78,,4.53,0,3452,10,True,nid007071,57248609
SparseHNSW_a0.85_b5_p64,"M=32 efC=200 ef=400 alpha=0.85 beta=5 q=u8 seedT=8 seedH=8 seedS=4 pat=64",64,0.9794032445,0.9991,185.8658,0.8419,0.0000,0.093000,"0.092850;0.093000;0.093056",26.940904,37118.28,,4.53,0,3452,10,True,nid007071,57248609
SparseHNSW_a0.85_b5_p64,"M=32 efC=200 ef=800 alpha=0.85 beta=5 q=u8 seedT=8 seedH=8 seedS=4 pat=64",64,0.9795191194,0.9991,185.8658,0.8419,0.0000,0.095735,"0.095735;0.095533;0.096373",27.733198,36057.87,,4.53,0,3452,10,True,nid007071,57248609
SparseHNSW_a0.85_b5_p64,"M=32 efC=200 ef=1600 alpha=0.85 beta=5 q=u8 seedT=8 seedH=8 seedS=4 pat=64",64,0.9795191194,0.9991,185.8658,0.8419,0.0000,0.099054,"0.099615;0.099054;0.098925",28.694670,34849.68,,4.53,0,3452,10,True,nid007071,57248609
SparseHNSW_a0.85_b5_p64,"M=32 efC=200 ef=3200 alpha=0.85 beta=5 q=u8 seedT=8 seedH=8 seedS=4 pat=64",64,0.9795191194,0.9991,185.8658,0.8419,0.0000,0.102828,"0.103056;0.102828;0.102336",29.787949,33570.62,,4.53,0,3452,10,True,nid007071,57248609
SparseHNSW_a0.85_b6_p64,"M=32 efC=200 ef=10 alpha=0.85 beta=6 q=u8 seedT=8 seedH=8 seedS=4 pat=64",64,0.9519698725,0.9907,185.8658,0.8419,0.0000,0.038279,"0.038667;0.038279;0.037977",11.088934,90179.99,,4.53,0,3452,10,True,nid007071,57248609
SparseHNSW_a0.85_b6_p64,"M=32 efC=200 ef=20 alpha=0.85 beta=6 q=u8 seedT=8 seedH=8 seedS=4 pat=64",64,0.9519698725,0.9907,185.8658,0.8419,0.0000,0.037645,"0.037793;0.037645;0.037470",10.905272,91698.76,,4.53,0,3452,10,True,nid007071,57248609
SparseHNSW_a0.85_b6_p64,"M=32 efC=200 ef=50 alpha=0.85 beta=6 q=u8 seedT=8 seedH=8 seedS=4 pat=64",64,0.9519698725,0.9907,185.8658,0.8419,0.0000,0.037487,"0.037388;0.037529;0.037487",10.859502,92085.26,,4.53,0,3452,10,True,nid007071,57248609
SparseHNSW_a0.85_b6_p64,"M=32 efC=200 ef=100 alpha=0.85 beta=6 q=u8 seedT=8 seedH=8 seedS=4 pat=64",64,0.9661355736,0.9948,185.8658,0.8419,0.0000,0.058510,"0.058510;0.058649;0.058505",16.949594,58998.46,,4.53,0,3452,10,True,nid007071,57248609
SparseHNSW_a0.85_b6_p64,"M=32 efC=200 ef=200 alpha=0.85 beta=6 q=u8 seedT=8 seedH=8 seedS=4 pat=64",64,0.9768539977,0.9977,185.8658,0.8419,0.0000,0.088302,"0.088176;0.088375;0.088302",25.579954,39093.11,,4.53,0,3452,10,True,nid007071,57248609
SparseHNSW_a0.85_b6_p64,"M=32 efC=200 ef=400 alpha=0.85 beta=6 q=u8 seedT=8 seedH=8 seedS=4 pat=64",64,0.9803592121,0.9991,185.8658,0.8419,0.0000,0.100764,"0.101239;0.100701;0.100764",29.190035,34258.27,,4.53,0,3452,10,True,nid007071,57248609
SparseHNSW_a0.85_b6_p64,"M=32 efC=200 ef=800 alpha=0.85 beta=6 q=u8 seedT=8 seedH=8 seedS=4 pat=64",64,0.9804750869,0.9991,185.8658,0.8419,0.0000,0.103741,"0.104562;0.103437;0.103741",30.052433,33275.18,,4.53,0,3452,10,True,nid007071,57248609
SparseHNSW_a0.85_b6_p64,"M=32 efC=200 ef=1600 alpha=0.85 beta=6 q=u8 seedT=8 seedH=8 seedS=4 pat=64",64,0.9804750869,0.9991,185.8658,0.8419,0.0000,0.107037,"0.107037;0.107379;0.106228",31.007242,32250.53,,4.53,0,3452,10,True,nid007071,57248609
SparseHNSW_a0.85_b6_p64,"M=32 efC=200 ef=3200 alpha=0.85 beta=6 q=u8 seedT=8 seedH=8 seedS=4 pat=64",64,0.9804750869,0.9991,185.8658,0.8419,0.0000,0.111450,"0.111450;0.111382;0.111576",32.285632,30973.53,,4.53,0,3452,10,True,nid007071,57248609
SparseHNSW_a0.85_b7_p64,"M=32 efC=200 ef=10 alpha=0.85 beta=7 q=u8 seedT=8 seedH=8 seedS=4 pat=64",64,0.9572421784,0.9925,185.8658,0.8419,0.0000,0.043671,"0.044016;0.043671;0.043586",12.650927,79045.59,,4.53,0,3452,10,True,nid007071,57248609
SparseHNSW_a0.85_b7_p64,"M=32 efC=200 ef=20 alpha=0.85 beta=7 q=u8 seedT=8 seedH=8 seedS=4 pat=64",64,0.9572421784,0.9925,185.8658,0.8419,0.0000,0.043305,"0.043451;0.043253;0.043305",12.544902,79713.66,,4.53,0,3452,10,True,nid007071,57248609
SparseHNSW_a0.85_b7_p64,"M=32 efC=200 ef=50 alpha=0.85 beta=7 q=u8 seedT=8 seedH=8 seedS=4 pat=64",64,0.9572421784,0.9925,185.8658,0.8419,0.0000,0.043163,"0.043187;0.043152;0.043163",12.503766,79975.91,,4.53,0,3452,10,True,nid007071,57248609
SparseHNSW_a0.85_b7_p64,"M=32 efC=200 ef=100 alpha=0.85 beta=7 q=u8 seedT=8 seedH=8 seedS=4 pat=64",64,0.9661935110,0.9948,185.8658,0.8419,0.0000,0.059028,"0.058871;0.059028;0.059111",17.099652,58480.72,,4.53,0,3452,10,True,nid007071,57248609
SparseHNSW_a0.85_b7_p64,"M=32 efC=200 ef=200 alpha=0.85 beta=7 q=u8 seedT=8 seedH=8 seedS=4 pat=64",64,0.9773464658,0.9977,185.8658,0.8419,0.0000,0.093701,"0.093174;0.093997;0.093701",27.143975,36840.59,,4.53,0,3452,10,True,nid007071,57248609
SparseHNSW_a0.85_b7_p64,"M=32 efC=200 ef=400 alpha=0.85 beta=7 q=u8 seedT=8 seedH=8 seedS=4 pat=64",64,0.9816338355,0.9991,185.8658,0.8419,0.0000,0.109774,"0.109517;0.109937;0.109774",31.800116,31446.43,,4.53,0,3452,10,True,nid007071,57248609
SparseHNSW_a0.85_b7_p64,"M=32 efC=200 ef=800 alpha=0.85 beta=7 q=u8 seedT=8 seedH=8 seedS=4 pat=64",64,0.9818076477,0.9991,185.8658,0.8419,0.0000,0.114171,"0.114171;0.114270;0.113760",33.073870,30235.35,,4.53,0,3452,10,True,nid007071,57248609
SparseHNSW_a0.85_b7_p64,"M=32 efC=200 ef=1600 alpha=0.85 beta=7 q=u8 seedT=8 seedH=8 seedS=4 pat=64",64,0.9818076477,0.9991,185.8658,0.8419,0.0000,0.116706,"0.116364;0.117497;0.116706",33.808227,29578.60,,4.53,0,3452,10,True,nid007071,57248609
SparseHNSW_a0.85_b7_p64,"M=32 efC=200 ef=3200 alpha=0.85 beta=7 q=u8 seedT=8 seedH=8 seedS=4 pat=64",64,0.9818076477,0.9991,185.8658,0.8419,0.0000,0.120699,"0.120699;0.120457;0.121151",34.964948,28600.07,,4.53,0,3452,10,True,nid007071,57248609
SparseHNSW_a0.85_b8_p64,"M=32 efC=200 ef=10 alpha=0.85 beta=8 q=u8 seedT=8 seedH=8 seedS=4 pat=64",64,0.9603418308,0.9936,185.8658,0.8419,0.0000,0.049142,"0.049142;0.049266;0.048917",14.235805,70245.41,,4.53,0,3452,10,True,nid007071,57248609
SparseHNSW_a0.85_b8_p64,"M=32 efC=200 ef=20 alpha=0.85 beta=8 q=u8 seedT=8 seedH=8 seedS=4 pat=64",64,0.9603418308,0.9936,185.8658,0.8419,0.0000,0.049104,"0.048950;0.049153;0.049104",14.224797,70299.77,,4.53,0,3452,10,True,nid007071,57248609
SparseHNSW_a0.85_b8_p64,"M=32 efC=200 ef=50 alpha=0.85 beta=8 q=u8 seedT=8 seedH=8 seedS=4 pat=64",64,0.9603418308,0.9936,185.8658,0.8419,0.0000,0.048914,"0.048914;0.049104;0.048806",14.169757,70572.84,,4.53,0,3452,10,True,nid007071,57248609
SparseHNSW_a0.85_b8_p64,"M=32 efC=200 ef=100 alpha=0.85 beta=8 q=u8 seedT=8 seedH=8 seedS=4 pat=64",64,0.9662224797,0.9948,185.8658,0.8419,0.0000,0.059304,"0.059304;0.059303;0.059435",17.179606,58208.55,,4.53,0,3452,10,True,nid007071,57248609
SparseHNSW_a0.85_b8_p64,"M=32 efC=200 ef=200 alpha=0.85 beta=8 q=u8 seedT=8 seedH=8 seedS=4 pat=64",64,0.9777520278,0.9977,185.8658,0.8419,0.0000,0.097409,"0.097361;0.097409;0.097658",28.218134,35438.20,,4.53,0,3452,10,True,nid007071,57248609
SparseHNSW_a0.85_b8_p64,"M=32 efC=200 ef=400 alpha=0.85 beta=8 q=u8 seedT=8 seedH=8 seedS=4 pat=64",64,0.9823870220,0.9991,185.8658,0.8419,0.0000,0.116198,"0.116490;0.116050;0.116198",33.661066,29707.91,,4.53,0,3452,10,True,nid007071,57248609
SparseHNSW_a0.85_b8_p64,"M=32 efC=200 ef=800 alpha=0.85 beta=8 q=u8 seedT=8 seedH=8 seedS=4 pat=64",64,0.9826187717,0.9991,185.8658,0.8419,0.0000,0.121442,"0.121617;0.121442;0.120610",35.180185,28425.09,,4.53,0,3452,10,True,nid007071,57248609
SparseHNSW_a0.85_b8_p64,"M=32 efC=200 ef=1600 alpha=0.85 beta=8 q=u8 seedT=8 seedH=8 seedS=4 pat=64",64,0.9826187717,0.9991,185.8658,0.8419,0.0000,0.123894,"0.124027;0.123253;0.123894",35.890498,27862.53,,4.53,0,3452,10,True,nid007071,57248609
SparseHNSW_a0.85_b8_p64,"M=32 efC=200 ef=3200 alpha=0.85 beta=8 q=u8 seedT=8 seedH=8 seedS=4 pat=64",64,0.9826187717,0.9991,185.8658,0.8419,0.0000,0.128466,"0.129160;0.128389;0.128466",37.214948,26870.92,,4.53,0,3452,10,True,nid007071,57248609
SparseHNSW_a0.85_b1_p128,"M=32 efC=200 ef=10 alpha=0.85 beta=1 q=u8 seedT=8 seedH=8 seedS=4 pat=128",64,0.8548088065,0.6859,185.8658,0.8419,0.0000,0.021433,"0.021988;0.021433;0.021064",6.208864,161060.05,,4.53,0,3452,10,True,nid007071,57248609
SparseHNSW_a0.85_b1_p128,"M=32 efC=200 ef=20 alpha=0.85 beta=1 q=u8 seedT=8 seedH=8 seedS=4 pat=128",64,0.8548088065,0.6859,185.8658,0.8419,0.0000,0.020800,"0.020980;0.020800;0.020754",6.025492,165961.54,,4.53,0,3452,10,True,nid007071,57248609
SparseHNSW_a0.85_b1_p128,"M=32 efC=200 ef=50 alpha=0.85 beta=1 q=u8 seedT=8 seedH=8 seedS=4 pat=128",64,0.8704808806,0.7059,185.8658,0.8419,0.0000,0.030400,"0.030599;0.030400;0.030241",8.806489,113552.63,,4.53,0,3452,10,True,nid007071,57248609
SparseHNSW_a0.85_b1_p128,"M=32 efC=200 ef=100 alpha=0.85 beta=1 q=u8 seedT=8 seedH=8 seedS=4 pat=128",64,0.8870220162,0.7267,185.8658,0.8419,0.0000,0.057295,"0.057151;0.057295;0.057347",16.597625,60249.59,,4.53,0,3452,10,True,nid007071,57248609
SparseHNSW_a0.85_b1_p128,"M=32 efC=200 ef=200 alpha=0.85 beta=1 q=u8 seedT=8 seedH=8 seedS=4 pat=128",64,0.8947566628,0.7358,185.8658,0.8419,0.0000,0.083893,"0.083832;0.083973;0.083893",24.302723,41147.65,,4.53,0,3452,10,True,nid007071,57248609
SparseHNSW_a0.85_b1_p128,"M=32 efC=200 ef=400 alpha=0.85 beta=1 q=u8 seedT=8 seedH=8 seedS=4 pat=128",64,0.8961761298,0.7374,185.8658,0.8419,0.0000,0.088020,"0.088020;0.088710;0.088011",25.498262,39218.36,,4.53,0,3452,10,True,nid007071,57248609
SparseHNSW_a0.85_b1_p128,"M=32 efC=200 ef=800 alpha=0.85 beta=1 q=u8 seedT=8 seedH=8 seedS=4 pat=128",64,0.8961761298,0.7374,185.8658,0.8419,0.0000,0.090741,"0.090714;0.090741;0.090790",26.286501,38042.34,,4.53,0,3452,10,True,nid007071,57248609
SparseHNSW_a0.85_b1_p128,"M=32 efC=200 ef=1600 alpha=0.85 beta=1 q=u8 seedT=8 seedH=8 seedS=4 pat=128",64,0.8961761298,0.7374,185.8658,0.8419,0.0000,0.093895,"0.094405;0.093515;0.093895",27.200174,36764.47,,4.53,0,3452,10,True,nid007071,57248609
SparseHNSW_a0.85_b1_p128,"M=32 efC=200 ef=3200 alpha=0.85 beta=1 q=u8 seedT=8 seedH=8 seedS=4 pat=128",64,0.8961761298,0.7374,185.8658,0.8419,0.0000,0.097633,"0.097357;0.097633;0.097810",28.283024,35356.90,,4.53,0,3452,10,True,nid007071,57248609
SparseHNSW_a0.85_b2_p128,"M=32 efC=200 ef=10 alpha=0.85 beta=2 q=u8 seedT=8 seedH=8 seedS=4 pat=128",64,0.9206836616,0.9817,185.8658,0.8419,0.0000,0.022215,"0.022749;0.022215;0.021852",6.435400,155390.50,,4.53,0,3452,10,True,nid007071,57248609
SparseHNSW_a0.85_b2_p128,"M=32 efC=200 ef=20 alpha=0.85 beta=2 q=u8 seedT=8 seedH=8 seedS=4 pat=128",64,0.9206836616,0.9817,185.8658,0.8419,0.0000,0.021558,"0.021636;0.021558;0.021447",6.245075,160126.17,,4.53,0,3452,10,True,nid007071,57248609
SparseHNSW_a0.85_b2_p128,"M=32 efC=200 ef=50 alpha=0.85 beta=2 q=u8 seedT=8 seedH=8 seedS=4 pat=128",64,0.9408748552,0.9884,185.8658,0.8419,0.0000,0.031054,"0.031121;0.031054;0.030947",8.995944,111161.20,,4.53,0,3452,10,True,nid007071,57248609
SparseHNSW_a0.85_b2_p128,"M=32 efC=200 ef=100 alpha=0.85 beta=2 q=u8 seedT=8 seedH=8 seedS=4 pat=128",64,0.9618192352,0.9948,185.8658,0.8419,0.0000,0.058061,"0.058116;0.057943;0.058061",16.819525,59454.71,,4.53,0,3452,10,True,nid007071,57248609
SparseHNSW_a0.85_b2_p128,"M=32 efC=200 ef=200 alpha=0.85 beta=2 q=u8 seedT=8 seedH=8 seedS=4 pat=128",64,0.9727694090,0.9977,185.8658,0.8419,0.0000,0.091255,"0.091309;0.091255;0.090914",26.435400,37828.06,,4.53,0,3452,10,True,nid007071,57248609
SparseHNSW_a0.85_b2_p128,"M=32 efC=200 ef=400 alpha=0.85 beta=2 q=u8 seedT=8 seedH=8 seedS=4 pat=128",64,0.9768539977,0.9994,185.8658,0.8419,0.0000,0.100381,"0.100584;0.100381;0.100225",29.079085,34388.98,,4.53,0,3452,10,True,nid007071,57248609
SparseHNSW_a0.85_b2_p128,"M=32 efC=200 ef=800 alpha=0.85 beta=2 q=u8 seedT=8 seedH=8 seedS=4 pat=128",64,0.9773174971,0.9994,185.8658,0.8419,0.0000,0.103121,"0.103533;0.103121;0.102890",29.872827,33475.24,,4.53,0,3452,10,True,nid007071,57248609
SparseHNSW_a0.85_b2_p128,"M=32 efC=200 ef=1600 alpha=0.85 beta=2 q=u8 seedT=8 seedH=8 seedS=4 pat=128",64,0.9773174971,0.9994,185.8658,0.8419,0.0000,0.106457,"0.105905;0.106505;0.106457",30.839224,32426.24,,4.53,0,3452,10,True,nid007071,57248609
SparseHNSW_a0.85_b2_p128,"M=32 efC=200 ef=3200 alpha=0.85 beta=2 q=u8 seedT=8 seedH=8 seedS=4 pat=128",64,0.9773174971,0.9994,185.8658,0.8419,0.0000,0.111068,"0.111339;0.110967;0.111068",32.174971,31080.06,,4.53,0,3452,10,True,nid007071,57248609
SparseHNSW_a0.85_b3_p128,"M=32 efC=200 ef=10 alpha=0.85 beta=3 q=u8 seedT=8 seedH=8 seedS=4 pat=128",64,0.9232618772,0.9817,185.8658,0.8419,0.0000,0.022437,"0.023029;0.022437;0.022187",6.499710,153853.01,,4.53,0,3452,10,True,nid007071,57248609
SparseHNSW_a0.85_b3_p128,"M=32 efC=200 ef=20 alpha=0.85 beta=3 q=u8 seedT=8 seedH=8 seedS=4 pat=128",64,0.9232618772,0.9817,185.8658,0.8419,0.0000,0.021855,"0.022025;0.021855;0.021802",6.331112,157950.13,,4.53,0,3452,10,True,nid007071,57248609
SparseHNSW_a0.85_b3_p128,"M=32 efC=200 ef=50 alpha=0.85 beta=3 q=u8 seedT=8 seedH=8 seedS=4 pat=128",64,0.9439745075,0.9884,185.8658,0.8419,0.0000,0.031400,"0.031553;0.031400;0.031348",9.096176,109936.31,,4.53,0,3452,10,True,nid007071,57248609
SparseHNSW_a0.85_b3_p128,"M=32 efC=200 ef=100 alpha=0.85 beta=3 q=u8 seedT=8 seedH=8 seedS=4 pat=128",64,0.9653823870,0.9948,185.8658,0.8419,0.0000,0.058015,"0.058033;0.058015;0.057798",16.806199,59501.85,,4.53,0,3452,10,True,nid007071,57248609
SparseHNSW_a0.85_b3_p128,"M=32 efC=200 ef=200 alpha=0.85 beta=3 q=u8 seedT=8 seedH=8 seedS=4 pat=128",64,0.9770857474,0.9977,185.8658,0.8419,0.0000,0.096652,"0.095905;0.096652;0.096739",27.998841,35715.76,,4.53,0,3452,10,True,nid007071,57248609
SparseHNSW_a0.85_b3_p128,"M=32 efC=200 ef=400 alpha=0.85 beta=3 q=u8 seedT=8 seedH=8 seedS=4 pat=128",64,0.9818945539,0.9994,185.8658,0.8419,0.0000,0.111823,"0.111803;0.112021;0.111823",32.393685,30870.21,,4.53,0,3452,10,True,nid007071,57248609
SparseHNSW_a0.85_b3_p128,"M=32 efC=200 ef=800 alpha=0.85 beta=3 q=u8 seedT=8 seedH=8 seedS=4 pat=128",64,0.9825608343,0.9994,185.8658,0.8419,0.0000,0.116216,"0.116216;0.116330;0.115350",33.666280,29703.31,,4.53,0,3452,10,True,nid007071,57248609
SparseHNSW_a0.85_b3_p128,"M=32 efC=200 ef=1600 alpha=0.85 beta=3 q=u8 seedT=8 seedH=8 seedS=4 pat=128",64,0.9825608343,0.9994,185.8658,0.8419,0.0000,0.118478,"0.118478;0.119034;0.118375",34.321553,29136.21,,4.53,0,3452,10,True,nid007071,57248609
SparseHNSW_a0.85_b3_p128,"M=32 efC=200 ef=3200 alpha=0.85 beta=3 q=u8 seedT=8 seedH=8 seedS=4 pat=128",64,0.9825608343,0.9994,185.8658,0.8419,0.0000,0.123352,"0.123055;0.123352;0.123828",35.733488,27984.95,,4.53,0,3452,10,True,nid007071,57248609
SparseHNSW_a0.85_b4_p128,"M=32 efC=200 ef=10 alpha=0.85 beta=4 q=u8 seedT=8 seedH=8 seedS=4 pat=128",64,0.9352838934,0.9855,185.8658,0.8419,0.0000,0.026783,"0.027281;0.026783;0.026474",7.758691,128887.73,,4.53,0,3452,10,True,nid007071,57248609
SparseHNSW_a0.85_b4_p128,"M=32 efC=200 ef=20 alpha=0.85 beta=4 q=u8 seedT=8 seedH=8 seedS=4 pat=128",64,0.9352838934,0.9855,185.8658,0.8419,0.0000,0.026112,"0.026291;0.026112;0.026111",7.564311,132199.75,,4.53,0,3452,10,True,nid007071,57248609
SparseHNSW_a0.85_b4_p128,"M=32 efC=200 ef=50 alpha=0.85 beta=4 q=u8 seedT=8 seedH=8 seedS=4 pat=128",64,0.9444669757,0.9884,185.8658,0.8419,0.0000,0.031695,"0.031726;0.031535;0.031695",9.181634,108913.08,,4.53,0,3452,10,True,nid007071,57248609
SparseHNSW_a0.85_b4_p128,"M=32 efC=200 ef=100 alpha=0.85 beta=4 q=u8 seedT=8 seedH=8 seedS=4 pat=128",64,0.9661355736,0.9948,185.8658,0.8419,0.0000,0.058224,"0.058342;0.058224;0.058177",16.866744,59288.27,,4.53,0,3452,10,True,nid007071,57248609
SparseHNSW_a0.85_b4_p128,"M=32 efC=200 ef=200 alpha=0.85 beta=4 q=u8 seedT=8 seedH=8 seedS=4 pat=128",64,0.9779258401,0.9977,185.8658,0.8419,0.0000,0.100386,"0.100024;0.100386;0.100914",29.080533,34387.27,,4.53,0,3452,10,True,nid007071,57248609
SparseHNSW_a0.85_b4_p128,"M=32 efC=200 ef=400 alpha=0.85 beta=4 q=u8 seedT=8 seedH=8 seedS=4 pat=128",64,0.9833140209,0.9994,185.8658,0.8419,0.0000,0.122609,"0.122609;0.122260;0.122828",35.518250,28154.54,,4.53,0,3452,10,True,nid007071,57248609
SparseHNSW_a0.85_b4_p128,"M=32 efC=200 ef=800 alpha=0.85 beta=4 q=u8 seedT=8 seedH=8 seedS=4 pat=128",64,0.9842989571,0.9994,185.8658,0.8419,0.0000,0.129345,"0.129108;0.129345;0.129601",37.469583,26688.31,,4.53,0,3452,10,True,nid007071,57248609
SparseHNSW_a0.85_b4_p128,"M=32 efC=200 ef=1600 alpha=0.85 beta=4 q=u8 seedT=8 seedH=8 seedS=4 pat=128",64,0.9842989571,0.9994,185.8658,0.8419,0.0000,0.132227,"0.132290;0.131345;0.132227",38.304461,26106.62,,4.53,0,3452,10,True,nid007071,57248609
SparseHNSW_a0.85_b4_p128,"M=32 efC=200 ef=3200 alpha=0.85 beta=4 q=u8 seedT=8 seedH=8 seedS=4 pat=128",64,0.9842989571,0.9994,185.8658,0.8419,0.0000,0.137449,"0.137449;0.137545;0.137254",39.817207,25114.77,,4.53,0,3452,10,True,nid007071,57248609
SparseHNSW_a0.85_b5_p128,"M=32 efC=200 ef=10 alpha=0.85 beta=5 q=u8 seedT=8 seedH=8 seedS=4 pat=128",64,0.9446118192,0.9884,185.8658,0.8419,0.0000,0.032370,"0.033083;0.032370;0.032259",9.377173,106641.95,,4.53,0,3452,10,True,nid007071,57248609
SparseHNSW_a0.85_b5_p128,"M=32 efC=200 ef=20 alpha=0.85 beta=5 q=u8 seedT=8 seedH=8 seedS=4 pat=128",64,0.9446118192,0.9884,185.8658,0.8419,0.0000,0.031933,"0.031988;0.031933;0.031924",9.250579,108101.34,,4.53,0,3452,10,True,nid007071,57248609
SparseHNSW_a0.85_b5_p128,"M=32 efC=200 ef=50 alpha=0.85 beta=5 q=u8 seedT=8 seedH=8 seedS=4 pat=128",64,0.9446118192,0.9884,185.8658,0.8419,0.0000,0.031836,"0.031880;0.031679;0.031836",9.222480,108430.71,,4.53,0,3452,10,True,nid007071,57248609
SparseHNSW_a0.85_b5_p128,"M=32 efC=200 ef=100 alpha=0.85 beta=5 q=u8 seedT=8 seedH=8 seedS=4 pat=128",64,0.9662804171,0.9948,185.8658,0.8419,0.0000,0.058493,"0.058670;0.058311;0.058493",16.944670,59015.61,,4.53,0,3452,10,True,nid007071,57248609
SparseHNSW_a0.85_b5_p128,"M=32 efC=200 ef=200 alpha=0.85 beta=5 q=u8 seedT=8 seedH=8 seedS=4 pat=128",64,0.9781286211,0.9977,185.8658,0.8419,0.0000,0.102788,"0.102788;0.103186;0.102512",29.776362,33583.69,,4.53,0,3452,10,True,nid007071,57248609
SparseHNSW_a0.85_b5_p128,"M=32 efC=200 ef=400 alpha=0.85 beta=5 q=u8 seedT=8 seedH=8 seedS=4 pat=128",64,0.9841830823,0.9994,185.8658,0.8419,0.0000,0.133421,"0.133662;0.133150;0.133421",38.650348,25872.99,,4.53,0,3452,10,True,nid007071,57248609
SparseHNSW_a0.85_b5_p128,"M=32 efC=200 ef=800 alpha=0.85 beta=5 q=u8 seedT=8 seedH=8 seedS=4 pat=128",64,0.9853707995,0.9994,185.8658,0.8419,0.0000,0.143861,"0.144082;0.143861;0.142796",41.674681,23995.38,,4.53,0,3452,10,True,nid007071,57248609
SparseHNSW_a0.85_b5_p128,"M=32 efC=200 ef=1600 alpha=0.85 beta=5 q=u8 seedT=8 seedH=8 seedS=4 pat=128",64,0.9853707995,0.9994,185.8658,0.8419,0.0000,0.147180,"0.146107;0.147180;0.147257",42.636153,23454.27,,4.53,0,3452,10,True,nid007071,57248609
SparseHNSW_a0.85_b5_p128,"M=32 efC=200 ef=3200 alpha=0.85 beta=5 q=u8 seedT=8 seedH=8 seedS=4 pat=128",64,0.9853707995,0.9994,185.8658,0.8419,0.0000,0.151854,"0.153045;0.151828;0.151854",43.990151,22732.36,,4.53,0,3452,10,True,nid007071,57248609
SparseHNSW_a0.85_b6_p128,"M=32 efC=200 ef=10 alpha=0.85 beta=6 q=u8 seedT=8 seedH=8 seedS=4 pat=128",64,0.9519698725,0.9907,185.8658,0.8419,0.0000,0.038275,"0.038667;0.038275;0.038115",11.087775,90189.42,,4.53,0,3452,10,True,nid007071,57248609
SparseHNSW_a0.85_b6_p128,"M=32 efC=200 ef=20 alpha=0.85 beta=6 q=u8 seedT=8 seedH=8 seedS=4 pat=128",64,0.9519698725,0.9907,185.8658,0.8419,0.0000,0.037775,"0.037942;0.037673;0.037775",10.942932,91383.19,,4.53,0,3452,10,True,nid007071,57248609
SparseHNSW_a0.85_b6_p128,"M=32 efC=200 ef=50 alpha=0.85 beta=6 q=u8 seedT=8 seedH=8 seedS=4 pat=128",64,0.9519698725,0.9907,185.8658,0.8419,0.0000,0.037675,"0.037462;0.037675;0.037796",10.913963,91625.75,,4.53,0,3452,10,True,nid007071,57248609
SparseHNSW_a0.85_b6_p128,"M=32 efC=200 ef=100 alpha=0.85 beta=6 q=u8 seedT=8 seedH=8 seedS=4 pat=128",64,0.9663383546,0.9948,185.8658,0.8419,0.0000,0.058658,"0.058655;0.058658;0.058975",16.992468,58849.60,,4.53,0,3452,10,True,nid007071,57248609
SparseHNSW_a0.85_b6_p128,"M=32 efC=200 ef=200 alpha=0.85 beta=6 q=u8 seedT=8 seedH=8 seedS=4 pat=128",64,0.9782734647,0.9977,185.8658,0.8419,0.0000,0.104326,"0.104877;0.104255;0.104326",30.221900,33088.59,,4.53,0,3452,10,True,nid007071,57248609
SparseHNSW_a0.85_b6_p128,"M=32 efC=200 ef=400 alpha=0.85 beta=6 q=u8 seedT=8 seedH=8 seedS=4 pat=128",64,0.9845596756,0.9994,185.8658,0.8419,0.0000,0.141952,"0.142374;0.141952;0.141362",41.121669,24318.08,,4.53,0,3452,10,True,nid007071,57248609
SparseHNSW_a0.85_b6_p128,"M=32 efC=200 ef=800 alpha=0.85 beta=6 q=u8 seedT=8 seedH=8 seedS=4 pat=128",64,0.9862977984,0.9997,185.8658,0.8419,0.0000,0.154914,"0.154975;0.154628;0.154914",44.876593,22283.33,,4.53,0,3452,10,True,nid007071,57248609
SparseHNSW_a0.85_b6_p128,"M=32 efC=200 ef=1600 alpha=0.85 beta=6 q=u8 seedT=8 seedH=8 seedS=4 pat=128",64,0.9862977984,0.9997,185.8658,0.8419,0.0000,0.158741,"0.158741;0.158822;0.158242",45.985226,21746.11,,4.53,0,3452,10,True,nid007071,57248609
SparseHNSW_a0.85_b6_p128,"M=32 efC=200 ef=3200 alpha=0.85 beta=6 q=u8 seedT=8 seedH=8 seedS=4 pat=128",64,0.9862977984,0.9997,185.8658,0.8419,0.0000,0.163292,"0.164123;0.163292;0.162624",47.303592,21140.04,,4.53,0,3452,10,True,nid007071,57248609
SparseHNSW_a0.85_b7_p128,"M=32 efC=200 ef=10 alpha=0.85 beta=7 q=u8 seedT=8 seedH=8 seedS=4 pat=128",64,0.9572421784,0.9925,185.8658,0.8419,0.0000,0.043712,"0.044249;0.043712;0.043653",12.662804,78971.45,,4.53,0,3452,10,True,nid007071,57248609
SparseHNSW_a0.85_b7_p128,"M=32 efC=200 ef=20 alpha=0.85 beta=7 q=u8 seedT=8 seedH=8 seedS=4 pat=128",64,0.9572421784,0.9925,185.8658,0.8419,0.0000,0.043333,"0.043333;0.043349;0.043172",12.553013,79662.15,,4.53,0,3452,10,True,nid007071,57248609
SparseHNSW_a0.85_b7_p128,"M=32 efC=200 ef=50 alpha=0.85 beta=7 q=u8 seedT=8 seedH=8 seedS=4 pat=128",64,0.9572421784,0.9925,185.8658,0.8419,0.0000,0.043206,"0.043206;0.043256;0.043175",12.516222,79896.31,,4.53,0,3452,10,True,nid007071,57248609
SparseHNSW_a0.85_b7_p128,"M=32 efC=200 ef=100 alpha=0.85 beta=7 q=u8 seedT=8 seedH=8 seedS=4 pat=128",64,0.9663962920,0.9948,185.8658,0.8419,0.0000,0.059041,"0.059026;0.059073;0.059041",17.103418,58467.84,,4.53,0,3452,10,True,nid007071,57248609
SparseHNSW_a0.85_b7_p128,"M=32 efC=200 ef=200 alpha=0.85 beta=7 q=u8 seedT=8 seedH=8 seedS=4 pat=128",64,0.9783314021,0.9977,185.8658,0.8419,0.0000,0.105376,"0.105376;0.105174;0.106286",30.526072,32758.88,,4.53,0,3452,10,True,nid007071,57248609
SparseHNSW_a0.85_b7_p128,"M=32 efC=200 ef=400 alpha=0.85 beta=7 q=u8 seedT=8 seedH=8 seedS=4 pat=128",64,0.9850521437,0.9994,185.8658,0.8419,0.0000,0.149451,"0.148834;0.149451;0.149505",43.294032,23097.87,,4.53,0,3452,10,True,nid007071,57248609
SparseHNSW_a0.85_b7_p128,"M=32 efC=200 ef=800 alpha=0.85 beta=7 q=u8 seedT=8 seedH=8 seedS=4 pat=128",64,0.9869640788,0.9997,185.8658,0.8419,0.0000,0.165961,"0.166010;0.165512;0.165961",48.076767,20800.07,,4.53,0,3452,10,True,nid007071,57248609
SparseHNSW_a0.85_b7_p128,"M=32 efC=200 ef=1600 alpha=0.85 beta=7 q=u8 seedT=8 seedH=8 seedS=4 pat=128",64,0.9869640788,0.9997,185.8658,0.8419,0.0000,0.170501,"0.170501;0.170657;0.170360",49.391947,20246.22,,4.53,0,3452,10,True,nid007071,57248609
SparseHNSW_a0.85_b7_p128,"M=32 efC=200 ef=3200 alpha=0.85 beta=7 q=u8 seedT=8 seedH=8 seedS=4 pat=128",64,0.9869640788,0.9997,185.8658,0.8419,0.0000,0.175024,"0.174366;0.175024;0.175059",50.702202,19723.01,,4.53,0,3452,10,True,nid007071,57248609
SparseHNSW_a0.85_b8_p128,"M=32 efC=200 ef=10 alpha=0.85 beta=8 q=u8 seedT=8 seedH=8 seedS=4 pat=128",64,0.9603418308,0.9936,185.8658,0.8419,0.0000,0.049346,"0.049221;0.049352;0.049346",14.294902,69955.01,,4.53,0,3452,10,True,nid007071,57248609
SparseHNSW_a0.85_b8_p128,"M=32 efC=200 ef=20 alpha=0.85 beta=8 q=u8 seedT=8 seedH=8 seedS=4 pat=128",64,0.9603418308,0.9936,185.8658,0.8419,0.0000,0.049045,"0.049066;0.049045;0.049013",14.207706,70384.34,,4.53,0,3452,10,True,nid007071,57248609
SparseHNSW_a0.85_b8_p128,"M=32 efC=200 ef=50 alpha=0.85 beta=8 q=u8 seedT=8 seedH=8 seedS=4 pat=128",64,0.9603418308,0.9936,185.8658,0.8419,0.0000,0.048914,"0.048914;0.048783;0.048966",14.169757,70572.84,,4.53,0,3452,10,True,nid007071,57248609
SparseHNSW_a0.85_b8_p128,"M=32 efC=200 ef=100 alpha=0.85 beta=8 q=u8 seedT=8 seedH=8 seedS=4 pat=128",64,0.9664252607,0.9948,185.8658,0.8419,0.0000,0.059352,"0.059420;0.059352;0.059249",17.193511,58161.48,,4.53,0,3452,10,True,nid007071,57248609
SparseHNSW_a0.85_b8_p128,"M=32 efC=200 ef=200 alpha=0.85 beta=8 q=u8 seedT=8 seedH=8 seedS=4 pat=128",64,0.9783603708,0.9977,185.8658,0.8419,0.0000,0.107114,"0.107735;0.107114;0.106759",31.029548,32227.35,,4.53,0,3452,10,True,nid007071,57248609
SparseHNSW_a0.85_b8_p128,"M=32 efC=200 ef=400 alpha=0.85 beta=8 q=u8 seedT=8 seedH=8 seedS=4 pat=128",64,0.9851969873,0.9994,185.8658,0.8419,0.0000,0.156331,"0.156282;0.156331;0.156647",45.287080,22081.35,,4.53,0,3452,10,True,nid007071,57248609
SparseHNSW_a0.85_b8_p128,"M=32 efC=200 ef=800 alpha=0.85 beta=8 q=u8 seedT=8 seedH=8 seedS=4 pat=128",64,0.9875434531,0.9997,185.8658,0.8419,0.0000,0.176138,"0.176634;0.175967;0.176138",51.024913,19598.27,,4.53,0,3452,10,True,nid007071,57248609
SparseHNSW_a0.85_b8_p128,"M=32 efC=200 ef=1600 alpha=0.85 beta=8 q=u8 seedT=8 seedH=8 seedS=4 pat=128",64,0.9875434531,0.9997,185.8658,0.8419,0.0000,0.180678,"0.180868;0.179837;0.180678",52.340093,19105.81,,4.53,0,3452,10,True,nid007071,57248609
SparseHNSW_a0.85_b8_p128,"M=32 efC=200 ef=3200 alpha=0.85 beta=8 q=u8 seedT=8 seedH=8 seedS=4 pat=128",64,0.9875434531,0.9997,185.8658,0.8419,0.0000,0.185848,"0.186251;0.185848;0.185614",53.837775,18574.32,,4.53,0,3452,10,True,nid007071,57248609
SparseHNSW_a0.85_b1_p256,"M=32 efC=200 ef=10 alpha=0.85 beta=1 q=u8 seedT=8 seedH=8 seedS=4 pat=256",64,0.8548088065,0.6859,185.8658,0.8419,0.0000,0.021586,"0.022276;0.021586;0.021142",6.253187,159918.47,,4.53,0,3452,10,True,nid007071,57248609
SparseHNSW_a0.85_b1_p256,"M=32 efC=200 ef=20 alpha=0.85 beta=1 q=u8 seedT=8 seedH=8 seedS=4 pat=256",64,0.8548088065,0.6859,185.8658,0.8419,0.0000,0.020805,"0.020889;0.020805;0.020748",6.026941,165921.65,,4.53,0,3452,10,True,nid007071,57248609
SparseHNSW_a0.85_b1_p256,"M=32 efC=200 ef=50 alpha=0.85 beta=1 q=u8 seedT=8 seedH=8 seedS=4 pat=256",64,0.8704808806,0.7059,185.8658,0.8419,0.0000,0.030403,"0.030499;0.030403;0.030337",8.807358,113541.43,,4.53,0,3452,10,True,nid007071,57248609
SparseHNSW_a0.85_b1_p256,"M=32 efC=200 ef=100 alpha=0.85 beta=1 q=u8 seedT=8 seedH=8 seedS=4 pat=256",64,0.8870220162,0.7267,185.8658,0.8419,0.0000,0.057171,"0.057171;0.057155;0.057189",16.561703,60380.26,,4.53,0,3452,10,True,nid007071,57248609
SparseHNSW_a0.85_b1_p256,"M=32 efC=200 ef=200 alpha=0.85 beta=1 q=u8 seedT=8 seedH=8 seedS=4 pat=256",64,0.8956836616,0.7371,185.8658,0.8419,0.0000,0.105928,"0.105928;0.105472;0.106071",30.685979,32588.17,,4.53,0,3452,10,True,nid007071,57248609
SparseHNSW_a0.85_b1_p256,"M=32 efC=200 ef=400 alpha=0.85 beta=1 q=u8 seedT=8 seedH=8 seedS=4 pat=256",64,0.9008980301,0.7434,185.8658,0.8419,0.0000,0.147412,"0.148274;0.146996;0.147412",42.703360,23417.36,,4.53,0,3452,10,True,nid007071,57248609
SparseHNSW_a0.85_b1_p256,"M=32 efC=200 ef=800 alpha=0.85 beta=1 q=u8 seedT=8 seedH=8 seedS=4 pat=256",64,0.9016801854,0.7450,185.8658,0.8419,0.0000,0.153400,"0.152992;0.153400;0.153769",44.438007,22503.26,,4.53,0,3452,10,True,nid007071,57248609
SparseHNSW_a0.85_b1_p256,"M=32 efC=200 ef=1600 alpha=0.85 beta=1 q=u8 seedT=8 seedH=8 seedS=4 pat=256",64,0.9016801854,0.7450,185.8658,0.8419,0.0000,0.157079,"0.157079;0.156780;0.157670",45.503766,21976.20,,4.53,0,3452,10,True,nid007071,57248609
SparseHNSW_a0.85_b1_p256,"M=32 efC=200 ef=3200 alpha=0.85 beta=1 q=u8 seedT=8 seedH=8 seedS=4 pat=256",64,0.9016801854,0.7450,185.8658,0.8419,0.0000,0.161671,"0.161775;0.161198;0.161671",46.834009,21352.00,,4.53,0,3452,10,True,nid007071,57248609
SparseHNSW_a0.85_b2_p256,"M=32 efC=200 ef=10 alpha=0.85 beta=2 q=u8 seedT=8 seedH=8 seedS=4 pat=256",64,0.9206836616,0.9817,185.8658,0.8419,0.0000,0.022100,"0.022883;0.022100;0.021835",6.402086,156199.10,,4.53,0,3452,10,True,nid007071,57248609
SparseHNSW_a0.85_b2_p256,"M=32 efC=200 ef=20 alpha=0.85 beta=2 q=u8 seedT=8 seedH=8 seedS=4 pat=256",64,0.9206836616,0.9817,185.8658,0.8419,0.0000,0.021486,"0.021613;0.021486;0.021436",6.224218,160662.76,,4.53,0,3452,10,True,nid007071,57248609
SparseHNSW_a0.85_b2_p256,"M=32 efC=200 ef=50 alpha=0.85 beta=2 q=u8 seedT=8 seedH=8 seedS=4 pat=256",64,0.9408748552,0.9884,185.8658,0.8419,0.0000,0.031091,"0.031201;0.031091;0.031038",9.006663,111028.92,,4.53,0,3452,10,True,nid007071,57248609
SparseHNSW_a0.85_b2_p256,"M=32 efC=200 ef=100 alpha=0.85 beta=2 q=u8 seedT=8 seedH=8 seedS=4 pat=256",64,0.9618192352,0.9948,185.8658,0.8419,0.0000,0.057923,"0.057976;0.057923;0.057889",16.779548,59596.36,,4.53,0,3452,10,True,nid007071,57248609
SparseHNSW_a0.85_b2_p256,"M=32 efC=200 ef=200 alpha=0.85 beta=2 q=u8 seedT=8 seedH=8 seedS=4 pat=256",64,0.9732329085,0.9977,185.8658,0.8419,0.0000,0.106348,"0.106348;0.106407;0.105913",30.807648,32459.47,,4.53,0,3452,10,True,nid007071,57248609
SparseHNSW_a0.85_b2_p256,"M=32 efC=200 ef=400 alpha=0.85 beta=2 q=u8 seedT=8 seedH=8 seedS=4 pat=256",64,0.9805040556,0.9997,185.8658,0.8419,0.0000,0.157766,"0.157359;0.157766;0.158341",45.702781,21880.51,,4.53,0,3452,10,True,nid007071,57248609
SparseHNSW_a0.85_b2_p256,"M=32 efC=200 ef=800 alpha=0.85 beta=2 q=u8 seedT=8 seedH=8 seedS=4 pat=256",64,0.9819814600,0.9997,185.8658,0.8419,0.0000,0.169519,"0.169775;0.169519;0.169336",49.107474,20363.50,,4.53,0,3452,10,True,nid007071,57248609
SparseHNSW_a0.85_b2_p256,"M=32 efC=200 ef=1600 alpha=0.85 beta=2 q=u8 seedT=8 seedH=8 seedS=4 pat=256",64,0.9820104287,0.9997,185.8658,0.8419,0.0000,0.174121,"0.174238;0.173234;0.174121",50.440614,19825.29,,4.53,0,3452,10,True,nid007071,57248609
SparseHNSW_a0.85_b2_p256,"M=32 efC=200 ef=3200 alpha=0.85 beta=2 q=u8 seedT=8 seedH=8 seedS=4 pat=256",64,0.9820104287,0.9997,185.8658,0.8419,0.0000,0.178394,"0.177639;0.178550;0.178394",51.678447,19350.43,,4.53,0,3452,10,True,nid007071,57248609
SparseHNSW_a0.85_b3_p256,"M=32 efC=200 ef=10 alpha=0.85 beta=3 q=u8 seedT=8 seedH=8 seedS=4 pat=256",64,0.9232618772,0.9817,185.8658,0.8419,0.0000,0.022508,"0.023183;0.022508;0.022239",6.520278,153367.69,,4.53,0,3452,10,True,nid007071,57248609
SparseHNSW_a0.85_b3_p256,"M=32 efC=200 ef=20 alpha=0.85 beta=3 q=u8 seedT=8 seedH=8 seedS=4 pat=256",64,0.9232618772,0.9817,185.8658,0.8419,0.0000,0.021862,"0.021995;0.021862;0.021847",6.333140,157899.55,,4.53,0,3452,10,True,nid007071,57248609
SparseHNSW_a0.85_b3_p256,"M=32 efC=200 ef=50 alpha=0.85 beta=3 q=u8 seedT=8 seedH=8 seedS=4 pat=256",64,0.9439745075,0.9884,185.8658,0.8419,0.0000,0.031387,"0.031498;0.031387;0.031331",9.092410,109981.84,,4.53,0,3452,10,True,nid007071,57248609
SparseHNSW_a0.85_b3_p256,"M=32 efC=200 ef=100 alpha=0.85 beta=3 q=u8 seedT=8 seedH=8 seedS=4 pat=256",64,0.9653823870,0.9948,185.8658,0.8419,0.0000,0.058011,"0.058156;0.058011;0.057971",16.805041,59505.96,,4.53,0,3452,10,True,nid007071,57248609
SparseHNSW_a0.85_b3_p256,"M=32 efC=200 ef=200 alpha=0.85 beta=3 q=u8 seedT=8 seedH=8 seedS=4 pat=256",64,0.9772305910,0.9977,185.8658,0.8419,0.0000,0.106784,"0.106784;0.107001;0.106420",30.933951,32326.94,,4.53,0,3452,10,True,nid007071,57248609
SparseHNSW_a0.85_b3_p256,"M=32 efC=200 ef=400 alpha=0.85 beta=3 q=u8 seedT=8 seedH=8 seedS=4 pat=256",64,0.9847914253,0.9997,185.8658,0.8419,0.0000,0.165972,"0.166658;0.165839;0.165972",48.079954,20798.69,,4.53,0,3452,10,True,nid007071,57248609
SparseHNSW_a0.85_b3_p256,"M=32 efC=200 ef=800 alpha=0.85 beta=3 q=u8 seedT=8 seedH=8 seedS=4 pat=256",64,0.9869351101,0.9997,185.8658,0.8419,0.0000,0.186963,"0.187286;0.186312;0.186963",54.160776,18463.55,,4.53,0,3452,10,True,nid007071,57248609
SparseHNSW_a0.85_b3_p256,"M=32 efC=200 ef=1600 alpha=0.85 beta=3 q=u8 seedT=8 seedH=8 seedS=4 pat=256",64,0.9870799537,0.9997,185.8658,0.8419,0.0000,0.191449,"0.191449;0.192717;0.190757",55.460313,18030.91,,4.53,0,3452,10,True,nid007071,57248609
SparseHNSW_a0.85_b3_p256,"M=32 efC=200 ef=3200 alpha=0.85 beta=3 q=u8 seedT=8 seedH=8 seedS=4 pat=256",64,0.9870799537,0.9997,185.8658,0.8419,0.0000,0.196799,"0.196799;0.196682;0.197108",57.010139,17540.74,,4.53,0,3452,10,True,nid007071,57248609
SparseHNSW_a0.85_b4_p256,"M=32 efC=200 ef=10 alpha=0.85 beta=4 q=u8 seedT=8 seedH=8 seedS=4 pat=256",64,0.9352838934,0.9855,185.8658,0.8419,0.0000,0.027036,"0.027598;0.027036;0.026684",7.831981,127681.61,,4.53,0,3452,10,True,nid007071,57248609
SparseHNSW_a0.85_b4_p256,"M=32 efC=200 ef=20 alpha=0.85 beta=4 q=u8 seedT=8 seedH=8 seedS=4 pat=256",64,0.9352838934,0.9855,185.8658,0.8419,0.0000,0.026252,"0.026252;0.026265;0.026194",7.604867,131494.74,,4.53,0,3452,10,True,nid007071,57248609
SparseHNSW_a0.85_b4_p256,"M=32 efC=200 ef=50 alpha=0.85 beta=4 q=u8 seedT=8 seedH=8 seedS=4 pat=256",64,0.9444669757,0.9884,185.8658,0.8419,0.0000,0.031610,"0.031860;0.031588;0.031610",9.157010,109205.95,,4.53,0,3452,10,True,nid007071,57248609
SparseHNSW_a0.85_b4_p256,"M=32 efC=200 ef=100 alpha=0.85 beta=4 q=u8 seedT=8 seedH=8 seedS=4 pat=256",64,0.9661355736,0.9948,185.8658,0.8419,0.0000,0.058358,"0.058405;0.058358;0.058248",16.905562,59152.13,,4.53,0,3452,10,True,nid007071,57248609
SparseHNSW_a0.85_b4_p256,"M=32 efC=200 ef=200 alpha=0.85 beta=4 q=u8 seedT=8 seedH=8 seedS=4 pat=256",64,0.9780127462,0.9977,185.8658,0.8419,0.0000,0.106762,"0.106616;0.106842;0.106762",30.927578,32333.60,,4.53,0,3452,10,True,nid007071,57248609
SparseHNSW_a0.85_b4_p256,"M=32 efC=200 ef=400 alpha=0.85 beta=4 q=u8 seedT=8 seedH=8 seedS=4 pat=256",64,0.9858053302,0.9997,185.8658,0.8419,0.0000,0.174538,"0.175267;0.174223;0.174538",50.561414,19777.93,,4.53,0,3452,10,True,nid007071,57248609
SparseHNSW_a0.85_b4_p256,"M=32 efC=200 ef=800 alpha=0.85 beta=4 q=u8 seedT=8 seedH=8 seedS=4 pat=256",64,0.9884994206,0.9997,185.8658,0.8419,0.0000,0.203829,"0.204410;0.203829;0.203693",59.046640,16935.76,,4.53,0,3452,10,True,nid007071,57248609
SparseHNSW_a0.85_b4_p256,"M=32 efC=200 ef=1600 alpha=0.85 beta=4 q=u8 seedT=8 seedH=8 seedS=4 pat=256",64,0.9889339513,0.9997,185.8658,0.8419,0.0000,0.212429,"0.212441;0.211690;0.212429",61.537949,16250.14,,4.53,0,3452,10,True,nid007071,57248609
SparseHNSW_a0.85_b4_p256,"M=32 efC=200 ef=3200 alpha=0.85 beta=4 q=u8 seedT=8 seedH=8 seedS=4 pat=256",64,0.9889339513,0.9997,185.8658,0.8419,0.0000,0.218103,"0.218358;0.218103;0.217491",63.181634,15827.38,,4.53,0,3452,10,True,nid007071,57248609
SparseHNSW_a0.85_b5_p256,"M=32 efC=200 ef=10 alpha=0.85 beta=5 q=u8 seedT=8 seedH=8 seedS=4 pat=256",64,0.9446118192,0.9884,185.8658,0.8419,0.0000,0.032560,"0.033104;0.032560;0.032382",9.432213,106019.66,,4.53,0,3452,10,True,nid007071,57248609
SparseHNSW_a0.85_b5_p256,"M=32 efC=200 ef=20 alpha=0.85 beta=5 q=u8 seedT=8 seedH=8 seedS=4 pat=256",64,0.9446118192,0.9884,185.8658,0.8419,0.0000,0.031923,"0.032063;0.031923;0.031891",9.247683,108135.20,,4.53,0,3452,10,True,nid007071,57248609
SparseHNSW_a0.85_b5_p256,"M=32 efC=200 ef=50 alpha=0.85 beta=5 q=u8 seedT=8 seedH=8 seedS=4 pat=256",64,0.9446118192,0.9884,185.8658,0.8419,0.0000,0.031882,"0.031882;0.031917;0.031782",9.235805,108274.26,,4.53,0,3452,10,True,nid007071,57248609
SparseHNSW_a0.85_b5_p256,"M=32 efC=200 ef=100 alpha=0.85 beta=5 q=u8 seedT=8 seedH=8 seedS=4 pat=256",64,0.9662804171,0.9948,185.8658,0.8419,0.0000,0.058339,"0.058545;0.058202;0.058339",16.900058,59171.39,,4.53,0,3452,10,True,nid007071,57248609
SparseHNSW_a0.85_b5_p256,"M=32 efC=200 ef=200 alpha=0.85 beta=5 q=u8 seedT=8 seedH=8 seedS=4 pat=256",64,0.9781865585,0.9977,185.8658,0.8419,0.0000,0.106660,"0.106660;0.107159;0.106650",30.898030,32364.52,,4.53,0,3452,10,True,nid007071,57248609
SparseHNSW_a0.85_b5_p256,"M=32 efC=200 ef=400 alpha=0.85 beta=5 q=u8 seedT=8 seedH=8 seedS=4 pat=256",64,0.9860660487,0.9997,185.8658,0.8419,0.0000,0.180048,"0.180829;0.180048;0.179529",52.157590,19172.67,,4.53,0,3452,10,True,nid007071,57248609
SparseHNSW_a0.85_b5_p256,"M=32 efC=200 ef=800 alpha=0.85 beta=5 q=u8 seedT=8 seedH=8 seedS=4 pat=256",64,0.9895133256,1.0000,185.8658,0.8419,0.0000,0.219582,"0.219533;0.220180;0.219582",63.610081,15720.78,,4.53,0,3452,10,True,nid007071,57248609
SparseHNSW_a0.85_b5_p256,"M=32 efC=200 ef=1600 alpha=0.85 beta=5 q=u8 seedT=8 seedH=8 seedS=4 pat=256",64,0.9900347625,1.0000,185.8658,0.8419,0.0000,0.231000,"0.231032;0.231000;0.230276",66.917729,14943.72,,4.53,0,3452,10,True,nid007071,57248609
SparseHNSW_a0.85_b5_p256,"M=32 efC=200 ef=3200 alpha=0.85 beta=5 q=u8 seedT=8 seedH=8 seedS=4 pat=256",64,0.9900637312,1.0000,185.8658,0.8419,0.0000,0.236593,"0.236805;0.236593;0.236467",68.537949,14590.46,,4.53,0,3452,10,True,nid007071,57248609
SparseHNSW_a0.85_b6_p256,"M=32 efC=200 ef=10 alpha=0.85 beta=6 q=u8 seedT=8 seedH=8 seedS=4 pat=256",64,0.9519698725,0.9907,185.8658,0.8419,0.0000,0.038459,"0.038666;0.038459;0.038294",11.141078,89757.92,,4.53,0,3452,10,True,nid007071,57248609
SparseHNSW_a0.85_b6_p256,"M=32 efC=200 ef=20 alpha=0.85 beta=6 q=u8 seedT=8 seedH=8 seedS=4 pat=256",64,0.9519698725,0.9907,185.8658,0.8419,0.0000,0.037663,"0.037663;0.037668;0.037560",10.910487,91654.94,,4.53,0,3452,10,True,nid007071,57248609
SparseHNSW_a0.85_b6_p256,"M=32 efC=200 ef=50 alpha=0.85 beta=6 q=u8 seedT=8 seedH=8 seedS=4 pat=256",64,0.9519698725,0.9907,185.8658,0.8419,0.0000,0.037539,"0.037636;0.037456;0.037539",10.874565,91957.70,,4.53,0,3452,10,True,nid007071,57248609
SparseHNSW_a0.85_b6_p256,"M=32 efC=200 ef=100 alpha=0.85 beta=6 q=u8 seedT=8 seedH=8 seedS=4 pat=256",64,0.9663383546,0.9948,185.8658,0.8419,0.0000,0.058792,"0.058773;0.058792;0.058803",17.031286,58715.47,,4.53,0,3452,10,True,nid007071,57248609
SparseHNSW_a0.85_b6_p256,"M=32 efC=200 ef=200 alpha=0.85 beta=6 q=u8 seedT=8 seedH=8 seedS=4 pat=256",64,0.9782734647,0.9977,185.8658,0.8419,0.0000,0.107047,"0.107047;0.107376;0.106867",31.010139,32247.52,,4.53,0,3452,10,True,nid007071,57248609
SparseHNSW_a0.85_b6_p256,"M=32 efC=200 ef=400 alpha=0.85 beta=6 q=u8 seedT=8 seedH=8 seedS=4 pat=256",64,0.9862108922,0.9997,185.8658,0.8419,0.0000,0.184776,"0.184589;0.184871;0.184776",53.527231,18682.08,,4.53,0,3452,10,True,nid007071,57248609
SparseHNSW_a0.85_b6_p256,"M=32 efC=200 ef=800 alpha=0.85 beta=6 q=u8 seedT=8 seedH=8 seedS=4 pat=256",64,0.9900347625,1.0000,185.8658,0.8419,0.0000,0.234600,"0.234600;0.234494;0.235245",67.960603,14714.41,,4.53,0,3452,10,True,nid007071,57248609
SparseHNSW_a0.85_b6_p256,"M=32 efC=200 ef=1600 alpha=0.85 beta=6 q=u8 seedT=8 seedH=8 seedS=4 pat=256",64,0.9906431054,1.0000,185.8658,0.8419,0.0000,0.249858,"0.249997;0.249858;0.248816",72.380649,13815.85,,4.53,0,3452,10,True,nid007071,57248609
SparseHNSW_a0.85_b6_p256,"M=32 efC=200 ef=3200 alpha=0.85 beta=6 q=u8 seedT=8 seedH=8 seedS=4 pat=256",64,0.9906720742,1.0000,185.8658,0.8419,0.0000,0.256264,"0.256220;0.256264;0.256755",74.236385,13470.48,,4.53,0,3452,10,True,nid007071,57248609
SparseHNSW_a0.85_b7_p256,"M=32 efC=200 ef=10 alpha=0.85 beta=7 q=u8 seedT=8 seedH=8 seedS=4 pat=256",64,0.9572421784,0.9925,185.8658,0.8419,0.0000,0.043868,"0.043996;0.043868;0.043627",12.707995,78690.62,,4.53,0,3452,10,True,nid007071,57248609
SparseHNSW_a0.85_b7_p256,"M=32 efC=200 ef=20 alpha=0.85 beta=7 q=u8 seedT=8 seedH=8 seedS=4 pat=256",64,0.9572421784,0.9925,185.8658,0.8419,0.0000,0.043269,"0.043320;0.043245;0.043269",12.534473,79779.98,,4.53,0,3452,10,True,nid007071,57248609
SparseHNSW_a0.85_b7_p256,"M=32 efC=200 ef=50 alpha=0.85 beta=7 q=u8 seedT=8 seedH=8 seedS=4 pat=256",64,0.9572421784,0.9925,185.8658,0.8419,0.0000,0.043227,"0.043227;0.043084;0.043369",12.522306,79857.50,,4.53,0,3452,10,True,nid007071,57248609
SparseHNSW_a0.85_b7_p256,"M=32 efC=200 ef=100 alpha=0.85 beta=7 q=u8 seedT=8 seedH=8 seedS=4 pat=256",64,0.9663962920,0.9948,185.8658,0.8419,0.0000,0.058827,"0.059051;0.058827;0.058822",17.041425,58680.54,,4.53,0,3452,10,True,nid007071,57248609
SparseHNSW_a0.85_b7_p256,"M=32 efC=200 ef=200 alpha=0.85 beta=7 q=u8 seedT=8 seedH=8 seedS=4 pat=256",64,0.9783314021,0.9977,185.8658,0.8419,0.0000,0.107280,"0.107145;0.107452;0.107280",31.077636,32177.48,,4.53,0,3452,10,True,nid007071,57248609
SparseHNSW_a0.85_b7_p256,"M=32 efC=200 ef=400 alpha=0.85 beta=7 q=u8 seedT=8 seedH=8 seedS=4 pat=256",64,0.9862688297,0.9997,185.8658,0.8419,0.0000,0.187865,"0.187865;0.188090;0.186954",54.422074,18374.90,,4.53,0,3452,10,True,nid007071,57248609
SparseHNSW_a0.85_b7_p256,"M=32 efC=200 ef=800 alpha=0.85 beta=7 q=u8 seedT=8 seedH=8 seedS=4 pat=256",64,0.9902375435,1.0000,185.8658,0.8419,0.0000,0.247105,"0.247105;0.247076;0.248021",71.583140,13969.77,,4.53,0,3452,10,True,nid007071,57248609
SparseHNSW_a0.85_b7_p256,"M=32 efC=200 ef=1600 alpha=0.85 beta=7 q=u8 seedT=8 seedH=8 seedS=4 pat=256",64,0.9909038239,1.0000,185.8658,0.8419,0.0000,0.266139,"0.265241;0.266230;0.266139",77.097045,12970.67,,4.53,0,3452,10,True,nid007071,57248609
SparseHNSW_a0.85_b7_p256,"M=32 efC=200 ef=3200 alpha=0.85 beta=7 q=u8 seedT=8 seedH=8 seedS=4 pat=256",64,0.9909327926,1.0000,185.8658,0.8419,0.0000,0.271777,"0.271291;0.272410;0.271777",78.730301,12701.59,,4.53,0,3452,10,True,nid007071,57248609
SparseHNSW_a0.85_b8_p256,"M=32 efC=200 ef=10 alpha=0.85 beta=8 q=u8 seedT=8 seedH=8 seedS=4 pat=256",64,0.9603418308,0.9936,185.8658,0.8419,0.0000,0.049293,"0.049565;0.049293;0.049036",14.279548,70030.23,,4.53,0,3452,10,True,nid007071,57248609
SparseHNSW_a0.85_b8_p256,"M=32 efC=200 ef=20 alpha=0.85 beta=8 q=u8 seedT=8 seedH=8 seedS=4 pat=256",64,0.9603418308,0.9936,185.8658,0.8419,0.0000,0.049009,"0.049009;0.048977;0.049056",14.197277,70436.04,,4.53,0,3452,10,True,nid007071,57248609
SparseHNSW_a0.85_b8_p256,"M=32 efC=200 ef=50 alpha=0.85 beta=8 q=u8 seedT=8 seedH=8 seedS=4 pat=256",64,0.9603418308,0.9936,185.8658,0.8419,0.0000,0.048820,"0.049122;0.048820;0.048667",14.142526,70708.73,,4.53,0,3452,10,True,nid007071,57248609
SparseHNSW_a0.85_b8_p256,"M=32 efC=200 ef=100 alpha=0.85 beta=8 q=u8 seedT=8 seedH=8 seedS=4 pat=256",64,0.9664252607,0.9948,185.8658,0.8419,0.0000,0.059437,"0.059292;0.059606;0.059437",17.218134,58078.30,,4.53,0,3452,10,True,nid007071,57248609
SparseHNSW_a0.85_b8_p256,"M=32 efC=200 ef=200 alpha=0.85 beta=8 q=u8 seedT=8 seedH=8 seedS=4 pat=256",64,0.9783603708,0.9977,185.8658,0.8419,0.0000,0.107821,"0.107821;0.108195;0.107551",31.234357,32016.03,,4.53,0,3452,10,True,nid007071,57248609
SparseHNSW_a0.85_b8_p256,"M=32 efC=200 ef=400 alpha=0.85 beta=8 q=u8 seedT=8 seedH=8 seedS=4 pat=256",64,0.9862977984,0.9997,185.8658,0.8419,0.0000,0.189535,"0.189945;0.189342;0.189535",54.905852,18212.99,,4.53,0,3452,10,True,nid007071,57248609
SparseHNSW_a0.85_b8_p256,"M=32 efC=200 ef=800 alpha=0.85 beta=8 q=u8 seedT=8 seedH=8 seedS=4 pat=256",64,0.9903534183,1.0000,185.8658,0.8419,0.0000,0.258295,"0.258350;0.258295;0.257641",74.824739,13364.56,,4.53,0,3452,10,True,nid007071,57248609
SparseHNSW_a0.85_b8_p256,"M=32 efC=200 ef=1600 alpha=0.85 beta=8 q=u8 seedT=8 seedH=8 seedS=4 pat=256",64,0.9913383546,1.0000,185.8658,0.8419,0.0000,0.283621,"0.283621;0.283440;0.283682",82.161356,12171.17,,4.53,0,3452,10,True,nid007071,57248609
SparseHNSW_a0.85_b8_p256,"M=32 efC=200 ef=3200 alpha=0.85 beta=8 q=u8 seedT=8 seedH=8 seedS=4 pat=256",64,0.9913673233,1.0000,185.8658,0.8419,0.0000,0.289700,"0.289700;0.289906;0.288838",83.922364,11915.77,,4.53,0,3452,10,True,nid007071,57248609
SparseHNSW_a0.9_b1_p0,"M=32 efC=200 ef=10 alpha=0.9 beta=1 q=u8 seedT=8 seedH=8 seedS=4",64,0.8755793743,0.7175,211.0993,0.8586,0.0000,0.024787,"0.024787;0.024852;0.024282",7.180475,139266.55,,4.63,0,3452,10,True,nid007071,57248609
SparseHNSW_a0.9_b1_p0,"M=32 efC=200 ef=20 alpha=0.9 beta=1 q=u8 seedT=8 seedH=8 seedS=4",64,0.8755793743,0.7175,211.0993,0.8586,0.0000,0.023727,"0.023867;0.023727;0.023693",6.873407,145488.26,,4.63,0,3452,10,True,nid007071,57248609
SparseHNSW_a0.9_b1_p0,"M=32 efC=200 ef=50 alpha=0.9 beta=1 q=u8 seedT=8 seedH=8 seedS=4",64,0.8936848204,0.7416,211.0993,0.8586,0.0000,0.034776,"0.034971;0.034776;0.034686",10.074160,99263.86,,4.63,0,3452,10,True,nid007071,57248609
SparseHNSW_a0.9_b1_p0,"M=32 efC=200 ef=100 alpha=0.9 beta=1 q=u8 seedT=8 seedH=8 seedS=4",64,0.9143395133,0.7652,211.0993,0.8586,0.0000,0.064557,"0.064243;0.064557;0.064647",18.701333,53472.13,,4.63,0,3452,10,True,nid007071,57248609
SparseHNSW_a0.9_b1_p0,"M=32 efC=200 ef=200 alpha=0.9 beta=1 q=u8 seedT=8 seedH=8 seedS=4",64,0.9238122827,0.7783,211.0993,0.8586,0.0000,0.117676,"0.116812;0.117885;0.117676",34.089224,29334.78,,4.63,0,3452,10,True,nid007071,57248609
SparseHNSW_a0.9_b1_p0,"M=32 efC=200 ef=400 alpha=0.9 beta=1 q=u8 seedT=8 seedH=8 seedS=4",64,0.9309965238,0.7888,211.0993,0.8586,0.0000,0.217177,"0.217177;0.217019;0.217342",62.913384,15894.87,,4.63,0,3452,10,True,nid007071,57248609
SparseHNSW_a0.9_b1_p0,"M=32 efC=200 ef=800 alpha=0.9 beta=1 q=u8 seedT=8 seedH=8 seedS=4",64,0.9332560834,0.7938,211.0993,0.8586,0.0000,0.410550,"0.410550;0.410312;0.411000",118.931054,8408.23,,4.63,0,3452,10,True,nid007071,57248609
SparseHNSW_a0.9_b1_p0,"M=32 efC=200 ef=1600 alpha=0.9 beta=1 q=u8 seedT=8 seedH=8 seedS=4",64,0.9356025492,0.7981,211.0993,0.8586,0.0000,0.784471,"0.785446;0.784471;0.783688",227.251159,4400.42,,4.63,0,3452,10,True,nid007071,57248609
SparseHNSW_a0.9_b1_p0,"M=32 efC=200 ef=3200 alpha=0.9 beta=1 q=u8 seedT=8 seedH=8 seedS=4",64,0.9365874855,0.7992,211.0993,0.8586,0.0000,1.470012,"1.470813;1.467161;1.470012",425.843569,2348.28,,4.63,0,3452,10,True,nid007071,57248609
SparseHNSW_a0.9_b2_p0,"M=32 efC=200 ef=10 alpha=0.9 beta=2 q=u8 seedT=8 seedH=8 seedS=4",64,0.9181633835,0.9780,211.0993,0.8586,0.0000,0.025116,"0.025620;0.025116;0.024903",7.275782,137442.27,,4.63,0,3452,10,True,nid007071,57248609
SparseHNSW_a0.9_b2_p0,"M=32 efC=200 ef=20 alpha=0.9 beta=2 q=u8 seedT=8 seedH=8 seedS=4",64,0.9181633835,0.9780,211.0993,0.8586,0.0000,0.024458,"0.024483;0.024458;0.024365",7.085168,141139.91,,4.63,0,3452,10,True,nid007071,57248609
SparseHNSW_a0.9_b2_p0,"M=32 efC=200 ef=50 alpha=0.9 beta=2 q=u8 seedT=8 seedH=8 seedS=4",64,0.9402375435,0.9855,211.0993,0.8586,0.0000,0.035344,"0.035525;0.035304;0.035344",10.238702,97668.63,,4.63,0,3452,10,True,nid007071,57248609
SparseHNSW_a0.9_b2_p0,"M=32 efC=200 ef=100 alpha=0.9 beta=2 q=u8 seedT=8 seedH=8 seedS=4",64,0.9648609502,0.9951,211.0993,0.8586,0.0000,0.064572,"0.064572;0.064583;0.064476",18.705678,53459.70,,4.63,0,3452,10,True,nid007071,57248609
SparseHNSW_a0.9_b2_p0,"M=32 efC=200 ef=200 alpha=0.9 beta=2 q=u8 seedT=8 seedH=8 seedS=4",64,0.9768250290,0.9980,211.0993,0.8586,0.0000,0.117844,"0.117947;0.117844;0.117371",34.137891,29292.96,,4.63,0,3452,10,True,nid007071,57248609
SparseHNSW_a0.9_b2_p0,"M=32 efC=200 ef=400 alpha=0.9 beta=2 q=u8 seedT=8 seedH=8 seedS=4",64,0.9856604867,0.9994,211.0993,0.8586,0.0000,0.217000,"0.216385;0.217572;0.217000",62.862109,15907.83,,4.63,0,3452,10,True,nid007071,57248609
SparseHNSW_a0.9_b2_p0,"M=32 efC=200 ef=800 alpha=0.9 beta=2 q=u8 seedT=8 seedH=8 seedS=4",64,0.9887601390,0.9997,211.0993,0.8586,0.0000,0.410857,"0.409093;0.410857;0.412433",119.019988,8401.95,,4.63,0,3452,10,True,nid007071,57248609
SparseHNSW_a0.9_b2_p0,"M=32 efC=200 ef=1600 alpha=0.9 beta=2 q=u8 seedT=8 seedH=8 seedS=4",64,0.9918308227,1.0000,211.0993,0.8586,0.0000,0.784784,"0.784574;0.784784;0.786678",227.341831,4398.66,,4.63,0,3452,10,True,nid007071,57248609
SparseHNSW_a0.9_b2_p0,"M=32 efC=200 ef=3200 alpha=0.9 beta=2 q=u8 seedT=8 seedH=8 seedS=4",64,0.9934241020,1.0000,211.0993,0.8586,0.0000,1.472679,"1.472679;1.473520;1.469978",426.616165,2344.03,,4.63,0,3452,10,True,nid007071,57248609
SparseHNSW_a0.9_b3_p0,"M=32 efC=200 ef=10 alpha=0.9 beta=3 q=u8 seedT=8 seedH=8 seedS=4",64,0.9189455388,0.9780,211.0993,0.8586,0.0000,0.025573,"0.025845;0.025573;0.025414",7.408169,134986.12,,4.63,0,3452,10,True,nid007071,57248609
SparseHNSW_a0.9_b3_p0,"M=32 efC=200 ef=20 alpha=0.9 beta=3 q=u8 seedT=8 seedH=8 seedS=4",64,0.9189455388,0.9780,211.0993,0.8586,0.0000,0.024882,"0.025092;0.024882;0.024789",7.207995,138734.83,,4.63,0,3452,10,True,nid007071,57248609
SparseHNSW_a0.9_b3_p0,"M=32 efC=200 ef=50 alpha=0.9 beta=3 q=u8 seedT=8 seedH=8 seedS=4",64,0.9410486674,0.9855,211.0993,0.8586,0.0000,0.035553,"0.035643;0.035549;0.035553",10.299247,97094.48,,4.63,0,3452,10,True,nid007071,57248609
SparseHNSW_a0.9_b3_p0,"M=32 efC=200 ef=100 alpha=0.9 beta=3 q=u8 seedT=8 seedH=8 seedS=4",64,0.9658169177,0.9951,211.0993,0.8586,0.0000,0.064768,"0.064746;0.064768;0.064868",18.762457,53297.92,,4.63,0,3452,10,True,nid007071,57248609
SparseHNSW_a0.9_b3_p0,"M=32 efC=200 ef=200 alpha=0.9 beta=3 q=u8 seedT=8 seedH=8 seedS=4",64,0.9778968714,0.9980,211.0993,0.8586,0.0000,0.117513,"0.117880;0.117513;0.117502",34.042005,29375.47,,4.63,0,3452,10,True,nid007071,57248609
SparseHNSW_a0.9_b3_p0,"M=32 efC=200 ef=400 alpha=0.9 beta=3 q=u8 seedT=8 seedH=8 seedS=4",64,0.9867612978,0.9994,211.0993,0.8586,0.0000,0.217176,"0.217467;0.216494;0.217176",62.913094,15894.94,,4.63,0,3452,10,True,nid007071,57248609
SparseHNSW_a0.9_b3_p0,"M=32 efC=200 ef=800 alpha=0.9 beta=3 q=u8 seedT=8 seedH=8 seedS=4",64,0.9898899189,0.9997,211.0993,0.8586,0.0000,0.409964,"0.409467;0.410278;0.409964",118.761298,8420.25,,4.63,0,3452,10,True,nid007071,57248609
SparseHNSW_a0.9_b3_p0,"M=32 efC=200 ef=1600 alpha=0.9 beta=3 q=u8 seedT=8 seedH=8 seedS=4",64,0.9929606025,1.0000,211.0993,0.8586,0.0000,0.786111,"0.786111;0.786086;0.788932",227.726246,4391.24,,4.63,0,3452,10,True,nid007071,57248609
SparseHNSW_a0.9_b3_p0,"M=32 efC=200 ef=3200 alpha=0.9 beta=3 q=u8 seedT=8 seedH=8 seedS=4",64,0.9945828505,1.0000,211.0993,0.8586,0.0000,1.472259,"1.470004;1.472259;1.473452",426.494496,2344.70,,4.63,0,3452,10,True,nid007071,57248609
SparseHNSW_a0.9_b4_p0,"M=32 efC=200 ef=10 alpha=0.9 beta=4 q=u8 seedT=8 seedH=8 seedS=4",64,0.9320683662,0.9832,211.0993,0.8586,0.0000,0.030503,"0.030722;0.030503;0.030305",8.836327,113169.20,,4.63,0,3452,10,True,nid007071,57248609
SparseHNSW_a0.9_b4_p0,"M=32 efC=200 ef=20 alpha=0.9 beta=4 q=u8 seedT=8 seedH=8 seedS=4",64,0.9320683662,0.9832,211.0993,0.8586,0.0000,0.029800,"0.030046;0.029800;0.029695",8.632677,115838.93,,4.63,0,3452,10,True,nid007071,57248609
SparseHNSW_a0.9_b4_p0,"M=32 efC=200 ef=50 alpha=0.9 beta=4 q=u8 seedT=8 seedH=8 seedS=4",64,0.9411645423,0.9855,211.0993,0.8586,0.0000,0.035882,"0.035882;0.035878;0.035946",10.394554,96204.22,,4.63,0,3452,10,True,nid007071,57248609
SparseHNSW_a0.9_b4_p0,"M=32 efC=200 ef=100 alpha=0.9 beta=4 q=u8 seedT=8 seedH=8 seedS=4",64,0.9659907300,0.9951,211.0993,0.8586,0.0000,0.065357,"0.065382;0.065357;0.065220",18.933082,52817.60,,4.63,0,3452,10,True,nid007071,57248609
SparseHNSW_a0.9_b4_p0,"M=32 efC=200 ef=200 alpha=0.9 beta=4 q=u8 seedT=8 seedH=8 seedS=4",64,0.9781286211,0.9980,211.0993,0.8586,0.0000,0.117943,"0.117534;0.117943;0.118037",34.166570,29268.38,,4.63,0,3452,10,True,nid007071,57248609
SparseHNSW_a0.9_b4_p0,"M=32 efC=200 ef=400 alpha=0.9 beta=4 q=u8 seedT=8 seedH=8 seedS=4",64,0.9869930475,0.9994,211.0993,0.8586,0.0000,0.216813,"0.216675;0.216813;0.217593",62.807937,15921.55,,4.63,0,3452,10,True,nid007071,57248609
SparseHNSW_a0.9_b4_p0,"M=32 efC=200 ef=800 alpha=0.9 beta=4 q=u8 seedT=8 seedH=8 seedS=4",64,0.9901216686,0.9997,211.0993,0.8586,0.0000,0.410755,"0.410755;0.411559;0.410487",118.990440,8404.04,,4.63,0,3452,10,True,nid007071,57248609
SparseHNSW_a0.9_b4_p0,"M=32 efC=200 ef=1600 alpha=0.9 beta=4 q=u8 seedT=8 seedH=8 seedS=4",64,0.9932213210,1.0000,211.0993,0.8586,0.0000,0.787030,"0.787401;0.785595;0.787030",227.992468,4386.11,,4.63,0,3452,10,True,nid007071,57248609
SparseHNSW_a0.9_b4_p0,"M=32 efC=200 ef=3200 alpha=0.9 beta=4 q=u8 seedT=8 seedH=8 seedS=4",64,0.9948435689,1.0000,211.0993,0.8586,0.0000,1.470742,"1.471328;1.470027;1.470742",426.055041,2347.11,,4.63,0,3452,10,True,nid007071,57248609
SparseHNSW_a0.9_b5_p0,"M=32 efC=200 ef=10 alpha=0.9 beta=5 q=u8 seedT=8 seedH=8 seedS=4",64,0.9411645423,0.9855,211.0993,0.8586,0.0000,0.036954,"0.036973;0.036954;0.036536",10.705098,93413.43,,4.63,0,3452,10,True,nid007071,57248609
SparseHNSW_a0.9_b5_p0,"M=32 efC=200 ef=20 alpha=0.9 beta=5 q=u8 seedT=8 seedH=8 seedS=4",64,0.9411645423,0.9855,211.0993,0.8586,0.0000,0.036394,"0.036394;0.036423;0.036238",10.542874,94850.80,,4.63,0,3452,10,True,nid007071,57248609
SparseHNSW_a0.9_b5_p0,"M=32 efC=200 ef=50 alpha=0.9 beta=5 q=u8 seedT=8 seedH=8 seedS=4",64,0.9411645423,0.9855,211.0993,0.8586,0.0000,0.036060,"0.036060;0.035952;0.036108",10.446118,95729.34,,4.63,0,3452,10,True,nid007071,57248609
SparseHNSW_a0.9_b5_p0,"M=32 efC=200 ef=100 alpha=0.9 beta=5 q=u8 seedT=8 seedH=8 seedS=4",64,0.9659907300,0.9951,211.0993,0.8586,0.0000,0.065357,"0.065357;0.065219;0.065558",18.933082,52817.60,,4.63,0,3452,10,True,nid007071,57248609
SparseHNSW_a0.9_b5_p0,"M=32 efC=200 ef=200 alpha=0.9 beta=5 q=u8 seedT=8 seedH=8 seedS=4",64,0.9781286211,0.9980,211.0993,0.8586,0.0000,0.118083,"0.118083;0.117930;0.118235",34.207126,29233.67,,4.63,0,3452,10,True,nid007071,57248609
SparseHNSW_a0.9_b5_p0,"M=32 efC=200 ef=400 alpha=0.9 beta=5 q=u8 seedT=8 seedH=8 seedS=4",64,0.9869930475,0.9994,211.0993,0.8586,0.0000,0.217670,"0.217670;0.217961;0.216683",63.056199,15858.87,,4.63,0,3452,10,True,nid007071,57248609
SparseHNSW_a0.9_b5_p0,"M=32 efC=200 ef=800 alpha=0.9 beta=5 q=u8 seedT=8 seedH=8 seedS=4",64,0.9901216686,0.9997,211.0993,0.8586,0.0000,0.411027,"0.411709;0.411027;0.410435",119.069235,8398.48,,4.63,0,3452,10,True,nid007071,57248609
SparseHNSW_a0.9_b5_p0,"M=32 efC=200 ef=1600 alpha=0.9 beta=5 q=u8 seedT=8 seedH=8 seedS=4",64,0.9932213210,1.0000,211.0993,0.8586,0.0000,0.786077,"0.786212;0.786077;0.783741",227.716396,4391.43,,4.63,0,3452,10,True,nid007071,57248609
SparseHNSW_a0.9_b5_p0,"M=32 efC=200 ef=3200 alpha=0.9 beta=5 q=u8 seedT=8 seedH=8 seedS=4",64,0.9948435689,1.0000,211.0993,0.8586,0.0000,1.472427,"1.472979;1.470759;1.472427",426.543163,2344.43,,4.63,0,3452,10,True,nid007071,57248609
SparseHNSW_a0.9_b6_p0,"M=32 efC=200 ef=10 alpha=0.9 beta=6 q=u8 seedT=8 seedH=8 seedS=4",64,0.9477983778,0.9878,211.0993,0.8586,0.0000,0.042856,"0.042856;0.043090;0.042814",12.414832,80548.81,,4.63,0,3452,10,True,nid007071,57248609
SparseHNSW_a0.9_b6_p0,"M=32 efC=200 ef=20 alpha=0.9 beta=6 q=u8 seedT=8 seedH=8 seedS=4",64,0.9477983778,0.9878,211.0993,0.8586,0.0000,0.042590,"0.042590;0.042590;0.042477",12.337775,81051.89,,4.63,0,3452,10,True,nid007071,57248609
SparseHNSW_a0.9_b6_p0,"M=32 efC=200 ef=50 alpha=0.9 beta=6 q=u8 seedT=8 seedH=8 seedS=4",64,0.9477983778,0.9878,211.0993,0.8586,0.0000,0.042399,"0.042399;0.042283;0.042467",12.282445,81417.01,,4.63,0,3452,10,True,nid007071,57248609
SparseHNSW_a0.9_b6_p0,"M=32 efC=200 ef=100 alpha=0.9 beta=6 q=u8 seedT=8 seedH=8 seedS=4",64,0.9659907300,0.9951,211.0993,0.8586,0.0000,0.065593,"0.065231;0.065593;0.065743",19.001448,52627.57,,4.63,0,3452,10,True,nid007071,57248609
SparseHNSW_a0.9_b6_p0,"M=32 efC=200 ef=200 alpha=0.9 beta=6 q=u8 seedT=8 seedH=8 seedS=4",64,0.9781286211,0.9980,211.0993,0.8586,0.0000,0.118055,"0.118055;0.117651;0.118157",34.199015,29240.61,,4.63,0,3452,10,True,nid007071,57248609
SparseHNSW_a0.9_b6_p0,"M=32 efC=200 ef=400 alpha=0.9 beta=6 q=u8 seedT=8 seedH=8 seedS=4",64,0.9869930475,0.9994,211.0993,0.8586,0.0000,0.218049,"0.218063;0.218049;0.217638",63.165991,15831.30,,4.63,0,3452,10,True,nid007071,57248609
SparseHNSW_a0.9_b6_p0,"M=32 efC=200 ef=800 alpha=0.9 beta=6 q=u8 seedT=8 seedH=8 seedS=4",64,0.9901216686,0.9997,211.0993,0.8586,0.0000,0.410492,"0.412293;0.410492;0.410169",118.914253,8409.42,,4.63,0,3452,10,True,nid007071,57248609
SparseHNSW_a0.9_b6_p0,"M=32 efC=200 ef=1600 alpha=0.9 beta=6 q=u8 seedT=8 seedH=8 seedS=4",64,0.9932213210,1.0000,211.0993,0.8586,0.0000,0.786735,"0.785237;0.788438;0.786735",227.907010,4387.75,,4.63,0,3452,10,True,nid007071,57248609
SparseHNSW_a0.9_b6_p0,"M=32 efC=200 ef=3200 alpha=0.9 beta=6 q=u8 seedT=8 seedH=8 seedS=4",64,0.9948435689,1.0000,211.0993,0.8586,0.0000,1.469956,"1.469956;1.470864;1.469502",425.827346,2348.37,,4.63,0,3452,10,True,nid007071,57248609
SparseHNSW_a0.9_b7_p0,"M=32 efC=200 ef=10 alpha=0.9 beta=7 q=u8 seedT=8 seedH=8 seedS=4",64,0.9545191194,0.9907,211.0993,0.8586,0.0000,0.048770,"0.048695;0.048911;0.048770",14.128042,70781.22,,4.63,0,3452,10,True,nid007071,57248609
SparseHNSW_a0.9_b7_p0,"M=32 efC=200 ef=20 alpha=0.9 beta=7 q=u8 seedT=8 seedH=8 seedS=4",64,0.9545191194,0.9907,211.0993,0.8586,0.0000,0.048820,"0.049021;0.048723;0.048820",14.142526,70708.73,,4.63,0,3452,10,True,nid007071,57248609
SparseHNSW_a0.9_b7_p0,"M=32 efC=200 ef=50 alpha=0.9 beta=7 q=u8 seedT=8 seedH=8 seedS=4",64,0.9545191194,0.9907,211.0993,0.8586,0.0000,0.048467,"0.048467;0.048755;0.048441",14.040267,71223.72,,4.63,0,3452,10,True,nid007071,57248609
SparseHNSW_a0.9_b7_p0,"M=32 efC=200 ef=100 alpha=0.9 beta=7 q=u8 seedT=8 seedH=8 seedS=4",64,0.9659907300,0.9951,211.0993,0.8586,0.0000,0.065676,"0.065291;0.065676;0.065876",19.025492,52561.06,,4.63,0,3452,10,True,nid007071,57248609
SparseHNSW_a0.9_b7_p0,"M=32 efC=200 ef=200 alpha=0.9 beta=7 q=u8 seedT=8 seedH=8 seedS=4",64,0.9781286211,0.9980,211.0993,0.8586,0.0000,0.118184,"0.117593;0.118221;0.118184",34.236385,29208.69,,4.63,0,3452,10,True,nid007071,57248609
SparseHNSW_a0.9_b7_p0,"M=32 efC=200 ef=400 alpha=0.9 beta=7 q=u8 seedT=8 seedH=8 seedS=4",64,0.9869930475,0.9994,211.0993,0.8586,0.0000,0.217682,"0.217604;0.217682;0.218369",63.059676,15857.99,,4.63,0,3452,10,True,nid007071,57248609
SparseHNSW_a0.9_b7_p0,"M=32 efC=200 ef=800 alpha=0.9 beta=7 q=u8 seedT=8 seedH=8 seedS=4",64,0.9901216686,0.9997,211.0993,0.8586,0.0000,0.410546,"0.410131;0.412045;0.410546",118.929896,8408.31,,4.63,0,3452,10,True,nid007071,57248609
SparseHNSW_a0.9_b7_p0,"M=32 efC=200 ef=1600 alpha=0.9 beta=7 q=u8 seedT=8 seedH=8 seedS=4",64,0.9932213210,1.0000,211.0993,0.8586,0.0000,0.787764,"0.787555;0.789216;0.787764",228.205098,4382.02,,4.63,0,3452,10,True,nid007071,57248609
SparseHNSW_a0.9_b7_p0,"M=32 efC=200 ef=3200 alpha=0.9 beta=7 q=u8 seedT=8 seedH=8 seedS=4",64,0.9948435689,1.0000,211.0993,0.8586,0.0000,1.472968,"1.470733;1.472968;1.474435",426.699884,2343.57,,4.63,0,3452,10,True,nid007071,57248609
SparseHNSW_a0.9_b8_p0,"M=32 efC=200 ef=10 alpha=0.9 beta=8 q=u8 seedT=8 seedH=8 seedS=4",64,0.9590092700,0.9919,211.0993,0.8586,0.0000,0.054722,"0.054328;0.054859;0.054722",15.852260,63082.49,,4.63,0,3452,10,True,nid007071,57248609
SparseHNSW_a0.9_b8_p0,"M=32 efC=200 ef=20 alpha=0.9 beta=8 q=u8 seedT=8 seedH=8 seedS=4",64,0.9590092700,0.9919,211.0993,0.8586,0.0000,0.054948,"0.054948;0.055003;0.054712",15.917729,62823.03,,4.63,0,3452,10,True,nid007071,57248609
SparseHNSW_a0.9_b8_p0,"M=32 efC=200 ef=50 alpha=0.9 beta=8 q=u8 seedT=8 seedH=8 seedS=4",64,0.9590092700,0.9919,211.0993,0.8586,0.0000,0.055003,"0.055221;0.054629;0.055003",15.933662,62760.21,,4.63,0,3452,10,True,nid007071,57248609
SparseHNSW_a0.9_b8_p0,"M=32 efC=200 ef=100 alpha=0.9 beta=8 q=u8 seedT=8 seedH=8 seedS=4",64,0.9659907300,0.9951,211.0993,0.8586,0.0000,0.065968,"0.065595;0.065968;0.066137",19.110081,52328.40,,4.63,0,3452,10,True,nid007071,57248609
SparseHNSW_a0.9_b8_p0,"M=32 efC=200 ef=200 alpha=0.9 beta=8 q=u8 seedT=8 seedH=8 seedS=4",64,0.9781286211,0.9980,211.0993,0.8586,0.0000,0.118897,"0.118976;0.118737;0.118897",34.442932,29033.53,,4.63,0,3452,10,True,nid007071,57248609
SparseHNSW_a0.9_b8_p0,"M=32 efC=200 ef=400 alpha=0.9 beta=8 q=u8 seedT=8 seedH=8 seedS=4",64,0.9869930475,0.9994,211.0993,0.8586,0.0000,0.217573,"0.217711;0.217508;0.217573",63.028100,15865.94,,4.63,0,3452,10,True,nid007071,57248609
SparseHNSW_a0.9_b8_p0,"M=32 efC=200 ef=800 alpha=0.9 beta=8 q=u8 seedT=8 seedH=8 seedS=4",64,0.9901216686,0.9997,211.0993,0.8586,0.0000,0.410753,"0.411554;0.410581;0.410753",118.989861,8404.08,,4.63,0,3452,10,True,nid007071,57248609
SparseHNSW_a0.9_b8_p0,"M=32 efC=200 ef=1600 alpha=0.9 beta=8 q=u8 seedT=8 seedH=8 seedS=4",64,0.9932213210,1.0000,211.0993,0.8586,0.0000,0.788472,"0.788592;0.788472;0.787201",228.410197,4378.09,,4.63,0,3452,10,True,nid007071,57248609
SparseHNSW_a0.9_b8_p0,"M=32 efC=200 ef=3200 alpha=0.9 beta=8 q=u8 seedT=8 seedH=8 seedS=4",64,0.9948435689,1.0000,211.0993,0.8586,0.0000,1.471571,"1.472915;1.471414;1.471571",426.295191,2345.79,,4.63,0,3452,10,True,nid007071,57248609
SparseHNSW_a0.9_b1_p64,"M=32 efC=200 ef=10 alpha=0.9 beta=1 q=u8 seedT=8 seedH=8 seedS=4 pat=64",64,0.8755793743,0.7175,211.0993,0.8586,0.0000,0.024437,"0.025049;0.024437;0.024044",7.079085,141261.20,,4.63,0,3452,10,True,nid007071,57248609
SparseHNSW_a0.9_b1_p64,"M=32 efC=200 ef=20 alpha=0.9 beta=1 q=u8 seedT=8 seedH=8 seedS=4 pat=64",64,0.8755793743,0.7175,211.0993,0.8586,0.0000,0.023791,"0.023826;0.023791;0.023636",6.891947,145096.89,,4.63,0,3452,10,True,nid007071,57248609
SparseHNSW_a0.9_b1_p64,"M=32 efC=200 ef=50 alpha=0.9 beta=1 q=u8 seedT=8 seedH=8 seedS=4 pat=64",64,0.8936848204,0.7416,211.0993,0.8586,0.0000,0.034655,"0.034891;0.034645;0.034655",10.039108,99610.45,,4.63,0,3452,10,True,nid007071,57248609
SparseHNSW_a0.9_b1_p64,"M=32 efC=200 ef=100 alpha=0.9 beta=1 q=u8 seedT=8 seedH=8 seedS=4 pat=64",64,0.9127462341,0.7628,211.0993,0.8586,0.0000,0.054246,"0.054246;0.054159;0.054470",15.714368,63636.03,,4.63,0,3452,10,True,nid007071,57248609
SparseHNSW_a0.9_b1_p64,"M=32 efC=200 ef=200 alpha=0.9 beta=1 q=u8 seedT=8 seedH=8 seedS=4 pat=64",64,0.9157010429,0.7662,211.0993,0.8586,0.0000,0.058692,"0.058350;0.058692;0.058922",17.002317,58815.51,,4.63,0,3452,10,True,nid007071,57248609
SparseHNSW_a0.9_b1_p64,"M=32 efC=200 ef=400 alpha=0.9 beta=1 q=u8 seedT=8 seedH=8 seedS=4 pat=64",64,0.9157879490,0.7664,211.0993,0.8586,0.0000,0.060297,"0.060297;0.060490;0.059790",17.467265,57249.95,,4.63,0,3452,10,True,nid007071,57248609
SparseHNSW_a0.9_b1_p64,"M=32 efC=200 ef=800 alpha=0.9 beta=1 q=u8 seedT=8 seedH=8 seedS=4 pat=64",64,0.9157879490,0.7664,211.0993,0.8586,0.0000,0.061305,"0.061305;0.061364;0.061236",17.759270,56308.62,,4.63,0,3452,10,True,nid007071,57248609
SparseHNSW_a0.9_b1_p64,"M=32 efC=200 ef=1600 alpha=0.9 beta=1 q=u8 seedT=8 seedH=8 seedS=4 pat=64",64,0.9157879490,0.7664,211.0993,0.8586,0.0000,0.063944,"0.064050;0.063537;0.063944",18.523754,53984.74,,4.63,0,3452,10,True,nid007071,57248609
SparseHNSW_a0.9_b1_p64,"M=32 efC=200 ef=3200 alpha=0.9 beta=1 q=u8 seedT=8 seedH=8 seedS=4 pat=64",64,0.9157879490,0.7664,211.0993,0.8586,0.0000,0.066062,"0.065798;0.066062;0.066085",19.137312,52253.94,,4.63,0,3452,10,True,nid007071,57248609
SparseHNSW_a0.9_b2_p64,"M=32 efC=200 ef=10 alpha=0.9 beta=2 q=u8 seedT=8 seedH=8 seedS=4 pat=64",64,0.9181633835,0.9780,211.0993,0.8586,0.0000,0.024897,"0.025436;0.024897;0.024669",7.212341,138651.24,,4.63,0,3452,10,True,nid007071,57248609
SparseHNSW_a0.9_b2_p64,"M=32 efC=200 ef=20 alpha=0.9 beta=2 q=u8 seedT=8 seedH=8 seedS=4 pat=64",64,0.9181633835,0.9780,211.0993,0.8586,0.0000,0.024414,"0.024426;0.024414;0.024297",7.072422,141394.28,,4.63,0,3452,10,True,nid007071,57248609
SparseHNSW_a0.9_b2_p64,"M=32 efC=200 ef=50 alpha=0.9 beta=2 q=u8 seedT=8 seedH=8 seedS=4 pat=64",64,0.9402375435,0.9855,211.0993,0.8586,0.0000,0.035273,"0.035365;0.035233;0.035273",10.218134,97865.22,,4.63,0,3452,10,True,nid007071,57248609
SparseHNSW_a0.9_b2_p64,"M=32 efC=200 ef=100 alpha=0.9 beta=2 q=u8 seedT=8 seedH=8 seedS=4 pat=64",64,0.9644843569,0.9951,211.0993,0.8586,0.0000,0.059639,"0.059408;0.059780;0.059639",17.276651,57881.59,,4.63,0,3452,10,True,nid007071,57248609
SparseHNSW_a0.9_b2_p64,"M=32 efC=200 ef=200 alpha=0.9 beta=2 q=u8 seedT=8 seedH=8 seedS=4 pat=64",64,0.9718424102,0.9974,211.0993,0.8586,0.0000,0.069432,"0.068457;0.069432;0.069596",20.113557,49717.71,,4.63,0,3452,10,True,nid007071,57248609
SparseHNSW_a0.9_b2_p64,"M=32 efC=200 ef=400 alpha=0.9 beta=2 q=u8 seedT=8 seedH=8 seedS=4 pat=64",64,0.9730590962,0.9974,211.0993,0.8586,0.0000,0.071077,"0.070746;0.071111;0.071077",20.590093,48567.05,,4.63,0,3452,10,True,nid007071,57248609
SparseHNSW_a0.9_b2_p64,"M=32 efC=200 ef=800 alpha=0.9 beta=2 q=u8 seedT=8 seedH=8 seedS=4 pat=64",64,0.9730590962,0.9974,211.0993,0.8586,0.0000,0.072756,"0.072694;0.072756;0.072785",21.076477,47446.26,,4.63,0,3452,10,True,nid007071,57248609
SparseHNSW_a0.9_b2_p64,"M=32 efC=200 ef=1600 alpha=0.9 beta=2 q=u8 seedT=8 seedH=8 seedS=4 pat=64",64,0.9730590962,0.9974,211.0993,0.8586,0.0000,0.075041,"0.075012;0.075276;0.075041",21.738413,46001.52,,4.63,0,3452,10,True,nid007071,57248609
SparseHNSW_a0.9_b2_p64,"M=32 efC=200 ef=3200 alpha=0.9 beta=2 q=u8 seedT=8 seedH=8 seedS=4 pat=64",64,0.9730590962,0.9974,211.0993,0.8586,0.0000,0.078064,"0.078376;0.077864;0.078064",22.614137,44220.13,,4.63,0,3452,10,True,nid007071,57248609
SparseHNSW_a0.9_b3_p64,"M=32 efC=200 ef=10 alpha=0.9 beta=3 q=u8 seedT=8 seedH=8 seedS=4 pat=64",64,0.9189455388,0.9780,211.0993,0.8586,0.0000,0.025366,"0.025918;0.025366;0.025128",7.348204,136087.68,,4.63,0,3452,10,True,nid007071,57248609
SparseHNSW_a0.9_b3_p64,"M=32 efC=200 ef=20 alpha=0.9 beta=3 q=u8 seedT=8 seedH=8 seedS=4 pat=64",64,0.9189455388,0.9780,211.0993,0.8586,0.0000,0.024828,"0.024944;0.024828;0.024607",7.192352,139036.57,,4.63,0,3452,10,True,nid007071,57248609
SparseHNSW_a0.9_b3_p64,"M=32 efC=200 ef=50 alpha=0.9 beta=3 q=u8 seedT=8 seedH=8 seedS=4 pat=64",64,0.9410486674,0.9855,211.0993,0.8586,0.0000,0.035556,"0.035517;0.035556;0.035643",10.300116,97086.29,,4.63,0,3452,10,True,nid007071,57248609
SparseHNSW_a0.9_b3_p64,"M=32 efC=200 ef=100 alpha=0.9 beta=3 q=u8 seedT=8 seedH=8 seedS=4 pat=64",64,0.9657589803,0.9951,211.0993,0.8586,0.0000,0.062555,"0.062446;0.062555;0.063040",18.121379,55183.44,,4.63,0,3452,10,True,nid007071,57248609
SparseHNSW_a0.9_b3_p64,"M=32 efC=200 ef=200 alpha=0.9 beta=3 q=u8 seedT=8 seedH=8 seedS=4 pat=64",64,0.9752317497,0.9977,211.0993,0.8586,0.0000,0.078521,"0.078648;0.078308;0.078521",22.746524,43962.76,,4.63,0,3452,10,True,nid007071,57248609
SparseHNSW_a0.9_b3_p64,"M=32 efC=200 ef=400 alpha=0.9 beta=3 q=u8 seedT=8 seedH=8 seedS=4 pat=64",64,0.9767960603,0.9980,211.0993,0.8586,0.0000,0.082123,"0.082123;0.082113;0.082269",23.789977,42034.51,,4.63,0,3452,10,True,nid007071,57248609
SparseHNSW_a0.9_b3_p64,"M=32 efC=200 ef=800 alpha=0.9 beta=3 q=u8 seedT=8 seedH=8 seedS=4 pat=64",64,0.9767960603,0.9980,211.0993,0.8586,0.0000,0.084039,"0.084298;0.083756;0.084039",24.345017,41076.17,,4.63,0,3452,10,True,nid007071,57248609
SparseHNSW_a0.9_b3_p64,"M=32 efC=200 ef=1600 alpha=0.9 beta=3 q=u8 seedT=8 seedH=8 seedS=4 pat=64",64,0.9767960603,0.9980,211.0993,0.8586,0.0000,0.087118,"0.087118;0.086536;0.087154",25.236964,39624.42,,4.63,0,3452,10,True,nid007071,57248609
SparseHNSW_a0.9_b3_p64,"M=32 efC=200 ef=3200 alpha=0.9 beta=3 q=u8 seedT=8 seedH=8 seedS=4 pat=64",64,0.9767960603,0.9980,211.0993,0.8586,0.0000,0.089445,"0.089445;0.089061;0.090194",25.911066,38593.55,,4.63,0,3452,10,True,nid007071,57248609
SparseHNSW_a0.9_b4_p64,"M=32 efC=200 ef=10 alpha=0.9 beta=4 q=u8 seedT=8 seedH=8 seedS=4 pat=64",64,0.9320683662,0.9832,211.0993,0.8586,0.0000,0.030380,"0.030827;0.030380;0.029943",8.800695,113627.39,,4.63,0,3452,10,True,nid007071,57248609
SparseHNSW_a0.9_b4_p64,"M=32 efC=200 ef=20 alpha=0.9 beta=4 q=u8 seedT=8 seedH=8 seedS=4 pat=64",64,0.9320683662,0.9832,211.0993,0.8586,0.0000,0.029763,"0.029919;0.029744;0.029763",8.621958,115982.93,,4.63,0,3452,10,True,nid007071,57248609
SparseHNSW_a0.9_b4_p64,"M=32 efC=200 ef=50 alpha=0.9 beta=4 q=u8 seedT=8 seedH=8 seedS=4 pat=64",64,0.9411645423,0.9855,211.0993,0.8586,0.0000,0.035876,"0.035876;0.035896;0.035755",10.392816,96220.31,,4.63,0,3452,10,True,nid007071,57248609
SparseHNSW_a0.9_b4_p64,"M=32 efC=200 ef=100 alpha=0.9 beta=4 q=u8 seedT=8 seedH=8 seedS=4 pat=64",64,0.9659617613,0.9951,211.0993,0.8586,0.0000,0.064124,"0.064158;0.063823;0.064124",18.575898,53833.20,,4.63,0,3452,10,True,nid007071,57248609
SparseHNSW_a0.9_b4_p64,"M=32 efC=200 ef=200 alpha=0.9 beta=4 q=u8 seedT=8 seedH=8 seedS=4 pat=64",64,0.9764774044,0.9980,211.0993,0.8586,0.0000,0.086790,"0.086342;0.086790;0.086889",25.141947,39774.17,,4.63,0,3452,10,True,nid007071,57248609
SparseHNSW_a0.9_b4_p64,"M=32 efC=200 ef=400 alpha=0.9 beta=4 q=u8 seedT=8 seedH=8 seedS=4 pat=64",64,0.9787659328,0.9983,211.0993,0.8586,0.0000,0.092129,"0.092129;0.091805;0.092497",26.688586,37469.20,,4.63,0,3452,10,True,nid007071,57248609
SparseHNSW_a0.9_b4_p64,"M=32 efC=200 ef=800 alpha=0.9 beta=4 q=u8 seedT=8 seedH=8 seedS=4 pat=64",64,0.9787659328,0.9983,211.0993,0.8586,0.0000,0.094471,"0.094877;0.094471;0.093953",27.367034,36540.31,,4.63,0,3452,10,True,nid007071,57248609
SparseHNSW_a0.9_b4_p64,"M=32 efC=200 ef=1600 alpha=0.9 beta=4 q=u8 seedT=8 seedH=8 seedS=4 pat=64",64,0.9787659328,0.9983,211.0993,0.8586,0.0000,0.097176,"0.097176;0.097171;0.097573",28.150637,35523.17,,4.63,0,3452,10,True,nid007071,57248609
SparseHNSW_a0.9_b4_p64,"M=32 efC=200 ef=3200 alpha=0.9 beta=4 q=u8 seedT=8 seedH=8 seedS=4 pat=64",64,0.9787659328,0.9983,211.0993,0.8586,0.0000,0.100853,"0.100472;0.100998;0.100853",29.215817,34228.03,,4.63,0,3452,10,True,nid007071,57248609
SparseHNSW_a0.9_b5_p64,"M=32 efC=200 ef=10 alpha=0.9 beta=5 q=u8 seedT=8 seedH=8 seedS=4 pat=64",64,0.9411645423,0.9855,211.0993,0.8586,0.0000,0.036642,"0.037100;0.036642;0.036500",10.614716,94208.83,,4.63,0,3452,10,True,nid007071,57248609
SparseHNSW_a0.9_b5_p64,"M=32 efC=200 ef=20 alpha=0.9 beta=5 q=u8 seedT=8 seedH=8 seedS=4 pat=64",64,0.9411645423,0.9855,211.0993,0.8586,0.0000,0.036177,"0.036177;0.036163;0.036254",10.480012,95419.74,,4.63,0,3452,10,True,nid007071,57248609
SparseHNSW_a0.9_b5_p64,"M=32 efC=200 ef=50 alpha=0.9 beta=5 q=u8 seedT=8 seedH=8 seedS=4 pat=64",64,0.9411645423,0.9855,211.0993,0.8586,0.0000,0.035950,"0.036108;0.035950;0.035926",10.414253,96022.25,,4.63,0,3452,10,True,nid007071,57248609
SparseHNSW_a0.9_b5_p64,"M=32 efC=200 ef=100 alpha=0.9 beta=5 q=u8 seedT=8 seedH=8 seedS=4 pat=64",64,0.9659617613,0.9951,211.0993,0.8586,0.0000,0.064859,"0.064944;0.064797;0.064859",18.788818,53223.15,,4.63,0,3452,10,True,nid007071,57248609
SparseHNSW_a0.9_b5_p64,"M=32 efC=200 ef=200 alpha=0.9 beta=5 q=u8 seedT=8 seedH=8 seedS=4 pat=64",64,0.9770857474,0.9980,211.0993,0.8586,0.0000,0.093050,"0.093050;0.093330;0.093014",26.955388,37098.33,,4.63,0,3452,10,True,nid007071,57248609
SparseHNSW_a0.9_b5_p64,"M=32 efC=200 ef=400 alpha=0.9 beta=5 q=u8 seedT=8 seedH=8 seedS=4 pat=64",64,0.9803012746,0.9983,211.0993,0.8586,0.0000,0.101544,"0.101236;0.101594;0.101544",29.415991,33995.12,,4.63,0,3452,10,True,nid007071,57248609
SparseHNSW_a0.9_b5_p64,"M=32 efC=200 ef=800 alpha=0.9 beta=5 q=u8 seedT=8 seedH=8 seedS=4 pat=64",64,0.9805909618,0.9986,211.0993,0.8586,0.0000,0.104489,"0.104846;0.104489;0.104069",30.269119,33036.97,,4.63,0,3452,10,True,nid007071,57248609
SparseHNSW_a0.9_b5_p64,"M=32 efC=200 ef=1600 alpha=0.9 beta=5 q=u8 seedT=8 seedH=8 seedS=4 pat=64",64,0.9805909618,0.9986,211.0993,0.8586,0.0000,0.106583,"0.106385;0.106589;0.106583",30.875724,32387.90,,4.63,0,3452,10,True,nid007071,57248609
SparseHNSW_a0.9_b5_p64,"M=32 efC=200 ef=3200 alpha=0.9 beta=5 q=u8 seedT=8 seedH=8 seedS=4 pat=64",64,0.9805909618,0.9986,211.0993,0.8586,0.0000,0.109773,"0.109722;0.110937;0.109773",31.799826,31446.71,,4.63,0,3452,10,True,nid007071,57248609
SparseHNSW_a0.9_b6_p64,"M=32 efC=200 ef=10 alpha=0.9 beta=6 q=u8 seedT=8 seedH=8 seedS=4 pat=64",64,0.9477983778,0.9878,211.0993,0.8586,0.0000,0.043003,"0.043060;0.043003;0.042665",12.457416,80273.47,,4.63,0,3452,10,True,nid007071,57248609
SparseHNSW_a0.9_b6_p64,"M=32 efC=200 ef=20 alpha=0.9 beta=6 q=u8 seedT=8 seedH=8 seedS=4 pat=64",64,0.9477983778,0.9878,211.0993,0.8586,0.0000,0.042422,"0.042562;0.042422;0.042237",12.289108,81372.87,,4.63,0,3452,10,True,nid007071,57248609
SparseHNSW_a0.9_b6_p64,"M=32 efC=200 ef=50 alpha=0.9 beta=6 q=u8 seedT=8 seedH=8 seedS=4 pat=64",64,0.9477983778,0.9878,211.0993,0.8586,0.0000,0.042388,"0.042333;0.042388;0.042431",12.279258,81438.14,,4.63,0,3452,10,True,nid007071,57248609
SparseHNSW_a0.9_b6_p64,"M=32 efC=200 ef=100 alpha=0.9 beta=6 q=u8 seedT=8 seedH=8 seedS=4 pat=64",64,0.9659907300,0.9951,211.0993,0.8586,0.0000,0.065385,"0.065385;0.065135;0.065482",18.941194,52794.98,,4.63,0,3452,10,True,nid007071,57248609
SparseHNSW_a0.9_b6_p64,"M=32 efC=200 ef=200 alpha=0.9 beta=6 q=u8 seedT=8 seedH=8 seedS=4 pat=64",64,0.9774623407,0.9980,211.0993,0.8586,0.0000,0.099017,"0.099017;0.099448;0.098597",28.683951,34862.70,,4.63,0,3452,10,True,nid007071,57248609
SparseHNSW_a0.9_b6_p64,"M=32 efC=200 ef=400 alpha=0.9 beta=6 q=u8 seedT=8 seedH=8 seedS=4 pat=64",64,0.9814310545,0.9986,211.0993,0.8586,0.0000,0.112299,"0.112554;0.112094;0.112299",32.531576,30739.37,,4.63,0,3452,10,True,nid007071,57248609
SparseHNSW_a0.9_b6_p64,"M=32 efC=200 ef=800 alpha=0.9 beta=6 q=u8 seedT=8 seedH=8 seedS=4 pat=64",64,0.9817786790,0.9988,211.0993,0.8586,0.0000,0.115570,"0.115335;0.115570;0.115879",33.479143,29869.34,,4.63,0,3452,10,True,nid007071,57248609
SparseHNSW_a0.9_b6_p64,"M=32 efC=200 ef=1600 alpha=0.9 beta=6 q=u8 seedT=8 seedH=8 seedS=4 pat=64",64,0.9817786790,0.9988,211.0993,0.8586,0.0000,0.119003,"0.119003;0.119079;0.118279",34.473638,29007.67,,4.63,0,3452,10,True,nid007071,57248609
SparseHNSW_a0.9_b6_p64,"M=32 efC=200 ef=3200 alpha=0.9 beta=6 q=u8 seedT=8 seedH=8 seedS=4 pat=64",64,0.9817786790,0.9988,211.0993,0.8586,0.0000,0.121804,"0.121901;0.121804;0.120310",35.285052,28340.61,,4.63,0,3452,10,True,nid007071,57248609
SparseHNSW_a0.9_b7_p64,"M=32 efC=200 ef=10 alpha=0.9 beta=7 q=u8 seedT=8 seedH=8 seedS=4 pat=64",64,0.9545191194,0.9907,211.0993,0.8586,0.0000,0.048898,"0.049188;0.048898;0.048677",14.165122,70595.93,,4.63,0,3452,10,True,nid007071,57248609
SparseHNSW_a0.9_b7_p64,"M=32 efC=200 ef=20 alpha=0.9 beta=7 q=u8 seedT=8 seedH=8 seedS=4 pat=64",64,0.9545191194,0.9907,211.0993,0.8586,0.0000,0.048645,"0.048645;0.048314;0.048855",14.091831,70963.10,,4.63,0,3452,10,True,nid007071,57248609
SparseHNSW_a0.9_b7_p64,"M=32 efC=200 ef=50 alpha=0.9 beta=7 q=u8 seedT=8 seedH=8 seedS=4 pat=64",64,0.9545191194,0.9907,211.0993,0.8586,0.0000,0.048806,"0.048872;0.048673;0.048806",14.138470,70729.01,,4.63,0,3452,10,True,nid007071,57248609
SparseHNSW_a0.9_b7_p64,"M=32 efC=200 ef=100 alpha=0.9 beta=7 q=u8 seedT=8 seedH=8 seedS=4 pat=64",64,0.9659907300,0.9951,211.0993,0.8586,0.0000,0.065716,"0.065798;0.065430;0.065716",19.037080,52529.06,,4.63,0,3452,10,True,nid007071,57248609
SparseHNSW_a0.9_b7_p64,"M=32 efC=200 ef=200 alpha=0.9 beta=7 q=u8 seedT=8 seedH=8 seedS=4 pat=64",64,0.9776651217,0.9980,211.0993,0.8586,0.0000,0.103891,"0.103891;0.103848;0.104240",30.095886,33227.13,,4.63,0,3452,10,True,nid007071,57248609
SparseHNSW_a0.9_b7_p64,"M=32 efC=200 ef=400 alpha=0.9 beta=7 q=u8 seedT=8 seedH=8 seedS=4 pat=64",64,0.9820973349,0.9986,211.0993,0.8586,0.0000,0.121341,"0.121082;0.121959;0.121341",35.150927,28448.75,,4.63,0,3452,10,True,nid007071,57248609
SparseHNSW_a0.9_b7_p64,"M=32 efC=200 ef=800 alpha=0.9 beta=7 q=u8 seedT=8 seedH=8 seedS=4 pat=64",64,0.9825898030,0.9988,211.0993,0.8586,0.0000,0.126509,"0.125422;0.127226;0.126509",36.648030,27286.60,,4.63,0,3452,10,True,nid007071,57248609
SparseHNSW_a0.9_b7_p64,"M=32 efC=200 ef=1600 alpha=0.9 beta=7 q=u8 seedT=8 seedH=8 seedS=4 pat=64",64,0.9825898030,0.9988,211.0993,0.8586,0.0000,0.128796,"0.128796;0.127433;0.128829",37.310545,26802.07,,4.63,0,3452,10,True,nid007071,57248609
SparseHNSW_a0.9_b7_p64,"M=32 efC=200 ef=3200 alpha=0.9 beta=7 q=u8 seedT=8 seedH=8 seedS=4 pat=64",64,0.9825898030,0.9988,211.0993,0.8586,0.0000,0.133628,"0.133628;0.133019;0.133784",38.710313,25832.91,,4.63,0,3452,10,True,nid007071,57248609
SparseHNSW_a0.9_b8_p64,"M=32 efC=200 ef=10 alpha=0.9 beta=8 q=u8 seedT=8 seedH=8 seedS=4 pat=64",64,0.9590092700,0.9919,211.0993,0.8586,0.0000,0.054818,"0.054818;0.055092;0.054678",15.880070,62972.02,,4.63,0,3452,10,True,nid007071,57248609
SparseHNSW_a0.9_b8_p64,"M=32 efC=200 ef=20 alpha=0.9 beta=8 q=u8 seedT=8 seedH=8 seedS=4 pat=64",64,0.9590092700,0.9919,211.0993,0.8586,0.0000,0.054856,"0.054760;0.054856;0.054928",15.891078,62928.39,,4.63,0,3452,10,True,nid007071,57248609
SparseHNSW_a0.9_b8_p64,"M=32 efC=200 ef=50 alpha=0.9 beta=8 q=u8 seedT=8 seedH=8 seedS=4 pat=64",64,0.9590092700,0.9919,211.0993,0.8586,0.0000,0.054649,"0.054717;0.054463;0.054649",15.831112,63166.76,,4.63,0,3452,10,True,nid007071,57248609
SparseHNSW_a0.9_b8_p64,"M=32 efC=200 ef=100 alpha=0.9 beta=8 q=u8 seedT=8 seedH=8 seedS=4 pat=64",64,0.9659907300,0.9951,211.0993,0.8586,0.0000,0.066046,"0.066046;0.066162;0.065918",19.132677,52266.60,,4.63,0,3452,10,True,nid007071,57248609
SparseHNSW_a0.9_b8_p64,"M=32 efC=200 ef=200 alpha=0.9 beta=8 q=u8 seedT=8 seedH=8 seedS=4 pat=64",64,0.9779837775,0.9980,211.0993,0.8586,0.0000,0.107298,"0.107298;0.106684;0.107886",31.082851,32172.08,,4.63,0,3452,10,True,nid007071,57248609
SparseHNSW_a0.9_b8_p64,"M=32 efC=200 ef=400 alpha=0.9 beta=8 q=u8 seedT=8 seedH=8 seedS=4 pat=64",64,0.9830243337,0.9986,211.0993,0.8586,0.0000,0.129013,"0.129379;0.129013;0.128566",37.373407,26756.99,,4.63,0,3452,10,True,nid007071,57248609
SparseHNSW_a0.9_b8_p64,"M=32 efC=200 ef=800 alpha=0.9 beta=8 q=u8 seedT=8 seedH=8 seedS=4 pat=64",64,0.9836326767,0.9988,211.0993,0.8586,0.0000,0.133598,"0.133421;0.133941;0.133598",38.701622,25838.71,,4.63,0,3452,10,True,nid007071,57248609
SparseHNSW_a0.9_b8_p64,"M=32 efC=200 ef=1600 alpha=0.9 beta=8 q=u8 seedT=8 seedH=8 seedS=4 pat=64",64,0.9836326767,0.9988,211.0993,0.8586,0.0000,0.135309,"0.135251;0.136048;0.135309",39.197277,25511.98,,4.63,0,3452,10,True,nid007071,57248609
SparseHNSW_a0.9_b8_p64,"M=32 efC=200 ef=3200 alpha=0.9 beta=8 q=u8 seedT=8 seedH=8 seedS=4 pat=64",64,0.9836326767,0.9988,211.0993,0.8586,0.0000,0.139805,"0.139805;0.139176;0.139977",40.499710,24691.53,,4.63,0,3452,10,True,nid007071,57248609
SparseHNSW_a0.9_b1_p128,"M=32 efC=200 ef=10 alpha=0.9 beta=1 q=u8 seedT=8 seedH=8 seedS=4 pat=128",64,0.8755793743,0.7175,211.0993,0.8586,0.0000,0.024246,"0.024933;0.024246;0.023968",7.023754,142374.00,,4.63,0,3452,10,True,nid007071,57248609
SparseHNSW_a0.9_b1_p128,"M=32 efC=200 ef=20 alpha=0.9 beta=1 q=u8 seedT=8 seedH=8 seedS=4 pat=128",64,0.8755793743,0.7175,211.0993,0.8586,0.0000,0.023720,"0.023804;0.023652;0.023720",6.871379,145531.20,,4.63,0,3452,10,True,nid007071,57248609
SparseHNSW_a0.9_b1_p128,"M=32 efC=200 ef=50 alpha=0.9 beta=1 q=u8 seedT=8 seedH=8 seedS=4 pat=128",64,0.8936848204,0.7416,211.0993,0.8586,0.0000,0.034564,"0.034781;0.034493;0.034564",10.012746,99872.70,,4.63,0,3452,10,True,nid007071,57248609
SparseHNSW_a0.9_b1_p128,"M=32 efC=200 ef=100 alpha=0.9 beta=1 q=u8 seedT=8 seedH=8 seedS=4 pat=128",64,0.9143395133,0.7652,211.0993,0.8586,0.0000,0.064238,"0.063826;0.064461;0.064238",18.608922,53737.66,,4.63,0,3452,10,True,nid007071,57248609
SparseHNSW_a0.9_b1_p128,"M=32 efC=200 ef=200 alpha=0.9 beta=1 q=u8 seedT=8 seedH=8 seedS=4 pat=128",64,0.9223348783,0.7753,211.0993,0.8586,0.0000,0.093356,"0.093288;0.093356;0.093626",27.044032,36976.73,,4.63,0,3452,10,True,nid007071,57248609
SparseHNSW_a0.9_b1_p128,"M=32 efC=200 ef=400 alpha=0.9 beta=1 q=u8 seedT=8 seedH=8 seedS=4 pat=128",64,0.9247103129,0.7777,211.0993,0.8586,0.0000,0.097952,"0.098366;0.097835;0.097952",28.375435,35241.75,,4.63,0,3452,10,True,nid007071,57248609
SparseHNSW_a0.9_b1_p128,"M=32 efC=200 ef=800 alpha=0.9 beta=1 q=u8 seedT=8 seedH=8 seedS=4 pat=128",64,0.9249130939,0.7779,211.0993,0.8586,0.0000,0.100327,"0.099726;0.100327;0.100796",29.063441,34407.49,,4.63,0,3452,10,True,nid007071,57248609
SparseHNSW_a0.9_b1_p128,"M=32 efC=200 ef=1600 alpha=0.9 beta=1 q=u8 seedT=8 seedH=8 seedS=4 pat=128",64,0.9249130939,0.7779,211.0993,0.8586,0.0000,0.103196,"0.103196;0.103248;0.102557",29.894554,33450.91,,4.63,0,3452,10,True,nid007071,57248609
SparseHNSW_a0.9_b1_p128,"M=32 efC=200 ef=3200 alpha=0.9 beta=1 q=u8 seedT=8 seedH=8 seedS=4 pat=128",64,0.9249130939,0.7779,211.0993,0.8586,0.0000,0.106617,"0.106808;0.106593;0.106617",30.885574,32377.58,,4.63,0,3452,10,True,nid007071,57248609
SparseHNSW_a0.9_b2_p128,"M=32 efC=200 ef=10 alpha=0.9 beta=2 q=u8 seedT=8 seedH=8 seedS=4 pat=128",64,0.9181633835,0.9780,211.0993,0.8586,0.0000,0.025092,"0.025598;0.025092;0.024728",7.268830,137573.73,,4.63,0,3452,10,True,nid007071,57248609
SparseHNSW_a0.9_b2_p128,"M=32 efC=200 ef=20 alpha=0.9 beta=2 q=u8 seedT=8 seedH=8 seedS=4 pat=128",64,0.9181633835,0.9780,211.0993,0.8586,0.0000,0.024455,"0.024455;0.024518;0.024396",7.084299,141157.23,,4.63,0,3452,10,True,nid007071,57248609
SparseHNSW_a0.9_b2_p128,"M=32 efC=200 ef=50 alpha=0.9 beta=2 q=u8 seedT=8 seedH=8 seedS=4 pat=128",64,0.9402375435,0.9855,211.0993,0.8586,0.0000,0.035243,"0.035293;0.035243;0.035107",10.209444,97948.53,,4.63,0,3452,10,True,nid007071,57248609
SparseHNSW_a0.9_b2_p128,"M=32 efC=200 ef=100 alpha=0.9 beta=2 q=u8 seedT=8 seedH=8 seedS=4 pat=128",64,0.9648609502,0.9951,211.0993,0.8586,0.0000,0.064571,"0.064481;0.064637;0.064571",18.705388,53460.53,,4.63,0,3452,10,True,nid007071,57248609
SparseHNSW_a0.9_b2_p128,"M=32 efC=200 ef=200 alpha=0.9 beta=2 q=u8 seedT=8 seedH=8 seedS=4 pat=128",64,0.9762746234,0.9980,211.0993,0.8586,0.0000,0.101219,"0.101219;0.101368;0.100954",29.321842,34104.27,,4.63,0,3452,10,True,nid007071,57248609
SparseHNSW_a0.9_b2_p128,"M=32 efC=200 ef=400 alpha=0.9 beta=2 q=u8 seedT=8 seedH=8 seedS=4 pat=128",64,0.9804171495,0.9986,211.0993,0.8586,0.0000,0.111915,"0.111040;0.111963;0.111915",32.420336,30844.84,,4.63,0,3452,10,True,nid007071,57248609
SparseHNSW_a0.9_b2_p128,"M=32 efC=200 ef=800 alpha=0.9 beta=2 q=u8 seedT=8 seedH=8 seedS=4 pat=128",64,0.9807068366,0.9986,211.0993,0.8586,0.0000,0.113882,"0.114779;0.113882;0.113449",32.990151,30312.08,,4.63,0,3452,10,True,nid007071,57248609
SparseHNSW_a0.9_b2_p128,"M=32 efC=200 ef=1600 alpha=0.9 beta=2 q=u8 seedT=8 seedH=8 seedS=4 pat=128",64,0.9807068366,0.9986,211.0993,0.8586,0.0000,0.116377,"0.116633;0.116377;0.116174",33.712920,29662.22,,4.63,0,3452,10,True,nid007071,57248609
SparseHNSW_a0.9_b2_p128,"M=32 efC=200 ef=3200 alpha=0.9 beta=2 q=u8 seedT=8 seedH=8 seedS=4 pat=128",64,0.9807068366,0.9986,211.0993,0.8586,0.0000,0.120189,"0.120189;0.120085;0.120354",34.817207,28721.43,,4.63,0,3452,10,True,nid007071,57248609
SparseHNSW_a0.9_b3_p128,"M=32 efC=200 ef=10 alpha=0.9 beta=3 q=u8 seedT=8 seedH=8 seedS=4 pat=128",64,0.9189455388,0.9780,211.0993,0.8586,0.0000,0.025591,"0.026022;0.025591;0.025167",7.413384,134891.17,,4.63,0,3452,10,True,nid007071,57248609
SparseHNSW_a0.9_b3_p128,"M=32 efC=200 ef=20 alpha=0.9 beta=3 q=u8 seedT=8 seedH=8 seedS=4 pat=128",64,0.9189455388,0.9780,211.0993,0.8586,0.0000,0.024782,"0.024858;0.024782;0.024735",7.179027,139294.65,,4.63,0,3452,10,True,nid007071,57248609
SparseHNSW_a0.9_b3_p128,"M=32 efC=200 ef=50 alpha=0.9 beta=3 q=u8 seedT=8 seedH=8 seedS=4 pat=128",64,0.9410486674,0.9855,211.0993,0.8586,0.0000,0.035621,"0.035657;0.035621;0.035397",10.318946,96909.13,,4.63,0,3452,10,True,nid007071,57248609
SparseHNSW_a0.9_b3_p128,"M=32 efC=200 ef=100 alpha=0.9 beta=3 q=u8 seedT=8 seedH=8 seedS=4 pat=128",64,0.9658169177,0.9951,211.0993,0.8586,0.0000,0.064822,"0.064689;0.064822;0.064928",18.778100,53253.53,,4.63,0,3452,10,True,nid007071,57248609
SparseHNSW_a0.9_b3_p128,"M=32 efC=200 ef=200 alpha=0.9 beta=3 q=u8 seedT=8 seedH=8 seedS=4 pat=128",64,0.9778389340,0.9980,211.0993,0.8586,0.0000,0.107192,"0.107192;0.107696;0.107135",31.052144,32203.90,,4.63,0,3452,10,True,nid007071,57248609
SparseHNSW_a0.9_b3_p128,"M=32 efC=200 ef=400 alpha=0.9 beta=3 q=u8 seedT=8 seedH=8 seedS=4 pat=128",64,0.9828215527,0.9986,211.0993,0.8586,0.0000,0.123222,"0.123172;0.123222;0.124041",35.695829,28014.48,,4.63,0,3452,10,True,nid007071,57248609
SparseHNSW_a0.9_b3_p128,"M=32 efC=200 ef=800 alpha=0.9 beta=3 q=u8 seedT=8 seedH=8 seedS=4 pat=128",64,0.9834009270,0.9986,211.0993,0.8586,0.0000,0.127251,"0.127251;0.127102;0.127933",36.862978,27127.49,,4.63,0,3452,10,True,nid007071,57248609
SparseHNSW_a0.9_b3_p128,"M=32 efC=200 ef=1600 alpha=0.9 beta=3 q=u8 seedT=8 seedH=8 seedS=4 pat=128",64,0.9834009270,0.9986,211.0993,0.8586,0.0000,0.130132,"0.130360;0.129693;0.130132",37.697567,26526.91,,4.63,0,3452,10,True,nid007071,57248609
SparseHNSW_a0.9_b3_p128,"M=32 efC=200 ef=3200 alpha=0.9 beta=3 q=u8 seedT=8 seedH=8 seedS=4 pat=128",64,0.9834009270,0.9986,211.0993,0.8586,0.0000,0.134061,"0.134061;0.134153;0.133875",38.835747,25749.47,,4.63,0,3452,10,True,nid007071,57248609
SparseHNSW_a0.9_b4_p128,"M=32 efC=200 ef=10 alpha=0.9 beta=4 q=u8 seedT=8 seedH=8 seedS=4 pat=128",64,0.9320683662,0.9832,211.0993,0.8586,0.0000,0.030386,"0.030964;0.030386;0.030118",8.802433,113604.95,,4.63,0,3452,10,True,nid007071,57248609
SparseHNSW_a0.9_b4_p128,"M=32 efC=200 ef=20 alpha=0.9 beta=4 q=u8 seedT=8 seedH=8 seedS=4 pat=128",64,0.9320683662,0.9832,211.0993,0.8586,0.0000,0.029727,"0.029959;0.029727;0.029717",8.611530,116123.39,,4.63,0,3452,10,True,nid007071,57248609
SparseHNSW_a0.9_b4_p128,"M=32 efC=200 ef=50 alpha=0.9 beta=4 q=u8 seedT=8 seedH=8 seedS=4 pat=128",64,0.9411645423,0.9855,211.0993,0.8586,0.0000,0.035778,"0.035778;0.035946;0.035724",10.364426,96483.87,,4.63,0,3452,10,True,nid007071,57248609
SparseHNSW_a0.9_b4_p128,"M=32 efC=200 ef=100 alpha=0.9 beta=4 q=u8 seedT=8 seedH=8 seedS=4 pat=128",64,0.9659907300,0.9951,211.0993,0.8586,0.0000,0.064880,"0.064965;0.064880;0.064733",18.794902,53205.92,,4.63,0,3452,10,True,nid007071,57248609
SparseHNSW_a0.9_b4_p128,"M=32 efC=200 ef=200 alpha=0.9 beta=4 q=u8 seedT=8 seedH=8 seedS=4 pat=128",64,0.9780706837,0.9980,211.0993,0.8586,0.0000,0.110505,"0.111442;0.110505;0.110394",32.011877,31238.41,,4.63,0,3452,10,True,nid007071,57248609
SparseHNSW_a0.9_b4_p128,"M=32 efC=200 ef=400 alpha=0.9 beta=4 q=u8 seedT=8 seedH=8 seedS=4 pat=128",64,0.9838644264,0.9986,211.0993,0.8586,0.0000,0.134922,"0.134376;0.134922;0.135591",39.085168,25585.15,,4.63,0,3452,10,True,nid007071,57248609
SparseHNSW_a0.9_b4_p128,"M=32 efC=200 ef=800 alpha=0.9 beta=4 q=u8 seedT=8 seedH=8 seedS=4 pat=128",64,0.9848783314,0.9988,211.0993,0.8586,0.0000,0.140958,"0.140708;0.140958;0.141285",40.833720,24489.56,,4.63,0,3452,10,True,nid007071,57248609
SparseHNSW_a0.9_b4_p128,"M=32 efC=200 ef=1600 alpha=0.9 beta=4 q=u8 seedT=8 seedH=8 seedS=4 pat=128",64,0.9848783314,0.9988,211.0993,0.8586,0.0000,0.143507,"0.143507;0.143508;0.143157",41.572132,24054.58,,4.63,0,3452,10,True,nid007071,57248609
SparseHNSW_a0.9_b4_p128,"M=32 efC=200 ef=3200 alpha=0.9 beta=4 q=u8 seedT=8 seedH=8 seedS=4 pat=128",64,0.9848783314,0.9988,211.0993,0.8586,0.0000,0.147521,"0.146553;0.148087;0.147521",42.734936,23400.06,,4.63,0,3452,10,True,nid007071,57248609
SparseHNSW_a0.9_b5_p128,"M=32 efC=200 ef=10 alpha=0.9 beta=5 q=u8 seedT=8 seedH=8 seedS=4 pat=128",64,0.9411645423,0.9855,211.0993,0.8586,0.0000,0.036729,"0.036851;0.036729;0.036674",10.639919,93985.68,,4.63,0,3452,10,True,nid007071,57248609
SparseHNSW_a0.9_b5_p128,"M=32 efC=200 ef=20 alpha=0.9 beta=5 q=u8 seedT=8 seedH=8 seedS=4 pat=128",64,0.9411645423,0.9855,211.0993,0.8586,0.0000,0.036217,"0.036239;0.036217;0.036050",10.491599,95314.36,,4.63,0,3452,10,True,nid007071,57248609
SparseHNSW_a0.9_b5_p128,"M=32 efC=200 ef=50 alpha=0.9 beta=5 q=u8 seedT=8 seedH=8 seedS=4 pat=128",64,0.9411645423,0.9855,211.0993,0.8586,0.0000,0.036015,"0.035985;0.036028;0.036015",10.433082,95848.95,,4.63,0,3452,10,True,nid007071,57248609
SparseHNSW_a0.9_b5_p128,"M=32 efC=200 ef=100 alpha=0.9 beta=5 q=u8 seedT=8 seedH=8 seedS=4 pat=128",64,0.9659907300,0.9951,211.0993,0.8586,0.0000,0.065110,"0.065110;0.065122;0.065104",18.861530,53017.97,,4.63,0,3452,10,True,nid007071,57248609
SparseHNSW_a0.9_b5_p128,"M=32 efC=200 ef=200 alpha=0.9 beta=5 q=u8 seedT=8 seedH=8 seedS=4 pat=128",64,0.9780996524,0.9980,211.0993,0.8586,0.0000,0.113461,"0.113461;0.113418;0.113963",32.868192,30424.55,,4.63,0,3452,10,True,nid007071,57248609
SparseHNSW_a0.9_b5_p128,"M=32 efC=200 ef=400 alpha=0.9 beta=5 q=u8 seedT=8 seedH=8 seedS=4 pat=128",64,0.9849073001,0.9988,211.0993,0.8586,0.0000,0.146016,"0.146721;0.145799;0.146016",42.298957,23641.24,,4.63,0,3452,10,True,nid007071,57248609
SparseHNSW_a0.9_b5_p128,"M=32 efC=200 ef=800 alpha=0.9 beta=5 q=u8 seedT=8 seedH=8 seedS=4 pat=128",64,0.9861239861,0.9991,211.0993,0.8586,0.0000,0.155579,"0.156259;0.155245;0.155579",45.069235,22188.08,,4.63,0,3452,10,True,nid007071,57248609
SparseHNSW_a0.9_b5_p128,"M=32 efC=200 ef=1600 alpha=0.9 beta=5 q=u8 seedT=8 seedH=8 seedS=4 pat=128",64,0.9862398610,0.9991,211.0993,0.8586,0.0000,0.158494,"0.157700;0.158988;0.158494",45.913673,21780.00,,4.63,0,3452,10,True,nid007071,57248609
SparseHNSW_a0.9_b5_p128,"M=32 efC=200 ef=3200 alpha=0.9 beta=5 q=u8 seedT=8 seedH=8 seedS=4 pat=128",64,0.9862398610,0.9991,211.0993,0.8586,0.0000,0.162182,"0.162182;0.161553;0.162830",46.982039,21284.73,,4.63,0,3452,10,True,nid007071,57248609
SparseHNSW_a0.9_b6_p128,"M=32 efC=200 ef=10 alpha=0.9 beta=6 q=u8 seedT=8 seedH=8 seedS=4 pat=128",64,0.9477983778,0.9878,211.0993,0.8586,0.0000,0.042778,"0.042958;0.042720;0.042778",12.392236,80695.68,,4.63,0,3452,10,True,nid007071,57248609
SparseHNSW_a0.9_b6_p128,"M=32 efC=200 ef=20 alpha=0.9 beta=6 q=u8 seedT=8 seedH=8 seedS=4 pat=128",64,0.9477983778,0.9878,211.0993,0.8586,0.0000,0.042447,"0.042447;0.042421;0.042514",12.296350,81324.95,,4.63,0,3452,10,True,nid007071,57248609
SparseHNSW_a0.9_b6_p128,"M=32 efC=200 ef=50 alpha=0.9 beta=6 q=u8 seedT=8 seedH=8 seedS=4 pat=128",64,0.9477983778,0.9878,211.0993,0.8586,0.0000,0.042391,"0.042576;0.042391;0.042372",12.280127,81432.38,,4.63,0,3452,10,True,nid007071,57248609
SparseHNSW_a0.9_b6_p128,"M=32 efC=200 ef=100 alpha=0.9 beta=6 q=u8 seedT=8 seedH=8 seedS=4 pat=128",64,0.9659907300,0.9951,211.0993,0.8586,0.0000,0.065778,"0.065778;0.065737;0.065830",19.055041,52479.55,,4.63,0,3452,10,True,nid007071,57248609
SparseHNSW_a0.9_b6_p128,"M=32 efC=200 ef=200 alpha=0.9 beta=6 q=u8 seedT=8 seedH=8 seedS=4 pat=128",64,0.9780996524,0.9980,211.0993,0.8586,0.0000,0.115962,"0.115428;0.116114;0.115962",33.592700,29768.37,,4.63,0,3452,10,True,nid007071,57248609
SparseHNSW_a0.9_b6_p128,"M=32 efC=200 ef=400 alpha=0.9 beta=6 q=u8 seedT=8 seedH=8 seedS=4 pat=128",64,0.9851680185,0.9988,211.0993,0.8586,0.0000,0.155190,"0.155190;0.154980;0.155250",44.956547,22243.70,,4.63,0,3452,10,True,nid007071,57248609
SparseHNSW_a0.9_b6_p128,"M=32 efC=200 ef=800 alpha=0.9 beta=6 q=u8 seedT=8 seedH=8 seedS=4 pat=128",64,0.9865874855,0.9991,211.0993,0.8586,0.0000,0.170528,"0.167905;0.170528;0.170603",49.399768,20243.01,,4.63,0,3452,10,True,nid007071,57248609
SparseHNSW_a0.9_b6_p128,"M=32 efC=200 ef=1600 alpha=0.9 beta=6 q=u8 seedT=8 seedH=8 seedS=4 pat=128",64,0.9867033604,0.9991,211.0993,0.8586,0.0000,0.172232,"0.172232;0.171551;0.172293",49.893395,20042.73,,4.63,0,3452,10,True,nid007071,57248609
SparseHNSW_a0.9_b6_p128,"M=32 efC=200 ef=3200 alpha=0.9 beta=6 q=u8 seedT=8 seedH=8 seedS=4 pat=128",64,0.9867033604,0.9991,211.0993,0.8586,0.0000,0.176611,"0.176611;0.176653;0.176337",51.161935,19545.78,,4.63,0,3452,10,True,nid007071,57248609
SparseHNSW_a0.9_b7_p128,"M=32 efC=200 ef=10 alpha=0.9 beta=7 q=u8 seedT=8 seedH=8 seedS=4 pat=128",64,0.9545191194,0.9907,211.0993,0.8586,0.0000,0.048840,"0.048770;0.048840;0.048867",14.148320,70679.77,,4.63,0,3452,10,True,nid007071,57248609
SparseHNSW_a0.9_b7_p128,"M=32 efC=200 ef=20 alpha=0.9 beta=7 q=u8 seedT=8 seedH=8 seedS=4 pat=128",64,0.9545191194,0.9907,211.0993,0.8586,0.0000,0.048729,"0.048951;0.048729;0.048358",14.116165,70840.77,,4.63,0,3452,10,True,nid007071,57248609
SparseHNSW_a0.9_b7_p128,"M=32 efC=200 ef=50 alpha=0.9 beta=7 q=u8 seedT=8 seedH=8 seedS=4 pat=128",64,0.9545191194,0.9907,211.0993,0.8586,0.0000,0.048568,"0.048603;0.048512;0.048568",14.069525,71075.61,,4.63,0,3452,10,True,nid007071,57248609
SparseHNSW_a0.9_b7_p128,"M=32 efC=200 ef=100 alpha=0.9 beta=7 q=u8 seedT=8 seedH=8 seedS=4 pat=128",64,0.9659907300,0.9951,211.0993,0.8586,0.0000,0.065562,"0.065404;0.065562;0.065576",18.992468,52652.45,,4.63,0,3452,10,True,nid007071,57248609
SparseHNSW_a0.9_b7_p128,"M=32 efC=200 ef=200 alpha=0.9 beta=7 q=u8 seedT=8 seedH=8 seedS=4 pat=128",64,0.9780996524,0.9980,211.0993,0.8586,0.0000,0.116921,"0.117223;0.116921;0.116367",33.870510,29524.21,,4.63,0,3452,10,True,nid007071,57248609
SparseHNSW_a0.9_b7_p128,"M=32 efC=200 ef=400 alpha=0.9 beta=7 q=u8 seedT=8 seedH=8 seedS=4 pat=128",64,0.9858632677,0.9991,211.0993,0.8586,0.0000,0.165270,"0.165270;0.165730;0.164822",47.876593,20887.03,,4.63,0,3452,10,True,nid007071,57248609
SparseHNSW_a0.9_b7_p128,"M=32 efC=200 ef=800 alpha=0.9 beta=7 q=u8 seedT=8 seedH=8 seedS=4 pat=128",64,0.9874275782,0.9994,211.0993,0.8586,0.0000,0.184468,"0.184349;0.185547;0.184468",53.438007,18713.27,,4.63,0,3452,10,True,nid007071,57248609
SparseHNSW_a0.9_b7_p128,"M=32 efC=200 ef=1600 alpha=0.9 beta=7 q=u8 seedT=8 seedH=8 seedS=4 pat=128",64,0.9876013905,0.9994,211.0993,0.8586,0.0000,0.187262,"0.187972;0.187262;0.187221",54.247393,18434.07,,4.63,0,3452,10,True,nid007071,57248609
SparseHNSW_a0.9_b7_p128,"M=32 efC=200 ef=3200 alpha=0.9 beta=7 q=u8 seedT=8 seedH=8 seedS=4 pat=128",64,0.9876013905,0.9994,211.0993,0.8586,0.0000,0.192746,"0.192928;0.192285;0.192746",55.836037,17909.58,,4.63,0,3452,10,True,nid007071,57248609
SparseHNSW_a0.9_b8_p128,"M=32 efC=200 ef=10 alpha=0.9 beta=8 q=u8 seedT=8 seedH=8 seedS=4 pat=128",64,0.9590092700,0.9919,211.0993,0.8586,0.0000,0.054824,"0.054355;0.054824;0.055134",15.881808,62965.12,,4.63,0,3452,10,True,nid007071,57248609
SparseHNSW_a0.9_b8_p128,"M=32 efC=200 ef=20 alpha=0.9 beta=8 q=u8 seedT=8 seedH=8 seedS=4 pat=128",64,0.9590092700,0.9919,211.0993,0.8586,0.0000,0.054941,"0.054941;0.054758;0.054959",15.915701,62831.04,,4.63,0,3452,10,True,nid007071,57248609
SparseHNSW_a0.9_b8_p128,"M=32 efC=200 ef=50 alpha=0.9 beta=8 q=u8 seedT=8 seedH=8 seedS=4 pat=128",64,0.9590092700,0.9919,211.0993,0.8586,0.0000,0.054865,"0.054665;0.054865;0.055202",15.893685,62918.07,,4.63,0,3452,10,True,nid007071,57248609
SparseHNSW_a0.9_b8_p128,"M=32 efC=200 ef=100 alpha=0.9 beta=8 q=u8 seedT=8 seedH=8 seedS=4 pat=128",64,0.9659907300,0.9951,211.0993,0.8586,0.0000,0.065890,"0.065890;0.066208;0.065773",19.087486,52390.35,,4.63,0,3452,10,True,nid007071,57248609
SparseHNSW_a0.9_b8_p128,"M=32 efC=200 ef=200 alpha=0.9 beta=8 q=u8 seedT=8 seedH=8 seedS=4 pat=128",64,0.9780996524,0.9980,211.0993,0.8586,0.0000,0.117942,"0.118318;0.117942;0.117880",34.166280,29268.62,,4.63,0,3452,10,True,nid007071,57248609
SparseHNSW_a0.9_b8_p128,"M=32 efC=200 ef=400 alpha=0.9 beta=8 q=u8 seedT=8 seedH=8 seedS=4 pat=128",64,0.9859212051,0.9991,211.0993,0.8586,0.0000,0.173373,"0.173373;0.173262;0.173618",50.223928,19910.83,,4.63,0,3452,10,True,nid007071,57248609
SparseHNSW_a0.9_b8_p128,"M=32 efC=200 ef=800 alpha=0.9 beta=8 q=u8 seedT=8 seedH=8 seedS=4 pat=128",64,0.9878331402,0.9994,211.0993,0.8586,0.0000,0.195573,"0.195573;0.195367;0.195780",56.654983,17650.70,,4.63,0,3452,10,True,nid007071,57248609
SparseHNSW_a0.9_b8_p128,"M=32 efC=200 ef=1600 alpha=0.9 beta=8 q=u8 seedT=8 seedH=8 seedS=4 pat=128",64,0.9880069525,0.9994,211.0993,0.8586,0.0000,0.199713,"0.200054;0.199713;0.198771",57.854287,17284.80,,4.63,0,3452,10,True,nid007071,57248609
SparseHNSW_a0.9_b8_p128,"M=32 efC=200 ef=3200 alpha=0.9 beta=8 q=u8 seedT=8 seedH=8 seedS=4 pat=128",64,0.9880069525,0.9994,211.0993,0.8586,0.0000,0.202476,"0.203880;0.202027;0.202476",58.654693,17048.93,,4.63,0,3452,10,True,nid007071,57248609
SparseHNSW_a0.9_b1_p256,"M=32 efC=200 ef=10 alpha=0.9 beta=1 q=u8 seedT=8 seedH=8 seedS=4 pat=256",64,0.8755793743,0.7175,211.0993,0.8586,0.0000,0.024388,"0.024973;0.024388;0.023989",7.064890,141545.02,,4.63,0,3452,10,True,nid007071,57248609
SparseHNSW_a0.9_b1_p256,"M=32 efC=200 ef=20 alpha=0.9 beta=1 q=u8 seedT=8 seedH=8 seedS=4 pat=256",64,0.8755793743,0.7175,211.0993,0.8586,0.0000,0.023672,"0.023672;0.023712;0.023652",6.857474,145826.29,,4.63,0,3452,10,True,nid007071,57248609
SparseHNSW_a0.9_b1_p256,"M=32 efC=200 ef=50 alpha=0.9 beta=1 q=u8 seedT=8 seedH=8 seedS=4 pat=256",64,0.8936848204,0.7416,211.0993,0.8586,0.0000,0.034694,"0.034749;0.034694;0.034650",10.050406,99498.47,,4.63,0,3452,10,True,nid007071,57248609
SparseHNSW_a0.9_b1_p256,"M=32 efC=200 ef=100 alpha=0.9 beta=1 q=u8 seedT=8 seedH=8 seedS=4 pat=256",64,0.9143395133,0.7652,211.0993,0.8586,0.0000,0.064328,"0.064221;0.064405;0.064328",18.634994,53662.48,,4.63,0,3452,10,True,nid007071,57248609
SparseHNSW_a0.9_b1_p256,"M=32 efC=200 ef=200 alpha=0.9 beta=1 q=u8 seedT=8 seedH=8 seedS=4 pat=256",64,0.9238122827,0.7783,211.0993,0.8586,0.0000,0.116746,"0.117335;0.116746;0.116201",33.819815,29568.46,,4.63,0,3452,10,True,nid007071,57248609
SparseHNSW_a0.9_b1_p256,"M=32 efC=200 ef=400 alpha=0.9 beta=1 q=u8 seedT=8 seedH=8 seedS=4 pat=256",64,0.9298667439,0.7867,211.0993,0.8586,0.0000,0.162243,"0.162115;0.162710;0.162243",46.999710,21276.73,,4.63,0,3452,10,True,nid007071,57248609
SparseHNSW_a0.9_b1_p256,"M=32 efC=200 ef=800 alpha=0.9 beta=1 q=u8 seedT=8 seedH=8 seedS=4 pat=256",64,0.9308227115,0.7883,211.0993,0.8586,0.0000,0.169417,"0.168938;0.169417;0.170079",49.077926,20375.76,,4.63,0,3452,10,True,nid007071,57248609
SparseHNSW_a0.9_b1_p256,"M=32 efC=200 ef=1600 alpha=0.9 beta=1 q=u8 seedT=8 seedH=8 seedS=4 pat=256",64,0.9308227115,0.7883,211.0993,0.8586,0.0000,0.171869,"0.172692;0.170873;0.171869",49.788239,20085.06,,4.63,0,3452,10,True,nid007071,57248609
SparseHNSW_a0.9_b1_p256,"M=32 efC=200 ef=3200 alpha=0.9 beta=1 q=u8 seedT=8 seedH=8 seedS=4 pat=256",64,0.9308227115,0.7883,211.0993,0.8586,0.0000,0.176321,"0.176958;0.176321;0.175451",51.077926,19577.93,,4.63,0,3452,10,True,nid007071,57248609
SparseHNSW_a0.9_b2_p256,"M=32 efC=200 ef=10 alpha=0.9 beta=2 q=u8 seedT=8 seedH=8 seedS=4 pat=256",64,0.9181633835,0.9780,211.0993,0.8586,0.0000,0.025042,"0.025563;0.025042;0.024662",7.254345,137848.41,,4.63,0,3452,10,True,nid007071,57248609
SparseHNSW_a0.9_b2_p256,"M=32 efC=200 ef=20 alpha=0.9 beta=2 q=u8 seedT=8 seedH=8 seedS=4 pat=256",64,0.9181633835,0.9780,211.0993,0.8586,0.0000,0.024361,"0.024432;0.024361;0.024313",7.057068,141701.90,,4.63,0,3452,10,True,nid007071,57248609
SparseHNSW_a0.9_b2_p256,"M=32 efC=200 ef=50 alpha=0.9 beta=2 q=u8 seedT=8 seedH=8 seedS=4 pat=256",64,0.9402375435,0.9855,211.0993,0.8586,0.0000,0.035255,"0.035371;0.035255;0.035055",10.212920,97915.19,,4.63,0,3452,10,True,nid007071,57248609
SparseHNSW_a0.9_b2_p256,"M=32 efC=200 ef=100 alpha=0.9 beta=2 q=u8 seedT=8 seedH=8 seedS=4 pat=256",64,0.9648609502,0.9951,211.0993,0.8586,0.0000,0.064836,"0.065070;0.064836;0.064597",18.782155,53242.03,,4.63,0,3452,10,True,nid007071,57248609
SparseHNSW_a0.9_b2_p256,"M=32 efC=200 ef=200 alpha=0.9 beta=2 q=u8 seedT=8 seedH=8 seedS=4 pat=256",64,0.9768250290,0.9980,211.0993,0.8586,0.0000,0.117584,"0.116816;0.117584;0.117790",34.062572,29357.74,,4.63,0,3452,10,True,nid007071,57248609
SparseHNSW_a0.9_b2_p256,"M=32 efC=200 ef=400 alpha=0.9 beta=2 q=u8 seedT=8 seedH=8 seedS=4 pat=256",64,0.9851390498,0.9994,211.0993,0.8586,0.0000,0.174490,"0.174649;0.173464;0.174490",50.547509,19783.37,,4.63,0,3452,10,True,nid007071,57248609
SparseHNSW_a0.9_b2_p256,"M=32 efC=200 ef=800 alpha=0.9 beta=2 q=u8 seedT=8 seedH=8 seedS=4 pat=256",64,0.9865585168,0.9997,211.0993,0.8586,0.0000,0.187893,"0.187202;0.187893;0.188651",54.430185,18372.16,,4.63,0,3452,10,True,nid007071,57248609
SparseHNSW_a0.9_b2_p256,"M=32 efC=200 ef=1600 alpha=0.9 beta=2 q=u8 seedT=8 seedH=8 seedS=4 pat=256",64,0.9869351101,1.0000,211.0993,0.8586,0.0000,0.192213,"0.191690;0.192213;0.192267",55.681634,17959.24,,4.63,0,3452,10,True,nid007071,57248609
SparseHNSW_a0.9_b2_p256,"M=32 efC=200 ef=3200 alpha=0.9 beta=2 q=u8 seedT=8 seedH=8 seedS=4 pat=256",64,0.9869351101,1.0000,211.0993,0.8586,0.0000,0.195390,"0.195390;0.194249;0.196367",56.601970,17667.23,,4.63,0,3452,10,True,nid007071,57248609
SparseHNSW_a0.9_b3_p256,"M=32 efC=200 ef=10 alpha=0.9 beta=3 q=u8 seedT=8 seedH=8 seedS=4 pat=256",64,0.9189455388,0.9780,211.0993,0.8586,0.0000,0.025363,"0.025837;0.025363;0.025104",7.347335,136103.77,,4.63,0,3452,10,True,nid007071,57248609
SparseHNSW_a0.9_b3_p256,"M=32 efC=200 ef=20 alpha=0.9 beta=3 q=u8 seedT=8 seedH=8 seedS=4 pat=256",64,0.9189455388,0.9780,211.0993,0.8586,0.0000,0.024733,"0.024733;0.024741;0.024617",7.164832,139570.61,,4.63,0,3452,10,True,nid007071,57248609
SparseHNSW_a0.9_b3_p256,"M=32 efC=200 ef=50 alpha=0.9 beta=3 q=u8 seedT=8 seedH=8 seedS=4 pat=256",64,0.9410486674,0.9855,211.0993,0.8586,0.0000,0.035565,"0.035565;0.035399;0.035650",10.302723,97061.72,,4.63,0,3452,10,True,nid007071,57248609
SparseHNSW_a0.9_b3_p256,"M=32 efC=200 ef=100 alpha=0.9 beta=3 q=u8 seedT=8 seedH=8 seedS=4 pat=256",64,0.9658169177,0.9951,211.0993,0.8586,0.0000,0.064751,"0.064585;0.065065;0.064751",18.757532,53311.92,,4.63,0,3452,10,True,nid007071,57248609
SparseHNSW_a0.9_b3_p256,"M=32 efC=200 ef=200 alpha=0.9 beta=3 q=u8 seedT=8 seedH=8 seedS=4 pat=256",64,0.9778968714,0.9980,211.0993,0.8586,0.0000,0.117279,"0.117279;0.117650;0.117163",33.974218,29434.08,,4.63,0,3452,10,True,nid007071,57248609
SparseHNSW_a0.9_b3_p256,"M=32 efC=200 ef=400 alpha=0.9 beta=3 q=u8 seedT=8 seedH=8 seedS=4 pat=256",64,0.9865295481,0.9994,211.0993,0.8586,0.0000,0.184269,"0.184269;0.185339;0.184192",53.380359,18733.48,,4.63,0,3452,10,True,nid007071,57248609
SparseHNSW_a0.9_b3_p256,"M=32 efC=200 ef=800 alpha=0.9 beta=3 q=u8 seedT=8 seedH=8 seedS=4 pat=256",64,0.9883256083,0.9997,211.0993,0.8586,0.0000,0.205393,"0.205376;0.205813;0.205393",59.499710,16806.80,,4.63,0,3452,10,True,nid007071,57248609
SparseHNSW_a0.9_b3_p256,"M=32 efC=200 ef=1600 alpha=0.9 beta=3 q=u8 seedT=8 seedH=8 seedS=4 pat=256",64,0.9889629200,1.0000,211.0993,0.8586,0.0000,0.210241,"0.210090;0.210241;0.211070",60.904114,16419.25,,4.63,0,3452,10,True,nid007071,57248609
SparseHNSW_a0.9_b3_p256,"M=32 efC=200 ef=3200 alpha=0.9 beta=3 q=u8 seedT=8 seedH=8 seedS=4 pat=256",64,0.9889629200,1.0000,211.0993,0.8586,0.0000,0.215139,"0.215139;0.215451;0.214047",62.323001,16045.44,,4.63,0,3452,10,True,nid007071,57248609
SparseHNSW_a0.9_b4_p256,"M=32 efC=200 ef=10 alpha=0.9 beta=4 q=u8 seedT=8 seedH=8 seedS=4 pat=256",64,0.9320683662,0.9832,211.0993,0.8586,0.0000,0.030394,"0.030779;0.030394;0.030093",8.804751,113575.05,,4.63,0,3452,10,True,nid007071,57248609
SparseHNSW_a0.9_b4_p256,"M=32 efC=200 ef=20 alpha=0.9 beta=4 q=u8 seedT=8 seedH=8 seedS=4 pat=256",64,0.9320683662,0.9832,211.0993,0.8586,0.0000,0.029609,"0.029609;0.029749;0.029545",8.577346,116586.17,,4.63,0,3452,10,True,nid007071,57248609
SparseHNSW_a0.9_b4_p256,"M=32 efC=200 ef=50 alpha=0.9 beta=4 q=u8 seedT=8 seedH=8 seedS=4 pat=256",64,0.9411645423,0.9855,211.0993,0.8586,0.0000,0.035743,"0.036008;0.035743;0.035711",10.354287,96578.35,,4.63,0,3452,10,True,nid007071,57248609
SparseHNSW_a0.9_b4_p256,"M=32 efC=200 ef=100 alpha=0.9 beta=4 q=u8 seedT=8 seedH=8 seedS=4 pat=256",64,0.9659907300,0.9951,211.0993,0.8586,0.0000,0.065039,"0.064603;0.065167;0.065039",18.840962,53075.85,,4.63,0,3452,10,True,nid007071,57248609
SparseHNSW_a0.9_b4_p256,"M=32 efC=200 ef=200 alpha=0.9 beta=4 q=u8 seedT=8 seedH=8 seedS=4 pat=256",64,0.9781286211,0.9980,211.0993,0.8586,0.0000,0.117623,"0.117450;0.117623;0.118353",34.073870,29348.00,,4.63,0,3452,10,True,nid007071,57248609
SparseHNSW_a0.9_b4_p256,"M=32 efC=200 ef=400 alpha=0.9 beta=4 q=u8 seedT=8 seedH=8 seedS=4 pat=256",64,0.9868192352,0.9994,211.0993,0.8586,0.0000,0.192635,"0.192337;0.193306;0.192635",55.803882,17919.90,,4.63,0,3452,10,True,nid007071,57248609
SparseHNSW_a0.9_b4_p256,"M=32 efC=200 ef=800 alpha=0.9 beta=4 q=u8 seedT=8 seedH=8 seedS=4 pat=256",64,0.9889918888,0.9997,211.0993,0.8586,0.0000,0.225532,"0.225980;0.224654;0.225532",65.333720,15306.03,,4.63,0,3452,10,True,nid007071,57248609
SparseHNSW_a0.9_b4_p256,"M=32 efC=200 ef=1600 alpha=0.9 beta=4 q=u8 seedT=8 seedH=8 seedS=4 pat=256",64,0.9900347625,1.0000,211.0993,0.8586,0.0000,0.232343,"0.232695;0.232343;0.232120",67.306779,14857.34,,4.63,0,3452,10,True,nid007071,57248609
SparseHNSW_a0.9_b4_p256,"M=32 efC=200 ef=3200 alpha=0.9 beta=4 q=u8 seedT=8 seedH=8 seedS=4 pat=256",64,0.9900347625,1.0000,211.0993,0.8586,0.0000,0.236616,"0.236616;0.236660;0.235926",68.544612,14589.04,,4.63,0,3452,10,True,nid007071,57248609
SparseHNSW_a0.9_b5_p256,"M=32 efC=200 ef=10 alpha=0.9 beta=5 q=u8 seedT=8 seedH=8 seedS=4 pat=256",64,0.9411645423,0.9855,211.0993,0.8586,0.0000,0.036736,"0.036939;0.036736;0.036595",10.641947,93967.77,,4.63,0,3452,10,True,nid007071,57248609
SparseHNSW_a0.9_b5_p256,"M=32 efC=200 ef=20 alpha=0.9 beta=5 q=u8 seedT=8 seedH=8 seedS=4 pat=256",64,0.9411645423,0.9855,211.0993,0.8586,0.0000,0.036120,"0.036332;0.036120;0.036001",10.463499,95570.32,,4.63,0,3452,10,True,nid007071,57248609
SparseHNSW_a0.9_b5_p256,"M=32 efC=200 ef=50 alpha=0.9 beta=5 q=u8 seedT=8 seedH=8 seedS=4 pat=256",64,0.9411645423,0.9855,211.0993,0.8586,0.0000,0.035827,"0.035787;0.036037;0.035827",10.378621,96351.91,,4.63,0,3452,10,True,nid007071,57248609
SparseHNSW_a0.9_b5_p256,"M=32 efC=200 ef=100 alpha=0.9 beta=5 q=u8 seedT=8 seedH=8 seedS=4 pat=256",64,0.9659907300,0.9951,211.0993,0.8586,0.0000,0.065084,"0.064856;0.065084;0.065288",18.853998,53039.15,,4.63,0,3452,10,True,nid007071,57248609
SparseHNSW_a0.9_b5_p256,"M=32 efC=200 ef=200 alpha=0.9 beta=5 q=u8 seedT=8 seedH=8 seedS=4 pat=256",64,0.9781286211,0.9980,211.0993,0.8586,0.0000,0.118045,"0.118081;0.117947;0.118045",34.196118,29243.09,,4.63,0,3452,10,True,nid007071,57248609
SparseHNSW_a0.9_b5_p256,"M=32 efC=200 ef=400 alpha=0.9 beta=5 q=u8 seedT=8 seedH=8 seedS=4 pat=256",64,0.9868482039,0.9994,211.0993,0.8586,0.0000,0.199269,"0.199644;0.198717;0.199269",57.725666,17323.32,,4.63,0,3452,10,True,nid007071,57248609
SparseHNSW_a0.9_b5_p256,"M=32 efC=200 ef=800 alpha=0.9 beta=5 q=u8 seedT=8 seedH=8 seedS=4 pat=256",64,0.9891946698,0.9997,211.0993,0.8586,0.0000,0.243060,"0.243060;0.243543;0.242333",70.411356,14202.25,,4.63,0,3452,10,True,nid007071,57248609
SparseHNSW_a0.9_b5_p256,"M=32 efC=200 ef=1600 alpha=0.9 beta=5 q=u8 seedT=8 seedH=8 seedS=4 pat=256",64,0.9902665122,1.0000,211.0993,0.8586,0.0000,0.251220,"0.252239;0.250782;0.251220",72.775203,13740.94,,4.63,0,3452,10,True,nid007071,57248609
SparseHNSW_a0.9_b5_p256,"M=32 efC=200 ef=3200 alpha=0.9 beta=5 q=u8 seedT=8 seedH=8 seedS=4 pat=256",64,0.9902665122,1.0000,211.0993,0.8586,0.0000,0.256528,"0.256528;0.255355;0.258348",74.312862,13456.62,,4.63,0,3452,10,True,nid007071,57248609
SparseHNSW_a0.9_b6_p256,"M=32 efC=200 ef=10 alpha=0.9 beta=6 q=u8 seedT=8 seedH=8 seedS=4 pat=256",64,0.9477983778,0.9878,211.0993,0.8586,0.0000,0.042780,"0.043069;0.042780;0.042616",12.392816,80691.91,,4.63,0,3452,10,True,nid007071,57248609
SparseHNSW_a0.9_b6_p256,"M=32 efC=200 ef=20 alpha=0.9 beta=6 q=u8 seedT=8 seedH=8 seedS=4 pat=256",64,0.9477983778,0.9878,211.0993,0.8586,0.0000,0.042404,"0.042404;0.042705;0.042218",12.283893,81407.41,,4.63,0,3452,10,True,nid007071,57248609
SparseHNSW_a0.9_b6_p256,"M=32 efC=200 ef=50 alpha=0.9 beta=6 q=u8 seedT=8 seedH=8 seedS=4 pat=256",64,0.9477983778,0.9878,211.0993,0.8586,0.0000,0.042214,"0.042461;0.042214;0.042191",12.228853,81773.82,,4.63,0,3452,10,True,nid007071,57248609
SparseHNSW_a0.9_b6_p256,"M=32 efC=200 ef=100 alpha=0.9 beta=6 q=u8 seedT=8 seedH=8 seedS=4 pat=256",64,0.9659907300,0.9951,211.0993,0.8586,0.0000,0.065577,"0.065369;0.065577;0.065697",18.996813,52640.41,,4.63,0,3452,10,True,nid007071,57248609
SparseHNSW_a0.9_b6_p256,"M=32 efC=200 ef=200 alpha=0.9 beta=6 q=u8 seedT=8 seedH=8 seedS=4 pat=256",64,0.9781286211,0.9980,211.0993,0.8586,0.0000,0.117900,"0.117900;0.118558;0.117815",34.154114,29279.05,,4.63,0,3452,10,True,nid007071,57248609
SparseHNSW_a0.9_b6_p256,"M=32 efC=200 ef=400 alpha=0.9 beta=6 q=u8 seedT=8 seedH=8 seedS=4 pat=256",64,0.9869061414,0.9994,211.0993,0.8586,0.0000,0.203217,"0.203217;0.203404;0.202506",58.869351,16986.77,,4.63,0,3452,10,True,nid007071,57248609
SparseHNSW_a0.9_b6_p256,"M=32 efC=200 ef=800 alpha=0.9 beta=6 q=u8 seedT=8 seedH=8 seedS=4 pat=256",64,0.9894264195,0.9997,211.0993,0.8586,0.0000,0.258440,"0.258440;0.257673;0.258656",74.866744,13357.07,,4.63,0,3452,10,True,nid007071,57248609
SparseHNSW_a0.9_b6_p256,"M=32 efC=200 ef=1600 alpha=0.9 beta=6 q=u8 seedT=8 seedH=8 seedS=4 pat=256",64,0.9905561993,1.0000,211.0993,0.8586,0.0000,0.271982,"0.273045;0.271761;0.271982",78.789687,12692.02,,4.63,0,3452,10,True,nid007071,57248609
SparseHNSW_a0.9_b6_p256,"M=32 efC=200 ef=3200 alpha=0.9 beta=6 q=u8 seedT=8 seedH=8 seedS=4 pat=256",64,0.9905561993,1.0000,211.0993,0.8586,0.0000,0.278393,"0.278184;0.278393;0.278667",80.646871,12399.74,,4.63,0,3452,10,True,nid007071,57248609
SparseHNSW_a0.9_b7_p256,"M=32 efC=200 ef=10 alpha=0.9 beta=7 q=u8 seedT=8 seedH=8 seedS=4 pat=256",64,0.9545191194,0.9907,211.0993,0.8586,0.0000,0.048731,"0.048340;0.049135;0.048731",14.116744,70837.87,,4.63,0,3452,10,True,nid007071,57248609
SparseHNSW_a0.9_b7_p256,"M=32 efC=200 ef=20 alpha=0.9 beta=7 q=u8 seedT=8 seedH=8 seedS=4 pat=256",64,0.9545191194,0.9907,211.0993,0.8586,0.0000,0.048678,"0.048678;0.048357;0.048866",14.101390,70914.99,,4.63,0,3452,10,True,nid007071,57248609
SparseHNSW_a0.9_b7_p256,"M=32 efC=200 ef=50 alpha=0.9 beta=7 q=u8 seedT=8 seedH=8 seedS=4 pat=256",64,0.9545191194,0.9907,211.0993,0.8586,0.0000,0.048539,"0.048539;0.048619;0.048460",14.061124,71118.07,,4.63,0,3452,10,True,nid007071,57248609
SparseHNSW_a0.9_b7_p256,"M=32 efC=200 ef=100 alpha=0.9 beta=7 q=u8 seedT=8 seedH=8 seedS=4 pat=256",64,0.9659907300,0.9951,211.0993,0.8586,0.0000,0.065622,"0.065780;0.065622;0.065553",19.009849,52604.31,,4.63,0,3452,10,True,nid007071,57248609
SparseHNSW_a0.9_b7_p256,"M=32 efC=200 ef=200 alpha=0.9 beta=7 q=u8 seedT=8 seedH=8 seedS=4 pat=256",64,0.9781286211,0.9980,211.0993,0.8586,0.0000,0.118480,"0.118311;0.118480;0.118585",34.322132,29135.72,,4.63,0,3452,10,True,nid007071,57248609
SparseHNSW_a0.9_b7_p256,"M=32 efC=200 ef=400 alpha=0.9 beta=7 q=u8 seedT=8 seedH=8 seedS=4 pat=256",64,0.9869061414,0.9994,211.0993,0.8586,0.0000,0.206578,"0.206666;0.206578;0.206430",59.842990,16710.40,,4.63,0,3452,10,True,nid007071,57248609
SparseHNSW_a0.9_b7_p256,"M=32 efC=200 ef=800 alpha=0.9 beta=7 q=u8 seedT=8 seedH=8 seedS=4 pat=256",64,0.9894843569,0.9997,211.0993,0.8586,0.0000,0.270560,"0.270717;0.270560;0.270372",78.377752,12758.72,,4.63,0,3452,10,True,nid007071,57248609
SparseHNSW_a0.9_b7_p256,"M=32 efC=200 ef=1600 alpha=0.9 beta=7 q=u8 seedT=8 seedH=8 seedS=4 pat=256",64,0.9907010429,1.0000,211.0993,0.8586,0.0000,0.289112,"0.289319;0.288304;0.289112",83.752028,11940.01,,4.63,0,3452,10,True,nid007071,57248609
SparseHNSW_a0.9_b7_p256,"M=32 efC=200 ef=3200 alpha=0.9 beta=7 q=u8 seedT=8 seedH=8 seedS=4 pat=256",64,0.9907010429,1.0000,211.0993,0.8586,0.0000,0.295729,"0.296675;0.295015;0.295729",85.668888,11672.85,,4.63,0,3452,10,True,nid007071,57248609
SparseHNSW_a0.9_b8_p256,"M=32 efC=200 ef=10 alpha=0.9 beta=8 q=u8 seedT=8 seedH=8 seedS=4 pat=256",64,0.9590092700,0.9919,211.0993,0.8586,0.0000,0.054545,"0.054545;0.054477;0.054817",15.800985,63287.19,,4.63,0,3452,10,True,nid007071,57248609
SparseHNSW_a0.9_b8_p256,"M=32 efC=200 ef=20 alpha=0.9 beta=8 q=u8 seedT=8 seedH=8 seedS=4 pat=256",64,0.9590092700,0.9919,211.0993,0.8586,0.0000,0.054743,"0.054657;0.054780;0.054743",15.858343,63058.29,,4.63,0,3452,10,True,nid007071,57248609
SparseHNSW_a0.9_b8_p256,"M=32 efC=200 ef=50 alpha=0.9 beta=8 q=u8 seedT=8 seedH=8 seedS=4 pat=256",64,0.9590092700,0.9919,211.0993,0.8586,0.0000,0.054855,"0.054650;0.055164;0.054855",15.890788,62929.54,,4.63,0,3452,10,True,nid007071,57248609
SparseHNSW_a0.9_b8_p256,"M=32 efC=200 ef=100 alpha=0.9 beta=8 q=u8 seedT=8 seedH=8 seedS=4 pat=256",64,0.9659907300,0.9951,211.0993,0.8586,0.0000,0.065795,"0.065944;0.065795;0.065638",19.059965,52465.99,,4.63,0,3452,10,True,nid007071,57248609
SparseHNSW_a0.9_b8_p256,"M=32 efC=200 ef=200 alpha=0.9 beta=8 q=u8 seedT=8 seedH=8 seedS=4 pat=256",64,0.9781286211,0.9980,211.0993,0.8586,0.0000,0.118906,"0.119137;0.118906;0.118545",34.445539,29031.34,,4.63,0,3452,10,True,nid007071,57248609
SparseHNSW_a0.9_b8_p256,"M=32 efC=200 ef=400 alpha=0.9 beta=8 q=u8 seedT=8 seedH=8 seedS=4 pat=256",64,0.9869640788,0.9994,211.0993,0.8586,0.0000,0.209435,"0.209435;0.209633;0.209203",60.670626,16482.44,,4.63,0,3452,10,True,nid007071,57248609
SparseHNSW_a0.9_b8_p256,"M=32 efC=200 ef=800 alpha=0.9 beta=8 q=u8 seedT=8 seedH=8 seedS=4 pat=256",64,0.9896581692,0.9997,211.0993,0.8586,0.0000,0.284346,"0.285033;0.283287;0.284346",82.371379,12140.14,,4.63,0,3452,10,True,nid007071,57248609
SparseHNSW_a0.9_b8_p256,"M=32 efC=200 ef=1600 alpha=0.9 beta=8 q=u8 seedT=8 seedH=8 seedS=4 pat=256",64,0.9909907300,1.0000,211.0993,0.8586,0.0000,0.311520,"0.311161;0.311520;0.311561",90.243337,11081.15,,4.63,0,3452,10,True,nid007071,57248609
SparseHNSW_a0.9_b8_p256,"M=32 efC=200 ef=3200 alpha=0.9 beta=8 q=u8 seedT=8 seedH=8 seedS=4 pat=256",64,0.9910486674,1.0000,211.0993,0.8586,0.0000,0.318241,"0.318333;0.318241;0.315604",92.190324,10847.13,,4.63,0,3452,10,True,nid007071,57248609
SparseHNSW_a1.0_b1_p0,"M=32 efC=200 ef=10 alpha=1 beta=1 q=u8 seedT=8 seedH=8 seedS=4",64,0.9155272306,0.8030,317.8702,0.8527,0.0000,0.040833,"0.035685;0.040989;0.040833",11.828795,84539.47,,3.56,0,3452,10,True,nid007071,57248609
SparseHNSW_a1.0_b1_p0,"M=32 efC=200 ef=20 alpha=1 beta=1 q=u8 seedT=8 seedH=8 seedS=4",64,0.9155272306,0.8030,317.8702,0.8527,0.0000,0.039993,"0.040034;0.039993;0.039954",11.585458,86315.11,,3.56,0,3452,10,True,nid007071,57248609
SparseHNSW_a1.0_b1_p0,"M=32 efC=200 ef=50 alpha=1 beta=1 q=u8 seedT=8 seedH=8 seedS=4",64,0.9377172654,0.8452,317.8702,0.8527,0.0000,0.057192,"0.057251;0.056919;0.057192",16.567787,60358.09,,3.56,0,3452,10,True,nid007071,57248609
SparseHNSW_a1.0_b1_p0,"M=32 efC=200 ef=100 alpha=1 beta=1 q=u8 seedT=8 seedH=8 seedS=4",64,0.9613557358,0.8888,317.8702,0.8527,0.0000,0.101086,"0.100723;0.101312;0.101086",29.283314,34149.14,,3.56,0,3452,10,True,nid007071,57248609
SparseHNSW_a1.0_b1_p0,"M=32 efC=200 ef=200 alpha=1 beta=1 q=u8 seedT=8 seedH=8 seedS=4",64,0.9754345307,0.9184,317.8702,0.8527,0.0000,0.162822,"0.160244;0.162822;0.164003",47.167439,21201.07,,3.56,0,3452,10,True,nid007071,57248609
SparseHNSW_a1.0_b1_p0,"M=32 efC=200 ef=400 alpha=1 beta=1 q=u8 seedT=8 seedH=8 seedS=4",64,0.9824739282,0.9343,317.8702,0.8527,0.0000,0.290081,"0.290081;0.289912;0.291068",84.032735,11900.12,,3.56,0,3452,10,True,nid007071,57248609
SparseHNSW_a1.0_b1_p0,"M=32 efC=200 ef=800 alpha=1 beta=1 q=u8 seedT=8 seedH=8 seedS=4",64,0.9862108922,0.9451,317.8702,0.8527,0.0000,0.583589,"0.579740;0.583589;0.584933",169.058227,5915.12,,3.56,0,3452,10,True,nid007071,57248609
SparseHNSW_a1.0_b1_p0,"M=32 efC=200 ef=1600 alpha=1 beta=1 q=u8 seedT=8 seedH=8 seedS=4",64,0.9895712630,0.9543,317.8702,0.8527,0.0000,1.154571,"1.149887;1.154571;1.162042",334.464368,2989.86,,3.56,0,3452,10,True,nid007071,57248609
SparseHNSW_a1.0_b1_p0,"M=32 efC=200 ef=3200 alpha=1 beta=1 q=u8 seedT=8 seedH=8 seedS=4",64,0.9912514484,0.9601,317.8702,0.8527,0.0000,2.183657,"2.198927;2.179255;2.183657",632.577346,1580.83,,3.56,0,3452,10,True,nid007071,57248609
SparseHNSW_a1.0_b1_p64,"M=32 efC=200 ef=10 alpha=1 beta=1 q=u8 seedT=8 seedH=8 seedS=4 pat=64",64,0.9155272306,0.8030,317.8702,0.8527,0.0000,0.040522,"0.037807;0.041059;0.040522",11.738702,85188.29,,3.56,0,3452,10,True,nid007071,57248609
SparseHNSW_a1.0_b1_p64,"M=32 efC=200 ef=20 alpha=1 beta=1 q=u8 seedT=8 seedH=8 seedS=4 pat=64",64,0.9155272306,0.8030,317.8702,0.8527,0.0000,0.039875,"0.040110;0.039829;0.039875",11.551275,86570.53,,3.56,0,3452,10,True,nid007071,57248609
SparseHNSW_a1.0_b1_p64,"M=32 efC=200 ef=50 alpha=1 beta=1 q=u8 seedT=8 seedH=8 seedS=4 pat=64",64,0.9377172654,0.8452,317.8702,0.8527,0.0000,0.057020,"0.057020;0.057262;0.056985",16.517961,60540.16,,3.56,0,3452,10,True,nid007071,57248609
SparseHNSW_a1.0_b1_p64,"M=32 efC=200 ef=100 alpha=1 beta=1 q=u8 seedT=8 seedH=8 seedS=4 pat=64",64,0.9588354577,0.8838,317.8702,0.8527,0.0000,0.086731,"0.086618;0.086769;0.086731",25.124855,39801.22,,3.56,0,3452,10,True,nid007071,57248609
SparseHNSW_a1.0_b1_p64,"M=32 efC=200 ef=200 alpha=1 beta=1 q=u8 seedT=8 seedH=8 seedS=4 pat=64",64,0.9645422943,0.8929,317.8702,0.8527,0.0000,0.093425,"0.093425;0.093447;0.092327",27.064021,36949.42,,3.56,0,3452,10,True,nid007071,57248609
SparseHNSW_a1.0_b1_p64,"M=32 efC=200 ef=400 alpha=1 beta=1 q=u8 seedT=8 seedH=8 seedS=4 pat=64",64,0.9647161066,0.8931,317.8702,0.8527,0.0000,0.095413,"0.094835;0.095779;0.095413",27.639919,36179.56,,3.56,0,3452,10,True,nid007071,57248609
SparseHNSW_a1.0_b1_p64,"M=32 efC=200 ef=800 alpha=1 beta=1 q=u8 seedT=8 seedH=8 seedS=4 pat=64",64,0.9647161066,0.8931,317.8702,0.8527,0.0000,0.096511,"0.096511;0.096685;0.094823",27.957995,35767.94,,3.56,0,3452,10,True,nid007071,57248609
SparseHNSW_a1.0_b1_p64,"M=32 efC=200 ef=1600 alpha=1 beta=1 q=u8 seedT=8 seedH=8 seedS=4 pat=64",64,0.9647161066,0.8931,317.8702,0.8527,0.0000,0.096534,"0.096759;0.095534;0.096534",27.964658,35759.42,,3.56,0,3452,10,True,nid007071,57248609
SparseHNSW_a1.0_b1_p64,"M=32 efC=200 ef=3200 alpha=1 beta=1 q=u8 seedT=8 seedH=8 seedS=4 pat=64",64,0.9647161066,0.8931,317.8702,0.8527,0.0000,0.097473,"0.097326;0.097564;0.097473",28.236674,35414.94,,3.56,0,3452,10,True,nid007071,57248609
SparseHNSW_a1.0_b1_p128,"M=32 efC=200 ef=10 alpha=1 beta=1 q=u8 seedT=8 seedH=8 seedS=4 pat=128",64,0.9155272306,0.8030,317.8702,0.8527,0.0000,0.040709,"0.040975;0.040709;0.040305",11.792874,84796.97,,3.56,0,3452,10,True,nid007071,57248609
SparseHNSW_a1.0_b1_p128,"M=32 efC=200 ef=20 alpha=1 beta=1 q=u8 seedT=8 seedH=8 seedS=4 pat=128",64,0.9155272306,0.8030,317.8702,0.8527,0.0000,0.040025,"0.040025;0.040025;0.039849",11.594728,86246.10,,3.56,0,3452,10,True,nid007071,57248609
SparseHNSW_a1.0_b1_p128,"M=32 efC=200 ef=50 alpha=1 beta=1 q=u8 seedT=8 seedH=8 seedS=4 pat=128",64,0.9377172654,0.8452,317.8702,0.8527,0.0000,0.057088,"0.057088;0.057308;0.056863",16.537659,60468.05,,3.56,0,3452,10,True,nid007071,57248609
SparseHNSW_a1.0_b1_p128,"M=32 efC=200 ef=100 alpha=1 beta=1 q=u8 seedT=8 seedH=8 seedS=4 pat=128",64,0.9613557358,0.8888,317.8702,0.8527,0.0000,0.101138,"0.100730;0.101138;0.101685",29.298378,34131.58,,3.56,0,3452,10,True,nid007071,57248609
SparseHNSW_a1.0_b1_p128,"M=32 efC=200 ef=200 alpha=1 beta=1 q=u8 seedT=8 seedH=8 seedS=4 pat=128",64,0.9738702202,0.9136,317.8702,0.8527,0.0000,0.138491,"0.139401;0.138491;0.136806",40.119061,24925.81,,3.56,0,3452,10,True,nid007071,57248609
SparseHNSW_a1.0_b1_p128,"M=32 efC=200 ef=400 alpha=1 beta=1 q=u8 seedT=8 seedH=8 seedS=4 pat=128",64,0.9756952491,0.9168,317.8702,0.8527,0.0000,0.143205,"0.144001;0.143205;0.142946",41.484647,24105.30,,3.56,0,3452,10,True,nid007071,57248609
SparseHNSW_a1.0_b1_p128,"M=32 efC=200 ef=800 alpha=1 beta=1 q=u8 seedT=8 seedH=8 seedS=4 pat=128",64,0.9758980301,0.9172,317.8702,0.8527,0.0000,0.143758,"0.147234;0.142093;0.143758",41.644844,24012.58,,3.56,0,3452,10,True,nid007071,57248609
SparseHNSW_a1.0_b1_p128,"M=32 efC=200 ef=1600 alpha=1 beta=1 q=u8 seedT=8 seedH=8 seedS=4 pat=128",64,0.9758980301,0.9172,317.8702,0.8527,0.0000,0.139110,"0.136307;0.140794;0.139110",40.298378,24814.89,,3.56,0,3452,10,True,nid007071,57248609
SparseHNSW_a1.0_b1_p128,"M=32 efC=200 ef=3200 alpha=1 beta=1 q=u8 seedT=8 seedH=8 seedS=4 pat=128",64,0.9758980301,0.9172,317.8702,0.8527,0.0000,0.139113,"0.139113;0.138702;0.139143",40.299247,24814.36,,3.56,0,3452,10,True,nid007071,57248609
SparseHNSW_a1.0_b1_p256,"M=32 efC=200 ef=10 alpha=1 beta=1 q=u8 seedT=8 seedH=8 seedS=4 pat=256",64,0.9155272306,0.8030,317.8702,0.8527,0.0000,0.040379,"0.040155;0.040908;0.040379",11.697277,85489.98,,3.56,0,3452,10,True,nid007071,57248609
SparseHNSW_a1.0_b1_p256,"M=32 efC=200 ef=20 alpha=1 beta=1 q=u8 seedT=8 seedH=8 seedS=4 pat=256",64,0.9155272306,0.8030,317.8702,0.8527,0.0000,0.039837,"0.040129;0.039837;0.039790",11.540267,86653.11,,3.56,0,3452,10,True,nid007071,57248609
SparseHNSW_a1.0_b1_p256,"M=32 efC=200 ef=50 alpha=1 beta=1 q=u8 seedT=8 seedH=8 seedS=4 pat=256",64,0.9377172654,0.8452,317.8702,0.8527,0.0000,0.057310,"0.057293;0.057606;0.057310",16.601970,60233.82,,3.56,0,3452,10,True,nid007071,57248609
SparseHNSW_a1.0_b1_p256,"M=32 efC=200 ef=100 alpha=1 beta=1 q=u8 seedT=8 seedH=8 seedS=4 pat=256",64,0.9613557358,0.8888,317.8702,0.8527,0.0000,0.100649,"0.100649;0.101154;0.099810",29.156721,34297.41,,3.56,0,3452,10,True,nid007071,57248609
SparseHNSW_a1.0_b1_p256,"M=32 efC=200 ef=200 alpha=1 beta=1 q=u8 seedT=8 seedH=8 seedS=4 pat=256",64,0.9754345307,0.9184,317.8702,0.8527,0.0000,0.165358,"0.166225;0.163353;0.165358",47.902086,20875.92,,3.56,0,3452,10,True,nid007071,57248609
SparseHNSW_a1.0_b1_p256,"M=32 efC=200 ef=400 alpha=1 beta=1 q=u8 seedT=8 seedH=8 seedS=4 pat=256",64,0.9814310545,0.9313,317.8702,0.8527,0.0000,0.220554,"0.220142;0.223047;0.220554",63.891657,15651.50,,3.56,0,3452,10,True,nid007071,57248609
SparseHNSW_a1.0_b1_p256,"M=32 efC=200 ef=800 alpha=1 beta=1 q=u8 seedT=8 seedH=8 seedS=4 pat=256",64,0.9823001159,0.9328,317.8702,0.8527,0.0000,0.225435,"0.223715;0.225435;0.228333",65.305620,15312.62,,3.56,0,3452,10,True,nid007071,57248609
SparseHNSW_a1.0_b1_p256,"M=32 efC=200 ef=1600 alpha=1 beta=1 q=u8 seedT=8 seedH=8 seedS=4 pat=256",64,0.9823290846,0.9329,317.8702,0.8527,0.0000,0.228065,"0.226972;0.228621;0.228065",66.067497,15136.04,,3.56,0,3452,10,True,nid007071,57248609
SparseHNSW_a1.0_b1_p256,"M=32 efC=200 ef=3200 alpha=1 beta=1 q=u8 seedT=8 seedH=8 seedS=4 pat=256",64,0.9823290846,0.9329,317.8702,0.8527,0.0000,0.234145,"0.234145;0.234682;0.233220",67.828795,14743.00,,3.56,0,3452,10,True,nid007071,57248609
